ISO-10303-21;
HEADER;
FILE_DESCRIPTION(('Open CASCADE Model'),'2;1');
FILE_NAME('Open CASCADE Shape Model','2026-08-21T10:38:20',('Author'),(
    'Open CASCADE'),'Open CASCADE STEP processor 7.7','Open CASCADE 7.7'
  ,'Unknown');
FILE_SCHEMA(('AUTOMOTIVE_DESIGN { 1 0 10303 214 1 1 1 1 }'));
ENDSEC;
DATA;
#1 = APPLICATION_PROTOCOL_DEFINITION('international standard',
  'automotive_design',2000,#2);
#2 = APPLICATION_CONTEXT(
  'core data for automotive mechanical design processes');
#3 = SHAPE_DEFINITION_REPRESENTATION(#4,#10);
#4 = PRODUCT_DEFINITION_SHAPE('','',#5);
#5 = PRODUCT_DEFINITION('design','',#6,#9);
#6 = PRODUCT_DEFINITION_FORMATION('','',#7);
#7 = PRODUCT('Open CASCADE STEP translator 7.7 2',
  'Open CASCADE STEP translator 7.7 2','',(#8));
#8 = PRODUCT_CONTEXT('',#2,'mechanical');
#9 = PRODUCT_DEFINITION_CONTEXT('part definition',#2,'design');
#10 = ADVANCED_BREP_SHAPE_REPRESENTATION('',(#11,#15),#3997);
#11 = AXIS2_PLACEMENT_3D('',#12,#13,#14);
#12 = CARTESIAN_POINT('',(0.,0.,0.));
#13 = DIRECTION('',(0.,0.,1.));
#14 = DIRECTION('',(1.,0.,-0.));
#15 = MANIFOLD_SOLID_BREP('',#16);
#16 = CLOSED_SHELL('',(#17,#300,#436,#572,#708,#844,#980,#1116,#1252,
    #1388,#1524,#1660,#1796,#1932,#2068,#2204,#2340,#2476,#2612,#2748,
    #2884,#3020,#3156,#3292,#3428,#3564,#3700,#3836,#3967));
#17 = ADVANCED_FACE('',(#18),#32,.T.);
#18 = FACE_BOUND('',#19,.T.);
#19 = EDGE_LOOP('',(#20,#49,#90,#126,#174,#175,#230,#266));
#20 = ORIENTED_EDGE('',*,*,#21,.T.);
#21 = EDGE_CURVE('',#22,#24,#26,.T.);
#22 = VERTEX_POINT('',#23);
#23 = CARTESIAN_POINT('',(-1.919935222806E-16,-55.88,4.7625));
#24 = VERTEX_POINT('',#25);
#25 = CARTESIAN_POINT('',(5.635455971115E-35,55.88,4.7625));
#26 = SEAM_CURVE('',#27,(#31,#42),.PCURVE_S1.);
#27 = LINE('',#28,#29);
#28 = CARTESIAN_POINT('',(0.,-55.88,4.7625));
#29 = VECTOR('',#30,1.);
#30 = DIRECTION('',(0.,1.,0.));
#31 = PCURVE('',#32,#37);
#32 = CYLINDRICAL_SURFACE('',#33,4.7625);
#33 = AXIS2_PLACEMENT_3D('',#34,#35,#36);
#34 = CARTESIAN_POINT('',(0.,-55.88,0.));
#35 = DIRECTION('',(0.,1.,0.));
#36 = DIRECTION('',(0.,-0.,1.));
#37 = DEFINITIONAL_REPRESENTATION('',(#38),#41);
#38 = B_SPLINE_CURVE_WITH_KNOTS('',1,(#39,#40),.UNSPECIFIED.,.F.,.F.,(2,
    2),(-27.70713503993,139.46713503993),.PIECEWISE_BEZIER_KNOTS.);
#39 = CARTESIAN_POINT('',(6.28318530718,-27.70713503993));
#40 = CARTESIAN_POINT('',(6.28318530718,139.46713503993));
#41 = ( GEOMETRIC_REPRESENTATION_CONTEXT(2) 
PARAMETRIC_REPRESENTATION_CONTEXT() REPRESENTATION_CONTEXT('2D SPACE',''
  ) );
#42 = PCURVE('',#32,#43);
#43 = DEFINITIONAL_REPRESENTATION('',(#44),#48);
#44 = LINE('',#45,#46);
#45 = CARTESIAN_POINT('',(0.,0.));
#46 = VECTOR('',#47,1.);
#47 = DIRECTION('',(0.,1.));
#48 = ( GEOMETRIC_REPRESENTATION_CONTEXT(2) 
PARAMETRIC_REPRESENTATION_CONTEXT() REPRESENTATION_CONTEXT('2D SPACE',''
  ) );
#49 = ORIENTED_EDGE('',*,*,#50,.F.);
#50 = EDGE_CURVE('',#51,#24,#53,.T.);
#51 = VERTEX_POINT('',#52);
#52 = CARTESIAN_POINT('',(-4.7625,60.917460361957,-5.832380380939E-16));
#53 = SURFACE_CURVE('',#54,(#59,#72),.PCURVE_S1.);
#54 = ELLIPSE('',#55,6.932345429094,4.7625);
#55 = AXIS2_PLACEMENT_3D('',#56,#57,#58);
#56 = CARTESIAN_POINT('',(0.,55.88,0.));
#57 = DIRECTION('',(0.726660322034,0.686996926035,0.));
#58 = DIRECTION('',(-0.686996926035,0.726660322034,0.));
#59 = PCURVE('',#32,#60);
#60 = DEFINITIONAL_REPRESENTATION('',(#61),#71);
#61 = B_SPLINE_CURVE_WITH_KNOTS('',8,(#62,#63,#64,#65,#66,#67,#68,#69,
    #70),.UNSPECIFIED.,.F.,.F.,(9,9),(0.,1.570796326795),
  .PIECEWISE_BEZIER_KNOTS.);
#62 = CARTESIAN_POINT('',(4.712388980385,116.79746036195));
#63 = CARTESIAN_POINT('',(4.908738521234,116.79746036195));
#64 = CARTESIAN_POINT('',(5.105088062083,116.5755059494));
#65 = CARTESIAN_POINT('',(5.301437602936,116.1315990096));
#66 = CARTESIAN_POINT('',(5.497787143782,115.48398665316));
#67 = CARTESIAN_POINT('',(5.694136684633,114.6692001617));
#68 = CARTESIAN_POINT('',(5.890486225481,113.73820629308));
#69 = CARTESIAN_POINT('',(6.08683576633,112.74910302911));
#70 = CARTESIAN_POINT('',(6.28318530718,111.76));
#71 = ( GEOMETRIC_REPRESENTATION_CONTEXT(2) 
PARAMETRIC_REPRESENTATION_CONTEXT() REPRESENTATION_CONTEXT('2D SPACE',''
  ) );
#72 = PCURVE('',#73,#78);
#73 = CYLINDRICAL_SURFACE('',#74,4.7625);
#74 = AXIS2_PLACEMENT_3D('',#75,#76,#77);
#75 = CARTESIAN_POINT('',(0.,55.88,0.));
#76 = DIRECTION('',(0.998426815018,-5.607044723719E-02,0.));
#77 = DIRECTION('',(6.225070152376E-18,1.108476438436E-16,1.));
#78 = DEFINITIONAL_REPRESENTATION('',(#79),#89);
#79 = B_SPLINE_CURVE_WITH_KNOTS('',8,(#80,#81,#82,#83,#84,#85,#86,#87,
    #88),.UNSPECIFIED.,.F.,.F.,(9,9),(0.,1.570796326795),
  .PIECEWISE_BEZIER_KNOTS.);
#80 = CARTESIAN_POINT('',(4.712388980385,-5.037460361957));
#81 = CARTESIAN_POINT('',(4.908738521234,-5.037460361957));
#82 = CARTESIAN_POINT('',(5.105088062084,-4.815505949407));
#83 = CARTESIAN_POINT('',(5.301437602933,-4.371599009828));
#84 = CARTESIAN_POINT('',(5.497787143783,-3.72398665324));
#85 = CARTESIAN_POINT('',(5.694136684632,-2.909200161859));
#86 = CARTESIAN_POINT('',(5.890486225481,-1.978206293075));
#87 = CARTESIAN_POINT('',(6.08683576633,-0.989103029117));
#88 = CARTESIAN_POINT('',(6.28318530718,-4.440892098501E-16));
#89 = ( GEOMETRIC_REPRESENTATION_CONTEXT(2) 
PARAMETRIC_REPRESENTATION_CONTEXT() REPRESENTATION_CONTEXT('2D SPACE',''
  ) );
#90 = ORIENTED_EDGE('',*,*,#91,.F.);
#91 = EDGE_CURVE('',#92,#51,#94,.T.);
#92 = VERTEX_POINT('',#93);
#93 = CARTESIAN_POINT('',(5.832380380939E-16,55.88,-4.7625));
#94 = SURFACE_CURVE('',#95,(#100,#113),.PCURVE_S1.);
#95 = ELLIPSE('',#96,6.932345429094,4.7625);
#96 = AXIS2_PLACEMENT_3D('',#97,#98,#99);
#97 = CARTESIAN_POINT('',(0.,55.88,0.));
#98 = DIRECTION('',(0.726660322034,0.686996926035,0.));
#99 = DIRECTION('',(-0.686996926035,0.726660322034,0.));
#100 = PCURVE('',#32,#101);
#101 = DEFINITIONAL_REPRESENTATION('',(#102),#112);
#102 = B_SPLINE_CURVE_WITH_KNOTS('',8,(#103,#104,#105,#106,#107,#108,
    #109,#110,#111),.UNSPECIFIED.,.F.,.F.,(9,9),(4.712388980385,
    6.28318530718),.PIECEWISE_BEZIER_KNOTS.);
#103 = CARTESIAN_POINT('',(3.14159265359,111.76));
#104 = CARTESIAN_POINT('',(3.337942194439,112.74910302911));
#105 = CARTESIAN_POINT('',(3.534291735284,113.7382062929));
#106 = CARTESIAN_POINT('',(3.730641276131,114.66920016227));
#107 = CARTESIAN_POINT('',(3.926990816972,115.48398665233));
#108 = CARTESIAN_POINT('',(4.123340357833,116.13159901035));
#109 = CARTESIAN_POINT('',(4.319689898683,116.57550594921));
#110 = CARTESIAN_POINT('',(4.516039439535,116.79746036195));
#111 = CARTESIAN_POINT('',(4.712388980385,116.79746036195));
#112 = ( GEOMETRIC_REPRESENTATION_CONTEXT(2) 
PARAMETRIC_REPRESENTATION_CONTEXT() REPRESENTATION_CONTEXT('2D SPACE',''
  ) );
#113 = PCURVE('',#73,#114);
#114 = DEFINITIONAL_REPRESENTATION('',(#115),#125);
#115 = B_SPLINE_CURVE_WITH_KNOTS('',8,(#116,#117,#118,#119,#120,#121,
    #122,#123,#124),.UNSPECIFIED.,.F.,.F.,(9,9),(4.712388980385,
    6.28318530718),.PIECEWISE_BEZIER_KNOTS.);
#116 = CARTESIAN_POINT('',(3.14159265359,8.881784197001E-16));
#117 = CARTESIAN_POINT('',(3.337942194439,-0.989103029117));
#118 = CARTESIAN_POINT('',(3.534291735284,-1.97820629308));
#119 = CARTESIAN_POINT('',(3.730641276139,-2.90920016184));
#120 = CARTESIAN_POINT('',(3.926990816972,-3.723986653271));
#121 = CARTESIAN_POINT('',(4.123340357833,-4.371599009807));
#122 = CARTESIAN_POINT('',(4.319689898683,-4.81550594941));
#123 = CARTESIAN_POINT('',(4.516039439535,-5.037460361957));
#124 = CARTESIAN_POINT('',(4.712388980385,-5.037460361957));
#125 = ( GEOMETRIC_REPRESENTATION_CONTEXT(2) 
PARAMETRIC_REPRESENTATION_CONTEXT() REPRESENTATION_CONTEXT('2D SPACE',''
  ) );
#126 = ORIENTED_EDGE('',*,*,#127,.F.);
#127 = EDGE_CURVE('',#24,#92,#128,.T.);
#128 = SURFACE_CURVE('',#129,(#134,#154),.PCURVE_S1.);
#129 = ELLIPSE('',#130,6.932345429094,4.7625);
#130 = AXIS2_PLACEMENT_3D('',#131,#132,#133);
#131 = CARTESIAN_POINT('',(0.,55.88,0.));
#132 = DIRECTION('',(0.726660322034,0.686996926035,0.));
#133 = DIRECTION('',(-0.686996926035,0.726660322034,0.));
#134 = PCURVE('',#32,#135);
#135 = DEFINITIONAL_REPRESENTATION('',(#136),#153);
#136 = B_SPLINE_CURVE_WITH_KNOTS('',8,(#137,#138,#139,#140,#141,#142,
    #143,#144,#145,#146,#147,#148,#149,#150,#151,#152),.UNSPECIFIED.,.F.
  ,.F.,(9,7,9),(1.570796326795,3.14159265359,4.712388980385),
  .UNSPECIFIED.);
#137 = CARTESIAN_POINT('',(0.,111.76));
#138 = CARTESIAN_POINT('',(0.196349540849,110.77089697088));
#139 = CARTESIAN_POINT('',(0.392699081699,109.78179370689));
#140 = CARTESIAN_POINT('',(0.589048622545,108.85079983822));
#141 = CARTESIAN_POINT('',(0.785398163398,108.03601334643));
#142 = CARTESIAN_POINT('',(0.981747704244,107.38840099017));
#143 = CARTESIAN_POINT('',(1.178097245096,106.94449405052));
#144 = CARTESIAN_POINT('',(1.374446785946,106.72253963804));
#145 = CARTESIAN_POINT('',(1.767145867644,106.72253963804));
#146 = CARTESIAN_POINT('',(1.963495408492,106.94449405059));
#147 = CARTESIAN_POINT('',(2.159844949347,107.38840098986));
#148 = CARTESIAN_POINT('',(2.356194490185,108.03601334695));
#149 = CARTESIAN_POINT('',(2.552544031047,108.85079983784));
#150 = CARTESIAN_POINT('',(2.748893571889,109.7817937069));
#151 = CARTESIAN_POINT('',(2.94524311274,110.77089697088));
#152 = CARTESIAN_POINT('',(3.14159265359,111.76));
#153 = ( GEOMETRIC_REPRESENTATION_CONTEXT(2) 
PARAMETRIC_REPRESENTATION_CONTEXT() REPRESENTATION_CONTEXT('2D SPACE',''
  ) );
#154 = PCURVE('',#73,#155);
#155 = DEFINITIONAL_REPRESENTATION('',(#156),#173);
#156 = B_SPLINE_CURVE_WITH_KNOTS('',8,(#157,#158,#159,#160,#161,#162,
    #163,#164,#165,#166,#167,#168,#169,#170,#171,#172),.UNSPECIFIED.,.F.
  ,.F.,(9,7,9),(1.570796326795,3.14159265359,4.712388980385),
  .UNSPECIFIED.);
#157 = CARTESIAN_POINT('',(0.,-4.440892098501E-16));
#158 = CARTESIAN_POINT('',(0.196349540849,0.989103029117));
#159 = CARTESIAN_POINT('',(0.392699081699,1.978206293077));
#160 = CARTESIAN_POINT('',(0.589048622545,2.909200161855));
#161 = CARTESIAN_POINT('',(0.785398163398,3.723986653242));
#162 = CARTESIAN_POINT('',(0.981747704245,4.371599009822));
#163 = CARTESIAN_POINT('',(1.178097245096,4.815505949406));
#164 = CARTESIAN_POINT('',(1.374446785946,5.037460361957));
#165 = CARTESIAN_POINT('',(1.767145867644,5.037460361957));
#166 = CARTESIAN_POINT('',(1.963495408491,4.815505949401));
#167 = CARTESIAN_POINT('',(2.159844949346,4.37159900984));
#168 = CARTESIAN_POINT('',(2.356194490185,3.72398665323));
#169 = CARTESIAN_POINT('',(2.552544031043,2.909200161872));
#170 = CARTESIAN_POINT('',(2.748893571889,1.978206293072));
#171 = CARTESIAN_POINT('',(2.94524311274,0.989103029117));
#172 = CARTESIAN_POINT('',(3.14159265359,8.881784197001E-16));
#173 = ( GEOMETRIC_REPRESENTATION_CONTEXT(2) 
PARAMETRIC_REPRESENTATION_CONTEXT() REPRESENTATION_CONTEXT('2D SPACE',''
  ) );
#174 = ORIENTED_EDGE('',*,*,#21,.F.);
#175 = ORIENTED_EDGE('',*,*,#176,.T.);
#176 = EDGE_CURVE('',#22,#177,#179,.T.);
#177 = VERTEX_POINT('',#178);
#178 = CARTESIAN_POINT('',(-9.236802551433E-17,-55.88,-4.7625));
#179 = SURFACE_CURVE('',#180,(#185,#205),.PCURVE_S1.);
#180 = ELLIPSE('',#181,6.932345429094,4.7625);
#181 = AXIS2_PLACEMENT_3D('',#182,#183,#184);
#182 = CARTESIAN_POINT('',(-3.839870445613E-16,-55.88,0.));
#183 = DIRECTION('',(-0.726660322034,0.686996926035,0.));
#184 = DIRECTION('',(-0.686996926035,-0.726660322034,0.));
#185 = PCURVE('',#32,#186);
#186 = DEFINITIONAL_REPRESENTATION('',(#187),#204);
#187 = B_SPLINE_CURVE_WITH_KNOTS('',8,(#188,#189,#190,#191,#192,#193,
    #194,#195,#196,#197,#198,#199,#200,#201,#202,#203),.UNSPECIFIED.,.F.
  ,.F.,(9,7,9),(1.570796326795,3.14159265359,4.712388980385),
  .UNSPECIFIED.);
#188 = CARTESIAN_POINT('',(0.,1.42108547152E-14));
#189 = CARTESIAN_POINT('',(0.196349540849,0.989103029117));
#190 = CARTESIAN_POINT('',(0.392699081699,1.978206293071));
#191 = CARTESIAN_POINT('',(0.589048622545,2.909200161862));
#192 = CARTESIAN_POINT('',(0.785398163398,3.723986653237));
#193 = CARTESIAN_POINT('',(0.981747704244,4.371599009836));
#194 = CARTESIAN_POINT('',(1.178097245096,4.815505949403));
#195 = CARTESIAN_POINT('',(1.374446785946,5.037460361957));
#196 = CARTESIAN_POINT('',(1.767145867644,5.037460361957));
#197 = CARTESIAN_POINT('',(1.963495408492,4.815505949406));
#198 = CARTESIAN_POINT('',(2.159844949347,4.371599009832));
#199 = CARTESIAN_POINT('',(2.356194490185,3.723986653244));
#200 = CARTESIAN_POINT('',(2.552544031047,2.909200161863));
#201 = CARTESIAN_POINT('',(2.748893571889,1.978206293075));
#202 = CARTESIAN_POINT('',(2.94524311274,0.989103029117));
#203 = CARTESIAN_POINT('',(3.14159265359,1.42108547152E-14));
#204 = ( GEOMETRIC_REPRESENTATION_CONTEXT(2) 
PARAMETRIC_REPRESENTATION_CONTEXT() REPRESENTATION_CONTEXT('2D SPACE',''
  ) );
#205 = PCURVE('',#206,#211);
#206 = CYLINDRICAL_SURFACE('',#207,4.7625);
#207 = AXIS2_PLACEMENT_3D('',#208,#209,#210);
#208 = CARTESIAN_POINT('',(6.256574924653,-55.52863828883,0.));
#209 = DIRECTION('',(-0.998426815018,-5.607044723719E-02,0.));
#210 = DIRECTION('',(6.225070152376E-18,-1.108476438436E-16,1.));
#211 = DEFINITIONAL_REPRESENTATION('',(#212),#229);
#212 = B_SPLINE_CURVE_WITH_KNOTS('',8,(#213,#214,#215,#216,#217,#218,
    #219,#220,#221,#222,#223,#224,#225,#226,#227,#228),.UNSPECIFIED.,.F.
  ,.F.,(9,7,9),(1.570796326795,3.14159265359,4.712388980385),
  .UNSPECIFIED.);
#213 = CARTESIAN_POINT('',(0.,6.266433183229));
#214 = CARTESIAN_POINT('',(0.196349540849,5.277330154111));
#215 = CARTESIAN_POINT('',(0.392699081699,4.288226890149));
#216 = CARTESIAN_POINT('',(0.589048622545,3.357233021371));
#217 = CARTESIAN_POINT('',(0.785398163398,2.542446529956));
#218 = CARTESIAN_POINT('',(0.981747704245,1.8948341734));
#219 = CARTESIAN_POINT('',(1.178097245096,1.450927233818));
#220 = CARTESIAN_POINT('',(1.374446785946,1.228972821272));
#221 = CARTESIAN_POINT('',(1.767145867644,1.228972821272));
#222 = CARTESIAN_POINT('',(1.963495408491,1.450927233824));
#223 = CARTESIAN_POINT('',(2.159844949346,1.894834173376));
#224 = CARTESIAN_POINT('',(2.356194490185,2.542446529991));
#225 = CARTESIAN_POINT('',(2.552544031043,3.357233021349));
#226 = CARTESIAN_POINT('',(2.748893571889,4.288226890155));
#227 = CARTESIAN_POINT('',(2.94524311274,5.277330154111));
#228 = CARTESIAN_POINT('',(3.14159265359,6.266433183229));
#229 = ( GEOMETRIC_REPRESENTATION_CONTEXT(2) 
PARAMETRIC_REPRESENTATION_CONTEXT() REPRESENTATION_CONTEXT('2D SPACE',''
  ) );
#230 = ORIENTED_EDGE('',*,*,#231,.T.);
#231 = EDGE_CURVE('',#177,#232,#234,.T.);
#232 = VERTEX_POINT('',#233);
#233 = CARTESIAN_POINT('',(-4.7625,-60.91746036195,-5.832380380939E-16)
  );
#234 = SURFACE_CURVE('',#235,(#240,#253),.PCURVE_S1.);
#235 = ELLIPSE('',#236,6.932345429094,4.7625);
#236 = AXIS2_PLACEMENT_3D('',#237,#238,#239);
#237 = CARTESIAN_POINT('',(-3.839870445613E-16,-55.88,0.));
#238 = DIRECTION('',(-0.726660322034,0.686996926035,0.));
#239 = DIRECTION('',(-0.686996926035,-0.726660322034,0.));
#240 = PCURVE('',#32,#241);
#241 = DEFINITIONAL_REPRESENTATION('',(#242),#252);
#242 = B_SPLINE_CURVE_WITH_KNOTS('',8,(#243,#244,#245,#246,#247,#248,
    #249,#250,#251),.UNSPECIFIED.,.F.,.F.,(9,9),(4.712388980385,
    6.28318530718),.PIECEWISE_BEZIER_KNOTS.);
#243 = CARTESIAN_POINT('',(3.14159265359,1.42108547152E-14));
#244 = CARTESIAN_POINT('',(3.337942194439,-0.989103029117));
#245 = CARTESIAN_POINT('',(3.534291735286,-1.97820629308));
#246 = CARTESIAN_POINT('',(3.730641276141,-2.909200161833));
#247 = CARTESIAN_POINT('',(3.926990816975,-3.723986653274));
#248 = CARTESIAN_POINT('',(4.123340357835,-4.371599009809));
#249 = CARTESIAN_POINT('',(4.319689898684,-4.815505949411));
#250 = CARTESIAN_POINT('',(4.516039439535,-5.037460361957));
#251 = CARTESIAN_POINT('',(4.712388980385,-5.037460361957));
#252 = ( GEOMETRIC_REPRESENTATION_CONTEXT(2) 
PARAMETRIC_REPRESENTATION_CONTEXT() REPRESENTATION_CONTEXT('2D SPACE',''
  ) );
#253 = PCURVE('',#206,#254);
#254 = DEFINITIONAL_REPRESENTATION('',(#255),#265);
#255 = B_SPLINE_CURVE_WITH_KNOTS('',8,(#256,#257,#258,#259,#260,#261,
    #262,#263,#264),.UNSPECIFIED.,.F.,.F.,(9,9),(4.712388980385,
    6.28318530718),.PIECEWISE_BEZIER_KNOTS.);
#256 = CARTESIAN_POINT('',(3.14159265359,6.266433183229));
#257 = CARTESIAN_POINT('',(3.337942194439,7.255536212346));
#258 = CARTESIAN_POINT('',(3.534291735284,8.244639476294));
#259 = CARTESIAN_POINT('',(3.730641276139,9.17563334511));
#260 = CARTESIAN_POINT('',(3.926990816972,9.990419836413));
#261 = CARTESIAN_POINT('',(4.123340357833,10.63803219307));
#262 = CARTESIAN_POINT('',(4.319689898683,11.081939132627));
#263 = CARTESIAN_POINT('',(4.516039439535,11.303893545185));
#264 = CARTESIAN_POINT('',(4.712388980385,11.303893545185));
#265 = ( GEOMETRIC_REPRESENTATION_CONTEXT(2) 
PARAMETRIC_REPRESENTATION_CONTEXT() REPRESENTATION_CONTEXT('2D SPACE',''
  ) );
#266 = ORIENTED_EDGE('',*,*,#267,.T.);
#267 = EDGE_CURVE('',#232,#22,#268,.T.);
#268 = SURFACE_CURVE('',#269,(#274,#287),.PCURVE_S1.);
#269 = ELLIPSE('',#270,6.932345429094,4.7625);
#270 = AXIS2_PLACEMENT_3D('',#271,#272,#273);
#271 = CARTESIAN_POINT('',(-3.839870445613E-16,-55.88,0.));
#272 = DIRECTION('',(-0.726660322034,0.686996926035,0.));
#273 = DIRECTION('',(-0.686996926035,-0.726660322034,0.));
#274 = PCURVE('',#32,#275);
#275 = DEFINITIONAL_REPRESENTATION('',(#276),#286);
#276 = B_SPLINE_CURVE_WITH_KNOTS('',8,(#277,#278,#279,#280,#281,#282,
    #283,#284,#285),.UNSPECIFIED.,.F.,.F.,(9,9),(0.,1.570796326795),
  .PIECEWISE_BEZIER_KNOTS.);
#277 = CARTESIAN_POINT('',(4.712388980385,-5.037460361957));
#278 = CARTESIAN_POINT('',(4.908738521234,-5.037460361957));
#279 = CARTESIAN_POINT('',(5.105088062082,-4.815505949404));
#280 = CARTESIAN_POINT('',(5.301437602924,-4.371599009828));
#281 = CARTESIAN_POINT('',(5.497787143794,-3.723986653243));
#282 = CARTESIAN_POINT('',(5.694136684619,-2.909200161855));
#283 = CARTESIAN_POINT('',(5.890486225481,-1.978206293074));
#284 = CARTESIAN_POINT('',(6.08683576633,-0.989103029117));
#285 = CARTESIAN_POINT('',(6.28318530718,1.42108547152E-14));
#286 = ( GEOMETRIC_REPRESENTATION_CONTEXT(2) 
PARAMETRIC_REPRESENTATION_CONTEXT() REPRESENTATION_CONTEXT('2D SPACE',''
  ) );
#287 = PCURVE('',#206,#288);
#288 = DEFINITIONAL_REPRESENTATION('',(#289),#299);
#289 = B_SPLINE_CURVE_WITH_KNOTS('',8,(#290,#291,#292,#293,#294,#295,
    #296,#297,#298),.UNSPECIFIED.,.F.,.F.,(9,9),(0.,1.570796326795),
  .PIECEWISE_BEZIER_KNOTS.);
#290 = CARTESIAN_POINT('',(4.712388980385,11.303893545185));
#291 = CARTESIAN_POINT('',(4.908738521234,11.303893545185));
#292 = CARTESIAN_POINT('',(5.105088062084,11.08193913264));
#293 = CARTESIAN_POINT('',(5.301437602933,10.638032193017));
#294 = CARTESIAN_POINT('',(5.497787143783,9.990419836487));
#295 = CARTESIAN_POINT('',(5.694136684632,9.175633345051));
#296 = CARTESIAN_POINT('',(5.890486225481,8.24463947631));
#297 = CARTESIAN_POINT('',(6.08683576633,7.255536212346));
#298 = CARTESIAN_POINT('',(6.28318530718,6.266433183229));
#299 = ( GEOMETRIC_REPRESENTATION_CONTEXT(2) 
PARAMETRIC_REPRESENTATION_CONTEXT() REPRESENTATION_CONTEXT('2D SPACE',''
  ) );
#300 = ADVANCED_FACE('',(#301),#73,.T.);
#301 = FACE_BOUND('',#302,.T.);
#302 = EDGE_LOOP('',(#303,#325,#364,#398,#432,#433,#434,#435));
#303 = ORIENTED_EDGE('',*,*,#304,.T.);
#304 = EDGE_CURVE('',#24,#305,#307,.T.);
#305 = VERTEX_POINT('',#306);
#306 = CARTESIAN_POINT('',(6.256574924653,55.528638288834,4.7625));
#307 = SEAM_CURVE('',#308,(#312,#318),.PCURVE_S1.);
#308 = LINE('',#309,#310);
#309 = CARTESIAN_POINT('',(2.964689660069E-17,55.88,4.7625));
#310 = VECTOR('',#311,1.);
#311 = DIRECTION('',(0.998426815018,-5.607044723719E-02,0.));
#312 = PCURVE('',#73,#313);
#313 = DEFINITIONAL_REPRESENTATION('',(#314),#317);
#314 = B_SPLINE_CURVE_WITH_KNOTS('',1,(#315,#316),.UNSPECIFIED.,.F.,.F.,
  (2,2),(-27.70713503993,7.746970260505),.PIECEWISE_BEZIER_KNOTS.);
#315 = CARTESIAN_POINT('',(6.28318530718,-27.70713503993));
#316 = CARTESIAN_POINT('',(6.28318530718,7.746970260505));
#317 = ( GEOMETRIC_REPRESENTATION_CONTEXT(2) 
PARAMETRIC_REPRESENTATION_CONTEXT() REPRESENTATION_CONTEXT('2D SPACE',''
  ) );
#318 = PCURVE('',#73,#319);
#319 = DEFINITIONAL_REPRESENTATION('',(#320),#324);
#320 = LINE('',#321,#322);
#321 = CARTESIAN_POINT('',(0.,0.));
#322 = VECTOR('',#323,1.);
#323 = DIRECTION('',(0.,1.));
#324 = ( GEOMETRIC_REPRESENTATION_CONTEXT(2) 
PARAMETRIC_REPRESENTATION_CONTEXT() REPRESENTATION_CONTEXT('2D SPACE',''
  ) );
#325 = ORIENTED_EDGE('',*,*,#326,.F.);
#326 = EDGE_CURVE('',#327,#305,#329,.T.);
#327 = VERTEX_POINT('',#328);
#328 = CARTESIAN_POINT('',(6.790645934587,60.268649603066,
    -5.832380380939E-16));
#329 = SURFACE_CURVE('',#330,(#335,#347),.PCURVE_S1.);
#330 = ELLIPSE('',#331,4.770004098813,4.7625);
#331 = AXIS2_PLACEMENT_3D('',#332,#333,#334);
#332 = CARTESIAN_POINT('',(6.256574924653,55.528638288834,0.));
#333 = DIRECTION('',(0.993712209893,-0.111964476103,0.));
#334 = DIRECTION('',(0.111964476103,0.993712209893,0.));
#335 = PCURVE('',#73,#336);
#336 = DEFINITIONAL_REPRESENTATION('',(#337),#346);
#337 = B_SPLINE_CURVE_WITH_KNOTS('',7,(#338,#339,#340,#341,#342,#343,
    #344,#345),.UNSPECIFIED.,.F.,.F.,(8,8),(0.,1.570796326795),
  .PIECEWISE_BEZIER_KNOTS.);
#338 = CARTESIAN_POINT('',(4.712388980385,6.533889446372));
#339 = CARTESIAN_POINT('',(4.936788455641,6.533889446372));
#340 = CARTESIAN_POINT('',(5.161187930897,6.518176745931));
#341 = CARTESIAN_POINT('',(5.385587406154,6.486753624432));
#342 = CARTESIAN_POINT('',(5.60998688141,6.441549322556));
#343 = CARTESIAN_POINT('',(5.834386356667,6.386467029731));
#344 = CARTESIAN_POINT('',(6.058785831923,6.326450228332));
#345 = CARTESIAN_POINT('',(6.28318530718,6.266433183228));
#346 = ( GEOMETRIC_REPRESENTATION_CONTEXT(2) 
PARAMETRIC_REPRESENTATION_CONTEXT() REPRESENTATION_CONTEXT('2D SPACE',''
  ) );
#347 = PCURVE('',#348,#353);
#348 = CYLINDRICAL_SURFACE('',#349,4.7625);
#349 = AXIS2_PLACEMENT_3D('',#350,#351,#352);
#350 = CARTESIAN_POINT('',(6.256574924653,55.528638288834,0.));
#351 = DIRECTION('',(0.985871018518,-0.167506223305,0.));
#352 = DIRECTION('',(1.859692658809E-17,1.09453670407E-16,1.));
#353 = DEFINITIONAL_REPRESENTATION('',(#354),#363);
#354 = B_SPLINE_CURVE_WITH_KNOTS('',7,(#355,#356,#357,#358,#359,#360,
    #361,#362),.UNSPECIFIED.,.F.,.F.,(8,8),(0.,1.570796326795),
  .PIECEWISE_BEZIER_KNOTS.);
#355 = CARTESIAN_POINT('',(4.712388980385,-0.267456263144));
#356 = CARTESIAN_POINT('',(4.936788455641,-0.267456263144));
#357 = CARTESIAN_POINT('',(5.161187930897,-0.251743562703));
#358 = CARTESIAN_POINT('',(5.385587406154,-0.220320441205));
#359 = CARTESIAN_POINT('',(5.60998688141,-0.175116139327));
#360 = CARTESIAN_POINT('',(5.834386356667,-0.120033846503));
#361 = CARTESIAN_POINT('',(6.058785831923,-6.001704510358E-02));
#362 = CARTESIAN_POINT('',(6.28318530718,-9.769962616701E-14));
#363 = ( GEOMETRIC_REPRESENTATION_CONTEXT(2) 
PARAMETRIC_REPRESENTATION_CONTEXT() REPRESENTATION_CONTEXT('2D SPACE',''
  ) );
#364 = ORIENTED_EDGE('',*,*,#365,.F.);
#365 = EDGE_CURVE('',#366,#327,#368,.T.);
#366 = VERTEX_POINT('',#367);
#367 = CARTESIAN_POINT('',(6.256574924653,55.528638288834,-4.7625));
#368 = SURFACE_CURVE('',#369,(#374,#386),.PCURVE_S1.);
#369 = ELLIPSE('',#370,4.770004098813,4.7625);
#370 = AXIS2_PLACEMENT_3D('',#371,#372,#373);
#371 = CARTESIAN_POINT('',(6.256574924653,55.528638288834,0.));
#372 = DIRECTION('',(0.993712209893,-0.111964476103,0.));
#373 = DIRECTION('',(0.111964476103,0.993712209893,0.));
#374 = PCURVE('',#73,#375);
#375 = DEFINITIONAL_REPRESENTATION('',(#376),#385);
#376 = B_SPLINE_CURVE_WITH_KNOTS('',7,(#377,#378,#379,#380,#381,#382,
    #383,#384),.UNSPECIFIED.,.F.,.F.,(8,8),(4.712388980385,6.28318530718
    ),.PIECEWISE_BEZIER_KNOTS.);
#377 = CARTESIAN_POINT('',(3.14159265359,6.266433183228));
#378 = CARTESIAN_POINT('',(3.365992128846,6.326450228332));
#379 = CARTESIAN_POINT('',(3.590391604102,6.386467029731));
#380 = CARTESIAN_POINT('',(3.814791079361,6.441549322554));
#381 = CARTESIAN_POINT('',(4.039190554615,6.486753624434));
#382 = CARTESIAN_POINT('',(4.263590029872,6.518176745931));
#383 = CARTESIAN_POINT('',(4.487989505128,6.533889446372));
#384 = CARTESIAN_POINT('',(4.712388980385,6.533889446372));
#385 = ( GEOMETRIC_REPRESENTATION_CONTEXT(2) 
PARAMETRIC_REPRESENTATION_CONTEXT() REPRESENTATION_CONTEXT('2D SPACE',''
  ) );
#386 = PCURVE('',#348,#387);
#387 = DEFINITIONAL_REPRESENTATION('',(#388),#397);
#388 = B_SPLINE_CURVE_WITH_KNOTS('',7,(#389,#390,#391,#392,#393,#394,
    #395,#396),.UNSPECIFIED.,.F.,.F.,(8,8),(4.712388980385,6.28318530718
    ),.PIECEWISE_BEZIER_KNOTS.);
#389 = CARTESIAN_POINT('',(3.14159265359,-9.769962616701E-14));
#390 = CARTESIAN_POINT('',(3.365992128846,-6.001704510358E-02));
#391 = CARTESIAN_POINT('',(3.590391604103,-0.120033846503));
#392 = CARTESIAN_POINT('',(3.81479107936,-0.175116139327));
#393 = CARTESIAN_POINT('',(4.039190554616,-0.220320441205));
#394 = CARTESIAN_POINT('',(4.263590029872,-0.251743562703));
#395 = CARTESIAN_POINT('',(4.487989505128,-0.267456263144));
#396 = CARTESIAN_POINT('',(4.712388980385,-0.267456263144));
#397 = ( GEOMETRIC_REPRESENTATION_CONTEXT(2) 
PARAMETRIC_REPRESENTATION_CONTEXT() REPRESENTATION_CONTEXT('2D SPACE',''
  ) );
#398 = ORIENTED_EDGE('',*,*,#399,.F.);
#399 = EDGE_CURVE('',#305,#366,#400,.T.);
#400 = SURFACE_CURVE('',#401,(#406,#419),.PCURVE_S1.);
#401 = ELLIPSE('',#402,4.770004098813,4.7625);
#402 = AXIS2_PLACEMENT_3D('',#403,#404,#405);
#403 = CARTESIAN_POINT('',(6.256574924653,55.528638288834,0.));
#404 = DIRECTION('',(0.993712209893,-0.111964476103,0.));
#405 = DIRECTION('',(0.111964476103,0.993712209893,0.));
#406 = PCURVE('',#73,#407);
#407 = DEFINITIONAL_REPRESENTATION('',(#408),#418);
#408 = B_SPLINE_CURVE_WITH_KNOTS('',8,(#409,#410,#411,#412,#413,#414,
    #415,#416,#417),.UNSPECIFIED.,.F.,.F.,(9,9),(1.570796326795,
    4.712388980385),.PIECEWISE_BEZIER_KNOTS.);
#409 = CARTESIAN_POINT('',(1.49195325094E-15,6.266433183228));
#410 = CARTESIAN_POINT('',(0.392699081699,6.161403354297));
#411 = CARTESIAN_POINT('',(0.785398163396,6.056372687898));
#412 = CARTESIAN_POINT('',(1.178097245098,5.976032027322));
#413 = CARTESIAN_POINT('',(1.570796326784,5.945004634926));
#414 = CARTESIAN_POINT('',(1.963495408499,5.976032027319));
#415 = CARTESIAN_POINT('',(2.356194490191,6.0563726879));
#416 = CARTESIAN_POINT('',(2.748893571891,6.161403354297));
#417 = CARTESIAN_POINT('',(3.14159265359,6.266433183228));
#418 = ( GEOMETRIC_REPRESENTATION_CONTEXT(2) 
PARAMETRIC_REPRESENTATION_CONTEXT() REPRESENTATION_CONTEXT('2D SPACE',''
  ) );
#419 = PCURVE('',#348,#420);
#420 = DEFINITIONAL_REPRESENTATION('',(#421),#431);
#421 = B_SPLINE_CURVE_WITH_KNOTS('',8,(#422,#423,#424,#425,#426,#427,
    #428,#429,#430),.UNSPECIFIED.,.F.,.F.,(9,9),(1.570796326795,
    4.712388980385),.PIECEWISE_BEZIER_KNOTS.);
#422 = CARTESIAN_POINT('',(0.,-9.769962616701E-14));
#423 = CARTESIAN_POINT('',(0.392699081699,0.105029828931));
#424 = CARTESIAN_POINT('',(0.785398163398,0.210060495319));
#425 = CARTESIAN_POINT('',(1.178097245092,0.290401155932));
#426 = CARTESIAN_POINT('',(1.570796326795,0.321428548245));
#427 = CARTESIAN_POINT('',(1.963495408489,0.290401155932));
#428 = CARTESIAN_POINT('',(2.356194490192,0.210060495319));
#429 = CARTESIAN_POINT('',(2.748893571891,0.105029828931));
#430 = CARTESIAN_POINT('',(3.14159265359,-9.769962616701E-14));
#431 = ( GEOMETRIC_REPRESENTATION_CONTEXT(2) 
PARAMETRIC_REPRESENTATION_CONTEXT() REPRESENTATION_CONTEXT('2D SPACE',''
  ) );
#432 = ORIENTED_EDGE('',*,*,#304,.F.);
#433 = ORIENTED_EDGE('',*,*,#127,.T.);
#434 = ORIENTED_EDGE('',*,*,#91,.T.);
#435 = ORIENTED_EDGE('',*,*,#50,.T.);
#436 = ADVANCED_FACE('',(#437),#348,.T.);
#437 = FACE_BOUND('',#438,.T.);
#438 = EDGE_LOOP('',(#439,#461,#500,#534,#568,#569,#570,#571));
#439 = ORIENTED_EDGE('',*,*,#440,.T.);
#440 = EDGE_CURVE('',#305,#441,#443,.T.);
#441 = VERTEX_POINT('',#442);
#442 = CARTESIAN_POINT('',(12.434469789479,54.47897173272,4.7625));
#443 = SEAM_CURVE('',#444,(#448,#454),.PCURVE_S1.);
#444 = LINE('',#445,#446);
#445 = CARTESIAN_POINT('',(6.256574924653,55.528638288834,4.7625));
#446 = VECTOR('',#447,1.);
#447 = DIRECTION('',(0.985871018518,-0.167506223305,0.));
#448 = PCURVE('',#348,#449);
#449 = DEFINITIONAL_REPRESENTATION('',(#450),#453);
#450 = B_SPLINE_CURVE_WITH_KNOTS('',1,(#451,#452),.UNSPECIFIED.,.F.,.F.,
  (2,2),(-1.480537077276,7.746970260505),.PIECEWISE_BEZIER_KNOTS.);
#451 = CARTESIAN_POINT('',(6.28318530718,-1.480537077276));
#452 = CARTESIAN_POINT('',(6.28318530718,7.746970260505));
#453 = ( GEOMETRIC_REPRESENTATION_CONTEXT(2) 
PARAMETRIC_REPRESENTATION_CONTEXT() REPRESENTATION_CONTEXT('2D SPACE',''
  ) );
#454 = PCURVE('',#348,#455);
#455 = DEFINITIONAL_REPRESENTATION('',(#456),#460);
#456 = LINE('',#457,#458);
#457 = CARTESIAN_POINT('',(0.,0.));
#458 = VECTOR('',#459,1.);
#459 = DIRECTION('',(0.,1.));
#460 = ( GEOMETRIC_REPRESENTATION_CONTEXT(2) 
PARAMETRIC_REPRESENTATION_CONTEXT() REPRESENTATION_CONTEXT('2D SPACE',''
  ) );
#461 = ORIENTED_EDGE('',*,*,#462,.F.);
#462 = EDGE_CURVE('',#463,#441,#465,.T.);
#463 = VERTEX_POINT('',#464);
#464 = CARTESIAN_POINT('',(13.495895556522,59.129381869875,
    -5.832380380939E-16));
#465 = SURFACE_CURVE('',#466,(#471,#483),.PCURVE_S1.);
#466 = ELLIPSE('',#467,4.770004098813,4.7625);
#467 = AXIS2_PLACEMENT_3D('',#468,#469,#470);
#468 = CARTESIAN_POINT('',(12.434469789479,54.47897173272,0.));
#469 = DIRECTION('',(0.974927912182,-0.222520933956,0.));
#470 = DIRECTION('',(0.222520933956,0.974927912182,0.));
#471 = PCURVE('',#348,#472);
#472 = DEFINITIONAL_REPRESENTATION('',(#473),#482);
#473 = B_SPLINE_CURVE_WITH_KNOTS('',7,(#474,#475,#476,#477,#478,#479,
    #480,#481),.UNSPECIFIED.,.F.,.F.,(8,8),(0.,1.570796326795),
  .PIECEWISE_BEZIER_KNOTS.);
#474 = CARTESIAN_POINT('',(4.712388980385,6.533889446372));
#475 = CARTESIAN_POINT('',(4.936788455641,6.533889446372));
#476 = CARTESIAN_POINT('',(5.161187930898,6.518176745932));
#477 = CARTESIAN_POINT('',(5.385587406154,6.486753624431));
#478 = CARTESIAN_POINT('',(5.609986881411,6.441549322557));
#479 = CARTESIAN_POINT('',(5.834386356667,6.38646702973));
#480 = CARTESIAN_POINT('',(6.058785831923,6.326450228332));
#481 = CARTESIAN_POINT('',(6.28318530718,6.266433183228));
#482 = ( GEOMETRIC_REPRESENTATION_CONTEXT(2) 
PARAMETRIC_REPRESENTATION_CONTEXT() REPRESENTATION_CONTEXT('2D SPACE',''
  ) );
#483 = PCURVE('',#484,#489);
#484 = CYLINDRICAL_SURFACE('',#485,4.7625);
#485 = AXIS2_PLACEMENT_3D('',#486,#487,#488);
#486 = CARTESIAN_POINT('',(12.434469789479,54.47897173272,0.));
#487 = DIRECTION('',(0.960917321945,-0.276835511425,0.));
#488 = DIRECTION('',(3.073491588177E-17,1.066832535585E-16,1.));
#489 = DEFINITIONAL_REPRESENTATION('',(#490),#499);
#490 = B_SPLINE_CURVE_WITH_KNOTS('',7,(#491,#492,#493,#494,#495,#496,
    #497,#498),.UNSPECIFIED.,.F.,.F.,(8,8),(0.,1.570796326795),
  .PIECEWISE_BEZIER_KNOTS.);
#491 = CARTESIAN_POINT('',(4.712388980385,-0.267456263144));
#492 = CARTESIAN_POINT('',(4.936788455641,-0.267456263144));
#493 = CARTESIAN_POINT('',(5.161187930897,-0.251743562703));
#494 = CARTESIAN_POINT('',(5.385587406154,-0.220320441205));
#495 = CARTESIAN_POINT('',(5.60998688141,-0.175116139327));
#496 = CARTESIAN_POINT('',(5.834386356667,-0.120033846503));
#497 = CARTESIAN_POINT('',(6.058785831923,-6.001704510359E-02));
#498 = CARTESIAN_POINT('',(6.28318530718,-1.043609643148E-13));
#499 = ( GEOMETRIC_REPRESENTATION_CONTEXT(2) 
PARAMETRIC_REPRESENTATION_CONTEXT() REPRESENTATION_CONTEXT('2D SPACE',''
  ) );
#500 = ORIENTED_EDGE('',*,*,#501,.F.);
#501 = EDGE_CURVE('',#502,#463,#504,.T.);
#502 = VERTEX_POINT('',#503);
#503 = CARTESIAN_POINT('',(12.434469789479,54.47897173272,-4.7625));
#504 = SURFACE_CURVE('',#505,(#510,#522),.PCURVE_S1.);
#505 = ELLIPSE('',#506,4.770004098813,4.7625);
#506 = AXIS2_PLACEMENT_3D('',#507,#508,#509);
#507 = CARTESIAN_POINT('',(12.434469789479,54.47897173272,0.));
#508 = DIRECTION('',(0.974927912182,-0.222520933956,0.));
#509 = DIRECTION('',(0.222520933956,0.974927912182,0.));
#510 = PCURVE('',#348,#511);
#511 = DEFINITIONAL_REPRESENTATION('',(#512),#521);
#512 = B_SPLINE_CURVE_WITH_KNOTS('',7,(#513,#514,#515,#516,#517,#518,
    #519,#520),.UNSPECIFIED.,.F.,.F.,(8,8),(4.712388980385,6.28318530718
    ),.PIECEWISE_BEZIER_KNOTS.);
#513 = CARTESIAN_POINT('',(3.14159265359,6.266433183228));
#514 = CARTESIAN_POINT('',(3.365992128846,6.326450228332));
#515 = CARTESIAN_POINT('',(3.590391604103,6.386467029732));
#516 = CARTESIAN_POINT('',(3.81479107936,6.441549322553));
#517 = CARTESIAN_POINT('',(4.039190554616,6.486753624436));
#518 = CARTESIAN_POINT('',(4.263590029872,6.51817674593));
#519 = CARTESIAN_POINT('',(4.487989505128,6.533889446372));
#520 = CARTESIAN_POINT('',(4.712388980385,6.533889446372));
#521 = ( GEOMETRIC_REPRESENTATION_CONTEXT(2) 
PARAMETRIC_REPRESENTATION_CONTEXT() REPRESENTATION_CONTEXT('2D SPACE',''
  ) );
#522 = PCURVE('',#484,#523);
#523 = DEFINITIONAL_REPRESENTATION('',(#524),#533);
#524 = B_SPLINE_CURVE_WITH_KNOTS('',7,(#525,#526,#527,#528,#529,#530,
    #531,#532),.UNSPECIFIED.,.F.,.F.,(8,8),(4.712388980385,6.28318530718
    ),.PIECEWISE_BEZIER_KNOTS.);
#525 = CARTESIAN_POINT('',(3.14159265359,-1.043609643148E-13));
#526 = CARTESIAN_POINT('',(3.365992128846,-6.001704510359E-02));
#527 = CARTESIAN_POINT('',(3.590391604103,-0.120033846503));
#528 = CARTESIAN_POINT('',(3.814791079359,-0.175116139327));
#529 = CARTESIAN_POINT('',(4.039190554616,-0.220320441205));
#530 = CARTESIAN_POINT('',(4.263590029872,-0.251743562703));
#531 = CARTESIAN_POINT('',(4.487989505128,-0.267456263144));
#532 = CARTESIAN_POINT('',(4.712388980385,-0.267456263144));
#533 = ( GEOMETRIC_REPRESENTATION_CONTEXT(2) 
PARAMETRIC_REPRESENTATION_CONTEXT() REPRESENTATION_CONTEXT('2D SPACE',''
  ) );
#534 = ORIENTED_EDGE('',*,*,#535,.F.);
#535 = EDGE_CURVE('',#441,#502,#536,.T.);
#536 = SURFACE_CURVE('',#537,(#542,#555),.PCURVE_S1.);
#537 = ELLIPSE('',#538,4.770004098813,4.7625);
#538 = AXIS2_PLACEMENT_3D('',#539,#540,#541);
#539 = CARTESIAN_POINT('',(12.434469789479,54.47897173272,0.));
#540 = DIRECTION('',(0.974927912182,-0.222520933956,0.));
#541 = DIRECTION('',(0.222520933956,0.974927912182,0.));
#542 = PCURVE('',#348,#543);
#543 = DEFINITIONAL_REPRESENTATION('',(#544),#554);
#544 = B_SPLINE_CURVE_WITH_KNOTS('',8,(#545,#546,#547,#548,#549,#550,
    #551,#552,#553),.UNSPECIFIED.,.F.,.F.,(9,9),(1.570796326795,
    4.712388980385),.PIECEWISE_BEZIER_KNOTS.);
#545 = CARTESIAN_POINT('',(0.,6.266433183228));
#546 = CARTESIAN_POINT('',(0.392699081699,6.161403354297));
#547 = CARTESIAN_POINT('',(0.785398163399,6.056372687904));
#548 = CARTESIAN_POINT('',(1.178097245088,5.976032027303));
#549 = CARTESIAN_POINT('',(1.5707963268,5.945004634954));
#550 = CARTESIAN_POINT('',(1.963495408486,5.976032027301));
#551 = CARTESIAN_POINT('',(2.356194490193,6.056372687901));
#552 = CARTESIAN_POINT('',(2.748893571891,6.161403354297));
#553 = CARTESIAN_POINT('',(3.14159265359,6.266433183228));
#554 = ( GEOMETRIC_REPRESENTATION_CONTEXT(2) 
PARAMETRIC_REPRESENTATION_CONTEXT() REPRESENTATION_CONTEXT('2D SPACE',''
  ) );
#555 = PCURVE('',#484,#556);
#556 = DEFINITIONAL_REPRESENTATION('',(#557),#567);
#557 = B_SPLINE_CURVE_WITH_KNOTS('',8,(#558,#559,#560,#561,#562,#563,
    #564,#565,#566),.UNSPECIFIED.,.F.,.F.,(9,9),(1.570796326795,
    4.712388980385),.PIECEWISE_BEZIER_KNOTS.);
#558 = CARTESIAN_POINT('',(0.,-1.043609643148E-13));
#559 = CARTESIAN_POINT('',(0.392699081699,0.105029828931));
#560 = CARTESIAN_POINT('',(0.785398163397,0.210060495319));
#561 = CARTESIAN_POINT('',(1.178097245096,0.290401155932));
#562 = CARTESIAN_POINT('',(1.570796326788,0.321428548244));
#563 = CARTESIAN_POINT('',(1.963495408494,0.290401155932));
#564 = CARTESIAN_POINT('',(2.356194490192,0.210060495319));
#565 = CARTESIAN_POINT('',(2.748893571891,0.105029828931));
#566 = CARTESIAN_POINT('',(3.14159265359,-1.043609643148E-13));
#567 = ( GEOMETRIC_REPRESENTATION_CONTEXT(2) 
PARAMETRIC_REPRESENTATION_CONTEXT() REPRESENTATION_CONTEXT('2D SPACE',''
  ) );
#568 = ORIENTED_EDGE('',*,*,#440,.F.);
#569 = ORIENTED_EDGE('',*,*,#399,.T.);
#570 = ORIENTED_EDGE('',*,*,#365,.T.);
#571 = ORIENTED_EDGE('',*,*,#326,.T.);
#572 = ADVANCED_FACE('',(#573),#484,.T.);
#573 = FACE_BOUND('',#574,.T.);
#574 = EDGE_LOOP('',(#575,#597,#636,#670,#704,#705,#706,#707));
#575 = ORIENTED_EDGE('',*,*,#576,.T.);
#576 = EDGE_CURVE('',#441,#577,#579,.T.);
#577 = VERTEX_POINT('',#578);
#578 = CARTESIAN_POINT('',(18.455993982055,52.744200497632,4.7625));
#579 = SEAM_CURVE('',#580,(#584,#590),.PCURVE_S1.);
#580 = LINE('',#581,#582);
#581 = CARTESIAN_POINT('',(12.434469789479,54.47897173272,4.7625));
#582 = VECTOR('',#583,1.);
#583 = DIRECTION('',(0.960917321945,-0.276835511425,0.));
#584 = PCURVE('',#484,#585);
#585 = DEFINITIONAL_REPRESENTATION('',(#586),#589);
#586 = B_SPLINE_CURVE_WITH_KNOTS('',1,(#587,#588),.UNSPECIFIED.,.F.,.F.,
  (2,2),(-1.480537077276,7.746970260505),.PIECEWISE_BEZIER_KNOTS.);
#587 = CARTESIAN_POINT('',(6.28318530718,-1.480537077276));
#588 = CARTESIAN_POINT('',(6.28318530718,7.746970260505));
#589 = ( GEOMETRIC_REPRESENTATION_CONTEXT(2) 
PARAMETRIC_REPRESENTATION_CONTEXT() REPRESENTATION_CONTEXT('2D SPACE',''
  ) );
#590 = PCURVE('',#484,#591);
#591 = DEFINITIONAL_REPRESENTATION('',(#592),#596);
#592 = LINE('',#593,#594);
#593 = CARTESIAN_POINT('',(0.,0.));
#594 = VECTOR('',#595,1.);
#595 = DIRECTION('',(0.,1.));
#596 = ( GEOMETRIC_REPRESENTATION_CONTEXT(2) 
PARAMETRIC_REPRESENTATION_CONTEXT() REPRESENTATION_CONTEXT('2D SPACE',''
  ) );
#597 = ORIENTED_EDGE('',*,*,#598,.F.);
#598 = EDGE_CURVE('',#599,#577,#601,.T.);
#599 = VERTEX_POINT('',#600);
#600 = CARTESIAN_POINT('',(20.031426461333,57.246527852004,
    -5.832380380939E-16));
#601 = SURFACE_CURVE('',#602,(#607,#619),.PCURVE_S1.);
#602 = ELLIPSE('',#603,4.770004098813,4.7625);
#603 = AXIS2_PLACEMENT_3D('',#604,#605,#606);
#604 = CARTESIAN_POINT('',(18.455993982055,52.744200497632,0.));
#605 = DIRECTION('',(0.943883330308,-0.330279061955,0.));
#606 = DIRECTION('',(0.330279061955,0.943883330308,0.));
#607 = PCURVE('',#484,#608);
#608 = DEFINITIONAL_REPRESENTATION('',(#609),#618);
#609 = B_SPLINE_CURVE_WITH_KNOTS('',7,(#610,#611,#612,#613,#614,#615,
    #616,#617),.UNSPECIFIED.,.F.,.F.,(8,8),(0.,1.570796326795),
  .PIECEWISE_BEZIER_KNOTS.);
#610 = CARTESIAN_POINT('',(4.712388980385,6.533889446372));
#611 = CARTESIAN_POINT('',(4.936788455641,6.533889446372));
#612 = CARTESIAN_POINT('',(5.161187930897,6.518176745931));
#613 = CARTESIAN_POINT('',(5.385587406154,6.486753624435));
#614 = CARTESIAN_POINT('',(5.60998688141,6.441549322554));
#615 = CARTESIAN_POINT('',(5.834386356667,6.386467029731));
#616 = CARTESIAN_POINT('',(6.058785831923,6.326450228332));
#617 = CARTESIAN_POINT('',(6.28318530718,6.266433183229));
#618 = ( GEOMETRIC_REPRESENTATION_CONTEXT(2) 
PARAMETRIC_REPRESENTATION_CONTEXT() REPRESENTATION_CONTEXT('2D SPACE',''
  ) );
#619 = PCURVE('',#620,#625);
#620 = CYLINDRICAL_SURFACE('',#621,4.7625);
#621 = AXIS2_PLACEMENT_3D('',#622,#623,#624);
#622 = CARTESIAN_POINT('',(18.455993982055,52.744200497632,0.));
#623 = DIRECTION('',(0.923879532511,-0.382683432365,0.));
#624 = DIRECTION('',(4.248639577543E-17,1.025712328974E-16,1.));
#625 = DEFINITIONAL_REPRESENTATION('',(#626),#635);
#626 = B_SPLINE_CURVE_WITH_KNOTS('',7,(#627,#628,#629,#630,#631,#632,
    #633,#634),.UNSPECIFIED.,.F.,.F.,(8,8),(0.,1.570796326795),
  .PIECEWISE_BEZIER_KNOTS.);
#627 = CARTESIAN_POINT('',(4.712388980385,-0.267456263144));
#628 = CARTESIAN_POINT('',(4.936788455641,-0.267456263144));
#629 = CARTESIAN_POINT('',(5.161187930897,-0.251743562703));
#630 = CARTESIAN_POINT('',(5.385587406154,-0.220320441205));
#631 = CARTESIAN_POINT('',(5.60998688141,-0.175116139327));
#632 = CARTESIAN_POINT('',(5.834386356667,-0.120033846503));
#633 = CARTESIAN_POINT('',(6.058785831923,-6.001704510354E-02));
#634 = CARTESIAN_POINT('',(6.28318530718,-5.284661597216E-14));
#635 = ( GEOMETRIC_REPRESENTATION_CONTEXT(2) 
PARAMETRIC_REPRESENTATION_CONTEXT() REPRESENTATION_CONTEXT('2D SPACE',''
  ) );
#636 = ORIENTED_EDGE('',*,*,#637,.F.);
#637 = EDGE_CURVE('',#638,#599,#640,.T.);
#638 = VERTEX_POINT('',#639);
#639 = CARTESIAN_POINT('',(18.455993982055,52.744200497632,-4.7625));
#640 = SURFACE_CURVE('',#641,(#646,#658),.PCURVE_S1.);
#641 = ELLIPSE('',#642,4.770004098813,4.7625);
#642 = AXIS2_PLACEMENT_3D('',#643,#644,#645);
#643 = CARTESIAN_POINT('',(18.455993982055,52.744200497632,0.));
#644 = DIRECTION('',(0.943883330308,-0.330279061955,0.));
#645 = DIRECTION('',(0.330279061955,0.943883330308,0.));
#646 = PCURVE('',#484,#647);
#647 = DEFINITIONAL_REPRESENTATION('',(#648),#657);
#648 = B_SPLINE_CURVE_WITH_KNOTS('',7,(#649,#650,#651,#652,#653,#654,
    #655,#656),.UNSPECIFIED.,.F.,.F.,(8,8),(4.712388980385,6.28318530718
    ),.PIECEWISE_BEZIER_KNOTS.);
#649 = CARTESIAN_POINT('',(3.14159265359,6.266433183229));
#650 = CARTESIAN_POINT('',(3.365992128846,6.326450228332));
#651 = CARTESIAN_POINT('',(3.590391604103,6.38646702973));
#652 = CARTESIAN_POINT('',(3.814791079359,6.441549322557));
#653 = CARTESIAN_POINT('',(4.039190554615,6.486753624432));
#654 = CARTESIAN_POINT('',(4.263590029872,6.518176745932));
#655 = CARTESIAN_POINT('',(4.487989505128,6.533889446372));
#656 = CARTESIAN_POINT('',(4.712388980385,6.533889446372));
#657 = ( GEOMETRIC_REPRESENTATION_CONTEXT(2) 
PARAMETRIC_REPRESENTATION_CONTEXT() REPRESENTATION_CONTEXT('2D SPACE',''
  ) );
#658 = PCURVE('',#620,#659);
#659 = DEFINITIONAL_REPRESENTATION('',(#660),#669);
#660 = B_SPLINE_CURVE_WITH_KNOTS('',7,(#661,#662,#663,#664,#665,#666,
    #667,#668),.UNSPECIFIED.,.F.,.F.,(8,8),(4.712388980385,6.28318530718
    ),.PIECEWISE_BEZIER_KNOTS.);
#661 = CARTESIAN_POINT('',(3.14159265359,-5.284661597216E-14));
#662 = CARTESIAN_POINT('',(3.365992128846,-6.001704510354E-02));
#663 = CARTESIAN_POINT('',(3.590391604103,-0.120033846503));
#664 = CARTESIAN_POINT('',(3.81479107936,-0.175116139327));
#665 = CARTESIAN_POINT('',(4.039190554616,-0.220320441205));
#666 = CARTESIAN_POINT('',(4.263590029872,-0.251743562703));
#667 = CARTESIAN_POINT('',(4.487989505128,-0.267456263144));
#668 = CARTESIAN_POINT('',(4.712388980385,-0.267456263144));
#669 = ( GEOMETRIC_REPRESENTATION_CONTEXT(2) 
PARAMETRIC_REPRESENTATION_CONTEXT() REPRESENTATION_CONTEXT('2D SPACE',''
  ) );
#670 = ORIENTED_EDGE('',*,*,#671,.F.);
#671 = EDGE_CURVE('',#577,#638,#672,.T.);
#672 = SURFACE_CURVE('',#673,(#678,#691),.PCURVE_S1.);
#673 = ELLIPSE('',#674,4.770004098813,4.7625);
#674 = AXIS2_PLACEMENT_3D('',#675,#676,#677);
#675 = CARTESIAN_POINT('',(18.455993982055,52.744200497632,0.));
#676 = DIRECTION('',(0.943883330308,-0.330279061955,0.));
#677 = DIRECTION('',(0.330279061955,0.943883330308,0.));
#678 = PCURVE('',#484,#679);
#679 = DEFINITIONAL_REPRESENTATION('',(#680),#690);
#680 = B_SPLINE_CURVE_WITH_KNOTS('',8,(#681,#682,#683,#684,#685,#686,
    #687,#688,#689),.UNSPECIFIED.,.F.,.F.,(9,9),(1.570796326795,
    4.712388980385),.PIECEWISE_BEZIER_KNOTS.);
#681 = CARTESIAN_POINT('',(0.,6.266433183229));
#682 = CARTESIAN_POINT('',(0.392699081699,6.161403354297));
#683 = CARTESIAN_POINT('',(0.785398163397,6.056372687905));
#684 = CARTESIAN_POINT('',(1.178097245092,5.9760320273));
#685 = CARTESIAN_POINT('',(1.570796326796,5.945004634948));
#686 = CARTESIAN_POINT('',(1.963495408491,5.976032027301));
#687 = CARTESIAN_POINT('',(2.356194490192,6.056372687905));
#688 = CARTESIAN_POINT('',(2.748893571891,6.161403354297));
#689 = CARTESIAN_POINT('',(3.14159265359,6.266433183229));
#690 = ( GEOMETRIC_REPRESENTATION_CONTEXT(2) 
PARAMETRIC_REPRESENTATION_CONTEXT() REPRESENTATION_CONTEXT('2D SPACE',''
  ) );
#691 = PCURVE('',#620,#692);
#692 = DEFINITIONAL_REPRESENTATION('',(#693),#703);
#693 = B_SPLINE_CURVE_WITH_KNOTS('',8,(#694,#695,#696,#697,#698,#699,
    #700,#701,#702),.UNSPECIFIED.,.F.,.F.,(9,9),(1.570796326795,
    4.712388980385),.PIECEWISE_BEZIER_KNOTS.);
#694 = CARTESIAN_POINT('',(0.,-5.284661597216E-14));
#695 = CARTESIAN_POINT('',(0.392699081699,0.105029828931));
#696 = CARTESIAN_POINT('',(0.785398163398,0.210060495319));
#697 = CARTESIAN_POINT('',(1.178097245091,0.290401155932));
#698 = CARTESIAN_POINT('',(1.570796326797,0.321428548245));
#699 = CARTESIAN_POINT('',(1.96349540849,0.290401155932));
#700 = CARTESIAN_POINT('',(2.356194490192,0.210060495319));
#701 = CARTESIAN_POINT('',(2.748893571891,0.105029828931));
#702 = CARTESIAN_POINT('',(3.14159265359,-5.284661597216E-14));
#703 = ( GEOMETRIC_REPRESENTATION_CONTEXT(2) 
PARAMETRIC_REPRESENTATION_CONTEXT() REPRESENTATION_CONTEXT('2D SPACE',''
  ) );
#704 = ORIENTED_EDGE('',*,*,#576,.F.);
#705 = ORIENTED_EDGE('',*,*,#535,.T.);
#706 = ORIENTED_EDGE('',*,*,#501,.T.);
#707 = ORIENTED_EDGE('',*,*,#462,.T.);
#708 = ADVANCED_FACE('',(#709),#620,.T.);
#709 = FACE_BOUND('',#710,.T.);
#710 = EDGE_LOOP('',(#711,#733,#772,#806,#840,#841,#842,#843));
#711 = ORIENTED_EDGE('',*,*,#712,.T.);
#712 = EDGE_CURVE('',#577,#713,#715,.T.);
#713 = VERTEX_POINT('',#714);
#714 = CARTESIAN_POINT('',(24.245423341889,50.346140338387,4.7625));
#715 = SEAM_CURVE('',#716,(#720,#726),.PCURVE_S1.);
#716 = LINE('',#717,#718);
#717 = CARTESIAN_POINT('',(18.455993982055,52.744200497632,4.7625));
#718 = VECTOR('',#719,1.);
#719 = DIRECTION('',(0.923879532511,-0.382683432365,0.));
#720 = PCURVE('',#620,#721);
#721 = DEFINITIONAL_REPRESENTATION('',(#722),#725);
#722 = B_SPLINE_CURVE_WITH_KNOTS('',1,(#723,#724),.UNSPECIFIED.,.F.,.F.,
  (2,2),(-1.480537077276,7.746970260505),.PIECEWISE_BEZIER_KNOTS.);
#723 = CARTESIAN_POINT('',(6.28318530718,-1.480537077276));
#724 = CARTESIAN_POINT('',(6.28318530718,7.746970260505));
#725 = ( GEOMETRIC_REPRESENTATION_CONTEXT(2) 
PARAMETRIC_REPRESENTATION_CONTEXT() REPRESENTATION_CONTEXT('2D SPACE',''
  ) );
#726 = PCURVE('',#620,#727);
#727 = DEFINITIONAL_REPRESENTATION('',(#728),#732);
#728 = LINE('',#729,#730);
#729 = CARTESIAN_POINT('',(0.,0.));
#730 = VECTOR('',#731,1.);
#731 = DIRECTION('',(0.,1.));
#732 = ( GEOMETRIC_REPRESENTATION_CONTEXT(2) 
PARAMETRIC_REPRESENTATION_CONTEXT() REPRESENTATION_CONTEXT('2D SPACE',''
  ) );
#733 = ORIENTED_EDGE('',*,*,#734,.F.);
#734 = EDGE_CURVE('',#735,#713,#737,.T.);
#735 = VERTEX_POINT('',#736);
#736 = CARTESIAN_POINT('',(26.315050555888,54.643765531185,
    -5.832380380939E-16));
#737 = SURFACE_CURVE('',#738,(#743,#755),.PCURVE_S1.);
#738 = ELLIPSE('',#739,4.770004098813,4.7625);
#739 = AXIS2_PLACEMENT_3D('',#740,#741,#742);
#740 = CARTESIAN_POINT('',(24.245423341889,50.346140338387,0.));
#741 = DIRECTION('',(0.900968867902,-0.433883739118,0.));
#742 = DIRECTION('',(0.433883739118,0.900968867902,0.));
#743 = PCURVE('',#620,#744);
#744 = DEFINITIONAL_REPRESENTATION('',(#745),#754);
#745 = B_SPLINE_CURVE_WITH_KNOTS('',7,(#746,#747,#748,#749,#750,#751,
    #752,#753),.UNSPECIFIED.,.F.,.F.,(8,8),(0.,1.570796326795),
  .PIECEWISE_BEZIER_KNOTS.);
#746 = CARTESIAN_POINT('',(4.712388980385,6.533889446372));
#747 = CARTESIAN_POINT('',(4.936788455641,6.533889446372));
#748 = CARTESIAN_POINT('',(5.161187930897,6.518176745931));
#749 = CARTESIAN_POINT('',(5.385587406154,6.486753624433));
#750 = CARTESIAN_POINT('',(5.60998688141,6.441549322556));
#751 = CARTESIAN_POINT('',(5.834386356667,6.386467029731));
#752 = CARTESIAN_POINT('',(6.058785831923,6.326450228332));
#753 = CARTESIAN_POINT('',(6.28318530718,6.266433183229));
#754 = ( GEOMETRIC_REPRESENTATION_CONTEXT(2) 
PARAMETRIC_REPRESENTATION_CONTEXT() REPRESENTATION_CONTEXT('2D SPACE',''
  ) );
#755 = PCURVE('',#756,#761);
#756 = CYLINDRICAL_SURFACE('',#757,4.7625);
#757 = AXIS2_PLACEMENT_3D('',#758,#759,#760);
#758 = CARTESIAN_POINT('',(24.245423341889,50.346140338387,0.));
#759 = DIRECTION('',(0.875223421909,-0.483718887105,0.));
#760 = DIRECTION('',(5.370358459103E-17,9.716931946943E-17,1.));
#761 = DEFINITIONAL_REPRESENTATION('',(#762),#771);
#762 = B_SPLINE_CURVE_WITH_KNOTS('',7,(#763,#764,#765,#766,#767,#768,
    #769,#770),.UNSPECIFIED.,.F.,.F.,(8,8),(0.,1.570796326795),
  .PIECEWISE_BEZIER_KNOTS.);
#763 = CARTESIAN_POINT('',(4.712388980385,-0.267456263144));
#764 = CARTESIAN_POINT('',(4.936788455641,-0.267456263144));
#765 = CARTESIAN_POINT('',(5.161187930897,-0.251743562703));
#766 = CARTESIAN_POINT('',(5.385587406154,-0.220320441205));
#767 = CARTESIAN_POINT('',(5.60998688141,-0.175116139327));
#768 = CARTESIAN_POINT('',(5.834386356667,-0.120033846502));
#769 = CARTESIAN_POINT('',(6.058785831923,-6.001704510342E-02));
#770 = CARTESIAN_POINT('',(6.28318530718,7.061018436616E-14));
#771 = ( GEOMETRIC_REPRESENTATION_CONTEXT(2) 
PARAMETRIC_REPRESENTATION_CONTEXT() REPRESENTATION_CONTEXT('2D SPACE',''
  ) );
#772 = ORIENTED_EDGE('',*,*,#773,.F.);
#773 = EDGE_CURVE('',#774,#735,#776,.T.);
#774 = VERTEX_POINT('',#775);
#775 = CARTESIAN_POINT('',(24.245423341889,50.346140338387,-4.7625));
#776 = SURFACE_CURVE('',#777,(#782,#794),.PCURVE_S1.);
#777 = ELLIPSE('',#778,4.770004098813,4.7625);
#778 = AXIS2_PLACEMENT_3D('',#779,#780,#781);
#779 = CARTESIAN_POINT('',(24.245423341889,50.346140338387,0.));
#780 = DIRECTION('',(0.900968867902,-0.433883739118,0.));
#781 = DIRECTION('',(0.433883739118,0.900968867902,0.));
#782 = PCURVE('',#620,#783);
#783 = DEFINITIONAL_REPRESENTATION('',(#784),#793);
#784 = B_SPLINE_CURVE_WITH_KNOTS('',7,(#785,#786,#787,#788,#789,#790,
    #791,#792),.UNSPECIFIED.,.F.,.F.,(8,8),(4.712388980385,6.28318530718
    ),.PIECEWISE_BEZIER_KNOTS.);
#785 = CARTESIAN_POINT('',(3.14159265359,6.266433183229));
#786 = CARTESIAN_POINT('',(3.365992128846,6.326450228332));
#787 = CARTESIAN_POINT('',(3.590391604102,6.386467029731));
#788 = CARTESIAN_POINT('',(3.814791079361,6.441549322557));
#789 = CARTESIAN_POINT('',(4.039190554614,6.486753624433));
#790 = CARTESIAN_POINT('',(4.263590029872,6.518176745931));
#791 = CARTESIAN_POINT('',(4.487989505128,6.533889446372));
#792 = CARTESIAN_POINT('',(4.712388980385,6.533889446372));
#793 = ( GEOMETRIC_REPRESENTATION_CONTEXT(2) 
PARAMETRIC_REPRESENTATION_CONTEXT() REPRESENTATION_CONTEXT('2D SPACE',''
  ) );
#794 = PCURVE('',#756,#795);
#795 = DEFINITIONAL_REPRESENTATION('',(#796),#805);
#796 = B_SPLINE_CURVE_WITH_KNOTS('',7,(#797,#798,#799,#800,#801,#802,
    #803,#804),.UNSPECIFIED.,.F.,.F.,(8,8),(4.712388980385,6.28318530718
    ),.PIECEWISE_BEZIER_KNOTS.);
#797 = CARTESIAN_POINT('',(3.14159265359,7.061018436616E-14));
#798 = CARTESIAN_POINT('',(3.365992128846,-6.001704510342E-02));
#799 = CARTESIAN_POINT('',(3.590391604102,-0.120033846502));
#800 = CARTESIAN_POINT('',(3.81479107936,-0.175116139327));
#801 = CARTESIAN_POINT('',(4.039190554616,-0.220320441205));
#802 = CARTESIAN_POINT('',(4.263590029872,-0.251743562703));
#803 = CARTESIAN_POINT('',(4.487989505128,-0.267456263144));
#804 = CARTESIAN_POINT('',(4.712388980385,-0.267456263144));
#805 = ( GEOMETRIC_REPRESENTATION_CONTEXT(2) 
PARAMETRIC_REPRESENTATION_CONTEXT() REPRESENTATION_CONTEXT('2D SPACE',''
  ) );
#806 = ORIENTED_EDGE('',*,*,#807,.F.);
#807 = EDGE_CURVE('',#713,#774,#808,.T.);
#808 = SURFACE_CURVE('',#809,(#814,#827),.PCURVE_S1.);
#809 = ELLIPSE('',#810,4.770004098813,4.7625);
#810 = AXIS2_PLACEMENT_3D('',#811,#812,#813);
#811 = CARTESIAN_POINT('',(24.245423341889,50.346140338387,0.));
#812 = DIRECTION('',(0.900968867902,-0.433883739118,0.));
#813 = DIRECTION('',(0.433883739118,0.900968867902,0.));
#814 = PCURVE('',#620,#815);
#815 = DEFINITIONAL_REPRESENTATION('',(#816),#826);
#816 = B_SPLINE_CURVE_WITH_KNOTS('',8,(#817,#818,#819,#820,#821,#822,
    #823,#824,#825),.UNSPECIFIED.,.F.,.F.,(9,9),(1.570796326795,
    4.712388980385),.PIECEWISE_BEZIER_KNOTS.);
#817 = CARTESIAN_POINT('',(1.49195325094E-15,6.266433183229));
#818 = CARTESIAN_POINT('',(0.392699081699,6.161403354298));
#819 = CARTESIAN_POINT('',(0.785398163397,6.056372687911));
#820 = CARTESIAN_POINT('',(1.178097245092,5.976032027277));
#821 = CARTESIAN_POINT('',(1.570796326796,5.945004634999));
#822 = CARTESIAN_POINT('',(1.963495408491,5.976032027277));
#823 = CARTESIAN_POINT('',(2.356194490192,6.056372687913));
#824 = CARTESIAN_POINT('',(2.748893571891,6.161403354298));
#825 = CARTESIAN_POINT('',(3.14159265359,6.266433183229));
#826 = ( GEOMETRIC_REPRESENTATION_CONTEXT(2) 
PARAMETRIC_REPRESENTATION_CONTEXT() REPRESENTATION_CONTEXT('2D SPACE',''
  ) );
#827 = PCURVE('',#756,#828);
#828 = DEFINITIONAL_REPRESENTATION('',(#829),#839);
#829 = B_SPLINE_CURVE_WITH_KNOTS('',8,(#830,#831,#832,#833,#834,#835,
    #836,#837,#838),.UNSPECIFIED.,.F.,.F.,(9,9),(1.570796326795,
    4.712388980385),.PIECEWISE_BEZIER_KNOTS.);
#830 = CARTESIAN_POINT('',(1.49195325094E-15,7.061018436616E-14));
#831 = CARTESIAN_POINT('',(0.392699081699,0.105029828931));
#832 = CARTESIAN_POINT('',(0.785398163397,0.210060495319));
#833 = CARTESIAN_POINT('',(1.178097245094,0.290401155933));
#834 = CARTESIAN_POINT('',(1.570796326791,0.321428548244));
#835 = CARTESIAN_POINT('',(1.963495408494,0.290401155933));
#836 = CARTESIAN_POINT('',(2.356194490192,0.210060495319));
#837 = CARTESIAN_POINT('',(2.748893571891,0.105029828931));
#838 = CARTESIAN_POINT('',(3.14159265359,7.061018436616E-14));
#839 = ( GEOMETRIC_REPRESENTATION_CONTEXT(2) 
PARAMETRIC_REPRESENTATION_CONTEXT() REPRESENTATION_CONTEXT('2D SPACE',''
  ) );
#840 = ORIENTED_EDGE('',*,*,#712,.F.);
#841 = ORIENTED_EDGE('',*,*,#671,.T.);
#842 = ORIENTED_EDGE('',*,*,#637,.T.);
#843 = ORIENTED_EDGE('',*,*,#598,.T.);
#844 = ADVANCED_FACE('',(#845),#756,.T.);
#845 = FACE_BOUND('',#846,.T.);
#846 = EDGE_LOOP('',(#847,#869,#908,#942,#976,#977,#978,#979));
#847 = ORIENTED_EDGE('',*,*,#848,.T.);
#848 = EDGE_CURVE('',#713,#849,#851,.T.);
#849 = VERTEX_POINT('',#850);
#850 = CARTESIAN_POINT('',(29.729952435677,47.314948252877,4.7625));
#851 = SEAM_CURVE('',#852,(#856,#862),.PCURVE_S1.);
#852 = LINE('',#853,#854);
#853 = CARTESIAN_POINT('',(24.245423341889,50.346140338387,4.7625));
#854 = VECTOR('',#855,1.);
#855 = DIRECTION('',(0.875223421909,-0.483718887105,0.));
#856 = PCURVE('',#756,#857);
#857 = DEFINITIONAL_REPRESENTATION('',(#858),#861);
#858 = B_SPLINE_CURVE_WITH_KNOTS('',1,(#859,#860),.UNSPECIFIED.,.F.,.F.,
  (2,2),(-1.480537077276,7.746970260505),.PIECEWISE_BEZIER_KNOTS.);
#859 = CARTESIAN_POINT('',(6.28318530718,-1.480537077276));
#860 = CARTESIAN_POINT('',(6.28318530718,7.746970260505));
#861 = ( GEOMETRIC_REPRESENTATION_CONTEXT(2) 
PARAMETRIC_REPRESENTATION_CONTEXT() REPRESENTATION_CONTEXT('2D SPACE',''
  ) );
#862 = PCURVE('',#756,#863);
#863 = DEFINITIONAL_REPRESENTATION('',(#864),#868);
#864 = LINE('',#865,#866);
#865 = CARTESIAN_POINT('',(0.,0.));
#866 = VECTOR('',#867,1.);
#867 = DIRECTION('',(0.,1.));
#868 = ( GEOMETRIC_REPRESENTATION_CONTEXT(2) 
PARAMETRIC_REPRESENTATION_CONTEXT() REPRESENTATION_CONTEXT('2D SPACE',''
  ) );
#869 = ORIENTED_EDGE('',*,*,#870,.F.);
#870 = EDGE_CURVE('',#871,#849,#873,.T.);
#871 = VERTEX_POINT('',#872);
#872 = CARTESIAN_POINT('',(32.267747621355,51.35382615376,
    -5.832380380939E-16));
#873 = SURFACE_CURVE('',#874,(#879,#891),.PCURVE_S1.);
#874 = ELLIPSE('',#875,4.770004098813,4.7625);
#875 = AXIS2_PLACEMENT_3D('',#876,#877,#878);
#876 = CARTESIAN_POINT('',(29.729952435677,47.314948252876,0.));
#877 = DIRECTION('',(0.846724199228,-0.532032076515,0.));
#878 = DIRECTION('',(0.532032076515,0.846724199228,0.));
#879 = PCURVE('',#756,#880);
#880 = DEFINITIONAL_REPRESENTATION('',(#881),#890);
#881 = B_SPLINE_CURVE_WITH_KNOTS('',7,(#882,#883,#884,#885,#886,#887,
    #888,#889),.UNSPECIFIED.,.F.,.F.,(8,8),(0.,1.570796326795),
  .PIECEWISE_BEZIER_KNOTS.);
#882 = CARTESIAN_POINT('',(4.712388980385,6.533889446372));
#883 = CARTESIAN_POINT('',(4.936788455641,6.533889446372));
#884 = CARTESIAN_POINT('',(5.161187930898,6.518176745931));
#885 = CARTESIAN_POINT('',(5.385587406154,6.486753624434));
#886 = CARTESIAN_POINT('',(5.60998688141,6.441549322554));
#887 = CARTESIAN_POINT('',(5.834386356667,6.386467029731));
#888 = CARTESIAN_POINT('',(6.058785831923,6.326450228332));
#889 = CARTESIAN_POINT('',(6.28318530718,6.266433183229));
#890 = ( GEOMETRIC_REPRESENTATION_CONTEXT(2) 
PARAMETRIC_REPRESENTATION_CONTEXT() REPRESENTATION_CONTEXT('2D SPACE',''
  ) );
#891 = PCURVE('',#892,#897);
#892 = CYLINDRICAL_SURFACE('',#893,4.7625);
#893 = AXIS2_PLACEMENT_3D('',#894,#895,#896);
#894 = CARTESIAN_POINT('',(29.729952435677,47.314948252877,0.));
#895 = DIRECTION('',(0.815560868959,-0.57867129618,0.));
#896 = DIRECTION('',(6.424541967085E-17,9.054544547019E-17,1.));
#897 = DEFINITIONAL_REPRESENTATION('',(#898),#907);
#898 = B_SPLINE_CURVE_WITH_KNOTS('',7,(#899,#900,#901,#902,#903,#904,
    #905,#906),.UNSPECIFIED.,.F.,.F.,(8,8),(0.,1.570796326795),
  .PIECEWISE_BEZIER_KNOTS.);
#899 = CARTESIAN_POINT('',(4.712388980385,-0.267456263144));
#900 = CARTESIAN_POINT('',(4.936788455641,-0.267456263144));
#901 = CARTESIAN_POINT('',(5.161187930898,-0.251743562703));
#902 = CARTESIAN_POINT('',(5.385587406153,-0.220320441205));
#903 = CARTESIAN_POINT('',(5.609986881411,-0.175116139327));
#904 = CARTESIAN_POINT('',(5.834386356667,-0.120033846502));
#905 = CARTESIAN_POINT('',(6.058785831923,-6.001704510345E-02));
#906 = CARTESIAN_POINT('',(6.28318530718,3.730349362741E-14));
#907 = ( GEOMETRIC_REPRESENTATION_CONTEXT(2) 
PARAMETRIC_REPRESENTATION_CONTEXT() REPRESENTATION_CONTEXT('2D SPACE',''
  ) );
#908 = ORIENTED_EDGE('',*,*,#909,.F.);
#909 = EDGE_CURVE('',#910,#871,#912,.T.);
#910 = VERTEX_POINT('',#911);
#911 = CARTESIAN_POINT('',(29.729952435677,47.314948252876,-4.7625));
#912 = SURFACE_CURVE('',#913,(#918,#930),.PCURVE_S1.);
#913 = ELLIPSE('',#914,4.770004098813,4.7625);
#914 = AXIS2_PLACEMENT_3D('',#915,#916,#917);
#915 = CARTESIAN_POINT('',(29.729952435677,47.314948252876,0.));
#916 = DIRECTION('',(0.846724199228,-0.532032076515,0.));
#917 = DIRECTION('',(0.532032076515,0.846724199228,0.));
#918 = PCURVE('',#756,#919);
#919 = DEFINITIONAL_REPRESENTATION('',(#920),#929);
#920 = B_SPLINE_CURVE_WITH_KNOTS('',7,(#921,#922,#923,#924,#925,#926,
    #927,#928),.UNSPECIFIED.,.F.,.F.,(8,8),(4.712388980385,6.28318530718
    ),.PIECEWISE_BEZIER_KNOTS.);
#921 = CARTESIAN_POINT('',(3.14159265359,6.266433183229));
#922 = CARTESIAN_POINT('',(3.365992128846,6.326450228332));
#923 = CARTESIAN_POINT('',(3.590391604102,6.386467029731));
#924 = CARTESIAN_POINT('',(3.814791079359,6.441549322557));
#925 = CARTESIAN_POINT('',(4.039190554615,6.486753624432));
#926 = CARTESIAN_POINT('',(4.263590029872,6.518176745932));
#927 = CARTESIAN_POINT('',(4.487989505128,6.533889446372));
#928 = CARTESIAN_POINT('',(4.712388980385,6.533889446372));
#929 = ( GEOMETRIC_REPRESENTATION_CONTEXT(2) 
PARAMETRIC_REPRESENTATION_CONTEXT() REPRESENTATION_CONTEXT('2D SPACE',''
  ) );
#930 = PCURVE('',#892,#931);
#931 = DEFINITIONAL_REPRESENTATION('',(#932),#941);
#932 = B_SPLINE_CURVE_WITH_KNOTS('',7,(#933,#934,#935,#936,#937,#938,
    #939,#940),.UNSPECIFIED.,.F.,.F.,(8,8),(4.712388980385,6.28318530718
    ),.PIECEWISE_BEZIER_KNOTS.);
#933 = CARTESIAN_POINT('',(3.14159265359,3.730349362741E-14));
#934 = CARTESIAN_POINT('',(3.365992128846,-6.001704510345E-02));
#935 = CARTESIAN_POINT('',(3.590391604102,-0.120033846502));
#936 = CARTESIAN_POINT('',(3.814791079361,-0.175116139327));
#937 = CARTESIAN_POINT('',(4.039190554615,-0.220320441205));
#938 = CARTESIAN_POINT('',(4.263590029872,-0.251743562703));
#939 = CARTESIAN_POINT('',(4.487989505128,-0.267456263144));
#940 = CARTESIAN_POINT('',(4.712388980385,-0.267456263144));
#941 = ( GEOMETRIC_REPRESENTATION_CONTEXT(2) 
PARAMETRIC_REPRESENTATION_CONTEXT() REPRESENTATION_CONTEXT('2D SPACE',''
  ) );
#942 = ORIENTED_EDGE('',*,*,#943,.F.);
#943 = EDGE_CURVE('',#849,#910,#944,.T.);
#944 = SURFACE_CURVE('',#945,(#950,#963),.PCURVE_S1.);
#945 = ELLIPSE('',#946,4.770004098813,4.7625);
#946 = AXIS2_PLACEMENT_3D('',#947,#948,#949);
#947 = CARTESIAN_POINT('',(29.729952435677,47.314948252876,0.));
#948 = DIRECTION('',(0.846724199228,-0.532032076515,0.));
#949 = DIRECTION('',(0.532032076515,0.846724199228,0.));
#950 = PCURVE('',#756,#951);
#951 = DEFINITIONAL_REPRESENTATION('',(#952),#962);
#952 = B_SPLINE_CURVE_WITH_KNOTS('',8,(#953,#954,#955,#956,#957,#958,
    #959,#960,#961),.UNSPECIFIED.,.F.,.F.,(9,9),(1.570796326795,
    4.712388980385),.PIECEWISE_BEZIER_KNOTS.);
#953 = CARTESIAN_POINT('',(1.49195325094E-15,6.266433183229));
#954 = CARTESIAN_POINT('',(0.392699081699,6.161403354297));
#955 = CARTESIAN_POINT('',(0.785398163397,6.056372687908));
#956 = CARTESIAN_POINT('',(1.178097245095,5.976032027289));
#957 = CARTESIAN_POINT('',(1.570796326792,5.945004634974));
#958 = CARTESIAN_POINT('',(1.96349540849,5.976032027287));
#959 = CARTESIAN_POINT('',(2.356194490192,6.056372687909));
#960 = CARTESIAN_POINT('',(2.748893571891,6.161403354297));
#961 = CARTESIAN_POINT('',(3.14159265359,6.266433183229));
#962 = ( GEOMETRIC_REPRESENTATION_CONTEXT(2) 
PARAMETRIC_REPRESENTATION_CONTEXT() REPRESENTATION_CONTEXT('2D SPACE',''
  ) );
#963 = PCURVE('',#892,#964);
#964 = DEFINITIONAL_REPRESENTATION('',(#965),#975);
#965 = B_SPLINE_CURVE_WITH_KNOTS('',8,(#966,#967,#968,#969,#970,#971,
    #972,#973,#974),.UNSPECIFIED.,.F.,.F.,(9,9),(1.570796326795,
    4.712388980385),.PIECEWISE_BEZIER_KNOTS.);
#966 = CARTESIAN_POINT('',(1.49195325094E-15,3.730349362741E-14));
#967 = CARTESIAN_POINT('',(0.392699081699,0.105029828931));
#968 = CARTESIAN_POINT('',(0.785398163396,0.210060495319));
#969 = CARTESIAN_POINT('',(1.178097245096,0.290401155932));
#970 = CARTESIAN_POINT('',(1.570796326787,0.321428548245));
#971 = CARTESIAN_POINT('',(1.963495408495,0.290401155932));
#972 = CARTESIAN_POINT('',(2.356194490191,0.210060495319));
#973 = CARTESIAN_POINT('',(2.748893571891,0.105029828931));
#974 = CARTESIAN_POINT('',(3.14159265359,3.730349362741E-14));
#975 = ( GEOMETRIC_REPRESENTATION_CONTEXT(2) 
PARAMETRIC_REPRESENTATION_CONTEXT() REPRESENTATION_CONTEXT('2D SPACE',''
  ) );
#976 = ORIENTED_EDGE('',*,*,#848,.F.);
#977 = ORIENTED_EDGE('',*,*,#807,.T.);
#978 = ORIENTED_EDGE('',*,*,#773,.T.);
#979 = ORIENTED_EDGE('',*,*,#734,.T.);
#980 = ADVANCED_FACE('',(#981),#892,.T.);
#981 = FACE_BOUND('',#982,.T.);
#982 = EDGE_LOOP('',(#983,#1005,#1044,#1078,#1112,#1113,#1114,#1115));
#983 = ORIENTED_EDGE('',*,*,#984,.T.);
#984 = EDGE_CURVE('',#849,#985,#987,.T.);
#985 = VERTEX_POINT('',#986);
#986 = CARTESIAN_POINT('',(34.840610127866,43.688743240313,4.7625));
#987 = SEAM_CURVE('',#988,(#992,#998),.PCURVE_S1.);
#988 = LINE('',#989,#990);
#989 = CARTESIAN_POINT('',(29.729952435677,47.314948252877,4.7625));
#990 = VECTOR('',#991,1.);
#991 = DIRECTION('',(0.815560868959,-0.57867129618,0.));
#992 = PCURVE('',#892,#993);
#993 = DEFINITIONAL_REPRESENTATION('',(#994),#997);
#994 = B_SPLINE_CURVE_WITH_KNOTS('',1,(#995,#996),.UNSPECIFIED.,.F.,.F.,
  (2,2),(-1.480537077276,7.746970260505),.PIECEWISE_BEZIER_KNOTS.);
#995 = CARTESIAN_POINT('',(6.28318530718,-1.480537077276));
#996 = CARTESIAN_POINT('',(6.28318530718,7.746970260505));
#997 = ( GEOMETRIC_REPRESENTATION_CONTEXT(2) 
PARAMETRIC_REPRESENTATION_CONTEXT() REPRESENTATION_CONTEXT('2D SPACE',''
  ) );
#998 = PCURVE('',#892,#999);
#999 = DEFINITIONAL_REPRESENTATION('',(#1000),#1004);
#1000 = LINE('',#1001,#1002);
#1001 = CARTESIAN_POINT('',(0.,0.));
#1002 = VECTOR('',#1003,1.);
#1003 = DIRECTION('',(0.,1.));
#1004 = ( GEOMETRIC_REPRESENTATION_CONTEXT(2) 
PARAMETRIC_REPRESENTATION_CONTEXT() REPRESENTATION_CONTEXT('2D SPACE',''
  ) );
#1005 = ORIENTED_EDGE('',*,*,#1006,.F.);
#1006 = EDGE_CURVE('',#1007,#985,#1009,.T.);
#1007 = VERTEX_POINT('',#1008);
#1008 = CARTESIAN_POINT('',(37.8146590383,47.418082616267,
    -5.832380380939E-16));
#1009 = SURFACE_CURVE('',#1010,(#1015,#1027),.PCURVE_S1.);
#1010 = ELLIPSE('',#1011,4.770004098813,4.7625);
#1011 = AXIS2_PLACEMENT_3D('',#1012,#1013,#1014);
#1012 = CARTESIAN_POINT('',(34.840610127866,43.688743240313,0.));
#1013 = DIRECTION('',(0.781831482468,-0.623489801859,0.));
#1014 = DIRECTION('',(0.623489801859,0.781831482468,0.));
#1015 = PCURVE('',#892,#1016);
#1016 = DEFINITIONAL_REPRESENTATION('',(#1017),#1026);
#1017 = B_SPLINE_CURVE_WITH_KNOTS('',7,(#1018,#1019,#1020,#1021,#1022,
    #1023,#1024,#1025),.UNSPECIFIED.,.F.,.F.,(8,8),(0.,1.570796326795),
  .PIECEWISE_BEZIER_KNOTS.);
#1018 = CARTESIAN_POINT('',(4.712388980385,6.533889446372));
#1019 = CARTESIAN_POINT('',(4.936788455641,6.533889446372));
#1020 = CARTESIAN_POINT('',(5.161187930898,6.518176745931));
#1021 = CARTESIAN_POINT('',(5.385587406154,6.486753624437));
#1022 = CARTESIAN_POINT('',(5.60998688141,6.441549322552));
#1023 = CARTESIAN_POINT('',(5.834386356667,6.386467029732));
#1024 = CARTESIAN_POINT('',(6.058785831923,6.326450228332));
#1025 = CARTESIAN_POINT('',(6.28318530718,6.266433183229));
#1026 = ( GEOMETRIC_REPRESENTATION_CONTEXT(2) 
PARAMETRIC_REPRESENTATION_CONTEXT() REPRESENTATION_CONTEXT('2D SPACE',''
  ) );
#1027 = PCURVE('',#1028,#1033);
#1028 = CYLINDRICAL_SURFACE('',#1029,4.7625);
#1029 = AXIS2_PLACEMENT_3D('',#1030,#1031,#1032);
#1030 = CARTESIAN_POINT('',(34.840610127866,43.688743240314,0.));
#1031 = DIRECTION('',(0.745642164883,-0.666346577952,0.));
#1032 = DIRECTION('',(7.397933132225E-17,8.278290995846E-17,1.));
#1033 = DEFINITIONAL_REPRESENTATION('',(#1034),#1043);
#1034 = B_SPLINE_CURVE_WITH_KNOTS('',7,(#1035,#1036,#1037,#1038,#1039,
    #1040,#1041,#1042),.UNSPECIFIED.,.F.,.F.,(8,8),(0.,1.570796326795),
  .PIECEWISE_BEZIER_KNOTS.);
#1035 = CARTESIAN_POINT('',(4.712388980385,-0.267456263144));
#1036 = CARTESIAN_POINT('',(4.936788455641,-0.267456263144));
#1037 = CARTESIAN_POINT('',(5.161187930897,-0.251743562703));
#1038 = CARTESIAN_POINT('',(5.385587406154,-0.220320441205));
#1039 = CARTESIAN_POINT('',(5.60998688141,-0.175116139327));
#1040 = CARTESIAN_POINT('',(5.834386356667,-0.120033846502));
#1041 = CARTESIAN_POINT('',(6.058785831923,-6.001704510344E-02));
#1042 = CARTESIAN_POINT('',(6.28318530718,5.107025913276E-14));
#1043 = ( GEOMETRIC_REPRESENTATION_CONTEXT(2) 
PARAMETRIC_REPRESENTATION_CONTEXT() REPRESENTATION_CONTEXT('2D SPACE',''
  ) );
#1044 = ORIENTED_EDGE('',*,*,#1045,.F.);
#1045 = EDGE_CURVE('',#1046,#1007,#1048,.T.);
#1046 = VERTEX_POINT('',#1047);
#1047 = CARTESIAN_POINT('',(34.840610127866,43.688743240313,-4.7625));
#1048 = SURFACE_CURVE('',#1049,(#1054,#1066),.PCURVE_S1.);
#1049 = ELLIPSE('',#1050,4.770004098813,4.7625);
#1050 = AXIS2_PLACEMENT_3D('',#1051,#1052,#1053);
#1051 = CARTESIAN_POINT('',(34.840610127866,43.688743240313,0.));
#1052 = DIRECTION('',(0.781831482468,-0.623489801859,0.));
#1053 = DIRECTION('',(0.623489801859,0.781831482468,0.));
#1054 = PCURVE('',#892,#1055);
#1055 = DEFINITIONAL_REPRESENTATION('',(#1056),#1065);
#1056 = B_SPLINE_CURVE_WITH_KNOTS('',7,(#1057,#1058,#1059,#1060,#1061,
    #1062,#1063,#1064),.UNSPECIFIED.,.F.,.F.,(8,8),(4.712388980385,
    6.28318530718),.PIECEWISE_BEZIER_KNOTS.);
#1057 = CARTESIAN_POINT('',(3.14159265359,6.266433183229));
#1058 = CARTESIAN_POINT('',(3.365992128846,6.326450228332));
#1059 = CARTESIAN_POINT('',(3.590391604102,6.386467029731));
#1060 = CARTESIAN_POINT('',(3.814791079361,6.441549322555));
#1061 = CARTESIAN_POINT('',(4.039190554614,6.486753624436));
#1062 = CARTESIAN_POINT('',(4.263590029872,6.518176745931));
#1063 = CARTESIAN_POINT('',(4.487989505128,6.533889446372));
#1064 = CARTESIAN_POINT('',(4.712388980385,6.533889446372));
#1065 = ( GEOMETRIC_REPRESENTATION_CONTEXT(2) 
PARAMETRIC_REPRESENTATION_CONTEXT() REPRESENTATION_CONTEXT('2D SPACE',''
  ) );
#1066 = PCURVE('',#1028,#1067);
#1067 = DEFINITIONAL_REPRESENTATION('',(#1068),#1077);
#1068 = B_SPLINE_CURVE_WITH_KNOTS('',7,(#1069,#1070,#1071,#1072,#1073,
    #1074,#1075,#1076),.UNSPECIFIED.,.F.,.F.,(8,8),(4.712388980385,
    6.28318530718),.PIECEWISE_BEZIER_KNOTS.);
#1069 = CARTESIAN_POINT('',(3.14159265359,5.107025913276E-14));
#1070 = CARTESIAN_POINT('',(3.365992128846,-6.001704510344E-02));
#1071 = CARTESIAN_POINT('',(3.590391604102,-0.120033846502));
#1072 = CARTESIAN_POINT('',(3.81479107936,-0.175116139327));
#1073 = CARTESIAN_POINT('',(4.039190554616,-0.220320441205));
#1074 = CARTESIAN_POINT('',(4.263590029872,-0.251743562703));
#1075 = CARTESIAN_POINT('',(4.487989505128,-0.267456263144));
#1076 = CARTESIAN_POINT('',(4.712388980385,-0.267456263144));
#1077 = ( GEOMETRIC_REPRESENTATION_CONTEXT(2) 
PARAMETRIC_REPRESENTATION_CONTEXT() REPRESENTATION_CONTEXT('2D SPACE',''
  ) );
#1078 = ORIENTED_EDGE('',*,*,#1079,.F.);
#1079 = EDGE_CURVE('',#985,#1046,#1080,.T.);
#1080 = SURFACE_CURVE('',#1081,(#1086,#1099),.PCURVE_S1.);
#1081 = ELLIPSE('',#1082,4.770004098813,4.7625);
#1082 = AXIS2_PLACEMENT_3D('',#1083,#1084,#1085);
#1083 = CARTESIAN_POINT('',(34.840610127866,43.688743240313,0.));
#1084 = DIRECTION('',(0.781831482468,-0.623489801859,0.));
#1085 = DIRECTION('',(0.623489801859,0.781831482468,0.));
#1086 = PCURVE('',#892,#1087);
#1087 = DEFINITIONAL_REPRESENTATION('',(#1088),#1098);
#1088 = B_SPLINE_CURVE_WITH_KNOTS('',8,(#1089,#1090,#1091,#1092,#1093,
    #1094,#1095,#1096,#1097),.UNSPECIFIED.,.F.,.F.,(9,9),(1.570796326795
    ,4.712388980385),.PIECEWISE_BEZIER_KNOTS.);
#1089 = CARTESIAN_POINT('',(1.49195325094E-15,6.266433183229));
#1090 = CARTESIAN_POINT('',(0.392699081699,6.161403354298));
#1091 = CARTESIAN_POINT('',(0.785398163396,6.056372687906));
#1092 = CARTESIAN_POINT('',(1.178097245099,5.976032027296));
#1093 = CARTESIAN_POINT('',(1.570796326783,5.945004634958));
#1094 = CARTESIAN_POINT('',(1.9634954085,5.976032027295));
#1095 = CARTESIAN_POINT('',(2.356194490191,6.056372687904));
#1096 = CARTESIAN_POINT('',(2.748893571891,6.161403354298));
#1097 = CARTESIAN_POINT('',(3.14159265359,6.266433183229));
#1098 = ( GEOMETRIC_REPRESENTATION_CONTEXT(2) 
PARAMETRIC_REPRESENTATION_CONTEXT() REPRESENTATION_CONTEXT('2D SPACE',''
  ) );
#1099 = PCURVE('',#1028,#1100);
#1100 = DEFINITIONAL_REPRESENTATION('',(#1101),#1111);
#1101 = B_SPLINE_CURVE_WITH_KNOTS('',8,(#1102,#1103,#1104,#1105,#1106,
    #1107,#1108,#1109,#1110),.UNSPECIFIED.,.F.,.F.,(9,9),(1.570796326795
    ,4.712388980385),.PIECEWISE_BEZIER_KNOTS.);
#1102 = CARTESIAN_POINT('',(0.,5.107025913276E-14));
#1103 = CARTESIAN_POINT('',(0.392699081699,0.105029828931));
#1104 = CARTESIAN_POINT('',(0.785398163397,0.210060495319));
#1105 = CARTESIAN_POINT('',(1.178097245092,0.290401155932));
#1106 = CARTESIAN_POINT('',(1.570796326796,0.321428548246));
#1107 = CARTESIAN_POINT('',(1.963495408491,0.290401155932));
#1108 = CARTESIAN_POINT('',(2.356194490192,0.210060495319));
#1109 = CARTESIAN_POINT('',(2.748893571891,0.105029828931));
#1110 = CARTESIAN_POINT('',(3.14159265359,5.107025913276E-14));
#1111 = ( GEOMETRIC_REPRESENTATION_CONTEXT(2) 
PARAMETRIC_REPRESENTATION_CONTEXT() REPRESENTATION_CONTEXT('2D SPACE',''
  ) );
#1112 = ORIENTED_EDGE('',*,*,#984,.F.);
#1113 = ORIENTED_EDGE('',*,*,#943,.T.);
#1114 = ORIENTED_EDGE('',*,*,#909,.T.);
#1115 = ORIENTED_EDGE('',*,*,#870,.T.);
#1116 = ADVANCED_FACE('',(#1117),#1028,.T.);
#1117 = FACE_BOUND('',#1118,.T.);
#1118 = EDGE_LOOP('',(#1119,#1141,#1180,#1214,#1248,#1249,#1250,#1251));
#1119 = ORIENTED_EDGE('',*,*,#1120,.T.);
#1120 = EDGE_CURVE('',#985,#1121,#1123,.T.);
#1121 = VERTEX_POINT('',#1122);
#1122 = CARTESIAN_POINT('',(39.513126932704,39.513126932704,4.7625));
#1123 = SEAM_CURVE('',#1124,(#1128,#1134),.PCURVE_S1.);
#1124 = LINE('',#1125,#1126);
#1125 = CARTESIAN_POINT('',(34.840610127866,43.688743240314,4.7625));
#1126 = VECTOR('',#1127,1.);
#1127 = DIRECTION('',(0.745642164883,-0.666346577952,0.));
#1128 = PCURVE('',#1028,#1129);
#1129 = DEFINITIONAL_REPRESENTATION('',(#1130),#1133);
#1130 = B_SPLINE_CURVE_WITH_KNOTS('',1,(#1131,#1132),.UNSPECIFIED.,.F.,
  .F.,(2,2),(-1.480537077276,7.746970260505),.PIECEWISE_BEZIER_KNOTS.);
#1131 = CARTESIAN_POINT('',(6.28318530718,-1.480537077276));
#1132 = CARTESIAN_POINT('',(6.28318530718,7.746970260505));
#1133 = ( GEOMETRIC_REPRESENTATION_CONTEXT(2) 
PARAMETRIC_REPRESENTATION_CONTEXT() REPRESENTATION_CONTEXT('2D SPACE',''
  ) );
#1134 = PCURVE('',#1028,#1135);
#1135 = DEFINITIONAL_REPRESENTATION('',(#1136),#1140);
#1136 = LINE('',#1137,#1138);
#1137 = CARTESIAN_POINT('',(0.,0.));
#1138 = VECTOR('',#1139,1.);
#1139 = DIRECTION('',(0.,1.));
#1140 = ( GEOMETRIC_REPRESENTATION_CONTEXT(2) 
PARAMETRIC_REPRESENTATION_CONTEXT() REPRESENTATION_CONTEXT('2D SPACE',''
  ) );
#1141 = ORIENTED_EDGE('',*,*,#1142,.F.);
#1142 = EDGE_CURVE('',#1143,#1121,#1145,.T.);
#1143 = VERTEX_POINT('',#1144);
#1144 = CARTESIAN_POINT('',(42.886029177263,42.886029177263,
    -5.832380380939E-16));
#1145 = SURFACE_CURVE('',#1146,(#1151,#1163),.PCURVE_S1.);
#1146 = ELLIPSE('',#1147,4.770004098813,4.7625);
#1147 = AXIS2_PLACEMENT_3D('',#1148,#1149,#1150);
#1148 = CARTESIAN_POINT('',(39.513126932704,39.513126932704,0.));
#1149 = DIRECTION('',(0.707106781187,-0.707106781187,0.));
#1150 = DIRECTION('',(0.707106781187,0.707106781187,0.));
#1151 = PCURVE('',#1028,#1152);
#1152 = DEFINITIONAL_REPRESENTATION('',(#1153),#1162);
#1153 = B_SPLINE_CURVE_WITH_KNOTS('',7,(#1154,#1155,#1156,#1157,#1158,
    #1159,#1160,#1161),.UNSPECIFIED.,.F.,.F.,(8,8),(0.,1.570796326795),
  .PIECEWISE_BEZIER_KNOTS.);
#1154 = CARTESIAN_POINT('',(4.712388980385,6.533889446372));
#1155 = CARTESIAN_POINT('',(4.936788455641,6.533889446372));
#1156 = CARTESIAN_POINT('',(5.161187930898,6.518176745931));
#1157 = CARTESIAN_POINT('',(5.385587406154,6.486753624436));
#1158 = CARTESIAN_POINT('',(5.60998688141,6.441549322555));
#1159 = CARTESIAN_POINT('',(5.834386356667,6.386467029731));
#1160 = CARTESIAN_POINT('',(6.058785831923,6.326450228332));
#1161 = CARTESIAN_POINT('',(6.28318530718,6.266433183229));
#1162 = ( GEOMETRIC_REPRESENTATION_CONTEXT(2) 
PARAMETRIC_REPRESENTATION_CONTEXT() REPRESENTATION_CONTEXT('2D SPACE',''
  ) );
#1163 = PCURVE('',#1164,#1169);
#1164 = CYLINDRICAL_SURFACE('',#1165,4.7625);
#1165 = AXIS2_PLACEMENT_3D('',#1166,#1167,#1168);
#1166 = CARTESIAN_POINT('',(39.513126932704,39.513126932704,0.));
#1167 = DIRECTION('',(0.666346577952,-0.745642164883,0.));
#1168 = DIRECTION('',(-8.278290995846E-17,-7.397933132225E-17,1.));
#1169 = DEFINITIONAL_REPRESENTATION('',(#1170),#1179);
#1170 = B_SPLINE_CURVE_WITH_KNOTS('',7,(#1171,#1172,#1173,#1174,#1175,
    #1176,#1177,#1178),.UNSPECIFIED.,.F.,.F.,(8,8),(0.,1.570796326795),
  .PIECEWISE_BEZIER_KNOTS.);
#1171 = CARTESIAN_POINT('',(4.712388980385,-0.267456263144));
#1172 = CARTESIAN_POINT('',(4.936788455641,-0.267456263144));
#1173 = CARTESIAN_POINT('',(5.161187930898,-0.251743562703));
#1174 = CARTESIAN_POINT('',(5.385587406154,-0.220320441205));
#1175 = CARTESIAN_POINT('',(5.60998688141,-0.175116139327));
#1176 = CARTESIAN_POINT('',(5.834386356667,-0.120033846502));
#1177 = CARTESIAN_POINT('',(6.058785831923,-6.001704510342E-02));
#1178 = CARTESIAN_POINT('',(6.28318530718,6.039613253961E-14));
#1179 = ( GEOMETRIC_REPRESENTATION_CONTEXT(2) 
PARAMETRIC_REPRESENTATION_CONTEXT() REPRESENTATION_CONTEXT('2D SPACE',''
  ) );
#1180 = ORIENTED_EDGE('',*,*,#1181,.F.);
#1181 = EDGE_CURVE('',#1182,#1143,#1184,.T.);
#1182 = VERTEX_POINT('',#1183);
#1183 = CARTESIAN_POINT('',(39.513126932704,39.513126932704,-4.7625));
#1184 = SURFACE_CURVE('',#1185,(#1190,#1202),.PCURVE_S1.);
#1185 = ELLIPSE('',#1186,4.770004098813,4.7625);
#1186 = AXIS2_PLACEMENT_3D('',#1187,#1188,#1189);
#1187 = CARTESIAN_POINT('',(39.513126932704,39.513126932704,0.));
#1188 = DIRECTION('',(0.707106781187,-0.707106781187,0.));
#1189 = DIRECTION('',(0.707106781187,0.707106781187,0.));
#1190 = PCURVE('',#1028,#1191);
#1191 = DEFINITIONAL_REPRESENTATION('',(#1192),#1201);
#1192 = B_SPLINE_CURVE_WITH_KNOTS('',7,(#1193,#1194,#1195,#1196,#1197,
    #1198,#1199,#1200),.UNSPECIFIED.,.F.,.F.,(8,8),(4.712388980385,
    6.28318530718),.PIECEWISE_BEZIER_KNOTS.);
#1193 = CARTESIAN_POINT('',(3.14159265359,6.266433183229));
#1194 = CARTESIAN_POINT('',(3.365992128846,6.326450228332));
#1195 = CARTESIAN_POINT('',(3.590391604102,6.386467029731));
#1196 = CARTESIAN_POINT('',(3.81479107936,6.441549322558));
#1197 = CARTESIAN_POINT('',(4.039190554615,6.486753624432));
#1198 = CARTESIAN_POINT('',(4.263590029872,6.518176745932));
#1199 = CARTESIAN_POINT('',(4.487989505128,6.533889446372));
#1200 = CARTESIAN_POINT('',(4.712388980385,6.533889446372));
#1201 = ( GEOMETRIC_REPRESENTATION_CONTEXT(2) 
PARAMETRIC_REPRESENTATION_CONTEXT() REPRESENTATION_CONTEXT('2D SPACE',''
  ) );
#1202 = PCURVE('',#1164,#1203);
#1203 = DEFINITIONAL_REPRESENTATION('',(#1204),#1213);
#1204 = B_SPLINE_CURVE_WITH_KNOTS('',7,(#1205,#1206,#1207,#1208,#1209,
    #1210,#1211,#1212),.UNSPECIFIED.,.F.,.F.,(8,8),(4.712388980385,
    6.28318530718),.PIECEWISE_BEZIER_KNOTS.);
#1205 = CARTESIAN_POINT('',(3.14159265359,6.039613253961E-14));
#1206 = CARTESIAN_POINT('',(3.365992128846,-6.001704510342E-02));
#1207 = CARTESIAN_POINT('',(3.590391604102,-0.120033846502));
#1208 = CARTESIAN_POINT('',(3.814791079361,-0.175116139327));
#1209 = CARTESIAN_POINT('',(4.039190554615,-0.220320441205));
#1210 = CARTESIAN_POINT('',(4.263590029872,-0.251743562703));
#1211 = CARTESIAN_POINT('',(4.487989505128,-0.267456263144));
#1212 = CARTESIAN_POINT('',(4.712388980385,-0.267456263144));
#1213 = ( GEOMETRIC_REPRESENTATION_CONTEXT(2) 
PARAMETRIC_REPRESENTATION_CONTEXT() REPRESENTATION_CONTEXT('2D SPACE',''
  ) );
#1214 = ORIENTED_EDGE('',*,*,#1215,.F.);
#1215 = EDGE_CURVE('',#1121,#1182,#1216,.T.);
#1216 = SURFACE_CURVE('',#1217,(#1222,#1235),.PCURVE_S1.);
#1217 = ELLIPSE('',#1218,4.770004098813,4.7625);
#1218 = AXIS2_PLACEMENT_3D('',#1219,#1220,#1221);
#1219 = CARTESIAN_POINT('',(39.513126932704,39.513126932704,0.));
#1220 = DIRECTION('',(0.707106781187,-0.707106781187,0.));
#1221 = DIRECTION('',(0.707106781187,0.707106781187,0.));
#1222 = PCURVE('',#1028,#1223);
#1223 = DEFINITIONAL_REPRESENTATION('',(#1224),#1234);
#1224 = B_SPLINE_CURVE_WITH_KNOTS('',8,(#1225,#1226,#1227,#1228,#1229,
    #1230,#1231,#1232,#1233),.UNSPECIFIED.,.F.,.F.,(9,9),(1.570796326795
    ,4.712388980385),.PIECEWISE_BEZIER_KNOTS.);
#1225 = CARTESIAN_POINT('',(-1.7763568394E-15,6.266433183229));
#1226 = CARTESIAN_POINT('',(0.392699081699,6.161403354298));
#1227 = CARTESIAN_POINT('',(0.785398163398,6.056372687911));
#1228 = CARTESIAN_POINT('',(1.178097245089,5.976032027284));
#1229 = CARTESIAN_POINT('',(1.570796326798,5.945004634989));
#1230 = CARTESIAN_POINT('',(1.963495408487,5.976032027286));
#1231 = CARTESIAN_POINT('',(2.356194490193,6.056372687909));
#1232 = CARTESIAN_POINT('',(2.748893571891,6.161403354298));
#1233 = CARTESIAN_POINT('',(3.14159265359,6.266433183229));
#1234 = ( GEOMETRIC_REPRESENTATION_CONTEXT(2) 
PARAMETRIC_REPRESENTATION_CONTEXT() REPRESENTATION_CONTEXT('2D SPACE',''
  ) );
#1235 = PCURVE('',#1164,#1236);
#1236 = DEFINITIONAL_REPRESENTATION('',(#1237),#1247);
#1237 = B_SPLINE_CURVE_WITH_KNOTS('',8,(#1238,#1239,#1240,#1241,#1242,
    #1243,#1244,#1245,#1246),.UNSPECIFIED.,.F.,.F.,(9,9),(1.570796326795
    ,4.712388980385),.PIECEWISE_BEZIER_KNOTS.);
#1238 = CARTESIAN_POINT('',(-1.7763568394E-15,6.039613253961E-14));
#1239 = CARTESIAN_POINT('',(0.392699081699,0.105029828931));
#1240 = CARTESIAN_POINT('',(0.785398163398,0.210060495319));
#1241 = CARTESIAN_POINT('',(1.178097245093,0.290401155933));
#1242 = CARTESIAN_POINT('',(1.570796326794,0.321428548244));
#1243 = CARTESIAN_POINT('',(1.963495408488,0.290401155933));
#1244 = CARTESIAN_POINT('',(2.356194490193,0.210060495319));
#1245 = CARTESIAN_POINT('',(2.748893571891,0.105029828931));
#1246 = CARTESIAN_POINT('',(3.14159265359,6.039613253961E-14));
#1247 = ( GEOMETRIC_REPRESENTATION_CONTEXT(2) 
PARAMETRIC_REPRESENTATION_CONTEXT() REPRESENTATION_CONTEXT('2D SPACE',''
  ) );
#1248 = ORIENTED_EDGE('',*,*,#1120,.F.);
#1249 = ORIENTED_EDGE('',*,*,#1079,.T.);
#1250 = ORIENTED_EDGE('',*,*,#1045,.T.);
#1251 = ORIENTED_EDGE('',*,*,#1006,.T.);
#1252 = ADVANCED_FACE('',(#1253),#1164,.T.);
#1253 = FACE_BOUND('',#1254,.T.);
#1254 = EDGE_LOOP('',(#1255,#1277,#1316,#1350,#1384,#1385,#1386,#1387));
#1255 = ORIENTED_EDGE('',*,*,#1256,.T.);
#1256 = EDGE_CURVE('',#1121,#1257,#1259,.T.);
#1257 = VERTEX_POINT('',#1258);
#1258 = CARTESIAN_POINT('',(43.688743240313,34.840610127866,4.7625));
#1259 = SEAM_CURVE('',#1260,(#1264,#1270),.PCURVE_S1.);
#1260 = LINE('',#1261,#1262);
#1261 = CARTESIAN_POINT('',(39.513126932704,39.513126932704,4.7625));
#1262 = VECTOR('',#1263,1.);
#1263 = DIRECTION('',(0.666346577952,-0.745642164883,0.));
#1264 = PCURVE('',#1164,#1265);
#1265 = DEFINITIONAL_REPRESENTATION('',(#1266),#1269);
#1266 = B_SPLINE_CURVE_WITH_KNOTS('',1,(#1267,#1268),.UNSPECIFIED.,.F.,
  .F.,(2,2),(-1.480537077276,7.746970260505),.PIECEWISE_BEZIER_KNOTS.);
#1267 = CARTESIAN_POINT('',(6.28318530718,-1.480537077276));
#1268 = CARTESIAN_POINT('',(6.28318530718,7.746970260505));
#1269 = ( GEOMETRIC_REPRESENTATION_CONTEXT(2) 
PARAMETRIC_REPRESENTATION_CONTEXT() REPRESENTATION_CONTEXT('2D SPACE',''
  ) );
#1270 = PCURVE('',#1164,#1271);
#1271 = DEFINITIONAL_REPRESENTATION('',(#1272),#1276);
#1272 = LINE('',#1273,#1274);
#1273 = CARTESIAN_POINT('',(0.,0.));
#1274 = VECTOR('',#1275,1.);
#1275 = DIRECTION('',(0.,1.));
#1276 = ( GEOMETRIC_REPRESENTATION_CONTEXT(2) 
PARAMETRIC_REPRESENTATION_CONTEXT() REPRESENTATION_CONTEXT('2D SPACE',''
  ) );
#1277 = ORIENTED_EDGE('',*,*,#1278,.F.);
#1278 = EDGE_CURVE('',#1279,#1257,#1281,.T.);
#1279 = VERTEX_POINT('',#1280);
#1280 = CARTESIAN_POINT('',(47.418082616267,37.814659038301,
    -5.832380380939E-16));
#1281 = SURFACE_CURVE('',#1282,(#1287,#1299),.PCURVE_S1.);
#1282 = ELLIPSE('',#1283,4.770004098813,4.7625);
#1283 = AXIS2_PLACEMENT_3D('',#1284,#1285,#1286);
#1284 = CARTESIAN_POINT('',(43.688743240313,34.840610127866,0.));
#1285 = DIRECTION('',(0.623489801859,-0.781831482468,0.));
#1286 = DIRECTION('',(0.781831482468,0.623489801859,0.));
#1287 = PCURVE('',#1164,#1288);
#1288 = DEFINITIONAL_REPRESENTATION('',(#1289),#1298);
#1289 = B_SPLINE_CURVE_WITH_KNOTS('',7,(#1290,#1291,#1292,#1293,#1294,
    #1295,#1296,#1297),.UNSPECIFIED.,.F.,.F.,(8,8),(0.,1.570796326795),
  .PIECEWISE_BEZIER_KNOTS.);
#1290 = CARTESIAN_POINT('',(4.712388980385,6.533889446372));
#1291 = CARTESIAN_POINT('',(4.936788455641,6.533889446372));
#1292 = CARTESIAN_POINT('',(5.161187930897,6.51817674593));
#1293 = CARTESIAN_POINT('',(5.385587406154,6.486753624436));
#1294 = CARTESIAN_POINT('',(5.60998688141,6.441549322553));
#1295 = CARTESIAN_POINT('',(5.834386356667,6.386467029731));
#1296 = CARTESIAN_POINT('',(6.058785831923,6.326450228332));
#1297 = CARTESIAN_POINT('',(6.28318530718,6.266433183228));
#1298 = ( GEOMETRIC_REPRESENTATION_CONTEXT(2) 
PARAMETRIC_REPRESENTATION_CONTEXT() REPRESENTATION_CONTEXT('2D SPACE',''
  ) );
#1299 = PCURVE('',#1300,#1305);
#1300 = CYLINDRICAL_SURFACE('',#1301,4.7625);
#1301 = AXIS2_PLACEMENT_3D('',#1302,#1303,#1304);
#1302 = CARTESIAN_POINT('',(43.688743240314,34.840610127866,0.));
#1303 = DIRECTION('',(0.57867129618,-0.815560868959,0.));
#1304 = DIRECTION('',(-9.054544547019E-17,-6.424541967085E-17,1.));
#1305 = DEFINITIONAL_REPRESENTATION('',(#1306),#1315);
#1306 = B_SPLINE_CURVE_WITH_KNOTS('',7,(#1307,#1308,#1309,#1310,#1311,
    #1312,#1313,#1314),.UNSPECIFIED.,.F.,.F.,(8,8),(0.,1.570796326795),
  .PIECEWISE_BEZIER_KNOTS.);
#1307 = CARTESIAN_POINT('',(4.712388980385,-0.267456263144));
#1308 = CARTESIAN_POINT('',(4.936788455641,-0.267456263144));
#1309 = CARTESIAN_POINT('',(5.161187930897,-0.251743562703));
#1310 = CARTESIAN_POINT('',(5.385587406154,-0.220320441205));
#1311 = CARTESIAN_POINT('',(5.60998688141,-0.175116139327));
#1312 = CARTESIAN_POINT('',(5.834386356667,-0.120033846503));
#1313 = CARTESIAN_POINT('',(6.058785831923,-6.001704510359E-02));
#1314 = CARTESIAN_POINT('',(6.28318530718,-1.043609643148E-13));
#1315 = ( GEOMETRIC_REPRESENTATION_CONTEXT(2) 
PARAMETRIC_REPRESENTATION_CONTEXT() REPRESENTATION_CONTEXT('2D SPACE',''
  ) );
#1316 = ORIENTED_EDGE('',*,*,#1317,.F.);
#1317 = EDGE_CURVE('',#1318,#1279,#1320,.T.);
#1318 = VERTEX_POINT('',#1319);
#1319 = CARTESIAN_POINT('',(43.688743240313,34.840610127866,-4.7625));
#1320 = SURFACE_CURVE('',#1321,(#1326,#1338),.PCURVE_S1.);
#1321 = ELLIPSE('',#1322,4.770004098813,4.7625);
#1322 = AXIS2_PLACEMENT_3D('',#1323,#1324,#1325);
#1323 = CARTESIAN_POINT('',(43.688743240313,34.840610127866,0.));
#1324 = DIRECTION('',(0.623489801859,-0.781831482468,0.));
#1325 = DIRECTION('',(0.781831482468,0.623489801859,0.));
#1326 = PCURVE('',#1164,#1327);
#1327 = DEFINITIONAL_REPRESENTATION('',(#1328),#1337);
#1328 = B_SPLINE_CURVE_WITH_KNOTS('',7,(#1329,#1330,#1331,#1332,#1333,
    #1334,#1335,#1336),.UNSPECIFIED.,.F.,.F.,(8,8),(4.712388980385,
    6.28318530718),.PIECEWISE_BEZIER_KNOTS.);
#1329 = CARTESIAN_POINT('',(3.14159265359,6.266433183228));
#1330 = CARTESIAN_POINT('',(3.365992128846,6.326450228332));
#1331 = CARTESIAN_POINT('',(3.590391604102,6.386467029732));
#1332 = CARTESIAN_POINT('',(3.814791079361,6.441549322553));
#1333 = CARTESIAN_POINT('',(4.039190554614,6.486753624435));
#1334 = CARTESIAN_POINT('',(4.263590029872,6.518176745931));
#1335 = CARTESIAN_POINT('',(4.487989505128,6.533889446372));
#1336 = CARTESIAN_POINT('',(4.712388980385,6.533889446372));
#1337 = ( GEOMETRIC_REPRESENTATION_CONTEXT(2) 
PARAMETRIC_REPRESENTATION_CONTEXT() REPRESENTATION_CONTEXT('2D SPACE',''
  ) );
#1338 = PCURVE('',#1300,#1339);
#1339 = DEFINITIONAL_REPRESENTATION('',(#1340),#1349);
#1340 = B_SPLINE_CURVE_WITH_KNOTS('',7,(#1341,#1342,#1343,#1344,#1345,
    #1346,#1347,#1348),.UNSPECIFIED.,.F.,.F.,(8,8),(4.712388980385,
    6.28318530718),.PIECEWISE_BEZIER_KNOTS.);
#1341 = CARTESIAN_POINT('',(3.14159265359,-1.043609643148E-13));
#1342 = CARTESIAN_POINT('',(3.365992128846,-6.001704510359E-02));
#1343 = CARTESIAN_POINT('',(3.590391604102,-0.120033846503));
#1344 = CARTESIAN_POINT('',(3.81479107936,-0.175116139327));
#1345 = CARTESIAN_POINT('',(4.039190554616,-0.220320441205));
#1346 = CARTESIAN_POINT('',(4.263590029872,-0.251743562703));
#1347 = CARTESIAN_POINT('',(4.487989505128,-0.267456263144));
#1348 = CARTESIAN_POINT('',(4.712388980385,-0.267456263144));
#1349 = ( GEOMETRIC_REPRESENTATION_CONTEXT(2) 
PARAMETRIC_REPRESENTATION_CONTEXT() REPRESENTATION_CONTEXT('2D SPACE',''
  ) );
#1350 = ORIENTED_EDGE('',*,*,#1351,.F.);
#1351 = EDGE_CURVE('',#1257,#1318,#1352,.T.);
#1352 = SURFACE_CURVE('',#1353,(#1358,#1371),.PCURVE_S1.);
#1353 = ELLIPSE('',#1354,4.770004098813,4.7625);
#1354 = AXIS2_PLACEMENT_3D('',#1355,#1356,#1357);
#1355 = CARTESIAN_POINT('',(43.688743240313,34.840610127866,0.));
#1356 = DIRECTION('',(0.623489801859,-0.781831482468,0.));
#1357 = DIRECTION('',(0.781831482468,0.623489801859,0.));
#1358 = PCURVE('',#1164,#1359);
#1359 = DEFINITIONAL_REPRESENTATION('',(#1360),#1370);
#1360 = B_SPLINE_CURVE_WITH_KNOTS('',8,(#1361,#1362,#1363,#1364,#1365,
    #1366,#1367,#1368,#1369),.UNSPECIFIED.,.F.,.F.,(9,9),(1.570796326795
    ,4.712388980385),.PIECEWISE_BEZIER_KNOTS.);
#1361 = CARTESIAN_POINT('',(0.,6.266433183228));
#1362 = CARTESIAN_POINT('',(0.392699081699,6.161403354297));
#1363 = CARTESIAN_POINT('',(0.785398163398,6.056372687905));
#1364 = CARTESIAN_POINT('',(1.178097245092,5.9760320273));
#1365 = CARTESIAN_POINT('',(1.570796326796,5.945004634945));
#1366 = CARTESIAN_POINT('',(1.963495408491,5.976032027307));
#1367 = CARTESIAN_POINT('',(2.356194490192,6.056372687905));
#1368 = CARTESIAN_POINT('',(2.748893571891,6.161403354297));
#1369 = CARTESIAN_POINT('',(3.14159265359,6.266433183228));
#1370 = ( GEOMETRIC_REPRESENTATION_CONTEXT(2) 
PARAMETRIC_REPRESENTATION_CONTEXT() REPRESENTATION_CONTEXT('2D SPACE',''
  ) );
#1371 = PCURVE('',#1300,#1372);
#1372 = DEFINITIONAL_REPRESENTATION('',(#1373),#1383);
#1373 = B_SPLINE_CURVE_WITH_KNOTS('',8,(#1374,#1375,#1376,#1377,#1378,
    #1379,#1380,#1381,#1382),.UNSPECIFIED.,.F.,.F.,(9,9),(1.570796326795
    ,4.712388980385),.PIECEWISE_BEZIER_KNOTS.);
#1374 = CARTESIAN_POINT('',(0.,-1.043609643148E-13));
#1375 = CARTESIAN_POINT('',(0.392699081699,0.105029828931));
#1376 = CARTESIAN_POINT('',(0.785398163398,0.210060495319));
#1377 = CARTESIAN_POINT('',(1.178097245091,0.290401155932));
#1378 = CARTESIAN_POINT('',(1.570796326796,0.321428548245));
#1379 = CARTESIAN_POINT('',(1.963495408492,0.290401155932));
#1380 = CARTESIAN_POINT('',(2.356194490193,0.210060495319));
#1381 = CARTESIAN_POINT('',(2.748893571891,0.105029828931));
#1382 = CARTESIAN_POINT('',(3.14159265359,-1.043609643148E-13));
#1383 = ( GEOMETRIC_REPRESENTATION_CONTEXT(2) 
PARAMETRIC_REPRESENTATION_CONTEXT() REPRESENTATION_CONTEXT('2D SPACE',''
  ) );
#1384 = ORIENTED_EDGE('',*,*,#1256,.F.);
#1385 = ORIENTED_EDGE('',*,*,#1215,.T.);
#1386 = ORIENTED_EDGE('',*,*,#1181,.T.);
#1387 = ORIENTED_EDGE('',*,*,#1142,.T.);
#1388 = ADVANCED_FACE('',(#1389),#1300,.T.);
#1389 = FACE_BOUND('',#1390,.T.);
#1390 = EDGE_LOOP('',(#1391,#1413,#1452,#1486,#1520,#1521,#1522,#1523));
#1391 = ORIENTED_EDGE('',*,*,#1392,.T.);
#1392 = EDGE_CURVE('',#1257,#1393,#1395,.T.);
#1393 = VERTEX_POINT('',#1394);
#1394 = CARTESIAN_POINT('',(47.314948252877,29.729952435677,4.7625));
#1395 = SEAM_CURVE('',#1396,(#1400,#1406),.PCURVE_S1.);
#1396 = LINE('',#1397,#1398);
#1397 = CARTESIAN_POINT('',(43.688743240314,34.840610127866,4.7625));
#1398 = VECTOR('',#1399,1.);
#1399 = DIRECTION('',(0.57867129618,-0.815560868959,0.));
#1400 = PCURVE('',#1300,#1401);
#1401 = DEFINITIONAL_REPRESENTATION('',(#1402),#1405);
#1402 = B_SPLINE_CURVE_WITH_KNOTS('',1,(#1403,#1404),.UNSPECIFIED.,.F.,
  .F.,(2,2),(-1.480537077276,7.746970260505),.PIECEWISE_BEZIER_KNOTS.);
#1403 = CARTESIAN_POINT('',(6.28318530718,-1.480537077276));
#1404 = CARTESIAN_POINT('',(6.28318530718,7.746970260505));
#1405 = ( GEOMETRIC_REPRESENTATION_CONTEXT(2) 
PARAMETRIC_REPRESENTATION_CONTEXT() REPRESENTATION_CONTEXT('2D SPACE',''
  ) );
#1406 = PCURVE('',#1300,#1407);
#1407 = DEFINITIONAL_REPRESENTATION('',(#1408),#1412);
#1408 = LINE('',#1409,#1410);
#1409 = CARTESIAN_POINT('',(0.,0.));
#1410 = VECTOR('',#1411,1.);
#1411 = DIRECTION('',(0.,1.));
#1412 = ( GEOMETRIC_REPRESENTATION_CONTEXT(2) 
PARAMETRIC_REPRESENTATION_CONTEXT() REPRESENTATION_CONTEXT('2D SPACE',''
  ) );
#1413 = ORIENTED_EDGE('',*,*,#1414,.F.);
#1414 = EDGE_CURVE('',#1415,#1393,#1417,.T.);
#1415 = VERTEX_POINT('',#1416);
#1416 = CARTESIAN_POINT('',(51.35382615376,32.267747621355,
    -5.832380380939E-16));
#1417 = SURFACE_CURVE('',#1418,(#1423,#1435),.PCURVE_S1.);
#1418 = ELLIPSE('',#1419,4.770004098813,4.7625);
#1419 = AXIS2_PLACEMENT_3D('',#1420,#1421,#1422);
#1420 = CARTESIAN_POINT('',(47.314948252877,29.729952435677,0.));
#1421 = DIRECTION('',(0.532032076515,-0.846724199228,0.));
#1422 = DIRECTION('',(0.846724199228,0.532032076515,0.));
#1423 = PCURVE('',#1300,#1424);
#1424 = DEFINITIONAL_REPRESENTATION('',(#1425),#1434);
#1425 = B_SPLINE_CURVE_WITH_KNOTS('',7,(#1426,#1427,#1428,#1429,#1430,
    #1431,#1432,#1433),.UNSPECIFIED.,.F.,.F.,(8,8),(0.,1.570796326795),
  .PIECEWISE_BEZIER_KNOTS.);
#1426 = CARTESIAN_POINT('',(4.712388980385,6.533889446372));
#1427 = CARTESIAN_POINT('',(4.936788455641,6.533889446372));
#1428 = CARTESIAN_POINT('',(5.161187930898,6.518176745932));
#1429 = CARTESIAN_POINT('',(5.385587406154,6.486753624434));
#1430 = CARTESIAN_POINT('',(5.60998688141,6.441549322557));
#1431 = CARTESIAN_POINT('',(5.834386356667,6.386467029731));
#1432 = CARTESIAN_POINT('',(6.058785831923,6.326450228332));
#1433 = CARTESIAN_POINT('',(6.28318530718,6.266433183229));
#1434 = ( GEOMETRIC_REPRESENTATION_CONTEXT(2) 
PARAMETRIC_REPRESENTATION_CONTEXT() REPRESENTATION_CONTEXT('2D SPACE',''
  ) );
#1435 = PCURVE('',#1436,#1441);
#1436 = CYLINDRICAL_SURFACE('',#1437,4.7625);
#1437 = AXIS2_PLACEMENT_3D('',#1438,#1439,#1440);
#1438 = CARTESIAN_POINT('',(47.314948252877,29.729952435677,0.));
#1439 = DIRECTION('',(0.483718887105,-0.875223421909,0.));
#1440 = DIRECTION('',(-9.716931946943E-17,-5.370358459103E-17,1.));
#1441 = DEFINITIONAL_REPRESENTATION('',(#1442),#1451);
#1442 = B_SPLINE_CURVE_WITH_KNOTS('',7,(#1443,#1444,#1445,#1446,#1447,
    #1448,#1449,#1450),.UNSPECIFIED.,.F.,.F.,(8,8),(0.,1.570796326795),
  .PIECEWISE_BEZIER_KNOTS.);
#1443 = CARTESIAN_POINT('',(4.712388980385,-0.267456263144));
#1444 = CARTESIAN_POINT('',(4.936788455641,-0.267456263144));
#1445 = CARTESIAN_POINT('',(5.161187930898,-0.251743562703));
#1446 = CARTESIAN_POINT('',(5.385587406154,-0.220320441205));
#1447 = CARTESIAN_POINT('',(5.60998688141,-0.175116139327));
#1448 = CARTESIAN_POINT('',(5.834386356667,-0.120033846502));
#1449 = CARTESIAN_POINT('',(6.058785831923,-6.001704510344E-02));
#1450 = CARTESIAN_POINT('',(6.28318530718,4.574118861456E-14));
#1451 = ( GEOMETRIC_REPRESENTATION_CONTEXT(2) 
PARAMETRIC_REPRESENTATION_CONTEXT() REPRESENTATION_CONTEXT('2D SPACE',''
  ) );
#1452 = ORIENTED_EDGE('',*,*,#1453,.F.);
#1453 = EDGE_CURVE('',#1454,#1415,#1456,.T.);
#1454 = VERTEX_POINT('',#1455);
#1455 = CARTESIAN_POINT('',(47.314948252877,29.729952435677,-4.7625));
#1456 = SURFACE_CURVE('',#1457,(#1462,#1474),.PCURVE_S1.);
#1457 = ELLIPSE('',#1458,4.770004098813,4.7625);
#1458 = AXIS2_PLACEMENT_3D('',#1459,#1460,#1461);
#1459 = CARTESIAN_POINT('',(47.314948252877,29.729952435677,0.));
#1460 = DIRECTION('',(0.532032076515,-0.846724199228,0.));
#1461 = DIRECTION('',(0.846724199228,0.532032076515,0.));
#1462 = PCURVE('',#1300,#1463);
#1463 = DEFINITIONAL_REPRESENTATION('',(#1464),#1473);
#1464 = B_SPLINE_CURVE_WITH_KNOTS('',7,(#1465,#1466,#1467,#1468,#1469,
    #1470,#1471,#1472),.UNSPECIFIED.,.F.,.F.,(8,8),(4.712388980385,
    6.28318530718),.PIECEWISE_BEZIER_KNOTS.);
#1465 = CARTESIAN_POINT('',(3.14159265359,6.266433183229));
#1466 = CARTESIAN_POINT('',(3.365992128846,6.326450228332));
#1467 = CARTESIAN_POINT('',(3.590391604103,6.386467029732));
#1468 = CARTESIAN_POINT('',(3.814791079359,6.441549322554));
#1469 = CARTESIAN_POINT('',(4.039190554615,6.486753624437));
#1470 = CARTESIAN_POINT('',(4.263590029872,6.518176745931));
#1471 = CARTESIAN_POINT('',(4.487989505128,6.533889446372));
#1472 = CARTESIAN_POINT('',(4.712388980385,6.533889446372));
#1473 = ( GEOMETRIC_REPRESENTATION_CONTEXT(2) 
PARAMETRIC_REPRESENTATION_CONTEXT() REPRESENTATION_CONTEXT('2D SPACE',''
  ) );
#1474 = PCURVE('',#1436,#1475);
#1475 = DEFINITIONAL_REPRESENTATION('',(#1476),#1485);
#1476 = B_SPLINE_CURVE_WITH_KNOTS('',7,(#1477,#1478,#1479,#1480,#1481,
    #1482,#1483,#1484),.UNSPECIFIED.,.F.,.F.,(8,8),(4.712388980385,
    6.28318530718),.PIECEWISE_BEZIER_KNOTS.);
#1477 = CARTESIAN_POINT('',(3.14159265359,4.574118861456E-14));
#1478 = CARTESIAN_POINT('',(3.365992128846,-6.001704510344E-02));
#1479 = CARTESIAN_POINT('',(3.590391604102,-0.120033846502));
#1480 = CARTESIAN_POINT('',(3.81479107936,-0.175116139327));
#1481 = CARTESIAN_POINT('',(4.039190554616,-0.220320441205));
#1482 = CARTESIAN_POINT('',(4.263590029872,-0.251743562703));
#1483 = CARTESIAN_POINT('',(4.487989505128,-0.267456263144));
#1484 = CARTESIAN_POINT('',(4.712388980385,-0.267456263144));
#1485 = ( GEOMETRIC_REPRESENTATION_CONTEXT(2) 
PARAMETRIC_REPRESENTATION_CONTEXT() REPRESENTATION_CONTEXT('2D SPACE',''
  ) );
#1486 = ORIENTED_EDGE('',*,*,#1487,.F.);
#1487 = EDGE_CURVE('',#1393,#1454,#1488,.T.);
#1488 = SURFACE_CURVE('',#1489,(#1494,#1507),.PCURVE_S1.);
#1489 = ELLIPSE('',#1490,4.770004098813,4.7625);
#1490 = AXIS2_PLACEMENT_3D('',#1491,#1492,#1493);
#1491 = CARTESIAN_POINT('',(47.314948252877,29.729952435677,0.));
#1492 = DIRECTION('',(0.532032076515,-0.846724199228,0.));
#1493 = DIRECTION('',(0.846724199228,0.532032076515,0.));
#1494 = PCURVE('',#1300,#1495);
#1495 = DEFINITIONAL_REPRESENTATION('',(#1496),#1506);
#1496 = B_SPLINE_CURVE_WITH_KNOTS('',8,(#1497,#1498,#1499,#1500,#1501,
    #1502,#1503,#1504,#1505),.UNSPECIFIED.,.F.,.F.,(9,9),(1.570796326795
    ,4.712388980385),.PIECEWISE_BEZIER_KNOTS.);
#1497 = CARTESIAN_POINT('',(0.,6.266433183229));
#1498 = CARTESIAN_POINT('',(0.392699081699,6.161403354298));
#1499 = CARTESIAN_POINT('',(0.785398163398,6.056372687906));
#1500 = CARTESIAN_POINT('',(1.178097245091,5.976032027304));
#1501 = CARTESIAN_POINT('',(1.570796326796,5.945004634962));
#1502 = CARTESIAN_POINT('',(1.963495408488,5.976032027301));
#1503 = CARTESIAN_POINT('',(2.356194490193,6.056372687906));
#1504 = CARTESIAN_POINT('',(2.748893571891,6.161403354298));
#1505 = CARTESIAN_POINT('',(3.14159265359,6.266433183229));
#1506 = ( GEOMETRIC_REPRESENTATION_CONTEXT(2) 
PARAMETRIC_REPRESENTATION_CONTEXT() REPRESENTATION_CONTEXT('2D SPACE',''
  ) );
#1507 = PCURVE('',#1436,#1508);
#1508 = DEFINITIONAL_REPRESENTATION('',(#1509),#1519);
#1509 = B_SPLINE_CURVE_WITH_KNOTS('',8,(#1510,#1511,#1512,#1513,#1514,
    #1515,#1516,#1517,#1518),.UNSPECIFIED.,.F.,.F.,(9,9),(1.570796326795
    ,4.712388980385),.PIECEWISE_BEZIER_KNOTS.);
#1510 = CARTESIAN_POINT('',(0.,4.574118861456E-14));
#1511 = CARTESIAN_POINT('',(0.392699081699,0.105029828931));
#1512 = CARTESIAN_POINT('',(0.785398163398,0.210060495319));
#1513 = CARTESIAN_POINT('',(1.178097245093,0.290401155933));
#1514 = CARTESIAN_POINT('',(1.570796326794,0.321428548244));
#1515 = CARTESIAN_POINT('',(1.963495408488,0.290401155933));
#1516 = CARTESIAN_POINT('',(2.356194490193,0.210060495319));
#1517 = CARTESIAN_POINT('',(2.748893571891,0.105029828931));
#1518 = CARTESIAN_POINT('',(3.14159265359,4.574118861456E-14));
#1519 = ( GEOMETRIC_REPRESENTATION_CONTEXT(2) 
PARAMETRIC_REPRESENTATION_CONTEXT() REPRESENTATION_CONTEXT('2D SPACE',''
  ) );
#1520 = ORIENTED_EDGE('',*,*,#1392,.F.);
#1521 = ORIENTED_EDGE('',*,*,#1351,.T.);
#1522 = ORIENTED_EDGE('',*,*,#1317,.T.);
#1523 = ORIENTED_EDGE('',*,*,#1278,.T.);
#1524 = ADVANCED_FACE('',(#1525),#1436,.T.);
#1525 = FACE_BOUND('',#1526,.T.);
#1526 = EDGE_LOOP('',(#1527,#1549,#1588,#1622,#1656,#1657,#1658,#1659));
#1527 = ORIENTED_EDGE('',*,*,#1528,.T.);
#1528 = EDGE_CURVE('',#1393,#1529,#1531,.T.);
#1529 = VERTEX_POINT('',#1530);
#1530 = CARTESIAN_POINT('',(50.346140338387,24.245423341889,4.7625));
#1531 = SEAM_CURVE('',#1532,(#1536,#1542),.PCURVE_S1.);
#1532 = LINE('',#1533,#1534);
#1533 = CARTESIAN_POINT('',(47.314948252877,29.729952435677,4.7625));
#1534 = VECTOR('',#1535,1.);
#1535 = DIRECTION('',(0.483718887105,-0.875223421909,0.));
#1536 = PCURVE('',#1436,#1537);
#1537 = DEFINITIONAL_REPRESENTATION('',(#1538),#1541);
#1538 = B_SPLINE_CURVE_WITH_KNOTS('',1,(#1539,#1540),.UNSPECIFIED.,.F.,
  .F.,(2,2),(-1.480537077276,7.746970260505),.PIECEWISE_BEZIER_KNOTS.);
#1539 = CARTESIAN_POINT('',(6.28318530718,-1.480537077276));
#1540 = CARTESIAN_POINT('',(6.28318530718,7.746970260505));
#1541 = ( GEOMETRIC_REPRESENTATION_CONTEXT(2) 
PARAMETRIC_REPRESENTATION_CONTEXT() REPRESENTATION_CONTEXT('2D SPACE',''
  ) );
#1542 = PCURVE('',#1436,#1543);
#1543 = DEFINITIONAL_REPRESENTATION('',(#1544),#1548);
#1544 = LINE('',#1545,#1546);
#1545 = CARTESIAN_POINT('',(0.,0.));
#1546 = VECTOR('',#1547,1.);
#1547 = DIRECTION('',(0.,1.));
#1548 = ( GEOMETRIC_REPRESENTATION_CONTEXT(2) 
PARAMETRIC_REPRESENTATION_CONTEXT() REPRESENTATION_CONTEXT('2D SPACE',''
  ) );
#1549 = ORIENTED_EDGE('',*,*,#1550,.F.);
#1550 = EDGE_CURVE('',#1551,#1529,#1553,.T.);
#1551 = VERTEX_POINT('',#1552);
#1552 = CARTESIAN_POINT('',(54.643765531185,26.315050555888,
    -5.832380380939E-16));
#1553 = SURFACE_CURVE('',#1554,(#1559,#1571),.PCURVE_S1.);
#1554 = ELLIPSE('',#1555,4.770004098813,4.7625);
#1555 = AXIS2_PLACEMENT_3D('',#1556,#1557,#1558);
#1556 = CARTESIAN_POINT('',(50.346140338387,24.245423341889,0.));
#1557 = DIRECTION('',(0.433883739118,-0.900968867902,0.));
#1558 = DIRECTION('',(0.900968867902,0.433883739118,0.));
#1559 = PCURVE('',#1436,#1560);
#1560 = DEFINITIONAL_REPRESENTATION('',(#1561),#1570);
#1561 = B_SPLINE_CURVE_WITH_KNOTS('',7,(#1562,#1563,#1564,#1565,#1566,
    #1567,#1568,#1569),.UNSPECIFIED.,.F.,.F.,(8,8),(0.,1.570796326795),
  .PIECEWISE_BEZIER_KNOTS.);
#1562 = CARTESIAN_POINT('',(4.712388980385,6.533889446372));
#1563 = CARTESIAN_POINT('',(4.936788455641,6.533889446372));
#1564 = CARTESIAN_POINT('',(5.161187930898,6.518176745932));
#1565 = CARTESIAN_POINT('',(5.385587406154,6.486753624433));
#1566 = CARTESIAN_POINT('',(5.60998688141,6.441549322557));
#1567 = CARTESIAN_POINT('',(5.834386356667,6.386467029731));
#1568 = CARTESIAN_POINT('',(6.058785831923,6.326450228332));
#1569 = CARTESIAN_POINT('',(6.28318530718,6.266433183228));
#1570 = ( GEOMETRIC_REPRESENTATION_CONTEXT(2) 
PARAMETRIC_REPRESENTATION_CONTEXT() REPRESENTATION_CONTEXT('2D SPACE',''
  ) );
#1571 = PCURVE('',#1572,#1577);
#1572 = CYLINDRICAL_SURFACE('',#1573,4.7625);
#1573 = AXIS2_PLACEMENT_3D('',#1574,#1575,#1576);
#1574 = CARTESIAN_POINT('',(50.346140338387,24.245423341889,0.));
#1575 = DIRECTION('',(0.382683432365,-0.923879532511,0.));
#1576 = DIRECTION('',(-1.025712328974E-16,-4.248639577543E-17,1.));
#1577 = DEFINITIONAL_REPRESENTATION('',(#1578),#1587);
#1578 = B_SPLINE_CURVE_WITH_KNOTS('',7,(#1579,#1580,#1581,#1582,#1583,
    #1584,#1585,#1586),.UNSPECIFIED.,.F.,.F.,(8,8),(0.,1.570796326795),
  .PIECEWISE_BEZIER_KNOTS.);
#1579 = CARTESIAN_POINT('',(4.712388980385,-0.267456263144));
#1580 = CARTESIAN_POINT('',(4.936788455641,-0.267456263144));
#1581 = CARTESIAN_POINT('',(5.161187930898,-0.251743562703));
#1582 = CARTESIAN_POINT('',(5.385587406154,-0.220320441205));
#1583 = CARTESIAN_POINT('',(5.60998688141,-0.175116139327));
#1584 = CARTESIAN_POINT('',(5.834386356667,-0.120033846503));
#1585 = CARTESIAN_POINT('',(6.058785831923,-6.001704510359E-02));
#1586 = CARTESIAN_POINT('',(6.28318530718,-1.088018564133E-13));
#1587 = ( GEOMETRIC_REPRESENTATION_CONTEXT(2) 
PARAMETRIC_REPRESENTATION_CONTEXT() REPRESENTATION_CONTEXT('2D SPACE',''
  ) );
#1588 = ORIENTED_EDGE('',*,*,#1589,.F.);
#1589 = EDGE_CURVE('',#1590,#1551,#1592,.T.);
#1590 = VERTEX_POINT('',#1591);
#1591 = CARTESIAN_POINT('',(50.346140338387,24.245423341889,-4.7625));
#1592 = SURFACE_CURVE('',#1593,(#1598,#1610),.PCURVE_S1.);
#1593 = ELLIPSE('',#1594,4.770004098813,4.7625);
#1594 = AXIS2_PLACEMENT_3D('',#1595,#1596,#1597);
#1595 = CARTESIAN_POINT('',(50.346140338387,24.245423341889,0.));
#1596 = DIRECTION('',(0.433883739118,-0.900968867902,0.));
#1597 = DIRECTION('',(0.900968867902,0.433883739118,0.));
#1598 = PCURVE('',#1436,#1599);
#1599 = DEFINITIONAL_REPRESENTATION('',(#1600),#1609);
#1600 = B_SPLINE_CURVE_WITH_KNOTS('',7,(#1601,#1602,#1603,#1604,#1605,
    #1606,#1607,#1608),.UNSPECIFIED.,.F.,.F.,(8,8),(4.712388980385,
    6.28318530718),.PIECEWISE_BEZIER_KNOTS.);
#1601 = CARTESIAN_POINT('',(3.14159265359,6.266433183228));
#1602 = CARTESIAN_POINT('',(3.365992128846,6.326450228332));
#1603 = CARTESIAN_POINT('',(3.590391604102,6.386467029731));
#1604 = CARTESIAN_POINT('',(3.814791079359,6.441549322555));
#1605 = CARTESIAN_POINT('',(4.039190554615,6.486753624434));
#1606 = CARTESIAN_POINT('',(4.263590029872,6.518176745931));
#1607 = CARTESIAN_POINT('',(4.487989505128,6.533889446372));
#1608 = CARTESIAN_POINT('',(4.712388980385,6.533889446372));
#1609 = ( GEOMETRIC_REPRESENTATION_CONTEXT(2) 
PARAMETRIC_REPRESENTATION_CONTEXT() REPRESENTATION_CONTEXT('2D SPACE',''
  ) );
#1610 = PCURVE('',#1572,#1611);
#1611 = DEFINITIONAL_REPRESENTATION('',(#1612),#1621);
#1612 = B_SPLINE_CURVE_WITH_KNOTS('',7,(#1613,#1614,#1615,#1616,#1617,
    #1618,#1619,#1620),.UNSPECIFIED.,.F.,.F.,(8,8),(4.712388980385,
    6.28318530718),.PIECEWISE_BEZIER_KNOTS.);
#1613 = CARTESIAN_POINT('',(3.14159265359,-1.088018564133E-13));
#1614 = CARTESIAN_POINT('',(3.365992128846,-6.001704510359E-02));
#1615 = CARTESIAN_POINT('',(3.590391604102,-0.120033846503));
#1616 = CARTESIAN_POINT('',(3.81479107936,-0.175116139327));
#1617 = CARTESIAN_POINT('',(4.039190554616,-0.220320441205));
#1618 = CARTESIAN_POINT('',(4.263590029872,-0.251743562703));
#1619 = CARTESIAN_POINT('',(4.487989505128,-0.267456263144));
#1620 = CARTESIAN_POINT('',(4.712388980385,-0.267456263144));
#1621 = ( GEOMETRIC_REPRESENTATION_CONTEXT(2) 
PARAMETRIC_REPRESENTATION_CONTEXT() REPRESENTATION_CONTEXT('2D SPACE',''
  ) );
#1622 = ORIENTED_EDGE('',*,*,#1623,.F.);
#1623 = EDGE_CURVE('',#1529,#1590,#1624,.T.);
#1624 = SURFACE_CURVE('',#1625,(#1630,#1643),.PCURVE_S1.);
#1625 = ELLIPSE('',#1626,4.770004098813,4.7625);
#1626 = AXIS2_PLACEMENT_3D('',#1627,#1628,#1629);
#1627 = CARTESIAN_POINT('',(50.346140338387,24.245423341889,0.));
#1628 = DIRECTION('',(0.433883739118,-0.900968867902,0.));
#1629 = DIRECTION('',(0.900968867902,0.433883739118,0.));
#1630 = PCURVE('',#1436,#1631);
#1631 = DEFINITIONAL_REPRESENTATION('',(#1632),#1642);
#1632 = B_SPLINE_CURVE_WITH_KNOTS('',8,(#1633,#1634,#1635,#1636,#1637,
    #1638,#1639,#1640,#1641),.UNSPECIFIED.,.F.,.F.,(9,9),(1.570796326795
    ,4.712388980385),.PIECEWISE_BEZIER_KNOTS.);
#1633 = CARTESIAN_POINT('',(0.,6.266433183228));
#1634 = CARTESIAN_POINT('',(0.392699081699,6.161403354297));
#1635 = CARTESIAN_POINT('',(0.785398163397,6.056372687906));
#1636 = CARTESIAN_POINT('',(1.178097245096,5.976032027295));
#1637 = CARTESIAN_POINT('',(1.570796326789,5.945004634965));
#1638 = CARTESIAN_POINT('',(1.963495408492,5.976032027301));
#1639 = CARTESIAN_POINT('',(2.356194490191,6.056372687904));
#1640 = CARTESIAN_POINT('',(2.748893571891,6.161403354297));
#1641 = CARTESIAN_POINT('',(3.14159265359,6.266433183228));
#1642 = ( GEOMETRIC_REPRESENTATION_CONTEXT(2) 
PARAMETRIC_REPRESENTATION_CONTEXT() REPRESENTATION_CONTEXT('2D SPACE',''
  ) );
#1643 = PCURVE('',#1572,#1644);
#1644 = DEFINITIONAL_REPRESENTATION('',(#1645),#1655);
#1645 = B_SPLINE_CURVE_WITH_KNOTS('',8,(#1646,#1647,#1648,#1649,#1650,
    #1651,#1652,#1653,#1654),.UNSPECIFIED.,.F.,.F.,(9,9),(1.570796326795
    ,4.712388980385),.PIECEWISE_BEZIER_KNOTS.);
#1646 = CARTESIAN_POINT('',(0.,-1.088018564133E-13));
#1647 = CARTESIAN_POINT('',(0.392699081699,0.105029828931));
#1648 = CARTESIAN_POINT('',(0.785398163397,0.210060495319));
#1649 = CARTESIAN_POINT('',(1.178097245096,0.290401155932));
#1650 = CARTESIAN_POINT('',(1.570796326789,0.321428548245));
#1651 = CARTESIAN_POINT('',(1.963495408492,0.290401155932));
#1652 = CARTESIAN_POINT('',(2.356194490191,0.210060495319));
#1653 = CARTESIAN_POINT('',(2.748893571891,0.105029828931));
#1654 = CARTESIAN_POINT('',(3.14159265359,-1.088018564133E-13));
#1655 = ( GEOMETRIC_REPRESENTATION_CONTEXT(2) 
PARAMETRIC_REPRESENTATION_CONTEXT() REPRESENTATION_CONTEXT('2D SPACE',''
  ) );
#1656 = ORIENTED_EDGE('',*,*,#1528,.F.);
#1657 = ORIENTED_EDGE('',*,*,#1487,.T.);
#1658 = ORIENTED_EDGE('',*,*,#1453,.T.);
#1659 = ORIENTED_EDGE('',*,*,#1414,.T.);
#1660 = ADVANCED_FACE('',(#1661),#1572,.T.);
#1661 = FACE_BOUND('',#1662,.T.);
#1662 = EDGE_LOOP('',(#1663,#1685,#1724,#1758,#1792,#1793,#1794,#1795));
#1663 = ORIENTED_EDGE('',*,*,#1664,.T.);
#1664 = EDGE_CURVE('',#1529,#1665,#1667,.T.);
#1665 = VERTEX_POINT('',#1666);
#1666 = CARTESIAN_POINT('',(52.744200497632,18.455993982055,4.7625));
#1667 = SEAM_CURVE('',#1668,(#1672,#1678),.PCURVE_S1.);
#1668 = LINE('',#1669,#1670);
#1669 = CARTESIAN_POINT('',(50.346140338387,24.245423341889,4.7625));
#1670 = VECTOR('',#1671,1.);
#1671 = DIRECTION('',(0.382683432365,-0.923879532511,0.));
#1672 = PCURVE('',#1572,#1673);
#1673 = DEFINITIONAL_REPRESENTATION('',(#1674),#1677);
#1674 = B_SPLINE_CURVE_WITH_KNOTS('',1,(#1675,#1676),.UNSPECIFIED.,.F.,
  .F.,(2,2),(-1.480537077276,7.746970260505),.PIECEWISE_BEZIER_KNOTS.);
#1675 = CARTESIAN_POINT('',(6.28318530718,-1.480537077276));
#1676 = CARTESIAN_POINT('',(6.28318530718,7.746970260505));
#1677 = ( GEOMETRIC_REPRESENTATION_CONTEXT(2) 
PARAMETRIC_REPRESENTATION_CONTEXT() REPRESENTATION_CONTEXT('2D SPACE',''
  ) );
#1678 = PCURVE('',#1572,#1679);
#1679 = DEFINITIONAL_REPRESENTATION('',(#1680),#1684);
#1680 = LINE('',#1681,#1682);
#1681 = CARTESIAN_POINT('',(0.,0.));
#1682 = VECTOR('',#1683,1.);
#1683 = DIRECTION('',(0.,1.));
#1684 = ( GEOMETRIC_REPRESENTATION_CONTEXT(2) 
PARAMETRIC_REPRESENTATION_CONTEXT() REPRESENTATION_CONTEXT('2D SPACE',''
  ) );
#1685 = ORIENTED_EDGE('',*,*,#1686,.F.);
#1686 = EDGE_CURVE('',#1687,#1665,#1689,.T.);
#1687 = VERTEX_POINT('',#1688);
#1688 = CARTESIAN_POINT('',(57.246527852004,20.031426461333,
    -5.832380380939E-16));
#1689 = SURFACE_CURVE('',#1690,(#1695,#1707),.PCURVE_S1.);
#1690 = ELLIPSE('',#1691,4.770004098813,4.7625);
#1691 = AXIS2_PLACEMENT_3D('',#1692,#1693,#1694);
#1692 = CARTESIAN_POINT('',(52.744200497632,18.455993982055,0.));
#1693 = DIRECTION('',(0.330279061955,-0.943883330308,0.));
#1694 = DIRECTION('',(0.943883330308,0.330279061955,0.));
#1695 = PCURVE('',#1572,#1696);
#1696 = DEFINITIONAL_REPRESENTATION('',(#1697),#1706);
#1697 = B_SPLINE_CURVE_WITH_KNOTS('',7,(#1698,#1699,#1700,#1701,#1702,
    #1703,#1704,#1705),.UNSPECIFIED.,.F.,.F.,(8,8),(0.,1.570796326795),
  .PIECEWISE_BEZIER_KNOTS.);
#1698 = CARTESIAN_POINT('',(4.712388980385,6.533889446372));
#1699 = CARTESIAN_POINT('',(4.936788455641,6.533889446372));
#1700 = CARTESIAN_POINT('',(5.161187930898,6.518176745931));
#1701 = CARTESIAN_POINT('',(5.385587406154,6.486753624435));
#1702 = CARTESIAN_POINT('',(5.60998688141,6.441549322555));
#1703 = CARTESIAN_POINT('',(5.834386356667,6.386467029731));
#1704 = CARTESIAN_POINT('',(6.058785831923,6.326450228332));
#1705 = CARTESIAN_POINT('',(6.28318530718,6.266433183228));
#1706 = ( GEOMETRIC_REPRESENTATION_CONTEXT(2) 
PARAMETRIC_REPRESENTATION_CONTEXT() REPRESENTATION_CONTEXT('2D SPACE',''
  ) );
#1707 = PCURVE('',#1708,#1713);
#1708 = CYLINDRICAL_SURFACE('',#1709,4.7625);
#1709 = AXIS2_PLACEMENT_3D('',#1710,#1711,#1712);
#1710 = CARTESIAN_POINT('',(52.744200497632,18.455993982055,0.));
#1711 = DIRECTION('',(0.276835511425,-0.960917321945,0.));
#1712 = DIRECTION('',(-1.066832535585E-16,-3.073491588177E-17,1.));
#1713 = DEFINITIONAL_REPRESENTATION('',(#1714),#1723);
#1714 = B_SPLINE_CURVE_WITH_KNOTS('',7,(#1715,#1716,#1717,#1718,#1719,
    #1720,#1721,#1722),.UNSPECIFIED.,.F.,.F.,(8,8),(0.,1.570796326795),
  .PIECEWISE_BEZIER_KNOTS.);
#1715 = CARTESIAN_POINT('',(4.712388980385,-0.267456263144));
#1716 = CARTESIAN_POINT('',(4.936788455641,-0.267456263144));
#1717 = CARTESIAN_POINT('',(5.161187930898,-0.251743562703));
#1718 = CARTESIAN_POINT('',(5.385587406153,-0.220320441205));
#1719 = CARTESIAN_POINT('',(5.609986881411,-0.175116139327));
#1720 = CARTESIAN_POINT('',(5.834386356667,-0.120033846503));
#1721 = CARTESIAN_POINT('',(6.058785831923,-6.001704510358E-02));
#1722 = CARTESIAN_POINT('',(6.28318530718,-9.681144774731E-14));
#1723 = ( GEOMETRIC_REPRESENTATION_CONTEXT(2) 
PARAMETRIC_REPRESENTATION_CONTEXT() REPRESENTATION_CONTEXT('2D SPACE',''
  ) );
#1724 = ORIENTED_EDGE('',*,*,#1725,.F.);
#1725 = EDGE_CURVE('',#1726,#1687,#1728,.T.);
#1726 = VERTEX_POINT('',#1727);
#1727 = CARTESIAN_POINT('',(52.744200497632,18.455993982055,-4.7625));
#1728 = SURFACE_CURVE('',#1729,(#1734,#1746),.PCURVE_S1.);
#1729 = ELLIPSE('',#1730,4.770004098813,4.7625);
#1730 = AXIS2_PLACEMENT_3D('',#1731,#1732,#1733);
#1731 = CARTESIAN_POINT('',(52.744200497632,18.455993982055,0.));
#1732 = DIRECTION('',(0.330279061955,-0.943883330308,0.));
#1733 = DIRECTION('',(0.943883330308,0.330279061955,0.));
#1734 = PCURVE('',#1572,#1735);
#1735 = DEFINITIONAL_REPRESENTATION('',(#1736),#1745);
#1736 = B_SPLINE_CURVE_WITH_KNOTS('',7,(#1737,#1738,#1739,#1740,#1741,
    #1742,#1743,#1744),.UNSPECIFIED.,.F.,.F.,(8,8),(4.712388980385,
    6.28318530718),.PIECEWISE_BEZIER_KNOTS.);
#1737 = CARTESIAN_POINT('',(3.14159265359,6.266433183228));
#1738 = CARTESIAN_POINT('',(3.365992128846,6.326450228332));
#1739 = CARTESIAN_POINT('',(3.590391604102,6.386467029732));
#1740 = CARTESIAN_POINT('',(3.814791079359,6.441549322552));
#1741 = CARTESIAN_POINT('',(4.039190554615,6.486753624436));
#1742 = CARTESIAN_POINT('',(4.263590029872,6.518176745931));
#1743 = CARTESIAN_POINT('',(4.487989505128,6.533889446372));
#1744 = CARTESIAN_POINT('',(4.712388980385,6.533889446372));
#1745 = ( GEOMETRIC_REPRESENTATION_CONTEXT(2) 
PARAMETRIC_REPRESENTATION_CONTEXT() REPRESENTATION_CONTEXT('2D SPACE',''
  ) );
#1746 = PCURVE('',#1708,#1747);
#1747 = DEFINITIONAL_REPRESENTATION('',(#1748),#1757);
#1748 = B_SPLINE_CURVE_WITH_KNOTS('',7,(#1749,#1750,#1751,#1752,#1753,
    #1754,#1755,#1756),.UNSPECIFIED.,.F.,.F.,(8,8),(4.712388980385,
    6.28318530718),.PIECEWISE_BEZIER_KNOTS.);
#1749 = CARTESIAN_POINT('',(3.14159265359,-9.681144774731E-14));
#1750 = CARTESIAN_POINT('',(3.365992128846,-6.001704510358E-02));
#1751 = CARTESIAN_POINT('',(3.590391604102,-0.120033846503));
#1752 = CARTESIAN_POINT('',(3.81479107936,-0.175116139327));
#1753 = CARTESIAN_POINT('',(4.039190554616,-0.220320441205));
#1754 = CARTESIAN_POINT('',(4.263590029872,-0.251743562703));
#1755 = CARTESIAN_POINT('',(4.487989505128,-0.267456263144));
#1756 = CARTESIAN_POINT('',(4.712388980385,-0.267456263144));
#1757 = ( GEOMETRIC_REPRESENTATION_CONTEXT(2) 
PARAMETRIC_REPRESENTATION_CONTEXT() REPRESENTATION_CONTEXT('2D SPACE',''
  ) );
#1758 = ORIENTED_EDGE('',*,*,#1759,.F.);
#1759 = EDGE_CURVE('',#1665,#1726,#1760,.T.);
#1760 = SURFACE_CURVE('',#1761,(#1766,#1779),.PCURVE_S1.);
#1761 = ELLIPSE('',#1762,4.770004098813,4.7625);
#1762 = AXIS2_PLACEMENT_3D('',#1763,#1764,#1765);
#1763 = CARTESIAN_POINT('',(52.744200497632,18.455993982055,0.));
#1764 = DIRECTION('',(0.330279061955,-0.943883330308,0.));
#1765 = DIRECTION('',(0.943883330308,0.330279061955,0.));
#1766 = PCURVE('',#1572,#1767);
#1767 = DEFINITIONAL_REPRESENTATION('',(#1768),#1778);
#1768 = B_SPLINE_CURVE_WITH_KNOTS('',8,(#1769,#1770,#1771,#1772,#1773,
    #1774,#1775,#1776,#1777),.UNSPECIFIED.,.F.,.F.,(9,9),(1.570796326795
    ,4.712388980385),.PIECEWISE_BEZIER_KNOTS.);
#1769 = CARTESIAN_POINT('',(0.,6.266433183228));
#1770 = CARTESIAN_POINT('',(0.392699081699,6.161403354297));
#1771 = CARTESIAN_POINT('',(0.785398163398,6.056372687905));
#1772 = CARTESIAN_POINT('',(1.178097245092,5.976032027293));
#1773 = CARTESIAN_POINT('',(1.570796326791,5.945004634955));
#1774 = CARTESIAN_POINT('',(1.963495408491,5.976032027297));
#1775 = CARTESIAN_POINT('',(2.356194490193,6.056372687904));
#1776 = CARTESIAN_POINT('',(2.748893571891,6.161403354297));
#1777 = CARTESIAN_POINT('',(3.14159265359,6.266433183228));
#1778 = ( GEOMETRIC_REPRESENTATION_CONTEXT(2) 
PARAMETRIC_REPRESENTATION_CONTEXT() REPRESENTATION_CONTEXT('2D SPACE',''
  ) );
#1779 = PCURVE('',#1708,#1780);
#1780 = DEFINITIONAL_REPRESENTATION('',(#1781),#1791);
#1781 = B_SPLINE_CURVE_WITH_KNOTS('',8,(#1782,#1783,#1784,#1785,#1786,
    #1787,#1788,#1789,#1790),.UNSPECIFIED.,.F.,.F.,(9,9),(1.570796326795
    ,4.712388980385),.PIECEWISE_BEZIER_KNOTS.);
#1782 = CARTESIAN_POINT('',(0.,-9.681144774731E-14));
#1783 = CARTESIAN_POINT('',(0.392699081699,0.105029828931));
#1784 = CARTESIAN_POINT('',(0.785398163398,0.210060495319));
#1785 = CARTESIAN_POINT('',(1.178097245091,0.290401155931));
#1786 = CARTESIAN_POINT('',(1.570796326795,0.321428548247));
#1787 = CARTESIAN_POINT('',(1.963495408487,0.290401155931));
#1788 = CARTESIAN_POINT('',(2.356194490193,0.210060495319));
#1789 = CARTESIAN_POINT('',(2.748893571891,0.105029828931));
#1790 = CARTESIAN_POINT('',(3.14159265359,-9.681144774731E-14));
#1791 = ( GEOMETRIC_REPRESENTATION_CONTEXT(2) 
PARAMETRIC_REPRESENTATION_CONTEXT() REPRESENTATION_CONTEXT('2D SPACE',''
  ) );
#1792 = ORIENTED_EDGE('',*,*,#1664,.F.);
#1793 = ORIENTED_EDGE('',*,*,#1623,.T.);
#1794 = ORIENTED_EDGE('',*,*,#1589,.T.);
#1795 = ORIENTED_EDGE('',*,*,#1550,.T.);
#1796 = ADVANCED_FACE('',(#1797),#1708,.T.);
#1797 = FACE_BOUND('',#1798,.T.);
#1798 = EDGE_LOOP('',(#1799,#1821,#1860,#1894,#1928,#1929,#1930,#1931));
#1799 = ORIENTED_EDGE('',*,*,#1800,.T.);
#1800 = EDGE_CURVE('',#1665,#1801,#1803,.T.);
#1801 = VERTEX_POINT('',#1802);
#1802 = CARTESIAN_POINT('',(54.47897173272,12.434469789479,4.7625));
#1803 = SEAM_CURVE('',#1804,(#1808,#1814),.PCURVE_S1.);
#1804 = LINE('',#1805,#1806);
#1805 = CARTESIAN_POINT('',(52.744200497632,18.455993982055,4.7625));
#1806 = VECTOR('',#1807,1.);
#1807 = DIRECTION('',(0.276835511425,-0.960917321945,0.));
#1808 = PCURVE('',#1708,#1809);
#1809 = DEFINITIONAL_REPRESENTATION('',(#1810),#1813);
#1810 = B_SPLINE_CURVE_WITH_KNOTS('',1,(#1811,#1812),.UNSPECIFIED.,.F.,
  .F.,(2,2),(-1.480537077276,7.746970260505),.PIECEWISE_BEZIER_KNOTS.);
#1811 = CARTESIAN_POINT('',(6.28318530718,-1.480537077276));
#1812 = CARTESIAN_POINT('',(6.28318530718,7.746970260505));
#1813 = ( GEOMETRIC_REPRESENTATION_CONTEXT(2) 
PARAMETRIC_REPRESENTATION_CONTEXT() REPRESENTATION_CONTEXT('2D SPACE',''
  ) );
#1814 = PCURVE('',#1708,#1815);
#1815 = DEFINITIONAL_REPRESENTATION('',(#1816),#1820);
#1816 = LINE('',#1817,#1818);
#1817 = CARTESIAN_POINT('',(0.,0.));
#1818 = VECTOR('',#1819,1.);
#1819 = DIRECTION('',(0.,1.));
#1820 = ( GEOMETRIC_REPRESENTATION_CONTEXT(2) 
PARAMETRIC_REPRESENTATION_CONTEXT() REPRESENTATION_CONTEXT('2D SPACE',''
  ) );
#1821 = ORIENTED_EDGE('',*,*,#1822,.F.);
#1822 = EDGE_CURVE('',#1823,#1801,#1825,.T.);
#1823 = VERTEX_POINT('',#1824);
#1824 = CARTESIAN_POINT('',(59.129381869875,13.495895556522,
    -5.832380380939E-16));
#1825 = SURFACE_CURVE('',#1826,(#1831,#1843),.PCURVE_S1.);
#1826 = ELLIPSE('',#1827,4.770004098813,4.7625);
#1827 = AXIS2_PLACEMENT_3D('',#1828,#1829,#1830);
#1828 = CARTESIAN_POINT('',(54.47897173272,12.434469789479,0.));
#1829 = DIRECTION('',(0.222520933956,-0.974927912182,0.));
#1830 = DIRECTION('',(0.974927912182,0.222520933956,0.));
#1831 = PCURVE('',#1708,#1832);
#1832 = DEFINITIONAL_REPRESENTATION('',(#1833),#1842);
#1833 = B_SPLINE_CURVE_WITH_KNOTS('',7,(#1834,#1835,#1836,#1837,#1838,
    #1839,#1840,#1841),.UNSPECIFIED.,.F.,.F.,(8,8),(0.,1.570796326795),
  .PIECEWISE_BEZIER_KNOTS.);
#1834 = CARTESIAN_POINT('',(4.712388980385,6.533889446372));
#1835 = CARTESIAN_POINT('',(4.936788455641,6.533889446372));
#1836 = CARTESIAN_POINT('',(5.161187930897,6.518176745931));
#1837 = CARTESIAN_POINT('',(5.385587406154,6.486753624434));
#1838 = CARTESIAN_POINT('',(5.60998688141,6.441549322557));
#1839 = CARTESIAN_POINT('',(5.834386356667,6.386467029731));
#1840 = CARTESIAN_POINT('',(6.058785831923,6.326450228332));
#1841 = CARTESIAN_POINT('',(6.28318530718,6.266433183229));
#1842 = ( GEOMETRIC_REPRESENTATION_CONTEXT(2) 
PARAMETRIC_REPRESENTATION_CONTEXT() REPRESENTATION_CONTEXT('2D SPACE',''
  ) );
#1843 = PCURVE('',#1844,#1849);
#1844 = CYLINDRICAL_SURFACE('',#1845,4.7625);
#1845 = AXIS2_PLACEMENT_3D('',#1846,#1847,#1848);
#1846 = CARTESIAN_POINT('',(54.47897173272,12.434469789479,0.));
#1847 = DIRECTION('',(0.167506223305,-0.985871018518,0.));
#1848 = DIRECTION('',(-1.09453670407E-16,-1.859692658809E-17,1.));
#1849 = DEFINITIONAL_REPRESENTATION('',(#1850),#1859);
#1850 = B_SPLINE_CURVE_WITH_KNOTS('',7,(#1851,#1852,#1853,#1854,#1855,
    #1856,#1857,#1858),.UNSPECIFIED.,.F.,.F.,(8,8),(0.,1.570796326795),
  .PIECEWISE_BEZIER_KNOTS.);
#1851 = CARTESIAN_POINT('',(4.712388980385,-0.267456263144));
#1852 = CARTESIAN_POINT('',(4.936788455641,-0.267456263144));
#1853 = CARTESIAN_POINT('',(5.161187930897,-0.251743562703));
#1854 = CARTESIAN_POINT('',(5.385587406154,-0.220320441205));
#1855 = CARTESIAN_POINT('',(5.60998688141,-0.175116139327));
#1856 = CARTESIAN_POINT('',(5.834386356667,-0.120033846502));
#1857 = CARTESIAN_POINT('',(6.058785831923,-6.001704510342E-02));
#1858 = CARTESIAN_POINT('',(6.28318530718,7.194245199571E-14));
#1859 = ( GEOMETRIC_REPRESENTATION_CONTEXT(2) 
PARAMETRIC_REPRESENTATION_CONTEXT() REPRESENTATION_CONTEXT('2D SPACE',''
  ) );
#1860 = ORIENTED_EDGE('',*,*,#1861,.F.);
#1861 = EDGE_CURVE('',#1862,#1823,#1864,.T.);
#1862 = VERTEX_POINT('',#1863);
#1863 = CARTESIAN_POINT('',(54.47897173272,12.434469789479,-4.7625));
#1864 = SURFACE_CURVE('',#1865,(#1870,#1882),.PCURVE_S1.);
#1865 = ELLIPSE('',#1866,4.770004098813,4.7625);
#1866 = AXIS2_PLACEMENT_3D('',#1867,#1868,#1869);
#1867 = CARTESIAN_POINT('',(54.47897173272,12.434469789479,0.));
#1868 = DIRECTION('',(0.222520933956,-0.974927912182,0.));
#1869 = DIRECTION('',(0.974927912182,0.222520933956,0.));
#1870 = PCURVE('',#1708,#1871);
#1871 = DEFINITIONAL_REPRESENTATION('',(#1872),#1881);
#1872 = B_SPLINE_CURVE_WITH_KNOTS('',7,(#1873,#1874,#1875,#1876,#1877,
    #1878,#1879,#1880),.UNSPECIFIED.,.F.,.F.,(8,8),(4.712388980385,
    6.28318530718),.PIECEWISE_BEZIER_KNOTS.);
#1873 = CARTESIAN_POINT('',(3.14159265359,6.266433183229));
#1874 = CARTESIAN_POINT('',(3.365992128846,6.326450228332));
#1875 = CARTESIAN_POINT('',(3.590391604102,6.38646702973));
#1876 = CARTESIAN_POINT('',(3.814791079361,6.441549322556));
#1877 = CARTESIAN_POINT('',(4.039190554614,6.486753624433));
#1878 = CARTESIAN_POINT('',(4.263590029872,6.518176745932));
#1879 = CARTESIAN_POINT('',(4.487989505128,6.533889446372));
#1880 = CARTESIAN_POINT('',(4.712388980385,6.533889446372));
#1881 = ( GEOMETRIC_REPRESENTATION_CONTEXT(2) 
PARAMETRIC_REPRESENTATION_CONTEXT() REPRESENTATION_CONTEXT('2D SPACE',''
  ) );
#1882 = PCURVE('',#1844,#1883);
#1883 = DEFINITIONAL_REPRESENTATION('',(#1884),#1893);
#1884 = B_SPLINE_CURVE_WITH_KNOTS('',7,(#1885,#1886,#1887,#1888,#1889,
    #1890,#1891,#1892),.UNSPECIFIED.,.F.,.F.,(8,8),(4.712388980385,
    6.28318530718),.PIECEWISE_BEZIER_KNOTS.);
#1885 = CARTESIAN_POINT('',(3.14159265359,7.194245199571E-14));
#1886 = CARTESIAN_POINT('',(3.365992128846,-6.001704510342E-02));
#1887 = CARTESIAN_POINT('',(3.590391604102,-0.120033846502));
#1888 = CARTESIAN_POINT('',(3.814791079361,-0.175116139327));
#1889 = CARTESIAN_POINT('',(4.039190554614,-0.220320441205));
#1890 = CARTESIAN_POINT('',(4.263590029872,-0.251743562703));
#1891 = CARTESIAN_POINT('',(4.487989505128,-0.267456263144));
#1892 = CARTESIAN_POINT('',(4.712388980385,-0.267456263144));
#1893 = ( GEOMETRIC_REPRESENTATION_CONTEXT(2) 
PARAMETRIC_REPRESENTATION_CONTEXT() REPRESENTATION_CONTEXT('2D SPACE',''
  ) );
#1894 = ORIENTED_EDGE('',*,*,#1895,.F.);
#1895 = EDGE_CURVE('',#1801,#1862,#1896,.T.);
#1896 = SURFACE_CURVE('',#1897,(#1902,#1915),.PCURVE_S1.);
#1897 = ELLIPSE('',#1898,4.770004098813,4.7625);
#1898 = AXIS2_PLACEMENT_3D('',#1899,#1900,#1901);
#1899 = CARTESIAN_POINT('',(54.47897173272,12.434469789479,0.));
#1900 = DIRECTION('',(0.222520933956,-0.974927912182,0.));
#1901 = DIRECTION('',(0.974927912182,0.222520933956,0.));
#1902 = PCURVE('',#1708,#1903);
#1903 = DEFINITIONAL_REPRESENTATION('',(#1904),#1914);
#1904 = B_SPLINE_CURVE_WITH_KNOTS('',8,(#1905,#1906,#1907,#1908,#1909,
    #1910,#1911,#1912,#1913),.UNSPECIFIED.,.F.,.F.,(9,9),(1.570796326795
    ,4.712388980385),.PIECEWISE_BEZIER_KNOTS.);
#1905 = CARTESIAN_POINT('',(0.,6.266433183229));
#1906 = CARTESIAN_POINT('',(0.392699081699,6.161403354298));
#1907 = CARTESIAN_POINT('',(0.785398163398,6.056372687907));
#1908 = CARTESIAN_POINT('',(1.178097245091,5.976032027301));
#1909 = CARTESIAN_POINT('',(1.570796326796,5.945004634973));
#1910 = CARTESIAN_POINT('',(1.963495408492,5.976032027293));
#1911 = CARTESIAN_POINT('',(2.356194490193,6.056372687905));
#1912 = CARTESIAN_POINT('',(2.748893571891,6.161403354298));
#1913 = CARTESIAN_POINT('',(3.14159265359,6.266433183229));
#1914 = ( GEOMETRIC_REPRESENTATION_CONTEXT(2) 
PARAMETRIC_REPRESENTATION_CONTEXT() REPRESENTATION_CONTEXT('2D SPACE',''
  ) );
#1915 = PCURVE('',#1844,#1916);
#1916 = DEFINITIONAL_REPRESENTATION('',(#1917),#1927);
#1917 = B_SPLINE_CURVE_WITH_KNOTS('',8,(#1918,#1919,#1920,#1921,#1922,
    #1923,#1924,#1925,#1926),.UNSPECIFIED.,.F.,.F.,(9,9),(1.570796326795
    ,4.712388980385),.PIECEWISE_BEZIER_KNOTS.);
#1918 = CARTESIAN_POINT('',(0.,7.194245199571E-14));
#1919 = CARTESIAN_POINT('',(0.392699081699,0.105029828931));
#1920 = CARTESIAN_POINT('',(0.785398163399,0.210060495319));
#1921 = CARTESIAN_POINT('',(1.178097245088,0.290401155931));
#1922 = CARTESIAN_POINT('',(1.570796326799,0.321428548246));
#1923 = CARTESIAN_POINT('',(1.963495408487,0.290401155931));
#1924 = CARTESIAN_POINT('',(2.356194490193,0.210060495319));
#1925 = CARTESIAN_POINT('',(2.748893571891,0.105029828931));
#1926 = CARTESIAN_POINT('',(3.14159265359,7.194245199571E-14));
#1927 = ( GEOMETRIC_REPRESENTATION_CONTEXT(2) 
PARAMETRIC_REPRESENTATION_CONTEXT() REPRESENTATION_CONTEXT('2D SPACE',''
  ) );
#1928 = ORIENTED_EDGE('',*,*,#1800,.F.);
#1929 = ORIENTED_EDGE('',*,*,#1759,.T.);
#1930 = ORIENTED_EDGE('',*,*,#1725,.T.);
#1931 = ORIENTED_EDGE('',*,*,#1686,.T.);
#1932 = ADVANCED_FACE('',(#1933),#1844,.T.);
#1933 = FACE_BOUND('',#1934,.T.);
#1934 = EDGE_LOOP('',(#1935,#1957,#1996,#2030,#2064,#2065,#2066,#2067));
#1935 = ORIENTED_EDGE('',*,*,#1936,.T.);
#1936 = EDGE_CURVE('',#1801,#1937,#1939,.T.);
#1937 = VERTEX_POINT('',#1938);
#1938 = CARTESIAN_POINT('',(55.528638288834,6.256574924653,4.7625));
#1939 = SEAM_CURVE('',#1940,(#1944,#1950),.PCURVE_S1.);
#1940 = LINE('',#1941,#1942);
#1941 = CARTESIAN_POINT('',(54.47897173272,12.434469789479,4.7625));
#1942 = VECTOR('',#1943,1.);
#1943 = DIRECTION('',(0.167506223305,-0.985871018518,0.));
#1944 = PCURVE('',#1844,#1945);
#1945 = DEFINITIONAL_REPRESENTATION('',(#1946),#1949);
#1946 = B_SPLINE_CURVE_WITH_KNOTS('',1,(#1947,#1948),.UNSPECIFIED.,.F.,
  .F.,(2,2),(-1.480537077276,7.746970260505),.PIECEWISE_BEZIER_KNOTS.);
#1947 = CARTESIAN_POINT('',(6.28318530718,-1.480537077276));
#1948 = CARTESIAN_POINT('',(6.28318530718,7.746970260505));
#1949 = ( GEOMETRIC_REPRESENTATION_CONTEXT(2) 
PARAMETRIC_REPRESENTATION_CONTEXT() REPRESENTATION_CONTEXT('2D SPACE',''
  ) );
#1950 = PCURVE('',#1844,#1951);
#1951 = DEFINITIONAL_REPRESENTATION('',(#1952),#1956);
#1952 = LINE('',#1953,#1954);
#1953 = CARTESIAN_POINT('',(0.,0.));
#1954 = VECTOR('',#1955,1.);
#1955 = DIRECTION('',(0.,1.));
#1956 = ( GEOMETRIC_REPRESENTATION_CONTEXT(2) 
PARAMETRIC_REPRESENTATION_CONTEXT() REPRESENTATION_CONTEXT('2D SPACE',''
  ) );
#1957 = ORIENTED_EDGE('',*,*,#1958,.F.);
#1958 = EDGE_CURVE('',#1959,#1937,#1961,.T.);
#1959 = VERTEX_POINT('',#1960);
#1960 = CARTESIAN_POINT('',(60.268649603066,6.790645934587,
    -5.832380380939E-16));
#1961 = SURFACE_CURVE('',#1962,(#1967,#1979),.PCURVE_S1.);
#1962 = ELLIPSE('',#1963,4.770004098813,4.7625);
#1963 = AXIS2_PLACEMENT_3D('',#1964,#1965,#1966);
#1964 = CARTESIAN_POINT('',(55.528638288834,6.256574924653,0.));
#1965 = DIRECTION('',(0.111964476103,-0.993712209893,0.));
#1966 = DIRECTION('',(0.993712209893,0.111964476103,0.));
#1967 = PCURVE('',#1844,#1968);
#1968 = DEFINITIONAL_REPRESENTATION('',(#1969),#1978);
#1969 = B_SPLINE_CURVE_WITH_KNOTS('',7,(#1970,#1971,#1972,#1973,#1974,
    #1975,#1976,#1977),.UNSPECIFIED.,.F.,.F.,(8,8),(0.,1.570796326795),
  .PIECEWISE_BEZIER_KNOTS.);
#1970 = CARTESIAN_POINT('',(4.712388980385,6.533889446372));
#1971 = CARTESIAN_POINT('',(4.936788455641,6.533889446372));
#1972 = CARTESIAN_POINT('',(5.161187930897,6.518176745931));
#1973 = CARTESIAN_POINT('',(5.385587406154,6.486753624434));
#1974 = CARTESIAN_POINT('',(5.60998688141,6.441549322556));
#1975 = CARTESIAN_POINT('',(5.834386356667,6.386467029731));
#1976 = CARTESIAN_POINT('',(6.058785831923,6.326450228332));
#1977 = CARTESIAN_POINT('',(6.28318530718,6.266433183229));
#1978 = ( GEOMETRIC_REPRESENTATION_CONTEXT(2) 
PARAMETRIC_REPRESENTATION_CONTEXT() REPRESENTATION_CONTEXT('2D SPACE',''
  ) );
#1979 = PCURVE('',#1980,#1985);
#1980 = CYLINDRICAL_SURFACE('',#1981,4.7625);
#1981 = AXIS2_PLACEMENT_3D('',#1982,#1983,#1984);
#1982 = CARTESIAN_POINT('',(55.528638288834,6.256574924653,0.));
#1983 = DIRECTION('',(5.607044723719E-02,-0.998426815018,0.));
#1984 = DIRECTION('',(-1.108476438436E-16,-6.225070152376E-18,1.));
#1985 = DEFINITIONAL_REPRESENTATION('',(#1986),#1995);
#1986 = B_SPLINE_CURVE_WITH_KNOTS('',7,(#1987,#1988,#1989,#1990,#1991,
    #1992,#1993,#1994),.UNSPECIFIED.,.F.,.F.,(8,8),(0.,1.570796326795),
  .PIECEWISE_BEZIER_KNOTS.);
#1987 = CARTESIAN_POINT('',(4.712388980385,-0.267456263144));
#1988 = CARTESIAN_POINT('',(4.936788455641,-0.267456263144));
#1989 = CARTESIAN_POINT('',(5.161187930897,-0.251743562703));
#1990 = CARTESIAN_POINT('',(5.385587406154,-0.220320441205));
#1991 = CARTESIAN_POINT('',(5.60998688141,-0.175116139327));
#1992 = CARTESIAN_POINT('',(5.834386356667,-0.120033846502));
#1993 = CARTESIAN_POINT('',(6.058785831923,-6.001704510339E-02));
#1994 = CARTESIAN_POINT('',(6.28318530718,9.814371537686E-14));
#1995 = ( GEOMETRIC_REPRESENTATION_CONTEXT(2) 
PARAMETRIC_REPRESENTATION_CONTEXT() REPRESENTATION_CONTEXT('2D SPACE',''
  ) );
#1996 = ORIENTED_EDGE('',*,*,#1997,.F.);
#1997 = EDGE_CURVE('',#1998,#1959,#2000,.T.);
#1998 = VERTEX_POINT('',#1999);
#1999 = CARTESIAN_POINT('',(55.528638288834,6.256574924653,-4.7625));
#2000 = SURFACE_CURVE('',#2001,(#2006,#2018),.PCURVE_S1.);
#2001 = ELLIPSE('',#2002,4.770004098813,4.7625);
#2002 = AXIS2_PLACEMENT_3D('',#2003,#2004,#2005);
#2003 = CARTESIAN_POINT('',(55.528638288834,6.256574924653,0.));
#2004 = DIRECTION('',(0.111964476103,-0.993712209893,0.));
#2005 = DIRECTION('',(0.993712209893,0.111964476103,0.));
#2006 = PCURVE('',#1844,#2007);
#2007 = DEFINITIONAL_REPRESENTATION('',(#2008),#2017);
#2008 = B_SPLINE_CURVE_WITH_KNOTS('',7,(#2009,#2010,#2011,#2012,#2013,
    #2014,#2015,#2016),.UNSPECIFIED.,.F.,.F.,(8,8),(4.712388980385,
    6.28318530718),.PIECEWISE_BEZIER_KNOTS.);
#2009 = CARTESIAN_POINT('',(3.14159265359,6.266433183229));
#2010 = CARTESIAN_POINT('',(3.365992128846,6.326450228332));
#2011 = CARTESIAN_POINT('',(3.590391604102,6.386467029732));
#2012 = CARTESIAN_POINT('',(3.814791079362,6.441549322555));
#2013 = CARTESIAN_POINT('',(4.039190554614,6.486753624436));
#2014 = CARTESIAN_POINT('',(4.263590029872,6.518176745931));
#2015 = CARTESIAN_POINT('',(4.487989505128,6.533889446372));
#2016 = CARTESIAN_POINT('',(4.712388980385,6.533889446372));
#2017 = ( GEOMETRIC_REPRESENTATION_CONTEXT(2) 
PARAMETRIC_REPRESENTATION_CONTEXT() REPRESENTATION_CONTEXT('2D SPACE',''
  ) );
#2018 = PCURVE('',#1980,#2019);
#2019 = DEFINITIONAL_REPRESENTATION('',(#2020),#2029);
#2020 = B_SPLINE_CURVE_WITH_KNOTS('',7,(#2021,#2022,#2023,#2024,#2025,
    #2026,#2027,#2028),.UNSPECIFIED.,.F.,.F.,(8,8),(4.712388980385,
    6.28318530718),.PIECEWISE_BEZIER_KNOTS.);
#2021 = CARTESIAN_POINT('',(3.14159265359,9.814371537686E-14));
#2022 = CARTESIAN_POINT('',(3.365992128846,-6.001704510339E-02));
#2023 = CARTESIAN_POINT('',(3.590391604102,-0.120033846502));
#2024 = CARTESIAN_POINT('',(3.814791079362,-0.175116139326));
#2025 = CARTESIAN_POINT('',(4.039190554614,-0.220320441205));
#2026 = CARTESIAN_POINT('',(4.263590029872,-0.251743562703));
#2027 = CARTESIAN_POINT('',(4.487989505128,-0.267456263144));
#2028 = CARTESIAN_POINT('',(4.712388980385,-0.267456263144));
#2029 = ( GEOMETRIC_REPRESENTATION_CONTEXT(2) 
PARAMETRIC_REPRESENTATION_CONTEXT() REPRESENTATION_CONTEXT('2D SPACE',''
  ) );
#2030 = ORIENTED_EDGE('',*,*,#2031,.F.);
#2031 = EDGE_CURVE('',#1937,#1998,#2032,.T.);
#2032 = SURFACE_CURVE('',#2033,(#2038,#2051),.PCURVE_S1.);
#2033 = ELLIPSE('',#2034,4.770004098813,4.7625);
#2034 = AXIS2_PLACEMENT_3D('',#2035,#2036,#2037);
#2035 = CARTESIAN_POINT('',(55.528638288834,6.256574924653,0.));
#2036 = DIRECTION('',(0.111964476103,-0.993712209893,0.));
#2037 = DIRECTION('',(0.993712209893,0.111964476103,0.));
#2038 = PCURVE('',#1844,#2039);
#2039 = DEFINITIONAL_REPRESENTATION('',(#2040),#2050);
#2040 = B_SPLINE_CURVE_WITH_KNOTS('',8,(#2041,#2042,#2043,#2044,#2045,
    #2046,#2047,#2048,#2049),.UNSPECIFIED.,.F.,.F.,(9,9),(1.570796326795
    ,4.712388980385),.PIECEWISE_BEZIER_KNOTS.);
#2041 = CARTESIAN_POINT('',(0.,6.266433183229));
#2042 = CARTESIAN_POINT('',(0.392699081699,6.161403354298));
#2043 = CARTESIAN_POINT('',(0.785398163398,6.056372687901));
#2044 = CARTESIAN_POINT('',(1.178097245088,5.976032027324));
#2045 = CARTESIAN_POINT('',(1.570796326802,5.945004634935));
#2046 = CARTESIAN_POINT('',(1.963495408485,5.976032027322));
#2047 = CARTESIAN_POINT('',(2.356194490193,6.0563726879));
#2048 = CARTESIAN_POINT('',(2.748893571891,6.161403354298));
#2049 = CARTESIAN_POINT('',(3.14159265359,6.266433183229));
#2050 = ( GEOMETRIC_REPRESENTATION_CONTEXT(2) 
PARAMETRIC_REPRESENTATION_CONTEXT() REPRESENTATION_CONTEXT('2D SPACE',''
  ) );
#2051 = PCURVE('',#1980,#2052);
#2052 = DEFINITIONAL_REPRESENTATION('',(#2053),#2063);
#2053 = B_SPLINE_CURVE_WITH_KNOTS('',8,(#2054,#2055,#2056,#2057,#2058,
    #2059,#2060,#2061,#2062),.UNSPECIFIED.,.F.,.F.,(9,9),(1.570796326795
    ,4.712388980385),.PIECEWISE_BEZIER_KNOTS.);
#2054 = CARTESIAN_POINT('',(0.,9.814371537686E-14));
#2055 = CARTESIAN_POINT('',(0.392699081699,0.105029828931));
#2056 = CARTESIAN_POINT('',(0.785398163398,0.210060495319));
#2057 = CARTESIAN_POINT('',(1.178097245088,0.290401155932));
#2058 = CARTESIAN_POINT('',(1.570796326802,0.321428548246));
#2059 = CARTESIAN_POINT('',(1.963495408485,0.290401155932));
#2060 = CARTESIAN_POINT('',(2.356194490193,0.210060495319));
#2061 = CARTESIAN_POINT('',(2.748893571891,0.105029828931));
#2062 = CARTESIAN_POINT('',(3.14159265359,9.814371537686E-14));
#2063 = ( GEOMETRIC_REPRESENTATION_CONTEXT(2) 
PARAMETRIC_REPRESENTATION_CONTEXT() REPRESENTATION_CONTEXT('2D SPACE',''
  ) );
#2064 = ORIENTED_EDGE('',*,*,#1936,.F.);
#2065 = ORIENTED_EDGE('',*,*,#1895,.T.);
#2066 = ORIENTED_EDGE('',*,*,#1861,.T.);
#2067 = ORIENTED_EDGE('',*,*,#1822,.T.);
#2068 = ADVANCED_FACE('',(#2069),#1980,.T.);
#2069 = FACE_BOUND('',#2070,.T.);
#2070 = EDGE_LOOP('',(#2071,#2093,#2132,#2166,#2200,#2201,#2202,#2203));
#2071 = ORIENTED_EDGE('',*,*,#2072,.T.);
#2072 = EDGE_CURVE('',#1937,#2073,#2075,.T.);
#2073 = VERTEX_POINT('',#2074);
#2074 = CARTESIAN_POINT('',(55.88,-1.201409348829E-13,4.7625));
#2075 = SEAM_CURVE('',#2076,(#2080,#2086),.PCURVE_S1.);
#2076 = LINE('',#2077,#2078);
#2077 = CARTESIAN_POINT('',(55.528638288834,6.256574924653,4.7625));
#2078 = VECTOR('',#2079,1.);
#2079 = DIRECTION('',(5.607044723719E-02,-0.998426815018,0.));
#2080 = PCURVE('',#1980,#2081);
#2081 = DEFINITIONAL_REPRESENTATION('',(#2082),#2085);
#2082 = B_SPLINE_CURVE_WITH_KNOTS('',1,(#2083,#2084),.UNSPECIFIED.,.F.,
  .F.,(2,2),(-1.480537077276,7.746970260505),.PIECEWISE_BEZIER_KNOTS.);
#2083 = CARTESIAN_POINT('',(6.28318530718,-1.480537077276));
#2084 = CARTESIAN_POINT('',(6.28318530718,7.746970260505));
#2085 = ( GEOMETRIC_REPRESENTATION_CONTEXT(2) 
PARAMETRIC_REPRESENTATION_CONTEXT() REPRESENTATION_CONTEXT('2D SPACE',''
  ) );
#2086 = PCURVE('',#1980,#2087);
#2087 = DEFINITIONAL_REPRESENTATION('',(#2088),#2092);
#2088 = LINE('',#2089,#2090);
#2089 = CARTESIAN_POINT('',(0.,0.));
#2090 = VECTOR('',#2091,1.);
#2091 = DIRECTION('',(0.,1.));
#2092 = ( GEOMETRIC_REPRESENTATION_CONTEXT(2) 
PARAMETRIC_REPRESENTATION_CONTEXT() REPRESENTATION_CONTEXT('2D SPACE',''
  ) );
#2093 = ORIENTED_EDGE('',*,*,#2094,.F.);
#2094 = EDGE_CURVE('',#2095,#2073,#2097,.T.);
#2095 = VERTEX_POINT('',#2096);
#2096 = CARTESIAN_POINT('',(60.650004098813,-9.877255779665E-14,
    -5.832380380939E-16));
#2097 = SURFACE_CURVE('',#2098,(#2103,#2115),.PCURVE_S1.);
#2098 = ELLIPSE('',#2099,4.770004098813,4.7625);
#2099 = AXIS2_PLACEMENT_3D('',#2100,#2101,#2102);
#2100 = CARTESIAN_POINT('',(55.88,-9.882228385348E-14,0.));
#2101 = DIRECTION('',(1.042474090169E-17,-1.,0.));
#2102 = DIRECTION('',(1.,1.042474090169E-17,0.));
#2103 = PCURVE('',#1980,#2104);
#2104 = DEFINITIONAL_REPRESENTATION('',(#2105),#2114);
#2105 = B_SPLINE_CURVE_WITH_KNOTS('',7,(#2106,#2107,#2108,#2109,#2110,
    #2111,#2112,#2113),.UNSPECIFIED.,.F.,.F.,(8,8),(0.,1.570796326795),
  .PIECEWISE_BEZIER_KNOTS.);
#2106 = CARTESIAN_POINT('',(4.712388980385,6.533889446372));
#2107 = CARTESIAN_POINT('',(4.936788455641,6.533889446372));
#2108 = CARTESIAN_POINT('',(5.161187930897,6.518176745932));
#2109 = CARTESIAN_POINT('',(5.385587406154,6.486753624433));
#2110 = CARTESIAN_POINT('',(5.60998688141,6.441549322557));
#2111 = CARTESIAN_POINT('',(5.834386356667,6.38646702973));
#2112 = CARTESIAN_POINT('',(6.058785831923,6.326450228332));
#2113 = CARTESIAN_POINT('',(6.28318530718,6.266433183229));
#2114 = ( GEOMETRIC_REPRESENTATION_CONTEXT(2) 
PARAMETRIC_REPRESENTATION_CONTEXT() REPRESENTATION_CONTEXT('2D SPACE',''
  ) );
#2115 = PCURVE('',#2116,#2121);
#2116 = CYLINDRICAL_SURFACE('',#2117,4.7625);
#2117 = AXIS2_PLACEMENT_3D('',#2118,#2119,#2120);
#2118 = CARTESIAN_POINT('',(55.88,0.,0.));
#2119 = DIRECTION('',(-5.607044723719E-02,-0.998426815018,0.));
#2120 = DIRECTION('',(-1.108476438436E-16,6.225070152376E-18,1.));
#2121 = DEFINITIONAL_REPRESENTATION('',(#2122),#2131);
#2122 = B_SPLINE_CURVE_WITH_KNOTS('',7,(#2123,#2124,#2125,#2126,#2127,
    #2128,#2129,#2130),.UNSPECIFIED.,.F.,.F.,(8,8),(0.,1.570796326795),
  .PIECEWISE_BEZIER_KNOTS.);
#2123 = CARTESIAN_POINT('',(4.712388980385,-0.267456263144));
#2124 = CARTESIAN_POINT('',(4.936788455641,-0.267456263144));
#2125 = CARTESIAN_POINT('',(5.161187930898,-0.251743562703));
#2126 = CARTESIAN_POINT('',(5.385587406154,-0.220320441205));
#2127 = CARTESIAN_POINT('',(5.609986881411,-0.175116139327));
#2128 = CARTESIAN_POINT('',(5.834386356667,-0.120033846502));
#2129 = CARTESIAN_POINT('',(6.058785831923,-6.001704510338E-02));
#2130 = CARTESIAN_POINT('',(6.28318530718,9.903189379656E-14));
#2131 = ( GEOMETRIC_REPRESENTATION_CONTEXT(2) 
PARAMETRIC_REPRESENTATION_CONTEXT() REPRESENTATION_CONTEXT('2D SPACE',''
  ) );
#2132 = ORIENTED_EDGE('',*,*,#2133,.F.);
#2133 = EDGE_CURVE('',#2134,#2095,#2136,.T.);
#2134 = VERTEX_POINT('',#2135);
#2135 = CARTESIAN_POINT('',(55.88,-1.014227537393E-13,-4.7625));
#2136 = SURFACE_CURVE('',#2137,(#2142,#2154),.PCURVE_S1.);
#2137 = ELLIPSE('',#2138,4.770004098813,4.7625);
#2138 = AXIS2_PLACEMENT_3D('',#2139,#2140,#2141);
#2139 = CARTESIAN_POINT('',(55.88,-9.882228385348E-14,0.));
#2140 = DIRECTION('',(1.042474090169E-17,-1.,0.));
#2141 = DIRECTION('',(1.,1.042474090169E-17,0.));
#2142 = PCURVE('',#1980,#2143);
#2143 = DEFINITIONAL_REPRESENTATION('',(#2144),#2153);
#2144 = B_SPLINE_CURVE_WITH_KNOTS('',7,(#2145,#2146,#2147,#2148,#2149,
    #2150,#2151,#2152),.UNSPECIFIED.,.F.,.F.,(8,8),(4.712388980385,
    6.28318530718),.PIECEWISE_BEZIER_KNOTS.);
#2145 = CARTESIAN_POINT('',(3.14159265359,6.266433183229));
#2146 = CARTESIAN_POINT('',(3.365992128846,6.326450228332));
#2147 = CARTESIAN_POINT('',(3.590391604102,6.386467029732));
#2148 = CARTESIAN_POINT('',(3.814791079362,6.441549322555));
#2149 = CARTESIAN_POINT('',(4.039190554614,6.486753624435));
#2150 = CARTESIAN_POINT('',(4.263590029872,6.518176745931));
#2151 = CARTESIAN_POINT('',(4.487989505128,6.533889446372));
#2152 = CARTESIAN_POINT('',(4.712388980385,6.533889446372));
#2153 = ( GEOMETRIC_REPRESENTATION_CONTEXT(2) 
PARAMETRIC_REPRESENTATION_CONTEXT() REPRESENTATION_CONTEXT('2D SPACE',''
  ) );
#2154 = PCURVE('',#2116,#2155);
#2155 = DEFINITIONAL_REPRESENTATION('',(#2156),#2165);
#2156 = B_SPLINE_CURVE_WITH_KNOTS('',7,(#2157,#2158,#2159,#2160,#2161,
    #2162,#2163,#2164),.UNSPECIFIED.,.F.,.F.,(8,8),(4.712388980385,
    6.28318530718),.PIECEWISE_BEZIER_KNOTS.);
#2157 = CARTESIAN_POINT('',(3.14159265359,9.903189379656E-14));
#2158 = CARTESIAN_POINT('',(3.365992128846,-6.001704510338E-02));
#2159 = CARTESIAN_POINT('',(3.590391604102,-0.120033846502));
#2160 = CARTESIAN_POINT('',(3.814791079361,-0.175116139327));
#2161 = CARTESIAN_POINT('',(4.039190554615,-0.220320441205));
#2162 = CARTESIAN_POINT('',(4.263590029872,-0.251743562703));
#2163 = CARTESIAN_POINT('',(4.487989505128,-0.267456263144));
#2164 = CARTESIAN_POINT('',(4.712388980385,-0.267456263144));
#2165 = ( GEOMETRIC_REPRESENTATION_CONTEXT(2) 
PARAMETRIC_REPRESENTATION_CONTEXT() REPRESENTATION_CONTEXT('2D SPACE',''
  ) );
#2166 = ORIENTED_EDGE('',*,*,#2167,.F.);
#2167 = EDGE_CURVE('',#2073,#2134,#2168,.T.);
#2168 = SURFACE_CURVE('',#2169,(#2174,#2187),.PCURVE_S1.);
#2169 = ELLIPSE('',#2170,4.770004098813,4.7625);
#2170 = AXIS2_PLACEMENT_3D('',#2171,#2172,#2173);
#2171 = CARTESIAN_POINT('',(55.88,-9.882228385348E-14,0.));
#2172 = DIRECTION('',(1.042474090169E-17,-1.,0.));
#2173 = DIRECTION('',(1.,1.042474090169E-17,0.));
#2174 = PCURVE('',#1980,#2175);
#2175 = DEFINITIONAL_REPRESENTATION('',(#2176),#2186);
#2176 = B_SPLINE_CURVE_WITH_KNOTS('',8,(#2177,#2178,#2179,#2180,#2181,
    #2182,#2183,#2184,#2185),.UNSPECIFIED.,.F.,.F.,(9,9),(1.570796326795
    ,4.712388980385),.PIECEWISE_BEZIER_KNOTS.);
#2177 = CARTESIAN_POINT('',(0.,6.266433183229));
#2178 = CARTESIAN_POINT('',(0.392699081699,6.161403354298));
#2179 = CARTESIAN_POINT('',(0.785398163398,6.056372687904));
#2180 = CARTESIAN_POINT('',(1.178097245091,5.976032027297));
#2181 = CARTESIAN_POINT('',(1.570796326796,5.945004634966));
#2182 = CARTESIAN_POINT('',(1.963495408488,5.976032027298));
#2183 = CARTESIAN_POINT('',(2.356194490193,6.056372687905));
#2184 = CARTESIAN_POINT('',(2.748893571891,6.161403354298));
#2185 = CARTESIAN_POINT('',(3.14159265359,6.266433183229));
#2186 = ( GEOMETRIC_REPRESENTATION_CONTEXT(2) 
PARAMETRIC_REPRESENTATION_CONTEXT() REPRESENTATION_CONTEXT('2D SPACE',''
  ) );
#2187 = PCURVE('',#2116,#2188);
#2188 = DEFINITIONAL_REPRESENTATION('',(#2189),#2199);
#2189 = B_SPLINE_CURVE_WITH_KNOTS('',8,(#2190,#2191,#2192,#2193,#2194,
    #2195,#2196,#2197,#2198),.UNSPECIFIED.,.F.,.F.,(9,9),(1.570796326795
    ,4.712388980385),.PIECEWISE_BEZIER_KNOTS.);
#2190 = CARTESIAN_POINT('',(1.49195325094E-15,9.903189379656E-14));
#2191 = CARTESIAN_POINT('',(0.392699081699,0.105029828931));
#2192 = CARTESIAN_POINT('',(0.785398163396,0.210060495319));
#2193 = CARTESIAN_POINT('',(1.178097245098,0.290401155932));
#2194 = CARTESIAN_POINT('',(1.570796326791,0.321428548245));
#2195 = CARTESIAN_POINT('',(1.963495408494,0.290401155932));
#2196 = CARTESIAN_POINT('',(2.356194490191,0.210060495319));
#2197 = CARTESIAN_POINT('',(2.748893571891,0.105029828931));
#2198 = CARTESIAN_POINT('',(3.14159265359,9.903189379656E-14));
#2199 = ( GEOMETRIC_REPRESENTATION_CONTEXT(2) 
PARAMETRIC_REPRESENTATION_CONTEXT() REPRESENTATION_CONTEXT('2D SPACE',''
  ) );
#2200 = ORIENTED_EDGE('',*,*,#2072,.F.);
#2201 = ORIENTED_EDGE('',*,*,#2031,.T.);
#2202 = ORIENTED_EDGE('',*,*,#1997,.T.);
#2203 = ORIENTED_EDGE('',*,*,#1958,.T.);
#2204 = ADVANCED_FACE('',(#2205),#2116,.T.);
#2205 = FACE_BOUND('',#2206,.T.);
#2206 = EDGE_LOOP('',(#2207,#2229,#2268,#2302,#2336,#2337,#2338,#2339));
#2207 = ORIENTED_EDGE('',*,*,#2208,.T.);
#2208 = EDGE_CURVE('',#2073,#2209,#2211,.T.);
#2209 = VERTEX_POINT('',#2210);
#2210 = CARTESIAN_POINT('',(55.528638288834,-6.256574924653,4.7625));
#2211 = SEAM_CURVE('',#2212,(#2216,#2222),.PCURVE_S1.);
#2212 = LINE('',#2213,#2214);
#2213 = CARTESIAN_POINT('',(55.88,2.964689660069E-17,4.7625));
#2214 = VECTOR('',#2215,1.);
#2215 = DIRECTION('',(-5.607044723719E-02,-0.998426815018,0.));
#2216 = PCURVE('',#2116,#2217);
#2217 = DEFINITIONAL_REPRESENTATION('',(#2218),#2221);
#2218 = B_SPLINE_CURVE_WITH_KNOTS('',1,(#2219,#2220),.UNSPECIFIED.,.F.,
  .F.,(2,2),(-1.480537077276,7.746970260505),.PIECEWISE_BEZIER_KNOTS.);
#2219 = CARTESIAN_POINT('',(6.28318530718,-1.480537077276));
#2220 = CARTESIAN_POINT('',(6.28318530718,7.746970260505));
#2221 = ( GEOMETRIC_REPRESENTATION_CONTEXT(2) 
PARAMETRIC_REPRESENTATION_CONTEXT() REPRESENTATION_CONTEXT('2D SPACE',''
  ) );
#2222 = PCURVE('',#2116,#2223);
#2223 = DEFINITIONAL_REPRESENTATION('',(#2224),#2228);
#2224 = LINE('',#2225,#2226);
#2225 = CARTESIAN_POINT('',(0.,0.));
#2226 = VECTOR('',#2227,1.);
#2227 = DIRECTION('',(0.,1.));
#2228 = ( GEOMETRIC_REPRESENTATION_CONTEXT(2) 
PARAMETRIC_REPRESENTATION_CONTEXT() REPRESENTATION_CONTEXT('2D SPACE',''
  ) );
#2229 = ORIENTED_EDGE('',*,*,#2230,.F.);
#2230 = EDGE_CURVE('',#2231,#2209,#2233,.T.);
#2231 = VERTEX_POINT('',#2232);
#2232 = CARTESIAN_POINT('',(60.268649603066,-6.790645934587,
    -5.832380380939E-16));
#2233 = SURFACE_CURVE('',#2234,(#2239,#2251),.PCURVE_S1.);
#2234 = ELLIPSE('',#2235,4.770004098813,4.7625);
#2235 = AXIS2_PLACEMENT_3D('',#2236,#2237,#2238);
#2236 = CARTESIAN_POINT('',(55.528638288834,-6.256574924653,0.));
#2237 = DIRECTION('',(-0.111964476103,-0.993712209893,0.));
#2238 = DIRECTION('',(0.993712209893,-0.111964476103,0.));
#2239 = PCURVE('',#2116,#2240);
#2240 = DEFINITIONAL_REPRESENTATION('',(#2241),#2250);
#2241 = B_SPLINE_CURVE_WITH_KNOTS('',7,(#2242,#2243,#2244,#2245,#2246,
    #2247,#2248,#2249),.UNSPECIFIED.,.F.,.F.,(8,8),(0.,1.570796326795),
  .PIECEWISE_BEZIER_KNOTS.);
#2242 = CARTESIAN_POINT('',(4.712388980385,6.533889446372));
#2243 = CARTESIAN_POINT('',(4.936788455641,6.533889446372));
#2244 = CARTESIAN_POINT('',(5.161187930898,6.518176745932));
#2245 = CARTESIAN_POINT('',(5.385587406154,6.486753624431));
#2246 = CARTESIAN_POINT('',(5.609986881411,6.441549322558));
#2247 = CARTESIAN_POINT('',(5.834386356667,6.38646702973));
#2248 = CARTESIAN_POINT('',(6.058785831923,6.326450228332));
#2249 = CARTESIAN_POINT('',(6.28318530718,6.266433183228));
#2250 = ( GEOMETRIC_REPRESENTATION_CONTEXT(2) 
PARAMETRIC_REPRESENTATION_CONTEXT() REPRESENTATION_CONTEXT('2D SPACE',''
  ) );
#2251 = PCURVE('',#2252,#2257);
#2252 = CYLINDRICAL_SURFACE('',#2253,4.7625);
#2253 = AXIS2_PLACEMENT_3D('',#2254,#2255,#2256);
#2254 = CARTESIAN_POINT('',(55.528638288834,-6.256574924653,0.));
#2255 = DIRECTION('',(-0.167506223305,-0.985871018518,0.));
#2256 = DIRECTION('',(-1.09453670407E-16,1.859692658809E-17,1.));
#2257 = DEFINITIONAL_REPRESENTATION('',(#2258),#2267);
#2258 = B_SPLINE_CURVE_WITH_KNOTS('',7,(#2259,#2260,#2261,#2262,#2263,
    #2264,#2265,#2266),.UNSPECIFIED.,.F.,.F.,(8,8),(0.,1.570796326795),
  .PIECEWISE_BEZIER_KNOTS.);
#2259 = CARTESIAN_POINT('',(4.712388980385,-0.267456263144));
#2260 = CARTESIAN_POINT('',(4.936788455641,-0.267456263144));
#2261 = CARTESIAN_POINT('',(5.161187930897,-0.251743562703));
#2262 = CARTESIAN_POINT('',(5.385587406154,-0.220320441205));
#2263 = CARTESIAN_POINT('',(5.60998688141,-0.175116139327));
#2264 = CARTESIAN_POINT('',(5.834386356667,-0.120033846503));
#2265 = CARTESIAN_POINT('',(6.058785831923,-6.001704510359E-02));
#2266 = CARTESIAN_POINT('',(6.28318530718,-9.903189379656E-14));
#2267 = ( GEOMETRIC_REPRESENTATION_CONTEXT(2) 
PARAMETRIC_REPRESENTATION_CONTEXT() REPRESENTATION_CONTEXT('2D SPACE',''
  ) );
#2268 = ORIENTED_EDGE('',*,*,#2269,.F.);
#2269 = EDGE_CURVE('',#2270,#2231,#2272,.T.);
#2270 = VERTEX_POINT('',#2271);
#2271 = CARTESIAN_POINT('',(55.528638288834,-6.256574924653,-4.7625));
#2272 = SURFACE_CURVE('',#2273,(#2278,#2290),.PCURVE_S1.);
#2273 = ELLIPSE('',#2274,4.770004098813,4.7625);
#2274 = AXIS2_PLACEMENT_3D('',#2275,#2276,#2277);
#2275 = CARTESIAN_POINT('',(55.528638288834,-6.256574924653,0.));
#2276 = DIRECTION('',(-0.111964476103,-0.993712209893,0.));
#2277 = DIRECTION('',(0.993712209893,-0.111964476103,0.));
#2278 = PCURVE('',#2116,#2279);
#2279 = DEFINITIONAL_REPRESENTATION('',(#2280),#2289);
#2280 = B_SPLINE_CURVE_WITH_KNOTS('',7,(#2281,#2282,#2283,#2284,#2285,
    #2286,#2287,#2288),.UNSPECIFIED.,.F.,.F.,(8,8),(4.712388980385,
    6.28318530718),.PIECEWISE_BEZIER_KNOTS.);
#2281 = CARTESIAN_POINT('',(3.14159265359,6.266433183228));
#2282 = CARTESIAN_POINT('',(3.365992128846,6.326450228332));
#2283 = CARTESIAN_POINT('',(3.590391604102,6.386467029731));
#2284 = CARTESIAN_POINT('',(3.81479107936,6.441549322554));
#2285 = CARTESIAN_POINT('',(4.039190554616,6.486753624435));
#2286 = CARTESIAN_POINT('',(4.263590029872,6.518176745931));
#2287 = CARTESIAN_POINT('',(4.487989505128,6.533889446372));
#2288 = CARTESIAN_POINT('',(4.712388980385,6.533889446372));
#2289 = ( GEOMETRIC_REPRESENTATION_CONTEXT(2) 
PARAMETRIC_REPRESENTATION_CONTEXT() REPRESENTATION_CONTEXT('2D SPACE',''
  ) );
#2290 = PCURVE('',#2252,#2291);
#2291 = DEFINITIONAL_REPRESENTATION('',(#2292),#2301);
#2292 = B_SPLINE_CURVE_WITH_KNOTS('',7,(#2293,#2294,#2295,#2296,#2297,
    #2298,#2299,#2300),.UNSPECIFIED.,.F.,.F.,(8,8),(4.712388980385,
    6.28318530718),.PIECEWISE_BEZIER_KNOTS.);
#2293 = CARTESIAN_POINT('',(3.14159265359,-9.903189379656E-14));
#2294 = CARTESIAN_POINT('',(3.365992128846,-6.001704510359E-02));
#2295 = CARTESIAN_POINT('',(3.590391604102,-0.120033846503));
#2296 = CARTESIAN_POINT('',(3.814791079362,-0.175116139327));
#2297 = CARTESIAN_POINT('',(4.039190554614,-0.220320441205));
#2298 = CARTESIAN_POINT('',(4.263590029872,-0.251743562703));
#2299 = CARTESIAN_POINT('',(4.487989505128,-0.267456263144));
#2300 = CARTESIAN_POINT('',(4.712388980385,-0.267456263144));
#2301 = ( GEOMETRIC_REPRESENTATION_CONTEXT(2) 
PARAMETRIC_REPRESENTATION_CONTEXT() REPRESENTATION_CONTEXT('2D SPACE',''
  ) );
#2302 = ORIENTED_EDGE('',*,*,#2303,.F.);
#2303 = EDGE_CURVE('',#2209,#2270,#2304,.T.);
#2304 = SURFACE_CURVE('',#2305,(#2310,#2323),.PCURVE_S1.);
#2305 = ELLIPSE('',#2306,4.770004098813,4.7625);
#2306 = AXIS2_PLACEMENT_3D('',#2307,#2308,#2309);
#2307 = CARTESIAN_POINT('',(55.528638288834,-6.256574924653,0.));
#2308 = DIRECTION('',(-0.111964476103,-0.993712209893,0.));
#2309 = DIRECTION('',(0.993712209893,-0.111964476103,0.));
#2310 = PCURVE('',#2116,#2311);
#2311 = DEFINITIONAL_REPRESENTATION('',(#2312),#2322);
#2312 = B_SPLINE_CURVE_WITH_KNOTS('',8,(#2313,#2314,#2315,#2316,#2317,
    #2318,#2319,#2320,#2321),.UNSPECIFIED.,.F.,.F.,(9,9),(1.570796326795
    ,4.712388980385),.PIECEWISE_BEZIER_KNOTS.);
#2313 = CARTESIAN_POINT('',(1.49195325094E-15,6.266433183228));
#2314 = CARTESIAN_POINT('',(0.392699081699,6.161403354297));
#2315 = CARTESIAN_POINT('',(0.785398163399,6.056372687909));
#2316 = CARTESIAN_POINT('',(1.178097245088,5.97603202728));
#2317 = CARTESIAN_POINT('',(1.570796326803,5.945004634993));
#2318 = CARTESIAN_POINT('',(1.963495408486,5.976032027285));
#2319 = CARTESIAN_POINT('',(2.356194490193,6.056372687907));
#2320 = CARTESIAN_POINT('',(2.748893571891,6.161403354297));
#2321 = CARTESIAN_POINT('',(3.14159265359,6.266433183228));
#2322 = ( GEOMETRIC_REPRESENTATION_CONTEXT(2) 
PARAMETRIC_REPRESENTATION_CONTEXT() REPRESENTATION_CONTEXT('2D SPACE',''
  ) );
#2323 = PCURVE('',#2252,#2324);
#2324 = DEFINITIONAL_REPRESENTATION('',(#2325),#2335);
#2325 = B_SPLINE_CURVE_WITH_KNOTS('',8,(#2326,#2327,#2328,#2329,#2330,
    #2331,#2332,#2333,#2334),.UNSPECIFIED.,.F.,.F.,(9,9),(1.570796326795
    ,4.712388980385),.PIECEWISE_BEZIER_KNOTS.);
#2326 = CARTESIAN_POINT('',(0.,-9.903189379656E-14));
#2327 = CARTESIAN_POINT('',(0.392699081699,0.105029828931));
#2328 = CARTESIAN_POINT('',(0.785398163398,0.210060495319));
#2329 = CARTESIAN_POINT('',(1.178097245091,0.290401155932));
#2330 = CARTESIAN_POINT('',(1.570796326796,0.321428548246));
#2331 = CARTESIAN_POINT('',(1.963495408488,0.290401155932));
#2332 = CARTESIAN_POINT('',(2.356194490193,0.210060495319));
#2333 = CARTESIAN_POINT('',(2.748893571891,0.105029828931));
#2334 = CARTESIAN_POINT('',(3.14159265359,-9.903189379656E-14));
#2335 = ( GEOMETRIC_REPRESENTATION_CONTEXT(2) 
PARAMETRIC_REPRESENTATION_CONTEXT() REPRESENTATION_CONTEXT('2D SPACE',''
  ) );
#2336 = ORIENTED_EDGE('',*,*,#2208,.F.);
#2337 = ORIENTED_EDGE('',*,*,#2167,.T.);
#2338 = ORIENTED_EDGE('',*,*,#2133,.T.);
#2339 = ORIENTED_EDGE('',*,*,#2094,.T.);
#2340 = ADVANCED_FACE('',(#2341),#2252,.T.);
#2341 = FACE_BOUND('',#2342,.T.);
#2342 = EDGE_LOOP('',(#2343,#2365,#2404,#2438,#2472,#2473,#2474,#2475));
#2343 = ORIENTED_EDGE('',*,*,#2344,.T.);
#2344 = EDGE_CURVE('',#2209,#2345,#2347,.T.);
#2345 = VERTEX_POINT('',#2346);
#2346 = CARTESIAN_POINT('',(54.47897173272,-12.43446978947,4.7625));
#2347 = SEAM_CURVE('',#2348,(#2352,#2358),.PCURVE_S1.);
#2348 = LINE('',#2349,#2350);
#2349 = CARTESIAN_POINT('',(55.528638288834,-6.256574924653,4.7625));
#2350 = VECTOR('',#2351,1.);
#2351 = DIRECTION('',(-0.167506223305,-0.985871018518,0.));
#2352 = PCURVE('',#2252,#2353);
#2353 = DEFINITIONAL_REPRESENTATION('',(#2354),#2357);
#2354 = B_SPLINE_CURVE_WITH_KNOTS('',1,(#2355,#2356),.UNSPECIFIED.,.F.,
  .F.,(2,2),(-1.480537077276,7.746970260505),.PIECEWISE_BEZIER_KNOTS.);
#2355 = CARTESIAN_POINT('',(6.28318530718,-1.480537077276));
#2356 = CARTESIAN_POINT('',(6.28318530718,7.746970260505));
#2357 = ( GEOMETRIC_REPRESENTATION_CONTEXT(2) 
PARAMETRIC_REPRESENTATION_CONTEXT() REPRESENTATION_CONTEXT('2D SPACE',''
  ) );
#2358 = PCURVE('',#2252,#2359);
#2359 = DEFINITIONAL_REPRESENTATION('',(#2360),#2364);
#2360 = LINE('',#2361,#2362);
#2361 = CARTESIAN_POINT('',(0.,0.));
#2362 = VECTOR('',#2363,1.);
#2363 = DIRECTION('',(0.,1.));
#2364 = ( GEOMETRIC_REPRESENTATION_CONTEXT(2) 
PARAMETRIC_REPRESENTATION_CONTEXT() REPRESENTATION_CONTEXT('2D SPACE',''
  ) );
#2365 = ORIENTED_EDGE('',*,*,#2366,.F.);
#2366 = EDGE_CURVE('',#2367,#2345,#2369,.T.);
#2367 = VERTEX_POINT('',#2368);
#2368 = CARTESIAN_POINT('',(59.129381869875,-13.49589555652,
    -5.832380380939E-16));
#2369 = SURFACE_CURVE('',#2370,(#2375,#2387),.PCURVE_S1.);
#2370 = ELLIPSE('',#2371,4.770004098813,4.7625);
#2371 = AXIS2_PLACEMENT_3D('',#2372,#2373,#2374);
#2372 = CARTESIAN_POINT('',(54.47897173272,-12.43446978947,0.));
#2373 = DIRECTION('',(-0.222520933956,-0.974927912182,0.));
#2374 = DIRECTION('',(0.974927912182,-0.222520933956,0.));
#2375 = PCURVE('',#2252,#2376);
#2376 = DEFINITIONAL_REPRESENTATION('',(#2377),#2386);
#2377 = B_SPLINE_CURVE_WITH_KNOTS('',7,(#2378,#2379,#2380,#2381,#2382,
    #2383,#2384,#2385),.UNSPECIFIED.,.F.,.F.,(8,8),(0.,1.570796326795),
  .PIECEWISE_BEZIER_KNOTS.);
#2378 = CARTESIAN_POINT('',(4.712388980385,6.533889446372));
#2379 = CARTESIAN_POINT('',(4.936788455641,6.533889446372));
#2380 = CARTESIAN_POINT('',(5.161187930897,6.518176745932));
#2381 = CARTESIAN_POINT('',(5.385587406154,6.486753624432));
#2382 = CARTESIAN_POINT('',(5.60998688141,6.441549322558));
#2383 = CARTESIAN_POINT('',(5.834386356667,6.38646702973));
#2384 = CARTESIAN_POINT('',(6.058785831923,6.326450228332));
#2385 = CARTESIAN_POINT('',(6.28318530718,6.266433183228));
#2386 = ( GEOMETRIC_REPRESENTATION_CONTEXT(2) 
PARAMETRIC_REPRESENTATION_CONTEXT() REPRESENTATION_CONTEXT('2D SPACE',''
  ) );
#2387 = PCURVE('',#2388,#2393);
#2388 = CYLINDRICAL_SURFACE('',#2389,4.7625);
#2389 = AXIS2_PLACEMENT_3D('',#2390,#2391,#2392);
#2390 = CARTESIAN_POINT('',(54.47897173272,-12.43446978947,0.));
#2391 = DIRECTION('',(-0.276835511425,-0.960917321945,0.));
#2392 = DIRECTION('',(-1.066832535585E-16,3.073491588177E-17,1.));
#2393 = DEFINITIONAL_REPRESENTATION('',(#2394),#2403);
#2394 = B_SPLINE_CURVE_WITH_KNOTS('',7,(#2395,#2396,#2397,#2398,#2399,
    #2400,#2401,#2402),.UNSPECIFIED.,.F.,.F.,(8,8),(0.,1.570796326795),
  .PIECEWISE_BEZIER_KNOTS.);
#2395 = CARTESIAN_POINT('',(4.712388980385,-0.267456263144));
#2396 = CARTESIAN_POINT('',(4.936788455641,-0.267456263144));
#2397 = CARTESIAN_POINT('',(5.161187930897,-0.251743562703));
#2398 = CARTESIAN_POINT('',(5.385587406154,-0.220320441205));
#2399 = CARTESIAN_POINT('',(5.60998688141,-0.175116139327));
#2400 = CARTESIAN_POINT('',(5.834386356667,-0.120033846503));
#2401 = CARTESIAN_POINT('',(6.058785831923,-6.001704510359E-02));
#2402 = CARTESIAN_POINT('',(6.28318530718,-1.039168751049E-13));
#2403 = ( GEOMETRIC_REPRESENTATION_CONTEXT(2) 
PARAMETRIC_REPRESENTATION_CONTEXT() REPRESENTATION_CONTEXT('2D SPACE',''
  ) );
#2404 = ORIENTED_EDGE('',*,*,#2405,.F.);
#2405 = EDGE_CURVE('',#2406,#2367,#2408,.T.);
#2406 = VERTEX_POINT('',#2407);
#2407 = CARTESIAN_POINT('',(54.47897173272,-12.43446978947,-4.7625));
#2408 = SURFACE_CURVE('',#2409,(#2414,#2426),.PCURVE_S1.);
#2409 = ELLIPSE('',#2410,4.770004098813,4.7625);
#2410 = AXIS2_PLACEMENT_3D('',#2411,#2412,#2413);
#2411 = CARTESIAN_POINT('',(54.47897173272,-12.43446978947,0.));
#2412 = DIRECTION('',(-0.222520933956,-0.974927912182,0.));
#2413 = DIRECTION('',(0.974927912182,-0.222520933956,0.));
#2414 = PCURVE('',#2252,#2415);
#2415 = DEFINITIONAL_REPRESENTATION('',(#2416),#2425);
#2416 = B_SPLINE_CURVE_WITH_KNOTS('',7,(#2417,#2418,#2419,#2420,#2421,
    #2422,#2423,#2424),.UNSPECIFIED.,.F.,.F.,(8,8),(4.712388980385,
    6.28318530718),.PIECEWISE_BEZIER_KNOTS.);
#2417 = CARTESIAN_POINT('',(3.14159265359,6.266433183228));
#2418 = CARTESIAN_POINT('',(3.365992128846,6.326450228332));
#2419 = CARTESIAN_POINT('',(3.590391604102,6.386467029732));
#2420 = CARTESIAN_POINT('',(3.814791079361,6.441549322555));
#2421 = CARTESIAN_POINT('',(4.039190554614,6.486753624434));
#2422 = CARTESIAN_POINT('',(4.263590029872,6.518176745931));
#2423 = CARTESIAN_POINT('',(4.487989505128,6.533889446372));
#2424 = CARTESIAN_POINT('',(4.712388980385,6.533889446372));
#2425 = ( GEOMETRIC_REPRESENTATION_CONTEXT(2) 
PARAMETRIC_REPRESENTATION_CONTEXT() REPRESENTATION_CONTEXT('2D SPACE',''
  ) );
#2426 = PCURVE('',#2388,#2427);
#2427 = DEFINITIONAL_REPRESENTATION('',(#2428),#2437);
#2428 = B_SPLINE_CURVE_WITH_KNOTS('',7,(#2429,#2430,#2431,#2432,#2433,
    #2434,#2435,#2436),.UNSPECIFIED.,.F.,.F.,(8,8),(4.712388980385,
    6.28318530718),.PIECEWISE_BEZIER_KNOTS.);
#2429 = CARTESIAN_POINT('',(3.14159265359,-1.039168751049E-13));
#2430 = CARTESIAN_POINT('',(3.365992128846,-6.001704510359E-02));
#2431 = CARTESIAN_POINT('',(3.590391604102,-0.120033846503));
#2432 = CARTESIAN_POINT('',(3.814791079361,-0.175116139327));
#2433 = CARTESIAN_POINT('',(4.039190554614,-0.220320441205));
#2434 = CARTESIAN_POINT('',(4.263590029872,-0.251743562703));
#2435 = CARTESIAN_POINT('',(4.487989505128,-0.267456263144));
#2436 = CARTESIAN_POINT('',(4.712388980385,-0.267456263144));
#2437 = ( GEOMETRIC_REPRESENTATION_CONTEXT(2) 
PARAMETRIC_REPRESENTATION_CONTEXT() REPRESENTATION_CONTEXT('2D SPACE',''
  ) );
#2438 = ORIENTED_EDGE('',*,*,#2439,.F.);
#2439 = EDGE_CURVE('',#2345,#2406,#2440,.T.);
#2440 = SURFACE_CURVE('',#2441,(#2446,#2459),.PCURVE_S1.);
#2441 = ELLIPSE('',#2442,4.770004098813,4.7625);
#2442 = AXIS2_PLACEMENT_3D('',#2443,#2444,#2445);
#2443 = CARTESIAN_POINT('',(54.47897173272,-12.43446978947,0.));
#2444 = DIRECTION('',(-0.222520933956,-0.974927912182,0.));
#2445 = DIRECTION('',(0.974927912182,-0.222520933956,0.));
#2446 = PCURVE('',#2252,#2447);
#2447 = DEFINITIONAL_REPRESENTATION('',(#2448),#2458);
#2448 = B_SPLINE_CURVE_WITH_KNOTS('',8,(#2449,#2450,#2451,#2452,#2453,
    #2454,#2455,#2456,#2457),.UNSPECIFIED.,.F.,.F.,(9,9),(1.570796326795
    ,4.712388980385),.PIECEWISE_BEZIER_KNOTS.);
#2449 = CARTESIAN_POINT('',(0.,6.266433183228));
#2450 = CARTESIAN_POINT('',(0.392699081699,6.161403354297));
#2451 = CARTESIAN_POINT('',(0.785398163399,6.056372687908));
#2452 = CARTESIAN_POINT('',(1.178097245088,5.976032027296));
#2453 = CARTESIAN_POINT('',(1.570796326799,5.945004634969));
#2454 = CARTESIAN_POINT('',(1.963495408487,5.976032027294));
#2455 = CARTESIAN_POINT('',(2.356194490193,6.056372687905));
#2456 = CARTESIAN_POINT('',(2.748893571891,6.161403354297));
#2457 = CARTESIAN_POINT('',(3.14159265359,6.266433183228));
#2458 = ( GEOMETRIC_REPRESENTATION_CONTEXT(2) 
PARAMETRIC_REPRESENTATION_CONTEXT() REPRESENTATION_CONTEXT('2D SPACE',''
  ) );
#2459 = PCURVE('',#2388,#2460);
#2460 = DEFINITIONAL_REPRESENTATION('',(#2461),#2471);
#2461 = B_SPLINE_CURVE_WITH_KNOTS('',8,(#2462,#2463,#2464,#2465,#2466,
    #2467,#2468,#2469,#2470),.UNSPECIFIED.,.F.,.F.,(9,9),(1.570796326795
    ,4.712388980385),.PIECEWISE_BEZIER_KNOTS.);
#2462 = CARTESIAN_POINT('',(0.,-1.039168751049E-13));
#2463 = CARTESIAN_POINT('',(0.392699081699,0.105029828931));
#2464 = CARTESIAN_POINT('',(0.785398163398,0.210060495319));
#2465 = CARTESIAN_POINT('',(1.178097245091,0.290401155932));
#2466 = CARTESIAN_POINT('',(1.570796326796,0.321428548244));
#2467 = CARTESIAN_POINT('',(1.963495408488,0.290401155933));
#2468 = CARTESIAN_POINT('',(2.356194490193,0.210060495319));
#2469 = CARTESIAN_POINT('',(2.748893571891,0.105029828931));
#2470 = CARTESIAN_POINT('',(3.14159265359,-1.039168751049E-13));
#2471 = ( GEOMETRIC_REPRESENTATION_CONTEXT(2) 
PARAMETRIC_REPRESENTATION_CONTEXT() REPRESENTATION_CONTEXT('2D SPACE',''
  ) );
#2472 = ORIENTED_EDGE('',*,*,#2344,.F.);
#2473 = ORIENTED_EDGE('',*,*,#2303,.T.);
#2474 = ORIENTED_EDGE('',*,*,#2269,.T.);
#2475 = ORIENTED_EDGE('',*,*,#2230,.T.);
#2476 = ADVANCED_FACE('',(#2477),#2388,.T.);
#2477 = FACE_BOUND('',#2478,.T.);
#2478 = EDGE_LOOP('',(#2479,#2501,#2540,#2574,#2608,#2609,#2610,#2611));
#2479 = ORIENTED_EDGE('',*,*,#2480,.T.);
#2480 = EDGE_CURVE('',#2345,#2481,#2483,.T.);
#2481 = VERTEX_POINT('',#2482);
#2482 = CARTESIAN_POINT('',(52.744200497632,-18.45599398205,4.7625));
#2483 = SEAM_CURVE('',#2484,(#2488,#2494),.PCURVE_S1.);
#2484 = LINE('',#2485,#2486);
#2485 = CARTESIAN_POINT('',(54.47897173272,-12.43446978947,4.7625));
#2486 = VECTOR('',#2487,1.);
#2487 = DIRECTION('',(-0.276835511425,-0.960917321945,0.));
#2488 = PCURVE('',#2388,#2489);
#2489 = DEFINITIONAL_REPRESENTATION('',(#2490),#2493);
#2490 = B_SPLINE_CURVE_WITH_KNOTS('',1,(#2491,#2492),.UNSPECIFIED.,.F.,
  .F.,(2,2),(-1.480537077276,7.746970260505),.PIECEWISE_BEZIER_KNOTS.);
#2491 = CARTESIAN_POINT('',(6.28318530718,-1.480537077276));
#2492 = CARTESIAN_POINT('',(6.28318530718,7.746970260505));
#2493 = ( GEOMETRIC_REPRESENTATION_CONTEXT(2) 
PARAMETRIC_REPRESENTATION_CONTEXT() REPRESENTATION_CONTEXT('2D SPACE',''
  ) );
#2494 = PCURVE('',#2388,#2495);
#2495 = DEFINITIONAL_REPRESENTATION('',(#2496),#2500);
#2496 = LINE('',#2497,#2498);
#2497 = CARTESIAN_POINT('',(0.,0.));
#2498 = VECTOR('',#2499,1.);
#2499 = DIRECTION('',(0.,1.));
#2500 = ( GEOMETRIC_REPRESENTATION_CONTEXT(2) 
PARAMETRIC_REPRESENTATION_CONTEXT() REPRESENTATION_CONTEXT('2D SPACE',''
  ) );
#2501 = ORIENTED_EDGE('',*,*,#2502,.F.);
#2502 = EDGE_CURVE('',#2503,#2481,#2505,.T.);
#2503 = VERTEX_POINT('',#2504);
#2504 = CARTESIAN_POINT('',(57.246527852004,-20.03142646133,
    -5.832380380939E-16));
#2505 = SURFACE_CURVE('',#2506,(#2511,#2523),.PCURVE_S1.);
#2506 = ELLIPSE('',#2507,4.770004098813,4.7625);
#2507 = AXIS2_PLACEMENT_3D('',#2508,#2509,#2510);
#2508 = CARTESIAN_POINT('',(52.744200497632,-18.45599398205,0.));
#2509 = DIRECTION('',(-0.330279061955,-0.943883330308,0.));
#2510 = DIRECTION('',(0.943883330308,-0.330279061955,0.));
#2511 = PCURVE('',#2388,#2512);
#2512 = DEFINITIONAL_REPRESENTATION('',(#2513),#2522);
#2513 = B_SPLINE_CURVE_WITH_KNOTS('',7,(#2514,#2515,#2516,#2517,#2518,
    #2519,#2520,#2521),.UNSPECIFIED.,.F.,.F.,(8,8),(0.,1.570796326795),
  .PIECEWISE_BEZIER_KNOTS.);
#2514 = CARTESIAN_POINT('',(4.712388980385,6.533889446372));
#2515 = CARTESIAN_POINT('',(4.936788455641,6.533889446372));
#2516 = CARTESIAN_POINT('',(5.161187930898,6.51817674593));
#2517 = CARTESIAN_POINT('',(5.385587406153,6.486753624436));
#2518 = CARTESIAN_POINT('',(5.609986881411,6.441549322552));
#2519 = CARTESIAN_POINT('',(5.834386356667,6.386467029732));
#2520 = CARTESIAN_POINT('',(6.058785831923,6.326450228332));
#2521 = CARTESIAN_POINT('',(6.28318530718,6.266433183229));
#2522 = ( GEOMETRIC_REPRESENTATION_CONTEXT(2) 
PARAMETRIC_REPRESENTATION_CONTEXT() REPRESENTATION_CONTEXT('2D SPACE',''
  ) );
#2523 = PCURVE('',#2524,#2529);
#2524 = CYLINDRICAL_SURFACE('',#2525,4.7625);
#2525 = AXIS2_PLACEMENT_3D('',#2526,#2527,#2528);
#2526 = CARTESIAN_POINT('',(52.744200497632,-18.45599398205,0.));
#2527 = DIRECTION('',(-0.382683432365,-0.923879532511,0.));
#2528 = DIRECTION('',(-1.025712328974E-16,4.248639577543E-17,1.));
#2529 = DEFINITIONAL_REPRESENTATION('',(#2530),#2539);
#2530 = B_SPLINE_CURVE_WITH_KNOTS('',7,(#2531,#2532,#2533,#2534,#2535,
    #2536,#2537,#2538),.UNSPECIFIED.,.F.,.F.,(8,8),(0.,1.570796326795),
  .PIECEWISE_BEZIER_KNOTS.);
#2531 = CARTESIAN_POINT('',(4.712388980385,-0.267456263144));
#2532 = CARTESIAN_POINT('',(4.936788455641,-0.267456263144));
#2533 = CARTESIAN_POINT('',(5.161187930897,-0.251743562703));
#2534 = CARTESIAN_POINT('',(5.385587406154,-0.220320441205));
#2535 = CARTESIAN_POINT('',(5.60998688141,-0.175116139327));
#2536 = CARTESIAN_POINT('',(5.834386356667,-0.120033846503));
#2537 = CARTESIAN_POINT('',(6.058785831923,-6.001704510351E-02));
#2538 = CARTESIAN_POINT('',(6.28318530718,-2.39808173319E-14));
#2539 = ( GEOMETRIC_REPRESENTATION_CONTEXT(2) 
PARAMETRIC_REPRESENTATION_CONTEXT() REPRESENTATION_CONTEXT('2D SPACE',''
  ) );
#2540 = ORIENTED_EDGE('',*,*,#2541,.F.);
#2541 = EDGE_CURVE('',#2542,#2503,#2544,.T.);
#2542 = VERTEX_POINT('',#2543);
#2543 = CARTESIAN_POINT('',(52.744200497632,-18.45599398205,-4.7625));
#2544 = SURFACE_CURVE('',#2545,(#2550,#2562),.PCURVE_S1.);
#2545 = ELLIPSE('',#2546,4.770004098813,4.7625);
#2546 = AXIS2_PLACEMENT_3D('',#2547,#2548,#2549);
#2547 = CARTESIAN_POINT('',(52.744200497632,-18.45599398205,0.));
#2548 = DIRECTION('',(-0.330279061955,-0.943883330308,0.));
#2549 = DIRECTION('',(0.943883330308,-0.330279061955,0.));
#2550 = PCURVE('',#2388,#2551);
#2551 = DEFINITIONAL_REPRESENTATION('',(#2552),#2561);
#2552 = B_SPLINE_CURVE_WITH_KNOTS('',7,(#2553,#2554,#2555,#2556,#2557,
    #2558,#2559,#2560),.UNSPECIFIED.,.F.,.F.,(8,8),(4.712388980385,
    6.28318530718),.PIECEWISE_BEZIER_KNOTS.);
#2553 = CARTESIAN_POINT('',(3.14159265359,6.266433183229));
#2554 = CARTESIAN_POINT('',(3.365992128846,6.326450228332));
#2555 = CARTESIAN_POINT('',(3.590391604102,6.386467029731));
#2556 = CARTESIAN_POINT('',(3.81479107936,6.441549322556));
#2557 = CARTESIAN_POINT('',(4.039190554616,6.486753624434));
#2558 = CARTESIAN_POINT('',(4.263590029872,6.518176745931));
#2559 = CARTESIAN_POINT('',(4.487989505128,6.533889446372));
#2560 = CARTESIAN_POINT('',(4.712388980385,6.533889446372));
#2561 = ( GEOMETRIC_REPRESENTATION_CONTEXT(2) 
PARAMETRIC_REPRESENTATION_CONTEXT() REPRESENTATION_CONTEXT('2D SPACE',''
  ) );
#2562 = PCURVE('',#2524,#2563);
#2563 = DEFINITIONAL_REPRESENTATION('',(#2564),#2573);
#2564 = B_SPLINE_CURVE_WITH_KNOTS('',7,(#2565,#2566,#2567,#2568,#2569,
    #2570,#2571,#2572),.UNSPECIFIED.,.F.,.F.,(8,8),(4.712388980385,
    6.28318530718),.PIECEWISE_BEZIER_KNOTS.);
#2565 = CARTESIAN_POINT('',(3.14159265359,-2.39808173319E-14));
#2566 = CARTESIAN_POINT('',(3.365992128846,-6.001704510351E-02));
#2567 = CARTESIAN_POINT('',(3.590391604102,-0.120033846503));
#2568 = CARTESIAN_POINT('',(3.814791079361,-0.175116139327));
#2569 = CARTESIAN_POINT('',(4.039190554614,-0.220320441205));
#2570 = CARTESIAN_POINT('',(4.263590029872,-0.251743562703));
#2571 = CARTESIAN_POINT('',(4.487989505128,-0.267456263144));
#2572 = CARTESIAN_POINT('',(4.712388980385,-0.267456263144));
#2573 = ( GEOMETRIC_REPRESENTATION_CONTEXT(2) 
PARAMETRIC_REPRESENTATION_CONTEXT() REPRESENTATION_CONTEXT('2D SPACE',''
  ) );
#2574 = ORIENTED_EDGE('',*,*,#2575,.F.);
#2575 = EDGE_CURVE('',#2481,#2542,#2576,.T.);
#2576 = SURFACE_CURVE('',#2577,(#2582,#2595),.PCURVE_S1.);
#2577 = ELLIPSE('',#2578,4.770004098813,4.7625);
#2578 = AXIS2_PLACEMENT_3D('',#2579,#2580,#2581);
#2579 = CARTESIAN_POINT('',(52.744200497632,-18.45599398205,0.));
#2580 = DIRECTION('',(-0.330279061955,-0.943883330308,0.));
#2581 = DIRECTION('',(0.943883330308,-0.330279061955,0.));
#2582 = PCURVE('',#2388,#2583);
#2583 = DEFINITIONAL_REPRESENTATION('',(#2584),#2594);
#2584 = B_SPLINE_CURVE_WITH_KNOTS('',8,(#2585,#2586,#2587,#2588,#2589,
    #2590,#2591,#2592,#2593),.UNSPECIFIED.,.F.,.F.,(9,9),(1.570796326795
    ,4.712388980385),.PIECEWISE_BEZIER_KNOTS.);
#2585 = CARTESIAN_POINT('',(0.,6.266433183229));
#2586 = CARTESIAN_POINT('',(0.392699081699,6.161403354297));
#2587 = CARTESIAN_POINT('',(0.785398163398,6.056372687896));
#2588 = CARTESIAN_POINT('',(1.178097245092,5.976032027328));
#2589 = CARTESIAN_POINT('',(1.570796326791,5.945004634928));
#2590 = CARTESIAN_POINT('',(1.963495408491,5.976032027328));
#2591 = CARTESIAN_POINT('',(2.356194490193,6.056372687898));
#2592 = CARTESIAN_POINT('',(2.748893571891,6.161403354297));
#2593 = CARTESIAN_POINT('',(3.14159265359,6.266433183229));
#2594 = ( GEOMETRIC_REPRESENTATION_CONTEXT(2) 
PARAMETRIC_REPRESENTATION_CONTEXT() REPRESENTATION_CONTEXT('2D SPACE',''
  ) );
#2595 = PCURVE('',#2524,#2596);
#2596 = DEFINITIONAL_REPRESENTATION('',(#2597),#2607);
#2597 = B_SPLINE_CURVE_WITH_KNOTS('',8,(#2598,#2599,#2600,#2601,#2602,
    #2603,#2604,#2605,#2606),.UNSPECIFIED.,.F.,.F.,(9,9),(1.570796326795
    ,4.712388980385),.PIECEWISE_BEZIER_KNOTS.);
#2598 = CARTESIAN_POINT('',(1.49195325094E-15,-2.39808173319E-14));
#2599 = CARTESIAN_POINT('',(0.392699081699,0.105029828931));
#2600 = CARTESIAN_POINT('',(0.785398163396,0.210060495319));
#2601 = CARTESIAN_POINT('',(1.178097245096,0.290401155932));
#2602 = CARTESIAN_POINT('',(1.570796326791,0.321428548245));
#2603 = CARTESIAN_POINT('',(1.963495408494,0.290401155932));
#2604 = CARTESIAN_POINT('',(2.356194490191,0.210060495319));
#2605 = CARTESIAN_POINT('',(2.748893571891,0.105029828931));
#2606 = CARTESIAN_POINT('',(3.14159265359,-2.39808173319E-14));
#2607 = ( GEOMETRIC_REPRESENTATION_CONTEXT(2) 
PARAMETRIC_REPRESENTATION_CONTEXT() REPRESENTATION_CONTEXT('2D SPACE',''
  ) );
#2608 = ORIENTED_EDGE('',*,*,#2480,.F.);
#2609 = ORIENTED_EDGE('',*,*,#2439,.T.);
#2610 = ORIENTED_EDGE('',*,*,#2405,.T.);
#2611 = ORIENTED_EDGE('',*,*,#2366,.T.);
#2612 = ADVANCED_FACE('',(#2613),#2524,.T.);
#2613 = FACE_BOUND('',#2614,.T.);
#2614 = EDGE_LOOP('',(#2615,#2637,#2676,#2710,#2744,#2745,#2746,#2747));
#2615 = ORIENTED_EDGE('',*,*,#2616,.T.);
#2616 = EDGE_CURVE('',#2481,#2617,#2619,.T.);
#2617 = VERTEX_POINT('',#2618);
#2618 = CARTESIAN_POINT('',(50.346140338387,-24.24542334188,4.7625));
#2619 = SEAM_CURVE('',#2620,(#2624,#2630),.PCURVE_S1.);
#2620 = LINE('',#2621,#2622);
#2621 = CARTESIAN_POINT('',(52.744200497632,-18.45599398205,4.7625));
#2622 = VECTOR('',#2623,1.);
#2623 = DIRECTION('',(-0.382683432365,-0.923879532511,0.));
#2624 = PCURVE('',#2524,#2625);
#2625 = DEFINITIONAL_REPRESENTATION('',(#2626),#2629);
#2626 = B_SPLINE_CURVE_WITH_KNOTS('',1,(#2627,#2628),.UNSPECIFIED.,.F.,
  .F.,(2,2),(-1.480537077276,7.746970260505),.PIECEWISE_BEZIER_KNOTS.);
#2627 = CARTESIAN_POINT('',(6.28318530718,-1.480537077276));
#2628 = CARTESIAN_POINT('',(6.28318530718,7.746970260505));
#2629 = ( GEOMETRIC_REPRESENTATION_CONTEXT(2) 
PARAMETRIC_REPRESENTATION_CONTEXT() REPRESENTATION_CONTEXT('2D SPACE',''
  ) );
#2630 = PCURVE('',#2524,#2631);
#2631 = DEFINITIONAL_REPRESENTATION('',(#2632),#2636);
#2632 = LINE('',#2633,#2634);
#2633 = CARTESIAN_POINT('',(0.,0.));
#2634 = VECTOR('',#2635,1.);
#2635 = DIRECTION('',(0.,1.));
#2636 = ( GEOMETRIC_REPRESENTATION_CONTEXT(2) 
PARAMETRIC_REPRESENTATION_CONTEXT() REPRESENTATION_CONTEXT('2D SPACE',''
  ) );
#2637 = ORIENTED_EDGE('',*,*,#2638,.F.);
#2638 = EDGE_CURVE('',#2639,#2617,#2641,.T.);
#2639 = VERTEX_POINT('',#2640);
#2640 = CARTESIAN_POINT('',(54.643765531185,-26.31505055588,
    -5.832380380939E-16));
#2641 = SURFACE_CURVE('',#2642,(#2647,#2659),.PCURVE_S1.);
#2642 = ELLIPSE('',#2643,4.770004098813,4.7625);
#2643 = AXIS2_PLACEMENT_3D('',#2644,#2645,#2646);
#2644 = CARTESIAN_POINT('',(50.346140338387,-24.24542334188,0.));
#2645 = DIRECTION('',(-0.433883739118,-0.900968867902,0.));
#2646 = DIRECTION('',(0.900968867902,-0.433883739118,0.));
#2647 = PCURVE('',#2524,#2648);
#2648 = DEFINITIONAL_REPRESENTATION('',(#2649),#2658);
#2649 = B_SPLINE_CURVE_WITH_KNOTS('',7,(#2650,#2651,#2652,#2653,#2654,
    #2655,#2656,#2657),.UNSPECIFIED.,.F.,.F.,(8,8),(0.,1.570796326795),
  .PIECEWISE_BEZIER_KNOTS.);
#2650 = CARTESIAN_POINT('',(4.712388980385,6.533889446372));
#2651 = CARTESIAN_POINT('',(4.936788455641,6.533889446372));
#2652 = CARTESIAN_POINT('',(5.161187930898,6.518176745931));
#2653 = CARTESIAN_POINT('',(5.385587406154,6.486753624434));
#2654 = CARTESIAN_POINT('',(5.609986881411,6.441549322556));
#2655 = CARTESIAN_POINT('',(5.834386356667,6.386467029731));
#2656 = CARTESIAN_POINT('',(6.058785831923,6.326450228332));
#2657 = CARTESIAN_POINT('',(6.28318530718,6.266433183229));
#2658 = ( GEOMETRIC_REPRESENTATION_CONTEXT(2) 
PARAMETRIC_REPRESENTATION_CONTEXT() REPRESENTATION_CONTEXT('2D SPACE',''
  ) );
#2659 = PCURVE('',#2660,#2665);
#2660 = CYLINDRICAL_SURFACE('',#2661,4.7625);
#2661 = AXIS2_PLACEMENT_3D('',#2662,#2663,#2664);
#2662 = CARTESIAN_POINT('',(50.346140338387,-24.24542334188,0.));
#2663 = DIRECTION('',(-0.483718887105,-0.875223421909,0.));
#2664 = DIRECTION('',(-9.716931946943E-17,5.370358459103E-17,1.));
#2665 = DEFINITIONAL_REPRESENTATION('',(#2666),#2675);
#2666 = B_SPLINE_CURVE_WITH_KNOTS('',7,(#2667,#2668,#2669,#2670,#2671,
    #2672,#2673,#2674),.UNSPECIFIED.,.F.,.F.,(8,8),(0.,1.570796326795),
  .PIECEWISE_BEZIER_KNOTS.);
#2667 = CARTESIAN_POINT('',(4.712388980385,-0.267456263144));
#2668 = CARTESIAN_POINT('',(4.936788455641,-0.267456263144));
#2669 = CARTESIAN_POINT('',(5.161187930897,-0.251743562703));
#2670 = CARTESIAN_POINT('',(5.385587406154,-0.220320441205));
#2671 = CARTESIAN_POINT('',(5.60998688141,-0.175116139327));
#2672 = CARTESIAN_POINT('',(5.834386356667,-0.120033846502));
#2673 = CARTESIAN_POINT('',(6.058785831923,-6.001704510342E-02));
#2674 = CARTESIAN_POINT('',(6.28318530718,6.350475700856E-14));
#2675 = ( GEOMETRIC_REPRESENTATION_CONTEXT(2) 
PARAMETRIC_REPRESENTATION_CONTEXT() REPRESENTATION_CONTEXT('2D SPACE',''
  ) );
#2676 = ORIENTED_EDGE('',*,*,#2677,.F.);
#2677 = EDGE_CURVE('',#2678,#2639,#2680,.T.);
#2678 = VERTEX_POINT('',#2679);
#2679 = CARTESIAN_POINT('',(50.346140338387,-24.24542334188,-4.7625));
#2680 = SURFACE_CURVE('',#2681,(#2686,#2698),.PCURVE_S1.);
#2681 = ELLIPSE('',#2682,4.770004098813,4.7625);
#2682 = AXIS2_PLACEMENT_3D('',#2683,#2684,#2685);
#2683 = CARTESIAN_POINT('',(50.346140338387,-24.24542334188,0.));
#2684 = DIRECTION('',(-0.433883739118,-0.900968867902,0.));
#2685 = DIRECTION('',(0.900968867902,-0.433883739118,0.));
#2686 = PCURVE('',#2524,#2687);
#2687 = DEFINITIONAL_REPRESENTATION('',(#2688),#2697);
#2688 = B_SPLINE_CURVE_WITH_KNOTS('',7,(#2689,#2690,#2691,#2692,#2693,
    #2694,#2695,#2696),.UNSPECIFIED.,.F.,.F.,(8,8),(4.712388980385,
    6.28318530718),.PIECEWISE_BEZIER_KNOTS.);
#2689 = CARTESIAN_POINT('',(3.14159265359,6.266433183229));
#2690 = CARTESIAN_POINT('',(3.365992128846,6.326450228332));
#2691 = CARTESIAN_POINT('',(3.590391604102,6.386467029731));
#2692 = CARTESIAN_POINT('',(3.814791079361,6.441549322556));
#2693 = CARTESIAN_POINT('',(4.039190554614,6.486753624435));
#2694 = CARTESIAN_POINT('',(4.263590029872,6.518176745931));
#2695 = CARTESIAN_POINT('',(4.487989505128,6.533889446372));
#2696 = CARTESIAN_POINT('',(4.712388980385,6.533889446372));
#2697 = ( GEOMETRIC_REPRESENTATION_CONTEXT(2) 
PARAMETRIC_REPRESENTATION_CONTEXT() REPRESENTATION_CONTEXT('2D SPACE',''
  ) );
#2698 = PCURVE('',#2660,#2699);
#2699 = DEFINITIONAL_REPRESENTATION('',(#2700),#2709);
#2700 = B_SPLINE_CURVE_WITH_KNOTS('',7,(#2701,#2702,#2703,#2704,#2705,
    #2706,#2707,#2708),.UNSPECIFIED.,.F.,.F.,(8,8),(4.712388980385,
    6.28318530718),.PIECEWISE_BEZIER_KNOTS.);
#2701 = CARTESIAN_POINT('',(3.14159265359,6.350475700856E-14));
#2702 = CARTESIAN_POINT('',(3.365992128846,-6.001704510342E-02));
#2703 = CARTESIAN_POINT('',(3.590391604102,-0.120033846502));
#2704 = CARTESIAN_POINT('',(3.814791079362,-0.175116139327));
#2705 = CARTESIAN_POINT('',(4.039190554614,-0.220320441205));
#2706 = CARTESIAN_POINT('',(4.263590029872,-0.251743562703));
#2707 = CARTESIAN_POINT('',(4.487989505128,-0.267456263144));
#2708 = CARTESIAN_POINT('',(4.712388980385,-0.267456263144));
#2709 = ( GEOMETRIC_REPRESENTATION_CONTEXT(2) 
PARAMETRIC_REPRESENTATION_CONTEXT() REPRESENTATION_CONTEXT('2D SPACE',''
  ) );
#2710 = ORIENTED_EDGE('',*,*,#2711,.F.);
#2711 = EDGE_CURVE('',#2617,#2678,#2712,.T.);
#2712 = SURFACE_CURVE('',#2713,(#2718,#2731),.PCURVE_S1.);
#2713 = ELLIPSE('',#2714,4.770004098813,4.7625);
#2714 = AXIS2_PLACEMENT_3D('',#2715,#2716,#2717);
#2715 = CARTESIAN_POINT('',(50.346140338387,-24.24542334188,0.));
#2716 = DIRECTION('',(-0.433883739118,-0.900968867902,0.));
#2717 = DIRECTION('',(0.900968867902,-0.433883739118,0.));
#2718 = PCURVE('',#2524,#2719);
#2719 = DEFINITIONAL_REPRESENTATION('',(#2720),#2730);
#2720 = B_SPLINE_CURVE_WITH_KNOTS('',8,(#2721,#2722,#2723,#2724,#2725,
    #2726,#2727,#2728,#2729),.UNSPECIFIED.,.F.,.F.,(9,9),(1.570796326795
    ,4.712388980385),.PIECEWISE_BEZIER_KNOTS.);
#2721 = CARTESIAN_POINT('',(0.,6.266433183229));
#2722 = CARTESIAN_POINT('',(0.392699081699,6.161403354298));
#2723 = CARTESIAN_POINT('',(0.785398163399,6.056372687911));
#2724 = CARTESIAN_POINT('',(1.178097245085,5.976032027279));
#2725 = CARTESIAN_POINT('',(1.570796326804,5.945004634993));
#2726 = CARTESIAN_POINT('',(1.963495408485,5.976032027278));
#2727 = CARTESIAN_POINT('',(2.356194490194,6.056372687908));
#2728 = CARTESIAN_POINT('',(2.748893571891,6.161403354298));
#2729 = CARTESIAN_POINT('',(3.14159265359,6.266433183229));
#2730 = ( GEOMETRIC_REPRESENTATION_CONTEXT(2) 
PARAMETRIC_REPRESENTATION_CONTEXT() REPRESENTATION_CONTEXT('2D SPACE',''
  ) );
#2731 = PCURVE('',#2660,#2732);
#2732 = DEFINITIONAL_REPRESENTATION('',(#2733),#2743);
#2733 = B_SPLINE_CURVE_WITH_KNOTS('',8,(#2734,#2735,#2736,#2737,#2738,
    #2739,#2740,#2741,#2742),.UNSPECIFIED.,.F.,.F.,(9,9),(1.570796326795
    ,4.712388980385),.PIECEWISE_BEZIER_KNOTS.);
#2734 = CARTESIAN_POINT('',(0.,6.350475700856E-14));
#2735 = CARTESIAN_POINT('',(0.392699081699,0.105029828931));
#2736 = CARTESIAN_POINT('',(0.785398163398,0.210060495319));
#2737 = CARTESIAN_POINT('',(1.178097245091,0.290401155932));
#2738 = CARTESIAN_POINT('',(1.570796326796,0.321428548245));
#2739 = CARTESIAN_POINT('',(1.963495408492,0.290401155932));
#2740 = CARTESIAN_POINT('',(2.356194490193,0.210060495319));
#2741 = CARTESIAN_POINT('',(2.748893571891,0.105029828931));
#2742 = CARTESIAN_POINT('',(3.14159265359,6.350475700856E-14));
#2743 = ( GEOMETRIC_REPRESENTATION_CONTEXT(2) 
PARAMETRIC_REPRESENTATION_CONTEXT() REPRESENTATION_CONTEXT('2D SPACE',''
  ) );
#2744 = ORIENTED_EDGE('',*,*,#2616,.F.);
#2745 = ORIENTED_EDGE('',*,*,#2575,.T.);
#2746 = ORIENTED_EDGE('',*,*,#2541,.T.);
#2747 = ORIENTED_EDGE('',*,*,#2502,.T.);
#2748 = ADVANCED_FACE('',(#2749),#2660,.T.);
#2749 = FACE_BOUND('',#2750,.T.);
#2750 = EDGE_LOOP('',(#2751,#2773,#2812,#2846,#2880,#2881,#2882,#2883));
#2751 = ORIENTED_EDGE('',*,*,#2752,.T.);
#2752 = EDGE_CURVE('',#2617,#2753,#2755,.T.);
#2753 = VERTEX_POINT('',#2754);
#2754 = CARTESIAN_POINT('',(47.314948252876,-29.72995243567,4.7625));
#2755 = SEAM_CURVE('',#2756,(#2760,#2766),.PCURVE_S1.);
#2756 = LINE('',#2757,#2758);
#2757 = CARTESIAN_POINT('',(50.346140338387,-24.24542334188,4.7625));
#2758 = VECTOR('',#2759,1.);
#2759 = DIRECTION('',(-0.483718887105,-0.875223421909,0.));
#2760 = PCURVE('',#2660,#2761);
#2761 = DEFINITIONAL_REPRESENTATION('',(#2762),#2765);
#2762 = B_SPLINE_CURVE_WITH_KNOTS('',1,(#2763,#2764),.UNSPECIFIED.,.F.,
  .F.,(2,2),(-1.480537077276,7.746970260505),.PIECEWISE_BEZIER_KNOTS.);
#2763 = CARTESIAN_POINT('',(6.28318530718,-1.480537077276));
#2764 = CARTESIAN_POINT('',(6.28318530718,7.746970260505));
#2765 = ( GEOMETRIC_REPRESENTATION_CONTEXT(2) 
PARAMETRIC_REPRESENTATION_CONTEXT() REPRESENTATION_CONTEXT('2D SPACE',''
  ) );
#2766 = PCURVE('',#2660,#2767);
#2767 = DEFINITIONAL_REPRESENTATION('',(#2768),#2772);
#2768 = LINE('',#2769,#2770);
#2769 = CARTESIAN_POINT('',(0.,0.));
#2770 = VECTOR('',#2771,1.);
#2771 = DIRECTION('',(0.,1.));
#2772 = ( GEOMETRIC_REPRESENTATION_CONTEXT(2) 
PARAMETRIC_REPRESENTATION_CONTEXT() REPRESENTATION_CONTEXT('2D SPACE',''
  ) );
#2773 = ORIENTED_EDGE('',*,*,#2774,.F.);
#2774 = EDGE_CURVE('',#2775,#2753,#2777,.T.);
#2775 = VERTEX_POINT('',#2776);
#2776 = CARTESIAN_POINT('',(51.35382615376,-32.26774762135,
    -5.832380380939E-16));
#2777 = SURFACE_CURVE('',#2778,(#2783,#2795),.PCURVE_S1.);
#2778 = ELLIPSE('',#2779,4.770004098813,4.7625);
#2779 = AXIS2_PLACEMENT_3D('',#2780,#2781,#2782);
#2780 = CARTESIAN_POINT('',(47.314948252876,-29.72995243567,0.));
#2781 = DIRECTION('',(-0.532032076515,-0.846724199228,0.));
#2782 = DIRECTION('',(0.846724199228,-0.532032076515,0.));
#2783 = PCURVE('',#2660,#2784);
#2784 = DEFINITIONAL_REPRESENTATION('',(#2785),#2794);
#2785 = B_SPLINE_CURVE_WITH_KNOTS('',7,(#2786,#2787,#2788,#2789,#2790,
    #2791,#2792,#2793),.UNSPECIFIED.,.F.,.F.,(8,8),(0.,1.570796326795),
  .PIECEWISE_BEZIER_KNOTS.);
#2786 = CARTESIAN_POINT('',(4.712388980385,6.533889446372));
#2787 = CARTESIAN_POINT('',(4.936788455641,6.533889446372));
#2788 = CARTESIAN_POINT('',(5.161187930897,6.518176745931));
#2789 = CARTESIAN_POINT('',(5.385587406154,6.486753624435));
#2790 = CARTESIAN_POINT('',(5.60998688141,6.441549322555));
#2791 = CARTESIAN_POINT('',(5.834386356667,6.386467029732));
#2792 = CARTESIAN_POINT('',(6.058785831923,6.326450228332));
#2793 = CARTESIAN_POINT('',(6.28318530718,6.266433183229));
#2794 = ( GEOMETRIC_REPRESENTATION_CONTEXT(2) 
PARAMETRIC_REPRESENTATION_CONTEXT() REPRESENTATION_CONTEXT('2D SPACE',''
  ) );
#2795 = PCURVE('',#2796,#2801);
#2796 = CYLINDRICAL_SURFACE('',#2797,4.7625);
#2797 = AXIS2_PLACEMENT_3D('',#2798,#2799,#2800);
#2798 = CARTESIAN_POINT('',(47.314948252877,-29.72995243567,0.));
#2799 = DIRECTION('',(-0.57867129618,-0.815560868959,0.));
#2800 = DIRECTION('',(-9.054544547019E-17,6.424541967085E-17,1.));
#2801 = DEFINITIONAL_REPRESENTATION('',(#2802),#2811);
#2802 = B_SPLINE_CURVE_WITH_KNOTS('',7,(#2803,#2804,#2805,#2806,#2807,
    #2808,#2809,#2810),.UNSPECIFIED.,.F.,.F.,(8,8),(0.,1.570796326795),
  .PIECEWISE_BEZIER_KNOTS.);
#2803 = CARTESIAN_POINT('',(4.712388980385,-0.267456263144));
#2804 = CARTESIAN_POINT('',(4.936788455641,-0.267456263144));
#2805 = CARTESIAN_POINT('',(5.161187930897,-0.251743562703));
#2806 = CARTESIAN_POINT('',(5.385587406154,-0.220320441205));
#2807 = CARTESIAN_POINT('',(5.60998688141,-0.175116139326));
#2808 = CARTESIAN_POINT('',(5.834386356667,-0.120033846502));
#2809 = CARTESIAN_POINT('',(6.058785831923,-6.001704510337E-02));
#2810 = CARTESIAN_POINT('',(6.28318530718,1.119104808822E-13));
#2811 = ( GEOMETRIC_REPRESENTATION_CONTEXT(2) 
PARAMETRIC_REPRESENTATION_CONTEXT() REPRESENTATION_CONTEXT('2D SPACE',''
  ) );
#2812 = ORIENTED_EDGE('',*,*,#2813,.F.);
#2813 = EDGE_CURVE('',#2814,#2775,#2816,.T.);
#2814 = VERTEX_POINT('',#2815);
#2815 = CARTESIAN_POINT('',(47.314948252876,-29.72995243567,-4.7625));
#2816 = SURFACE_CURVE('',#2817,(#2822,#2834),.PCURVE_S1.);
#2817 = ELLIPSE('',#2818,4.770004098813,4.7625);
#2818 = AXIS2_PLACEMENT_3D('',#2819,#2820,#2821);
#2819 = CARTESIAN_POINT('',(47.314948252876,-29.72995243567,0.));
#2820 = DIRECTION('',(-0.532032076515,-0.846724199228,0.));
#2821 = DIRECTION('',(0.846724199228,-0.532032076515,0.));
#2822 = PCURVE('',#2660,#2823);
#2823 = DEFINITIONAL_REPRESENTATION('',(#2824),#2833);
#2824 = B_SPLINE_CURVE_WITH_KNOTS('',7,(#2825,#2826,#2827,#2828,#2829,
    #2830,#2831,#2832),.UNSPECIFIED.,.F.,.F.,(8,8),(4.712388980385,
    6.28318530718),.PIECEWISE_BEZIER_KNOTS.);
#2825 = CARTESIAN_POINT('',(3.14159265359,6.266433183229));
#2826 = CARTESIAN_POINT('',(3.365992128846,6.326450228332));
#2827 = CARTESIAN_POINT('',(3.590391604102,6.386467029731));
#2828 = CARTESIAN_POINT('',(3.81479107936,6.441549322556));
#2829 = CARTESIAN_POINT('',(4.039190554616,6.486753624434));
#2830 = CARTESIAN_POINT('',(4.263590029872,6.518176745932));
#2831 = CARTESIAN_POINT('',(4.487989505128,6.533889446372));
#2832 = CARTESIAN_POINT('',(4.712388980385,6.533889446372));
#2833 = ( GEOMETRIC_REPRESENTATION_CONTEXT(2) 
PARAMETRIC_REPRESENTATION_CONTEXT() REPRESENTATION_CONTEXT('2D SPACE',''
  ) );
#2834 = PCURVE('',#2796,#2835);
#2835 = DEFINITIONAL_REPRESENTATION('',(#2836),#2845);
#2836 = B_SPLINE_CURVE_WITH_KNOTS('',7,(#2837,#2838,#2839,#2840,#2841,
    #2842,#2843,#2844),.UNSPECIFIED.,.F.,.F.,(8,8),(4.712388980385,
    6.28318530718),.PIECEWISE_BEZIER_KNOTS.);
#2837 = CARTESIAN_POINT('',(3.14159265359,1.119104808822E-13));
#2838 = CARTESIAN_POINT('',(3.365992128846,-6.001704510337E-02));
#2839 = CARTESIAN_POINT('',(3.590391604102,-0.120033846502));
#2840 = CARTESIAN_POINT('',(3.81479107936,-0.175116139327));
#2841 = CARTESIAN_POINT('',(4.039190554616,-0.220320441205));
#2842 = CARTESIAN_POINT('',(4.263590029872,-0.251743562703));
#2843 = CARTESIAN_POINT('',(4.487989505128,-0.267456263144));
#2844 = CARTESIAN_POINT('',(4.712388980385,-0.267456263144));
#2845 = ( GEOMETRIC_REPRESENTATION_CONTEXT(2) 
PARAMETRIC_REPRESENTATION_CONTEXT() REPRESENTATION_CONTEXT('2D SPACE',''
  ) );
#2846 = ORIENTED_EDGE('',*,*,#2847,.F.);
#2847 = EDGE_CURVE('',#2753,#2814,#2848,.T.);
#2848 = SURFACE_CURVE('',#2849,(#2854,#2867),.PCURVE_S1.);
#2849 = ELLIPSE('',#2850,4.770004098813,4.7625);
#2850 = AXIS2_PLACEMENT_3D('',#2851,#2852,#2853);
#2851 = CARTESIAN_POINT('',(47.314948252876,-29.72995243567,0.));
#2852 = DIRECTION('',(-0.532032076515,-0.846724199228,0.));
#2853 = DIRECTION('',(0.846724199228,-0.532032076515,0.));
#2854 = PCURVE('',#2660,#2855);
#2855 = DEFINITIONAL_REPRESENTATION('',(#2856),#2866);
#2856 = B_SPLINE_CURVE_WITH_KNOTS('',8,(#2857,#2858,#2859,#2860,#2861,
    #2862,#2863,#2864,#2865),.UNSPECIFIED.,.F.,.F.,(9,9),(1.570796326795
    ,4.712388980385),.PIECEWISE_BEZIER_KNOTS.);
#2857 = CARTESIAN_POINT('',(0.,6.266433183229));
#2858 = CARTESIAN_POINT('',(0.392699081699,6.161403354298));
#2859 = CARTESIAN_POINT('',(0.785398163396,6.056372687907));
#2860 = CARTESIAN_POINT('',(1.178097245096,5.976032027296));
#2861 = CARTESIAN_POINT('',(1.570796326786,5.945004634961));
#2862 = CARTESIAN_POINT('',(1.963495408493,5.976032027295));
#2863 = CARTESIAN_POINT('',(2.356194490191,6.056372687905));
#2864 = CARTESIAN_POINT('',(2.748893571891,6.161403354298));
#2865 = CARTESIAN_POINT('',(3.14159265359,6.266433183229));
#2866 = ( GEOMETRIC_REPRESENTATION_CONTEXT(2) 
PARAMETRIC_REPRESENTATION_CONTEXT() REPRESENTATION_CONTEXT('2D SPACE',''
  ) );
#2867 = PCURVE('',#2796,#2868);
#2868 = DEFINITIONAL_REPRESENTATION('',(#2869),#2879);
#2869 = B_SPLINE_CURVE_WITH_KNOTS('',8,(#2870,#2871,#2872,#2873,#2874,
    #2875,#2876,#2877,#2878),.UNSPECIFIED.,.F.,.F.,(9,9),(1.570796326795
    ,4.712388980385),.PIECEWISE_BEZIER_KNOTS.);
#2870 = CARTESIAN_POINT('',(0.,1.119104808822E-13));
#2871 = CARTESIAN_POINT('',(0.392699081699,0.105029828931));
#2872 = CARTESIAN_POINT('',(0.785398163396,0.210060495319));
#2873 = CARTESIAN_POINT('',(1.178097245096,0.290401155931));
#2874 = CARTESIAN_POINT('',(1.570796326786,0.321428548247));
#2875 = CARTESIAN_POINT('',(1.963495408493,0.290401155931));
#2876 = CARTESIAN_POINT('',(2.356194490191,0.21006049532));
#2877 = CARTESIAN_POINT('',(2.748893571891,0.105029828931));
#2878 = CARTESIAN_POINT('',(3.14159265359,1.119104808822E-13));
#2879 = ( GEOMETRIC_REPRESENTATION_CONTEXT(2) 
PARAMETRIC_REPRESENTATION_CONTEXT() REPRESENTATION_CONTEXT('2D SPACE',''
  ) );
#2880 = ORIENTED_EDGE('',*,*,#2752,.F.);
#2881 = ORIENTED_EDGE('',*,*,#2711,.T.);
#2882 = ORIENTED_EDGE('',*,*,#2677,.T.);
#2883 = ORIENTED_EDGE('',*,*,#2638,.T.);
#2884 = ADVANCED_FACE('',(#2885),#2796,.T.);
#2885 = FACE_BOUND('',#2886,.T.);
#2886 = EDGE_LOOP('',(#2887,#2909,#2948,#2982,#3016,#3017,#3018,#3019));
#2887 = ORIENTED_EDGE('',*,*,#2888,.T.);
#2888 = EDGE_CURVE('',#2753,#2889,#2891,.T.);
#2889 = VERTEX_POINT('',#2890);
#2890 = CARTESIAN_POINT('',(43.688743240314,-34.84061012786,4.7625));
#2891 = SEAM_CURVE('',#2892,(#2896,#2902),.PCURVE_S1.);
#2892 = LINE('',#2893,#2894);
#2893 = CARTESIAN_POINT('',(47.314948252877,-29.72995243567,4.7625));
#2894 = VECTOR('',#2895,1.);
#2895 = DIRECTION('',(-0.57867129618,-0.815560868959,0.));
#2896 = PCURVE('',#2796,#2897);
#2897 = DEFINITIONAL_REPRESENTATION('',(#2898),#2901);
#2898 = B_SPLINE_CURVE_WITH_KNOTS('',1,(#2899,#2900),.UNSPECIFIED.,.F.,
  .F.,(2,2),(-1.480537077276,7.746970260505),.PIECEWISE_BEZIER_KNOTS.);
#2899 = CARTESIAN_POINT('',(6.28318530718,-1.480537077276));
#2900 = CARTESIAN_POINT('',(6.28318530718,7.746970260505));
#2901 = ( GEOMETRIC_REPRESENTATION_CONTEXT(2) 
PARAMETRIC_REPRESENTATION_CONTEXT() REPRESENTATION_CONTEXT('2D SPACE',''
  ) );
#2902 = PCURVE('',#2796,#2903);
#2903 = DEFINITIONAL_REPRESENTATION('',(#2904),#2908);
#2904 = LINE('',#2905,#2906);
#2905 = CARTESIAN_POINT('',(0.,0.));
#2906 = VECTOR('',#2907,1.);
#2907 = DIRECTION('',(0.,1.));
#2908 = ( GEOMETRIC_REPRESENTATION_CONTEXT(2) 
PARAMETRIC_REPRESENTATION_CONTEXT() REPRESENTATION_CONTEXT('2D SPACE',''
  ) );
#2909 = ORIENTED_EDGE('',*,*,#2910,.F.);
#2910 = EDGE_CURVE('',#2911,#2889,#2913,.T.);
#2911 = VERTEX_POINT('',#2912);
#2912 = CARTESIAN_POINT('',(47.418082616267,-37.8146590383,
    -5.832380380939E-16));
#2913 = SURFACE_CURVE('',#2914,(#2919,#2931),.PCURVE_S1.);
#2914 = ELLIPSE('',#2915,4.770004098813,4.7625);
#2915 = AXIS2_PLACEMENT_3D('',#2916,#2917,#2918);
#2916 = CARTESIAN_POINT('',(43.688743240314,-34.84061012786,0.));
#2917 = DIRECTION('',(-0.623489801859,-0.781831482468,0.));
#2918 = DIRECTION('',(0.781831482468,-0.623489801859,0.));
#2919 = PCURVE('',#2796,#2920);
#2920 = DEFINITIONAL_REPRESENTATION('',(#2921),#2930);
#2921 = B_SPLINE_CURVE_WITH_KNOTS('',7,(#2922,#2923,#2924,#2925,#2926,
    #2927,#2928,#2929),.UNSPECIFIED.,.F.,.F.,(8,8),(0.,1.570796326795),
  .PIECEWISE_BEZIER_KNOTS.);
#2922 = CARTESIAN_POINT('',(4.712388980385,6.533889446372));
#2923 = CARTESIAN_POINT('',(4.936788455641,6.533889446372));
#2924 = CARTESIAN_POINT('',(5.161187930898,6.518176745931));
#2925 = CARTESIAN_POINT('',(5.385587406154,6.486753624433));
#2926 = CARTESIAN_POINT('',(5.60998688141,6.441549322556));
#2927 = CARTESIAN_POINT('',(5.834386356667,6.386467029731));
#2928 = CARTESIAN_POINT('',(6.058785831923,6.326450228332));
#2929 = CARTESIAN_POINT('',(6.28318530718,6.266433183229));
#2930 = ( GEOMETRIC_REPRESENTATION_CONTEXT(2) 
PARAMETRIC_REPRESENTATION_CONTEXT() REPRESENTATION_CONTEXT('2D SPACE',''
  ) );
#2931 = PCURVE('',#2932,#2937);
#2932 = CYLINDRICAL_SURFACE('',#2933,4.7625);
#2933 = AXIS2_PLACEMENT_3D('',#2934,#2935,#2936);
#2934 = CARTESIAN_POINT('',(43.688743240314,-34.84061012786,0.));
#2935 = DIRECTION('',(-0.666346577952,-0.745642164883,0.));
#2936 = DIRECTION('',(-8.278290995846E-17,7.397933132225E-17,1.));
#2937 = DEFINITIONAL_REPRESENTATION('',(#2938),#2947);
#2938 = B_SPLINE_CURVE_WITH_KNOTS('',7,(#2939,#2940,#2941,#2942,#2943,
    #2944,#2945,#2946),.UNSPECIFIED.,.F.,.F.,(8,8),(0.,1.570796326795),
  .PIECEWISE_BEZIER_KNOTS.);
#2939 = CARTESIAN_POINT('',(4.712388980385,-0.267456263144));
#2940 = CARTESIAN_POINT('',(4.936788455641,-0.267456263144));
#2941 = CARTESIAN_POINT('',(5.161187930898,-0.251743562703));
#2942 = CARTESIAN_POINT('',(5.385587406154,-0.220320441205));
#2943 = CARTESIAN_POINT('',(5.60998688141,-0.175116139327));
#2944 = CARTESIAN_POINT('',(5.834386356667,-0.120033846503));
#2945 = CARTESIAN_POINT('',(6.058785831923,-6.001704510353E-02));
#2946 = CARTESIAN_POINT('',(6.28318530718,-4.041211809636E-14));
#2947 = ( GEOMETRIC_REPRESENTATION_CONTEXT(2) 
PARAMETRIC_REPRESENTATION_CONTEXT() REPRESENTATION_CONTEXT('2D SPACE',''
  ) );
#2948 = ORIENTED_EDGE('',*,*,#2949,.F.);
#2949 = EDGE_CURVE('',#2950,#2911,#2952,.T.);
#2950 = VERTEX_POINT('',#2951);
#2951 = CARTESIAN_POINT('',(43.688743240314,-34.84061012786,-4.7625));
#2952 = SURFACE_CURVE('',#2953,(#2958,#2970),.PCURVE_S1.);
#2953 = ELLIPSE('',#2954,4.770004098813,4.7625);
#2954 = AXIS2_PLACEMENT_3D('',#2955,#2956,#2957);
#2955 = CARTESIAN_POINT('',(43.688743240314,-34.84061012786,0.));
#2956 = DIRECTION('',(-0.623489801859,-0.781831482468,0.));
#2957 = DIRECTION('',(0.781831482468,-0.623489801859,0.));
#2958 = PCURVE('',#2796,#2959);
#2959 = DEFINITIONAL_REPRESENTATION('',(#2960),#2969);
#2960 = B_SPLINE_CURVE_WITH_KNOTS('',7,(#2961,#2962,#2963,#2964,#2965,
    #2966,#2967,#2968),.UNSPECIFIED.,.F.,.F.,(8,8),(4.712388980385,
    6.28318530718),.PIECEWISE_BEZIER_KNOTS.);
#2961 = CARTESIAN_POINT('',(3.14159265359,6.266433183229));
#2962 = CARTESIAN_POINT('',(3.365992128846,6.326450228332));
#2963 = CARTESIAN_POINT('',(3.590391604102,6.386467029731));
#2964 = CARTESIAN_POINT('',(3.814791079361,6.441549322556));
#2965 = CARTESIAN_POINT('',(4.039190554614,6.486753624434));
#2966 = CARTESIAN_POINT('',(4.263590029872,6.518176745931));
#2967 = CARTESIAN_POINT('',(4.487989505128,6.533889446372));
#2968 = CARTESIAN_POINT('',(4.712388980385,6.533889446372));
#2969 = ( GEOMETRIC_REPRESENTATION_CONTEXT(2) 
PARAMETRIC_REPRESENTATION_CONTEXT() REPRESENTATION_CONTEXT('2D SPACE',''
  ) );
#2970 = PCURVE('',#2932,#2971);
#2971 = DEFINITIONAL_REPRESENTATION('',(#2972),#2981);
#2972 = B_SPLINE_CURVE_WITH_KNOTS('',7,(#2973,#2974,#2975,#2976,#2977,
    #2978,#2979,#2980),.UNSPECIFIED.,.F.,.F.,(8,8),(4.712388980385,
    6.28318530718),.PIECEWISE_BEZIER_KNOTS.);
#2973 = CARTESIAN_POINT('',(3.14159265359,-4.041211809636E-14));
#2974 = CARTESIAN_POINT('',(3.365992128846,-6.001704510353E-02));
#2975 = CARTESIAN_POINT('',(3.590391604103,-0.120033846502));
#2976 = CARTESIAN_POINT('',(3.814791079359,-0.175116139327));
#2977 = CARTESIAN_POINT('',(4.039190554616,-0.220320441205));
#2978 = CARTESIAN_POINT('',(4.263590029872,-0.251743562703));
#2979 = CARTESIAN_POINT('',(4.487989505128,-0.267456263144));
#2980 = CARTESIAN_POINT('',(4.712388980385,-0.267456263144));
#2981 = ( GEOMETRIC_REPRESENTATION_CONTEXT(2) 
PARAMETRIC_REPRESENTATION_CONTEXT() REPRESENTATION_CONTEXT('2D SPACE',''
  ) );
#2982 = ORIENTED_EDGE('',*,*,#2983,.F.);
#2983 = EDGE_CURVE('',#2889,#2950,#2984,.T.);
#2984 = SURFACE_CURVE('',#2985,(#2990,#3003),.PCURVE_S1.);
#2985 = ELLIPSE('',#2986,4.770004098813,4.7625);
#2986 = AXIS2_PLACEMENT_3D('',#2987,#2988,#2989);
#2987 = CARTESIAN_POINT('',(43.688743240314,-34.84061012786,0.));
#2988 = DIRECTION('',(-0.623489801859,-0.781831482468,0.));
#2989 = DIRECTION('',(0.781831482468,-0.623489801859,0.));
#2990 = PCURVE('',#2796,#2991);
#2991 = DEFINITIONAL_REPRESENTATION('',(#2992),#3002);
#2992 = B_SPLINE_CURVE_WITH_KNOTS('',8,(#2993,#2994,#2995,#2996,#2997,
    #2998,#2999,#3000,#3001),.UNSPECIFIED.,.F.,.F.,(9,9),(1.570796326795
    ,4.712388980385),.PIECEWISE_BEZIER_KNOTS.);
#2993 = CARTESIAN_POINT('',(0.,6.266433183229));
#2994 = CARTESIAN_POINT('',(0.392699081699,6.161403354297));
#2995 = CARTESIAN_POINT('',(0.785398163396,6.056372687913));
#2996 = CARTESIAN_POINT('',(1.178097245096,5.976032027268));
#2997 = CARTESIAN_POINT('',(1.570796326788,5.945004635009));
#2998 = CARTESIAN_POINT('',(1.963495408494,5.976032027274));
#2999 = CARTESIAN_POINT('',(2.356194490191,6.056372687914));
#3000 = CARTESIAN_POINT('',(2.748893571891,6.161403354297));
#3001 = CARTESIAN_POINT('',(3.14159265359,6.266433183229));
#3002 = ( GEOMETRIC_REPRESENTATION_CONTEXT(2) 
PARAMETRIC_REPRESENTATION_CONTEXT() REPRESENTATION_CONTEXT('2D SPACE',''
  ) );
#3003 = PCURVE('',#2932,#3004);
#3004 = DEFINITIONAL_REPRESENTATION('',(#3005),#3015);
#3005 = B_SPLINE_CURVE_WITH_KNOTS('',8,(#3006,#3007,#3008,#3009,#3010,
    #3011,#3012,#3013,#3014),.UNSPECIFIED.,.F.,.F.,(9,9),(1.570796326795
    ,4.712388980385),.PIECEWISE_BEZIER_KNOTS.);
#3006 = CARTESIAN_POINT('',(-1.7763568394E-15,-4.041211809636E-14));
#3007 = CARTESIAN_POINT('',(0.392699081699,0.105029828931));
#3008 = CARTESIAN_POINT('',(0.785398163397,0.210060495319));
#3009 = CARTESIAN_POINT('',(1.178097245095,0.290401155933));
#3010 = CARTESIAN_POINT('',(1.570796326791,0.321428548244));
#3011 = CARTESIAN_POINT('',(1.963495408495,0.290401155933));
#3012 = CARTESIAN_POINT('',(2.356194490191,0.210060495319));
#3013 = CARTESIAN_POINT('',(2.748893571891,0.105029828931));
#3014 = CARTESIAN_POINT('',(3.14159265359,-4.041211809636E-14));
#3015 = ( GEOMETRIC_REPRESENTATION_CONTEXT(2) 
PARAMETRIC_REPRESENTATION_CONTEXT() REPRESENTATION_CONTEXT('2D SPACE',''
  ) );
#3016 = ORIENTED_EDGE('',*,*,#2888,.F.);
#3017 = ORIENTED_EDGE('',*,*,#2847,.T.);
#3018 = ORIENTED_EDGE('',*,*,#2813,.T.);
#3019 = ORIENTED_EDGE('',*,*,#2774,.T.);
#3020 = ADVANCED_FACE('',(#3021),#2932,.T.);
#3021 = FACE_BOUND('',#3022,.T.);
#3022 = EDGE_LOOP('',(#3023,#3045,#3084,#3118,#3152,#3153,#3154,#3155));
#3023 = ORIENTED_EDGE('',*,*,#3024,.T.);
#3024 = EDGE_CURVE('',#2889,#3025,#3027,.T.);
#3025 = VERTEX_POINT('',#3026);
#3026 = CARTESIAN_POINT('',(39.513126932704,-39.5131269327,4.7625));
#3027 = SEAM_CURVE('',#3028,(#3032,#3038),.PCURVE_S1.);
#3028 = LINE('',#3029,#3030);
#3029 = CARTESIAN_POINT('',(43.688743240314,-34.84061012786,4.7625));
#3030 = VECTOR('',#3031,1.);
#3031 = DIRECTION('',(-0.666346577952,-0.745642164883,0.));
#3032 = PCURVE('',#2932,#3033);
#3033 = DEFINITIONAL_REPRESENTATION('',(#3034),#3037);
#3034 = B_SPLINE_CURVE_WITH_KNOTS('',1,(#3035,#3036),.UNSPECIFIED.,.F.,
  .F.,(2,2),(-1.480537077276,7.746970260505),.PIECEWISE_BEZIER_KNOTS.);
#3035 = CARTESIAN_POINT('',(6.28318530718,-1.480537077276));
#3036 = CARTESIAN_POINT('',(6.28318530718,7.746970260505));
#3037 = ( GEOMETRIC_REPRESENTATION_CONTEXT(2) 
PARAMETRIC_REPRESENTATION_CONTEXT() REPRESENTATION_CONTEXT('2D SPACE',''
  ) );
#3038 = PCURVE('',#2932,#3039);
#3039 = DEFINITIONAL_REPRESENTATION('',(#3040),#3044);
#3040 = LINE('',#3041,#3042);
#3041 = CARTESIAN_POINT('',(0.,0.));
#3042 = VECTOR('',#3043,1.);
#3043 = DIRECTION('',(0.,1.));
#3044 = ( GEOMETRIC_REPRESENTATION_CONTEXT(2) 
PARAMETRIC_REPRESENTATION_CONTEXT() REPRESENTATION_CONTEXT('2D SPACE',''
  ) );
#3045 = ORIENTED_EDGE('',*,*,#3046,.F.);
#3046 = EDGE_CURVE('',#3047,#3025,#3049,.T.);
#3047 = VERTEX_POINT('',#3048);
#3048 = CARTESIAN_POINT('',(42.886029177263,-42.88602917726,
    -5.832380380939E-16));
#3049 = SURFACE_CURVE('',#3050,(#3055,#3067),.PCURVE_S1.);
#3050 = ELLIPSE('',#3051,4.770004098813,4.7625);
#3051 = AXIS2_PLACEMENT_3D('',#3052,#3053,#3054);
#3052 = CARTESIAN_POINT('',(39.513126932704,-39.5131269327,0.));
#3053 = DIRECTION('',(-0.707106781187,-0.707106781187,0.));
#3054 = DIRECTION('',(0.707106781187,-0.707106781187,0.));
#3055 = PCURVE('',#2932,#3056);
#3056 = DEFINITIONAL_REPRESENTATION('',(#3057),#3066);
#3057 = B_SPLINE_CURVE_WITH_KNOTS('',7,(#3058,#3059,#3060,#3061,#3062,
    #3063,#3064,#3065),.UNSPECIFIED.,.F.,.F.,(8,8),(0.,1.570796326795),
  .PIECEWISE_BEZIER_KNOTS.);
#3058 = CARTESIAN_POINT('',(4.712388980385,6.533889446372));
#3059 = CARTESIAN_POINT('',(4.936788455641,6.533889446372));
#3060 = CARTESIAN_POINT('',(5.161187930897,6.518176745931));
#3061 = CARTESIAN_POINT('',(5.385587406154,6.486753624434));
#3062 = CARTESIAN_POINT('',(5.60998688141,6.441549322556));
#3063 = CARTESIAN_POINT('',(5.834386356667,6.386467029731));
#3064 = CARTESIAN_POINT('',(6.058785831923,6.326450228332));
#3065 = CARTESIAN_POINT('',(6.28318530718,6.266433183229));
#3066 = ( GEOMETRIC_REPRESENTATION_CONTEXT(2) 
PARAMETRIC_REPRESENTATION_CONTEXT() REPRESENTATION_CONTEXT('2D SPACE',''
  ) );
#3067 = PCURVE('',#3068,#3073);
#3068 = CYLINDRICAL_SURFACE('',#3069,4.7625);
#3069 = AXIS2_PLACEMENT_3D('',#3070,#3071,#3072);
#3070 = CARTESIAN_POINT('',(39.513126932704,-39.5131269327,0.));
#3071 = DIRECTION('',(-0.745642164883,-0.666346577952,0.));
#3072 = DIRECTION('',(7.397933132225E-17,-8.278290995846E-17,1.));
#3073 = DEFINITIONAL_REPRESENTATION('',(#3074),#3083);
#3074 = B_SPLINE_CURVE_WITH_KNOTS('',7,(#3075,#3076,#3077,#3078,#3079,
    #3080,#3081,#3082),.UNSPECIFIED.,.F.,.F.,(8,8),(0.,1.570796326795),
  .PIECEWISE_BEZIER_KNOTS.);
#3075 = CARTESIAN_POINT('',(4.712388980385,-0.267456263144));
#3076 = CARTESIAN_POINT('',(4.936788455641,-0.267456263144));
#3077 = CARTESIAN_POINT('',(5.161187930897,-0.251743562703));
#3078 = CARTESIAN_POINT('',(5.385587406154,-0.220320441205));
#3079 = CARTESIAN_POINT('',(5.60998688141,-0.175116139327));
#3080 = CARTESIAN_POINT('',(5.834386356667,-0.120033846502));
#3081 = CARTESIAN_POINT('',(6.058785831923,-6.001704510338E-02));
#3082 = CARTESIAN_POINT('',(6.28318530718,1.048050535246E-13));
#3083 = ( GEOMETRIC_REPRESENTATION_CONTEXT(2) 
PARAMETRIC_REPRESENTATION_CONTEXT() REPRESENTATION_CONTEXT('2D SPACE',''
  ) );
#3084 = ORIENTED_EDGE('',*,*,#3085,.F.);
#3085 = EDGE_CURVE('',#3086,#3047,#3088,.T.);
#3086 = VERTEX_POINT('',#3087);
#3087 = CARTESIAN_POINT('',(39.513126932704,-39.5131269327,-4.7625));
#3088 = SURFACE_CURVE('',#3089,(#3094,#3106),.PCURVE_S1.);
#3089 = ELLIPSE('',#3090,4.770004098813,4.7625);
#3090 = AXIS2_PLACEMENT_3D('',#3091,#3092,#3093);
#3091 = CARTESIAN_POINT('',(39.513126932704,-39.5131269327,0.));
#3092 = DIRECTION('',(-0.707106781187,-0.707106781187,0.));
#3093 = DIRECTION('',(0.707106781187,-0.707106781187,0.));
#3094 = PCURVE('',#2932,#3095);
#3095 = DEFINITIONAL_REPRESENTATION('',(#3096),#3105);
#3096 = B_SPLINE_CURVE_WITH_KNOTS('',7,(#3097,#3098,#3099,#3100,#3101,
    #3102,#3103,#3104),.UNSPECIFIED.,.F.,.F.,(8,8),(4.712388980385,
    6.28318530718),.PIECEWISE_BEZIER_KNOTS.);
#3097 = CARTESIAN_POINT('',(3.14159265359,6.266433183229));
#3098 = CARTESIAN_POINT('',(3.365992128846,6.326450228332));
#3099 = CARTESIAN_POINT('',(3.590391604102,6.386467029731));
#3100 = CARTESIAN_POINT('',(3.81479107936,6.441549322557));
#3101 = CARTESIAN_POINT('',(4.039190554614,6.486753624433));
#3102 = CARTESIAN_POINT('',(4.263590029872,6.518176745932));
#3103 = CARTESIAN_POINT('',(4.487989505128,6.533889446372));
#3104 = CARTESIAN_POINT('',(4.712388980385,6.533889446372));
#3105 = ( GEOMETRIC_REPRESENTATION_CONTEXT(2) 
PARAMETRIC_REPRESENTATION_CONTEXT() REPRESENTATION_CONTEXT('2D SPACE',''
  ) );
#3106 = PCURVE('',#3068,#3107);
#3107 = DEFINITIONAL_REPRESENTATION('',(#3108),#3117);
#3108 = B_SPLINE_CURVE_WITH_KNOTS('',7,(#3109,#3110,#3111,#3112,#3113,
    #3114,#3115,#3116),.UNSPECIFIED.,.F.,.F.,(8,8),(4.712388980385,
    6.28318530718),.PIECEWISE_BEZIER_KNOTS.);
#3109 = CARTESIAN_POINT('',(3.14159265359,1.048050535246E-13));
#3110 = CARTESIAN_POINT('',(3.365992128846,-6.001704510338E-02));
#3111 = CARTESIAN_POINT('',(3.590391604103,-0.120033846502));
#3112 = CARTESIAN_POINT('',(3.81479107936,-0.175116139327));
#3113 = CARTESIAN_POINT('',(4.039190554616,-0.220320441205));
#3114 = CARTESIAN_POINT('',(4.263590029872,-0.251743562703));
#3115 = CARTESIAN_POINT('',(4.487989505128,-0.267456263144));
#3116 = CARTESIAN_POINT('',(4.712388980385,-0.267456263144));
#3117 = ( GEOMETRIC_REPRESENTATION_CONTEXT(2) 
PARAMETRIC_REPRESENTATION_CONTEXT() REPRESENTATION_CONTEXT('2D SPACE',''
  ) );
#3118 = ORIENTED_EDGE('',*,*,#3119,.F.);
#3119 = EDGE_CURVE('',#3025,#3086,#3120,.T.);
#3120 = SURFACE_CURVE('',#3121,(#3126,#3139),.PCURVE_S1.);
#3121 = ELLIPSE('',#3122,4.770004098813,4.7625);
#3122 = AXIS2_PLACEMENT_3D('',#3123,#3124,#3125);
#3123 = CARTESIAN_POINT('',(39.513126932704,-39.5131269327,0.));
#3124 = DIRECTION('',(-0.707106781187,-0.707106781187,0.));
#3125 = DIRECTION('',(0.707106781187,-0.707106781187,0.));
#3126 = PCURVE('',#2932,#3127);
#3127 = DEFINITIONAL_REPRESENTATION('',(#3128),#3138);
#3128 = B_SPLINE_CURVE_WITH_KNOTS('',8,(#3129,#3130,#3131,#3132,#3133,
    #3134,#3135,#3136,#3137),.UNSPECIFIED.,.F.,.F.,(9,9),(1.570796326795
    ,4.712388980385),.PIECEWISE_BEZIER_KNOTS.);
#3129 = CARTESIAN_POINT('',(0.,6.266433183229));
#3130 = CARTESIAN_POINT('',(0.392699081699,6.161403354298));
#3131 = CARTESIAN_POINT('',(0.785398163397,6.056372687909));
#3132 = CARTESIAN_POINT('',(1.178097245094,5.976032027288));
#3133 = CARTESIAN_POINT('',(1.570796326792,5.945004634975));
#3134 = CARTESIAN_POINT('',(1.963495408491,5.976032027287));
#3135 = CARTESIAN_POINT('',(2.356194490192,6.056372687907));
#3136 = CARTESIAN_POINT('',(2.748893571891,6.161403354298));
#3137 = CARTESIAN_POINT('',(3.14159265359,6.266433183229));
#3138 = ( GEOMETRIC_REPRESENTATION_CONTEXT(2) 
PARAMETRIC_REPRESENTATION_CONTEXT() REPRESENTATION_CONTEXT('2D SPACE',''
  ) );
#3139 = PCURVE('',#3068,#3140);
#3140 = DEFINITIONAL_REPRESENTATION('',(#3141),#3151);
#3141 = B_SPLINE_CURVE_WITH_KNOTS('',8,(#3142,#3143,#3144,#3145,#3146,
    #3147,#3148,#3149,#3150),.UNSPECIFIED.,.F.,.F.,(9,9),(1.570796326795
    ,4.712388980385),.PIECEWISE_BEZIER_KNOTS.);
#3142 = CARTESIAN_POINT('',(0.,1.048050535246E-13));
#3143 = CARTESIAN_POINT('',(0.392699081699,0.105029828931));
#3144 = CARTESIAN_POINT('',(0.785398163397,0.210060495319));
#3145 = CARTESIAN_POINT('',(1.178097245092,0.290401155933));
#3146 = CARTESIAN_POINT('',(1.570796326796,0.321428548244));
#3147 = CARTESIAN_POINT('',(1.963495408491,0.290401155933));
#3148 = CARTESIAN_POINT('',(2.356194490192,0.210060495319));
#3149 = CARTESIAN_POINT('',(2.748893571891,0.105029828931));
#3150 = CARTESIAN_POINT('',(3.14159265359,1.048050535246E-13));
#3151 = ( GEOMETRIC_REPRESENTATION_CONTEXT(2) 
PARAMETRIC_REPRESENTATION_CONTEXT() REPRESENTATION_CONTEXT('2D SPACE',''
  ) );
#3152 = ORIENTED_EDGE('',*,*,#3024,.F.);
#3153 = ORIENTED_EDGE('',*,*,#2983,.T.);
#3154 = ORIENTED_EDGE('',*,*,#2949,.T.);
#3155 = ORIENTED_EDGE('',*,*,#2910,.T.);
#3156 = ADVANCED_FACE('',(#3157),#3068,.T.);
#3157 = FACE_BOUND('',#3158,.T.);
#3158 = EDGE_LOOP('',(#3159,#3181,#3220,#3254,#3288,#3289,#3290,#3291));
#3159 = ORIENTED_EDGE('',*,*,#3160,.T.);
#3160 = EDGE_CURVE('',#3025,#3161,#3163,.T.);
#3161 = VERTEX_POINT('',#3162);
#3162 = CARTESIAN_POINT('',(34.840610127866,-43.68874324031,4.7625));
#3163 = SEAM_CURVE('',#3164,(#3168,#3174),.PCURVE_S1.);
#3164 = LINE('',#3165,#3166);
#3165 = CARTESIAN_POINT('',(39.513126932704,-39.5131269327,4.7625));
#3166 = VECTOR('',#3167,1.);
#3167 = DIRECTION('',(-0.745642164883,-0.666346577952,0.));
#3168 = PCURVE('',#3068,#3169);
#3169 = DEFINITIONAL_REPRESENTATION('',(#3170),#3173);
#3170 = B_SPLINE_CURVE_WITH_KNOTS('',1,(#3171,#3172),.UNSPECIFIED.,.F.,
  .F.,(2,2),(-1.480537077276,7.746970260505),.PIECEWISE_BEZIER_KNOTS.);
#3171 = CARTESIAN_POINT('',(6.28318530718,-1.480537077276));
#3172 = CARTESIAN_POINT('',(6.28318530718,7.746970260505));
#3173 = ( GEOMETRIC_REPRESENTATION_CONTEXT(2) 
PARAMETRIC_REPRESENTATION_CONTEXT() REPRESENTATION_CONTEXT('2D SPACE',''
  ) );
#3174 = PCURVE('',#3068,#3175);
#3175 = DEFINITIONAL_REPRESENTATION('',(#3176),#3180);
#3176 = LINE('',#3177,#3178);
#3177 = CARTESIAN_POINT('',(0.,0.));
#3178 = VECTOR('',#3179,1.);
#3179 = DIRECTION('',(0.,1.));
#3180 = ( GEOMETRIC_REPRESENTATION_CONTEXT(2) 
PARAMETRIC_REPRESENTATION_CONTEXT() REPRESENTATION_CONTEXT('2D SPACE',''
  ) );
#3181 = ORIENTED_EDGE('',*,*,#3182,.F.);
#3182 = EDGE_CURVE('',#3183,#3161,#3185,.T.);
#3183 = VERTEX_POINT('',#3184);
#3184 = CARTESIAN_POINT('',(37.8146590383,-47.41808261626,
    -5.832380380939E-16));
#3185 = SURFACE_CURVE('',#3186,(#3191,#3203),.PCURVE_S1.);
#3186 = ELLIPSE('',#3187,4.770004098813,4.7625);
#3187 = AXIS2_PLACEMENT_3D('',#3188,#3189,#3190);
#3188 = CARTESIAN_POINT('',(34.840610127866,-43.68874324031,0.));
#3189 = DIRECTION('',(-0.781831482468,-0.623489801859,0.));
#3190 = DIRECTION('',(0.623489801859,-0.781831482468,0.));
#3191 = PCURVE('',#3068,#3192);
#3192 = DEFINITIONAL_REPRESENTATION('',(#3193),#3202);
#3193 = B_SPLINE_CURVE_WITH_KNOTS('',7,(#3194,#3195,#3196,#3197,#3198,
    #3199,#3200,#3201),.UNSPECIFIED.,.F.,.F.,(8,8),(0.,1.570796326795),
  .PIECEWISE_BEZIER_KNOTS.);
#3194 = CARTESIAN_POINT('',(4.712388980385,6.533889446372));
#3195 = CARTESIAN_POINT('',(4.936788455641,6.533889446372));
#3196 = CARTESIAN_POINT('',(5.161187930898,6.518176745932));
#3197 = CARTESIAN_POINT('',(5.385587406152,6.486753624433));
#3198 = CARTESIAN_POINT('',(5.609986881413,6.441549322558));
#3199 = CARTESIAN_POINT('',(5.834386356666,6.386467029731));
#3200 = CARTESIAN_POINT('',(6.058785831923,6.326450228332));
#3201 = CARTESIAN_POINT('',(6.28318530718,6.266433183228));
#3202 = ( GEOMETRIC_REPRESENTATION_CONTEXT(2) 
PARAMETRIC_REPRESENTATION_CONTEXT() REPRESENTATION_CONTEXT('2D SPACE',''
  ) );
#3203 = PCURVE('',#3204,#3209);
#3204 = CYLINDRICAL_SURFACE('',#3205,4.7625);
#3205 = AXIS2_PLACEMENT_3D('',#3206,#3207,#3208);
#3206 = CARTESIAN_POINT('',(34.840610127866,-43.68874324031,0.));
#3207 = DIRECTION('',(-0.815560868959,-0.57867129618,0.));
#3208 = DIRECTION('',(6.424541967085E-17,-9.054544547019E-17,1.));
#3209 = DEFINITIONAL_REPRESENTATION('',(#3210),#3219);
#3210 = B_SPLINE_CURVE_WITH_KNOTS('',7,(#3211,#3212,#3213,#3214,#3215,
    #3216,#3217,#3218),.UNSPECIFIED.,.F.,.F.,(8,8),(0.,1.570796326795),
  .PIECEWISE_BEZIER_KNOTS.);
#3211 = CARTESIAN_POINT('',(4.712388980385,-0.267456263144));
#3212 = CARTESIAN_POINT('',(4.936788455641,-0.267456263144));
#3213 = CARTESIAN_POINT('',(5.161187930897,-0.251743562703));
#3214 = CARTESIAN_POINT('',(5.385587406154,-0.220320441205));
#3215 = CARTESIAN_POINT('',(5.60998688141,-0.175116139327));
#3216 = CARTESIAN_POINT('',(5.834386356667,-0.120033846503));
#3217 = CARTESIAN_POINT('',(6.058785831923,-6.001704510355E-02));
#3218 = CARTESIAN_POINT('',(6.28318530718,-6.172840016916E-14));
#3219 = ( GEOMETRIC_REPRESENTATION_CONTEXT(2) 
PARAMETRIC_REPRESENTATION_CONTEXT() REPRESENTATION_CONTEXT('2D SPACE',''
  ) );
#3220 = ORIENTED_EDGE('',*,*,#3221,.F.);
#3221 = EDGE_CURVE('',#3222,#3183,#3224,.T.);
#3222 = VERTEX_POINT('',#3223);
#3223 = CARTESIAN_POINT('',(34.840610127866,-43.68874324031,-4.7625));
#3224 = SURFACE_CURVE('',#3225,(#3230,#3242),.PCURVE_S1.);
#3225 = ELLIPSE('',#3226,4.770004098813,4.7625);
#3226 = AXIS2_PLACEMENT_3D('',#3227,#3228,#3229);
#3227 = CARTESIAN_POINT('',(34.840610127866,-43.68874324031,0.));
#3228 = DIRECTION('',(-0.781831482468,-0.623489801859,0.));
#3229 = DIRECTION('',(0.623489801859,-0.781831482468,0.));
#3230 = PCURVE('',#3068,#3231);
#3231 = DEFINITIONAL_REPRESENTATION('',(#3232),#3241);
#3232 = B_SPLINE_CURVE_WITH_KNOTS('',7,(#3233,#3234,#3235,#3236,#3237,
    #3238,#3239,#3240),.UNSPECIFIED.,.F.,.F.,(8,8),(4.712388980385,
    6.28318530718),.PIECEWISE_BEZIER_KNOTS.);
#3233 = CARTESIAN_POINT('',(3.14159265359,6.266433183228));
#3234 = CARTESIAN_POINT('',(3.365992128846,6.326450228332));
#3235 = CARTESIAN_POINT('',(3.590391604102,6.386467029731));
#3236 = CARTESIAN_POINT('',(3.81479107936,6.441549322556));
#3237 = CARTESIAN_POINT('',(4.039190554615,6.486753624434));
#3238 = CARTESIAN_POINT('',(4.263590029872,6.518176745931));
#3239 = CARTESIAN_POINT('',(4.487989505128,6.533889446372));
#3240 = CARTESIAN_POINT('',(4.712388980385,6.533889446372));
#3241 = ( GEOMETRIC_REPRESENTATION_CONTEXT(2) 
PARAMETRIC_REPRESENTATION_CONTEXT() REPRESENTATION_CONTEXT('2D SPACE',''
  ) );
#3242 = PCURVE('',#3204,#3243);
#3243 = DEFINITIONAL_REPRESENTATION('',(#3244),#3253);
#3244 = B_SPLINE_CURVE_WITH_KNOTS('',7,(#3245,#3246,#3247,#3248,#3249,
    #3250,#3251,#3252),.UNSPECIFIED.,.F.,.F.,(8,8),(4.712388980385,
    6.28318530718),.PIECEWISE_BEZIER_KNOTS.);
#3245 = CARTESIAN_POINT('',(3.14159265359,-6.172840016916E-14));
#3246 = CARTESIAN_POINT('',(3.365992128846,-6.001704510355E-02));
#3247 = CARTESIAN_POINT('',(3.590391604103,-0.120033846503));
#3248 = CARTESIAN_POINT('',(3.81479107936,-0.175116139327));
#3249 = CARTESIAN_POINT('',(4.039190554616,-0.220320441205));
#3250 = CARTESIAN_POINT('',(4.263590029872,-0.251743562703));
#3251 = CARTESIAN_POINT('',(4.487989505128,-0.267456263144));
#3252 = CARTESIAN_POINT('',(4.712388980385,-0.267456263144));
#3253 = ( GEOMETRIC_REPRESENTATION_CONTEXT(2) 
PARAMETRIC_REPRESENTATION_CONTEXT() REPRESENTATION_CONTEXT('2D SPACE',''
  ) );
#3254 = ORIENTED_EDGE('',*,*,#3255,.F.);
#3255 = EDGE_CURVE('',#3161,#3222,#3256,.T.);
#3256 = SURFACE_CURVE('',#3257,(#3262,#3275),.PCURVE_S1.);
#3257 = ELLIPSE('',#3258,4.770004098813,4.7625);
#3258 = AXIS2_PLACEMENT_3D('',#3259,#3260,#3261);
#3259 = CARTESIAN_POINT('',(34.840610127866,-43.68874324031,0.));
#3260 = DIRECTION('',(-0.781831482468,-0.623489801859,0.));
#3261 = DIRECTION('',(0.623489801859,-0.781831482468,0.));
#3262 = PCURVE('',#3068,#3263);
#3263 = DEFINITIONAL_REPRESENTATION('',(#3264),#3274);
#3264 = B_SPLINE_CURVE_WITH_KNOTS('',8,(#3265,#3266,#3267,#3268,#3269,
    #3270,#3271,#3272,#3273),.UNSPECIFIED.,.F.,.F.,(9,9),(1.570796326795
    ,4.712388980385),.PIECEWISE_BEZIER_KNOTS.);
#3265 = CARTESIAN_POINT('',(-1.7763568394E-15,6.266433183228));
#3266 = CARTESIAN_POINT('',(0.392699081699,6.161403354297));
#3267 = CARTESIAN_POINT('',(0.785398163397,6.056372687912));
#3268 = CARTESIAN_POINT('',(1.178097245091,5.976032027277));
#3269 = CARTESIAN_POINT('',(1.570796326796,5.945004634987));
#3270 = CARTESIAN_POINT('',(1.96349540849,5.976032027281));
#3271 = CARTESIAN_POINT('',(2.356194490192,6.05637268791));
#3272 = CARTESIAN_POINT('',(2.748893571891,6.161403354297));
#3273 = CARTESIAN_POINT('',(3.14159265359,6.266433183228));
#3274 = ( GEOMETRIC_REPRESENTATION_CONTEXT(2) 
PARAMETRIC_REPRESENTATION_CONTEXT() REPRESENTATION_CONTEXT('2D SPACE',''
  ) );
#3275 = PCURVE('',#3204,#3276);
#3276 = DEFINITIONAL_REPRESENTATION('',(#3277),#3287);
#3277 = B_SPLINE_CURVE_WITH_KNOTS('',8,(#3278,#3279,#3280,#3281,#3282,
    #3283,#3284,#3285,#3286),.UNSPECIFIED.,.F.,.F.,(9,9),(1.570796326795
    ,4.712388980385),.PIECEWISE_BEZIER_KNOTS.);
#3278 = CARTESIAN_POINT('',(0.,-6.172840016916E-14));
#3279 = CARTESIAN_POINT('',(0.392699081699,0.105029828931));
#3280 = CARTESIAN_POINT('',(0.785398163398,0.210060495319));
#3281 = CARTESIAN_POINT('',(1.17809724509,0.290401155934));
#3282 = CARTESIAN_POINT('',(1.570796326799,0.321428548243));
#3283 = CARTESIAN_POINT('',(1.963495408491,0.290401155934));
#3284 = CARTESIAN_POINT('',(2.356194490193,0.210060495319));
#3285 = CARTESIAN_POINT('',(2.748893571891,0.105029828931));
#3286 = CARTESIAN_POINT('',(3.14159265359,-6.172840016916E-14));
#3287 = ( GEOMETRIC_REPRESENTATION_CONTEXT(2) 
PARAMETRIC_REPRESENTATION_CONTEXT() REPRESENTATION_CONTEXT('2D SPACE',''
  ) );
#3288 = ORIENTED_EDGE('',*,*,#3160,.F.);
#3289 = ORIENTED_EDGE('',*,*,#3119,.T.);
#3290 = ORIENTED_EDGE('',*,*,#3085,.T.);
#3291 = ORIENTED_EDGE('',*,*,#3046,.T.);
#3292 = ADVANCED_FACE('',(#3293),#3204,.T.);
#3293 = FACE_BOUND('',#3294,.T.);
#3294 = EDGE_LOOP('',(#3295,#3317,#3356,#3390,#3424,#3425,#3426,#3427));
#3295 = ORIENTED_EDGE('',*,*,#3296,.T.);
#3296 = EDGE_CURVE('',#3161,#3297,#3299,.T.);
#3297 = VERTEX_POINT('',#3298);
#3298 = CARTESIAN_POINT('',(29.729952435677,-47.31494825287,4.7625));
#3299 = SEAM_CURVE('',#3300,(#3304,#3310),.PCURVE_S1.);
#3300 = LINE('',#3301,#3302);
#3301 = CARTESIAN_POINT('',(34.840610127866,-43.68874324031,4.7625));
#3302 = VECTOR('',#3303,1.);
#3303 = DIRECTION('',(-0.815560868959,-0.57867129618,0.));
#3304 = PCURVE('',#3204,#3305);
#3305 = DEFINITIONAL_REPRESENTATION('',(#3306),#3309);
#3306 = B_SPLINE_CURVE_WITH_KNOTS('',1,(#3307,#3308),.UNSPECIFIED.,.F.,
  .F.,(2,2),(-1.480537077276,7.746970260505),.PIECEWISE_BEZIER_KNOTS.);
#3307 = CARTESIAN_POINT('',(6.28318530718,-1.480537077276));
#3308 = CARTESIAN_POINT('',(6.28318530718,7.746970260505));
#3309 = ( GEOMETRIC_REPRESENTATION_CONTEXT(2) 
PARAMETRIC_REPRESENTATION_CONTEXT() REPRESENTATION_CONTEXT('2D SPACE',''
  ) );
#3310 = PCURVE('',#3204,#3311);
#3311 = DEFINITIONAL_REPRESENTATION('',(#3312),#3316);
#3312 = LINE('',#3313,#3314);
#3313 = CARTESIAN_POINT('',(0.,0.));
#3314 = VECTOR('',#3315,1.);
#3315 = DIRECTION('',(0.,1.));
#3316 = ( GEOMETRIC_REPRESENTATION_CONTEXT(2) 
PARAMETRIC_REPRESENTATION_CONTEXT() REPRESENTATION_CONTEXT('2D SPACE',''
  ) );
#3317 = ORIENTED_EDGE('',*,*,#3318,.F.);
#3318 = EDGE_CURVE('',#3319,#3297,#3321,.T.);
#3319 = VERTEX_POINT('',#3320);
#3320 = CARTESIAN_POINT('',(32.267747621355,-51.35382615376,
    -5.832380380939E-16));
#3321 = SURFACE_CURVE('',#3322,(#3327,#3339),.PCURVE_S1.);
#3322 = ELLIPSE('',#3323,4.770004098813,4.7625);
#3323 = AXIS2_PLACEMENT_3D('',#3324,#3325,#3326);
#3324 = CARTESIAN_POINT('',(29.729952435677,-47.31494825287,0.));
#3325 = DIRECTION('',(-0.846724199228,-0.532032076515,0.));
#3326 = DIRECTION('',(0.532032076515,-0.846724199228,0.));
#3327 = PCURVE('',#3204,#3328);
#3328 = DEFINITIONAL_REPRESENTATION('',(#3329),#3338);
#3329 = B_SPLINE_CURVE_WITH_KNOTS('',7,(#3330,#3331,#3332,#3333,#3334,
    #3335,#3336,#3337),.UNSPECIFIED.,.F.,.F.,(8,8),(0.,1.570796326795),
  .PIECEWISE_BEZIER_KNOTS.);
#3330 = CARTESIAN_POINT('',(4.712388980385,6.533889446372));
#3331 = CARTESIAN_POINT('',(4.936788455641,6.533889446372));
#3332 = CARTESIAN_POINT('',(5.161187930897,6.518176745931));
#3333 = CARTESIAN_POINT('',(5.385587406154,6.486753624435));
#3334 = CARTESIAN_POINT('',(5.60998688141,6.441549322554));
#3335 = CARTESIAN_POINT('',(5.834386356667,6.386467029731));
#3336 = CARTESIAN_POINT('',(6.058785831923,6.326450228332));
#3337 = CARTESIAN_POINT('',(6.28318530718,6.266433183229));
#3338 = ( GEOMETRIC_REPRESENTATION_CONTEXT(2) 
PARAMETRIC_REPRESENTATION_CONTEXT() REPRESENTATION_CONTEXT('2D SPACE',''
  ) );
#3339 = PCURVE('',#3340,#3345);
#3340 = CYLINDRICAL_SURFACE('',#3341,4.7625);
#3341 = AXIS2_PLACEMENT_3D('',#3342,#3343,#3344);
#3342 = CARTESIAN_POINT('',(29.729952435677,-47.31494825287,0.));
#3343 = DIRECTION('',(-0.875223421909,-0.483718887105,0.));
#3344 = DIRECTION('',(5.370358459103E-17,-9.716931946943E-17,1.));
#3345 = DEFINITIONAL_REPRESENTATION('',(#3346),#3355);
#3346 = B_SPLINE_CURVE_WITH_KNOTS('',7,(#3347,#3348,#3349,#3350,#3351,
    #3352,#3353,#3354),.UNSPECIFIED.,.F.,.F.,(8,8),(0.,1.570796326795),
  .PIECEWISE_BEZIER_KNOTS.);
#3347 = CARTESIAN_POINT('',(4.712388980385,-0.267456263144));
#3348 = CARTESIAN_POINT('',(4.936788455641,-0.267456263144));
#3349 = CARTESIAN_POINT('',(5.161187930897,-0.251743562703));
#3350 = CARTESIAN_POINT('',(5.385587406154,-0.220320441205));
#3351 = CARTESIAN_POINT('',(5.60998688141,-0.175116139327));
#3352 = CARTESIAN_POINT('',(5.834386356667,-0.120033846503));
#3353 = CARTESIAN_POINT('',(6.058785831923,-6.001704510354E-02));
#3354 = CARTESIAN_POINT('',(6.28318530718,-5.462297281156E-14));
#3355 = ( GEOMETRIC_REPRESENTATION_CONTEXT(2) 
PARAMETRIC_REPRESENTATION_CONTEXT() REPRESENTATION_CONTEXT('2D SPACE',''
  ) );
#3356 = ORIENTED_EDGE('',*,*,#3357,.F.);
#3357 = EDGE_CURVE('',#3358,#3319,#3360,.T.);
#3358 = VERTEX_POINT('',#3359);
#3359 = CARTESIAN_POINT('',(29.729952435677,-47.31494825287,-4.7625));
#3360 = SURFACE_CURVE('',#3361,(#3366,#3378),.PCURVE_S1.);
#3361 = ELLIPSE('',#3362,4.770004098813,4.7625);
#3362 = AXIS2_PLACEMENT_3D('',#3363,#3364,#3365);
#3363 = CARTESIAN_POINT('',(29.729952435677,-47.31494825287,0.));
#3364 = DIRECTION('',(-0.846724199228,-0.532032076515,0.));
#3365 = DIRECTION('',(0.532032076515,-0.846724199228,0.));
#3366 = PCURVE('',#3204,#3367);
#3367 = DEFINITIONAL_REPRESENTATION('',(#3368),#3377);
#3368 = B_SPLINE_CURVE_WITH_KNOTS('',7,(#3369,#3370,#3371,#3372,#3373,
    #3374,#3375,#3376),.UNSPECIFIED.,.F.,.F.,(8,8),(4.712388980385,
    6.28318530718),.PIECEWISE_BEZIER_KNOTS.);
#3369 = CARTESIAN_POINT('',(3.14159265359,6.266433183229));
#3370 = CARTESIAN_POINT('',(3.365992128846,6.326450228332));
#3371 = CARTESIAN_POINT('',(3.590391604102,6.386467029732));
#3372 = CARTESIAN_POINT('',(3.814791079362,6.441549322554));
#3373 = CARTESIAN_POINT('',(4.039190554614,6.486753624435));
#3374 = CARTESIAN_POINT('',(4.263590029872,6.51817674593));
#3375 = CARTESIAN_POINT('',(4.487989505128,6.533889446372));
#3376 = CARTESIAN_POINT('',(4.712388980385,6.533889446372));
#3377 = ( GEOMETRIC_REPRESENTATION_CONTEXT(2) 
PARAMETRIC_REPRESENTATION_CONTEXT() REPRESENTATION_CONTEXT('2D SPACE',''
  ) );
#3378 = PCURVE('',#3340,#3379);
#3379 = DEFINITIONAL_REPRESENTATION('',(#3380),#3389);
#3380 = B_SPLINE_CURVE_WITH_KNOTS('',7,(#3381,#3382,#3383,#3384,#3385,
    #3386,#3387,#3388),.UNSPECIFIED.,.F.,.F.,(8,8),(4.712388980385,
    6.28318530718),.PIECEWISE_BEZIER_KNOTS.);
#3381 = CARTESIAN_POINT('',(3.14159265359,-5.462297281156E-14));
#3382 = CARTESIAN_POINT('',(3.365992128846,-6.001704510354E-02));
#3383 = CARTESIAN_POINT('',(3.590391604103,-0.120033846503));
#3384 = CARTESIAN_POINT('',(3.81479107936,-0.175116139327));
#3385 = CARTESIAN_POINT('',(4.039190554616,-0.220320441205));
#3386 = CARTESIAN_POINT('',(4.263590029872,-0.251743562703));
#3387 = CARTESIAN_POINT('',(4.487989505128,-0.267456263144));
#3388 = CARTESIAN_POINT('',(4.712388980385,-0.267456263144));
#3389 = ( GEOMETRIC_REPRESENTATION_CONTEXT(2) 
PARAMETRIC_REPRESENTATION_CONTEXT() REPRESENTATION_CONTEXT('2D SPACE',''
  ) );
#3390 = ORIENTED_EDGE('',*,*,#3391,.F.);
#3391 = EDGE_CURVE('',#3297,#3358,#3392,.T.);
#3392 = SURFACE_CURVE('',#3393,(#3398,#3411),.PCURVE_S1.);
#3393 = ELLIPSE('',#3394,4.770004098813,4.7625);
#3394 = AXIS2_PLACEMENT_3D('',#3395,#3396,#3397);
#3395 = CARTESIAN_POINT('',(29.729952435677,-47.31494825287,0.));
#3396 = DIRECTION('',(-0.846724199228,-0.532032076515,0.));
#3397 = DIRECTION('',(0.532032076515,-0.846724199228,0.));
#3398 = PCURVE('',#3204,#3399);
#3399 = DEFINITIONAL_REPRESENTATION('',(#3400),#3410);
#3400 = B_SPLINE_CURVE_WITH_KNOTS('',8,(#3401,#3402,#3403,#3404,#3405,
    #3406,#3407,#3408,#3409),.UNSPECIFIED.,.F.,.F.,(9,9),(1.570796326795
    ,4.712388980385),.PIECEWISE_BEZIER_KNOTS.);
#3401 = CARTESIAN_POINT('',(0.,6.266433183229));
#3402 = CARTESIAN_POINT('',(0.392699081699,6.161403354297));
#3403 = CARTESIAN_POINT('',(0.785398163396,6.056372687908));
#3404 = CARTESIAN_POINT('',(1.178097245098,5.976032027285));
#3405 = CARTESIAN_POINT('',(1.570796326786,5.945004634991));
#3406 = CARTESIAN_POINT('',(1.963495408493,5.976032027288));
#3407 = CARTESIAN_POINT('',(2.356194490191,6.056372687907));
#3408 = CARTESIAN_POINT('',(2.748893571891,6.161403354297));
#3409 = CARTESIAN_POINT('',(3.14159265359,6.266433183229));
#3410 = ( GEOMETRIC_REPRESENTATION_CONTEXT(2) 
PARAMETRIC_REPRESENTATION_CONTEXT() REPRESENTATION_CONTEXT('2D SPACE',''
  ) );
#3411 = PCURVE('',#3340,#3412);
#3412 = DEFINITIONAL_REPRESENTATION('',(#3413),#3423);
#3413 = B_SPLINE_CURVE_WITH_KNOTS('',8,(#3414,#3415,#3416,#3417,#3418,
    #3419,#3420,#3421,#3422),.UNSPECIFIED.,.F.,.F.,(9,9),(1.570796326795
    ,4.712388980385),.PIECEWISE_BEZIER_KNOTS.);
#3414 = CARTESIAN_POINT('',(0.,-5.462297281156E-14));
#3415 = CARTESIAN_POINT('',(0.392699081699,0.105029828931));
#3416 = CARTESIAN_POINT('',(0.785398163397,0.210060495319));
#3417 = CARTESIAN_POINT('',(1.178097245096,0.290401155932));
#3418 = CARTESIAN_POINT('',(1.570796326789,0.321428548244));
#3419 = CARTESIAN_POINT('',(1.963495408495,0.290401155932));
#3420 = CARTESIAN_POINT('',(2.356194490192,0.210060495319));
#3421 = CARTESIAN_POINT('',(2.748893571891,0.105029828931));
#3422 = CARTESIAN_POINT('',(3.14159265359,-5.462297281156E-14));
#3423 = ( GEOMETRIC_REPRESENTATION_CONTEXT(2) 
PARAMETRIC_REPRESENTATION_CONTEXT() REPRESENTATION_CONTEXT('2D SPACE',''
  ) );
#3424 = ORIENTED_EDGE('',*,*,#3296,.F.);
#3425 = ORIENTED_EDGE('',*,*,#3255,.T.);
#3426 = ORIENTED_EDGE('',*,*,#3221,.T.);
#3427 = ORIENTED_EDGE('',*,*,#3182,.T.);
#3428 = ADVANCED_FACE('',(#3429),#3340,.T.);
#3429 = FACE_BOUND('',#3430,.T.);
#3430 = EDGE_LOOP('',(#3431,#3453,#3492,#3526,#3560,#3561,#3562,#3563));
#3431 = ORIENTED_EDGE('',*,*,#3432,.T.);
#3432 = EDGE_CURVE('',#3297,#3433,#3435,.T.);
#3433 = VERTEX_POINT('',#3434);
#3434 = CARTESIAN_POINT('',(24.245423341889,-50.34614033838,4.7625));
#3435 = SEAM_CURVE('',#3436,(#3440,#3446),.PCURVE_S1.);
#3436 = LINE('',#3437,#3438);
#3437 = CARTESIAN_POINT('',(29.729952435677,-47.31494825287,4.7625));
#3438 = VECTOR('',#3439,1.);
#3439 = DIRECTION('',(-0.875223421909,-0.483718887105,0.));
#3440 = PCURVE('',#3340,#3441);
#3441 = DEFINITIONAL_REPRESENTATION('',(#3442),#3445);
#3442 = B_SPLINE_CURVE_WITH_KNOTS('',1,(#3443,#3444),.UNSPECIFIED.,.F.,
  .F.,(2,2),(-1.480537077276,7.746970260505),.PIECEWISE_BEZIER_KNOTS.);
#3443 = CARTESIAN_POINT('',(6.28318530718,-1.480537077276));
#3444 = CARTESIAN_POINT('',(6.28318530718,7.746970260505));
#3445 = ( GEOMETRIC_REPRESENTATION_CONTEXT(2) 
PARAMETRIC_REPRESENTATION_CONTEXT() REPRESENTATION_CONTEXT('2D SPACE',''
  ) );
#3446 = PCURVE('',#3340,#3447);
#3447 = DEFINITIONAL_REPRESENTATION('',(#3448),#3452);
#3448 = LINE('',#3449,#3450);
#3449 = CARTESIAN_POINT('',(0.,0.));
#3450 = VECTOR('',#3451,1.);
#3451 = DIRECTION('',(0.,1.));
#3452 = ( GEOMETRIC_REPRESENTATION_CONTEXT(2) 
PARAMETRIC_REPRESENTATION_CONTEXT() REPRESENTATION_CONTEXT('2D SPACE',''
  ) );
#3453 = ORIENTED_EDGE('',*,*,#3454,.F.);
#3454 = EDGE_CURVE('',#3455,#3433,#3457,.T.);
#3455 = VERTEX_POINT('',#3456);
#3456 = CARTESIAN_POINT('',(26.315050555888,-54.64376553118,
    -5.832380380939E-16));
#3457 = SURFACE_CURVE('',#3458,(#3463,#3475),.PCURVE_S1.);
#3458 = ELLIPSE('',#3459,4.770004098813,4.7625);
#3459 = AXIS2_PLACEMENT_3D('',#3460,#3461,#3462);
#3460 = CARTESIAN_POINT('',(24.245423341889,-50.34614033838,0.));
#3461 = DIRECTION('',(-0.900968867902,-0.433883739118,0.));
#3462 = DIRECTION('',(0.433883739118,-0.900968867902,0.));
#3463 = PCURVE('',#3340,#3464);
#3464 = DEFINITIONAL_REPRESENTATION('',(#3465),#3474);
#3465 = B_SPLINE_CURVE_WITH_KNOTS('',7,(#3466,#3467,#3468,#3469,#3470,
    #3471,#3472,#3473),.UNSPECIFIED.,.F.,.F.,(8,8),(0.,1.570796326795),
  .PIECEWISE_BEZIER_KNOTS.);
#3466 = CARTESIAN_POINT('',(4.712388980385,6.533889446372));
#3467 = CARTESIAN_POINT('',(4.936788455641,6.533889446372));
#3468 = CARTESIAN_POINT('',(5.161187930898,6.518176745931));
#3469 = CARTESIAN_POINT('',(5.385587406154,6.486753624433));
#3470 = CARTESIAN_POINT('',(5.60998688141,6.441549322555));
#3471 = CARTESIAN_POINT('',(5.834386356667,6.386467029731));
#3472 = CARTESIAN_POINT('',(6.058785831923,6.326450228332));
#3473 = CARTESIAN_POINT('',(6.28318530718,6.266433183229));
#3474 = ( GEOMETRIC_REPRESENTATION_CONTEXT(2) 
PARAMETRIC_REPRESENTATION_CONTEXT() REPRESENTATION_CONTEXT('2D SPACE',''
  ) );
#3475 = PCURVE('',#3476,#3481);
#3476 = CYLINDRICAL_SURFACE('',#3477,4.7625);
#3477 = AXIS2_PLACEMENT_3D('',#3478,#3479,#3480);
#3478 = CARTESIAN_POINT('',(24.245423341889,-50.34614033838,0.));
#3479 = DIRECTION('',(-0.923879532511,-0.382683432365,0.));
#3480 = DIRECTION('',(4.248639577543E-17,-1.025712328974E-16,1.));
#3481 = DEFINITIONAL_REPRESENTATION('',(#3482),#3491);
#3482 = B_SPLINE_CURVE_WITH_KNOTS('',7,(#3483,#3484,#3485,#3486,#3487,
    #3488,#3489,#3490),.UNSPECIFIED.,.F.,.F.,(8,8),(0.,1.570796326795),
  .PIECEWISE_BEZIER_KNOTS.);
#3483 = CARTESIAN_POINT('',(4.712388980385,-0.267456263144));
#3484 = CARTESIAN_POINT('',(4.936788455641,-0.267456263144));
#3485 = CARTESIAN_POINT('',(5.161187930898,-0.251743562703));
#3486 = CARTESIAN_POINT('',(5.385587406154,-0.220320441205));
#3487 = CARTESIAN_POINT('',(5.60998688141,-0.175116139327));
#3488 = CARTESIAN_POINT('',(5.834386356667,-0.120033846503));
#3489 = CARTESIAN_POINT('',(6.058785831923,-6.001704510352E-02));
#3490 = CARTESIAN_POINT('',(6.28318530718,-3.28626015289E-14));
#3491 = ( GEOMETRIC_REPRESENTATION_CONTEXT(2) 
PARAMETRIC_REPRESENTATION_CONTEXT() REPRESENTATION_CONTEXT('2D SPACE',''
  ) );
#3492 = ORIENTED_EDGE('',*,*,#3493,.F.);
#3493 = EDGE_CURVE('',#3494,#3455,#3496,.T.);
#3494 = VERTEX_POINT('',#3495);
#3495 = CARTESIAN_POINT('',(24.245423341889,-50.34614033838,-4.7625));
#3496 = SURFACE_CURVE('',#3497,(#3502,#3514),.PCURVE_S1.);
#3497 = ELLIPSE('',#3498,4.770004098813,4.7625);
#3498 = AXIS2_PLACEMENT_3D('',#3499,#3500,#3501);
#3499 = CARTESIAN_POINT('',(24.245423341889,-50.34614033838,0.));
#3500 = DIRECTION('',(-0.900968867902,-0.433883739118,0.));
#3501 = DIRECTION('',(0.433883739118,-0.900968867902,0.));
#3502 = PCURVE('',#3340,#3503);
#3503 = DEFINITIONAL_REPRESENTATION('',(#3504),#3513);
#3504 = B_SPLINE_CURVE_WITH_KNOTS('',7,(#3505,#3506,#3507,#3508,#3509,
    #3510,#3511,#3512),.UNSPECIFIED.,.F.,.F.,(8,8),(4.712388980385,
    6.28318530718),.PIECEWISE_BEZIER_KNOTS.);
#3505 = CARTESIAN_POINT('',(3.14159265359,6.266433183229));
#3506 = CARTESIAN_POINT('',(3.365992128846,6.326450228332));
#3507 = CARTESIAN_POINT('',(3.590391604102,6.386467029731));
#3508 = CARTESIAN_POINT('',(3.81479107936,6.441549322554));
#3509 = CARTESIAN_POINT('',(4.039190554615,6.486753624435));
#3510 = CARTESIAN_POINT('',(4.263590029872,6.518176745931));
#3511 = CARTESIAN_POINT('',(4.487989505128,6.533889446372));
#3512 = CARTESIAN_POINT('',(4.712388980385,6.533889446372));
#3513 = ( GEOMETRIC_REPRESENTATION_CONTEXT(2) 
PARAMETRIC_REPRESENTATION_CONTEXT() REPRESENTATION_CONTEXT('2D SPACE',''
  ) );
#3514 = PCURVE('',#3476,#3515);
#3515 = DEFINITIONAL_REPRESENTATION('',(#3516),#3525);
#3516 = B_SPLINE_CURVE_WITH_KNOTS('',7,(#3517,#3518,#3519,#3520,#3521,
    #3522,#3523,#3524),.UNSPECIFIED.,.F.,.F.,(8,8),(4.712388980385,
    6.28318530718),.PIECEWISE_BEZIER_KNOTS.);
#3517 = CARTESIAN_POINT('',(3.14159265359,-3.28626015289E-14));
#3518 = CARTESIAN_POINT('',(3.365992128846,-6.001704510352E-02));
#3519 = CARTESIAN_POINT('',(3.590391604102,-0.120033846503));
#3520 = CARTESIAN_POINT('',(3.814791079361,-0.175116139327));
#3521 = CARTESIAN_POINT('',(4.039190554614,-0.220320441205));
#3522 = CARTESIAN_POINT('',(4.263590029872,-0.251743562703));
#3523 = CARTESIAN_POINT('',(4.487989505128,-0.267456263144));
#3524 = CARTESIAN_POINT('',(4.712388980385,-0.267456263144));
#3525 = ( GEOMETRIC_REPRESENTATION_CONTEXT(2) 
PARAMETRIC_REPRESENTATION_CONTEXT() REPRESENTATION_CONTEXT('2D SPACE',''
  ) );
#3526 = ORIENTED_EDGE('',*,*,#3527,.F.);
#3527 = EDGE_CURVE('',#3433,#3494,#3528,.T.);
#3528 = SURFACE_CURVE('',#3529,(#3534,#3547),.PCURVE_S1.);
#3529 = ELLIPSE('',#3530,4.770004098813,4.7625);
#3530 = AXIS2_PLACEMENT_3D('',#3531,#3532,#3533);
#3531 = CARTESIAN_POINT('',(24.245423341889,-50.34614033838,0.));
#3532 = DIRECTION('',(-0.900968867902,-0.433883739118,0.));
#3533 = DIRECTION('',(0.433883739118,-0.900968867902,0.));
#3534 = PCURVE('',#3340,#3535);
#3535 = DEFINITIONAL_REPRESENTATION('',(#3536),#3546);
#3536 = B_SPLINE_CURVE_WITH_KNOTS('',8,(#3537,#3538,#3539,#3540,#3541,
    #3542,#3543,#3544,#3545),.UNSPECIFIED.,.F.,.F.,(9,9),(1.570796326795
    ,4.712388980385),.PIECEWISE_BEZIER_KNOTS.);
#3537 = CARTESIAN_POINT('',(-1.7763568394E-15,6.266433183229));
#3538 = CARTESIAN_POINT('',(0.392699081699,6.161403354297));
#3539 = CARTESIAN_POINT('',(0.785398163397,6.056372687906));
#3540 = CARTESIAN_POINT('',(1.178097245095,5.976032027288));
#3541 = CARTESIAN_POINT('',(1.57079632679,5.945004634982));
#3542 = CARTESIAN_POINT('',(1.963495408496,5.976032027289));
#3543 = CARTESIAN_POINT('',(2.356194490191,6.056372687907));
#3544 = CARTESIAN_POINT('',(2.748893571891,6.161403354297));
#3545 = CARTESIAN_POINT('',(3.14159265359,6.266433183229));
#3546 = ( GEOMETRIC_REPRESENTATION_CONTEXT(2) 
PARAMETRIC_REPRESENTATION_CONTEXT() REPRESENTATION_CONTEXT('2D SPACE',''
  ) );
#3547 = PCURVE('',#3476,#3548);
#3548 = DEFINITIONAL_REPRESENTATION('',(#3549),#3559);
#3549 = B_SPLINE_CURVE_WITH_KNOTS('',8,(#3550,#3551,#3552,#3553,#3554,
    #3555,#3556,#3557,#3558),.UNSPECIFIED.,.F.,.F.,(9,9),(1.570796326795
    ,4.712388980385),.PIECEWISE_BEZIER_KNOTS.);
#3550 = CARTESIAN_POINT('',(0.,-3.28626015289E-14));
#3551 = CARTESIAN_POINT('',(0.392699081699,0.105029828931));
#3552 = CARTESIAN_POINT('',(0.785398163397,0.210060495319));
#3553 = CARTESIAN_POINT('',(1.178097245092,0.290401155932));
#3554 = CARTESIAN_POINT('',(1.570796326793,0.321428548244));
#3555 = CARTESIAN_POINT('',(1.963495408493,0.290401155932));
#3556 = CARTESIAN_POINT('',(2.356194490192,0.210060495319));
#3557 = CARTESIAN_POINT('',(2.748893571891,0.105029828931));
#3558 = CARTESIAN_POINT('',(3.14159265359,-3.28626015289E-14));
#3559 = ( GEOMETRIC_REPRESENTATION_CONTEXT(2) 
PARAMETRIC_REPRESENTATION_CONTEXT() REPRESENTATION_CONTEXT('2D SPACE',''
  ) );
#3560 = ORIENTED_EDGE('',*,*,#3432,.F.);
#3561 = ORIENTED_EDGE('',*,*,#3391,.T.);
#3562 = ORIENTED_EDGE('',*,*,#3357,.T.);
#3563 = ORIENTED_EDGE('',*,*,#3318,.T.);
#3564 = ADVANCED_FACE('',(#3565),#3476,.T.);
#3565 = FACE_BOUND('',#3566,.T.);
#3566 = EDGE_LOOP('',(#3567,#3589,#3628,#3662,#3696,#3697,#3698,#3699));
#3567 = ORIENTED_EDGE('',*,*,#3568,.T.);
#3568 = EDGE_CURVE('',#3433,#3569,#3571,.T.);
#3569 = VERTEX_POINT('',#3570);
#3570 = CARTESIAN_POINT('',(18.455993982055,-52.74420049763,4.7625));
#3571 = SEAM_CURVE('',#3572,(#3576,#3582),.PCURVE_S1.);
#3572 = LINE('',#3573,#3574);
#3573 = CARTESIAN_POINT('',(24.245423341889,-50.34614033838,4.7625));
#3574 = VECTOR('',#3575,1.);
#3575 = DIRECTION('',(-0.923879532511,-0.382683432365,0.));
#3576 = PCURVE('',#3476,#3577);
#3577 = DEFINITIONAL_REPRESENTATION('',(#3578),#3581);
#3578 = B_SPLINE_CURVE_WITH_KNOTS('',1,(#3579,#3580),.UNSPECIFIED.,.F.,
  .F.,(2,2),(-1.480537077276,7.746970260505),.PIECEWISE_BEZIER_KNOTS.);
#3579 = CARTESIAN_POINT('',(6.28318530718,-1.480537077276));
#3580 = CARTESIAN_POINT('',(6.28318530718,7.746970260505));
#3581 = ( GEOMETRIC_REPRESENTATION_CONTEXT(2) 
PARAMETRIC_REPRESENTATION_CONTEXT() REPRESENTATION_CONTEXT('2D SPACE',''
  ) );
#3582 = PCURVE('',#3476,#3583);
#3583 = DEFINITIONAL_REPRESENTATION('',(#3584),#3588);
#3584 = LINE('',#3585,#3586);
#3585 = CARTESIAN_POINT('',(0.,0.));
#3586 = VECTOR('',#3587,1.);
#3587 = DIRECTION('',(0.,1.));
#3588 = ( GEOMETRIC_REPRESENTATION_CONTEXT(2) 
PARAMETRIC_REPRESENTATION_CONTEXT() REPRESENTATION_CONTEXT('2D SPACE',''
  ) );
#3589 = ORIENTED_EDGE('',*,*,#3590,.F.);
#3590 = EDGE_CURVE('',#3591,#3569,#3593,.T.);
#3591 = VERTEX_POINT('',#3592);
#3592 = CARTESIAN_POINT('',(20.031426461333,-57.246527852,
    -5.832380380939E-16));
#3593 = SURFACE_CURVE('',#3594,(#3599,#3611),.PCURVE_S1.);
#3594 = ELLIPSE('',#3595,4.770004098813,4.7625);
#3595 = AXIS2_PLACEMENT_3D('',#3596,#3597,#3598);
#3596 = CARTESIAN_POINT('',(18.455993982055,-52.74420049763,0.));
#3597 = DIRECTION('',(-0.943883330308,-0.330279061955,0.));
#3598 = DIRECTION('',(0.330279061955,-0.943883330308,0.));
#3599 = PCURVE('',#3476,#3600);
#3600 = DEFINITIONAL_REPRESENTATION('',(#3601),#3610);
#3601 = B_SPLINE_CURVE_WITH_KNOTS('',7,(#3602,#3603,#3604,#3605,#3606,
    #3607,#3608,#3609),.UNSPECIFIED.,.F.,.F.,(8,8),(0.,1.570796326795),
  .PIECEWISE_BEZIER_KNOTS.);
#3602 = CARTESIAN_POINT('',(4.712388980385,6.533889446372));
#3603 = CARTESIAN_POINT('',(4.936788455641,6.533889446372));
#3604 = CARTESIAN_POINT('',(5.161187930898,6.51817674593));
#3605 = CARTESIAN_POINT('',(5.385587406154,6.486753624436));
#3606 = CARTESIAN_POINT('',(5.60998688141,6.441549322552));
#3607 = CARTESIAN_POINT('',(5.834386356667,6.386467029732));
#3608 = CARTESIAN_POINT('',(6.058785831923,6.326450228332));
#3609 = CARTESIAN_POINT('',(6.28318530718,6.266433183228));
#3610 = ( GEOMETRIC_REPRESENTATION_CONTEXT(2) 
PARAMETRIC_REPRESENTATION_CONTEXT() REPRESENTATION_CONTEXT('2D SPACE',''
  ) );
#3611 = PCURVE('',#3612,#3617);
#3612 = CYLINDRICAL_SURFACE('',#3613,4.7625);
#3613 = AXIS2_PLACEMENT_3D('',#3614,#3615,#3616);
#3614 = CARTESIAN_POINT('',(18.455993982055,-52.74420049763,0.));
#3615 = DIRECTION('',(-0.960917321945,-0.276835511425,0.));
#3616 = DIRECTION('',(3.073491588177E-17,-1.066832535585E-16,1.));
#3617 = DEFINITIONAL_REPRESENTATION('',(#3618),#3627);
#3618 = B_SPLINE_CURVE_WITH_KNOTS('',7,(#3619,#3620,#3621,#3622,#3623,
    #3624,#3625,#3626),.UNSPECIFIED.,.F.,.F.,(8,8),(0.,1.570796326795),
  .PIECEWISE_BEZIER_KNOTS.);
#3619 = CARTESIAN_POINT('',(4.712388980385,-0.267456263144));
#3620 = CARTESIAN_POINT('',(4.936788455641,-0.267456263144));
#3621 = CARTESIAN_POINT('',(5.161187930898,-0.251743562703));
#3622 = CARTESIAN_POINT('',(5.385587406154,-0.220320441205));
#3623 = CARTESIAN_POINT('',(5.609986881411,-0.175116139327));
#3624 = CARTESIAN_POINT('',(5.834386356667,-0.120033846503));
#3625 = CARTESIAN_POINT('',(6.058785831923,-6.001704510356E-02));
#3626 = CARTESIAN_POINT('',(6.28318530718,-7.016609515631E-14));
#3627 = ( GEOMETRIC_REPRESENTATION_CONTEXT(2) 
PARAMETRIC_REPRESENTATION_CONTEXT() REPRESENTATION_CONTEXT('2D SPACE',''
  ) );
#3628 = ORIENTED_EDGE('',*,*,#3629,.F.);
#3629 = EDGE_CURVE('',#3630,#3591,#3632,.T.);
#3630 = VERTEX_POINT('',#3631);
#3631 = CARTESIAN_POINT('',(18.455993982055,-52.74420049763,-4.7625));
#3632 = SURFACE_CURVE('',#3633,(#3638,#3650),.PCURVE_S1.);
#3633 = ELLIPSE('',#3634,4.770004098813,4.7625);
#3634 = AXIS2_PLACEMENT_3D('',#3635,#3636,#3637);
#3635 = CARTESIAN_POINT('',(18.455993982055,-52.74420049763,0.));
#3636 = DIRECTION('',(-0.943883330308,-0.330279061955,0.));
#3637 = DIRECTION('',(0.330279061955,-0.943883330308,0.));
#3638 = PCURVE('',#3476,#3639);
#3639 = DEFINITIONAL_REPRESENTATION('',(#3640),#3649);
#3640 = B_SPLINE_CURVE_WITH_KNOTS('',7,(#3641,#3642,#3643,#3644,#3645,
    #3646,#3647,#3648),.UNSPECIFIED.,.F.,.F.,(8,8),(4.712388980385,
    6.28318530718),.PIECEWISE_BEZIER_KNOTS.);
#3641 = CARTESIAN_POINT('',(3.14159265359,6.266433183228));
#3642 = CARTESIAN_POINT('',(3.365992128846,6.326450228332));
#3643 = CARTESIAN_POINT('',(3.590391604102,6.386467029731));
#3644 = CARTESIAN_POINT('',(3.81479107936,6.441549322557));
#3645 = CARTESIAN_POINT('',(4.039190554615,6.486753624433));
#3646 = CARTESIAN_POINT('',(4.263590029872,6.518176745932));
#3647 = CARTESIAN_POINT('',(4.487989505128,6.533889446372));
#3648 = CARTESIAN_POINT('',(4.712388980385,6.533889446372));
#3649 = ( GEOMETRIC_REPRESENTATION_CONTEXT(2) 
PARAMETRIC_REPRESENTATION_CONTEXT() REPRESENTATION_CONTEXT('2D SPACE',''
  ) );
#3650 = PCURVE('',#3612,#3651);
#3651 = DEFINITIONAL_REPRESENTATION('',(#3652),#3661);
#3652 = B_SPLINE_CURVE_WITH_KNOTS('',7,(#3653,#3654,#3655,#3656,#3657,
    #3658,#3659,#3660),.UNSPECIFIED.,.F.,.F.,(8,8),(4.712388980385,
    6.28318530718),.PIECEWISE_BEZIER_KNOTS.);
#3653 = CARTESIAN_POINT('',(3.14159265359,-7.016609515631E-14));
#3654 = CARTESIAN_POINT('',(3.365992128846,-6.001704510356E-02));
#3655 = CARTESIAN_POINT('',(3.590391604103,-0.120033846503));
#3656 = CARTESIAN_POINT('',(3.814791079359,-0.175116139327));
#3657 = CARTESIAN_POINT('',(4.039190554617,-0.220320441205));
#3658 = CARTESIAN_POINT('',(4.263590029871,-0.251743562703));
#3659 = CARTESIAN_POINT('',(4.487989505128,-0.267456263144));
#3660 = CARTESIAN_POINT('',(4.712388980385,-0.267456263144));
#3661 = ( GEOMETRIC_REPRESENTATION_CONTEXT(2) 
PARAMETRIC_REPRESENTATION_CONTEXT() REPRESENTATION_CONTEXT('2D SPACE',''
  ) );
#3662 = ORIENTED_EDGE('',*,*,#3663,.F.);
#3663 = EDGE_CURVE('',#3569,#3630,#3664,.T.);
#3664 = SURFACE_CURVE('',#3665,(#3670,#3683),.PCURVE_S1.);
#3665 = ELLIPSE('',#3666,4.770004098813,4.7625);
#3666 = AXIS2_PLACEMENT_3D('',#3667,#3668,#3669);
#3667 = CARTESIAN_POINT('',(18.455993982055,-52.74420049763,0.));
#3668 = DIRECTION('',(-0.943883330308,-0.330279061955,0.));
#3669 = DIRECTION('',(0.330279061955,-0.943883330308,0.));
#3670 = PCURVE('',#3476,#3671);
#3671 = DEFINITIONAL_REPRESENTATION('',(#3672),#3682);
#3672 = B_SPLINE_CURVE_WITH_KNOTS('',8,(#3673,#3674,#3675,#3676,#3677,
    #3678,#3679,#3680,#3681),.UNSPECIFIED.,.F.,.F.,(9,9),(1.570796326795
    ,4.712388980385),.PIECEWISE_BEZIER_KNOTS.);
#3673 = CARTESIAN_POINT('',(0.,6.266433183228));
#3674 = CARTESIAN_POINT('',(0.392699081699,6.161403354297));
#3675 = CARTESIAN_POINT('',(0.785398163397,6.056372687908));
#3676 = CARTESIAN_POINT('',(1.178097245094,5.976032027282));
#3677 = CARTESIAN_POINT('',(1.570796326792,5.945004634974));
#3678 = CARTESIAN_POINT('',(1.963495408494,5.976032027281));
#3679 = CARTESIAN_POINT('',(2.356194490192,6.056372687909));
#3680 = CARTESIAN_POINT('',(2.748893571891,6.161403354297));
#3681 = CARTESIAN_POINT('',(3.14159265359,6.266433183228));
#3682 = ( GEOMETRIC_REPRESENTATION_CONTEXT(2) 
PARAMETRIC_REPRESENTATION_CONTEXT() REPRESENTATION_CONTEXT('2D SPACE',''
  ) );
#3683 = PCURVE('',#3612,#3684);
#3684 = DEFINITIONAL_REPRESENTATION('',(#3685),#3695);
#3685 = B_SPLINE_CURVE_WITH_KNOTS('',8,(#3686,#3687,#3688,#3689,#3690,
    #3691,#3692,#3693,#3694),.UNSPECIFIED.,.F.,.F.,(9,9),(1.570796326795
    ,4.712388980385),.PIECEWISE_BEZIER_KNOTS.);
#3686 = CARTESIAN_POINT('',(-1.7763568394E-15,-7.016609515631E-14));
#3687 = CARTESIAN_POINT('',(0.392699081699,0.105029828931));
#3688 = CARTESIAN_POINT('',(0.785398163397,0.210060495319));
#3689 = CARTESIAN_POINT('',(1.178097245091,0.290401155933));
#3690 = CARTESIAN_POINT('',(1.570796326796,0.321428548244));
#3691 = CARTESIAN_POINT('',(1.96349540849,0.290401155933));
#3692 = CARTESIAN_POINT('',(2.356194490192,0.210060495319));
#3693 = CARTESIAN_POINT('',(2.748893571891,0.105029828931));
#3694 = CARTESIAN_POINT('',(3.14159265359,-7.016609515631E-14));
#3695 = ( GEOMETRIC_REPRESENTATION_CONTEXT(2) 
PARAMETRIC_REPRESENTATION_CONTEXT() REPRESENTATION_CONTEXT('2D SPACE',''
  ) );
#3696 = ORIENTED_EDGE('',*,*,#3568,.F.);
#3697 = ORIENTED_EDGE('',*,*,#3527,.T.);
#3698 = ORIENTED_EDGE('',*,*,#3493,.T.);
#3699 = ORIENTED_EDGE('',*,*,#3454,.T.);
#3700 = ADVANCED_FACE('',(#3701),#3612,.T.);
#3701 = FACE_BOUND('',#3702,.T.);
#3702 = EDGE_LOOP('',(#3703,#3725,#3764,#3798,#3832,#3833,#3834,#3835));
#3703 = ORIENTED_EDGE('',*,*,#3704,.T.);
#3704 = EDGE_CURVE('',#3569,#3705,#3707,.T.);
#3705 = VERTEX_POINT('',#3706);
#3706 = CARTESIAN_POINT('',(12.434469789479,-54.47897173272,4.7625));
#3707 = SEAM_CURVE('',#3708,(#3712,#3718),.PCURVE_S1.);
#3708 = LINE('',#3709,#3710);
#3709 = CARTESIAN_POINT('',(18.455993982055,-52.74420049763,4.7625));
#3710 = VECTOR('',#3711,1.);
#3711 = DIRECTION('',(-0.960917321945,-0.276835511425,0.));
#3712 = PCURVE('',#3612,#3713);
#3713 = DEFINITIONAL_REPRESENTATION('',(#3714),#3717);
#3714 = B_SPLINE_CURVE_WITH_KNOTS('',1,(#3715,#3716),.UNSPECIFIED.,.F.,
  .F.,(2,2),(-1.480537077276,7.746970260505),.PIECEWISE_BEZIER_KNOTS.);
#3715 = CARTESIAN_POINT('',(6.28318530718,-1.480537077276));
#3716 = CARTESIAN_POINT('',(6.28318530718,7.746970260505));
#3717 = ( GEOMETRIC_REPRESENTATION_CONTEXT(2) 
PARAMETRIC_REPRESENTATION_CONTEXT() REPRESENTATION_CONTEXT('2D SPACE',''
  ) );
#3718 = PCURVE('',#3612,#3719);
#3719 = DEFINITIONAL_REPRESENTATION('',(#3720),#3724);
#3720 = LINE('',#3721,#3722);
#3721 = CARTESIAN_POINT('',(0.,0.));
#3722 = VECTOR('',#3723,1.);
#3723 = DIRECTION('',(0.,1.));
#3724 = ( GEOMETRIC_REPRESENTATION_CONTEXT(2) 
PARAMETRIC_REPRESENTATION_CONTEXT() REPRESENTATION_CONTEXT('2D SPACE',''
  ) );
#3725 = ORIENTED_EDGE('',*,*,#3726,.F.);
#3726 = EDGE_CURVE('',#3727,#3705,#3729,.T.);
#3727 = VERTEX_POINT('',#3728);
#3728 = CARTESIAN_POINT('',(13.495895556522,-59.12938186987,
    -5.832380380939E-16));
#3729 = SURFACE_CURVE('',#3730,(#3735,#3747),.PCURVE_S1.);
#3730 = ELLIPSE('',#3731,4.770004098813,4.7625);
#3731 = AXIS2_PLACEMENT_3D('',#3732,#3733,#3734);
#3732 = CARTESIAN_POINT('',(12.434469789479,-54.47897173272,0.));
#3733 = DIRECTION('',(-0.974927912182,-0.222520933956,0.));
#3734 = DIRECTION('',(0.222520933956,-0.974927912182,0.));
#3735 = PCURVE('',#3612,#3736);
#3736 = DEFINITIONAL_REPRESENTATION('',(#3737),#3746);
#3737 = B_SPLINE_CURVE_WITH_KNOTS('',7,(#3738,#3739,#3740,#3741,#3742,
    #3743,#3744,#3745),.UNSPECIFIED.,.F.,.F.,(8,8),(0.,1.570796326795),
  .PIECEWISE_BEZIER_KNOTS.);
#3738 = CARTESIAN_POINT('',(4.712388980385,6.533889446372));
#3739 = CARTESIAN_POINT('',(4.936788455641,6.533889446372));
#3740 = CARTESIAN_POINT('',(5.161187930897,6.518176745932));
#3741 = CARTESIAN_POINT('',(5.385587406154,6.486753624434));
#3742 = CARTESIAN_POINT('',(5.60998688141,6.441549322556));
#3743 = CARTESIAN_POINT('',(5.834386356667,6.386467029731));
#3744 = CARTESIAN_POINT('',(6.058785831923,6.326450228332));
#3745 = CARTESIAN_POINT('',(6.28318530718,6.266433183229));
#3746 = ( GEOMETRIC_REPRESENTATION_CONTEXT(2) 
PARAMETRIC_REPRESENTATION_CONTEXT() REPRESENTATION_CONTEXT('2D SPACE',''
  ) );
#3747 = PCURVE('',#3748,#3753);
#3748 = CYLINDRICAL_SURFACE('',#3749,4.7625);
#3749 = AXIS2_PLACEMENT_3D('',#3750,#3751,#3752);
#3750 = CARTESIAN_POINT('',(12.434469789479,-54.47897173272,0.));
#3751 = DIRECTION('',(-0.985871018518,-0.167506223305,0.));
#3752 = DIRECTION('',(1.859692658809E-17,-1.09453670407E-16,1.));
#3753 = DEFINITIONAL_REPRESENTATION('',(#3754),#3763);
#3754 = B_SPLINE_CURVE_WITH_KNOTS('',7,(#3755,#3756,#3757,#3758,#3759,
    #3760,#3761,#3762),.UNSPECIFIED.,.F.,.F.,(8,8),(0.,1.570796326795),
  .PIECEWISE_BEZIER_KNOTS.);
#3755 = CARTESIAN_POINT('',(4.712388980385,-0.267456263144));
#3756 = CARTESIAN_POINT('',(4.936788455641,-0.267456263144));
#3757 = CARTESIAN_POINT('',(5.161187930897,-0.251743562703));
#3758 = CARTESIAN_POINT('',(5.385587406154,-0.220320441205));
#3759 = CARTESIAN_POINT('',(5.60998688141,-0.175116139327));
#3760 = CARTESIAN_POINT('',(5.834386356667,-0.120033846502));
#3761 = CARTESIAN_POINT('',(6.058785831923,-6.001704510344E-02));
#3762 = CARTESIAN_POINT('',(6.28318530718,5.107025913276E-14));
#3763 = ( GEOMETRIC_REPRESENTATION_CONTEXT(2) 
PARAMETRIC_REPRESENTATION_CONTEXT() REPRESENTATION_CONTEXT('2D SPACE',''
  ) );
#3764 = ORIENTED_EDGE('',*,*,#3765,.F.);
#3765 = EDGE_CURVE('',#3766,#3727,#3768,.T.);
#3766 = VERTEX_POINT('',#3767);
#3767 = CARTESIAN_POINT('',(12.434469789479,-54.47897173272,-4.7625));
#3768 = SURFACE_CURVE('',#3769,(#3774,#3786),.PCURVE_S1.);
#3769 = ELLIPSE('',#3770,4.770004098813,4.7625);
#3770 = AXIS2_PLACEMENT_3D('',#3771,#3772,#3773);
#3771 = CARTESIAN_POINT('',(12.434469789479,-54.47897173272,0.));
#3772 = DIRECTION('',(-0.974927912182,-0.222520933956,0.));
#3773 = DIRECTION('',(0.222520933956,-0.974927912182,0.));
#3774 = PCURVE('',#3612,#3775);
#3775 = DEFINITIONAL_REPRESENTATION('',(#3776),#3785);
#3776 = B_SPLINE_CURVE_WITH_KNOTS('',7,(#3777,#3778,#3779,#3780,#3781,
    #3782,#3783,#3784),.UNSPECIFIED.,.F.,.F.,(8,8),(4.712388980385,
    6.28318530718),.PIECEWISE_BEZIER_KNOTS.);
#3777 = CARTESIAN_POINT('',(3.14159265359,6.266433183229));
#3778 = CARTESIAN_POINT('',(3.365992128846,6.326450228332));
#3779 = CARTESIAN_POINT('',(3.590391604103,6.386467029731));
#3780 = CARTESIAN_POINT('',(3.814791079359,6.441549322555));
#3781 = CARTESIAN_POINT('',(4.039190554616,6.486753624434));
#3782 = CARTESIAN_POINT('',(4.263590029872,6.518176745932));
#3783 = CARTESIAN_POINT('',(4.487989505128,6.533889446372));
#3784 = CARTESIAN_POINT('',(4.712388980385,6.533889446372));
#3785 = ( GEOMETRIC_REPRESENTATION_CONTEXT(2) 
PARAMETRIC_REPRESENTATION_CONTEXT() REPRESENTATION_CONTEXT('2D SPACE',''
  ) );
#3786 = PCURVE('',#3748,#3787);
#3787 = DEFINITIONAL_REPRESENTATION('',(#3788),#3797);
#3788 = B_SPLINE_CURVE_WITH_KNOTS('',7,(#3789,#3790,#3791,#3792,#3793,
    #3794,#3795,#3796),.UNSPECIFIED.,.F.,.F.,(8,8),(4.712388980385,
    6.28318530718),.PIECEWISE_BEZIER_KNOTS.);
#3789 = CARTESIAN_POINT('',(3.14159265359,5.107025913276E-14));
#3790 = CARTESIAN_POINT('',(3.365992128846,-6.001704510344E-02));
#3791 = CARTESIAN_POINT('',(3.590391604102,-0.120033846502));
#3792 = CARTESIAN_POINT('',(3.814791079361,-0.175116139327));
#3793 = CARTESIAN_POINT('',(4.039190554614,-0.220320441205));
#3794 = CARTESIAN_POINT('',(4.263590029872,-0.251743562703));
#3795 = CARTESIAN_POINT('',(4.487989505128,-0.267456263144));
#3796 = CARTESIAN_POINT('',(4.712388980385,-0.267456263144));
#3797 = ( GEOMETRIC_REPRESENTATION_CONTEXT(2) 
PARAMETRIC_REPRESENTATION_CONTEXT() REPRESENTATION_CONTEXT('2D SPACE',''
  ) );
#3798 = ORIENTED_EDGE('',*,*,#3799,.F.);
#3799 = EDGE_CURVE('',#3705,#3766,#3800,.T.);
#3800 = SURFACE_CURVE('',#3801,(#3806,#3819),.PCURVE_S1.);
#3801 = ELLIPSE('',#3802,4.770004098813,4.7625);
#3802 = AXIS2_PLACEMENT_3D('',#3803,#3804,#3805);
#3803 = CARTESIAN_POINT('',(12.434469789479,-54.47897173272,0.));
#3804 = DIRECTION('',(-0.974927912182,-0.222520933956,0.));
#3805 = DIRECTION('',(0.222520933956,-0.974927912182,0.));
#3806 = PCURVE('',#3612,#3807);
#3807 = DEFINITIONAL_REPRESENTATION('',(#3808),#3818);
#3808 = B_SPLINE_CURVE_WITH_KNOTS('',8,(#3809,#3810,#3811,#3812,#3813,
    #3814,#3815,#3816,#3817),.UNSPECIFIED.,.F.,.F.,(9,9),(1.570796326795
    ,4.712388980385),.PIECEWISE_BEZIER_KNOTS.);
#3809 = CARTESIAN_POINT('',(0.,6.266433183229));
#3810 = CARTESIAN_POINT('',(0.392699081699,6.161403354298));
#3811 = CARTESIAN_POINT('',(0.785398163398,6.056372687909));
#3812 = CARTESIAN_POINT('',(1.178097245091,5.976032027277));
#3813 = CARTESIAN_POINT('',(1.570796326796,5.945004634993));
#3814 = CARTESIAN_POINT('',(1.963495408492,5.976032027278));
#3815 = CARTESIAN_POINT('',(2.356194490193,6.056372687912));
#3816 = CARTESIAN_POINT('',(2.748893571891,6.161403354298));
#3817 = CARTESIAN_POINT('',(3.14159265359,6.266433183229));
#3818 = ( GEOMETRIC_REPRESENTATION_CONTEXT(2) 
PARAMETRIC_REPRESENTATION_CONTEXT() REPRESENTATION_CONTEXT('2D SPACE',''
  ) );
#3819 = PCURVE('',#3748,#3820);
#3820 = DEFINITIONAL_REPRESENTATION('',(#3821),#3831);
#3821 = B_SPLINE_CURVE_WITH_KNOTS('',8,(#3822,#3823,#3824,#3825,#3826,
    #3827,#3828,#3829,#3830),.UNSPECIFIED.,.F.,.F.,(9,9),(1.570796326795
    ,4.712388980385),.PIECEWISE_BEZIER_KNOTS.);
#3822 = CARTESIAN_POINT('',(0.,5.107025913276E-14));
#3823 = CARTESIAN_POINT('',(0.392699081699,0.105029828931));
#3824 = CARTESIAN_POINT('',(0.785398163399,0.210060495319));
#3825 = CARTESIAN_POINT('',(1.178097245089,0.290401155931));
#3826 = CARTESIAN_POINT('',(1.570796326796,0.321428548246));
#3827 = CARTESIAN_POINT('',(1.963495408488,0.290401155931));
#3828 = CARTESIAN_POINT('',(2.356194490193,0.210060495319));
#3829 = CARTESIAN_POINT('',(2.748893571891,0.105029828931));
#3830 = CARTESIAN_POINT('',(3.14159265359,5.107025913276E-14));
#3831 = ( GEOMETRIC_REPRESENTATION_CONTEXT(2) 
PARAMETRIC_REPRESENTATION_CONTEXT() REPRESENTATION_CONTEXT('2D SPACE',''
  ) );
#3832 = ORIENTED_EDGE('',*,*,#3704,.F.);
#3833 = ORIENTED_EDGE('',*,*,#3663,.T.);
#3834 = ORIENTED_EDGE('',*,*,#3629,.T.);
#3835 = ORIENTED_EDGE('',*,*,#3590,.T.);
#3836 = ADVANCED_FACE('',(#3837),#3748,.T.);
#3837 = FACE_BOUND('',#3838,.T.);
#3838 = EDGE_LOOP('',(#3839,#3861,#3895,#3929,#3963,#3964,#3965,#3966));
#3839 = ORIENTED_EDGE('',*,*,#3840,.T.);
#3840 = EDGE_CURVE('',#3705,#3841,#3843,.T.);
#3841 = VERTEX_POINT('',#3842);
#3842 = CARTESIAN_POINT('',(6.256574924653,-55.52863828883,4.7625));
#3843 = SEAM_CURVE('',#3844,(#3848,#3854),.PCURVE_S1.);
#3844 = LINE('',#3845,#3846);
#3845 = CARTESIAN_POINT('',(12.434469789479,-54.47897173272,4.7625));
#3846 = VECTOR('',#3847,1.);
#3847 = DIRECTION('',(-0.985871018518,-0.167506223305,0.));
#3848 = PCURVE('',#3748,#3849);
#3849 = DEFINITIONAL_REPRESENTATION('',(#3850),#3853);
#3850 = B_SPLINE_CURVE_WITH_KNOTS('',1,(#3851,#3852),.UNSPECIFIED.,.F.,
  .F.,(2,2),(-1.480537077276,7.746970260505),.PIECEWISE_BEZIER_KNOTS.);
#3851 = CARTESIAN_POINT('',(6.28318530718,-1.480537077276));
#3852 = CARTESIAN_POINT('',(6.28318530718,7.746970260505));
#3853 = ( GEOMETRIC_REPRESENTATION_CONTEXT(2) 
PARAMETRIC_REPRESENTATION_CONTEXT() REPRESENTATION_CONTEXT('2D SPACE',''
  ) );
#3854 = PCURVE('',#3748,#3855);
#3855 = DEFINITIONAL_REPRESENTATION('',(#3856),#3860);
#3856 = LINE('',#3857,#3858);
#3857 = CARTESIAN_POINT('',(0.,0.));
#3858 = VECTOR('',#3859,1.);
#3859 = DIRECTION('',(0.,1.));
#3860 = ( GEOMETRIC_REPRESENTATION_CONTEXT(2) 
PARAMETRIC_REPRESENTATION_CONTEXT() REPRESENTATION_CONTEXT('2D SPACE',''
  ) );
#3861 = ORIENTED_EDGE('',*,*,#3862,.F.);
#3862 = EDGE_CURVE('',#3863,#3841,#3865,.T.);
#3863 = VERTEX_POINT('',#3864);
#3864 = CARTESIAN_POINT('',(6.790645934587,-60.26864960306,
    -5.832380380939E-16));
#3865 = SURFACE_CURVE('',#3866,(#3871,#3883),.PCURVE_S1.);
#3866 = ELLIPSE('',#3867,4.770004098813,4.7625);
#3867 = AXIS2_PLACEMENT_3D('',#3868,#3869,#3870);
#3868 = CARTESIAN_POINT('',(6.256574924653,-55.52863828883,0.));
#3869 = DIRECTION('',(-0.993712209893,-0.111964476103,0.));
#3870 = DIRECTION('',(0.111964476103,-0.993712209893,0.));
#3871 = PCURVE('',#3748,#3872);
#3872 = DEFINITIONAL_REPRESENTATION('',(#3873),#3882);
#3873 = B_SPLINE_CURVE_WITH_KNOTS('',7,(#3874,#3875,#3876,#3877,#3878,
    #3879,#3880,#3881),.UNSPECIFIED.,.F.,.F.,(8,8),(0.,1.570796326795),
  .PIECEWISE_BEZIER_KNOTS.);
#3874 = CARTESIAN_POINT('',(4.712388980385,6.533889446372));
#3875 = CARTESIAN_POINT('',(4.936788455641,6.533889446372));
#3876 = CARTESIAN_POINT('',(5.161187930897,6.518176745932));
#3877 = CARTESIAN_POINT('',(5.385587406154,6.486753624433));
#3878 = CARTESIAN_POINT('',(5.60998688141,6.441549322556));
#3879 = CARTESIAN_POINT('',(5.834386356667,6.386467029731));
#3880 = CARTESIAN_POINT('',(6.058785831923,6.326450228332));
#3881 = CARTESIAN_POINT('',(6.28318530718,6.266433183229));
#3882 = ( GEOMETRIC_REPRESENTATION_CONTEXT(2) 
PARAMETRIC_REPRESENTATION_CONTEXT() REPRESENTATION_CONTEXT('2D SPACE',''
  ) );
#3883 = PCURVE('',#206,#3884);
#3884 = DEFINITIONAL_REPRESENTATION('',(#3885),#3894);
#3885 = B_SPLINE_CURVE_WITH_KNOTS('',7,(#3886,#3887,#3888,#3889,#3890,
    #3891,#3892,#3893),.UNSPECIFIED.,.F.,.F.,(8,8),(0.,1.570796326795),
  .PIECEWISE_BEZIER_KNOTS.);
#3886 = CARTESIAN_POINT('',(4.712388980385,-0.267456263144));
#3887 = CARTESIAN_POINT('',(4.936788455641,-0.267456263144));
#3888 = CARTESIAN_POINT('',(5.161187930897,-0.251743562703));
#3889 = CARTESIAN_POINT('',(5.385587406154,-0.220320441205));
#3890 = CARTESIAN_POINT('',(5.60998688141,-0.175116139327));
#3891 = CARTESIAN_POINT('',(5.834386356667,-0.120033846502));
#3892 = CARTESIAN_POINT('',(6.058785831923,-6.001704510339E-02));
#3893 = CARTESIAN_POINT('',(6.28318530718,9.681144774731E-14));
#3894 = ( GEOMETRIC_REPRESENTATION_CONTEXT(2) 
PARAMETRIC_REPRESENTATION_CONTEXT() REPRESENTATION_CONTEXT('2D SPACE',''
  ) );
#3895 = ORIENTED_EDGE('',*,*,#3896,.F.);
#3896 = EDGE_CURVE('',#3897,#3863,#3899,.T.);
#3897 = VERTEX_POINT('',#3898);
#3898 = CARTESIAN_POINT('',(6.256574924653,-55.52863828883,-4.7625));
#3899 = SURFACE_CURVE('',#3900,(#3905,#3917),.PCURVE_S1.);
#3900 = ELLIPSE('',#3901,4.770004098813,4.7625);
#3901 = AXIS2_PLACEMENT_3D('',#3902,#3903,#3904);
#3902 = CARTESIAN_POINT('',(6.256574924653,-55.52863828883,0.));
#3903 = DIRECTION('',(-0.993712209893,-0.111964476103,0.));
#3904 = DIRECTION('',(0.111964476103,-0.993712209893,0.));
#3905 = PCURVE('',#3748,#3906);
#3906 = DEFINITIONAL_REPRESENTATION('',(#3907),#3916);
#3907 = B_SPLINE_CURVE_WITH_KNOTS('',7,(#3908,#3909,#3910,#3911,#3912,
    #3913,#3914,#3915),.UNSPECIFIED.,.F.,.F.,(8,8),(4.712388980385,
    6.28318530718),.PIECEWISE_BEZIER_KNOTS.);
#3908 = CARTESIAN_POINT('',(3.14159265359,6.266433183229));
#3909 = CARTESIAN_POINT('',(3.365992128846,6.326450228332));
#3910 = CARTESIAN_POINT('',(3.590391604103,6.38646702973));
#3911 = CARTESIAN_POINT('',(3.81479107936,6.441549322558));
#3912 = CARTESIAN_POINT('',(4.039190554616,6.486753624433));
#3913 = CARTESIAN_POINT('',(4.263590029872,6.518176745932));
#3914 = CARTESIAN_POINT('',(4.487989505128,6.533889446372));
#3915 = CARTESIAN_POINT('',(4.712388980385,6.533889446372));
#3916 = ( GEOMETRIC_REPRESENTATION_CONTEXT(2) 
PARAMETRIC_REPRESENTATION_CONTEXT() REPRESENTATION_CONTEXT('2D SPACE',''
  ) );
#3917 = PCURVE('',#206,#3918);
#3918 = DEFINITIONAL_REPRESENTATION('',(#3919),#3928);
#3919 = B_SPLINE_CURVE_WITH_KNOTS('',7,(#3920,#3921,#3922,#3923,#3924,
    #3925,#3926,#3927),.UNSPECIFIED.,.F.,.F.,(8,8),(4.712388980385,
    6.28318530718),.PIECEWISE_BEZIER_KNOTS.);
#3920 = CARTESIAN_POINT('',(3.14159265359,9.681144774731E-14));
#3921 = CARTESIAN_POINT('',(3.365992128846,-6.001704510339E-02));
#3922 = CARTESIAN_POINT('',(3.590391604103,-0.120033846502));
#3923 = CARTESIAN_POINT('',(3.81479107936,-0.175116139327));
#3924 = CARTESIAN_POINT('',(4.039190554616,-0.220320441205));
#3925 = CARTESIAN_POINT('',(4.263590029872,-0.251743562703));
#3926 = CARTESIAN_POINT('',(4.487989505128,-0.267456263144));
#3927 = CARTESIAN_POINT('',(4.712388980385,-0.267456263144));
#3928 = ( GEOMETRIC_REPRESENTATION_CONTEXT(2) 
PARAMETRIC_REPRESENTATION_CONTEXT() REPRESENTATION_CONTEXT('2D SPACE',''
  ) );
#3929 = ORIENTED_EDGE('',*,*,#3930,.F.);
#3930 = EDGE_CURVE('',#3841,#3897,#3931,.T.);
#3931 = SURFACE_CURVE('',#3932,(#3937,#3950),.PCURVE_S1.);
#3932 = ELLIPSE('',#3933,4.770004098813,4.7625);
#3933 = AXIS2_PLACEMENT_3D('',#3934,#3935,#3936);
#3934 = CARTESIAN_POINT('',(6.256574924653,-55.52863828883,0.));
#3935 = DIRECTION('',(-0.993712209893,-0.111964476103,0.));
#3936 = DIRECTION('',(0.111964476103,-0.993712209893,0.));
#3937 = PCURVE('',#3748,#3938);
#3938 = DEFINITIONAL_REPRESENTATION('',(#3939),#3949);
#3939 = B_SPLINE_CURVE_WITH_KNOTS('',8,(#3940,#3941,#3942,#3943,#3944,
    #3945,#3946,#3947,#3948),.UNSPECIFIED.,.F.,.F.,(9,9),(1.570796326795
    ,4.712388980385),.PIECEWISE_BEZIER_KNOTS.);
#3940 = CARTESIAN_POINT('',(0.,6.266433183229));
#3941 = CARTESIAN_POINT('',(0.392699081699,6.161403354298));
#3942 = CARTESIAN_POINT('',(0.785398163398,6.056372687906));
#3943 = CARTESIAN_POINT('',(1.178097245091,5.976032027303));
#3944 = CARTESIAN_POINT('',(1.570796326796,5.945004634958));
#3945 = CARTESIAN_POINT('',(1.963495408489,5.976032027298));
#3946 = CARTESIAN_POINT('',(2.356194490193,6.056372687904));
#3947 = CARTESIAN_POINT('',(2.748893571891,6.161403354298));
#3948 = CARTESIAN_POINT('',(3.14159265359,6.266433183229));
#3949 = ( GEOMETRIC_REPRESENTATION_CONTEXT(2) 
PARAMETRIC_REPRESENTATION_CONTEXT() REPRESENTATION_CONTEXT('2D SPACE',''
  ) );
#3950 = PCURVE('',#206,#3951);
#3951 = DEFINITIONAL_REPRESENTATION('',(#3952),#3962);
#3952 = B_SPLINE_CURVE_WITH_KNOTS('',8,(#3953,#3954,#3955,#3956,#3957,
    #3958,#3959,#3960,#3961),.UNSPECIFIED.,.F.,.F.,(9,9),(1.570796326795
    ,4.712388980385),.PIECEWISE_BEZIER_KNOTS.);
#3953 = CARTESIAN_POINT('',(0.,9.681144774731E-14));
#3954 = CARTESIAN_POINT('',(0.392699081699,0.105029828931));
#3955 = CARTESIAN_POINT('',(0.785398163398,0.210060495319));
#3956 = CARTESIAN_POINT('',(1.178097245091,0.290401155931));
#3957 = CARTESIAN_POINT('',(1.570796326796,0.321428548246));
#3958 = CARTESIAN_POINT('',(1.963495408489,0.290401155932));
#3959 = CARTESIAN_POINT('',(2.356194490193,0.210060495319));
#3960 = CARTESIAN_POINT('',(2.748893571891,0.105029828931));
#3961 = CARTESIAN_POINT('',(3.14159265359,9.681144774731E-14));
#3962 = ( GEOMETRIC_REPRESENTATION_CONTEXT(2) 
PARAMETRIC_REPRESENTATION_CONTEXT() REPRESENTATION_CONTEXT('2D SPACE',''
  ) );
#3963 = ORIENTED_EDGE('',*,*,#3840,.F.);
#3964 = ORIENTED_EDGE('',*,*,#3799,.T.);
#3965 = ORIENTED_EDGE('',*,*,#3765,.T.);
#3966 = ORIENTED_EDGE('',*,*,#3726,.T.);
#3967 = ADVANCED_FACE('',(#3968),#206,.T.);
#3968 = FACE_BOUND('',#3969,.T.);
#3969 = EDGE_LOOP('',(#3970,#3990,#3991,#3992,#3993,#3994,#3995,#3996));
#3970 = ORIENTED_EDGE('',*,*,#3971,.T.);
#3971 = EDGE_CURVE('',#3841,#22,#3972,.T.);
#3972 = SEAM_CURVE('',#3973,(#3977,#3983),.PCURVE_S1.);
#3973 = LINE('',#3974,#3975);
#3974 = CARTESIAN_POINT('',(6.256574924653,-55.52863828883,4.7625));
#3975 = VECTOR('',#3976,1.);
#3976 = DIRECTION('',(-0.998426815018,-5.607044723719E-02,0.));
#3977 = PCURVE('',#206,#3978);
#3978 = DEFINITIONAL_REPRESENTATION('',(#3979),#3982);
#3979 = B_SPLINE_CURVE_WITH_KNOTS('',1,(#3980,#3981),.UNSPECIFIED.,.F.,
  .F.,(2,2),(-1.480537077276,33.973568223159),.PIECEWISE_BEZIER_KNOTS.);
#3980 = CARTESIAN_POINT('',(6.28318530718,-1.480537077276));
#3981 = CARTESIAN_POINT('',(6.28318530718,33.973568223159));
#3982 = ( GEOMETRIC_REPRESENTATION_CONTEXT(2) 
PARAMETRIC_REPRESENTATION_CONTEXT() REPRESENTATION_CONTEXT('2D SPACE',''
  ) );
#3983 = PCURVE('',#206,#3984);
#3984 = DEFINITIONAL_REPRESENTATION('',(#3985),#3989);
#3985 = LINE('',#3986,#3987);
#3986 = CARTESIAN_POINT('',(0.,0.));
#3987 = VECTOR('',#3988,1.);
#3988 = DIRECTION('',(0.,1.));
#3989 = ( GEOMETRIC_REPRESENTATION_CONTEXT(2) 
PARAMETRIC_REPRESENTATION_CONTEXT() REPRESENTATION_CONTEXT('2D SPACE',''
  ) );
#3990 = ORIENTED_EDGE('',*,*,#267,.F.);
#3991 = ORIENTED_EDGE('',*,*,#231,.F.);
#3992 = ORIENTED_EDGE('',*,*,#176,.F.);
#3993 = ORIENTED_EDGE('',*,*,#3971,.F.);
#3994 = ORIENTED_EDGE('',*,*,#3930,.T.);
#3995 = ORIENTED_EDGE('',*,*,#3896,.T.);
#3996 = ORIENTED_EDGE('',*,*,#3862,.T.);
#3997 = ( GEOMETRIC_REPRESENTATION_CONTEXT(3) 
GLOBAL_UNCERTAINTY_ASSIGNED_CONTEXT((#4001)) 
GLOBAL_UNIT_ASSIGNED_CONTEXT((#3998,#3999,#4000)) REPRESENTATION_CONTEXT
('Context #1','3D Context with UNIT and UNCERTAINTY') );
#3998 = ( LENGTH_UNIT() NAMED_UNIT(*) SI_UNIT(.MILLI.,.METRE.) );
#3999 = ( NAMED_UNIT(*) PLANE_ANGLE_UNIT() SI_UNIT($,.RADIAN.) );
#4000 = ( NAMED_UNIT(*) SI_UNIT($,.STERADIAN.) SOLID_ANGLE_UNIT() );
#4001 = UNCERTAINTY_MEASURE_WITH_UNIT(LENGTH_MEASURE(1.E-07),#3998,
  'distance_accuracy_value','confusion accuracy');
#4002 = PRODUCT_RELATED_PRODUCT_CATEGORY('part',$,(#7));
ENDSEC;
END-ISO-10303-21;
