ISO-10303-21;
HEADER;
FILE_DESCRIPTION(('Open CASCADE Model'),'2;1');
FILE_NAME('Open CASCADE Shape Model','2026-08-21T10:38:21',('Author'),(
    'Open CASCADE'),'Open CASCADE STEP processor 7.7','Open CASCADE 7.7'
  ,'Unknown');
FILE_SCHEMA(('AUTOMOTIVE_DESIGN { 1 0 10303 214 1 1 1 1 }'));
ENDSEC;
DATA;
#1 = APPLICATION_PROTOCOL_DEFINITION('international standard',
  'automotive_design',2000,#2);
#2 = APPLICATION_CONTEXT(
  'core data for automotive mechanical design processes');
#3 = SHAPE_DEFINITION_REPRESENTATION(#4,#10);
#4 = PRODUCT_DEFINITION_SHAPE('','',#5);
#5 = PRODUCT_DEFINITION('design','',#6,#9);
#6 = PRODUCT_DEFINITION_FORMATION('','',#7);
#7 = PRODUCT('Open CASCADE STEP translator 7.7 5',
  'Open CASCADE STEP translator 7.7 5','',(#8));
#8 = PRODUCT_CONTEXT('',#2,'mechanical');
#9 = PRODUCT_DEFINITION_CONTEXT('part definition',#2,'design');
#10 = ADVANCED_BREP_SHAPE_REPRESENTATION('',(#11,#15),#5051);
#11 = AXIS2_PLACEMENT_3D('',#12,#13,#14);
#12 = CARTESIAN_POINT('',(0.,0.,0.));
#13 = DIRECTION('',(0.,0.,1.));
#14 = DIRECTION('',(1.,0.,-0.));
#15 = MANIFOLD_SOLID_BREP('',#16);
#16 = CLOSED_SHELL('',(#17,#264,#400,#536,#672,#808,#944,#1080,#1216,
    #1352,#1488,#1624,#1760,#1896,#2032,#2168,#2304,#2440,#2585,#2721,
    #2846,#2982,#3118,#3122,#3258,#3394,#3530,#3666,#3802,#3938,#4074,
    #4210,#4346,#4482,#4618,#4754,#4890,#5021));
#17 = ADVANCED_FACE('',(#18),#32,.T.);
#18 = FACE_BOUND('',#19,.T.);
#19 = EDGE_LOOP('',(#20,#49,#88,#124,#156,#157,#196,#232));
#20 = ORIENTED_EDGE('',*,*,#21,.T.);
#21 = EDGE_CURVE('',#22,#24,#26,.T.);
#22 = VERTEX_POINT('',#23);
#23 = CARTESIAN_POINT('',(33.9906919763,208.28,0.));
#24 = VERTEX_POINT('',#25);
#25 = CARTESIAN_POINT('',(33.47429698851,214.18242171932,0.));
#26 = SEAM_CURVE('',#27,(#31,#42),.PCURVE_S1.);
#27 = LINE('',#28,#29);
#28 = CARTESIAN_POINT('',(33.954377249662,208.69507922483,0.));
#29 = VECTOR('',#30,1.);
#30 = DIRECTION('',(-8.715574274766E-02,0.996194698092,0.));
#31 = PCURVE('',#32,#37);
#32 = CYLINDRICAL_SURFACE('',#33,4.7625);
#33 = AXIS2_PLACEMENT_3D('',#34,#35,#36);
#34 = CARTESIAN_POINT('',(29.21,208.28,0.));
#35 = DIRECTION('',(-8.715574274766E-02,0.996194698092,0.));
#36 = DIRECTION('',(0.996194698092,8.715574274766E-02,0.));
#37 = DEFINITIONAL_REPRESENTATION('',(#38),#41);
#38 = B_SPLINE_CURVE_WITH_KNOTS('',1,(#39,#40),.UNSPECIFIED.,.F.,.F.,(2,
    2),(-2.30092028444,7.392558775758),.PIECEWISE_BEZIER_KNOTS.);
#39 = CARTESIAN_POINT('',(6.28318530718,-2.30092028444));
#40 = CARTESIAN_POINT('',(6.28318530718,7.392558775758));
#41 = ( GEOMETRIC_REPRESENTATION_CONTEXT(2) 
PARAMETRIC_REPRESENTATION_CONTEXT() REPRESENTATION_CONTEXT('2D SPACE',''
  ) );
#42 = PCURVE('',#32,#43);
#43 = DEFINITIONAL_REPRESENTATION('',(#44),#48);
#44 = LINE('',#45,#46);
#45 = CARTESIAN_POINT('',(0.,0.));
#46 = VECTOR('',#47,1.);
#47 = DIRECTION('',(0.,1.));
#48 = ( GEOMETRIC_REPRESENTATION_CONTEXT(2) 
PARAMETRIC_REPRESENTATION_CONTEXT() REPRESENTATION_CONTEXT('2D SPACE',''
  ) );
#49 = ORIENTED_EDGE('',*,*,#50,.F.);
#50 = EDGE_CURVE('',#51,#24,#53,.T.);
#51 = VERTEX_POINT('',#52);
#52 = CARTESIAN_POINT('',(28.766234465487,213.35226326965,4.7625));
#53 = SURFACE_CURVE('',#54,(#59,#71),.PCURVE_S1.);
#54 = ELLIPSE('',#55,4.7806919763,4.7625);
#55 = AXIS2_PLACEMENT_3D('',#56,#57,#58);
#56 = CARTESIAN_POINT('',(28.766234465487,213.35226326965,0.));
#57 = DIRECTION('',(-0.173648177667,0.984807753012,0.));
#58 = DIRECTION('',(0.984807753012,0.173648177667,0.));
#59 = PCURVE('',#32,#60);
#60 = DEFINITIONAL_REPRESENTATION('',(#61),#70);
#61 = B_SPLINE_CURVE_WITH_KNOTS('',7,(#62,#63,#64,#65,#66,#67,#68,#69),
  .UNSPECIFIED.,.F.,.F.,(8,8),(4.712388980385,6.28318530718),
  .PIECEWISE_BEZIER_KNOTS.);
#62 = CARTESIAN_POINT('',(4.712388980385,5.091638491318));
#63 = CARTESIAN_POINT('',(4.936788455641,5.185137844829));
#64 = CARTESIAN_POINT('',(5.161187930897,5.278636818678));
#65 = CARTESIAN_POINT('',(5.385587406156,5.364448420368));
#66 = CARTESIAN_POINT('',(5.60998688141,5.43487129764));
#67 = CARTESIAN_POINT('',(5.834386356667,5.483824749784));
#68 = CARTESIAN_POINT('',(6.058785831923,5.50830325136));
#69 = CARTESIAN_POINT('',(6.28318530718,5.50830325136));
#70 = ( GEOMETRIC_REPRESENTATION_CONTEXT(2) 
PARAMETRIC_REPRESENTATION_CONTEXT() REPRESENTATION_CONTEXT('2D SPACE',''
  ) );
#71 = PCURVE('',#72,#77);
#72 = CYLINDRICAL_SURFACE('',#73,4.7625);
#73 = AXIS2_PLACEMENT_3D('',#74,#75,#76);
#74 = CARTESIAN_POINT('',(28.766234465487,213.35226326965,0.));
#75 = DIRECTION('',(-0.258819045103,0.965925826289,0.));
#76 = DIRECTION('',(0.965925826289,0.258819045103,0.));
#77 = DEFINITIONAL_REPRESENTATION('',(#78),#87);
#78 = B_SPLINE_CURVE_WITH_KNOTS('',7,(#79,#80,#81,#82,#83,#84,#85,#86),
  .UNSPECIFIED.,.F.,.F.,(8,8),(4.712388980385,6.28318530718),
  .PIECEWISE_BEZIER_KNOTS.);
#79 = CARTESIAN_POINT('',(4.712388980385,-5.684341886081E-14));
#80 = CARTESIAN_POINT('',(4.936788455641,-9.349935351137E-02));
#81 = CARTESIAN_POINT('',(5.161187930898,-0.18699832736));
#82 = CARTESIAN_POINT('',(5.385587406152,-0.272809929049));
#83 = CARTESIAN_POINT('',(5.609986881412,-0.343232806322));
#84 = CARTESIAN_POINT('',(5.834386356666,-0.392186258466));
#85 = CARTESIAN_POINT('',(6.058785831923,-0.416664760042));
#86 = CARTESIAN_POINT('',(6.28318530718,-0.416664760042));
#87 = ( GEOMETRIC_REPRESENTATION_CONTEXT(2) 
PARAMETRIC_REPRESENTATION_CONTEXT() REPRESENTATION_CONTEXT('2D SPACE',''
  ) );
#88 = ORIENTED_EDGE('',*,*,#89,.F.);
#89 = EDGE_CURVE('',#90,#51,#92,.T.);
#90 = VERTEX_POINT('',#91);
#91 = CARTESIAN_POINT('',(28.766234465487,213.35226326965,-4.7625));
#92 = SURFACE_CURVE('',#93,(#98,#111),.PCURVE_S1.);
#93 = ELLIPSE('',#94,4.7806919763,4.7625);
#94 = AXIS2_PLACEMENT_3D('',#95,#96,#97);
#95 = CARTESIAN_POINT('',(28.766234465487,213.35226326965,0.));
#96 = DIRECTION('',(-0.173648177667,0.984807753012,0.));
#97 = DIRECTION('',(0.984807753012,0.173648177667,0.));
#98 = PCURVE('',#32,#99);
#99 = DEFINITIONAL_REPRESENTATION('',(#100),#110);
#100 = B_SPLINE_CURVE_WITH_KNOTS('',8,(#101,#102,#103,#104,#105,#106,
    #107,#108,#109),.UNSPECIFIED.,.F.,.F.,(9,9),(1.570796326795,
    4.712388980385),.PIECEWISE_BEZIER_KNOTS.);
#101 = CARTESIAN_POINT('',(1.570796326795,5.091638491318));
#102 = CARTESIAN_POINT('',(1.963495408494,4.928014622673));
#103 = CARTESIAN_POINT('',(2.356194490188,4.764389449367));
#104 = CARTESIAN_POINT('',(2.748893571897,4.639228341982));
#105 = CARTESIAN_POINT('',(3.141592653568,4.590891388376));
#106 = CARTESIAN_POINT('',(3.5342917353,4.639228341982));
#107 = CARTESIAN_POINT('',(3.926990816982,4.764389449367));
#108 = CARTESIAN_POINT('',(4.319689898686,4.928014622673));
#109 = CARTESIAN_POINT('',(4.712388980385,5.091638491318));
#110 = ( GEOMETRIC_REPRESENTATION_CONTEXT(2) 
PARAMETRIC_REPRESENTATION_CONTEXT() REPRESENTATION_CONTEXT('2D SPACE',''
  ) );
#111 = PCURVE('',#72,#112);
#112 = DEFINITIONAL_REPRESENTATION('',(#113),#123);
#113 = B_SPLINE_CURVE_WITH_KNOTS('',8,(#114,#115,#116,#117,#118,#119,
    #120,#121,#122),.UNSPECIFIED.,.F.,.F.,(9,9),(1.570796326795,
    4.712388980385),.PIECEWISE_BEZIER_KNOTS.);
#114 = CARTESIAN_POINT('',(1.570796326795,-5.684341886081E-14));
#115 = CARTESIAN_POINT('',(1.963495408494,0.163623868645));
#116 = CARTESIAN_POINT('',(2.356194490187,0.327249041947));
#117 = CARTESIAN_POINT('',(2.748893571902,0.452410149344));
#118 = CARTESIAN_POINT('',(3.141592653559,0.500747102915));
#119 = CARTESIAN_POINT('',(3.534291735301,0.452410149344));
#120 = CARTESIAN_POINT('',(3.926990816982,0.327249041947));
#121 = CARTESIAN_POINT('',(4.319689898686,0.163623868645));
#122 = CARTESIAN_POINT('',(4.712388980385,-5.684341886081E-14));
#123 = ( GEOMETRIC_REPRESENTATION_CONTEXT(2) 
PARAMETRIC_REPRESENTATION_CONTEXT() REPRESENTATION_CONTEXT('2D SPACE',''
  ) );
#124 = ORIENTED_EDGE('',*,*,#125,.F.);
#125 = EDGE_CURVE('',#24,#90,#126,.T.);
#126 = SURFACE_CURVE('',#127,(#132,#144),.PCURVE_S1.);
#127 = ELLIPSE('',#128,4.7806919763,4.7625);
#128 = AXIS2_PLACEMENT_3D('',#129,#130,#131);
#129 = CARTESIAN_POINT('',(28.766234465487,213.35226326965,0.));
#130 = DIRECTION('',(-0.173648177667,0.984807753012,0.));
#131 = DIRECTION('',(0.984807753012,0.173648177667,0.));
#132 = PCURVE('',#32,#133);
#133 = DEFINITIONAL_REPRESENTATION('',(#134),#143);
#134 = B_SPLINE_CURVE_WITH_KNOTS('',7,(#135,#136,#137,#138,#139,#140,
    #141,#142),.UNSPECIFIED.,.F.,.F.,(8,8),(0.,1.570796326795),
  .PIECEWISE_BEZIER_KNOTS.);
#135 = CARTESIAN_POINT('',(0.,5.50830325136));
#136 = CARTESIAN_POINT('',(0.224399475256,5.50830325136));
#137 = CARTESIAN_POINT('',(0.448798950513,5.483824749783));
#138 = CARTESIAN_POINT('',(0.673198425769,5.434871297642));
#139 = CARTESIAN_POINT('',(0.897597901026,5.364448420366));
#140 = CARTESIAN_POINT('',(1.121997376282,5.278636818679));
#141 = CARTESIAN_POINT('',(1.346396851538,5.185137844829));
#142 = CARTESIAN_POINT('',(1.570796326795,5.091638491318));
#143 = ( GEOMETRIC_REPRESENTATION_CONTEXT(2) 
PARAMETRIC_REPRESENTATION_CONTEXT() REPRESENTATION_CONTEXT('2D SPACE',''
  ) );
#144 = PCURVE('',#72,#145);
#145 = DEFINITIONAL_REPRESENTATION('',(#146),#155);
#146 = B_SPLINE_CURVE_WITH_KNOTS('',7,(#147,#148,#149,#150,#151,#152,
    #153,#154),.UNSPECIFIED.,.F.,.F.,(8,8),(0.,1.570796326795),
  .PIECEWISE_BEZIER_KNOTS.);
#147 = CARTESIAN_POINT('',(0.,-0.416664760042));
#148 = CARTESIAN_POINT('',(0.224399475256,-0.416664760042));
#149 = CARTESIAN_POINT('',(0.448798950513,-0.392186258466));
#150 = CARTESIAN_POINT('',(0.673198425769,-0.343232806322));
#151 = CARTESIAN_POINT('',(0.897597901026,-0.272809929049));
#152 = CARTESIAN_POINT('',(1.121997376282,-0.18699832736));
#153 = CARTESIAN_POINT('',(1.346396851538,-9.349935351137E-02));
#154 = CARTESIAN_POINT('',(1.570796326795,-5.684341886081E-14));
#155 = ( GEOMETRIC_REPRESENTATION_CONTEXT(2) 
PARAMETRIC_REPRESENTATION_CONTEXT() REPRESENTATION_CONTEXT('2D SPACE',''
  ) );
#156 = ORIENTED_EDGE('',*,*,#21,.F.);
#157 = ORIENTED_EDGE('',*,*,#158,.T.);
#158 = EDGE_CURVE('',#22,#159,#161,.T.);
#159 = VERTEX_POINT('',#160);
#160 = CARTESIAN_POINT('',(29.21,208.28,-4.7625));
#161 = SURFACE_CURVE('',#162,(#167,#179),.PCURVE_S1.);
#162 = ELLIPSE('',#163,4.7806919763,4.7625);
#163 = AXIS2_PLACEMENT_3D('',#164,#165,#166);
#164 = CARTESIAN_POINT('',(29.21,208.28,0.));
#165 = DIRECTION('',(-0.,1.,0.));
#166 = DIRECTION('',(1.,0.,0.));
#167 = PCURVE('',#32,#168);
#168 = DEFINITIONAL_REPRESENTATION('',(#169),#178);
#169 = B_SPLINE_CURVE_WITH_KNOTS('',7,(#170,#171,#172,#173,#174,#175,
    #176,#177),.UNSPECIFIED.,.F.,.F.,(8,8),(0.,1.570796326795),
  .PIECEWISE_BEZIER_KNOTS.);
#170 = CARTESIAN_POINT('',(0.,-0.416664760042));
#171 = CARTESIAN_POINT('',(0.224399475256,-0.416664760042));
#172 = CARTESIAN_POINT('',(0.448798950513,-0.392186258466));
#173 = CARTESIAN_POINT('',(0.673198425769,-0.343232806322));
#174 = CARTESIAN_POINT('',(0.897597901026,-0.272809929049));
#175 = CARTESIAN_POINT('',(1.121997376282,-0.18699832736));
#176 = CARTESIAN_POINT('',(1.346396851538,-9.349935351125E-02));
#177 = CARTESIAN_POINT('',(1.570796326795,5.684341886081E-14));
#178 = ( GEOMETRIC_REPRESENTATION_CONTEXT(2) 
PARAMETRIC_REPRESENTATION_CONTEXT() REPRESENTATION_CONTEXT('2D SPACE',''
  ) );
#179 = PCURVE('',#180,#185);
#180 = CYLINDRICAL_SURFACE('',#181,4.7625);
#181 = AXIS2_PLACEMENT_3D('',#182,#183,#184);
#182 = CARTESIAN_POINT('',(28.766234465487,203.20773673034,0.));
#183 = DIRECTION('',(8.715574274766E-02,0.996194698092,0.));
#184 = DIRECTION('',(0.996194698092,-8.715574274766E-02,0.));
#185 = DEFINITIONAL_REPRESENTATION('',(#186),#195);
#186 = B_SPLINE_CURVE_WITH_KNOTS('',7,(#187,#188,#189,#190,#191,#192,
    #193,#194),.UNSPECIFIED.,.F.,.F.,(8,8),(0.,1.570796326795),
  .PIECEWISE_BEZIER_KNOTS.);
#187 = CARTESIAN_POINT('',(0.,5.50830325136));
#188 = CARTESIAN_POINT('',(0.224399475256,5.50830325136));
#189 = CARTESIAN_POINT('',(0.448798950513,5.483824749784));
#190 = CARTESIAN_POINT('',(0.673198425769,5.434871297639));
#191 = CARTESIAN_POINT('',(0.897597901026,5.364448420369));
#192 = CARTESIAN_POINT('',(1.121997376282,5.278636818678));
#193 = CARTESIAN_POINT('',(1.346396851538,5.18513784483));
#194 = CARTESIAN_POINT('',(1.570796326795,5.091638491318));
#195 = ( GEOMETRIC_REPRESENTATION_CONTEXT(2) 
PARAMETRIC_REPRESENTATION_CONTEXT() REPRESENTATION_CONTEXT('2D SPACE',''
  ) );
#196 = ORIENTED_EDGE('',*,*,#197,.T.);
#197 = EDGE_CURVE('',#159,#198,#200,.T.);
#198 = VERTEX_POINT('',#199);
#199 = CARTESIAN_POINT('',(29.21,208.28,4.7625));
#200 = SURFACE_CURVE('',#201,(#206,#219),.PCURVE_S1.);
#201 = ELLIPSE('',#202,4.7806919763,4.7625);
#202 = AXIS2_PLACEMENT_3D('',#203,#204,#205);
#203 = CARTESIAN_POINT('',(29.21,208.28,0.));
#204 = DIRECTION('',(-0.,1.,0.));
#205 = DIRECTION('',(1.,0.,0.));
#206 = PCURVE('',#32,#207);
#207 = DEFINITIONAL_REPRESENTATION('',(#208),#218);
#208 = B_SPLINE_CURVE_WITH_KNOTS('',8,(#209,#210,#211,#212,#213,#214,
    #215,#216,#217),.UNSPECIFIED.,.F.,.F.,(9,9),(1.570796326795,
    4.712388980385),.PIECEWISE_BEZIER_KNOTS.);
#209 = CARTESIAN_POINT('',(1.570796326795,5.684341886081E-14));
#210 = CARTESIAN_POINT('',(1.963495408494,0.163623868645));
#211 = CARTESIAN_POINT('',(2.356194490186,0.327249041947));
#212 = CARTESIAN_POINT('',(2.748893571906,0.452410149347));
#213 = CARTESIAN_POINT('',(3.141592653552,0.500747102912));
#214 = CARTESIAN_POINT('',(3.534291735307,0.452410149347));
#215 = CARTESIAN_POINT('',(3.92699081698,0.327249041947));
#216 = CARTESIAN_POINT('',(4.319689898686,0.163623868645));
#217 = CARTESIAN_POINT('',(4.712388980385,5.684341886081E-14));
#218 = ( GEOMETRIC_REPRESENTATION_CONTEXT(2) 
PARAMETRIC_REPRESENTATION_CONTEXT() REPRESENTATION_CONTEXT('2D SPACE',''
  ) );
#219 = PCURVE('',#180,#220);
#220 = DEFINITIONAL_REPRESENTATION('',(#221),#231);
#221 = B_SPLINE_CURVE_WITH_KNOTS('',8,(#222,#223,#224,#225,#226,#227,
    #228,#229,#230),.UNSPECIFIED.,.F.,.F.,(9,9),(1.570796326795,
    4.712388980385),.PIECEWISE_BEZIER_KNOTS.);
#222 = CARTESIAN_POINT('',(1.570796326795,5.091638491318));
#223 = CARTESIAN_POINT('',(1.963495408494,4.928014622673));
#224 = CARTESIAN_POINT('',(2.35619449019,4.76438944937));
#225 = CARTESIAN_POINT('',(2.748893571892,4.639228341961));
#226 = CARTESIAN_POINT('',(3.141592653574,4.5908913884));
#227 = CARTESIAN_POINT('',(3.534291735285,4.639228341957));
#228 = CARTESIAN_POINT('',(3.926990816986,4.76438944937));
#229 = CARTESIAN_POINT('',(4.319689898686,4.928014622673));
#230 = CARTESIAN_POINT('',(4.712388980385,5.091638491318));
#231 = ( GEOMETRIC_REPRESENTATION_CONTEXT(2) 
PARAMETRIC_REPRESENTATION_CONTEXT() REPRESENTATION_CONTEXT('2D SPACE',''
  ) );
#232 = ORIENTED_EDGE('',*,*,#233,.T.);
#233 = EDGE_CURVE('',#198,#22,#234,.T.);
#234 = SURFACE_CURVE('',#235,(#240,#252),.PCURVE_S1.);
#235 = ELLIPSE('',#236,4.7806919763,4.7625);
#236 = AXIS2_PLACEMENT_3D('',#237,#238,#239);
#237 = CARTESIAN_POINT('',(29.21,208.28,0.));
#238 = DIRECTION('',(-0.,1.,0.));
#239 = DIRECTION('',(1.,0.,0.));
#240 = PCURVE('',#32,#241);
#241 = DEFINITIONAL_REPRESENTATION('',(#242),#251);
#242 = B_SPLINE_CURVE_WITH_KNOTS('',7,(#243,#244,#245,#246,#247,#248,
    #249,#250),.UNSPECIFIED.,.F.,.F.,(8,8),(4.712388980385,6.28318530718
    ),.PIECEWISE_BEZIER_KNOTS.);
#243 = CARTESIAN_POINT('',(4.712388980385,5.684341886081E-14));
#244 = CARTESIAN_POINT('',(4.936788455641,-9.349935351125E-02));
#245 = CARTESIAN_POINT('',(5.161187930898,-0.18699832736));
#246 = CARTESIAN_POINT('',(5.385587406153,-0.272809929049));
#247 = CARTESIAN_POINT('',(5.609986881411,-0.343232806322));
#248 = CARTESIAN_POINT('',(5.834386356667,-0.392186258466));
#249 = CARTESIAN_POINT('',(6.058785831923,-0.416664760042));
#250 = CARTESIAN_POINT('',(6.28318530718,-0.416664760042));
#251 = ( GEOMETRIC_REPRESENTATION_CONTEXT(2) 
PARAMETRIC_REPRESENTATION_CONTEXT() REPRESENTATION_CONTEXT('2D SPACE',''
  ) );
#252 = PCURVE('',#180,#253);
#253 = DEFINITIONAL_REPRESENTATION('',(#254),#263);
#254 = B_SPLINE_CURVE_WITH_KNOTS('',7,(#255,#256,#257,#258,#259,#260,
    #261,#262),.UNSPECIFIED.,.F.,.F.,(8,8),(4.712388980385,6.28318530718
    ),.PIECEWISE_BEZIER_KNOTS.);
#255 = CARTESIAN_POINT('',(4.712388980385,5.091638491318));
#256 = CARTESIAN_POINT('',(4.936788455641,5.18513784483));
#257 = CARTESIAN_POINT('',(5.161187930897,5.278636818678));
#258 = CARTESIAN_POINT('',(5.385587406155,5.364448420369));
#259 = CARTESIAN_POINT('',(5.609986881409,5.434871297639));
#260 = CARTESIAN_POINT('',(5.834386356667,5.483824749785));
#261 = CARTESIAN_POINT('',(6.058785831923,5.50830325136));
#262 = CARTESIAN_POINT('',(6.28318530718,5.50830325136));
#263 = ( GEOMETRIC_REPRESENTATION_CONTEXT(2) 
PARAMETRIC_REPRESENTATION_CONTEXT() REPRESENTATION_CONTEXT('2D SPACE',''
  ) );
#264 = ADVANCED_FACE('',(#265),#180,.T.);
#265 = FACE_BOUND('',#266,.T.);
#266 = EDGE_LOOP('',(#267,#289,#290,#291,#292,#293,#332,#368));
#267 = ORIENTED_EDGE('',*,*,#268,.T.);
#268 = EDGE_CURVE('',#269,#22,#271,.T.);
#269 = VERTEX_POINT('',#270);
#270 = CARTESIAN_POINT('',(33.47429698851,202.37757828067,0.));
#271 = SEAM_CURVE('',#272,(#276,#282),.PCURVE_S1.);
#272 = LINE('',#273,#274);
#273 = CARTESIAN_POINT('',(33.510611715149,202.79265750551,0.));
#274 = VECTOR('',#275,1.);
#275 = DIRECTION('',(8.715574274766E-02,0.996194698092,0.));
#276 = PCURVE('',#180,#277);
#277 = DEFINITIONAL_REPRESENTATION('',(#278),#281);
#278 = B_SPLINE_CURVE_WITH_KNOTS('',1,(#279,#280),.UNSPECIFIED.,.F.,.F.,
  (2,2),(-2.30092028444,7.392558775758),.PIECEWISE_BEZIER_KNOTS.);
#279 = CARTESIAN_POINT('',(6.28318530718,-2.30092028444));
#280 = CARTESIAN_POINT('',(6.28318530718,7.392558775758));
#281 = ( GEOMETRIC_REPRESENTATION_CONTEXT(2) 
PARAMETRIC_REPRESENTATION_CONTEXT() REPRESENTATION_CONTEXT('2D SPACE',''
  ) );
#282 = PCURVE('',#180,#283);
#283 = DEFINITIONAL_REPRESENTATION('',(#284),#288);
#284 = LINE('',#285,#286);
#285 = CARTESIAN_POINT('',(0.,0.));
#286 = VECTOR('',#287,1.);
#287 = DIRECTION('',(0.,1.));
#288 = ( GEOMETRIC_REPRESENTATION_CONTEXT(2) 
PARAMETRIC_REPRESENTATION_CONTEXT() REPRESENTATION_CONTEXT('2D SPACE',''
  ) );
#289 = ORIENTED_EDGE('',*,*,#233,.F.);
#290 = ORIENTED_EDGE('',*,*,#197,.F.);
#291 = ORIENTED_EDGE('',*,*,#158,.F.);
#292 = ORIENTED_EDGE('',*,*,#268,.F.);
#293 = ORIENTED_EDGE('',*,*,#294,.T.);
#294 = EDGE_CURVE('',#269,#295,#297,.T.);
#295 = VERTEX_POINT('',#296);
#296 = CARTESIAN_POINT('',(28.766234465487,203.20773673034,-4.7625));
#297 = SURFACE_CURVE('',#298,(#303,#315),.PCURVE_S1.);
#298 = ELLIPSE('',#299,4.7806919763,4.7625);
#299 = AXIS2_PLACEMENT_3D('',#300,#301,#302);
#300 = CARTESIAN_POINT('',(28.766234465487,203.20773673034,0.));
#301 = DIRECTION('',(0.173648177667,0.984807753012,0.));
#302 = DIRECTION('',(0.984807753012,-0.173648177667,0.));
#303 = PCURVE('',#180,#304);
#304 = DEFINITIONAL_REPRESENTATION('',(#305),#314);
#305 = B_SPLINE_CURVE_WITH_KNOTS('',7,(#306,#307,#308,#309,#310,#311,
    #312,#313),.UNSPECIFIED.,.F.,.F.,(8,8),(0.,1.570796326795),
  .PIECEWISE_BEZIER_KNOTS.);
#306 = CARTESIAN_POINT('',(0.,-0.416664760042));
#307 = CARTESIAN_POINT('',(0.224399475256,-0.416664760042));
#308 = CARTESIAN_POINT('',(0.448798950513,-0.392186258467));
#309 = CARTESIAN_POINT('',(0.673198425769,-0.343232806321));
#310 = CARTESIAN_POINT('',(0.897597901026,-0.27280992905));
#311 = CARTESIAN_POINT('',(1.121997376282,-0.18699832736));
#312 = CARTESIAN_POINT('',(1.346396851538,-9.349935351134E-02));
#313 = CARTESIAN_POINT('',(1.570796326795,-2.84217094304E-14));
#314 = ( GEOMETRIC_REPRESENTATION_CONTEXT(2) 
PARAMETRIC_REPRESENTATION_CONTEXT() REPRESENTATION_CONTEXT('2D SPACE',''
  ) );
#315 = PCURVE('',#316,#321);
#316 = CYLINDRICAL_SURFACE('',#317,4.7625);
#317 = AXIS2_PLACEMENT_3D('',#318,#319,#320);
#318 = CARTESIAN_POINT('',(27.448421453156,198.28959161345,0.));
#319 = DIRECTION('',(0.258819045103,0.965925826289,0.));
#320 = DIRECTION('',(0.965925826289,-0.258819045103,0.));
#321 = DEFINITIONAL_REPRESENTATION('',(#322),#331);
#322 = B_SPLINE_CURVE_WITH_KNOTS('',7,(#323,#324,#325,#326,#327,#328,
    #329,#330),.UNSPECIFIED.,.F.,.F.,(8,8),(0.,1.570796326795),
  .PIECEWISE_BEZIER_KNOTS.);
#323 = CARTESIAN_POINT('',(0.,5.50830325136));
#324 = CARTESIAN_POINT('',(0.224399475256,5.50830325136));
#325 = CARTESIAN_POINT('',(0.448798950513,5.483824749785));
#326 = CARTESIAN_POINT('',(0.673198425769,5.434871297638));
#327 = CARTESIAN_POINT('',(0.897597901026,5.36444842037));
#328 = CARTESIAN_POINT('',(1.121997376282,5.278636818678));
#329 = CARTESIAN_POINT('',(1.346396851538,5.18513784483));
#330 = CARTESIAN_POINT('',(1.570796326795,5.091638491318));
#331 = ( GEOMETRIC_REPRESENTATION_CONTEXT(2) 
PARAMETRIC_REPRESENTATION_CONTEXT() REPRESENTATION_CONTEXT('2D SPACE',''
  ) );
#332 = ORIENTED_EDGE('',*,*,#333,.T.);
#333 = EDGE_CURVE('',#295,#334,#336,.T.);
#334 = VERTEX_POINT('',#335);
#335 = CARTESIAN_POINT('',(28.766234465487,203.20773673034,4.7625));
#336 = SURFACE_CURVE('',#337,(#342,#355),.PCURVE_S1.);
#337 = ELLIPSE('',#338,4.7806919763,4.7625);
#338 = AXIS2_PLACEMENT_3D('',#339,#340,#341);
#339 = CARTESIAN_POINT('',(28.766234465487,203.20773673034,0.));
#340 = DIRECTION('',(0.173648177667,0.984807753012,0.));
#341 = DIRECTION('',(0.984807753012,-0.173648177667,0.));
#342 = PCURVE('',#180,#343);
#343 = DEFINITIONAL_REPRESENTATION('',(#344),#354);
#344 = B_SPLINE_CURVE_WITH_KNOTS('',8,(#345,#346,#347,#348,#349,#350,
    #351,#352,#353),.UNSPECIFIED.,.F.,.F.,(9,9),(1.570796326795,
    4.712388980385),.PIECEWISE_BEZIER_KNOTS.);
#345 = CARTESIAN_POINT('',(1.570796326795,-2.84217094304E-14));
#346 = CARTESIAN_POINT('',(1.963495408494,0.163623868645));
#347 = CARTESIAN_POINT('',(2.356194490187,0.327249041947));
#348 = CARTESIAN_POINT('',(2.748893571903,0.452410149347));
#349 = CARTESIAN_POINT('',(3.141592653558,0.500747102913));
#350 = CARTESIAN_POINT('',(3.534291735303,0.452410149346));
#351 = CARTESIAN_POINT('',(3.926990816981,0.327249041947));
#352 = CARTESIAN_POINT('',(4.319689898686,0.163623868645));
#353 = CARTESIAN_POINT('',(4.712388980385,-2.84217094304E-14));
#354 = ( GEOMETRIC_REPRESENTATION_CONTEXT(2) 
PARAMETRIC_REPRESENTATION_CONTEXT() REPRESENTATION_CONTEXT('2D SPACE',''
  ) );
#355 = PCURVE('',#316,#356);
#356 = DEFINITIONAL_REPRESENTATION('',(#357),#367);
#357 = B_SPLINE_CURVE_WITH_KNOTS('',8,(#358,#359,#360,#361,#362,#363,
    #364,#365,#366),.UNSPECIFIED.,.F.,.F.,(9,9),(1.570796326795,
    4.712388980385),.PIECEWISE_BEZIER_KNOTS.);
#358 = CARTESIAN_POINT('',(1.570796326795,5.091638491318));
#359 = CARTESIAN_POINT('',(1.963495408494,4.928014622673));
#360 = CARTESIAN_POINT('',(2.35619449019,4.764389449367));
#361 = CARTESIAN_POINT('',(2.748893571894,4.63922834198));
#362 = CARTESIAN_POINT('',(3.141592653576,4.590891388365));
#363 = CARTESIAN_POINT('',(3.534291735292,4.639228341984));
#364 = CARTESIAN_POINT('',(3.926990816984,4.764389449367));
#365 = CARTESIAN_POINT('',(4.319689898686,4.928014622673));
#366 = CARTESIAN_POINT('',(4.712388980385,5.091638491318));
#367 = ( GEOMETRIC_REPRESENTATION_CONTEXT(2) 
PARAMETRIC_REPRESENTATION_CONTEXT() REPRESENTATION_CONTEXT('2D SPACE',''
  ) );
#368 = ORIENTED_EDGE('',*,*,#369,.T.);
#369 = EDGE_CURVE('',#334,#269,#370,.T.);
#370 = SURFACE_CURVE('',#371,(#376,#388),.PCURVE_S1.);
#371 = ELLIPSE('',#372,4.7806919763,4.7625);
#372 = AXIS2_PLACEMENT_3D('',#373,#374,#375);
#373 = CARTESIAN_POINT('',(28.766234465487,203.20773673034,0.));
#374 = DIRECTION('',(0.173648177667,0.984807753012,0.));
#375 = DIRECTION('',(0.984807753012,-0.173648177667,0.));
#376 = PCURVE('',#180,#377);
#377 = DEFINITIONAL_REPRESENTATION('',(#378),#387);
#378 = B_SPLINE_CURVE_WITH_KNOTS('',7,(#379,#380,#381,#382,#383,#384,
    #385,#386),.UNSPECIFIED.,.F.,.F.,(8,8),(4.712388980385,6.28318530718
    ),.PIECEWISE_BEZIER_KNOTS.);
#379 = CARTESIAN_POINT('',(4.712388980385,-2.84217094304E-14));
#380 = CARTESIAN_POINT('',(4.936788455641,-9.349935351134E-02));
#381 = CARTESIAN_POINT('',(5.161187930897,-0.18699832736));
#382 = CARTESIAN_POINT('',(5.385587406154,-0.272809929049));
#383 = CARTESIAN_POINT('',(5.609986881411,-0.343232806321));
#384 = CARTESIAN_POINT('',(5.834386356667,-0.392186258467));
#385 = CARTESIAN_POINT('',(6.058785831923,-0.416664760042));
#386 = CARTESIAN_POINT('',(6.28318530718,-0.416664760042));
#387 = ( GEOMETRIC_REPRESENTATION_CONTEXT(2) 
PARAMETRIC_REPRESENTATION_CONTEXT() REPRESENTATION_CONTEXT('2D SPACE',''
  ) );
#388 = PCURVE('',#316,#389);
#389 = DEFINITIONAL_REPRESENTATION('',(#390),#399);
#390 = B_SPLINE_CURVE_WITH_KNOTS('',7,(#391,#392,#393,#394,#395,#396,
    #397,#398),.UNSPECIFIED.,.F.,.F.,(8,8),(4.712388980385,6.28318530718
    ),.PIECEWISE_BEZIER_KNOTS.);
#391 = CARTESIAN_POINT('',(4.712388980385,5.091638491318));
#392 = CARTESIAN_POINT('',(4.936788455641,5.18513784483));
#393 = CARTESIAN_POINT('',(5.161187930898,5.278636818677));
#394 = CARTESIAN_POINT('',(5.385587406154,5.364448420371));
#395 = CARTESIAN_POINT('',(5.609986881411,5.434871297637));
#396 = CARTESIAN_POINT('',(5.834386356667,5.483824749785));
#397 = CARTESIAN_POINT('',(6.058785831923,5.50830325136));
#398 = CARTESIAN_POINT('',(6.28318530718,5.50830325136));
#399 = ( GEOMETRIC_REPRESENTATION_CONTEXT(2) 
PARAMETRIC_REPRESENTATION_CONTEXT() REPRESENTATION_CONTEXT('2D SPACE',''
  ) );
#400 = ADVANCED_FACE('',(#401),#72,.T.);
#401 = FACE_BOUND('',#402,.T.);
#402 = EDGE_LOOP('',(#403,#425,#464,#500,#532,#533,#534,#535));
#403 = ORIENTED_EDGE('',*,*,#404,.T.);
#404 = EDGE_CURVE('',#24,#405,#407,.T.);
#405 = VERTEX_POINT('',#406);
#406 = CARTESIAN_POINT('',(31.940802425536,219.90550134147,0.));
#407 = SEAM_CURVE('',#408,(#412,#418),.PCURVE_S1.);
#408 = LINE('',#409,#410);
#409 = CARTESIAN_POINT('',(33.366456213188,214.58488897195,0.));
#410 = VECTOR('',#411,1.);
#411 = DIRECTION('',(-0.258819045103,0.965925826289,0.));
#412 = PCURVE('',#72,#413);
#413 = DEFINITIONAL_REPRESENTATION('',(#414),#417);
#414 = B_SPLINE_CURVE_WITH_KNOTS('',1,(#415,#416),.UNSPECIFIED.,.F.,.F.,
  (2,2),(-2.30092028444,7.392558775758),.PIECEWISE_BEZIER_KNOTS.);
#415 = CARTESIAN_POINT('',(6.28318530718,-2.30092028444));
#416 = CARTESIAN_POINT('',(6.28318530718,7.392558775758));
#417 = ( GEOMETRIC_REPRESENTATION_CONTEXT(2) 
PARAMETRIC_REPRESENTATION_CONTEXT() REPRESENTATION_CONTEXT('2D SPACE',''
  ) );
#418 = PCURVE('',#72,#419);
#419 = DEFINITIONAL_REPRESENTATION('',(#420),#424);
#420 = LINE('',#421,#422);
#421 = CARTESIAN_POINT('',(0.,0.));
#422 = VECTOR('',#423,1.);
#423 = DIRECTION('',(0.,1.));
#424 = ( GEOMETRIC_REPRESENTATION_CONTEXT(2) 
PARAMETRIC_REPRESENTATION_CONTEXT() REPRESENTATION_CONTEXT('2D SPACE',''
  ) );
#425 = ORIENTED_EDGE('',*,*,#426,.F.);
#426 = EDGE_CURVE('',#427,#405,#429,.T.);
#427 = VERTEX_POINT('',#428);
#428 = CARTESIAN_POINT('',(27.448421453156,218.27040838654,4.7625));
#429 = SURFACE_CURVE('',#430,(#435,#447),.PCURVE_S1.);
#430 = ELLIPSE('',#431,4.7806919763,4.7625);
#431 = AXIS2_PLACEMENT_3D('',#432,#433,#434);
#432 = CARTESIAN_POINT('',(27.448421453156,218.27040838654,0.));
#433 = DIRECTION('',(-0.342020143326,0.939692620786,0.));
#434 = DIRECTION('',(0.939692620786,0.342020143326,0.));
#435 = PCURVE('',#72,#436);
#436 = DEFINITIONAL_REPRESENTATION('',(#437),#446);
#437 = B_SPLINE_CURVE_WITH_KNOTS('',7,(#438,#439,#440,#441,#442,#443,
    #444,#445),.UNSPECIFIED.,.F.,.F.,(8,8),(4.712388980385,6.28318530718
    ),.PIECEWISE_BEZIER_KNOTS.);
#438 = CARTESIAN_POINT('',(4.712388980385,5.091638491318));
#439 = CARTESIAN_POINT('',(4.936788455641,5.18513784483));
#440 = CARTESIAN_POINT('',(5.161187930898,5.278636818679));
#441 = CARTESIAN_POINT('',(5.385587406153,5.364448420367));
#442 = CARTESIAN_POINT('',(5.609986881412,5.434871297641));
#443 = CARTESIAN_POINT('',(5.834386356666,5.483824749784));
#444 = CARTESIAN_POINT('',(6.058785831923,5.50830325136));
#445 = CARTESIAN_POINT('',(6.28318530718,5.50830325136));
#446 = ( GEOMETRIC_REPRESENTATION_CONTEXT(2) 
PARAMETRIC_REPRESENTATION_CONTEXT() REPRESENTATION_CONTEXT('2D SPACE',''
  ) );
#447 = PCURVE('',#448,#453);
#448 = CYLINDRICAL_SURFACE('',#449,4.7625);
#449 = AXIS2_PLACEMENT_3D('',#450,#451,#452);
#450 = CARTESIAN_POINT('',(27.448421453156,218.27040838654,0.));
#451 = DIRECTION('',(-0.422618261741,0.906307787037,0.));
#452 = DIRECTION('',(0.906307787037,0.422618261741,0.));
#453 = DEFINITIONAL_REPRESENTATION('',(#454),#463);
#454 = B_SPLINE_CURVE_WITH_KNOTS('',7,(#455,#456,#457,#458,#459,#460,
    #461,#462),.UNSPECIFIED.,.F.,.F.,(8,8),(4.712388980385,6.28318530718
    ),.PIECEWISE_BEZIER_KNOTS.);
#455 = CARTESIAN_POINT('',(4.712388980385,5.684341886081E-14));
#456 = CARTESIAN_POINT('',(4.936788455641,-9.349935351126E-02));
#457 = CARTESIAN_POINT('',(5.161187930898,-0.18699832736));
#458 = CARTESIAN_POINT('',(5.385587406153,-0.272809929049));
#459 = CARTESIAN_POINT('',(5.609986881413,-0.343232806321));
#460 = CARTESIAN_POINT('',(5.834386356666,-0.392186258466));
#461 = CARTESIAN_POINT('',(6.058785831923,-0.416664760042));
#462 = CARTESIAN_POINT('',(6.28318530718,-0.416664760042));
#463 = ( GEOMETRIC_REPRESENTATION_CONTEXT(2) 
PARAMETRIC_REPRESENTATION_CONTEXT() REPRESENTATION_CONTEXT('2D SPACE',''
  ) );
#464 = ORIENTED_EDGE('',*,*,#465,.F.);
#465 = EDGE_CURVE('',#466,#427,#468,.T.);
#466 = VERTEX_POINT('',#467);
#467 = CARTESIAN_POINT('',(27.448421453156,218.27040838654,-4.7625));
#468 = SURFACE_CURVE('',#469,(#474,#487),.PCURVE_S1.);
#469 = ELLIPSE('',#470,4.7806919763,4.7625);
#470 = AXIS2_PLACEMENT_3D('',#471,#472,#473);
#471 = CARTESIAN_POINT('',(27.448421453156,218.27040838654,0.));
#472 = DIRECTION('',(-0.342020143326,0.939692620786,0.));
#473 = DIRECTION('',(0.939692620786,0.342020143326,0.));
#474 = PCURVE('',#72,#475);
#475 = DEFINITIONAL_REPRESENTATION('',(#476),#486);
#476 = B_SPLINE_CURVE_WITH_KNOTS('',8,(#477,#478,#479,#480,#481,#482,
    #483,#484,#485),.UNSPECIFIED.,.F.,.F.,(9,9),(1.570796326795,
    4.712388980385),.PIECEWISE_BEZIER_KNOTS.);
#477 = CARTESIAN_POINT('',(1.570796326795,5.091638491318));
#478 = CARTESIAN_POINT('',(1.963495408494,4.928014622673));
#479 = CARTESIAN_POINT('',(2.356194490189,4.764389449367));
#480 = CARTESIAN_POINT('',(2.748893571895,4.639228341974));
#481 = CARTESIAN_POINT('',(3.141592653574,4.590891388378));
#482 = CARTESIAN_POINT('',(3.534291735294,4.639228341974));
#483 = CARTESIAN_POINT('',(3.926990816983,4.764389449367));
#484 = CARTESIAN_POINT('',(4.319689898686,4.928014622673));
#485 = CARTESIAN_POINT('',(4.712388980385,5.091638491318));
#486 = ( GEOMETRIC_REPRESENTATION_CONTEXT(2) 
PARAMETRIC_REPRESENTATION_CONTEXT() REPRESENTATION_CONTEXT('2D SPACE',''
  ) );
#487 = PCURVE('',#448,#488);
#488 = DEFINITIONAL_REPRESENTATION('',(#489),#499);
#489 = B_SPLINE_CURVE_WITH_KNOTS('',8,(#490,#491,#492,#493,#494,#495,
    #496,#497,#498),.UNSPECIFIED.,.F.,.F.,(9,9),(1.570796326795,
    4.712388980385),.PIECEWISE_BEZIER_KNOTS.);
#490 = CARTESIAN_POINT('',(1.570796326795,5.684341886081E-14));
#491 = CARTESIAN_POINT('',(1.963495408494,0.163623868645));
#492 = CARTESIAN_POINT('',(2.356194490191,0.327249041946));
#493 = CARTESIAN_POINT('',(2.748893571888,0.452410149348));
#494 = CARTESIAN_POINT('',(3.141592653583,0.500747102911));
#495 = CARTESIAN_POINT('',(3.534291735287,0.452410149348));
#496 = CARTESIAN_POINT('',(3.926990816985,0.327249041946));
#497 = CARTESIAN_POINT('',(4.319689898686,0.163623868645));
#498 = CARTESIAN_POINT('',(4.712388980385,5.684341886081E-14));
#499 = ( GEOMETRIC_REPRESENTATION_CONTEXT(2) 
PARAMETRIC_REPRESENTATION_CONTEXT() REPRESENTATION_CONTEXT('2D SPACE',''
  ) );
#500 = ORIENTED_EDGE('',*,*,#501,.F.);
#501 = EDGE_CURVE('',#405,#466,#502,.T.);
#502 = SURFACE_CURVE('',#503,(#508,#520),.PCURVE_S1.);
#503 = ELLIPSE('',#504,4.7806919763,4.7625);
#504 = AXIS2_PLACEMENT_3D('',#505,#506,#507);
#505 = CARTESIAN_POINT('',(27.448421453156,218.27040838654,0.));
#506 = DIRECTION('',(-0.342020143326,0.939692620786,0.));
#507 = DIRECTION('',(0.939692620786,0.342020143326,0.));
#508 = PCURVE('',#72,#509);
#509 = DEFINITIONAL_REPRESENTATION('',(#510),#519);
#510 = B_SPLINE_CURVE_WITH_KNOTS('',7,(#511,#512,#513,#514,#515,#516,
    #517,#518),.UNSPECIFIED.,.F.,.F.,(8,8),(0.,1.570796326795),
  .PIECEWISE_BEZIER_KNOTS.);
#511 = CARTESIAN_POINT('',(0.,5.50830325136));
#512 = CARTESIAN_POINT('',(0.224399475256,5.50830325136));
#513 = CARTESIAN_POINT('',(0.448798950513,5.483824749784));
#514 = CARTESIAN_POINT('',(0.673198425769,5.434871297642));
#515 = CARTESIAN_POINT('',(0.897597901026,5.364448420366));
#516 = CARTESIAN_POINT('',(1.121997376282,5.278636818679));
#517 = CARTESIAN_POINT('',(1.346396851538,5.18513784483));
#518 = CARTESIAN_POINT('',(1.570796326795,5.091638491318));
#519 = ( GEOMETRIC_REPRESENTATION_CONTEXT(2) 
PARAMETRIC_REPRESENTATION_CONTEXT() REPRESENTATION_CONTEXT('2D SPACE',''
  ) );
#520 = PCURVE('',#448,#521);
#521 = DEFINITIONAL_REPRESENTATION('',(#522),#531);
#522 = B_SPLINE_CURVE_WITH_KNOTS('',7,(#523,#524,#525,#526,#527,#528,
    #529,#530),.UNSPECIFIED.,.F.,.F.,(8,8),(0.,1.570796326795),
  .PIECEWISE_BEZIER_KNOTS.);
#523 = CARTESIAN_POINT('',(0.,-0.416664760042));
#524 = CARTESIAN_POINT('',(0.224399475256,-0.416664760042));
#525 = CARTESIAN_POINT('',(0.448798950513,-0.392186258466));
#526 = CARTESIAN_POINT('',(0.673198425769,-0.343232806321));
#527 = CARTESIAN_POINT('',(0.897597901026,-0.272809929049));
#528 = CARTESIAN_POINT('',(1.121997376282,-0.18699832736));
#529 = CARTESIAN_POINT('',(1.346396851538,-9.349935351126E-02));
#530 = CARTESIAN_POINT('',(1.570796326795,5.684341886081E-14));
#531 = ( GEOMETRIC_REPRESENTATION_CONTEXT(2) 
PARAMETRIC_REPRESENTATION_CONTEXT() REPRESENTATION_CONTEXT('2D SPACE',''
  ) );
#532 = ORIENTED_EDGE('',*,*,#404,.F.);
#533 = ORIENTED_EDGE('',*,*,#125,.T.);
#534 = ORIENTED_EDGE('',*,*,#89,.T.);
#535 = ORIENTED_EDGE('',*,*,#50,.T.);
#536 = ADVANCED_FACE('',(#537),#316,.T.);
#537 = FACE_BOUND('',#538,.T.);
#538 = EDGE_LOOP('',(#539,#561,#562,#563,#564,#565,#604,#640));
#539 = ORIENTED_EDGE('',*,*,#540,.T.);
#540 = EDGE_CURVE('',#541,#269,#543,.T.);
#541 = VERTEX_POINT('',#542);
#542 = CARTESIAN_POINT('',(31.940802425536,196.65449865852,0.));
#543 = SEAM_CURVE('',#544,(#548,#554),.PCURVE_S1.);
#544 = LINE('',#545,#546);
#545 = CARTESIAN_POINT('',(32.048643200858,197.05696591115,0.));
#546 = VECTOR('',#547,1.);
#547 = DIRECTION('',(0.258819045103,0.965925826289,0.));
#548 = PCURVE('',#316,#549);
#549 = DEFINITIONAL_REPRESENTATION('',(#550),#553);
#550 = B_SPLINE_CURVE_WITH_KNOTS('',1,(#551,#552),.UNSPECIFIED.,.F.,.F.,
  (2,2),(-2.30092028444,7.392558775758),.PIECEWISE_BEZIER_KNOTS.);
#551 = CARTESIAN_POINT('',(6.28318530718,-2.30092028444));
#552 = CARTESIAN_POINT('',(6.28318530718,7.392558775758));
#553 = ( GEOMETRIC_REPRESENTATION_CONTEXT(2) 
PARAMETRIC_REPRESENTATION_CONTEXT() REPRESENTATION_CONTEXT('2D SPACE',''
  ) );
#554 = PCURVE('',#316,#555);
#555 = DEFINITIONAL_REPRESENTATION('',(#556),#560);
#556 = LINE('',#557,#558);
#557 = CARTESIAN_POINT('',(0.,0.));
#558 = VECTOR('',#559,1.);
#559 = DIRECTION('',(0.,1.));
#560 = ( GEOMETRIC_REPRESENTATION_CONTEXT(2) 
PARAMETRIC_REPRESENTATION_CONTEXT() REPRESENTATION_CONTEXT('2D SPACE',''
  ) );
#561 = ORIENTED_EDGE('',*,*,#369,.F.);
#562 = ORIENTED_EDGE('',*,*,#333,.F.);
#563 = ORIENTED_EDGE('',*,*,#294,.F.);
#564 = ORIENTED_EDGE('',*,*,#540,.F.);
#565 = ORIENTED_EDGE('',*,*,#566,.T.);
#566 = EDGE_CURVE('',#541,#567,#569,.T.);
#567 = VERTEX_POINT('',#568);
#568 = CARTESIAN_POINT('',(27.448421453156,198.28959161345,-4.7625));
#569 = SURFACE_CURVE('',#570,(#575,#587),.PCURVE_S1.);
#570 = ELLIPSE('',#571,4.7806919763,4.7625);
#571 = AXIS2_PLACEMENT_3D('',#572,#573,#574);
#572 = CARTESIAN_POINT('',(27.448421453156,198.28959161345,0.));
#573 = DIRECTION('',(0.342020143326,0.939692620786,0.));
#574 = DIRECTION('',(0.939692620786,-0.342020143326,0.));
#575 = PCURVE('',#316,#576);
#576 = DEFINITIONAL_REPRESENTATION('',(#577),#586);
#577 = B_SPLINE_CURVE_WITH_KNOTS('',7,(#578,#579,#580,#581,#582,#583,
    #584,#585),.UNSPECIFIED.,.F.,.F.,(8,8),(0.,1.570796326795),
  .PIECEWISE_BEZIER_KNOTS.);
#578 = CARTESIAN_POINT('',(0.,-0.416664760042));
#579 = CARTESIAN_POINT('',(0.224399475256,-0.416664760042));
#580 = CARTESIAN_POINT('',(0.448798950513,-0.392186258466));
#581 = CARTESIAN_POINT('',(0.673198425769,-0.343232806322));
#582 = CARTESIAN_POINT('',(0.897597901026,-0.272809929049));
#583 = CARTESIAN_POINT('',(1.121997376282,-0.18699832736));
#584 = CARTESIAN_POINT('',(1.346396851538,-9.34993535114E-02));
#585 = CARTESIAN_POINT('',(1.570796326795,-8.526512829121E-14));
#586 = ( GEOMETRIC_REPRESENTATION_CONTEXT(2) 
PARAMETRIC_REPRESENTATION_CONTEXT() REPRESENTATION_CONTEXT('2D SPACE',''
  ) );
#587 = PCURVE('',#588,#593);
#588 = CYLINDRICAL_SURFACE('',#589,4.7625);
#589 = AXIS2_PLACEMENT_3D('',#590,#591,#592);
#590 = CARTESIAN_POINT('',(25.296602044543,193.675,0.));
#591 = DIRECTION('',(0.422618261741,0.906307787037,0.));
#592 = DIRECTION('',(0.906307787037,-0.422618261741,0.));
#593 = DEFINITIONAL_REPRESENTATION('',(#594),#603);
#594 = B_SPLINE_CURVE_WITH_KNOTS('',7,(#595,#596,#597,#598,#599,#600,
    #601,#602),.UNSPECIFIED.,.F.,.F.,(8,8),(0.,1.570796326795),
  .PIECEWISE_BEZIER_KNOTS.);
#595 = CARTESIAN_POINT('',(0.,5.50830325136));
#596 = CARTESIAN_POINT('',(0.224399475256,5.50830325136));
#597 = CARTESIAN_POINT('',(0.448798950513,5.483824749785));
#598 = CARTESIAN_POINT('',(0.673198425769,5.434871297639));
#599 = CARTESIAN_POINT('',(0.897597901026,5.364448420369));
#600 = CARTESIAN_POINT('',(1.121997376282,5.278636818678));
#601 = CARTESIAN_POINT('',(1.346396851538,5.185137844829));
#602 = CARTESIAN_POINT('',(1.570796326795,5.091638491318));
#603 = ( GEOMETRIC_REPRESENTATION_CONTEXT(2) 
PARAMETRIC_REPRESENTATION_CONTEXT() REPRESENTATION_CONTEXT('2D SPACE',''
  ) );
#604 = ORIENTED_EDGE('',*,*,#605,.T.);
#605 = EDGE_CURVE('',#567,#606,#608,.T.);
#606 = VERTEX_POINT('',#607);
#607 = CARTESIAN_POINT('',(27.448421453156,198.28959161345,4.7625));
#608 = SURFACE_CURVE('',#609,(#614,#627),.PCURVE_S1.);
#609 = ELLIPSE('',#610,4.7806919763,4.7625);
#610 = AXIS2_PLACEMENT_3D('',#611,#612,#613);
#611 = CARTESIAN_POINT('',(27.448421453156,198.28959161345,0.));
#612 = DIRECTION('',(0.342020143326,0.939692620786,0.));
#613 = DIRECTION('',(0.939692620786,-0.342020143326,0.));
#614 = PCURVE('',#316,#615);
#615 = DEFINITIONAL_REPRESENTATION('',(#616),#626);
#616 = B_SPLINE_CURVE_WITH_KNOTS('',8,(#617,#618,#619,#620,#621,#622,
    #623,#624,#625),.UNSPECIFIED.,.F.,.F.,(9,9),(1.570796326795,
    4.712388980385),.PIECEWISE_BEZIER_KNOTS.);
#617 = CARTESIAN_POINT('',(1.570796326795,-8.526512829121E-14));
#618 = CARTESIAN_POINT('',(1.963495408494,0.163623868645));
#619 = CARTESIAN_POINT('',(2.356194490191,0.327249041947));
#620 = CARTESIAN_POINT('',(2.74889357189,0.452410149346));
#621 = CARTESIAN_POINT('',(3.141592653583,0.500747102912));
#622 = CARTESIAN_POINT('',(3.534291735285,0.452410149346));
#623 = CARTESIAN_POINT('',(3.926990816986,0.327249041947));
#624 = CARTESIAN_POINT('',(4.319689898686,0.163623868645));
#625 = CARTESIAN_POINT('',(4.712388980385,-8.526512829121E-14));
#626 = ( GEOMETRIC_REPRESENTATION_CONTEXT(2) 
PARAMETRIC_REPRESENTATION_CONTEXT() REPRESENTATION_CONTEXT('2D SPACE',''
  ) );
#627 = PCURVE('',#588,#628);
#628 = DEFINITIONAL_REPRESENTATION('',(#629),#639);
#629 = B_SPLINE_CURVE_WITH_KNOTS('',8,(#630,#631,#632,#633,#634,#635,
    #636,#637,#638),.UNSPECIFIED.,.F.,.F.,(9,9),(1.570796326795,
    4.712388980385),.PIECEWISE_BEZIER_KNOTS.);
#630 = CARTESIAN_POINT('',(1.570796326795,5.091638491318));
#631 = CARTESIAN_POINT('',(1.963495408494,4.928014622673));
#632 = CARTESIAN_POINT('',(2.356194490189,4.76438944937));
#633 = CARTESIAN_POINT('',(2.748893571898,4.639228341966));
#634 = CARTESIAN_POINT('',(3.141592653571,4.590891388394));
#635 = CARTESIAN_POINT('',(3.534291735295,4.639228341965));
#636 = CARTESIAN_POINT('',(3.926990816983,4.764389449369));
#637 = CARTESIAN_POINT('',(4.319689898686,4.928014622673));
#638 = CARTESIAN_POINT('',(4.712388980385,5.091638491318));
#639 = ( GEOMETRIC_REPRESENTATION_CONTEXT(2) 
PARAMETRIC_REPRESENTATION_CONTEXT() REPRESENTATION_CONTEXT('2D SPACE',''
  ) );
#640 = ORIENTED_EDGE('',*,*,#641,.T.);
#641 = EDGE_CURVE('',#606,#541,#642,.T.);
#642 = SURFACE_CURVE('',#643,(#648,#660),.PCURVE_S1.);
#643 = ELLIPSE('',#644,4.7806919763,4.7625);
#644 = AXIS2_PLACEMENT_3D('',#645,#646,#647);
#645 = CARTESIAN_POINT('',(27.448421453156,198.28959161345,0.));
#646 = DIRECTION('',(0.342020143326,0.939692620786,0.));
#647 = DIRECTION('',(0.939692620786,-0.342020143326,0.));
#648 = PCURVE('',#316,#649);
#649 = DEFINITIONAL_REPRESENTATION('',(#650),#659);
#650 = B_SPLINE_CURVE_WITH_KNOTS('',7,(#651,#652,#653,#654,#655,#656,
    #657,#658),.UNSPECIFIED.,.F.,.F.,(8,8),(4.712388980385,6.28318530718
    ),.PIECEWISE_BEZIER_KNOTS.);
#651 = CARTESIAN_POINT('',(4.712388980385,-8.526512829121E-14));
#652 = CARTESIAN_POINT('',(4.936788455641,-9.34993535114E-02));
#653 = CARTESIAN_POINT('',(5.161187930897,-0.186998327361));
#654 = CARTESIAN_POINT('',(5.385587406156,-0.272809929049));
#655 = CARTESIAN_POINT('',(5.60998688141,-0.343232806322));
#656 = CARTESIAN_POINT('',(5.834386356667,-0.392186258466));
#657 = CARTESIAN_POINT('',(6.058785831923,-0.416664760042));
#658 = CARTESIAN_POINT('',(6.28318530718,-0.416664760042));
#659 = ( GEOMETRIC_REPRESENTATION_CONTEXT(2) 
PARAMETRIC_REPRESENTATION_CONTEXT() REPRESENTATION_CONTEXT('2D SPACE',''
  ) );
#660 = PCURVE('',#588,#661);
#661 = DEFINITIONAL_REPRESENTATION('',(#662),#671);
#662 = B_SPLINE_CURVE_WITH_KNOTS('',7,(#663,#664,#665,#666,#667,#668,
    #669,#670),.UNSPECIFIED.,.F.,.F.,(8,8),(4.712388980385,6.28318530718
    ),.PIECEWISE_BEZIER_KNOTS.);
#663 = CARTESIAN_POINT('',(4.712388980385,5.091638491318));
#664 = CARTESIAN_POINT('',(4.936788455641,5.185137844829));
#665 = CARTESIAN_POINT('',(5.161187930897,5.278636818678));
#666 = CARTESIAN_POINT('',(5.385587406155,5.36444842037));
#667 = CARTESIAN_POINT('',(5.60998688141,5.434871297637));
#668 = CARTESIAN_POINT('',(5.834386356667,5.483824749786));
#669 = CARTESIAN_POINT('',(6.058785831923,5.50830325136));
#670 = CARTESIAN_POINT('',(6.28318530718,5.50830325136));
#671 = ( GEOMETRIC_REPRESENTATION_CONTEXT(2) 
PARAMETRIC_REPRESENTATION_CONTEXT() REPRESENTATION_CONTEXT('2D SPACE',''
  ) );
#672 = ADVANCED_FACE('',(#673),#448,.T.);
#673 = FACE_BOUND('',#674,.T.);
#674 = EDGE_LOOP('',(#675,#697,#736,#772,#804,#805,#806,#807));
#675 = ORIENTED_EDGE('',*,*,#676,.T.);
#676 = EDGE_CURVE('',#405,#677,#679,.T.);
#677 = VERTEX_POINT('',#678);
#678 = CARTESIAN_POINT('',(29.436802743688,225.27534598815,0.));
#679 = SEAM_CURVE('',#680,(#684,#690),.PCURVE_S1.);
#680 = LINE('',#681,#682);
#681 = CARTESIAN_POINT('',(31.764712288918,220.28312785808,0.));
#682 = VECTOR('',#683,1.);
#683 = DIRECTION('',(-0.422618261741,0.906307787037,0.));
#684 = PCURVE('',#448,#685);
#685 = DEFINITIONAL_REPRESENTATION('',(#686),#689);
#686 = B_SPLINE_CURVE_WITH_KNOTS('',1,(#687,#688),.UNSPECIFIED.,.F.,.F.,
  (2,2),(-2.30092028444,7.392558775758),.PIECEWISE_BEZIER_KNOTS.);
#687 = CARTESIAN_POINT('',(6.28318530718,-2.30092028444));
#688 = CARTESIAN_POINT('',(6.28318530718,7.392558775758));
#689 = ( GEOMETRIC_REPRESENTATION_CONTEXT(2) 
PARAMETRIC_REPRESENTATION_CONTEXT() REPRESENTATION_CONTEXT('2D SPACE',''
  ) );
#690 = PCURVE('',#448,#691);
#691 = DEFINITIONAL_REPRESENTATION('',(#692),#696);
#692 = LINE('',#693,#694);
#693 = CARTESIAN_POINT('',(0.,0.));
#694 = VECTOR('',#695,1.);
#695 = DIRECTION('',(0.,1.));
#696 = ( GEOMETRIC_REPRESENTATION_CONTEXT(2) 
PARAMETRIC_REPRESENTATION_CONTEXT() REPRESENTATION_CONTEXT('2D SPACE',''
  ) );
#697 = ORIENTED_EDGE('',*,*,#698,.F.);
#698 = EDGE_CURVE('',#699,#677,#701,.T.);
#699 = VERTEX_POINT('',#700);
#700 = CARTESIAN_POINT('',(25.296602044543,222.885,4.7625));
#701 = SURFACE_CURVE('',#702,(#707,#719),.PCURVE_S1.);
#702 = ELLIPSE('',#703,4.7806919763,4.7625);
#703 = AXIS2_PLACEMENT_3D('',#704,#705,#706);
#704 = CARTESIAN_POINT('',(25.296602044543,222.885,0.));
#705 = DIRECTION('',(-0.5,0.866025403784,0.));
#706 = DIRECTION('',(0.866025403784,0.5,0.));
#707 = PCURVE('',#448,#708);
#708 = DEFINITIONAL_REPRESENTATION('',(#709),#718);
#709 = B_SPLINE_CURVE_WITH_KNOTS('',7,(#710,#711,#712,#713,#714,#715,
    #716,#717),.UNSPECIFIED.,.F.,.F.,(8,8),(4.712388980385,6.28318530718
    ),.PIECEWISE_BEZIER_KNOTS.);
#710 = CARTESIAN_POINT('',(4.712388980385,5.091638491318));
#711 = CARTESIAN_POINT('',(4.936788455641,5.18513784483));
#712 = CARTESIAN_POINT('',(5.161187930897,5.278636818678));
#713 = CARTESIAN_POINT('',(5.385587406155,5.36444842037));
#714 = CARTESIAN_POINT('',(5.60998688141,5.434871297638));
#715 = CARTESIAN_POINT('',(5.834386356667,5.483824749785));
#716 = CARTESIAN_POINT('',(6.058785831923,5.50830325136));
#717 = CARTESIAN_POINT('',(6.28318530718,5.50830325136));
#718 = ( GEOMETRIC_REPRESENTATION_CONTEXT(2) 
PARAMETRIC_REPRESENTATION_CONTEXT() REPRESENTATION_CONTEXT('2D SPACE',''
  ) );
#719 = PCURVE('',#720,#725);
#720 = CYLINDRICAL_SURFACE('',#721,4.7625);
#721 = AXIS2_PLACEMENT_3D('',#722,#723,#724);
#722 = CARTESIAN_POINT('',(25.296602044543,222.885,0.));
#723 = DIRECTION('',(-0.573576436351,0.819152044289,0.));
#724 = DIRECTION('',(0.819152044289,0.573576436351,0.));
#725 = DEFINITIONAL_REPRESENTATION('',(#726),#735);
#726 = B_SPLINE_CURVE_WITH_KNOTS('',7,(#727,#728,#729,#730,#731,#732,
    #733,#734),.UNSPECIFIED.,.F.,.F.,(8,8),(4.712388980385,6.28318530718
    ),.PIECEWISE_BEZIER_KNOTS.);
#727 = CARTESIAN_POINT('',(4.712388980385,8.526512829121E-14));
#728 = CARTESIAN_POINT('',(4.936788455641,-9.349935351123E-02));
#729 = CARTESIAN_POINT('',(5.161187930898,-0.18699832736));
#730 = CARTESIAN_POINT('',(5.385587406154,-0.27280992905));
#731 = CARTESIAN_POINT('',(5.609986881411,-0.343232806321));
#732 = CARTESIAN_POINT('',(5.834386356667,-0.392186258466));
#733 = CARTESIAN_POINT('',(6.058785831923,-0.416664760042));
#734 = CARTESIAN_POINT('',(6.28318530718,-0.416664760042));
#735 = ( GEOMETRIC_REPRESENTATION_CONTEXT(2) 
PARAMETRIC_REPRESENTATION_CONTEXT() REPRESENTATION_CONTEXT('2D SPACE',''
  ) );
#736 = ORIENTED_EDGE('',*,*,#737,.F.);
#737 = EDGE_CURVE('',#738,#699,#740,.T.);
#738 = VERTEX_POINT('',#739);
#739 = CARTESIAN_POINT('',(25.296602044543,222.885,-4.7625));
#740 = SURFACE_CURVE('',#741,(#746,#759),.PCURVE_S1.);
#741 = ELLIPSE('',#742,4.7806919763,4.7625);
#742 = AXIS2_PLACEMENT_3D('',#743,#744,#745);
#743 = CARTESIAN_POINT('',(25.296602044543,222.885,0.));
#744 = DIRECTION('',(-0.5,0.866025403784,0.));
#745 = DIRECTION('',(0.866025403784,0.5,0.));
#746 = PCURVE('',#448,#747);
#747 = DEFINITIONAL_REPRESENTATION('',(#748),#758);
#748 = B_SPLINE_CURVE_WITH_KNOTS('',8,(#749,#750,#751,#752,#753,#754,
    #755,#756,#757),.UNSPECIFIED.,.F.,.F.,(9,9),(1.570796326795,
    4.712388980385),.PIECEWISE_BEZIER_KNOTS.);
#749 = CARTESIAN_POINT('',(1.570796326795,5.091638491318));
#750 = CARTESIAN_POINT('',(1.963495408494,4.928014622673));
#751 = CARTESIAN_POINT('',(2.356194490188,4.764389449361));
#752 = CARTESIAN_POINT('',(2.748893571901,4.639228342001));
#753 = CARTESIAN_POINT('',(3.141592653568,4.590891388349));
#754 = CARTESIAN_POINT('',(3.5342917353,4.639228342001));
#755 = CARTESIAN_POINT('',(3.926990816982,4.764389449363));
#756 = CARTESIAN_POINT('',(4.319689898686,4.928014622673));
#757 = CARTESIAN_POINT('',(4.712388980385,5.091638491318));
#758 = ( GEOMETRIC_REPRESENTATION_CONTEXT(2) 
PARAMETRIC_REPRESENTATION_CONTEXT() REPRESENTATION_CONTEXT('2D SPACE',''
  ) );
#759 = PCURVE('',#720,#760);
#760 = DEFINITIONAL_REPRESENTATION('',(#761),#771);
#761 = B_SPLINE_CURVE_WITH_KNOTS('',8,(#762,#763,#764,#765,#766,#767,
    #768,#769,#770),.UNSPECIFIED.,.F.,.F.,(9,9),(1.570796326795,
    4.712388980385),.PIECEWISE_BEZIER_KNOTS.);
#762 = CARTESIAN_POINT('',(1.570796326795,8.526512829121E-14));
#763 = CARTESIAN_POINT('',(1.963495408494,0.163623868645));
#764 = CARTESIAN_POINT('',(2.356194490189,0.327249041947));
#765 = CARTESIAN_POINT('',(2.7488935719,0.452410149346));
#766 = CARTESIAN_POINT('',(3.141592653571,0.500747102914));
#767 = CARTESIAN_POINT('',(3.534291735296,0.452410149346));
#768 = CARTESIAN_POINT('',(3.926990816983,0.327249041947));
#769 = CARTESIAN_POINT('',(4.319689898686,0.163623868645));
#770 = CARTESIAN_POINT('',(4.712388980385,8.526512829121E-14));
#771 = ( GEOMETRIC_REPRESENTATION_CONTEXT(2) 
PARAMETRIC_REPRESENTATION_CONTEXT() REPRESENTATION_CONTEXT('2D SPACE',''
  ) );
#772 = ORIENTED_EDGE('',*,*,#773,.F.);
#773 = EDGE_CURVE('',#677,#738,#774,.T.);
#774 = SURFACE_CURVE('',#775,(#780,#792),.PCURVE_S1.);
#775 = ELLIPSE('',#776,4.7806919763,4.7625);
#776 = AXIS2_PLACEMENT_3D('',#777,#778,#779);
#777 = CARTESIAN_POINT('',(25.296602044543,222.885,0.));
#778 = DIRECTION('',(-0.5,0.866025403784,0.));
#779 = DIRECTION('',(0.866025403784,0.5,0.));
#780 = PCURVE('',#448,#781);
#781 = DEFINITIONAL_REPRESENTATION('',(#782),#791);
#782 = B_SPLINE_CURVE_WITH_KNOTS('',7,(#783,#784,#785,#786,#787,#788,
    #789,#790),.UNSPECIFIED.,.F.,.F.,(8,8),(0.,1.570796326795),
  .PIECEWISE_BEZIER_KNOTS.);
#783 = CARTESIAN_POINT('',(0.,5.50830325136));
#784 = CARTESIAN_POINT('',(0.224399475256,5.50830325136));
#785 = CARTESIAN_POINT('',(0.448798950513,5.483824749785));
#786 = CARTESIAN_POINT('',(0.673198425769,5.434871297639));
#787 = CARTESIAN_POINT('',(0.897597901026,5.364448420368));
#788 = CARTESIAN_POINT('',(1.121997376282,5.278636818678));
#789 = CARTESIAN_POINT('',(1.346396851538,5.18513784483));
#790 = CARTESIAN_POINT('',(1.570796326795,5.091638491318));
#791 = ( GEOMETRIC_REPRESENTATION_CONTEXT(2) 
PARAMETRIC_REPRESENTATION_CONTEXT() REPRESENTATION_CONTEXT('2D SPACE',''
  ) );
#792 = PCURVE('',#720,#793);
#793 = DEFINITIONAL_REPRESENTATION('',(#794),#803);
#794 = B_SPLINE_CURVE_WITH_KNOTS('',7,(#795,#796,#797,#798,#799,#800,
    #801,#802),.UNSPECIFIED.,.F.,.F.,(8,8),(0.,1.570796326795),
  .PIECEWISE_BEZIER_KNOTS.);
#795 = CARTESIAN_POINT('',(0.,-0.416664760042));
#796 = CARTESIAN_POINT('',(0.224399475256,-0.416664760042));
#797 = CARTESIAN_POINT('',(0.448798950513,-0.392186258466));
#798 = CARTESIAN_POINT('',(0.673198425769,-0.343232806321));
#799 = CARTESIAN_POINT('',(0.897597901026,-0.27280992905));
#800 = CARTESIAN_POINT('',(1.121997376282,-0.18699832736));
#801 = CARTESIAN_POINT('',(1.346396851538,-9.349935351123E-02));
#802 = CARTESIAN_POINT('',(1.570796326795,8.526512829121E-14));
#803 = ( GEOMETRIC_REPRESENTATION_CONTEXT(2) 
PARAMETRIC_REPRESENTATION_CONTEXT() REPRESENTATION_CONTEXT('2D SPACE',''
  ) );
#804 = ORIENTED_EDGE('',*,*,#676,.F.);
#805 = ORIENTED_EDGE('',*,*,#501,.T.);
#806 = ORIENTED_EDGE('',*,*,#465,.T.);
#807 = ORIENTED_EDGE('',*,*,#426,.T.);
#808 = ADVANCED_FACE('',(#809),#588,.T.);
#809 = FACE_BOUND('',#810,.T.);
#810 = EDGE_LOOP('',(#811,#833,#834,#835,#836,#837,#876,#912));
#811 = ORIENTED_EDGE('',*,*,#812,.T.);
#812 = EDGE_CURVE('',#813,#541,#815,.T.);
#813 = VERTEX_POINT('',#814);
#814 = CARTESIAN_POINT('',(29.436802743688,191.28465401185,0.));
#815 = SEAM_CURVE('',#816,(#820,#826),.PCURVE_S1.);
#816 = LINE('',#817,#818);
#817 = CARTESIAN_POINT('',(29.612892880305,191.66228052846,0.));
#818 = VECTOR('',#819,1.);
#819 = DIRECTION('',(0.422618261741,0.906307787037,0.));
#820 = PCURVE('',#588,#821);
#821 = DEFINITIONAL_REPRESENTATION('',(#822),#825);
#822 = B_SPLINE_CURVE_WITH_KNOTS('',1,(#823,#824),.UNSPECIFIED.,.F.,.F.,
  (2,2),(-2.30092028444,7.392558775758),.PIECEWISE_BEZIER_KNOTS.);
#823 = CARTESIAN_POINT('',(6.28318530718,-2.30092028444));
#824 = CARTESIAN_POINT('',(6.28318530718,7.392558775758));
#825 = ( GEOMETRIC_REPRESENTATION_CONTEXT(2) 
PARAMETRIC_REPRESENTATION_CONTEXT() REPRESENTATION_CONTEXT('2D SPACE',''
  ) );
#826 = PCURVE('',#588,#827);
#827 = DEFINITIONAL_REPRESENTATION('',(#828),#832);
#828 = LINE('',#829,#830);
#829 = CARTESIAN_POINT('',(0.,0.));
#830 = VECTOR('',#831,1.);
#831 = DIRECTION('',(0.,1.));
#832 = ( GEOMETRIC_REPRESENTATION_CONTEXT(2) 
PARAMETRIC_REPRESENTATION_CONTEXT() REPRESENTATION_CONTEXT('2D SPACE',''
  ) );
#833 = ORIENTED_EDGE('',*,*,#641,.F.);
#834 = ORIENTED_EDGE('',*,*,#605,.F.);
#835 = ORIENTED_EDGE('',*,*,#566,.F.);
#836 = ORIENTED_EDGE('',*,*,#812,.F.);
#837 = ORIENTED_EDGE('',*,*,#838,.T.);
#838 = EDGE_CURVE('',#813,#839,#841,.T.);
#839 = VERTEX_POINT('',#840);
#840 = CARTESIAN_POINT('',(25.296602044543,193.675,-4.7625));
#841 = SURFACE_CURVE('',#842,(#847,#859),.PCURVE_S1.);
#842 = ELLIPSE('',#843,4.7806919763,4.7625);
#843 = AXIS2_PLACEMENT_3D('',#844,#845,#846);
#844 = CARTESIAN_POINT('',(25.296602044543,193.675,0.));
#845 = DIRECTION('',(0.5,0.866025403784,0.));
#846 = DIRECTION('',(0.866025403784,-0.5,0.));
#847 = PCURVE('',#588,#848);
#848 = DEFINITIONAL_REPRESENTATION('',(#849),#858);
#849 = B_SPLINE_CURVE_WITH_KNOTS('',7,(#850,#851,#852,#853,#854,#855,
    #856,#857),.UNSPECIFIED.,.F.,.F.,(8,8),(0.,1.570796326795),
  .PIECEWISE_BEZIER_KNOTS.);
#850 = CARTESIAN_POINT('',(0.,-0.416664760042));
#851 = CARTESIAN_POINT('',(0.224399475256,-0.416664760042));
#852 = CARTESIAN_POINT('',(0.448798950513,-0.392186258467));
#853 = CARTESIAN_POINT('',(0.673198425769,-0.343232806321));
#854 = CARTESIAN_POINT('',(0.897597901026,-0.27280992905));
#855 = CARTESIAN_POINT('',(1.121997376282,-0.18699832736));
#856 = CARTESIAN_POINT('',(1.346396851538,-9.349935351143E-02));
#857 = CARTESIAN_POINT('',(1.570796326795,-1.136868377216E-13));
#858 = ( GEOMETRIC_REPRESENTATION_CONTEXT(2) 
PARAMETRIC_REPRESENTATION_CONTEXT() REPRESENTATION_CONTEXT('2D SPACE',''
  ) );
#859 = PCURVE('',#860,#865);
#860 = CYLINDRICAL_SURFACE('',#861,4.7625);
#861 = AXIS2_PLACEMENT_3D('',#862,#863,#864);
#862 = CARTESIAN_POINT('',(22.376158183505,189.50417392105,0.));
#863 = DIRECTION('',(0.573576436351,0.819152044289,0.));
#864 = DIRECTION('',(0.819152044289,-0.573576436351,0.));
#865 = DEFINITIONAL_REPRESENTATION('',(#866),#875);
#866 = B_SPLINE_CURVE_WITH_KNOTS('',7,(#867,#868,#869,#870,#871,#872,
    #873,#874),.UNSPECIFIED.,.F.,.F.,(8,8),(0.,1.570796326795),
  .PIECEWISE_BEZIER_KNOTS.);
#867 = CARTESIAN_POINT('',(0.,5.50830325136));
#868 = CARTESIAN_POINT('',(0.224399475256,5.50830325136));
#869 = CARTESIAN_POINT('',(0.448798950513,5.483824749784));
#870 = CARTESIAN_POINT('',(0.673198425769,5.43487129764));
#871 = CARTESIAN_POINT('',(0.897597901026,5.364448420368));
#872 = CARTESIAN_POINT('',(1.121997376282,5.278636818678));
#873 = CARTESIAN_POINT('',(1.346396851538,5.185137844829));
#874 = CARTESIAN_POINT('',(1.570796326795,5.091638491318));
#875 = ( GEOMETRIC_REPRESENTATION_CONTEXT(2) 
PARAMETRIC_REPRESENTATION_CONTEXT() REPRESENTATION_CONTEXT('2D SPACE',''
  ) );
#876 = ORIENTED_EDGE('',*,*,#877,.T.);
#877 = EDGE_CURVE('',#839,#878,#880,.T.);
#878 = VERTEX_POINT('',#879);
#879 = CARTESIAN_POINT('',(25.296602044543,193.675,4.7625));
#880 = SURFACE_CURVE('',#881,(#886,#899),.PCURVE_S1.);
#881 = ELLIPSE('',#882,4.7806919763,4.7625);
#882 = AXIS2_PLACEMENT_3D('',#883,#884,#885);
#883 = CARTESIAN_POINT('',(25.296602044543,193.675,0.));
#884 = DIRECTION('',(0.5,0.866025403784,0.));
#885 = DIRECTION('',(0.866025403784,-0.5,0.));
#886 = PCURVE('',#588,#887);
#887 = DEFINITIONAL_REPRESENTATION('',(#888),#898);
#888 = B_SPLINE_CURVE_WITH_KNOTS('',8,(#889,#890,#891,#892,#893,#894,
    #895,#896,#897),.UNSPECIFIED.,.F.,.F.,(9,9),(1.570796326795,
    4.712388980385),.PIECEWISE_BEZIER_KNOTS.);
#889 = CARTESIAN_POINT('',(1.570796326795,-1.136868377216E-13));
#890 = CARTESIAN_POINT('',(1.963495408494,0.163623868645));
#891 = CARTESIAN_POINT('',(2.35619449019,0.327249041947));
#892 = CARTESIAN_POINT('',(2.748893571894,0.452410149346));
#893 = CARTESIAN_POINT('',(3.141592653583,0.500747102914));
#894 = CARTESIAN_POINT('',(3.534291735292,0.452410149346));
#895 = CARTESIAN_POINT('',(3.926990816984,0.327249041947));
#896 = CARTESIAN_POINT('',(4.319689898686,0.163623868645));
#897 = CARTESIAN_POINT('',(4.712388980385,-1.136868377216E-13));
#898 = ( GEOMETRIC_REPRESENTATION_CONTEXT(2) 
PARAMETRIC_REPRESENTATION_CONTEXT() REPRESENTATION_CONTEXT('2D SPACE',''
  ) );
#899 = PCURVE('',#860,#900);
#900 = DEFINITIONAL_REPRESENTATION('',(#901),#911);
#901 = B_SPLINE_CURVE_WITH_KNOTS('',8,(#902,#903,#904,#905,#906,#907,
    #908,#909,#910),.UNSPECIFIED.,.F.,.F.,(9,9),(1.570796326795,
    4.712388980385),.PIECEWISE_BEZIER_KNOTS.);
#902 = CARTESIAN_POINT('',(1.570796326795,5.091638491318));
#903 = CARTESIAN_POINT('',(1.963495408494,4.928014622673));
#904 = CARTESIAN_POINT('',(2.356194490188,4.764389449373));
#905 = CARTESIAN_POINT('',(2.748893571902,4.63922834196));
#906 = CARTESIAN_POINT('',(3.141592653571,4.590891388423));
#907 = CARTESIAN_POINT('',(3.534291735302,4.63922834196));
#908 = CARTESIAN_POINT('',(3.926990816982,4.764389449373));
#909 = CARTESIAN_POINT('',(4.319689898686,4.928014622673));
#910 = CARTESIAN_POINT('',(4.712388980385,5.091638491318));
#911 = ( GEOMETRIC_REPRESENTATION_CONTEXT(2) 
PARAMETRIC_REPRESENTATION_CONTEXT() REPRESENTATION_CONTEXT('2D SPACE',''
  ) );
#912 = ORIENTED_EDGE('',*,*,#913,.T.);
#913 = EDGE_CURVE('',#878,#813,#914,.T.);
#914 = SURFACE_CURVE('',#915,(#920,#932),.PCURVE_S1.);
#915 = ELLIPSE('',#916,4.7806919763,4.7625);
#916 = AXIS2_PLACEMENT_3D('',#917,#918,#919);
#917 = CARTESIAN_POINT('',(25.296602044543,193.675,0.));
#918 = DIRECTION('',(0.5,0.866025403784,0.));
#919 = DIRECTION('',(0.866025403784,-0.5,0.));
#920 = PCURVE('',#588,#921);
#921 = DEFINITIONAL_REPRESENTATION('',(#922),#931);
#922 = B_SPLINE_CURVE_WITH_KNOTS('',7,(#923,#924,#925,#926,#927,#928,
    #929,#930),.UNSPECIFIED.,.F.,.F.,(8,8),(4.712388980385,6.28318530718
    ),.PIECEWISE_BEZIER_KNOTS.);
#923 = CARTESIAN_POINT('',(4.712388980385,-1.136868377216E-13));
#924 = CARTESIAN_POINT('',(4.936788455641,-9.349935351143E-02));
#925 = CARTESIAN_POINT('',(5.161187930897,-0.18699832736));
#926 = CARTESIAN_POINT('',(5.385587406155,-0.27280992905));
#927 = CARTESIAN_POINT('',(5.60998688141,-0.343232806321));
#928 = CARTESIAN_POINT('',(5.834386356667,-0.392186258467));
#929 = CARTESIAN_POINT('',(6.058785831923,-0.416664760042));
#930 = CARTESIAN_POINT('',(6.28318530718,-0.416664760042));
#931 = ( GEOMETRIC_REPRESENTATION_CONTEXT(2) 
PARAMETRIC_REPRESENTATION_CONTEXT() REPRESENTATION_CONTEXT('2D SPACE',''
  ) );
#932 = PCURVE('',#860,#933);
#933 = DEFINITIONAL_REPRESENTATION('',(#934),#943);
#934 = B_SPLINE_CURVE_WITH_KNOTS('',7,(#935,#936,#937,#938,#939,#940,
    #941,#942),.UNSPECIFIED.,.F.,.F.,(8,8),(4.712388980385,6.28318530718
    ),.PIECEWISE_BEZIER_KNOTS.);
#935 = CARTESIAN_POINT('',(4.712388980385,5.091638491318));
#936 = CARTESIAN_POINT('',(4.936788455641,5.185137844829));
#937 = CARTESIAN_POINT('',(5.161187930898,5.278636818677));
#938 = CARTESIAN_POINT('',(5.385587406155,5.36444842037));
#939 = CARTESIAN_POINT('',(5.60998688141,5.434871297638));
#940 = CARTESIAN_POINT('',(5.834386356667,5.483824749785));
#941 = CARTESIAN_POINT('',(6.058785831923,5.50830325136));
#942 = CARTESIAN_POINT('',(6.28318530718,5.50830325136));
#943 = ( GEOMETRIC_REPRESENTATION_CONTEXT(2) 
PARAMETRIC_REPRESENTATION_CONTEXT() REPRESENTATION_CONTEXT('2D SPACE',''
  ) );
#944 = ADVANCED_FACE('',(#945),#720,.T.);
#945 = FACE_BOUND('',#946,.T.);
#946 = EDGE_LOOP('',(#947,#969,#1008,#1044,#1076,#1077,#1078,#1079));
#947 = ORIENTED_EDGE('',*,*,#948,.T.);
#948 = EDGE_CURVE('',#677,#949,#951,.T.);
#949 = VERTEX_POINT('',#950);
#950 = CARTESIAN_POINT('',(26.038380706214,230.12879564703,
    2.91619019047E-16));
#951 = SEAM_CURVE('',#952,(#956,#962),.PCURVE_S1.);
#952 = LINE('',#953,#954);
#953 = CARTESIAN_POINT('',(29.19781365547,225.61665777812,0.));
#954 = VECTOR('',#955,1.);
#955 = DIRECTION('',(-0.573576436351,0.819152044289,0.));
#956 = PCURVE('',#720,#957);
#957 = DEFINITIONAL_REPRESENTATION('',(#958),#961);
#958 = B_SPLINE_CURVE_WITH_KNOTS('',1,(#959,#960),.UNSPECIFIED.,.F.,.F.,
  (2,2),(-2.30092028444,7.392558775758),.PIECEWISE_BEZIER_KNOTS.);
#959 = CARTESIAN_POINT('',(6.28318530718,-2.30092028444));
#960 = CARTESIAN_POINT('',(6.28318530718,7.392558775758));
#961 = ( GEOMETRIC_REPRESENTATION_CONTEXT(2) 
PARAMETRIC_REPRESENTATION_CONTEXT() REPRESENTATION_CONTEXT('2D SPACE',''
  ) );
#962 = PCURVE('',#720,#963);
#963 = DEFINITIONAL_REPRESENTATION('',(#964),#968);
#964 = LINE('',#965,#966);
#965 = CARTESIAN_POINT('',(0.,0.));
#966 = VECTOR('',#967,1.);
#967 = DIRECTION('',(0.,1.));
#968 = ( GEOMETRIC_REPRESENTATION_CONTEXT(2) 
PARAMETRIC_REPRESENTATION_CONTEXT() REPRESENTATION_CONTEXT('2D SPACE',''
  ) );
#969 = ORIENTED_EDGE('',*,*,#970,.F.);
#970 = EDGE_CURVE('',#971,#949,#973,.T.);
#971 = VERTEX_POINT('',#972);
#972 = CARTESIAN_POINT('',(22.376158183505,227.05582607894,4.7625));
#973 = SURFACE_CURVE('',#974,(#979,#991),.PCURVE_S1.);
#974 = ELLIPSE('',#975,4.7806919763,4.7625);
#975 = AXIS2_PLACEMENT_3D('',#976,#977,#978);
#976 = CARTESIAN_POINT('',(22.376158183505,227.05582607894,0.));
#977 = DIRECTION('',(-0.642787609687,0.766044443119,0.));
#978 = DIRECTION('',(0.766044443119,0.642787609687,0.));
#979 = PCURVE('',#720,#980);
#980 = DEFINITIONAL_REPRESENTATION('',(#981),#990);
#981 = B_SPLINE_CURVE_WITH_KNOTS('',7,(#982,#983,#984,#985,#986,#987,
    #988,#989),.UNSPECIFIED.,.F.,.F.,(8,8),(4.712388980385,6.28318530718
    ),.PIECEWISE_BEZIER_KNOTS.);
#982 = CARTESIAN_POINT('',(4.712388980385,5.091638491318));
#983 = CARTESIAN_POINT('',(4.936788455641,5.18513784483));
#984 = CARTESIAN_POINT('',(5.161187930898,5.278636818679));
#985 = CARTESIAN_POINT('',(5.385587406153,5.364448420366));
#986 = CARTESIAN_POINT('',(5.609986881413,5.434871297643));
#987 = CARTESIAN_POINT('',(5.834386356666,5.483824749784));
#988 = CARTESIAN_POINT('',(6.058785831923,5.508303251361));
#989 = CARTESIAN_POINT('',(6.28318530718,5.508303251361));
#990 = ( GEOMETRIC_REPRESENTATION_CONTEXT(2) 
PARAMETRIC_REPRESENTATION_CONTEXT() REPRESENTATION_CONTEXT('2D SPACE',''
  ) );
#991 = PCURVE('',#992,#997);
#992 = CYLINDRICAL_SURFACE('',#993,4.7625);
#993 = AXIS2_PLACEMENT_3D('',#994,#995,#996);
#994 = CARTESIAN_POINT('',(22.376158183505,227.05582607894,
    1.740327774012E-30));
#995 = DIRECTION('',(-0.707106781187,0.707106781187,0.));
#996 = DIRECTION('',(0.707106781187,0.707106781187,1.224646799147E-16));
#997 = DEFINITIONAL_REPRESENTATION('',(#998),#1007);
#998 = B_SPLINE_CURVE_WITH_KNOTS('',7,(#999,#1000,#1001,#1002,#1003,
    #1004,#1005,#1006),.UNSPECIFIED.,.F.,.F.,(8,8),(4.712388980385,
    6.28318530718),.PIECEWISE_BEZIER_KNOTS.);
#999 = CARTESIAN_POINT('',(4.712388980385,1.136868377216E-13));
#1000 = CARTESIAN_POINT('',(4.936788455641,-9.34993535112E-02));
#1001 = CARTESIAN_POINT('',(5.161187930897,-0.18699832736));
#1002 = CARTESIAN_POINT('',(5.385587406156,-0.272809929049));
#1003 = CARTESIAN_POINT('',(5.60998688141,-0.343232806321));
#1004 = CARTESIAN_POINT('',(5.834386356667,-0.392186258466));
#1005 = CARTESIAN_POINT('',(6.058785831923,-0.416664760042));
#1006 = CARTESIAN_POINT('',(6.28318530718,-0.416664760042));
#1007 = ( GEOMETRIC_REPRESENTATION_CONTEXT(2) 
PARAMETRIC_REPRESENTATION_CONTEXT() REPRESENTATION_CONTEXT('2D SPACE',''
  ) );
#1008 = ORIENTED_EDGE('',*,*,#1009,.F.);
#1009 = EDGE_CURVE('',#1010,#971,#1012,.T.);
#1010 = VERTEX_POINT('',#1011);
#1011 = CARTESIAN_POINT('',(22.376158183505,227.05582607894,-4.7625));
#1012 = SURFACE_CURVE('',#1013,(#1018,#1031),.PCURVE_S1.);
#1013 = ELLIPSE('',#1014,4.7806919763,4.7625);
#1014 = AXIS2_PLACEMENT_3D('',#1015,#1016,#1017);
#1015 = CARTESIAN_POINT('',(22.376158183505,227.05582607894,0.));
#1016 = DIRECTION('',(-0.642787609687,0.766044443119,0.));
#1017 = DIRECTION('',(0.766044443119,0.642787609687,0.));
#1018 = PCURVE('',#720,#1019);
#1019 = DEFINITIONAL_REPRESENTATION('',(#1020),#1030);
#1020 = B_SPLINE_CURVE_WITH_KNOTS('',8,(#1021,#1022,#1023,#1024,#1025,
    #1026,#1027,#1028,#1029),.UNSPECIFIED.,.F.,.F.,(9,9),(1.570796326795
    ,4.712388980385),.PIECEWISE_BEZIER_KNOTS.);
#1021 = CARTESIAN_POINT('',(1.570796326795,5.091638491318));
#1022 = CARTESIAN_POINT('',(1.963495408494,4.928014622674));
#1023 = CARTESIAN_POINT('',(2.356194490191,4.764389449369));
#1024 = CARTESIAN_POINT('',(2.748893571886,4.639228341966));
#1025 = CARTESIAN_POINT('',(3.14159265359,4.590891388404));
#1026 = CARTESIAN_POINT('',(3.534291735285,4.639228341966));
#1027 = CARTESIAN_POINT('',(3.926990816986,4.76438944937));
#1028 = CARTESIAN_POINT('',(4.319689898686,4.928014622674));
#1029 = CARTESIAN_POINT('',(4.712388980385,5.091638491318));
#1030 = ( GEOMETRIC_REPRESENTATION_CONTEXT(2) 
PARAMETRIC_REPRESENTATION_CONTEXT() REPRESENTATION_CONTEXT('2D SPACE',''
  ) );
#1031 = PCURVE('',#992,#1032);
#1032 = DEFINITIONAL_REPRESENTATION('',(#1033),#1043);
#1033 = B_SPLINE_CURVE_WITH_KNOTS('',8,(#1034,#1035,#1036,#1037,#1038,
    #1039,#1040,#1041,#1042),.UNSPECIFIED.,.F.,.F.,(9,9),(1.570796326795
    ,4.712388980385),.PIECEWISE_BEZIER_KNOTS.);
#1034 = CARTESIAN_POINT('',(1.570796326795,1.136868377216E-13));
#1035 = CARTESIAN_POINT('',(1.963495408494,0.163623868645));
#1036 = CARTESIAN_POINT('',(2.356194490189,0.327249041947));
#1037 = CARTESIAN_POINT('',(2.748893571898,0.452410149347));
#1038 = CARTESIAN_POINT('',(3.141592653569,0.500747102912));
#1039 = CARTESIAN_POINT('',(3.534291735297,0.452410149346));
#1040 = CARTESIAN_POINT('',(3.926990816983,0.327249041947));
#1041 = CARTESIAN_POINT('',(4.319689898686,0.163623868645));
#1042 = CARTESIAN_POINT('',(4.712388980385,1.136868377216E-13));
#1043 = ( GEOMETRIC_REPRESENTATION_CONTEXT(2) 
PARAMETRIC_REPRESENTATION_CONTEXT() REPRESENTATION_CONTEXT('2D SPACE',''
  ) );
#1044 = ORIENTED_EDGE('',*,*,#1045,.F.);
#1045 = EDGE_CURVE('',#949,#1010,#1046,.T.);
#1046 = SURFACE_CURVE('',#1047,(#1052,#1064),.PCURVE_S1.);
#1047 = ELLIPSE('',#1048,4.7806919763,4.7625);
#1048 = AXIS2_PLACEMENT_3D('',#1049,#1050,#1051);
#1049 = CARTESIAN_POINT('',(22.376158183505,227.05582607894,0.));
#1050 = DIRECTION('',(-0.642787609687,0.766044443119,0.));
#1051 = DIRECTION('',(0.766044443119,0.642787609687,0.));
#1052 = PCURVE('',#720,#1053);
#1053 = DEFINITIONAL_REPRESENTATION('',(#1054),#1063);
#1054 = B_SPLINE_CURVE_WITH_KNOTS('',7,(#1055,#1056,#1057,#1058,#1059,
    #1060,#1061,#1062),.UNSPECIFIED.,.F.,.F.,(8,8),(0.,1.570796326795),
  .PIECEWISE_BEZIER_KNOTS.);
#1055 = CARTESIAN_POINT('',(0.,5.508303251361));
#1056 = CARTESIAN_POINT('',(0.224399475256,5.508303251361));
#1057 = CARTESIAN_POINT('',(0.448798950513,5.483824749786));
#1058 = CARTESIAN_POINT('',(0.673198425769,5.434871297639));
#1059 = CARTESIAN_POINT('',(0.897597901026,5.36444842037));
#1060 = CARTESIAN_POINT('',(1.121997376282,5.278636818678));
#1061 = CARTESIAN_POINT('',(1.346396851538,5.18513784483));
#1062 = CARTESIAN_POINT('',(1.570796326795,5.091638491318));
#1063 = ( GEOMETRIC_REPRESENTATION_CONTEXT(2) 
PARAMETRIC_REPRESENTATION_CONTEXT() REPRESENTATION_CONTEXT('2D SPACE',''
  ) );
#1064 = PCURVE('',#992,#1065);
#1065 = DEFINITIONAL_REPRESENTATION('',(#1066),#1075);
#1066 = B_SPLINE_CURVE_WITH_KNOTS('',7,(#1067,#1068,#1069,#1070,#1071,
    #1072,#1073,#1074),.UNSPECIFIED.,.F.,.F.,(8,8),(0.,1.570796326795),
  .PIECEWISE_BEZIER_KNOTS.);
#1067 = CARTESIAN_POINT('',(1.224646799147E-16,-0.416664760042));
#1068 = CARTESIAN_POINT('',(0.224399475256,-0.416664760042));
#1069 = CARTESIAN_POINT('',(0.448798950513,-0.392186258466));
#1070 = CARTESIAN_POINT('',(0.673198425769,-0.343232806321));
#1071 = CARTESIAN_POINT('',(0.897597901026,-0.272809929049));
#1072 = CARTESIAN_POINT('',(1.121997376282,-0.18699832736));
#1073 = CARTESIAN_POINT('',(1.346396851538,-9.34993535112E-02));
#1074 = CARTESIAN_POINT('',(1.570796326795,1.136868377216E-13));
#1075 = ( GEOMETRIC_REPRESENTATION_CONTEXT(2) 
PARAMETRIC_REPRESENTATION_CONTEXT() REPRESENTATION_CONTEXT('2D SPACE',''
  ) );
#1076 = ORIENTED_EDGE('',*,*,#948,.F.);
#1077 = ORIENTED_EDGE('',*,*,#773,.T.);
#1078 = ORIENTED_EDGE('',*,*,#737,.T.);
#1079 = ORIENTED_EDGE('',*,*,#698,.T.);
#1080 = ADVANCED_FACE('',(#1081),#860,.T.);
#1081 = FACE_BOUND('',#1082,.T.);
#1082 = EDGE_LOOP('',(#1083,#1105,#1106,#1107,#1108,#1109,#1148,#1184));
#1083 = ORIENTED_EDGE('',*,*,#1084,.T.);
#1084 = EDGE_CURVE('',#1085,#813,#1087,.T.);
#1085 = VERTEX_POINT('',#1086);
#1086 = CARTESIAN_POINT('',(26.038380706214,186.43120435296,
    2.91619019047E-16));
#1087 = SEAM_CURVE('',#1088,(#1092,#1098),.PCURVE_S1.);
#1088 = LINE('',#1089,#1090);
#1089 = CARTESIAN_POINT('',(26.277369794432,186.77251614293,0.));
#1090 = VECTOR('',#1091,1.);
#1091 = DIRECTION('',(0.573576436351,0.819152044289,0.));
#1092 = PCURVE('',#860,#1093);
#1093 = DEFINITIONAL_REPRESENTATION('',(#1094),#1097);
#1094 = B_SPLINE_CURVE_WITH_KNOTS('',1,(#1095,#1096),.UNSPECIFIED.,.F.,
  .F.,(2,2),(-2.30092028444,7.392558775758),.PIECEWISE_BEZIER_KNOTS.);
#1095 = CARTESIAN_POINT('',(6.28318530718,-2.30092028444));
#1096 = CARTESIAN_POINT('',(6.28318530718,7.392558775758));
#1097 = ( GEOMETRIC_REPRESENTATION_CONTEXT(2) 
PARAMETRIC_REPRESENTATION_CONTEXT() REPRESENTATION_CONTEXT('2D SPACE',''
  ) );
#1098 = PCURVE('',#860,#1099);
#1099 = DEFINITIONAL_REPRESENTATION('',(#1100),#1104);
#1100 = LINE('',#1101,#1102);
#1101 = CARTESIAN_POINT('',(0.,0.));
#1102 = VECTOR('',#1103,1.);
#1103 = DIRECTION('',(0.,1.));
#1104 = ( GEOMETRIC_REPRESENTATION_CONTEXT(2) 
PARAMETRIC_REPRESENTATION_CONTEXT() REPRESENTATION_CONTEXT('2D SPACE',''
  ) );
#1105 = ORIENTED_EDGE('',*,*,#913,.F.);
#1106 = ORIENTED_EDGE('',*,*,#877,.F.);
#1107 = ORIENTED_EDGE('',*,*,#838,.F.);
#1108 = ORIENTED_EDGE('',*,*,#1084,.F.);
#1109 = ORIENTED_EDGE('',*,*,#1110,.T.);
#1110 = EDGE_CURVE('',#1085,#1111,#1113,.T.);
#1111 = VERTEX_POINT('',#1112);
#1112 = CARTESIAN_POINT('',(22.376158183505,189.50417392105,-4.7625));
#1113 = SURFACE_CURVE('',#1114,(#1119,#1131),.PCURVE_S1.);
#1114 = ELLIPSE('',#1115,4.7806919763,4.7625);
#1115 = AXIS2_PLACEMENT_3D('',#1116,#1117,#1118);
#1116 = CARTESIAN_POINT('',(22.376158183505,189.50417392105,
    1.740327774012E-30));
#1117 = DIRECTION('',(0.642787609687,0.766044443119,0.));
#1118 = DIRECTION('',(0.766044443119,-0.642787609687,0.));
#1119 = PCURVE('',#860,#1120);
#1120 = DEFINITIONAL_REPRESENTATION('',(#1121),#1130);
#1121 = B_SPLINE_CURVE_WITH_KNOTS('',7,(#1122,#1123,#1124,#1125,#1126,
    #1127,#1128,#1129),.UNSPECIFIED.,.F.,.F.,(8,8),(0.,1.570796326795),
  .PIECEWISE_BEZIER_KNOTS.);
#1122 = CARTESIAN_POINT('',(0.,-0.416664760042));
#1123 = CARTESIAN_POINT('',(0.224399475256,-0.416664760042));
#1124 = CARTESIAN_POINT('',(0.448798950513,-0.392186258466));
#1125 = CARTESIAN_POINT('',(0.673198425769,-0.343232806322));
#1126 = CARTESIAN_POINT('',(0.897597901026,-0.272809929049));
#1127 = CARTESIAN_POINT('',(1.121997376282,-0.18699832736));
#1128 = CARTESIAN_POINT('',(1.346396851538,-9.349935351114E-02));
#1129 = CARTESIAN_POINT('',(1.570796326795,1.705302565824E-13));
#1130 = ( GEOMETRIC_REPRESENTATION_CONTEXT(2) 
PARAMETRIC_REPRESENTATION_CONTEXT() REPRESENTATION_CONTEXT('2D SPACE',''
  ) );
#1131 = PCURVE('',#1132,#1137);
#1132 = CYLINDRICAL_SURFACE('',#1133,4.7625);
#1133 = AXIS2_PLACEMENT_3D('',#1134,#1135,#1136);
#1134 = CARTESIAN_POINT('',(18.775826078944,185.90384181649,
    1.740327774012E-30));
#1135 = DIRECTION('',(0.707106781187,0.707106781187,0.));
#1136 = DIRECTION('',(0.707106781187,-0.707106781187,1.224646799147E-16)
  );
#1137 = DEFINITIONAL_REPRESENTATION('',(#1138),#1147);
#1138 = B_SPLINE_CURVE_WITH_KNOTS('',7,(#1139,#1140,#1141,#1142,#1143,
    #1144,#1145,#1146),.UNSPECIFIED.,.F.,.F.,(8,8),(0.,1.570796326795),
  .PIECEWISE_BEZIER_KNOTS.);
#1139 = CARTESIAN_POINT('',(1.224646799147E-16,5.508303251361));
#1140 = CARTESIAN_POINT('',(0.224399475256,5.508303251361));
#1141 = CARTESIAN_POINT('',(0.448798950513,5.483824749783));
#1142 = CARTESIAN_POINT('',(0.673198425769,5.434871297644));
#1143 = CARTESIAN_POINT('',(0.897597901026,5.364448420365));
#1144 = CARTESIAN_POINT('',(1.121997376282,5.27863681868));
#1145 = CARTESIAN_POINT('',(1.346396851538,5.18513784483));
#1146 = CARTESIAN_POINT('',(1.570796326795,5.091638491318));
#1147 = ( GEOMETRIC_REPRESENTATION_CONTEXT(2) 
PARAMETRIC_REPRESENTATION_CONTEXT() REPRESENTATION_CONTEXT('2D SPACE',''
  ) );
#1148 = ORIENTED_EDGE('',*,*,#1149,.T.);
#1149 = EDGE_CURVE('',#1111,#1150,#1152,.T.);
#1150 = VERTEX_POINT('',#1151);
#1151 = CARTESIAN_POINT('',(22.376158183505,189.50417392105,4.7625));
#1152 = SURFACE_CURVE('',#1153,(#1158,#1171),.PCURVE_S1.);
#1153 = ELLIPSE('',#1154,4.7806919763,4.7625);
#1154 = AXIS2_PLACEMENT_3D('',#1155,#1156,#1157);
#1155 = CARTESIAN_POINT('',(22.376158183505,189.50417392105,
    1.740327774012E-30));
#1156 = DIRECTION('',(0.642787609687,0.766044443119,0.));
#1157 = DIRECTION('',(0.766044443119,-0.642787609687,0.));
#1158 = PCURVE('',#860,#1159);
#1159 = DEFINITIONAL_REPRESENTATION('',(#1160),#1170);
#1160 = B_SPLINE_CURVE_WITH_KNOTS('',8,(#1161,#1162,#1163,#1164,#1165,
    #1166,#1167,#1168,#1169),.UNSPECIFIED.,.F.,.F.,(9,9),(1.570796326795
    ,4.712388980385),.PIECEWISE_BEZIER_KNOTS.);
#1161 = CARTESIAN_POINT('',(1.570796326795,1.705302565824E-13));
#1162 = CARTESIAN_POINT('',(1.963495408494,0.163623868645));
#1163 = CARTESIAN_POINT('',(2.356194490191,0.327249041947));
#1164 = CARTESIAN_POINT('',(2.748893571893,0.452410149346));
#1165 = CARTESIAN_POINT('',(3.141592653581,0.500747102914));
#1166 = CARTESIAN_POINT('',(3.534291735288,0.452410149346));
#1167 = CARTESIAN_POINT('',(3.926990816985,0.327249041947));
#1168 = CARTESIAN_POINT('',(4.319689898686,0.163623868645));
#1169 = CARTESIAN_POINT('',(4.712388980385,1.705302565824E-13));
#1170 = ( GEOMETRIC_REPRESENTATION_CONTEXT(2) 
PARAMETRIC_REPRESENTATION_CONTEXT() REPRESENTATION_CONTEXT('2D SPACE',''
  ) );
#1171 = PCURVE('',#1132,#1172);
#1172 = DEFINITIONAL_REPRESENTATION('',(#1173),#1183);
#1173 = B_SPLINE_CURVE_WITH_KNOTS('',8,(#1174,#1175,#1176,#1177,#1178,
    #1179,#1180,#1181,#1182),.UNSPECIFIED.,.F.,.F.,(9,9),(1.570796326795
    ,4.712388980385),.PIECEWISE_BEZIER_KNOTS.);
#1174 = CARTESIAN_POINT('',(1.570796326795,5.091638491318));
#1175 = CARTESIAN_POINT('',(1.963495408494,4.928014622674));
#1176 = CARTESIAN_POINT('',(2.356194490188,4.764389449366));
#1177 = CARTESIAN_POINT('',(2.748893571895,4.639228341976));
#1178 = CARTESIAN_POINT('',(3.141592653573,4.590891388376));
#1179 = CARTESIAN_POINT('',(3.53429173529,4.639228341979));
#1180 = CARTESIAN_POINT('',(3.926990816984,4.764389449366));
#1181 = CARTESIAN_POINT('',(4.319689898686,4.928014622674));
#1182 = CARTESIAN_POINT('',(4.712388980385,5.091638491318));
#1183 = ( GEOMETRIC_REPRESENTATION_CONTEXT(2) 
PARAMETRIC_REPRESENTATION_CONTEXT() REPRESENTATION_CONTEXT('2D SPACE',''
  ) );
#1184 = ORIENTED_EDGE('',*,*,#1185,.T.);
#1185 = EDGE_CURVE('',#1150,#1085,#1186,.T.);
#1186 = SURFACE_CURVE('',#1187,(#1192,#1204),.PCURVE_S1.);
#1187 = ELLIPSE('',#1188,4.7806919763,4.7625);
#1188 = AXIS2_PLACEMENT_3D('',#1189,#1190,#1191);
#1189 = CARTESIAN_POINT('',(22.376158183505,189.50417392105,
    1.740327774012E-30));
#1190 = DIRECTION('',(0.642787609687,0.766044443119,0.));
#1191 = DIRECTION('',(0.766044443119,-0.642787609687,0.));
#1192 = PCURVE('',#860,#1193);
#1193 = DEFINITIONAL_REPRESENTATION('',(#1194),#1203);
#1194 = B_SPLINE_CURVE_WITH_KNOTS('',7,(#1195,#1196,#1197,#1198,#1199,
    #1200,#1201,#1202),.UNSPECIFIED.,.F.,.F.,(8,8),(4.712388980385,
    6.28318530718),.PIECEWISE_BEZIER_KNOTS.);
#1195 = CARTESIAN_POINT('',(4.712388980385,1.705302565824E-13));
#1196 = CARTESIAN_POINT('',(4.936788455641,-9.349935351114E-02));
#1197 = CARTESIAN_POINT('',(5.161187930898,-0.18699832736));
#1198 = CARTESIAN_POINT('',(5.385587406154,-0.272809929049));
#1199 = CARTESIAN_POINT('',(5.60998688141,-0.343232806322));
#1200 = CARTESIAN_POINT('',(5.834386356667,-0.392186258466));
#1201 = CARTESIAN_POINT('',(6.058785831923,-0.416664760042));
#1202 = CARTESIAN_POINT('',(6.28318530718,-0.416664760042));
#1203 = ( GEOMETRIC_REPRESENTATION_CONTEXT(2) 
PARAMETRIC_REPRESENTATION_CONTEXT() REPRESENTATION_CONTEXT('2D SPACE',''
  ) );
#1204 = PCURVE('',#1132,#1205);
#1205 = DEFINITIONAL_REPRESENTATION('',(#1206),#1215);
#1206 = B_SPLINE_CURVE_WITH_KNOTS('',7,(#1207,#1208,#1209,#1210,#1211,
    #1212,#1213,#1214),.UNSPECIFIED.,.F.,.F.,(8,8),(4.712388980385,
    6.28318530718),.PIECEWISE_BEZIER_KNOTS.);
#1207 = CARTESIAN_POINT('',(4.712388980385,5.091638491318));
#1208 = CARTESIAN_POINT('',(4.936788455641,5.18513784483));
#1209 = CARTESIAN_POINT('',(5.161187930898,5.278636818678));
#1210 = CARTESIAN_POINT('',(5.385587406153,5.364448420369));
#1211 = CARTESIAN_POINT('',(5.609986881413,5.434871297639));
#1212 = CARTESIAN_POINT('',(5.834386356666,5.483824749785));
#1213 = CARTESIAN_POINT('',(6.058785831923,5.508303251361));
#1214 = CARTESIAN_POINT('',(6.28318530718,5.508303251361));
#1215 = ( GEOMETRIC_REPRESENTATION_CONTEXT(2) 
PARAMETRIC_REPRESENTATION_CONTEXT() REPRESENTATION_CONTEXT('2D SPACE',''
  ) );
#1216 = ADVANCED_FACE('',(#1217),#992,.T.);
#1217 = FACE_BOUND('',#1218,.T.);
#1218 = EDGE_LOOP('',(#1219,#1241,#1280,#1316,#1348,#1349,#1350,#1351));
#1219 = ORIENTED_EDGE('',*,*,#1220,.T.);
#1220 = EDGE_CURVE('',#949,#1221,#1223,.T.);
#1221 = VERTEX_POINT('',#1222);
#1222 = CARTESIAN_POINT('',(21.848795647038,234.31838070621,
    5.832380380939E-16));
#1223 = SEAM_CURVE('',#1224,(#1228,#1234),.PCURVE_S1.);
#1224 = LINE('',#1225,#1226);
#1225 = CARTESIAN_POINT('',(25.743754228906,230.42342212434,
    5.832380380939E-16));
#1226 = VECTOR('',#1227,1.);
#1227 = DIRECTION('',(-0.707106781187,0.707106781187,0.));
#1228 = PCURVE('',#992,#1229);
#1229 = DEFINITIONAL_REPRESENTATION('',(#1230),#1233);
#1230 = B_SPLINE_CURVE_WITH_KNOTS('',1,(#1231,#1232),.UNSPECIFIED.,.F.,
  .F.,(2,2),(-2.30092028444,7.392558775758),.PIECEWISE_BEZIER_KNOTS.);
#1231 = CARTESIAN_POINT('',(6.28318530718,-2.30092028444));
#1232 = CARTESIAN_POINT('',(6.28318530718,7.392558775758));
#1233 = ( GEOMETRIC_REPRESENTATION_CONTEXT(2) 
PARAMETRIC_REPRESENTATION_CONTEXT() REPRESENTATION_CONTEXT('2D SPACE',''
  ) );
#1234 = PCURVE('',#992,#1235);
#1235 = DEFINITIONAL_REPRESENTATION('',(#1236),#1240);
#1236 = LINE('',#1237,#1238);
#1237 = CARTESIAN_POINT('',(0.,0.));
#1238 = VECTOR('',#1239,1.);
#1239 = DIRECTION('',(0.,1.));
#1240 = ( GEOMETRIC_REPRESENTATION_CONTEXT(2) 
PARAMETRIC_REPRESENTATION_CONTEXT() REPRESENTATION_CONTEXT('2D SPACE',''
  ) );
#1241 = ORIENTED_EDGE('',*,*,#1242,.F.);
#1242 = EDGE_CURVE('',#1243,#1221,#1245,.T.);
#1243 = VERTEX_POINT('',#1244);
#1244 = CARTESIAN_POINT('',(18.775826078944,230.6561581835,4.7625));
#1245 = SURFACE_CURVE('',#1246,(#1251,#1263),.PCURVE_S1.);
#1246 = ELLIPSE('',#1247,4.7806919763,4.7625);
#1247 = AXIS2_PLACEMENT_3D('',#1248,#1249,#1250);
#1248 = CARTESIAN_POINT('',(18.775826078944,230.6561581835,
    1.740327774012E-30));
#1249 = DIRECTION('',(-0.766044443119,0.642787609687,0.));
#1250 = DIRECTION('',(0.642787609687,0.766044443119,0.));
#1251 = PCURVE('',#992,#1252);
#1252 = DEFINITIONAL_REPRESENTATION('',(#1253),#1262);
#1253 = B_SPLINE_CURVE_WITH_KNOTS('',7,(#1254,#1255,#1256,#1257,#1258,
    #1259,#1260,#1261),.UNSPECIFIED.,.F.,.F.,(8,8),(4.712388980385,
    6.28318530718),.PIECEWISE_BEZIER_KNOTS.);
#1254 = CARTESIAN_POINT('',(4.712388980385,5.091638491318));
#1255 = CARTESIAN_POINT('',(4.936788455641,5.185137844829));
#1256 = CARTESIAN_POINT('',(5.161187930898,5.278636818678));
#1257 = CARTESIAN_POINT('',(5.385587406153,5.364448420368));
#1258 = CARTESIAN_POINT('',(5.609986881413,5.434871297639));
#1259 = CARTESIAN_POINT('',(5.834386356666,5.483824749785));
#1260 = CARTESIAN_POINT('',(6.058785831923,5.50830325136));
#1261 = CARTESIAN_POINT('',(6.28318530718,5.50830325136));
#1262 = ( GEOMETRIC_REPRESENTATION_CONTEXT(2) 
PARAMETRIC_REPRESENTATION_CONTEXT() REPRESENTATION_CONTEXT('2D SPACE',''
  ) );
#1263 = PCURVE('',#1264,#1269);
#1264 = CYLINDRICAL_SURFACE('',#1265,4.7625);
#1265 = AXIS2_PLACEMENT_3D('',#1266,#1267,#1268);
#1266 = CARTESIAN_POINT('',(18.775826078944,230.6561581835,
    1.740327774012E-30));
#1267 = DIRECTION('',(-0.819152044289,0.573576436351,0.));
#1268 = DIRECTION('',(0.573576436351,0.819152044289,1.224646799147E-16)
  );
#1269 = DEFINITIONAL_REPRESENTATION('',(#1270),#1279);
#1270 = B_SPLINE_CURVE_WITH_KNOTS('',7,(#1271,#1272,#1273,#1274,#1275,
    #1276,#1277,#1278),.UNSPECIFIED.,.F.,.F.,(8,8),(4.712388980385,
    6.28318530718),.PIECEWISE_BEZIER_KNOTS.);
#1271 = CARTESIAN_POINT('',(4.712388980385,-1.563194018672E-13));
#1272 = CARTESIAN_POINT('',(4.936788455641,-9.349935351148E-02));
#1273 = CARTESIAN_POINT('',(5.161187930897,-0.18699832736));
#1274 = CARTESIAN_POINT('',(5.385587406156,-0.27280992905));
#1275 = CARTESIAN_POINT('',(5.609986881409,-0.343232806322));
#1276 = CARTESIAN_POINT('',(5.834386356667,-0.392186258466));
#1277 = CARTESIAN_POINT('',(6.058785831923,-0.416664760042));
#1278 = CARTESIAN_POINT('',(6.28318530718,-0.416664760042));
#1279 = ( GEOMETRIC_REPRESENTATION_CONTEXT(2) 
PARAMETRIC_REPRESENTATION_CONTEXT() REPRESENTATION_CONTEXT('2D SPACE',''
  ) );
#1280 = ORIENTED_EDGE('',*,*,#1281,.F.);
#1281 = EDGE_CURVE('',#1282,#1243,#1284,.T.);
#1282 = VERTEX_POINT('',#1283);
#1283 = CARTESIAN_POINT('',(18.775826078944,230.6561581835,-4.7625));
#1284 = SURFACE_CURVE('',#1285,(#1290,#1303),.PCURVE_S1.);
#1285 = ELLIPSE('',#1286,4.7806919763,4.7625);
#1286 = AXIS2_PLACEMENT_3D('',#1287,#1288,#1289);
#1287 = CARTESIAN_POINT('',(18.775826078944,230.6561581835,
    1.740327774012E-30));
#1288 = DIRECTION('',(-0.766044443119,0.642787609687,0.));
#1289 = DIRECTION('',(0.642787609687,0.766044443119,0.));
#1290 = PCURVE('',#992,#1291);
#1291 = DEFINITIONAL_REPRESENTATION('',(#1292),#1302);
#1292 = B_SPLINE_CURVE_WITH_KNOTS('',8,(#1293,#1294,#1295,#1296,#1297,
    #1298,#1299,#1300,#1301),.UNSPECIFIED.,.F.,.F.,(9,9),(1.570796326795
    ,4.712388980385),.PIECEWISE_BEZIER_KNOTS.);
#1293 = CARTESIAN_POINT('',(1.570796326795,5.091638491318));
#1294 = CARTESIAN_POINT('',(1.963495408494,4.928014622673));
#1295 = CARTESIAN_POINT('',(2.356194490191,4.76438944937));
#1296 = CARTESIAN_POINT('',(2.748893571893,4.639228341963));
#1297 = CARTESIAN_POINT('',(3.141592653581,4.590891388395));
#1298 = CARTESIAN_POINT('',(3.534291735288,4.639228341966));
#1299 = CARTESIAN_POINT('',(3.926990816985,4.764389449371));
#1300 = CARTESIAN_POINT('',(4.319689898686,4.928014622673));
#1301 = CARTESIAN_POINT('',(4.712388980385,5.091638491318));
#1302 = ( GEOMETRIC_REPRESENTATION_CONTEXT(2) 
PARAMETRIC_REPRESENTATION_CONTEXT() REPRESENTATION_CONTEXT('2D SPACE',''
  ) );
#1303 = PCURVE('',#1264,#1304);
#1304 = DEFINITIONAL_REPRESENTATION('',(#1305),#1315);
#1305 = B_SPLINE_CURVE_WITH_KNOTS('',8,(#1306,#1307,#1308,#1309,#1310,
    #1311,#1312,#1313,#1314),.UNSPECIFIED.,.F.,.F.,(9,9),(1.570796326795
    ,4.712388980385),.PIECEWISE_BEZIER_KNOTS.);
#1306 = CARTESIAN_POINT('',(1.570796326795,-1.563194018672E-13));
#1307 = CARTESIAN_POINT('',(1.963495408494,0.163623868645));
#1308 = CARTESIAN_POINT('',(2.356194490188,0.327249041946));
#1309 = CARTESIAN_POINT('',(2.748893571897,0.452410149346));
#1310 = CARTESIAN_POINT('',(3.141592653568,0.500747102913));
#1311 = CARTESIAN_POINT('',(3.5342917353,0.452410149346));
#1312 = CARTESIAN_POINT('',(3.926990816982,0.327249041946));
#1313 = CARTESIAN_POINT('',(4.319689898686,0.163623868645));
#1314 = CARTESIAN_POINT('',(4.712388980385,-1.563194018672E-13));
#1315 = ( GEOMETRIC_REPRESENTATION_CONTEXT(2) 
PARAMETRIC_REPRESENTATION_CONTEXT() REPRESENTATION_CONTEXT('2D SPACE',''
  ) );
#1316 = ORIENTED_EDGE('',*,*,#1317,.F.);
#1317 = EDGE_CURVE('',#1221,#1282,#1318,.T.);
#1318 = SURFACE_CURVE('',#1319,(#1324,#1336),.PCURVE_S1.);
#1319 = ELLIPSE('',#1320,4.7806919763,4.7625);
#1320 = AXIS2_PLACEMENT_3D('',#1321,#1322,#1323);
#1321 = CARTESIAN_POINT('',(18.775826078944,230.6561581835,
    1.740327774012E-30));
#1322 = DIRECTION('',(-0.766044443119,0.642787609687,0.));
#1323 = DIRECTION('',(0.642787609687,0.766044443119,0.));
#1324 = PCURVE('',#992,#1325);
#1325 = DEFINITIONAL_REPRESENTATION('',(#1326),#1335);
#1326 = B_SPLINE_CURVE_WITH_KNOTS('',7,(#1327,#1328,#1329,#1330,#1331,
    #1332,#1333,#1334),.UNSPECIFIED.,.F.,.F.,(8,8),(0.,1.570796326795),
  .PIECEWISE_BEZIER_KNOTS.);
#1327 = CARTESIAN_POINT('',(1.224646799147E-16,5.50830325136));
#1328 = CARTESIAN_POINT('',(0.224399475256,5.50830325136));
#1329 = CARTESIAN_POINT('',(0.448798950513,5.483824749784));
#1330 = CARTESIAN_POINT('',(0.673198425769,5.434871297641));
#1331 = CARTESIAN_POINT('',(0.897597901026,5.364448420366));
#1332 = CARTESIAN_POINT('',(1.121997376282,5.278636818678));
#1333 = CARTESIAN_POINT('',(1.346396851538,5.185137844829));
#1334 = CARTESIAN_POINT('',(1.570796326795,5.091638491318));
#1335 = ( GEOMETRIC_REPRESENTATION_CONTEXT(2) 
PARAMETRIC_REPRESENTATION_CONTEXT() REPRESENTATION_CONTEXT('2D SPACE',''
  ) );
#1336 = PCURVE('',#1264,#1337);
#1337 = DEFINITIONAL_REPRESENTATION('',(#1338),#1347);
#1338 = B_SPLINE_CURVE_WITH_KNOTS('',7,(#1339,#1340,#1341,#1342,#1343,
    #1344,#1345,#1346),.UNSPECIFIED.,.F.,.F.,(8,8),(0.,1.570796326795),
  .PIECEWISE_BEZIER_KNOTS.);
#1339 = CARTESIAN_POINT('',(1.224646799147E-16,-0.416664760042));
#1340 = CARTESIAN_POINT('',(0.224399475256,-0.416664760042));
#1341 = CARTESIAN_POINT('',(0.448798950513,-0.392186258466));
#1342 = CARTESIAN_POINT('',(0.673198425769,-0.343232806322));
#1343 = CARTESIAN_POINT('',(0.897597901026,-0.272809929049));
#1344 = CARTESIAN_POINT('',(1.121997376282,-0.18699832736));
#1345 = CARTESIAN_POINT('',(1.346396851538,-9.349935351148E-02));
#1346 = CARTESIAN_POINT('',(1.570796326795,-1.563194018672E-13));
#1347 = ( GEOMETRIC_REPRESENTATION_CONTEXT(2) 
PARAMETRIC_REPRESENTATION_CONTEXT() REPRESENTATION_CONTEXT('2D SPACE',''
  ) );
#1348 = ORIENTED_EDGE('',*,*,#1220,.F.);
#1349 = ORIENTED_EDGE('',*,*,#1045,.T.);
#1350 = ORIENTED_EDGE('',*,*,#1009,.T.);
#1351 = ORIENTED_EDGE('',*,*,#970,.T.);
#1352 = ADVANCED_FACE('',(#1353),#1132,.T.);
#1353 = FACE_BOUND('',#1354,.T.);
#1354 = EDGE_LOOP('',(#1355,#1377,#1378,#1379,#1380,#1381,#1420,#1456));
#1355 = ORIENTED_EDGE('',*,*,#1356,.T.);
#1356 = EDGE_CURVE('',#1357,#1085,#1359,.T.);
#1357 = VERTEX_POINT('',#1358);
#1358 = CARTESIAN_POINT('',(21.848795647038,182.24161929378,
    5.832380380939E-16));
#1359 = SEAM_CURVE('',#1360,(#1364,#1370),.PCURVE_S1.);
#1360 = LINE('',#1361,#1362);
#1361 = CARTESIAN_POINT('',(22.143422124345,182.53624577109,
    5.832380380939E-16));
#1362 = VECTOR('',#1363,1.);
#1363 = DIRECTION('',(0.707106781187,0.707106781187,0.));
#1364 = PCURVE('',#1132,#1365);
#1365 = DEFINITIONAL_REPRESENTATION('',(#1366),#1369);
#1366 = B_SPLINE_CURVE_WITH_KNOTS('',1,(#1367,#1368),.UNSPECIFIED.,.F.,
  .F.,(2,2),(-2.30092028444,7.392558775758),.PIECEWISE_BEZIER_KNOTS.);
#1367 = CARTESIAN_POINT('',(6.28318530718,-2.30092028444));
#1368 = CARTESIAN_POINT('',(6.28318530718,7.392558775758));
#1369 = ( GEOMETRIC_REPRESENTATION_CONTEXT(2) 
PARAMETRIC_REPRESENTATION_CONTEXT() REPRESENTATION_CONTEXT('2D SPACE',''
  ) );
#1370 = PCURVE('',#1132,#1371);
#1371 = DEFINITIONAL_REPRESENTATION('',(#1372),#1376);
#1372 = LINE('',#1373,#1374);
#1373 = CARTESIAN_POINT('',(0.,0.));
#1374 = VECTOR('',#1375,1.);
#1375 = DIRECTION('',(0.,1.));
#1376 = ( GEOMETRIC_REPRESENTATION_CONTEXT(2) 
PARAMETRIC_REPRESENTATION_CONTEXT() REPRESENTATION_CONTEXT('2D SPACE',''
  ) );
#1377 = ORIENTED_EDGE('',*,*,#1185,.F.);
#1378 = ORIENTED_EDGE('',*,*,#1149,.F.);
#1379 = ORIENTED_EDGE('',*,*,#1110,.F.);
#1380 = ORIENTED_EDGE('',*,*,#1356,.F.);
#1381 = ORIENTED_EDGE('',*,*,#1382,.T.);
#1382 = EDGE_CURVE('',#1357,#1383,#1385,.T.);
#1383 = VERTEX_POINT('',#1384);
#1384 = CARTESIAN_POINT('',(18.775826078944,185.90384181649,-4.7625));
#1385 = SURFACE_CURVE('',#1386,(#1391,#1403),.PCURVE_S1.);
#1386 = ELLIPSE('',#1387,4.7806919763,4.7625);
#1387 = AXIS2_PLACEMENT_3D('',#1388,#1389,#1390);
#1388 = CARTESIAN_POINT('',(18.775826078944,185.90384181649,
    1.740327774012E-30));
#1389 = DIRECTION('',(0.766044443119,0.642787609687,0.));
#1390 = DIRECTION('',(0.642787609687,-0.766044443119,0.));
#1391 = PCURVE('',#1132,#1392);
#1392 = DEFINITIONAL_REPRESENTATION('',(#1393),#1402);
#1393 = B_SPLINE_CURVE_WITH_KNOTS('',7,(#1394,#1395,#1396,#1397,#1398,
    #1399,#1400,#1401),.UNSPECIFIED.,.F.,.F.,(8,8),(0.,1.570796326795),
  .PIECEWISE_BEZIER_KNOTS.);
#1394 = CARTESIAN_POINT('',(1.224646799147E-16,-0.416664760042));
#1395 = CARTESIAN_POINT('',(0.224399475256,-0.416664760042));
#1396 = CARTESIAN_POINT('',(0.448798950513,-0.392186258466));
#1397 = CARTESIAN_POINT('',(0.673198425769,-0.343232806321));
#1398 = CARTESIAN_POINT('',(0.897597901026,-0.272809929049));
#1399 = CARTESIAN_POINT('',(1.121997376282,-0.18699832736));
#1400 = CARTESIAN_POINT('',(1.346396851538,-9.349935351097E-02));
#1401 = CARTESIAN_POINT('',(1.570796326795,3.410605131648E-13));
#1402 = ( GEOMETRIC_REPRESENTATION_CONTEXT(2) 
PARAMETRIC_REPRESENTATION_CONTEXT() REPRESENTATION_CONTEXT('2D SPACE',''
  ) );
#1403 = PCURVE('',#1404,#1409);
#1404 = CYLINDRICAL_SURFACE('',#1405,4.7625);
#1405 = AXIS2_PLACEMENT_3D('',#1406,#1407,#1408);
#1406 = CARTESIAN_POINT('',(14.605,182.98339795545,1.740327774012E-30));
#1407 = DIRECTION('',(0.819152044289,0.573576436351,0.));
#1408 = DIRECTION('',(0.573576436351,-0.819152044289,1.224646799147E-16)
  );
#1409 = DEFINITIONAL_REPRESENTATION('',(#1410),#1419);
#1410 = B_SPLINE_CURVE_WITH_KNOTS('',7,(#1411,#1412,#1413,#1414,#1415,
    #1416,#1417,#1418),.UNSPECIFIED.,.F.,.F.,(8,8),(0.,1.570796326795),
  .PIECEWISE_BEZIER_KNOTS.);
#1411 = CARTESIAN_POINT('',(1.224646799147E-16,5.508303251361));
#1412 = CARTESIAN_POINT('',(0.224399475256,5.508303251361));
#1413 = CARTESIAN_POINT('',(0.448798950513,5.483824749786));
#1414 = CARTESIAN_POINT('',(0.673198425769,5.434871297638));
#1415 = CARTESIAN_POINT('',(0.897597901026,5.36444842037));
#1416 = CARTESIAN_POINT('',(1.121997376282,5.278636818678));
#1417 = CARTESIAN_POINT('',(1.346396851538,5.18513784483));
#1418 = CARTESIAN_POINT('',(1.570796326795,5.091638491319));
#1419 = ( GEOMETRIC_REPRESENTATION_CONTEXT(2) 
PARAMETRIC_REPRESENTATION_CONTEXT() REPRESENTATION_CONTEXT('2D SPACE',''
  ) );
#1420 = ORIENTED_EDGE('',*,*,#1421,.T.);
#1421 = EDGE_CURVE('',#1383,#1422,#1424,.T.);
#1422 = VERTEX_POINT('',#1423);
#1423 = CARTESIAN_POINT('',(18.775826078944,185.90384181649,4.7625));
#1424 = SURFACE_CURVE('',#1425,(#1430,#1443),.PCURVE_S1.);
#1425 = ELLIPSE('',#1426,4.7806919763,4.7625);
#1426 = AXIS2_PLACEMENT_3D('',#1427,#1428,#1429);
#1427 = CARTESIAN_POINT('',(18.775826078944,185.90384181649,
    1.740327774012E-30));
#1428 = DIRECTION('',(0.766044443119,0.642787609687,0.));
#1429 = DIRECTION('',(0.642787609687,-0.766044443119,0.));
#1430 = PCURVE('',#1132,#1431);
#1431 = DEFINITIONAL_REPRESENTATION('',(#1432),#1442);
#1432 = B_SPLINE_CURVE_WITH_KNOTS('',8,(#1433,#1434,#1435,#1436,#1437,
    #1438,#1439,#1440,#1441),.UNSPECIFIED.,.F.,.F.,(9,9),(1.570796326795
    ,4.712388980385),.PIECEWISE_BEZIER_KNOTS.);
#1433 = CARTESIAN_POINT('',(1.570796326795,3.410605131648E-13));
#1434 = CARTESIAN_POINT('',(1.963495408494,0.163623868645));
#1435 = CARTESIAN_POINT('',(2.35619449019,0.327249041947));
#1436 = CARTESIAN_POINT('',(2.748893571897,0.452410149348));
#1437 = CARTESIAN_POINT('',(3.141592653573,0.500747102913));
#1438 = CARTESIAN_POINT('',(3.534291735293,0.452410149347));
#1439 = CARTESIAN_POINT('',(3.926990816984,0.327249041947));
#1440 = CARTESIAN_POINT('',(4.319689898686,0.163623868645));
#1441 = CARTESIAN_POINT('',(4.712388980385,3.410605131648E-13));
#1442 = ( GEOMETRIC_REPRESENTATION_CONTEXT(2) 
PARAMETRIC_REPRESENTATION_CONTEXT() REPRESENTATION_CONTEXT('2D SPACE',''
  ) );
#1443 = PCURVE('',#1404,#1444);
#1444 = DEFINITIONAL_REPRESENTATION('',(#1445),#1455);
#1445 = B_SPLINE_CURVE_WITH_KNOTS('',8,(#1446,#1447,#1448,#1449,#1450,
    #1451,#1452,#1453,#1454),.UNSPECIFIED.,.F.,.F.,(9,9),(1.570796326795
    ,4.712388980385),.PIECEWISE_BEZIER_KNOTS.);
#1446 = CARTESIAN_POINT('',(1.570796326795,5.091638491319));
#1447 = CARTESIAN_POINT('',(1.963495408494,4.928014622674));
#1448 = CARTESIAN_POINT('',(2.356194490187,4.764389449369));
#1449 = CARTESIAN_POINT('',(2.748893571903,4.639228341971));
#1450 = CARTESIAN_POINT('',(3.141592653561,4.590891388387));
#1451 = CARTESIAN_POINT('',(3.534291735295,4.63922834197));
#1452 = CARTESIAN_POINT('',(3.926990816983,4.76438944937));
#1453 = CARTESIAN_POINT('',(4.319689898686,4.928014622674));
#1454 = CARTESIAN_POINT('',(4.712388980385,5.091638491319));
#1455 = ( GEOMETRIC_REPRESENTATION_CONTEXT(2) 
PARAMETRIC_REPRESENTATION_CONTEXT() REPRESENTATION_CONTEXT('2D SPACE',''
  ) );
#1456 = ORIENTED_EDGE('',*,*,#1457,.T.);
#1457 = EDGE_CURVE('',#1422,#1357,#1458,.T.);
#1458 = SURFACE_CURVE('',#1459,(#1464,#1476),.PCURVE_S1.);
#1459 = ELLIPSE('',#1460,4.7806919763,4.7625);
#1460 = AXIS2_PLACEMENT_3D('',#1461,#1462,#1463);
#1461 = CARTESIAN_POINT('',(18.775826078944,185.90384181649,
    1.740327774012E-30));
#1462 = DIRECTION('',(0.766044443119,0.642787609687,0.));
#1463 = DIRECTION('',(0.642787609687,-0.766044443119,0.));
#1464 = PCURVE('',#1132,#1465);
#1465 = DEFINITIONAL_REPRESENTATION('',(#1466),#1475);
#1466 = B_SPLINE_CURVE_WITH_KNOTS('',7,(#1467,#1468,#1469,#1470,#1471,
    #1472,#1473,#1474),.UNSPECIFIED.,.F.,.F.,(8,8),(4.712388980385,
    6.28318530718),.PIECEWISE_BEZIER_KNOTS.);
#1467 = CARTESIAN_POINT('',(4.712388980385,3.410605131648E-13));
#1468 = CARTESIAN_POINT('',(4.936788455641,-9.349935351097E-02));
#1469 = CARTESIAN_POINT('',(5.161187930898,-0.18699832736));
#1470 = CARTESIAN_POINT('',(5.385587406153,-0.27280992905));
#1471 = CARTESIAN_POINT('',(5.609986881412,-0.34323280632));
#1472 = CARTESIAN_POINT('',(5.834386356667,-0.392186258466));
#1473 = CARTESIAN_POINT('',(6.058785831923,-0.416664760042));
#1474 = CARTESIAN_POINT('',(6.28318530718,-0.416664760042));
#1475 = ( GEOMETRIC_REPRESENTATION_CONTEXT(2) 
PARAMETRIC_REPRESENTATION_CONTEXT() REPRESENTATION_CONTEXT('2D SPACE',''
  ) );
#1476 = PCURVE('',#1404,#1477);
#1477 = DEFINITIONAL_REPRESENTATION('',(#1478),#1487);
#1478 = B_SPLINE_CURVE_WITH_KNOTS('',7,(#1479,#1480,#1481,#1482,#1483,
    #1484,#1485,#1486),.UNSPECIFIED.,.F.,.F.,(8,8),(4.712388980385,
    6.28318530718),.PIECEWISE_BEZIER_KNOTS.);
#1479 = CARTESIAN_POINT('',(4.712388980385,5.091638491319));
#1480 = CARTESIAN_POINT('',(4.936788455641,5.18513784483));
#1481 = CARTESIAN_POINT('',(5.161187930897,5.278636818678));
#1482 = CARTESIAN_POINT('',(5.385587406155,5.36444842037));
#1483 = CARTESIAN_POINT('',(5.60998688141,5.434871297639));
#1484 = CARTESIAN_POINT('',(5.834386356667,5.483824749785));
#1485 = CARTESIAN_POINT('',(6.058785831923,5.508303251361));
#1486 = CARTESIAN_POINT('',(6.28318530718,5.508303251361));
#1487 = ( GEOMETRIC_REPRESENTATION_CONTEXT(2) 
PARAMETRIC_REPRESENTATION_CONTEXT() REPRESENTATION_CONTEXT('2D SPACE',''
  ) );
#1488 = ADVANCED_FACE('',(#1489),#1264,.T.);
#1489 = FACE_BOUND('',#1490,.T.);
#1490 = EDGE_LOOP('',(#1491,#1513,#1552,#1588,#1620,#1621,#1622,#1623));
#1491 = ORIENTED_EDGE('',*,*,#1492,.T.);
#1492 = EDGE_CURVE('',#1221,#1493,#1495,.T.);
#1493 = VERTEX_POINT('',#1494);
#1494 = CARTESIAN_POINT('',(16.99534598815,237.71680274368,
    5.832380380939E-16));
#1495 = SEAM_CURVE('',#1496,(#1500,#1506),.PCURVE_S1.);
#1496 = LINE('',#1497,#1498);
#1497 = CARTESIAN_POINT('',(21.507483857066,234.55736979443,
    5.832380380939E-16));
#1498 = VECTOR('',#1499,1.);
#1499 = DIRECTION('',(-0.819152044289,0.573576436351,0.));
#1500 = PCURVE('',#1264,#1501);
#1501 = DEFINITIONAL_REPRESENTATION('',(#1502),#1505);
#1502 = B_SPLINE_CURVE_WITH_KNOTS('',1,(#1503,#1504),.UNSPECIFIED.,.F.,
  .F.,(2,2),(-2.30092028444,7.392558775758),.PIECEWISE_BEZIER_KNOTS.);
#1503 = CARTESIAN_POINT('',(6.28318530718,-2.30092028444));
#1504 = CARTESIAN_POINT('',(6.28318530718,7.392558775758));
#1505 = ( GEOMETRIC_REPRESENTATION_CONTEXT(2) 
PARAMETRIC_REPRESENTATION_CONTEXT() REPRESENTATION_CONTEXT('2D SPACE',''
  ) );
#1506 = PCURVE('',#1264,#1507);
#1507 = DEFINITIONAL_REPRESENTATION('',(#1508),#1512);
#1508 = LINE('',#1509,#1510);
#1509 = CARTESIAN_POINT('',(0.,0.));
#1510 = VECTOR('',#1511,1.);
#1511 = DIRECTION('',(0.,1.));
#1512 = ( GEOMETRIC_REPRESENTATION_CONTEXT(2) 
PARAMETRIC_REPRESENTATION_CONTEXT() REPRESENTATION_CONTEXT('2D SPACE',''
  ) );
#1513 = ORIENTED_EDGE('',*,*,#1514,.F.);
#1514 = EDGE_CURVE('',#1515,#1493,#1517,.T.);
#1515 = VERTEX_POINT('',#1516);
#1516 = CARTESIAN_POINT('',(14.605,233.57660204454,4.7625));
#1517 = SURFACE_CURVE('',#1518,(#1523,#1535),.PCURVE_S1.);
#1518 = ELLIPSE('',#1519,4.7806919763,4.7625);
#1519 = AXIS2_PLACEMENT_3D('',#1520,#1521,#1522);
#1520 = CARTESIAN_POINT('',(14.605,233.57660204454,1.740327774012E-30));
#1521 = DIRECTION('',(-0.866025403784,0.5,0.));
#1522 = DIRECTION('',(0.5,0.866025403784,0.));
#1523 = PCURVE('',#1264,#1524);
#1524 = DEFINITIONAL_REPRESENTATION('',(#1525),#1534);
#1525 = B_SPLINE_CURVE_WITH_KNOTS('',7,(#1526,#1527,#1528,#1529,#1530,
    #1531,#1532,#1533),.UNSPECIFIED.,.F.,.F.,(8,8),(4.712388980385,
    6.28318530718),.PIECEWISE_BEZIER_KNOTS.);
#1526 = CARTESIAN_POINT('',(4.712388980385,5.091638491319));
#1527 = CARTESIAN_POINT('',(4.936788455641,5.18513784483));
#1528 = CARTESIAN_POINT('',(5.161187930896,5.278636818678));
#1529 = CARTESIAN_POINT('',(5.385587406157,5.364448420369));
#1530 = CARTESIAN_POINT('',(5.609986881408,5.434871297639));
#1531 = CARTESIAN_POINT('',(5.834386356668,5.483824749785));
#1532 = CARTESIAN_POINT('',(6.058785831923,5.508303251361));
#1533 = CARTESIAN_POINT('',(6.28318530718,5.508303251361));
#1534 = ( GEOMETRIC_REPRESENTATION_CONTEXT(2) 
PARAMETRIC_REPRESENTATION_CONTEXT() REPRESENTATION_CONTEXT('2D SPACE',''
  ) );
#1535 = PCURVE('',#1536,#1541);
#1536 = CYLINDRICAL_SURFACE('',#1537,4.7625);
#1537 = AXIS2_PLACEMENT_3D('',#1538,#1539,#1540);
#1538 = CARTESIAN_POINT('',(14.605,233.57660204454,1.740327774012E-30));
#1539 = DIRECTION('',(-0.906307787037,0.422618261741,0.));
#1540 = DIRECTION('',(0.422618261741,0.906307787037,1.224646799147E-16)
  );
#1541 = DEFINITIONAL_REPRESENTATION('',(#1542),#1551);
#1542 = B_SPLINE_CURVE_WITH_KNOTS('',7,(#1543,#1544,#1545,#1546,#1547,
    #1548,#1549,#1550),.UNSPECIFIED.,.F.,.F.,(8,8),(4.712388980385,
    6.28318530718),.PIECEWISE_BEZIER_KNOTS.);
#1543 = CARTESIAN_POINT('',(4.712388980385,3.410605131648E-13));
#1544 = CARTESIAN_POINT('',(4.936788455641,-9.349935351097E-02));
#1545 = CARTESIAN_POINT('',(5.161187930896,-0.18699832736));
#1546 = CARTESIAN_POINT('',(5.385587406158,-0.272809929049));
#1547 = CARTESIAN_POINT('',(5.609986881407,-0.343232806321));
#1548 = CARTESIAN_POINT('',(5.834386356668,-0.392186258466));
#1549 = CARTESIAN_POINT('',(6.058785831923,-0.416664760042));
#1550 = CARTESIAN_POINT('',(6.28318530718,-0.416664760042));
#1551 = ( GEOMETRIC_REPRESENTATION_CONTEXT(2) 
PARAMETRIC_REPRESENTATION_CONTEXT() REPRESENTATION_CONTEXT('2D SPACE',''
  ) );
#1552 = ORIENTED_EDGE('',*,*,#1553,.F.);
#1553 = EDGE_CURVE('',#1554,#1515,#1556,.T.);
#1554 = VERTEX_POINT('',#1555);
#1555 = CARTESIAN_POINT('',(14.605,233.57660204454,-4.7625));
#1556 = SURFACE_CURVE('',#1557,(#1562,#1575),.PCURVE_S1.);
#1557 = ELLIPSE('',#1558,4.7806919763,4.7625);
#1558 = AXIS2_PLACEMENT_3D('',#1559,#1560,#1561);
#1559 = CARTESIAN_POINT('',(14.605,233.57660204454,1.740327774012E-30));
#1560 = DIRECTION('',(-0.866025403784,0.5,0.));
#1561 = DIRECTION('',(0.5,0.866025403784,0.));
#1562 = PCURVE('',#1264,#1563);
#1563 = DEFINITIONAL_REPRESENTATION('',(#1564),#1574);
#1564 = B_SPLINE_CURVE_WITH_KNOTS('',8,(#1565,#1566,#1567,#1568,#1569,
    #1570,#1571,#1572,#1573),.UNSPECIFIED.,.F.,.F.,(9,9),(1.570796326795
    ,4.712388980385),.PIECEWISE_BEZIER_KNOTS.);
#1565 = CARTESIAN_POINT('',(1.570796326795,5.091638491319));
#1566 = CARTESIAN_POINT('',(1.963495408494,4.928014622674));
#1567 = CARTESIAN_POINT('',(2.356194490187,4.764389449369));
#1568 = CARTESIAN_POINT('',(2.748893571901,4.639228341973));
#1569 = CARTESIAN_POINT('',(3.141592653559,4.590891388389));
#1570 = CARTESIAN_POINT('',(3.534291735297,4.639228341976));
#1571 = CARTESIAN_POINT('',(3.926990816983,4.764389449368));
#1572 = CARTESIAN_POINT('',(4.319689898686,4.928014622674));
#1573 = CARTESIAN_POINT('',(4.712388980385,5.091638491319));
#1574 = ( GEOMETRIC_REPRESENTATION_CONTEXT(2) 
PARAMETRIC_REPRESENTATION_CONTEXT() REPRESENTATION_CONTEXT('2D SPACE',''
  ) );
#1575 = PCURVE('',#1536,#1576);
#1576 = DEFINITIONAL_REPRESENTATION('',(#1577),#1587);
#1577 = B_SPLINE_CURVE_WITH_KNOTS('',8,(#1578,#1579,#1580,#1581,#1582,
    #1583,#1584,#1585,#1586),.UNSPECIFIED.,.F.,.F.,(9,9),(1.570796326795
    ,4.712388980385),.PIECEWISE_BEZIER_KNOTS.);
#1578 = CARTESIAN_POINT('',(1.570796326795,3.410605131648E-13));
#1579 = CARTESIAN_POINT('',(1.963495408494,0.163623868645));
#1580 = CARTESIAN_POINT('',(2.356194490191,0.327249041947));
#1581 = CARTESIAN_POINT('',(2.748893571893,0.452410149346));
#1582 = CARTESIAN_POINT('',(3.141592653581,0.500747102913));
#1583 = CARTESIAN_POINT('',(3.534291735288,0.452410149346));
#1584 = CARTESIAN_POINT('',(3.926990816985,0.327249041947));
#1585 = CARTESIAN_POINT('',(4.319689898686,0.163623868645));
#1586 = CARTESIAN_POINT('',(4.712388980385,3.410605131648E-13));
#1587 = ( GEOMETRIC_REPRESENTATION_CONTEXT(2) 
PARAMETRIC_REPRESENTATION_CONTEXT() REPRESENTATION_CONTEXT('2D SPACE',''
  ) );
#1588 = ORIENTED_EDGE('',*,*,#1589,.F.);
#1589 = EDGE_CURVE('',#1493,#1554,#1590,.T.);
#1590 = SURFACE_CURVE('',#1591,(#1596,#1608),.PCURVE_S1.);
#1591 = ELLIPSE('',#1592,4.7806919763,4.7625);
#1592 = AXIS2_PLACEMENT_3D('',#1593,#1594,#1595);
#1593 = CARTESIAN_POINT('',(14.605,233.57660204454,1.740327774012E-30));
#1594 = DIRECTION('',(-0.866025403784,0.5,0.));
#1595 = DIRECTION('',(0.5,0.866025403784,0.));
#1596 = PCURVE('',#1264,#1597);
#1597 = DEFINITIONAL_REPRESENTATION('',(#1598),#1607);
#1598 = B_SPLINE_CURVE_WITH_KNOTS('',7,(#1599,#1600,#1601,#1602,#1603,
    #1604,#1605,#1606),.UNSPECIFIED.,.F.,.F.,(8,8),(0.,1.570796326795),
  .PIECEWISE_BEZIER_KNOTS.);
#1599 = CARTESIAN_POINT('',(1.224646799147E-16,5.508303251361));
#1600 = CARTESIAN_POINT('',(0.224399475256,5.508303251361));
#1601 = CARTESIAN_POINT('',(0.448798950513,5.483824749784));
#1602 = CARTESIAN_POINT('',(0.673198425769,5.434871297642));
#1603 = CARTESIAN_POINT('',(0.897597901026,5.364448420367));
#1604 = CARTESIAN_POINT('',(1.121997376282,5.278636818679));
#1605 = CARTESIAN_POINT('',(1.346396851538,5.18513784483));
#1606 = CARTESIAN_POINT('',(1.570796326795,5.091638491319));
#1607 = ( GEOMETRIC_REPRESENTATION_CONTEXT(2) 
PARAMETRIC_REPRESENTATION_CONTEXT() REPRESENTATION_CONTEXT('2D SPACE',''
  ) );
#1608 = PCURVE('',#1536,#1609);
#1609 = DEFINITIONAL_REPRESENTATION('',(#1610),#1619);
#1610 = B_SPLINE_CURVE_WITH_KNOTS('',7,(#1611,#1612,#1613,#1614,#1615,
    #1616,#1617,#1618),.UNSPECIFIED.,.F.,.F.,(8,8),(0.,1.570796326795),
  .PIECEWISE_BEZIER_KNOTS.);
#1611 = CARTESIAN_POINT('',(1.224646799147E-16,-0.416664760042));
#1612 = CARTESIAN_POINT('',(0.224399475256,-0.416664760042));
#1613 = CARTESIAN_POINT('',(0.448798950513,-0.392186258466));
#1614 = CARTESIAN_POINT('',(0.673198425769,-0.343232806321));
#1615 = CARTESIAN_POINT('',(0.897597901026,-0.272809929049));
#1616 = CARTESIAN_POINT('',(1.121997376282,-0.18699832736));
#1617 = CARTESIAN_POINT('',(1.346396851538,-9.349935351097E-02));
#1618 = CARTESIAN_POINT('',(1.570796326795,3.410605131648E-13));
#1619 = ( GEOMETRIC_REPRESENTATION_CONTEXT(2) 
PARAMETRIC_REPRESENTATION_CONTEXT() REPRESENTATION_CONTEXT('2D SPACE',''
  ) );
#1620 = ORIENTED_EDGE('',*,*,#1492,.F.);
#1621 = ORIENTED_EDGE('',*,*,#1317,.T.);
#1622 = ORIENTED_EDGE('',*,*,#1281,.T.);
#1623 = ORIENTED_EDGE('',*,*,#1242,.T.);
#1624 = ADVANCED_FACE('',(#1625),#1404,.T.);
#1625 = FACE_BOUND('',#1626,.T.);
#1626 = EDGE_LOOP('',(#1627,#1649,#1650,#1651,#1652,#1653,#1692,#1728));
#1627 = ORIENTED_EDGE('',*,*,#1628,.T.);
#1628 = EDGE_CURVE('',#1629,#1357,#1631,.T.);
#1629 = VERTEX_POINT('',#1630);
#1630 = CARTESIAN_POINT('',(16.99534598815,178.84319725631,
    5.832380380939E-16));
#1631 = SEAM_CURVE('',#1632,(#1636,#1642),.PCURVE_S1.);
#1632 = LINE('',#1633,#1634);
#1633 = CARTESIAN_POINT('',(17.336657778122,179.08218634453,
    5.832380380939E-16));
#1634 = VECTOR('',#1635,1.);
#1635 = DIRECTION('',(0.819152044289,0.573576436351,0.));
#1636 = PCURVE('',#1404,#1637);
#1637 = DEFINITIONAL_REPRESENTATION('',(#1638),#1641);
#1638 = B_SPLINE_CURVE_WITH_KNOTS('',1,(#1639,#1640),.UNSPECIFIED.,.F.,
  .F.,(2,2),(-2.30092028444,7.392558775758),.PIECEWISE_BEZIER_KNOTS.);
#1639 = CARTESIAN_POINT('',(6.28318530718,-2.30092028444));
#1640 = CARTESIAN_POINT('',(6.28318530718,7.392558775758));
#1641 = ( GEOMETRIC_REPRESENTATION_CONTEXT(2) 
PARAMETRIC_REPRESENTATION_CONTEXT() REPRESENTATION_CONTEXT('2D SPACE',''
  ) );
#1642 = PCURVE('',#1404,#1643);
#1643 = DEFINITIONAL_REPRESENTATION('',(#1644),#1648);
#1644 = LINE('',#1645,#1646);
#1645 = CARTESIAN_POINT('',(0.,0.));
#1646 = VECTOR('',#1647,1.);
#1647 = DIRECTION('',(0.,1.));
#1648 = ( GEOMETRIC_REPRESENTATION_CONTEXT(2) 
PARAMETRIC_REPRESENTATION_CONTEXT() REPRESENTATION_CONTEXT('2D SPACE',''
  ) );
#1649 = ORIENTED_EDGE('',*,*,#1457,.F.);
#1650 = ORIENTED_EDGE('',*,*,#1421,.F.);
#1651 = ORIENTED_EDGE('',*,*,#1382,.F.);
#1652 = ORIENTED_EDGE('',*,*,#1628,.F.);
#1653 = ORIENTED_EDGE('',*,*,#1654,.T.);
#1654 = EDGE_CURVE('',#1629,#1655,#1657,.T.);
#1655 = VERTEX_POINT('',#1656);
#1656 = CARTESIAN_POINT('',(14.605,182.98339795545,-4.7625));
#1657 = SURFACE_CURVE('',#1658,(#1663,#1675),.PCURVE_S1.);
#1658 = ELLIPSE('',#1659,4.7806919763,4.7625);
#1659 = AXIS2_PLACEMENT_3D('',#1660,#1661,#1662);
#1660 = CARTESIAN_POINT('',(14.605,182.98339795545,1.740327774012E-30));
#1661 = DIRECTION('',(0.866025403784,0.5,0.));
#1662 = DIRECTION('',(0.5,-0.866025403784,0.));
#1663 = PCURVE('',#1404,#1664);
#1664 = DEFINITIONAL_REPRESENTATION('',(#1665),#1674);
#1665 = B_SPLINE_CURVE_WITH_KNOTS('',7,(#1666,#1667,#1668,#1669,#1670,
    #1671,#1672,#1673),.UNSPECIFIED.,.F.,.F.,(8,8),(0.,1.570796326795),
  .PIECEWISE_BEZIER_KNOTS.);
#1666 = CARTESIAN_POINT('',(1.224646799147E-16,-0.416664760042));
#1667 = CARTESIAN_POINT('',(0.224399475256,-0.416664760042));
#1668 = CARTESIAN_POINT('',(0.448798950513,-0.392186258467));
#1669 = CARTESIAN_POINT('',(0.67319842577,-0.343232806321));
#1670 = CARTESIAN_POINT('',(0.897597901025,-0.272809929049));
#1671 = CARTESIAN_POINT('',(1.121997376282,-0.18699832736));
#1672 = CARTESIAN_POINT('',(1.346396851538,-9.349935351134E-02));
#1673 = CARTESIAN_POINT('',(1.570796326795,-1.42108547152E-14));
#1674 = ( GEOMETRIC_REPRESENTATION_CONTEXT(2) 
PARAMETRIC_REPRESENTATION_CONTEXT() REPRESENTATION_CONTEXT('2D SPACE',''
  ) );
#1675 = PCURVE('',#1676,#1681);
#1676 = CYLINDRICAL_SURFACE('',#1677,4.7625);
#1677 = AXIS2_PLACEMENT_3D('',#1678,#1679,#1680);
#1678 = CARTESIAN_POINT('',(9.990408386543,180.83157854684,
    1.740327774012E-30));
#1679 = DIRECTION('',(0.906307787037,0.422618261741,0.));
#1680 = DIRECTION('',(0.422618261741,-0.906307787037,1.224646799147E-16)
  );
#1681 = DEFINITIONAL_REPRESENTATION('',(#1682),#1691);
#1682 = B_SPLINE_CURVE_WITH_KNOTS('',7,(#1683,#1684,#1685,#1686,#1687,
    #1688,#1689,#1690),.UNSPECIFIED.,.F.,.F.,(8,8),(0.,1.570796326795),
  .PIECEWISE_BEZIER_KNOTS.);
#1683 = CARTESIAN_POINT('',(1.224646799147E-16,5.50830325136));
#1684 = CARTESIAN_POINT('',(0.224399475256,5.50830325136));
#1685 = CARTESIAN_POINT('',(0.448798950513,5.483824749784));
#1686 = CARTESIAN_POINT('',(0.673198425769,5.434871297642));
#1687 = CARTESIAN_POINT('',(0.897597901026,5.364448420366));
#1688 = CARTESIAN_POINT('',(1.121997376282,5.278636818679));
#1689 = CARTESIAN_POINT('',(1.346396851538,5.185137844829));
#1690 = CARTESIAN_POINT('',(1.570796326795,5.091638491318));
#1691 = ( GEOMETRIC_REPRESENTATION_CONTEXT(2) 
PARAMETRIC_REPRESENTATION_CONTEXT() REPRESENTATION_CONTEXT('2D SPACE',''
  ) );
#1692 = ORIENTED_EDGE('',*,*,#1693,.T.);
#1693 = EDGE_CURVE('',#1655,#1694,#1696,.T.);
#1694 = VERTEX_POINT('',#1695);
#1695 = CARTESIAN_POINT('',(14.605,182.98339795545,4.7625));
#1696 = SURFACE_CURVE('',#1697,(#1702,#1715),.PCURVE_S1.);
#1697 = ELLIPSE('',#1698,4.7806919763,4.7625);
#1698 = AXIS2_PLACEMENT_3D('',#1699,#1700,#1701);
#1699 = CARTESIAN_POINT('',(14.605,182.98339795545,1.740327774012E-30));
#1700 = DIRECTION('',(0.866025403784,0.5,0.));
#1701 = DIRECTION('',(0.5,-0.866025403784,0.));
#1702 = PCURVE('',#1404,#1703);
#1703 = DEFINITIONAL_REPRESENTATION('',(#1704),#1714);
#1704 = B_SPLINE_CURVE_WITH_KNOTS('',8,(#1705,#1706,#1707,#1708,#1709,
    #1710,#1711,#1712,#1713),.UNSPECIFIED.,.F.,.F.,(9,9),(1.570796326795
    ,4.712388980385),.PIECEWISE_BEZIER_KNOTS.);
#1705 = CARTESIAN_POINT('',(1.570796326795,-1.42108547152E-14));
#1706 = CARTESIAN_POINT('',(1.963495408494,0.163623868645));
#1707 = CARTESIAN_POINT('',(2.356194490192,0.327249041947));
#1708 = CARTESIAN_POINT('',(2.748893571882,0.452410149346));
#1709 = CARTESIAN_POINT('',(3.141592653592,0.500747102913));
#1710 = CARTESIAN_POINT('',(3.534291735282,0.452410149347));
#1711 = CARTESIAN_POINT('',(3.926990816986,0.327249041947));
#1712 = CARTESIAN_POINT('',(4.319689898686,0.163623868645));
#1713 = CARTESIAN_POINT('',(4.712388980385,-1.42108547152E-14));
#1714 = ( GEOMETRIC_REPRESENTATION_CONTEXT(2) 
PARAMETRIC_REPRESENTATION_CONTEXT() REPRESENTATION_CONTEXT('2D SPACE',''
  ) );
#1715 = PCURVE('',#1676,#1716);
#1716 = DEFINITIONAL_REPRESENTATION('',(#1717),#1727);
#1717 = B_SPLINE_CURVE_WITH_KNOTS('',8,(#1718,#1719,#1720,#1721,#1722,
    #1723,#1724,#1725,#1726),.UNSPECIFIED.,.F.,.F.,(9,9),(1.570796326795
    ,4.712388980385),.PIECEWISE_BEZIER_KNOTS.);
#1718 = CARTESIAN_POINT('',(1.570796326795,5.091638491318));
#1719 = CARTESIAN_POINT('',(1.963495408494,4.928014622673));
#1720 = CARTESIAN_POINT('',(2.356194490188,4.764389449366));
#1721 = CARTESIAN_POINT('',(2.748893571901,4.639228341974));
#1722 = CARTESIAN_POINT('',(3.141592653564,4.59089138838));
#1723 = CARTESIAN_POINT('',(3.534291735301,4.639228341975));
#1724 = CARTESIAN_POINT('',(3.926990816982,4.764389449367));
#1725 = CARTESIAN_POINT('',(4.319689898686,4.928014622673));
#1726 = CARTESIAN_POINT('',(4.712388980385,5.091638491318));
#1727 = ( GEOMETRIC_REPRESENTATION_CONTEXT(2) 
PARAMETRIC_REPRESENTATION_CONTEXT() REPRESENTATION_CONTEXT('2D SPACE',''
  ) );
#1728 = ORIENTED_EDGE('',*,*,#1729,.T.);
#1729 = EDGE_CURVE('',#1694,#1629,#1730,.T.);
#1730 = SURFACE_CURVE('',#1731,(#1736,#1748),.PCURVE_S1.);
#1731 = ELLIPSE('',#1732,4.7806919763,4.7625);
#1732 = AXIS2_PLACEMENT_3D('',#1733,#1734,#1735);
#1733 = CARTESIAN_POINT('',(14.605,182.98339795545,1.740327774012E-30));
#1734 = DIRECTION('',(0.866025403784,0.5,0.));
#1735 = DIRECTION('',(0.5,-0.866025403784,0.));
#1736 = PCURVE('',#1404,#1737);
#1737 = DEFINITIONAL_REPRESENTATION('',(#1738),#1747);
#1738 = B_SPLINE_CURVE_WITH_KNOTS('',7,(#1739,#1740,#1741,#1742,#1743,
    #1744,#1745,#1746),.UNSPECIFIED.,.F.,.F.,(8,8),(4.712388980385,
    6.28318530718),.PIECEWISE_BEZIER_KNOTS.);
#1739 = CARTESIAN_POINT('',(4.712388980385,-1.42108547152E-14));
#1740 = CARTESIAN_POINT('',(4.936788455641,-9.349935351134E-02));
#1741 = CARTESIAN_POINT('',(5.161187930897,-0.18699832736));
#1742 = CARTESIAN_POINT('',(5.385587406154,-0.272809929049));
#1743 = CARTESIAN_POINT('',(5.60998688141,-0.343232806321));
#1744 = CARTESIAN_POINT('',(5.834386356667,-0.392186258466));
#1745 = CARTESIAN_POINT('',(6.058785831923,-0.416664760042));
#1746 = CARTESIAN_POINT('',(6.28318530718,-0.416664760042));
#1747 = ( GEOMETRIC_REPRESENTATION_CONTEXT(2) 
PARAMETRIC_REPRESENTATION_CONTEXT() REPRESENTATION_CONTEXT('2D SPACE',''
  ) );
#1748 = PCURVE('',#1676,#1749);
#1749 = DEFINITIONAL_REPRESENTATION('',(#1750),#1759);
#1750 = B_SPLINE_CURVE_WITH_KNOTS('',7,(#1751,#1752,#1753,#1754,#1755,
    #1756,#1757,#1758),.UNSPECIFIED.,.F.,.F.,(8,8),(4.712388980385,
    6.28318530718),.PIECEWISE_BEZIER_KNOTS.);
#1751 = CARTESIAN_POINT('',(4.712388980385,5.091638491318));
#1752 = CARTESIAN_POINT('',(4.936788455641,5.185137844829));
#1753 = CARTESIAN_POINT('',(5.161187930898,5.278636818678));
#1754 = CARTESIAN_POINT('',(5.385587406155,5.364448420369));
#1755 = CARTESIAN_POINT('',(5.60998688141,5.43487129764));
#1756 = CARTESIAN_POINT('',(5.834386356667,5.483824749785));
#1757 = CARTESIAN_POINT('',(6.058785831923,5.50830325136));
#1758 = CARTESIAN_POINT('',(6.28318530718,5.50830325136));
#1759 = ( GEOMETRIC_REPRESENTATION_CONTEXT(2) 
PARAMETRIC_REPRESENTATION_CONTEXT() REPRESENTATION_CONTEXT('2D SPACE',''
  ) );
#1760 = ADVANCED_FACE('',(#1761),#1536,.T.);
#1761 = FACE_BOUND('',#1762,.T.);
#1762 = EDGE_LOOP('',(#1763,#1785,#1824,#1860,#1892,#1893,#1894,#1895));
#1763 = ORIENTED_EDGE('',*,*,#1764,.T.);
#1764 = EDGE_CURVE('',#1493,#1765,#1767,.T.);
#1765 = VERTEX_POINT('',#1766);
#1766 = CARTESIAN_POINT('',(11.625501341473,240.22080242553,
    5.832380380939E-16));
#1767 = SEAM_CURVE('',#1768,(#1772,#1778),.PCURVE_S1.);
#1768 = LINE('',#1769,#1770);
#1769 = CARTESIAN_POINT('',(16.61771947154,237.8928928803,
    5.832380380939E-16));
#1770 = VECTOR('',#1771,1.);
#1771 = DIRECTION('',(-0.906307787037,0.422618261741,0.));
#1772 = PCURVE('',#1536,#1773);
#1773 = DEFINITIONAL_REPRESENTATION('',(#1774),#1777);
#1774 = B_SPLINE_CURVE_WITH_KNOTS('',1,(#1775,#1776),.UNSPECIFIED.,.F.,
  .F.,(2,2),(-2.30092028444,7.392558775758),.PIECEWISE_BEZIER_KNOTS.);
#1775 = CARTESIAN_POINT('',(6.28318530718,-2.30092028444));
#1776 = CARTESIAN_POINT('',(6.28318530718,7.392558775758));
#1777 = ( GEOMETRIC_REPRESENTATION_CONTEXT(2) 
PARAMETRIC_REPRESENTATION_CONTEXT() REPRESENTATION_CONTEXT('2D SPACE',''
  ) );
#1778 = PCURVE('',#1536,#1779);
#1779 = DEFINITIONAL_REPRESENTATION('',(#1780),#1784);
#1780 = LINE('',#1781,#1782);
#1781 = CARTESIAN_POINT('',(0.,0.));
#1782 = VECTOR('',#1783,1.);
#1783 = DIRECTION('',(0.,1.));
#1784 = ( GEOMETRIC_REPRESENTATION_CONTEXT(2) 
PARAMETRIC_REPRESENTATION_CONTEXT() REPRESENTATION_CONTEXT('2D SPACE',''
  ) );
#1785 = ORIENTED_EDGE('',*,*,#1786,.F.);
#1786 = EDGE_CURVE('',#1787,#1765,#1789,.T.);
#1787 = VERTEX_POINT('',#1788);
#1788 = CARTESIAN_POINT('',(9.990408386543,235.72842145315,4.7625));
#1789 = SURFACE_CURVE('',#1790,(#1795,#1807),.PCURVE_S1.);
#1790 = ELLIPSE('',#1791,4.7806919763,4.7625);
#1791 = AXIS2_PLACEMENT_3D('',#1792,#1793,#1794);
#1792 = CARTESIAN_POINT('',(9.990408386543,235.72842145315,
    1.740327774012E-30));
#1793 = DIRECTION('',(-0.939692620786,0.342020143326,0.));
#1794 = DIRECTION('',(0.342020143326,0.939692620786,0.));
#1795 = PCURVE('',#1536,#1796);
#1796 = DEFINITIONAL_REPRESENTATION('',(#1797),#1806);
#1797 = B_SPLINE_CURVE_WITH_KNOTS('',7,(#1798,#1799,#1800,#1801,#1802,
    #1803,#1804,#1805),.UNSPECIFIED.,.F.,.F.,(8,8),(4.712388980385,
    6.28318530718),.PIECEWISE_BEZIER_KNOTS.);
#1798 = CARTESIAN_POINT('',(4.712388980385,5.091638491318));
#1799 = CARTESIAN_POINT('',(4.936788455641,5.18513784483));
#1800 = CARTESIAN_POINT('',(5.161187930897,5.278636818677));
#1801 = CARTESIAN_POINT('',(5.385587406156,5.364448420371));
#1802 = CARTESIAN_POINT('',(5.609986881409,5.434871297636));
#1803 = CARTESIAN_POINT('',(5.834386356667,5.483824749786));
#1804 = CARTESIAN_POINT('',(6.058785831923,5.50830325136));
#1805 = CARTESIAN_POINT('',(6.28318530718,5.50830325136));
#1806 = ( GEOMETRIC_REPRESENTATION_CONTEXT(2) 
PARAMETRIC_REPRESENTATION_CONTEXT() REPRESENTATION_CONTEXT('2D SPACE',''
  ) );
#1807 = PCURVE('',#1808,#1813);
#1808 = CYLINDRICAL_SURFACE('',#1809,4.7625);
#1809 = AXIS2_PLACEMENT_3D('',#1810,#1811,#1812);
#1810 = CARTESIAN_POINT('',(9.990408386543,235.72842145315,
    1.740327774012E-30));
#1811 = DIRECTION('',(-0.965925826289,0.258819045103,0.));
#1812 = DIRECTION('',(0.258819045103,0.965925826289,1.224646799147E-16)
  );
#1813 = DEFINITIONAL_REPRESENTATION('',(#1814),#1823);
#1814 = B_SPLINE_CURVE_WITH_KNOTS('',7,(#1815,#1816,#1817,#1818,#1819,
    #1820,#1821,#1822),.UNSPECIFIED.,.F.,.F.,(8,8),(4.712388980385,
    6.28318530718),.PIECEWISE_BEZIER_KNOTS.);
#1815 = CARTESIAN_POINT('',(4.712388980385,2.13162820728E-14));
#1816 = CARTESIAN_POINT('',(4.936788455641,-9.349935351128E-02));
#1817 = CARTESIAN_POINT('',(5.161187930897,-0.18699832736));
#1818 = CARTESIAN_POINT('',(5.385587406156,-0.272809929049));
#1819 = CARTESIAN_POINT('',(5.60998688141,-0.343232806321));
#1820 = CARTESIAN_POINT('',(5.834386356667,-0.392186258466));
#1821 = CARTESIAN_POINT('',(6.058785831923,-0.416664760042));
#1822 = CARTESIAN_POINT('',(6.28318530718,-0.416664760042));
#1823 = ( GEOMETRIC_REPRESENTATION_CONTEXT(2) 
PARAMETRIC_REPRESENTATION_CONTEXT() REPRESENTATION_CONTEXT('2D SPACE',''
  ) );
#1824 = ORIENTED_EDGE('',*,*,#1825,.F.);
#1825 = EDGE_CURVE('',#1826,#1787,#1828,.T.);
#1826 = VERTEX_POINT('',#1827);
#1827 = CARTESIAN_POINT('',(9.990408386543,235.72842145315,-4.7625));
#1828 = SURFACE_CURVE('',#1829,(#1834,#1847),.PCURVE_S1.);
#1829 = ELLIPSE('',#1830,4.7806919763,4.7625);
#1830 = AXIS2_PLACEMENT_3D('',#1831,#1832,#1833);
#1831 = CARTESIAN_POINT('',(9.990408386543,235.72842145315,
    1.740327774012E-30));
#1832 = DIRECTION('',(-0.939692620786,0.342020143326,0.));
#1833 = DIRECTION('',(0.342020143326,0.939692620786,0.));
#1834 = PCURVE('',#1536,#1835);
#1835 = DEFINITIONAL_REPRESENTATION('',(#1836),#1846);
#1836 = B_SPLINE_CURVE_WITH_KNOTS('',8,(#1837,#1838,#1839,#1840,#1841,
    #1842,#1843,#1844,#1845),.UNSPECIFIED.,.F.,.F.,(9,9),(1.570796326795
    ,4.712388980385),.PIECEWISE_BEZIER_KNOTS.);
#1837 = CARTESIAN_POINT('',(1.570796326795,5.091638491318));
#1838 = CARTESIAN_POINT('',(1.963495408494,4.928014622673));
#1839 = CARTESIAN_POINT('',(2.356194490189,4.764389449372));
#1840 = CARTESIAN_POINT('',(2.748893571898,4.639228341962));
#1841 = CARTESIAN_POINT('',(3.141592653569,4.590891388399));
#1842 = CARTESIAN_POINT('',(3.534291735297,4.639228341963));
#1843 = CARTESIAN_POINT('',(3.926990816983,4.764389449371));
#1844 = CARTESIAN_POINT('',(4.319689898686,4.928014622673));
#1845 = CARTESIAN_POINT('',(4.712388980385,5.091638491318));
#1846 = ( GEOMETRIC_REPRESENTATION_CONTEXT(2) 
PARAMETRIC_REPRESENTATION_CONTEXT() REPRESENTATION_CONTEXT('2D SPACE',''
  ) );
#1847 = PCURVE('',#1808,#1848);
#1848 = DEFINITIONAL_REPRESENTATION('',(#1849),#1859);
#1849 = B_SPLINE_CURVE_WITH_KNOTS('',8,(#1850,#1851,#1852,#1853,#1854,
    #1855,#1856,#1857,#1858),.UNSPECIFIED.,.F.,.F.,(9,9),(1.570796326795
    ,4.712388980385),.PIECEWISE_BEZIER_KNOTS.);
#1850 = CARTESIAN_POINT('',(1.570796326795,2.13162820728E-14));
#1851 = CARTESIAN_POINT('',(1.963495408494,0.163623868645));
#1852 = CARTESIAN_POINT('',(2.356194490189,0.327249041947));
#1853 = CARTESIAN_POINT('',(2.748893571897,0.452410149346));
#1854 = CARTESIAN_POINT('',(3.141592653574,0.500747102914));
#1855 = CARTESIAN_POINT('',(3.53429173529,0.452410149346));
#1856 = CARTESIAN_POINT('',(3.926990816984,0.327249041947));
#1857 = CARTESIAN_POINT('',(4.319689898686,0.163623868645));
#1858 = CARTESIAN_POINT('',(4.712388980385,2.13162820728E-14));
#1859 = ( GEOMETRIC_REPRESENTATION_CONTEXT(2) 
PARAMETRIC_REPRESENTATION_CONTEXT() REPRESENTATION_CONTEXT('2D SPACE',''
  ) );
#1860 = ORIENTED_EDGE('',*,*,#1861,.F.);
#1861 = EDGE_CURVE('',#1765,#1826,#1862,.T.);
#1862 = SURFACE_CURVE('',#1863,(#1868,#1880),.PCURVE_S1.);
#1863 = ELLIPSE('',#1864,4.7806919763,4.7625);
#1864 = AXIS2_PLACEMENT_3D('',#1865,#1866,#1867);
#1865 = CARTESIAN_POINT('',(9.990408386543,235.72842145315,
    1.740327774012E-30));
#1866 = DIRECTION('',(-0.939692620786,0.342020143326,0.));
#1867 = DIRECTION('',(0.342020143326,0.939692620786,0.));
#1868 = PCURVE('',#1536,#1869);
#1869 = DEFINITIONAL_REPRESENTATION('',(#1870),#1879);
#1870 = B_SPLINE_CURVE_WITH_KNOTS('',7,(#1871,#1872,#1873,#1874,#1875,
    #1876,#1877,#1878),.UNSPECIFIED.,.F.,.F.,(8,8),(0.,1.570796326795),
  .PIECEWISE_BEZIER_KNOTS.);
#1871 = CARTESIAN_POINT('',(1.224646799147E-16,5.50830325136));
#1872 = CARTESIAN_POINT('',(0.224399475256,5.50830325136));
#1873 = CARTESIAN_POINT('',(0.448798950513,5.483824749784));
#1874 = CARTESIAN_POINT('',(0.67319842577,5.43487129764));
#1875 = CARTESIAN_POINT('',(0.897597901025,5.364448420368));
#1876 = CARTESIAN_POINT('',(1.121997376282,5.278636818678));
#1877 = CARTESIAN_POINT('',(1.346396851538,5.18513784483));
#1878 = CARTESIAN_POINT('',(1.570796326795,5.091638491318));
#1879 = ( GEOMETRIC_REPRESENTATION_CONTEXT(2) 
PARAMETRIC_REPRESENTATION_CONTEXT() REPRESENTATION_CONTEXT('2D SPACE',''
  ) );
#1880 = PCURVE('',#1808,#1881);
#1881 = DEFINITIONAL_REPRESENTATION('',(#1882),#1891);
#1882 = B_SPLINE_CURVE_WITH_KNOTS('',7,(#1883,#1884,#1885,#1886,#1887,
    #1888,#1889,#1890),.UNSPECIFIED.,.F.,.F.,(8,8),(0.,1.570796326795),
  .PIECEWISE_BEZIER_KNOTS.);
#1883 = CARTESIAN_POINT('',(1.224646799147E-16,-0.416664760042));
#1884 = CARTESIAN_POINT('',(0.224399475256,-0.416664760042));
#1885 = CARTESIAN_POINT('',(0.448798950513,-0.392186258466));
#1886 = CARTESIAN_POINT('',(0.673198425769,-0.343232806321));
#1887 = CARTESIAN_POINT('',(0.897597901026,-0.272809929049));
#1888 = CARTESIAN_POINT('',(1.121997376282,-0.18699832736));
#1889 = CARTESIAN_POINT('',(1.346396851538,-9.349935351128E-02));
#1890 = CARTESIAN_POINT('',(1.570796326795,2.13162820728E-14));
#1891 = ( GEOMETRIC_REPRESENTATION_CONTEXT(2) 
PARAMETRIC_REPRESENTATION_CONTEXT() REPRESENTATION_CONTEXT('2D SPACE',''
  ) );
#1892 = ORIENTED_EDGE('',*,*,#1764,.F.);
#1893 = ORIENTED_EDGE('',*,*,#1589,.T.);
#1894 = ORIENTED_EDGE('',*,*,#1553,.T.);
#1895 = ORIENTED_EDGE('',*,*,#1514,.T.);
#1896 = ADVANCED_FACE('',(#1897),#1676,.T.);
#1897 = FACE_BOUND('',#1898,.T.);
#1898 = EDGE_LOOP('',(#1899,#1921,#1922,#1923,#1924,#1925,#1964,#2000));
#1899 = ORIENTED_EDGE('',*,*,#1900,.T.);
#1900 = EDGE_CURVE('',#1901,#1629,#1903,.T.);
#1901 = VERTEX_POINT('',#1902);
#1902 = CARTESIAN_POINT('',(11.625501341472,176.33919757446,
    5.832380380939E-16));
#1903 = SEAM_CURVE('',#1904,(#1908,#1914),.PCURVE_S1.);
#1904 = LINE('',#1905,#1906);
#1905 = CARTESIAN_POINT('',(12.003127858083,176.51528771108,
    5.832380380939E-16));
#1906 = VECTOR('',#1907,1.);
#1907 = DIRECTION('',(0.906307787037,0.422618261741,0.));
#1908 = PCURVE('',#1676,#1909);
#1909 = DEFINITIONAL_REPRESENTATION('',(#1910),#1913);
#1910 = B_SPLINE_CURVE_WITH_KNOTS('',1,(#1911,#1912),.UNSPECIFIED.,.F.,
  .F.,(2,2),(-2.30092028444,7.392558775758),.PIECEWISE_BEZIER_KNOTS.);
#1911 = CARTESIAN_POINT('',(6.28318530718,-2.30092028444));
#1912 = CARTESIAN_POINT('',(6.28318530718,7.392558775758));
#1913 = ( GEOMETRIC_REPRESENTATION_CONTEXT(2) 
PARAMETRIC_REPRESENTATION_CONTEXT() REPRESENTATION_CONTEXT('2D SPACE',''
  ) );
#1914 = PCURVE('',#1676,#1915);
#1915 = DEFINITIONAL_REPRESENTATION('',(#1916),#1920);
#1916 = LINE('',#1917,#1918);
#1917 = CARTESIAN_POINT('',(0.,0.));
#1918 = VECTOR('',#1919,1.);
#1919 = DIRECTION('',(0.,1.));
#1920 = ( GEOMETRIC_REPRESENTATION_CONTEXT(2) 
PARAMETRIC_REPRESENTATION_CONTEXT() REPRESENTATION_CONTEXT('2D SPACE',''
  ) );
#1921 = ORIENTED_EDGE('',*,*,#1729,.F.);
#1922 = ORIENTED_EDGE('',*,*,#1693,.F.);
#1923 = ORIENTED_EDGE('',*,*,#1654,.F.);
#1924 = ORIENTED_EDGE('',*,*,#1900,.F.);
#1925 = ORIENTED_EDGE('',*,*,#1926,.T.);
#1926 = EDGE_CURVE('',#1901,#1927,#1929,.T.);
#1927 = VERTEX_POINT('',#1928);
#1928 = CARTESIAN_POINT('',(9.990408386542,180.83157854684,-4.7625));
#1929 = SURFACE_CURVE('',#1930,(#1935,#1947),.PCURVE_S1.);
#1930 = ELLIPSE('',#1931,4.7806919763,4.7625);
#1931 = AXIS2_PLACEMENT_3D('',#1932,#1933,#1934);
#1932 = CARTESIAN_POINT('',(9.990408386542,180.83157854684,
    1.740327774012E-30));
#1933 = DIRECTION('',(0.939692620786,0.342020143326,0.));
#1934 = DIRECTION('',(0.342020143326,-0.939692620786,0.));
#1935 = PCURVE('',#1676,#1936);
#1936 = DEFINITIONAL_REPRESENTATION('',(#1937),#1946);
#1937 = B_SPLINE_CURVE_WITH_KNOTS('',7,(#1938,#1939,#1940,#1941,#1942,
    #1943,#1944,#1945),.UNSPECIFIED.,.F.,.F.,(8,8),(0.,1.570796326795),
  .PIECEWISE_BEZIER_KNOTS.);
#1938 = CARTESIAN_POINT('',(1.224646799147E-16,-0.416664760043));
#1939 = CARTESIAN_POINT('',(0.224399475256,-0.416664760043));
#1940 = CARTESIAN_POINT('',(0.448798950513,-0.392186258467));
#1941 = CARTESIAN_POINT('',(0.673198425769,-0.343232806322));
#1942 = CARTESIAN_POINT('',(0.897597901026,-0.27280992905));
#1943 = CARTESIAN_POINT('',(1.121997376282,-0.186998327361));
#1944 = CARTESIAN_POINT('',(1.346396851538,-9.349935351171E-02));
#1945 = CARTESIAN_POINT('',(1.570796326795,-3.979039320257E-13));
#1946 = ( GEOMETRIC_REPRESENTATION_CONTEXT(2) 
PARAMETRIC_REPRESENTATION_CONTEXT() REPRESENTATION_CONTEXT('2D SPACE',''
  ) );
#1947 = PCURVE('',#1948,#1953);
#1948 = CYLINDRICAL_SURFACE('',#1949,4.7625);
#1949 = AXIS2_PLACEMENT_3D('',#1950,#1951,#1952);
#1950 = CARTESIAN_POINT('',(5.072263269651,179.51376553451,
    1.740327774012E-30));
#1951 = DIRECTION('',(0.965925826289,0.258819045103,0.));
#1952 = DIRECTION('',(0.258819045103,-0.965925826289,1.224646799147E-16)
  );
#1953 = DEFINITIONAL_REPRESENTATION('',(#1954),#1963);
#1954 = B_SPLINE_CURVE_WITH_KNOTS('',7,(#1955,#1956,#1957,#1958,#1959,
    #1960,#1961,#1962),.UNSPECIFIED.,.F.,.F.,(8,8),(0.,1.570796326795),
  .PIECEWISE_BEZIER_KNOTS.);
#1955 = CARTESIAN_POINT('',(1.224646799147E-16,5.50830325136));
#1956 = CARTESIAN_POINT('',(0.224399475256,5.50830325136));
#1957 = CARTESIAN_POINT('',(0.448798950513,5.483824749785));
#1958 = CARTESIAN_POINT('',(0.673198425769,5.434871297638));
#1959 = CARTESIAN_POINT('',(0.897597901026,5.364448420368));
#1960 = CARTESIAN_POINT('',(1.121997376282,5.278636818678));
#1961 = CARTESIAN_POINT('',(1.346396851538,5.185137844829));
#1962 = CARTESIAN_POINT('',(1.570796326795,5.091638491318));
#1963 = ( GEOMETRIC_REPRESENTATION_CONTEXT(2) 
PARAMETRIC_REPRESENTATION_CONTEXT() REPRESENTATION_CONTEXT('2D SPACE',''
  ) );
#1964 = ORIENTED_EDGE('',*,*,#1965,.T.);
#1965 = EDGE_CURVE('',#1927,#1966,#1968,.T.);
#1966 = VERTEX_POINT('',#1967);
#1967 = CARTESIAN_POINT('',(9.990408386542,180.83157854684,4.7625));
#1968 = SURFACE_CURVE('',#1969,(#1974,#1987),.PCURVE_S1.);
#1969 = ELLIPSE('',#1970,4.7806919763,4.7625);
#1970 = AXIS2_PLACEMENT_3D('',#1971,#1972,#1973);
#1971 = CARTESIAN_POINT('',(9.990408386542,180.83157854684,
    1.740327774012E-30));
#1972 = DIRECTION('',(0.939692620786,0.342020143326,0.));
#1973 = DIRECTION('',(0.342020143326,-0.939692620786,0.));
#1974 = PCURVE('',#1676,#1975);
#1975 = DEFINITIONAL_REPRESENTATION('',(#1976),#1986);
#1976 = B_SPLINE_CURVE_WITH_KNOTS('',8,(#1977,#1978,#1979,#1980,#1981,
    #1982,#1983,#1984,#1985),.UNSPECIFIED.,.F.,.F.,(9,9),(1.570796326795
    ,4.712388980385),.PIECEWISE_BEZIER_KNOTS.);
#1977 = CARTESIAN_POINT('',(1.570796326795,-3.979039320257E-13));
#1978 = CARTESIAN_POINT('',(1.963495408494,0.163623868644));
#1979 = CARTESIAN_POINT('',(2.35619449019,0.327249041946));
#1980 = CARTESIAN_POINT('',(2.748893571897,0.452410149346));
#1981 = CARTESIAN_POINT('',(3.141592653573,0.500747102911));
#1982 = CARTESIAN_POINT('',(3.534291735293,0.452410149346));
#1983 = CARTESIAN_POINT('',(3.926990816984,0.327249041946));
#1984 = CARTESIAN_POINT('',(4.319689898686,0.163623868644));
#1985 = CARTESIAN_POINT('',(4.712388980385,-3.979039320257E-13));
#1986 = ( GEOMETRIC_REPRESENTATION_CONTEXT(2) 
PARAMETRIC_REPRESENTATION_CONTEXT() REPRESENTATION_CONTEXT('2D SPACE',''
  ) );
#1987 = PCURVE('',#1948,#1988);
#1988 = DEFINITIONAL_REPRESENTATION('',(#1989),#1999);
#1989 = B_SPLINE_CURVE_WITH_KNOTS('',8,(#1990,#1991,#1992,#1993,#1994,
    #1995,#1996,#1997,#1998),.UNSPECIFIED.,.F.,.F.,(9,9),(1.570796326795
    ,4.712388980385),.PIECEWISE_BEZIER_KNOTS.);
#1990 = CARTESIAN_POINT('',(1.570796326795,5.091638491318));
#1991 = CARTESIAN_POINT('',(1.963495408494,4.928014622673));
#1992 = CARTESIAN_POINT('',(2.356194490192,4.764389449375));
#1993 = CARTESIAN_POINT('',(2.748893571889,4.639228341951));
#1994 = CARTESIAN_POINT('',(3.141592653585,4.590891388418));
#1995 = CARTESIAN_POINT('',(3.534291735284,4.63922834195));
#1996 = CARTESIAN_POINT('',(3.926990816986,4.764389449374));
#1997 = CARTESIAN_POINT('',(4.319689898686,4.928014622673));
#1998 = CARTESIAN_POINT('',(4.712388980385,5.091638491318));
#1999 = ( GEOMETRIC_REPRESENTATION_CONTEXT(2) 
PARAMETRIC_REPRESENTATION_CONTEXT() REPRESENTATION_CONTEXT('2D SPACE',''
  ) );
#2000 = ORIENTED_EDGE('',*,*,#2001,.T.);
#2001 = EDGE_CURVE('',#1966,#1901,#2002,.T.);
#2002 = SURFACE_CURVE('',#2003,(#2008,#2020),.PCURVE_S1.);
#2003 = ELLIPSE('',#2004,4.7806919763,4.7625);
#2004 = AXIS2_PLACEMENT_3D('',#2005,#2006,#2007);
#2005 = CARTESIAN_POINT('',(9.990408386542,180.83157854684,
    1.740327774012E-30));
#2006 = DIRECTION('',(0.939692620786,0.342020143326,0.));
#2007 = DIRECTION('',(0.342020143326,-0.939692620786,0.));
#2008 = PCURVE('',#1676,#2009);
#2009 = DEFINITIONAL_REPRESENTATION('',(#2010),#2019);
#2010 = B_SPLINE_CURVE_WITH_KNOTS('',7,(#2011,#2012,#2013,#2014,#2015,
    #2016,#2017,#2018),.UNSPECIFIED.,.F.,.F.,(8,8),(4.712388980385,
    6.28318530718),.PIECEWISE_BEZIER_KNOTS.);
#2011 = CARTESIAN_POINT('',(4.712388980385,-3.979039320257E-13));
#2012 = CARTESIAN_POINT('',(4.936788455641,-9.349935351171E-02));
#2013 = CARTESIAN_POINT('',(5.161187930898,-0.186998327361));
#2014 = CARTESIAN_POINT('',(5.385587406153,-0.27280992905));
#2015 = CARTESIAN_POINT('',(5.609986881412,-0.343232806321));
#2016 = CARTESIAN_POINT('',(5.834386356666,-0.392186258467));
#2017 = CARTESIAN_POINT('',(6.058785831923,-0.416664760043));
#2018 = CARTESIAN_POINT('',(6.28318530718,-0.416664760043));
#2019 = ( GEOMETRIC_REPRESENTATION_CONTEXT(2) 
PARAMETRIC_REPRESENTATION_CONTEXT() REPRESENTATION_CONTEXT('2D SPACE',''
  ) );
#2020 = PCURVE('',#1948,#2021);
#2021 = DEFINITIONAL_REPRESENTATION('',(#2022),#2031);
#2022 = B_SPLINE_CURVE_WITH_KNOTS('',7,(#2023,#2024,#2025,#2026,#2027,
    #2028,#2029,#2030),.UNSPECIFIED.,.F.,.F.,(8,8),(4.712388980385,
    6.28318530718),.PIECEWISE_BEZIER_KNOTS.);
#2023 = CARTESIAN_POINT('',(4.712388980385,5.091638491318));
#2024 = CARTESIAN_POINT('',(4.936788455641,5.185137844829));
#2025 = CARTESIAN_POINT('',(5.161187930896,5.278636818678));
#2026 = CARTESIAN_POINT('',(5.38558740616,5.364448420367));
#2027 = CARTESIAN_POINT('',(5.609986881406,5.434871297639));
#2028 = CARTESIAN_POINT('',(5.834386356668,5.483824749784));
#2029 = CARTESIAN_POINT('',(6.058785831923,5.50830325136));
#2030 = CARTESIAN_POINT('',(6.28318530718,5.50830325136));
#2031 = ( GEOMETRIC_REPRESENTATION_CONTEXT(2) 
PARAMETRIC_REPRESENTATION_CONTEXT() REPRESENTATION_CONTEXT('2D SPACE',''
  ) );
#2032 = ADVANCED_FACE('',(#2033),#1808,.T.);
#2033 = FACE_BOUND('',#2034,.T.);
#2034 = EDGE_LOOP('',(#2035,#2057,#2096,#2132,#2164,#2165,#2166,#2167));
#2035 = ORIENTED_EDGE('',*,*,#2036,.T.);
#2036 = EDGE_CURVE('',#1765,#2037,#2039,.T.);
#2037 = VERTEX_POINT('',#2038);
#2038 = CARTESIAN_POINT('',(5.902421719323,241.75429698851,
    5.832380380939E-16));
#2039 = SEAM_CURVE('',#2040,(#2044,#2050),.PCURVE_S1.);
#2040 = LINE('',#2041,#2042);
#2041 = CARTESIAN_POINT('',(11.223034088844,240.32864320085,
    5.832380380939E-16));
#2042 = VECTOR('',#2043,1.);
#2043 = DIRECTION('',(-0.965925826289,0.258819045103,0.));
#2044 = PCURVE('',#1808,#2045);
#2045 = DEFINITIONAL_REPRESENTATION('',(#2046),#2049);
#2046 = B_SPLINE_CURVE_WITH_KNOTS('',1,(#2047,#2048),.UNSPECIFIED.,.F.,
  .F.,(2,2),(-2.30092028444,7.392558775758),.PIECEWISE_BEZIER_KNOTS.);
#2047 = CARTESIAN_POINT('',(6.28318530718,-2.30092028444));
#2048 = CARTESIAN_POINT('',(6.28318530718,7.392558775758));
#2049 = ( GEOMETRIC_REPRESENTATION_CONTEXT(2) 
PARAMETRIC_REPRESENTATION_CONTEXT() REPRESENTATION_CONTEXT('2D SPACE',''
  ) );
#2050 = PCURVE('',#1808,#2051);
#2051 = DEFINITIONAL_REPRESENTATION('',(#2052),#2056);
#2052 = LINE('',#2053,#2054);
#2053 = CARTESIAN_POINT('',(0.,0.));
#2054 = VECTOR('',#2055,1.);
#2055 = DIRECTION('',(0.,1.));
#2056 = ( GEOMETRIC_REPRESENTATION_CONTEXT(2) 
PARAMETRIC_REPRESENTATION_CONTEXT() REPRESENTATION_CONTEXT('2D SPACE',''
  ) );
#2057 = ORIENTED_EDGE('',*,*,#2058,.F.);
#2058 = EDGE_CURVE('',#2059,#2037,#2061,.T.);
#2059 = VERTEX_POINT('',#2060);
#2060 = CARTESIAN_POINT('',(5.072263269651,237.04623446548,4.7625));
#2061 = SURFACE_CURVE('',#2062,(#2067,#2079),.PCURVE_S1.);
#2062 = ELLIPSE('',#2063,4.7806919763,4.7625);
#2063 = AXIS2_PLACEMENT_3D('',#2064,#2065,#2066);
#2064 = CARTESIAN_POINT('',(5.072263269651,237.04623446548,
    1.740327774012E-30));
#2065 = DIRECTION('',(-0.984807753012,0.173648177667,0.));
#2066 = DIRECTION('',(0.173648177667,0.984807753012,0.));
#2067 = PCURVE('',#1808,#2068);
#2068 = DEFINITIONAL_REPRESENTATION('',(#2069),#2078);
#2069 = B_SPLINE_CURVE_WITH_KNOTS('',7,(#2070,#2071,#2072,#2073,#2074,
    #2075,#2076,#2077),.UNSPECIFIED.,.F.,.F.,(8,8),(4.712388980385,
    6.28318530718),.PIECEWISE_BEZIER_KNOTS.);
#2070 = CARTESIAN_POINT('',(4.712388980385,5.091638491318));
#2071 = CARTESIAN_POINT('',(4.936788455641,5.185137844829));
#2072 = CARTESIAN_POINT('',(5.161187930897,5.278636818678));
#2073 = CARTESIAN_POINT('',(5.385587406155,5.364448420368));
#2074 = CARTESIAN_POINT('',(5.60998688141,5.434871297639));
#2075 = CARTESIAN_POINT('',(5.834386356667,5.483824749784));
#2076 = CARTESIAN_POINT('',(6.058785831923,5.50830325136));
#2077 = CARTESIAN_POINT('',(6.28318530718,5.50830325136));
#2078 = ( GEOMETRIC_REPRESENTATION_CONTEXT(2) 
PARAMETRIC_REPRESENTATION_CONTEXT() REPRESENTATION_CONTEXT('2D SPACE',''
  ) );
#2079 = PCURVE('',#2080,#2085);
#2080 = CYLINDRICAL_SURFACE('',#2081,4.7625);
#2081 = AXIS2_PLACEMENT_3D('',#2082,#2083,#2084);
#2082 = CARTESIAN_POINT('',(5.072263269651,237.04623446548,
    1.740327774012E-30));
#2083 = DIRECTION('',(-0.996194698092,8.715574274765E-02,0.));
#2084 = DIRECTION('',(8.715574274765E-02,0.996194698092,
    1.224646799147E-16));
#2085 = DEFINITIONAL_REPRESENTATION('',(#2086),#2095);
#2086 = B_SPLINE_CURVE_WITH_KNOTS('',7,(#2087,#2088,#2089,#2090,#2091,
    #2092,#2093,#2094),.UNSPECIFIED.,.F.,.F.,(8,8),(4.712388980385,
    6.28318530718),.PIECEWISE_BEZIER_KNOTS.);
#2087 = CARTESIAN_POINT('',(4.712388980385,-4.085620730621E-13));
#2088 = CARTESIAN_POINT('',(4.936788455641,-9.349935351173E-02));
#2089 = CARTESIAN_POINT('',(5.161187930896,-0.186998327361));
#2090 = CARTESIAN_POINT('',(5.385587406157,-0.27280992905));
#2091 = CARTESIAN_POINT('',(5.609986881407,-0.343232806322));
#2092 = CARTESIAN_POINT('',(5.834386356668,-0.392186258467));
#2093 = CARTESIAN_POINT('',(6.058785831923,-0.416664760043));
#2094 = CARTESIAN_POINT('',(6.28318530718,-0.416664760043));
#2095 = ( GEOMETRIC_REPRESENTATION_CONTEXT(2) 
PARAMETRIC_REPRESENTATION_CONTEXT() REPRESENTATION_CONTEXT('2D SPACE',''
  ) );
#2096 = ORIENTED_EDGE('',*,*,#2097,.F.);
#2097 = EDGE_CURVE('',#2098,#2059,#2100,.T.);
#2098 = VERTEX_POINT('',#2099);
#2099 = CARTESIAN_POINT('',(5.072263269651,237.04623446548,-4.7625));
#2100 = SURFACE_CURVE('',#2101,(#2106,#2119),.PCURVE_S1.);
#2101 = ELLIPSE('',#2102,4.7806919763,4.7625);
#2102 = AXIS2_PLACEMENT_3D('',#2103,#2104,#2105);
#2103 = CARTESIAN_POINT('',(5.072263269651,237.04623446548,
    1.740327774012E-30));
#2104 = DIRECTION('',(-0.984807753012,0.173648177667,0.));
#2105 = DIRECTION('',(0.173648177667,0.984807753012,0.));
#2106 = PCURVE('',#1808,#2107);
#2107 = DEFINITIONAL_REPRESENTATION('',(#2108),#2118);
#2108 = B_SPLINE_CURVE_WITH_KNOTS('',8,(#2109,#2110,#2111,#2112,#2113,
    #2114,#2115,#2116,#2117),.UNSPECIFIED.,.F.,.F.,(9,9),(1.570796326795
    ,4.712388980385),.PIECEWISE_BEZIER_KNOTS.);
#2109 = CARTESIAN_POINT('',(1.570796326795,5.091638491318));
#2110 = CARTESIAN_POINT('',(1.963495408494,4.928014622673));
#2111 = CARTESIAN_POINT('',(2.356194490189,4.764389449371));
#2112 = CARTESIAN_POINT('',(2.748893571897,4.639228341951));
#2113 = CARTESIAN_POINT('',(3.141592653571,4.590891388413));
#2114 = CARTESIAN_POINT('',(3.534291735295,4.639228341952));
#2115 = CARTESIAN_POINT('',(3.926990816985,4.764389449372));
#2116 = CARTESIAN_POINT('',(4.319689898686,4.928014622673));
#2117 = CARTESIAN_POINT('',(4.712388980385,5.091638491318));
#2118 = ( GEOMETRIC_REPRESENTATION_CONTEXT(2) 
PARAMETRIC_REPRESENTATION_CONTEXT() REPRESENTATION_CONTEXT('2D SPACE',''
  ) );
#2119 = PCURVE('',#2080,#2120);
#2120 = DEFINITIONAL_REPRESENTATION('',(#2121),#2131);
#2121 = B_SPLINE_CURVE_WITH_KNOTS('',8,(#2122,#2123,#2124,#2125,#2126,
    #2127,#2128,#2129,#2130),.UNSPECIFIED.,.F.,.F.,(9,9),(1.570796326795
    ,4.712388980385),.PIECEWISE_BEZIER_KNOTS.);
#2122 = CARTESIAN_POINT('',(1.570796326795,-4.085620730621E-13));
#2123 = CARTESIAN_POINT('',(1.963495408494,0.163623868644));
#2124 = CARTESIAN_POINT('',(2.356194490191,0.327249041947));
#2125 = CARTESIAN_POINT('',(2.74889357189,0.452410149344));
#2126 = CARTESIAN_POINT('',(3.141592653588,0.500747102914));
#2127 = CARTESIAN_POINT('',(3.534291735289,0.452410149345));
#2128 = CARTESIAN_POINT('',(3.926990816985,0.327249041947));
#2129 = CARTESIAN_POINT('',(4.319689898686,0.163623868644));
#2130 = CARTESIAN_POINT('',(4.712388980385,-4.085620730621E-13));
#2131 = ( GEOMETRIC_REPRESENTATION_CONTEXT(2) 
PARAMETRIC_REPRESENTATION_CONTEXT() REPRESENTATION_CONTEXT('2D SPACE',''
  ) );
#2132 = ORIENTED_EDGE('',*,*,#2133,.F.);
#2133 = EDGE_CURVE('',#2037,#2098,#2134,.T.);
#2134 = SURFACE_CURVE('',#2135,(#2140,#2152),.PCURVE_S1.);
#2135 = ELLIPSE('',#2136,4.7806919763,4.7625);
#2136 = AXIS2_PLACEMENT_3D('',#2137,#2138,#2139);
#2137 = CARTESIAN_POINT('',(5.072263269651,237.04623446548,
    1.740327774012E-30));
#2138 = DIRECTION('',(-0.984807753012,0.173648177667,0.));
#2139 = DIRECTION('',(0.173648177667,0.984807753012,0.));
#2140 = PCURVE('',#1808,#2141);
#2141 = DEFINITIONAL_REPRESENTATION('',(#2142),#2151);
#2142 = B_SPLINE_CURVE_WITH_KNOTS('',7,(#2143,#2144,#2145,#2146,#2147,
    #2148,#2149,#2150),.UNSPECIFIED.,.F.,.F.,(8,8),(0.,1.570796326795),
  .PIECEWISE_BEZIER_KNOTS.);
#2143 = CARTESIAN_POINT('',(1.224646799147E-16,5.50830325136));
#2144 = CARTESIAN_POINT('',(0.224399475256,5.50830325136));
#2145 = CARTESIAN_POINT('',(0.448798950513,5.483824749785));
#2146 = CARTESIAN_POINT('',(0.673198425769,5.434871297638));
#2147 = CARTESIAN_POINT('',(0.897597901026,5.36444842037));
#2148 = CARTESIAN_POINT('',(1.121997376282,5.278636818677));
#2149 = CARTESIAN_POINT('',(1.346396851538,5.185137844829));
#2150 = CARTESIAN_POINT('',(1.570796326795,5.091638491318));
#2151 = ( GEOMETRIC_REPRESENTATION_CONTEXT(2) 
PARAMETRIC_REPRESENTATION_CONTEXT() REPRESENTATION_CONTEXT('2D SPACE',''
  ) );
#2152 = PCURVE('',#2080,#2153);
#2153 = DEFINITIONAL_REPRESENTATION('',(#2154),#2163);
#2154 = B_SPLINE_CURVE_WITH_KNOTS('',7,(#2155,#2156,#2157,#2158,#2159,
    #2160,#2161,#2162),.UNSPECIFIED.,.F.,.F.,(8,8),(0.,1.570796326795),
  .PIECEWISE_BEZIER_KNOTS.);
#2155 = CARTESIAN_POINT('',(1.224646799147E-16,-0.416664760043));
#2156 = CARTESIAN_POINT('',(0.224399475256,-0.416664760043));
#2157 = CARTESIAN_POINT('',(0.448798950513,-0.392186258467));
#2158 = CARTESIAN_POINT('',(0.673198425769,-0.343232806322));
#2159 = CARTESIAN_POINT('',(0.897597901026,-0.27280992905));
#2160 = CARTESIAN_POINT('',(1.121997376282,-0.186998327361));
#2161 = CARTESIAN_POINT('',(1.346396851538,-9.349935351173E-02));
#2162 = CARTESIAN_POINT('',(1.570796326795,-4.085620730621E-13));
#2163 = ( GEOMETRIC_REPRESENTATION_CONTEXT(2) 
PARAMETRIC_REPRESENTATION_CONTEXT() REPRESENTATION_CONTEXT('2D SPACE',''
  ) );
#2164 = ORIENTED_EDGE('',*,*,#2036,.F.);
#2165 = ORIENTED_EDGE('',*,*,#1861,.T.);
#2166 = ORIENTED_EDGE('',*,*,#1825,.T.);
#2167 = ORIENTED_EDGE('',*,*,#1786,.T.);
#2168 = ADVANCED_FACE('',(#2169),#1948,.T.);
#2169 = FACE_BOUND('',#2170,.T.);
#2170 = EDGE_LOOP('',(#2171,#2193,#2194,#2195,#2196,#2197,#2236,#2272));
#2171 = ORIENTED_EDGE('',*,*,#2172,.T.);
#2172 = EDGE_CURVE('',#2173,#1901,#2175,.T.);
#2173 = VERTEX_POINT('',#2174);
#2174 = CARTESIAN_POINT('',(5.902421719322,174.80570301149,
    5.832380380939E-16));
#2175 = SEAM_CURVE('',#2176,(#2180,#2186),.PCURVE_S1.);
#2176 = LINE('',#2177,#2178);
#2177 = CARTESIAN_POINT('',(6.304888971952,174.91354378681,
    5.832380380939E-16));
#2178 = VECTOR('',#2179,1.);
#2179 = DIRECTION('',(0.965925826289,0.258819045103,0.));
#2180 = PCURVE('',#1948,#2181);
#2181 = DEFINITIONAL_REPRESENTATION('',(#2182),#2185);
#2182 = B_SPLINE_CURVE_WITH_KNOTS('',1,(#2183,#2184),.UNSPECIFIED.,.F.,
  .F.,(2,2),(-2.30092028444,7.392558775758),.PIECEWISE_BEZIER_KNOTS.);
#2183 = CARTESIAN_POINT('',(6.28318530718,-2.30092028444));
#2184 = CARTESIAN_POINT('',(6.28318530718,7.392558775758));
#2185 = ( GEOMETRIC_REPRESENTATION_CONTEXT(2) 
PARAMETRIC_REPRESENTATION_CONTEXT() REPRESENTATION_CONTEXT('2D SPACE',''
  ) );
#2186 = PCURVE('',#1948,#2187);
#2187 = DEFINITIONAL_REPRESENTATION('',(#2188),#2192);
#2188 = LINE('',#2189,#2190);
#2189 = CARTESIAN_POINT('',(0.,0.));
#2190 = VECTOR('',#2191,1.);
#2191 = DIRECTION('',(0.,1.));
#2192 = ( GEOMETRIC_REPRESENTATION_CONTEXT(2) 
PARAMETRIC_REPRESENTATION_CONTEXT() REPRESENTATION_CONTEXT('2D SPACE',''
  ) );
#2193 = ORIENTED_EDGE('',*,*,#2001,.F.);
#2194 = ORIENTED_EDGE('',*,*,#1965,.F.);
#2195 = ORIENTED_EDGE('',*,*,#1926,.F.);
#2196 = ORIENTED_EDGE('',*,*,#2172,.F.);
#2197 = ORIENTED_EDGE('',*,*,#2198,.T.);
#2198 = EDGE_CURVE('',#2173,#2199,#2201,.T.);
#2199 = VERTEX_POINT('',#2200);
#2200 = CARTESIAN_POINT('',(5.072263269651,179.51376553451,-4.7625));
#2201 = SURFACE_CURVE('',#2202,(#2207,#2219),.PCURVE_S1.);
#2202 = ELLIPSE('',#2203,4.7806919763,4.7625);
#2203 = AXIS2_PLACEMENT_3D('',#2204,#2205,#2206);
#2204 = CARTESIAN_POINT('',(5.072263269651,179.51376553451,
    1.740327774012E-30));
#2205 = DIRECTION('',(0.984807753012,0.173648177667,0.));
#2206 = DIRECTION('',(0.173648177667,-0.984807753012,0.));
#2207 = PCURVE('',#1948,#2208);
#2208 = DEFINITIONAL_REPRESENTATION('',(#2209),#2218);
#2209 = B_SPLINE_CURVE_WITH_KNOTS('',7,(#2210,#2211,#2212,#2213,#2214,
    #2215,#2216,#2217),.UNSPECIFIED.,.F.,.F.,(8,8),(0.,1.570796326795),
  .PIECEWISE_BEZIER_KNOTS.);
#2210 = CARTESIAN_POINT('',(1.224646799147E-16,-0.416664760042));
#2211 = CARTESIAN_POINT('',(0.224399475256,-0.416664760042));
#2212 = CARTESIAN_POINT('',(0.448798950513,-0.392186258467));
#2213 = CARTESIAN_POINT('',(0.673198425769,-0.343232806321));
#2214 = CARTESIAN_POINT('',(0.897597901026,-0.27280992905));
#2215 = CARTESIAN_POINT('',(1.121997376282,-0.18699832736));
#2216 = CARTESIAN_POINT('',(1.346396851538,-9.349935351142E-02));
#2217 = CARTESIAN_POINT('',(1.570796326795,-1.136868377216E-13));
#2218 = ( GEOMETRIC_REPRESENTATION_CONTEXT(2) 
PARAMETRIC_REPRESENTATION_CONTEXT() REPRESENTATION_CONTEXT('2D SPACE',''
  ) );
#2219 = PCURVE('',#2220,#2225);
#2220 = CYLINDRICAL_SURFACE('',#2221,4.7625);
#2221 = AXIS2_PLACEMENT_3D('',#2222,#2223,#2224);
#2222 = CARTESIAN_POINT('',(-4.127232352682E-15,179.07,
    1.740327774012E-30));
#2223 = DIRECTION('',(0.996194698092,8.715574274765E-02,0.));
#2224 = DIRECTION('',(8.715574274765E-02,-0.996194698092,
    1.224646799147E-16));
#2225 = DEFINITIONAL_REPRESENTATION('',(#2226),#2235);
#2226 = B_SPLINE_CURVE_WITH_KNOTS('',7,(#2227,#2228,#2229,#2230,#2231,
    #2232,#2233,#2234),.UNSPECIFIED.,.F.,.F.,(8,8),(0.,1.570796326795),
  .PIECEWISE_BEZIER_KNOTS.);
#2227 = CARTESIAN_POINT('',(1.224646799147E-16,5.50830325136));
#2228 = CARTESIAN_POINT('',(0.224399475256,5.50830325136));
#2229 = CARTESIAN_POINT('',(0.448798950513,5.483824749785));
#2230 = CARTESIAN_POINT('',(0.673198425769,5.434871297638));
#2231 = CARTESIAN_POINT('',(0.897597901026,5.364448420369));
#2232 = CARTESIAN_POINT('',(1.121997376282,5.278636818678));
#2233 = CARTESIAN_POINT('',(1.346396851538,5.185137844829));
#2234 = CARTESIAN_POINT('',(1.570796326795,5.091638491318));
#2235 = ( GEOMETRIC_REPRESENTATION_CONTEXT(2) 
PARAMETRIC_REPRESENTATION_CONTEXT() REPRESENTATION_CONTEXT('2D SPACE',''
  ) );
#2236 = ORIENTED_EDGE('',*,*,#2237,.T.);
#2237 = EDGE_CURVE('',#2199,#2238,#2240,.T.);
#2238 = VERTEX_POINT('',#2239);
#2239 = CARTESIAN_POINT('',(5.072263269651,179.51376553451,4.7625));
#2240 = SURFACE_CURVE('',#2241,(#2246,#2259),.PCURVE_S1.);
#2241 = ELLIPSE('',#2242,4.7806919763,4.7625);
#2242 = AXIS2_PLACEMENT_3D('',#2243,#2244,#2245);
#2243 = CARTESIAN_POINT('',(5.072263269651,179.51376553451,
    1.740327774012E-30));
#2244 = DIRECTION('',(0.984807753012,0.173648177667,0.));
#2245 = DIRECTION('',(0.173648177667,-0.984807753012,0.));
#2246 = PCURVE('',#1948,#2247);
#2247 = DEFINITIONAL_REPRESENTATION('',(#2248),#2258);
#2248 = B_SPLINE_CURVE_WITH_KNOTS('',8,(#2249,#2250,#2251,#2252,#2253,
    #2254,#2255,#2256,#2257),.UNSPECIFIED.,.F.,.F.,(9,9),(1.570796326795
    ,4.712388980385),.PIECEWISE_BEZIER_KNOTS.);
#2249 = CARTESIAN_POINT('',(1.570796326795,-1.136868377216E-13));
#2250 = CARTESIAN_POINT('',(1.963495408494,0.163623868645));
#2251 = CARTESIAN_POINT('',(2.356194490189,0.327249041947));
#2252 = CARTESIAN_POINT('',(2.748893571897,0.452410149346));
#2253 = CARTESIAN_POINT('',(3.141592653566,0.500747102913));
#2254 = CARTESIAN_POINT('',(3.534291735297,0.452410149346));
#2255 = CARTESIAN_POINT('',(3.926990816983,0.327249041947));
#2256 = CARTESIAN_POINT('',(4.319689898686,0.163623868645));
#2257 = CARTESIAN_POINT('',(4.712388980385,-1.136868377216E-13));
#2258 = ( GEOMETRIC_REPRESENTATION_CONTEXT(2) 
PARAMETRIC_REPRESENTATION_CONTEXT() REPRESENTATION_CONTEXT('2D SPACE',''
  ) );
#2259 = PCURVE('',#2220,#2260);
#2260 = DEFINITIONAL_REPRESENTATION('',(#2261),#2271);
#2261 = B_SPLINE_CURVE_WITH_KNOTS('',8,(#2262,#2263,#2264,#2265,#2266,
    #2267,#2268,#2269,#2270),.UNSPECIFIED.,.F.,.F.,(9,9),(1.570796326795
    ,4.712388980385),.PIECEWISE_BEZIER_KNOTS.);
#2262 = CARTESIAN_POINT('',(1.570796326795,5.091638491318));
#2263 = CARTESIAN_POINT('',(1.963495408494,4.928014622673));
#2264 = CARTESIAN_POINT('',(2.356194490186,4.764389449369));
#2265 = CARTESIAN_POINT('',(2.748893571903,4.639228341965));
#2266 = CARTESIAN_POINT('',(3.14159265356,4.590891388398));
#2267 = CARTESIAN_POINT('',(3.534291735306,4.639228341969));
#2268 = CARTESIAN_POINT('',(3.92699081698,4.764389449369));
#2269 = CARTESIAN_POINT('',(4.319689898686,4.928014622673));
#2270 = CARTESIAN_POINT('',(4.712388980385,5.091638491318));
#2271 = ( GEOMETRIC_REPRESENTATION_CONTEXT(2) 
PARAMETRIC_REPRESENTATION_CONTEXT() REPRESENTATION_CONTEXT('2D SPACE',''
  ) );
#2272 = ORIENTED_EDGE('',*,*,#2273,.T.);
#2273 = EDGE_CURVE('',#2238,#2173,#2274,.T.);
#2274 = SURFACE_CURVE('',#2275,(#2280,#2292),.PCURVE_S1.);
#2275 = ELLIPSE('',#2276,4.7806919763,4.7625);
#2276 = AXIS2_PLACEMENT_3D('',#2277,#2278,#2279);
#2277 = CARTESIAN_POINT('',(5.072263269651,179.51376553451,
    1.740327774012E-30));
#2278 = DIRECTION('',(0.984807753012,0.173648177667,0.));
#2279 = DIRECTION('',(0.173648177667,-0.984807753012,0.));
#2280 = PCURVE('',#1948,#2281);
#2281 = DEFINITIONAL_REPRESENTATION('',(#2282),#2291);
#2282 = B_SPLINE_CURVE_WITH_KNOTS('',7,(#2283,#2284,#2285,#2286,#2287,
    #2288,#2289,#2290),.UNSPECIFIED.,.F.,.F.,(8,8),(4.712388980385,
    6.28318530718),.PIECEWISE_BEZIER_KNOTS.);
#2283 = CARTESIAN_POINT('',(4.712388980385,-1.136868377216E-13));
#2284 = CARTESIAN_POINT('',(4.936788455641,-9.349935351142E-02));
#2285 = CARTESIAN_POINT('',(5.161187930897,-0.18699832736));
#2286 = CARTESIAN_POINT('',(5.385587406155,-0.27280992905));
#2287 = CARTESIAN_POINT('',(5.60998688141,-0.343232806321));
#2288 = CARTESIAN_POINT('',(5.834386356667,-0.392186258467));
#2289 = CARTESIAN_POINT('',(6.058785831923,-0.416664760042));
#2290 = CARTESIAN_POINT('',(6.28318530718,-0.416664760042));
#2291 = ( GEOMETRIC_REPRESENTATION_CONTEXT(2) 
PARAMETRIC_REPRESENTATION_CONTEXT() REPRESENTATION_CONTEXT('2D SPACE',''
  ) );
#2292 = PCURVE('',#2220,#2293);
#2293 = DEFINITIONAL_REPRESENTATION('',(#2294),#2303);
#2294 = B_SPLINE_CURVE_WITH_KNOTS('',7,(#2295,#2296,#2297,#2298,#2299,
    #2300,#2301,#2302),.UNSPECIFIED.,.F.,.F.,(8,8),(4.712388980385,
    6.28318530718),.PIECEWISE_BEZIER_KNOTS.);
#2295 = CARTESIAN_POINT('',(4.712388980385,5.091638491318));
#2296 = CARTESIAN_POINT('',(4.936788455641,5.185137844829));
#2297 = CARTESIAN_POINT('',(5.161187930898,5.278636818679));
#2298 = CARTESIAN_POINT('',(5.385587406154,5.364448420367));
#2299 = CARTESIAN_POINT('',(5.609986881412,5.43487129764));
#2300 = CARTESIAN_POINT('',(5.834386356667,5.483824749784));
#2301 = CARTESIAN_POINT('',(6.058785831923,5.50830325136));
#2302 = CARTESIAN_POINT('',(6.28318530718,5.50830325136));
#2303 = ( GEOMETRIC_REPRESENTATION_CONTEXT(2) 
PARAMETRIC_REPRESENTATION_CONTEXT() REPRESENTATION_CONTEXT('2D SPACE',''
  ) );
#2304 = ADVANCED_FACE('',(#2305),#2080,.T.);
#2305 = FACE_BOUND('',#2306,.T.);
#2306 = EDGE_LOOP('',(#2307,#2329,#2368,#2404,#2436,#2437,#2438,#2439));
#2307 = ORIENTED_EDGE('',*,*,#2308,.T.);
#2308 = EDGE_CURVE('',#2037,#2309,#2311,.T.);
#2309 = VERTEX_POINT('',#2310);
#2310 = CARTESIAN_POINT('',(-1.143436774529E-13,242.2706919763,
    5.832380380939E-16));
#2311 = SEAM_CURVE('',#2312,(#2316,#2322),.PCURVE_S1.);
#2312 = LINE('',#2313,#2314);
#2313 = CARTESIAN_POINT('',(5.487342494487,241.79061171514,
    5.832380380939E-16));
#2314 = VECTOR('',#2315,1.);
#2315 = DIRECTION('',(-0.996194698092,8.715574274765E-02,0.));
#2316 = PCURVE('',#2080,#2317);
#2317 = DEFINITIONAL_REPRESENTATION('',(#2318),#2321);
#2318 = B_SPLINE_CURVE_WITH_KNOTS('',1,(#2319,#2320),.UNSPECIFIED.,.F.,
  .F.,(2,2),(-2.30092028444,7.392558775758),.PIECEWISE_BEZIER_KNOTS.);
#2319 = CARTESIAN_POINT('',(6.28318530718,-2.30092028444));
#2320 = CARTESIAN_POINT('',(6.28318530718,7.392558775758));
#2321 = ( GEOMETRIC_REPRESENTATION_CONTEXT(2) 
PARAMETRIC_REPRESENTATION_CONTEXT() REPRESENTATION_CONTEXT('2D SPACE',''
  ) );
#2322 = PCURVE('',#2080,#2323);
#2323 = DEFINITIONAL_REPRESENTATION('',(#2324),#2328);
#2324 = LINE('',#2325,#2326);
#2325 = CARTESIAN_POINT('',(0.,0.));
#2326 = VECTOR('',#2327,1.);
#2327 = DIRECTION('',(0.,1.));
#2328 = ( GEOMETRIC_REPRESENTATION_CONTEXT(2) 
PARAMETRIC_REPRESENTATION_CONTEXT() REPRESENTATION_CONTEXT('2D SPACE',''
  ) );
#2329 = ORIENTED_EDGE('',*,*,#2330,.F.);
#2330 = EDGE_CURVE('',#2331,#2309,#2333,.T.);
#2331 = VERTEX_POINT('',#2332);
#2332 = CARTESIAN_POINT('',(-1.078182556228E-13,237.49,4.7625));
#2333 = SURFACE_CURVE('',#2334,(#2339,#2351),.PCURVE_S1.);
#2334 = ELLIPSE('',#2335,4.7806919763,4.7625);
#2335 = AXIS2_PLACEMENT_3D('',#2336,#2337,#2338);
#2336 = CARTESIAN_POINT('',(-1.06145279122E-13,237.49,1.740327774012E-30
    ));
#2337 = DIRECTION('',(-1.,6.965399351351E-18,0.));
#2338 = DIRECTION('',(6.965399351351E-18,1.,0.));
#2339 = PCURVE('',#2080,#2340);
#2340 = DEFINITIONAL_REPRESENTATION('',(#2341),#2350);
#2341 = B_SPLINE_CURVE_WITH_KNOTS('',7,(#2342,#2343,#2344,#2345,#2346,
    #2347,#2348,#2349),.UNSPECIFIED.,.F.,.F.,(8,8),(4.712388980385,
    6.28318530718),.PIECEWISE_BEZIER_KNOTS.);
#2342 = CARTESIAN_POINT('',(4.712388980385,5.091638491318));
#2343 = CARTESIAN_POINT('',(4.936788455641,5.18513784483));
#2344 = CARTESIAN_POINT('',(5.161187930897,5.278636818678));
#2345 = CARTESIAN_POINT('',(5.385587406154,5.36444842037));
#2346 = CARTESIAN_POINT('',(5.60998688141,5.434871297639));
#2347 = CARTESIAN_POINT('',(5.834386356667,5.483824749785));
#2348 = CARTESIAN_POINT('',(6.058785831923,5.50830325136));
#2349 = CARTESIAN_POINT('',(6.28318530718,5.50830325136));
#2350 = ( GEOMETRIC_REPRESENTATION_CONTEXT(2) 
PARAMETRIC_REPRESENTATION_CONTEXT() REPRESENTATION_CONTEXT('2D SPACE',''
  ) );
#2351 = PCURVE('',#2352,#2357);
#2352 = CYLINDRICAL_SURFACE('',#2353,4.7625);
#2353 = AXIS2_PLACEMENT_3D('',#2354,#2355,#2356);
#2354 = CARTESIAN_POINT('',(5.500390523722E-16,237.49,1.740327774012E-30
    ));
#2355 = DIRECTION('',(-0.996194698092,-8.715574274765E-02,0.));
#2356 = DIRECTION('',(-8.715574274765E-02,0.996194698092,
    1.224646799147E-16));
#2357 = DEFINITIONAL_REPRESENTATION('',(#2358),#2367);
#2358 = B_SPLINE_CURVE_WITH_KNOTS('',7,(#2359,#2360,#2361,#2362,#2363,
    #2364,#2365,#2366),.UNSPECIFIED.,.F.,.F.,(8,8),(4.712388980385,
    6.28318530718),.PIECEWISE_BEZIER_KNOTS.);
#2359 = CARTESIAN_POINT('',(4.712388980385,1.06581410364E-13));
#2360 = CARTESIAN_POINT('',(4.936788455641,-9.34993535112E-02));
#2361 = CARTESIAN_POINT('',(5.161187930897,-0.18699832736));
#2362 = CARTESIAN_POINT('',(5.385587406154,-0.272809929049));
#2363 = CARTESIAN_POINT('',(5.60998688141,-0.343232806321));
#2364 = CARTESIAN_POINT('',(5.834386356667,-0.392186258466));
#2365 = CARTESIAN_POINT('',(6.058785831923,-0.416664760042));
#2366 = CARTESIAN_POINT('',(6.28318530718,-0.416664760042));
#2367 = ( GEOMETRIC_REPRESENTATION_CONTEXT(2) 
PARAMETRIC_REPRESENTATION_CONTEXT() REPRESENTATION_CONTEXT('2D SPACE',''
  ) );
#2368 = ORIENTED_EDGE('',*,*,#2369,.F.);
#2369 = EDGE_CURVE('',#2370,#2331,#2372,.T.);
#2370 = VERTEX_POINT('',#2371);
#2371 = CARTESIAN_POINT('',(-1.011263496197E-13,237.49,-4.7625));
#2372 = SURFACE_CURVE('',#2373,(#2378,#2391),.PCURVE_S1.);
#2373 = ELLIPSE('',#2374,4.7806919763,4.7625);
#2374 = AXIS2_PLACEMENT_3D('',#2375,#2376,#2377);
#2375 = CARTESIAN_POINT('',(-1.06145279122E-13,237.49,1.740327774012E-30
    ));
#2376 = DIRECTION('',(-1.,6.965399351351E-18,0.));
#2377 = DIRECTION('',(6.965399351351E-18,1.,0.));
#2378 = PCURVE('',#2080,#2379);
#2379 = DEFINITIONAL_REPRESENTATION('',(#2380),#2390);
#2380 = B_SPLINE_CURVE_WITH_KNOTS('',8,(#2381,#2382,#2383,#2384,#2385,
    #2386,#2387,#2388,#2389),.UNSPECIFIED.,.F.,.F.,(9,9),(1.570796326795
    ,4.712388980385),.PIECEWISE_BEZIER_KNOTS.);
#2381 = CARTESIAN_POINT('',(1.570796326795,5.091638491318));
#2382 = CARTESIAN_POINT('',(1.963495408494,4.928014622674));
#2383 = CARTESIAN_POINT('',(2.356194490189,4.764389449363));
#2384 = CARTESIAN_POINT('',(2.748893571895,4.639228341991));
#2385 = CARTESIAN_POINT('',(3.141592653578,4.59089138835));
#2386 = CARTESIAN_POINT('',(3.534291735295,4.63922834199));
#2387 = CARTESIAN_POINT('',(3.926990816983,4.764389449363));
#2388 = CARTESIAN_POINT('',(4.319689898686,4.928014622674));
#2389 = CARTESIAN_POINT('',(4.712388980385,5.091638491318));
#2390 = ( GEOMETRIC_REPRESENTATION_CONTEXT(2) 
PARAMETRIC_REPRESENTATION_CONTEXT() REPRESENTATION_CONTEXT('2D SPACE',''
  ) );
#2391 = PCURVE('',#2352,#2392);
#2392 = DEFINITIONAL_REPRESENTATION('',(#2393),#2403);
#2393 = B_SPLINE_CURVE_WITH_KNOTS('',8,(#2394,#2395,#2396,#2397,#2398,
    #2399,#2400,#2401,#2402),.UNSPECIFIED.,.F.,.F.,(9,9),(1.570796326795
    ,4.712388980385),.PIECEWISE_BEZIER_KNOTS.);
#2394 = CARTESIAN_POINT('',(1.570796326795,1.06581410364E-13));
#2395 = CARTESIAN_POINT('',(1.963495408494,0.163623868645));
#2396 = CARTESIAN_POINT('',(2.356194490189,0.327249041947));
#2397 = CARTESIAN_POINT('',(2.748893571895,0.452410149347));
#2398 = CARTESIAN_POINT('',(3.141592653578,0.500747102912));
#2399 = CARTESIAN_POINT('',(3.534291735295,0.452410149346));
#2400 = CARTESIAN_POINT('',(3.926990816983,0.327249041947));
#2401 = CARTESIAN_POINT('',(4.319689898686,0.163623868645));
#2402 = CARTESIAN_POINT('',(4.712388980385,1.06581410364E-13));
#2403 = ( GEOMETRIC_REPRESENTATION_CONTEXT(2) 
PARAMETRIC_REPRESENTATION_CONTEXT() REPRESENTATION_CONTEXT('2D SPACE',''
  ) );
#2404 = ORIENTED_EDGE('',*,*,#2405,.F.);
#2405 = EDGE_CURVE('',#2309,#2370,#2406,.T.);
#2406 = SURFACE_CURVE('',#2407,(#2412,#2424),.PCURVE_S1.);
#2407 = ELLIPSE('',#2408,4.7806919763,4.7625);
#2408 = AXIS2_PLACEMENT_3D('',#2409,#2410,#2411);
#2409 = CARTESIAN_POINT('',(-1.06145279122E-13,237.49,1.740327774012E-30
    ));
#2410 = DIRECTION('',(-1.,6.965399351351E-18,0.));
#2411 = DIRECTION('',(6.965399351351E-18,1.,0.));
#2412 = PCURVE('',#2080,#2413);
#2413 = DEFINITIONAL_REPRESENTATION('',(#2414),#2423);
#2414 = B_SPLINE_CURVE_WITH_KNOTS('',7,(#2415,#2416,#2417,#2418,#2419,
    #2420,#2421,#2422),.UNSPECIFIED.,.F.,.F.,(8,8),(0.,1.570796326795),
  .PIECEWISE_BEZIER_KNOTS.);
#2415 = CARTESIAN_POINT('',(1.224646799147E-16,5.50830325136));
#2416 = CARTESIAN_POINT('',(0.224399475256,5.50830325136));
#2417 = CARTESIAN_POINT('',(0.448798950513,5.483824749785));
#2418 = CARTESIAN_POINT('',(0.673198425769,5.434871297639));
#2419 = CARTESIAN_POINT('',(0.897597901026,5.364448420369));
#2420 = CARTESIAN_POINT('',(1.121997376282,5.278636818678));
#2421 = CARTESIAN_POINT('',(1.346396851538,5.18513784483));
#2422 = CARTESIAN_POINT('',(1.570796326795,5.091638491318));
#2423 = ( GEOMETRIC_REPRESENTATION_CONTEXT(2) 
PARAMETRIC_REPRESENTATION_CONTEXT() REPRESENTATION_CONTEXT('2D SPACE',''
  ) );
#2424 = PCURVE('',#2352,#2425);
#2425 = DEFINITIONAL_REPRESENTATION('',(#2426),#2435);
#2426 = B_SPLINE_CURVE_WITH_KNOTS('',7,(#2427,#2428,#2429,#2430,#2431,
    #2432,#2433,#2434),.UNSPECIFIED.,.F.,.F.,(8,8),(0.,1.570796326795),
  .PIECEWISE_BEZIER_KNOTS.);
#2427 = CARTESIAN_POINT('',(1.224646799147E-16,-0.416664760042));
#2428 = CARTESIAN_POINT('',(0.224399475256,-0.416664760042));
#2429 = CARTESIAN_POINT('',(0.448798950513,-0.392186258466));
#2430 = CARTESIAN_POINT('',(0.673198425769,-0.343232806321));
#2431 = CARTESIAN_POINT('',(0.897597901026,-0.272809929049));
#2432 = CARTESIAN_POINT('',(1.121997376282,-0.18699832736));
#2433 = CARTESIAN_POINT('',(1.346396851538,-9.34993535112E-02));
#2434 = CARTESIAN_POINT('',(1.570796326795,1.06581410364E-13));
#2435 = ( GEOMETRIC_REPRESENTATION_CONTEXT(2) 
PARAMETRIC_REPRESENTATION_CONTEXT() REPRESENTATION_CONTEXT('2D SPACE',''
  ) );
#2436 = ORIENTED_EDGE('',*,*,#2308,.F.);
#2437 = ORIENTED_EDGE('',*,*,#2133,.T.);
#2438 = ORIENTED_EDGE('',*,*,#2097,.T.);
#2439 = ORIENTED_EDGE('',*,*,#2058,.T.);
#2440 = ADVANCED_FACE('',(#2441),#2220,.T.);
#2441 = FACE_BOUND('',#2442,.T.);
#2442 = EDGE_LOOP('',(#2443,#2486,#2506,#2507,#2508,#2509,#2510,#2546));
#2443 = ORIENTED_EDGE('',*,*,#2444,.T.);
#2444 = EDGE_CURVE('',#2445,#2447,#2449,.T.);
#2445 = VERTEX_POINT('',#2446);
#2446 = CARTESIAN_POINT('',(1.078283949839E-13,179.07,4.7625));
#2447 = VERTEX_POINT('',#2448);
#2448 = CARTESIAN_POINT('',(4.7625,174.70597278374,5.832380380939E-16));
#2449 = SURFACE_CURVE('',#2450,(#2455,#2468),.PCURVE_S1.);
#2450 = ELLIPSE('',#2451,6.45957736963,4.7625);
#2451 = AXIS2_PLACEMENT_3D('',#2452,#2453,#2454);
#2452 = CARTESIAN_POINT('',(9.98810489958E-32,179.07,1.740327774012E-30)
  );
#2453 = DIRECTION('',(0.675590207616,0.73727733681,0.));
#2454 = DIRECTION('',(0.73727733681,-0.675590207616,0.));
#2455 = PCURVE('',#2220,#2456);
#2456 = DEFINITIONAL_REPRESENTATION('',(#2457),#2467);
#2457 = B_SPLINE_CURVE_WITH_KNOTS('',8,(#2458,#2459,#2460,#2461,#2462,
    #2463,#2464,#2465,#2466),.UNSPECIFIED.,.F.,.F.,(9,9),(4.712388980385
    ,6.28318530718),.PIECEWISE_BEZIER_KNOTS.);
#2458 = CARTESIAN_POINT('',(4.712388980385,3.552713678801E-15));
#2459 = CARTESIAN_POINT('',(4.908738521234,0.856874740166));
#2460 = CARTESIAN_POINT('',(5.105088062086,1.713749683777));
#2461 = CARTESIAN_POINT('',(5.301437602914,2.520283589686));
#2462 = CARTESIAN_POINT('',(5.497787143813,3.226145307355));
#2463 = CARTESIAN_POINT('',(5.694136684609,3.787181572999));
#2464 = CARTESIAN_POINT('',(5.890486225483,4.17174479068));
#2465 = CARTESIAN_POINT('',(6.08683576633,4.364027216258));
#2466 = CARTESIAN_POINT('',(6.28318530718,4.364027216258));
#2467 = ( GEOMETRIC_REPRESENTATION_CONTEXT(2) 
PARAMETRIC_REPRESENTATION_CONTEXT() REPRESENTATION_CONTEXT('2D SPACE',''
  ) );
#2468 = PCURVE('',#2469,#2474);
#2469 = CYLINDRICAL_SURFACE('',#2470,4.7625);
#2470 = AXIS2_PLACEMENT_3D('',#2471,#2472,#2473);
#2471 = CARTESIAN_POINT('',(0.,179.07,0.));
#2472 = DIRECTION('',(0.,-1.,0.));
#2473 = DIRECTION('',(0.,0.,-1.));
#2474 = DEFINITIONAL_REPRESENTATION('',(#2475),#2485);
#2475 = B_SPLINE_CURVE_WITH_KNOTS('',8,(#2476,#2477,#2478,#2479,#2480,
    #2481,#2482,#2483,#2484),.UNSPECIFIED.,.F.,.F.,(9,9),(4.712388980385
    ,6.28318530718),.PIECEWISE_BEZIER_KNOTS.);
#2476 = CARTESIAN_POINT('',(3.14159265359,0.));
#2477 = CARTESIAN_POINT('',(2.94524311274,0.856874740166));
#2478 = CARTESIAN_POINT('',(2.748893571891,1.713749683779));
#2479 = CARTESIAN_POINT('',(2.552544031034,2.520283589678));
#2480 = CARTESIAN_POINT('',(2.356194490194,3.226145307362));
#2481 = CARTESIAN_POINT('',(2.159844949338,3.787181572992));
#2482 = CARTESIAN_POINT('',(1.963495408495,4.171744790682));
#2483 = CARTESIAN_POINT('',(1.767145867644,4.364027216258));
#2484 = CARTESIAN_POINT('',(1.570796326795,4.364027216258));
#2485 = ( GEOMETRIC_REPRESENTATION_CONTEXT(2) 
PARAMETRIC_REPRESENTATION_CONTEXT() REPRESENTATION_CONTEXT('2D SPACE',''
  ) );
#2486 = ORIENTED_EDGE('',*,*,#2487,.T.);
#2487 = EDGE_CURVE('',#2447,#2173,#2488,.T.);
#2488 = SEAM_CURVE('',#2489,(#2493,#2500),.PCURVE_S1.);
#2489 = LINE('',#2490,#2491);
#2490 = CARTESIAN_POINT('',(0.415079224836,174.32562275033,
    5.832380380939E-16));
#2491 = VECTOR('',#2492,1.);
#2492 = DIRECTION('',(0.996194698092,8.715574274765E-02,0.));
#2493 = PCURVE('',#2220,#2494);
#2494 = DEFINITIONAL_REPRESENTATION('',(#2495),#2499);
#2495 = LINE('',#2496,#2497);
#2496 = CARTESIAN_POINT('',(0.,0.));
#2497 = VECTOR('',#2498,1.);
#2498 = DIRECTION('',(0.,1.));
#2499 = ( GEOMETRIC_REPRESENTATION_CONTEXT(2) 
PARAMETRIC_REPRESENTATION_CONTEXT() REPRESENTATION_CONTEXT('2D SPACE',''
  ) );
#2500 = PCURVE('',#2220,#2501);
#2501 = DEFINITIONAL_REPRESENTATION('',(#2502),#2505);
#2502 = B_SPLINE_CURVE_WITH_KNOTS('',1,(#2503,#2504),.UNSPECIFIED.,.F.,
  .F.,(2,2),(-2.30092028444,7.392558775758),.PIECEWISE_BEZIER_KNOTS.);
#2503 = CARTESIAN_POINT('',(6.28318530718,-2.30092028444));
#2504 = CARTESIAN_POINT('',(6.28318530718,7.392558775758));
#2505 = ( GEOMETRIC_REPRESENTATION_CONTEXT(2) 
PARAMETRIC_REPRESENTATION_CONTEXT() REPRESENTATION_CONTEXT('2D SPACE',''
  ) );
#2506 = ORIENTED_EDGE('',*,*,#2273,.F.);
#2507 = ORIENTED_EDGE('',*,*,#2237,.F.);
#2508 = ORIENTED_EDGE('',*,*,#2198,.F.);
#2509 = ORIENTED_EDGE('',*,*,#2487,.F.);
#2510 = ORIENTED_EDGE('',*,*,#2511,.T.);
#2511 = EDGE_CURVE('',#2447,#2512,#2514,.T.);
#2512 = VERTEX_POINT('',#2513);
#2513 = CARTESIAN_POINT('',(5.082149469744E-14,179.07,-4.7625));
#2514 = SURFACE_CURVE('',#2515,(#2520,#2533),.PCURVE_S1.);
#2515 = ELLIPSE('',#2516,6.45957736963,4.7625);
#2516 = AXIS2_PLACEMENT_3D('',#2517,#2518,#2519);
#2517 = CARTESIAN_POINT('',(9.98810489958E-32,179.07,1.740327774012E-30)
  );
#2518 = DIRECTION('',(0.675590207616,0.73727733681,0.));
#2519 = DIRECTION('',(0.73727733681,-0.675590207616,0.));
#2520 = PCURVE('',#2220,#2521);
#2521 = DEFINITIONAL_REPRESENTATION('',(#2522),#2532);
#2522 = B_SPLINE_CURVE_WITH_KNOTS('',8,(#2523,#2524,#2525,#2526,#2527,
    #2528,#2529,#2530,#2531),.UNSPECIFIED.,.F.,.F.,(9,9),(0.,
    1.570796043603),.PIECEWISE_BEZIER_KNOTS.);
#2523 = CARTESIAN_POINT('',(1.224646799147E-16,4.364027216258));
#2524 = CARTESIAN_POINT('',(0.19634950545,4.364027216258));
#2525 = CARTESIAN_POINT('',(0.392699010901,4.171744860014));
#2526 = CARTESIAN_POINT('',(0.589048516349,3.78718178098));
#2527 = CARTESIAN_POINT('',(0.785398021802,3.226145711953));
#2528 = CARTESIAN_POINT('',(0.981747527251,2.520284225955));
#2529 = CARTESIAN_POINT('',(1.178097032702,1.713750556218));
#2530 = CARTESIAN_POINT('',(1.374446538153,0.85687582154));
#2531 = CARTESIAN_POINT('',(1.570796043603,1.235855078718E-06));
#2532 = ( GEOMETRIC_REPRESENTATION_CONTEXT(2) 
PARAMETRIC_REPRESENTATION_CONTEXT() REPRESENTATION_CONTEXT('2D SPACE',''
  ) );
#2533 = PCURVE('',#2469,#2534);
#2534 = DEFINITIONAL_REPRESENTATION('',(#2535),#2545);
#2535 = B_SPLINE_CURVE_WITH_KNOTS('',8,(#2536,#2537,#2538,#2539,#2540,
    #2541,#2542,#2543,#2544),.UNSPECIFIED.,.F.,.F.,(9,9),(0.,
    1.570796043603),.PIECEWISE_BEZIER_KNOTS.);
#2536 = CARTESIAN_POINT('',(1.570796326795,4.364027216258));
#2537 = CARTESIAN_POINT('',(1.374446821344,4.364027216258));
#2538 = CARTESIAN_POINT('',(1.178097315894,4.171744860015));
#2539 = CARTESIAN_POINT('',(0.981747810443,3.787181780973));
#2540 = CARTESIAN_POINT('',(0.785398304992,3.226145711961));
#2541 = CARTESIAN_POINT('',(0.589048799542,2.520284225951));
#2542 = CARTESIAN_POINT('',(0.392699294092,1.713750556218));
#2543 = CARTESIAN_POINT('',(0.196349788642,0.85687582154));
#2544 = CARTESIAN_POINT('',(2.831914228176E-07,1.235855080495E-06));
#2545 = ( GEOMETRIC_REPRESENTATION_CONTEXT(2) 
PARAMETRIC_REPRESENTATION_CONTEXT() REPRESENTATION_CONTEXT('2D SPACE',''
  ) );
#2546 = ORIENTED_EDGE('',*,*,#2547,.T.);
#2547 = EDGE_CURVE('',#2512,#2445,#2548,.T.);
#2548 = SURFACE_CURVE('',#2549,(#2554,#2567),.PCURVE_S1.);
#2549 = ELLIPSE('',#2550,4.7806919763,4.7625);
#2550 = AXIS2_PLACEMENT_3D('',#2551,#2552,#2553);
#2551 = CARTESIAN_POINT('',(1.061554184831E-13,179.07,1.740327774012E-30
    ));
#2552 = DIRECTION('',(1.,-6.965399351351E-18,0.));
#2553 = DIRECTION('',(-6.965399351351E-18,-1.,0.));
#2554 = PCURVE('',#2220,#2555);
#2555 = DEFINITIONAL_REPRESENTATION('',(#2556),#2566);
#2556 = B_SPLINE_CURVE_WITH_KNOTS('',8,(#2557,#2558,#2559,#2560,#2561,
    #2562,#2563,#2564,#2565),.UNSPECIFIED.,.F.,.F.,(9,9),(1.570796326795
    ,4.712388980385),.PIECEWISE_BEZIER_KNOTS.);
#2557 = CARTESIAN_POINT('',(1.570796326795,1.101341240428E-13));
#2558 = CARTESIAN_POINT('',(1.963495408494,0.163623868645));
#2559 = CARTESIAN_POINT('',(2.356194490189,0.327249041946));
#2560 = CARTESIAN_POINT('',(2.748893571897,0.452410149349));
#2561 = CARTESIAN_POINT('',(3.141592653566,0.50074710291));
#2562 = CARTESIAN_POINT('',(3.53429173529,0.452410149349));
#2563 = CARTESIAN_POINT('',(3.926990816984,0.327249041946));
#2564 = CARTESIAN_POINT('',(4.319689898686,0.163623868645));
#2565 = CARTESIAN_POINT('',(4.712388980385,1.101341240428E-13));
#2566 = ( GEOMETRIC_REPRESENTATION_CONTEXT(2) 
PARAMETRIC_REPRESENTATION_CONTEXT() REPRESENTATION_CONTEXT('2D SPACE',''
  ) );
#2567 = PCURVE('',#2568,#2573);
#2568 = CYLINDRICAL_SURFACE('',#2569,4.7625);
#2569 = AXIS2_PLACEMENT_3D('',#2570,#2571,#2572);
#2570 = CARTESIAN_POINT('',(-5.072263269651,179.51376553451,
    1.740327774012E-30));
#2571 = DIRECTION('',(0.996194698092,-8.715574274765E-02,0.));
#2572 = DIRECTION('',(-8.715574274765E-02,-0.996194698092,
    1.224646799147E-16));
#2573 = DEFINITIONAL_REPRESENTATION('',(#2574),#2584);
#2574 = B_SPLINE_CURVE_WITH_KNOTS('',8,(#2575,#2576,#2577,#2578,#2579,
    #2580,#2581,#2582,#2583),.UNSPECIFIED.,.F.,.F.,(9,9),(1.570796326795
    ,4.712388980385),.PIECEWISE_BEZIER_KNOTS.);
#2575 = CARTESIAN_POINT('',(1.570796326795,5.091638491318));
#2576 = CARTESIAN_POINT('',(1.963495408494,4.928014622674));
#2577 = CARTESIAN_POINT('',(2.356194490189,4.76438944937));
#2578 = CARTESIAN_POINT('',(2.748893571897,4.639228341964));
#2579 = CARTESIAN_POINT('',(3.141592653566,4.590891388408));
#2580 = CARTESIAN_POINT('',(3.53429173529,4.639228341962));
#2581 = CARTESIAN_POINT('',(3.926990816984,4.764389449369));
#2582 = CARTESIAN_POINT('',(4.319689898686,4.928014622674));
#2583 = CARTESIAN_POINT('',(4.712388980385,5.091638491318));
#2584 = ( GEOMETRIC_REPRESENTATION_CONTEXT(2) 
PARAMETRIC_REPRESENTATION_CONTEXT() REPRESENTATION_CONTEXT('2D SPACE',''
  ) );
#2585 = ADVANCED_FACE('',(#2586),#2352,.T.);
#2586 = FACE_BOUND('',#2587,.T.);
#2587 = EDGE_LOOP('',(#2588,#2610,#2649,#2685,#2717,#2718,#2719,#2720));
#2588 = ORIENTED_EDGE('',*,*,#2589,.T.);
#2589 = EDGE_CURVE('',#2309,#2590,#2592,.T.);
#2590 = VERTEX_POINT('',#2591);
#2591 = CARTESIAN_POINT('',(-5.902421719322,241.75429698851,
    5.832380380939E-16));
#2592 = SEAM_CURVE('',#2593,(#2597,#2603),.PCURVE_S1.);
#2593 = LINE('',#2594,#2595);
#2594 = CARTESIAN_POINT('',(-0.415079224836,242.23437724966,
    5.832380380939E-16));
#2595 = VECTOR('',#2596,1.);
#2596 = DIRECTION('',(-0.996194698092,-8.715574274765E-02,0.));
#2597 = PCURVE('',#2352,#2598);
#2598 = DEFINITIONAL_REPRESENTATION('',(#2599),#2602);
#2599 = B_SPLINE_CURVE_WITH_KNOTS('',1,(#2600,#2601),.UNSPECIFIED.,.F.,
  .F.,(2,2),(-2.30092028444,7.392558775758),.PIECEWISE_BEZIER_KNOTS.);
#2600 = CARTESIAN_POINT('',(6.28318530718,-2.30092028444));
#2601 = CARTESIAN_POINT('',(6.28318530718,7.392558775758));
#2602 = ( GEOMETRIC_REPRESENTATION_CONTEXT(2) 
PARAMETRIC_REPRESENTATION_CONTEXT() REPRESENTATION_CONTEXT('2D SPACE',''
  ) );
#2603 = PCURVE('',#2352,#2604);
#2604 = DEFINITIONAL_REPRESENTATION('',(#2605),#2609);
#2605 = LINE('',#2606,#2607);
#2606 = CARTESIAN_POINT('',(0.,0.));
#2607 = VECTOR('',#2608,1.);
#2608 = DIRECTION('',(0.,1.));
#2609 = ( GEOMETRIC_REPRESENTATION_CONTEXT(2) 
PARAMETRIC_REPRESENTATION_CONTEXT() REPRESENTATION_CONTEXT('2D SPACE',''
  ) );
#2610 = ORIENTED_EDGE('',*,*,#2611,.F.);
#2611 = EDGE_CURVE('',#2612,#2590,#2614,.T.);
#2612 = VERTEX_POINT('',#2613);
#2613 = CARTESIAN_POINT('',(-5.072263269651,237.04623446548,4.7625));
#2614 = SURFACE_CURVE('',#2615,(#2620,#2632),.PCURVE_S1.);
#2615 = ELLIPSE('',#2616,4.7806919763,4.7625);
#2616 = AXIS2_PLACEMENT_3D('',#2617,#2618,#2619);
#2617 = CARTESIAN_POINT('',(-5.072263269651,237.04623446548,
    1.740327774012E-30));
#2618 = DIRECTION('',(-0.984807753012,-0.173648177667,0.));
#2619 = DIRECTION('',(-0.173648177667,0.984807753012,0.));
#2620 = PCURVE('',#2352,#2621);
#2621 = DEFINITIONAL_REPRESENTATION('',(#2622),#2631);
#2622 = B_SPLINE_CURVE_WITH_KNOTS('',7,(#2623,#2624,#2625,#2626,#2627,
    #2628,#2629,#2630),.UNSPECIFIED.,.F.,.F.,(8,8),(4.712388980385,
    6.28318530718),.PIECEWISE_BEZIER_KNOTS.);
#2623 = CARTESIAN_POINT('',(4.712388980385,5.091638491318));
#2624 = CARTESIAN_POINT('',(4.936788455641,5.185137844829));
#2625 = CARTESIAN_POINT('',(5.161187930898,5.278636818679));
#2626 = CARTESIAN_POINT('',(5.385587406153,5.364448420366));
#2627 = CARTESIAN_POINT('',(5.609986881412,5.434871297642));
#2628 = CARTESIAN_POINT('',(5.834386356666,5.483824749784));
#2629 = CARTESIAN_POINT('',(6.058785831923,5.50830325136));
#2630 = CARTESIAN_POINT('',(6.28318530718,5.50830325136));
#2631 = ( GEOMETRIC_REPRESENTATION_CONTEXT(2) 
PARAMETRIC_REPRESENTATION_CONTEXT() REPRESENTATION_CONTEXT('2D SPACE',''
  ) );
#2632 = PCURVE('',#2633,#2638);
#2633 = CYLINDRICAL_SURFACE('',#2634,4.7625);
#2634 = AXIS2_PLACEMENT_3D('',#2635,#2636,#2637);
#2635 = CARTESIAN_POINT('',(-5.072263269651,237.04623446548,
    1.740327774012E-30));
#2636 = DIRECTION('',(-0.965925826289,-0.258819045103,0.));
#2637 = DIRECTION('',(-0.258819045103,0.965925826289,1.224646799147E-16)
  );
#2638 = DEFINITIONAL_REPRESENTATION('',(#2639),#2648);
#2639 = B_SPLINE_CURVE_WITH_KNOTS('',7,(#2640,#2641,#2642,#2643,#2644,
    #2645,#2646,#2647),.UNSPECIFIED.,.F.,.F.,(8,8),(4.712388980385,
    6.28318530718),.PIECEWISE_BEZIER_KNOTS.);
#2640 = CARTESIAN_POINT('',(4.712388980385,-1.06581410364E-13));
#2641 = CARTESIAN_POINT('',(4.936788455641,-9.349935351143E-02));
#2642 = CARTESIAN_POINT('',(5.161187930897,-0.18699832736));
#2643 = CARTESIAN_POINT('',(5.385587406156,-0.27280992905));
#2644 = CARTESIAN_POINT('',(5.60998688141,-0.343232806321));
#2645 = CARTESIAN_POINT('',(5.834386356667,-0.392186258467));
#2646 = CARTESIAN_POINT('',(6.058785831923,-0.416664760042));
#2647 = CARTESIAN_POINT('',(6.28318530718,-0.416664760042));
#2648 = ( GEOMETRIC_REPRESENTATION_CONTEXT(2) 
PARAMETRIC_REPRESENTATION_CONTEXT() REPRESENTATION_CONTEXT('2D SPACE',''
  ) );
#2649 = ORIENTED_EDGE('',*,*,#2650,.F.);
#2650 = EDGE_CURVE('',#2651,#2612,#2653,.T.);
#2651 = VERTEX_POINT('',#2652);
#2652 = CARTESIAN_POINT('',(-5.072263269651,237.04623446548,-4.7625));
#2653 = SURFACE_CURVE('',#2654,(#2659,#2672),.PCURVE_S1.);
#2654 = ELLIPSE('',#2655,4.7806919763,4.7625);
#2655 = AXIS2_PLACEMENT_3D('',#2656,#2657,#2658);
#2656 = CARTESIAN_POINT('',(-5.072263269651,237.04623446548,
    1.740327774012E-30));
#2657 = DIRECTION('',(-0.984807753012,-0.173648177667,0.));
#2658 = DIRECTION('',(-0.173648177667,0.984807753012,0.));
#2659 = PCURVE('',#2352,#2660);
#2660 = DEFINITIONAL_REPRESENTATION('',(#2661),#2671);
#2661 = B_SPLINE_CURVE_WITH_KNOTS('',8,(#2662,#2663,#2664,#2665,#2666,
    #2667,#2668,#2669,#2670),.UNSPECIFIED.,.F.,.F.,(9,9),(1.570796326795
    ,4.712388980385),.PIECEWISE_BEZIER_KNOTS.);
#2662 = CARTESIAN_POINT('',(1.570796326795,5.091638491318));
#2663 = CARTESIAN_POINT('',(1.963495408494,4.928014622673));
#2664 = CARTESIAN_POINT('',(2.356194490195,4.764389449365));
#2665 = CARTESIAN_POINT('',(2.748893571872,4.639228341979));
#2666 = CARTESIAN_POINT('',(3.141592653612,4.59089138839));
#2667 = CARTESIAN_POINT('',(3.534291735264,4.639228341982));
#2668 = CARTESIAN_POINT('',(3.926990816992,4.764389449365));
#2669 = CARTESIAN_POINT('',(4.319689898686,4.928014622673));
#2670 = CARTESIAN_POINT('',(4.712388980385,5.091638491318));
#2671 = ( GEOMETRIC_REPRESENTATION_CONTEXT(2) 
PARAMETRIC_REPRESENTATION_CONTEXT() REPRESENTATION_CONTEXT('2D SPACE',''
  ) );
#2672 = PCURVE('',#2633,#2673);
#2673 = DEFINITIONAL_REPRESENTATION('',(#2674),#2684);
#2674 = B_SPLINE_CURVE_WITH_KNOTS('',8,(#2675,#2676,#2677,#2678,#2679,
    #2680,#2681,#2682,#2683),.UNSPECIFIED.,.F.,.F.,(9,9),(1.570796326795
    ,4.712388980385),.PIECEWISE_BEZIER_KNOTS.);
#2675 = CARTESIAN_POINT('',(1.570796326795,-1.06581410364E-13));
#2676 = CARTESIAN_POINT('',(1.963495408494,0.163623868645));
#2677 = CARTESIAN_POINT('',(2.356194490192,0.327249041947));
#2678 = CARTESIAN_POINT('',(2.748893571885,0.452410149347));
#2679 = CARTESIAN_POINT('',(3.141592653584,0.500747102912));
#2680 = CARTESIAN_POINT('',(3.534291735284,0.452410149347));
#2681 = CARTESIAN_POINT('',(3.926990816988,0.327249041947));
#2682 = CARTESIAN_POINT('',(4.319689898686,0.163623868645));
#2683 = CARTESIAN_POINT('',(4.712388980385,-1.06581410364E-13));
#2684 = ( GEOMETRIC_REPRESENTATION_CONTEXT(2) 
PARAMETRIC_REPRESENTATION_CONTEXT() REPRESENTATION_CONTEXT('2D SPACE',''
  ) );
#2685 = ORIENTED_EDGE('',*,*,#2686,.F.);
#2686 = EDGE_CURVE('',#2590,#2651,#2687,.T.);
#2687 = SURFACE_CURVE('',#2688,(#2693,#2705),.PCURVE_S1.);
#2688 = ELLIPSE('',#2689,4.7806919763,4.7625);
#2689 = AXIS2_PLACEMENT_3D('',#2690,#2691,#2692);
#2690 = CARTESIAN_POINT('',(-5.072263269651,237.04623446548,
    1.740327774012E-30));
#2691 = DIRECTION('',(-0.984807753012,-0.173648177667,0.));
#2692 = DIRECTION('',(-0.173648177667,0.984807753012,0.));
#2693 = PCURVE('',#2352,#2694);
#2694 = DEFINITIONAL_REPRESENTATION('',(#2695),#2704);
#2695 = B_SPLINE_CURVE_WITH_KNOTS('',7,(#2696,#2697,#2698,#2699,#2700,
    #2701,#2702,#2703),.UNSPECIFIED.,.F.,.F.,(8,8),(0.,1.570796326795),
  .PIECEWISE_BEZIER_KNOTS.);
#2696 = CARTESIAN_POINT('',(1.224646799147E-16,5.50830325136));
#2697 = CARTESIAN_POINT('',(0.224399475256,5.50830325136));
#2698 = CARTESIAN_POINT('',(0.448798950513,5.483824749785));
#2699 = CARTESIAN_POINT('',(0.673198425769,5.434871297639));
#2700 = CARTESIAN_POINT('',(0.897597901026,5.364448420369));
#2701 = CARTESIAN_POINT('',(1.121997376282,5.278636818678));
#2702 = CARTESIAN_POINT('',(1.346396851538,5.185137844829));
#2703 = CARTESIAN_POINT('',(1.570796326795,5.091638491318));
#2704 = ( GEOMETRIC_REPRESENTATION_CONTEXT(2) 
PARAMETRIC_REPRESENTATION_CONTEXT() REPRESENTATION_CONTEXT('2D SPACE',''
  ) );
#2705 = PCURVE('',#2633,#2706);
#2706 = DEFINITIONAL_REPRESENTATION('',(#2707),#2716);
#2707 = B_SPLINE_CURVE_WITH_KNOTS('',7,(#2708,#2709,#2710,#2711,#2712,
    #2713,#2714,#2715),.UNSPECIFIED.,.F.,.F.,(8,8),(0.,1.570796326795),
  .PIECEWISE_BEZIER_KNOTS.);
#2708 = CARTESIAN_POINT('',(1.224646799147E-16,-0.416664760042));
#2709 = CARTESIAN_POINT('',(0.224399475256,-0.416664760042));
#2710 = CARTESIAN_POINT('',(0.448798950513,-0.392186258467));
#2711 = CARTESIAN_POINT('',(0.673198425769,-0.343232806321));
#2712 = CARTESIAN_POINT('',(0.897597901026,-0.27280992905));
#2713 = CARTESIAN_POINT('',(1.121997376282,-0.18699832736));
#2714 = CARTESIAN_POINT('',(1.346396851538,-9.349935351143E-02));
#2715 = CARTESIAN_POINT('',(1.570796326795,-1.06581410364E-13));
#2716 = ( GEOMETRIC_REPRESENTATION_CONTEXT(2) 
PARAMETRIC_REPRESENTATION_CONTEXT() REPRESENTATION_CONTEXT('2D SPACE',''
  ) );
#2717 = ORIENTED_EDGE('',*,*,#2589,.F.);
#2718 = ORIENTED_EDGE('',*,*,#2405,.T.);
#2719 = ORIENTED_EDGE('',*,*,#2369,.T.);
#2720 = ORIENTED_EDGE('',*,*,#2330,.T.);
#2721 = ADVANCED_FACE('',(#2722),#2469,.T.);
#2722 = FACE_BOUND('',#2723,.T.);
#2723 = EDGE_LOOP('',(#2724,#2760,#2782,#2809,#2810,#2811,#2812));
#2724 = ORIENTED_EDGE('',*,*,#2725,.T.);
#2725 = EDGE_CURVE('',#2726,#2512,#2728,.T.);
#2726 = VERTEX_POINT('',#2727);
#2727 = CARTESIAN_POINT('',(-4.7625,174.70597278374,5.832380380939E-16)
  );
#2728 = SURFACE_CURVE('',#2729,(#2734,#2747),.PCURVE_S1.);
#2729 = ELLIPSE('',#2730,6.45957736963,4.7625);
#2730 = AXIS2_PLACEMENT_3D('',#2731,#2732,#2733);
#2731 = CARTESIAN_POINT('',(-2.04174366529E-17,179.07,1.740327774012E-30
    ));
#2732 = DIRECTION('',(0.675590207616,-0.73727733681,0.));
#2733 = DIRECTION('',(0.73727733681,0.675590207616,0.));
#2734 = PCURVE('',#2469,#2735);
#2735 = DEFINITIONAL_REPRESENTATION('',(#2736),#2746);
#2736 = B_SPLINE_CURVE_WITH_KNOTS('',8,(#2737,#2738,#2739,#2740,#2741,
    #2742,#2743,#2744,#2745),.UNSPECIFIED.,.F.,.F.,(9,9),(3.14159265359,
    4.712386345903),.PIECEWISE_BEZIER_KNOTS.);
#2737 = CARTESIAN_POINT('',(4.712388980385,4.364027216258));
#2738 = CARTESIAN_POINT('',(4.908738191924,4.364027216258));
#2739 = CARTESIAN_POINT('',(5.105087403458,4.171745435661));
#2740 = CARTESIAN_POINT('',(5.301436615007,3.78718350791));
#2741 = CARTESIAN_POINT('',(5.49778582652,3.226149071172));
#2742 = CARTESIAN_POINT('',(5.694135038083,2.520289508882));
#2743 = CARTESIAN_POINT('',(5.890484249614,1.713757799919));
#2744 = CARTESIAN_POINT('',(6.086833461159,0.856884799995));
#2745 = CARTESIAN_POINT('',(6.283182672698,1.149695023628E-05));
#2746 = ( GEOMETRIC_REPRESENTATION_CONTEXT(2) 
PARAMETRIC_REPRESENTATION_CONTEXT() REPRESENTATION_CONTEXT('2D SPACE',''
  ) );
#2747 = PCURVE('',#2568,#2748);
#2748 = DEFINITIONAL_REPRESENTATION('',(#2749),#2759);
#2749 = B_SPLINE_CURVE_WITH_KNOTS('',8,(#2750,#2751,#2752,#2753,#2754,
    #2755,#2756,#2757,#2758),.UNSPECIFIED.,.F.,.F.,(9,9),(3.14159265359,
    4.712386345903),.PIECEWISE_BEZIER_KNOTS.);
#2750 = CARTESIAN_POINT('',(-8.881784197001E-16,0.72761127506));
#2751 = CARTESIAN_POINT('',(0.196349211539,0.72761127506));
#2752 = CARTESIAN_POINT('',(0.392698423077,0.919893055654));
#2753 = CARTESIAN_POINT('',(0.58904763462,1.304454983414));
#2754 = CARTESIAN_POINT('',(0.785396846151,1.865489420126));
#2755 = CARTESIAN_POINT('',(0.981746057699,2.571348982435));
#2756 = CARTESIAN_POINT('',(1.178095269233,3.377880691396));
#2757 = CARTESIAN_POINT('',(1.374444480774,4.234753691323));
#2758 = CARTESIAN_POINT('',(1.570793692313,5.091626994368));
#2759 = ( GEOMETRIC_REPRESENTATION_CONTEXT(2) 
PARAMETRIC_REPRESENTATION_CONTEXT() REPRESENTATION_CONTEXT('2D SPACE',''
  ) );
#2760 = ORIENTED_EDGE('',*,*,#2761,.T.);
#2761 = EDGE_CURVE('',#2512,#2762,#2764,.T.);
#2762 = VERTEX_POINT('',#2763);
#2763 = CARTESIAN_POINT('',(-1.166476076188E-15,0.,-4.7625));
#2764 = SEAM_CURVE('',#2765,(#2769,#2776),.PCURVE_S1.);
#2765 = LINE('',#2766,#2767);
#2766 = CARTESIAN_POINT('',(0.,179.07,-4.7625));
#2767 = VECTOR('',#2768,1.);
#2768 = DIRECTION('',(0.,-1.,0.));
#2769 = PCURVE('',#2469,#2770);
#2770 = DEFINITIONAL_REPRESENTATION('',(#2771),#2775);
#2771 = LINE('',#2772,#2773);
#2772 = CARTESIAN_POINT('',(0.,0.));
#2773 = VECTOR('',#2774,1.);
#2774 = DIRECTION('',(0.,1.));
#2775 = ( GEOMETRIC_REPRESENTATION_CONTEXT(2) 
PARAMETRIC_REPRESENTATION_CONTEXT() REPRESENTATION_CONTEXT('2D SPACE',''
  ) );
#2776 = PCURVE('',#2469,#2777);
#2777 = DEFINITIONAL_REPRESENTATION('',(#2778),#2781);
#2778 = B_SPLINE_CURVE_WITH_KNOTS('',1,(#2779,#2780),.UNSPECIFIED.,.F.,
  .F.,(2,2),(0.,179.07),.PIECEWISE_BEZIER_KNOTS.);
#2779 = CARTESIAN_POINT('',(6.28318530718,0.));
#2780 = CARTESIAN_POINT('',(6.28318530718,179.07));
#2781 = ( GEOMETRIC_REPRESENTATION_CONTEXT(2) 
PARAMETRIC_REPRESENTATION_CONTEXT() REPRESENTATION_CONTEXT('2D SPACE',''
  ) );
#2782 = ORIENTED_EDGE('',*,*,#2783,.F.);
#2783 = EDGE_CURVE('',#2762,#2762,#2784,.T.);
#2784 = SURFACE_CURVE('',#2785,(#2790,#2797),.PCURVE_S1.);
#2785 = CIRCLE('',#2786,4.7625);
#2786 = AXIS2_PLACEMENT_3D('',#2787,#2788,#2789);
#2787 = CARTESIAN_POINT('',(0.,0.,0.));
#2788 = DIRECTION('',(0.,-1.,0.));
#2789 = DIRECTION('',(0.,0.,-1.));
#2790 = PCURVE('',#2469,#2791);
#2791 = DEFINITIONAL_REPRESENTATION('',(#2792),#2796);
#2792 = LINE('',#2793,#2794);
#2793 = CARTESIAN_POINT('',(0.,179.07));
#2794 = VECTOR('',#2795,1.);
#2795 = DIRECTION('',(1.,0.));
#2796 = ( GEOMETRIC_REPRESENTATION_CONTEXT(2) 
PARAMETRIC_REPRESENTATION_CONTEXT() REPRESENTATION_CONTEXT('2D SPACE',''
  ) );
#2797 = PCURVE('',#2798,#2803);
#2798 = PLANE('',#2799);
#2799 = AXIS2_PLACEMENT_3D('',#2800,#2801,#2802);
#2800 = CARTESIAN_POINT('',(9.271385765151E-17,0.,5.742530740323E-16));
#2801 = DIRECTION('',(-0.,-1.,-0.));
#2802 = DIRECTION('',(0.,0.,-1.));
#2803 = DEFINITIONAL_REPRESENTATION('',(#2804),#2808);
#2804 = CIRCLE('',#2805,4.7625);
#2805 = AXIS2_PLACEMENT_2D('',#2806,#2807);
#2806 = CARTESIAN_POINT('',(5.742530740323E-16,-9.271385765151E-17));
#2807 = DIRECTION('',(1.,0.));
#2808 = ( GEOMETRIC_REPRESENTATION_CONTEXT(2) 
PARAMETRIC_REPRESENTATION_CONTEXT() REPRESENTATION_CONTEXT('2D SPACE',''
  ) );
#2809 = ORIENTED_EDGE('',*,*,#2761,.F.);
#2810 = ORIENTED_EDGE('',*,*,#2511,.F.);
#2811 = ORIENTED_EDGE('',*,*,#2444,.F.);
#2812 = ORIENTED_EDGE('',*,*,#2813,.T.);
#2813 = EDGE_CURVE('',#2445,#2726,#2814,.T.);
#2814 = SURFACE_CURVE('',#2815,(#2820,#2833),.PCURVE_S1.);
#2815 = ELLIPSE('',#2816,6.45957736963,4.7625);
#2816 = AXIS2_PLACEMENT_3D('',#2817,#2818,#2819);
#2817 = CARTESIAN_POINT('',(-2.04174366529E-17,179.07,1.740327774012E-30
    ));
#2818 = DIRECTION('',(0.675590207616,-0.73727733681,0.));
#2819 = DIRECTION('',(0.73727733681,0.675590207616,0.));
#2820 = PCURVE('',#2469,#2821);
#2821 = DEFINITIONAL_REPRESENTATION('',(#2822),#2832);
#2822 = B_SPLINE_CURVE_WITH_KNOTS('',8,(#2823,#2824,#2825,#2826,#2827,
    #2828,#2829,#2830,#2831),.UNSPECIFIED.,.F.,.F.,(9,9),(1.570796326795
    ,3.14159265359),.PIECEWISE_BEZIER_KNOTS.);
#2823 = CARTESIAN_POINT('',(3.14159265359,-2.84217094304E-14));
#2824 = CARTESIAN_POINT('',(3.337942194439,0.856874740166));
#2825 = CARTESIAN_POINT('',(3.534291735289,1.71374968378));
#2826 = CARTESIAN_POINT('',(3.730641276126,2.520283589671));
#2827 = CARTESIAN_POINT('',(3.926990816996,3.22614530737));
#2828 = CARTESIAN_POINT('',(4.123340357821,3.787181572981));
#2829 = CARTESIAN_POINT('',(4.319689898687,4.171744790683));
#2830 = CARTESIAN_POINT('',(4.516039439535,4.364027216258));
#2831 = CARTESIAN_POINT('',(4.712388980385,4.364027216258));
#2832 = ( GEOMETRIC_REPRESENTATION_CONTEXT(2) 
PARAMETRIC_REPRESENTATION_CONTEXT() REPRESENTATION_CONTEXT('2D SPACE',''
  ) );
#2833 = PCURVE('',#2568,#2834);
#2834 = DEFINITIONAL_REPRESENTATION('',(#2835),#2845);
#2835 = B_SPLINE_CURVE_WITH_KNOTS('',8,(#2836,#2837,#2838,#2839,#2840,
    #2841,#2842,#2843,#2844),.UNSPECIFIED.,.F.,.F.,(9,9),(1.570796326795
    ,3.14159265359),.PIECEWISE_BEZIER_KNOTS.);
#2836 = CARTESIAN_POINT('',(4.712388980385,5.091638491318));
#2837 = CARTESIAN_POINT('',(4.908738521234,4.234763751152));
#2838 = CARTESIAN_POINT('',(5.105088062084,3.377888807538));
#2839 = CARTESIAN_POINT('',(5.30143760291,2.571354901634));
#2840 = CARTESIAN_POINT('',(5.497787143802,1.865493183949));
#2841 = CARTESIAN_POINT('',(5.69413668461,1.304456918324));
#2842 = CARTESIAN_POINT('',(5.890486225483,0.919893700635));
#2843 = CARTESIAN_POINT('',(6.08683576633,0.72761127506));
#2844 = CARTESIAN_POINT('',(6.28318530718,0.72761127506));
#2845 = ( GEOMETRIC_REPRESENTATION_CONTEXT(2) 
PARAMETRIC_REPRESENTATION_CONTEXT() REPRESENTATION_CONTEXT('2D SPACE',''
  ) );
#2846 = ADVANCED_FACE('',(#2847),#2568,.T.);
#2847 = FACE_BOUND('',#2848,.T.);
#2848 = EDGE_LOOP('',(#2849,#2890,#2910,#2911,#2912,#2913,#2914,#2948));
#2849 = ORIENTED_EDGE('',*,*,#2850,.T.);
#2850 = EDGE_CURVE('',#2851,#2853,#2855,.T.);
#2851 = VERTEX_POINT('',#2852);
#2852 = CARTESIAN_POINT('',(-5.072263269651,179.51376553451,4.7625));
#2853 = VERTEX_POINT('',#2854);
#2854 = CARTESIAN_POINT('',(-5.902421719322,174.80570301149,
    5.832380380939E-16));
#2855 = SURFACE_CURVE('',#2856,(#2861,#2873),.PCURVE_S1.);
#2856 = ELLIPSE('',#2857,4.7806919763,4.7625);
#2857 = AXIS2_PLACEMENT_3D('',#2858,#2859,#2860);
#2858 = CARTESIAN_POINT('',(-5.072263269651,179.51376553451,
    1.740327774012E-30));
#2859 = DIRECTION('',(0.984807753012,-0.173648177667,0.));
#2860 = DIRECTION('',(-0.173648177667,-0.984807753012,0.));
#2861 = PCURVE('',#2568,#2862);
#2862 = DEFINITIONAL_REPRESENTATION('',(#2863),#2872);
#2863 = B_SPLINE_CURVE_WITH_KNOTS('',7,(#2864,#2865,#2866,#2867,#2868,
    #2869,#2870,#2871),.UNSPECIFIED.,.F.,.F.,(8,8),(4.712388980385,
    6.28318530718),.PIECEWISE_BEZIER_KNOTS.);
#2864 = CARTESIAN_POINT('',(4.712388980385,3.694822225953E-13));
#2865 = CARTESIAN_POINT('',(4.936788455641,-9.349935351094E-02));
#2866 = CARTESIAN_POINT('',(5.161187930897,-0.18699832736));
#2867 = CARTESIAN_POINT('',(5.385587406156,-0.272809929049));
#2868 = CARTESIAN_POINT('',(5.60998688141,-0.343232806321));
#2869 = CARTESIAN_POINT('',(5.834386356667,-0.392186258466));
#2870 = CARTESIAN_POINT('',(6.058785831923,-0.416664760042));
#2871 = CARTESIAN_POINT('',(6.28318530718,-0.416664760042));
#2872 = ( GEOMETRIC_REPRESENTATION_CONTEXT(2) 
PARAMETRIC_REPRESENTATION_CONTEXT() REPRESENTATION_CONTEXT('2D SPACE',''
  ) );
#2873 = PCURVE('',#2874,#2879);
#2874 = CYLINDRICAL_SURFACE('',#2875,4.7625);
#2875 = AXIS2_PLACEMENT_3D('',#2876,#2877,#2878);
#2876 = CARTESIAN_POINT('',(-9.990408386543,180.83157854684,
    1.740327774012E-30));
#2877 = DIRECTION('',(0.965925826289,-0.258819045103,0.));
#2878 = DIRECTION('',(-0.258819045103,-0.965925826289,1.224646799147E-16
    ));
#2879 = DEFINITIONAL_REPRESENTATION('',(#2880),#2889);
#2880 = B_SPLINE_CURVE_WITH_KNOTS('',7,(#2881,#2882,#2883,#2884,#2885,
    #2886,#2887,#2888),.UNSPECIFIED.,.F.,.F.,(8,8),(4.712388980385,
    6.28318530718),.PIECEWISE_BEZIER_KNOTS.);
#2881 = CARTESIAN_POINT('',(4.712388980385,5.091638491319));
#2882 = CARTESIAN_POINT('',(4.936788455641,5.18513784483));
#2883 = CARTESIAN_POINT('',(5.161187930896,5.278636818679));
#2884 = CARTESIAN_POINT('',(5.385587406157,5.364448420368));
#2885 = CARTESIAN_POINT('',(5.609986881408,5.434871297642));
#2886 = CARTESIAN_POINT('',(5.834386356667,5.483824749784));
#2887 = CARTESIAN_POINT('',(6.058785831923,5.508303251361));
#2888 = CARTESIAN_POINT('',(6.28318530718,5.508303251361));
#2889 = ( GEOMETRIC_REPRESENTATION_CONTEXT(2) 
PARAMETRIC_REPRESENTATION_CONTEXT() REPRESENTATION_CONTEXT('2D SPACE',''
  ) );
#2890 = ORIENTED_EDGE('',*,*,#2891,.T.);
#2891 = EDGE_CURVE('',#2853,#2726,#2892,.T.);
#2892 = SEAM_CURVE('',#2893,(#2897,#2904),.PCURVE_S1.);
#2893 = LINE('',#2894,#2895);
#2894 = CARTESIAN_POINT('',(-5.487342494487,174.76938828485,
    5.832380380939E-16));
#2895 = VECTOR('',#2896,1.);
#2896 = DIRECTION('',(0.996194698092,-8.715574274765E-02,0.));
#2897 = PCURVE('',#2568,#2898);
#2898 = DEFINITIONAL_REPRESENTATION('',(#2899),#2903);
#2899 = LINE('',#2900,#2901);
#2900 = CARTESIAN_POINT('',(0.,0.));
#2901 = VECTOR('',#2902,1.);
#2902 = DIRECTION('',(0.,1.));
#2903 = ( GEOMETRIC_REPRESENTATION_CONTEXT(2) 
PARAMETRIC_REPRESENTATION_CONTEXT() REPRESENTATION_CONTEXT('2D SPACE',''
  ) );
#2904 = PCURVE('',#2568,#2905);
#2905 = DEFINITIONAL_REPRESENTATION('',(#2906),#2909);
#2906 = B_SPLINE_CURVE_WITH_KNOTS('',1,(#2907,#2908),.UNSPECIFIED.,.F.,
  .F.,(2,2),(-2.30092028444,7.392558775758),.PIECEWISE_BEZIER_KNOTS.);
#2907 = CARTESIAN_POINT('',(6.28318530718,-2.30092028444));
#2908 = CARTESIAN_POINT('',(6.28318530718,7.392558775758));
#2909 = ( GEOMETRIC_REPRESENTATION_CONTEXT(2) 
PARAMETRIC_REPRESENTATION_CONTEXT() REPRESENTATION_CONTEXT('2D SPACE',''
  ) );
#2910 = ORIENTED_EDGE('',*,*,#2813,.F.);
#2911 = ORIENTED_EDGE('',*,*,#2547,.F.);
#2912 = ORIENTED_EDGE('',*,*,#2725,.F.);
#2913 = ORIENTED_EDGE('',*,*,#2891,.F.);
#2914 = ORIENTED_EDGE('',*,*,#2915,.T.);
#2915 = EDGE_CURVE('',#2853,#2916,#2918,.T.);
#2916 = VERTEX_POINT('',#2917);
#2917 = CARTESIAN_POINT('',(-5.072263269651,179.51376553451,-4.7625));
#2918 = SURFACE_CURVE('',#2919,(#2924,#2936),.PCURVE_S1.);
#2919 = ELLIPSE('',#2920,4.7806919763,4.7625);
#2920 = AXIS2_PLACEMENT_3D('',#2921,#2922,#2923);
#2921 = CARTESIAN_POINT('',(-5.072263269651,179.51376553451,
    1.740327774012E-30));
#2922 = DIRECTION('',(0.984807753012,-0.173648177667,0.));
#2923 = DIRECTION('',(-0.173648177667,-0.984807753012,0.));
#2924 = PCURVE('',#2568,#2925);
#2925 = DEFINITIONAL_REPRESENTATION('',(#2926),#2935);
#2926 = B_SPLINE_CURVE_WITH_KNOTS('',7,(#2927,#2928,#2929,#2930,#2931,
    #2932,#2933,#2934),.UNSPECIFIED.,.F.,.F.,(8,8),(0.,1.570796326795),
  .PIECEWISE_BEZIER_KNOTS.);
#2927 = CARTESIAN_POINT('',(1.224646799147E-16,-0.416664760042));
#2928 = CARTESIAN_POINT('',(0.224399475256,-0.416664760042));
#2929 = CARTESIAN_POINT('',(0.448798950513,-0.392186258466));
#2930 = CARTESIAN_POINT('',(0.673198425769,-0.343232806321));
#2931 = CARTESIAN_POINT('',(0.897597901026,-0.272809929049));
#2932 = CARTESIAN_POINT('',(1.121997376282,-0.18699832736));
#2933 = CARTESIAN_POINT('',(1.346396851538,-9.349935351094E-02));
#2934 = CARTESIAN_POINT('',(1.570796326795,3.694822225953E-13));
#2935 = ( GEOMETRIC_REPRESENTATION_CONTEXT(2) 
PARAMETRIC_REPRESENTATION_CONTEXT() REPRESENTATION_CONTEXT('2D SPACE',''
  ) );
#2936 = PCURVE('',#2874,#2937);
#2937 = DEFINITIONAL_REPRESENTATION('',(#2938),#2947);
#2938 = B_SPLINE_CURVE_WITH_KNOTS('',7,(#2939,#2940,#2941,#2942,#2943,
    #2944,#2945,#2946),.UNSPECIFIED.,.F.,.F.,(8,8),(0.,1.570796326795),
  .PIECEWISE_BEZIER_KNOTS.);
#2939 = CARTESIAN_POINT('',(1.224646799147E-16,5.508303251361));
#2940 = CARTESIAN_POINT('',(0.224399475256,5.508303251361));
#2941 = CARTESIAN_POINT('',(0.448798950513,5.483824749785));
#2942 = CARTESIAN_POINT('',(0.673198425769,5.43487129764));
#2943 = CARTESIAN_POINT('',(0.897597901026,5.36444842037));
#2944 = CARTESIAN_POINT('',(1.121997376282,5.278636818679));
#2945 = CARTESIAN_POINT('',(1.346396851538,5.18513784483));
#2946 = CARTESIAN_POINT('',(1.570796326795,5.091638491319));
#2947 = ( GEOMETRIC_REPRESENTATION_CONTEXT(2) 
PARAMETRIC_REPRESENTATION_CONTEXT() REPRESENTATION_CONTEXT('2D SPACE',''
  ) );
#2948 = ORIENTED_EDGE('',*,*,#2949,.T.);
#2949 = EDGE_CURVE('',#2916,#2851,#2950,.T.);
#2950 = SURFACE_CURVE('',#2951,(#2956,#2969),.PCURVE_S1.);
#2951 = ELLIPSE('',#2952,4.7806919763,4.7625);
#2952 = AXIS2_PLACEMENT_3D('',#2953,#2954,#2955);
#2953 = CARTESIAN_POINT('',(-5.072263269651,179.51376553451,
    1.740327774012E-30));
#2954 = DIRECTION('',(0.984807753012,-0.173648177667,0.));
#2955 = DIRECTION('',(-0.173648177667,-0.984807753012,0.));
#2956 = PCURVE('',#2568,#2957);
#2957 = DEFINITIONAL_REPRESENTATION('',(#2958),#2968);
#2958 = B_SPLINE_CURVE_WITH_KNOTS('',8,(#2959,#2960,#2961,#2962,#2963,
    #2964,#2965,#2966,#2967),.UNSPECIFIED.,.F.,.F.,(9,9),(1.570796326795
    ,4.712388980385),.PIECEWISE_BEZIER_KNOTS.);
#2959 = CARTESIAN_POINT('',(1.570796326795,3.694822225953E-13));
#2960 = CARTESIAN_POINT('',(1.963495408494,0.163623868645));
#2961 = CARTESIAN_POINT('',(2.356194490189,0.327249041947));
#2962 = CARTESIAN_POINT('',(2.7488935719,0.452410149346));
#2963 = CARTESIAN_POINT('',(3.141592653563,0.500747102915));
#2964 = CARTESIAN_POINT('',(3.534291735296,0.452410149346));
#2965 = CARTESIAN_POINT('',(3.926990816983,0.327249041947));
#2966 = CARTESIAN_POINT('',(4.319689898686,0.163623868645));
#2967 = CARTESIAN_POINT('',(4.712388980385,3.694822225953E-13));
#2968 = ( GEOMETRIC_REPRESENTATION_CONTEXT(2) 
PARAMETRIC_REPRESENTATION_CONTEXT() REPRESENTATION_CONTEXT('2D SPACE',''
  ) );
#2969 = PCURVE('',#2874,#2970);
#2970 = DEFINITIONAL_REPRESENTATION('',(#2971),#2981);
#2971 = B_SPLINE_CURVE_WITH_KNOTS('',8,(#2972,#2973,#2974,#2975,#2976,
    #2977,#2978,#2979,#2980),.UNSPECIFIED.,.F.,.F.,(9,9),(1.570796326795
    ,4.712388980385),.PIECEWISE_BEZIER_KNOTS.);
#2972 = CARTESIAN_POINT('',(1.570796326795,5.091638491319));
#2973 = CARTESIAN_POINT('',(1.963495408494,4.928014622674));
#2974 = CARTESIAN_POINT('',(2.35619449019,4.764389449373));
#2975 = CARTESIAN_POINT('',(2.748893571894,4.639228341957));
#2976 = CARTESIAN_POINT('',(3.141592653576,4.590891388407));
#2977 = CARTESIAN_POINT('',(3.534291735292,4.639228341956));
#2978 = CARTESIAN_POINT('',(3.926990816984,4.764389449373));
#2979 = CARTESIAN_POINT('',(4.319689898686,4.928014622674));
#2980 = CARTESIAN_POINT('',(4.712388980385,5.091638491319));
#2981 = ( GEOMETRIC_REPRESENTATION_CONTEXT(2) 
PARAMETRIC_REPRESENTATION_CONTEXT() REPRESENTATION_CONTEXT('2D SPACE',''
  ) );
#2982 = ADVANCED_FACE('',(#2983),#2633,.T.);
#2983 = FACE_BOUND('',#2984,.T.);
#2984 = EDGE_LOOP('',(#2985,#3007,#3046,#3082,#3114,#3115,#3116,#3117));
#2985 = ORIENTED_EDGE('',*,*,#2986,.T.);
#2986 = EDGE_CURVE('',#2590,#2987,#2989,.T.);
#2987 = VERTEX_POINT('',#2988);
#2988 = CARTESIAN_POINT('',(-11.62550134147,240.22080242553,
    5.832380380939E-16));
#2989 = SEAM_CURVE('',#2990,(#2994,#3000),.PCURVE_S1.);
#2990 = LINE('',#2991,#2992);
#2991 = CARTESIAN_POINT('',(-6.304888971952,241.64645621318,
    5.832380380939E-16));
#2992 = VECTOR('',#2993,1.);
#2993 = DIRECTION('',(-0.965925826289,-0.258819045103,0.));
#2994 = PCURVE('',#2633,#2995);
#2995 = DEFINITIONAL_REPRESENTATION('',(#2996),#2999);
#2996 = B_SPLINE_CURVE_WITH_KNOTS('',1,(#2997,#2998),.UNSPECIFIED.,.F.,
  .F.,(2,2),(-2.30092028444,7.392558775758),.PIECEWISE_BEZIER_KNOTS.);
#2997 = CARTESIAN_POINT('',(6.28318530718,-2.30092028444));
#2998 = CARTESIAN_POINT('',(6.28318530718,7.392558775758));
#2999 = ( GEOMETRIC_REPRESENTATION_CONTEXT(2) 
PARAMETRIC_REPRESENTATION_CONTEXT() REPRESENTATION_CONTEXT('2D SPACE',''
  ) );
#3000 = PCURVE('',#2633,#3001);
#3001 = DEFINITIONAL_REPRESENTATION('',(#3002),#3006);
#3002 = LINE('',#3003,#3004);
#3003 = CARTESIAN_POINT('',(0.,0.));
#3004 = VECTOR('',#3005,1.);
#3005 = DIRECTION('',(0.,1.));
#3006 = ( GEOMETRIC_REPRESENTATION_CONTEXT(2) 
PARAMETRIC_REPRESENTATION_CONTEXT() REPRESENTATION_CONTEXT('2D SPACE',''
  ) );
#3007 = ORIENTED_EDGE('',*,*,#3008,.F.);
#3008 = EDGE_CURVE('',#3009,#2987,#3011,.T.);
#3009 = VERTEX_POINT('',#3010);
#3010 = CARTESIAN_POINT('',(-9.990408386543,235.72842145315,4.7625));
#3011 = SURFACE_CURVE('',#3012,(#3017,#3029),.PCURVE_S1.);
#3012 = ELLIPSE('',#3013,4.7806919763,4.7625);
#3013 = AXIS2_PLACEMENT_3D('',#3014,#3015,#3016);
#3014 = CARTESIAN_POINT('',(-9.990408386543,235.72842145315,
    1.740327774012E-30));
#3015 = DIRECTION('',(-0.939692620786,-0.342020143326,0.));
#3016 = DIRECTION('',(-0.342020143326,0.939692620786,0.));
#3017 = PCURVE('',#2633,#3018);
#3018 = DEFINITIONAL_REPRESENTATION('',(#3019),#3028);
#3019 = B_SPLINE_CURVE_WITH_KNOTS('',7,(#3020,#3021,#3022,#3023,#3024,
    #3025,#3026,#3027),.UNSPECIFIED.,.F.,.F.,(8,8),(4.712388980385,
    6.28318530718),.PIECEWISE_BEZIER_KNOTS.);
#3020 = CARTESIAN_POINT('',(4.712388980385,5.091638491319));
#3021 = CARTESIAN_POINT('',(4.936788455641,5.18513784483));
#3022 = CARTESIAN_POINT('',(5.161187930898,5.278636818678));
#3023 = CARTESIAN_POINT('',(5.385587406152,5.364448420369));
#3024 = CARTESIAN_POINT('',(5.609986881412,5.43487129764));
#3025 = CARTESIAN_POINT('',(5.834386356666,5.483824749785));
#3026 = CARTESIAN_POINT('',(6.058785831923,5.508303251361));
#3027 = CARTESIAN_POINT('',(6.28318530718,5.508303251361));
#3028 = ( GEOMETRIC_REPRESENTATION_CONTEXT(2) 
PARAMETRIC_REPRESENTATION_CONTEXT() REPRESENTATION_CONTEXT('2D SPACE',''
  ) );
#3029 = PCURVE('',#3030,#3035);
#3030 = CYLINDRICAL_SURFACE('',#3031,4.7625);
#3031 = AXIS2_PLACEMENT_3D('',#3032,#3033,#3034);
#3032 = CARTESIAN_POINT('',(-9.990408386543,235.72842145315,
    1.740327774012E-30));
#3033 = DIRECTION('',(-0.906307787037,-0.422618261741,0.));
#3034 = DIRECTION('',(-0.422618261741,0.906307787037,1.224646799147E-16)
  );
#3035 = DEFINITIONAL_REPRESENTATION('',(#3036),#3045);
#3036 = B_SPLINE_CURVE_WITH_KNOTS('',7,(#3037,#3038,#3039,#3040,#3041,
    #3042,#3043,#3044),.UNSPECIFIED.,.F.,.F.,(8,8),(4.712388980385,
    6.28318530718),.PIECEWISE_BEZIER_KNOTS.);
#3037 = CARTESIAN_POINT('',(4.712388980385,4.121147867409E-13));
#3038 = CARTESIAN_POINT('',(4.936788455641,-9.349935351089E-02));
#3039 = CARTESIAN_POINT('',(5.161187930898,-0.18699832736));
#3040 = CARTESIAN_POINT('',(5.385587406153,-0.272809929049));
#3041 = CARTESIAN_POINT('',(5.609986881411,-0.343232806321));
#3042 = CARTESIAN_POINT('',(5.834386356666,-0.392186258466));
#3043 = CARTESIAN_POINT('',(6.058785831923,-0.416664760042));
#3044 = CARTESIAN_POINT('',(6.28318530718,-0.416664760042));
#3045 = ( GEOMETRIC_REPRESENTATION_CONTEXT(2) 
PARAMETRIC_REPRESENTATION_CONTEXT() REPRESENTATION_CONTEXT('2D SPACE',''
  ) );
#3046 = ORIENTED_EDGE('',*,*,#3047,.F.);
#3047 = EDGE_CURVE('',#3048,#3009,#3050,.T.);
#3048 = VERTEX_POINT('',#3049);
#3049 = CARTESIAN_POINT('',(-9.990408386543,235.72842145315,-4.7625));
#3050 = SURFACE_CURVE('',#3051,(#3056,#3069),.PCURVE_S1.);
#3051 = ELLIPSE('',#3052,4.7806919763,4.7625);
#3052 = AXIS2_PLACEMENT_3D('',#3053,#3054,#3055);
#3053 = CARTESIAN_POINT('',(-9.990408386543,235.72842145315,
    1.740327774012E-30));
#3054 = DIRECTION('',(-0.939692620786,-0.342020143326,0.));
#3055 = DIRECTION('',(-0.342020143326,0.939692620786,0.));
#3056 = PCURVE('',#2633,#3057);
#3057 = DEFINITIONAL_REPRESENTATION('',(#3058),#3068);
#3058 = B_SPLINE_CURVE_WITH_KNOTS('',8,(#3059,#3060,#3061,#3062,#3063,
    #3064,#3065,#3066,#3067),.UNSPECIFIED.,.F.,.F.,(9,9),(1.570796326795
    ,4.712388980385),.PIECEWISE_BEZIER_KNOTS.);
#3059 = CARTESIAN_POINT('',(1.570796326795,5.091638491319));
#3060 = CARTESIAN_POINT('',(1.963495408494,4.928014622674));
#3061 = CARTESIAN_POINT('',(2.35619449019,4.764389449371));
#3062 = CARTESIAN_POINT('',(2.74889357189,4.639228341961));
#3063 = CARTESIAN_POINT('',(3.141592653578,4.590891388402));
#3064 = CARTESIAN_POINT('',(3.534291735282,4.639228341959));
#3065 = CARTESIAN_POINT('',(3.926990816987,4.764389449372));
#3066 = CARTESIAN_POINT('',(4.319689898686,4.928014622674));
#3067 = CARTESIAN_POINT('',(4.712388980385,5.091638491319));
#3068 = ( GEOMETRIC_REPRESENTATION_CONTEXT(2) 
PARAMETRIC_REPRESENTATION_CONTEXT() REPRESENTATION_CONTEXT('2D SPACE',''
  ) );
#3069 = PCURVE('',#3030,#3070);
#3070 = DEFINITIONAL_REPRESENTATION('',(#3071),#3081);
#3071 = B_SPLINE_CURVE_WITH_KNOTS('',8,(#3072,#3073,#3074,#3075,#3076,
    #3077,#3078,#3079,#3080),.UNSPECIFIED.,.F.,.F.,(9,9),(1.570796326795
    ,4.712388980385),.PIECEWISE_BEZIER_KNOTS.);
#3072 = CARTESIAN_POINT('',(1.570796326795,4.121147867409E-13));
#3073 = CARTESIAN_POINT('',(1.963495408494,0.163623868645));
#3074 = CARTESIAN_POINT('',(2.356194490189,0.327249041947));
#3075 = CARTESIAN_POINT('',(2.748893571899,0.452410149346));
#3076 = CARTESIAN_POINT('',(3.141592653569,0.500747102914));
#3077 = CARTESIAN_POINT('',(3.534291735295,0.452410149346));
#3078 = CARTESIAN_POINT('',(3.926990816983,0.327249041947));
#3079 = CARTESIAN_POINT('',(4.319689898686,0.163623868645));
#3080 = CARTESIAN_POINT('',(4.712388980385,4.121147867409E-13));
#3081 = ( GEOMETRIC_REPRESENTATION_CONTEXT(2) 
PARAMETRIC_REPRESENTATION_CONTEXT() REPRESENTATION_CONTEXT('2D SPACE',''
  ) );
#3082 = ORIENTED_EDGE('',*,*,#3083,.F.);
#3083 = EDGE_CURVE('',#2987,#3048,#3084,.T.);
#3084 = SURFACE_CURVE('',#3085,(#3090,#3102),.PCURVE_S1.);
#3085 = ELLIPSE('',#3086,4.7806919763,4.7625);
#3086 = AXIS2_PLACEMENT_3D('',#3087,#3088,#3089);
#3087 = CARTESIAN_POINT('',(-9.990408386543,235.72842145315,
    1.740327774012E-30));
#3088 = DIRECTION('',(-0.939692620786,-0.342020143326,0.));
#3089 = DIRECTION('',(-0.342020143326,0.939692620786,0.));
#3090 = PCURVE('',#2633,#3091);
#3091 = DEFINITIONAL_REPRESENTATION('',(#3092),#3101);
#3092 = B_SPLINE_CURVE_WITH_KNOTS('',7,(#3093,#3094,#3095,#3096,#3097,
    #3098,#3099,#3100),.UNSPECIFIED.,.F.,.F.,(8,8),(0.,1.570796326795),
  .PIECEWISE_BEZIER_KNOTS.);
#3093 = CARTESIAN_POINT('',(1.224646799147E-16,5.508303251361));
#3094 = CARTESIAN_POINT('',(0.224399475256,5.508303251361));
#3095 = CARTESIAN_POINT('',(0.448798950513,5.483824749784));
#3096 = CARTESIAN_POINT('',(0.673198425769,5.434871297641));
#3097 = CARTESIAN_POINT('',(0.897597901026,5.364448420368));
#3098 = CARTESIAN_POINT('',(1.121997376282,5.278636818679));
#3099 = CARTESIAN_POINT('',(1.346396851538,5.18513784483));
#3100 = CARTESIAN_POINT('',(1.570796326795,5.091638491319));
#3101 = ( GEOMETRIC_REPRESENTATION_CONTEXT(2) 
PARAMETRIC_REPRESENTATION_CONTEXT() REPRESENTATION_CONTEXT('2D SPACE',''
  ) );
#3102 = PCURVE('',#3030,#3103);
#3103 = DEFINITIONAL_REPRESENTATION('',(#3104),#3113);
#3104 = B_SPLINE_CURVE_WITH_KNOTS('',7,(#3105,#3106,#3107,#3108,#3109,
    #3110,#3111,#3112),.UNSPECIFIED.,.F.,.F.,(8,8),(0.,1.570796326795),
  .PIECEWISE_BEZIER_KNOTS.);
#3105 = CARTESIAN_POINT('',(1.224646799147E-16,-0.416664760042));
#3106 = CARTESIAN_POINT('',(0.224399475256,-0.416664760042));
#3107 = CARTESIAN_POINT('',(0.448798950513,-0.392186258466));
#3108 = CARTESIAN_POINT('',(0.673198425769,-0.343232806321));
#3109 = CARTESIAN_POINT('',(0.897597901026,-0.272809929049));
#3110 = CARTESIAN_POINT('',(1.121997376282,-0.18699832736));
#3111 = CARTESIAN_POINT('',(1.346396851538,-9.349935351089E-02));
#3112 = CARTESIAN_POINT('',(1.570796326795,4.121147867409E-13));
#3113 = ( GEOMETRIC_REPRESENTATION_CONTEXT(2) 
PARAMETRIC_REPRESENTATION_CONTEXT() REPRESENTATION_CONTEXT('2D SPACE',''
  ) );
#3114 = ORIENTED_EDGE('',*,*,#2986,.F.);
#3115 = ORIENTED_EDGE('',*,*,#2686,.T.);
#3116 = ORIENTED_EDGE('',*,*,#2650,.T.);
#3117 = ORIENTED_EDGE('',*,*,#2611,.T.);
#3118 = ADVANCED_FACE('',(#3119),#2798,.T.);
#3119 = FACE_BOUND('',#3120,.T.);
#3120 = EDGE_LOOP('',(#3121));
#3121 = ORIENTED_EDGE('',*,*,#2783,.T.);
#3122 = ADVANCED_FACE('',(#3123),#2874,.T.);
#3123 = FACE_BOUND('',#3124,.T.);
#3124 = EDGE_LOOP('',(#3125,#3147,#3148,#3149,#3150,#3151,#3190,#3226));
#3125 = ORIENTED_EDGE('',*,*,#3126,.T.);
#3126 = EDGE_CURVE('',#3127,#2853,#3129,.T.);
#3127 = VERTEX_POINT('',#3128);
#3128 = CARTESIAN_POINT('',(-11.62550134147,176.33919757446,
    5.832380380939E-16));
#3129 = SEAM_CURVE('',#3130,(#3134,#3140),.PCURVE_S1.);
#3130 = LINE('',#3131,#3132);
#3131 = CARTESIAN_POINT('',(-11.22303408884,176.23135679914,
    5.832380380939E-16));
#3132 = VECTOR('',#3133,1.);
#3133 = DIRECTION('',(0.965925826289,-0.258819045103,0.));
#3134 = PCURVE('',#2874,#3135);
#3135 = DEFINITIONAL_REPRESENTATION('',(#3136),#3139);
#3136 = B_SPLINE_CURVE_WITH_KNOTS('',1,(#3137,#3138),.UNSPECIFIED.,.F.,
  .F.,(2,2),(-2.30092028444,7.392558775758),.PIECEWISE_BEZIER_KNOTS.);
#3137 = CARTESIAN_POINT('',(6.28318530718,-2.30092028444));
#3138 = CARTESIAN_POINT('',(6.28318530718,7.392558775758));
#3139 = ( GEOMETRIC_REPRESENTATION_CONTEXT(2) 
PARAMETRIC_REPRESENTATION_CONTEXT() REPRESENTATION_CONTEXT('2D SPACE',''
  ) );
#3140 = PCURVE('',#2874,#3141);
#3141 = DEFINITIONAL_REPRESENTATION('',(#3142),#3146);
#3142 = LINE('',#3143,#3144);
#3143 = CARTESIAN_POINT('',(0.,0.));
#3144 = VECTOR('',#3145,1.);
#3145 = DIRECTION('',(0.,1.));
#3146 = ( GEOMETRIC_REPRESENTATION_CONTEXT(2) 
PARAMETRIC_REPRESENTATION_CONTEXT() REPRESENTATION_CONTEXT('2D SPACE',''
  ) );
#3147 = ORIENTED_EDGE('',*,*,#2850,.F.);
#3148 = ORIENTED_EDGE('',*,*,#2949,.F.);
#3149 = ORIENTED_EDGE('',*,*,#2915,.F.);
#3150 = ORIENTED_EDGE('',*,*,#3126,.F.);
#3151 = ORIENTED_EDGE('',*,*,#3152,.T.);
#3152 = EDGE_CURVE('',#3127,#3153,#3155,.T.);
#3153 = VERTEX_POINT('',#3154);
#3154 = CARTESIAN_POINT('',(-9.990408386543,180.83157854684,-4.7625));
#3155 = SURFACE_CURVE('',#3156,(#3161,#3173),.PCURVE_S1.);
#3156 = ELLIPSE('',#3157,4.7806919763,4.7625);
#3157 = AXIS2_PLACEMENT_3D('',#3158,#3159,#3160);
#3158 = CARTESIAN_POINT('',(-9.990408386543,180.83157854684,
    1.740327774012E-30));
#3159 = DIRECTION('',(0.939692620786,-0.342020143326,0.));
#3160 = DIRECTION('',(-0.342020143326,-0.939692620786,0.));
#3161 = PCURVE('',#2874,#3162);
#3162 = DEFINITIONAL_REPRESENTATION('',(#3163),#3172);
#3163 = B_SPLINE_CURVE_WITH_KNOTS('',7,(#3164,#3165,#3166,#3167,#3168,
    #3169,#3170,#3171),.UNSPECIFIED.,.F.,.F.,(8,8),(0.,1.570796326795),
  .PIECEWISE_BEZIER_KNOTS.);
#3164 = CARTESIAN_POINT('',(1.224646799147E-16,-0.416664760042));
#3165 = CARTESIAN_POINT('',(0.224399475256,-0.416664760042));
#3166 = CARTESIAN_POINT('',(0.448798950513,-0.392186258466));
#3167 = CARTESIAN_POINT('',(0.673198425769,-0.343232806322));
#3168 = CARTESIAN_POINT('',(0.897597901026,-0.272809929049));
#3169 = CARTESIAN_POINT('',(1.121997376282,-0.18699832736));
#3170 = CARTESIAN_POINT('',(1.346396851538,-9.349935351129E-02));
#3171 = CARTESIAN_POINT('',(1.570796326795,2.13162820728E-14));
#3172 = ( GEOMETRIC_REPRESENTATION_CONTEXT(2) 
PARAMETRIC_REPRESENTATION_CONTEXT() REPRESENTATION_CONTEXT('2D SPACE',''
  ) );
#3173 = PCURVE('',#3174,#3179);
#3174 = CYLINDRICAL_SURFACE('',#3175,4.7625);
#3175 = AXIS2_PLACEMENT_3D('',#3176,#3177,#3178);
#3176 = CARTESIAN_POINT('',(-14.605,182.98339795545,1.740327774012E-30)
  );
#3177 = DIRECTION('',(0.906307787037,-0.422618261741,0.));
#3178 = DIRECTION('',(-0.422618261741,-0.906307787037,1.224646799147E-16
    ));
#3179 = DEFINITIONAL_REPRESENTATION('',(#3180),#3189);
#3180 = B_SPLINE_CURVE_WITH_KNOTS('',7,(#3181,#3182,#3183,#3184,#3185,
    #3186,#3187,#3188),.UNSPECIFIED.,.F.,.F.,(8,8),(0.,1.570796326795),
  .PIECEWISE_BEZIER_KNOTS.);
#3181 = CARTESIAN_POINT('',(1.224646799147E-16,5.50830325136));
#3182 = CARTESIAN_POINT('',(0.224399475256,5.50830325136));
#3183 = CARTESIAN_POINT('',(0.448798950513,5.483824749784));
#3184 = CARTESIAN_POINT('',(0.673198425769,5.434871297641));
#3185 = CARTESIAN_POINT('',(0.897597901026,5.364448420366));
#3186 = CARTESIAN_POINT('',(1.121997376282,5.278636818679));
#3187 = CARTESIAN_POINT('',(1.346396851538,5.18513784483));
#3188 = CARTESIAN_POINT('',(1.570796326795,5.091638491318));
#3189 = ( GEOMETRIC_REPRESENTATION_CONTEXT(2) 
PARAMETRIC_REPRESENTATION_CONTEXT() REPRESENTATION_CONTEXT('2D SPACE',''
  ) );
#3190 = ORIENTED_EDGE('',*,*,#3191,.T.);
#3191 = EDGE_CURVE('',#3153,#3192,#3194,.T.);
#3192 = VERTEX_POINT('',#3193);
#3193 = CARTESIAN_POINT('',(-9.990408386543,180.83157854684,4.7625));
#3194 = SURFACE_CURVE('',#3195,(#3200,#3213),.PCURVE_S1.);
#3195 = ELLIPSE('',#3196,4.7806919763,4.7625);
#3196 = AXIS2_PLACEMENT_3D('',#3197,#3198,#3199);
#3197 = CARTESIAN_POINT('',(-9.990408386543,180.83157854684,
    1.740327774012E-30));
#3198 = DIRECTION('',(0.939692620786,-0.342020143326,0.));
#3199 = DIRECTION('',(-0.342020143326,-0.939692620786,0.));
#3200 = PCURVE('',#2874,#3201);
#3201 = DEFINITIONAL_REPRESENTATION('',(#3202),#3212);
#3202 = B_SPLINE_CURVE_WITH_KNOTS('',8,(#3203,#3204,#3205,#3206,#3207,
    #3208,#3209,#3210,#3211),.UNSPECIFIED.,.F.,.F.,(9,9),(1.570796326795
    ,4.712388980385),.PIECEWISE_BEZIER_KNOTS.);
#3203 = CARTESIAN_POINT('',(1.570796326795,2.13162820728E-14));
#3204 = CARTESIAN_POINT('',(1.963495408494,0.163623868645));
#3205 = CARTESIAN_POINT('',(2.356194490189,0.327249041947));
#3206 = CARTESIAN_POINT('',(2.748893571893,0.452410149344));
#3207 = CARTESIAN_POINT('',(3.141592653574,0.500747102916));
#3208 = CARTESIAN_POINT('',(3.534291735297,0.452410149345));
#3209 = CARTESIAN_POINT('',(3.926990816983,0.327249041947));
#3210 = CARTESIAN_POINT('',(4.319689898686,0.163623868645));
#3211 = CARTESIAN_POINT('',(4.712388980385,2.13162820728E-14));
#3212 = ( GEOMETRIC_REPRESENTATION_CONTEXT(2) 
PARAMETRIC_REPRESENTATION_CONTEXT() REPRESENTATION_CONTEXT('2D SPACE',''
  ) );
#3213 = PCURVE('',#3174,#3214);
#3214 = DEFINITIONAL_REPRESENTATION('',(#3215),#3225);
#3215 = B_SPLINE_CURVE_WITH_KNOTS('',8,(#3216,#3217,#3218,#3219,#3220,
    #3221,#3222,#3223,#3224),.UNSPECIFIED.,.F.,.F.,(9,9),(1.570796326795
    ,4.712388980385),.PIECEWISE_BEZIER_KNOTS.);
#3216 = CARTESIAN_POINT('',(1.570796326795,5.091638491318));
#3217 = CARTESIAN_POINT('',(1.963495408494,4.928014622673));
#3218 = CARTESIAN_POINT('',(2.35619449019,4.764389449375));
#3219 = CARTESIAN_POINT('',(2.74889357189,4.639228341939));
#3220 = CARTESIAN_POINT('',(3.141592653576,4.59089138842));
#3221 = CARTESIAN_POINT('',(3.534291735285,4.639228341945));
#3222 = CARTESIAN_POINT('',(3.926990816986,4.764389449376));
#3223 = CARTESIAN_POINT('',(4.319689898686,4.928014622673));
#3224 = CARTESIAN_POINT('',(4.712388980385,5.091638491318));
#3225 = ( GEOMETRIC_REPRESENTATION_CONTEXT(2) 
PARAMETRIC_REPRESENTATION_CONTEXT() REPRESENTATION_CONTEXT('2D SPACE',''
  ) );
#3226 = ORIENTED_EDGE('',*,*,#3227,.T.);
#3227 = EDGE_CURVE('',#3192,#3127,#3228,.T.);
#3228 = SURFACE_CURVE('',#3229,(#3234,#3246),.PCURVE_S1.);
#3229 = ELLIPSE('',#3230,4.7806919763,4.7625);
#3230 = AXIS2_PLACEMENT_3D('',#3231,#3232,#3233);
#3231 = CARTESIAN_POINT('',(-9.990408386543,180.83157854684,
    1.740327774012E-30));
#3232 = DIRECTION('',(0.939692620786,-0.342020143326,0.));
#3233 = DIRECTION('',(-0.342020143326,-0.939692620786,0.));
#3234 = PCURVE('',#2874,#3235);
#3235 = DEFINITIONAL_REPRESENTATION('',(#3236),#3245);
#3236 = B_SPLINE_CURVE_WITH_KNOTS('',7,(#3237,#3238,#3239,#3240,#3241,
    #3242,#3243,#3244),.UNSPECIFIED.,.F.,.F.,(8,8),(4.712388980385,
    6.28318530718),.PIECEWISE_BEZIER_KNOTS.);
#3237 = CARTESIAN_POINT('',(4.712388980385,2.13162820728E-14));
#3238 = CARTESIAN_POINT('',(4.936788455641,-9.349935351129E-02));
#3239 = CARTESIAN_POINT('',(5.161187930897,-0.18699832736));
#3240 = CARTESIAN_POINT('',(5.385587406154,-0.272809929049));
#3241 = CARTESIAN_POINT('',(5.60998688141,-0.343232806322));
#3242 = CARTESIAN_POINT('',(5.834386356667,-0.392186258466));
#3243 = CARTESIAN_POINT('',(6.058785831923,-0.416664760042));
#3244 = CARTESIAN_POINT('',(6.28318530718,-0.416664760042));
#3245 = ( GEOMETRIC_REPRESENTATION_CONTEXT(2) 
PARAMETRIC_REPRESENTATION_CONTEXT() REPRESENTATION_CONTEXT('2D SPACE',''
  ) );
#3246 = PCURVE('',#3174,#3247);
#3247 = DEFINITIONAL_REPRESENTATION('',(#3248),#3257);
#3248 = B_SPLINE_CURVE_WITH_KNOTS('',7,(#3249,#3250,#3251,#3252,#3253,
    #3254,#3255,#3256),.UNSPECIFIED.,.F.,.F.,(8,8),(4.712388980385,
    6.28318530718),.PIECEWISE_BEZIER_KNOTS.);
#3249 = CARTESIAN_POINT('',(4.712388980385,5.091638491318));
#3250 = CARTESIAN_POINT('',(4.936788455641,5.18513784483));
#3251 = CARTESIAN_POINT('',(5.161187930898,5.278636818678));
#3252 = CARTESIAN_POINT('',(5.385587406153,5.364448420369));
#3253 = CARTESIAN_POINT('',(5.609986881412,5.434871297639));
#3254 = CARTESIAN_POINT('',(5.834386356666,5.483824749785));
#3255 = CARTESIAN_POINT('',(6.058785831923,5.50830325136));
#3256 = CARTESIAN_POINT('',(6.28318530718,5.50830325136));
#3257 = ( GEOMETRIC_REPRESENTATION_CONTEXT(2) 
PARAMETRIC_REPRESENTATION_CONTEXT() REPRESENTATION_CONTEXT('2D SPACE',''
  ) );
#3258 = ADVANCED_FACE('',(#3259),#3030,.T.);
#3259 = FACE_BOUND('',#3260,.T.);
#3260 = EDGE_LOOP('',(#3261,#3283,#3322,#3358,#3390,#3391,#3392,#3393));
#3261 = ORIENTED_EDGE('',*,*,#3262,.T.);
#3262 = EDGE_CURVE('',#2987,#3263,#3265,.T.);
#3263 = VERTEX_POINT('',#3264);
#3264 = CARTESIAN_POINT('',(-16.99534598815,237.71680274368,
    5.832380380939E-16));
#3265 = SEAM_CURVE('',#3266,(#3270,#3276),.PCURVE_S1.);
#3266 = LINE('',#3267,#3268);
#3267 = CARTESIAN_POINT('',(-12.00312785808,240.04471228891,
    5.832380380939E-16));
#3268 = VECTOR('',#3269,1.);
#3269 = DIRECTION('',(-0.906307787037,-0.422618261741,0.));
#3270 = PCURVE('',#3030,#3271);
#3271 = DEFINITIONAL_REPRESENTATION('',(#3272),#3275);
#3272 = B_SPLINE_CURVE_WITH_KNOTS('',1,(#3273,#3274),.UNSPECIFIED.,.F.,
  .F.,(2,2),(-2.30092028444,7.392558775758),.PIECEWISE_BEZIER_KNOTS.);
#3273 = CARTESIAN_POINT('',(6.28318530718,-2.30092028444));
#3274 = CARTESIAN_POINT('',(6.28318530718,7.392558775758));
#3275 = ( GEOMETRIC_REPRESENTATION_CONTEXT(2) 
PARAMETRIC_REPRESENTATION_CONTEXT() REPRESENTATION_CONTEXT('2D SPACE',''
  ) );
#3276 = PCURVE('',#3030,#3277);
#3277 = DEFINITIONAL_REPRESENTATION('',(#3278),#3282);
#3278 = LINE('',#3279,#3280);
#3279 = CARTESIAN_POINT('',(0.,0.));
#3280 = VECTOR('',#3281,1.);
#3281 = DIRECTION('',(0.,1.));
#3282 = ( GEOMETRIC_REPRESENTATION_CONTEXT(2) 
PARAMETRIC_REPRESENTATION_CONTEXT() REPRESENTATION_CONTEXT('2D SPACE',''
  ) );
#3283 = ORIENTED_EDGE('',*,*,#3284,.F.);
#3284 = EDGE_CURVE('',#3285,#3263,#3287,.T.);
#3285 = VERTEX_POINT('',#3286);
#3286 = CARTESIAN_POINT('',(-14.605,233.57660204454,4.7625));
#3287 = SURFACE_CURVE('',#3288,(#3293,#3305),.PCURVE_S1.);
#3288 = ELLIPSE('',#3289,4.7806919763,4.7625);
#3289 = AXIS2_PLACEMENT_3D('',#3290,#3291,#3292);
#3290 = CARTESIAN_POINT('',(-14.605,233.57660204454,1.740327774012E-30)
  );
#3291 = DIRECTION('',(-0.866025403784,-0.5,0.));
#3292 = DIRECTION('',(-0.5,0.866025403784,0.));
#3293 = PCURVE('',#3030,#3294);
#3294 = DEFINITIONAL_REPRESENTATION('',(#3295),#3304);
#3295 = B_SPLINE_CURVE_WITH_KNOTS('',7,(#3296,#3297,#3298,#3299,#3300,
    #3301,#3302,#3303),.UNSPECIFIED.,.F.,.F.,(8,8),(4.712388980385,
    6.28318530718),.PIECEWISE_BEZIER_KNOTS.);
#3296 = CARTESIAN_POINT('',(4.712388980385,5.091638491318));
#3297 = CARTESIAN_POINT('',(4.936788455641,5.185137844829));
#3298 = CARTESIAN_POINT('',(5.161187930898,5.278636818678));
#3299 = CARTESIAN_POINT('',(5.385587406153,5.364448420368));
#3300 = CARTESIAN_POINT('',(5.609986881413,5.434871297639));
#3301 = CARTESIAN_POINT('',(5.834386356666,5.483824749785));
#3302 = CARTESIAN_POINT('',(6.058785831923,5.50830325136));
#3303 = CARTESIAN_POINT('',(6.28318530718,5.50830325136));
#3304 = ( GEOMETRIC_REPRESENTATION_CONTEXT(2) 
PARAMETRIC_REPRESENTATION_CONTEXT() REPRESENTATION_CONTEXT('2D SPACE',''
  ) );
#3305 = PCURVE('',#3306,#3311);
#3306 = CYLINDRICAL_SURFACE('',#3307,4.7625);
#3307 = AXIS2_PLACEMENT_3D('',#3308,#3309,#3310);
#3308 = CARTESIAN_POINT('',(-14.605,233.57660204454,1.740327774012E-30)
  );
#3309 = DIRECTION('',(-0.819152044289,-0.573576436351,0.));
#3310 = DIRECTION('',(-0.573576436351,0.819152044289,1.224646799147E-16)
  );
#3311 = DEFINITIONAL_REPRESENTATION('',(#3312),#3321);
#3312 = B_SPLINE_CURVE_WITH_KNOTS('',7,(#3313,#3314,#3315,#3316,#3317,
    #3318,#3319,#3320),.UNSPECIFIED.,.F.,.F.,(8,8),(4.712388980385,
    6.28318530718),.PIECEWISE_BEZIER_KNOTS.);
#3313 = CARTESIAN_POINT('',(4.712388980385,-1.42108547152E-14));
#3314 = CARTESIAN_POINT('',(4.936788455641,-9.349935351132E-02));
#3315 = CARTESIAN_POINT('',(5.161187930897,-0.18699832736));
#3316 = CARTESIAN_POINT('',(5.385587406155,-0.272809929049));
#3317 = CARTESIAN_POINT('',(5.60998688141,-0.343232806322));
#3318 = CARTESIAN_POINT('',(5.834386356667,-0.392186258466));
#3319 = CARTESIAN_POINT('',(6.058785831923,-0.416664760042));
#3320 = CARTESIAN_POINT('',(6.28318530718,-0.416664760042));
#3321 = ( GEOMETRIC_REPRESENTATION_CONTEXT(2) 
PARAMETRIC_REPRESENTATION_CONTEXT() REPRESENTATION_CONTEXT('2D SPACE',''
  ) );
#3322 = ORIENTED_EDGE('',*,*,#3323,.F.);
#3323 = EDGE_CURVE('',#3324,#3285,#3326,.T.);
#3324 = VERTEX_POINT('',#3325);
#3325 = CARTESIAN_POINT('',(-14.605,233.57660204454,-4.7625));
#3326 = SURFACE_CURVE('',#3327,(#3332,#3345),.PCURVE_S1.);
#3327 = ELLIPSE('',#3328,4.7806919763,4.7625);
#3328 = AXIS2_PLACEMENT_3D('',#3329,#3330,#3331);
#3329 = CARTESIAN_POINT('',(-14.605,233.57660204454,1.740327774012E-30)
  );
#3330 = DIRECTION('',(-0.866025403784,-0.5,0.));
#3331 = DIRECTION('',(-0.5,0.866025403784,0.));
#3332 = PCURVE('',#3030,#3333);
#3333 = DEFINITIONAL_REPRESENTATION('',(#3334),#3344);
#3334 = B_SPLINE_CURVE_WITH_KNOTS('',8,(#3335,#3336,#3337,#3338,#3339,
    #3340,#3341,#3342,#3343),.UNSPECIFIED.,.F.,.F.,(9,9),(1.570796326795
    ,4.712388980385),.PIECEWISE_BEZIER_KNOTS.);
#3335 = CARTESIAN_POINT('',(1.570796326795,5.091638491318));
#3336 = CARTESIAN_POINT('',(1.963495408494,4.928014622673));
#3337 = CARTESIAN_POINT('',(2.35619449019,4.764389449372));
#3338 = CARTESIAN_POINT('',(2.748893571897,4.639228341959));
#3339 = CARTESIAN_POINT('',(3.141592653576,4.59089138842));
#3340 = CARTESIAN_POINT('',(3.534291735292,4.639228341961));
#3341 = CARTESIAN_POINT('',(3.926990816984,4.764389449372));
#3342 = CARTESIAN_POINT('',(4.319689898686,4.928014622673));
#3343 = CARTESIAN_POINT('',(4.712388980385,5.091638491318));
#3344 = ( GEOMETRIC_REPRESENTATION_CONTEXT(2) 
PARAMETRIC_REPRESENTATION_CONTEXT() REPRESENTATION_CONTEXT('2D SPACE',''
  ) );
#3345 = PCURVE('',#3306,#3346);
#3346 = DEFINITIONAL_REPRESENTATION('',(#3347),#3357);
#3347 = B_SPLINE_CURVE_WITH_KNOTS('',8,(#3348,#3349,#3350,#3351,#3352,
    #3353,#3354,#3355,#3356),.UNSPECIFIED.,.F.,.F.,(9,9),(1.570796326795
    ,4.712388980385),.PIECEWISE_BEZIER_KNOTS.);
#3348 = CARTESIAN_POINT('',(1.570796326795,-1.42108547152E-14));
#3349 = CARTESIAN_POINT('',(1.963495408494,0.163623868645));
#3350 = CARTESIAN_POINT('',(2.35619449019,0.327249041946));
#3351 = CARTESIAN_POINT('',(2.748893571894,0.452410149347));
#3352 = CARTESIAN_POINT('',(3.141592653583,0.500747102912));
#3353 = CARTESIAN_POINT('',(3.534291735292,0.452410149347));
#3354 = CARTESIAN_POINT('',(3.926990816984,0.327249041946));
#3355 = CARTESIAN_POINT('',(4.319689898686,0.163623868645));
#3356 = CARTESIAN_POINT('',(4.712388980385,-1.42108547152E-14));
#3357 = ( GEOMETRIC_REPRESENTATION_CONTEXT(2) 
PARAMETRIC_REPRESENTATION_CONTEXT() REPRESENTATION_CONTEXT('2D SPACE',''
  ) );
#3358 = ORIENTED_EDGE('',*,*,#3359,.F.);
#3359 = EDGE_CURVE('',#3263,#3324,#3360,.T.);
#3360 = SURFACE_CURVE('',#3361,(#3366,#3378),.PCURVE_S1.);
#3361 = ELLIPSE('',#3362,4.7806919763,4.7625);
#3362 = AXIS2_PLACEMENT_3D('',#3363,#3364,#3365);
#3363 = CARTESIAN_POINT('',(-14.605,233.57660204454,1.740327774012E-30)
  );
#3364 = DIRECTION('',(-0.866025403784,-0.5,0.));
#3365 = DIRECTION('',(-0.5,0.866025403784,0.));
#3366 = PCURVE('',#3030,#3367);
#3367 = DEFINITIONAL_REPRESENTATION('',(#3368),#3377);
#3368 = B_SPLINE_CURVE_WITH_KNOTS('',7,(#3369,#3370,#3371,#3372,#3373,
    #3374,#3375,#3376),.UNSPECIFIED.,.F.,.F.,(8,8),(0.,1.570796326795),
  .PIECEWISE_BEZIER_KNOTS.);
#3369 = CARTESIAN_POINT('',(1.224646799147E-16,5.50830325136));
#3370 = CARTESIAN_POINT('',(0.224399475256,5.50830325136));
#3371 = CARTESIAN_POINT('',(0.448798950513,5.483824749784));
#3372 = CARTESIAN_POINT('',(0.673198425769,5.434871297641));
#3373 = CARTESIAN_POINT('',(0.897597901026,5.364448420367));
#3374 = CARTESIAN_POINT('',(1.121997376282,5.278636818679));
#3375 = CARTESIAN_POINT('',(1.346396851538,5.185137844829));
#3376 = CARTESIAN_POINT('',(1.570796326795,5.091638491318));
#3377 = ( GEOMETRIC_REPRESENTATION_CONTEXT(2) 
PARAMETRIC_REPRESENTATION_CONTEXT() REPRESENTATION_CONTEXT('2D SPACE',''
  ) );
#3378 = PCURVE('',#3306,#3379);
#3379 = DEFINITIONAL_REPRESENTATION('',(#3380),#3389);
#3380 = B_SPLINE_CURVE_WITH_KNOTS('',7,(#3381,#3382,#3383,#3384,#3385,
    #3386,#3387,#3388),.UNSPECIFIED.,.F.,.F.,(8,8),(0.,1.570796326795),
  .PIECEWISE_BEZIER_KNOTS.);
#3381 = CARTESIAN_POINT('',(1.224646799147E-16,-0.416664760042));
#3382 = CARTESIAN_POINT('',(0.224399475256,-0.416664760042));
#3383 = CARTESIAN_POINT('',(0.448798950513,-0.392186258466));
#3384 = CARTESIAN_POINT('',(0.673198425769,-0.343232806322));
#3385 = CARTESIAN_POINT('',(0.897597901026,-0.272809929049));
#3386 = CARTESIAN_POINT('',(1.121997376282,-0.18699832736));
#3387 = CARTESIAN_POINT('',(1.346396851538,-9.349935351132E-02));
#3388 = CARTESIAN_POINT('',(1.570796326795,-1.42108547152E-14));
#3389 = ( GEOMETRIC_REPRESENTATION_CONTEXT(2) 
PARAMETRIC_REPRESENTATION_CONTEXT() REPRESENTATION_CONTEXT('2D SPACE',''
  ) );
#3390 = ORIENTED_EDGE('',*,*,#3262,.F.);
#3391 = ORIENTED_EDGE('',*,*,#3083,.T.);
#3392 = ORIENTED_EDGE('',*,*,#3047,.T.);
#3393 = ORIENTED_EDGE('',*,*,#3008,.T.);
#3394 = ADVANCED_FACE('',(#3395),#3174,.T.);
#3395 = FACE_BOUND('',#3396,.T.);
#3396 = EDGE_LOOP('',(#3397,#3419,#3420,#3421,#3422,#3423,#3462,#3498));
#3397 = ORIENTED_EDGE('',*,*,#3398,.T.);
#3398 = EDGE_CURVE('',#3399,#3127,#3401,.T.);
#3399 = VERTEX_POINT('',#3400);
#3400 = CARTESIAN_POINT('',(-16.99534598815,178.84319725631,
    5.832380380939E-16));
#3401 = SEAM_CURVE('',#3402,(#3406,#3412),.PCURVE_S1.);
#3402 = LINE('',#3403,#3404);
#3403 = CARTESIAN_POINT('',(-16.61771947154,178.66710711969,
    5.832380380939E-16));
#3404 = VECTOR('',#3405,1.);
#3405 = DIRECTION('',(0.906307787037,-0.422618261741,0.));
#3406 = PCURVE('',#3174,#3407);
#3407 = DEFINITIONAL_REPRESENTATION('',(#3408),#3411);
#3408 = B_SPLINE_CURVE_WITH_KNOTS('',1,(#3409,#3410),.UNSPECIFIED.,.F.,
  .F.,(2,2),(-2.30092028444,7.392558775758),.PIECEWISE_BEZIER_KNOTS.);
#3409 = CARTESIAN_POINT('',(6.28318530718,-2.30092028444));
#3410 = CARTESIAN_POINT('',(6.28318530718,7.392558775758));
#3411 = ( GEOMETRIC_REPRESENTATION_CONTEXT(2) 
PARAMETRIC_REPRESENTATION_CONTEXT() REPRESENTATION_CONTEXT('2D SPACE',''
  ) );
#3412 = PCURVE('',#3174,#3413);
#3413 = DEFINITIONAL_REPRESENTATION('',(#3414),#3418);
#3414 = LINE('',#3415,#3416);
#3415 = CARTESIAN_POINT('',(0.,0.));
#3416 = VECTOR('',#3417,1.);
#3417 = DIRECTION('',(0.,1.));
#3418 = ( GEOMETRIC_REPRESENTATION_CONTEXT(2) 
PARAMETRIC_REPRESENTATION_CONTEXT() REPRESENTATION_CONTEXT('2D SPACE',''
  ) );
#3419 = ORIENTED_EDGE('',*,*,#3227,.F.);
#3420 = ORIENTED_EDGE('',*,*,#3191,.F.);
#3421 = ORIENTED_EDGE('',*,*,#3152,.F.);
#3422 = ORIENTED_EDGE('',*,*,#3398,.F.);
#3423 = ORIENTED_EDGE('',*,*,#3424,.T.);
#3424 = EDGE_CURVE('',#3399,#3425,#3427,.T.);
#3425 = VERTEX_POINT('',#3426);
#3426 = CARTESIAN_POINT('',(-14.605,182.98339795545,-4.7625));
#3427 = SURFACE_CURVE('',#3428,(#3433,#3445),.PCURVE_S1.);
#3428 = ELLIPSE('',#3429,4.7806919763,4.7625);
#3429 = AXIS2_PLACEMENT_3D('',#3430,#3431,#3432);
#3430 = CARTESIAN_POINT('',(-14.605,182.98339795545,1.740327774012E-30)
  );
#3431 = DIRECTION('',(0.866025403784,-0.5,0.));
#3432 = DIRECTION('',(-0.5,-0.866025403784,0.));
#3433 = PCURVE('',#3174,#3434);
#3434 = DEFINITIONAL_REPRESENTATION('',(#3435),#3444);
#3435 = B_SPLINE_CURVE_WITH_KNOTS('',7,(#3436,#3437,#3438,#3439,#3440,
    #3441,#3442,#3443),.UNSPECIFIED.,.F.,.F.,(8,8),(0.,1.570796326795),
  .PIECEWISE_BEZIER_KNOTS.);
#3436 = CARTESIAN_POINT('',(1.224646799147E-16,-0.416664760043));
#3437 = CARTESIAN_POINT('',(0.224399475256,-0.416664760043));
#3438 = CARTESIAN_POINT('',(0.448798950513,-0.392186258467));
#3439 = CARTESIAN_POINT('',(0.673198425769,-0.343232806322));
#3440 = CARTESIAN_POINT('',(0.897597901026,-0.27280992905));
#3441 = CARTESIAN_POINT('',(1.121997376282,-0.186998327361));
#3442 = CARTESIAN_POINT('',(1.346396851538,-9.349935351165E-02));
#3443 = CARTESIAN_POINT('',(1.570796326795,-3.268496584496E-13));
#3444 = ( GEOMETRIC_REPRESENTATION_CONTEXT(2) 
PARAMETRIC_REPRESENTATION_CONTEXT() REPRESENTATION_CONTEXT('2D SPACE',''
  ) );
#3445 = PCURVE('',#3446,#3451);
#3446 = CYLINDRICAL_SURFACE('',#3447,4.7625);
#3447 = AXIS2_PLACEMENT_3D('',#3448,#3449,#3450);
#3448 = CARTESIAN_POINT('',(-18.77582607894,185.90384181649,
    1.740327774012E-30));
#3449 = DIRECTION('',(0.819152044289,-0.573576436351,0.));
#3450 = DIRECTION('',(-0.573576436351,-0.819152044289,1.224646799147E-16
    ));
#3451 = DEFINITIONAL_REPRESENTATION('',(#3452),#3461);
#3452 = B_SPLINE_CURVE_WITH_KNOTS('',7,(#3453,#3454,#3455,#3456,#3457,
    #3458,#3459,#3460),.UNSPECIFIED.,.F.,.F.,(8,8),(0.,1.570796326795),
  .PIECEWISE_BEZIER_KNOTS.);
#3453 = CARTESIAN_POINT('',(1.224646799147E-16,5.50830325136));
#3454 = CARTESIAN_POINT('',(0.224399475256,5.50830325136));
#3455 = CARTESIAN_POINT('',(0.448798950513,5.483824749783));
#3456 = CARTESIAN_POINT('',(0.673198425769,5.434871297642));
#3457 = CARTESIAN_POINT('',(0.897597901026,5.364448420365));
#3458 = CARTESIAN_POINT('',(1.121997376282,5.278636818679));
#3459 = CARTESIAN_POINT('',(1.346396851538,5.185137844829));
#3460 = CARTESIAN_POINT('',(1.570796326795,5.091638491318));
#3461 = ( GEOMETRIC_REPRESENTATION_CONTEXT(2) 
PARAMETRIC_REPRESENTATION_CONTEXT() REPRESENTATION_CONTEXT('2D SPACE',''
  ) );
#3462 = ORIENTED_EDGE('',*,*,#3463,.T.);
#3463 = EDGE_CURVE('',#3425,#3464,#3466,.T.);
#3464 = VERTEX_POINT('',#3465);
#3465 = CARTESIAN_POINT('',(-14.605,182.98339795545,4.7625));
#3466 = SURFACE_CURVE('',#3467,(#3472,#3485),.PCURVE_S1.);
#3467 = ELLIPSE('',#3468,4.7806919763,4.7625);
#3468 = AXIS2_PLACEMENT_3D('',#3469,#3470,#3471);
#3469 = CARTESIAN_POINT('',(-14.605,182.98339795545,1.740327774012E-30)
  );
#3470 = DIRECTION('',(0.866025403784,-0.5,0.));
#3471 = DIRECTION('',(-0.5,-0.866025403784,0.));
#3472 = PCURVE('',#3174,#3473);
#3473 = DEFINITIONAL_REPRESENTATION('',(#3474),#3484);
#3474 = B_SPLINE_CURVE_WITH_KNOTS('',8,(#3475,#3476,#3477,#3478,#3479,
    #3480,#3481,#3482,#3483),.UNSPECIFIED.,.F.,.F.,(9,9),(1.570796326795
    ,4.712388980385),.PIECEWISE_BEZIER_KNOTS.);
#3475 = CARTESIAN_POINT('',(1.570796326795,-3.268496584496E-13));
#3476 = CARTESIAN_POINT('',(1.963495408494,0.163623868644));
#3477 = CARTESIAN_POINT('',(2.356194490191,0.327249041947));
#3478 = CARTESIAN_POINT('',(2.748893571893,0.452410149346));
#3479 = CARTESIAN_POINT('',(3.141592653581,0.500747102914));
#3480 = CARTESIAN_POINT('',(3.534291735289,0.452410149346));
#3481 = CARTESIAN_POINT('',(3.926990816985,0.327249041947));
#3482 = CARTESIAN_POINT('',(4.319689898686,0.163623868644));
#3483 = CARTESIAN_POINT('',(4.712388980385,-3.268496584496E-13));
#3484 = ( GEOMETRIC_REPRESENTATION_CONTEXT(2) 
PARAMETRIC_REPRESENTATION_CONTEXT() REPRESENTATION_CONTEXT('2D SPACE',''
  ) );
#3485 = PCURVE('',#3446,#3486);
#3486 = DEFINITIONAL_REPRESENTATION('',(#3487),#3497);
#3487 = B_SPLINE_CURVE_WITH_KNOTS('',8,(#3488,#3489,#3490,#3491,#3492,
    #3493,#3494,#3495,#3496),.UNSPECIFIED.,.F.,.F.,(9,9),(1.570796326795
    ,4.712388980385),.PIECEWISE_BEZIER_KNOTS.);
#3488 = CARTESIAN_POINT('',(1.570796326795,5.091638491318));
#3489 = CARTESIAN_POINT('',(1.963495408494,4.928014622673));
#3490 = CARTESIAN_POINT('',(2.356194490189,4.764389449369));
#3491 = CARTESIAN_POINT('',(2.748893571892,4.639228341962));
#3492 = CARTESIAN_POINT('',(3.141592653576,4.5908913884));
#3493 = CARTESIAN_POINT('',(3.534291735295,4.639228341962));
#3494 = CARTESIAN_POINT('',(3.926990816983,4.764389449369));
#3495 = CARTESIAN_POINT('',(4.319689898686,4.928014622673));
#3496 = CARTESIAN_POINT('',(4.712388980385,5.091638491318));
#3497 = ( GEOMETRIC_REPRESENTATION_CONTEXT(2) 
PARAMETRIC_REPRESENTATION_CONTEXT() REPRESENTATION_CONTEXT('2D SPACE',''
  ) );
#3498 = ORIENTED_EDGE('',*,*,#3499,.T.);
#3499 = EDGE_CURVE('',#3464,#3399,#3500,.T.);
#3500 = SURFACE_CURVE('',#3501,(#3506,#3518),.PCURVE_S1.);
#3501 = ELLIPSE('',#3502,4.7806919763,4.7625);
#3502 = AXIS2_PLACEMENT_3D('',#3503,#3504,#3505);
#3503 = CARTESIAN_POINT('',(-14.605,182.98339795545,1.740327774012E-30)
  );
#3504 = DIRECTION('',(0.866025403784,-0.5,0.));
#3505 = DIRECTION('',(-0.5,-0.866025403784,0.));
#3506 = PCURVE('',#3174,#3507);
#3507 = DEFINITIONAL_REPRESENTATION('',(#3508),#3517);
#3508 = B_SPLINE_CURVE_WITH_KNOTS('',7,(#3509,#3510,#3511,#3512,#3513,
    #3514,#3515,#3516),.UNSPECIFIED.,.F.,.F.,(8,8),(4.712388980385,
    6.28318530718),.PIECEWISE_BEZIER_KNOTS.);
#3509 = CARTESIAN_POINT('',(4.712388980385,-3.268496584496E-13));
#3510 = CARTESIAN_POINT('',(4.936788455641,-9.349935351165E-02));
#3511 = CARTESIAN_POINT('',(5.161187930897,-0.186998327361));
#3512 = CARTESIAN_POINT('',(5.385587406155,-0.27280992905));
#3513 = CARTESIAN_POINT('',(5.609986881409,-0.343232806322));
#3514 = CARTESIAN_POINT('',(5.834386356667,-0.392186258467));
#3515 = CARTESIAN_POINT('',(6.058785831923,-0.416664760043));
#3516 = CARTESIAN_POINT('',(6.28318530718,-0.416664760043));
#3517 = ( GEOMETRIC_REPRESENTATION_CONTEXT(2) 
PARAMETRIC_REPRESENTATION_CONTEXT() REPRESENTATION_CONTEXT('2D SPACE',''
  ) );
#3518 = PCURVE('',#3446,#3519);
#3519 = DEFINITIONAL_REPRESENTATION('',(#3520),#3529);
#3520 = B_SPLINE_CURVE_WITH_KNOTS('',7,(#3521,#3522,#3523,#3524,#3525,
    #3526,#3527,#3528),.UNSPECIFIED.,.F.,.F.,(8,8),(4.712388980385,
    6.28318530718),.PIECEWISE_BEZIER_KNOTS.);
#3521 = CARTESIAN_POINT('',(4.712388980385,5.091638491318));
#3522 = CARTESIAN_POINT('',(4.936788455641,5.185137844829));
#3523 = CARTESIAN_POINT('',(5.161187930897,5.27863681868));
#3524 = CARTESIAN_POINT('',(5.385587406156,5.364448420364));
#3525 = CARTESIAN_POINT('',(5.609986881409,5.434871297643));
#3526 = CARTESIAN_POINT('',(5.834386356667,5.483824749783));
#3527 = CARTESIAN_POINT('',(6.058785831923,5.50830325136));
#3528 = CARTESIAN_POINT('',(6.28318530718,5.50830325136));
#3529 = ( GEOMETRIC_REPRESENTATION_CONTEXT(2) 
PARAMETRIC_REPRESENTATION_CONTEXT() REPRESENTATION_CONTEXT('2D SPACE',''
  ) );
#3530 = ADVANCED_FACE('',(#3531),#3306,.T.);
#3531 = FACE_BOUND('',#3532,.T.);
#3532 = EDGE_LOOP('',(#3533,#3555,#3594,#3630,#3662,#3663,#3664,#3665));
#3533 = ORIENTED_EDGE('',*,*,#3534,.T.);
#3534 = EDGE_CURVE('',#3263,#3535,#3537,.T.);
#3535 = VERTEX_POINT('',#3536);
#3536 = CARTESIAN_POINT('',(-21.84879564703,234.31838070621,
    5.832380380939E-16));
#3537 = SEAM_CURVE('',#3538,(#3542,#3548),.PCURVE_S1.);
#3538 = LINE('',#3539,#3540);
#3539 = CARTESIAN_POINT('',(-17.33665777812,237.47781365547,
    5.832380380939E-16));
#3540 = VECTOR('',#3541,1.);
#3541 = DIRECTION('',(-0.819152044289,-0.573576436351,0.));
#3542 = PCURVE('',#3306,#3543);
#3543 = DEFINITIONAL_REPRESENTATION('',(#3544),#3547);
#3544 = B_SPLINE_CURVE_WITH_KNOTS('',1,(#3545,#3546),.UNSPECIFIED.,.F.,
  .F.,(2,2),(-2.30092028444,7.392558775758),.PIECEWISE_BEZIER_KNOTS.);
#3545 = CARTESIAN_POINT('',(6.28318530718,-2.30092028444));
#3546 = CARTESIAN_POINT('',(6.28318530718,7.392558775758));
#3547 = ( GEOMETRIC_REPRESENTATION_CONTEXT(2) 
PARAMETRIC_REPRESENTATION_CONTEXT() REPRESENTATION_CONTEXT('2D SPACE',''
  ) );
#3548 = PCURVE('',#3306,#3549);
#3549 = DEFINITIONAL_REPRESENTATION('',(#3550),#3554);
#3550 = LINE('',#3551,#3552);
#3551 = CARTESIAN_POINT('',(0.,0.));
#3552 = VECTOR('',#3553,1.);
#3553 = DIRECTION('',(0.,1.));
#3554 = ( GEOMETRIC_REPRESENTATION_CONTEXT(2) 
PARAMETRIC_REPRESENTATION_CONTEXT() REPRESENTATION_CONTEXT('2D SPACE',''
  ) );
#3555 = ORIENTED_EDGE('',*,*,#3556,.F.);
#3556 = EDGE_CURVE('',#3557,#3535,#3559,.T.);
#3557 = VERTEX_POINT('',#3558);
#3558 = CARTESIAN_POINT('',(-18.77582607894,230.6561581835,4.7625));
#3559 = SURFACE_CURVE('',#3560,(#3565,#3577),.PCURVE_S1.);
#3560 = ELLIPSE('',#3561,4.7806919763,4.7625);
#3561 = AXIS2_PLACEMENT_3D('',#3562,#3563,#3564);
#3562 = CARTESIAN_POINT('',(-18.77582607894,230.6561581835,
    1.740327774012E-30));
#3563 = DIRECTION('',(-0.766044443119,-0.642787609687,0.));
#3564 = DIRECTION('',(-0.642787609687,0.766044443119,0.));
#3565 = PCURVE('',#3306,#3566);
#3566 = DEFINITIONAL_REPRESENTATION('',(#3567),#3576);
#3567 = B_SPLINE_CURVE_WITH_KNOTS('',7,(#3568,#3569,#3570,#3571,#3572,
    #3573,#3574,#3575),.UNSPECIFIED.,.F.,.F.,(8,8),(4.712388980385,
    6.28318530718),.PIECEWISE_BEZIER_KNOTS.);
#3568 = CARTESIAN_POINT('',(4.712388980385,5.091638491318));
#3569 = CARTESIAN_POINT('',(4.936788455641,5.185137844829));
#3570 = CARTESIAN_POINT('',(5.161187930899,5.278636818678));
#3571 = CARTESIAN_POINT('',(5.385587406152,5.364448420369));
#3572 = CARTESIAN_POINT('',(5.609986881413,5.434871297638));
#3573 = CARTESIAN_POINT('',(5.834386356666,5.483824749785));
#3574 = CARTESIAN_POINT('',(6.058785831923,5.50830325136));
#3575 = CARTESIAN_POINT('',(6.28318530718,5.50830325136));
#3576 = ( GEOMETRIC_REPRESENTATION_CONTEXT(2) 
PARAMETRIC_REPRESENTATION_CONTEXT() REPRESENTATION_CONTEXT('2D SPACE',''
  ) );
#3577 = PCURVE('',#3578,#3583);
#3578 = CYLINDRICAL_SURFACE('',#3579,4.7625);
#3579 = AXIS2_PLACEMENT_3D('',#3580,#3581,#3582);
#3580 = CARTESIAN_POINT('',(-18.77582607894,230.6561581835,
    1.740327774012E-30));
#3581 = DIRECTION('',(-0.707106781187,-0.707106781187,0.));
#3582 = DIRECTION('',(-0.707106781187,0.707106781187,1.224646799147E-16)
  );
#3583 = DEFINITIONAL_REPRESENTATION('',(#3584),#3593);
#3584 = B_SPLINE_CURVE_WITH_KNOTS('',7,(#3585,#3586,#3587,#3588,#3589,
    #3590,#3591,#3592),.UNSPECIFIED.,.F.,.F.,(8,8),(4.712388980385,
    6.28318530718),.PIECEWISE_BEZIER_KNOTS.);
#3585 = CARTESIAN_POINT('',(4.712388980385,-2.84217094304E-13));
#3586 = CARTESIAN_POINT('',(4.936788455641,-9.34993535116E-02));
#3587 = CARTESIAN_POINT('',(5.161187930898,-0.186998327361));
#3588 = CARTESIAN_POINT('',(5.385587406154,-0.272809929049));
#3589 = CARTESIAN_POINT('',(5.609986881411,-0.343232806322));
#3590 = CARTESIAN_POINT('',(5.834386356667,-0.392186258467));
#3591 = CARTESIAN_POINT('',(6.058785831923,-0.416664760043));
#3592 = CARTESIAN_POINT('',(6.28318530718,-0.416664760043));
#3593 = ( GEOMETRIC_REPRESENTATION_CONTEXT(2) 
PARAMETRIC_REPRESENTATION_CONTEXT() REPRESENTATION_CONTEXT('2D SPACE',''
  ) );
#3594 = ORIENTED_EDGE('',*,*,#3595,.F.);
#3595 = EDGE_CURVE('',#3596,#3557,#3598,.T.);
#3596 = VERTEX_POINT('',#3597);
#3597 = CARTESIAN_POINT('',(-18.77582607894,230.6561581835,-4.7625));
#3598 = SURFACE_CURVE('',#3599,(#3604,#3617),.PCURVE_S1.);
#3599 = ELLIPSE('',#3600,4.7806919763,4.7625);
#3600 = AXIS2_PLACEMENT_3D('',#3601,#3602,#3603);
#3601 = CARTESIAN_POINT('',(-18.77582607894,230.6561581835,
    1.740327774012E-30));
#3602 = DIRECTION('',(-0.766044443119,-0.642787609687,0.));
#3603 = DIRECTION('',(-0.642787609687,0.766044443119,0.));
#3604 = PCURVE('',#3306,#3605);
#3605 = DEFINITIONAL_REPRESENTATION('',(#3606),#3616);
#3606 = B_SPLINE_CURVE_WITH_KNOTS('',8,(#3607,#3608,#3609,#3610,#3611,
    #3612,#3613,#3614,#3615),.UNSPECIFIED.,.F.,.F.,(9,9),(1.570796326795
    ,4.712388980385),.PIECEWISE_BEZIER_KNOTS.);
#3607 = CARTESIAN_POINT('',(1.570796326795,5.091638491318));
#3608 = CARTESIAN_POINT('',(1.963495408494,4.928014622673));
#3609 = CARTESIAN_POINT('',(2.356194490187,4.764389449365));
#3610 = CARTESIAN_POINT('',(2.748893571902,4.639228341983));
#3611 = CARTESIAN_POINT('',(3.141592653559,4.590891388374));
#3612 = CARTESIAN_POINT('',(3.534291735301,4.639228341979));
#3613 = CARTESIAN_POINT('',(3.926990816983,4.764389449367));
#3614 = CARTESIAN_POINT('',(4.319689898686,4.928014622673));
#3615 = CARTESIAN_POINT('',(4.712388980385,5.091638491318));
#3616 = ( GEOMETRIC_REPRESENTATION_CONTEXT(2) 
PARAMETRIC_REPRESENTATION_CONTEXT() REPRESENTATION_CONTEXT('2D SPACE',''
  ) );
#3617 = PCURVE('',#3578,#3618);
#3618 = DEFINITIONAL_REPRESENTATION('',(#3619),#3629);
#3619 = B_SPLINE_CURVE_WITH_KNOTS('',8,(#3620,#3621,#3622,#3623,#3624,
    #3625,#3626,#3627,#3628),.UNSPECIFIED.,.F.,.F.,(9,9),(1.570796326795
    ,4.712388980385),.PIECEWISE_BEZIER_KNOTS.);
#3620 = CARTESIAN_POINT('',(1.570796326795,-2.84217094304E-13));
#3621 = CARTESIAN_POINT('',(1.963495408494,0.163623868645));
#3622 = CARTESIAN_POINT('',(2.356194490187,0.327249041947));
#3623 = CARTESIAN_POINT('',(2.748893571905,0.452410149346));
#3624 = CARTESIAN_POINT('',(3.141592653562,0.500747102914));
#3625 = CARTESIAN_POINT('',(3.534291735305,0.452410149346));
#3626 = CARTESIAN_POINT('',(3.926990816981,0.327249041947));
#3627 = CARTESIAN_POINT('',(4.319689898686,0.163623868645));
#3628 = CARTESIAN_POINT('',(4.712388980385,-2.84217094304E-13));
#3629 = ( GEOMETRIC_REPRESENTATION_CONTEXT(2) 
PARAMETRIC_REPRESENTATION_CONTEXT() REPRESENTATION_CONTEXT('2D SPACE',''
  ) );
#3630 = ORIENTED_EDGE('',*,*,#3631,.F.);
#3631 = EDGE_CURVE('',#3535,#3596,#3632,.T.);
#3632 = SURFACE_CURVE('',#3633,(#3638,#3650),.PCURVE_S1.);
#3633 = ELLIPSE('',#3634,4.7806919763,4.7625);
#3634 = AXIS2_PLACEMENT_3D('',#3635,#3636,#3637);
#3635 = CARTESIAN_POINT('',(-18.77582607894,230.6561581835,
    1.740327774012E-30));
#3636 = DIRECTION('',(-0.766044443119,-0.642787609687,0.));
#3637 = DIRECTION('',(-0.642787609687,0.766044443119,0.));
#3638 = PCURVE('',#3306,#3639);
#3639 = DEFINITIONAL_REPRESENTATION('',(#3640),#3649);
#3640 = B_SPLINE_CURVE_WITH_KNOTS('',7,(#3641,#3642,#3643,#3644,#3645,
    #3646,#3647,#3648),.UNSPECIFIED.,.F.,.F.,(8,8),(0.,1.570796326795),
  .PIECEWISE_BEZIER_KNOTS.);
#3641 = CARTESIAN_POINT('',(1.224646799147E-16,5.50830325136));
#3642 = CARTESIAN_POINT('',(0.224399475256,5.50830325136));
#3643 = CARTESIAN_POINT('',(0.448798950513,5.483824749785));
#3644 = CARTESIAN_POINT('',(0.673198425769,5.434871297638));
#3645 = CARTESIAN_POINT('',(0.897597901026,5.36444842037));
#3646 = CARTESIAN_POINT('',(1.121997376282,5.278636818677));
#3647 = CARTESIAN_POINT('',(1.346396851538,5.185137844829));
#3648 = CARTESIAN_POINT('',(1.570796326795,5.091638491318));
#3649 = ( GEOMETRIC_REPRESENTATION_CONTEXT(2) 
PARAMETRIC_REPRESENTATION_CONTEXT() REPRESENTATION_CONTEXT('2D SPACE',''
  ) );
#3650 = PCURVE('',#3578,#3651);
#3651 = DEFINITIONAL_REPRESENTATION('',(#3652),#3661);
#3652 = B_SPLINE_CURVE_WITH_KNOTS('',7,(#3653,#3654,#3655,#3656,#3657,
    #3658,#3659,#3660),.UNSPECIFIED.,.F.,.F.,(8,8),(0.,1.570796326795),
  .PIECEWISE_BEZIER_KNOTS.);
#3653 = CARTESIAN_POINT('',(1.224646799147E-16,-0.416664760043));
#3654 = CARTESIAN_POINT('',(0.224399475256,-0.416664760043));
#3655 = CARTESIAN_POINT('',(0.448798950513,-0.392186258467));
#3656 = CARTESIAN_POINT('',(0.673198425769,-0.343232806322));
#3657 = CARTESIAN_POINT('',(0.897597901026,-0.272809929049));
#3658 = CARTESIAN_POINT('',(1.121997376282,-0.186998327361));
#3659 = CARTESIAN_POINT('',(1.346396851538,-9.34993535116E-02));
#3660 = CARTESIAN_POINT('',(1.570796326795,-2.84217094304E-13));
#3661 = ( GEOMETRIC_REPRESENTATION_CONTEXT(2) 
PARAMETRIC_REPRESENTATION_CONTEXT() REPRESENTATION_CONTEXT('2D SPACE',''
  ) );
#3662 = ORIENTED_EDGE('',*,*,#3534,.F.);
#3663 = ORIENTED_EDGE('',*,*,#3359,.T.);
#3664 = ORIENTED_EDGE('',*,*,#3323,.T.);
#3665 = ORIENTED_EDGE('',*,*,#3284,.T.);
#3666 = ADVANCED_FACE('',(#3667),#3446,.T.);
#3667 = FACE_BOUND('',#3668,.T.);
#3668 = EDGE_LOOP('',(#3669,#3691,#3692,#3693,#3694,#3695,#3734,#3770));
#3669 = ORIENTED_EDGE('',*,*,#3670,.T.);
#3670 = EDGE_CURVE('',#3671,#3399,#3673,.T.);
#3671 = VERTEX_POINT('',#3672);
#3672 = CARTESIAN_POINT('',(-21.84879564703,182.24161929378,
    5.832380380939E-16));
#3673 = SEAM_CURVE('',#3674,(#3678,#3684),.PCURVE_S1.);
#3674 = LINE('',#3675,#3676);
#3675 = CARTESIAN_POINT('',(-21.50748385706,182.00263020556,
    5.832380380939E-16));
#3676 = VECTOR('',#3677,1.);
#3677 = DIRECTION('',(0.819152044289,-0.573576436351,0.));
#3678 = PCURVE('',#3446,#3679);
#3679 = DEFINITIONAL_REPRESENTATION('',(#3680),#3683);
#3680 = B_SPLINE_CURVE_WITH_KNOTS('',1,(#3681,#3682),.UNSPECIFIED.,.F.,
  .F.,(2,2),(-2.30092028444,7.392558775758),.PIECEWISE_BEZIER_KNOTS.);
#3681 = CARTESIAN_POINT('',(6.28318530718,-2.30092028444));
#3682 = CARTESIAN_POINT('',(6.28318530718,7.392558775758));
#3683 = ( GEOMETRIC_REPRESENTATION_CONTEXT(2) 
PARAMETRIC_REPRESENTATION_CONTEXT() REPRESENTATION_CONTEXT('2D SPACE',''
  ) );
#3684 = PCURVE('',#3446,#3685);
#3685 = DEFINITIONAL_REPRESENTATION('',(#3686),#3690);
#3686 = LINE('',#3687,#3688);
#3687 = CARTESIAN_POINT('',(0.,0.));
#3688 = VECTOR('',#3689,1.);
#3689 = DIRECTION('',(0.,1.));
#3690 = ( GEOMETRIC_REPRESENTATION_CONTEXT(2) 
PARAMETRIC_REPRESENTATION_CONTEXT() REPRESENTATION_CONTEXT('2D SPACE',''
  ) );
#3691 = ORIENTED_EDGE('',*,*,#3499,.F.);
#3692 = ORIENTED_EDGE('',*,*,#3463,.F.);
#3693 = ORIENTED_EDGE('',*,*,#3424,.F.);
#3694 = ORIENTED_EDGE('',*,*,#3670,.F.);
#3695 = ORIENTED_EDGE('',*,*,#3696,.T.);
#3696 = EDGE_CURVE('',#3671,#3697,#3699,.T.);
#3697 = VERTEX_POINT('',#3698);
#3698 = CARTESIAN_POINT('',(-18.77582607894,185.90384181649,-4.7625));
#3699 = SURFACE_CURVE('',#3700,(#3705,#3717),.PCURVE_S1.);
#3700 = ELLIPSE('',#3701,4.7806919763,4.7625);
#3701 = AXIS2_PLACEMENT_3D('',#3702,#3703,#3704);
#3702 = CARTESIAN_POINT('',(-18.77582607894,185.90384181649,
    1.740327774012E-30));
#3703 = DIRECTION('',(0.766044443119,-0.642787609687,0.));
#3704 = DIRECTION('',(-0.642787609687,-0.766044443119,0.));
#3705 = PCURVE('',#3446,#3706);
#3706 = DEFINITIONAL_REPRESENTATION('',(#3707),#3716);
#3707 = B_SPLINE_CURVE_WITH_KNOTS('',7,(#3708,#3709,#3710,#3711,#3712,
    #3713,#3714,#3715),.UNSPECIFIED.,.F.,.F.,(8,8),(0.,1.570796326795),
  .PIECEWISE_BEZIER_KNOTS.);
#3708 = CARTESIAN_POINT('',(1.224646799147E-16,-0.416664760042));
#3709 = CARTESIAN_POINT('',(0.224399475256,-0.416664760042));
#3710 = CARTESIAN_POINT('',(0.448798950513,-0.392186258466));
#3711 = CARTESIAN_POINT('',(0.673198425769,-0.343232806322));
#3712 = CARTESIAN_POINT('',(0.897597901026,-0.272809929049));
#3713 = CARTESIAN_POINT('',(1.121997376282,-0.18699832736));
#3714 = CARTESIAN_POINT('',(1.346396851538,-9.349935351145E-02));
#3715 = CARTESIAN_POINT('',(1.570796326795,-1.42108547152E-13));
#3716 = ( GEOMETRIC_REPRESENTATION_CONTEXT(2) 
PARAMETRIC_REPRESENTATION_CONTEXT() REPRESENTATION_CONTEXT('2D SPACE',''
  ) );
#3717 = PCURVE('',#3718,#3723);
#3718 = CYLINDRICAL_SURFACE('',#3719,4.7625);
#3719 = AXIS2_PLACEMENT_3D('',#3720,#3721,#3722);
#3720 = CARTESIAN_POINT('',(-22.3761581835,189.50417392105,
    1.740327774012E-30));
#3721 = DIRECTION('',(0.707106781187,-0.707106781187,0.));
#3722 = DIRECTION('',(-0.707106781187,-0.707106781187,1.224646799147E-16
    ));
#3723 = DEFINITIONAL_REPRESENTATION('',(#3724),#3733);
#3724 = B_SPLINE_CURVE_WITH_KNOTS('',7,(#3725,#3726,#3727,#3728,#3729,
    #3730,#3731,#3732),.UNSPECIFIED.,.F.,.F.,(8,8),(0.,1.570796326795),
  .PIECEWISE_BEZIER_KNOTS.);
#3725 = CARTESIAN_POINT('',(1.224646799147E-16,5.50830325136));
#3726 = CARTESIAN_POINT('',(0.224399475256,5.50830325136));
#3727 = CARTESIAN_POINT('',(0.448798950513,5.483824749784));
#3728 = CARTESIAN_POINT('',(0.67319842577,5.43487129764));
#3729 = CARTESIAN_POINT('',(0.897597901026,5.364448420367));
#3730 = CARTESIAN_POINT('',(1.121997376282,5.278636818679));
#3731 = CARTESIAN_POINT('',(1.346396851538,5.185137844829));
#3732 = CARTESIAN_POINT('',(1.570796326795,5.091638491318));
#3733 = ( GEOMETRIC_REPRESENTATION_CONTEXT(2) 
PARAMETRIC_REPRESENTATION_CONTEXT() REPRESENTATION_CONTEXT('2D SPACE',''
  ) );
#3734 = ORIENTED_EDGE('',*,*,#3735,.T.);
#3735 = EDGE_CURVE('',#3697,#3736,#3738,.T.);
#3736 = VERTEX_POINT('',#3737);
#3737 = CARTESIAN_POINT('',(-18.77582607894,185.90384181649,4.7625));
#3738 = SURFACE_CURVE('',#3739,(#3744,#3757),.PCURVE_S1.);
#3739 = ELLIPSE('',#3740,4.7806919763,4.7625);
#3740 = AXIS2_PLACEMENT_3D('',#3741,#3742,#3743);
#3741 = CARTESIAN_POINT('',(-18.77582607894,185.90384181649,
    1.740327774012E-30));
#3742 = DIRECTION('',(0.766044443119,-0.642787609687,0.));
#3743 = DIRECTION('',(-0.642787609687,-0.766044443119,0.));
#3744 = PCURVE('',#3446,#3745);
#3745 = DEFINITIONAL_REPRESENTATION('',(#3746),#3756);
#3746 = B_SPLINE_CURVE_WITH_KNOTS('',8,(#3747,#3748,#3749,#3750,#3751,
    #3752,#3753,#3754,#3755),.UNSPECIFIED.,.F.,.F.,(9,9),(1.570796326795
    ,4.712388980385),.PIECEWISE_BEZIER_KNOTS.);
#3747 = CARTESIAN_POINT('',(1.570796326795,-1.42108547152E-13));
#3748 = CARTESIAN_POINT('',(1.963495408494,0.163623868645));
#3749 = CARTESIAN_POINT('',(2.35619449019,0.327249041946));
#3750 = CARTESIAN_POINT('',(2.748893571897,0.452410149346));
#3751 = CARTESIAN_POINT('',(3.141592653576,0.500747102913));
#3752 = CARTESIAN_POINT('',(3.534291735292,0.452410149346));
#3753 = CARTESIAN_POINT('',(3.926990816984,0.327249041946));
#3754 = CARTESIAN_POINT('',(4.319689898686,0.163623868645));
#3755 = CARTESIAN_POINT('',(4.712388980385,-1.42108547152E-13));
#3756 = ( GEOMETRIC_REPRESENTATION_CONTEXT(2) 
PARAMETRIC_REPRESENTATION_CONTEXT() REPRESENTATION_CONTEXT('2D SPACE',''
  ) );
#3757 = PCURVE('',#3718,#3758);
#3758 = DEFINITIONAL_REPRESENTATION('',(#3759),#3769);
#3759 = B_SPLINE_CURVE_WITH_KNOTS('',8,(#3760,#3761,#3762,#3763,#3764,
    #3765,#3766,#3767,#3768),.UNSPECIFIED.,.F.,.F.,(9,9),(1.570796326795
    ,4.712388980385),.PIECEWISE_BEZIER_KNOTS.);
#3760 = CARTESIAN_POINT('',(1.570796326795,5.091638491318));
#3761 = CARTESIAN_POINT('',(1.963495408494,4.928014622673));
#3762 = CARTESIAN_POINT('',(2.356194490186,4.764389449368));
#3763 = CARTESIAN_POINT('',(2.748893571907,4.639228341968));
#3764 = CARTESIAN_POINT('',(3.141592653555,4.590891388406));
#3765 = CARTESIAN_POINT('',(3.534291735307,4.639228341964));
#3766 = CARTESIAN_POINT('',(3.92699081698,4.764389449368));
#3767 = CARTESIAN_POINT('',(4.319689898686,4.928014622673));
#3768 = CARTESIAN_POINT('',(4.712388980385,5.091638491318));
#3769 = ( GEOMETRIC_REPRESENTATION_CONTEXT(2) 
PARAMETRIC_REPRESENTATION_CONTEXT() REPRESENTATION_CONTEXT('2D SPACE',''
  ) );
#3770 = ORIENTED_EDGE('',*,*,#3771,.T.);
#3771 = EDGE_CURVE('',#3736,#3671,#3772,.T.);
#3772 = SURFACE_CURVE('',#3773,(#3778,#3790),.PCURVE_S1.);
#3773 = ELLIPSE('',#3774,4.7806919763,4.7625);
#3774 = AXIS2_PLACEMENT_3D('',#3775,#3776,#3777);
#3775 = CARTESIAN_POINT('',(-18.77582607894,185.90384181649,
    1.740327774012E-30));
#3776 = DIRECTION('',(0.766044443119,-0.642787609687,0.));
#3777 = DIRECTION('',(-0.642787609687,-0.766044443119,0.));
#3778 = PCURVE('',#3446,#3779);
#3779 = DEFINITIONAL_REPRESENTATION('',(#3780),#3789);
#3780 = B_SPLINE_CURVE_WITH_KNOTS('',7,(#3781,#3782,#3783,#3784,#3785,
    #3786,#3787,#3788),.UNSPECIFIED.,.F.,.F.,(8,8),(4.712388980385,
    6.28318530718),.PIECEWISE_BEZIER_KNOTS.);
#3781 = CARTESIAN_POINT('',(4.712388980385,-1.42108547152E-13));
#3782 = CARTESIAN_POINT('',(4.936788455641,-9.349935351145E-02));
#3783 = CARTESIAN_POINT('',(5.161187930897,-0.18699832736));
#3784 = CARTESIAN_POINT('',(5.385587406155,-0.272809929049));
#3785 = CARTESIAN_POINT('',(5.609986881411,-0.343232806322));
#3786 = CARTESIAN_POINT('',(5.834386356667,-0.392186258467));
#3787 = CARTESIAN_POINT('',(6.058785831923,-0.416664760042));
#3788 = CARTESIAN_POINT('',(6.28318530718,-0.416664760042));
#3789 = ( GEOMETRIC_REPRESENTATION_CONTEXT(2) 
PARAMETRIC_REPRESENTATION_CONTEXT() REPRESENTATION_CONTEXT('2D SPACE',''
  ) );
#3790 = PCURVE('',#3718,#3791);
#3791 = DEFINITIONAL_REPRESENTATION('',(#3792),#3801);
#3792 = B_SPLINE_CURVE_WITH_KNOTS('',7,(#3793,#3794,#3795,#3796,#3797,
    #3798,#3799,#3800),.UNSPECIFIED.,.F.,.F.,(8,8),(4.712388980385,
    6.28318530718),.PIECEWISE_BEZIER_KNOTS.);
#3793 = CARTESIAN_POINT('',(4.712388980385,5.091638491318));
#3794 = CARTESIAN_POINT('',(4.936788455641,5.185137844829));
#3795 = CARTESIAN_POINT('',(5.161187930897,5.278636818679));
#3796 = CARTESIAN_POINT('',(5.385587406154,5.364448420366));
#3797 = CARTESIAN_POINT('',(5.609986881411,5.434871297641));
#3798 = CARTESIAN_POINT('',(5.834386356667,5.483824749784));
#3799 = CARTESIAN_POINT('',(6.058785831923,5.50830325136));
#3800 = CARTESIAN_POINT('',(6.28318530718,5.50830325136));
#3801 = ( GEOMETRIC_REPRESENTATION_CONTEXT(2) 
PARAMETRIC_REPRESENTATION_CONTEXT() REPRESENTATION_CONTEXT('2D SPACE',''
  ) );
#3802 = ADVANCED_FACE('',(#3803),#3578,.T.);
#3803 = FACE_BOUND('',#3804,.T.);
#3804 = EDGE_LOOP('',(#3805,#3827,#3866,#3902,#3934,#3935,#3936,#3937));
#3805 = ORIENTED_EDGE('',*,*,#3806,.T.);
#3806 = EDGE_CURVE('',#3535,#3807,#3809,.T.);
#3807 = VERTEX_POINT('',#3808);
#3808 = CARTESIAN_POINT('',(-26.03838070621,230.12879564703,
    2.91619019047E-16));
#3809 = SEAM_CURVE('',#3810,(#3814,#3820),.PCURVE_S1.);
#3810 = LINE('',#3811,#3812);
#3811 = CARTESIAN_POINT('',(-22.14342212434,234.0237542289,
    5.832380380939E-16));
#3812 = VECTOR('',#3813,1.);
#3813 = DIRECTION('',(-0.707106781187,-0.707106781187,0.));
#3814 = PCURVE('',#3578,#3815);
#3815 = DEFINITIONAL_REPRESENTATION('',(#3816),#3819);
#3816 = B_SPLINE_CURVE_WITH_KNOTS('',1,(#3817,#3818),.UNSPECIFIED.,.F.,
  .F.,(2,2),(-2.30092028444,7.392558775758),.PIECEWISE_BEZIER_KNOTS.);
#3817 = CARTESIAN_POINT('',(6.28318530718,-2.30092028444));
#3818 = CARTESIAN_POINT('',(6.28318530718,7.392558775758));
#3819 = ( GEOMETRIC_REPRESENTATION_CONTEXT(2) 
PARAMETRIC_REPRESENTATION_CONTEXT() REPRESENTATION_CONTEXT('2D SPACE',''
  ) );
#3820 = PCURVE('',#3578,#3821);
#3821 = DEFINITIONAL_REPRESENTATION('',(#3822),#3826);
#3822 = LINE('',#3823,#3824);
#3823 = CARTESIAN_POINT('',(0.,0.));
#3824 = VECTOR('',#3825,1.);
#3825 = DIRECTION('',(0.,1.));
#3826 = ( GEOMETRIC_REPRESENTATION_CONTEXT(2) 
PARAMETRIC_REPRESENTATION_CONTEXT() REPRESENTATION_CONTEXT('2D SPACE',''
  ) );
#3827 = ORIENTED_EDGE('',*,*,#3828,.F.);
#3828 = EDGE_CURVE('',#3829,#3807,#3831,.T.);
#3829 = VERTEX_POINT('',#3830);
#3830 = CARTESIAN_POINT('',(-22.3761581835,227.05582607894,4.7625));
#3831 = SURFACE_CURVE('',#3832,(#3837,#3849),.PCURVE_S1.);
#3832 = ELLIPSE('',#3833,4.7806919763,4.7625);
#3833 = AXIS2_PLACEMENT_3D('',#3834,#3835,#3836);
#3834 = CARTESIAN_POINT('',(-22.3761581835,227.05582607894,
    1.740327774012E-30));
#3835 = DIRECTION('',(-0.642787609687,-0.766044443119,0.));
#3836 = DIRECTION('',(-0.766044443119,0.642787609687,0.));
#3837 = PCURVE('',#3578,#3838);
#3838 = DEFINITIONAL_REPRESENTATION('',(#3839),#3848);
#3839 = B_SPLINE_CURVE_WITH_KNOTS('',7,(#3840,#3841,#3842,#3843,#3844,
    #3845,#3846,#3847),.UNSPECIFIED.,.F.,.F.,(8,8),(4.712388980385,
    6.28318530718),.PIECEWISE_BEZIER_KNOTS.);
#3840 = CARTESIAN_POINT('',(4.712388980385,5.091638491318));
#3841 = CARTESIAN_POINT('',(4.936788455641,5.18513784483));
#3842 = CARTESIAN_POINT('',(5.161187930896,5.278636818679));
#3843 = CARTESIAN_POINT('',(5.385587406157,5.364448420367));
#3844 = CARTESIAN_POINT('',(5.609986881408,5.434871297641));
#3845 = CARTESIAN_POINT('',(5.834386356668,5.483824749784));
#3846 = CARTESIAN_POINT('',(6.058785831923,5.508303251361));
#3847 = CARTESIAN_POINT('',(6.28318530718,5.508303251361));
#3848 = ( GEOMETRIC_REPRESENTATION_CONTEXT(2) 
PARAMETRIC_REPRESENTATION_CONTEXT() REPRESENTATION_CONTEXT('2D SPACE',''
  ) );
#3849 = PCURVE('',#3850,#3855);
#3850 = CYLINDRICAL_SURFACE('',#3851,4.7625);
#3851 = AXIS2_PLACEMENT_3D('',#3852,#3853,#3854);
#3852 = CARTESIAN_POINT('',(-22.3761581835,227.05582607894,0.));
#3853 = DIRECTION('',(-0.573576436351,-0.819152044289,0.));
#3854 = DIRECTION('',(-0.819152044289,0.573576436351,0.));
#3855 = DEFINITIONAL_REPRESENTATION('',(#3856),#3865);
#3856 = B_SPLINE_CURVE_WITH_KNOTS('',7,(#3857,#3858,#3859,#3860,#3861,
    #3862,#3863,#3864),.UNSPECIFIED.,.F.,.F.,(8,8),(4.712388980385,
    6.28318530718),.PIECEWISE_BEZIER_KNOTS.);
#3857 = CARTESIAN_POINT('',(4.712388980385,1.42108547152E-13));
#3858 = CARTESIAN_POINT('',(4.936788455641,-9.349935351117E-02));
#3859 = CARTESIAN_POINT('',(5.161187930897,-0.18699832736));
#3860 = CARTESIAN_POINT('',(5.385587406154,-0.272809929049));
#3861 = CARTESIAN_POINT('',(5.609986881411,-0.343232806321));
#3862 = CARTESIAN_POINT('',(5.834386356667,-0.392186258466));
#3863 = CARTESIAN_POINT('',(6.058785831923,-0.416664760042));
#3864 = CARTESIAN_POINT('',(6.28318530718,-0.416664760042));
#3865 = ( GEOMETRIC_REPRESENTATION_CONTEXT(2) 
PARAMETRIC_REPRESENTATION_CONTEXT() REPRESENTATION_CONTEXT('2D SPACE',''
  ) );
#3866 = ORIENTED_EDGE('',*,*,#3867,.F.);
#3867 = EDGE_CURVE('',#3868,#3829,#3870,.T.);
#3868 = VERTEX_POINT('',#3869);
#3869 = CARTESIAN_POINT('',(-22.3761581835,227.05582607894,-4.7625));
#3870 = SURFACE_CURVE('',#3871,(#3876,#3889),.PCURVE_S1.);
#3871 = ELLIPSE('',#3872,4.7806919763,4.7625);
#3872 = AXIS2_PLACEMENT_3D('',#3873,#3874,#3875);
#3873 = CARTESIAN_POINT('',(-22.3761581835,227.05582607894,
    1.740327774012E-30));
#3874 = DIRECTION('',(-0.642787609687,-0.766044443119,0.));
#3875 = DIRECTION('',(-0.766044443119,0.642787609687,0.));
#3876 = PCURVE('',#3578,#3877);
#3877 = DEFINITIONAL_REPRESENTATION('',(#3878),#3888);
#3878 = B_SPLINE_CURVE_WITH_KNOTS('',8,(#3879,#3880,#3881,#3882,#3883,
    #3884,#3885,#3886,#3887),.UNSPECIFIED.,.F.,.F.,(9,9),(1.570796326795
    ,4.712388980385),.PIECEWISE_BEZIER_KNOTS.);
#3879 = CARTESIAN_POINT('',(1.570796326795,5.091638491318));
#3880 = CARTESIAN_POINT('',(1.963495408494,4.928014622674));
#3881 = CARTESIAN_POINT('',(2.356194490191,4.764389449383));
#3882 = CARTESIAN_POINT('',(2.748893571887,4.639228341915));
#3883 = CARTESIAN_POINT('',(3.141592653589,4.590891388464));
#3884 = CARTESIAN_POINT('',(3.534291735286,4.63922834192));
#3885 = CARTESIAN_POINT('',(3.926990816985,4.764389449381));
#3886 = CARTESIAN_POINT('',(4.319689898686,4.928014622674));
#3887 = CARTESIAN_POINT('',(4.712388980385,5.091638491318));
#3888 = ( GEOMETRIC_REPRESENTATION_CONTEXT(2) 
PARAMETRIC_REPRESENTATION_CONTEXT() REPRESENTATION_CONTEXT('2D SPACE',''
  ) );
#3889 = PCURVE('',#3850,#3890);
#3890 = DEFINITIONAL_REPRESENTATION('',(#3891),#3901);
#3891 = B_SPLINE_CURVE_WITH_KNOTS('',8,(#3892,#3893,#3894,#3895,#3896,
    #3897,#3898,#3899,#3900),.UNSPECIFIED.,.F.,.F.,(9,9),(1.570796326795
    ,4.712388980385),.PIECEWISE_BEZIER_KNOTS.);
#3892 = CARTESIAN_POINT('',(1.570796326795,1.42108547152E-13));
#3893 = CARTESIAN_POINT('',(1.963495408494,0.163623868645));
#3894 = CARTESIAN_POINT('',(2.35619449019,0.327249041947));
#3895 = CARTESIAN_POINT('',(2.748893571896,0.452410149345));
#3896 = CARTESIAN_POINT('',(3.141592653576,0.500747102916));
#3897 = CARTESIAN_POINT('',(3.534291735292,0.452410149345));
#3898 = CARTESIAN_POINT('',(3.926990816984,0.327249041947));
#3899 = CARTESIAN_POINT('',(4.319689898686,0.163623868645));
#3900 = CARTESIAN_POINT('',(4.712388980385,1.42108547152E-13));
#3901 = ( GEOMETRIC_REPRESENTATION_CONTEXT(2) 
PARAMETRIC_REPRESENTATION_CONTEXT() REPRESENTATION_CONTEXT('2D SPACE',''
  ) );
#3902 = ORIENTED_EDGE('',*,*,#3903,.F.);
#3903 = EDGE_CURVE('',#3807,#3868,#3904,.T.);
#3904 = SURFACE_CURVE('',#3905,(#3910,#3922),.PCURVE_S1.);
#3905 = ELLIPSE('',#3906,4.7806919763,4.7625);
#3906 = AXIS2_PLACEMENT_3D('',#3907,#3908,#3909);
#3907 = CARTESIAN_POINT('',(-22.3761581835,227.05582607894,
    1.740327774012E-30));
#3908 = DIRECTION('',(-0.642787609687,-0.766044443119,0.));
#3909 = DIRECTION('',(-0.766044443119,0.642787609687,0.));
#3910 = PCURVE('',#3578,#3911);
#3911 = DEFINITIONAL_REPRESENTATION('',(#3912),#3921);
#3912 = B_SPLINE_CURVE_WITH_KNOTS('',7,(#3913,#3914,#3915,#3916,#3917,
    #3918,#3919,#3920),.UNSPECIFIED.,.F.,.F.,(8,8),(0.,1.570796326795),
  .PIECEWISE_BEZIER_KNOTS.);
#3913 = CARTESIAN_POINT('',(1.224646799147E-16,5.508303251361));
#3914 = CARTESIAN_POINT('',(0.224399475256,5.508303251361));
#3915 = CARTESIAN_POINT('',(0.448798950513,5.483824749785));
#3916 = CARTESIAN_POINT('',(0.673198425769,5.434871297639));
#3917 = CARTESIAN_POINT('',(0.897597901026,5.36444842037));
#3918 = CARTESIAN_POINT('',(1.121997376282,5.278636818678));
#3919 = CARTESIAN_POINT('',(1.346396851538,5.18513784483));
#3920 = CARTESIAN_POINT('',(1.570796326795,5.091638491318));
#3921 = ( GEOMETRIC_REPRESENTATION_CONTEXT(2) 
PARAMETRIC_REPRESENTATION_CONTEXT() REPRESENTATION_CONTEXT('2D SPACE',''
  ) );
#3922 = PCURVE('',#3850,#3923);
#3923 = DEFINITIONAL_REPRESENTATION('',(#3924),#3933);
#3924 = B_SPLINE_CURVE_WITH_KNOTS('',7,(#3925,#3926,#3927,#3928,#3929,
    #3930,#3931,#3932),.UNSPECIFIED.,.F.,.F.,(8,8),(0.,1.570796326795),
  .PIECEWISE_BEZIER_KNOTS.);
#3925 = CARTESIAN_POINT('',(0.,-0.416664760042));
#3926 = CARTESIAN_POINT('',(0.224399475256,-0.416664760042));
#3927 = CARTESIAN_POINT('',(0.448798950513,-0.392186258466));
#3928 = CARTESIAN_POINT('',(0.67319842577,-0.343232806321));
#3929 = CARTESIAN_POINT('',(0.897597901025,-0.272809929049));
#3930 = CARTESIAN_POINT('',(1.121997376282,-0.18699832736));
#3931 = CARTESIAN_POINT('',(1.346396851538,-9.349935351117E-02));
#3932 = CARTESIAN_POINT('',(1.570796326795,1.42108547152E-13));
#3933 = ( GEOMETRIC_REPRESENTATION_CONTEXT(2) 
PARAMETRIC_REPRESENTATION_CONTEXT() REPRESENTATION_CONTEXT('2D SPACE',''
  ) );
#3934 = ORIENTED_EDGE('',*,*,#3806,.F.);
#3935 = ORIENTED_EDGE('',*,*,#3631,.T.);
#3936 = ORIENTED_EDGE('',*,*,#3595,.T.);
#3937 = ORIENTED_EDGE('',*,*,#3556,.T.);
#3938 = ADVANCED_FACE('',(#3939),#3718,.T.);
#3939 = FACE_BOUND('',#3940,.T.);
#3940 = EDGE_LOOP('',(#3941,#3963,#3964,#3965,#3966,#3967,#4006,#4042));
#3941 = ORIENTED_EDGE('',*,*,#3942,.T.);
#3942 = EDGE_CURVE('',#3943,#3671,#3945,.T.);
#3943 = VERTEX_POINT('',#3944);
#3944 = CARTESIAN_POINT('',(-26.03838070621,186.43120435296,
    2.91619019047E-16));
#3945 = SEAM_CURVE('',#3946,(#3950,#3956),.PCURVE_S1.);
#3946 = LINE('',#3947,#3948);
#3947 = CARTESIAN_POINT('',(-25.7437542289,186.13657787565,
    5.832380380939E-16));
#3948 = VECTOR('',#3949,1.);
#3949 = DIRECTION('',(0.707106781187,-0.707106781187,0.));
#3950 = PCURVE('',#3718,#3951);
#3951 = DEFINITIONAL_REPRESENTATION('',(#3952),#3955);
#3952 = B_SPLINE_CURVE_WITH_KNOTS('',1,(#3953,#3954),.UNSPECIFIED.,.F.,
  .F.,(2,2),(-2.30092028444,7.392558775758),.PIECEWISE_BEZIER_KNOTS.);
#3953 = CARTESIAN_POINT('',(6.28318530718,-2.30092028444));
#3954 = CARTESIAN_POINT('',(6.28318530718,7.392558775758));
#3955 = ( GEOMETRIC_REPRESENTATION_CONTEXT(2) 
PARAMETRIC_REPRESENTATION_CONTEXT() REPRESENTATION_CONTEXT('2D SPACE',''
  ) );
#3956 = PCURVE('',#3718,#3957);
#3957 = DEFINITIONAL_REPRESENTATION('',(#3958),#3962);
#3958 = LINE('',#3959,#3960);
#3959 = CARTESIAN_POINT('',(0.,0.));
#3960 = VECTOR('',#3961,1.);
#3961 = DIRECTION('',(0.,1.));
#3962 = ( GEOMETRIC_REPRESENTATION_CONTEXT(2) 
PARAMETRIC_REPRESENTATION_CONTEXT() REPRESENTATION_CONTEXT('2D SPACE',''
  ) );
#3963 = ORIENTED_EDGE('',*,*,#3771,.F.);
#3964 = ORIENTED_EDGE('',*,*,#3735,.F.);
#3965 = ORIENTED_EDGE('',*,*,#3696,.F.);
#3966 = ORIENTED_EDGE('',*,*,#3942,.F.);
#3967 = ORIENTED_EDGE('',*,*,#3968,.T.);
#3968 = EDGE_CURVE('',#3943,#3969,#3971,.T.);
#3969 = VERTEX_POINT('',#3970);
#3970 = CARTESIAN_POINT('',(-22.3761581835,189.50417392105,-4.7625));
#3971 = SURFACE_CURVE('',#3972,(#3977,#3989),.PCURVE_S1.);
#3972 = ELLIPSE('',#3973,4.7806919763,4.7625);
#3973 = AXIS2_PLACEMENT_3D('',#3974,#3975,#3976);
#3974 = CARTESIAN_POINT('',(-22.3761581835,189.50417392105,0.));
#3975 = DIRECTION('',(0.642787609687,-0.766044443119,0.));
#3976 = DIRECTION('',(-0.766044443119,-0.642787609687,0.));
#3977 = PCURVE('',#3718,#3978);
#3978 = DEFINITIONAL_REPRESENTATION('',(#3979),#3988);
#3979 = B_SPLINE_CURVE_WITH_KNOTS('',7,(#3980,#3981,#3982,#3983,#3984,
    #3985,#3986,#3987),.UNSPECIFIED.,.F.,.F.,(8,8),(0.,1.570796326795),
  .PIECEWISE_BEZIER_KNOTS.);
#3980 = CARTESIAN_POINT('',(1.224646799147E-16,-0.416664760042));
#3981 = CARTESIAN_POINT('',(0.224399475256,-0.416664760042));
#3982 = CARTESIAN_POINT('',(0.448798950513,-0.392186258466));
#3983 = CARTESIAN_POINT('',(0.673198425769,-0.343232806322));
#3984 = CARTESIAN_POINT('',(0.897597901026,-0.272809929049));
#3985 = CARTESIAN_POINT('',(1.121997376282,-0.18699832736));
#3986 = CARTESIAN_POINT('',(1.346396851538,-9.349935351119E-02));
#3987 = CARTESIAN_POINT('',(1.570796326795,1.136868377216E-13));
#3988 = ( GEOMETRIC_REPRESENTATION_CONTEXT(2) 
PARAMETRIC_REPRESENTATION_CONTEXT() REPRESENTATION_CONTEXT('2D SPACE',''
  ) );
#3989 = PCURVE('',#3990,#3995);
#3990 = CYLINDRICAL_SURFACE('',#3991,4.7625);
#3991 = AXIS2_PLACEMENT_3D('',#3992,#3993,#3994);
#3992 = CARTESIAN_POINT('',(-25.29660204454,193.675,0.));
#3993 = DIRECTION('',(0.573576436351,-0.819152044289,0.));
#3994 = DIRECTION('',(-0.819152044289,-0.573576436351,0.));
#3995 = DEFINITIONAL_REPRESENTATION('',(#3996),#4005);
#3996 = B_SPLINE_CURVE_WITH_KNOTS('',7,(#3997,#3998,#3999,#4000,#4001,
    #4002,#4003,#4004),.UNSPECIFIED.,.F.,.F.,(8,8),(0.,1.570796326795),
  .PIECEWISE_BEZIER_KNOTS.);
#3997 = CARTESIAN_POINT('',(0.,5.508303251361));
#3998 = CARTESIAN_POINT('',(0.224399475256,5.508303251361));
#3999 = CARTESIAN_POINT('',(0.448798950513,5.483824749785));
#4000 = CARTESIAN_POINT('',(0.673198425769,5.434871297639));
#4001 = CARTESIAN_POINT('',(0.897597901026,5.364448420369));
#4002 = CARTESIAN_POINT('',(1.121997376282,5.278636818679));
#4003 = CARTESIAN_POINT('',(1.346396851538,5.18513784483));
#4004 = CARTESIAN_POINT('',(1.570796326795,5.091638491318));
#4005 = ( GEOMETRIC_REPRESENTATION_CONTEXT(2) 
PARAMETRIC_REPRESENTATION_CONTEXT() REPRESENTATION_CONTEXT('2D SPACE',''
  ) );
#4006 = ORIENTED_EDGE('',*,*,#4007,.T.);
#4007 = EDGE_CURVE('',#3969,#4008,#4010,.T.);
#4008 = VERTEX_POINT('',#4009);
#4009 = CARTESIAN_POINT('',(-22.3761581835,189.50417392105,4.7625));
#4010 = SURFACE_CURVE('',#4011,(#4016,#4029),.PCURVE_S1.);
#4011 = ELLIPSE('',#4012,4.7806919763,4.7625);
#4012 = AXIS2_PLACEMENT_3D('',#4013,#4014,#4015);
#4013 = CARTESIAN_POINT('',(-22.3761581835,189.50417392105,0.));
#4014 = DIRECTION('',(0.642787609687,-0.766044443119,0.));
#4015 = DIRECTION('',(-0.766044443119,-0.642787609687,0.));
#4016 = PCURVE('',#3718,#4017);
#4017 = DEFINITIONAL_REPRESENTATION('',(#4018),#4028);
#4018 = B_SPLINE_CURVE_WITH_KNOTS('',8,(#4019,#4020,#4021,#4022,#4023,
    #4024,#4025,#4026,#4027),.UNSPECIFIED.,.F.,.F.,(9,9),(1.570796326795
    ,4.712388980385),.PIECEWISE_BEZIER_KNOTS.);
#4019 = CARTESIAN_POINT('',(1.570796326795,1.136868377216E-13));
#4020 = CARTESIAN_POINT('',(1.963495408494,0.163623868645));
#4021 = CARTESIAN_POINT('',(2.35619449019,0.327249041947));
#4022 = CARTESIAN_POINT('',(2.748893571896,0.452410149345));
#4023 = CARTESIAN_POINT('',(3.141592653578,0.500747102914));
#4024 = CARTESIAN_POINT('',(3.534291735292,0.452410149346));
#4025 = CARTESIAN_POINT('',(3.926990816984,0.327249041947));
#4026 = CARTESIAN_POINT('',(4.319689898686,0.163623868645));
#4027 = CARTESIAN_POINT('',(4.712388980385,1.136868377216E-13));
#4028 = ( GEOMETRIC_REPRESENTATION_CONTEXT(2) 
PARAMETRIC_REPRESENTATION_CONTEXT() REPRESENTATION_CONTEXT('2D SPACE',''
  ) );
#4029 = PCURVE('',#3990,#4030);
#4030 = DEFINITIONAL_REPRESENTATION('',(#4031),#4041);
#4031 = B_SPLINE_CURVE_WITH_KNOTS('',8,(#4032,#4033,#4034,#4035,#4036,
    #4037,#4038,#4039,#4040),.UNSPECIFIED.,.F.,.F.,(9,9),(1.570796326795
    ,4.712388980385),.PIECEWISE_BEZIER_KNOTS.);
#4032 = CARTESIAN_POINT('',(1.570796326795,5.091638491318));
#4033 = CARTESIAN_POINT('',(1.963495408494,4.928014622674));
#4034 = CARTESIAN_POINT('',(2.356194490192,4.764389449372));
#4035 = CARTESIAN_POINT('',(2.748893571887,4.639228341957));
#4036 = CARTESIAN_POINT('',(3.141592653583,4.590891388407));
#4037 = CARTESIAN_POINT('',(3.534291735283,4.639228341955));
#4038 = CARTESIAN_POINT('',(3.926990816986,4.764389449372));
#4039 = CARTESIAN_POINT('',(4.319689898686,4.928014622674));
#4040 = CARTESIAN_POINT('',(4.712388980385,5.091638491318));
#4041 = ( GEOMETRIC_REPRESENTATION_CONTEXT(2) 
PARAMETRIC_REPRESENTATION_CONTEXT() REPRESENTATION_CONTEXT('2D SPACE',''
  ) );
#4042 = ORIENTED_EDGE('',*,*,#4043,.T.);
#4043 = EDGE_CURVE('',#4008,#3943,#4044,.T.);
#4044 = SURFACE_CURVE('',#4045,(#4050,#4062),.PCURVE_S1.);
#4045 = ELLIPSE('',#4046,4.7806919763,4.7625);
#4046 = AXIS2_PLACEMENT_3D('',#4047,#4048,#4049);
#4047 = CARTESIAN_POINT('',(-22.3761581835,189.50417392105,0.));
#4048 = DIRECTION('',(0.642787609687,-0.766044443119,0.));
#4049 = DIRECTION('',(-0.766044443119,-0.642787609687,0.));
#4050 = PCURVE('',#3718,#4051);
#4051 = DEFINITIONAL_REPRESENTATION('',(#4052),#4061);
#4052 = B_SPLINE_CURVE_WITH_KNOTS('',7,(#4053,#4054,#4055,#4056,#4057,
    #4058,#4059,#4060),.UNSPECIFIED.,.F.,.F.,(8,8),(4.712388980385,
    6.28318530718),.PIECEWISE_BEZIER_KNOTS.);
#4053 = CARTESIAN_POINT('',(4.712388980385,1.136868377216E-13));
#4054 = CARTESIAN_POINT('',(4.936788455641,-9.349935351119E-02));
#4055 = CARTESIAN_POINT('',(5.161187930897,-0.18699832736));
#4056 = CARTESIAN_POINT('',(5.385587406154,-0.272809929049));
#4057 = CARTESIAN_POINT('',(5.609986881411,-0.343232806322));
#4058 = CARTESIAN_POINT('',(5.834386356667,-0.392186258466));
#4059 = CARTESIAN_POINT('',(6.058785831923,-0.416664760042));
#4060 = CARTESIAN_POINT('',(6.28318530718,-0.416664760042));
#4061 = ( GEOMETRIC_REPRESENTATION_CONTEXT(2) 
PARAMETRIC_REPRESENTATION_CONTEXT() REPRESENTATION_CONTEXT('2D SPACE',''
  ) );
#4062 = PCURVE('',#3990,#4063);
#4063 = DEFINITIONAL_REPRESENTATION('',(#4064),#4073);
#4064 = B_SPLINE_CURVE_WITH_KNOTS('',7,(#4065,#4066,#4067,#4068,#4069,
    #4070,#4071,#4072),.UNSPECIFIED.,.F.,.F.,(8,8),(4.712388980385,
    6.28318530718),.PIECEWISE_BEZIER_KNOTS.);
#4065 = CARTESIAN_POINT('',(4.712388980385,5.091638491318));
#4066 = CARTESIAN_POINT('',(4.936788455641,5.18513784483));
#4067 = CARTESIAN_POINT('',(5.161187930898,5.278636818679));
#4068 = CARTESIAN_POINT('',(5.385587406153,5.364448420367));
#4069 = CARTESIAN_POINT('',(5.609986881411,5.434871297641));
#4070 = CARTESIAN_POINT('',(5.834386356667,5.483824749784));
#4071 = CARTESIAN_POINT('',(6.058785831923,5.508303251361));
#4072 = CARTESIAN_POINT('',(6.28318530718,5.508303251361));
#4073 = ( GEOMETRIC_REPRESENTATION_CONTEXT(2) 
PARAMETRIC_REPRESENTATION_CONTEXT() REPRESENTATION_CONTEXT('2D SPACE',''
  ) );
#4074 = ADVANCED_FACE('',(#4075),#3850,.T.);
#4075 = FACE_BOUND('',#4076,.T.);
#4076 = EDGE_LOOP('',(#4077,#4099,#4138,#4174,#4206,#4207,#4208,#4209));
#4077 = ORIENTED_EDGE('',*,*,#4078,.T.);
#4078 = EDGE_CURVE('',#3807,#4079,#4081,.T.);
#4079 = VERTEX_POINT('',#4080);
#4080 = CARTESIAN_POINT('',(-29.43680274368,225.27534598815,0.));
#4081 = SEAM_CURVE('',#4082,(#4086,#4092),.PCURVE_S1.);
#4082 = LINE('',#4083,#4084);
#4083 = CARTESIAN_POINT('',(-26.27736979443,229.78748385706,0.));
#4084 = VECTOR('',#4085,1.);
#4085 = DIRECTION('',(-0.573576436351,-0.819152044289,0.));
#4086 = PCURVE('',#3850,#4087);
#4087 = DEFINITIONAL_REPRESENTATION('',(#4088),#4091);
#4088 = B_SPLINE_CURVE_WITH_KNOTS('',1,(#4089,#4090),.UNSPECIFIED.,.F.,
  .F.,(2,2),(-2.30092028444,7.392558775758),.PIECEWISE_BEZIER_KNOTS.);
#4089 = CARTESIAN_POINT('',(6.28318530718,-2.30092028444));
#4090 = CARTESIAN_POINT('',(6.28318530718,7.392558775758));
#4091 = ( GEOMETRIC_REPRESENTATION_CONTEXT(2) 
PARAMETRIC_REPRESENTATION_CONTEXT() REPRESENTATION_CONTEXT('2D SPACE',''
  ) );
#4092 = PCURVE('',#3850,#4093);
#4093 = DEFINITIONAL_REPRESENTATION('',(#4094),#4098);
#4094 = LINE('',#4095,#4096);
#4095 = CARTESIAN_POINT('',(0.,0.));
#4096 = VECTOR('',#4097,1.);
#4097 = DIRECTION('',(0.,1.));
#4098 = ( GEOMETRIC_REPRESENTATION_CONTEXT(2) 
PARAMETRIC_REPRESENTATION_CONTEXT() REPRESENTATION_CONTEXT('2D SPACE',''
  ) );
#4099 = ORIENTED_EDGE('',*,*,#4100,.F.);
#4100 = EDGE_CURVE('',#4101,#4079,#4103,.T.);
#4101 = VERTEX_POINT('',#4102);
#4102 = CARTESIAN_POINT('',(-25.29660204454,222.885,4.7625));
#4103 = SURFACE_CURVE('',#4104,(#4109,#4121),.PCURVE_S1.);
#4104 = ELLIPSE('',#4105,4.7806919763,4.7625);
#4105 = AXIS2_PLACEMENT_3D('',#4106,#4107,#4108);
#4106 = CARTESIAN_POINT('',(-25.29660204454,222.885,0.));
#4107 = DIRECTION('',(-0.5,-0.866025403784,0.));
#4108 = DIRECTION('',(-0.866025403784,0.5,0.));
#4109 = PCURVE('',#3850,#4110);
#4110 = DEFINITIONAL_REPRESENTATION('',(#4111),#4120);
#4111 = B_SPLINE_CURVE_WITH_KNOTS('',7,(#4112,#4113,#4114,#4115,#4116,
    #4117,#4118,#4119),.UNSPECIFIED.,.F.,.F.,(8,8),(4.712388980385,
    6.28318530718),.PIECEWISE_BEZIER_KNOTS.);
#4112 = CARTESIAN_POINT('',(4.712388980385,5.091638491318));
#4113 = CARTESIAN_POINT('',(4.936788455641,5.185137844829));
#4114 = CARTESIAN_POINT('',(5.161187930897,5.278636818678));
#4115 = CARTESIAN_POINT('',(5.385587406154,5.36444842037));
#4116 = CARTESIAN_POINT('',(5.609986881411,5.434871297638));
#4117 = CARTESIAN_POINT('',(5.834386356667,5.483824749786));
#4118 = CARTESIAN_POINT('',(6.058785831923,5.50830325136));
#4119 = CARTESIAN_POINT('',(6.28318530718,5.50830325136));
#4120 = ( GEOMETRIC_REPRESENTATION_CONTEXT(2) 
PARAMETRIC_REPRESENTATION_CONTEXT() REPRESENTATION_CONTEXT('2D SPACE',''
  ) );
#4121 = PCURVE('',#4122,#4127);
#4122 = CYLINDRICAL_SURFACE('',#4123,4.7625);
#4123 = AXIS2_PLACEMENT_3D('',#4124,#4125,#4126);
#4124 = CARTESIAN_POINT('',(-25.29660204454,222.885,0.));
#4125 = DIRECTION('',(-0.422618261741,-0.906307787037,0.));
#4126 = DIRECTION('',(-0.906307787037,0.422618261741,0.));
#4127 = DEFINITIONAL_REPRESENTATION('',(#4128),#4137);
#4128 = B_SPLINE_CURVE_WITH_KNOTS('',7,(#4129,#4130,#4131,#4132,#4133,
    #4134,#4135,#4136),.UNSPECIFIED.,.F.,.F.,(8,8),(4.712388980385,
    6.28318530718),.PIECEWISE_BEZIER_KNOTS.);
#4129 = CARTESIAN_POINT('',(4.712388980385,-8.526512829121E-14));
#4130 = CARTESIAN_POINT('',(4.936788455641,-9.34993535114E-02));
#4131 = CARTESIAN_POINT('',(5.161187930898,-0.186998327361));
#4132 = CARTESIAN_POINT('',(5.385587406153,-0.272809929049));
#4133 = CARTESIAN_POINT('',(5.609986881412,-0.343232806322));
#4134 = CARTESIAN_POINT('',(5.834386356667,-0.392186258466));
#4135 = CARTESIAN_POINT('',(6.058785831923,-0.416664760042));
#4136 = CARTESIAN_POINT('',(6.28318530718,-0.416664760042));
#4137 = ( GEOMETRIC_REPRESENTATION_CONTEXT(2) 
PARAMETRIC_REPRESENTATION_CONTEXT() REPRESENTATION_CONTEXT('2D SPACE',''
  ) );
#4138 = ORIENTED_EDGE('',*,*,#4139,.F.);
#4139 = EDGE_CURVE('',#4140,#4101,#4142,.T.);
#4140 = VERTEX_POINT('',#4141);
#4141 = CARTESIAN_POINT('',(-25.29660204454,222.885,-4.7625));
#4142 = SURFACE_CURVE('',#4143,(#4148,#4161),.PCURVE_S1.);
#4143 = ELLIPSE('',#4144,4.7806919763,4.7625);
#4144 = AXIS2_PLACEMENT_3D('',#4145,#4146,#4147);
#4145 = CARTESIAN_POINT('',(-25.29660204454,222.885,0.));
#4146 = DIRECTION('',(-0.5,-0.866025403784,0.));
#4147 = DIRECTION('',(-0.866025403784,0.5,0.));
#4148 = PCURVE('',#3850,#4149);
#4149 = DEFINITIONAL_REPRESENTATION('',(#4150),#4160);
#4150 = B_SPLINE_CURVE_WITH_KNOTS('',8,(#4151,#4152,#4153,#4154,#4155,
    #4156,#4157,#4158,#4159),.UNSPECIFIED.,.F.,.F.,(9,9),(1.570796326795
    ,4.712388980385),.PIECEWISE_BEZIER_KNOTS.);
#4151 = CARTESIAN_POINT('',(1.570796326795,5.091638491318));
#4152 = CARTESIAN_POINT('',(1.963495408494,4.928014622673));
#4153 = CARTESIAN_POINT('',(2.356194490191,4.764389449371));
#4154 = CARTESIAN_POINT('',(2.748893571887,4.639228341961));
#4155 = CARTESIAN_POINT('',(3.141592653593,4.590891388414));
#4156 = CARTESIAN_POINT('',(3.53429173528,4.63922834196));
#4157 = CARTESIAN_POINT('',(3.926990816987,4.764389449371));
#4158 = CARTESIAN_POINT('',(4.319689898686,4.928014622673));
#4159 = CARTESIAN_POINT('',(4.712388980385,5.091638491318));
#4160 = ( GEOMETRIC_REPRESENTATION_CONTEXT(2) 
PARAMETRIC_REPRESENTATION_CONTEXT() REPRESENTATION_CONTEXT('2D SPACE',''
  ) );
#4161 = PCURVE('',#4122,#4162);
#4162 = DEFINITIONAL_REPRESENTATION('',(#4163),#4173);
#4163 = B_SPLINE_CURVE_WITH_KNOTS('',8,(#4164,#4165,#4166,#4167,#4168,
    #4169,#4170,#4171,#4172),.UNSPECIFIED.,.F.,.F.,(9,9),(1.570796326795
    ,4.712388980385),.PIECEWISE_BEZIER_KNOTS.);
#4164 = CARTESIAN_POINT('',(1.570796326795,-8.526512829121E-14));
#4165 = CARTESIAN_POINT('',(1.963495408494,0.163623868645));
#4166 = CARTESIAN_POINT('',(2.356194490191,0.327249041946));
#4167 = CARTESIAN_POINT('',(2.748893571888,0.452410149348));
#4168 = CARTESIAN_POINT('',(3.141592653583,0.50074710291));
#4169 = CARTESIAN_POINT('',(3.534291735287,0.452410149348));
#4170 = CARTESIAN_POINT('',(3.926990816985,0.327249041946));
#4171 = CARTESIAN_POINT('',(4.319689898686,0.163623868645));
#4172 = CARTESIAN_POINT('',(4.712388980385,-8.526512829121E-14));
#4173 = ( GEOMETRIC_REPRESENTATION_CONTEXT(2) 
PARAMETRIC_REPRESENTATION_CONTEXT() REPRESENTATION_CONTEXT('2D SPACE',''
  ) );
#4174 = ORIENTED_EDGE('',*,*,#4175,.F.);
#4175 = EDGE_CURVE('',#4079,#4140,#4176,.T.);
#4176 = SURFACE_CURVE('',#4177,(#4182,#4194),.PCURVE_S1.);
#4177 = ELLIPSE('',#4178,4.7806919763,4.7625);
#4178 = AXIS2_PLACEMENT_3D('',#4179,#4180,#4181);
#4179 = CARTESIAN_POINT('',(-25.29660204454,222.885,0.));
#4180 = DIRECTION('',(-0.5,-0.866025403784,0.));
#4181 = DIRECTION('',(-0.866025403784,0.5,0.));
#4182 = PCURVE('',#3850,#4183);
#4183 = DEFINITIONAL_REPRESENTATION('',(#4184),#4193);
#4184 = B_SPLINE_CURVE_WITH_KNOTS('',7,(#4185,#4186,#4187,#4188,#4189,
    #4190,#4191,#4192),.UNSPECIFIED.,.F.,.F.,(8,8),(0.,1.570796326795),
  .PIECEWISE_BEZIER_KNOTS.);
#4185 = CARTESIAN_POINT('',(0.,5.50830325136));
#4186 = CARTESIAN_POINT('',(0.224399475256,5.50830325136));
#4187 = CARTESIAN_POINT('',(0.448798950513,5.483824749785));
#4188 = CARTESIAN_POINT('',(0.67319842577,5.434871297639));
#4189 = CARTESIAN_POINT('',(0.897597901025,5.364448420369));
#4190 = CARTESIAN_POINT('',(1.121997376282,5.278636818678));
#4191 = CARTESIAN_POINT('',(1.346396851538,5.185137844829));
#4192 = CARTESIAN_POINT('',(1.570796326795,5.091638491318));
#4193 = ( GEOMETRIC_REPRESENTATION_CONTEXT(2) 
PARAMETRIC_REPRESENTATION_CONTEXT() REPRESENTATION_CONTEXT('2D SPACE',''
  ) );
#4194 = PCURVE('',#4122,#4195);
#4195 = DEFINITIONAL_REPRESENTATION('',(#4196),#4205);
#4196 = B_SPLINE_CURVE_WITH_KNOTS('',7,(#4197,#4198,#4199,#4200,#4201,
    #4202,#4203,#4204),.UNSPECIFIED.,.F.,.F.,(8,8),(0.,1.570796326795),
  .PIECEWISE_BEZIER_KNOTS.);
#4197 = CARTESIAN_POINT('',(0.,-0.416664760042));
#4198 = CARTESIAN_POINT('',(0.224399475256,-0.416664760042));
#4199 = CARTESIAN_POINT('',(0.448798950513,-0.392186258466));
#4200 = CARTESIAN_POINT('',(0.673198425769,-0.343232806322));
#4201 = CARTESIAN_POINT('',(0.897597901026,-0.272809929049));
#4202 = CARTESIAN_POINT('',(1.121997376282,-0.186998327361));
#4203 = CARTESIAN_POINT('',(1.346396851538,-9.34993535114E-02));
#4204 = CARTESIAN_POINT('',(1.570796326795,-8.526512829121E-14));
#4205 = ( GEOMETRIC_REPRESENTATION_CONTEXT(2) 
PARAMETRIC_REPRESENTATION_CONTEXT() REPRESENTATION_CONTEXT('2D SPACE',''
  ) );
#4206 = ORIENTED_EDGE('',*,*,#4078,.F.);
#4207 = ORIENTED_EDGE('',*,*,#3903,.T.);
#4208 = ORIENTED_EDGE('',*,*,#3867,.T.);
#4209 = ORIENTED_EDGE('',*,*,#3828,.T.);
#4210 = ADVANCED_FACE('',(#4211),#3990,.T.);
#4211 = FACE_BOUND('',#4212,.T.);
#4212 = EDGE_LOOP('',(#4213,#4235,#4236,#4237,#4238,#4239,#4278,#4314));
#4213 = ORIENTED_EDGE('',*,*,#4214,.T.);
#4214 = EDGE_CURVE('',#4215,#3943,#4217,.T.);
#4215 = VERTEX_POINT('',#4216);
#4216 = CARTESIAN_POINT('',(-29.43680274368,191.28465401185,0.));
#4217 = SEAM_CURVE('',#4218,(#4222,#4228),.PCURVE_S1.);
#4218 = LINE('',#4219,#4220);
#4219 = CARTESIAN_POINT('',(-29.19781365547,190.94334222187,0.));
#4220 = VECTOR('',#4221,1.);
#4221 = DIRECTION('',(0.573576436351,-0.819152044289,0.));
#4222 = PCURVE('',#3990,#4223);
#4223 = DEFINITIONAL_REPRESENTATION('',(#4224),#4227);
#4224 = B_SPLINE_CURVE_WITH_KNOTS('',1,(#4225,#4226),.UNSPECIFIED.,.F.,
  .F.,(2,2),(-2.30092028444,7.392558775758),.PIECEWISE_BEZIER_KNOTS.);
#4225 = CARTESIAN_POINT('',(6.28318530718,-2.30092028444));
#4226 = CARTESIAN_POINT('',(6.28318530718,7.392558775758));
#4227 = ( GEOMETRIC_REPRESENTATION_CONTEXT(2) 
PARAMETRIC_REPRESENTATION_CONTEXT() REPRESENTATION_CONTEXT('2D SPACE',''
  ) );
#4228 = PCURVE('',#3990,#4229);
#4229 = DEFINITIONAL_REPRESENTATION('',(#4230),#4234);
#4230 = LINE('',#4231,#4232);
#4231 = CARTESIAN_POINT('',(0.,0.));
#4232 = VECTOR('',#4233,1.);
#4233 = DIRECTION('',(0.,1.));
#4234 = ( GEOMETRIC_REPRESENTATION_CONTEXT(2) 
PARAMETRIC_REPRESENTATION_CONTEXT() REPRESENTATION_CONTEXT('2D SPACE',''
  ) );
#4235 = ORIENTED_EDGE('',*,*,#4043,.F.);
#4236 = ORIENTED_EDGE('',*,*,#4007,.F.);
#4237 = ORIENTED_EDGE('',*,*,#3968,.F.);
#4238 = ORIENTED_EDGE('',*,*,#4214,.F.);
#4239 = ORIENTED_EDGE('',*,*,#4240,.T.);
#4240 = EDGE_CURVE('',#4215,#4241,#4243,.T.);
#4241 = VERTEX_POINT('',#4242);
#4242 = CARTESIAN_POINT('',(-25.29660204454,193.675,-4.7625));
#4243 = SURFACE_CURVE('',#4244,(#4249,#4261),.PCURVE_S1.);
#4244 = ELLIPSE('',#4245,4.7806919763,4.7625);
#4245 = AXIS2_PLACEMENT_3D('',#4246,#4247,#4248);
#4246 = CARTESIAN_POINT('',(-25.29660204454,193.675,0.));
#4247 = DIRECTION('',(0.5,-0.866025403784,0.));
#4248 = DIRECTION('',(-0.866025403784,-0.5,0.));
#4249 = PCURVE('',#3990,#4250);
#4250 = DEFINITIONAL_REPRESENTATION('',(#4251),#4260);
#4251 = B_SPLINE_CURVE_WITH_KNOTS('',7,(#4252,#4253,#4254,#4255,#4256,
    #4257,#4258,#4259),.UNSPECIFIED.,.F.,.F.,(8,8),(0.,1.570796326795),
  .PIECEWISE_BEZIER_KNOTS.);
#4252 = CARTESIAN_POINT('',(0.,-0.416664760042));
#4253 = CARTESIAN_POINT('',(0.224399475256,-0.416664760042));
#4254 = CARTESIAN_POINT('',(0.448798950513,-0.392186258466));
#4255 = CARTESIAN_POINT('',(0.673198425769,-0.343232806322));
#4256 = CARTESIAN_POINT('',(0.897597901026,-0.272809929049));
#4257 = CARTESIAN_POINT('',(1.121997376282,-0.18699832736));
#4258 = CARTESIAN_POINT('',(1.346396851538,-9.349935351117E-02));
#4259 = CARTESIAN_POINT('',(1.570796326795,1.42108547152E-13));
#4260 = ( GEOMETRIC_REPRESENTATION_CONTEXT(2) 
PARAMETRIC_REPRESENTATION_CONTEXT() REPRESENTATION_CONTEXT('2D SPACE',''
  ) );
#4261 = PCURVE('',#4262,#4267);
#4262 = CYLINDRICAL_SURFACE('',#4263,4.7625);
#4263 = AXIS2_PLACEMENT_3D('',#4264,#4265,#4266);
#4264 = CARTESIAN_POINT('',(-27.44842145315,198.28959161345,0.));
#4265 = DIRECTION('',(0.422618261741,-0.906307787037,0.));
#4266 = DIRECTION('',(-0.906307787037,-0.422618261741,0.));
#4267 = DEFINITIONAL_REPRESENTATION('',(#4268),#4277);
#4268 = B_SPLINE_CURVE_WITH_KNOTS('',7,(#4269,#4270,#4271,#4272,#4273,
    #4274,#4275,#4276),.UNSPECIFIED.,.F.,.F.,(8,8),(0.,1.570796326795),
  .PIECEWISE_BEZIER_KNOTS.);
#4269 = CARTESIAN_POINT('',(0.,5.508303251361));
#4270 = CARTESIAN_POINT('',(0.224399475256,5.508303251361));
#4271 = CARTESIAN_POINT('',(0.448798950513,5.483824749785));
#4272 = CARTESIAN_POINT('',(0.673198425769,5.434871297639));
#4273 = CARTESIAN_POINT('',(0.897597901025,5.364448420369));
#4274 = CARTESIAN_POINT('',(1.121997376282,5.278636818678));
#4275 = CARTESIAN_POINT('',(1.346396851538,5.18513784483));
#4276 = CARTESIAN_POINT('',(1.570796326795,5.091638491318));
#4277 = ( GEOMETRIC_REPRESENTATION_CONTEXT(2) 
PARAMETRIC_REPRESENTATION_CONTEXT() REPRESENTATION_CONTEXT('2D SPACE',''
  ) );
#4278 = ORIENTED_EDGE('',*,*,#4279,.T.);
#4279 = EDGE_CURVE('',#4241,#4280,#4282,.T.);
#4280 = VERTEX_POINT('',#4281);
#4281 = CARTESIAN_POINT('',(-25.29660204454,193.675,4.7625));
#4282 = SURFACE_CURVE('',#4283,(#4288,#4301),.PCURVE_S1.);
#4283 = ELLIPSE('',#4284,4.7806919763,4.7625);
#4284 = AXIS2_PLACEMENT_3D('',#4285,#4286,#4287);
#4285 = CARTESIAN_POINT('',(-25.29660204454,193.675,0.));
#4286 = DIRECTION('',(0.5,-0.866025403784,0.));
#4287 = DIRECTION('',(-0.866025403784,-0.5,0.));
#4288 = PCURVE('',#3990,#4289);
#4289 = DEFINITIONAL_REPRESENTATION('',(#4290),#4300);
#4290 = B_SPLINE_CURVE_WITH_KNOTS('',8,(#4291,#4292,#4293,#4294,#4295,
    #4296,#4297,#4298,#4299),.UNSPECIFIED.,.F.,.F.,(9,9),(1.570796326795
    ,4.712388980385),.PIECEWISE_BEZIER_KNOTS.);
#4291 = CARTESIAN_POINT('',(1.570796326795,1.42108547152E-13));
#4292 = CARTESIAN_POINT('',(1.963495408494,0.163623868645));
#4293 = CARTESIAN_POINT('',(2.356194490188,0.327249041947));
#4294 = CARTESIAN_POINT('',(2.748893571902,0.452410149346));
#4295 = CARTESIAN_POINT('',(3.141592653571,0.500747102914));
#4296 = CARTESIAN_POINT('',(3.534291735302,0.452410149346));
#4297 = CARTESIAN_POINT('',(3.926990816982,0.327249041947));
#4298 = CARTESIAN_POINT('',(4.319689898686,0.163623868645));
#4299 = CARTESIAN_POINT('',(4.712388980385,1.42108547152E-13));
#4300 = ( GEOMETRIC_REPRESENTATION_CONTEXT(2) 
PARAMETRIC_REPRESENTATION_CONTEXT() REPRESENTATION_CONTEXT('2D SPACE',''
  ) );
#4301 = PCURVE('',#4262,#4302);
#4302 = DEFINITIONAL_REPRESENTATION('',(#4303),#4313);
#4303 = B_SPLINE_CURVE_WITH_KNOTS('',8,(#4304,#4305,#4306,#4307,#4308,
    #4309,#4310,#4311,#4312),.UNSPECIFIED.,.F.,.F.,(9,9),(1.570796326795
    ,4.712388980385),.PIECEWISE_BEZIER_KNOTS.);
#4304 = CARTESIAN_POINT('',(1.570796326795,5.091638491318));
#4305 = CARTESIAN_POINT('',(1.963495408494,4.928014622674));
#4306 = CARTESIAN_POINT('',(2.35619449019,4.764389449371));
#4307 = CARTESIAN_POINT('',(2.748893571892,4.639228341959));
#4308 = CARTESIAN_POINT('',(3.141592653584,4.590891388402));
#4309 = CARTESIAN_POINT('',(3.534291735292,4.639228341956));
#4310 = CARTESIAN_POINT('',(3.926990816984,4.764389449371));
#4311 = CARTESIAN_POINT('',(4.319689898686,4.928014622674));
#4312 = CARTESIAN_POINT('',(4.712388980385,5.091638491318));
#4313 = ( GEOMETRIC_REPRESENTATION_CONTEXT(2) 
PARAMETRIC_REPRESENTATION_CONTEXT() REPRESENTATION_CONTEXT('2D SPACE',''
  ) );
#4314 = ORIENTED_EDGE('',*,*,#4315,.T.);
#4315 = EDGE_CURVE('',#4280,#4215,#4316,.T.);
#4316 = SURFACE_CURVE('',#4317,(#4322,#4334),.PCURVE_S1.);
#4317 = ELLIPSE('',#4318,4.7806919763,4.7625);
#4318 = AXIS2_PLACEMENT_3D('',#4319,#4320,#4321);
#4319 = CARTESIAN_POINT('',(-25.29660204454,193.675,0.));
#4320 = DIRECTION('',(0.5,-0.866025403784,0.));
#4321 = DIRECTION('',(-0.866025403784,-0.5,0.));
#4322 = PCURVE('',#3990,#4323);
#4323 = DEFINITIONAL_REPRESENTATION('',(#4324),#4333);
#4324 = B_SPLINE_CURVE_WITH_KNOTS('',7,(#4325,#4326,#4327,#4328,#4329,
    #4330,#4331,#4332),.UNSPECIFIED.,.F.,.F.,(8,8),(4.712388980385,
    6.28318530718),.PIECEWISE_BEZIER_KNOTS.);
#4325 = CARTESIAN_POINT('',(4.712388980385,1.42108547152E-13));
#4326 = CARTESIAN_POINT('',(4.936788455641,-9.349935351117E-02));
#4327 = CARTESIAN_POINT('',(5.161187930898,-0.18699832736));
#4328 = CARTESIAN_POINT('',(5.385587406153,-0.272809929049));
#4329 = CARTESIAN_POINT('',(5.609986881412,-0.343232806322));
#4330 = CARTESIAN_POINT('',(5.834386356667,-0.392186258466));
#4331 = CARTESIAN_POINT('',(6.058785831923,-0.416664760042));
#4332 = CARTESIAN_POINT('',(6.28318530718,-0.416664760042));
#4333 = ( GEOMETRIC_REPRESENTATION_CONTEXT(2) 
PARAMETRIC_REPRESENTATION_CONTEXT() REPRESENTATION_CONTEXT('2D SPACE',''
  ) );
#4334 = PCURVE('',#4262,#4335);
#4335 = DEFINITIONAL_REPRESENTATION('',(#4336),#4345);
#4336 = B_SPLINE_CURVE_WITH_KNOTS('',7,(#4337,#4338,#4339,#4340,#4341,
    #4342,#4343,#4344),.UNSPECIFIED.,.F.,.F.,(8,8),(4.712388980385,
    6.28318530718),.PIECEWISE_BEZIER_KNOTS.);
#4337 = CARTESIAN_POINT('',(4.712388980385,5.091638491318));
#4338 = CARTESIAN_POINT('',(4.936788455641,5.18513784483));
#4339 = CARTESIAN_POINT('',(5.161187930897,5.278636818678));
#4340 = CARTESIAN_POINT('',(5.385587406155,5.364448420369));
#4341 = CARTESIAN_POINT('',(5.60998688141,5.434871297639));
#4342 = CARTESIAN_POINT('',(5.834386356667,5.483824749785));
#4343 = CARTESIAN_POINT('',(6.058785831923,5.508303251361));
#4344 = CARTESIAN_POINT('',(6.28318530718,5.508303251361));
#4345 = ( GEOMETRIC_REPRESENTATION_CONTEXT(2) 
PARAMETRIC_REPRESENTATION_CONTEXT() REPRESENTATION_CONTEXT('2D SPACE',''
  ) );
#4346 = ADVANCED_FACE('',(#4347),#4122,.T.);
#4347 = FACE_BOUND('',#4348,.T.);
#4348 = EDGE_LOOP('',(#4349,#4371,#4410,#4446,#4478,#4479,#4480,#4481));
#4349 = ORIENTED_EDGE('',*,*,#4350,.T.);
#4350 = EDGE_CURVE('',#4079,#4351,#4353,.T.);
#4351 = VERTEX_POINT('',#4352);
#4352 = CARTESIAN_POINT('',(-31.94080242553,219.90550134147,0.));
#4353 = SEAM_CURVE('',#4354,(#4358,#4364),.PCURVE_S1.);
#4354 = LINE('',#4355,#4356);
#4355 = CARTESIAN_POINT('',(-29.6128928803,224.89771947154,0.));
#4356 = VECTOR('',#4357,1.);
#4357 = DIRECTION('',(-0.422618261741,-0.906307787037,0.));
#4358 = PCURVE('',#4122,#4359);
#4359 = DEFINITIONAL_REPRESENTATION('',(#4360),#4363);
#4360 = B_SPLINE_CURVE_WITH_KNOTS('',1,(#4361,#4362),.UNSPECIFIED.,.F.,
  .F.,(2,2),(-2.30092028444,7.392558775758),.PIECEWISE_BEZIER_KNOTS.);
#4361 = CARTESIAN_POINT('',(6.28318530718,-2.30092028444));
#4362 = CARTESIAN_POINT('',(6.28318530718,7.392558775758));
#4363 = ( GEOMETRIC_REPRESENTATION_CONTEXT(2) 
PARAMETRIC_REPRESENTATION_CONTEXT() REPRESENTATION_CONTEXT('2D SPACE',''
  ) );
#4364 = PCURVE('',#4122,#4365);
#4365 = DEFINITIONAL_REPRESENTATION('',(#4366),#4370);
#4366 = LINE('',#4367,#4368);
#4367 = CARTESIAN_POINT('',(0.,0.));
#4368 = VECTOR('',#4369,1.);
#4369 = DIRECTION('',(0.,1.));
#4370 = ( GEOMETRIC_REPRESENTATION_CONTEXT(2) 
PARAMETRIC_REPRESENTATION_CONTEXT() REPRESENTATION_CONTEXT('2D SPACE',''
  ) );
#4371 = ORIENTED_EDGE('',*,*,#4372,.F.);
#4372 = EDGE_CURVE('',#4373,#4351,#4375,.T.);
#4373 = VERTEX_POINT('',#4374);
#4374 = CARTESIAN_POINT('',(-27.44842145315,218.27040838654,4.7625));
#4375 = SURFACE_CURVE('',#4376,(#4381,#4393),.PCURVE_S1.);
#4376 = ELLIPSE('',#4377,4.7806919763,4.7625);
#4377 = AXIS2_PLACEMENT_3D('',#4378,#4379,#4380);
#4378 = CARTESIAN_POINT('',(-27.44842145315,218.27040838654,0.));
#4379 = DIRECTION('',(-0.342020143326,-0.939692620786,0.));
#4380 = DIRECTION('',(-0.939692620786,0.342020143326,0.));
#4381 = PCURVE('',#4122,#4382);
#4382 = DEFINITIONAL_REPRESENTATION('',(#4383),#4392);
#4383 = B_SPLINE_CURVE_WITH_KNOTS('',7,(#4384,#4385,#4386,#4387,#4388,
    #4389,#4390,#4391),.UNSPECIFIED.,.F.,.F.,(8,8),(4.712388980385,
    6.28318530718),.PIECEWISE_BEZIER_KNOTS.);
#4384 = CARTESIAN_POINT('',(4.712388980385,5.091638491318));
#4385 = CARTESIAN_POINT('',(4.936788455641,5.185137844829));
#4386 = CARTESIAN_POINT('',(5.161187930897,5.278636818678));
#4387 = CARTESIAN_POINT('',(5.385587406154,5.364448420369));
#4388 = CARTESIAN_POINT('',(5.609986881411,5.434871297638));
#4389 = CARTESIAN_POINT('',(5.834386356667,5.483824749785));
#4390 = CARTESIAN_POINT('',(6.058785831923,5.50830325136));
#4391 = CARTESIAN_POINT('',(6.28318530718,5.50830325136));
#4392 = ( GEOMETRIC_REPRESENTATION_CONTEXT(2) 
PARAMETRIC_REPRESENTATION_CONTEXT() REPRESENTATION_CONTEXT('2D SPACE',''
  ) );
#4393 = PCURVE('',#4394,#4399);
#4394 = CYLINDRICAL_SURFACE('',#4395,4.7625);
#4395 = AXIS2_PLACEMENT_3D('',#4396,#4397,#4398);
#4396 = CARTESIAN_POINT('',(-27.44842145315,218.27040838654,0.));
#4397 = DIRECTION('',(-0.258819045103,-0.965925826289,0.));
#4398 = DIRECTION('',(-0.965925826289,0.258819045103,0.));
#4399 = DEFINITIONAL_REPRESENTATION('',(#4400),#4409);
#4400 = B_SPLINE_CURVE_WITH_KNOTS('',7,(#4401,#4402,#4403,#4404,#4405,
    #4406,#4407,#4408),.UNSPECIFIED.,.F.,.F.,(8,8),(4.712388980385,
    6.28318530718),.PIECEWISE_BEZIER_KNOTS.);
#4401 = CARTESIAN_POINT('',(4.712388980385,-1.136868377216E-13));
#4402 = CARTESIAN_POINT('',(4.936788455641,-9.349935351143E-02));
#4403 = CARTESIAN_POINT('',(5.161187930897,-0.186998327361));
#4404 = CARTESIAN_POINT('',(5.385587406155,-0.272809929049));
#4405 = CARTESIAN_POINT('',(5.60998688141,-0.343232806322));
#4406 = CARTESIAN_POINT('',(5.834386356667,-0.392186258466));
#4407 = CARTESIAN_POINT('',(6.058785831923,-0.416664760042));
#4408 = CARTESIAN_POINT('',(6.28318530718,-0.416664760042));
#4409 = ( GEOMETRIC_REPRESENTATION_CONTEXT(2) 
PARAMETRIC_REPRESENTATION_CONTEXT() REPRESENTATION_CONTEXT('2D SPACE',''
  ) );
#4410 = ORIENTED_EDGE('',*,*,#4411,.F.);
#4411 = EDGE_CURVE('',#4412,#4373,#4414,.T.);
#4412 = VERTEX_POINT('',#4413);
#4413 = CARTESIAN_POINT('',(-27.44842145315,218.27040838654,-4.7625));
#4414 = SURFACE_CURVE('',#4415,(#4420,#4433),.PCURVE_S1.);
#4415 = ELLIPSE('',#4416,4.7806919763,4.7625);
#4416 = AXIS2_PLACEMENT_3D('',#4417,#4418,#4419);
#4417 = CARTESIAN_POINT('',(-27.44842145315,218.27040838654,0.));
#4418 = DIRECTION('',(-0.342020143326,-0.939692620786,0.));
#4419 = DIRECTION('',(-0.939692620786,0.342020143326,0.));
#4420 = PCURVE('',#4122,#4421);
#4421 = DEFINITIONAL_REPRESENTATION('',(#4422),#4432);
#4422 = B_SPLINE_CURVE_WITH_KNOTS('',8,(#4423,#4424,#4425,#4426,#4427,
    #4428,#4429,#4430,#4431),.UNSPECIFIED.,.F.,.F.,(9,9),(1.570796326795
    ,4.712388980385),.PIECEWISE_BEZIER_KNOTS.);
#4423 = CARTESIAN_POINT('',(1.570796326795,5.091638491318));
#4424 = CARTESIAN_POINT('',(1.963495408494,4.928014622673));
#4425 = CARTESIAN_POINT('',(2.356194490186,4.764389449368));
#4426 = CARTESIAN_POINT('',(2.748893571909,4.639228341979));
#4427 = CARTESIAN_POINT('',(3.141592653549,4.590891388373));
#4428 = CARTESIAN_POINT('',(3.534291735309,4.639228341976));
#4429 = CARTESIAN_POINT('',(3.926990816982,4.764389449367));
#4430 = CARTESIAN_POINT('',(4.319689898686,4.928014622673));
#4431 = CARTESIAN_POINT('',(4.712388980385,5.091638491318));
#4432 = ( GEOMETRIC_REPRESENTATION_CONTEXT(2) 
PARAMETRIC_REPRESENTATION_CONTEXT() REPRESENTATION_CONTEXT('2D SPACE',''
  ) );
#4433 = PCURVE('',#4394,#4434);
#4434 = DEFINITIONAL_REPRESENTATION('',(#4435),#4445);
#4435 = B_SPLINE_CURVE_WITH_KNOTS('',8,(#4436,#4437,#4438,#4439,#4440,
    #4441,#4442,#4443,#4444),.UNSPECIFIED.,.F.,.F.,(9,9),(1.570796326795
    ,4.712388980385),.PIECEWISE_BEZIER_KNOTS.);
#4436 = CARTESIAN_POINT('',(1.570796326795,-1.136868377216E-13));
#4437 = CARTESIAN_POINT('',(1.963495408494,0.163623868645));
#4438 = CARTESIAN_POINT('',(2.356194490189,0.327249041946));
#4439 = CARTESIAN_POINT('',(2.748893571899,0.452410149347));
#4440 = CARTESIAN_POINT('',(3.141592653566,0.50074710291));
#4441 = CARTESIAN_POINT('',(3.534291735294,0.452410149348));
#4442 = CARTESIAN_POINT('',(3.926990816983,0.327249041946));
#4443 = CARTESIAN_POINT('',(4.319689898686,0.163623868645));
#4444 = CARTESIAN_POINT('',(4.712388980385,-1.136868377216E-13));
#4445 = ( GEOMETRIC_REPRESENTATION_CONTEXT(2) 
PARAMETRIC_REPRESENTATION_CONTEXT() REPRESENTATION_CONTEXT('2D SPACE',''
  ) );
#4446 = ORIENTED_EDGE('',*,*,#4447,.F.);
#4447 = EDGE_CURVE('',#4351,#4412,#4448,.T.);
#4448 = SURFACE_CURVE('',#4449,(#4454,#4466),.PCURVE_S1.);
#4449 = ELLIPSE('',#4450,4.7806919763,4.7625);
#4450 = AXIS2_PLACEMENT_3D('',#4451,#4452,#4453);
#4451 = CARTESIAN_POINT('',(-27.44842145315,218.27040838654,0.));
#4452 = DIRECTION('',(-0.342020143326,-0.939692620786,0.));
#4453 = DIRECTION('',(-0.939692620786,0.342020143326,0.));
#4454 = PCURVE('',#4122,#4455);
#4455 = DEFINITIONAL_REPRESENTATION('',(#4456),#4465);
#4456 = B_SPLINE_CURVE_WITH_KNOTS('',7,(#4457,#4458,#4459,#4460,#4461,
    #4462,#4463,#4464),.UNSPECIFIED.,.F.,.F.,(8,8),(0.,1.570796326795),
  .PIECEWISE_BEZIER_KNOTS.);
#4457 = CARTESIAN_POINT('',(0.,5.50830325136));
#4458 = CARTESIAN_POINT('',(0.224399475256,5.50830325136));
#4459 = CARTESIAN_POINT('',(0.448798950513,5.483824749785));
#4460 = CARTESIAN_POINT('',(0.673198425769,5.434871297639));
#4461 = CARTESIAN_POINT('',(0.897597901026,5.364448420369));
#4462 = CARTESIAN_POINT('',(1.121997376282,5.278636818678));
#4463 = CARTESIAN_POINT('',(1.346396851538,5.185137844829));
#4464 = CARTESIAN_POINT('',(1.570796326795,5.091638491318));
#4465 = ( GEOMETRIC_REPRESENTATION_CONTEXT(2) 
PARAMETRIC_REPRESENTATION_CONTEXT() REPRESENTATION_CONTEXT('2D SPACE',''
  ) );
#4466 = PCURVE('',#4394,#4467);
#4467 = DEFINITIONAL_REPRESENTATION('',(#4468),#4477);
#4468 = B_SPLINE_CURVE_WITH_KNOTS('',7,(#4469,#4470,#4471,#4472,#4473,
    #4474,#4475,#4476),.UNSPECIFIED.,.F.,.F.,(8,8),(0.,1.570796326795),
  .PIECEWISE_BEZIER_KNOTS.);
#4469 = CARTESIAN_POINT('',(0.,-0.416664760042));
#4470 = CARTESIAN_POINT('',(0.224399475256,-0.416664760042));
#4471 = CARTESIAN_POINT('',(0.448798950513,-0.392186258466));
#4472 = CARTESIAN_POINT('',(0.673198425769,-0.343232806322));
#4473 = CARTESIAN_POINT('',(0.897597901026,-0.272809929049));
#4474 = CARTESIAN_POINT('',(1.121997376282,-0.186998327361));
#4475 = CARTESIAN_POINT('',(1.346396851538,-9.349935351143E-02));
#4476 = CARTESIAN_POINT('',(1.570796326795,-1.136868377216E-13));
#4477 = ( GEOMETRIC_REPRESENTATION_CONTEXT(2) 
PARAMETRIC_REPRESENTATION_CONTEXT() REPRESENTATION_CONTEXT('2D SPACE',''
  ) );
#4478 = ORIENTED_EDGE('',*,*,#4350,.F.);
#4479 = ORIENTED_EDGE('',*,*,#4175,.T.);
#4480 = ORIENTED_EDGE('',*,*,#4139,.T.);
#4481 = ORIENTED_EDGE('',*,*,#4100,.T.);
#4482 = ADVANCED_FACE('',(#4483),#4262,.T.);
#4483 = FACE_BOUND('',#4484,.T.);
#4484 = EDGE_LOOP('',(#4485,#4507,#4508,#4509,#4510,#4511,#4550,#4586));
#4485 = ORIENTED_EDGE('',*,*,#4486,.T.);
#4486 = EDGE_CURVE('',#4487,#4215,#4489,.T.);
#4487 = VERTEX_POINT('',#4488);
#4488 = CARTESIAN_POINT('',(-31.94080242553,196.65449865852,0.));
#4489 = SEAM_CURVE('',#4490,(#4494,#4500),.PCURVE_S1.);
#4490 = LINE('',#4491,#4492);
#4491 = CARTESIAN_POINT('',(-31.76471228891,196.27687214191,0.));
#4492 = VECTOR('',#4493,1.);
#4493 = DIRECTION('',(0.422618261741,-0.906307787037,0.));
#4494 = PCURVE('',#4262,#4495);
#4495 = DEFINITIONAL_REPRESENTATION('',(#4496),#4499);
#4496 = B_SPLINE_CURVE_WITH_KNOTS('',1,(#4497,#4498),.UNSPECIFIED.,.F.,
  .F.,(2,2),(-2.30092028444,7.392558775758),.PIECEWISE_BEZIER_KNOTS.);
#4497 = CARTESIAN_POINT('',(6.28318530718,-2.30092028444));
#4498 = CARTESIAN_POINT('',(6.28318530718,7.392558775758));
#4499 = ( GEOMETRIC_REPRESENTATION_CONTEXT(2) 
PARAMETRIC_REPRESENTATION_CONTEXT() REPRESENTATION_CONTEXT('2D SPACE',''
  ) );
#4500 = PCURVE('',#4262,#4501);
#4501 = DEFINITIONAL_REPRESENTATION('',(#4502),#4506);
#4502 = LINE('',#4503,#4504);
#4503 = CARTESIAN_POINT('',(0.,0.));
#4504 = VECTOR('',#4505,1.);
#4505 = DIRECTION('',(0.,1.));
#4506 = ( GEOMETRIC_REPRESENTATION_CONTEXT(2) 
PARAMETRIC_REPRESENTATION_CONTEXT() REPRESENTATION_CONTEXT('2D SPACE',''
  ) );
#4507 = ORIENTED_EDGE('',*,*,#4315,.F.);
#4508 = ORIENTED_EDGE('',*,*,#4279,.F.);
#4509 = ORIENTED_EDGE('',*,*,#4240,.F.);
#4510 = ORIENTED_EDGE('',*,*,#4486,.F.);
#4511 = ORIENTED_EDGE('',*,*,#4512,.T.);
#4512 = EDGE_CURVE('',#4487,#4513,#4515,.T.);
#4513 = VERTEX_POINT('',#4514);
#4514 = CARTESIAN_POINT('',(-27.44842145315,198.28959161345,-4.7625));
#4515 = SURFACE_CURVE('',#4516,(#4521,#4533),.PCURVE_S1.);
#4516 = ELLIPSE('',#4517,4.7806919763,4.7625);
#4517 = AXIS2_PLACEMENT_3D('',#4518,#4519,#4520);
#4518 = CARTESIAN_POINT('',(-27.44842145315,198.28959161345,0.));
#4519 = DIRECTION('',(0.342020143326,-0.939692620786,0.));
#4520 = DIRECTION('',(-0.939692620786,-0.342020143326,0.));
#4521 = PCURVE('',#4262,#4522);
#4522 = DEFINITIONAL_REPRESENTATION('',(#4523),#4532);
#4523 = B_SPLINE_CURVE_WITH_KNOTS('',7,(#4524,#4525,#4526,#4527,#4528,
    #4529,#4530,#4531),.UNSPECIFIED.,.F.,.F.,(8,8),(0.,1.570796326795),
  .PIECEWISE_BEZIER_KNOTS.);
#4524 = CARTESIAN_POINT('',(0.,-0.416664760042));
#4525 = CARTESIAN_POINT('',(0.224399475256,-0.416664760042));
#4526 = CARTESIAN_POINT('',(0.448798950513,-0.392186258466));
#4527 = CARTESIAN_POINT('',(0.673198425769,-0.343232806322));
#4528 = CARTESIAN_POINT('',(0.897597901026,-0.272809929049));
#4529 = CARTESIAN_POINT('',(1.121997376282,-0.18699832736));
#4530 = CARTESIAN_POINT('',(1.346396851538,-9.349935351126E-02));
#4531 = CARTESIAN_POINT('',(1.570796326795,5.684341886081E-14));
#4532 = ( GEOMETRIC_REPRESENTATION_CONTEXT(2) 
PARAMETRIC_REPRESENTATION_CONTEXT() REPRESENTATION_CONTEXT('2D SPACE',''
  ) );
#4533 = PCURVE('',#4534,#4539);
#4534 = CYLINDRICAL_SURFACE('',#4535,4.7625);
#4535 = AXIS2_PLACEMENT_3D('',#4536,#4537,#4538);
#4536 = CARTESIAN_POINT('',(-28.76623446548,203.20773673034,0.));
#4537 = DIRECTION('',(0.258819045103,-0.965925826289,0.));
#4538 = DIRECTION('',(-0.965925826289,-0.258819045103,0.));
#4539 = DEFINITIONAL_REPRESENTATION('',(#4540),#4549);
#4540 = B_SPLINE_CURVE_WITH_KNOTS('',7,(#4541,#4542,#4543,#4544,#4545,
    #4546,#4547,#4548),.UNSPECIFIED.,.F.,.F.,(8,8),(0.,1.570796326795),
  .PIECEWISE_BEZIER_KNOTS.);
#4541 = CARTESIAN_POINT('',(0.,5.50830325136));
#4542 = CARTESIAN_POINT('',(0.224399475256,5.50830325136));
#4543 = CARTESIAN_POINT('',(0.448798950513,5.483824749784));
#4544 = CARTESIAN_POINT('',(0.673198425769,5.43487129764));
#4545 = CARTESIAN_POINT('',(0.897597901026,5.364448420367));
#4546 = CARTESIAN_POINT('',(1.121997376282,5.278636818679));
#4547 = CARTESIAN_POINT('',(1.346396851538,5.18513784483));
#4548 = CARTESIAN_POINT('',(1.570796326795,5.091638491318));
#4549 = ( GEOMETRIC_REPRESENTATION_CONTEXT(2) 
PARAMETRIC_REPRESENTATION_CONTEXT() REPRESENTATION_CONTEXT('2D SPACE',''
  ) );
#4550 = ORIENTED_EDGE('',*,*,#4551,.T.);
#4551 = EDGE_CURVE('',#4513,#4552,#4554,.T.);
#4552 = VERTEX_POINT('',#4553);
#4553 = CARTESIAN_POINT('',(-27.44842145315,198.28959161345,4.7625));
#4554 = SURFACE_CURVE('',#4555,(#4560,#4573),.PCURVE_S1.);
#4555 = ELLIPSE('',#4556,4.7806919763,4.7625);
#4556 = AXIS2_PLACEMENT_3D('',#4557,#4558,#4559);
#4557 = CARTESIAN_POINT('',(-27.44842145315,198.28959161345,0.));
#4558 = DIRECTION('',(0.342020143326,-0.939692620786,0.));
#4559 = DIRECTION('',(-0.939692620786,-0.342020143326,0.));
#4560 = PCURVE('',#4262,#4561);
#4561 = DEFINITIONAL_REPRESENTATION('',(#4562),#4572);
#4562 = B_SPLINE_CURVE_WITH_KNOTS('',8,(#4563,#4564,#4565,#4566,#4567,
    #4568,#4569,#4570,#4571),.UNSPECIFIED.,.F.,.F.,(9,9),(1.570796326795
    ,4.712388980385),.PIECEWISE_BEZIER_KNOTS.);
#4563 = CARTESIAN_POINT('',(1.570796326795,5.684341886081E-14));
#4564 = CARTESIAN_POINT('',(1.963495408494,0.163623868645));
#4565 = CARTESIAN_POINT('',(2.356194490191,0.327249041947));
#4566 = CARTESIAN_POINT('',(2.748893571888,0.452410149347));
#4567 = CARTESIAN_POINT('',(3.141592653583,0.500747102912));
#4568 = CARTESIAN_POINT('',(3.534291735287,0.452410149347));
#4569 = CARTESIAN_POINT('',(3.926990816985,0.327249041947));
#4570 = CARTESIAN_POINT('',(4.319689898686,0.163623868645));
#4571 = CARTESIAN_POINT('',(4.712388980385,5.684341886081E-14));
#4572 = ( GEOMETRIC_REPRESENTATION_CONTEXT(2) 
PARAMETRIC_REPRESENTATION_CONTEXT() REPRESENTATION_CONTEXT('2D SPACE',''
  ) );
#4573 = PCURVE('',#4534,#4574);
#4574 = DEFINITIONAL_REPRESENTATION('',(#4575),#4585);
#4575 = B_SPLINE_CURVE_WITH_KNOTS('',8,(#4576,#4577,#4578,#4579,#4580,
    #4581,#4582,#4583,#4584),.UNSPECIFIED.,.F.,.F.,(9,9),(1.570796326795
    ,4.712388980385),.PIECEWISE_BEZIER_KNOTS.);
#4576 = CARTESIAN_POINT('',(1.570796326795,5.091638491318));
#4577 = CARTESIAN_POINT('',(1.963495408494,4.928014622673));
#4578 = CARTESIAN_POINT('',(2.356194490191,4.764389449369));
#4579 = CARTESIAN_POINT('',(2.748893571893,4.639228341975));
#4580 = CARTESIAN_POINT('',(3.141592653574,4.59089138839));
#4581 = CARTESIAN_POINT('',(3.534291735288,4.639228341973));
#4582 = CARTESIAN_POINT('',(3.926990816985,4.764389449368));
#4583 = CARTESIAN_POINT('',(4.319689898686,4.928014622673));
#4584 = CARTESIAN_POINT('',(4.712388980385,5.091638491318));
#4585 = ( GEOMETRIC_REPRESENTATION_CONTEXT(2) 
PARAMETRIC_REPRESENTATION_CONTEXT() REPRESENTATION_CONTEXT('2D SPACE',''
  ) );
#4586 = ORIENTED_EDGE('',*,*,#4587,.T.);
#4587 = EDGE_CURVE('',#4552,#4487,#4588,.T.);
#4588 = SURFACE_CURVE('',#4589,(#4594,#4606),.PCURVE_S1.);
#4589 = ELLIPSE('',#4590,4.7806919763,4.7625);
#4590 = AXIS2_PLACEMENT_3D('',#4591,#4592,#4593);
#4591 = CARTESIAN_POINT('',(-27.44842145315,198.28959161345,0.));
#4592 = DIRECTION('',(0.342020143326,-0.939692620786,0.));
#4593 = DIRECTION('',(-0.939692620786,-0.342020143326,0.));
#4594 = PCURVE('',#4262,#4595);
#4595 = DEFINITIONAL_REPRESENTATION('',(#4596),#4605);
#4596 = B_SPLINE_CURVE_WITH_KNOTS('',7,(#4597,#4598,#4599,#4600,#4601,
    #4602,#4603,#4604),.UNSPECIFIED.,.F.,.F.,(8,8),(4.712388980385,
    6.28318530718),.PIECEWISE_BEZIER_KNOTS.);
#4597 = CARTESIAN_POINT('',(4.712388980385,5.684341886081E-14));
#4598 = CARTESIAN_POINT('',(4.936788455641,-9.349935351126E-02));
#4599 = CARTESIAN_POINT('',(5.161187930898,-0.18699832736));
#4600 = CARTESIAN_POINT('',(5.385587406154,-0.272809929049));
#4601 = CARTESIAN_POINT('',(5.609986881412,-0.343232806322));
#4602 = CARTESIAN_POINT('',(5.834386356666,-0.392186258466));
#4603 = CARTESIAN_POINT('',(6.058785831923,-0.416664760042));
#4604 = CARTESIAN_POINT('',(6.28318530718,-0.416664760042));
#4605 = ( GEOMETRIC_REPRESENTATION_CONTEXT(2) 
PARAMETRIC_REPRESENTATION_CONTEXT() REPRESENTATION_CONTEXT('2D SPACE',''
  ) );
#4606 = PCURVE('',#4534,#4607);
#4607 = DEFINITIONAL_REPRESENTATION('',(#4608),#4617);
#4608 = B_SPLINE_CURVE_WITH_KNOTS('',7,(#4609,#4610,#4611,#4612,#4613,
    #4614,#4615,#4616),.UNSPECIFIED.,.F.,.F.,(8,8),(4.712388980385,
    6.28318530718),.PIECEWISE_BEZIER_KNOTS.);
#4609 = CARTESIAN_POINT('',(4.712388980385,5.091638491318));
#4610 = CARTESIAN_POINT('',(4.936788455641,5.18513784483));
#4611 = CARTESIAN_POINT('',(5.161187930898,5.278636818678));
#4612 = CARTESIAN_POINT('',(5.385587406153,5.364448420368));
#4613 = CARTESIAN_POINT('',(5.609986881411,5.43487129764));
#4614 = CARTESIAN_POINT('',(5.834386356667,5.483824749785));
#4615 = CARTESIAN_POINT('',(6.058785831923,5.50830325136));
#4616 = CARTESIAN_POINT('',(6.28318530718,5.50830325136));
#4617 = ( GEOMETRIC_REPRESENTATION_CONTEXT(2) 
PARAMETRIC_REPRESENTATION_CONTEXT() REPRESENTATION_CONTEXT('2D SPACE',''
  ) );
#4618 = ADVANCED_FACE('',(#4619),#4394,.T.);
#4619 = FACE_BOUND('',#4620,.T.);
#4620 = EDGE_LOOP('',(#4621,#4643,#4682,#4718,#4750,#4751,#4752,#4753));
#4621 = ORIENTED_EDGE('',*,*,#4622,.T.);
#4622 = EDGE_CURVE('',#4351,#4623,#4625,.T.);
#4623 = VERTEX_POINT('',#4624);
#4624 = CARTESIAN_POINT('',(-33.47429698851,214.18242171932,0.));
#4625 = SEAM_CURVE('',#4626,(#4630,#4636),.PCURVE_S1.);
#4626 = LINE('',#4627,#4628);
#4627 = CARTESIAN_POINT('',(-32.04864320085,219.50303408884,0.));
#4628 = VECTOR('',#4629,1.);
#4629 = DIRECTION('',(-0.258819045103,-0.965925826289,0.));
#4630 = PCURVE('',#4394,#4631);
#4631 = DEFINITIONAL_REPRESENTATION('',(#4632),#4635);
#4632 = B_SPLINE_CURVE_WITH_KNOTS('',1,(#4633,#4634),.UNSPECIFIED.,.F.,
  .F.,(2,2),(-2.30092028444,7.392558775758),.PIECEWISE_BEZIER_KNOTS.);
#4633 = CARTESIAN_POINT('',(6.28318530718,-2.30092028444));
#4634 = CARTESIAN_POINT('',(6.28318530718,7.392558775758));
#4635 = ( GEOMETRIC_REPRESENTATION_CONTEXT(2) 
PARAMETRIC_REPRESENTATION_CONTEXT() REPRESENTATION_CONTEXT('2D SPACE',''
  ) );
#4636 = PCURVE('',#4394,#4637);
#4637 = DEFINITIONAL_REPRESENTATION('',(#4638),#4642);
#4638 = LINE('',#4639,#4640);
#4639 = CARTESIAN_POINT('',(0.,0.));
#4640 = VECTOR('',#4641,1.);
#4641 = DIRECTION('',(0.,1.));
#4642 = ( GEOMETRIC_REPRESENTATION_CONTEXT(2) 
PARAMETRIC_REPRESENTATION_CONTEXT() REPRESENTATION_CONTEXT('2D SPACE',''
  ) );
#4643 = ORIENTED_EDGE('',*,*,#4644,.F.);
#4644 = EDGE_CURVE('',#4645,#4623,#4647,.T.);
#4645 = VERTEX_POINT('',#4646);
#4646 = CARTESIAN_POINT('',(-28.76623446548,213.35226326965,4.7625));
#4647 = SURFACE_CURVE('',#4648,(#4653,#4665),.PCURVE_S1.);
#4648 = ELLIPSE('',#4649,4.7806919763,4.7625);
#4649 = AXIS2_PLACEMENT_3D('',#4650,#4651,#4652);
#4650 = CARTESIAN_POINT('',(-28.76623446548,213.35226326965,0.));
#4651 = DIRECTION('',(-0.173648177667,-0.984807753012,0.));
#4652 = DIRECTION('',(-0.984807753012,0.173648177667,0.));
#4653 = PCURVE('',#4394,#4654);
#4654 = DEFINITIONAL_REPRESENTATION('',(#4655),#4664);
#4655 = B_SPLINE_CURVE_WITH_KNOTS('',7,(#4656,#4657,#4658,#4659,#4660,
    #4661,#4662,#4663),.UNSPECIFIED.,.F.,.F.,(8,8),(4.712388980385,
    6.28318530718),.PIECEWISE_BEZIER_KNOTS.);
#4656 = CARTESIAN_POINT('',(4.712388980385,5.091638491318));
#4657 = CARTESIAN_POINT('',(4.936788455641,5.185137844829));
#4658 = CARTESIAN_POINT('',(5.161187930898,5.278636818678));
#4659 = CARTESIAN_POINT('',(5.385587406153,5.364448420368));
#4660 = CARTESIAN_POINT('',(5.609986881412,5.43487129764));
#4661 = CARTESIAN_POINT('',(5.834386356667,5.483824749785));
#4662 = CARTESIAN_POINT('',(6.058785831923,5.50830325136));
#4663 = CARTESIAN_POINT('',(6.28318530718,5.50830325136));
#4664 = ( GEOMETRIC_REPRESENTATION_CONTEXT(2) 
PARAMETRIC_REPRESENTATION_CONTEXT() REPRESENTATION_CONTEXT('2D SPACE',''
  ) );
#4665 = PCURVE('',#4666,#4671);
#4666 = CYLINDRICAL_SURFACE('',#4667,4.7625);
#4667 = AXIS2_PLACEMENT_3D('',#4668,#4669,#4670);
#4668 = CARTESIAN_POINT('',(-28.76623446548,213.35226326965,0.));
#4669 = DIRECTION('',(-8.715574274766E-02,-0.996194698092,0.));
#4670 = DIRECTION('',(-0.996194698092,8.715574274766E-02,0.));
#4671 = DEFINITIONAL_REPRESENTATION('',(#4672),#4681);
#4672 = B_SPLINE_CURVE_WITH_KNOTS('',7,(#4673,#4674,#4675,#4676,#4677,
    #4678,#4679,#4680),.UNSPECIFIED.,.F.,.F.,(8,8),(4.712388980385,
    6.28318530718),.PIECEWISE_BEZIER_KNOTS.);
#4673 = CARTESIAN_POINT('',(4.712388980385,-2.84217094304E-14));
#4674 = CARTESIAN_POINT('',(4.936788455641,-9.349935351134E-02));
#4675 = CARTESIAN_POINT('',(5.161187930898,-0.18699832736));
#4676 = CARTESIAN_POINT('',(5.385587406154,-0.272809929049));
#4677 = CARTESIAN_POINT('',(5.609986881412,-0.343232806322));
#4678 = CARTESIAN_POINT('',(5.834386356666,-0.392186258466));
#4679 = CARTESIAN_POINT('',(6.058785831923,-0.416664760042));
#4680 = CARTESIAN_POINT('',(6.28318530718,-0.416664760042));
#4681 = ( GEOMETRIC_REPRESENTATION_CONTEXT(2) 
PARAMETRIC_REPRESENTATION_CONTEXT() REPRESENTATION_CONTEXT('2D SPACE',''
  ) );
#4682 = ORIENTED_EDGE('',*,*,#4683,.F.);
#4683 = EDGE_CURVE('',#4684,#4645,#4686,.T.);
#4684 = VERTEX_POINT('',#4685);
#4685 = CARTESIAN_POINT('',(-28.76623446548,213.35226326965,-4.7625));
#4686 = SURFACE_CURVE('',#4687,(#4692,#4705),.PCURVE_S1.);
#4687 = ELLIPSE('',#4688,4.7806919763,4.7625);
#4688 = AXIS2_PLACEMENT_3D('',#4689,#4690,#4691);
#4689 = CARTESIAN_POINT('',(-28.76623446548,213.35226326965,0.));
#4690 = DIRECTION('',(-0.173648177667,-0.984807753012,0.));
#4691 = DIRECTION('',(-0.984807753012,0.173648177667,0.));
#4692 = PCURVE('',#4394,#4693);
#4693 = DEFINITIONAL_REPRESENTATION('',(#4694),#4704);
#4694 = B_SPLINE_CURVE_WITH_KNOTS('',8,(#4695,#4696,#4697,#4698,#4699,
    #4700,#4701,#4702,#4703),.UNSPECIFIED.,.F.,.F.,(9,9),(1.570796326795
    ,4.712388980385),.PIECEWISE_BEZIER_KNOTS.);
#4695 = CARTESIAN_POINT('',(1.570796326795,5.091638491318));
#4696 = CARTESIAN_POINT('',(1.963495408494,4.928014622673));
#4697 = CARTESIAN_POINT('',(2.356194490189,4.764389449371));
#4698 = CARTESIAN_POINT('',(2.748893571898,4.63922834196));
#4699 = CARTESIAN_POINT('',(3.141592653571,4.5908913884));
#4700 = CARTESIAN_POINT('',(3.534291735295,4.639228341969));
#4701 = CARTESIAN_POINT('',(3.926990816983,4.764389449372));
#4702 = CARTESIAN_POINT('',(4.319689898686,4.928014622673));
#4703 = CARTESIAN_POINT('',(4.712388980385,5.091638491318));
#4704 = ( GEOMETRIC_REPRESENTATION_CONTEXT(2) 
PARAMETRIC_REPRESENTATION_CONTEXT() REPRESENTATION_CONTEXT('2D SPACE',''
  ) );
#4705 = PCURVE('',#4666,#4706);
#4706 = DEFINITIONAL_REPRESENTATION('',(#4707),#4717);
#4707 = B_SPLINE_CURVE_WITH_KNOTS('',8,(#4708,#4709,#4710,#4711,#4712,
    #4713,#4714,#4715,#4716),.UNSPECIFIED.,.F.,.F.,(9,9),(1.570796326795
    ,4.712388980385),.PIECEWISE_BEZIER_KNOTS.);
#4708 = CARTESIAN_POINT('',(1.570796326795,-2.84217094304E-14));
#4709 = CARTESIAN_POINT('',(1.963495408494,0.163623868645));
#4710 = CARTESIAN_POINT('',(2.356194490187,0.327249041947));
#4711 = CARTESIAN_POINT('',(2.748893571905,0.452410149344));
#4712 = CARTESIAN_POINT('',(3.141592653559,0.500747102916));
#4713 = CARTESIAN_POINT('',(3.534291735305,0.452410149344));
#4714 = CARTESIAN_POINT('',(3.926990816981,0.327249041947));
#4715 = CARTESIAN_POINT('',(4.319689898686,0.163623868645));
#4716 = CARTESIAN_POINT('',(4.712388980385,-2.84217094304E-14));
#4717 = ( GEOMETRIC_REPRESENTATION_CONTEXT(2) 
PARAMETRIC_REPRESENTATION_CONTEXT() REPRESENTATION_CONTEXT('2D SPACE',''
  ) );
#4718 = ORIENTED_EDGE('',*,*,#4719,.F.);
#4719 = EDGE_CURVE('',#4623,#4684,#4720,.T.);
#4720 = SURFACE_CURVE('',#4721,(#4726,#4738),.PCURVE_S1.);
#4721 = ELLIPSE('',#4722,4.7806919763,4.7625);
#4722 = AXIS2_PLACEMENT_3D('',#4723,#4724,#4725);
#4723 = CARTESIAN_POINT('',(-28.76623446548,213.35226326965,0.));
#4724 = DIRECTION('',(-0.173648177667,-0.984807753012,0.));
#4725 = DIRECTION('',(-0.984807753012,0.173648177667,0.));
#4726 = PCURVE('',#4394,#4727);
#4727 = DEFINITIONAL_REPRESENTATION('',(#4728),#4737);
#4728 = B_SPLINE_CURVE_WITH_KNOTS('',7,(#4729,#4730,#4731,#4732,#4733,
    #4734,#4735,#4736),.UNSPECIFIED.,.F.,.F.,(8,8),(0.,1.570796326795),
  .PIECEWISE_BEZIER_KNOTS.);
#4729 = CARTESIAN_POINT('',(0.,5.50830325136));
#4730 = CARTESIAN_POINT('',(0.224399475256,5.50830325136));
#4731 = CARTESIAN_POINT('',(0.448798950513,5.483824749785));
#4732 = CARTESIAN_POINT('',(0.673198425769,5.43487129764));
#4733 = CARTESIAN_POINT('',(0.897597901026,5.364448420368));
#4734 = CARTESIAN_POINT('',(1.121997376282,5.278636818678));
#4735 = CARTESIAN_POINT('',(1.346396851538,5.185137844829));
#4736 = CARTESIAN_POINT('',(1.570796326795,5.091638491318));
#4737 = ( GEOMETRIC_REPRESENTATION_CONTEXT(2) 
PARAMETRIC_REPRESENTATION_CONTEXT() REPRESENTATION_CONTEXT('2D SPACE',''
  ) );
#4738 = PCURVE('',#4666,#4739);
#4739 = DEFINITIONAL_REPRESENTATION('',(#4740),#4749);
#4740 = B_SPLINE_CURVE_WITH_KNOTS('',7,(#4741,#4742,#4743,#4744,#4745,
    #4746,#4747,#4748),.UNSPECIFIED.,.F.,.F.,(8,8),(0.,1.570796326795),
  .PIECEWISE_BEZIER_KNOTS.);
#4741 = CARTESIAN_POINT('',(0.,-0.416664760042));
#4742 = CARTESIAN_POINT('',(0.224399475256,-0.416664760042));
#4743 = CARTESIAN_POINT('',(0.448798950513,-0.392186258466));
#4744 = CARTESIAN_POINT('',(0.673198425769,-0.343232806322));
#4745 = CARTESIAN_POINT('',(0.897597901026,-0.272809929049));
#4746 = CARTESIAN_POINT('',(1.121997376282,-0.186998327361));
#4747 = CARTESIAN_POINT('',(1.346396851538,-9.349935351134E-02));
#4748 = CARTESIAN_POINT('',(1.570796326795,-2.84217094304E-14));
#4749 = ( GEOMETRIC_REPRESENTATION_CONTEXT(2) 
PARAMETRIC_REPRESENTATION_CONTEXT() REPRESENTATION_CONTEXT('2D SPACE',''
  ) );
#4750 = ORIENTED_EDGE('',*,*,#4622,.F.);
#4751 = ORIENTED_EDGE('',*,*,#4447,.T.);
#4752 = ORIENTED_EDGE('',*,*,#4411,.T.);
#4753 = ORIENTED_EDGE('',*,*,#4372,.T.);
#4754 = ADVANCED_FACE('',(#4755),#4534,.T.);
#4755 = FACE_BOUND('',#4756,.T.);
#4756 = EDGE_LOOP('',(#4757,#4779,#4780,#4781,#4782,#4783,#4822,#4858));
#4757 = ORIENTED_EDGE('',*,*,#4758,.T.);
#4758 = EDGE_CURVE('',#4759,#4487,#4761,.T.);
#4759 = VERTEX_POINT('',#4760);
#4760 = CARTESIAN_POINT('',(-33.47429698851,202.37757828067,0.));
#4761 = SEAM_CURVE('',#4762,(#4766,#4772),.PCURVE_S1.);
#4762 = LINE('',#4763,#4764);
#4763 = CARTESIAN_POINT('',(-33.36645621318,201.97511102804,0.));
#4764 = VECTOR('',#4765,1.);
#4765 = DIRECTION('',(0.258819045103,-0.965925826289,0.));
#4766 = PCURVE('',#4534,#4767);
#4767 = DEFINITIONAL_REPRESENTATION('',(#4768),#4771);
#4768 = B_SPLINE_CURVE_WITH_KNOTS('',1,(#4769,#4770),.UNSPECIFIED.,.F.,
  .F.,(2,2),(-2.30092028444,7.392558775758),.PIECEWISE_BEZIER_KNOTS.);
#4769 = CARTESIAN_POINT('',(6.28318530718,-2.30092028444));
#4770 = CARTESIAN_POINT('',(6.28318530718,7.392558775758));
#4771 = ( GEOMETRIC_REPRESENTATION_CONTEXT(2) 
PARAMETRIC_REPRESENTATION_CONTEXT() REPRESENTATION_CONTEXT('2D SPACE',''
  ) );
#4772 = PCURVE('',#4534,#4773);
#4773 = DEFINITIONAL_REPRESENTATION('',(#4774),#4778);
#4774 = LINE('',#4775,#4776);
#4775 = CARTESIAN_POINT('',(0.,0.));
#4776 = VECTOR('',#4777,1.);
#4777 = DIRECTION('',(0.,1.));
#4778 = ( GEOMETRIC_REPRESENTATION_CONTEXT(2) 
PARAMETRIC_REPRESENTATION_CONTEXT() REPRESENTATION_CONTEXT('2D SPACE',''
  ) );
#4779 = ORIENTED_EDGE('',*,*,#4587,.F.);
#4780 = ORIENTED_EDGE('',*,*,#4551,.F.);
#4781 = ORIENTED_EDGE('',*,*,#4512,.F.);
#4782 = ORIENTED_EDGE('',*,*,#4758,.F.);
#4783 = ORIENTED_EDGE('',*,*,#4784,.T.);
#4784 = EDGE_CURVE('',#4759,#4785,#4787,.T.);
#4785 = VERTEX_POINT('',#4786);
#4786 = CARTESIAN_POINT('',(-28.76623446548,203.20773673034,-4.7625));
#4787 = SURFACE_CURVE('',#4788,(#4793,#4805),.PCURVE_S1.);
#4788 = ELLIPSE('',#4789,4.7806919763,4.7625);
#4789 = AXIS2_PLACEMENT_3D('',#4790,#4791,#4792);
#4790 = CARTESIAN_POINT('',(-28.76623446548,203.20773673034,0.));
#4791 = DIRECTION('',(0.173648177667,-0.984807753012,0.));
#4792 = DIRECTION('',(-0.984807753012,-0.173648177667,0.));
#4793 = PCURVE('',#4534,#4794);
#4794 = DEFINITIONAL_REPRESENTATION('',(#4795),#4804);
#4795 = B_SPLINE_CURVE_WITH_KNOTS('',7,(#4796,#4797,#4798,#4799,#4800,
    #4801,#4802,#4803),.UNSPECIFIED.,.F.,.F.,(8,8),(0.,1.570796326795),
  .PIECEWISE_BEZIER_KNOTS.);
#4796 = CARTESIAN_POINT('',(0.,-0.416664760042));
#4797 = CARTESIAN_POINT('',(0.224399475256,-0.416664760042));
#4798 = CARTESIAN_POINT('',(0.448798950513,-0.392186258466));
#4799 = CARTESIAN_POINT('',(0.673198425769,-0.343232806322));
#4800 = CARTESIAN_POINT('',(0.897597901026,-0.272809929049));
#4801 = CARTESIAN_POINT('',(1.121997376282,-0.18699832736));
#4802 = CARTESIAN_POINT('',(1.346396851538,-9.349935351137E-02));
#4803 = CARTESIAN_POINT('',(1.570796326795,-5.684341886081E-14));
#4804 = ( GEOMETRIC_REPRESENTATION_CONTEXT(2) 
PARAMETRIC_REPRESENTATION_CONTEXT() REPRESENTATION_CONTEXT('2D SPACE',''
  ) );
#4805 = PCURVE('',#4806,#4811);
#4806 = CYLINDRICAL_SURFACE('',#4807,4.7625);
#4807 = AXIS2_PLACEMENT_3D('',#4808,#4809,#4810);
#4808 = CARTESIAN_POINT('',(-29.21,208.28,0.));
#4809 = DIRECTION('',(8.715574274766E-02,-0.996194698092,0.));
#4810 = DIRECTION('',(-0.996194698092,-8.715574274766E-02,0.));
#4811 = DEFINITIONAL_REPRESENTATION('',(#4812),#4821);
#4812 = B_SPLINE_CURVE_WITH_KNOTS('',7,(#4813,#4814,#4815,#4816,#4817,
    #4818,#4819,#4820),.UNSPECIFIED.,.F.,.F.,(8,8),(0.,1.570796326795),
  .PIECEWISE_BEZIER_KNOTS.);
#4813 = CARTESIAN_POINT('',(0.,5.50830325136));
#4814 = CARTESIAN_POINT('',(0.224399475256,5.50830325136));
#4815 = CARTESIAN_POINT('',(0.448798950513,5.483824749785));
#4816 = CARTESIAN_POINT('',(0.673198425769,5.434871297641));
#4817 = CARTESIAN_POINT('',(0.897597901026,5.364448420367));
#4818 = CARTESIAN_POINT('',(1.121997376282,5.278636818678));
#4819 = CARTESIAN_POINT('',(1.346396851538,5.185137844829));
#4820 = CARTESIAN_POINT('',(1.570796326795,5.091638491318));
#4821 = ( GEOMETRIC_REPRESENTATION_CONTEXT(2) 
PARAMETRIC_REPRESENTATION_CONTEXT() REPRESENTATION_CONTEXT('2D SPACE',''
  ) );
#4822 = ORIENTED_EDGE('',*,*,#4823,.T.);
#4823 = EDGE_CURVE('',#4785,#4824,#4826,.T.);
#4824 = VERTEX_POINT('',#4825);
#4825 = CARTESIAN_POINT('',(-28.76623446548,203.20773673034,4.7625));
#4826 = SURFACE_CURVE('',#4827,(#4832,#4845),.PCURVE_S1.);
#4827 = ELLIPSE('',#4828,4.7806919763,4.7625);
#4828 = AXIS2_PLACEMENT_3D('',#4829,#4830,#4831);
#4829 = CARTESIAN_POINT('',(-28.76623446548,203.20773673034,0.));
#4830 = DIRECTION('',(0.173648177667,-0.984807753012,0.));
#4831 = DIRECTION('',(-0.984807753012,-0.173648177667,0.));
#4832 = PCURVE('',#4534,#4833);
#4833 = DEFINITIONAL_REPRESENTATION('',(#4834),#4844);
#4834 = B_SPLINE_CURVE_WITH_KNOTS('',8,(#4835,#4836,#4837,#4838,#4839,
    #4840,#4841,#4842,#4843),.UNSPECIFIED.,.F.,.F.,(9,9),(1.570796326795
    ,4.712388980385),.PIECEWISE_BEZIER_KNOTS.);
#4835 = CARTESIAN_POINT('',(1.570796326795,-5.684341886081E-14));
#4836 = CARTESIAN_POINT('',(1.963495408494,0.163623868645));
#4837 = CARTESIAN_POINT('',(2.35619449019,0.327249041946));
#4838 = CARTESIAN_POINT('',(2.748893571894,0.452410149349));
#4839 = CARTESIAN_POINT('',(3.141592653576,0.500747102909));
#4840 = CARTESIAN_POINT('',(3.534291735292,0.45241014935));
#4841 = CARTESIAN_POINT('',(3.926990816984,0.327249041946));
#4842 = CARTESIAN_POINT('',(4.319689898686,0.163623868645));
#4843 = CARTESIAN_POINT('',(4.712388980385,-5.684341886081E-14));
#4844 = ( GEOMETRIC_REPRESENTATION_CONTEXT(2) 
PARAMETRIC_REPRESENTATION_CONTEXT() REPRESENTATION_CONTEXT('2D SPACE',''
  ) );
#4845 = PCURVE('',#4806,#4846);
#4846 = DEFINITIONAL_REPRESENTATION('',(#4847),#4857);
#4847 = B_SPLINE_CURVE_WITH_KNOTS('',8,(#4848,#4849,#4850,#4851,#4852,
    #4853,#4854,#4855,#4856),.UNSPECIFIED.,.F.,.F.,(9,9),(1.570796326795
    ,4.712388980385),.PIECEWISE_BEZIER_KNOTS.);
#4848 = CARTESIAN_POINT('',(1.570796326795,5.091638491318));
#4849 = CARTESIAN_POINT('',(1.963495408494,4.928014622673));
#4850 = CARTESIAN_POINT('',(2.35619449019,4.764389449362));
#4851 = CARTESIAN_POINT('',(2.748893571892,4.639228341995));
#4852 = CARTESIAN_POINT('',(3.141592653574,4.590891388365));
#4853 = CARTESIAN_POINT('',(3.534291735292,4.639228341996));
#4854 = CARTESIAN_POINT('',(3.926990816984,4.764389449361));
#4855 = CARTESIAN_POINT('',(4.319689898686,4.928014622673));
#4856 = CARTESIAN_POINT('',(4.712388980385,5.091638491318));
#4857 = ( GEOMETRIC_REPRESENTATION_CONTEXT(2) 
PARAMETRIC_REPRESENTATION_CONTEXT() REPRESENTATION_CONTEXT('2D SPACE',''
  ) );
#4858 = ORIENTED_EDGE('',*,*,#4859,.T.);
#4859 = EDGE_CURVE('',#4824,#4759,#4860,.T.);
#4860 = SURFACE_CURVE('',#4861,(#4866,#4878),.PCURVE_S1.);
#4861 = ELLIPSE('',#4862,4.7806919763,4.7625);
#4862 = AXIS2_PLACEMENT_3D('',#4863,#4864,#4865);
#4863 = CARTESIAN_POINT('',(-28.76623446548,203.20773673034,0.));
#4864 = DIRECTION('',(0.173648177667,-0.984807753012,0.));
#4865 = DIRECTION('',(-0.984807753012,-0.173648177667,0.));
#4866 = PCURVE('',#4534,#4867);
#4867 = DEFINITIONAL_REPRESENTATION('',(#4868),#4877);
#4868 = B_SPLINE_CURVE_WITH_KNOTS('',7,(#4869,#4870,#4871,#4872,#4873,
    #4874,#4875,#4876),.UNSPECIFIED.,.F.,.F.,(8,8),(4.712388980385,
    6.28318530718),.PIECEWISE_BEZIER_KNOTS.);
#4869 = CARTESIAN_POINT('',(4.712388980385,-5.684341886081E-14));
#4870 = CARTESIAN_POINT('',(4.936788455641,-9.349935351137E-02));
#4871 = CARTESIAN_POINT('',(5.161187930898,-0.18699832736));
#4872 = CARTESIAN_POINT('',(5.385587406153,-0.272809929049));
#4873 = CARTESIAN_POINT('',(5.609986881411,-0.343232806322));
#4874 = CARTESIAN_POINT('',(5.834386356667,-0.392186258466));
#4875 = CARTESIAN_POINT('',(6.058785831923,-0.416664760042));
#4876 = CARTESIAN_POINT('',(6.28318530718,-0.416664760042));
#4877 = ( GEOMETRIC_REPRESENTATION_CONTEXT(2) 
PARAMETRIC_REPRESENTATION_CONTEXT() REPRESENTATION_CONTEXT('2D SPACE',''
  ) );
#4878 = PCURVE('',#4806,#4879);
#4879 = DEFINITIONAL_REPRESENTATION('',(#4880),#4889);
#4880 = B_SPLINE_CURVE_WITH_KNOTS('',7,(#4881,#4882,#4883,#4884,#4885,
    #4886,#4887,#4888),.UNSPECIFIED.,.F.,.F.,(8,8),(4.712388980385,
    6.28318530718),.PIECEWISE_BEZIER_KNOTS.);
#4881 = CARTESIAN_POINT('',(4.712388980385,5.091638491318));
#4882 = CARTESIAN_POINT('',(4.936788455641,5.185137844829));
#4883 = CARTESIAN_POINT('',(5.161187930898,5.278636818678));
#4884 = CARTESIAN_POINT('',(5.385587406152,5.364448420368));
#4885 = CARTESIAN_POINT('',(5.609986881412,5.434871297639));
#4886 = CARTESIAN_POINT('',(5.834386356666,5.483824749785));
#4887 = CARTESIAN_POINT('',(6.058785831923,5.50830325136));
#4888 = CARTESIAN_POINT('',(6.28318530718,5.50830325136));
#4889 = ( GEOMETRIC_REPRESENTATION_CONTEXT(2) 
PARAMETRIC_REPRESENTATION_CONTEXT() REPRESENTATION_CONTEXT('2D SPACE',''
  ) );
#4890 = ADVANCED_FACE('',(#4891),#4666,.T.);
#4891 = FACE_BOUND('',#4892,.T.);
#4892 = EDGE_LOOP('',(#4893,#4915,#4949,#4985,#5017,#5018,#5019,#5020));
#4893 = ORIENTED_EDGE('',*,*,#4894,.T.);
#4894 = EDGE_CURVE('',#4623,#4895,#4897,.T.);
#4895 = VERTEX_POINT('',#4896);
#4896 = CARTESIAN_POINT('',(-33.9906919763,208.28,0.));
#4897 = SEAM_CURVE('',#4898,(#4902,#4908),.PCURVE_S1.);
#4898 = LINE('',#4899,#4900);
#4899 = CARTESIAN_POINT('',(-33.51061171514,213.76734249448,0.));
#4900 = VECTOR('',#4901,1.);
#4901 = DIRECTION('',(-8.715574274766E-02,-0.996194698092,0.));
#4902 = PCURVE('',#4666,#4903);
#4903 = DEFINITIONAL_REPRESENTATION('',(#4904),#4907);
#4904 = B_SPLINE_CURVE_WITH_KNOTS('',1,(#4905,#4906),.UNSPECIFIED.,.F.,
  .F.,(2,2),(-2.30092028444,7.392558775758),.PIECEWISE_BEZIER_KNOTS.);
#4905 = CARTESIAN_POINT('',(6.28318530718,-2.30092028444));
#4906 = CARTESIAN_POINT('',(6.28318530718,7.392558775758));
#4907 = ( GEOMETRIC_REPRESENTATION_CONTEXT(2) 
PARAMETRIC_REPRESENTATION_CONTEXT() REPRESENTATION_CONTEXT('2D SPACE',''
  ) );
#4908 = PCURVE('',#4666,#4909);
#4909 = DEFINITIONAL_REPRESENTATION('',(#4910),#4914);
#4910 = LINE('',#4911,#4912);
#4911 = CARTESIAN_POINT('',(0.,0.));
#4912 = VECTOR('',#4913,1.);
#4913 = DIRECTION('',(0.,1.));
#4914 = ( GEOMETRIC_REPRESENTATION_CONTEXT(2) 
PARAMETRIC_REPRESENTATION_CONTEXT() REPRESENTATION_CONTEXT('2D SPACE',''
  ) );
#4915 = ORIENTED_EDGE('',*,*,#4916,.F.);
#4916 = EDGE_CURVE('',#4917,#4895,#4919,.T.);
#4917 = VERTEX_POINT('',#4918);
#4918 = CARTESIAN_POINT('',(-29.21,208.28,4.7625));
#4919 = SURFACE_CURVE('',#4920,(#4925,#4937),.PCURVE_S1.);
#4920 = ELLIPSE('',#4921,4.7806919763,4.7625);
#4921 = AXIS2_PLACEMENT_3D('',#4922,#4923,#4924);
#4922 = CARTESIAN_POINT('',(-29.21,208.28,0.));
#4923 = DIRECTION('',(0.,-1.,0.));
#4924 = DIRECTION('',(-1.,0.,0.));
#4925 = PCURVE('',#4666,#4926);
#4926 = DEFINITIONAL_REPRESENTATION('',(#4927),#4936);
#4927 = B_SPLINE_CURVE_WITH_KNOTS('',7,(#4928,#4929,#4930,#4931,#4932,
    #4933,#4934,#4935),.UNSPECIFIED.,.F.,.F.,(8,8),(4.712388980385,
    6.28318530718),.PIECEWISE_BEZIER_KNOTS.);
#4928 = CARTESIAN_POINT('',(4.712388980385,5.091638491318));
#4929 = CARTESIAN_POINT('',(4.936788455641,5.18513784483));
#4930 = CARTESIAN_POINT('',(5.161187930897,5.278636818679));
#4931 = CARTESIAN_POINT('',(5.385587406154,5.364448420367));
#4932 = CARTESIAN_POINT('',(5.609986881411,5.434871297641));
#4933 = CARTESIAN_POINT('',(5.834386356667,5.483824749784));
#4934 = CARTESIAN_POINT('',(6.058785831923,5.50830325136));
#4935 = CARTESIAN_POINT('',(6.28318530718,5.50830325136));
#4936 = ( GEOMETRIC_REPRESENTATION_CONTEXT(2) 
PARAMETRIC_REPRESENTATION_CONTEXT() REPRESENTATION_CONTEXT('2D SPACE',''
  ) );
#4937 = PCURVE('',#4806,#4938);
#4938 = DEFINITIONAL_REPRESENTATION('',(#4939),#4948);
#4939 = B_SPLINE_CURVE_WITH_KNOTS('',7,(#4940,#4941,#4942,#4943,#4944,
    #4945,#4946,#4947),.UNSPECIFIED.,.F.,.F.,(8,8),(4.712388980385,
    6.28318530718),.PIECEWISE_BEZIER_KNOTS.);
#4940 = CARTESIAN_POINT('',(4.712388980385,5.684341886081E-14));
#4941 = CARTESIAN_POINT('',(4.936788455641,-9.349935351125E-02));
#4942 = CARTESIAN_POINT('',(5.161187930897,-0.18699832736));
#4943 = CARTESIAN_POINT('',(5.385587406154,-0.272809929049));
#4944 = CARTESIAN_POINT('',(5.609986881411,-0.343232806322));
#4945 = CARTESIAN_POINT('',(5.834386356667,-0.392186258466));
#4946 = CARTESIAN_POINT('',(6.058785831923,-0.416664760042));
#4947 = CARTESIAN_POINT('',(6.28318530718,-0.416664760042));
#4948 = ( GEOMETRIC_REPRESENTATION_CONTEXT(2) 
PARAMETRIC_REPRESENTATION_CONTEXT() REPRESENTATION_CONTEXT('2D SPACE',''
  ) );
#4949 = ORIENTED_EDGE('',*,*,#4950,.F.);
#4950 = EDGE_CURVE('',#4951,#4917,#4953,.T.);
#4951 = VERTEX_POINT('',#4952);
#4952 = CARTESIAN_POINT('',(-29.21,208.28,-4.7625));
#4953 = SURFACE_CURVE('',#4954,(#4959,#4972),.PCURVE_S1.);
#4954 = ELLIPSE('',#4955,4.7806919763,4.7625);
#4955 = AXIS2_PLACEMENT_3D('',#4956,#4957,#4958);
#4956 = CARTESIAN_POINT('',(-29.21,208.28,0.));
#4957 = DIRECTION('',(0.,-1.,0.));
#4958 = DIRECTION('',(-1.,0.,0.));
#4959 = PCURVE('',#4666,#4960);
#4960 = DEFINITIONAL_REPRESENTATION('',(#4961),#4971);
#4961 = B_SPLINE_CURVE_WITH_KNOTS('',8,(#4962,#4963,#4964,#4965,#4966,
    #4967,#4968,#4969,#4970),.UNSPECIFIED.,.F.,.F.,(9,9),(1.570796326795
    ,4.712388980385),.PIECEWISE_BEZIER_KNOTS.);
#4962 = CARTESIAN_POINT('',(1.570796326795,5.091638491318));
#4963 = CARTESIAN_POINT('',(1.963495408494,4.928014622673));
#4964 = CARTESIAN_POINT('',(2.356194490189,4.764389449371));
#4965 = CARTESIAN_POINT('',(2.748893571896,4.639228341964));
#4966 = CARTESIAN_POINT('',(3.141592653568,4.590891388408));
#4967 = CARTESIAN_POINT('',(3.534291735294,4.639228341958));
#4968 = CARTESIAN_POINT('',(3.926990816983,4.764389449371));
#4969 = CARTESIAN_POINT('',(4.319689898686,4.928014622673));
#4970 = CARTESIAN_POINT('',(4.712388980385,5.091638491318));
#4971 = ( GEOMETRIC_REPRESENTATION_CONTEXT(2) 
PARAMETRIC_REPRESENTATION_CONTEXT() REPRESENTATION_CONTEXT('2D SPACE',''
  ) );
#4972 = PCURVE('',#4806,#4973);
#4973 = DEFINITIONAL_REPRESENTATION('',(#4974),#4984);
#4974 = B_SPLINE_CURVE_WITH_KNOTS('',8,(#4975,#4976,#4977,#4978,#4979,
    #4980,#4981,#4982,#4983),.UNSPECIFIED.,.F.,.F.,(9,9),(1.570796326795
    ,4.712388980385),.PIECEWISE_BEZIER_KNOTS.);
#4975 = CARTESIAN_POINT('',(1.570796326795,5.684341886081E-14));
#4976 = CARTESIAN_POINT('',(1.963495408494,0.163623868645));
#4977 = CARTESIAN_POINT('',(2.35619449019,0.327249041947));
#4978 = CARTESIAN_POINT('',(2.748893571896,0.452410149347));
#4979 = CARTESIAN_POINT('',(3.141592653574,0.500747102912));
#4980 = CARTESIAN_POINT('',(3.534291735292,0.452410149347));
#4981 = CARTESIAN_POINT('',(3.926990816984,0.327249041947));
#4982 = CARTESIAN_POINT('',(4.319689898686,0.163623868645));
#4983 = CARTESIAN_POINT('',(4.712388980385,5.684341886081E-14));
#4984 = ( GEOMETRIC_REPRESENTATION_CONTEXT(2) 
PARAMETRIC_REPRESENTATION_CONTEXT() REPRESENTATION_CONTEXT('2D SPACE',''
  ) );
#4985 = ORIENTED_EDGE('',*,*,#4986,.F.);
#4986 = EDGE_CURVE('',#4895,#4951,#4987,.T.);
#4987 = SURFACE_CURVE('',#4988,(#4993,#5005),.PCURVE_S1.);
#4988 = ELLIPSE('',#4989,4.7806919763,4.7625);
#4989 = AXIS2_PLACEMENT_3D('',#4990,#4991,#4992);
#4990 = CARTESIAN_POINT('',(-29.21,208.28,0.));
#4991 = DIRECTION('',(0.,-1.,0.));
#4992 = DIRECTION('',(-1.,0.,0.));
#4993 = PCURVE('',#4666,#4994);
#4994 = DEFINITIONAL_REPRESENTATION('',(#4995),#5004);
#4995 = B_SPLINE_CURVE_WITH_KNOTS('',7,(#4996,#4997,#4998,#4999,#5000,
    #5001,#5002,#5003),.UNSPECIFIED.,.F.,.F.,(8,8),(0.,1.570796326795),
  .PIECEWISE_BEZIER_KNOTS.);
#4996 = CARTESIAN_POINT('',(0.,5.50830325136));
#4997 = CARTESIAN_POINT('',(0.224399475256,5.50830325136));
#4998 = CARTESIAN_POINT('',(0.448798950513,5.483824749784));
#4999 = CARTESIAN_POINT('',(0.67319842577,5.434871297642));
#5000 = CARTESIAN_POINT('',(0.897597901026,5.364448420367));
#5001 = CARTESIAN_POINT('',(1.121997376282,5.278636818679));
#5002 = CARTESIAN_POINT('',(1.346396851538,5.18513784483));
#5003 = CARTESIAN_POINT('',(1.570796326795,5.091638491318));
#5004 = ( GEOMETRIC_REPRESENTATION_CONTEXT(2) 
PARAMETRIC_REPRESENTATION_CONTEXT() REPRESENTATION_CONTEXT('2D SPACE',''
  ) );
#5005 = PCURVE('',#4806,#5006);
#5006 = DEFINITIONAL_REPRESENTATION('',(#5007),#5016);
#5007 = B_SPLINE_CURVE_WITH_KNOTS('',7,(#5008,#5009,#5010,#5011,#5012,
    #5013,#5014,#5015),.UNSPECIFIED.,.F.,.F.,(8,8),(0.,1.570796326795),
  .PIECEWISE_BEZIER_KNOTS.);
#5008 = CARTESIAN_POINT('',(0.,-0.416664760042));
#5009 = CARTESIAN_POINT('',(0.224399475256,-0.416664760042));
#5010 = CARTESIAN_POINT('',(0.448798950513,-0.392186258466));
#5011 = CARTESIAN_POINT('',(0.673198425769,-0.343232806322));
#5012 = CARTESIAN_POINT('',(0.897597901026,-0.272809929049));
#5013 = CARTESIAN_POINT('',(1.121997376282,-0.18699832736));
#5014 = CARTESIAN_POINT('',(1.346396851538,-9.349935351125E-02));
#5015 = CARTESIAN_POINT('',(1.570796326795,5.684341886081E-14));
#5016 = ( GEOMETRIC_REPRESENTATION_CONTEXT(2) 
PARAMETRIC_REPRESENTATION_CONTEXT() REPRESENTATION_CONTEXT('2D SPACE',''
  ) );
#5017 = ORIENTED_EDGE('',*,*,#4894,.F.);
#5018 = ORIENTED_EDGE('',*,*,#4719,.T.);
#5019 = ORIENTED_EDGE('',*,*,#4683,.T.);
#5020 = ORIENTED_EDGE('',*,*,#4644,.T.);
#5021 = ADVANCED_FACE('',(#5022),#4806,.T.);
#5022 = FACE_BOUND('',#5023,.T.);
#5023 = EDGE_LOOP('',(#5024,#5044,#5045,#5046,#5047,#5048,#5049,#5050));
#5024 = ORIENTED_EDGE('',*,*,#5025,.T.);
#5025 = EDGE_CURVE('',#4895,#4759,#5026,.T.);
#5026 = SEAM_CURVE('',#5027,(#5031,#5037),.PCURVE_S1.);
#5027 = LINE('',#5028,#5029);
#5028 = CARTESIAN_POINT('',(-33.95437724966,207.86492077516,0.));
#5029 = VECTOR('',#5030,1.);
#5030 = DIRECTION('',(8.715574274766E-02,-0.996194698092,0.));
#5031 = PCURVE('',#4806,#5032);
#5032 = DEFINITIONAL_REPRESENTATION('',(#5033),#5036);
#5033 = B_SPLINE_CURVE_WITH_KNOTS('',1,(#5034,#5035),.UNSPECIFIED.,.F.,
  .F.,(2,2),(-2.30092028444,7.392558775758),.PIECEWISE_BEZIER_KNOTS.);
#5034 = CARTESIAN_POINT('',(6.28318530718,-2.30092028444));
#5035 = CARTESIAN_POINT('',(6.28318530718,7.392558775758));
#5036 = ( GEOMETRIC_REPRESENTATION_CONTEXT(2) 
PARAMETRIC_REPRESENTATION_CONTEXT() REPRESENTATION_CONTEXT('2D SPACE',''
  ) );
#5037 = PCURVE('',#4806,#5038);
#5038 = DEFINITIONAL_REPRESENTATION('',(#5039),#5043);
#5039 = LINE('',#5040,#5041);
#5040 = CARTESIAN_POINT('',(0.,0.));
#5041 = VECTOR('',#5042,1.);
#5042 = DIRECTION('',(0.,1.));
#5043 = ( GEOMETRIC_REPRESENTATION_CONTEXT(2) 
PARAMETRIC_REPRESENTATION_CONTEXT() REPRESENTATION_CONTEXT('2D SPACE',''
  ) );
#5044 = ORIENTED_EDGE('',*,*,#4859,.F.);
#5045 = ORIENTED_EDGE('',*,*,#4823,.F.);
#5046 = ORIENTED_EDGE('',*,*,#4784,.F.);
#5047 = ORIENTED_EDGE('',*,*,#5025,.F.);
#5048 = ORIENTED_EDGE('',*,*,#4986,.T.);
#5049 = ORIENTED_EDGE('',*,*,#4950,.T.);
#5050 = ORIENTED_EDGE('',*,*,#4916,.T.);
#5051 = ( GEOMETRIC_REPRESENTATION_CONTEXT(3) 
GLOBAL_UNCERTAINTY_ASSIGNED_CONTEXT((#5055)) 
GLOBAL_UNIT_ASSIGNED_CONTEXT((#5052,#5053,#5054)) REPRESENTATION_CONTEXT
('Context #1','3D Context with UNIT and UNCERTAINTY') );
#5052 = ( LENGTH_UNIT() NAMED_UNIT(*) SI_UNIT(.MILLI.,.METRE.) );
#5053 = ( NAMED_UNIT(*) PLANE_ANGLE_UNIT() SI_UNIT($,.RADIAN.) );
#5054 = ( NAMED_UNIT(*) SI_UNIT($,.STERADIAN.) SOLID_ANGLE_UNIT() );
#5055 = UNCERTAINTY_MEASURE_WITH_UNIT(LENGTH_MEASURE(2.E-07),#5052,
  'distance_accuracy_value','confusion accuracy');
#5056 = PRODUCT_RELATED_PRODUCT_CATEGORY('part',$,(#7));
ENDSEC;
END-ISO-10303-21;
