ISO-10303-21;
HEADER;
FILE_DESCRIPTION(('Open CASCADE Model'),'2;1');
FILE_NAME('Open CASCADE Shape Model','2026-08-21T10:38:22',('Author'),(
    'Open CASCADE'),'Open CASCADE STEP processor 7.7','Open CASCADE 7.7'
  ,'Unknown');
FILE_SCHEMA(('AUTOMOTIVE_DESIGN { 1 0 10303 214 1 1 1 1 }'));
ENDSEC;
DATA;
#1 = APPLICATION_PROTOCOL_DEFINITION('international standard',
  'automotive_design',2000,#2);
#2 = APPLICATION_CONTEXT(
  'core data for automotive mechanical design processes');
#3 = SHAPE_DEFINITION_REPRESENTATION(#4,#10);
#4 = PRODUCT_DEFINITION_SHAPE('','',#5);
#5 = PRODUCT_DEFINITION('design','',#6,#9);
#6 = PRODUCT_DEFINITION_FORMATION('','',#7);
#7 = PRODUCT('Open CASCADE STEP translator 7.7 10',
  'Open CASCADE STEP translator 7.7 10','',(#8));
#8 = PRODUCT_CONTEXT('',#2,'mechanical');
#9 = PRODUCT_DEFINITION_CONTEXT('part definition',#2,'design');
#10 = ADVANCED_BREP_SHAPE_REPRESENTATION('',(#11,#15),#3135);
#11 = AXIS2_PLACEMENT_3D('',#12,#13,#14);
#12 = CARTESIAN_POINT('',(0.,0.,0.));
#13 = DIRECTION('',(0.,0.,1.));
#14 = DIRECTION('',(1.,0.,-0.));
#15 = MANIFOLD_SOLID_BREP('',#16);
#16 = CLOSED_SHELL('',(#17,#184,#320,#456,#592,#728,#864,#1000,#1136,
    #1272,#1408,#1544,#1680,#1816,#1952,#2088,#2224,#2360,#2496,#2632,
    #2768,#2904,#3070,#3127,#3131));
#17 = ADVANCED_FACE('',(#18),#32,.T.);
#18 = FACE_BOUND('',#19,.T.);
#19 = EDGE_LOOP('',(#20,#49,#88,#122,#156,#157));
#20 = ORIENTED_EDGE('',*,*,#21,.T.);
#21 = EDGE_CURVE('',#22,#24,#26,.T.);
#22 = VERTEX_POINT('',#23);
#23 = CARTESIAN_POINT('',(-50.8,0.,4.7625));
#24 = VERTEX_POINT('',#25);
#25 = CARTESIAN_POINT('',(-50.8,166.37,4.7625));
#26 = SEAM_CURVE('',#27,(#31,#42),.PCURVE_S1.);
#27 = LINE('',#28,#29);
#28 = CARTESIAN_POINT('',(-50.8,0.,4.7625));
#29 = VECTOR('',#30,1.);
#30 = DIRECTION('',(0.,1.,0.));
#31 = PCURVE('',#32,#37);
#32 = CYLINDRICAL_SURFACE('',#33,4.7625);
#33 = AXIS2_PLACEMENT_3D('',#34,#35,#36);
#34 = CARTESIAN_POINT('',(-50.8,0.,0.));
#35 = DIRECTION('',(0.,1.,0.));
#36 = DIRECTION('',(0.,-0.,1.));
#37 = DEFINITIONAL_REPRESENTATION('',(#38),#41);
#38 = B_SPLINE_CURVE_WITH_KNOTS('',1,(#39,#40),.UNSPECIFIED.,.F.,.F.,(2,
    2),(0.,167.40882475847),.PIECEWISE_BEZIER_KNOTS.);
#39 = CARTESIAN_POINT('',(6.28318530718,0.));
#40 = CARTESIAN_POINT('',(6.28318530718,167.40882475847));
#41 = ( GEOMETRIC_REPRESENTATION_CONTEXT(2) 
PARAMETRIC_REPRESENTATION_CONTEXT() REPRESENTATION_CONTEXT('2D SPACE',''
  ) );
#42 = PCURVE('',#32,#43);
#43 = DEFINITIONAL_REPRESENTATION('',(#44),#48);
#44 = LINE('',#45,#46);
#45 = CARTESIAN_POINT('',(0.,0.));
#46 = VECTOR('',#47,1.);
#47 = DIRECTION('',(0.,1.));
#48 = ( GEOMETRIC_REPRESENTATION_CONTEXT(2) 
PARAMETRIC_REPRESENTATION_CONTEXT() REPRESENTATION_CONTEXT('2D SPACE',''
  ) );
#49 = ORIENTED_EDGE('',*,*,#50,.F.);
#50 = EDGE_CURVE('',#51,#24,#53,.T.);
#51 = VERTEX_POINT('',#52);
#52 = CARTESIAN_POINT('',(-55.5625,166.55711913462,-5.832380380939E-16)
  );
#53 = SURFACE_CURVE('',#54,(#59,#71),.PCURVE_S1.);
#54 = ELLIPSE('',#55,4.766174547847,4.7625);
#55 = AXIS2_PLACEMENT_3D('',#56,#57,#58);
#56 = CARTESIAN_POINT('',(-50.8,166.37,0.));
#57 = DIRECTION('',(3.925981575907E-02,0.999229036241,0.));
#58 = DIRECTION('',(-0.999229036241,3.925981575907E-02,0.));
#59 = PCURVE('',#32,#60);
#60 = DEFINITIONAL_REPRESENTATION('',(#61),#70);
#61 = B_SPLINE_CURVE_WITH_KNOTS('',7,(#62,#63,#64,#65,#66,#67,#68,#69),
  .UNSPECIFIED.,.F.,.F.,(8,8),(0.,1.570796326795),
  .PIECEWISE_BEZIER_KNOTS.);
#62 = CARTESIAN_POINT('',(4.712388980385,166.55711913462));
#63 = CARTESIAN_POINT('',(4.936788455641,166.55711913462));
#64 = CARTESIAN_POINT('',(5.161187930897,166.54612613385));
#65 = CARTESIAN_POINT('',(5.385587406154,166.52414172701));
#66 = CARTESIAN_POINT('',(5.60998688141,166.49251565946));
#67 = CARTESIAN_POINT('',(5.834386356667,166.45397870073));
#68 = CARTESIAN_POINT('',(6.058785831923,166.41198943562));
#69 = CARTESIAN_POINT('',(6.28318530718,166.37));
#70 = ( GEOMETRIC_REPRESENTATION_CONTEXT(2) 
PARAMETRIC_REPRESENTATION_CONTEXT() REPRESENTATION_CONTEXT('2D SPACE',''
  ) );
#71 = PCURVE('',#72,#77);
#72 = CYLINDRICAL_SURFACE('',#73,4.7625);
#73 = AXIS2_PLACEMENT_3D('',#74,#75,#76);
#74 = CARTESIAN_POINT('',(-50.8,166.37,0.));
#75 = DIRECTION('',(7.845909572784E-02,0.996917333733,0.));
#76 = DIRECTION('',(1.106800577558E-16,-8.710709456832E-18,1.));
#77 = DEFINITIONAL_REPRESENTATION('',(#78),#87);
#78 = B_SPLINE_CURVE_WITH_KNOTS('',7,(#79,#80,#81,#82,#83,#84,#85,#86),
  .UNSPECIFIED.,.F.,.F.,(8,8),(0.,1.570796326795),
  .PIECEWISE_BEZIER_KNOTS.);
#79 = CARTESIAN_POINT('',(4.712388980385,-0.187119134624));
#80 = CARTESIAN_POINT('',(4.936788455641,-0.187119134624));
#81 = CARTESIAN_POINT('',(5.161187930898,-0.176126133845));
#82 = CARTESIAN_POINT('',(5.385587406154,-0.154141727));
#83 = CARTESIAN_POINT('',(5.60998688141,-0.122515659437));
#84 = CARTESIAN_POINT('',(5.834386356667,-8.397870073799E-02));
#85 = CARTESIAN_POINT('',(6.058785831923,-4.198943562006E-02));
#86 = CARTESIAN_POINT('',(6.28318530718,0.));
#87 = ( GEOMETRIC_REPRESENTATION_CONTEXT(2) 
PARAMETRIC_REPRESENTATION_CONTEXT() REPRESENTATION_CONTEXT('2D SPACE',''
  ) );
#88 = ORIENTED_EDGE('',*,*,#89,.F.);
#89 = EDGE_CURVE('',#90,#51,#92,.T.);
#90 = VERTEX_POINT('',#91);
#91 = CARTESIAN_POINT('',(-50.8,166.37,-4.7625));
#92 = SURFACE_CURVE('',#93,(#98,#110),.PCURVE_S1.);
#93 = ELLIPSE('',#94,4.766174547847,4.7625);
#94 = AXIS2_PLACEMENT_3D('',#95,#96,#97);
#95 = CARTESIAN_POINT('',(-50.8,166.37,0.));
#96 = DIRECTION('',(3.925981575907E-02,0.999229036241,0.));
#97 = DIRECTION('',(-0.999229036241,3.925981575907E-02,0.));
#98 = PCURVE('',#32,#99);
#99 = DEFINITIONAL_REPRESENTATION('',(#100),#109);
#100 = B_SPLINE_CURVE_WITH_KNOTS('',7,(#101,#102,#103,#104,#105,#106,
    #107,#108),.UNSPECIFIED.,.F.,.F.,(8,8),(4.712388980385,6.28318530718
    ),.PIECEWISE_BEZIER_KNOTS.);
#101 = CARTESIAN_POINT('',(3.14159265359,166.37));
#102 = CARTESIAN_POINT('',(3.365992128846,166.41198943562));
#103 = CARTESIAN_POINT('',(3.590391604103,166.45397870072));
#104 = CARTESIAN_POINT('',(3.814791079359,166.49251565949));
#105 = CARTESIAN_POINT('',(4.039190554616,166.52414172694));
#106 = CARTESIAN_POINT('',(4.263590029872,166.54612613385));
#107 = CARTESIAN_POINT('',(4.487989505128,166.55711913462));
#108 = CARTESIAN_POINT('',(4.712388980385,166.55711913462));
#109 = ( GEOMETRIC_REPRESENTATION_CONTEXT(2) 
PARAMETRIC_REPRESENTATION_CONTEXT() REPRESENTATION_CONTEXT('2D SPACE',''
  ) );
#110 = PCURVE('',#72,#111);
#111 = DEFINITIONAL_REPRESENTATION('',(#112),#121);
#112 = B_SPLINE_CURVE_WITH_KNOTS('',7,(#113,#114,#115,#116,#117,#118,
    #119,#120),.UNSPECIFIED.,.F.,.F.,(8,8),(4.712388980385,6.28318530718
    ),.PIECEWISE_BEZIER_KNOTS.);
#113 = CARTESIAN_POINT('',(3.14159265359,0.));
#114 = CARTESIAN_POINT('',(3.365992128846,-4.198943562006E-02));
#115 = CARTESIAN_POINT('',(3.590391604103,-8.397870073804E-02));
#116 = CARTESIAN_POINT('',(3.81479107936,-0.122515659437));
#117 = CARTESIAN_POINT('',(4.039190554616,-0.154141727001));
#118 = CARTESIAN_POINT('',(4.263590029872,-0.176126133845));
#119 = CARTESIAN_POINT('',(4.487989505128,-0.187119134624));
#120 = CARTESIAN_POINT('',(4.712388980385,-0.187119134624));
#121 = ( GEOMETRIC_REPRESENTATION_CONTEXT(2) 
PARAMETRIC_REPRESENTATION_CONTEXT() REPRESENTATION_CONTEXT('2D SPACE',''
  ) );
#122 = ORIENTED_EDGE('',*,*,#123,.F.);
#123 = EDGE_CURVE('',#24,#90,#124,.T.);
#124 = SURFACE_CURVE('',#125,(#130,#143),.PCURVE_S1.);
#125 = ELLIPSE('',#126,4.766174547847,4.7625);
#126 = AXIS2_PLACEMENT_3D('',#127,#128,#129);
#127 = CARTESIAN_POINT('',(-50.8,166.37,0.));
#128 = DIRECTION('',(3.925981575907E-02,0.999229036241,0.));
#129 = DIRECTION('',(-0.999229036241,3.925981575907E-02,0.));
#130 = PCURVE('',#32,#131);
#131 = DEFINITIONAL_REPRESENTATION('',(#132),#142);
#132 = B_SPLINE_CURVE_WITH_KNOTS('',8,(#133,#134,#135,#136,#137,#138,
    #139,#140,#141),.UNSPECIFIED.,.F.,.F.,(9,9),(1.570796326795,
    4.712388980385),.PIECEWISE_BEZIER_KNOTS.);
#133 = CARTESIAN_POINT('',(0.,166.37));
#134 = CARTESIAN_POINT('',(0.392699081699,166.29651848766));
#135 = CARTESIAN_POINT('',(0.785398163397,166.2230363894));
#136 = CARTESIAN_POINT('',(1.178097245092,166.16682804047));
#137 = CARTESIAN_POINT('',(1.570796326796,166.14512049639));
#138 = CARTESIAN_POINT('',(1.963495408491,166.16682804038));
#139 = CARTESIAN_POINT('',(2.356194490192,166.22303638939));
#140 = CARTESIAN_POINT('',(2.748893571891,166.29651848766));
#141 = CARTESIAN_POINT('',(3.14159265359,166.37));
#142 = ( GEOMETRIC_REPRESENTATION_CONTEXT(2) 
PARAMETRIC_REPRESENTATION_CONTEXT() REPRESENTATION_CONTEXT('2D SPACE',''
  ) );
#143 = PCURVE('',#72,#144);
#144 = DEFINITIONAL_REPRESENTATION('',(#145),#155);
#145 = B_SPLINE_CURVE_WITH_KNOTS('',8,(#146,#147,#148,#149,#150,#151,
    #152,#153,#154),.UNSPECIFIED.,.F.,.F.,(9,9),(1.570796326795,
    4.712388980385),.PIECEWISE_BEZIER_KNOTS.);
#146 = CARTESIAN_POINT('',(0.,0.));
#147 = CARTESIAN_POINT('',(0.392699081699,7.348151233511E-02));
#148 = CARTESIAN_POINT('',(0.785398163398,0.146963610577));
#149 = CARTESIAN_POINT('',(1.178097245091,0.203171959231));
#150 = CARTESIAN_POINT('',(1.570796326796,0.224879503978));
#151 = CARTESIAN_POINT('',(1.963495408488,0.203171959231));
#152 = CARTESIAN_POINT('',(2.356194490193,0.146963610577));
#153 = CARTESIAN_POINT('',(2.748893571891,7.348151233511E-02));
#154 = CARTESIAN_POINT('',(3.14159265359,0.));
#155 = ( GEOMETRIC_REPRESENTATION_CONTEXT(2) 
PARAMETRIC_REPRESENTATION_CONTEXT() REPRESENTATION_CONTEXT('2D SPACE',''
  ) );
#156 = ORIENTED_EDGE('',*,*,#21,.F.);
#157 = ORIENTED_EDGE('',*,*,#158,.T.);
#158 = EDGE_CURVE('',#22,#22,#159,.T.);
#159 = SURFACE_CURVE('',#160,(#165,#172),.PCURVE_S1.);
#160 = CIRCLE('',#161,4.7625);
#161 = AXIS2_PLACEMENT_3D('',#162,#163,#164);
#162 = CARTESIAN_POINT('',(-50.8,0.,0.));
#163 = DIRECTION('',(0.,1.,0.));
#164 = DIRECTION('',(0.,-0.,1.));
#165 = PCURVE('',#32,#166);
#166 = DEFINITIONAL_REPRESENTATION('',(#167),#171);
#167 = LINE('',#168,#169);
#168 = CARTESIAN_POINT('',(0.,0.));
#169 = VECTOR('',#170,1.);
#170 = DIRECTION('',(1.,0.));
#171 = ( GEOMETRIC_REPRESENTATION_CONTEXT(2) 
PARAMETRIC_REPRESENTATION_CONTEXT() REPRESENTATION_CONTEXT('2D SPACE',''
  ) );
#172 = PCURVE('',#173,#178);
#173 = PLANE('',#174);
#174 = AXIS2_PLACEMENT_3D('',#175,#176,#177);
#175 = CARTESIAN_POINT('',(-50.8,0.,-1.435632685081E-16));
#176 = DIRECTION('',(0.,1.,0.));
#177 = DIRECTION('',(0.,-0.,1.));
#178 = DEFINITIONAL_REPRESENTATION('',(#179),#183);
#179 = CIRCLE('',#180,4.7625);
#180 = AXIS2_PLACEMENT_2D('',#181,#182);
#181 = CARTESIAN_POINT('',(1.435632685081E-16,0.));
#182 = DIRECTION('',(1.,0.));
#183 = ( GEOMETRIC_REPRESENTATION_CONTEXT(2) 
PARAMETRIC_REPRESENTATION_CONTEXT() REPRESENTATION_CONTEXT('2D SPACE',''
  ) );
#184 = ADVANCED_FACE('',(#185),#72,.T.);
#185 = FACE_BOUND('',#186,.T.);
#186 = EDGE_LOOP('',(#187,#209,#248,#282,#316,#317,#318,#319));
#187 = ORIENTED_EDGE('',*,*,#188,.T.);
#188 = EDGE_CURVE('',#24,#189,#191,.T.);
#189 = VERTEX_POINT('',#190);
#190 = CARTESIAN_POINT('',(-50.659277733,168.15804593541,4.7625));
#191 = SEAM_CURVE('',#192,(#196,#202),.PCURVE_S1.);
#192 = LINE('',#193,#194);
#193 = CARTESIAN_POINT('',(-50.8,166.37,4.7625));
#194 = VECTOR('',#195,1.);
#195 = DIRECTION('',(7.845909572784E-02,0.996917333733,0.));
#196 = PCURVE('',#72,#197);
#197 = DEFINITIONAL_REPRESENTATION('',(#198),#201);
#198 = B_SPLINE_CURVE_WITH_KNOTS('',1,(#199,#200),.UNSPECIFIED.,.F.,.F.,
  (2,2),(-1.038824758479,3.864405775653),.PIECEWISE_BEZIER_KNOTS.);
#199 = CARTESIAN_POINT('',(6.28318530718,-1.038824758479));
#200 = CARTESIAN_POINT('',(6.28318530718,3.864405775653));
#201 = ( GEOMETRIC_REPRESENTATION_CONTEXT(2) 
PARAMETRIC_REPRESENTATION_CONTEXT() REPRESENTATION_CONTEXT('2D SPACE',''
  ) );
#202 = PCURVE('',#72,#203);
#203 = DEFINITIONAL_REPRESENTATION('',(#204),#208);
#204 = LINE('',#205,#206);
#205 = CARTESIAN_POINT('',(0.,0.));
#206 = VECTOR('',#207,1.);
#207 = DIRECTION('',(0.,1.));
#208 = ( GEOMETRIC_REPRESENTATION_CONTEXT(2) 
PARAMETRIC_REPRESENTATION_CONTEXT() REPRESENTATION_CONTEXT('2D SPACE',''
  ) );
#209 = ORIENTED_EDGE('',*,*,#210,.F.);
#210 = EDGE_CURVE('',#211,#189,#213,.T.);
#211 = VERTEX_POINT('',#212);
#212 = CARTESIAN_POINT('',(-55.37768874153,168.90536882221,
    -5.832380380939E-16));
#213 = SURFACE_CURVE('',#214,(#219,#231),.PCURVE_S1.);
#214 = ELLIPSE('',#215,4.777226595274,4.7625);
#215 = AXIS2_PLACEMENT_3D('',#216,#217,#218);
#216 = CARTESIAN_POINT('',(-50.659277733,168.15804593541,0.));
#217 = DIRECTION('',(0.15643446504,0.987688340595,0.));
#218 = DIRECTION('',(-0.987688340595,0.15643446504,0.));
#219 = PCURVE('',#72,#220);
#220 = DEFINITIONAL_REPRESENTATION('',(#221),#230);
#221 = B_SPLINE_CURVE_WITH_KNOTS('',7,(#222,#223,#224,#225,#226,#227,
    #228,#229),.UNSPECIFIED.,.F.,.F.,(8,8),(0.,1.570796326795),
  .PIECEWISE_BEZIER_KNOTS.);
#222 = CARTESIAN_POINT('',(4.712388980385,2.168391807091));
#223 = CARTESIAN_POINT('',(4.936788455641,2.168391807091));
#224 = CARTESIAN_POINT('',(5.161187930897,2.146371812992));
#225 = CARTESIAN_POINT('',(5.385587406154,2.102335019156));
#226 = CARTESIAN_POINT('',(5.60998688141,2.038985089947));
#227 = CARTESIAN_POINT('',(5.834386356667,1.961792008627));
#228 = CARTESIAN_POINT('',(6.058785831923,1.877683639248));
#229 = CARTESIAN_POINT('',(6.28318530718,1.793574928339));
#230 = ( GEOMETRIC_REPRESENTATION_CONTEXT(2) 
PARAMETRIC_REPRESENTATION_CONTEXT() REPRESENTATION_CONTEXT('2D SPACE',''
  ) );
#231 = PCURVE('',#232,#237);
#232 = CYLINDRICAL_SURFACE('',#233,4.7625);
#233 = AXIS2_PLACEMENT_3D('',#234,#235,#236);
#234 = CARTESIAN_POINT('',(-50.659277733,168.15804593541,0.));
#235 = DIRECTION('',(0.233445363856,0.972369920398,0.));
#236 = DIRECTION('',(1.079547474078E-16,-2.591764179448E-17,1.));
#237 = DEFINITIONAL_REPRESENTATION('',(#238),#247);
#238 = B_SPLINE_CURVE_WITH_KNOTS('',7,(#239,#240,#241,#242,#243,#244,
    #245,#246),.UNSPECIFIED.,.F.,.F.,(8,8),(0.,1.570796326795),
  .PIECEWISE_BEZIER_KNOTS.);
#239 = CARTESIAN_POINT('',(4.712388980385,-0.374816878752));
#240 = CARTESIAN_POINT('',(4.936788455641,-0.374816878752));
#241 = CARTESIAN_POINT('',(5.161187930897,-0.352796884654));
#242 = CARTESIAN_POINT('',(5.385587406154,-0.308760090817));
#243 = CARTESIAN_POINT('',(5.60998688141,-0.24541016161));
#244 = CARTESIAN_POINT('',(5.834386356667,-0.168217080288));
#245 = CARTESIAN_POINT('',(6.058785831923,-8.410871090925E-02));
#246 = CARTESIAN_POINT('',(6.28318530718,0.));
#247 = ( GEOMETRIC_REPRESENTATION_CONTEXT(2) 
PARAMETRIC_REPRESENTATION_CONTEXT() REPRESENTATION_CONTEXT('2D SPACE',''
  ) );
#248 = ORIENTED_EDGE('',*,*,#249,.F.);
#249 = EDGE_CURVE('',#250,#211,#252,.T.);
#250 = VERTEX_POINT('',#251);
#251 = CARTESIAN_POINT('',(-50.659277733,168.15804593541,-4.7625));
#252 = SURFACE_CURVE('',#253,(#258,#270),.PCURVE_S1.);
#253 = ELLIPSE('',#254,4.777226595274,4.7625);
#254 = AXIS2_PLACEMENT_3D('',#255,#256,#257);
#255 = CARTESIAN_POINT('',(-50.659277733,168.15804593541,0.));
#256 = DIRECTION('',(0.15643446504,0.987688340595,0.));
#257 = DIRECTION('',(-0.987688340595,0.15643446504,0.));
#258 = PCURVE('',#72,#259);
#259 = DEFINITIONAL_REPRESENTATION('',(#260),#269);
#260 = B_SPLINE_CURVE_WITH_KNOTS('',7,(#261,#262,#263,#264,#265,#266,
    #267,#268),.UNSPECIFIED.,.F.,.F.,(8,8),(4.712388980385,6.28318530718
    ),.PIECEWISE_BEZIER_KNOTS.);
#261 = CARTESIAN_POINT('',(3.14159265359,1.793574928339));
#262 = CARTESIAN_POINT('',(3.365992128846,1.877683639248));
#263 = CARTESIAN_POINT('',(3.590391604102,1.961792008627));
#264 = CARTESIAN_POINT('',(3.81479107936,2.038985089947));
#265 = CARTESIAN_POINT('',(4.039190554616,2.102335019156));
#266 = CARTESIAN_POINT('',(4.263590029872,2.146371812992));
#267 = CARTESIAN_POINT('',(4.487989505128,2.168391807091));
#268 = CARTESIAN_POINT('',(4.712388980385,2.168391807091));
#269 = ( GEOMETRIC_REPRESENTATION_CONTEXT(2) 
PARAMETRIC_REPRESENTATION_CONTEXT() REPRESENTATION_CONTEXT('2D SPACE',''
  ) );
#270 = PCURVE('',#232,#271);
#271 = DEFINITIONAL_REPRESENTATION('',(#272),#281);
#272 = B_SPLINE_CURVE_WITH_KNOTS('',7,(#273,#274,#275,#276,#277,#278,
    #279,#280),.UNSPECIFIED.,.F.,.F.,(8,8),(4.712388980385,6.28318530718
    ),.PIECEWISE_BEZIER_KNOTS.);
#273 = CARTESIAN_POINT('',(3.14159265359,0.));
#274 = CARTESIAN_POINT('',(3.365992128846,-8.410871090925E-02));
#275 = CARTESIAN_POINT('',(3.590391604102,-0.168217080288));
#276 = CARTESIAN_POINT('',(3.81479107936,-0.24541016161));
#277 = CARTESIAN_POINT('',(4.039190554616,-0.308760090817));
#278 = CARTESIAN_POINT('',(4.263590029872,-0.352796884654));
#279 = CARTESIAN_POINT('',(4.487989505128,-0.374816878752));
#280 = CARTESIAN_POINT('',(4.712388980385,-0.374816878752));
#281 = ( GEOMETRIC_REPRESENTATION_CONTEXT(2) 
PARAMETRIC_REPRESENTATION_CONTEXT() REPRESENTATION_CONTEXT('2D SPACE',''
  ) );
#282 = ORIENTED_EDGE('',*,*,#283,.F.);
#283 = EDGE_CURVE('',#189,#250,#284,.T.);
#284 = SURFACE_CURVE('',#285,(#290,#303),.PCURVE_S1.);
#285 = ELLIPSE('',#286,4.777226595274,4.7625);
#286 = AXIS2_PLACEMENT_3D('',#287,#288,#289);
#287 = CARTESIAN_POINT('',(-50.659277733,168.15804593541,0.));
#288 = DIRECTION('',(0.15643446504,0.987688340595,0.));
#289 = DIRECTION('',(-0.987688340595,0.15643446504,0.));
#290 = PCURVE('',#72,#291);
#291 = DEFINITIONAL_REPRESENTATION('',(#292),#302);
#292 = B_SPLINE_CURVE_WITH_KNOTS('',8,(#293,#294,#295,#296,#297,#298,
    #299,#300,#301),.UNSPECIFIED.,.F.,.F.,(9,9),(1.570796326795,
    4.712388980385),.PIECEWISE_BEZIER_KNOTS.);
#293 = CARTESIAN_POINT('',(0.,1.793574928339));
#294 = CARTESIAN_POINT('',(0.392699081699,1.646384684247));
#295 = CARTESIAN_POINT('',(0.785398163396,1.49919326653));
#296 = CARTESIAN_POINT('',(1.178097245099,1.386602761858));
#297 = CARTESIAN_POINT('',(1.570796326784,1.343120548309));
#298 = CARTESIAN_POINT('',(1.963495408496,1.386602761857));
#299 = CARTESIAN_POINT('',(2.356194490191,1.49919326653));
#300 = CARTESIAN_POINT('',(2.748893571891,1.646384684247));
#301 = CARTESIAN_POINT('',(3.14159265359,1.793574928339));
#302 = ( GEOMETRIC_REPRESENTATION_CONTEXT(2) 
PARAMETRIC_REPRESENTATION_CONTEXT() REPRESENTATION_CONTEXT('2D SPACE',''
  ) );
#303 = PCURVE('',#232,#304);
#304 = DEFINITIONAL_REPRESENTATION('',(#305),#315);
#305 = B_SPLINE_CURVE_WITH_KNOTS('',8,(#306,#307,#308,#309,#310,#311,
    #312,#313,#314),.UNSPECIFIED.,.F.,.F.,(9,9),(1.570796326795,
    4.712388980385),.PIECEWISE_BEZIER_KNOTS.);
#306 = CARTESIAN_POINT('',(0.,0.));
#307 = CARTESIAN_POINT('',(0.392699081699,0.147190244091));
#308 = CARTESIAN_POINT('',(0.785398163397,0.294381661806));
#309 = CARTESIAN_POINT('',(1.178097245093,0.406972166487));
#310 = CARTESIAN_POINT('',(1.570796326797,0.450454380015));
#311 = CARTESIAN_POINT('',(1.963495408489,0.406972166487));
#312 = CARTESIAN_POINT('',(2.356194490192,0.294381661806));
#313 = CARTESIAN_POINT('',(2.748893571891,0.147190244091));
#314 = CARTESIAN_POINT('',(3.14159265359,0.));
#315 = ( GEOMETRIC_REPRESENTATION_CONTEXT(2) 
PARAMETRIC_REPRESENTATION_CONTEXT() REPRESENTATION_CONTEXT('2D SPACE',''
  ) );
#316 = ORIENTED_EDGE('',*,*,#188,.F.);
#317 = ORIENTED_EDGE('',*,*,#123,.T.);
#318 = ORIENTED_EDGE('',*,*,#89,.T.);
#319 = ORIENTED_EDGE('',*,*,#50,.T.);
#320 = ADVANCED_FACE('',(#321),#232,.T.);
#321 = FACE_BOUND('',#322,.T.);
#322 = EDGE_LOOP('',(#323,#345,#384,#418,#452,#453,#454,#455));
#323 = ORIENTED_EDGE('',*,*,#324,.T.);
#324 = EDGE_CURVE('',#189,#325,#327,.T.);
#325 = VERTEX_POINT('',#326);
#326 = CARTESIAN_POINT('',(-50.24057598125,169.9020642457,4.7625));
#327 = SEAM_CURVE('',#328,(#332,#338),.PCURVE_S1.);
#328 = LINE('',#329,#330);
#329 = CARTESIAN_POINT('',(-50.659277733,168.15804593541,4.7625));
#330 = VECTOR('',#331,1.);
#331 = DIRECTION('',(0.233445363856,0.972369920398,0.));
#332 = PCURVE('',#232,#333);
#333 = DEFINITIONAL_REPRESENTATION('',(#334),#337);
#334 = B_SPLINE_CURVE_WITH_KNOTS('',1,(#335,#336),.UNSPECIFIED.,.F.,.F.,
  (2,2),(-2.070830847315,3.864405775653),.PIECEWISE_BEZIER_KNOTS.);
#335 = CARTESIAN_POINT('',(6.28318530718,-2.070830847315));
#336 = CARTESIAN_POINT('',(6.28318530718,3.864405775653));
#337 = ( GEOMETRIC_REPRESENTATION_CONTEXT(2) 
PARAMETRIC_REPRESENTATION_CONTEXT() REPRESENTATION_CONTEXT('2D SPACE',''
  ) );
#338 = PCURVE('',#232,#339);
#339 = DEFINITIONAL_REPRESENTATION('',(#340),#344);
#340 = LINE('',#341,#342);
#341 = CARTESIAN_POINT('',(0.,0.));
#342 = VECTOR('',#343,1.);
#343 = DIRECTION('',(0.,1.));
#344 = ( GEOMETRIC_REPRESENTATION_CONTEXT(2) 
PARAMETRIC_REPRESENTATION_CONTEXT() REPRESENTATION_CONTEXT('2D SPACE',''
  ) );
#345 = ORIENTED_EDGE('',*,*,#346,.F.);
#346 = EDGE_CURVE('',#347,#325,#349,.T.);
#347 = VERTEX_POINT('',#348);
#348 = CARTESIAN_POINT('',(-54.7839884645,171.37830844962,
    -5.832380380939E-16));
#349 = SURFACE_CURVE('',#350,(#355,#367),.PCURVE_S1.);
#350 = ELLIPSE('',#351,4.777226595274,4.7625);
#351 = AXIS2_PLACEMENT_3D('',#352,#353,#354);
#352 = CARTESIAN_POINT('',(-50.24057598125,169.9020642457,0.));
#353 = DIRECTION('',(0.309016994375,0.951056516295,0.));
#354 = DIRECTION('',(-0.951056516295,0.309016994375,0.));
#355 = PCURVE('',#232,#356);
#356 = DEFINITIONAL_REPRESENTATION('',(#357),#366);
#357 = B_SPLINE_CURVE_WITH_KNOTS('',7,(#358,#359,#360,#361,#362,#363,
    #364,#365),.UNSPECIFIED.,.F.,.F.,(8,8),(0.,1.570796326795),
  .PIECEWISE_BEZIER_KNOTS.);
#358 = CARTESIAN_POINT('',(4.712388980385,2.168391807091));
#359 = CARTESIAN_POINT('',(4.936788455641,2.168391807091));
#360 = CARTESIAN_POINT('',(5.161187930898,2.146371812992));
#361 = CARTESIAN_POINT('',(5.385587406154,2.102335019156));
#362 = CARTESIAN_POINT('',(5.609986881411,2.038985089947));
#363 = CARTESIAN_POINT('',(5.834386356667,1.961792008626));
#364 = CARTESIAN_POINT('',(6.058785831923,1.877683639248));
#365 = CARTESIAN_POINT('',(6.28318530718,1.793574928338));
#366 = ( GEOMETRIC_REPRESENTATION_CONTEXT(2) 
PARAMETRIC_REPRESENTATION_CONTEXT() REPRESENTATION_CONTEXT('2D SPACE',''
  ) );
#367 = PCURVE('',#368,#373);
#368 = CYLINDRICAL_SURFACE('',#369,4.7625);
#369 = AXIS2_PLACEMENT_3D('',#370,#371,#372);
#370 = CARTESIAN_POINT('',(-50.24057598125,169.9020642457,0.));
#371 = DIRECTION('',(0.382683432365,0.923879532511,0.));
#372 = DIRECTION('',(1.025712328974E-16,-4.248639577543E-17,1.));
#373 = DEFINITIONAL_REPRESENTATION('',(#374),#383);
#374 = B_SPLINE_CURVE_WITH_KNOTS('',7,(#375,#376,#377,#378,#379,#380,
    #381,#382),.UNSPECIFIED.,.F.,.F.,(8,8),(0.,1.570796326795),
  .PIECEWISE_BEZIER_KNOTS.);
#375 = CARTESIAN_POINT('',(4.712388980385,-0.374816878752));
#376 = CARTESIAN_POINT('',(4.936788455641,-0.374816878752));
#377 = CARTESIAN_POINT('',(5.161187930898,-0.352796884654));
#378 = CARTESIAN_POINT('',(5.385587406154,-0.308760090817));
#379 = CARTESIAN_POINT('',(5.60998688141,-0.24541016161));
#380 = CARTESIAN_POINT('',(5.834386356667,-0.168217080288));
#381 = CARTESIAN_POINT('',(6.058785831923,-8.410871090931E-02));
#382 = CARTESIAN_POINT('',(6.28318530718,-5.684341886081E-14));
#383 = ( GEOMETRIC_REPRESENTATION_CONTEXT(2) 
PARAMETRIC_REPRESENTATION_CONTEXT() REPRESENTATION_CONTEXT('2D SPACE',''
  ) );
#384 = ORIENTED_EDGE('',*,*,#385,.F.);
#385 = EDGE_CURVE('',#386,#347,#388,.T.);
#386 = VERTEX_POINT('',#387);
#387 = CARTESIAN_POINT('',(-50.24057598125,169.9020642457,-4.7625));
#388 = SURFACE_CURVE('',#389,(#394,#406),.PCURVE_S1.);
#389 = ELLIPSE('',#390,4.777226595274,4.7625);
#390 = AXIS2_PLACEMENT_3D('',#391,#392,#393);
#391 = CARTESIAN_POINT('',(-50.24057598125,169.9020642457,0.));
#392 = DIRECTION('',(0.309016994375,0.951056516295,0.));
#393 = DIRECTION('',(-0.951056516295,0.309016994375,0.));
#394 = PCURVE('',#232,#395);
#395 = DEFINITIONAL_REPRESENTATION('',(#396),#405);
#396 = B_SPLINE_CURVE_WITH_KNOTS('',7,(#397,#398,#399,#400,#401,#402,
    #403,#404),.UNSPECIFIED.,.F.,.F.,(8,8),(4.712388980385,6.28318530718
    ),.PIECEWISE_BEZIER_KNOTS.);
#397 = CARTESIAN_POINT('',(3.14159265359,1.793574928338));
#398 = CARTESIAN_POINT('',(3.365992128846,1.877683639248));
#399 = CARTESIAN_POINT('',(3.590391604102,1.961792008627));
#400 = CARTESIAN_POINT('',(3.81479107936,2.038985089947));
#401 = CARTESIAN_POINT('',(4.039190554616,2.102335019156));
#402 = CARTESIAN_POINT('',(4.263590029872,2.146371812992));
#403 = CARTESIAN_POINT('',(4.487989505128,2.168391807091));
#404 = CARTESIAN_POINT('',(4.712388980385,2.168391807091));
#405 = ( GEOMETRIC_REPRESENTATION_CONTEXT(2) 
PARAMETRIC_REPRESENTATION_CONTEXT() REPRESENTATION_CONTEXT('2D SPACE',''
  ) );
#406 = PCURVE('',#368,#407);
#407 = DEFINITIONAL_REPRESENTATION('',(#408),#417);
#408 = B_SPLINE_CURVE_WITH_KNOTS('',7,(#409,#410,#411,#412,#413,#414,
    #415,#416),.UNSPECIFIED.,.F.,.F.,(8,8),(4.712388980385,6.28318530718
    ),.PIECEWISE_BEZIER_KNOTS.);
#409 = CARTESIAN_POINT('',(3.14159265359,-5.684341886081E-14));
#410 = CARTESIAN_POINT('',(3.365992128846,-8.410871090931E-02));
#411 = CARTESIAN_POINT('',(3.590391604102,-0.168217080287));
#412 = CARTESIAN_POINT('',(3.81479107936,-0.24541016161));
#413 = CARTESIAN_POINT('',(4.039190554616,-0.308760090817));
#414 = CARTESIAN_POINT('',(4.263590029872,-0.352796884654));
#415 = CARTESIAN_POINT('',(4.487989505128,-0.374816878752));
#416 = CARTESIAN_POINT('',(4.712388980385,-0.374816878752));
#417 = ( GEOMETRIC_REPRESENTATION_CONTEXT(2) 
PARAMETRIC_REPRESENTATION_CONTEXT() REPRESENTATION_CONTEXT('2D SPACE',''
  ) );
#418 = ORIENTED_EDGE('',*,*,#419,.F.);
#419 = EDGE_CURVE('',#325,#386,#420,.T.);
#420 = SURFACE_CURVE('',#421,(#426,#439),.PCURVE_S1.);
#421 = ELLIPSE('',#422,4.777226595274,4.7625);
#422 = AXIS2_PLACEMENT_3D('',#423,#424,#425);
#423 = CARTESIAN_POINT('',(-50.24057598125,169.9020642457,0.));
#424 = DIRECTION('',(0.309016994375,0.951056516295,0.));
#425 = DIRECTION('',(-0.951056516295,0.309016994375,0.));
#426 = PCURVE('',#232,#427);
#427 = DEFINITIONAL_REPRESENTATION('',(#428),#438);
#428 = B_SPLINE_CURVE_WITH_KNOTS('',8,(#429,#430,#431,#432,#433,#434,
    #435,#436,#437),.UNSPECIFIED.,.F.,.F.,(9,9),(1.570796326795,
    4.712388980385),.PIECEWISE_BEZIER_KNOTS.);
#429 = CARTESIAN_POINT('',(0.,1.793574928338));
#430 = CARTESIAN_POINT('',(0.392699081699,1.646384684247));
#431 = CARTESIAN_POINT('',(0.785398163399,1.499193266532));
#432 = CARTESIAN_POINT('',(1.178097245091,1.386602761849));
#433 = CARTESIAN_POINT('',(1.570796326798,1.343120548321));
#434 = CARTESIAN_POINT('',(1.963495408488,1.386602761849));
#435 = CARTESIAN_POINT('',(2.356194490193,1.499193266532));
#436 = CARTESIAN_POINT('',(2.748893571891,1.646384684247));
#437 = CARTESIAN_POINT('',(3.14159265359,1.793574928338));
#438 = ( GEOMETRIC_REPRESENTATION_CONTEXT(2) 
PARAMETRIC_REPRESENTATION_CONTEXT() REPRESENTATION_CONTEXT('2D SPACE',''
  ) );
#439 = PCURVE('',#368,#440);
#440 = DEFINITIONAL_REPRESENTATION('',(#441),#451);
#441 = B_SPLINE_CURVE_WITH_KNOTS('',8,(#442,#443,#444,#445,#446,#447,
    #448,#449,#450),.UNSPECIFIED.,.F.,.F.,(9,9),(1.570796326795,
    4.712388980385),.PIECEWISE_BEZIER_KNOTS.);
#442 = CARTESIAN_POINT('',(0.,-5.684341886081E-14));
#443 = CARTESIAN_POINT('',(0.392699081699,0.147190244091));
#444 = CARTESIAN_POINT('',(0.785398163398,0.294381661806));
#445 = CARTESIAN_POINT('',(1.178097245095,0.406972166487));
#446 = CARTESIAN_POINT('',(1.570796326792,0.450454380014));
#447 = CARTESIAN_POINT('',(1.963495408492,0.406972166487));
#448 = CARTESIAN_POINT('',(2.356194490192,0.294381661806));
#449 = CARTESIAN_POINT('',(2.748893571891,0.147190244091));
#450 = CARTESIAN_POINT('',(3.14159265359,-5.684341886081E-14));
#451 = ( GEOMETRIC_REPRESENTATION_CONTEXT(2) 
PARAMETRIC_REPRESENTATION_CONTEXT() REPRESENTATION_CONTEXT('2D SPACE',''
  ) );
#452 = ORIENTED_EDGE('',*,*,#324,.F.);
#453 = ORIENTED_EDGE('',*,*,#283,.T.);
#454 = ORIENTED_EDGE('',*,*,#249,.T.);
#455 = ORIENTED_EDGE('',*,*,#210,.T.);
#456 = ADVANCED_FACE('',(#457),#368,.T.);
#457 = FACE_BOUND('',#458,.T.);
#458 = EDGE_LOOP('',(#459,#481,#520,#554,#588,#589,#590,#591));
#459 = ORIENTED_EDGE('',*,*,#460,.T.);
#460 = EDGE_CURVE('',#325,#461,#463,.T.);
#461 = VERTEX_POINT('',#462);
#462 = CARTESIAN_POINT('',(-49.55420457147,171.55911141202,4.7625));
#463 = SEAM_CURVE('',#464,(#468,#474),.PCURVE_S1.);
#464 = LINE('',#465,#466);
#465 = CARTESIAN_POINT('',(-50.24057598125,169.9020642457,4.7625));
#466 = VECTOR('',#467,1.);
#467 = DIRECTION('',(0.382683432365,0.923879532511,0.));
#468 = PCURVE('',#368,#469);
#469 = DEFINITIONAL_REPRESENTATION('',(#470),#473);
#470 = B_SPLINE_CURVE_WITH_KNOTS('',1,(#471,#472),.UNSPECIFIED.,.F.,.F.,
  (2,2),(-2.070830847315,3.864405775653),.PIECEWISE_BEZIER_KNOTS.);
#471 = CARTESIAN_POINT('',(6.28318530718,-2.070830847315));
#472 = CARTESIAN_POINT('',(6.28318530718,3.864405775653));
#473 = ( GEOMETRIC_REPRESENTATION_CONTEXT(2) 
PARAMETRIC_REPRESENTATION_CONTEXT() REPRESENTATION_CONTEXT('2D SPACE',''
  ) );
#474 = PCURVE('',#368,#475);
#475 = DEFINITIONAL_REPRESENTATION('',(#476),#480);
#476 = LINE('',#477,#478);
#477 = CARTESIAN_POINT('',(0.,0.));
#478 = VECTOR('',#479,1.);
#479 = DIRECTION('',(0.,1.));
#480 = ( GEOMETRIC_REPRESENTATION_CONTEXT(2) 
PARAMETRIC_REPRESENTATION_CONTEXT() REPRESENTATION_CONTEXT('2D SPACE',''
  ) );
#481 = ORIENTED_EDGE('',*,*,#482,.F.);
#482 = EDGE_CURVE('',#483,#461,#485,.T.);
#483 = VERTEX_POINT('',#484);
#484 = CARTESIAN_POINT('',(-53.81074463538,173.72792690138,
    -5.832380380939E-16));
#485 = SURFACE_CURVE('',#486,(#491,#503),.PCURVE_S1.);
#486 = ELLIPSE('',#487,4.777226595274,4.7625);
#487 = AXIS2_PLACEMENT_3D('',#488,#489,#490);
#488 = CARTESIAN_POINT('',(-49.55420457147,171.55911141202,0.));
#489 = DIRECTION('',(0.45399049974,0.891006524188,0.));
#490 = DIRECTION('',(-0.891006524188,0.45399049974,0.));
#491 = PCURVE('',#368,#492);
#492 = DEFINITIONAL_REPRESENTATION('',(#493),#502);
#493 = B_SPLINE_CURVE_WITH_KNOTS('',7,(#494,#495,#496,#497,#498,#499,
    #500,#501),.UNSPECIFIED.,.F.,.F.,(8,8),(0.,1.570796326795),
  .PIECEWISE_BEZIER_KNOTS.);
#494 = CARTESIAN_POINT('',(4.712388980385,2.168391807091));
#495 = CARTESIAN_POINT('',(4.936788455641,2.168391807091));
#496 = CARTESIAN_POINT('',(5.161187930898,2.146371812992));
#497 = CARTESIAN_POINT('',(5.385587406154,2.102335019155));
#498 = CARTESIAN_POINT('',(5.60998688141,2.038985089949));
#499 = CARTESIAN_POINT('',(5.834386356667,1.961792008626));
#500 = CARTESIAN_POINT('',(6.058785831923,1.877683639248));
#501 = CARTESIAN_POINT('',(6.28318530718,1.793574928339));
#502 = ( GEOMETRIC_REPRESENTATION_CONTEXT(2) 
PARAMETRIC_REPRESENTATION_CONTEXT() REPRESENTATION_CONTEXT('2D SPACE',''
  ) );
#503 = PCURVE('',#504,#509);
#504 = CYLINDRICAL_SURFACE('',#505,4.7625);
#505 = AXIS2_PLACEMENT_3D('',#506,#507,#508);
#506 = CARTESIAN_POINT('',(-49.55420457147,171.55911141202,0.));
#507 = DIRECTION('',(0.522498564716,0.852640164354,0.));
#508 = DIRECTION('',(9.466207421861E-17,-5.800899368812E-17,1.));
#509 = DEFINITIONAL_REPRESENTATION('',(#510),#519);
#510 = B_SPLINE_CURVE_WITH_KNOTS('',7,(#511,#512,#513,#514,#515,#516,
    #517,#518),.UNSPECIFIED.,.F.,.F.,(8,8),(0.,1.570796326795),
  .PIECEWISE_BEZIER_KNOTS.);
#511 = CARTESIAN_POINT('',(4.712388980385,-0.374816878752));
#512 = CARTESIAN_POINT('',(4.936788455641,-0.374816878752));
#513 = CARTESIAN_POINT('',(5.161187930897,-0.352796884654));
#514 = CARTESIAN_POINT('',(5.385587406154,-0.308760090816));
#515 = CARTESIAN_POINT('',(5.60998688141,-0.24541016161));
#516 = CARTESIAN_POINT('',(5.834386356667,-0.168217080288));
#517 = CARTESIAN_POINT('',(6.058785831923,-8.41087109092E-02));
#518 = CARTESIAN_POINT('',(6.28318530718,4.263256414561E-14));
#519 = ( GEOMETRIC_REPRESENTATION_CONTEXT(2) 
PARAMETRIC_REPRESENTATION_CONTEXT() REPRESENTATION_CONTEXT('2D SPACE',''
  ) );
#520 = ORIENTED_EDGE('',*,*,#521,.F.);
#521 = EDGE_CURVE('',#522,#483,#524,.T.);
#522 = VERTEX_POINT('',#523);
#523 = CARTESIAN_POINT('',(-49.55420457147,171.55911141202,-4.7625));
#524 = SURFACE_CURVE('',#525,(#530,#542),.PCURVE_S1.);
#525 = ELLIPSE('',#526,4.777226595274,4.7625);
#526 = AXIS2_PLACEMENT_3D('',#527,#528,#529);
#527 = CARTESIAN_POINT('',(-49.55420457147,171.55911141202,0.));
#528 = DIRECTION('',(0.45399049974,0.891006524188,0.));
#529 = DIRECTION('',(-0.891006524188,0.45399049974,0.));
#530 = PCURVE('',#368,#531);
#531 = DEFINITIONAL_REPRESENTATION('',(#532),#541);
#532 = B_SPLINE_CURVE_WITH_KNOTS('',7,(#533,#534,#535,#536,#537,#538,
    #539,#540),.UNSPECIFIED.,.F.,.F.,(8,8),(4.712388980385,6.28318530718
    ),.PIECEWISE_BEZIER_KNOTS.);
#533 = CARTESIAN_POINT('',(3.14159265359,1.793574928339));
#534 = CARTESIAN_POINT('',(3.365992128846,1.877683639248));
#535 = CARTESIAN_POINT('',(3.590391604102,1.961792008626));
#536 = CARTESIAN_POINT('',(3.814791079361,2.03898508995));
#537 = CARTESIAN_POINT('',(4.039190554614,2.102335019154));
#538 = CARTESIAN_POINT('',(4.263590029873,2.146371812992));
#539 = CARTESIAN_POINT('',(4.487989505128,2.168391807091));
#540 = CARTESIAN_POINT('',(4.712388980385,2.168391807091));
#541 = ( GEOMETRIC_REPRESENTATION_CONTEXT(2) 
PARAMETRIC_REPRESENTATION_CONTEXT() REPRESENTATION_CONTEXT('2D SPACE',''
  ) );
#542 = PCURVE('',#504,#543);
#543 = DEFINITIONAL_REPRESENTATION('',(#544),#553);
#544 = B_SPLINE_CURVE_WITH_KNOTS('',7,(#545,#546,#547,#548,#549,#550,
    #551,#552),.UNSPECIFIED.,.F.,.F.,(8,8),(4.712388980385,6.28318530718
    ),.PIECEWISE_BEZIER_KNOTS.);
#545 = CARTESIAN_POINT('',(3.14159265359,4.263256414561E-14));
#546 = CARTESIAN_POINT('',(3.365992128846,-8.41087109092E-02));
#547 = CARTESIAN_POINT('',(3.590391604102,-0.168217080288));
#548 = CARTESIAN_POINT('',(3.814791079361,-0.24541016161));
#549 = CARTESIAN_POINT('',(4.039190554615,-0.308760090816));
#550 = CARTESIAN_POINT('',(4.263590029872,-0.352796884654));
#551 = CARTESIAN_POINT('',(4.487989505128,-0.374816878752));
#552 = CARTESIAN_POINT('',(4.712388980385,-0.374816878752));
#553 = ( GEOMETRIC_REPRESENTATION_CONTEXT(2) 
PARAMETRIC_REPRESENTATION_CONTEXT() REPRESENTATION_CONTEXT('2D SPACE',''
  ) );
#554 = ORIENTED_EDGE('',*,*,#555,.F.);
#555 = EDGE_CURVE('',#461,#522,#556,.T.);
#556 = SURFACE_CURVE('',#557,(#562,#575),.PCURVE_S1.);
#557 = ELLIPSE('',#558,4.777226595274,4.7625);
#558 = AXIS2_PLACEMENT_3D('',#559,#560,#561);
#559 = CARTESIAN_POINT('',(-49.55420457147,171.55911141202,0.));
#560 = DIRECTION('',(0.45399049974,0.891006524188,0.));
#561 = DIRECTION('',(-0.891006524188,0.45399049974,0.));
#562 = PCURVE('',#368,#563);
#563 = DEFINITIONAL_REPRESENTATION('',(#564),#574);
#564 = B_SPLINE_CURVE_WITH_KNOTS('',8,(#565,#566,#567,#568,#569,#570,
    #571,#572,#573),.UNSPECIFIED.,.F.,.F.,(9,9),(1.570796326795,
    4.712388980385),.PIECEWISE_BEZIER_KNOTS.);
#565 = CARTESIAN_POINT('',(0.,1.793574928339));
#566 = CARTESIAN_POINT('',(0.392699081699,1.646384684247));
#567 = CARTESIAN_POINT('',(0.785398163397,1.499193266531));
#568 = CARTESIAN_POINT('',(1.178097245094,1.386602761852));
#569 = CARTESIAN_POINT('',(1.570796326791,1.343120548322));
#570 = CARTESIAN_POINT('',(1.963495408491,1.386602761851));
#571 = CARTESIAN_POINT('',(2.356194490192,1.499193266532));
#572 = CARTESIAN_POINT('',(2.748893571891,1.646384684247));
#573 = CARTESIAN_POINT('',(3.14159265359,1.793574928339));
#574 = ( GEOMETRIC_REPRESENTATION_CONTEXT(2) 
PARAMETRIC_REPRESENTATION_CONTEXT() REPRESENTATION_CONTEXT('2D SPACE',''
  ) );
#575 = PCURVE('',#504,#576);
#576 = DEFINITIONAL_REPRESENTATION('',(#577),#587);
#577 = B_SPLINE_CURVE_WITH_KNOTS('',8,(#578,#579,#580,#581,#582,#583,
    #584,#585,#586),.UNSPECIFIED.,.F.,.F.,(9,9),(1.570796326795,
    4.712388980385),.PIECEWISE_BEZIER_KNOTS.);
#578 = CARTESIAN_POINT('',(0.,4.263256414561E-14));
#579 = CARTESIAN_POINT('',(0.392699081699,0.147190244091));
#580 = CARTESIAN_POINT('',(0.785398163398,0.294381661806));
#581 = CARTESIAN_POINT('',(1.178097245092,0.406972166489));
#582 = CARTESIAN_POINT('',(1.570796326794,0.450454380013));
#583 = CARTESIAN_POINT('',(1.96349540849,0.406972166489));
#584 = CARTESIAN_POINT('',(2.356194490192,0.294381661806));
#585 = CARTESIAN_POINT('',(2.748893571891,0.147190244091));
#586 = CARTESIAN_POINT('',(3.14159265359,4.263256414561E-14));
#587 = ( GEOMETRIC_REPRESENTATION_CONTEXT(2) 
PARAMETRIC_REPRESENTATION_CONTEXT() REPRESENTATION_CONTEXT('2D SPACE',''
  ) );
#588 = ORIENTED_EDGE('',*,*,#460,.F.);
#589 = ORIENTED_EDGE('',*,*,#419,.T.);
#590 = ORIENTED_EDGE('',*,*,#385,.T.);
#591 = ORIENTED_EDGE('',*,*,#346,.T.);
#592 = ADVANCED_FACE('',(#593),#504,.T.);
#593 = FACE_BOUND('',#594,.T.);
#594 = EDGE_LOOP('',(#595,#617,#656,#690,#724,#725,#726,#727));
#595 = ORIENTED_EDGE('',*,*,#596,.T.);
#596 = EDGE_CURVE('',#461,#597,#599,.T.);
#597 = VERTEX_POINT('',#598);
#598 = CARTESIAN_POINT('',(-48.6170642457,173.0883854337,4.7625));
#599 = SEAM_CURVE('',#600,(#604,#610),.PCURVE_S1.);
#600 = LINE('',#601,#602);
#601 = CARTESIAN_POINT('',(-49.55420457147,171.55911141202,4.7625));
#602 = VECTOR('',#603,1.);
#603 = DIRECTION('',(0.522498564716,0.852640164354,0.));
#604 = PCURVE('',#504,#605);
#605 = DEFINITIONAL_REPRESENTATION('',(#606),#609);
#606 = B_SPLINE_CURVE_WITH_KNOTS('',1,(#607,#608),.UNSPECIFIED.,.F.,.F.,
  (2,2),(-2.070830847315,3.864405775654),.PIECEWISE_BEZIER_KNOTS.);
#607 = CARTESIAN_POINT('',(6.28318530718,-2.070830847315));
#608 = CARTESIAN_POINT('',(6.28318530718,3.864405775654));
#609 = ( GEOMETRIC_REPRESENTATION_CONTEXT(2) 
PARAMETRIC_REPRESENTATION_CONTEXT() REPRESENTATION_CONTEXT('2D SPACE',''
  ) );
#610 = PCURVE('',#504,#611);
#611 = DEFINITIONAL_REPRESENTATION('',(#612),#616);
#612 = LINE('',#613,#614);
#613 = CARTESIAN_POINT('',(0.,0.));
#614 = VECTOR('',#615,1.);
#615 = DIRECTION('',(0.,1.));
#616 = ( GEOMETRIC_REPRESENTATION_CONTEXT(2) 
PARAMETRIC_REPRESENTATION_CONTEXT() REPRESENTATION_CONTEXT('2D SPACE',''
  ) );
#617 = ORIENTED_EDGE('',*,*,#618,.F.);
#618 = EDGE_CURVE('',#619,#597,#621,.T.);
#619 = VERTEX_POINT('',#620);
#620 = CARTESIAN_POINT('',(-52.48192174726,175.89636877326,
    -5.832380380939E-16));
#621 = SURFACE_CURVE('',#622,(#627,#639),.PCURVE_S1.);
#622 = ELLIPSE('',#623,4.777226595274,4.7625);
#623 = AXIS2_PLACEMENT_3D('',#624,#625,#626);
#624 = CARTESIAN_POINT('',(-48.6170642457,173.0883854337,0.));
#625 = DIRECTION('',(0.587785252292,0.809016994375,0.));
#626 = DIRECTION('',(-0.809016994375,0.587785252292,0.));
#627 = PCURVE('',#504,#628);
#628 = DEFINITIONAL_REPRESENTATION('',(#629),#638);
#629 = B_SPLINE_CURVE_WITH_KNOTS('',7,(#630,#631,#632,#633,#634,#635,
    #636,#637),.UNSPECIFIED.,.F.,.F.,(8,8),(0.,1.570796326795),
  .PIECEWISE_BEZIER_KNOTS.);
#630 = CARTESIAN_POINT('',(4.712388980385,2.168391807091));
#631 = CARTESIAN_POINT('',(4.936788455641,2.168391807091));
#632 = CARTESIAN_POINT('',(5.161187930898,2.146371812993));
#633 = CARTESIAN_POINT('',(5.385587406154,2.102335019155));
#634 = CARTESIAN_POINT('',(5.609986881411,2.038985089949));
#635 = CARTESIAN_POINT('',(5.834386356667,1.961792008626));
#636 = CARTESIAN_POINT('',(6.058785831923,1.877683639248));
#637 = CARTESIAN_POINT('',(6.28318530718,1.793574928339));
#638 = ( GEOMETRIC_REPRESENTATION_CONTEXT(2) 
PARAMETRIC_REPRESENTATION_CONTEXT() REPRESENTATION_CONTEXT('2D SPACE',''
  ) );
#639 = PCURVE('',#640,#645);
#640 = CYLINDRICAL_SURFACE('',#641,4.7625);
#641 = AXIS2_PLACEMENT_3D('',#642,#643,#644);
#642 = CARTESIAN_POINT('',(-48.6170642457,173.0883854337,0.));
#643 = DIRECTION('',(0.64944804833,0.7604059656,0.));
#644 = DIRECTION('',(8.442202110715E-17,-7.21032176554E-17,1.));
#645 = DEFINITIONAL_REPRESENTATION('',(#646),#655);
#646 = B_SPLINE_CURVE_WITH_KNOTS('',7,(#647,#648,#649,#650,#651,#652,
    #653,#654),.UNSPECIFIED.,.F.,.F.,(8,8),(0.,1.570796326795),
  .PIECEWISE_BEZIER_KNOTS.);
#647 = CARTESIAN_POINT('',(4.712388980385,-0.374816878752));
#648 = CARTESIAN_POINT('',(4.936788455641,-0.374816878752));
#649 = CARTESIAN_POINT('',(5.161187930898,-0.352796884654));
#650 = CARTESIAN_POINT('',(5.385587406153,-0.308760090816));
#651 = CARTESIAN_POINT('',(5.609986881412,-0.24541016161));
#652 = CARTESIAN_POINT('',(5.834386356667,-0.168217080288));
#653 = CARTESIAN_POINT('',(6.058785831923,-8.410871090918E-02));
#654 = CARTESIAN_POINT('',(6.28318530718,7.105427357601E-14));
#655 = ( GEOMETRIC_REPRESENTATION_CONTEXT(2) 
PARAMETRIC_REPRESENTATION_CONTEXT() REPRESENTATION_CONTEXT('2D SPACE',''
  ) );
#656 = ORIENTED_EDGE('',*,*,#657,.F.);
#657 = EDGE_CURVE('',#658,#619,#660,.T.);
#658 = VERTEX_POINT('',#659);
#659 = CARTESIAN_POINT('',(-48.6170642457,173.0883854337,-4.7625));
#660 = SURFACE_CURVE('',#661,(#666,#678),.PCURVE_S1.);
#661 = ELLIPSE('',#662,4.777226595274,4.7625);
#662 = AXIS2_PLACEMENT_3D('',#663,#664,#665);
#663 = CARTESIAN_POINT('',(-48.6170642457,173.0883854337,0.));
#664 = DIRECTION('',(0.587785252292,0.809016994375,0.));
#665 = DIRECTION('',(-0.809016994375,0.587785252292,0.));
#666 = PCURVE('',#504,#667);
#667 = DEFINITIONAL_REPRESENTATION('',(#668),#677);
#668 = B_SPLINE_CURVE_WITH_KNOTS('',7,(#669,#670,#671,#672,#673,#674,
    #675,#676),.UNSPECIFIED.,.F.,.F.,(8,8),(4.712388980385,6.28318530718
    ),.PIECEWISE_BEZIER_KNOTS.);
#669 = CARTESIAN_POINT('',(3.14159265359,1.793574928339));
#670 = CARTESIAN_POINT('',(3.365992128846,1.877683639248));
#671 = CARTESIAN_POINT('',(3.590391604102,1.961792008626));
#672 = CARTESIAN_POINT('',(3.81479107936,2.038985089949));
#673 = CARTESIAN_POINT('',(4.039190554614,2.102335019155));
#674 = CARTESIAN_POINT('',(4.263590029872,2.146371812992));
#675 = CARTESIAN_POINT('',(4.487989505128,2.168391807091));
#676 = CARTESIAN_POINT('',(4.712388980385,2.168391807091));
#677 = ( GEOMETRIC_REPRESENTATION_CONTEXT(2) 
PARAMETRIC_REPRESENTATION_CONTEXT() REPRESENTATION_CONTEXT('2D SPACE',''
  ) );
#678 = PCURVE('',#640,#679);
#679 = DEFINITIONAL_REPRESENTATION('',(#680),#689);
#680 = B_SPLINE_CURVE_WITH_KNOTS('',7,(#681,#682,#683,#684,#685,#686,
    #687,#688),.UNSPECIFIED.,.F.,.F.,(8,8),(4.712388980385,6.28318530718
    ),.PIECEWISE_BEZIER_KNOTS.);
#681 = CARTESIAN_POINT('',(3.14159265359,7.105427357601E-14));
#682 = CARTESIAN_POINT('',(3.365992128846,-8.410871090918E-02));
#683 = CARTESIAN_POINT('',(3.590391604103,-0.168217080288));
#684 = CARTESIAN_POINT('',(3.81479107936,-0.24541016161));
#685 = CARTESIAN_POINT('',(4.039190554616,-0.308760090816));
#686 = CARTESIAN_POINT('',(4.263590029872,-0.352796884654));
#687 = CARTESIAN_POINT('',(4.487989505128,-0.374816878752));
#688 = CARTESIAN_POINT('',(4.712388980385,-0.374816878752));
#689 = ( GEOMETRIC_REPRESENTATION_CONTEXT(2) 
PARAMETRIC_REPRESENTATION_CONTEXT() REPRESENTATION_CONTEXT('2D SPACE',''
  ) );
#690 = ORIENTED_EDGE('',*,*,#691,.F.);
#691 = EDGE_CURVE('',#597,#658,#692,.T.);
#692 = SURFACE_CURVE('',#693,(#698,#711),.PCURVE_S1.);
#693 = ELLIPSE('',#694,4.777226595274,4.7625);
#694 = AXIS2_PLACEMENT_3D('',#695,#696,#697);
#695 = CARTESIAN_POINT('',(-48.6170642457,173.0883854337,0.));
#696 = DIRECTION('',(0.587785252292,0.809016994375,0.));
#697 = DIRECTION('',(-0.809016994375,0.587785252292,0.));
#698 = PCURVE('',#504,#699);
#699 = DEFINITIONAL_REPRESENTATION('',(#700),#710);
#700 = B_SPLINE_CURVE_WITH_KNOTS('',8,(#701,#702,#703,#704,#705,#706,
    #707,#708,#709),.UNSPECIFIED.,.F.,.F.,(9,9),(1.570796326795,
    4.712388980385),.PIECEWISE_BEZIER_KNOTS.);
#701 = CARTESIAN_POINT('',(0.,1.793574928339));
#702 = CARTESIAN_POINT('',(0.392699081699,1.646384684247));
#703 = CARTESIAN_POINT('',(0.785398163397,1.499193266532));
#704 = CARTESIAN_POINT('',(1.178097245094,1.386602761848));
#705 = CARTESIAN_POINT('',(1.570796326792,1.343120548325));
#706 = CARTESIAN_POINT('',(1.96349540849,1.386602761847));
#707 = CARTESIAN_POINT('',(2.356194490192,1.499193266532));
#708 = CARTESIAN_POINT('',(2.748893571891,1.646384684247));
#709 = CARTESIAN_POINT('',(3.14159265359,1.793574928339));
#710 = ( GEOMETRIC_REPRESENTATION_CONTEXT(2) 
PARAMETRIC_REPRESENTATION_CONTEXT() REPRESENTATION_CONTEXT('2D SPACE',''
  ) );
#711 = PCURVE('',#640,#712);
#712 = DEFINITIONAL_REPRESENTATION('',(#713),#723);
#713 = B_SPLINE_CURVE_WITH_KNOTS('',8,(#714,#715,#716,#717,#718,#719,
    #720,#721,#722),.UNSPECIFIED.,.F.,.F.,(9,9),(1.570796326795,
    4.712388980385),.PIECEWISE_BEZIER_KNOTS.);
#714 = CARTESIAN_POINT('',(-6.217248937901E-15,7.105427357601E-14));
#715 = CARTESIAN_POINT('',(0.392699081699,0.147190244091));
#716 = CARTESIAN_POINT('',(0.785398163398,0.294381661806));
#717 = CARTESIAN_POINT('',(1.178097245091,0.406972166489));
#718 = CARTESIAN_POINT('',(1.570796326797,0.450454380013));
#719 = CARTESIAN_POINT('',(1.96349540849,0.406972166489));
#720 = CARTESIAN_POINT('',(2.356194490192,0.294381661806));
#721 = CARTESIAN_POINT('',(2.748893571891,0.147190244091));
#722 = CARTESIAN_POINT('',(3.14159265359,7.105427357601E-14));
#723 = ( GEOMETRIC_REPRESENTATION_CONTEXT(2) 
PARAMETRIC_REPRESENTATION_CONTEXT() REPRESENTATION_CONTEXT('2D SPACE',''
  ) );
#724 = ORIENTED_EDGE('',*,*,#596,.F.);
#725 = ORIENTED_EDGE('',*,*,#555,.T.);
#726 = ORIENTED_EDGE('',*,*,#521,.T.);
#727 = ORIENTED_EDGE('',*,*,#482,.T.);
#728 = ADVANCED_FACE('',(#729),#640,.T.);
#729 = FACE_BOUND('',#730,.T.);
#730 = EDGE_LOOP('',(#731,#753,#792,#826,#860,#861,#862,#863));
#731 = ORIENTED_EDGE('',*,*,#732,.T.);
#732 = EDGE_CURVE('',#597,#733,#735,.T.);
#733 = VERTEX_POINT('',#734);
#734 = CARTESIAN_POINT('',(-47.45223050896,174.45223050896,4.7625));
#735 = SEAM_CURVE('',#736,(#740,#746),.PCURVE_S1.);
#736 = LINE('',#737,#738);
#737 = CARTESIAN_POINT('',(-48.6170642457,173.0883854337,4.7625));
#738 = VECTOR('',#739,1.);
#739 = DIRECTION('',(0.64944804833,0.7604059656,0.));
#740 = PCURVE('',#640,#741);
#741 = DEFINITIONAL_REPRESENTATION('',(#742),#745);
#742 = B_SPLINE_CURVE_WITH_KNOTS('',1,(#743,#744),.UNSPECIFIED.,.F.,.F.,
  (2,2),(-2.070830847315,3.864405775653),.PIECEWISE_BEZIER_KNOTS.);
#743 = CARTESIAN_POINT('',(6.28318530718,-2.070830847315));
#744 = CARTESIAN_POINT('',(6.28318530718,3.864405775653));
#745 = ( GEOMETRIC_REPRESENTATION_CONTEXT(2) 
PARAMETRIC_REPRESENTATION_CONTEXT() REPRESENTATION_CONTEXT('2D SPACE',''
  ) );
#746 = PCURVE('',#640,#747);
#747 = DEFINITIONAL_REPRESENTATION('',(#748),#752);
#748 = LINE('',#749,#750);
#749 = CARTESIAN_POINT('',(0.,0.));
#750 = VECTOR('',#751,1.);
#751 = DIRECTION('',(0.,1.));
#752 = ( GEOMETRIC_REPRESENTATION_CONTEXT(2) 
PARAMETRIC_REPRESENTATION_CONTEXT() REPRESENTATION_CONTEXT('2D SPACE',''
  ) );
#753 = ORIENTED_EDGE('',*,*,#754,.F.);
#754 = EDGE_CURVE('',#755,#733,#757,.T.);
#755 = VERTEX_POINT('',#756);
#756 = CARTESIAN_POINT('',(-50.83023982974,177.83023982974,
    -5.832380380939E-16));
#757 = SURFACE_CURVE('',#758,(#763,#775),.PCURVE_S1.);
#758 = ELLIPSE('',#759,4.777226595274,4.7625);
#759 = AXIS2_PLACEMENT_3D('',#760,#761,#762);
#760 = CARTESIAN_POINT('',(-47.45223050896,174.45223050896,0.));
#761 = DIRECTION('',(0.707106781187,0.707106781187,0.));
#762 = DIRECTION('',(-0.707106781187,0.707106781187,0.));
#763 = PCURVE('',#640,#764);
#764 = DEFINITIONAL_REPRESENTATION('',(#765),#774);
#765 = B_SPLINE_CURVE_WITH_KNOTS('',7,(#766,#767,#768,#769,#770,#771,
    #772,#773),.UNSPECIFIED.,.F.,.F.,(8,8),(0.,1.570796326795),
  .PIECEWISE_BEZIER_KNOTS.);
#766 = CARTESIAN_POINT('',(4.712388980385,2.168391807091));
#767 = CARTESIAN_POINT('',(4.936788455641,2.168391807091));
#768 = CARTESIAN_POINT('',(5.161187930898,2.146371812992));
#769 = CARTESIAN_POINT('',(5.385587406154,2.102335019156));
#770 = CARTESIAN_POINT('',(5.60998688141,2.038985089948));
#771 = CARTESIAN_POINT('',(5.834386356667,1.961792008626));
#772 = CARTESIAN_POINT('',(6.058785831923,1.877683639248));
#773 = CARTESIAN_POINT('',(6.28318530718,1.793574928339));
#774 = ( GEOMETRIC_REPRESENTATION_CONTEXT(2) 
PARAMETRIC_REPRESENTATION_CONTEXT() REPRESENTATION_CONTEXT('2D SPACE',''
  ) );
#775 = PCURVE('',#776,#781);
#776 = CYLINDRICAL_SURFACE('',#777,4.7625);
#777 = AXIS2_PLACEMENT_3D('',#778,#779,#780);
#778 = CARTESIAN_POINT('',(-47.45223050896,174.45223050896,0.));
#779 = DIRECTION('',(0.7604059656,0.64944804833,0.));
#780 = DIRECTION('',(-7.21032176554E-17,8.442202110715E-17,1.));
#781 = DEFINITIONAL_REPRESENTATION('',(#782),#791);
#782 = B_SPLINE_CURVE_WITH_KNOTS('',7,(#783,#784,#785,#786,#787,#788,
    #789,#790),.UNSPECIFIED.,.F.,.F.,(8,8),(0.,1.570796326795),
  .PIECEWISE_BEZIER_KNOTS.);
#783 = CARTESIAN_POINT('',(4.712388980385,-0.374816878752));
#784 = CARTESIAN_POINT('',(4.936788455641,-0.374816878752));
#785 = CARTESIAN_POINT('',(5.161187930898,-0.352796884654));
#786 = CARTESIAN_POINT('',(5.385587406154,-0.308760090817));
#787 = CARTESIAN_POINT('',(5.60998688141,-0.24541016161));
#788 = CARTESIAN_POINT('',(5.834386356667,-0.168217080288));
#789 = CARTESIAN_POINT('',(6.058785831923,-8.410871090925E-02));
#790 = CARTESIAN_POINT('',(6.28318530718,0.));
#791 = ( GEOMETRIC_REPRESENTATION_CONTEXT(2) 
PARAMETRIC_REPRESENTATION_CONTEXT() REPRESENTATION_CONTEXT('2D SPACE',''
  ) );
#792 = ORIENTED_EDGE('',*,*,#793,.F.);
#793 = EDGE_CURVE('',#794,#755,#796,.T.);
#794 = VERTEX_POINT('',#795);
#795 = CARTESIAN_POINT('',(-47.45223050896,174.45223050896,-4.7625));
#796 = SURFACE_CURVE('',#797,(#802,#814),.PCURVE_S1.);
#797 = ELLIPSE('',#798,4.777226595274,4.7625);
#798 = AXIS2_PLACEMENT_3D('',#799,#800,#801);
#799 = CARTESIAN_POINT('',(-47.45223050896,174.45223050896,0.));
#800 = DIRECTION('',(0.707106781187,0.707106781187,0.));
#801 = DIRECTION('',(-0.707106781187,0.707106781187,0.));
#802 = PCURVE('',#640,#803);
#803 = DEFINITIONAL_REPRESENTATION('',(#804),#813);
#804 = B_SPLINE_CURVE_WITH_KNOTS('',7,(#805,#806,#807,#808,#809,#810,
    #811,#812),.UNSPECIFIED.,.F.,.F.,(8,8),(4.712388980385,6.28318530718
    ),.PIECEWISE_BEZIER_KNOTS.);
#805 = CARTESIAN_POINT('',(3.14159265359,1.793574928339));
#806 = CARTESIAN_POINT('',(3.365992128846,1.877683639248));
#807 = CARTESIAN_POINT('',(3.590391604103,1.961792008627));
#808 = CARTESIAN_POINT('',(3.81479107936,2.038985089947));
#809 = CARTESIAN_POINT('',(4.039190554616,2.102335019157));
#810 = CARTESIAN_POINT('',(4.263590029872,2.146371812992));
#811 = CARTESIAN_POINT('',(4.487989505128,2.168391807091));
#812 = CARTESIAN_POINT('',(4.712388980385,2.168391807091));
#813 = ( GEOMETRIC_REPRESENTATION_CONTEXT(2) 
PARAMETRIC_REPRESENTATION_CONTEXT() REPRESENTATION_CONTEXT('2D SPACE',''
  ) );
#814 = PCURVE('',#776,#815);
#815 = DEFINITIONAL_REPRESENTATION('',(#816),#825);
#816 = B_SPLINE_CURVE_WITH_KNOTS('',7,(#817,#818,#819,#820,#821,#822,
    #823,#824),.UNSPECIFIED.,.F.,.F.,(8,8),(4.712388980385,6.28318530718
    ),.PIECEWISE_BEZIER_KNOTS.);
#817 = CARTESIAN_POINT('',(3.14159265359,0.));
#818 = CARTESIAN_POINT('',(3.365992128846,-8.410871090925E-02));
#819 = CARTESIAN_POINT('',(3.590391604103,-0.168217080288));
#820 = CARTESIAN_POINT('',(3.814791079359,-0.245410161609));
#821 = CARTESIAN_POINT('',(4.039190554616,-0.308760090817));
#822 = CARTESIAN_POINT('',(4.263590029872,-0.352796884654));
#823 = CARTESIAN_POINT('',(4.487989505128,-0.374816878752));
#824 = CARTESIAN_POINT('',(4.712388980385,-0.374816878752));
#825 = ( GEOMETRIC_REPRESENTATION_CONTEXT(2) 
PARAMETRIC_REPRESENTATION_CONTEXT() REPRESENTATION_CONTEXT('2D SPACE',''
  ) );
#826 = ORIENTED_EDGE('',*,*,#827,.F.);
#827 = EDGE_CURVE('',#733,#794,#828,.T.);
#828 = SURFACE_CURVE('',#829,(#834,#847),.PCURVE_S1.);
#829 = ELLIPSE('',#830,4.777226595274,4.7625);
#830 = AXIS2_PLACEMENT_3D('',#831,#832,#833);
#831 = CARTESIAN_POINT('',(-47.45223050896,174.45223050896,0.));
#832 = DIRECTION('',(0.707106781187,0.707106781187,0.));
#833 = DIRECTION('',(-0.707106781187,0.707106781187,0.));
#834 = PCURVE('',#640,#835);
#835 = DEFINITIONAL_REPRESENTATION('',(#836),#846);
#836 = B_SPLINE_CURVE_WITH_KNOTS('',8,(#837,#838,#839,#840,#841,#842,
    #843,#844,#845),.UNSPECIFIED.,.F.,.F.,(9,9),(1.570796326795,
    4.712388980385),.PIECEWISE_BEZIER_KNOTS.);
#837 = CARTESIAN_POINT('',(0.,1.793574928339));
#838 = CARTESIAN_POINT('',(0.392699081699,1.646384684247));
#839 = CARTESIAN_POINT('',(0.785398163397,1.499193266532));
#840 = CARTESIAN_POINT('',(1.178097245093,1.38660276185));
#841 = CARTESIAN_POINT('',(1.570796326793,1.343120548322));
#842 = CARTESIAN_POINT('',(1.963495408491,1.38660276185));
#843 = CARTESIAN_POINT('',(2.356194490192,1.499193266532));
#844 = CARTESIAN_POINT('',(2.748893571891,1.646384684247));
#845 = CARTESIAN_POINT('',(3.14159265359,1.793574928339));
#846 = ( GEOMETRIC_REPRESENTATION_CONTEXT(2) 
PARAMETRIC_REPRESENTATION_CONTEXT() REPRESENTATION_CONTEXT('2D SPACE',''
  ) );
#847 = PCURVE('',#776,#848);
#848 = DEFINITIONAL_REPRESENTATION('',(#849),#859);
#849 = B_SPLINE_CURVE_WITH_KNOTS('',8,(#850,#851,#852,#853,#854,#855,
    #856,#857,#858),.UNSPECIFIED.,.F.,.F.,(9,9),(1.570796326795,
    4.712388980385),.PIECEWISE_BEZIER_KNOTS.);
#850 = CARTESIAN_POINT('',(0.,0.));
#851 = CARTESIAN_POINT('',(0.392699081699,0.147190244091));
#852 = CARTESIAN_POINT('',(0.785398163396,0.294381661806));
#853 = CARTESIAN_POINT('',(1.178097245096,0.406972166488));
#854 = CARTESIAN_POINT('',(1.570796326791,0.450454380014));
#855 = CARTESIAN_POINT('',(1.963495408493,0.406972166488));
#856 = CARTESIAN_POINT('',(2.356194490191,0.294381661806));
#857 = CARTESIAN_POINT('',(2.748893571891,0.147190244091));
#858 = CARTESIAN_POINT('',(3.14159265359,0.));
#859 = ( GEOMETRIC_REPRESENTATION_CONTEXT(2) 
PARAMETRIC_REPRESENTATION_CONTEXT() REPRESENTATION_CONTEXT('2D SPACE',''
  ) );
#860 = ORIENTED_EDGE('',*,*,#732,.F.);
#861 = ORIENTED_EDGE('',*,*,#691,.T.);
#862 = ORIENTED_EDGE('',*,*,#657,.T.);
#863 = ORIENTED_EDGE('',*,*,#618,.T.);
#864 = ADVANCED_FACE('',(#865),#776,.T.);
#865 = FACE_BOUND('',#866,.T.);
#866 = EDGE_LOOP('',(#867,#889,#928,#962,#996,#997,#998,#999));
#867 = ORIENTED_EDGE('',*,*,#868,.T.);
#868 = EDGE_CURVE('',#733,#869,#871,.T.);
#869 = VERTEX_POINT('',#870);
#870 = CARTESIAN_POINT('',(-46.0883854337,175.6170642457,4.7625));
#871 = SEAM_CURVE('',#872,(#876,#882),.PCURVE_S1.);
#872 = LINE('',#873,#874);
#873 = CARTESIAN_POINT('',(-47.45223050896,174.45223050896,4.7625));
#874 = VECTOR('',#875,1.);
#875 = DIRECTION('',(0.7604059656,0.64944804833,0.));
#876 = PCURVE('',#776,#877);
#877 = DEFINITIONAL_REPRESENTATION('',(#878),#881);
#878 = B_SPLINE_CURVE_WITH_KNOTS('',1,(#879,#880),.UNSPECIFIED.,.F.,.F.,
  (2,2),(-2.070830847315,3.864405775653),.PIECEWISE_BEZIER_KNOTS.);
#879 = CARTESIAN_POINT('',(6.28318530718,-2.070830847315));
#880 = CARTESIAN_POINT('',(6.28318530718,3.864405775653));
#881 = ( GEOMETRIC_REPRESENTATION_CONTEXT(2) 
PARAMETRIC_REPRESENTATION_CONTEXT() REPRESENTATION_CONTEXT('2D SPACE',''
  ) );
#882 = PCURVE('',#776,#883);
#883 = DEFINITIONAL_REPRESENTATION('',(#884),#888);
#884 = LINE('',#885,#886);
#885 = CARTESIAN_POINT('',(0.,0.));
#886 = VECTOR('',#887,1.);
#887 = DIRECTION('',(0.,1.));
#888 = ( GEOMETRIC_REPRESENTATION_CONTEXT(2) 
PARAMETRIC_REPRESENTATION_CONTEXT() REPRESENTATION_CONTEXT('2D SPACE',''
  ) );
#889 = ORIENTED_EDGE('',*,*,#890,.F.);
#890 = EDGE_CURVE('',#891,#869,#893,.T.);
#891 = VERTEX_POINT('',#892);
#892 = CARTESIAN_POINT('',(-48.89636877326,179.48192174726,
    -5.832380380939E-16));
#893 = SURFACE_CURVE('',#894,(#899,#911),.PCURVE_S1.);
#894 = ELLIPSE('',#895,4.777226595274,4.7625);
#895 = AXIS2_PLACEMENT_3D('',#896,#897,#898);
#896 = CARTESIAN_POINT('',(-46.0883854337,175.6170642457,0.));
#897 = DIRECTION('',(0.809016994375,0.587785252292,0.));
#898 = DIRECTION('',(-0.587785252292,0.809016994375,0.));
#899 = PCURVE('',#776,#900);
#900 = DEFINITIONAL_REPRESENTATION('',(#901),#910);
#901 = B_SPLINE_CURVE_WITH_KNOTS('',7,(#902,#903,#904,#905,#906,#907,
    #908,#909),.UNSPECIFIED.,.F.,.F.,(8,8),(0.,1.570796326795),
  .PIECEWISE_BEZIER_KNOTS.);
#902 = CARTESIAN_POINT('',(4.712388980385,2.168391807091));
#903 = CARTESIAN_POINT('',(4.936788455641,2.168391807091));
#904 = CARTESIAN_POINT('',(5.161187930898,2.146371812992));
#905 = CARTESIAN_POINT('',(5.385587406153,2.102335019156));
#906 = CARTESIAN_POINT('',(5.609986881411,2.038985089948));
#907 = CARTESIAN_POINT('',(5.834386356667,1.961792008626));
#908 = CARTESIAN_POINT('',(6.058785831923,1.877683639248));
#909 = CARTESIAN_POINT('',(6.28318530718,1.793574928339));
#910 = ( GEOMETRIC_REPRESENTATION_CONTEXT(2) 
PARAMETRIC_REPRESENTATION_CONTEXT() REPRESENTATION_CONTEXT('2D SPACE',''
  ) );
#911 = PCURVE('',#912,#917);
#912 = CYLINDRICAL_SURFACE('',#913,4.7625);
#913 = AXIS2_PLACEMENT_3D('',#914,#915,#916);
#914 = CARTESIAN_POINT('',(-46.0883854337,175.6170642457,0.));
#915 = DIRECTION('',(0.852640164354,0.522498564716,0.));
#916 = DIRECTION('',(-5.800899368813E-17,9.466207421861E-17,1.));
#917 = DEFINITIONAL_REPRESENTATION('',(#918),#927);
#918 = B_SPLINE_CURVE_WITH_KNOTS('',7,(#919,#920,#921,#922,#923,#924,
    #925,#926),.UNSPECIFIED.,.F.,.F.,(8,8),(0.,1.570796326795),
  .PIECEWISE_BEZIER_KNOTS.);
#919 = CARTESIAN_POINT('',(4.712388980385,-0.374816878752));
#920 = CARTESIAN_POINT('',(4.936788455641,-0.374816878752));
#921 = CARTESIAN_POINT('',(5.161187930898,-0.352796884654));
#922 = CARTESIAN_POINT('',(5.385587406154,-0.308760090817));
#923 = CARTESIAN_POINT('',(5.60998688141,-0.245410161609));
#924 = CARTESIAN_POINT('',(5.834386356667,-0.168217080288));
#925 = CARTESIAN_POINT('',(6.058785831923,-8.410871090925E-02));
#926 = CARTESIAN_POINT('',(6.28318530718,0.));
#927 = ( GEOMETRIC_REPRESENTATION_CONTEXT(2) 
PARAMETRIC_REPRESENTATION_CONTEXT() REPRESENTATION_CONTEXT('2D SPACE',''
  ) );
#928 = ORIENTED_EDGE('',*,*,#929,.F.);
#929 = EDGE_CURVE('',#930,#891,#932,.T.);
#930 = VERTEX_POINT('',#931);
#931 = CARTESIAN_POINT('',(-46.0883854337,175.6170642457,-4.7625));
#932 = SURFACE_CURVE('',#933,(#938,#950),.PCURVE_S1.);
#933 = ELLIPSE('',#934,4.777226595274,4.7625);
#934 = AXIS2_PLACEMENT_3D('',#935,#936,#937);
#935 = CARTESIAN_POINT('',(-46.0883854337,175.6170642457,0.));
#936 = DIRECTION('',(0.809016994375,0.587785252292,0.));
#937 = DIRECTION('',(-0.587785252292,0.809016994375,0.));
#938 = PCURVE('',#776,#939);
#939 = DEFINITIONAL_REPRESENTATION('',(#940),#949);
#940 = B_SPLINE_CURVE_WITH_KNOTS('',7,(#941,#942,#943,#944,#945,#946,
    #947,#948),.UNSPECIFIED.,.F.,.F.,(8,8),(4.712388980385,6.28318530718
    ),.PIECEWISE_BEZIER_KNOTS.);
#941 = CARTESIAN_POINT('',(3.14159265359,1.793574928339));
#942 = CARTESIAN_POINT('',(3.365992128846,1.877683639248));
#943 = CARTESIAN_POINT('',(3.590391604103,1.961792008627));
#944 = CARTESIAN_POINT('',(3.814791079359,2.038985089947));
#945 = CARTESIAN_POINT('',(4.039190554617,2.102335019157));
#946 = CARTESIAN_POINT('',(4.263590029871,2.146371812992));
#947 = CARTESIAN_POINT('',(4.487989505128,2.168391807091));
#948 = CARTESIAN_POINT('',(4.712388980385,2.168391807091));
#949 = ( GEOMETRIC_REPRESENTATION_CONTEXT(2) 
PARAMETRIC_REPRESENTATION_CONTEXT() REPRESENTATION_CONTEXT('2D SPACE',''
  ) );
#950 = PCURVE('',#912,#951);
#951 = DEFINITIONAL_REPRESENTATION('',(#952),#961);
#952 = B_SPLINE_CURVE_WITH_KNOTS('',7,(#953,#954,#955,#956,#957,#958,
    #959,#960),.UNSPECIFIED.,.F.,.F.,(8,8),(4.712388980385,6.28318530718
    ),.PIECEWISE_BEZIER_KNOTS.);
#953 = CARTESIAN_POINT('',(3.14159265359,0.));
#954 = CARTESIAN_POINT('',(3.365992128846,-8.410871090925E-02));
#955 = CARTESIAN_POINT('',(3.590391604103,-0.168217080288));
#956 = CARTESIAN_POINT('',(3.814791079359,-0.24541016161));
#957 = CARTESIAN_POINT('',(4.039190554617,-0.308760090817));
#958 = CARTESIAN_POINT('',(4.263590029871,-0.352796884654));
#959 = CARTESIAN_POINT('',(4.487989505128,-0.374816878752));
#960 = CARTESIAN_POINT('',(4.712388980385,-0.374816878752));
#961 = ( GEOMETRIC_REPRESENTATION_CONTEXT(2) 
PARAMETRIC_REPRESENTATION_CONTEXT() REPRESENTATION_CONTEXT('2D SPACE',''
  ) );
#962 = ORIENTED_EDGE('',*,*,#963,.F.);
#963 = EDGE_CURVE('',#869,#930,#964,.T.);
#964 = SURFACE_CURVE('',#965,(#970,#983),.PCURVE_S1.);
#965 = ELLIPSE('',#966,4.777226595274,4.7625);
#966 = AXIS2_PLACEMENT_3D('',#967,#968,#969);
#967 = CARTESIAN_POINT('',(-46.0883854337,175.6170642457,0.));
#968 = DIRECTION('',(0.809016994375,0.587785252292,0.));
#969 = DIRECTION('',(-0.587785252292,0.809016994375,0.));
#970 = PCURVE('',#776,#971);
#971 = DEFINITIONAL_REPRESENTATION('',(#972),#982);
#972 = B_SPLINE_CURVE_WITH_KNOTS('',8,(#973,#974,#975,#976,#977,#978,
    #979,#980,#981),.UNSPECIFIED.,.F.,.F.,(9,9),(1.570796326795,
    4.712388980385),.PIECEWISE_BEZIER_KNOTS.);
#973 = CARTESIAN_POINT('',(0.,1.793574928339));
#974 = CARTESIAN_POINT('',(0.392699081699,1.646384684247));
#975 = CARTESIAN_POINT('',(0.785398163396,1.499193266532));
#976 = CARTESIAN_POINT('',(1.178097245096,1.38660276185));
#977 = CARTESIAN_POINT('',(1.570796326788,1.343120548324));
#978 = CARTESIAN_POINT('',(1.963495408493,1.386602761849));
#979 = CARTESIAN_POINT('',(2.356194490191,1.499193266532));
#980 = CARTESIAN_POINT('',(2.748893571891,1.646384684247));
#981 = CARTESIAN_POINT('',(3.14159265359,1.793574928339));
#982 = ( GEOMETRIC_REPRESENTATION_CONTEXT(2) 
PARAMETRIC_REPRESENTATION_CONTEXT() REPRESENTATION_CONTEXT('2D SPACE',''
  ) );
#983 = PCURVE('',#912,#984);
#984 = DEFINITIONAL_REPRESENTATION('',(#985),#995);
#985 = B_SPLINE_CURVE_WITH_KNOTS('',8,(#986,#987,#988,#989,#990,#991,
    #992,#993,#994),.UNSPECIFIED.,.F.,.F.,(9,9),(1.570796326795,
    4.712388980385),.PIECEWISE_BEZIER_KNOTS.);
#986 = CARTESIAN_POINT('',(0.,0.));
#987 = CARTESIAN_POINT('',(0.392699081699,0.147190244091));
#988 = CARTESIAN_POINT('',(0.785398163397,0.294381661806));
#989 = CARTESIAN_POINT('',(1.178097245096,0.406972166489));
#990 = CARTESIAN_POINT('',(1.570796326788,0.450454380013));
#991 = CARTESIAN_POINT('',(1.963495408496,0.406972166489));
#992 = CARTESIAN_POINT('',(2.356194490191,0.294381661806));
#993 = CARTESIAN_POINT('',(2.748893571891,0.147190244091));
#994 = CARTESIAN_POINT('',(3.14159265359,0.));
#995 = ( GEOMETRIC_REPRESENTATION_CONTEXT(2) 
PARAMETRIC_REPRESENTATION_CONTEXT() REPRESENTATION_CONTEXT('2D SPACE',''
  ) );
#996 = ORIENTED_EDGE('',*,*,#868,.F.);
#997 = ORIENTED_EDGE('',*,*,#827,.T.);
#998 = ORIENTED_EDGE('',*,*,#793,.T.);
#999 = ORIENTED_EDGE('',*,*,#754,.T.);
#1000 = ADVANCED_FACE('',(#1001),#912,.T.);
#1001 = FACE_BOUND('',#1002,.T.);
#1002 = EDGE_LOOP('',(#1003,#1025,#1064,#1098,#1132,#1133,#1134,#1135));
#1003 = ORIENTED_EDGE('',*,*,#1004,.T.);
#1004 = EDGE_CURVE('',#869,#1005,#1007,.T.);
#1005 = VERTEX_POINT('',#1006);
#1006 = CARTESIAN_POINT('',(-44.55911141202,176.55420457147,4.7625));
#1007 = SEAM_CURVE('',#1008,(#1012,#1018),.PCURVE_S1.);
#1008 = LINE('',#1009,#1010);
#1009 = CARTESIAN_POINT('',(-46.0883854337,175.6170642457,4.7625));
#1010 = VECTOR('',#1011,1.);
#1011 = DIRECTION('',(0.852640164354,0.522498564716,0.));
#1012 = PCURVE('',#912,#1013);
#1013 = DEFINITIONAL_REPRESENTATION('',(#1014),#1017);
#1014 = B_SPLINE_CURVE_WITH_KNOTS('',1,(#1015,#1016),.UNSPECIFIED.,.F.,
  .F.,(2,2),(-2.070830847315,3.864405775653),.PIECEWISE_BEZIER_KNOTS.);
#1015 = CARTESIAN_POINT('',(6.28318530718,-2.070830847315));
#1016 = CARTESIAN_POINT('',(6.28318530718,3.864405775653));
#1017 = ( GEOMETRIC_REPRESENTATION_CONTEXT(2) 
PARAMETRIC_REPRESENTATION_CONTEXT() REPRESENTATION_CONTEXT('2D SPACE',''
  ) );
#1018 = PCURVE('',#912,#1019);
#1019 = DEFINITIONAL_REPRESENTATION('',(#1020),#1024);
#1020 = LINE('',#1021,#1022);
#1021 = CARTESIAN_POINT('',(0.,0.));
#1022 = VECTOR('',#1023,1.);
#1023 = DIRECTION('',(0.,1.));
#1024 = ( GEOMETRIC_REPRESENTATION_CONTEXT(2) 
PARAMETRIC_REPRESENTATION_CONTEXT() REPRESENTATION_CONTEXT('2D SPACE',''
  ) );
#1025 = ORIENTED_EDGE('',*,*,#1026,.F.);
#1026 = EDGE_CURVE('',#1027,#1005,#1029,.T.);
#1027 = VERTEX_POINT('',#1028);
#1028 = CARTESIAN_POINT('',(-46.72792690138,180.81074463538,
    -5.832380380939E-16));
#1029 = SURFACE_CURVE('',#1030,(#1035,#1047),.PCURVE_S1.);
#1030 = ELLIPSE('',#1031,4.777226595274,4.7625);
#1031 = AXIS2_PLACEMENT_3D('',#1032,#1033,#1034);
#1032 = CARTESIAN_POINT('',(-44.55911141202,176.55420457147,0.));
#1033 = DIRECTION('',(0.891006524188,0.45399049974,0.));
#1034 = DIRECTION('',(-0.45399049974,0.891006524188,0.));
#1035 = PCURVE('',#912,#1036);
#1036 = DEFINITIONAL_REPRESENTATION('',(#1037),#1046);
#1037 = B_SPLINE_CURVE_WITH_KNOTS('',7,(#1038,#1039,#1040,#1041,#1042,
    #1043,#1044,#1045),.UNSPECIFIED.,.F.,.F.,(8,8),(0.,1.570796326795),
  .PIECEWISE_BEZIER_KNOTS.);
#1038 = CARTESIAN_POINT('',(4.712388980385,2.168391807091));
#1039 = CARTESIAN_POINT('',(4.936788455641,2.168391807091));
#1040 = CARTESIAN_POINT('',(5.161187930898,2.146371812992));
#1041 = CARTESIAN_POINT('',(5.385587406154,2.102335019155));
#1042 = CARTESIAN_POINT('',(5.609986881411,2.038985089948));
#1043 = CARTESIAN_POINT('',(5.834386356667,1.961792008626));
#1044 = CARTESIAN_POINT('',(6.058785831923,1.877683639248));
#1045 = CARTESIAN_POINT('',(6.28318530718,1.793574928338));
#1046 = ( GEOMETRIC_REPRESENTATION_CONTEXT(2) 
PARAMETRIC_REPRESENTATION_CONTEXT() REPRESENTATION_CONTEXT('2D SPACE',''
  ) );
#1047 = PCURVE('',#1048,#1053);
#1048 = CYLINDRICAL_SURFACE('',#1049,4.7625);
#1049 = AXIS2_PLACEMENT_3D('',#1050,#1051,#1052);
#1050 = CARTESIAN_POINT('',(-44.55911141202,176.55420457147,0.));
#1051 = DIRECTION('',(0.923879532511,0.382683432365,0.));
#1052 = DIRECTION('',(-4.248639577543E-17,1.025712328974E-16,1.));
#1053 = DEFINITIONAL_REPRESENTATION('',(#1054),#1063);
#1054 = B_SPLINE_CURVE_WITH_KNOTS('',7,(#1055,#1056,#1057,#1058,#1059,
    #1060,#1061,#1062),.UNSPECIFIED.,.F.,.F.,(8,8),(0.,1.570796326795),
  .PIECEWISE_BEZIER_KNOTS.);
#1055 = CARTESIAN_POINT('',(4.712388980385,-0.374816878752));
#1056 = CARTESIAN_POINT('',(4.936788455641,-0.374816878752));
#1057 = CARTESIAN_POINT('',(5.161187930898,-0.352796884654));
#1058 = CARTESIAN_POINT('',(5.385587406154,-0.308760090817));
#1059 = CARTESIAN_POINT('',(5.60998688141,-0.245410161609));
#1060 = CARTESIAN_POINT('',(5.834386356667,-0.168217080288));
#1061 = CARTESIAN_POINT('',(6.058785831923,-8.41087109094E-02));
#1062 = CARTESIAN_POINT('',(6.28318530718,-1.385558334732E-13));
#1063 = ( GEOMETRIC_REPRESENTATION_CONTEXT(2) 
PARAMETRIC_REPRESENTATION_CONTEXT() REPRESENTATION_CONTEXT('2D SPACE',''
  ) );
#1064 = ORIENTED_EDGE('',*,*,#1065,.F.);
#1065 = EDGE_CURVE('',#1066,#1027,#1068,.T.);
#1066 = VERTEX_POINT('',#1067);
#1067 = CARTESIAN_POINT('',(-44.55911141202,176.55420457147,-4.7625));
#1068 = SURFACE_CURVE('',#1069,(#1074,#1086),.PCURVE_S1.);
#1069 = ELLIPSE('',#1070,4.777226595274,4.7625);
#1070 = AXIS2_PLACEMENT_3D('',#1071,#1072,#1073);
#1071 = CARTESIAN_POINT('',(-44.55911141202,176.55420457147,0.));
#1072 = DIRECTION('',(0.891006524188,0.45399049974,0.));
#1073 = DIRECTION('',(-0.45399049974,0.891006524188,0.));
#1074 = PCURVE('',#912,#1075);
#1075 = DEFINITIONAL_REPRESENTATION('',(#1076),#1085);
#1076 = B_SPLINE_CURVE_WITH_KNOTS('',7,(#1077,#1078,#1079,#1080,#1081,
    #1082,#1083,#1084),.UNSPECIFIED.,.F.,.F.,(8,8),(4.712388980385,
    6.28318530718),.PIECEWISE_BEZIER_KNOTS.);
#1077 = CARTESIAN_POINT('',(3.14159265359,1.793574928338));
#1078 = CARTESIAN_POINT('',(3.365992128846,1.877683639248));
#1079 = CARTESIAN_POINT('',(3.590391604103,1.961792008626));
#1080 = CARTESIAN_POINT('',(3.814791079358,2.038985089948));
#1081 = CARTESIAN_POINT('',(4.039190554617,2.102335019156));
#1082 = CARTESIAN_POINT('',(4.263590029871,2.146371812992));
#1083 = CARTESIAN_POINT('',(4.487989505128,2.168391807091));
#1084 = CARTESIAN_POINT('',(4.712388980385,2.168391807091));
#1085 = ( GEOMETRIC_REPRESENTATION_CONTEXT(2) 
PARAMETRIC_REPRESENTATION_CONTEXT() REPRESENTATION_CONTEXT('2D SPACE',''
  ) );
#1086 = PCURVE('',#1048,#1087);
#1087 = DEFINITIONAL_REPRESENTATION('',(#1088),#1097);
#1088 = B_SPLINE_CURVE_WITH_KNOTS('',7,(#1089,#1090,#1091,#1092,#1093,
    #1094,#1095,#1096),.UNSPECIFIED.,.F.,.F.,(8,8),(4.712388980385,
    6.28318530718),.PIECEWISE_BEZIER_KNOTS.);
#1089 = CARTESIAN_POINT('',(3.14159265359,-1.385558334732E-13));
#1090 = CARTESIAN_POINT('',(3.365992128846,-8.41087109094E-02));
#1091 = CARTESIAN_POINT('',(3.590391604103,-0.168217080288));
#1092 = CARTESIAN_POINT('',(3.814791079359,-0.245410161609));
#1093 = CARTESIAN_POINT('',(4.039190554616,-0.308760090817));
#1094 = CARTESIAN_POINT('',(4.263590029872,-0.352796884654));
#1095 = CARTESIAN_POINT('',(4.487989505128,-0.374816878752));
#1096 = CARTESIAN_POINT('',(4.712388980385,-0.374816878752));
#1097 = ( GEOMETRIC_REPRESENTATION_CONTEXT(2) 
PARAMETRIC_REPRESENTATION_CONTEXT() REPRESENTATION_CONTEXT('2D SPACE',''
  ) );
#1098 = ORIENTED_EDGE('',*,*,#1099,.F.);
#1099 = EDGE_CURVE('',#1005,#1066,#1100,.T.);
#1100 = SURFACE_CURVE('',#1101,(#1106,#1119),.PCURVE_S1.);
#1101 = ELLIPSE('',#1102,4.777226595274,4.7625);
#1102 = AXIS2_PLACEMENT_3D('',#1103,#1104,#1105);
#1103 = CARTESIAN_POINT('',(-44.55911141202,176.55420457147,0.));
#1104 = DIRECTION('',(0.891006524188,0.45399049974,0.));
#1105 = DIRECTION('',(-0.45399049974,0.891006524188,0.));
#1106 = PCURVE('',#912,#1107);
#1107 = DEFINITIONAL_REPRESENTATION('',(#1108),#1118);
#1108 = B_SPLINE_CURVE_WITH_KNOTS('',8,(#1109,#1110,#1111,#1112,#1113,
    #1114,#1115,#1116,#1117),.UNSPECIFIED.,.F.,.F.,(9,9),(1.570796326795
    ,4.712388980385),.PIECEWISE_BEZIER_KNOTS.);
#1109 = CARTESIAN_POINT('',(0.,1.793574928338));
#1110 = CARTESIAN_POINT('',(0.392699081699,1.646384684247));
#1111 = CARTESIAN_POINT('',(0.785398163397,1.499193266531));
#1112 = CARTESIAN_POINT('',(1.178097245094,1.386602761849));
#1113 = CARTESIAN_POINT('',(1.570796326792,1.343120548321));
#1114 = CARTESIAN_POINT('',(1.963495408492,1.386602761847));
#1115 = CARTESIAN_POINT('',(2.356194490191,1.499193266531));
#1116 = CARTESIAN_POINT('',(2.748893571891,1.646384684247));
#1117 = CARTESIAN_POINT('',(3.14159265359,1.793574928338));
#1118 = ( GEOMETRIC_REPRESENTATION_CONTEXT(2) 
PARAMETRIC_REPRESENTATION_CONTEXT() REPRESENTATION_CONTEXT('2D SPACE',''
  ) );
#1119 = PCURVE('',#1048,#1120);
#1120 = DEFINITIONAL_REPRESENTATION('',(#1121),#1131);
#1121 = B_SPLINE_CURVE_WITH_KNOTS('',8,(#1122,#1123,#1124,#1125,#1126,
    #1127,#1128,#1129,#1130),.UNSPECIFIED.,.F.,.F.,(9,9),(1.570796326795
    ,4.712388980385),.PIECEWISE_BEZIER_KNOTS.);
#1122 = CARTESIAN_POINT('',(0.,-1.385558334732E-13));
#1123 = CARTESIAN_POINT('',(0.392699081699,0.147190244091));
#1124 = CARTESIAN_POINT('',(0.785398163397,0.294381661805));
#1125 = CARTESIAN_POINT('',(1.178097245092,0.40697216649));
#1126 = CARTESIAN_POINT('',(1.570796326793,0.45045438001));
#1127 = CARTESIAN_POINT('',(1.963495408493,0.40697216649));
#1128 = CARTESIAN_POINT('',(2.356194490192,0.294381661805));
#1129 = CARTESIAN_POINT('',(2.748893571891,0.147190244091));
#1130 = CARTESIAN_POINT('',(3.14159265359,-1.385558334732E-13));
#1131 = ( GEOMETRIC_REPRESENTATION_CONTEXT(2) 
PARAMETRIC_REPRESENTATION_CONTEXT() REPRESENTATION_CONTEXT('2D SPACE',''
  ) );
#1132 = ORIENTED_EDGE('',*,*,#1004,.F.);
#1133 = ORIENTED_EDGE('',*,*,#963,.T.);
#1134 = ORIENTED_EDGE('',*,*,#929,.T.);
#1135 = ORIENTED_EDGE('',*,*,#890,.T.);
#1136 = ADVANCED_FACE('',(#1137),#1048,.T.);
#1137 = FACE_BOUND('',#1138,.T.);
#1138 = EDGE_LOOP('',(#1139,#1161,#1200,#1234,#1268,#1269,#1270,#1271));
#1139 = ORIENTED_EDGE('',*,*,#1140,.T.);
#1140 = EDGE_CURVE('',#1005,#1141,#1143,.T.);
#1141 = VERTEX_POINT('',#1142);
#1142 = CARTESIAN_POINT('',(-42.9020642457,177.24057598125,4.7625));
#1143 = SEAM_CURVE('',#1144,(#1148,#1154),.PCURVE_S1.);
#1144 = LINE('',#1145,#1146);
#1145 = CARTESIAN_POINT('',(-44.55911141202,176.55420457147,4.7625));
#1146 = VECTOR('',#1147,1.);
#1147 = DIRECTION('',(0.923879532511,0.382683432365,0.));
#1148 = PCURVE('',#1048,#1149);
#1149 = DEFINITIONAL_REPRESENTATION('',(#1150),#1153);
#1150 = B_SPLINE_CURVE_WITH_KNOTS('',1,(#1151,#1152),.UNSPECIFIED.,.F.,
  .F.,(2,2),(-2.070830847315,3.864405775653),.PIECEWISE_BEZIER_KNOTS.);
#1151 = CARTESIAN_POINT('',(6.28318530718,-2.070830847315));
#1152 = CARTESIAN_POINT('',(6.28318530718,3.864405775653));
#1153 = ( GEOMETRIC_REPRESENTATION_CONTEXT(2) 
PARAMETRIC_REPRESENTATION_CONTEXT() REPRESENTATION_CONTEXT('2D SPACE',''
  ) );
#1154 = PCURVE('',#1048,#1155);
#1155 = DEFINITIONAL_REPRESENTATION('',(#1156),#1160);
#1156 = LINE('',#1157,#1158);
#1157 = CARTESIAN_POINT('',(0.,0.));
#1158 = VECTOR('',#1159,1.);
#1159 = DIRECTION('',(0.,1.));
#1160 = ( GEOMETRIC_REPRESENTATION_CONTEXT(2) 
PARAMETRIC_REPRESENTATION_CONTEXT() REPRESENTATION_CONTEXT('2D SPACE',''
  ) );
#1161 = ORIENTED_EDGE('',*,*,#1162,.F.);
#1162 = EDGE_CURVE('',#1163,#1141,#1165,.T.);
#1163 = VERTEX_POINT('',#1164);
#1164 = CARTESIAN_POINT('',(-44.37830844962,181.7839884645,
    -5.832380380939E-16));
#1165 = SURFACE_CURVE('',#1166,(#1171,#1183),.PCURVE_S1.);
#1166 = ELLIPSE('',#1167,4.777226595274,4.7625);
#1167 = AXIS2_PLACEMENT_3D('',#1168,#1169,#1170);
#1168 = CARTESIAN_POINT('',(-42.9020642457,177.24057598125,0.));
#1169 = DIRECTION('',(0.951056516295,0.309016994375,0.));
#1170 = DIRECTION('',(-0.309016994375,0.951056516295,0.));
#1171 = PCURVE('',#1048,#1172);
#1172 = DEFINITIONAL_REPRESENTATION('',(#1173),#1182);
#1173 = B_SPLINE_CURVE_WITH_KNOTS('',7,(#1174,#1175,#1176,#1177,#1178,
    #1179,#1180,#1181),.UNSPECIFIED.,.F.,.F.,(8,8),(0.,1.570796326795),
  .PIECEWISE_BEZIER_KNOTS.);
#1174 = CARTESIAN_POINT('',(4.712388980385,2.168391807091));
#1175 = CARTESIAN_POINT('',(4.936788455641,2.168391807091));
#1176 = CARTESIAN_POINT('',(5.161187930897,2.146371812992));
#1177 = CARTESIAN_POINT('',(5.385587406154,2.102335019156));
#1178 = CARTESIAN_POINT('',(5.60998688141,2.038985089948));
#1179 = CARTESIAN_POINT('',(5.834386356667,1.961792008626));
#1180 = CARTESIAN_POINT('',(6.058785831923,1.877683639248));
#1181 = CARTESIAN_POINT('',(6.28318530718,1.793574928339));
#1182 = ( GEOMETRIC_REPRESENTATION_CONTEXT(2) 
PARAMETRIC_REPRESENTATION_CONTEXT() REPRESENTATION_CONTEXT('2D SPACE',''
  ) );
#1183 = PCURVE('',#1184,#1189);
#1184 = CYLINDRICAL_SURFACE('',#1185,4.7625);
#1185 = AXIS2_PLACEMENT_3D('',#1186,#1187,#1188);
#1186 = CARTESIAN_POINT('',(-42.9020642457,177.24057598125,0.));
#1187 = DIRECTION('',(0.972369920398,0.233445363856,0.));
#1188 = DIRECTION('',(-2.591764179448E-17,1.079547474078E-16,1.));
#1189 = DEFINITIONAL_REPRESENTATION('',(#1190),#1199);
#1190 = B_SPLINE_CURVE_WITH_KNOTS('',7,(#1191,#1192,#1193,#1194,#1195,
    #1196,#1197,#1198),.UNSPECIFIED.,.F.,.F.,(8,8),(0.,1.570796326795),
  .PIECEWISE_BEZIER_KNOTS.);
#1191 = CARTESIAN_POINT('',(4.712388980385,-0.374816878752));
#1192 = CARTESIAN_POINT('',(4.936788455641,-0.374816878752));
#1193 = CARTESIAN_POINT('',(5.161187930897,-0.352796884653));
#1194 = CARTESIAN_POINT('',(5.385587406154,-0.308760090817));
#1195 = CARTESIAN_POINT('',(5.60998688141,-0.245410161609));
#1196 = CARTESIAN_POINT('',(5.834386356667,-0.168217080288));
#1197 = CARTESIAN_POINT('',(6.058785831923,-8.41087109091E-02));
#1198 = CARTESIAN_POINT('',(6.28318530718,1.383893000195E-13));
#1199 = ( GEOMETRIC_REPRESENTATION_CONTEXT(2) 
PARAMETRIC_REPRESENTATION_CONTEXT() REPRESENTATION_CONTEXT('2D SPACE',''
  ) );
#1200 = ORIENTED_EDGE('',*,*,#1201,.F.);
#1201 = EDGE_CURVE('',#1202,#1163,#1204,.T.);
#1202 = VERTEX_POINT('',#1203);
#1203 = CARTESIAN_POINT('',(-42.9020642457,177.24057598125,-4.7625));
#1204 = SURFACE_CURVE('',#1205,(#1210,#1222),.PCURVE_S1.);
#1205 = ELLIPSE('',#1206,4.777226595274,4.7625);
#1206 = AXIS2_PLACEMENT_3D('',#1207,#1208,#1209);
#1207 = CARTESIAN_POINT('',(-42.9020642457,177.24057598125,0.));
#1208 = DIRECTION('',(0.951056516295,0.309016994375,0.));
#1209 = DIRECTION('',(-0.309016994375,0.951056516295,0.));
#1210 = PCURVE('',#1048,#1211);
#1211 = DEFINITIONAL_REPRESENTATION('',(#1212),#1221);
#1212 = B_SPLINE_CURVE_WITH_KNOTS('',7,(#1213,#1214,#1215,#1216,#1217,
    #1218,#1219,#1220),.UNSPECIFIED.,.F.,.F.,(8,8),(4.712388980385,
    6.28318530718),.PIECEWISE_BEZIER_KNOTS.);
#1213 = CARTESIAN_POINT('',(3.14159265359,1.793574928339));
#1214 = CARTESIAN_POINT('',(3.365992128846,1.877683639248));
#1215 = CARTESIAN_POINT('',(3.590391604103,1.961792008626));
#1216 = CARTESIAN_POINT('',(3.814791079358,2.038985089949));
#1217 = CARTESIAN_POINT('',(4.039190554617,2.102335019155));
#1218 = CARTESIAN_POINT('',(4.263590029871,2.146371812992));
#1219 = CARTESIAN_POINT('',(4.487989505128,2.168391807091));
#1220 = CARTESIAN_POINT('',(4.712388980385,2.168391807091));
#1221 = ( GEOMETRIC_REPRESENTATION_CONTEXT(2) 
PARAMETRIC_REPRESENTATION_CONTEXT() REPRESENTATION_CONTEXT('2D SPACE',''
  ) );
#1222 = PCURVE('',#1184,#1223);
#1223 = DEFINITIONAL_REPRESENTATION('',(#1224),#1233);
#1224 = B_SPLINE_CURVE_WITH_KNOTS('',7,(#1225,#1226,#1227,#1228,#1229,
    #1230,#1231,#1232),.UNSPECIFIED.,.F.,.F.,(8,8),(4.712388980385,
    6.28318530718),.PIECEWISE_BEZIER_KNOTS.);
#1225 = CARTESIAN_POINT('',(3.14159265359,1.383893000195E-13));
#1226 = CARTESIAN_POINT('',(3.365992128846,-8.41087109091E-02));
#1227 = CARTESIAN_POINT('',(3.590391604103,-0.168217080287));
#1228 = CARTESIAN_POINT('',(3.814791079359,-0.245410161609));
#1229 = CARTESIAN_POINT('',(4.039190554617,-0.308760090816));
#1230 = CARTESIAN_POINT('',(4.263590029872,-0.352796884654));
#1231 = CARTESIAN_POINT('',(4.487989505128,-0.374816878752));
#1232 = CARTESIAN_POINT('',(4.712388980385,-0.374816878752));
#1233 = ( GEOMETRIC_REPRESENTATION_CONTEXT(2) 
PARAMETRIC_REPRESENTATION_CONTEXT() REPRESENTATION_CONTEXT('2D SPACE',''
  ) );
#1234 = ORIENTED_EDGE('',*,*,#1235,.F.);
#1235 = EDGE_CURVE('',#1141,#1202,#1236,.T.);
#1236 = SURFACE_CURVE('',#1237,(#1242,#1255),.PCURVE_S1.);
#1237 = ELLIPSE('',#1238,4.777226595274,4.7625);
#1238 = AXIS2_PLACEMENT_3D('',#1239,#1240,#1241);
#1239 = CARTESIAN_POINT('',(-42.9020642457,177.24057598125,0.));
#1240 = DIRECTION('',(0.951056516295,0.309016994375,0.));
#1241 = DIRECTION('',(-0.309016994375,0.951056516295,0.));
#1242 = PCURVE('',#1048,#1243);
#1243 = DEFINITIONAL_REPRESENTATION('',(#1244),#1254);
#1244 = B_SPLINE_CURVE_WITH_KNOTS('',8,(#1245,#1246,#1247,#1248,#1249,
    #1250,#1251,#1252,#1253),.UNSPECIFIED.,.F.,.F.,(9,9),(1.570796326795
    ,4.712388980385),.PIECEWISE_BEZIER_KNOTS.);
#1245 = CARTESIAN_POINT('',(0.,1.793574928339));
#1246 = CARTESIAN_POINT('',(0.392699081699,1.646384684247));
#1247 = CARTESIAN_POINT('',(0.785398163398,1.499193266531));
#1248 = CARTESIAN_POINT('',(1.178097245091,1.386602761852));
#1249 = CARTESIAN_POINT('',(1.570796326797,1.343120548319));
#1250 = CARTESIAN_POINT('',(1.963495408491,1.386602761852));
#1251 = CARTESIAN_POINT('',(2.356194490193,1.499193266531));
#1252 = CARTESIAN_POINT('',(2.748893571891,1.646384684247));
#1253 = CARTESIAN_POINT('',(3.14159265359,1.793574928339));
#1254 = ( GEOMETRIC_REPRESENTATION_CONTEXT(2) 
PARAMETRIC_REPRESENTATION_CONTEXT() REPRESENTATION_CONTEXT('2D SPACE',''
  ) );
#1255 = PCURVE('',#1184,#1256);
#1256 = DEFINITIONAL_REPRESENTATION('',(#1257),#1267);
#1257 = B_SPLINE_CURVE_WITH_KNOTS('',8,(#1258,#1259,#1260,#1261,#1262,
    #1263,#1264,#1265,#1266),.UNSPECIFIED.,.F.,.F.,(9,9),(1.570796326795
    ,4.712388980385),.PIECEWISE_BEZIER_KNOTS.);
#1258 = CARTESIAN_POINT('',(0.,1.383893000195E-13));
#1259 = CARTESIAN_POINT('',(0.392699081699,0.147190244091));
#1260 = CARTESIAN_POINT('',(0.785398163396,0.294381661805));
#1261 = CARTESIAN_POINT('',(1.178097245097,0.40697216649));
#1262 = CARTESIAN_POINT('',(1.570796326788,0.45045438001));
#1263 = CARTESIAN_POINT('',(1.963495408499,0.40697216649));
#1264 = CARTESIAN_POINT('',(2.356194490191,0.294381661806));
#1265 = CARTESIAN_POINT('',(2.748893571891,0.147190244091));
#1266 = CARTESIAN_POINT('',(3.14159265359,1.383893000195E-13));
#1267 = ( GEOMETRIC_REPRESENTATION_CONTEXT(2) 
PARAMETRIC_REPRESENTATION_CONTEXT() REPRESENTATION_CONTEXT('2D SPACE',''
  ) );
#1268 = ORIENTED_EDGE('',*,*,#1140,.F.);
#1269 = ORIENTED_EDGE('',*,*,#1099,.T.);
#1270 = ORIENTED_EDGE('',*,*,#1065,.T.);
#1271 = ORIENTED_EDGE('',*,*,#1026,.T.);
#1272 = ADVANCED_FACE('',(#1273),#1184,.T.);
#1273 = FACE_BOUND('',#1274,.T.);
#1274 = EDGE_LOOP('',(#1275,#1297,#1336,#1370,#1404,#1405,#1406,#1407));
#1275 = ORIENTED_EDGE('',*,*,#1276,.T.);
#1276 = EDGE_CURVE('',#1141,#1277,#1279,.T.);
#1277 = VERTEX_POINT('',#1278);
#1278 = CARTESIAN_POINT('',(-41.15804593541,177.659277733,4.7625));
#1279 = SEAM_CURVE('',#1280,(#1284,#1290),.PCURVE_S1.);
#1280 = LINE('',#1281,#1282);
#1281 = CARTESIAN_POINT('',(-42.9020642457,177.24057598125,4.7625));
#1282 = VECTOR('',#1283,1.);
#1283 = DIRECTION('',(0.972369920398,0.233445363856,0.));
#1284 = PCURVE('',#1184,#1285);
#1285 = DEFINITIONAL_REPRESENTATION('',(#1286),#1289);
#1286 = B_SPLINE_CURVE_WITH_KNOTS('',1,(#1287,#1288),.UNSPECIFIED.,.F.,
  .F.,(2,2),(-2.070830847315,3.864405775653),.PIECEWISE_BEZIER_KNOTS.);
#1287 = CARTESIAN_POINT('',(6.28318530718,-2.070830847315));
#1288 = CARTESIAN_POINT('',(6.28318530718,3.864405775653));
#1289 = ( GEOMETRIC_REPRESENTATION_CONTEXT(2) 
PARAMETRIC_REPRESENTATION_CONTEXT() REPRESENTATION_CONTEXT('2D SPACE',''
  ) );
#1290 = PCURVE('',#1184,#1291);
#1291 = DEFINITIONAL_REPRESENTATION('',(#1292),#1296);
#1292 = LINE('',#1293,#1294);
#1293 = CARTESIAN_POINT('',(0.,0.));
#1294 = VECTOR('',#1295,1.);
#1295 = DIRECTION('',(0.,1.));
#1296 = ( GEOMETRIC_REPRESENTATION_CONTEXT(2) 
PARAMETRIC_REPRESENTATION_CONTEXT() REPRESENTATION_CONTEXT('2D SPACE',''
  ) );
#1297 = ORIENTED_EDGE('',*,*,#1298,.F.);
#1298 = EDGE_CURVE('',#1299,#1277,#1301,.T.);
#1299 = VERTEX_POINT('',#1300);
#1300 = CARTESIAN_POINT('',(-41.90536882221,182.37768874153,
    -5.832380380939E-16));
#1301 = SURFACE_CURVE('',#1302,(#1307,#1319),.PCURVE_S1.);
#1302 = ELLIPSE('',#1303,4.777226595274,4.7625);
#1303 = AXIS2_PLACEMENT_3D('',#1304,#1305,#1306);
#1304 = CARTESIAN_POINT('',(-41.15804593541,177.659277733,0.));
#1305 = DIRECTION('',(0.987688340595,0.15643446504,0.));
#1306 = DIRECTION('',(-0.15643446504,0.987688340595,0.));
#1307 = PCURVE('',#1184,#1308);
#1308 = DEFINITIONAL_REPRESENTATION('',(#1309),#1318);
#1309 = B_SPLINE_CURVE_WITH_KNOTS('',7,(#1310,#1311,#1312,#1313,#1314,
    #1315,#1316,#1317),.UNSPECIFIED.,.F.,.F.,(8,8),(0.,1.570796326795),
  .PIECEWISE_BEZIER_KNOTS.);
#1310 = CARTESIAN_POINT('',(4.712388980385,2.168391807091));
#1311 = CARTESIAN_POINT('',(4.936788455641,2.168391807091));
#1312 = CARTESIAN_POINT('',(5.161187930898,2.146371812992));
#1313 = CARTESIAN_POINT('',(5.385587406154,2.102335019156));
#1314 = CARTESIAN_POINT('',(5.609986881412,2.038985089948));
#1315 = CARTESIAN_POINT('',(5.834386356666,1.961792008626));
#1316 = CARTESIAN_POINT('',(6.058785831923,1.877683639248));
#1317 = CARTESIAN_POINT('',(6.28318530718,1.793574928338));
#1318 = ( GEOMETRIC_REPRESENTATION_CONTEXT(2) 
PARAMETRIC_REPRESENTATION_CONTEXT() REPRESENTATION_CONTEXT('2D SPACE',''
  ) );
#1319 = PCURVE('',#1320,#1325);
#1320 = CYLINDRICAL_SURFACE('',#1321,4.7625);
#1321 = AXIS2_PLACEMENT_3D('',#1322,#1323,#1324);
#1322 = CARTESIAN_POINT('',(-41.15804593541,177.659277733,0.));
#1323 = DIRECTION('',(0.996917333733,7.845909572785E-02,0.));
#1324 = DIRECTION('',(-8.710709456833E-18,1.106800577558E-16,1.));
#1325 = DEFINITIONAL_REPRESENTATION('',(#1326),#1335);
#1326 = B_SPLINE_CURVE_WITH_KNOTS('',7,(#1327,#1328,#1329,#1330,#1331,
    #1332,#1333,#1334),.UNSPECIFIED.,.F.,.F.,(8,8),(0.,1.570796326795),
  .PIECEWISE_BEZIER_KNOTS.);
#1327 = CARTESIAN_POINT('',(4.712388980385,-0.374816878752));
#1328 = CARTESIAN_POINT('',(4.936788455641,-0.374816878752));
#1329 = CARTESIAN_POINT('',(5.161187930898,-0.352796884654));
#1330 = CARTESIAN_POINT('',(5.385587406154,-0.308760090817));
#1331 = CARTESIAN_POINT('',(5.60998688141,-0.245410161609));
#1332 = CARTESIAN_POINT('',(5.834386356667,-0.168217080288));
#1333 = CARTESIAN_POINT('',(6.058785831923,-8.410871090931E-02));
#1334 = CARTESIAN_POINT('',(6.28318530718,-6.394884621841E-14));
#1335 = ( GEOMETRIC_REPRESENTATION_CONTEXT(2) 
PARAMETRIC_REPRESENTATION_CONTEXT() REPRESENTATION_CONTEXT('2D SPACE',''
  ) );
#1336 = ORIENTED_EDGE('',*,*,#1337,.F.);
#1337 = EDGE_CURVE('',#1338,#1299,#1340,.T.);
#1338 = VERTEX_POINT('',#1339);
#1339 = CARTESIAN_POINT('',(-41.15804593541,177.659277733,-4.7625));
#1340 = SURFACE_CURVE('',#1341,(#1346,#1358),.PCURVE_S1.);
#1341 = ELLIPSE('',#1342,4.777226595274,4.7625);
#1342 = AXIS2_PLACEMENT_3D('',#1343,#1344,#1345);
#1343 = CARTESIAN_POINT('',(-41.15804593541,177.659277733,0.));
#1344 = DIRECTION('',(0.987688340595,0.15643446504,0.));
#1345 = DIRECTION('',(-0.15643446504,0.987688340595,0.));
#1346 = PCURVE('',#1184,#1347);
#1347 = DEFINITIONAL_REPRESENTATION('',(#1348),#1357);
#1348 = B_SPLINE_CURVE_WITH_KNOTS('',7,(#1349,#1350,#1351,#1352,#1353,
    #1354,#1355,#1356),.UNSPECIFIED.,.F.,.F.,(8,8),(4.712388980385,
    6.28318530718),.PIECEWISE_BEZIER_KNOTS.);
#1349 = CARTESIAN_POINT('',(3.14159265359,1.793574928338));
#1350 = CARTESIAN_POINT('',(3.365992128846,1.877683639248));
#1351 = CARTESIAN_POINT('',(3.590391604103,1.961792008626));
#1352 = CARTESIAN_POINT('',(3.814791079357,2.038985089949));
#1353 = CARTESIAN_POINT('',(4.039190554618,2.102335019155));
#1354 = CARTESIAN_POINT('',(4.263590029871,2.146371812992));
#1355 = CARTESIAN_POINT('',(4.487989505128,2.168391807091));
#1356 = CARTESIAN_POINT('',(4.712388980385,2.168391807091));
#1357 = ( GEOMETRIC_REPRESENTATION_CONTEXT(2) 
PARAMETRIC_REPRESENTATION_CONTEXT() REPRESENTATION_CONTEXT('2D SPACE',''
  ) );
#1358 = PCURVE('',#1320,#1359);
#1359 = DEFINITIONAL_REPRESENTATION('',(#1360),#1369);
#1360 = B_SPLINE_CURVE_WITH_KNOTS('',7,(#1361,#1362,#1363,#1364,#1365,
    #1366,#1367,#1368),.UNSPECIFIED.,.F.,.F.,(8,8),(4.712388980385,
    6.28318530718),.PIECEWISE_BEZIER_KNOTS.);
#1361 = CARTESIAN_POINT('',(3.14159265359,-6.394884621841E-14));
#1362 = CARTESIAN_POINT('',(3.365992128846,-8.410871090931E-02));
#1363 = CARTESIAN_POINT('',(3.590391604103,-0.168217080288));
#1364 = CARTESIAN_POINT('',(3.814791079359,-0.24541016161));
#1365 = CARTESIAN_POINT('',(4.039190554616,-0.308760090817));
#1366 = CARTESIAN_POINT('',(4.263590029872,-0.352796884654));
#1367 = CARTESIAN_POINT('',(4.487989505128,-0.374816878752));
#1368 = CARTESIAN_POINT('',(4.712388980385,-0.374816878752));
#1369 = ( GEOMETRIC_REPRESENTATION_CONTEXT(2) 
PARAMETRIC_REPRESENTATION_CONTEXT() REPRESENTATION_CONTEXT('2D SPACE',''
  ) );
#1370 = ORIENTED_EDGE('',*,*,#1371,.F.);
#1371 = EDGE_CURVE('',#1277,#1338,#1372,.T.);
#1372 = SURFACE_CURVE('',#1373,(#1378,#1391),.PCURVE_S1.);
#1373 = ELLIPSE('',#1374,4.777226595274,4.7625);
#1374 = AXIS2_PLACEMENT_3D('',#1375,#1376,#1377);
#1375 = CARTESIAN_POINT('',(-41.15804593541,177.659277733,0.));
#1376 = DIRECTION('',(0.987688340595,0.15643446504,0.));
#1377 = DIRECTION('',(-0.15643446504,0.987688340595,0.));
#1378 = PCURVE('',#1184,#1379);
#1379 = DEFINITIONAL_REPRESENTATION('',(#1380),#1390);
#1380 = B_SPLINE_CURVE_WITH_KNOTS('',8,(#1381,#1382,#1383,#1384,#1385,
    #1386,#1387,#1388,#1389),.UNSPECIFIED.,.F.,.F.,(9,9),(1.570796326795
    ,4.712388980385),.PIECEWISE_BEZIER_KNOTS.);
#1381 = CARTESIAN_POINT('',(-6.217248937901E-15,1.793574928338));
#1382 = CARTESIAN_POINT('',(0.392699081699,1.646384684247));
#1383 = CARTESIAN_POINT('',(0.785398163396,1.499193266532));
#1384 = CARTESIAN_POINT('',(1.178097245096,1.386602761849));
#1385 = CARTESIAN_POINT('',(1.570796326788,1.343120548322));
#1386 = CARTESIAN_POINT('',(1.963495408493,1.386602761849));
#1387 = CARTESIAN_POINT('',(2.356194490191,1.499193266532));
#1388 = CARTESIAN_POINT('',(2.748893571891,1.646384684247));
#1389 = CARTESIAN_POINT('',(3.14159265359,1.793574928338));
#1390 = ( GEOMETRIC_REPRESENTATION_CONTEXT(2) 
PARAMETRIC_REPRESENTATION_CONTEXT() REPRESENTATION_CONTEXT('2D SPACE',''
  ) );
#1391 = PCURVE('',#1320,#1392);
#1392 = DEFINITIONAL_REPRESENTATION('',(#1393),#1403);
#1393 = B_SPLINE_CURVE_WITH_KNOTS('',8,(#1394,#1395,#1396,#1397,#1398,
    #1399,#1400,#1401,#1402),.UNSPECIFIED.,.F.,.F.,(9,9),(1.570796326795
    ,4.712388980385),.PIECEWISE_BEZIER_KNOTS.);
#1394 = CARTESIAN_POINT('',(0.,-6.394884621841E-14));
#1395 = CARTESIAN_POINT('',(0.392699081699,0.147190244091));
#1396 = CARTESIAN_POINT('',(0.785398163397,0.294381661806));
#1397 = CARTESIAN_POINT('',(1.178097245094,0.406972166487));
#1398 = CARTESIAN_POINT('',(1.570796326791,0.450454380015));
#1399 = CARTESIAN_POINT('',(1.963495408495,0.406972166488));
#1400 = CARTESIAN_POINT('',(2.356194490192,0.294381661806));
#1401 = CARTESIAN_POINT('',(2.748893571891,0.147190244091));
#1402 = CARTESIAN_POINT('',(3.14159265359,-6.394884621841E-14));
#1403 = ( GEOMETRIC_REPRESENTATION_CONTEXT(2) 
PARAMETRIC_REPRESENTATION_CONTEXT() REPRESENTATION_CONTEXT('2D SPACE',''
  ) );
#1404 = ORIENTED_EDGE('',*,*,#1276,.F.);
#1405 = ORIENTED_EDGE('',*,*,#1235,.T.);
#1406 = ORIENTED_EDGE('',*,*,#1201,.T.);
#1407 = ORIENTED_EDGE('',*,*,#1162,.T.);
#1408 = ADVANCED_FACE('',(#1409),#1320,.T.);
#1409 = FACE_BOUND('',#1410,.T.);
#1410 = EDGE_LOOP('',(#1411,#1433,#1472,#1506,#1540,#1541,#1542,#1543));
#1411 = ORIENTED_EDGE('',*,*,#1412,.T.);
#1412 = EDGE_CURVE('',#1277,#1413,#1415,.T.);
#1413 = VERTEX_POINT('',#1414);
#1414 = CARTESIAN_POINT('',(-39.37,177.8,4.7625));
#1415 = SEAM_CURVE('',#1416,(#1420,#1426),.PCURVE_S1.);
#1416 = LINE('',#1417,#1418);
#1417 = CARTESIAN_POINT('',(-41.15804593541,177.659277733,4.7625));
#1418 = VECTOR('',#1419,1.);
#1419 = DIRECTION('',(0.996917333733,7.845909572785E-02,0.));
#1420 = PCURVE('',#1320,#1421);
#1421 = DEFINITIONAL_REPRESENTATION('',(#1422),#1425);
#1422 = B_SPLINE_CURVE_WITH_KNOTS('',1,(#1423,#1424),.UNSPECIFIED.,.F.,
  .F.,(2,2),(-2.070830847315,2.832399686817),.PIECEWISE_BEZIER_KNOTS.);
#1423 = CARTESIAN_POINT('',(6.28318530718,-2.070830847315));
#1424 = CARTESIAN_POINT('',(6.28318530718,2.832399686817));
#1425 = ( GEOMETRIC_REPRESENTATION_CONTEXT(2) 
PARAMETRIC_REPRESENTATION_CONTEXT() REPRESENTATION_CONTEXT('2D SPACE',''
  ) );
#1426 = PCURVE('',#1320,#1427);
#1427 = DEFINITIONAL_REPRESENTATION('',(#1428),#1432);
#1428 = LINE('',#1429,#1430);
#1429 = CARTESIAN_POINT('',(0.,0.));
#1430 = VECTOR('',#1431,1.);
#1431 = DIRECTION('',(0.,1.));
#1432 = ( GEOMETRIC_REPRESENTATION_CONTEXT(2) 
PARAMETRIC_REPRESENTATION_CONTEXT() REPRESENTATION_CONTEXT('2D SPACE',''
  ) );
#1433 = ORIENTED_EDGE('',*,*,#1434,.F.);
#1434 = EDGE_CURVE('',#1435,#1413,#1437,.T.);
#1435 = VERTEX_POINT('',#1436);
#1436 = CARTESIAN_POINT('',(-39.55711913462,182.5625,-5.832380380939E-16
    ));
#1437 = SURFACE_CURVE('',#1438,(#1443,#1455),.PCURVE_S1.);
#1438 = ELLIPSE('',#1439,4.766174547847,4.7625);
#1439 = AXIS2_PLACEMENT_3D('',#1440,#1441,#1442);
#1440 = CARTESIAN_POINT('',(-39.37,177.8,0.));
#1441 = DIRECTION('',(0.999229036241,3.925981575907E-02,0.));
#1442 = DIRECTION('',(-3.925981575907E-02,0.999229036241,0.));
#1443 = PCURVE('',#1320,#1444);
#1444 = DEFINITIONAL_REPRESENTATION('',(#1445),#1454);
#1445 = B_SPLINE_CURVE_WITH_KNOTS('',7,(#1446,#1447,#1448,#1449,#1450,
    #1451,#1452,#1453),.UNSPECIFIED.,.F.,.F.,(8,8),(0.,1.570796326795),
  .PIECEWISE_BEZIER_KNOTS.);
#1446 = CARTESIAN_POINT('',(4.712388980385,1.980694062963));
#1447 = CARTESIAN_POINT('',(4.936788455641,1.980694062963));
#1448 = CARTESIAN_POINT('',(5.161187930898,1.969701062183));
#1449 = CARTESIAN_POINT('',(5.385587406154,1.94771665534));
#1450 = CARTESIAN_POINT('',(5.609986881411,1.916090587775));
#1451 = CARTESIAN_POINT('',(5.834386356667,1.877553629077));
#1452 = CARTESIAN_POINT('',(6.058785831923,1.835564363959));
#1453 = CARTESIAN_POINT('',(6.28318530718,1.793574928339));
#1454 = ( GEOMETRIC_REPRESENTATION_CONTEXT(2) 
PARAMETRIC_REPRESENTATION_CONTEXT() REPRESENTATION_CONTEXT('2D SPACE',''
  ) );
#1455 = PCURVE('',#1456,#1461);
#1456 = CYLINDRICAL_SURFACE('',#1457,4.7625);
#1457 = AXIS2_PLACEMENT_3D('',#1458,#1459,#1460);
#1458 = CARTESIAN_POINT('',(-39.37,177.8,0.));
#1459 = DIRECTION('',(1.,0.,0.));
#1460 = DIRECTION('',(0.,0.,1.));
#1461 = DEFINITIONAL_REPRESENTATION('',(#1462),#1471);
#1462 = B_SPLINE_CURVE_WITH_KNOTS('',7,(#1463,#1464,#1465,#1466,#1467,
    #1468,#1469,#1470),.UNSPECIFIED.,.F.,.F.,(8,8),(0.,1.570796326795),
  .PIECEWISE_BEZIER_KNOTS.);
#1463 = CARTESIAN_POINT('',(4.712388980385,-0.187119134624));
#1464 = CARTESIAN_POINT('',(4.936788455641,-0.187119134624));
#1465 = CARTESIAN_POINT('',(5.161187930897,-0.176126133845));
#1466 = CARTESIAN_POINT('',(5.385587406154,-0.154141727001));
#1467 = CARTESIAN_POINT('',(5.60998688141,-0.122515659437));
#1468 = CARTESIAN_POINT('',(5.834386356667,-8.397870073834E-02));
#1469 = CARTESIAN_POINT('',(6.058785831923,-4.198943562009E-02));
#1470 = CARTESIAN_POINT('',(6.28318530718,-2.13162820728E-14));
#1471 = ( GEOMETRIC_REPRESENTATION_CONTEXT(2) 
PARAMETRIC_REPRESENTATION_CONTEXT() REPRESENTATION_CONTEXT('2D SPACE',''
  ) );
#1472 = ORIENTED_EDGE('',*,*,#1473,.F.);
#1473 = EDGE_CURVE('',#1474,#1435,#1476,.T.);
#1474 = VERTEX_POINT('',#1475);
#1475 = CARTESIAN_POINT('',(-39.37,177.8,-4.7625));
#1476 = SURFACE_CURVE('',#1477,(#1482,#1494),.PCURVE_S1.);
#1477 = ELLIPSE('',#1478,4.766174547847,4.7625);
#1478 = AXIS2_PLACEMENT_3D('',#1479,#1480,#1481);
#1479 = CARTESIAN_POINT('',(-39.37,177.8,0.));
#1480 = DIRECTION('',(0.999229036241,3.925981575907E-02,0.));
#1481 = DIRECTION('',(-3.925981575907E-02,0.999229036241,0.));
#1482 = PCURVE('',#1320,#1483);
#1483 = DEFINITIONAL_REPRESENTATION('',(#1484),#1493);
#1484 = B_SPLINE_CURVE_WITH_KNOTS('',7,(#1485,#1486,#1487,#1488,#1489,
    #1490,#1491,#1492),.UNSPECIFIED.,.F.,.F.,(8,8),(4.712388980385,
    6.28318530718),.PIECEWISE_BEZIER_KNOTS.);
#1485 = CARTESIAN_POINT('',(3.14159265359,1.793574928339));
#1486 = CARTESIAN_POINT('',(3.365992128846,1.835564363959));
#1487 = CARTESIAN_POINT('',(3.590391604102,1.877553629077));
#1488 = CARTESIAN_POINT('',(3.814791079361,1.916090587775));
#1489 = CARTESIAN_POINT('',(4.039190554615,1.94771665534));
#1490 = CARTESIAN_POINT('',(4.263590029872,1.969701062183));
#1491 = CARTESIAN_POINT('',(4.487989505128,1.980694062963));
#1492 = CARTESIAN_POINT('',(4.712388980385,1.980694062963));
#1493 = ( GEOMETRIC_REPRESENTATION_CONTEXT(2) 
PARAMETRIC_REPRESENTATION_CONTEXT() REPRESENTATION_CONTEXT('2D SPACE',''
  ) );
#1494 = PCURVE('',#1456,#1495);
#1495 = DEFINITIONAL_REPRESENTATION('',(#1496),#1505);
#1496 = B_SPLINE_CURVE_WITH_KNOTS('',7,(#1497,#1498,#1499,#1500,#1501,
    #1502,#1503,#1504),.UNSPECIFIED.,.F.,.F.,(8,8),(4.712388980385,
    6.28318530718),.PIECEWISE_BEZIER_KNOTS.);
#1497 = CARTESIAN_POINT('',(3.14159265359,-2.13162820728E-14));
#1498 = CARTESIAN_POINT('',(3.365992128846,-4.198943562009E-02));
#1499 = CARTESIAN_POINT('',(3.590391604103,-8.397870073833E-02));
#1500 = CARTESIAN_POINT('',(3.814791079359,-0.122515659437));
#1501 = CARTESIAN_POINT('',(4.039190554615,-0.154141727001));
#1502 = CARTESIAN_POINT('',(4.263590029872,-0.176126133845));
#1503 = CARTESIAN_POINT('',(4.487989505128,-0.187119134624));
#1504 = CARTESIAN_POINT('',(4.712388980385,-0.187119134624));
#1505 = ( GEOMETRIC_REPRESENTATION_CONTEXT(2) 
PARAMETRIC_REPRESENTATION_CONTEXT() REPRESENTATION_CONTEXT('2D SPACE',''
  ) );
#1506 = ORIENTED_EDGE('',*,*,#1507,.F.);
#1507 = EDGE_CURVE('',#1413,#1474,#1508,.T.);
#1508 = SURFACE_CURVE('',#1509,(#1514,#1527),.PCURVE_S1.);
#1509 = ELLIPSE('',#1510,4.766174547847,4.7625);
#1510 = AXIS2_PLACEMENT_3D('',#1511,#1512,#1513);
#1511 = CARTESIAN_POINT('',(-39.37,177.8,0.));
#1512 = DIRECTION('',(0.999229036241,3.925981575907E-02,0.));
#1513 = DIRECTION('',(-3.925981575907E-02,0.999229036241,0.));
#1514 = PCURVE('',#1320,#1515);
#1515 = DEFINITIONAL_REPRESENTATION('',(#1516),#1526);
#1516 = B_SPLINE_CURVE_WITH_KNOTS('',8,(#1517,#1518,#1519,#1520,#1521,
    #1522,#1523,#1524,#1525),.UNSPECIFIED.,.F.,.F.,(9,9),(1.570796326795
    ,4.712388980385),.PIECEWISE_BEZIER_KNOTS.);
#1517 = CARTESIAN_POINT('',(5.967813003759E-15,1.793574928339));
#1518 = CARTESIAN_POINT('',(0.392699081699,1.720093416003));
#1519 = CARTESIAN_POINT('',(0.785398163397,1.646611317762));
#1520 = CARTESIAN_POINT('',(1.178097245093,1.590402969103));
#1521 = CARTESIAN_POINT('',(1.570796326795,1.568695424359));
#1522 = CARTESIAN_POINT('',(1.963495408489,1.590402969102));
#1523 = CARTESIAN_POINT('',(2.356194490192,1.646611317762));
#1524 = CARTESIAN_POINT('',(2.748893571891,1.720093416003));
#1525 = CARTESIAN_POINT('',(3.14159265359,1.793574928339));
#1526 = ( GEOMETRIC_REPRESENTATION_CONTEXT(2) 
PARAMETRIC_REPRESENTATION_CONTEXT() REPRESENTATION_CONTEXT('2D SPACE',''
  ) );
#1527 = PCURVE('',#1456,#1528);
#1528 = DEFINITIONAL_REPRESENTATION('',(#1529),#1539);
#1529 = B_SPLINE_CURVE_WITH_KNOTS('',8,(#1530,#1531,#1532,#1533,#1534,
    #1535,#1536,#1537,#1538),.UNSPECIFIED.,.F.,.F.,(9,9),(1.570796326795
    ,4.712388980385),.PIECEWISE_BEZIER_KNOTS.);
#1530 = CARTESIAN_POINT('',(0.,-2.13162820728E-14));
#1531 = CARTESIAN_POINT('',(0.392699081699,7.34815123351E-02));
#1532 = CARTESIAN_POINT('',(0.785398163397,0.146963610576));
#1533 = CARTESIAN_POINT('',(1.178097245093,0.203171959233));
#1534 = CARTESIAN_POINT('',(1.570796326794,0.224879503975));
#1535 = CARTESIAN_POINT('',(1.963495408491,0.203171959233));
#1536 = CARTESIAN_POINT('',(2.356194490192,0.146963610576));
#1537 = CARTESIAN_POINT('',(2.748893571891,7.34815123351E-02));
#1538 = CARTESIAN_POINT('',(3.14159265359,-2.13162820728E-14));
#1539 = ( GEOMETRIC_REPRESENTATION_CONTEXT(2) 
PARAMETRIC_REPRESENTATION_CONTEXT() REPRESENTATION_CONTEXT('2D SPACE',''
  ) );
#1540 = ORIENTED_EDGE('',*,*,#1412,.F.);
#1541 = ORIENTED_EDGE('',*,*,#1371,.T.);
#1542 = ORIENTED_EDGE('',*,*,#1337,.T.);
#1543 = ORIENTED_EDGE('',*,*,#1298,.T.);
#1544 = ADVANCED_FACE('',(#1545),#1456,.T.);
#1545 = FACE_BOUND('',#1546,.T.);
#1546 = EDGE_LOOP('',(#1547,#1569,#1608,#1642,#1676,#1677,#1678,#1679));
#1547 = ORIENTED_EDGE('',*,*,#1548,.T.);
#1548 = EDGE_CURVE('',#1413,#1549,#1551,.T.);
#1549 = VERTEX_POINT('',#1550);
#1550 = CARTESIAN_POINT('',(39.37,177.8,4.7625));
#1551 = SEAM_CURVE('',#1552,(#1556,#1562),.PCURVE_S1.);
#1552 = LINE('',#1553,#1554);
#1553 = CARTESIAN_POINT('',(-39.37,177.8,4.7625));
#1554 = VECTOR('',#1555,1.);
#1555 = DIRECTION('',(1.,0.,0.));
#1556 = PCURVE('',#1456,#1557);
#1557 = DEFINITIONAL_REPRESENTATION('',(#1558),#1561);
#1558 = B_SPLINE_CURVE_WITH_KNOTS('',1,(#1559,#1560),.UNSPECIFIED.,.F.,
  .F.,(2,2),(-1.038824758479,79.778824758479),.PIECEWISE_BEZIER_KNOTS.);
#1559 = CARTESIAN_POINT('',(6.28318530718,-1.038824758479));
#1560 = CARTESIAN_POINT('',(6.28318530718,79.778824758479));
#1561 = ( GEOMETRIC_REPRESENTATION_CONTEXT(2) 
PARAMETRIC_REPRESENTATION_CONTEXT() REPRESENTATION_CONTEXT('2D SPACE',''
  ) );
#1562 = PCURVE('',#1456,#1563);
#1563 = DEFINITIONAL_REPRESENTATION('',(#1564),#1568);
#1564 = LINE('',#1565,#1566);
#1565 = CARTESIAN_POINT('',(0.,0.));
#1566 = VECTOR('',#1567,1.);
#1567 = DIRECTION('',(0.,1.));
#1568 = ( GEOMETRIC_REPRESENTATION_CONTEXT(2) 
PARAMETRIC_REPRESENTATION_CONTEXT() REPRESENTATION_CONTEXT('2D SPACE',''
  ) );
#1569 = ORIENTED_EDGE('',*,*,#1570,.F.);
#1570 = EDGE_CURVE('',#1571,#1549,#1573,.T.);
#1571 = VERTEX_POINT('',#1572);
#1572 = CARTESIAN_POINT('',(39.557119134624,182.5625,-5.832380380939E-16
    ));
#1573 = SURFACE_CURVE('',#1574,(#1579,#1591),.PCURVE_S1.);
#1574 = ELLIPSE('',#1575,4.766174547847,4.7625);
#1575 = AXIS2_PLACEMENT_3D('',#1576,#1577,#1578);
#1576 = CARTESIAN_POINT('',(39.37,177.8,0.));
#1577 = DIRECTION('',(0.999229036241,-3.925981575907E-02,0.));
#1578 = DIRECTION('',(3.925981575907E-02,0.999229036241,0.));
#1579 = PCURVE('',#1456,#1580);
#1580 = DEFINITIONAL_REPRESENTATION('',(#1581),#1590);
#1581 = B_SPLINE_CURVE_WITH_KNOTS('',7,(#1582,#1583,#1584,#1585,#1586,
    #1587,#1588,#1589),.UNSPECIFIED.,.F.,.F.,(8,8),(0.,1.570796326795),
  .PIECEWISE_BEZIER_KNOTS.);
#1582 = CARTESIAN_POINT('',(4.712388980385,78.927119134624));
#1583 = CARTESIAN_POINT('',(4.936788455641,78.927119134624));
#1584 = CARTESIAN_POINT('',(5.161187930897,78.916126133838));
#1585 = CARTESIAN_POINT('',(5.385587406154,78.894141727013));
#1586 = CARTESIAN_POINT('',(5.60998688141,78.862515659432));
#1587 = CARTESIAN_POINT('',(5.834386356667,78.823978700745));
#1588 = CARTESIAN_POINT('',(6.058785831923,78.78198943562));
#1589 = CARTESIAN_POINT('',(6.28318530718,78.74));
#1590 = ( GEOMETRIC_REPRESENTATION_CONTEXT(2) 
PARAMETRIC_REPRESENTATION_CONTEXT() REPRESENTATION_CONTEXT('2D SPACE',''
  ) );
#1591 = PCURVE('',#1592,#1597);
#1592 = CYLINDRICAL_SURFACE('',#1593,4.7625);
#1593 = AXIS2_PLACEMENT_3D('',#1594,#1595,#1596);
#1594 = CARTESIAN_POINT('',(39.37,177.8,0.));
#1595 = DIRECTION('',(0.996917333733,-7.845909572785E-02,0.));
#1596 = DIRECTION('',(8.710709456833E-18,1.106800577558E-16,1.));
#1597 = DEFINITIONAL_REPRESENTATION('',(#1598),#1607);
#1598 = B_SPLINE_CURVE_WITH_KNOTS('',7,(#1599,#1600,#1601,#1602,#1603,
    #1604,#1605,#1606),.UNSPECIFIED.,.F.,.F.,(8,8),(0.,1.570796326795),
  .PIECEWISE_BEZIER_KNOTS.);
#1599 = CARTESIAN_POINT('',(4.712388980385,-0.187119134624));
#1600 = CARTESIAN_POINT('',(4.936788455641,-0.187119134624));
#1601 = CARTESIAN_POINT('',(5.161187930898,-0.176126133845));
#1602 = CARTESIAN_POINT('',(5.385587406154,-0.154141727001));
#1603 = CARTESIAN_POINT('',(5.60998688141,-0.122515659437));
#1604 = CARTESIAN_POINT('',(5.834386356667,-8.397870073835E-02));
#1605 = CARTESIAN_POINT('',(6.058785831923,-4.198943562007E-02));
#1606 = CARTESIAN_POINT('',(6.28318530718,0.));
#1607 = ( GEOMETRIC_REPRESENTATION_CONTEXT(2) 
PARAMETRIC_REPRESENTATION_CONTEXT() REPRESENTATION_CONTEXT('2D SPACE',''
  ) );
#1608 = ORIENTED_EDGE('',*,*,#1609,.F.);
#1609 = EDGE_CURVE('',#1610,#1571,#1612,.T.);
#1610 = VERTEX_POINT('',#1611);
#1611 = CARTESIAN_POINT('',(39.37,177.8,-4.7625));
#1612 = SURFACE_CURVE('',#1613,(#1618,#1630),.PCURVE_S1.);
#1613 = ELLIPSE('',#1614,4.766174547847,4.7625);
#1614 = AXIS2_PLACEMENT_3D('',#1615,#1616,#1617);
#1615 = CARTESIAN_POINT('',(39.37,177.8,0.));
#1616 = DIRECTION('',(0.999229036241,-3.925981575907E-02,0.));
#1617 = DIRECTION('',(3.925981575907E-02,0.999229036241,0.));
#1618 = PCURVE('',#1456,#1619);
#1619 = DEFINITIONAL_REPRESENTATION('',(#1620),#1629);
#1620 = B_SPLINE_CURVE_WITH_KNOTS('',7,(#1621,#1622,#1623,#1624,#1625,
    #1626,#1627,#1628),.UNSPECIFIED.,.F.,.F.,(8,8),(4.712388980385,
    6.28318530718),.PIECEWISE_BEZIER_KNOTS.);
#1621 = CARTESIAN_POINT('',(3.14159265359,78.74));
#1622 = CARTESIAN_POINT('',(3.365992128846,78.78198943562));
#1623 = CARTESIAN_POINT('',(3.590391604103,78.823978700739));
#1624 = CARTESIAN_POINT('',(3.814791079359,78.862515659433));
#1625 = CARTESIAN_POINT('',(4.039190554615,78.894141727008));
#1626 = CARTESIAN_POINT('',(4.263590029872,78.916126133838));
#1627 = CARTESIAN_POINT('',(4.487989505128,78.927119134624));
#1628 = CARTESIAN_POINT('',(4.712388980385,78.927119134624));
#1629 = ( GEOMETRIC_REPRESENTATION_CONTEXT(2) 
PARAMETRIC_REPRESENTATION_CONTEXT() REPRESENTATION_CONTEXT('2D SPACE',''
  ) );
#1630 = PCURVE('',#1592,#1631);
#1631 = DEFINITIONAL_REPRESENTATION('',(#1632),#1641);
#1632 = B_SPLINE_CURVE_WITH_KNOTS('',7,(#1633,#1634,#1635,#1636,#1637,
    #1638,#1639,#1640),.UNSPECIFIED.,.F.,.F.,(8,8),(4.712388980385,
    6.28318530718),.PIECEWISE_BEZIER_KNOTS.);
#1633 = CARTESIAN_POINT('',(3.14159265359,0.));
#1634 = CARTESIAN_POINT('',(3.365992128846,-4.198943562007E-02));
#1635 = CARTESIAN_POINT('',(3.590391604103,-8.397870073837E-02));
#1636 = CARTESIAN_POINT('',(3.814791079358,-0.122515659437));
#1637 = CARTESIAN_POINT('',(4.039190554617,-0.154141727001));
#1638 = CARTESIAN_POINT('',(4.263590029871,-0.176126133845));
#1639 = CARTESIAN_POINT('',(4.487989505128,-0.187119134624));
#1640 = CARTESIAN_POINT('',(4.712388980385,-0.187119134624));
#1641 = ( GEOMETRIC_REPRESENTATION_CONTEXT(2) 
PARAMETRIC_REPRESENTATION_CONTEXT() REPRESENTATION_CONTEXT('2D SPACE',''
  ) );
#1642 = ORIENTED_EDGE('',*,*,#1643,.F.);
#1643 = EDGE_CURVE('',#1549,#1610,#1644,.T.);
#1644 = SURFACE_CURVE('',#1645,(#1650,#1663),.PCURVE_S1.);
#1645 = ELLIPSE('',#1646,4.766174547847,4.7625);
#1646 = AXIS2_PLACEMENT_3D('',#1647,#1648,#1649);
#1647 = CARTESIAN_POINT('',(39.37,177.8,0.));
#1648 = DIRECTION('',(0.999229036241,-3.925981575907E-02,0.));
#1649 = DIRECTION('',(3.925981575907E-02,0.999229036241,0.));
#1650 = PCURVE('',#1456,#1651);
#1651 = DEFINITIONAL_REPRESENTATION('',(#1652),#1662);
#1652 = B_SPLINE_CURVE_WITH_KNOTS('',8,(#1653,#1654,#1655,#1656,#1657,
    #1658,#1659,#1660,#1661),.UNSPECIFIED.,.F.,.F.,(9,9),(1.570796326795
    ,4.712388980385),.PIECEWISE_BEZIER_KNOTS.);
#1653 = CARTESIAN_POINT('',(0.,78.74));
#1654 = CARTESIAN_POINT('',(0.392699081699,78.666518487665));
#1655 = CARTESIAN_POINT('',(0.785398163397,78.593036389456));
#1656 = CARTESIAN_POINT('',(1.178097245093,78.536828040449));
#1657 = CARTESIAN_POINT('',(1.570796326794,78.515120496303));
#1658 = CARTESIAN_POINT('',(1.963495408491,78.536828040372));
#1659 = CARTESIAN_POINT('',(2.356194490192,78.593036389467));
#1660 = CARTESIAN_POINT('',(2.748893571891,78.666518487665));
#1661 = CARTESIAN_POINT('',(3.14159265359,78.74));
#1662 = ( GEOMETRIC_REPRESENTATION_CONTEXT(2) 
PARAMETRIC_REPRESENTATION_CONTEXT() REPRESENTATION_CONTEXT('2D SPACE',''
  ) );
#1663 = PCURVE('',#1592,#1664);
#1664 = DEFINITIONAL_REPRESENTATION('',(#1665),#1675);
#1665 = B_SPLINE_CURVE_WITH_KNOTS('',8,(#1666,#1667,#1668,#1669,#1670,
    #1671,#1672,#1673,#1674),.UNSPECIFIED.,.F.,.F.,(9,9),(1.570796326795
    ,4.712388980385),.PIECEWISE_BEZIER_KNOTS.);
#1666 = CARTESIAN_POINT('',(0.,0.));
#1667 = CARTESIAN_POINT('',(0.392699081699,7.348151233512E-02));
#1668 = CARTESIAN_POINT('',(0.785398163397,0.146963610576));
#1669 = CARTESIAN_POINT('',(1.178097245093,0.203171959232));
#1670 = CARTESIAN_POINT('',(1.570796326792,0.224879503977));
#1671 = CARTESIAN_POINT('',(1.963495408489,0.203171959231));
#1672 = CARTESIAN_POINT('',(2.356194490192,0.146963610576));
#1673 = CARTESIAN_POINT('',(2.748893571891,7.348151233512E-02));
#1674 = CARTESIAN_POINT('',(3.14159265359,0.));
#1675 = ( GEOMETRIC_REPRESENTATION_CONTEXT(2) 
PARAMETRIC_REPRESENTATION_CONTEXT() REPRESENTATION_CONTEXT('2D SPACE',''
  ) );
#1676 = ORIENTED_EDGE('',*,*,#1548,.F.);
#1677 = ORIENTED_EDGE('',*,*,#1507,.T.);
#1678 = ORIENTED_EDGE('',*,*,#1473,.T.);
#1679 = ORIENTED_EDGE('',*,*,#1434,.T.);
#1680 = ADVANCED_FACE('',(#1681),#1592,.T.);
#1681 = FACE_BOUND('',#1682,.T.);
#1682 = EDGE_LOOP('',(#1683,#1705,#1744,#1778,#1812,#1813,#1814,#1815));
#1683 = ORIENTED_EDGE('',*,*,#1684,.T.);
#1684 = EDGE_CURVE('',#1549,#1685,#1687,.T.);
#1685 = VERTEX_POINT('',#1686);
#1686 = CARTESIAN_POINT('',(41.15804593541,177.659277733,4.7625));
#1687 = SEAM_CURVE('',#1688,(#1692,#1698),.PCURVE_S1.);
#1688 = LINE('',#1689,#1690);
#1689 = CARTESIAN_POINT('',(39.37,177.8,4.7625));
#1690 = VECTOR('',#1691,1.);
#1691 = DIRECTION('',(0.996917333733,-7.845909572785E-02,0.));
#1692 = PCURVE('',#1592,#1693);
#1693 = DEFINITIONAL_REPRESENTATION('',(#1694),#1697);
#1694 = B_SPLINE_CURVE_WITH_KNOTS('',1,(#1695,#1696),.UNSPECIFIED.,.F.,
  .F.,(2,2),(-1.038824758479,3.864405775653),.PIECEWISE_BEZIER_KNOTS.);
#1695 = CARTESIAN_POINT('',(6.28318530718,-1.038824758479));
#1696 = CARTESIAN_POINT('',(6.28318530718,3.864405775653));
#1697 = ( GEOMETRIC_REPRESENTATION_CONTEXT(2) 
PARAMETRIC_REPRESENTATION_CONTEXT() REPRESENTATION_CONTEXT('2D SPACE',''
  ) );
#1698 = PCURVE('',#1592,#1699);
#1699 = DEFINITIONAL_REPRESENTATION('',(#1700),#1704);
#1700 = LINE('',#1701,#1702);
#1701 = CARTESIAN_POINT('',(0.,0.));
#1702 = VECTOR('',#1703,1.);
#1703 = DIRECTION('',(0.,1.));
#1704 = ( GEOMETRIC_REPRESENTATION_CONTEXT(2) 
PARAMETRIC_REPRESENTATION_CONTEXT() REPRESENTATION_CONTEXT('2D SPACE',''
  ) );
#1705 = ORIENTED_EDGE('',*,*,#1706,.F.);
#1706 = EDGE_CURVE('',#1707,#1685,#1709,.T.);
#1707 = VERTEX_POINT('',#1708);
#1708 = CARTESIAN_POINT('',(41.905368822218,182.37768874153,
    -5.832380380939E-16));
#1709 = SURFACE_CURVE('',#1710,(#1715,#1727),.PCURVE_S1.);
#1710 = ELLIPSE('',#1711,4.777226595274,4.7625);
#1711 = AXIS2_PLACEMENT_3D('',#1712,#1713,#1714);
#1712 = CARTESIAN_POINT('',(41.15804593541,177.659277733,0.));
#1713 = DIRECTION('',(0.987688340595,-0.15643446504,0.));
#1714 = DIRECTION('',(0.15643446504,0.987688340595,0.));
#1715 = PCURVE('',#1592,#1716);
#1716 = DEFINITIONAL_REPRESENTATION('',(#1717),#1726);
#1717 = B_SPLINE_CURVE_WITH_KNOTS('',7,(#1718,#1719,#1720,#1721,#1722,
    #1723,#1724,#1725),.UNSPECIFIED.,.F.,.F.,(8,8),(0.,1.570796326795),
  .PIECEWISE_BEZIER_KNOTS.);
#1718 = CARTESIAN_POINT('',(4.712388980385,2.168391807091));
#1719 = CARTESIAN_POINT('',(4.936788455641,2.168391807091));
#1720 = CARTESIAN_POINT('',(5.161187930898,2.146371812992));
#1721 = CARTESIAN_POINT('',(5.385587406153,2.102335019155));
#1722 = CARTESIAN_POINT('',(5.609986881412,2.038985089949));
#1723 = CARTESIAN_POINT('',(5.834386356667,1.961792008626));
#1724 = CARTESIAN_POINT('',(6.058785831923,1.877683639248));
#1725 = CARTESIAN_POINT('',(6.28318530718,1.793574928339));
#1726 = ( GEOMETRIC_REPRESENTATION_CONTEXT(2) 
PARAMETRIC_REPRESENTATION_CONTEXT() REPRESENTATION_CONTEXT('2D SPACE',''
  ) );
#1727 = PCURVE('',#1728,#1733);
#1728 = CYLINDRICAL_SURFACE('',#1729,4.7625);
#1729 = AXIS2_PLACEMENT_3D('',#1730,#1731,#1732);
#1730 = CARTESIAN_POINT('',(41.15804593541,177.659277733,0.));
#1731 = DIRECTION('',(0.972369920398,-0.233445363856,0.));
#1732 = DIRECTION('',(2.591764179448E-17,1.079547474078E-16,1.));
#1733 = DEFINITIONAL_REPRESENTATION('',(#1734),#1743);
#1734 = B_SPLINE_CURVE_WITH_KNOTS('',7,(#1735,#1736,#1737,#1738,#1739,
    #1740,#1741,#1742),.UNSPECIFIED.,.F.,.F.,(8,8),(0.,1.570796326795),
  .PIECEWISE_BEZIER_KNOTS.);
#1735 = CARTESIAN_POINT('',(4.712388980385,-0.374816878752));
#1736 = CARTESIAN_POINT('',(4.936788455641,-0.374816878752));
#1737 = CARTESIAN_POINT('',(5.161187930897,-0.352796884654));
#1738 = CARTESIAN_POINT('',(5.385587406154,-0.308760090817));
#1739 = CARTESIAN_POINT('',(5.60998688141,-0.24541016161));
#1740 = CARTESIAN_POINT('',(5.834386356667,-0.168217080288));
#1741 = CARTESIAN_POINT('',(6.058785831923,-8.410871090924E-02));
#1742 = CARTESIAN_POINT('',(6.28318530718,6.883382752676E-15));
#1743 = ( GEOMETRIC_REPRESENTATION_CONTEXT(2) 
PARAMETRIC_REPRESENTATION_CONTEXT() REPRESENTATION_CONTEXT('2D SPACE',''
  ) );
#1744 = ORIENTED_EDGE('',*,*,#1745,.F.);
#1745 = EDGE_CURVE('',#1746,#1707,#1748,.T.);
#1746 = VERTEX_POINT('',#1747);
#1747 = CARTESIAN_POINT('',(41.15804593541,177.659277733,-4.7625));
#1748 = SURFACE_CURVE('',#1749,(#1754,#1766),.PCURVE_S1.);
#1749 = ELLIPSE('',#1750,4.777226595274,4.7625);
#1750 = AXIS2_PLACEMENT_3D('',#1751,#1752,#1753);
#1751 = CARTESIAN_POINT('',(41.15804593541,177.659277733,0.));
#1752 = DIRECTION('',(0.987688340595,-0.15643446504,0.));
#1753 = DIRECTION('',(0.15643446504,0.987688340595,0.));
#1754 = PCURVE('',#1592,#1755);
#1755 = DEFINITIONAL_REPRESENTATION('',(#1756),#1765);
#1756 = B_SPLINE_CURVE_WITH_KNOTS('',7,(#1757,#1758,#1759,#1760,#1761,
    #1762,#1763,#1764),.UNSPECIFIED.,.F.,.F.,(8,8),(4.712388980385,
    6.28318530718),.PIECEWISE_BEZIER_KNOTS.);
#1757 = CARTESIAN_POINT('',(3.14159265359,1.793574928339));
#1758 = CARTESIAN_POINT('',(3.365992128846,1.877683639248));
#1759 = CARTESIAN_POINT('',(3.590391604103,1.961792008625));
#1760 = CARTESIAN_POINT('',(3.814791079359,2.03898508995));
#1761 = CARTESIAN_POINT('',(4.039190554615,2.102335019153));
#1762 = CARTESIAN_POINT('',(4.263590029872,2.146371812993));
#1763 = CARTESIAN_POINT('',(4.487989505128,2.168391807091));
#1764 = CARTESIAN_POINT('',(4.712388980385,2.168391807091));
#1765 = ( GEOMETRIC_REPRESENTATION_CONTEXT(2) 
PARAMETRIC_REPRESENTATION_CONTEXT() REPRESENTATION_CONTEXT('2D SPACE',''
  ) );
#1766 = PCURVE('',#1728,#1767);
#1767 = DEFINITIONAL_REPRESENTATION('',(#1768),#1777);
#1768 = B_SPLINE_CURVE_WITH_KNOTS('',7,(#1769,#1770,#1771,#1772,#1773,
    #1774,#1775,#1776),.UNSPECIFIED.,.F.,.F.,(8,8),(4.712388980385,
    6.28318530718),.PIECEWISE_BEZIER_KNOTS.);
#1769 = CARTESIAN_POINT('',(3.14159265359,6.883382752676E-15));
#1770 = CARTESIAN_POINT('',(3.365992128846,-8.410871090924E-02));
#1771 = CARTESIAN_POINT('',(3.590391604103,-0.168217080288));
#1772 = CARTESIAN_POINT('',(3.814791079359,-0.24541016161));
#1773 = CARTESIAN_POINT('',(4.039190554616,-0.308760090817));
#1774 = CARTESIAN_POINT('',(4.263590029872,-0.352796884654));
#1775 = CARTESIAN_POINT('',(4.487989505128,-0.374816878752));
#1776 = CARTESIAN_POINT('',(4.712388980385,-0.374816878752));
#1777 = ( GEOMETRIC_REPRESENTATION_CONTEXT(2) 
PARAMETRIC_REPRESENTATION_CONTEXT() REPRESENTATION_CONTEXT('2D SPACE',''
  ) );
#1778 = ORIENTED_EDGE('',*,*,#1779,.F.);
#1779 = EDGE_CURVE('',#1685,#1746,#1780,.T.);
#1780 = SURFACE_CURVE('',#1781,(#1786,#1799),.PCURVE_S1.);
#1781 = ELLIPSE('',#1782,4.777226595274,4.7625);
#1782 = AXIS2_PLACEMENT_3D('',#1783,#1784,#1785);
#1783 = CARTESIAN_POINT('',(41.15804593541,177.659277733,0.));
#1784 = DIRECTION('',(0.987688340595,-0.15643446504,0.));
#1785 = DIRECTION('',(0.15643446504,0.987688340595,0.));
#1786 = PCURVE('',#1592,#1787);
#1787 = DEFINITIONAL_REPRESENTATION('',(#1788),#1798);
#1788 = B_SPLINE_CURVE_WITH_KNOTS('',8,(#1789,#1790,#1791,#1792,#1793,
    #1794,#1795,#1796,#1797),.UNSPECIFIED.,.F.,.F.,(9,9),(1.570796326795
    ,4.712388980385),.PIECEWISE_BEZIER_KNOTS.);
#1789 = CARTESIAN_POINT('',(-6.217248937901E-15,1.793574928339));
#1790 = CARTESIAN_POINT('',(0.392699081699,1.646384684247));
#1791 = CARTESIAN_POINT('',(0.785398163395,1.499193266532));
#1792 = CARTESIAN_POINT('',(1.178097245099,1.386602761846));
#1793 = CARTESIAN_POINT('',(1.570796326785,1.343120548323));
#1794 = CARTESIAN_POINT('',(1.963495408497,1.386602761847));
#1795 = CARTESIAN_POINT('',(2.356194490191,1.499193266532));
#1796 = CARTESIAN_POINT('',(2.748893571891,1.646384684247));
#1797 = CARTESIAN_POINT('',(3.14159265359,1.793574928339));
#1798 = ( GEOMETRIC_REPRESENTATION_CONTEXT(2) 
PARAMETRIC_REPRESENTATION_CONTEXT() REPRESENTATION_CONTEXT('2D SPACE',''
  ) );
#1799 = PCURVE('',#1728,#1800);
#1800 = DEFINITIONAL_REPRESENTATION('',(#1801),#1811);
#1801 = B_SPLINE_CURVE_WITH_KNOTS('',8,(#1802,#1803,#1804,#1805,#1806,
    #1807,#1808,#1809,#1810),.UNSPECIFIED.,.F.,.F.,(9,9),(1.570796326795
    ,4.712388980385),.PIECEWISE_BEZIER_KNOTS.);
#1802 = CARTESIAN_POINT('',(0.,6.883382752676E-15));
#1803 = CARTESIAN_POINT('',(0.392699081699,0.147190244091));
#1804 = CARTESIAN_POINT('',(0.785398163397,0.294381661806));
#1805 = CARTESIAN_POINT('',(1.178097245094,0.406972166487));
#1806 = CARTESIAN_POINT('',(1.570796326793,0.450454380015));
#1807 = CARTESIAN_POINT('',(1.963495408494,0.406972166487));
#1808 = CARTESIAN_POINT('',(2.356194490192,0.294381661806));
#1809 = CARTESIAN_POINT('',(2.748893571891,0.147190244091));
#1810 = CARTESIAN_POINT('',(3.14159265359,6.883382752676E-15));
#1811 = ( GEOMETRIC_REPRESENTATION_CONTEXT(2) 
PARAMETRIC_REPRESENTATION_CONTEXT() REPRESENTATION_CONTEXT('2D SPACE',''
  ) );
#1812 = ORIENTED_EDGE('',*,*,#1684,.F.);
#1813 = ORIENTED_EDGE('',*,*,#1643,.T.);
#1814 = ORIENTED_EDGE('',*,*,#1609,.T.);
#1815 = ORIENTED_EDGE('',*,*,#1570,.T.);
#1816 = ADVANCED_FACE('',(#1817),#1728,.T.);
#1817 = FACE_BOUND('',#1818,.T.);
#1818 = EDGE_LOOP('',(#1819,#1841,#1880,#1914,#1948,#1949,#1950,#1951));
#1819 = ORIENTED_EDGE('',*,*,#1820,.T.);
#1820 = EDGE_CURVE('',#1685,#1821,#1823,.T.);
#1821 = VERTEX_POINT('',#1822);
#1822 = CARTESIAN_POINT('',(42.902064245706,177.24057598125,4.7625));
#1823 = SEAM_CURVE('',#1824,(#1828,#1834),.PCURVE_S1.);
#1824 = LINE('',#1825,#1826);
#1825 = CARTESIAN_POINT('',(41.15804593541,177.659277733,4.7625));
#1826 = VECTOR('',#1827,1.);
#1827 = DIRECTION('',(0.972369920398,-0.233445363856,0.));
#1828 = PCURVE('',#1728,#1829);
#1829 = DEFINITIONAL_REPRESENTATION('',(#1830),#1833);
#1830 = B_SPLINE_CURVE_WITH_KNOTS('',1,(#1831,#1832),.UNSPECIFIED.,.F.,
  .F.,(2,2),(-2.070830847315,3.864405775653),.PIECEWISE_BEZIER_KNOTS.);
#1831 = CARTESIAN_POINT('',(6.28318530718,-2.070830847315));
#1832 = CARTESIAN_POINT('',(6.28318530718,3.864405775653));
#1833 = ( GEOMETRIC_REPRESENTATION_CONTEXT(2) 
PARAMETRIC_REPRESENTATION_CONTEXT() REPRESENTATION_CONTEXT('2D SPACE',''
  ) );
#1834 = PCURVE('',#1728,#1835);
#1835 = DEFINITIONAL_REPRESENTATION('',(#1836),#1840);
#1836 = LINE('',#1837,#1838);
#1837 = CARTESIAN_POINT('',(0.,0.));
#1838 = VECTOR('',#1839,1.);
#1839 = DIRECTION('',(0.,1.));
#1840 = ( GEOMETRIC_REPRESENTATION_CONTEXT(2) 
PARAMETRIC_REPRESENTATION_CONTEXT() REPRESENTATION_CONTEXT('2D SPACE',''
  ) );
#1841 = ORIENTED_EDGE('',*,*,#1842,.F.);
#1842 = EDGE_CURVE('',#1843,#1821,#1845,.T.);
#1843 = VERTEX_POINT('',#1844);
#1844 = CARTESIAN_POINT('',(44.378308449625,181.7839884645,
    -5.832380380939E-16));
#1845 = SURFACE_CURVE('',#1846,(#1851,#1863),.PCURVE_S1.);
#1846 = ELLIPSE('',#1847,4.777226595274,4.7625);
#1847 = AXIS2_PLACEMENT_3D('',#1848,#1849,#1850);
#1848 = CARTESIAN_POINT('',(42.902064245706,177.24057598125,0.));
#1849 = DIRECTION('',(0.951056516295,-0.309016994375,0.));
#1850 = DIRECTION('',(0.309016994375,0.951056516295,0.));
#1851 = PCURVE('',#1728,#1852);
#1852 = DEFINITIONAL_REPRESENTATION('',(#1853),#1862);
#1853 = B_SPLINE_CURVE_WITH_KNOTS('',7,(#1854,#1855,#1856,#1857,#1858,
    #1859,#1860,#1861),.UNSPECIFIED.,.F.,.F.,(8,8),(0.,1.570796326795),
  .PIECEWISE_BEZIER_KNOTS.);
#1854 = CARTESIAN_POINT('',(4.712388980385,2.168391807091));
#1855 = CARTESIAN_POINT('',(4.936788455641,2.168391807091));
#1856 = CARTESIAN_POINT('',(5.161187930898,2.146371812992));
#1857 = CARTESIAN_POINT('',(5.385587406154,2.102335019156));
#1858 = CARTESIAN_POINT('',(5.609986881411,2.038985089948));
#1859 = CARTESIAN_POINT('',(5.834386356667,1.961792008626));
#1860 = CARTESIAN_POINT('',(6.058785831923,1.877683639248));
#1861 = CARTESIAN_POINT('',(6.28318530718,1.793574928339));
#1862 = ( GEOMETRIC_REPRESENTATION_CONTEXT(2) 
PARAMETRIC_REPRESENTATION_CONTEXT() REPRESENTATION_CONTEXT('2D SPACE',''
  ) );
#1863 = PCURVE('',#1864,#1869);
#1864 = CYLINDRICAL_SURFACE('',#1865,4.7625);
#1865 = AXIS2_PLACEMENT_3D('',#1866,#1867,#1868);
#1866 = CARTESIAN_POINT('',(42.902064245706,177.24057598125,0.));
#1867 = DIRECTION('',(0.923879532511,-0.382683432365,0.));
#1868 = DIRECTION('',(4.248639577543E-17,1.025712328974E-16,1.));
#1869 = DEFINITIONAL_REPRESENTATION('',(#1870),#1879);
#1870 = B_SPLINE_CURVE_WITH_KNOTS('',7,(#1871,#1872,#1873,#1874,#1875,
    #1876,#1877,#1878),.UNSPECIFIED.,.F.,.F.,(8,8),(0.,1.570796326795),
  .PIECEWISE_BEZIER_KNOTS.);
#1871 = CARTESIAN_POINT('',(4.712388980385,-0.374816878752));
#1872 = CARTESIAN_POINT('',(4.936788455641,-0.374816878752));
#1873 = CARTESIAN_POINT('',(5.161187930897,-0.352796884654));
#1874 = CARTESIAN_POINT('',(5.385587406154,-0.308760090816));
#1875 = CARTESIAN_POINT('',(5.60998688141,-0.24541016161));
#1876 = CARTESIAN_POINT('',(5.834386356667,-0.168217080288));
#1877 = CARTESIAN_POINT('',(6.058785831923,-8.410871090919E-02));
#1878 = CARTESIAN_POINT('',(6.28318530718,5.329070518201E-14));
#1879 = ( GEOMETRIC_REPRESENTATION_CONTEXT(2) 
PARAMETRIC_REPRESENTATION_CONTEXT() REPRESENTATION_CONTEXT('2D SPACE',''
  ) );
#1880 = ORIENTED_EDGE('',*,*,#1881,.F.);
#1881 = EDGE_CURVE('',#1882,#1843,#1884,.T.);
#1882 = VERTEX_POINT('',#1883);
#1883 = CARTESIAN_POINT('',(42.902064245706,177.24057598125,-4.7625));
#1884 = SURFACE_CURVE('',#1885,(#1890,#1902),.PCURVE_S1.);
#1885 = ELLIPSE('',#1886,4.777226595274,4.7625);
#1886 = AXIS2_PLACEMENT_3D('',#1887,#1888,#1889);
#1887 = CARTESIAN_POINT('',(42.902064245706,177.24057598125,0.));
#1888 = DIRECTION('',(0.951056516295,-0.309016994375,0.));
#1889 = DIRECTION('',(0.309016994375,0.951056516295,0.));
#1890 = PCURVE('',#1728,#1891);
#1891 = DEFINITIONAL_REPRESENTATION('',(#1892),#1901);
#1892 = B_SPLINE_CURVE_WITH_KNOTS('',7,(#1893,#1894,#1895,#1896,#1897,
    #1898,#1899,#1900),.UNSPECIFIED.,.F.,.F.,(8,8),(4.712388980385,
    6.28318530718),.PIECEWISE_BEZIER_KNOTS.);
#1893 = CARTESIAN_POINT('',(3.14159265359,1.793574928339));
#1894 = CARTESIAN_POINT('',(3.365992128846,1.877683639248));
#1895 = CARTESIAN_POINT('',(3.590391604102,1.961792008627));
#1896 = CARTESIAN_POINT('',(3.814791079361,2.038985089947));
#1897 = CARTESIAN_POINT('',(4.039190554614,2.102335019156));
#1898 = CARTESIAN_POINT('',(4.263590029872,2.146371812992));
#1899 = CARTESIAN_POINT('',(4.487989505128,2.168391807091));
#1900 = CARTESIAN_POINT('',(4.712388980385,2.168391807091));
#1901 = ( GEOMETRIC_REPRESENTATION_CONTEXT(2) 
PARAMETRIC_REPRESENTATION_CONTEXT() REPRESENTATION_CONTEXT('2D SPACE',''
  ) );
#1902 = PCURVE('',#1864,#1903);
#1903 = DEFINITIONAL_REPRESENTATION('',(#1904),#1913);
#1904 = B_SPLINE_CURVE_WITH_KNOTS('',7,(#1905,#1906,#1907,#1908,#1909,
    #1910,#1911,#1912),.UNSPECIFIED.,.F.,.F.,(8,8),(4.712388980385,
    6.28318530718),.PIECEWISE_BEZIER_KNOTS.);
#1905 = CARTESIAN_POINT('',(3.14159265359,5.329070518201E-14));
#1906 = CARTESIAN_POINT('',(3.365992128846,-8.410871090919E-02));
#1907 = CARTESIAN_POINT('',(3.590391604102,-0.168217080288));
#1908 = CARTESIAN_POINT('',(3.814791079361,-0.245410161609));
#1909 = CARTESIAN_POINT('',(4.039190554615,-0.308760090817));
#1910 = CARTESIAN_POINT('',(4.263590029872,-0.352796884654));
#1911 = CARTESIAN_POINT('',(4.487989505128,-0.374816878752));
#1912 = CARTESIAN_POINT('',(4.712388980385,-0.374816878752));
#1913 = ( GEOMETRIC_REPRESENTATION_CONTEXT(2) 
PARAMETRIC_REPRESENTATION_CONTEXT() REPRESENTATION_CONTEXT('2D SPACE',''
  ) );
#1914 = ORIENTED_EDGE('',*,*,#1915,.F.);
#1915 = EDGE_CURVE('',#1821,#1882,#1916,.T.);
#1916 = SURFACE_CURVE('',#1917,(#1922,#1935),.PCURVE_S1.);
#1917 = ELLIPSE('',#1918,4.777226595274,4.7625);
#1918 = AXIS2_PLACEMENT_3D('',#1919,#1920,#1921);
#1919 = CARTESIAN_POINT('',(42.902064245706,177.24057598125,0.));
#1920 = DIRECTION('',(0.951056516295,-0.309016994375,0.));
#1921 = DIRECTION('',(0.309016994375,0.951056516295,0.));
#1922 = PCURVE('',#1728,#1923);
#1923 = DEFINITIONAL_REPRESENTATION('',(#1924),#1934);
#1924 = B_SPLINE_CURVE_WITH_KNOTS('',8,(#1925,#1926,#1927,#1928,#1929,
    #1930,#1931,#1932,#1933),.UNSPECIFIED.,.F.,.F.,(9,9),(1.570796326795
    ,4.712388980385),.PIECEWISE_BEZIER_KNOTS.);
#1925 = CARTESIAN_POINT('',(5.967813003759E-15,1.793574928339));
#1926 = CARTESIAN_POINT('',(0.392699081699,1.646384684247));
#1927 = CARTESIAN_POINT('',(0.785398163397,1.499193266532));
#1928 = CARTESIAN_POINT('',(1.178097245096,1.386602761851));
#1929 = CARTESIAN_POINT('',(1.570796326788,1.343120548319));
#1930 = CARTESIAN_POINT('',(1.963495408496,1.38660276185));
#1931 = CARTESIAN_POINT('',(2.356194490191,1.499193266532));
#1932 = CARTESIAN_POINT('',(2.748893571891,1.646384684247));
#1933 = CARTESIAN_POINT('',(3.14159265359,1.793574928339));
#1934 = ( GEOMETRIC_REPRESENTATION_CONTEXT(2) 
PARAMETRIC_REPRESENTATION_CONTEXT() REPRESENTATION_CONTEXT('2D SPACE',''
  ) );
#1935 = PCURVE('',#1864,#1936);
#1936 = DEFINITIONAL_REPRESENTATION('',(#1937),#1947);
#1937 = B_SPLINE_CURVE_WITH_KNOTS('',8,(#1938,#1939,#1940,#1941,#1942,
    #1943,#1944,#1945,#1946),.UNSPECIFIED.,.F.,.F.,(9,9),(1.570796326795
    ,4.712388980385),.PIECEWISE_BEZIER_KNOTS.);
#1938 = CARTESIAN_POINT('',(0.,5.329070518201E-14));
#1939 = CARTESIAN_POINT('',(0.392699081699,0.147190244091));
#1940 = CARTESIAN_POINT('',(0.785398163397,0.294381661806));
#1941 = CARTESIAN_POINT('',(1.178097245094,0.406972166489));
#1942 = CARTESIAN_POINT('',(1.570796326792,0.450454380012));
#1943 = CARTESIAN_POINT('',(1.963495408492,0.406972166489));
#1944 = CARTESIAN_POINT('',(2.356194490191,0.294381661806));
#1945 = CARTESIAN_POINT('',(2.748893571891,0.147190244091));
#1946 = CARTESIAN_POINT('',(3.14159265359,5.329070518201E-14));
#1947 = ( GEOMETRIC_REPRESENTATION_CONTEXT(2) 
PARAMETRIC_REPRESENTATION_CONTEXT() REPRESENTATION_CONTEXT('2D SPACE',''
  ) );
#1948 = ORIENTED_EDGE('',*,*,#1820,.F.);
#1949 = ORIENTED_EDGE('',*,*,#1779,.T.);
#1950 = ORIENTED_EDGE('',*,*,#1745,.T.);
#1951 = ORIENTED_EDGE('',*,*,#1706,.T.);
#1952 = ADVANCED_FACE('',(#1953),#1864,.T.);
#1953 = FACE_BOUND('',#1954,.T.);
#1954 = EDGE_LOOP('',(#1955,#1977,#2016,#2050,#2084,#2085,#2086,#2087));
#1955 = ORIENTED_EDGE('',*,*,#1956,.T.);
#1956 = EDGE_CURVE('',#1821,#1957,#1959,.T.);
#1957 = VERTEX_POINT('',#1958);
#1958 = CARTESIAN_POINT('',(44.559111412023,176.55420457147,4.7625));
#1959 = SEAM_CURVE('',#1960,(#1964,#1970),.PCURVE_S1.);
#1960 = LINE('',#1961,#1962);
#1961 = CARTESIAN_POINT('',(42.902064245706,177.24057598125,4.7625));
#1962 = VECTOR('',#1963,1.);
#1963 = DIRECTION('',(0.923879532511,-0.382683432365,0.));
#1964 = PCURVE('',#1864,#1965);
#1965 = DEFINITIONAL_REPRESENTATION('',(#1966),#1969);
#1966 = B_SPLINE_CURVE_WITH_KNOTS('',1,(#1967,#1968),.UNSPECIFIED.,.F.,
  .F.,(2,2),(-2.070830847315,3.864405775653),.PIECEWISE_BEZIER_KNOTS.);
#1967 = CARTESIAN_POINT('',(6.28318530718,-2.070830847315));
#1968 = CARTESIAN_POINT('',(6.28318530718,3.864405775653));
#1969 = ( GEOMETRIC_REPRESENTATION_CONTEXT(2) 
PARAMETRIC_REPRESENTATION_CONTEXT() REPRESENTATION_CONTEXT('2D SPACE',''
  ) );
#1970 = PCURVE('',#1864,#1971);
#1971 = DEFINITIONAL_REPRESENTATION('',(#1972),#1976);
#1972 = LINE('',#1973,#1974);
#1973 = CARTESIAN_POINT('',(0.,0.));
#1974 = VECTOR('',#1975,1.);
#1975 = DIRECTION('',(0.,1.));
#1976 = ( GEOMETRIC_REPRESENTATION_CONTEXT(2) 
PARAMETRIC_REPRESENTATION_CONTEXT() REPRESENTATION_CONTEXT('2D SPACE',''
  ) );
#1977 = ORIENTED_EDGE('',*,*,#1978,.F.);
#1978 = EDGE_CURVE('',#1979,#1957,#1981,.T.);
#1979 = VERTEX_POINT('',#1980);
#1980 = CARTESIAN_POINT('',(46.727926901381,180.81074463538,
    -5.832380380939E-16));
#1981 = SURFACE_CURVE('',#1982,(#1987,#1999),.PCURVE_S1.);
#1982 = ELLIPSE('',#1983,4.777226595274,4.7625);
#1983 = AXIS2_PLACEMENT_3D('',#1984,#1985,#1986);
#1984 = CARTESIAN_POINT('',(44.559111412023,176.55420457147,0.));
#1985 = DIRECTION('',(0.891006524188,-0.45399049974,0.));
#1986 = DIRECTION('',(0.45399049974,0.891006524188,0.));
#1987 = PCURVE('',#1864,#1988);
#1988 = DEFINITIONAL_REPRESENTATION('',(#1989),#1998);
#1989 = B_SPLINE_CURVE_WITH_KNOTS('',7,(#1990,#1991,#1992,#1993,#1994,
    #1995,#1996,#1997),.UNSPECIFIED.,.F.,.F.,(8,8),(0.,1.570796326795),
  .PIECEWISE_BEZIER_KNOTS.);
#1990 = CARTESIAN_POINT('',(4.712388980385,2.168391807091));
#1991 = CARTESIAN_POINT('',(4.936788455641,2.168391807091));
#1992 = CARTESIAN_POINT('',(5.161187930897,2.146371812992));
#1993 = CARTESIAN_POINT('',(5.385587406155,2.102335019156));
#1994 = CARTESIAN_POINT('',(5.60998688141,2.038985089948));
#1995 = CARTESIAN_POINT('',(5.834386356667,1.961792008626));
#1996 = CARTESIAN_POINT('',(6.058785831923,1.877683639248));
#1997 = CARTESIAN_POINT('',(6.28318530718,1.793574928338));
#1998 = ( GEOMETRIC_REPRESENTATION_CONTEXT(2) 
PARAMETRIC_REPRESENTATION_CONTEXT() REPRESENTATION_CONTEXT('2D SPACE',''
  ) );
#1999 = PCURVE('',#2000,#2005);
#2000 = CYLINDRICAL_SURFACE('',#2001,4.7625);
#2001 = AXIS2_PLACEMENT_3D('',#2002,#2003,#2004);
#2002 = CARTESIAN_POINT('',(44.559111412023,176.55420457147,0.));
#2003 = DIRECTION('',(0.852640164354,-0.522498564716,0.));
#2004 = DIRECTION('',(5.800899368813E-17,9.466207421861E-17,1.));
#2005 = DEFINITIONAL_REPRESENTATION('',(#2006),#2015);
#2006 = B_SPLINE_CURVE_WITH_KNOTS('',7,(#2007,#2008,#2009,#2010,#2011,
    #2012,#2013,#2014),.UNSPECIFIED.,.F.,.F.,(8,8),(0.,1.570796326795),
  .PIECEWISE_BEZIER_KNOTS.);
#2007 = CARTESIAN_POINT('',(4.712388980385,-0.374816878752));
#2008 = CARTESIAN_POINT('',(4.936788455641,-0.374816878752));
#2009 = CARTESIAN_POINT('',(5.161187930897,-0.352796884654));
#2010 = CARTESIAN_POINT('',(5.385587406154,-0.308760090817));
#2011 = CARTESIAN_POINT('',(5.60998688141,-0.24541016161));
#2012 = CARTESIAN_POINT('',(5.834386356667,-0.168217080288));
#2013 = CARTESIAN_POINT('',(6.058785831923,-8.41087109094E-02));
#2014 = CARTESIAN_POINT('',(6.28318530718,-1.350031197944E-13));
#2015 = ( GEOMETRIC_REPRESENTATION_CONTEXT(2) 
PARAMETRIC_REPRESENTATION_CONTEXT() REPRESENTATION_CONTEXT('2D SPACE',''
  ) );
#2016 = ORIENTED_EDGE('',*,*,#2017,.F.);
#2017 = EDGE_CURVE('',#2018,#1979,#2020,.T.);
#2018 = VERTEX_POINT('',#2019);
#2019 = CARTESIAN_POINT('',(44.559111412023,176.55420457147,-4.7625));
#2020 = SURFACE_CURVE('',#2021,(#2026,#2038),.PCURVE_S1.);
#2021 = ELLIPSE('',#2022,4.777226595274,4.7625);
#2022 = AXIS2_PLACEMENT_3D('',#2023,#2024,#2025);
#2023 = CARTESIAN_POINT('',(44.559111412023,176.55420457147,0.));
#2024 = DIRECTION('',(0.891006524188,-0.45399049974,0.));
#2025 = DIRECTION('',(0.45399049974,0.891006524188,0.));
#2026 = PCURVE('',#1864,#2027);
#2027 = DEFINITIONAL_REPRESENTATION('',(#2028),#2037);
#2028 = B_SPLINE_CURVE_WITH_KNOTS('',7,(#2029,#2030,#2031,#2032,#2033,
    #2034,#2035,#2036),.UNSPECIFIED.,.F.,.F.,(8,8),(4.712388980385,
    6.28318530718),.PIECEWISE_BEZIER_KNOTS.);
#2029 = CARTESIAN_POINT('',(3.14159265359,1.793574928338));
#2030 = CARTESIAN_POINT('',(3.365992128846,1.877683639248));
#2031 = CARTESIAN_POINT('',(3.590391604102,1.961792008626));
#2032 = CARTESIAN_POINT('',(3.81479107936,2.038985089948));
#2033 = CARTESIAN_POINT('',(4.039190554615,2.102335019155));
#2034 = CARTESIAN_POINT('',(4.263590029872,2.146371812992));
#2035 = CARTESIAN_POINT('',(4.487989505128,2.168391807091));
#2036 = CARTESIAN_POINT('',(4.712388980385,2.168391807091));
#2037 = ( GEOMETRIC_REPRESENTATION_CONTEXT(2) 
PARAMETRIC_REPRESENTATION_CONTEXT() REPRESENTATION_CONTEXT('2D SPACE',''
  ) );
#2038 = PCURVE('',#2000,#2039);
#2039 = DEFINITIONAL_REPRESENTATION('',(#2040),#2049);
#2040 = B_SPLINE_CURVE_WITH_KNOTS('',7,(#2041,#2042,#2043,#2044,#2045,
    #2046,#2047,#2048),.UNSPECIFIED.,.F.,.F.,(8,8),(4.712388980385,
    6.28318530718),.PIECEWISE_BEZIER_KNOTS.);
#2041 = CARTESIAN_POINT('',(3.14159265359,-1.350031197944E-13));
#2042 = CARTESIAN_POINT('',(3.365992128846,-8.41087109094E-02));
#2043 = CARTESIAN_POINT('',(3.590391604102,-0.168217080288));
#2044 = CARTESIAN_POINT('',(3.81479107936,-0.24541016161));
#2045 = CARTESIAN_POINT('',(4.039190554614,-0.308760090817));
#2046 = CARTESIAN_POINT('',(4.263590029872,-0.352796884654));
#2047 = CARTESIAN_POINT('',(4.487989505128,-0.374816878752));
#2048 = CARTESIAN_POINT('',(4.712388980385,-0.374816878752));
#2049 = ( GEOMETRIC_REPRESENTATION_CONTEXT(2) 
PARAMETRIC_REPRESENTATION_CONTEXT() REPRESENTATION_CONTEXT('2D SPACE',''
  ) );
#2050 = ORIENTED_EDGE('',*,*,#2051,.F.);
#2051 = EDGE_CURVE('',#1957,#2018,#2052,.T.);
#2052 = SURFACE_CURVE('',#2053,(#2058,#2071),.PCURVE_S1.);
#2053 = ELLIPSE('',#2054,4.777226595274,4.7625);
#2054 = AXIS2_PLACEMENT_3D('',#2055,#2056,#2057);
#2055 = CARTESIAN_POINT('',(44.559111412023,176.55420457147,0.));
#2056 = DIRECTION('',(0.891006524188,-0.45399049974,0.));
#2057 = DIRECTION('',(0.45399049974,0.891006524188,0.));
#2058 = PCURVE('',#1864,#2059);
#2059 = DEFINITIONAL_REPRESENTATION('',(#2060),#2070);
#2060 = B_SPLINE_CURVE_WITH_KNOTS('',8,(#2061,#2062,#2063,#2064,#2065,
    #2066,#2067,#2068,#2069),.UNSPECIFIED.,.F.,.F.,(9,9),(1.570796326795
    ,4.712388980385),.PIECEWISE_BEZIER_KNOTS.);
#2061 = CARTESIAN_POINT('',(-6.217248937901E-15,1.793574928338));
#2062 = CARTESIAN_POINT('',(0.392699081699,1.646384684247));
#2063 = CARTESIAN_POINT('',(0.785398163398,1.499193266532));
#2064 = CARTESIAN_POINT('',(1.178097245091,1.386602761848));
#2065 = CARTESIAN_POINT('',(1.570796326796,1.343120548324));
#2066 = CARTESIAN_POINT('',(1.963495408486,1.386602761847));
#2067 = CARTESIAN_POINT('',(2.356194490193,1.499193266532));
#2068 = CARTESIAN_POINT('',(2.748893571891,1.646384684247));
#2069 = CARTESIAN_POINT('',(3.14159265359,1.793574928338));
#2070 = ( GEOMETRIC_REPRESENTATION_CONTEXT(2) 
PARAMETRIC_REPRESENTATION_CONTEXT() REPRESENTATION_CONTEXT('2D SPACE',''
  ) );
#2071 = PCURVE('',#2000,#2072);
#2072 = DEFINITIONAL_REPRESENTATION('',(#2073),#2083);
#2073 = B_SPLINE_CURVE_WITH_KNOTS('',8,(#2074,#2075,#2076,#2077,#2078,
    #2079,#2080,#2081,#2082),.UNSPECIFIED.,.F.,.F.,(9,9),(1.570796326795
    ,4.712388980385),.PIECEWISE_BEZIER_KNOTS.);
#2074 = CARTESIAN_POINT('',(0.,-1.350031197944E-13));
#2075 = CARTESIAN_POINT('',(0.392699081699,0.147190244091));
#2076 = CARTESIAN_POINT('',(0.785398163396,0.294381661806));
#2077 = CARTESIAN_POINT('',(1.178097245096,0.406972166488));
#2078 = CARTESIAN_POINT('',(1.570796326788,0.450454380014));
#2079 = CARTESIAN_POINT('',(1.963495408494,0.406972166488));
#2080 = CARTESIAN_POINT('',(2.356194490191,0.294381661806));
#2081 = CARTESIAN_POINT('',(2.748893571891,0.147190244091));
#2082 = CARTESIAN_POINT('',(3.14159265359,-1.350031197944E-13));
#2083 = ( GEOMETRIC_REPRESENTATION_CONTEXT(2) 
PARAMETRIC_REPRESENTATION_CONTEXT() REPRESENTATION_CONTEXT('2D SPACE',''
  ) );
#2084 = ORIENTED_EDGE('',*,*,#1956,.F.);
#2085 = ORIENTED_EDGE('',*,*,#1915,.T.);
#2086 = ORIENTED_EDGE('',*,*,#1881,.T.);
#2087 = ORIENTED_EDGE('',*,*,#1842,.T.);
#2088 = ADVANCED_FACE('',(#2089),#2000,.T.);
#2089 = FACE_BOUND('',#2090,.T.);
#2090 = EDGE_LOOP('',(#2091,#2113,#2152,#2186,#2220,#2221,#2222,#2223));
#2091 = ORIENTED_EDGE('',*,*,#2092,.T.);
#2092 = EDGE_CURVE('',#1957,#2093,#2095,.T.);
#2093 = VERTEX_POINT('',#2094);
#2094 = CARTESIAN_POINT('',(46.088385433703,175.6170642457,4.7625));
#2095 = SEAM_CURVE('',#2096,(#2100,#2106),.PCURVE_S1.);
#2096 = LINE('',#2097,#2098);
#2097 = CARTESIAN_POINT('',(44.559111412023,176.55420457147,4.7625));
#2098 = VECTOR('',#2099,1.);
#2099 = DIRECTION('',(0.852640164354,-0.522498564716,0.));
#2100 = PCURVE('',#2000,#2101);
#2101 = DEFINITIONAL_REPRESENTATION('',(#2102),#2105);
#2102 = B_SPLINE_CURVE_WITH_KNOTS('',1,(#2103,#2104),.UNSPECIFIED.,.F.,
  .F.,(2,2),(-2.070830847315,3.864405775653),.PIECEWISE_BEZIER_KNOTS.);
#2103 = CARTESIAN_POINT('',(6.28318530718,-2.070830847315));
#2104 = CARTESIAN_POINT('',(6.28318530718,3.864405775653));
#2105 = ( GEOMETRIC_REPRESENTATION_CONTEXT(2) 
PARAMETRIC_REPRESENTATION_CONTEXT() REPRESENTATION_CONTEXT('2D SPACE',''
  ) );
#2106 = PCURVE('',#2000,#2107);
#2107 = DEFINITIONAL_REPRESENTATION('',(#2108),#2112);
#2108 = LINE('',#2109,#2110);
#2109 = CARTESIAN_POINT('',(0.,0.));
#2110 = VECTOR('',#2111,1.);
#2111 = DIRECTION('',(0.,1.));
#2112 = ( GEOMETRIC_REPRESENTATION_CONTEXT(2) 
PARAMETRIC_REPRESENTATION_CONTEXT() REPRESENTATION_CONTEXT('2D SPACE',''
  ) );
#2113 = ORIENTED_EDGE('',*,*,#2114,.F.);
#2114 = EDGE_CURVE('',#2115,#2093,#2117,.T.);
#2115 = VERTEX_POINT('',#2116);
#2116 = CARTESIAN_POINT('',(48.896368773265,179.48192174726,
    -5.832380380939E-16));
#2117 = SURFACE_CURVE('',#2118,(#2123,#2135),.PCURVE_S1.);
#2118 = ELLIPSE('',#2119,4.777226595274,4.7625);
#2119 = AXIS2_PLACEMENT_3D('',#2120,#2121,#2122);
#2120 = CARTESIAN_POINT('',(46.088385433703,175.6170642457,0.));
#2121 = DIRECTION('',(0.809016994375,-0.587785252292,0.));
#2122 = DIRECTION('',(0.587785252292,0.809016994375,0.));
#2123 = PCURVE('',#2000,#2124);
#2124 = DEFINITIONAL_REPRESENTATION('',(#2125),#2134);
#2125 = B_SPLINE_CURVE_WITH_KNOTS('',7,(#2126,#2127,#2128,#2129,#2130,
    #2131,#2132,#2133),.UNSPECIFIED.,.F.,.F.,(8,8),(0.,1.570796326795),
  .PIECEWISE_BEZIER_KNOTS.);
#2126 = CARTESIAN_POINT('',(4.712388980385,2.168391807091));
#2127 = CARTESIAN_POINT('',(4.936788455641,2.168391807091));
#2128 = CARTESIAN_POINT('',(5.161187930898,2.146371812993));
#2129 = CARTESIAN_POINT('',(5.385587406154,2.102335019155));
#2130 = CARTESIAN_POINT('',(5.609986881411,2.038985089949));
#2131 = CARTESIAN_POINT('',(5.834386356667,1.961792008626));
#2132 = CARTESIAN_POINT('',(6.058785831923,1.877683639248));
#2133 = CARTESIAN_POINT('',(6.28318530718,1.793574928339));
#2134 = ( GEOMETRIC_REPRESENTATION_CONTEXT(2) 
PARAMETRIC_REPRESENTATION_CONTEXT() REPRESENTATION_CONTEXT('2D SPACE',''
  ) );
#2135 = PCURVE('',#2136,#2141);
#2136 = CYLINDRICAL_SURFACE('',#2137,4.7625);
#2137 = AXIS2_PLACEMENT_3D('',#2138,#2139,#2140);
#2138 = CARTESIAN_POINT('',(46.088385433703,175.6170642457,0.));
#2139 = DIRECTION('',(0.7604059656,-0.64944804833,0.));
#2140 = DIRECTION('',(7.21032176554E-17,8.442202110715E-17,1.));
#2141 = DEFINITIONAL_REPRESENTATION('',(#2142),#2151);
#2142 = B_SPLINE_CURVE_WITH_KNOTS('',7,(#2143,#2144,#2145,#2146,#2147,
    #2148,#2149,#2150),.UNSPECIFIED.,.F.,.F.,(8,8),(0.,1.570796326795),
  .PIECEWISE_BEZIER_KNOTS.);
#2143 = CARTESIAN_POINT('',(4.712388980385,-0.374816878752));
#2144 = CARTESIAN_POINT('',(4.936788455641,-0.374816878752));
#2145 = CARTESIAN_POINT('',(5.161187930897,-0.352796884654));
#2146 = CARTESIAN_POINT('',(5.385587406154,-0.308760090817));
#2147 = CARTESIAN_POINT('',(5.60998688141,-0.245410161609));
#2148 = CARTESIAN_POINT('',(5.834386356667,-0.168217080288));
#2149 = CARTESIAN_POINT('',(6.058785831923,-8.410871090912E-02));
#2150 = CARTESIAN_POINT('',(6.28318530718,1.278976924368E-13));
#2151 = ( GEOMETRIC_REPRESENTATION_CONTEXT(2) 
PARAMETRIC_REPRESENTATION_CONTEXT() REPRESENTATION_CONTEXT('2D SPACE',''
  ) );
#2152 = ORIENTED_EDGE('',*,*,#2153,.F.);
#2153 = EDGE_CURVE('',#2154,#2115,#2156,.T.);
#2154 = VERTEX_POINT('',#2155);
#2155 = CARTESIAN_POINT('',(46.088385433703,175.6170642457,-4.7625));
#2156 = SURFACE_CURVE('',#2157,(#2162,#2174),.PCURVE_S1.);
#2157 = ELLIPSE('',#2158,4.777226595274,4.7625);
#2158 = AXIS2_PLACEMENT_3D('',#2159,#2160,#2161);
#2159 = CARTESIAN_POINT('',(46.088385433703,175.6170642457,0.));
#2160 = DIRECTION('',(0.809016994375,-0.587785252292,0.));
#2161 = DIRECTION('',(0.587785252292,0.809016994375,0.));
#2162 = PCURVE('',#2000,#2163);
#2163 = DEFINITIONAL_REPRESENTATION('',(#2164),#2173);
#2164 = B_SPLINE_CURVE_WITH_KNOTS('',7,(#2165,#2166,#2167,#2168,#2169,
    #2170,#2171,#2172),.UNSPECIFIED.,.F.,.F.,(8,8),(4.712388980385,
    6.28318530718),.PIECEWISE_BEZIER_KNOTS.);
#2165 = CARTESIAN_POINT('',(3.14159265359,1.793574928339));
#2166 = CARTESIAN_POINT('',(3.365992128846,1.877683639248));
#2167 = CARTESIAN_POINT('',(3.590391604102,1.961792008626));
#2168 = CARTESIAN_POINT('',(3.814791079361,2.038985089949));
#2169 = CARTESIAN_POINT('',(4.039190554615,2.102335019154));
#2170 = CARTESIAN_POINT('',(4.263590029872,2.146371812993));
#2171 = CARTESIAN_POINT('',(4.487989505128,2.168391807091));
#2172 = CARTESIAN_POINT('',(4.712388980385,2.168391807091));
#2173 = ( GEOMETRIC_REPRESENTATION_CONTEXT(2) 
PARAMETRIC_REPRESENTATION_CONTEXT() REPRESENTATION_CONTEXT('2D SPACE',''
  ) );
#2174 = PCURVE('',#2136,#2175);
#2175 = DEFINITIONAL_REPRESENTATION('',(#2176),#2185);
#2176 = B_SPLINE_CURVE_WITH_KNOTS('',7,(#2177,#2178,#2179,#2180,#2181,
    #2182,#2183,#2184),.UNSPECIFIED.,.F.,.F.,(8,8),(4.712388980385,
    6.28318530718),.PIECEWISE_BEZIER_KNOTS.);
#2177 = CARTESIAN_POINT('',(3.14159265359,1.278976924368E-13));
#2178 = CARTESIAN_POINT('',(3.365992128846,-8.410871090912E-02));
#2179 = CARTESIAN_POINT('',(3.590391604103,-0.168217080288));
#2180 = CARTESIAN_POINT('',(3.814791079359,-0.245410161609));
#2181 = CARTESIAN_POINT('',(4.039190554616,-0.308760090817));
#2182 = CARTESIAN_POINT('',(4.263590029872,-0.352796884653));
#2183 = CARTESIAN_POINT('',(4.487989505128,-0.374816878752));
#2184 = CARTESIAN_POINT('',(4.712388980385,-0.374816878752));
#2185 = ( GEOMETRIC_REPRESENTATION_CONTEXT(2) 
PARAMETRIC_REPRESENTATION_CONTEXT() REPRESENTATION_CONTEXT('2D SPACE',''
  ) );
#2186 = ORIENTED_EDGE('',*,*,#2187,.F.);
#2187 = EDGE_CURVE('',#2093,#2154,#2188,.T.);
#2188 = SURFACE_CURVE('',#2189,(#2194,#2207),.PCURVE_S1.);
#2189 = ELLIPSE('',#2190,4.777226595274,4.7625);
#2190 = AXIS2_PLACEMENT_3D('',#2191,#2192,#2193);
#2191 = CARTESIAN_POINT('',(46.088385433703,175.6170642457,0.));
#2192 = DIRECTION('',(0.809016994375,-0.587785252292,0.));
#2193 = DIRECTION('',(0.587785252292,0.809016994375,0.));
#2194 = PCURVE('',#2000,#2195);
#2195 = DEFINITIONAL_REPRESENTATION('',(#2196),#2206);
#2196 = B_SPLINE_CURVE_WITH_KNOTS('',8,(#2197,#2198,#2199,#2200,#2201,
    #2202,#2203,#2204,#2205),.UNSPECIFIED.,.F.,.F.,(9,9),(1.570796326795
    ,4.712388980385),.PIECEWISE_BEZIER_KNOTS.);
#2197 = CARTESIAN_POINT('',(5.967813003759E-15,1.793574928339));
#2198 = CARTESIAN_POINT('',(0.392699081699,1.646384684247));
#2199 = CARTESIAN_POINT('',(0.785398163395,1.49919326653));
#2200 = CARTESIAN_POINT('',(1.178097245104,1.386602761856));
#2201 = CARTESIAN_POINT('',(1.570796326778,1.343120548312));
#2202 = CARTESIAN_POINT('',(1.963495408499,1.386602761858));
#2203 = CARTESIAN_POINT('',(2.35619449019,1.49919326653));
#2204 = CARTESIAN_POINT('',(2.748893571891,1.646384684247));
#2205 = CARTESIAN_POINT('',(3.14159265359,1.793574928339));
#2206 = ( GEOMETRIC_REPRESENTATION_CONTEXT(2) 
PARAMETRIC_REPRESENTATION_CONTEXT() REPRESENTATION_CONTEXT('2D SPACE',''
  ) );
#2207 = PCURVE('',#2136,#2208);
#2208 = DEFINITIONAL_REPRESENTATION('',(#2209),#2219);
#2209 = B_SPLINE_CURVE_WITH_KNOTS('',8,(#2210,#2211,#2212,#2213,#2214,
    #2215,#2216,#2217,#2218),.UNSPECIFIED.,.F.,.F.,(9,9),(1.570796326795
    ,4.712388980385),.PIECEWISE_BEZIER_KNOTS.);
#2210 = CARTESIAN_POINT('',(0.,1.278976924368E-13));
#2211 = CARTESIAN_POINT('',(0.392699081699,0.147190244091));
#2212 = CARTESIAN_POINT('',(0.785398163398,0.294381661806));
#2213 = CARTESIAN_POINT('',(1.178097245091,0.406972166488));
#2214 = CARTESIAN_POINT('',(1.570796326796,0.450454380014));
#2215 = CARTESIAN_POINT('',(1.963495408488,0.406972166488));
#2216 = CARTESIAN_POINT('',(2.356194490193,0.294381661806));
#2217 = CARTESIAN_POINT('',(2.748893571891,0.147190244091));
#2218 = CARTESIAN_POINT('',(3.14159265359,1.278976924368E-13));
#2219 = ( GEOMETRIC_REPRESENTATION_CONTEXT(2) 
PARAMETRIC_REPRESENTATION_CONTEXT() REPRESENTATION_CONTEXT('2D SPACE',''
  ) );
#2220 = ORIENTED_EDGE('',*,*,#2092,.F.);
#2221 = ORIENTED_EDGE('',*,*,#2051,.T.);
#2222 = ORIENTED_EDGE('',*,*,#2017,.T.);
#2223 = ORIENTED_EDGE('',*,*,#1978,.T.);
#2224 = ADVANCED_FACE('',(#2225),#2136,.T.);
#2225 = FACE_BOUND('',#2226,.T.);
#2226 = EDGE_LOOP('',(#2227,#2249,#2288,#2322,#2356,#2357,#2358,#2359));
#2227 = ORIENTED_EDGE('',*,*,#2228,.T.);
#2228 = EDGE_CURVE('',#2093,#2229,#2231,.T.);
#2229 = VERTEX_POINT('',#2230);
#2230 = CARTESIAN_POINT('',(47.452230508962,174.45223050896,4.7625));
#2231 = SEAM_CURVE('',#2232,(#2236,#2242),.PCURVE_S1.);
#2232 = LINE('',#2233,#2234);
#2233 = CARTESIAN_POINT('',(46.088385433703,175.6170642457,4.7625));
#2234 = VECTOR('',#2235,1.);
#2235 = DIRECTION('',(0.7604059656,-0.64944804833,0.));
#2236 = PCURVE('',#2136,#2237);
#2237 = DEFINITIONAL_REPRESENTATION('',(#2238),#2241);
#2238 = B_SPLINE_CURVE_WITH_KNOTS('',1,(#2239,#2240),.UNSPECIFIED.,.F.,
  .F.,(2,2),(-2.070830847315,3.864405775653),.PIECEWISE_BEZIER_KNOTS.);
#2239 = CARTESIAN_POINT('',(6.28318530718,-2.070830847315));
#2240 = CARTESIAN_POINT('',(6.28318530718,3.864405775653));
#2241 = ( GEOMETRIC_REPRESENTATION_CONTEXT(2) 
PARAMETRIC_REPRESENTATION_CONTEXT() REPRESENTATION_CONTEXT('2D SPACE',''
  ) );
#2242 = PCURVE('',#2136,#2243);
#2243 = DEFINITIONAL_REPRESENTATION('',(#2244),#2248);
#2244 = LINE('',#2245,#2246);
#2245 = CARTESIAN_POINT('',(0.,0.));
#2246 = VECTOR('',#2247,1.);
#2247 = DIRECTION('',(0.,1.));
#2248 = ( GEOMETRIC_REPRESENTATION_CONTEXT(2) 
PARAMETRIC_REPRESENTATION_CONTEXT() REPRESENTATION_CONTEXT('2D SPACE',''
  ) );
#2249 = ORIENTED_EDGE('',*,*,#2250,.F.);
#2250 = EDGE_CURVE('',#2251,#2229,#2253,.T.);
#2251 = VERTEX_POINT('',#2252);
#2252 = CARTESIAN_POINT('',(50.830239829746,177.83023982974,
    -5.832380380939E-16));
#2253 = SURFACE_CURVE('',#2254,(#2259,#2271),.PCURVE_S1.);
#2254 = ELLIPSE('',#2255,4.777226595274,4.7625);
#2255 = AXIS2_PLACEMENT_3D('',#2256,#2257,#2258);
#2256 = CARTESIAN_POINT('',(47.452230508962,174.45223050896,0.));
#2257 = DIRECTION('',(0.707106781187,-0.707106781187,0.));
#2258 = DIRECTION('',(0.707106781187,0.707106781187,0.));
#2259 = PCURVE('',#2136,#2260);
#2260 = DEFINITIONAL_REPRESENTATION('',(#2261),#2270);
#2261 = B_SPLINE_CURVE_WITH_KNOTS('',7,(#2262,#2263,#2264,#2265,#2266,
    #2267,#2268,#2269),.UNSPECIFIED.,.F.,.F.,(8,8),(0.,1.570796326795),
  .PIECEWISE_BEZIER_KNOTS.);
#2262 = CARTESIAN_POINT('',(4.712388980385,2.168391807091));
#2263 = CARTESIAN_POINT('',(4.936788455641,2.168391807091));
#2264 = CARTESIAN_POINT('',(5.161187930898,2.146371812992));
#2265 = CARTESIAN_POINT('',(5.385587406154,2.102335019155));
#2266 = CARTESIAN_POINT('',(5.60998688141,2.038985089948));
#2267 = CARTESIAN_POINT('',(5.834386356667,1.961792008626));
#2268 = CARTESIAN_POINT('',(6.058785831923,1.877683639248));
#2269 = CARTESIAN_POINT('',(6.28318530718,1.793574928339));
#2270 = ( GEOMETRIC_REPRESENTATION_CONTEXT(2) 
PARAMETRIC_REPRESENTATION_CONTEXT() REPRESENTATION_CONTEXT('2D SPACE',''
  ) );
#2271 = PCURVE('',#2272,#2277);
#2272 = CYLINDRICAL_SURFACE('',#2273,4.7625);
#2273 = AXIS2_PLACEMENT_3D('',#2274,#2275,#2276);
#2274 = CARTESIAN_POINT('',(47.452230508962,174.45223050896,0.));
#2275 = DIRECTION('',(0.64944804833,-0.7604059656,0.));
#2276 = DIRECTION('',(-8.442202110715E-17,-7.21032176554E-17,1.));
#2277 = DEFINITIONAL_REPRESENTATION('',(#2278),#2287);
#2278 = B_SPLINE_CURVE_WITH_KNOTS('',7,(#2279,#2280,#2281,#2282,#2283,
    #2284,#2285,#2286),.UNSPECIFIED.,.F.,.F.,(8,8),(0.,1.570796326795),
  .PIECEWISE_BEZIER_KNOTS.);
#2279 = CARTESIAN_POINT('',(4.712388980385,-0.374816878752));
#2280 = CARTESIAN_POINT('',(4.936788455641,-0.374816878752));
#2281 = CARTESIAN_POINT('',(5.161187930898,-0.352796884654));
#2282 = CARTESIAN_POINT('',(5.385587406154,-0.308760090817));
#2283 = CARTESIAN_POINT('',(5.60998688141,-0.245410161609));
#2284 = CARTESIAN_POINT('',(5.834386356667,-0.168217080288));
#2285 = CARTESIAN_POINT('',(6.058785831923,-8.410871090925E-02));
#2286 = CARTESIAN_POINT('',(6.28318530718,0.));
#2287 = ( GEOMETRIC_REPRESENTATION_CONTEXT(2) 
PARAMETRIC_REPRESENTATION_CONTEXT() REPRESENTATION_CONTEXT('2D SPACE',''
  ) );
#2288 = ORIENTED_EDGE('',*,*,#2289,.F.);
#2289 = EDGE_CURVE('',#2290,#2251,#2292,.T.);
#2290 = VERTEX_POINT('',#2291);
#2291 = CARTESIAN_POINT('',(47.452230508962,174.45223050896,-4.7625));
#2292 = SURFACE_CURVE('',#2293,(#2298,#2310),.PCURVE_S1.);
#2293 = ELLIPSE('',#2294,4.777226595274,4.7625);
#2294 = AXIS2_PLACEMENT_3D('',#2295,#2296,#2297);
#2295 = CARTESIAN_POINT('',(47.452230508962,174.45223050896,0.));
#2296 = DIRECTION('',(0.707106781187,-0.707106781187,0.));
#2297 = DIRECTION('',(0.707106781187,0.707106781187,0.));
#2298 = PCURVE('',#2136,#2299);
#2299 = DEFINITIONAL_REPRESENTATION('',(#2300),#2309);
#2300 = B_SPLINE_CURVE_WITH_KNOTS('',7,(#2301,#2302,#2303,#2304,#2305,
    #2306,#2307,#2308),.UNSPECIFIED.,.F.,.F.,(8,8),(4.712388980385,
    6.28318530718),.PIECEWISE_BEZIER_KNOTS.);
#2301 = CARTESIAN_POINT('',(3.14159265359,1.793574928339));
#2302 = CARTESIAN_POINT('',(3.365992128846,1.877683639248));
#2303 = CARTESIAN_POINT('',(3.590391604103,1.961792008626));
#2304 = CARTESIAN_POINT('',(3.814791079359,2.038985089949));
#2305 = CARTESIAN_POINT('',(4.039190554616,2.102335019154));
#2306 = CARTESIAN_POINT('',(4.263590029872,2.146371812993));
#2307 = CARTESIAN_POINT('',(4.487989505128,2.168391807091));
#2308 = CARTESIAN_POINT('',(4.712388980385,2.168391807091));
#2309 = ( GEOMETRIC_REPRESENTATION_CONTEXT(2) 
PARAMETRIC_REPRESENTATION_CONTEXT() REPRESENTATION_CONTEXT('2D SPACE',''
  ) );
#2310 = PCURVE('',#2272,#2311);
#2311 = DEFINITIONAL_REPRESENTATION('',(#2312),#2321);
#2312 = B_SPLINE_CURVE_WITH_KNOTS('',7,(#2313,#2314,#2315,#2316,#2317,
    #2318,#2319,#2320),.UNSPECIFIED.,.F.,.F.,(8,8),(4.712388980385,
    6.28318530718),.PIECEWISE_BEZIER_KNOTS.);
#2313 = CARTESIAN_POINT('',(3.14159265359,0.));
#2314 = CARTESIAN_POINT('',(3.365992128846,-8.410871090925E-02));
#2315 = CARTESIAN_POINT('',(3.590391604103,-0.168217080288));
#2316 = CARTESIAN_POINT('',(3.81479107936,-0.245410161609));
#2317 = CARTESIAN_POINT('',(4.039190554616,-0.308760090817));
#2318 = CARTESIAN_POINT('',(4.263590029872,-0.352796884654));
#2319 = CARTESIAN_POINT('',(4.487989505128,-0.374816878752));
#2320 = CARTESIAN_POINT('',(4.712388980385,-0.374816878752));
#2321 = ( GEOMETRIC_REPRESENTATION_CONTEXT(2) 
PARAMETRIC_REPRESENTATION_CONTEXT() REPRESENTATION_CONTEXT('2D SPACE',''
  ) );
#2322 = ORIENTED_EDGE('',*,*,#2323,.F.);
#2323 = EDGE_CURVE('',#2229,#2290,#2324,.T.);
#2324 = SURFACE_CURVE('',#2325,(#2330,#2343),.PCURVE_S1.);
#2325 = ELLIPSE('',#2326,4.777226595274,4.7625);
#2326 = AXIS2_PLACEMENT_3D('',#2327,#2328,#2329);
#2327 = CARTESIAN_POINT('',(47.452230508962,174.45223050896,0.));
#2328 = DIRECTION('',(0.707106781187,-0.707106781187,0.));
#2329 = DIRECTION('',(0.707106781187,0.707106781187,0.));
#2330 = PCURVE('',#2136,#2331);
#2331 = DEFINITIONAL_REPRESENTATION('',(#2332),#2342);
#2332 = B_SPLINE_CURVE_WITH_KNOTS('',8,(#2333,#2334,#2335,#2336,#2337,
    #2338,#2339,#2340,#2341),.UNSPECIFIED.,.F.,.F.,(9,9),(1.570796326795
    ,4.712388980385),.PIECEWISE_BEZIER_KNOTS.);
#2333 = CARTESIAN_POINT('',(0.,1.793574928339));
#2334 = CARTESIAN_POINT('',(0.392699081699,1.646384684247));
#2335 = CARTESIAN_POINT('',(0.785398163396,1.49919326653));
#2336 = CARTESIAN_POINT('',(1.178097245096,1.386602761855));
#2337 = CARTESIAN_POINT('',(1.570796326791,1.343120548313));
#2338 = CARTESIAN_POINT('',(1.963495408493,1.386602761854));
#2339 = CARTESIAN_POINT('',(2.356194490191,1.49919326653));
#2340 = CARTESIAN_POINT('',(2.748893571891,1.646384684247));
#2341 = CARTESIAN_POINT('',(3.14159265359,1.793574928339));
#2342 = ( GEOMETRIC_REPRESENTATION_CONTEXT(2) 
PARAMETRIC_REPRESENTATION_CONTEXT() REPRESENTATION_CONTEXT('2D SPACE',''
  ) );
#2343 = PCURVE('',#2272,#2344);
#2344 = DEFINITIONAL_REPRESENTATION('',(#2345),#2355);
#2345 = B_SPLINE_CURVE_WITH_KNOTS('',8,(#2346,#2347,#2348,#2349,#2350,
    #2351,#2352,#2353,#2354),.UNSPECIFIED.,.F.,.F.,(9,9),(1.570796326795
    ,4.712388980385),.PIECEWISE_BEZIER_KNOTS.);
#2346 = CARTESIAN_POINT('',(0.,0.));
#2347 = CARTESIAN_POINT('',(0.392699081699,0.147190244091));
#2348 = CARTESIAN_POINT('',(0.785398163397,0.294381661806));
#2349 = CARTESIAN_POINT('',(1.178097245093,0.406972166487));
#2350 = CARTESIAN_POINT('',(1.570796326793,0.450454380015));
#2351 = CARTESIAN_POINT('',(1.963495408491,0.406972166487));
#2352 = CARTESIAN_POINT('',(2.356194490192,0.294381661806));
#2353 = CARTESIAN_POINT('',(2.748893571891,0.147190244091));
#2354 = CARTESIAN_POINT('',(3.14159265359,0.));
#2355 = ( GEOMETRIC_REPRESENTATION_CONTEXT(2) 
PARAMETRIC_REPRESENTATION_CONTEXT() REPRESENTATION_CONTEXT('2D SPACE',''
  ) );
#2356 = ORIENTED_EDGE('',*,*,#2228,.F.);
#2357 = ORIENTED_EDGE('',*,*,#2187,.T.);
#2358 = ORIENTED_EDGE('',*,*,#2153,.T.);
#2359 = ORIENTED_EDGE('',*,*,#2114,.T.);
#2360 = ADVANCED_FACE('',(#2361),#2272,.T.);
#2361 = FACE_BOUND('',#2362,.T.);
#2362 = EDGE_LOOP('',(#2363,#2385,#2424,#2458,#2492,#2493,#2494,#2495));
#2363 = ORIENTED_EDGE('',*,*,#2364,.T.);
#2364 = EDGE_CURVE('',#2229,#2365,#2367,.T.);
#2365 = VERTEX_POINT('',#2366);
#2366 = CARTESIAN_POINT('',(48.617064245706,173.0883854337,4.7625));
#2367 = SEAM_CURVE('',#2368,(#2372,#2378),.PCURVE_S1.);
#2368 = LINE('',#2369,#2370);
#2369 = CARTESIAN_POINT('',(47.452230508962,174.45223050896,4.7625));
#2370 = VECTOR('',#2371,1.);
#2371 = DIRECTION('',(0.64944804833,-0.7604059656,0.));
#2372 = PCURVE('',#2272,#2373);
#2373 = DEFINITIONAL_REPRESENTATION('',(#2374),#2377);
#2374 = B_SPLINE_CURVE_WITH_KNOTS('',1,(#2375,#2376),.UNSPECIFIED.,.F.,
  .F.,(2,2),(-2.070830847315,3.864405775653),.PIECEWISE_BEZIER_KNOTS.);
#2375 = CARTESIAN_POINT('',(6.28318530718,-2.070830847315));
#2376 = CARTESIAN_POINT('',(6.28318530718,3.864405775653));
#2377 = ( GEOMETRIC_REPRESENTATION_CONTEXT(2) 
PARAMETRIC_REPRESENTATION_CONTEXT() REPRESENTATION_CONTEXT('2D SPACE',''
  ) );
#2378 = PCURVE('',#2272,#2379);
#2379 = DEFINITIONAL_REPRESENTATION('',(#2380),#2384);
#2380 = LINE('',#2381,#2382);
#2381 = CARTESIAN_POINT('',(0.,0.));
#2382 = VECTOR('',#2383,1.);
#2383 = DIRECTION('',(0.,1.));
#2384 = ( GEOMETRIC_REPRESENTATION_CONTEXT(2) 
PARAMETRIC_REPRESENTATION_CONTEXT() REPRESENTATION_CONTEXT('2D SPACE',''
  ) );
#2385 = ORIENTED_EDGE('',*,*,#2386,.F.);
#2386 = EDGE_CURVE('',#2387,#2365,#2389,.T.);
#2387 = VERTEX_POINT('',#2388);
#2388 = CARTESIAN_POINT('',(52.481921747263,175.89636877326,
    -5.832380380939E-16));
#2389 = SURFACE_CURVE('',#2390,(#2395,#2407),.PCURVE_S1.);
#2390 = ELLIPSE('',#2391,4.777226595274,4.7625);
#2391 = AXIS2_PLACEMENT_3D('',#2392,#2393,#2394);
#2392 = CARTESIAN_POINT('',(48.617064245706,173.0883854337,0.));
#2393 = DIRECTION('',(0.587785252292,-0.809016994375,0.));
#2394 = DIRECTION('',(0.809016994375,0.587785252292,0.));
#2395 = PCURVE('',#2272,#2396);
#2396 = DEFINITIONAL_REPRESENTATION('',(#2397),#2406);
#2397 = B_SPLINE_CURVE_WITH_KNOTS('',7,(#2398,#2399,#2400,#2401,#2402,
    #2403,#2404,#2405),.UNSPECIFIED.,.F.,.F.,(8,8),(0.,1.570796326795),
  .PIECEWISE_BEZIER_KNOTS.);
#2398 = CARTESIAN_POINT('',(4.712388980385,2.168391807091));
#2399 = CARTESIAN_POINT('',(4.936788455641,2.168391807091));
#2400 = CARTESIAN_POINT('',(5.161187930898,2.146371812992));
#2401 = CARTESIAN_POINT('',(5.385587406154,2.102335019155));
#2402 = CARTESIAN_POINT('',(5.60998688141,2.038985089949));
#2403 = CARTESIAN_POINT('',(5.834386356667,1.961792008626));
#2404 = CARTESIAN_POINT('',(6.058785831923,1.877683639248));
#2405 = CARTESIAN_POINT('',(6.28318530718,1.793574928339));
#2406 = ( GEOMETRIC_REPRESENTATION_CONTEXT(2) 
PARAMETRIC_REPRESENTATION_CONTEXT() REPRESENTATION_CONTEXT('2D SPACE',''
  ) );
#2407 = PCURVE('',#2408,#2413);
#2408 = CYLINDRICAL_SURFACE('',#2409,4.7625);
#2409 = AXIS2_PLACEMENT_3D('',#2410,#2411,#2412);
#2410 = CARTESIAN_POINT('',(48.617064245706,173.0883854337,0.));
#2411 = DIRECTION('',(0.522498564716,-0.852640164354,0.));
#2412 = DIRECTION('',(-9.466207421861E-17,-5.800899368812E-17,1.));
#2413 = DEFINITIONAL_REPRESENTATION('',(#2414),#2423);
#2414 = B_SPLINE_CURVE_WITH_KNOTS('',7,(#2415,#2416,#2417,#2418,#2419,
    #2420,#2421,#2422),.UNSPECIFIED.,.F.,.F.,(8,8),(0.,1.570796326795),
  .PIECEWISE_BEZIER_KNOTS.);
#2415 = CARTESIAN_POINT('',(4.712388980385,-0.374816878752));
#2416 = CARTESIAN_POINT('',(4.936788455641,-0.374816878752));
#2417 = CARTESIAN_POINT('',(5.161187930898,-0.352796884654));
#2418 = CARTESIAN_POINT('',(5.385587406154,-0.308760090816));
#2419 = CARTESIAN_POINT('',(5.609986881411,-0.24541016161));
#2420 = CARTESIAN_POINT('',(5.834386356667,-0.168217080288));
#2421 = CARTESIAN_POINT('',(6.058785831923,-8.410871090925E-02));
#2422 = CARTESIAN_POINT('',(6.28318530718,0.));
#2423 = ( GEOMETRIC_REPRESENTATION_CONTEXT(2) 
PARAMETRIC_REPRESENTATION_CONTEXT() REPRESENTATION_CONTEXT('2D SPACE',''
  ) );
#2424 = ORIENTED_EDGE('',*,*,#2425,.F.);
#2425 = EDGE_CURVE('',#2426,#2387,#2428,.T.);
#2426 = VERTEX_POINT('',#2427);
#2427 = CARTESIAN_POINT('',(48.617064245706,173.0883854337,-4.7625));
#2428 = SURFACE_CURVE('',#2429,(#2434,#2446),.PCURVE_S1.);
#2429 = ELLIPSE('',#2430,4.777226595274,4.7625);
#2430 = AXIS2_PLACEMENT_3D('',#2431,#2432,#2433);
#2431 = CARTESIAN_POINT('',(48.617064245706,173.0883854337,0.));
#2432 = DIRECTION('',(0.587785252292,-0.809016994375,0.));
#2433 = DIRECTION('',(0.809016994375,0.587785252292,0.));
#2434 = PCURVE('',#2272,#2435);
#2435 = DEFINITIONAL_REPRESENTATION('',(#2436),#2445);
#2436 = B_SPLINE_CURVE_WITH_KNOTS('',7,(#2437,#2438,#2439,#2440,#2441,
    #2442,#2443,#2444),.UNSPECIFIED.,.F.,.F.,(8,8),(4.712388980385,
    6.28318530718),.PIECEWISE_BEZIER_KNOTS.);
#2437 = CARTESIAN_POINT('',(3.14159265359,1.793574928339));
#2438 = CARTESIAN_POINT('',(3.365992128846,1.877683639248));
#2439 = CARTESIAN_POINT('',(3.590391604103,1.961792008626));
#2440 = CARTESIAN_POINT('',(3.81479107936,2.038985089949));
#2441 = CARTESIAN_POINT('',(4.039190554616,2.102335019155));
#2442 = CARTESIAN_POINT('',(4.263590029872,2.146371812992));
#2443 = CARTESIAN_POINT('',(4.487989505128,2.168391807091));
#2444 = CARTESIAN_POINT('',(4.712388980385,2.168391807091));
#2445 = ( GEOMETRIC_REPRESENTATION_CONTEXT(2) 
PARAMETRIC_REPRESENTATION_CONTEXT() REPRESENTATION_CONTEXT('2D SPACE',''
  ) );
#2446 = PCURVE('',#2408,#2447);
#2447 = DEFINITIONAL_REPRESENTATION('',(#2448),#2457);
#2448 = B_SPLINE_CURVE_WITH_KNOTS('',7,(#2449,#2450,#2451,#2452,#2453,
    #2454,#2455,#2456),.UNSPECIFIED.,.F.,.F.,(8,8),(4.712388980385,
    6.28318530718),.PIECEWISE_BEZIER_KNOTS.);
#2449 = CARTESIAN_POINT('',(3.14159265359,0.));
#2450 = CARTESIAN_POINT('',(3.365992128846,-8.410871090925E-02));
#2451 = CARTESIAN_POINT('',(3.590391604102,-0.168217080288));
#2452 = CARTESIAN_POINT('',(3.81479107936,-0.24541016161));
#2453 = CARTESIAN_POINT('',(4.039190554614,-0.308760090817));
#2454 = CARTESIAN_POINT('',(4.263590029872,-0.352796884654));
#2455 = CARTESIAN_POINT('',(4.487989505128,-0.374816878752));
#2456 = CARTESIAN_POINT('',(4.712388980385,-0.374816878752));
#2457 = ( GEOMETRIC_REPRESENTATION_CONTEXT(2) 
PARAMETRIC_REPRESENTATION_CONTEXT() REPRESENTATION_CONTEXT('2D SPACE',''
  ) );
#2458 = ORIENTED_EDGE('',*,*,#2459,.F.);
#2459 = EDGE_CURVE('',#2365,#2426,#2460,.T.);
#2460 = SURFACE_CURVE('',#2461,(#2466,#2479),.PCURVE_S1.);
#2461 = ELLIPSE('',#2462,4.777226595274,4.7625);
#2462 = AXIS2_PLACEMENT_3D('',#2463,#2464,#2465);
#2463 = CARTESIAN_POINT('',(48.617064245706,173.0883854337,0.));
#2464 = DIRECTION('',(0.587785252292,-0.809016994375,0.));
#2465 = DIRECTION('',(0.809016994375,0.587785252292,0.));
#2466 = PCURVE('',#2272,#2467);
#2467 = DEFINITIONAL_REPRESENTATION('',(#2468),#2478);
#2468 = B_SPLINE_CURVE_WITH_KNOTS('',8,(#2469,#2470,#2471,#2472,#2473,
    #2474,#2475,#2476,#2477),.UNSPECIFIED.,.F.,.F.,(9,9),(1.570796326795
    ,4.712388980385),.PIECEWISE_BEZIER_KNOTS.);
#2469 = CARTESIAN_POINT('',(0.,1.793574928339));
#2470 = CARTESIAN_POINT('',(0.392699081699,1.646384684247));
#2471 = CARTESIAN_POINT('',(0.785398163398,1.499193266533));
#2472 = CARTESIAN_POINT('',(1.178097245092,1.386602761843));
#2473 = CARTESIAN_POINT('',(1.570796326792,1.343120548329));
#2474 = CARTESIAN_POINT('',(1.963495408491,1.386602761842));
#2475 = CARTESIAN_POINT('',(2.356194490192,1.499193266533));
#2476 = CARTESIAN_POINT('',(2.748893571891,1.646384684247));
#2477 = CARTESIAN_POINT('',(3.14159265359,1.793574928339));
#2478 = ( GEOMETRIC_REPRESENTATION_CONTEXT(2) 
PARAMETRIC_REPRESENTATION_CONTEXT() REPRESENTATION_CONTEXT('2D SPACE',''
  ) );
#2479 = PCURVE('',#2408,#2480);
#2480 = DEFINITIONAL_REPRESENTATION('',(#2481),#2491);
#2481 = B_SPLINE_CURVE_WITH_KNOTS('',8,(#2482,#2483,#2484,#2485,#2486,
    #2487,#2488,#2489,#2490),.UNSPECIFIED.,.F.,.F.,(9,9),(1.570796326795
    ,4.712388980385),.PIECEWISE_BEZIER_KNOTS.);
#2482 = CARTESIAN_POINT('',(0.,0.));
#2483 = CARTESIAN_POINT('',(0.392699081699,0.147190244091));
#2484 = CARTESIAN_POINT('',(0.785398163397,0.294381661806));
#2485 = CARTESIAN_POINT('',(1.178097245094,0.406972166488));
#2486 = CARTESIAN_POINT('',(1.570796326793,0.450454380014));
#2487 = CARTESIAN_POINT('',(1.963495408494,0.406972166487));
#2488 = CARTESIAN_POINT('',(2.356194490192,0.294381661806));
#2489 = CARTESIAN_POINT('',(2.748893571891,0.147190244091));
#2490 = CARTESIAN_POINT('',(3.14159265359,0.));
#2491 = ( GEOMETRIC_REPRESENTATION_CONTEXT(2) 
PARAMETRIC_REPRESENTATION_CONTEXT() REPRESENTATION_CONTEXT('2D SPACE',''
  ) );
#2492 = ORIENTED_EDGE('',*,*,#2364,.F.);
#2493 = ORIENTED_EDGE('',*,*,#2323,.T.);
#2494 = ORIENTED_EDGE('',*,*,#2289,.T.);
#2495 = ORIENTED_EDGE('',*,*,#2250,.T.);
#2496 = ADVANCED_FACE('',(#2497),#2408,.T.);
#2497 = FACE_BOUND('',#2498,.T.);
#2498 = EDGE_LOOP('',(#2499,#2521,#2560,#2594,#2628,#2629,#2630,#2631));
#2499 = ORIENTED_EDGE('',*,*,#2500,.T.);
#2500 = EDGE_CURVE('',#2365,#2501,#2503,.T.);
#2501 = VERTEX_POINT('',#2502);
#2502 = CARTESIAN_POINT('',(49.554204571473,171.55911141202,4.7625));
#2503 = SEAM_CURVE('',#2504,(#2508,#2514),.PCURVE_S1.);
#2504 = LINE('',#2505,#2506);
#2505 = CARTESIAN_POINT('',(48.617064245706,173.0883854337,4.7625));
#2506 = VECTOR('',#2507,1.);
#2507 = DIRECTION('',(0.522498564716,-0.852640164354,0.));
#2508 = PCURVE('',#2408,#2509);
#2509 = DEFINITIONAL_REPRESENTATION('',(#2510),#2513);
#2510 = B_SPLINE_CURVE_WITH_KNOTS('',1,(#2511,#2512),.UNSPECIFIED.,.F.,
  .F.,(2,2),(-2.070830847315,3.864405775653),.PIECEWISE_BEZIER_KNOTS.);
#2511 = CARTESIAN_POINT('',(6.28318530718,-2.070830847315));
#2512 = CARTESIAN_POINT('',(6.28318530718,3.864405775653));
#2513 = ( GEOMETRIC_REPRESENTATION_CONTEXT(2) 
PARAMETRIC_REPRESENTATION_CONTEXT() REPRESENTATION_CONTEXT('2D SPACE',''
  ) );
#2514 = PCURVE('',#2408,#2515);
#2515 = DEFINITIONAL_REPRESENTATION('',(#2516),#2520);
#2516 = LINE('',#2517,#2518);
#2517 = CARTESIAN_POINT('',(0.,0.));
#2518 = VECTOR('',#2519,1.);
#2519 = DIRECTION('',(0.,1.));
#2520 = ( GEOMETRIC_REPRESENTATION_CONTEXT(2) 
PARAMETRIC_REPRESENTATION_CONTEXT() REPRESENTATION_CONTEXT('2D SPACE',''
  ) );
#2521 = ORIENTED_EDGE('',*,*,#2522,.F.);
#2522 = EDGE_CURVE('',#2523,#2501,#2525,.T.);
#2523 = VERTEX_POINT('',#2524);
#2524 = CARTESIAN_POINT('',(53.810744635389,173.72792690138,
    -5.832380380939E-16));
#2525 = SURFACE_CURVE('',#2526,(#2531,#2543),.PCURVE_S1.);
#2526 = ELLIPSE('',#2527,4.777226595274,4.7625);
#2527 = AXIS2_PLACEMENT_3D('',#2528,#2529,#2530);
#2528 = CARTESIAN_POINT('',(49.554204571473,171.55911141202,0.));
#2529 = DIRECTION('',(0.45399049974,-0.891006524188,0.));
#2530 = DIRECTION('',(0.891006524188,0.45399049974,0.));
#2531 = PCURVE('',#2408,#2532);
#2532 = DEFINITIONAL_REPRESENTATION('',(#2533),#2542);
#2533 = B_SPLINE_CURVE_WITH_KNOTS('',7,(#2534,#2535,#2536,#2537,#2538,
    #2539,#2540,#2541),.UNSPECIFIED.,.F.,.F.,(8,8),(0.,1.570796326795),
  .PIECEWISE_BEZIER_KNOTS.);
#2534 = CARTESIAN_POINT('',(4.712388980385,2.168391807091));
#2535 = CARTESIAN_POINT('',(4.936788455641,2.168391807091));
#2536 = CARTESIAN_POINT('',(5.161187930898,2.146371812993));
#2537 = CARTESIAN_POINT('',(5.385587406153,2.102335019154));
#2538 = CARTESIAN_POINT('',(5.609986881412,2.03898508995));
#2539 = CARTESIAN_POINT('',(5.834386356667,1.961792008626));
#2540 = CARTESIAN_POINT('',(6.058785831923,1.877683639248));
#2541 = CARTESIAN_POINT('',(6.28318530718,1.793574928338));
#2542 = ( GEOMETRIC_REPRESENTATION_CONTEXT(2) 
PARAMETRIC_REPRESENTATION_CONTEXT() REPRESENTATION_CONTEXT('2D SPACE',''
  ) );
#2543 = PCURVE('',#2544,#2549);
#2544 = CYLINDRICAL_SURFACE('',#2545,4.7625);
#2545 = AXIS2_PLACEMENT_3D('',#2546,#2547,#2548);
#2546 = CARTESIAN_POINT('',(49.554204571473,171.55911141202,0.));
#2547 = DIRECTION('',(0.382683432365,-0.923879532511,0.));
#2548 = DIRECTION('',(-1.025712328974E-16,-4.248639577543E-17,1.));
#2549 = DEFINITIONAL_REPRESENTATION('',(#2550),#2559);
#2550 = B_SPLINE_CURVE_WITH_KNOTS('',7,(#2551,#2552,#2553,#2554,#2555,
    #2556,#2557,#2558),.UNSPECIFIED.,.F.,.F.,(8,8),(0.,1.570796326795),
  .PIECEWISE_BEZIER_KNOTS.);
#2551 = CARTESIAN_POINT('',(4.712388980385,-0.374816878752));
#2552 = CARTESIAN_POINT('',(4.936788455641,-0.374816878752));
#2553 = CARTESIAN_POINT('',(5.161187930898,-0.352796884654));
#2554 = CARTESIAN_POINT('',(5.385587406154,-0.308760090817));
#2555 = CARTESIAN_POINT('',(5.609986881411,-0.24541016161));
#2556 = CARTESIAN_POINT('',(5.834386356667,-0.168217080288));
#2557 = CARTESIAN_POINT('',(6.058785831923,-8.410871090933E-02));
#2558 = CARTESIAN_POINT('',(6.28318530718,-8.526512829121E-14));
#2559 = ( GEOMETRIC_REPRESENTATION_CONTEXT(2) 
PARAMETRIC_REPRESENTATION_CONTEXT() REPRESENTATION_CONTEXT('2D SPACE',''
  ) );
#2560 = ORIENTED_EDGE('',*,*,#2561,.F.);
#2561 = EDGE_CURVE('',#2562,#2523,#2564,.T.);
#2562 = VERTEX_POINT('',#2563);
#2563 = CARTESIAN_POINT('',(49.554204571473,171.55911141202,-4.7625));
#2564 = SURFACE_CURVE('',#2565,(#2570,#2582),.PCURVE_S1.);
#2565 = ELLIPSE('',#2566,4.777226595274,4.7625);
#2566 = AXIS2_PLACEMENT_3D('',#2567,#2568,#2569);
#2567 = CARTESIAN_POINT('',(49.554204571473,171.55911141202,0.));
#2568 = DIRECTION('',(0.45399049974,-0.891006524188,0.));
#2569 = DIRECTION('',(0.891006524188,0.45399049974,0.));
#2570 = PCURVE('',#2408,#2571);
#2571 = DEFINITIONAL_REPRESENTATION('',(#2572),#2581);
#2572 = B_SPLINE_CURVE_WITH_KNOTS('',7,(#2573,#2574,#2575,#2576,#2577,
    #2578,#2579,#2580),.UNSPECIFIED.,.F.,.F.,(8,8),(4.712388980385,
    6.28318530718),.PIECEWISE_BEZIER_KNOTS.);
#2573 = CARTESIAN_POINT('',(3.14159265359,1.793574928338));
#2574 = CARTESIAN_POINT('',(3.365992128846,1.877683639248));
#2575 = CARTESIAN_POINT('',(3.590391604103,1.961792008626));
#2576 = CARTESIAN_POINT('',(3.814791079358,2.038985089949));
#2577 = CARTESIAN_POINT('',(4.039190554617,2.102335019154));
#2578 = CARTESIAN_POINT('',(4.263590029871,2.146371812993));
#2579 = CARTESIAN_POINT('',(4.487989505128,2.168391807091));
#2580 = CARTESIAN_POINT('',(4.712388980385,2.168391807091));
#2581 = ( GEOMETRIC_REPRESENTATION_CONTEXT(2) 
PARAMETRIC_REPRESENTATION_CONTEXT() REPRESENTATION_CONTEXT('2D SPACE',''
  ) );
#2582 = PCURVE('',#2544,#2583);
#2583 = DEFINITIONAL_REPRESENTATION('',(#2584),#2593);
#2584 = B_SPLINE_CURVE_WITH_KNOTS('',7,(#2585,#2586,#2587,#2588,#2589,
    #2590,#2591,#2592),.UNSPECIFIED.,.F.,.F.,(8,8),(4.712388980385,
    6.28318530718),.PIECEWISE_BEZIER_KNOTS.);
#2585 = CARTESIAN_POINT('',(3.14159265359,-8.526512829121E-14));
#2586 = CARTESIAN_POINT('',(3.365992128846,-8.410871090933E-02));
#2587 = CARTESIAN_POINT('',(3.590391604102,-0.168217080287));
#2588 = CARTESIAN_POINT('',(3.81479107936,-0.24541016161));
#2589 = CARTESIAN_POINT('',(4.039190554614,-0.308760090817));
#2590 = CARTESIAN_POINT('',(4.263590029872,-0.352796884654));
#2591 = CARTESIAN_POINT('',(4.487989505128,-0.374816878752));
#2592 = CARTESIAN_POINT('',(4.712388980385,-0.374816878752));
#2593 = ( GEOMETRIC_REPRESENTATION_CONTEXT(2) 
PARAMETRIC_REPRESENTATION_CONTEXT() REPRESENTATION_CONTEXT('2D SPACE',''
  ) );
#2594 = ORIENTED_EDGE('',*,*,#2595,.F.);
#2595 = EDGE_CURVE('',#2501,#2562,#2596,.T.);
#2596 = SURFACE_CURVE('',#2597,(#2602,#2615),.PCURVE_S1.);
#2597 = ELLIPSE('',#2598,4.777226595274,4.7625);
#2598 = AXIS2_PLACEMENT_3D('',#2599,#2600,#2601);
#2599 = CARTESIAN_POINT('',(49.554204571473,171.55911141202,0.));
#2600 = DIRECTION('',(0.45399049974,-0.891006524188,0.));
#2601 = DIRECTION('',(0.891006524188,0.45399049974,0.));
#2602 = PCURVE('',#2408,#2603);
#2603 = DEFINITIONAL_REPRESENTATION('',(#2604),#2614);
#2604 = B_SPLINE_CURVE_WITH_KNOTS('',8,(#2605,#2606,#2607,#2608,#2609,
    #2610,#2611,#2612,#2613),.UNSPECIFIED.,.F.,.F.,(9,9),(1.570796326795
    ,4.712388980385),.PIECEWISE_BEZIER_KNOTS.);
#2605 = CARTESIAN_POINT('',(-6.217248937901E-15,1.793574928338));
#2606 = CARTESIAN_POINT('',(0.392699081699,1.646384684247));
#2607 = CARTESIAN_POINT('',(0.785398163397,1.499193266532));
#2608 = CARTESIAN_POINT('',(1.178097245092,1.38660276185));
#2609 = CARTESIAN_POINT('',(1.570796326794,1.343120548322));
#2610 = CARTESIAN_POINT('',(1.96349540849,1.386602761849));
#2611 = CARTESIAN_POINT('',(2.356194490192,1.499193266532));
#2612 = CARTESIAN_POINT('',(2.748893571891,1.646384684247));
#2613 = CARTESIAN_POINT('',(3.14159265359,1.793574928338));
#2614 = ( GEOMETRIC_REPRESENTATION_CONTEXT(2) 
PARAMETRIC_REPRESENTATION_CONTEXT() REPRESENTATION_CONTEXT('2D SPACE',''
  ) );
#2615 = PCURVE('',#2544,#2616);
#2616 = DEFINITIONAL_REPRESENTATION('',(#2617),#2627);
#2617 = B_SPLINE_CURVE_WITH_KNOTS('',8,(#2618,#2619,#2620,#2621,#2622,
    #2623,#2624,#2625,#2626),.UNSPECIFIED.,.F.,.F.,(9,9),(1.570796326795
    ,4.712388980385),.PIECEWISE_BEZIER_KNOTS.);
#2618 = CARTESIAN_POINT('',(0.,-8.526512829121E-14));
#2619 = CARTESIAN_POINT('',(0.392699081699,0.147190244091));
#2620 = CARTESIAN_POINT('',(0.785398163398,0.294381661806));
#2621 = CARTESIAN_POINT('',(1.178097245089,0.406972166487));
#2622 = CARTESIAN_POINT('',(1.570796326798,0.450454380015));
#2623 = CARTESIAN_POINT('',(1.963495408489,0.406972166487));
#2624 = CARTESIAN_POINT('',(2.356194490193,0.294381661806));
#2625 = CARTESIAN_POINT('',(2.748893571891,0.147190244091));
#2626 = CARTESIAN_POINT('',(3.14159265359,-8.526512829121E-14));
#2627 = ( GEOMETRIC_REPRESENTATION_CONTEXT(2) 
PARAMETRIC_REPRESENTATION_CONTEXT() REPRESENTATION_CONTEXT('2D SPACE',''
  ) );
#2628 = ORIENTED_EDGE('',*,*,#2500,.F.);
#2629 = ORIENTED_EDGE('',*,*,#2459,.T.);
#2630 = ORIENTED_EDGE('',*,*,#2425,.T.);
#2631 = ORIENTED_EDGE('',*,*,#2386,.T.);
#2632 = ADVANCED_FACE('',(#2633),#2544,.T.);
#2633 = FACE_BOUND('',#2634,.T.);
#2634 = EDGE_LOOP('',(#2635,#2657,#2696,#2730,#2764,#2765,#2766,#2767));
#2635 = ORIENTED_EDGE('',*,*,#2636,.T.);
#2636 = EDGE_CURVE('',#2501,#2637,#2639,.T.);
#2637 = VERTEX_POINT('',#2638);
#2638 = CARTESIAN_POINT('',(50.240575981254,169.9020642457,4.7625));
#2639 = SEAM_CURVE('',#2640,(#2644,#2650),.PCURVE_S1.);
#2640 = LINE('',#2641,#2642);
#2641 = CARTESIAN_POINT('',(49.554204571473,171.55911141202,4.7625));
#2642 = VECTOR('',#2643,1.);
#2643 = DIRECTION('',(0.382683432365,-0.923879532511,0.));
#2644 = PCURVE('',#2544,#2645);
#2645 = DEFINITIONAL_REPRESENTATION('',(#2646),#2649);
#2646 = B_SPLINE_CURVE_WITH_KNOTS('',1,(#2647,#2648),.UNSPECIFIED.,.F.,
  .F.,(2,2),(-2.070830847315,3.864405775653),.PIECEWISE_BEZIER_KNOTS.);
#2647 = CARTESIAN_POINT('',(6.28318530718,-2.070830847315));
#2648 = CARTESIAN_POINT('',(6.28318530718,3.864405775653));
#2649 = ( GEOMETRIC_REPRESENTATION_CONTEXT(2) 
PARAMETRIC_REPRESENTATION_CONTEXT() REPRESENTATION_CONTEXT('2D SPACE',''
  ) );
#2650 = PCURVE('',#2544,#2651);
#2651 = DEFINITIONAL_REPRESENTATION('',(#2652),#2656);
#2652 = LINE('',#2653,#2654);
#2653 = CARTESIAN_POINT('',(0.,0.));
#2654 = VECTOR('',#2655,1.);
#2655 = DIRECTION('',(0.,1.));
#2656 = ( GEOMETRIC_REPRESENTATION_CONTEXT(2) 
PARAMETRIC_REPRESENTATION_CONTEXT() REPRESENTATION_CONTEXT('2D SPACE',''
  ) );
#2657 = ORIENTED_EDGE('',*,*,#2658,.F.);
#2658 = EDGE_CURVE('',#2659,#2637,#2661,.T.);
#2659 = VERTEX_POINT('',#2660);
#2660 = CARTESIAN_POINT('',(54.783988464508,171.37830844962,
    -5.832380380939E-16));
#2661 = SURFACE_CURVE('',#2662,(#2667,#2679),.PCURVE_S1.);
#2662 = ELLIPSE('',#2663,4.777226595274,4.7625);
#2663 = AXIS2_PLACEMENT_3D('',#2664,#2665,#2666);
#2664 = CARTESIAN_POINT('',(50.240575981254,169.9020642457,0.));
#2665 = DIRECTION('',(0.309016994375,-0.951056516295,0.));
#2666 = DIRECTION('',(0.951056516295,0.309016994375,0.));
#2667 = PCURVE('',#2544,#2668);
#2668 = DEFINITIONAL_REPRESENTATION('',(#2669),#2678);
#2669 = B_SPLINE_CURVE_WITH_KNOTS('',7,(#2670,#2671,#2672,#2673,#2674,
    #2675,#2676,#2677),.UNSPECIFIED.,.F.,.F.,(8,8),(0.,1.570796326795),
  .PIECEWISE_BEZIER_KNOTS.);
#2670 = CARTESIAN_POINT('',(4.712388980385,2.168391807091));
#2671 = CARTESIAN_POINT('',(4.936788455641,2.168391807091));
#2672 = CARTESIAN_POINT('',(5.161187930898,2.146371812993));
#2673 = CARTESIAN_POINT('',(5.385587406154,2.102335019154));
#2674 = CARTESIAN_POINT('',(5.60998688141,2.038985089949));
#2675 = CARTESIAN_POINT('',(5.834386356667,1.961792008626));
#2676 = CARTESIAN_POINT('',(6.058785831923,1.877683639248));
#2677 = CARTESIAN_POINT('',(6.28318530718,1.793574928339));
#2678 = ( GEOMETRIC_REPRESENTATION_CONTEXT(2) 
PARAMETRIC_REPRESENTATION_CONTEXT() REPRESENTATION_CONTEXT('2D SPACE',''
  ) );
#2679 = PCURVE('',#2680,#2685);
#2680 = CYLINDRICAL_SURFACE('',#2681,4.7625);
#2681 = AXIS2_PLACEMENT_3D('',#2682,#2683,#2684);
#2682 = CARTESIAN_POINT('',(50.240575981254,169.9020642457,0.));
#2683 = DIRECTION('',(0.233445363856,-0.972369920398,0.));
#2684 = DIRECTION('',(-1.079547474078E-16,-2.591764179448E-17,1.));
#2685 = DEFINITIONAL_REPRESENTATION('',(#2686),#2695);
#2686 = B_SPLINE_CURVE_WITH_KNOTS('',7,(#2687,#2688,#2689,#2690,#2691,
    #2692,#2693,#2694),.UNSPECIFIED.,.F.,.F.,(8,8),(0.,1.570796326795),
  .PIECEWISE_BEZIER_KNOTS.);
#2687 = CARTESIAN_POINT('',(4.712388980385,-0.374816878752));
#2688 = CARTESIAN_POINT('',(4.936788455641,-0.374816878752));
#2689 = CARTESIAN_POINT('',(5.161187930898,-0.352796884654));
#2690 = CARTESIAN_POINT('',(5.385587406154,-0.308760090817));
#2691 = CARTESIAN_POINT('',(5.609986881411,-0.245410161609));
#2692 = CARTESIAN_POINT('',(5.834386356667,-0.168217080288));
#2693 = CARTESIAN_POINT('',(6.058785831923,-8.410871090928E-02));
#2694 = CARTESIAN_POINT('',(6.28318530718,-2.84217094304E-14));
#2695 = ( GEOMETRIC_REPRESENTATION_CONTEXT(2) 
PARAMETRIC_REPRESENTATION_CONTEXT() REPRESENTATION_CONTEXT('2D SPACE',''
  ) );
#2696 = ORIENTED_EDGE('',*,*,#2697,.F.);
#2697 = EDGE_CURVE('',#2698,#2659,#2700,.T.);
#2698 = VERTEX_POINT('',#2699);
#2699 = CARTESIAN_POINT('',(50.240575981254,169.9020642457,-4.7625));
#2700 = SURFACE_CURVE('',#2701,(#2706,#2718),.PCURVE_S1.);
#2701 = ELLIPSE('',#2702,4.777226595274,4.7625);
#2702 = AXIS2_PLACEMENT_3D('',#2703,#2704,#2705);
#2703 = CARTESIAN_POINT('',(50.240575981254,169.9020642457,0.));
#2704 = DIRECTION('',(0.309016994375,-0.951056516295,0.));
#2705 = DIRECTION('',(0.951056516295,0.309016994375,0.));
#2706 = PCURVE('',#2544,#2707);
#2707 = DEFINITIONAL_REPRESENTATION('',(#2708),#2717);
#2708 = B_SPLINE_CURVE_WITH_KNOTS('',7,(#2709,#2710,#2711,#2712,#2713,
    #2714,#2715,#2716),.UNSPECIFIED.,.F.,.F.,(8,8),(4.712388980385,
    6.28318530718),.PIECEWISE_BEZIER_KNOTS.);
#2709 = CARTESIAN_POINT('',(3.14159265359,1.793574928339));
#2710 = CARTESIAN_POINT('',(3.365992128846,1.877683639248));
#2711 = CARTESIAN_POINT('',(3.590391604103,1.961792008627));
#2712 = CARTESIAN_POINT('',(3.81479107936,2.038985089947));
#2713 = CARTESIAN_POINT('',(4.039190554616,2.102335019156));
#2714 = CARTESIAN_POINT('',(4.263590029872,2.146371812992));
#2715 = CARTESIAN_POINT('',(4.487989505128,2.168391807091));
#2716 = CARTESIAN_POINT('',(4.712388980385,2.168391807091));
#2717 = ( GEOMETRIC_REPRESENTATION_CONTEXT(2) 
PARAMETRIC_REPRESENTATION_CONTEXT() REPRESENTATION_CONTEXT('2D SPACE',''
  ) );
#2718 = PCURVE('',#2680,#2719);
#2719 = DEFINITIONAL_REPRESENTATION('',(#2720),#2729);
#2720 = B_SPLINE_CURVE_WITH_KNOTS('',7,(#2721,#2722,#2723,#2724,#2725,
    #2726,#2727,#2728),.UNSPECIFIED.,.F.,.F.,(8,8),(4.712388980385,
    6.28318530718),.PIECEWISE_BEZIER_KNOTS.);
#2721 = CARTESIAN_POINT('',(3.14159265359,-2.84217094304E-14));
#2722 = CARTESIAN_POINT('',(3.365992128846,-8.410871090928E-02));
#2723 = CARTESIAN_POINT('',(3.590391604103,-0.168217080288));
#2724 = CARTESIAN_POINT('',(3.81479107936,-0.245410161609));
#2725 = CARTESIAN_POINT('',(4.039190554616,-0.308760090817));
#2726 = CARTESIAN_POINT('',(4.263590029872,-0.352796884654));
#2727 = CARTESIAN_POINT('',(4.487989505128,-0.374816878752));
#2728 = CARTESIAN_POINT('',(4.712388980385,-0.374816878752));
#2729 = ( GEOMETRIC_REPRESENTATION_CONTEXT(2) 
PARAMETRIC_REPRESENTATION_CONTEXT() REPRESENTATION_CONTEXT('2D SPACE',''
  ) );
#2730 = ORIENTED_EDGE('',*,*,#2731,.F.);
#2731 = EDGE_CURVE('',#2637,#2698,#2732,.T.);
#2732 = SURFACE_CURVE('',#2733,(#2738,#2751),.PCURVE_S1.);
#2733 = ELLIPSE('',#2734,4.777226595274,4.7625);
#2734 = AXIS2_PLACEMENT_3D('',#2735,#2736,#2737);
#2735 = CARTESIAN_POINT('',(50.240575981254,169.9020642457,0.));
#2736 = DIRECTION('',(0.309016994375,-0.951056516295,0.));
#2737 = DIRECTION('',(0.951056516295,0.309016994375,0.));
#2738 = PCURVE('',#2544,#2739);
#2739 = DEFINITIONAL_REPRESENTATION('',(#2740),#2750);
#2740 = B_SPLINE_CURVE_WITH_KNOTS('',8,(#2741,#2742,#2743,#2744,#2745,
    #2746,#2747,#2748,#2749),.UNSPECIFIED.,.F.,.F.,(9,9),(1.570796326795
    ,4.712388980385),.PIECEWISE_BEZIER_KNOTS.);
#2741 = CARTESIAN_POINT('',(0.,1.793574928339));
#2742 = CARTESIAN_POINT('',(0.392699081699,1.646384684247));
#2743 = CARTESIAN_POINT('',(0.785398163396,1.499193266533));
#2744 = CARTESIAN_POINT('',(1.178097245094,1.386602761847));
#2745 = CARTESIAN_POINT('',(1.570796326792,1.343120548324));
#2746 = CARTESIAN_POINT('',(1.963495408494,1.386602761846));
#2747 = CARTESIAN_POINT('',(2.356194490191,1.499193266533));
#2748 = CARTESIAN_POINT('',(2.748893571891,1.646384684247));
#2749 = CARTESIAN_POINT('',(3.14159265359,1.793574928339));
#2750 = ( GEOMETRIC_REPRESENTATION_CONTEXT(2) 
PARAMETRIC_REPRESENTATION_CONTEXT() REPRESENTATION_CONTEXT('2D SPACE',''
  ) );
#2751 = PCURVE('',#2680,#2752);
#2752 = DEFINITIONAL_REPRESENTATION('',(#2753),#2763);
#2753 = B_SPLINE_CURVE_WITH_KNOTS('',8,(#2754,#2755,#2756,#2757,#2758,
    #2759,#2760,#2761,#2762),.UNSPECIFIED.,.F.,.F.,(9,9),(1.570796326795
    ,4.712388980385),.PIECEWISE_BEZIER_KNOTS.);
#2754 = CARTESIAN_POINT('',(0.,-2.84217094304E-14));
#2755 = CARTESIAN_POINT('',(0.392699081699,0.147190244091));
#2756 = CARTESIAN_POINT('',(0.785398163398,0.294381661806));
#2757 = CARTESIAN_POINT('',(1.178097245091,0.406972166488));
#2758 = CARTESIAN_POINT('',(1.570796326798,0.450454380014));
#2759 = CARTESIAN_POINT('',(1.963495408491,0.406972166488));
#2760 = CARTESIAN_POINT('',(2.356194490193,0.294381661806));
#2761 = CARTESIAN_POINT('',(2.748893571891,0.147190244091));
#2762 = CARTESIAN_POINT('',(3.14159265359,-2.84217094304E-14));
#2763 = ( GEOMETRIC_REPRESENTATION_CONTEXT(2) 
PARAMETRIC_REPRESENTATION_CONTEXT() REPRESENTATION_CONTEXT('2D SPACE',''
  ) );
#2764 = ORIENTED_EDGE('',*,*,#2636,.F.);
#2765 = ORIENTED_EDGE('',*,*,#2595,.T.);
#2766 = ORIENTED_EDGE('',*,*,#2561,.T.);
#2767 = ORIENTED_EDGE('',*,*,#2522,.T.);
#2768 = ADVANCED_FACE('',(#2769),#2680,.T.);
#2769 = FACE_BOUND('',#2770,.T.);
#2770 = EDGE_LOOP('',(#2771,#2793,#2832,#2866,#2900,#2901,#2902,#2903));
#2771 = ORIENTED_EDGE('',*,*,#2772,.T.);
#2772 = EDGE_CURVE('',#2637,#2773,#2775,.T.);
#2773 = VERTEX_POINT('',#2774);
#2774 = CARTESIAN_POINT('',(50.659277733002,168.15804593541,4.7625));
#2775 = SEAM_CURVE('',#2776,(#2780,#2786),.PCURVE_S1.);
#2776 = LINE('',#2777,#2778);
#2777 = CARTESIAN_POINT('',(50.240575981254,169.9020642457,4.7625));
#2778 = VECTOR('',#2779,1.);
#2779 = DIRECTION('',(0.233445363856,-0.972369920398,0.));
#2780 = PCURVE('',#2680,#2781);
#2781 = DEFINITIONAL_REPRESENTATION('',(#2782),#2785);
#2782 = B_SPLINE_CURVE_WITH_KNOTS('',1,(#2783,#2784),.UNSPECIFIED.,.F.,
  .F.,(2,2),(-2.070830847315,3.864405775653),.PIECEWISE_BEZIER_KNOTS.);
#2783 = CARTESIAN_POINT('',(6.28318530718,-2.070830847315));
#2784 = CARTESIAN_POINT('',(6.28318530718,3.864405775653));
#2785 = ( GEOMETRIC_REPRESENTATION_CONTEXT(2) 
PARAMETRIC_REPRESENTATION_CONTEXT() REPRESENTATION_CONTEXT('2D SPACE',''
  ) );
#2786 = PCURVE('',#2680,#2787);
#2787 = DEFINITIONAL_REPRESENTATION('',(#2788),#2792);
#2788 = LINE('',#2789,#2790);
#2789 = CARTESIAN_POINT('',(0.,0.));
#2790 = VECTOR('',#2791,1.);
#2791 = DIRECTION('',(0.,1.));
#2792 = ( GEOMETRIC_REPRESENTATION_CONTEXT(2) 
PARAMETRIC_REPRESENTATION_CONTEXT() REPRESENTATION_CONTEXT('2D SPACE',''
  ) );
#2793 = ORIENTED_EDGE('',*,*,#2794,.F.);
#2794 = EDGE_CURVE('',#2795,#2773,#2797,.T.);
#2795 = VERTEX_POINT('',#2796);
#2796 = CARTESIAN_POINT('',(55.377688741536,168.90536882221,
    -5.832380380939E-16));
#2797 = SURFACE_CURVE('',#2798,(#2803,#2815),.PCURVE_S1.);
#2798 = ELLIPSE('',#2799,4.777226595274,4.7625);
#2799 = AXIS2_PLACEMENT_3D('',#2800,#2801,#2802);
#2800 = CARTESIAN_POINT('',(50.659277733002,168.15804593541,0.));
#2801 = DIRECTION('',(0.15643446504,-0.987688340595,0.));
#2802 = DIRECTION('',(0.987688340595,0.15643446504,0.));
#2803 = PCURVE('',#2680,#2804);
#2804 = DEFINITIONAL_REPRESENTATION('',(#2805),#2814);
#2805 = B_SPLINE_CURVE_WITH_KNOTS('',7,(#2806,#2807,#2808,#2809,#2810,
    #2811,#2812,#2813),.UNSPECIFIED.,.F.,.F.,(8,8),(0.,1.570796326795),
  .PIECEWISE_BEZIER_KNOTS.);
#2806 = CARTESIAN_POINT('',(4.712388980385,2.168391807091));
#2807 = CARTESIAN_POINT('',(4.936788455641,2.168391807091));
#2808 = CARTESIAN_POINT('',(5.161187930898,2.146371812992));
#2809 = CARTESIAN_POINT('',(5.385587406154,2.102335019156));
#2810 = CARTESIAN_POINT('',(5.609986881411,2.038985089948));
#2811 = CARTESIAN_POINT('',(5.834386356667,1.961792008626));
#2812 = CARTESIAN_POINT('',(6.058785831923,1.877683639248));
#2813 = CARTESIAN_POINT('',(6.28318530718,1.793574928339));
#2814 = ( GEOMETRIC_REPRESENTATION_CONTEXT(2) 
PARAMETRIC_REPRESENTATION_CONTEXT() REPRESENTATION_CONTEXT('2D SPACE',''
  ) );
#2815 = PCURVE('',#2816,#2821);
#2816 = CYLINDRICAL_SURFACE('',#2817,4.7625);
#2817 = AXIS2_PLACEMENT_3D('',#2818,#2819,#2820);
#2818 = CARTESIAN_POINT('',(50.659277733002,168.15804593541,0.));
#2819 = DIRECTION('',(7.845909572784E-02,-0.996917333733,0.));
#2820 = DIRECTION('',(-1.106800577558E-16,-8.710709456832E-18,1.));
#2821 = DEFINITIONAL_REPRESENTATION('',(#2822),#2831);
#2822 = B_SPLINE_CURVE_WITH_KNOTS('',7,(#2823,#2824,#2825,#2826,#2827,
    #2828,#2829,#2830),.UNSPECIFIED.,.F.,.F.,(8,8),(0.,1.570796326795),
  .PIECEWISE_BEZIER_KNOTS.);
#2823 = CARTESIAN_POINT('',(4.712388980385,-0.374816878752));
#2824 = CARTESIAN_POINT('',(4.936788455641,-0.374816878752));
#2825 = CARTESIAN_POINT('',(5.161187930898,-0.352796884654));
#2826 = CARTESIAN_POINT('',(5.385587406154,-0.308760090817));
#2827 = CARTESIAN_POINT('',(5.60998688141,-0.245410161609));
#2828 = CARTESIAN_POINT('',(5.834386356667,-0.168217080288));
#2829 = CARTESIAN_POINT('',(6.058785831923,-8.410871090922E-02));
#2830 = CARTESIAN_POINT('',(6.28318530718,2.84217094304E-14));
#2831 = ( GEOMETRIC_REPRESENTATION_CONTEXT(2) 
PARAMETRIC_REPRESENTATION_CONTEXT() REPRESENTATION_CONTEXT('2D SPACE',''
  ) );
#2832 = ORIENTED_EDGE('',*,*,#2833,.F.);
#2833 = EDGE_CURVE('',#2834,#2795,#2836,.T.);
#2834 = VERTEX_POINT('',#2835);
#2835 = CARTESIAN_POINT('',(50.659277733002,168.15804593541,-4.7625));
#2836 = SURFACE_CURVE('',#2837,(#2842,#2854),.PCURVE_S1.);
#2837 = ELLIPSE('',#2838,4.777226595274,4.7625);
#2838 = AXIS2_PLACEMENT_3D('',#2839,#2840,#2841);
#2839 = CARTESIAN_POINT('',(50.659277733002,168.15804593541,0.));
#2840 = DIRECTION('',(0.15643446504,-0.987688340595,0.));
#2841 = DIRECTION('',(0.987688340595,0.15643446504,0.));
#2842 = PCURVE('',#2680,#2843);
#2843 = DEFINITIONAL_REPRESENTATION('',(#2844),#2853);
#2844 = B_SPLINE_CURVE_WITH_KNOTS('',7,(#2845,#2846,#2847,#2848,#2849,
    #2850,#2851,#2852),.UNSPECIFIED.,.F.,.F.,(8,8),(4.712388980385,
    6.28318530718),.PIECEWISE_BEZIER_KNOTS.);
#2845 = CARTESIAN_POINT('',(3.14159265359,1.793574928339));
#2846 = CARTESIAN_POINT('',(3.365992128846,1.877683639248));
#2847 = CARTESIAN_POINT('',(3.590391604103,1.961792008626));
#2848 = CARTESIAN_POINT('',(3.81479107936,2.038985089947));
#2849 = CARTESIAN_POINT('',(4.039190554616,2.102335019157));
#2850 = CARTESIAN_POINT('',(4.263590029872,2.146371812992));
#2851 = CARTESIAN_POINT('',(4.487989505128,2.168391807091));
#2852 = CARTESIAN_POINT('',(4.712388980385,2.168391807091));
#2853 = ( GEOMETRIC_REPRESENTATION_CONTEXT(2) 
PARAMETRIC_REPRESENTATION_CONTEXT() REPRESENTATION_CONTEXT('2D SPACE',''
  ) );
#2854 = PCURVE('',#2816,#2855);
#2855 = DEFINITIONAL_REPRESENTATION('',(#2856),#2865);
#2856 = B_SPLINE_CURVE_WITH_KNOTS('',7,(#2857,#2858,#2859,#2860,#2861,
    #2862,#2863,#2864),.UNSPECIFIED.,.F.,.F.,(8,8),(4.712388980385,
    6.28318530718),.PIECEWISE_BEZIER_KNOTS.);
#2857 = CARTESIAN_POINT('',(3.14159265359,2.84217094304E-14));
#2858 = CARTESIAN_POINT('',(3.365992128846,-8.410871090922E-02));
#2859 = CARTESIAN_POINT('',(3.590391604102,-0.168217080288));
#2860 = CARTESIAN_POINT('',(3.81479107936,-0.245410161609));
#2861 = CARTESIAN_POINT('',(4.039190554616,-0.308760090817));
#2862 = CARTESIAN_POINT('',(4.263590029872,-0.352796884654));
#2863 = CARTESIAN_POINT('',(4.487989505128,-0.374816878752));
#2864 = CARTESIAN_POINT('',(4.712388980385,-0.374816878752));
#2865 = ( GEOMETRIC_REPRESENTATION_CONTEXT(2) 
PARAMETRIC_REPRESENTATION_CONTEXT() REPRESENTATION_CONTEXT('2D SPACE',''
  ) );
#2866 = ORIENTED_EDGE('',*,*,#2867,.F.);
#2867 = EDGE_CURVE('',#2773,#2834,#2868,.T.);
#2868 = SURFACE_CURVE('',#2869,(#2874,#2887),.PCURVE_S1.);
#2869 = ELLIPSE('',#2870,4.777226595274,4.7625);
#2870 = AXIS2_PLACEMENT_3D('',#2871,#2872,#2873);
#2871 = CARTESIAN_POINT('',(50.659277733002,168.15804593541,0.));
#2872 = DIRECTION('',(0.15643446504,-0.987688340595,0.));
#2873 = DIRECTION('',(0.987688340595,0.15643446504,0.));
#2874 = PCURVE('',#2680,#2875);
#2875 = DEFINITIONAL_REPRESENTATION('',(#2876),#2886);
#2876 = B_SPLINE_CURVE_WITH_KNOTS('',8,(#2877,#2878,#2879,#2880,#2881,
    #2882,#2883,#2884,#2885),.UNSPECIFIED.,.F.,.F.,(9,9),(1.570796326795
    ,4.712388980385),.PIECEWISE_BEZIER_KNOTS.);
#2877 = CARTESIAN_POINT('',(0.,1.793574928339));
#2878 = CARTESIAN_POINT('',(0.392699081699,1.646384684247));
#2879 = CARTESIAN_POINT('',(0.785398163397,1.499193266533));
#2880 = CARTESIAN_POINT('',(1.178097245092,1.386602761847));
#2881 = CARTESIAN_POINT('',(1.570796326793,1.343120548328));
#2882 = CARTESIAN_POINT('',(1.963495408493,1.386602761845));
#2883 = CARTESIAN_POINT('',(2.356194490192,1.499193266533));
#2884 = CARTESIAN_POINT('',(2.748893571891,1.646384684247));
#2885 = CARTESIAN_POINT('',(3.14159265359,1.793574928339));
#2886 = ( GEOMETRIC_REPRESENTATION_CONTEXT(2) 
PARAMETRIC_REPRESENTATION_CONTEXT() REPRESENTATION_CONTEXT('2D SPACE',''
  ) );
#2887 = PCURVE('',#2816,#2888);
#2888 = DEFINITIONAL_REPRESENTATION('',(#2889),#2899);
#2889 = B_SPLINE_CURVE_WITH_KNOTS('',8,(#2890,#2891,#2892,#2893,#2894,
    #2895,#2896,#2897,#2898),.UNSPECIFIED.,.F.,.F.,(9,9),(1.570796326795
    ,4.712388980385),.PIECEWISE_BEZIER_KNOTS.);
#2890 = CARTESIAN_POINT('',(1.49195325094E-15,2.84217094304E-14));
#2891 = CARTESIAN_POINT('',(0.392699081699,0.147190244091));
#2892 = CARTESIAN_POINT('',(0.785398163398,0.294381661805));
#2893 = CARTESIAN_POINT('',(1.178097245092,0.40697216649));
#2894 = CARTESIAN_POINT('',(1.570796326794,0.450454380011));
#2895 = CARTESIAN_POINT('',(1.96349540849,0.40697216649));
#2896 = CARTESIAN_POINT('',(2.356194490193,0.294381661805));
#2897 = CARTESIAN_POINT('',(2.748893571891,0.147190244091));
#2898 = CARTESIAN_POINT('',(3.14159265359,2.84217094304E-14));
#2899 = ( GEOMETRIC_REPRESENTATION_CONTEXT(2) 
PARAMETRIC_REPRESENTATION_CONTEXT() REPRESENTATION_CONTEXT('2D SPACE',''
  ) );
#2900 = ORIENTED_EDGE('',*,*,#2772,.F.);
#2901 = ORIENTED_EDGE('',*,*,#2731,.T.);
#2902 = ORIENTED_EDGE('',*,*,#2697,.T.);
#2903 = ORIENTED_EDGE('',*,*,#2658,.T.);
#2904 = ADVANCED_FACE('',(#2905),#2816,.T.);
#2905 = FACE_BOUND('',#2906,.T.);
#2906 = EDGE_LOOP('',(#2907,#2929,#2968,#3002,#3038,#3066,#3067,#3068,
    #3069));
#2907 = ORIENTED_EDGE('',*,*,#2908,.T.);
#2908 = EDGE_CURVE('',#2773,#2909,#2911,.T.);
#2909 = VERTEX_POINT('',#2910);
#2910 = CARTESIAN_POINT('',(50.8,166.37,4.7625));
#2911 = SEAM_CURVE('',#2912,(#2916,#2922),.PCURVE_S1.);
#2912 = LINE('',#2913,#2914);
#2913 = CARTESIAN_POINT('',(50.659277733002,168.15804593541,4.7625));
#2914 = VECTOR('',#2915,1.);
#2915 = DIRECTION('',(7.845909572784E-02,-0.996917333733,0.));
#2916 = PCURVE('',#2816,#2917);
#2917 = DEFINITIONAL_REPRESENTATION('',(#2918),#2921);
#2918 = B_SPLINE_CURVE_WITH_KNOTS('',1,(#2919,#2920),.UNSPECIFIED.,.F.,
  .F.,(2,2),(-2.070830847315,2.832399686817),.PIECEWISE_BEZIER_KNOTS.);
#2919 = CARTESIAN_POINT('',(6.28318530718,-2.070830847315));
#2920 = CARTESIAN_POINT('',(6.28318530718,2.832399686817));
#2921 = ( GEOMETRIC_REPRESENTATION_CONTEXT(2) 
PARAMETRIC_REPRESENTATION_CONTEXT() REPRESENTATION_CONTEXT('2D SPACE',''
  ) );
#2922 = PCURVE('',#2816,#2923);
#2923 = DEFINITIONAL_REPRESENTATION('',(#2924),#2928);
#2924 = LINE('',#2925,#2926);
#2925 = CARTESIAN_POINT('',(0.,0.));
#2926 = VECTOR('',#2927,1.);
#2927 = DIRECTION('',(0.,1.));
#2928 = ( GEOMETRIC_REPRESENTATION_CONTEXT(2) 
PARAMETRIC_REPRESENTATION_CONTEXT() REPRESENTATION_CONTEXT('2D SPACE',''
  ) );
#2929 = ORIENTED_EDGE('',*,*,#2930,.F.);
#2930 = EDGE_CURVE('',#2931,#2909,#2933,.T.);
#2931 = VERTEX_POINT('',#2932);
#2932 = CARTESIAN_POINT('',(55.5625,166.55711913462,-5.832380380939E-16)
  );
#2933 = SURFACE_CURVE('',#2934,(#2939,#2951),.PCURVE_S1.);
#2934 = ELLIPSE('',#2935,4.766174547847,4.7625);
#2935 = AXIS2_PLACEMENT_3D('',#2936,#2937,#2938);
#2936 = CARTESIAN_POINT('',(50.8,166.37,0.));
#2937 = DIRECTION('',(3.925981575907E-02,-0.999229036241,0.));
#2938 = DIRECTION('',(0.999229036241,3.925981575907E-02,0.));
#2939 = PCURVE('',#2816,#2940);
#2940 = DEFINITIONAL_REPRESENTATION('',(#2941),#2950);
#2941 = B_SPLINE_CURVE_WITH_KNOTS('',7,(#2942,#2943,#2944,#2945,#2946,
    #2947,#2948,#2949),.UNSPECIFIED.,.F.,.F.,(8,8),(0.,1.570796326795),
  .PIECEWISE_BEZIER_KNOTS.);
#2942 = CARTESIAN_POINT('',(4.712388980385,1.980694062963));
#2943 = CARTESIAN_POINT('',(4.936788455641,1.980694062963));
#2944 = CARTESIAN_POINT('',(5.161187930898,1.969701062184));
#2945 = CARTESIAN_POINT('',(5.385587406154,1.947716655339));
#2946 = CARTESIAN_POINT('',(5.60998688141,1.916090587776));
#2947 = CARTESIAN_POINT('',(5.834386356667,1.877553629077));
#2948 = CARTESIAN_POINT('',(6.058785831923,1.835564363959));
#2949 = CARTESIAN_POINT('',(6.28318530718,1.793574928339));
#2950 = ( GEOMETRIC_REPRESENTATION_CONTEXT(2) 
PARAMETRIC_REPRESENTATION_CONTEXT() REPRESENTATION_CONTEXT('2D SPACE',''
  ) );
#2951 = PCURVE('',#2952,#2957);
#2952 = CYLINDRICAL_SURFACE('',#2953,4.7625);
#2953 = AXIS2_PLACEMENT_3D('',#2954,#2955,#2956);
#2954 = CARTESIAN_POINT('',(50.8,166.37,0.));
#2955 = DIRECTION('',(0.,-1.,0.));
#2956 = DIRECTION('',(-1.224646799147E-16,0.,1.));
#2957 = DEFINITIONAL_REPRESENTATION('',(#2958),#2967);
#2958 = B_SPLINE_CURVE_WITH_KNOTS('',7,(#2959,#2960,#2961,#2962,#2963,
    #2964,#2965,#2966),.UNSPECIFIED.,.F.,.F.,(8,8),(0.,1.570796326795),
  .PIECEWISE_BEZIER_KNOTS.);
#2959 = CARTESIAN_POINT('',(4.712388980385,-0.187119134624));
#2960 = CARTESIAN_POINT('',(4.936788455641,-0.187119134624));
#2961 = CARTESIAN_POINT('',(5.161187930897,-0.176126133845));
#2962 = CARTESIAN_POINT('',(5.385587406154,-0.154141727002));
#2963 = CARTESIAN_POINT('',(5.60998688141,-0.122515659436));
#2964 = CARTESIAN_POINT('',(5.834386356667,-8.397870073848E-02));
#2965 = CARTESIAN_POINT('',(6.058785831923,-4.198943562009E-02));
#2966 = CARTESIAN_POINT('',(6.28318530718,-2.84217094304E-14));
#2967 = ( GEOMETRIC_REPRESENTATION_CONTEXT(2) 
PARAMETRIC_REPRESENTATION_CONTEXT() REPRESENTATION_CONTEXT('2D SPACE',''
  ) );
#2968 = ORIENTED_EDGE('',*,*,#2969,.F.);
#2969 = EDGE_CURVE('',#2970,#2931,#2972,.T.);
#2970 = VERTEX_POINT('',#2971);
#2971 = CARTESIAN_POINT('',(50.8,166.37,-4.7625));
#2972 = SURFACE_CURVE('',#2973,(#2978,#2990),.PCURVE_S1.);
#2973 = ELLIPSE('',#2974,4.766174547847,4.7625);
#2974 = AXIS2_PLACEMENT_3D('',#2975,#2976,#2977);
#2975 = CARTESIAN_POINT('',(50.8,166.37,0.));
#2976 = DIRECTION('',(3.925981575907E-02,-0.999229036241,0.));
#2977 = DIRECTION('',(0.999229036241,3.925981575907E-02,0.));
#2978 = PCURVE('',#2816,#2979);
#2979 = DEFINITIONAL_REPRESENTATION('',(#2980),#2989);
#2980 = B_SPLINE_CURVE_WITH_KNOTS('',7,(#2981,#2982,#2983,#2984,#2985,
    #2986,#2987,#2988),.UNSPECIFIED.,.F.,.F.,(8,8),(4.712388980385,
    6.28318530718),.PIECEWISE_BEZIER_KNOTS.);
#2981 = CARTESIAN_POINT('',(3.14159265359,1.793574928339));
#2982 = CARTESIAN_POINT('',(3.365992128846,1.835564363959));
#2983 = CARTESIAN_POINT('',(3.590391604102,1.877553629077));
#2984 = CARTESIAN_POINT('',(3.81479107936,1.916090587776));
#2985 = CARTESIAN_POINT('',(4.039190554616,1.947716655339));
#2986 = CARTESIAN_POINT('',(4.263590029872,1.969701062184));
#2987 = CARTESIAN_POINT('',(4.487989505128,1.980694062963));
#2988 = CARTESIAN_POINT('',(4.712388980385,1.980694062963));
#2989 = ( GEOMETRIC_REPRESENTATION_CONTEXT(2) 
PARAMETRIC_REPRESENTATION_CONTEXT() REPRESENTATION_CONTEXT('2D SPACE',''
  ) );
#2990 = PCURVE('',#2952,#2991);
#2991 = DEFINITIONAL_REPRESENTATION('',(#2992),#3001);
#2992 = B_SPLINE_CURVE_WITH_KNOTS('',7,(#2993,#2994,#2995,#2996,#2997,
    #2998,#2999,#3000),.UNSPECIFIED.,.F.,.F.,(8,8),(4.712388980385,
    6.28318530718),.PIECEWISE_BEZIER_KNOTS.);
#2993 = CARTESIAN_POINT('',(3.14159265359,-2.84217094304E-14));
#2994 = CARTESIAN_POINT('',(3.365992128846,-4.198943562009E-02));
#2995 = CARTESIAN_POINT('',(3.590391604102,-8.397870073849E-02));
#2996 = CARTESIAN_POINT('',(3.814791079361,-0.122515659436));
#2997 = CARTESIAN_POINT('',(4.039190554614,-0.154141727002));
#2998 = CARTESIAN_POINT('',(4.263590029872,-0.176126133845));
#2999 = CARTESIAN_POINT('',(4.487989505128,-0.187119134624));
#3000 = CARTESIAN_POINT('',(4.712388980385,-0.187119134624));
#3001 = ( GEOMETRIC_REPRESENTATION_CONTEXT(2) 
PARAMETRIC_REPRESENTATION_CONTEXT() REPRESENTATION_CONTEXT('2D SPACE',''
  ) );
#3002 = ORIENTED_EDGE('',*,*,#3003,.F.);
#3003 = EDGE_CURVE('',#3004,#2970,#3006,.T.);
#3004 = VERTEX_POINT('',#3005);
#3005 = CARTESIAN_POINT('',(50.799991849126,166.36999967975,
    4.762499999993));
#3006 = SURFACE_CURVE('',#3007,(#3012,#3025),.PCURVE_S1.);
#3007 = ELLIPSE('',#3008,4.766174547847,4.7625);
#3008 = AXIS2_PLACEMENT_3D('',#3009,#3010,#3011);
#3009 = CARTESIAN_POINT('',(50.8,166.37,0.));
#3010 = DIRECTION('',(3.925981575907E-02,-0.999229036241,0.));
#3011 = DIRECTION('',(0.999229036241,3.925981575907E-02,0.));
#3012 = PCURVE('',#2816,#3013);
#3013 = DEFINITIONAL_REPRESENTATION('',(#3014),#3024);
#3014 = B_SPLINE_CURVE_WITH_KNOTS('',8,(#3015,#3016,#3017,#3018,#3019,
    #3020,#3021,#3022,#3023),.UNSPECIFIED.,.F.,.F.,(9,9),(1.570798038264
    ,4.712388980385),.PIECEWISE_BEZIER_KNOTS.);
#3015 = CARTESIAN_POINT('',(1.711469550112E-06,1.79357460809));
#3016 = CARTESIAN_POINT('',(0.392700579235,1.720093135786));
#3017 = CARTESIAN_POINT('',(0.785399447,1.646611134026));
#3018 = CARTESIAN_POINT('',(1.17809831476,1.590402909992));
#3019 = CARTESIAN_POINT('',(1.570797182531,1.568695471647));
#3020 = CARTESIAN_POINT('',(1.963496050291,1.590403060979));
#3021 = CARTESIAN_POINT('',(2.35619491806,1.646611397822));
#3022 = CARTESIAN_POINT('',(2.748893785825,1.720093456035));
#3023 = CARTESIAN_POINT('',(3.14159265359,1.793574928339));
#3024 = ( GEOMETRIC_REPRESENTATION_CONTEXT(2) 
PARAMETRIC_REPRESENTATION_CONTEXT() REPRESENTATION_CONTEXT('2D SPACE',''
  ) );
#3025 = PCURVE('',#2952,#3026);
#3026 = DEFINITIONAL_REPRESENTATION('',(#3027),#3037);
#3027 = B_SPLINE_CURVE_WITH_KNOTS('',8,(#3028,#3029,#3030,#3031,#3032,
    #3033,#3034,#3035,#3036),.UNSPECIFIED.,.F.,.F.,(9,9),(1.570798038264
    ,4.712388980385),.PIECEWISE_BEZIER_KNOTS.);
#3028 = CARTESIAN_POINT('',(1.71146954862E-06,3.20248659591E-07));
#3029 = CARTESIAN_POINT('',(0.392700579235,7.348179255258E-02));
#3030 = CARTESIAN_POINT('',(0.785399446998,0.146963794313));
#3031 = CARTESIAN_POINT('',(1.178098314768,0.20317201834));
#3032 = CARTESIAN_POINT('',(1.570797182517,0.224879456693));
#3033 = CARTESIAN_POINT('',(1.963496050297,0.203171867359));
#3034 = CARTESIAN_POINT('',(2.356194918058,0.146963530515));
#3035 = CARTESIAN_POINT('',(2.748893785825,7.3481472304E-02));
#3036 = CARTESIAN_POINT('',(3.14159265359,-2.84217094304E-14));
#3037 = ( GEOMETRIC_REPRESENTATION_CONTEXT(2) 
PARAMETRIC_REPRESENTATION_CONTEXT() REPRESENTATION_CONTEXT('2D SPACE',''
  ) );
#3038 = ORIENTED_EDGE('',*,*,#3039,.F.);
#3039 = EDGE_CURVE('',#2909,#3004,#3040,.T.);
#3040 = SURFACE_CURVE('',#3041,(#3046,#3056),.PCURVE_S1.);
#3041 = ELLIPSE('',#3042,4.766174547847,4.7625);
#3042 = AXIS2_PLACEMENT_3D('',#3043,#3044,#3045);
#3043 = CARTESIAN_POINT('',(50.8,166.37,0.));
#3044 = DIRECTION('',(3.925981575907E-02,-0.999229036241,0.));
#3045 = DIRECTION('',(0.999229036241,3.925981575907E-02,0.));
#3046 = PCURVE('',#2816,#3047);
#3047 = DEFINITIONAL_REPRESENTATION('',(#3048),#3055);
#3048 = B_SPLINE_CURVE_WITH_KNOTS('',5,(#3049,#3050,#3051,#3052,#3053,
    #3054),.UNSPECIFIED.,.F.,.F.,(6,6),(1.570796326795,1.570798038264),
  .PIECEWISE_BEZIER_KNOTS.);
#3049 = CARTESIAN_POINT('',(1.49195325094E-15,1.793574928339));
#3050 = CARTESIAN_POINT('',(3.422939113749E-07,1.793574864289));
#3051 = CARTESIAN_POINT('',(6.845878126621E-07,1.793574800239));
#3052 = CARTESIAN_POINT('',(1.026881738396E-06,1.793574736189));
#3053 = CARTESIAN_POINT('',(1.369175640229E-06,1.79357467214));
#3054 = CARTESIAN_POINT('',(1.711469550112E-06,1.79357460809));
#3055 = ( GEOMETRIC_REPRESENTATION_CONTEXT(2) 
PARAMETRIC_REPRESENTATION_CONTEXT() REPRESENTATION_CONTEXT('2D SPACE',''
  ) );
#3056 = PCURVE('',#2952,#3057);
#3057 = DEFINITIONAL_REPRESENTATION('',(#3058),#3065);
#3058 = B_SPLINE_CURVE_WITH_KNOTS('',5,(#3059,#3060,#3061,#3062,#3063,
    #3064),.UNSPECIFIED.,.F.,.F.,(6,6),(1.570796326795,1.570798038264),
  .PIECEWISE_BEZIER_KNOTS.);
#3059 = CARTESIAN_POINT('',(0.,-2.84217094304E-14));
#3060 = CARTESIAN_POINT('',(3.422939098829E-07,6.404971178266E-08));
#3061 = CARTESIAN_POINT('',(6.845878169642E-07,1.280994145181E-07));
#3062 = CARTESIAN_POINT('',(1.026881733616E-06,1.92149241115E-07));
#3063 = CARTESIAN_POINT('',(1.369175638737E-06,2.561989193867E-07));
#3064 = CARTESIAN_POINT('',(1.71146954862E-06,3.20248659591E-07));
#3065 = ( GEOMETRIC_REPRESENTATION_CONTEXT(2) 
PARAMETRIC_REPRESENTATION_CONTEXT() REPRESENTATION_CONTEXT('2D SPACE',''
  ) );
#3066 = ORIENTED_EDGE('',*,*,#2908,.F.);
#3067 = ORIENTED_EDGE('',*,*,#2867,.T.);
#3068 = ORIENTED_EDGE('',*,*,#2833,.T.);
#3069 = ORIENTED_EDGE('',*,*,#2794,.T.);
#3070 = ADVANCED_FACE('',(#3071),#2952,.T.);
#3071 = FACE_BOUND('',#3072,.T.);
#3072 = EDGE_LOOP('',(#3073,#3095,#3122,#3123,#3124,#3125,#3126));
#3073 = ORIENTED_EDGE('',*,*,#3074,.T.);
#3074 = EDGE_CURVE('',#2909,#3075,#3077,.T.);
#3075 = VERTEX_POINT('',#3076);
#3076 = CARTESIAN_POINT('',(50.8,0.,4.7625));
#3077 = SEAM_CURVE('',#3078,(#3082,#3088),.PCURVE_S1.);
#3078 = LINE('',#3079,#3080);
#3079 = CARTESIAN_POINT('',(50.8,166.37,4.7625));
#3080 = VECTOR('',#3081,1.);
#3081 = DIRECTION('',(0.,-1.,0.));
#3082 = PCURVE('',#2952,#3083);
#3083 = DEFINITIONAL_REPRESENTATION('',(#3084),#3087);
#3084 = B_SPLINE_CURVE_WITH_KNOTS('',1,(#3085,#3086),.UNSPECIFIED.,.F.,
  .F.,(2,2),(-1.038824758479,166.37),.PIECEWISE_BEZIER_KNOTS.);
#3085 = CARTESIAN_POINT('',(6.28318530718,-1.038824758479));
#3086 = CARTESIAN_POINT('',(6.28318530718,166.37));
#3087 = ( GEOMETRIC_REPRESENTATION_CONTEXT(2) 
PARAMETRIC_REPRESENTATION_CONTEXT() REPRESENTATION_CONTEXT('2D SPACE',''
  ) );
#3088 = PCURVE('',#2952,#3089);
#3089 = DEFINITIONAL_REPRESENTATION('',(#3090),#3094);
#3090 = LINE('',#3091,#3092);
#3091 = CARTESIAN_POINT('',(0.,0.));
#3092 = VECTOR('',#3093,1.);
#3093 = DIRECTION('',(0.,1.));
#3094 = ( GEOMETRIC_REPRESENTATION_CONTEXT(2) 
PARAMETRIC_REPRESENTATION_CONTEXT() REPRESENTATION_CONTEXT('2D SPACE',''
  ) );
#3095 = ORIENTED_EDGE('',*,*,#3096,.F.);
#3096 = EDGE_CURVE('',#3075,#3075,#3097,.T.);
#3097 = SURFACE_CURVE('',#3098,(#3103,#3110),.PCURVE_S1.);
#3098 = CIRCLE('',#3099,4.7625);
#3099 = AXIS2_PLACEMENT_3D('',#3100,#3101,#3102);
#3100 = CARTESIAN_POINT('',(50.8,0.,0.));
#3101 = DIRECTION('',(0.,-1.,0.));
#3102 = DIRECTION('',(-1.224646799147E-16,0.,1.));
#3103 = PCURVE('',#2952,#3104);
#3104 = DEFINITIONAL_REPRESENTATION('',(#3105),#3109);
#3105 = LINE('',#3106,#3107);
#3106 = CARTESIAN_POINT('',(0.,166.37));
#3107 = VECTOR('',#3108,1.);
#3108 = DIRECTION('',(1.,0.));
#3109 = ( GEOMETRIC_REPRESENTATION_CONTEXT(2) 
PARAMETRIC_REPRESENTATION_CONTEXT() REPRESENTATION_CONTEXT('2D SPACE',''
  ) );
#3110 = PCURVE('',#3111,#3116);
#3111 = PLANE('',#3112);
#3112 = AXIS2_PLACEMENT_3D('',#3113,#3114,#3115);
#3113 = CARTESIAN_POINT('',(50.8,0.,-1.435632685081E-16));
#3114 = DIRECTION('',(-0.,-1.,-0.));
#3115 = DIRECTION('',(0.,0.,-1.));
#3116 = DEFINITIONAL_REPRESENTATION('',(#3117),#3121);
#3117 = CIRCLE('',#3118,4.7625);
#3118 = AXIS2_PLACEMENT_2D('',#3119,#3120);
#3119 = CARTESIAN_POINT('',(-1.435632685081E-16,0.));
#3120 = DIRECTION('',(-1.,-1.224646799147E-16));
#3121 = ( GEOMETRIC_REPRESENTATION_CONTEXT(2) 
PARAMETRIC_REPRESENTATION_CONTEXT() REPRESENTATION_CONTEXT('2D SPACE',''
  ) );
#3122 = ORIENTED_EDGE('',*,*,#3074,.F.);
#3123 = ORIENTED_EDGE('',*,*,#3039,.T.);
#3124 = ORIENTED_EDGE('',*,*,#3003,.T.);
#3125 = ORIENTED_EDGE('',*,*,#2969,.T.);
#3126 = ORIENTED_EDGE('',*,*,#2930,.T.);
#3127 = ADVANCED_FACE('',(#3128),#173,.F.);
#3128 = FACE_BOUND('',#3129,.F.);
#3129 = EDGE_LOOP('',(#3130));
#3130 = ORIENTED_EDGE('',*,*,#158,.T.);
#3131 = ADVANCED_FACE('',(#3132),#3111,.T.);
#3132 = FACE_BOUND('',#3133,.T.);
#3133 = EDGE_LOOP('',(#3134));
#3134 = ORIENTED_EDGE('',*,*,#3096,.T.);
#3135 = ( GEOMETRIC_REPRESENTATION_CONTEXT(3) 
GLOBAL_UNCERTAINTY_ASSIGNED_CONTEXT((#3139)) 
GLOBAL_UNIT_ASSIGNED_CONTEXT((#3136,#3137,#3138)) REPRESENTATION_CONTEXT
('Context #1','3D Context with UNIT and UNCERTAINTY') );
#3136 = ( LENGTH_UNIT() NAMED_UNIT(*) SI_UNIT(.MILLI.,.METRE.) );
#3137 = ( NAMED_UNIT(*) PLANE_ANGLE_UNIT() SI_UNIT($,.RADIAN.) );
#3138 = ( NAMED_UNIT(*) SI_UNIT($,.STERADIAN.) SOLID_ANGLE_UNIT() );
#3139 = UNCERTAINTY_MEASURE_WITH_UNIT(LENGTH_MEASURE(1.E-07),#3136,
  'distance_accuracy_value','confusion accuracy');
#3140 = PRODUCT_RELATED_PRODUCT_CATEGORY('part',$,(#7));
ENDSEC;
END-ISO-10303-21;
