ISO-10303-21;
HEADER;
FILE_DESCRIPTION(('Open CASCADE Model'),'2;1');
FILE_NAME('Open CASCADE Shape Model','2026-08-21T10:38:22',('Author'),(
    'Open CASCADE'),'Open CASCADE STEP processor 7.7','Open CASCADE 7.7'
  ,'Unknown');
FILE_SCHEMA(('AUTOMOTIVE_DESIGN { 1 0 10303 214 1 1 1 1 }'));
ENDSEC;
DATA;
#1 = APPLICATION_PROTOCOL_DEFINITION('international standard',
  'automotive_design',2000,#2);
#2 = APPLICATION_CONTEXT(
  'core data for automotive mechanical design processes');
#3 = SHAPE_DEFINITION_REPRESENTATION(#4,#10);
#4 = PRODUCT_DEFINITION_SHAPE('','',#5);
#5 = PRODUCT_DEFINITION('design','',#6,#9);
#6 = PRODUCT_DEFINITION_FORMATION('','',#7);
#7 = PRODUCT('Open CASCADE STEP translator 7.7 9',
  'Open CASCADE STEP translator 7.7 9','',(#8));
#8 = PRODUCT_CONTEXT('',#2,'mechanical');
#9 = PRODUCT_DEFINITION_CONTEXT('part definition',#2,'design');
#10 = ADVANCED_BREP_SHAPE_REPRESENTATION('',(#11,#15),#4736);
#11 = AXIS2_PLACEMENT_3D('',#12,#13,#14);
#12 = CARTESIAN_POINT('',(0.,0.,0.));
#13 = DIRECTION('',(0.,0.,1.));
#14 = DIRECTION('',(1.,0.,-0.));
#15 = MANIFOLD_SOLID_BREP('',#16);
#16 = CLOSED_SHELL('',(#17,#184,#320,#456,#592,#728,#864,#1000,#1136,
    #1272,#1408,#1544,#1680,#1816,#1952,#2088,#2224,#2360,#2496,#2632,
    #2768,#2904,#3040,#3176,#3312,#3448,#3584,#3720,#3856,#3992,#4128,
    #4264,#4400,#4536,#4672,#4728,#4732));
#17 = ADVANCED_FACE('',(#18),#32,.T.);
#18 = FACE_BOUND('',#19,.T.);
#19 = EDGE_LOOP('',(#20,#49,#88,#122,#156,#157));
#20 = ORIENTED_EDGE('',*,*,#21,.T.);
#21 = EDGE_CURVE('',#22,#24,#26,.T.);
#22 = VERTEX_POINT('',#23);
#23 = CARTESIAN_POINT('',(-76.2,0.,4.7625));
#24 = VERTEX_POINT('',#25);
#25 = CARTESIAN_POINT('',(-76.2,81.28,4.7625));
#26 = SEAM_CURVE('',#27,(#31,#42),.PCURVE_S1.);
#27 = LINE('',#28,#29);
#28 = CARTESIAN_POINT('',(-76.2,0.,4.7625));
#29 = VECTOR('',#30,1.);
#30 = DIRECTION('',(0.,1.,0.));
#31 = PCURVE('',#32,#37);
#32 = CYLINDRICAL_SURFACE('',#33,4.7625);
#33 = AXIS2_PLACEMENT_3D('',#34,#35,#36);
#34 = CARTESIAN_POINT('',(-76.2,0.,0.));
#35 = DIRECTION('',(0.,1.,0.));
#36 = DIRECTION('',(0.,-0.,1.));
#37 = DEFINITIONAL_REPRESENTATION('',(#38),#41);
#38 = B_SPLINE_CURVE_WITH_KNOTS('',1,(#39,#40),.UNSPECIFIED.,.F.,.F.,(2,
    2),(0.,81.932813983868),.PIECEWISE_BEZIER_KNOTS.);
#39 = CARTESIAN_POINT('',(6.28318530718,0.));
#40 = CARTESIAN_POINT('',(6.28318530718,81.932813983868));
#41 = ( GEOMETRIC_REPRESENTATION_CONTEXT(2) 
PARAMETRIC_REPRESENTATION_CONTEXT() REPRESENTATION_CONTEXT('2D SPACE',''
  ) );
#42 = PCURVE('',#32,#43);
#43 = DEFINITIONAL_REPRESENTATION('',(#44),#48);
#44 = LINE('',#45,#46);
#45 = CARTESIAN_POINT('',(0.,0.));
#46 = VECTOR('',#47,1.);
#47 = DIRECTION('',(0.,1.));
#48 = ( GEOMETRIC_REPRESENTATION_CONTEXT(2) 
PARAMETRIC_REPRESENTATION_CONTEXT() REPRESENTATION_CONTEXT('2D SPACE',''
  ) );
#49 = ORIENTED_EDGE('',*,*,#50,.F.);
#50 = EDGE_CURVE('',#51,#24,#53,.T.);
#51 = VERTEX_POINT('',#52);
#52 = CARTESIAN_POINT('',(-80.9625,81.396912812794,-5.832380380939E-16)
  );
#53 = SURFACE_CURVE('',#54,(#59,#71),.PCURVE_S1.);
#54 = ELLIPSE('',#55,4.763934808097,4.7625);
#55 = AXIS2_PLACEMENT_3D('',#56,#57,#58);
#56 = CARTESIAN_POINT('',(-76.2,81.28,0.));
#57 = DIRECTION('',(2.454122852291E-02,0.999698818696,0.));
#58 = DIRECTION('',(-0.999698818696,2.454122852291E-02,0.));
#59 = PCURVE('',#32,#60);
#60 = DEFINITIONAL_REPRESENTATION('',(#61),#70);
#61 = B_SPLINE_CURVE_WITH_KNOTS('',7,(#62,#63,#64,#65,#66,#67,#68,#69),
  .UNSPECIFIED.,.F.,.F.,(8,8),(0.,1.570796326795),
  .PIECEWISE_BEZIER_KNOTS.);
#62 = CARTESIAN_POINT('',(4.712388980385,81.396912812794));
#63 = CARTESIAN_POINT('',(4.936788455641,81.396912812794));
#64 = CARTESIAN_POINT('',(5.161187930897,81.390044340239));
#65 = CARTESIAN_POINT('',(5.385587406154,81.376308391481));
#66 = CARTESIAN_POINT('',(5.60998688141,81.356548293087));
#67 = CARTESIAN_POINT('',(5.834386356667,81.332470241153));
#68 = CARTESIAN_POINT('',(6.058785831923,81.306235173842));
#69 = CARTESIAN_POINT('',(6.28318530718,81.28));
#70 = ( GEOMETRIC_REPRESENTATION_CONTEXT(2) 
PARAMETRIC_REPRESENTATION_CONTEXT() REPRESENTATION_CONTEXT('2D SPACE',''
  ) );
#71 = PCURVE('',#72,#77);
#72 = CYLINDRICAL_SURFACE('',#73,4.7625);
#73 = AXIS2_PLACEMENT_3D('',#74,#75,#76);
#74 = CARTESIAN_POINT('',(-76.2,81.28,0.));
#75 = DIRECTION('',(4.906767432742E-02,0.998795456205,0.));
#76 = DIRECTION('',(1.10888571237E-16,-5.447606180311E-18,1.));
#77 = DEFINITIONAL_REPRESENTATION('',(#78),#87);
#78 = B_SPLINE_CURVE_WITH_KNOTS('',7,(#79,#80,#81,#82,#83,#84,#85,#86),
  .UNSPECIFIED.,.F.,.F.,(8,8),(0.,1.570796326795),
  .PIECEWISE_BEZIER_KNOTS.);
#79 = CARTESIAN_POINT('',(4.712388980385,-0.116912812794));
#80 = CARTESIAN_POINT('',(4.936788455641,-0.116912812794));
#81 = CARTESIAN_POINT('',(5.161187930897,-0.110044340231));
#82 = CARTESIAN_POINT('',(5.385587406154,-9.630839149E-02));
#83 = CARTESIAN_POINT('',(5.60998688141,-7.654829306882E-02));
#84 = CARTESIAN_POINT('',(5.834386356667,-5.247024115313E-02));
#85 = CARTESIAN_POINT('',(6.058785831923,-2.623517384167E-02));
#86 = CARTESIAN_POINT('',(6.28318530718,0.));
#87 = ( GEOMETRIC_REPRESENTATION_CONTEXT(2) 
PARAMETRIC_REPRESENTATION_CONTEXT() REPRESENTATION_CONTEXT('2D SPACE',''
  ) );
#88 = ORIENTED_EDGE('',*,*,#89,.F.);
#89 = EDGE_CURVE('',#90,#51,#92,.T.);
#90 = VERTEX_POINT('',#91);
#91 = CARTESIAN_POINT('',(-76.2,81.28,-4.7625));
#92 = SURFACE_CURVE('',#93,(#98,#110),.PCURVE_S1.);
#93 = ELLIPSE('',#94,4.763934808097,4.7625);
#94 = AXIS2_PLACEMENT_3D('',#95,#96,#97);
#95 = CARTESIAN_POINT('',(-76.2,81.28,0.));
#96 = DIRECTION('',(2.454122852291E-02,0.999698818696,0.));
#97 = DIRECTION('',(-0.999698818696,2.454122852291E-02,0.));
#98 = PCURVE('',#32,#99);
#99 = DEFINITIONAL_REPRESENTATION('',(#100),#109);
#100 = B_SPLINE_CURVE_WITH_KNOTS('',7,(#101,#102,#103,#104,#105,#106,
    #107,#108),.UNSPECIFIED.,.F.,.F.,(8,8),(4.712388980385,6.28318530718
    ),.PIECEWISE_BEZIER_KNOTS.);
#101 = CARTESIAN_POINT('',(3.14159265359,81.28));
#102 = CARTESIAN_POINT('',(3.365992128846,81.306235173842));
#103 = CARTESIAN_POINT('',(3.590391604102,81.332470241145));
#104 = CARTESIAN_POINT('',(3.814791079361,81.356548293084));
#105 = CARTESIAN_POINT('',(4.039190554614,81.376308391485));
#106 = CARTESIAN_POINT('',(4.263590029872,81.390044340231));
#107 = CARTESIAN_POINT('',(4.487989505128,81.396912812794));
#108 = CARTESIAN_POINT('',(4.712388980385,81.396912812794));
#109 = ( GEOMETRIC_REPRESENTATION_CONTEXT(2) 
PARAMETRIC_REPRESENTATION_CONTEXT() REPRESENTATION_CONTEXT('2D SPACE',''
  ) );
#110 = PCURVE('',#72,#111);
#111 = DEFINITIONAL_REPRESENTATION('',(#112),#121);
#112 = B_SPLINE_CURVE_WITH_KNOTS('',7,(#113,#114,#115,#116,#117,#118,
    #119,#120),.UNSPECIFIED.,.F.,.F.,(8,8),(4.712388980385,6.28318530718
    ),.PIECEWISE_BEZIER_KNOTS.);
#113 = CARTESIAN_POINT('',(3.14159265359,0.));
#114 = CARTESIAN_POINT('',(3.365992128846,-2.623517384167E-02));
#115 = CARTESIAN_POINT('',(3.590391604102,-5.247024115313E-02));
#116 = CARTESIAN_POINT('',(3.814791079361,-7.654829306884E-02));
#117 = CARTESIAN_POINT('',(4.039190554614,-9.630839148999E-02));
#118 = CARTESIAN_POINT('',(4.263590029872,-0.110044340231));
#119 = CARTESIAN_POINT('',(4.487989505128,-0.116912812794));
#120 = CARTESIAN_POINT('',(4.712388980385,-0.116912812794));
#121 = ( GEOMETRIC_REPRESENTATION_CONTEXT(2) 
PARAMETRIC_REPRESENTATION_CONTEXT() REPRESENTATION_CONTEXT('2D SPACE',''
  ) );
#122 = ORIENTED_EDGE('',*,*,#123,.F.);
#123 = EDGE_CURVE('',#24,#90,#124,.T.);
#124 = SURFACE_CURVE('',#125,(#130,#143),.PCURVE_S1.);
#125 = ELLIPSE('',#126,4.763934808097,4.7625);
#126 = AXIS2_PLACEMENT_3D('',#127,#128,#129);
#127 = CARTESIAN_POINT('',(-76.2,81.28,0.));
#128 = DIRECTION('',(2.454122852291E-02,0.999698818696,0.));
#129 = DIRECTION('',(-0.999698818696,2.454122852291E-02,0.));
#130 = PCURVE('',#32,#131);
#131 = DEFINITIONAL_REPRESENTATION('',(#132),#142);
#132 = B_SPLINE_CURVE_WITH_KNOTS('',8,(#133,#134,#135,#136,#137,#138,
    #139,#140,#141),.UNSPECIFIED.,.F.,.F.,(9,9),(1.570796326795,
    4.712388980385),.PIECEWISE_BEZIER_KNOTS.);
#133 = CARTESIAN_POINT('',(0.,81.28));
#134 = CARTESIAN_POINT('',(0.392699081699,81.234088445777));
#135 = CARTESIAN_POINT('',(0.785398163398,81.188176525409));
#136 = CARTESIAN_POINT('',(1.178097245094,81.153057315712));
#137 = CARTESIAN_POINT('',(1.570796326794,81.139494351256));
#138 = CARTESIAN_POINT('',(1.96349540849,81.153057315648));
#139 = CARTESIAN_POINT('',(2.356194490192,81.188176525428));
#140 = CARTESIAN_POINT('',(2.748893571891,81.234088445777));
#141 = CARTESIAN_POINT('',(3.14159265359,81.28));
#142 = ( GEOMETRIC_REPRESENTATION_CONTEXT(2) 
PARAMETRIC_REPRESENTATION_CONTEXT() REPRESENTATION_CONTEXT('2D SPACE',''
  ) );
#143 = PCURVE('',#72,#144);
#144 = DEFINITIONAL_REPRESENTATION('',(#145),#155);
#145 = B_SPLINE_CURVE_WITH_KNOTS('',8,(#146,#147,#148,#149,#150,#151,
    #152,#153,#154),.UNSPECIFIED.,.F.,.F.,(9,9),(1.570796326795,
    4.712388980385),.PIECEWISE_BEZIER_KNOTS.);
#146 = CARTESIAN_POINT('',(0.,0.));
#147 = CARTESIAN_POINT('',(0.392699081699,4.591155422292E-02));
#148 = CARTESIAN_POINT('',(0.785398163399,9.182347452239E-02));
#149 = CARTESIAN_POINT('',(1.178097245088,0.126942684308));
#150 = CARTESIAN_POINT('',(1.570796326801,0.14050564846));
#151 = CARTESIAN_POINT('',(1.963495408484,0.126942684308));
#152 = CARTESIAN_POINT('',(2.356194490193,9.182347452239E-02));
#153 = CARTESIAN_POINT('',(2.748893571891,4.591155422292E-02));
#154 = CARTESIAN_POINT('',(3.14159265359,0.));
#155 = ( GEOMETRIC_REPRESENTATION_CONTEXT(2) 
PARAMETRIC_REPRESENTATION_CONTEXT() REPRESENTATION_CONTEXT('2D SPACE',''
  ) );
#156 = ORIENTED_EDGE('',*,*,#21,.F.);
#157 = ORIENTED_EDGE('',*,*,#158,.T.);
#158 = EDGE_CURVE('',#22,#22,#159,.T.);
#159 = SURFACE_CURVE('',#160,(#165,#172),.PCURVE_S1.);
#160 = CIRCLE('',#161,4.7625);
#161 = AXIS2_PLACEMENT_3D('',#162,#163,#164);
#162 = CARTESIAN_POINT('',(-76.2,0.,0.));
#163 = DIRECTION('',(0.,1.,0.));
#164 = DIRECTION('',(0.,-0.,1.));
#165 = PCURVE('',#32,#166);
#166 = DEFINITIONAL_REPRESENTATION('',(#167),#171);
#167 = LINE('',#168,#169);
#168 = CARTESIAN_POINT('',(0.,0.));
#169 = VECTOR('',#170,1.);
#170 = DIRECTION('',(1.,0.));
#171 = ( GEOMETRIC_REPRESENTATION_CONTEXT(2) 
PARAMETRIC_REPRESENTATION_CONTEXT() REPRESENTATION_CONTEXT('2D SPACE',''
  ) );
#172 = PCURVE('',#173,#178);
#173 = PLANE('',#174);
#174 = AXIS2_PLACEMENT_3D('',#175,#176,#177);
#175 = CARTESIAN_POINT('',(-76.2,0.,-1.435632685081E-16));
#176 = DIRECTION('',(0.,1.,0.));
#177 = DIRECTION('',(0.,-0.,1.));
#178 = DEFINITIONAL_REPRESENTATION('',(#179),#183);
#179 = CIRCLE('',#180,4.7625);
#180 = AXIS2_PLACEMENT_2D('',#181,#182);
#181 = CARTESIAN_POINT('',(1.435632685081E-16,-1.42108547152E-14));
#182 = DIRECTION('',(1.,0.));
#183 = ( GEOMETRIC_REPRESENTATION_CONTEXT(2) 
PARAMETRIC_REPRESENTATION_CONTEXT() REPRESENTATION_CONTEXT('2D SPACE',''
  ) );
#184 = ADVANCED_FACE('',(#185),#72,.T.);
#185 = FACE_BOUND('',#186,.T.);
#186 = EDGE_LOOP('',(#187,#209,#248,#282,#316,#317,#318,#319));
#187 = ORIENTED_EDGE('',*,*,#188,.T.);
#188 = EDGE_CURVE('',#24,#189,#191,.T.);
#189 = VERTEX_POINT('',#190);
#190 = CARTESIAN_POINT('',(-75.97984570345,85.761343655867,4.7625));
#191 = SEAM_CURVE('',#192,(#196,#202),.PCURVE_S1.);
#192 = LINE('',#193,#194);
#193 = CARTESIAN_POINT('',(-76.2,81.28,4.7625));
#194 = VECTOR('',#195,1.);
#195 = DIRECTION('',(4.906767432742E-02,0.998795456205,0.));
#196 = PCURVE('',#72,#197);
#197 = DEFINITIONAL_REPRESENTATION('',(#198),#201);
#198 = B_SPLINE_CURVE_WITH_KNOTS('',1,(#199,#200),.UNSPECIFIED.,.F.,.F.,
  (2,2),(-0.652813983868,5.783151339631),.PIECEWISE_BEZIER_KNOTS.);
#199 = CARTESIAN_POINT('',(6.28318530718,-0.652813983868));
#200 = CARTESIAN_POINT('',(6.28318530718,5.783151339631));
#201 = ( GEOMETRIC_REPRESENTATION_CONTEXT(2) 
PARAMETRIC_REPRESENTATION_CONTEXT() REPRESENTATION_CONTEXT('2D SPACE',''
  ) );
#202 = PCURVE('',#72,#203);
#203 = DEFINITIONAL_REPRESENTATION('',(#204),#208);
#204 = LINE('',#205,#206);
#205 = CARTESIAN_POINT('',(0.,0.));
#206 = VECTOR('',#207,1.);
#207 = DIRECTION('',(0.,1.));
#208 = ( GEOMETRIC_REPRESENTATION_CONTEXT(2) 
PARAMETRIC_REPRESENTATION_CONTEXT() REPRESENTATION_CONTEXT('2D SPACE',''
  ) );
#209 = ORIENTED_EDGE('',*,*,#210,.F.);
#210 = EDGE_CURVE('',#211,#189,#213,.T.);
#211 = VERTEX_POINT('',#212);
#212 = CARTESIAN_POINT('',(-80.72512886561,86.228713253836,
    -5.832380380939E-16));
#213 = SURFACE_CURVE('',#214,(#219,#231),.PCURVE_S1.);
#214 = ELLIPSE('',#215,4.76824355819,4.7625);
#215 = AXIS2_PLACEMENT_3D('',#216,#217,#218);
#216 = CARTESIAN_POINT('',(-75.97984570345,85.761343655867,0.));
#217 = DIRECTION('',(9.801714032956E-02,0.995184726672,0.));
#218 = DIRECTION('',(-0.995184726672,9.801714032956E-02,0.));
#219 = PCURVE('',#72,#220);
#220 = DEFINITIONAL_REPRESENTATION('',(#221),#230);
#221 = B_SPLINE_CURVE_WITH_KNOTS('',7,(#222,#223,#224,#225,#226,#227,
    #228,#229),.UNSPECIFIED.,.F.,.F.,(8,8),(0.,1.570796326795),
  .PIECEWISE_BEZIER_KNOTS.);
#222 = CARTESIAN_POINT('',(4.712388980385,4.720714762526));
#223 = CARTESIAN_POINT('',(4.936788455641,4.720714762526));
#224 = CARTESIAN_POINT('',(5.161187930898,4.706969534047));
#225 = CARTESIAN_POINT('',(5.385587406154,4.679481071059));
#226 = CARTESIAN_POINT('',(5.60998688141,4.639937043609));
#227 = CARTESIAN_POINT('',(5.834386356667,4.591751901731));
#228 = CARTESIAN_POINT('',(6.058785831923,4.539250127709));
#229 = CARTESIAN_POINT('',(6.28318530718,4.486748140499));
#230 = ( GEOMETRIC_REPRESENTATION_CONTEXT(2) 
PARAMETRIC_REPRESENTATION_CONTEXT() REPRESENTATION_CONTEXT('2D SPACE',''
  ) );
#231 = PCURVE('',#232,#237);
#232 = CYLINDRICAL_SURFACE('',#233,4.7625);
#233 = AXIS2_PLACEMENT_3D('',#234,#235,#236);
#234 = CARTESIAN_POINT('',(-75.97984570345,85.761343655868,0.));
#235 = DIRECTION('',(0.146730474455,0.989176509965,0.));
#236 = DIRECTION('',(1.098206536781E-16,-1.629035511545E-17,1.));
#237 = DEFINITIONAL_REPRESENTATION('',(#238),#247);
#238 = B_SPLINE_CURVE_WITH_KNOTS('',7,(#239,#240,#241,#242,#243,#244,
    #245,#246),.UNSPECIFIED.,.F.,.F.,(8,8),(0.,1.570796326795),
  .PIECEWISE_BEZIER_KNOTS.);
#239 = CARTESIAN_POINT('',(4.712388980385,-0.233966622027));
#240 = CARTESIAN_POINT('',(4.936788455641,-0.233966622027));
#241 = CARTESIAN_POINT('',(5.161187930898,-0.220221393548));
#242 = CARTESIAN_POINT('',(5.385587406154,-0.19273293056));
#243 = CARTESIAN_POINT('',(5.60998688141,-0.153188903109));
#244 = CARTESIAN_POINT('',(5.834386356667,-0.105003761232));
#245 = CARTESIAN_POINT('',(6.058785831923,-5.250198721046E-02));
#246 = CARTESIAN_POINT('',(6.28318530718,-7.105427357601E-14));
#247 = ( GEOMETRIC_REPRESENTATION_CONTEXT(2) 
PARAMETRIC_REPRESENTATION_CONTEXT() REPRESENTATION_CONTEXT('2D SPACE',''
  ) );
#248 = ORIENTED_EDGE('',*,*,#249,.F.);
#249 = EDGE_CURVE('',#250,#211,#252,.T.);
#250 = VERTEX_POINT('',#251);
#251 = CARTESIAN_POINT('',(-75.97984570345,85.761343655867,-4.7625));
#252 = SURFACE_CURVE('',#253,(#258,#270),.PCURVE_S1.);
#253 = ELLIPSE('',#254,4.76824355819,4.7625);
#254 = AXIS2_PLACEMENT_3D('',#255,#256,#257);
#255 = CARTESIAN_POINT('',(-75.97984570345,85.761343655867,0.));
#256 = DIRECTION('',(9.801714032956E-02,0.995184726672,0.));
#257 = DIRECTION('',(-0.995184726672,9.801714032956E-02,0.));
#258 = PCURVE('',#72,#259);
#259 = DEFINITIONAL_REPRESENTATION('',(#260),#269);
#260 = B_SPLINE_CURVE_WITH_KNOTS('',7,(#261,#262,#263,#264,#265,#266,
    #267,#268),.UNSPECIFIED.,.F.,.F.,(8,8),(4.712388980385,6.28318530718
    ),.PIECEWISE_BEZIER_KNOTS.);
#261 = CARTESIAN_POINT('',(3.14159265359,4.486748140499));
#262 = CARTESIAN_POINT('',(3.365992128846,4.539250127709));
#263 = CARTESIAN_POINT('',(3.590391604103,4.591751901731));
#264 = CARTESIAN_POINT('',(3.81479107936,4.639937043609));
#265 = CARTESIAN_POINT('',(4.039190554616,4.679481071059));
#266 = CARTESIAN_POINT('',(4.263590029872,4.706969534047));
#267 = CARTESIAN_POINT('',(4.487989505128,4.720714762526));
#268 = CARTESIAN_POINT('',(4.712388980385,4.720714762526));
#269 = ( GEOMETRIC_REPRESENTATION_CONTEXT(2) 
PARAMETRIC_REPRESENTATION_CONTEXT() REPRESENTATION_CONTEXT('2D SPACE',''
  ) );
#270 = PCURVE('',#232,#271);
#271 = DEFINITIONAL_REPRESENTATION('',(#272),#281);
#272 = B_SPLINE_CURVE_WITH_KNOTS('',7,(#273,#274,#275,#276,#277,#278,
    #279,#280),.UNSPECIFIED.,.F.,.F.,(8,8),(4.712388980385,6.28318530718
    ),.PIECEWISE_BEZIER_KNOTS.);
#273 = CARTESIAN_POINT('',(3.14159265359,-7.105427357601E-14));
#274 = CARTESIAN_POINT('',(3.365992128846,-5.250198721046E-02));
#275 = CARTESIAN_POINT('',(3.590391604103,-0.105003761232));
#276 = CARTESIAN_POINT('',(3.814791079359,-0.153188903109));
#277 = CARTESIAN_POINT('',(4.039190554616,-0.19273293056));
#278 = CARTESIAN_POINT('',(4.263590029872,-0.220221393548));
#279 = CARTESIAN_POINT('',(4.487989505128,-0.233966622027));
#280 = CARTESIAN_POINT('',(4.712388980385,-0.233966622027));
#281 = ( GEOMETRIC_REPRESENTATION_CONTEXT(2) 
PARAMETRIC_REPRESENTATION_CONTEXT() REPRESENTATION_CONTEXT('2D SPACE',''
  ) );
#282 = ORIENTED_EDGE('',*,*,#283,.F.);
#283 = EDGE_CURVE('',#189,#250,#284,.T.);
#284 = SURFACE_CURVE('',#285,(#290,#303),.PCURVE_S1.);
#285 = ELLIPSE('',#286,4.76824355819,4.7625);
#286 = AXIS2_PLACEMENT_3D('',#287,#288,#289);
#287 = CARTESIAN_POINT('',(-75.97984570345,85.761343655867,0.));
#288 = DIRECTION('',(9.801714032956E-02,0.995184726672,0.));
#289 = DIRECTION('',(-0.995184726672,9.801714032956E-02,0.));
#290 = PCURVE('',#72,#291);
#291 = DEFINITIONAL_REPRESENTATION('',(#292),#302);
#292 = B_SPLINE_CURVE_WITH_KNOTS('',8,(#293,#294,#295,#296,#297,#298,
    #299,#300,#301),.UNSPECIFIED.,.F.,.F.,(9,9),(1.570796326795,
    4.712388980385),.PIECEWISE_BEZIER_KNOTS.);
#293 = CARTESIAN_POINT('',(0.,4.486748140499));
#294 = CARTESIAN_POINT('',(0.392699081699,4.394869662881));
#295 = CARTESIAN_POINT('',(0.785398163398,4.30299045267));
#296 = CARTESIAN_POINT('',(1.178097245093,4.232709679444));
#297 = CARTESIAN_POINT('',(1.570796326795,4.205567394274));
#298 = CARTESIAN_POINT('',(1.96349540849,4.232709679442));
#299 = CARTESIAN_POINT('',(2.356194490192,4.302990452669));
#300 = CARTESIAN_POINT('',(2.748893571891,4.394869662881));
#301 = CARTESIAN_POINT('',(3.14159265359,4.486748140499));
#302 = ( GEOMETRIC_REPRESENTATION_CONTEXT(2) 
PARAMETRIC_REPRESENTATION_CONTEXT() REPRESENTATION_CONTEXT('2D SPACE',''
  ) );
#303 = PCURVE('',#232,#304);
#304 = DEFINITIONAL_REPRESENTATION('',(#305),#315);
#305 = B_SPLINE_CURVE_WITH_KNOTS('',8,(#306,#307,#308,#309,#310,#311,
    #312,#313,#314),.UNSPECIFIED.,.F.,.F.,(9,9),(1.570796326795,
    4.712388980385),.PIECEWISE_BEZIER_KNOTS.);
#306 = CARTESIAN_POINT('',(0.,-7.105427357601E-14));
#307 = CARTESIAN_POINT('',(0.392699081699,9.187847761811E-02));
#308 = CARTESIAN_POINT('',(0.785398163398,0.183757687831));
#309 = CARTESIAN_POINT('',(1.178097245093,0.254038461046));
#310 = CARTESIAN_POINT('',(1.570796326795,0.281180746235));
#311 = CARTESIAN_POINT('',(1.96349540849,0.254038461046));
#312 = CARTESIAN_POINT('',(2.356194490192,0.183757687831));
#313 = CARTESIAN_POINT('',(2.748893571891,9.187847761811E-02));
#314 = CARTESIAN_POINT('',(3.14159265359,-7.105427357601E-14));
#315 = ( GEOMETRIC_REPRESENTATION_CONTEXT(2) 
PARAMETRIC_REPRESENTATION_CONTEXT() REPRESENTATION_CONTEXT('2D SPACE',''
  ) );
#316 = ORIENTED_EDGE('',*,*,#188,.F.);
#317 = ORIENTED_EDGE('',*,*,#123,.T.);
#318 = ORIENTED_EDGE('',*,*,#89,.T.);
#319 = ORIENTED_EDGE('',*,*,#50,.T.);
#320 = ADVANCED_FACE('',(#321),#232,.T.);
#321 = FACE_BOUND('',#322,.T.);
#322 = EDGE_LOOP('',(#323,#345,#384,#418,#452,#453,#454,#455));
#323 = ORIENTED_EDGE('',*,*,#324,.T.);
#324 = EDGE_CURVE('',#189,#325,#327,.T.);
#325 = VERTEX_POINT('',#326);
#326 = CARTESIAN_POINT('',(-75.32150302003,90.199529522577,4.7625));
#327 = SEAM_CURVE('',#328,(#332,#338),.PCURVE_S1.);
#328 = LINE('',#329,#330);
#329 = CARTESIAN_POINT('',(-75.97984570345,85.761343655868,4.7625));
#330 = VECTOR('',#331,1.);
#331 = DIRECTION('',(0.146730474455,0.989176509965,0.));
#332 = PCURVE('',#232,#333);
#333 = DEFINITIONAL_REPRESENTATION('',(#334),#337);
#334 = B_SPLINE_CURVE_WITH_KNOTS('',1,(#335,#336),.UNSPECIFIED.,.F.,.F.,
  (2,2),(-1.296403199132,5.783151339631),.PIECEWISE_BEZIER_KNOTS.);
#335 = CARTESIAN_POINT('',(6.28318530718,-1.296403199132));
#336 = CARTESIAN_POINT('',(6.28318530718,5.783151339631));
#337 = ( GEOMETRIC_REPRESENTATION_CONTEXT(2) 
PARAMETRIC_REPRESENTATION_CONTEXT() REPRESENTATION_CONTEXT('2D SPACE',''
  ) );
#338 = PCURVE('',#232,#339);
#339 = DEFINITIONAL_REPRESENTATION('',(#340),#344);
#340 = LINE('',#341,#342);
#341 = CARTESIAN_POINT('',(0.,0.));
#342 = VECTOR('',#343,1.);
#343 = DIRECTION('',(0.,1.));
#344 = ( GEOMETRIC_REPRESENTATION_CONTEXT(2) 
PARAMETRIC_REPRESENTATION_CONTEXT() REPRESENTATION_CONTEXT('2D SPACE',''
  ) );
#345 = ORIENTED_EDGE('',*,*,#346,.F.);
#346 = EDGE_CURVE('',#347,#325,#349,.T.);
#347 = VERTEX_POINT('',#348);
#348 = CARTESIAN_POINT('',(-79.99812611528,91.129767693796,
    -5.832380380939E-16));
#349 = SURFACE_CURVE('',#350,(#355,#367),.PCURVE_S1.);
#350 = ELLIPSE('',#351,4.76824355819,4.7625);
#351 = AXIS2_PLACEMENT_3D('',#352,#353,#354);
#352 = CARTESIAN_POINT('',(-75.32150302003,90.199529522577,0.));
#353 = DIRECTION('',(0.195090322016,0.980785280403,0.));
#354 = DIRECTION('',(-0.980785280403,0.195090322016,0.));
#355 = PCURVE('',#232,#356);
#356 = DEFINITIONAL_REPRESENTATION('',(#357),#366);
#357 = B_SPLINE_CURVE_WITH_KNOTS('',7,(#358,#359,#360,#361,#362,#363,
    #364,#365),.UNSPECIFIED.,.F.,.F.,(8,8),(0.,1.570796326795),
  .PIECEWISE_BEZIER_KNOTS.);
#358 = CARTESIAN_POINT('',(4.712388980385,4.720714762526));
#359 = CARTESIAN_POINT('',(4.936788455641,4.720714762526));
#360 = CARTESIAN_POINT('',(5.161187930898,4.706969534046));
#361 = CARTESIAN_POINT('',(5.385587406154,4.679481071059));
#362 = CARTESIAN_POINT('',(5.60998688141,4.639937043608));
#363 = CARTESIAN_POINT('',(5.834386356667,4.591751901731));
#364 = CARTESIAN_POINT('',(6.058785831923,4.539250127709));
#365 = CARTESIAN_POINT('',(6.28318530718,4.486748140499));
#366 = ( GEOMETRIC_REPRESENTATION_CONTEXT(2) 
PARAMETRIC_REPRESENTATION_CONTEXT() REPRESENTATION_CONTEXT('2D SPACE',''
  ) );
#367 = PCURVE('',#368,#373);
#368 = CYLINDRICAL_SURFACE('',#369,4.7625);
#369 = AXIS2_PLACEMENT_3D('',#370,#371,#372);
#370 = CARTESIAN_POINT('',(-75.32150302003,90.199529522577,0.));
#371 = DIRECTION('',(0.242980179903,0.970031253195,0.));
#372 = DIRECTION('',(1.076951031903E-16,-2.697621902562E-17,1.));
#373 = DEFINITIONAL_REPRESENTATION('',(#374),#383);
#374 = B_SPLINE_CURVE_WITH_KNOTS('',7,(#375,#376,#377,#378,#379,#380,
    #381,#382),.UNSPECIFIED.,.F.,.F.,(8,8),(0.,1.570796326795),
  .PIECEWISE_BEZIER_KNOTS.);
#375 = CARTESIAN_POINT('',(4.712388980385,-0.233966622027));
#376 = CARTESIAN_POINT('',(4.936788455641,-0.233966622027));
#377 = CARTESIAN_POINT('',(5.161187930898,-0.220221393548));
#378 = CARTESIAN_POINT('',(5.385587406154,-0.19273293056));
#379 = CARTESIAN_POINT('',(5.60998688141,-0.15318890311));
#380 = CARTESIAN_POINT('',(5.834386356667,-0.105003761232));
#381 = CARTESIAN_POINT('',(6.058785831923,-5.250198721065E-02));
#382 = CARTESIAN_POINT('',(6.28318530718,-2.557953848736E-13));
#383 = ( GEOMETRIC_REPRESENTATION_CONTEXT(2) 
PARAMETRIC_REPRESENTATION_CONTEXT() REPRESENTATION_CONTEXT('2D SPACE',''
  ) );
#384 = ORIENTED_EDGE('',*,*,#385,.F.);
#385 = EDGE_CURVE('',#386,#347,#388,.T.);
#386 = VERTEX_POINT('',#387);
#387 = CARTESIAN_POINT('',(-75.32150302003,90.199529522577,-4.7625));
#388 = SURFACE_CURVE('',#389,(#394,#406),.PCURVE_S1.);
#389 = ELLIPSE('',#390,4.76824355819,4.7625);
#390 = AXIS2_PLACEMENT_3D('',#391,#392,#393);
#391 = CARTESIAN_POINT('',(-75.32150302003,90.199529522577,0.));
#392 = DIRECTION('',(0.195090322016,0.980785280403,0.));
#393 = DIRECTION('',(-0.980785280403,0.195090322016,0.));
#394 = PCURVE('',#232,#395);
#395 = DEFINITIONAL_REPRESENTATION('',(#396),#405);
#396 = B_SPLINE_CURVE_WITH_KNOTS('',7,(#397,#398,#399,#400,#401,#402,
    #403,#404),.UNSPECIFIED.,.F.,.F.,(8,8),(4.712388980385,6.28318530718
    ),.PIECEWISE_BEZIER_KNOTS.);
#397 = CARTESIAN_POINT('',(3.14159265359,4.486748140499));
#398 = CARTESIAN_POINT('',(3.365992128846,4.539250127709));
#399 = CARTESIAN_POINT('',(3.590391604102,4.591751901729));
#400 = CARTESIAN_POINT('',(3.814791079361,4.639937043613));
#401 = CARTESIAN_POINT('',(4.039190554614,4.679481071055));
#402 = CARTESIAN_POINT('',(4.263590029872,4.706969534048));
#403 = CARTESIAN_POINT('',(4.487989505128,4.720714762526));
#404 = CARTESIAN_POINT('',(4.712388980385,4.720714762526));
#405 = ( GEOMETRIC_REPRESENTATION_CONTEXT(2) 
PARAMETRIC_REPRESENTATION_CONTEXT() REPRESENTATION_CONTEXT('2D SPACE',''
  ) );
#406 = PCURVE('',#368,#407);
#407 = DEFINITIONAL_REPRESENTATION('',(#408),#417);
#408 = B_SPLINE_CURVE_WITH_KNOTS('',7,(#409,#410,#411,#412,#413,#414,
    #415,#416),.UNSPECIFIED.,.F.,.F.,(8,8),(4.712388980385,6.28318530718
    ),.PIECEWISE_BEZIER_KNOTS.);
#409 = CARTESIAN_POINT('',(3.14159265359,-2.557953848736E-13));
#410 = CARTESIAN_POINT('',(3.365992128846,-5.250198721065E-02));
#411 = CARTESIAN_POINT('',(3.590391604102,-0.105003761232));
#412 = CARTESIAN_POINT('',(3.814791079361,-0.15318890311));
#413 = CARTESIAN_POINT('',(4.039190554614,-0.19273293056));
#414 = CARTESIAN_POINT('',(4.263590029872,-0.220221393548));
#415 = CARTESIAN_POINT('',(4.487989505128,-0.233966622027));
#416 = CARTESIAN_POINT('',(4.712388980385,-0.233966622027));
#417 = ( GEOMETRIC_REPRESENTATION_CONTEXT(2) 
PARAMETRIC_REPRESENTATION_CONTEXT() REPRESENTATION_CONTEXT('2D SPACE',''
  ) );
#418 = ORIENTED_EDGE('',*,*,#419,.F.);
#419 = EDGE_CURVE('',#325,#386,#420,.T.);
#420 = SURFACE_CURVE('',#421,(#426,#439),.PCURVE_S1.);
#421 = ELLIPSE('',#422,4.76824355819,4.7625);
#422 = AXIS2_PLACEMENT_3D('',#423,#424,#425);
#423 = CARTESIAN_POINT('',(-75.32150302003,90.199529522577,0.));
#424 = DIRECTION('',(0.195090322016,0.980785280403,0.));
#425 = DIRECTION('',(-0.980785280403,0.195090322016,0.));
#426 = PCURVE('',#232,#427);
#427 = DEFINITIONAL_REPRESENTATION('',(#428),#438);
#428 = B_SPLINE_CURVE_WITH_KNOTS('',8,(#429,#430,#431,#432,#433,#434,
    #435,#436,#437),.UNSPECIFIED.,.F.,.F.,(9,9),(1.570796326795,
    4.712388980385),.PIECEWISE_BEZIER_KNOTS.);
#429 = CARTESIAN_POINT('',(0.,4.486748140499));
#430 = CARTESIAN_POINT('',(0.392699081699,4.394869662881));
#431 = CARTESIAN_POINT('',(0.785398163396,4.302990452669));
#432 = CARTESIAN_POINT('',(1.178097245097,4.232709679439));
#433 = CARTESIAN_POINT('',(1.570796326789,4.205567394272));
#434 = CARTESIAN_POINT('',(1.963495408497,4.232709679443));
#435 = CARTESIAN_POINT('',(2.356194490191,4.30299045267));
#436 = CARTESIAN_POINT('',(2.748893571891,4.394869662881));
#437 = CARTESIAN_POINT('',(3.14159265359,4.486748140499));
#438 = ( GEOMETRIC_REPRESENTATION_CONTEXT(2) 
PARAMETRIC_REPRESENTATION_CONTEXT() REPRESENTATION_CONTEXT('2D SPACE',''
  ) );
#439 = PCURVE('',#368,#440);
#440 = DEFINITIONAL_REPRESENTATION('',(#441),#451);
#441 = B_SPLINE_CURVE_WITH_KNOTS('',8,(#442,#443,#444,#445,#446,#447,
    #448,#449,#450),.UNSPECIFIED.,.F.,.F.,(9,9),(1.570796326795,
    4.712388980385),.PIECEWISE_BEZIER_KNOTS.);
#442 = CARTESIAN_POINT('',(0.,-2.557953848736E-13));
#443 = CARTESIAN_POINT('',(0.392699081699,9.187847761793E-02));
#444 = CARTESIAN_POINT('',(0.785398163396,0.18375768783));
#445 = CARTESIAN_POINT('',(1.178097245096,0.254038461046));
#446 = CARTESIAN_POINT('',(1.570796326789,0.281180746235));
#447 = CARTESIAN_POINT('',(1.963495408495,0.254038461046));
#448 = CARTESIAN_POINT('',(2.356194490191,0.18375768783));
#449 = CARTESIAN_POINT('',(2.748893571891,9.187847761793E-02));
#450 = CARTESIAN_POINT('',(3.14159265359,-2.557953848736E-13));
#451 = ( GEOMETRIC_REPRESENTATION_CONTEXT(2) 
PARAMETRIC_REPRESENTATION_CONTEXT() REPRESENTATION_CONTEXT('2D SPACE',''
  ) );
#452 = ORIENTED_EDGE('',*,*,#324,.F.);
#453 = ORIENTED_EDGE('',*,*,#283,.T.);
#454 = ORIENTED_EDGE('',*,*,#249,.T.);
#455 = ORIENTED_EDGE('',*,*,#210,.T.);
#456 = ADVANCED_FACE('',(#457),#368,.T.);
#457 = FACE_BOUND('',#458,.T.);
#458 = EDGE_LOOP('',(#459,#481,#520,#554,#588,#589,#590,#591));
#459 = ORIENTED_EDGE('',*,*,#460,.T.);
#460 = EDGE_CURVE('',#325,#461,#463,.T.);
#461 = VERTEX_POINT('',#462);
#462 = CARTESIAN_POINT('',(-74.23131214967,94.551815444074,4.7625));
#463 = SEAM_CURVE('',#464,(#468,#474),.PCURVE_S1.);
#464 = LINE('',#465,#466);
#465 = CARTESIAN_POINT('',(-75.32150302003,90.199529522577,4.7625));
#466 = VECTOR('',#467,1.);
#467 = DIRECTION('',(0.242980179903,0.970031253195,0.));
#468 = PCURVE('',#368,#469);
#469 = DEFINITIONAL_REPRESENTATION('',(#470),#473);
#470 = B_SPLINE_CURVE_WITH_KNOTS('',1,(#471,#472),.UNSPECIFIED.,.F.,.F.,
  (2,2),(-1.296403199132,5.783151339631),.PIECEWISE_BEZIER_KNOTS.);
#471 = CARTESIAN_POINT('',(6.28318530718,-1.296403199132));
#472 = CARTESIAN_POINT('',(6.28318530718,5.783151339631));
#473 = ( GEOMETRIC_REPRESENTATION_CONTEXT(2) 
PARAMETRIC_REPRESENTATION_CONTEXT() REPRESENTATION_CONTEXT('2D SPACE',''
  ) );
#474 = PCURVE('',#368,#475);
#475 = DEFINITIONAL_REPRESENTATION('',(#476),#480);
#476 = LINE('',#477,#478);
#477 = CARTESIAN_POINT('',(0.,0.));
#478 = VECTOR('',#479,1.);
#479 = DIRECTION('',(0.,1.));
#480 = ( GEOMETRIC_REPRESENTATION_CONTEXT(2) 
PARAMETRIC_REPRESENTATION_CONTEXT() REPRESENTATION_CONTEXT('2D SPACE',''
  ) );
#481 = ORIENTED_EDGE('',*,*,#482,.F.);
#482 = EDGE_CURVE('',#483,#461,#485,.T.);
#483 = VERTEX_POINT('',#484);
#484 = CARTESIAN_POINT('',(-78.7942367411,95.935963486434,
    -5.832380380939E-16));
#485 = SURFACE_CURVE('',#486,(#491,#503),.PCURVE_S1.);
#486 = ELLIPSE('',#487,4.76824355819,4.7625);
#487 = AXIS2_PLACEMENT_3D('',#488,#489,#490);
#488 = CARTESIAN_POINT('',(-74.23131214967,94.551815444074,0.));
#489 = DIRECTION('',(0.290284677254,0.956940335732,0.));
#490 = DIRECTION('',(-0.956940335732,0.290284677254,0.));
#491 = PCURVE('',#368,#492);
#492 = DEFINITIONAL_REPRESENTATION('',(#493),#502);
#493 = B_SPLINE_CURVE_WITH_KNOTS('',7,(#494,#495,#496,#497,#498,#499,
    #500,#501),.UNSPECIFIED.,.F.,.F.,(8,8),(0.,1.570796326795),
  .PIECEWISE_BEZIER_KNOTS.);
#494 = CARTESIAN_POINT('',(4.712388980385,4.720714762526));
#495 = CARTESIAN_POINT('',(4.936788455641,4.720714762526));
#496 = CARTESIAN_POINT('',(5.161187930897,4.706969534046));
#497 = CARTESIAN_POINT('',(5.385587406154,4.67948107106));
#498 = CARTESIAN_POINT('',(5.60998688141,4.639937043607));
#499 = CARTESIAN_POINT('',(5.834386356667,4.591751901731));
#500 = CARTESIAN_POINT('',(6.058785831923,4.539250127709));
#501 = CARTESIAN_POINT('',(6.28318530718,4.486748140499));
#502 = ( GEOMETRIC_REPRESENTATION_CONTEXT(2) 
PARAMETRIC_REPRESENTATION_CONTEXT() REPRESENTATION_CONTEXT('2D SPACE',''
  ) );
#503 = PCURVE('',#504,#509);
#504 = CYLINDRICAL_SURFACE('',#505,4.7625);
#505 = AXIS2_PLACEMENT_3D('',#506,#507,#508);
#506 = CARTESIAN_POINT('',(-74.23131214967,94.551815444074,0.));
#507 = DIRECTION('',(0.336889853392,0.941544065183,0.));
#508 = DIRECTION('',(1.045323899865E-16,-3.740228719986E-17,1.));
#509 = DEFINITIONAL_REPRESENTATION('',(#510),#519);
#510 = B_SPLINE_CURVE_WITH_KNOTS('',7,(#511,#512,#513,#514,#515,#516,
    #517,#518),.UNSPECIFIED.,.F.,.F.,(8,8),(0.,1.570796326795),
  .PIECEWISE_BEZIER_KNOTS.);
#511 = CARTESIAN_POINT('',(4.712388980385,-0.233966622027));
#512 = CARTESIAN_POINT('',(4.936788455641,-0.233966622027));
#513 = CARTESIAN_POINT('',(5.161187930898,-0.220221393548));
#514 = CARTESIAN_POINT('',(5.385587406154,-0.19273293056));
#515 = CARTESIAN_POINT('',(5.609986881411,-0.15318890311));
#516 = CARTESIAN_POINT('',(5.834386356667,-0.105003761232));
#517 = CARTESIAN_POINT('',(6.058785831923,-5.250198721068E-02));
#518 = CARTESIAN_POINT('',(6.28318530718,-2.84217094304E-13));
#519 = ( GEOMETRIC_REPRESENTATION_CONTEXT(2) 
PARAMETRIC_REPRESENTATION_CONTEXT() REPRESENTATION_CONTEXT('2D SPACE',''
  ) );
#520 = ORIENTED_EDGE('',*,*,#521,.F.);
#521 = EDGE_CURVE('',#522,#483,#524,.T.);
#522 = VERTEX_POINT('',#523);
#523 = CARTESIAN_POINT('',(-74.23131214967,94.551815444074,-4.7625));
#524 = SURFACE_CURVE('',#525,(#530,#542),.PCURVE_S1.);
#525 = ELLIPSE('',#526,4.76824355819,4.7625);
#526 = AXIS2_PLACEMENT_3D('',#527,#528,#529);
#527 = CARTESIAN_POINT('',(-74.23131214967,94.551815444074,0.));
#528 = DIRECTION('',(0.290284677254,0.956940335732,0.));
#529 = DIRECTION('',(-0.956940335732,0.290284677254,0.));
#530 = PCURVE('',#368,#531);
#531 = DEFINITIONAL_REPRESENTATION('',(#532),#541);
#532 = B_SPLINE_CURVE_WITH_KNOTS('',7,(#533,#534,#535,#536,#537,#538,
    #539,#540),.UNSPECIFIED.,.F.,.F.,(8,8),(4.712388980385,6.28318530718
    ),.PIECEWISE_BEZIER_KNOTS.);
#533 = CARTESIAN_POINT('',(3.14159265359,4.486748140499));
#534 = CARTESIAN_POINT('',(3.365992128846,4.539250127709));
#535 = CARTESIAN_POINT('',(3.590391604102,4.591751901731));
#536 = CARTESIAN_POINT('',(3.814791079361,4.639937043608));
#537 = CARTESIAN_POINT('',(4.039190554614,4.679481071059));
#538 = CARTESIAN_POINT('',(4.263590029872,4.706969534046));
#539 = CARTESIAN_POINT('',(4.487989505128,4.720714762526));
#540 = CARTESIAN_POINT('',(4.712388980385,4.720714762526));
#541 = ( GEOMETRIC_REPRESENTATION_CONTEXT(2) 
PARAMETRIC_REPRESENTATION_CONTEXT() REPRESENTATION_CONTEXT('2D SPACE',''
  ) );
#542 = PCURVE('',#504,#543);
#543 = DEFINITIONAL_REPRESENTATION('',(#544),#553);
#544 = B_SPLINE_CURVE_WITH_KNOTS('',7,(#545,#546,#547,#548,#549,#550,
    #551,#552),.UNSPECIFIED.,.F.,.F.,(8,8),(4.712388980385,6.28318530718
    ),.PIECEWISE_BEZIER_KNOTS.);
#545 = CARTESIAN_POINT('',(3.14159265359,-2.84217094304E-13));
#546 = CARTESIAN_POINT('',(3.365992128846,-5.250198721068E-02));
#547 = CARTESIAN_POINT('',(3.590391604102,-0.105003761232));
#548 = CARTESIAN_POINT('',(3.81479107936,-0.15318890311));
#549 = CARTESIAN_POINT('',(4.039190554615,-0.19273293056));
#550 = CARTESIAN_POINT('',(4.263590029872,-0.220221393548));
#551 = CARTESIAN_POINT('',(4.487989505128,-0.233966622027));
#552 = CARTESIAN_POINT('',(4.712388980385,-0.233966622027));
#553 = ( GEOMETRIC_REPRESENTATION_CONTEXT(2) 
PARAMETRIC_REPRESENTATION_CONTEXT() REPRESENTATION_CONTEXT('2D SPACE',''
  ) );
#554 = ORIENTED_EDGE('',*,*,#555,.F.);
#555 = EDGE_CURVE('',#461,#522,#556,.T.);
#556 = SURFACE_CURVE('',#557,(#562,#575),.PCURVE_S1.);
#557 = ELLIPSE('',#558,4.76824355819,4.7625);
#558 = AXIS2_PLACEMENT_3D('',#559,#560,#561);
#559 = CARTESIAN_POINT('',(-74.23131214967,94.551815444074,0.));
#560 = DIRECTION('',(0.290284677254,0.956940335732,0.));
#561 = DIRECTION('',(-0.956940335732,0.290284677254,0.));
#562 = PCURVE('',#368,#563);
#563 = DEFINITIONAL_REPRESENTATION('',(#564),#574);
#564 = B_SPLINE_CURVE_WITH_KNOTS('',8,(#565,#566,#567,#568,#569,#570,
    #571,#572,#573),.UNSPECIFIED.,.F.,.F.,(9,9),(1.570796326795,
    4.712388980385),.PIECEWISE_BEZIER_KNOTS.);
#565 = CARTESIAN_POINT('',(0.,4.486748140499));
#566 = CARTESIAN_POINT('',(0.392699081699,4.394869662881));
#567 = CARTESIAN_POINT('',(0.785398163398,4.30299045267));
#568 = CARTESIAN_POINT('',(1.178097245094,4.23270967943));
#569 = CARTESIAN_POINT('',(1.570796326792,4.205567394289));
#570 = CARTESIAN_POINT('',(1.96349540849,4.232709679425));
#571 = CARTESIAN_POINT('',(2.356194490192,4.302990452671));
#572 = CARTESIAN_POINT('',(2.748893571891,4.394869662881));
#573 = CARTESIAN_POINT('',(3.14159265359,4.486748140499));
#574 = ( GEOMETRIC_REPRESENTATION_CONTEXT(2) 
PARAMETRIC_REPRESENTATION_CONTEXT() REPRESENTATION_CONTEXT('2D SPACE',''
  ) );
#575 = PCURVE('',#504,#576);
#576 = DEFINITIONAL_REPRESENTATION('',(#577),#587);
#577 = B_SPLINE_CURVE_WITH_KNOTS('',8,(#578,#579,#580,#581,#582,#583,
    #584,#585,#586),.UNSPECIFIED.,.F.,.F.,(9,9),(1.570796326795,
    4.712388980385),.PIECEWISE_BEZIER_KNOTS.);
#578 = CARTESIAN_POINT('',(0.,-2.84217094304E-13));
#579 = CARTESIAN_POINT('',(0.392699081699,9.187847761791E-02));
#580 = CARTESIAN_POINT('',(0.785398163396,0.18375768783));
#581 = CARTESIAN_POINT('',(1.178097245094,0.254038461046));
#582 = CARTESIAN_POINT('',(1.570796326792,0.281180746234));
#583 = CARTESIAN_POINT('',(1.963495408494,0.254038461046));
#584 = CARTESIAN_POINT('',(2.356194490191,0.183757687831));
#585 = CARTESIAN_POINT('',(2.748893571891,9.187847761791E-02));
#586 = CARTESIAN_POINT('',(3.14159265359,-2.84217094304E-13));
#587 = ( GEOMETRIC_REPRESENTATION_CONTEXT(2) 
PARAMETRIC_REPRESENTATION_CONTEXT() REPRESENTATION_CONTEXT('2D SPACE',''
  ) );
#588 = ORIENTED_EDGE('',*,*,#460,.F.);
#589 = ORIENTED_EDGE('',*,*,#419,.T.);
#590 = ORIENTED_EDGE('',*,*,#385,.T.);
#591 = ORIENTED_EDGE('',*,*,#346,.T.);
#592 = ADVANCED_FACE('',(#593),#504,.T.);
#593 = FACE_BOUND('',#594,.T.);
#594 = EDGE_LOOP('',(#595,#617,#656,#690,#724,#725,#726,#727));
#595 = ORIENTED_EDGE('',*,*,#596,.T.);
#596 = EDGE_CURVE('',#461,#597,#599,.T.);
#597 = VERTEX_POINT('',#598);
#598 = CARTESIAN_POINT('',(-72.71977222641,98.776286527732,4.7625));
#599 = SEAM_CURVE('',#600,(#604,#610),.PCURVE_S1.);
#600 = LINE('',#601,#602);
#601 = CARTESIAN_POINT('',(-74.23131214967,94.551815444074,4.7625));
#602 = VECTOR('',#603,1.);
#603 = DIRECTION('',(0.336889853392,0.941544065183,0.));
#604 = PCURVE('',#504,#605);
#605 = DEFINITIONAL_REPRESENTATION('',(#606),#609);
#606 = B_SPLINE_CURVE_WITH_KNOTS('',1,(#607,#608),.UNSPECIFIED.,.F.,.F.,
  (2,2),(-1.296403199132,5.783151339631),.PIECEWISE_BEZIER_KNOTS.);
#607 = CARTESIAN_POINT('',(6.28318530718,-1.296403199132));
#608 = CARTESIAN_POINT('',(6.28318530718,5.783151339631));
#609 = ( GEOMETRIC_REPRESENTATION_CONTEXT(2) 
PARAMETRIC_REPRESENTATION_CONTEXT() REPRESENTATION_CONTEXT('2D SPACE',''
  ) );
#610 = PCURVE('',#504,#611);
#611 = DEFINITIONAL_REPRESENTATION('',(#612),#616);
#612 = LINE('',#613,#614);
#613 = CARTESIAN_POINT('',(0.,0.));
#614 = VECTOR('',#615,1.);
#615 = DIRECTION('',(0.,1.));
#616 = ( GEOMETRIC_REPRESENTATION_CONTEXT(2) 
PARAMETRIC_REPRESENTATION_CONTEXT() REPRESENTATION_CONTEXT('2D SPACE',''
  ) );
#617 = ORIENTED_EDGE('',*,*,#618,.F.);
#618 = EDGE_CURVE('',#619,#597,#621,.T.);
#619 = VERTEX_POINT('',#620);
#620 = CARTESIAN_POINT('',(-77.12505485585,100.60101433893,
    -5.832380380939E-16));
#621 = SURFACE_CURVE('',#622,(#627,#639),.PCURVE_S1.);
#622 = ELLIPSE('',#623,4.76824355819,4.7625);
#623 = AXIS2_PLACEMENT_3D('',#624,#625,#626);
#624 = CARTESIAN_POINT('',(-72.71977222641,98.776286527732,0.));
#625 = DIRECTION('',(0.382683432365,0.923879532511,0.));
#626 = DIRECTION('',(-0.923879532511,0.382683432365,0.));
#627 = PCURVE('',#504,#628);
#628 = DEFINITIONAL_REPRESENTATION('',(#629),#638);
#629 = B_SPLINE_CURVE_WITH_KNOTS('',7,(#630,#631,#632,#633,#634,#635,
    #636,#637),.UNSPECIFIED.,.F.,.F.,(8,8),(0.,1.570796326795),
  .PIECEWISE_BEZIER_KNOTS.);
#630 = CARTESIAN_POINT('',(4.712388980385,4.720714762526));
#631 = CARTESIAN_POINT('',(4.936788455641,4.720714762526));
#632 = CARTESIAN_POINT('',(5.161187930898,4.706969534048));
#633 = CARTESIAN_POINT('',(5.385587406154,4.679481071057));
#634 = CARTESIAN_POINT('',(5.60998688141,4.63993704361));
#635 = CARTESIAN_POINT('',(5.834386356667,4.59175190173));
#636 = CARTESIAN_POINT('',(6.058785831923,4.539250127709));
#637 = CARTESIAN_POINT('',(6.28318530718,4.486748140499));
#638 = ( GEOMETRIC_REPRESENTATION_CONTEXT(2) 
PARAMETRIC_REPRESENTATION_CONTEXT() REPRESENTATION_CONTEXT('2D SPACE',''
  ) );
#639 = PCURVE('',#640,#645);
#640 = CYLINDRICAL_SURFACE('',#641,4.7625);
#641 = AXIS2_PLACEMENT_3D('',#642,#643,#644);
#642 = CARTESIAN_POINT('',(-72.71977222641,98.776286527732,0.));
#643 = DIRECTION('',(0.42755509343,0.903989293123,0.));
#644 = DIRECTION('',(1.00362972724E-16,-4.746815090221E-17,1.));
#645 = DEFINITIONAL_REPRESENTATION('',(#646),#655);
#646 = B_SPLINE_CURVE_WITH_KNOTS('',7,(#647,#648,#649,#650,#651,#652,
    #653,#654),.UNSPECIFIED.,.F.,.F.,(8,8),(0.,1.570796326795),
  .PIECEWISE_BEZIER_KNOTS.);
#647 = CARTESIAN_POINT('',(4.712388980385,-0.233966622027));
#648 = CARTESIAN_POINT('',(4.936788455641,-0.233966622027));
#649 = CARTESIAN_POINT('',(5.161187930898,-0.220221393548));
#650 = CARTESIAN_POINT('',(5.385587406154,-0.19273293056));
#651 = CARTESIAN_POINT('',(5.60998688141,-0.153188903109));
#652 = CARTESIAN_POINT('',(5.834386356667,-0.105003761232));
#653 = CARTESIAN_POINT('',(6.058785831923,-5.25019872106E-02));
#654 = CARTESIAN_POINT('',(6.28318530718,-2.060573933704E-13));
#655 = ( GEOMETRIC_REPRESENTATION_CONTEXT(2) 
PARAMETRIC_REPRESENTATION_CONTEXT() REPRESENTATION_CONTEXT('2D SPACE',''
  ) );
#656 = ORIENTED_EDGE('',*,*,#657,.F.);
#657 = EDGE_CURVE('',#658,#619,#660,.T.);
#658 = VERTEX_POINT('',#659);
#659 = CARTESIAN_POINT('',(-72.71977222641,98.776286527732,-4.7625));
#660 = SURFACE_CURVE('',#661,(#666,#678),.PCURVE_S1.);
#661 = ELLIPSE('',#662,4.76824355819,4.7625);
#662 = AXIS2_PLACEMENT_3D('',#663,#664,#665);
#663 = CARTESIAN_POINT('',(-72.71977222641,98.776286527732,0.));
#664 = DIRECTION('',(0.382683432365,0.923879532511,0.));
#665 = DIRECTION('',(-0.923879532511,0.382683432365,0.));
#666 = PCURVE('',#504,#667);
#667 = DEFINITIONAL_REPRESENTATION('',(#668),#677);
#668 = B_SPLINE_CURVE_WITH_KNOTS('',7,(#669,#670,#671,#672,#673,#674,
    #675,#676),.UNSPECIFIED.,.F.,.F.,(8,8),(4.712388980385,6.28318530718
    ),.PIECEWISE_BEZIER_KNOTS.);
#669 = CARTESIAN_POINT('',(3.14159265359,4.486748140499));
#670 = CARTESIAN_POINT('',(3.365992128846,4.539250127709));
#671 = CARTESIAN_POINT('',(3.590391604102,4.59175190173));
#672 = CARTESIAN_POINT('',(3.814791079361,4.639937043608));
#673 = CARTESIAN_POINT('',(4.039190554614,4.679481071058));
#674 = CARTESIAN_POINT('',(4.263590029872,4.706969534047));
#675 = CARTESIAN_POINT('',(4.487989505128,4.720714762526));
#676 = CARTESIAN_POINT('',(4.712388980385,4.720714762526));
#677 = ( GEOMETRIC_REPRESENTATION_CONTEXT(2) 
PARAMETRIC_REPRESENTATION_CONTEXT() REPRESENTATION_CONTEXT('2D SPACE',''
  ) );
#678 = PCURVE('',#640,#679);
#679 = DEFINITIONAL_REPRESENTATION('',(#680),#689);
#680 = B_SPLINE_CURVE_WITH_KNOTS('',7,(#681,#682,#683,#684,#685,#686,
    #687,#688),.UNSPECIFIED.,.F.,.F.,(8,8),(4.712388980385,6.28318530718
    ),.PIECEWISE_BEZIER_KNOTS.);
#681 = CARTESIAN_POINT('',(3.14159265359,-2.060573933704E-13));
#682 = CARTESIAN_POINT('',(3.365992128846,-5.25019872106E-02));
#683 = CARTESIAN_POINT('',(3.590391604102,-0.105003761232));
#684 = CARTESIAN_POINT('',(3.814791079361,-0.153188903109));
#685 = CARTESIAN_POINT('',(4.039190554614,-0.19273293056));
#686 = CARTESIAN_POINT('',(4.263590029872,-0.220221393548));
#687 = CARTESIAN_POINT('',(4.487989505128,-0.233966622027));
#688 = CARTESIAN_POINT('',(4.712388980385,-0.233966622027));
#689 = ( GEOMETRIC_REPRESENTATION_CONTEXT(2) 
PARAMETRIC_REPRESENTATION_CONTEXT() REPRESENTATION_CONTEXT('2D SPACE',''
  ) );
#690 = ORIENTED_EDGE('',*,*,#691,.F.);
#691 = EDGE_CURVE('',#597,#658,#692,.T.);
#692 = SURFACE_CURVE('',#693,(#698,#711),.PCURVE_S1.);
#693 = ELLIPSE('',#694,4.76824355819,4.7625);
#694 = AXIS2_PLACEMENT_3D('',#695,#696,#697);
#695 = CARTESIAN_POINT('',(-72.71977222641,98.776286527732,0.));
#696 = DIRECTION('',(0.382683432365,0.923879532511,0.));
#697 = DIRECTION('',(-0.923879532511,0.382683432365,0.));
#698 = PCURVE('',#504,#699);
#699 = DEFINITIONAL_REPRESENTATION('',(#700),#710);
#700 = B_SPLINE_CURVE_WITH_KNOTS('',8,(#701,#702,#703,#704,#705,#706,
    #707,#708,#709),.UNSPECIFIED.,.F.,.F.,(9,9),(1.570796326795,
    4.712388980385),.PIECEWISE_BEZIER_KNOTS.);
#701 = CARTESIAN_POINT('',(0.,4.486748140499));
#702 = CARTESIAN_POINT('',(0.392699081699,4.394869662881));
#703 = CARTESIAN_POINT('',(0.785398163397,4.302990452669));
#704 = CARTESIAN_POINT('',(1.178097245097,4.232709679428));
#705 = CARTESIAN_POINT('',(1.570796326786,4.205567394283));
#706 = CARTESIAN_POINT('',(1.963495408494,4.23270967943));
#707 = CARTESIAN_POINT('',(2.356194490191,4.302990452671));
#708 = CARTESIAN_POINT('',(2.748893571891,4.394869662881));
#709 = CARTESIAN_POINT('',(3.14159265359,4.486748140499));
#710 = ( GEOMETRIC_REPRESENTATION_CONTEXT(2) 
PARAMETRIC_REPRESENTATION_CONTEXT() REPRESENTATION_CONTEXT('2D SPACE',''
  ) );
#711 = PCURVE('',#640,#712);
#712 = DEFINITIONAL_REPRESENTATION('',(#713),#723);
#713 = B_SPLINE_CURVE_WITH_KNOTS('',8,(#714,#715,#716,#717,#718,#719,
    #720,#721,#722),.UNSPECIFIED.,.F.,.F.,(9,9),(1.570796326795,
    4.712388980385),.PIECEWISE_BEZIER_KNOTS.);
#714 = CARTESIAN_POINT('',(0.,-2.060573933704E-13));
#715 = CARTESIAN_POINT('',(0.392699081699,9.187847761799E-02));
#716 = CARTESIAN_POINT('',(0.785398163399,0.18375768783));
#717 = CARTESIAN_POINT('',(1.178097245091,0.254038461047));
#718 = CARTESIAN_POINT('',(1.570796326798,0.281180746234));
#719 = CARTESIAN_POINT('',(1.963495408488,0.254038461047));
#720 = CARTESIAN_POINT('',(2.356194490193,0.18375768783));
#721 = CARTESIAN_POINT('',(2.748893571891,9.187847761799E-02));
#722 = CARTESIAN_POINT('',(3.14159265359,-2.060573933704E-13));
#723 = ( GEOMETRIC_REPRESENTATION_CONTEXT(2) 
PARAMETRIC_REPRESENTATION_CONTEXT() REPRESENTATION_CONTEXT('2D SPACE',''
  ) );
#724 = ORIENTED_EDGE('',*,*,#596,.F.);
#725 = ORIENTED_EDGE('',*,*,#555,.T.);
#726 = ORIENTED_EDGE('',*,*,#521,.T.);
#727 = ORIENTED_EDGE('',*,*,#482,.T.);
#728 = ADVANCED_FACE('',(#729),#640,.T.);
#729 = FACE_BOUND('',#730,.T.);
#730 = EDGE_LOOP('',(#731,#753,#792,#826,#860,#861,#862,#863));
#731 = ORIENTED_EDGE('',*,*,#732,.T.);
#732 = EDGE_CURVE('',#597,#733,#735,.T.);
#733 = VERTEX_POINT('',#734);
#734 = CARTESIAN_POINT('',(-70.801440206,102.83225880768,4.7625));
#735 = SEAM_CURVE('',#736,(#740,#746),.PCURVE_S1.);
#736 = LINE('',#737,#738);
#737 = CARTESIAN_POINT('',(-72.71977222641,98.776286527732,4.7625));
#738 = VECTOR('',#739,1.);
#739 = DIRECTION('',(0.42755509343,0.903989293123,0.));
#740 = PCURVE('',#640,#741);
#741 = DEFINITIONAL_REPRESENTATION('',(#742),#745);
#742 = B_SPLINE_CURVE_WITH_KNOTS('',1,(#743,#744),.UNSPECIFIED.,.F.,.F.,
  (2,2),(-1.296403199132,5.783151339631),.PIECEWISE_BEZIER_KNOTS.);
#743 = CARTESIAN_POINT('',(6.28318530718,-1.296403199132));
#744 = CARTESIAN_POINT('',(6.28318530718,5.783151339631));
#745 = ( GEOMETRIC_REPRESENTATION_CONTEXT(2) 
PARAMETRIC_REPRESENTATION_CONTEXT() REPRESENTATION_CONTEXT('2D SPACE',''
  ) );
#746 = PCURVE('',#640,#747);
#747 = DEFINITIONAL_REPRESENTATION('',(#748),#752);
#748 = LINE('',#749,#750);
#749 = CARTESIAN_POINT('',(0.,0.));
#750 = VECTOR('',#751,1.);
#751 = DIRECTION('',(0.,1.));
#752 = ( GEOMETRIC_REPRESENTATION_CONTEXT(2) 
PARAMETRIC_REPRESENTATION_CONTEXT() REPRESENTATION_CONTEXT('2D SPACE',''
  ) );
#753 = ORIENTED_EDGE('',*,*,#754,.F.);
#754 = EDGE_CURVE('',#755,#733,#757,.T.);
#755 = VERTEX_POINT('',#756);
#756 = CARTESIAN_POINT('',(-75.00665559356,105.0799932614,
    -5.832380380939E-16));
#757 = SURFACE_CURVE('',#758,(#763,#775),.PCURVE_S1.);
#758 = ELLIPSE('',#759,4.76824355819,4.7625);
#759 = AXIS2_PLACEMENT_3D('',#760,#761,#762);
#760 = CARTESIAN_POINT('',(-70.801440206,102.83225880768,0.));
#761 = DIRECTION('',(0.471396736826,0.881921264348,0.));
#762 = DIRECTION('',(-0.881921264348,0.471396736826,0.));
#763 = PCURVE('',#640,#764);
#764 = DEFINITIONAL_REPRESENTATION('',(#765),#774);
#765 = B_SPLINE_CURVE_WITH_KNOTS('',7,(#766,#767,#768,#769,#770,#771,
    #772,#773),.UNSPECIFIED.,.F.,.F.,(8,8),(0.,1.570796326795),
  .PIECEWISE_BEZIER_KNOTS.);
#766 = CARTESIAN_POINT('',(4.712388980385,4.720714762526));
#767 = CARTESIAN_POINT('',(4.936788455641,4.720714762526));
#768 = CARTESIAN_POINT('',(5.161187930898,4.706969534047));
#769 = CARTESIAN_POINT('',(5.385587406154,4.67948107106));
#770 = CARTESIAN_POINT('',(5.60998688141,4.639937043608));
#771 = CARTESIAN_POINT('',(5.834386356667,4.591751901732));
#772 = CARTESIAN_POINT('',(6.058785831923,4.53925012771));
#773 = CARTESIAN_POINT('',(6.28318530718,4.486748140499));
#774 = ( GEOMETRIC_REPRESENTATION_CONTEXT(2) 
PARAMETRIC_REPRESENTATION_CONTEXT() REPRESENTATION_CONTEXT('2D SPACE',''
  ) );
#775 = PCURVE('',#776,#781);
#776 = CYLINDRICAL_SURFACE('',#777,4.7625);
#777 = AXIS2_PLACEMENT_3D('',#778,#779,#780);
#778 = CARTESIAN_POINT('',(-70.801440206,102.83225880768,0.));
#779 = DIRECTION('',(0.514102744193,0.85772861,0.));
#780 = DIRECTION('',(9.52270051702E-17,-5.707687036263E-17,1.));
#781 = DEFINITIONAL_REPRESENTATION('',(#782),#791);
#782 = B_SPLINE_CURVE_WITH_KNOTS('',7,(#783,#784,#785,#786,#787,#788,
    #789,#790),.UNSPECIFIED.,.F.,.F.,(8,8),(0.,1.570796326795),
  .PIECEWISE_BEZIER_KNOTS.);
#783 = CARTESIAN_POINT('',(4.712388980385,-0.233966622027));
#784 = CARTESIAN_POINT('',(4.936788455641,-0.233966622027));
#785 = CARTESIAN_POINT('',(5.161187930897,-0.220221393548));
#786 = CARTESIAN_POINT('',(5.385587406154,-0.192732930559));
#787 = CARTESIAN_POINT('',(5.60998688141,-0.153188903109));
#788 = CARTESIAN_POINT('',(5.834386356667,-0.105003761232));
#789 = CARTESIAN_POINT('',(6.058785831923,-5.250198721018E-02));
#790 = CARTESIAN_POINT('',(6.28318530718,2.13162820728E-13));
#791 = ( GEOMETRIC_REPRESENTATION_CONTEXT(2) 
PARAMETRIC_REPRESENTATION_CONTEXT() REPRESENTATION_CONTEXT('2D SPACE',''
  ) );
#792 = ORIENTED_EDGE('',*,*,#793,.F.);
#793 = EDGE_CURVE('',#794,#755,#796,.T.);
#794 = VERTEX_POINT('',#795);
#795 = CARTESIAN_POINT('',(-70.801440206,102.83225880768,-4.7625));
#796 = SURFACE_CURVE('',#797,(#802,#814),.PCURVE_S1.);
#797 = ELLIPSE('',#798,4.76824355819,4.7625);
#798 = AXIS2_PLACEMENT_3D('',#799,#800,#801);
#799 = CARTESIAN_POINT('',(-70.801440206,102.83225880768,0.));
#800 = DIRECTION('',(0.471396736826,0.881921264348,0.));
#801 = DIRECTION('',(-0.881921264348,0.471396736826,0.));
#802 = PCURVE('',#640,#803);
#803 = DEFINITIONAL_REPRESENTATION('',(#804),#813);
#804 = B_SPLINE_CURVE_WITH_KNOTS('',7,(#805,#806,#807,#808,#809,#810,
    #811,#812),.UNSPECIFIED.,.F.,.F.,(8,8),(4.712388980385,6.28318530718
    ),.PIECEWISE_BEZIER_KNOTS.);
#805 = CARTESIAN_POINT('',(3.14159265359,4.486748140499));
#806 = CARTESIAN_POINT('',(3.365992128846,4.53925012771));
#807 = CARTESIAN_POINT('',(3.590391604102,4.591751901731));
#808 = CARTESIAN_POINT('',(3.81479107936,4.63993704361));
#809 = CARTESIAN_POINT('',(4.039190554616,4.679481071058));
#810 = CARTESIAN_POINT('',(4.263590029872,4.706969534047));
#811 = CARTESIAN_POINT('',(4.487989505128,4.720714762526));
#812 = CARTESIAN_POINT('',(4.712388980385,4.720714762526));
#813 = ( GEOMETRIC_REPRESENTATION_CONTEXT(2) 
PARAMETRIC_REPRESENTATION_CONTEXT() REPRESENTATION_CONTEXT('2D SPACE',''
  ) );
#814 = PCURVE('',#776,#815);
#815 = DEFINITIONAL_REPRESENTATION('',(#816),#825);
#816 = B_SPLINE_CURVE_WITH_KNOTS('',7,(#817,#818,#819,#820,#821,#822,
    #823,#824),.UNSPECIFIED.,.F.,.F.,(8,8),(4.712388980385,6.28318530718
    ),.PIECEWISE_BEZIER_KNOTS.);
#817 = CARTESIAN_POINT('',(3.14159265359,2.13162820728E-13));
#818 = CARTESIAN_POINT('',(3.365992128846,-5.250198721018E-02));
#819 = CARTESIAN_POINT('',(3.590391604102,-0.105003761232));
#820 = CARTESIAN_POINT('',(3.814791079361,-0.153188903109));
#821 = CARTESIAN_POINT('',(4.039190554614,-0.192732930559));
#822 = CARTESIAN_POINT('',(4.263590029872,-0.220221393548));
#823 = CARTESIAN_POINT('',(4.487989505128,-0.233966622027));
#824 = CARTESIAN_POINT('',(4.712388980385,-0.233966622027));
#825 = ( GEOMETRIC_REPRESENTATION_CONTEXT(2) 
PARAMETRIC_REPRESENTATION_CONTEXT() REPRESENTATION_CONTEXT('2D SPACE',''
  ) );
#826 = ORIENTED_EDGE('',*,*,#827,.F.);
#827 = EDGE_CURVE('',#733,#794,#828,.T.);
#828 = SURFACE_CURVE('',#829,(#834,#847),.PCURVE_S1.);
#829 = ELLIPSE('',#830,4.76824355819,4.7625);
#830 = AXIS2_PLACEMENT_3D('',#831,#832,#833);
#831 = CARTESIAN_POINT('',(-70.801440206,102.83225880768,0.));
#832 = DIRECTION('',(0.471396736826,0.881921264348,0.));
#833 = DIRECTION('',(-0.881921264348,0.471396736826,0.));
#834 = PCURVE('',#640,#835);
#835 = DEFINITIONAL_REPRESENTATION('',(#836),#846);
#836 = B_SPLINE_CURVE_WITH_KNOTS('',8,(#837,#838,#839,#840,#841,#842,
    #843,#844,#845),.UNSPECIFIED.,.F.,.F.,(9,9),(1.570796326795,
    4.712388980385),.PIECEWISE_BEZIER_KNOTS.);
#837 = CARTESIAN_POINT('',(0.,4.486748140499));
#838 = CARTESIAN_POINT('',(0.392699081699,4.394869662881));
#839 = CARTESIAN_POINT('',(0.785398163397,4.302990452665));
#840 = CARTESIAN_POINT('',(1.178097245093,4.232709679457));
#841 = CARTESIAN_POINT('',(1.570796326792,4.20556739424));
#842 = CARTESIAN_POINT('',(1.96349540849,4.232709679453));
#843 = CARTESIAN_POINT('',(2.356194490192,4.302990452664));
#844 = CARTESIAN_POINT('',(2.748893571891,4.394869662881));
#845 = CARTESIAN_POINT('',(3.14159265359,4.486748140499));
#846 = ( GEOMETRIC_REPRESENTATION_CONTEXT(2) 
PARAMETRIC_REPRESENTATION_CONTEXT() REPRESENTATION_CONTEXT('2D SPACE',''
  ) );
#847 = PCURVE('',#776,#848);
#848 = DEFINITIONAL_REPRESENTATION('',(#849),#859);
#849 = B_SPLINE_CURVE_WITH_KNOTS('',8,(#850,#851,#852,#853,#854,#855,
    #856,#857,#858),.UNSPECIFIED.,.F.,.F.,(9,9),(1.570796326795,
    4.712388980385),.PIECEWISE_BEZIER_KNOTS.);
#850 = CARTESIAN_POINT('',(0.,2.13162820728E-13));
#851 = CARTESIAN_POINT('',(0.392699081699,9.18784776184E-02));
#852 = CARTESIAN_POINT('',(0.785398163399,0.183757687831));
#853 = CARTESIAN_POINT('',(1.178097245086,0.254038461047));
#854 = CARTESIAN_POINT('',(1.570796326803,0.281180746235));
#855 = CARTESIAN_POINT('',(1.963495408486,0.254038461047));
#856 = CARTESIAN_POINT('',(2.356194490194,0.183757687831));
#857 = CARTESIAN_POINT('',(2.748893571891,9.18784776184E-02));
#858 = CARTESIAN_POINT('',(3.14159265359,2.13162820728E-13));
#859 = ( GEOMETRIC_REPRESENTATION_CONTEXT(2) 
PARAMETRIC_REPRESENTATION_CONTEXT() REPRESENTATION_CONTEXT('2D SPACE',''
  ) );
#860 = ORIENTED_EDGE('',*,*,#732,.F.);
#861 = ORIENTED_EDGE('',*,*,#691,.T.);
#862 = ORIENTED_EDGE('',*,*,#657,.T.);
#863 = ORIENTED_EDGE('',*,*,#618,.T.);
#864 = ADVANCED_FACE('',(#865),#776,.T.);
#865 = FACE_BOUND('',#866,.T.);
#866 = EDGE_LOOP('',(#867,#889,#928,#962,#996,#997,#998,#999));
#867 = ORIENTED_EDGE('',*,*,#868,.T.);
#868 = EDGE_CURVE('',#733,#869,#871,.T.);
#869 = VERTEX_POINT('',#870);
#870 = CARTESIAN_POINT('',(-68.49479067447,106.68067105365,4.7625));
#871 = SEAM_CURVE('',#872,(#876,#882),.PCURVE_S1.);
#872 = LINE('',#873,#874);
#873 = CARTESIAN_POINT('',(-70.801440206,102.83225880768,4.7625));
#874 = VECTOR('',#875,1.);
#875 = DIRECTION('',(0.514102744193,0.85772861,0.));
#876 = PCURVE('',#776,#877);
#877 = DEFINITIONAL_REPRESENTATION('',(#878),#881);
#878 = B_SPLINE_CURVE_WITH_KNOTS('',1,(#879,#880),.UNSPECIFIED.,.F.,.F.,
  (2,2),(-1.296403199132,5.783151339631),.PIECEWISE_BEZIER_KNOTS.);
#879 = CARTESIAN_POINT('',(6.28318530718,-1.296403199132));
#880 = CARTESIAN_POINT('',(6.28318530718,5.783151339631));
#881 = ( GEOMETRIC_REPRESENTATION_CONTEXT(2) 
PARAMETRIC_REPRESENTATION_CONTEXT() REPRESENTATION_CONTEXT('2D SPACE',''
  ) );
#882 = PCURVE('',#776,#883);
#883 = DEFINITIONAL_REPRESENTATION('',(#884),#888);
#884 = LINE('',#885,#886);
#885 = CARTESIAN_POINT('',(0.,0.));
#886 = VECTOR('',#887,1.);
#887 = DIRECTION('',(0.,1.));
#888 = ( GEOMETRIC_REPRESENTATION_CONTEXT(2) 
PARAMETRIC_REPRESENTATION_CONTEXT() REPRESENTATION_CONTEXT('2D SPACE',''
  ) );
#889 = ORIENTED_EDGE('',*,*,#890,.F.);
#890 = EDGE_CURVE('',#891,#869,#893,.T.);
#891 = VERTEX_POINT('',#892);
#892 = CARTESIAN_POINT('',(-72.45944029716,109.32976523837,
    -5.832380380939E-16));
#893 = SURFACE_CURVE('',#894,(#899,#911),.PCURVE_S1.);
#894 = ELLIPSE('',#895,4.76824355819,4.7625);
#895 = AXIS2_PLACEMENT_3D('',#896,#897,#898);
#896 = CARTESIAN_POINT('',(-68.49479067447,106.68067105365,0.));
#897 = DIRECTION('',(0.55557023302,0.831469612303,0.));
#898 = DIRECTION('',(-0.831469612303,0.55557023302,0.));
#899 = PCURVE('',#776,#900);
#900 = DEFINITIONAL_REPRESENTATION('',(#901),#910);
#901 = B_SPLINE_CURVE_WITH_KNOTS('',7,(#902,#903,#904,#905,#906,#907,
    #908,#909),.UNSPECIFIED.,.F.,.F.,(8,8),(0.,1.570796326795),
  .PIECEWISE_BEZIER_KNOTS.);
#902 = CARTESIAN_POINT('',(4.712388980385,4.720714762526));
#903 = CARTESIAN_POINT('',(4.936788455641,4.720714762526));
#904 = CARTESIAN_POINT('',(5.161187930898,4.706969534047));
#905 = CARTESIAN_POINT('',(5.385587406154,4.679481071059));
#906 = CARTESIAN_POINT('',(5.60998688141,4.639937043608));
#907 = CARTESIAN_POINT('',(5.834386356667,4.591751901731));
#908 = CARTESIAN_POINT('',(6.058785831923,4.539250127709));
#909 = CARTESIAN_POINT('',(6.28318530718,4.486748140499));
#910 = ( GEOMETRIC_REPRESENTATION_CONTEXT(2) 
PARAMETRIC_REPRESENTATION_CONTEXT() REPRESENTATION_CONTEXT('2D SPACE',''
  ) );
#911 = PCURVE('',#912,#917);
#912 = CYLINDRICAL_SURFACE('',#913,4.7625);
#913 = AXIS2_PLACEMENT_3D('',#914,#915,#916);
#914 = CARTESIAN_POINT('',(-68.49479067447,106.68067105365,0.));
#915 = DIRECTION('',(0.595699304492,0.803207531481,0.));
#916 = DIRECTION('',(8.917394950022E-17,-6.613590836007E-17,1.));
#917 = DEFINITIONAL_REPRESENTATION('',(#918),#927);
#918 = B_SPLINE_CURVE_WITH_KNOTS('',7,(#919,#920,#921,#922,#923,#924,
    #925,#926),.UNSPECIFIED.,.F.,.F.,(8,8),(0.,1.570796326795),
  .PIECEWISE_BEZIER_KNOTS.);
#919 = CARTESIAN_POINT('',(4.712388980385,-0.233966622027));
#920 = CARTESIAN_POINT('',(4.936788455641,-0.233966622027));
#921 = CARTESIAN_POINT('',(5.161187930898,-0.220221393548));
#922 = CARTESIAN_POINT('',(5.385587406153,-0.19273293056));
#923 = CARTESIAN_POINT('',(5.609986881413,-0.153188903109));
#924 = CARTESIAN_POINT('',(5.834386356666,-0.105003761232));
#925 = CARTESIAN_POINT('',(6.058785831923,-5.250198721043E-02));
#926 = CARTESIAN_POINT('',(6.28318530718,-4.263256414561E-14));
#927 = ( GEOMETRIC_REPRESENTATION_CONTEXT(2) 
PARAMETRIC_REPRESENTATION_CONTEXT() REPRESENTATION_CONTEXT('2D SPACE',''
  ) );
#928 = ORIENTED_EDGE('',*,*,#929,.F.);
#929 = EDGE_CURVE('',#930,#891,#932,.T.);
#930 = VERTEX_POINT('',#931);
#931 = CARTESIAN_POINT('',(-68.49479067447,106.68067105365,-4.7625));
#932 = SURFACE_CURVE('',#933,(#938,#950),.PCURVE_S1.);
#933 = ELLIPSE('',#934,4.76824355819,4.7625);
#934 = AXIS2_PLACEMENT_3D('',#935,#936,#937);
#935 = CARTESIAN_POINT('',(-68.49479067447,106.68067105365,0.));
#936 = DIRECTION('',(0.55557023302,0.831469612303,0.));
#937 = DIRECTION('',(-0.831469612303,0.55557023302,0.));
#938 = PCURVE('',#776,#939);
#939 = DEFINITIONAL_REPRESENTATION('',(#940),#949);
#940 = B_SPLINE_CURVE_WITH_KNOTS('',7,(#941,#942,#943,#944,#945,#946,
    #947,#948),.UNSPECIFIED.,.F.,.F.,(8,8),(4.712388980385,6.28318530718
    ),.PIECEWISE_BEZIER_KNOTS.);
#941 = CARTESIAN_POINT('',(3.14159265359,4.486748140499));
#942 = CARTESIAN_POINT('',(3.365992128846,4.539250127709));
#943 = CARTESIAN_POINT('',(3.590391604102,4.591751901731));
#944 = CARTESIAN_POINT('',(3.81479107936,4.639937043608));
#945 = CARTESIAN_POINT('',(4.039190554615,4.67948107106));
#946 = CARTESIAN_POINT('',(4.263590029872,4.706969534047));
#947 = CARTESIAN_POINT('',(4.487989505128,4.720714762526));
#948 = CARTESIAN_POINT('',(4.712388980385,4.720714762526));
#949 = ( GEOMETRIC_REPRESENTATION_CONTEXT(2) 
PARAMETRIC_REPRESENTATION_CONTEXT() REPRESENTATION_CONTEXT('2D SPACE',''
  ) );
#950 = PCURVE('',#912,#951);
#951 = DEFINITIONAL_REPRESENTATION('',(#952),#961);
#952 = B_SPLINE_CURVE_WITH_KNOTS('',7,(#953,#954,#955,#956,#957,#958,
    #959,#960),.UNSPECIFIED.,.F.,.F.,(8,8),(4.712388980385,6.28318530718
    ),.PIECEWISE_BEZIER_KNOTS.);
#953 = CARTESIAN_POINT('',(3.14159265359,-4.263256414561E-14));
#954 = CARTESIAN_POINT('',(3.365992128846,-5.250198721043E-02));
#955 = CARTESIAN_POINT('',(3.590391604103,-0.105003761232));
#956 = CARTESIAN_POINT('',(3.814791079359,-0.153188903109));
#957 = CARTESIAN_POINT('',(4.039190554615,-0.19273293056));
#958 = CARTESIAN_POINT('',(4.263590029872,-0.220221393548));
#959 = CARTESIAN_POINT('',(4.487989505128,-0.233966622027));
#960 = CARTESIAN_POINT('',(4.712388980385,-0.233966622027));
#961 = ( GEOMETRIC_REPRESENTATION_CONTEXT(2) 
PARAMETRIC_REPRESENTATION_CONTEXT() REPRESENTATION_CONTEXT('2D SPACE',''
  ) );
#962 = ORIENTED_EDGE('',*,*,#963,.F.);
#963 = EDGE_CURVE('',#869,#930,#964,.T.);
#964 = SURFACE_CURVE('',#965,(#970,#983),.PCURVE_S1.);
#965 = ELLIPSE('',#966,4.76824355819,4.7625);
#966 = AXIS2_PLACEMENT_3D('',#967,#968,#969);
#967 = CARTESIAN_POINT('',(-68.49479067447,106.68067105365,0.));
#968 = DIRECTION('',(0.55557023302,0.831469612303,0.));
#969 = DIRECTION('',(-0.831469612303,0.55557023302,0.));
#970 = PCURVE('',#776,#971);
#971 = DEFINITIONAL_REPRESENTATION('',(#972),#982);
#972 = B_SPLINE_CURVE_WITH_KNOTS('',8,(#973,#974,#975,#976,#977,#978,
    #979,#980,#981),.UNSPECIFIED.,.F.,.F.,(9,9),(1.570796326795,
    4.712388980385),.PIECEWISE_BEZIER_KNOTS.);
#973 = CARTESIAN_POINT('',(0.,4.486748140499));
#974 = CARTESIAN_POINT('',(0.392699081699,4.394869662881));
#975 = CARTESIAN_POINT('',(0.785398163397,4.302990452658));
#976 = CARTESIAN_POINT('',(1.178097245096,4.232709679486));
#977 = CARTESIAN_POINT('',(1.570796326788,4.205567394208));
#978 = CARTESIAN_POINT('',(1.963495408494,4.232709679485));
#979 = CARTESIAN_POINT('',(2.356194490192,4.302990452658));
#980 = CARTESIAN_POINT('',(2.748893571891,4.394869662881));
#981 = CARTESIAN_POINT('',(3.14159265359,4.486748140499));
#982 = ( GEOMETRIC_REPRESENTATION_CONTEXT(2) 
PARAMETRIC_REPRESENTATION_CONTEXT() REPRESENTATION_CONTEXT('2D SPACE',''
  ) );
#983 = PCURVE('',#912,#984);
#984 = DEFINITIONAL_REPRESENTATION('',(#985),#995);
#985 = B_SPLINE_CURVE_WITH_KNOTS('',8,(#986,#987,#988,#989,#990,#991,
    #992,#993,#994),.UNSPECIFIED.,.F.,.F.,(9,9),(1.570796326795,
    4.712388980385),.PIECEWISE_BEZIER_KNOTS.);
#986 = CARTESIAN_POINT('',(-2.6645352591E-15,-4.263256414561E-14));
#987 = CARTESIAN_POINT('',(0.392699081699,9.187847761814E-02));
#988 = CARTESIAN_POINT('',(0.785398163398,0.183757687831));
#989 = CARTESIAN_POINT('',(1.178097245094,0.254038461047));
#990 = CARTESIAN_POINT('',(1.570796326794,0.281180746234));
#991 = CARTESIAN_POINT('',(1.96349540849,0.254038461046));
#992 = CARTESIAN_POINT('',(2.356194490192,0.183757687831));
#993 = CARTESIAN_POINT('',(2.748893571891,9.187847761814E-02));
#994 = CARTESIAN_POINT('',(3.14159265359,-4.263256414561E-14));
#995 = ( GEOMETRIC_REPRESENTATION_CONTEXT(2) 
PARAMETRIC_REPRESENTATION_CONTEXT() REPRESENTATION_CONTEXT('2D SPACE',''
  ) );
#996 = ORIENTED_EDGE('',*,*,#868,.F.);
#997 = ORIENTED_EDGE('',*,*,#827,.T.);
#998 = ORIENTED_EDGE('',*,*,#793,.T.);
#999 = ORIENTED_EDGE('',*,*,#754,.T.);
#1000 = ADVANCED_FACE('',(#1001),#912,.T.);
#1001 = FACE_BOUND('',#1002,.T.);
#1002 = EDGE_LOOP('',(#1003,#1025,#1064,#1098,#1132,#1133,#1134,#1135));
#1003 = ORIENTED_EDGE('',*,*,#1004,.T.);
#1004 = EDGE_CURVE('',#869,#1005,#1007,.T.);
#1005 = VERTEX_POINT('',#1006);
#1006 = CARTESIAN_POINT('',(-65.82203792774,110.28446095196,4.7625));
#1007 = SEAM_CURVE('',#1008,(#1012,#1018),.PCURVE_S1.);
#1008 = LINE('',#1009,#1010);
#1009 = CARTESIAN_POINT('',(-68.49479067447,106.68067105365,4.7625));
#1010 = VECTOR('',#1011,1.);
#1011 = DIRECTION('',(0.595699304492,0.803207531481,0.));
#1012 = PCURVE('',#912,#1013);
#1013 = DEFINITIONAL_REPRESENTATION('',(#1014),#1017);
#1014 = B_SPLINE_CURVE_WITH_KNOTS('',1,(#1015,#1016),.UNSPECIFIED.,.F.,
  .F.,(2,2),(-1.296403199132,5.783151339631),.PIECEWISE_BEZIER_KNOTS.);
#1015 = CARTESIAN_POINT('',(6.28318530718,-1.296403199132));
#1016 = CARTESIAN_POINT('',(6.28318530718,5.783151339631));
#1017 = ( GEOMETRIC_REPRESENTATION_CONTEXT(2) 
PARAMETRIC_REPRESENTATION_CONTEXT() REPRESENTATION_CONTEXT('2D SPACE',''
  ) );
#1018 = PCURVE('',#912,#1019);
#1019 = DEFINITIONAL_REPRESENTATION('',(#1020),#1024);
#1020 = LINE('',#1021,#1022);
#1021 = CARTESIAN_POINT('',(0.,0.));
#1022 = VECTOR('',#1023,1.);
#1023 = DIRECTION('',(0.,1.));
#1024 = ( GEOMETRIC_REPRESENTATION_CONTEXT(2) 
PARAMETRIC_REPRESENTATION_CONTEXT() REPRESENTATION_CONTEXT('2D SPACE',''
  ) );
#1025 = ORIENTED_EDGE('',*,*,#1026,.F.);
#1026 = EDGE_CURVE('',#1027,#1005,#1029,.T.);
#1027 = VERTEX_POINT('',#1028);
#1028 = CARTESIAN_POINT('',(-69.5079400424,113.30940264253,
    -5.832380380939E-16));
#1029 = SURFACE_CURVE('',#1030,(#1035,#1047),.PCURVE_S1.);
#1030 = ELLIPSE('',#1031,4.76824355819,4.7625);
#1031 = AXIS2_PLACEMENT_3D('',#1032,#1033,#1034);
#1032 = CARTESIAN_POINT('',(-65.82203792774,110.28446095196,0.));
#1033 = DIRECTION('',(0.634393284164,0.773010453363,0.));
#1034 = DIRECTION('',(-0.773010453363,0.634393284164,0.));
#1035 = PCURVE('',#912,#1036);
#1036 = DEFINITIONAL_REPRESENTATION('',(#1037),#1046);
#1037 = B_SPLINE_CURVE_WITH_KNOTS('',7,(#1038,#1039,#1040,#1041,#1042,
    #1043,#1044,#1045),.UNSPECIFIED.,.F.,.F.,(8,8),(0.,1.570796326795),
  .PIECEWISE_BEZIER_KNOTS.);
#1038 = CARTESIAN_POINT('',(4.712388980385,4.720714762526));
#1039 = CARTESIAN_POINT('',(4.936788455641,4.720714762526));
#1040 = CARTESIAN_POINT('',(5.161187930898,4.706969534046));
#1041 = CARTESIAN_POINT('',(5.385587406154,4.679481071061));
#1042 = CARTESIAN_POINT('',(5.60998688141,4.639937043606));
#1043 = CARTESIAN_POINT('',(5.834386356667,4.591751901731));
#1044 = CARTESIAN_POINT('',(6.058785831923,4.539250127709));
#1045 = CARTESIAN_POINT('',(6.28318530718,4.486748140499));
#1046 = ( GEOMETRIC_REPRESENTATION_CONTEXT(2) 
PARAMETRIC_REPRESENTATION_CONTEXT() REPRESENTATION_CONTEXT('2D SPACE',''
  ) );
#1047 = PCURVE('',#1048,#1053);
#1048 = CYLINDRICAL_SURFACE('',#1049,4.7625);
#1049 = AXIS2_PLACEMENT_3D('',#1050,#1051,#1052);
#1050 = CARTESIAN_POINT('',(-65.82203792774,110.28446095196,0.));
#1051 = DIRECTION('',(0.671558954847,0.740951125355,0.));
#1052 = DIRECTION('',(8.22620999491E-17,-7.455802140644E-17,1.));
#1053 = DEFINITIONAL_REPRESENTATION('',(#1054),#1063);
#1054 = B_SPLINE_CURVE_WITH_KNOTS('',7,(#1055,#1056,#1057,#1058,#1059,
    #1060,#1061,#1062),.UNSPECIFIED.,.F.,.F.,(8,8),(0.,1.570796326795),
  .PIECEWISE_BEZIER_KNOTS.);
#1055 = CARTESIAN_POINT('',(4.712388980385,-0.233966622028));
#1056 = CARTESIAN_POINT('',(4.936788455641,-0.233966622028));
#1057 = CARTESIAN_POINT('',(5.161187930898,-0.220221393548));
#1058 = CARTESIAN_POINT('',(5.385587406154,-0.19273293056));
#1059 = CARTESIAN_POINT('',(5.60998688141,-0.15318890311));
#1060 = CARTESIAN_POINT('',(5.834386356667,-0.105003761232));
#1061 = CARTESIAN_POINT('',(6.058785831923,-5.250198721079E-02));
#1062 = CARTESIAN_POINT('',(6.28318530718,-3.907985046681E-13));
#1063 = ( GEOMETRIC_REPRESENTATION_CONTEXT(2) 
PARAMETRIC_REPRESENTATION_CONTEXT() REPRESENTATION_CONTEXT('2D SPACE',''
  ) );
#1064 = ORIENTED_EDGE('',*,*,#1065,.F.);
#1065 = EDGE_CURVE('',#1066,#1027,#1068,.T.);
#1066 = VERTEX_POINT('',#1067);
#1067 = CARTESIAN_POINT('',(-65.82203792774,110.28446095196,-4.7625));
#1068 = SURFACE_CURVE('',#1069,(#1074,#1086),.PCURVE_S1.);
#1069 = ELLIPSE('',#1070,4.76824355819,4.7625);
#1070 = AXIS2_PLACEMENT_3D('',#1071,#1072,#1073);
#1071 = CARTESIAN_POINT('',(-65.82203792774,110.28446095196,0.));
#1072 = DIRECTION('',(0.634393284164,0.773010453363,0.));
#1073 = DIRECTION('',(-0.773010453363,0.634393284164,0.));
#1074 = PCURVE('',#912,#1075);
#1075 = DEFINITIONAL_REPRESENTATION('',(#1076),#1085);
#1076 = B_SPLINE_CURVE_WITH_KNOTS('',7,(#1077,#1078,#1079,#1080,#1081,
    #1082,#1083,#1084),.UNSPECIFIED.,.F.,.F.,(8,8),(4.712388980385,
    6.28318530718),.PIECEWISE_BEZIER_KNOTS.);
#1077 = CARTESIAN_POINT('',(3.14159265359,4.486748140499));
#1078 = CARTESIAN_POINT('',(3.365992128846,4.539250127709));
#1079 = CARTESIAN_POINT('',(3.590391604103,4.59175190173));
#1080 = CARTESIAN_POINT('',(3.814791079358,4.63993704361));
#1081 = CARTESIAN_POINT('',(4.039190554617,4.679481071057));
#1082 = CARTESIAN_POINT('',(4.263590029871,4.706969534047));
#1083 = CARTESIAN_POINT('',(4.487989505128,4.720714762526));
#1084 = CARTESIAN_POINT('',(4.712388980385,4.720714762526));
#1085 = ( GEOMETRIC_REPRESENTATION_CONTEXT(2) 
PARAMETRIC_REPRESENTATION_CONTEXT() REPRESENTATION_CONTEXT('2D SPACE',''
  ) );
#1086 = PCURVE('',#1048,#1087);
#1087 = DEFINITIONAL_REPRESENTATION('',(#1088),#1097);
#1088 = B_SPLINE_CURVE_WITH_KNOTS('',7,(#1089,#1090,#1091,#1092,#1093,
    #1094,#1095,#1096),.UNSPECIFIED.,.F.,.F.,(8,8),(4.712388980385,
    6.28318530718),.PIECEWISE_BEZIER_KNOTS.);
#1089 = CARTESIAN_POINT('',(3.14159265359,-3.907985046681E-13));
#1090 = CARTESIAN_POINT('',(3.365992128846,-5.250198721079E-02));
#1091 = CARTESIAN_POINT('',(3.590391604102,-0.105003761232));
#1092 = CARTESIAN_POINT('',(3.81479107936,-0.15318890311));
#1093 = CARTESIAN_POINT('',(4.039190554616,-0.19273293056));
#1094 = CARTESIAN_POINT('',(4.263590029872,-0.220221393548));
#1095 = CARTESIAN_POINT('',(4.487989505128,-0.233966622028));
#1096 = CARTESIAN_POINT('',(4.712388980385,-0.233966622028));
#1097 = ( GEOMETRIC_REPRESENTATION_CONTEXT(2) 
PARAMETRIC_REPRESENTATION_CONTEXT() REPRESENTATION_CONTEXT('2D SPACE',''
  ) );
#1098 = ORIENTED_EDGE('',*,*,#1099,.F.);
#1099 = EDGE_CURVE('',#1005,#1066,#1100,.T.);
#1100 = SURFACE_CURVE('',#1101,(#1106,#1119),.PCURVE_S1.);
#1101 = ELLIPSE('',#1102,4.76824355819,4.7625);
#1102 = AXIS2_PLACEMENT_3D('',#1103,#1104,#1105);
#1103 = CARTESIAN_POINT('',(-65.82203792774,110.28446095196,0.));
#1104 = DIRECTION('',(0.634393284164,0.773010453363,0.));
#1105 = DIRECTION('',(-0.773010453363,0.634393284164,0.));
#1106 = PCURVE('',#912,#1107);
#1107 = DEFINITIONAL_REPRESENTATION('',(#1108),#1118);
#1108 = B_SPLINE_CURVE_WITH_KNOTS('',8,(#1109,#1110,#1111,#1112,#1113,
    #1114,#1115,#1116,#1117),.UNSPECIFIED.,.F.,.F.,(9,9),(1.570796326795
    ,4.712388980385),.PIECEWISE_BEZIER_KNOTS.);
#1109 = CARTESIAN_POINT('',(0.,4.486748140499));
#1110 = CARTESIAN_POINT('',(0.392699081699,4.394869662881));
#1111 = CARTESIAN_POINT('',(0.785398163397,4.30299045267));
#1112 = CARTESIAN_POINT('',(1.178097245096,4.232709679429));
#1113 = CARTESIAN_POINT('',(1.57079632679,4.205567394277));
#1114 = CARTESIAN_POINT('',(1.963495408493,4.232709679436));
#1115 = CARTESIAN_POINT('',(2.356194490191,4.30299045267));
#1116 = CARTESIAN_POINT('',(2.748893571891,4.394869662881));
#1117 = CARTESIAN_POINT('',(3.14159265359,4.486748140499));
#1118 = ( GEOMETRIC_REPRESENTATION_CONTEXT(2) 
PARAMETRIC_REPRESENTATION_CONTEXT() REPRESENTATION_CONTEXT('2D SPACE',''
  ) );
#1119 = PCURVE('',#1048,#1120);
#1120 = DEFINITIONAL_REPRESENTATION('',(#1121),#1131);
#1121 = B_SPLINE_CURVE_WITH_KNOTS('',8,(#1122,#1123,#1124,#1125,#1126,
    #1127,#1128,#1129,#1130),.UNSPECIFIED.,.F.,.F.,(9,9),(1.570796326795
    ,4.712388980385),.PIECEWISE_BEZIER_KNOTS.);
#1122 = CARTESIAN_POINT('',(0.,-3.907985046681E-13));
#1123 = CARTESIAN_POINT('',(0.392699081699,9.187847761781E-02));
#1124 = CARTESIAN_POINT('',(0.785398163397,0.18375768783));
#1125 = CARTESIAN_POINT('',(1.178097245095,0.254038461047));
#1126 = CARTESIAN_POINT('',(1.570796326792,0.281180746233));
#1127 = CARTESIAN_POINT('',(1.96349540849,0.254038461047));
#1128 = CARTESIAN_POINT('',(2.356194490192,0.18375768783));
#1129 = CARTESIAN_POINT('',(2.748893571891,9.187847761781E-02));
#1130 = CARTESIAN_POINT('',(3.14159265359,-3.907985046681E-13));
#1131 = ( GEOMETRIC_REPRESENTATION_CONTEXT(2) 
PARAMETRIC_REPRESENTATION_CONTEXT() REPRESENTATION_CONTEXT('2D SPACE',''
  ) );
#1132 = ORIENTED_EDGE('',*,*,#1004,.F.);
#1133 = ORIENTED_EDGE('',*,*,#963,.T.);
#1134 = ORIENTED_EDGE('',*,*,#929,.T.);
#1135 = ORIENTED_EDGE('',*,*,#890,.T.);
#1136 = ADVANCED_FACE('',(#1137),#1048,.T.);
#1137 = FACE_BOUND('',#1138,.T.);
#1138 = EDGE_LOOP('',(#1139,#1161,#1200,#1234,#1268,#1269,#1270,#1271));
#1139 = ORIENTED_EDGE('',*,*,#1140,.T.);
#1140 = EDGE_CURVE('',#1005,#1141,#1143,.T.);
#1141 = VERTEX_POINT('',#1142);
#1142 = CARTESIAN_POINT('',(-62.80892203584,113.60892203584,4.7625));
#1143 = SEAM_CURVE('',#1144,(#1148,#1154),.PCURVE_S1.);
#1144 = LINE('',#1145,#1146);
#1145 = CARTESIAN_POINT('',(-65.82203792774,110.28446095196,4.7625));
#1146 = VECTOR('',#1147,1.);
#1147 = DIRECTION('',(0.671558954847,0.740951125355,0.));
#1148 = PCURVE('',#1048,#1149);
#1149 = DEFINITIONAL_REPRESENTATION('',(#1150),#1153);
#1150 = B_SPLINE_CURVE_WITH_KNOTS('',1,(#1151,#1152),.UNSPECIFIED.,.F.,
  .F.,(2,2),(-1.296403199132,5.783151339631),.PIECEWISE_BEZIER_KNOTS.);
#1151 = CARTESIAN_POINT('',(6.28318530718,-1.296403199132));
#1152 = CARTESIAN_POINT('',(6.28318530718,5.783151339631));
#1153 = ( GEOMETRIC_REPRESENTATION_CONTEXT(2) 
PARAMETRIC_REPRESENTATION_CONTEXT() REPRESENTATION_CONTEXT('2D SPACE',''
  ) );
#1154 = PCURVE('',#1048,#1155);
#1155 = DEFINITIONAL_REPRESENTATION('',(#1156),#1160);
#1156 = LINE('',#1157,#1158);
#1157 = CARTESIAN_POINT('',(0.,0.));
#1158 = VECTOR('',#1159,1.);
#1159 = DIRECTION('',(0.,1.));
#1160 = ( GEOMETRIC_REPRESENTATION_CONTEXT(2) 
PARAMETRIC_REPRESENTATION_CONTEXT() REPRESENTATION_CONTEXT('2D SPACE',''
  ) );
#1161 = ORIENTED_EDGE('',*,*,#1162,.F.);
#1162 = EDGE_CURVE('',#1163,#1141,#1165,.T.);
#1163 = VERTEX_POINT('',#1164);
#1164 = CARTESIAN_POINT('',(-66.18057939019,116.98057939019,
    -5.832380380939E-16));
#1165 = SURFACE_CURVE('',#1166,(#1171,#1183),.PCURVE_S1.);
#1166 = ELLIPSE('',#1167,4.76824355819,4.7625);
#1167 = AXIS2_PLACEMENT_3D('',#1168,#1169,#1170);
#1168 = CARTESIAN_POINT('',(-62.80892203584,113.60892203584,0.));
#1169 = DIRECTION('',(0.707106781187,0.707106781187,0.));
#1170 = DIRECTION('',(-0.707106781187,0.707106781187,0.));
#1171 = PCURVE('',#1048,#1172);
#1172 = DEFINITIONAL_REPRESENTATION('',(#1173),#1182);
#1173 = B_SPLINE_CURVE_WITH_KNOTS('',7,(#1174,#1175,#1176,#1177,#1178,
    #1179,#1180,#1181),.UNSPECIFIED.,.F.,.F.,(8,8),(0.,1.570796326795),
  .PIECEWISE_BEZIER_KNOTS.);
#1174 = CARTESIAN_POINT('',(4.712388980385,4.720714762526));
#1175 = CARTESIAN_POINT('',(4.936788455641,4.720714762526));
#1176 = CARTESIAN_POINT('',(5.161187930897,4.706969534048));
#1177 = CARTESIAN_POINT('',(5.385587406154,4.679481071055));
#1178 = CARTESIAN_POINT('',(5.60998688141,4.639937043612));
#1179 = CARTESIAN_POINT('',(5.834386356667,4.59175190173));
#1180 = CARTESIAN_POINT('',(6.058785831923,4.539250127709));
#1181 = CARTESIAN_POINT('',(6.28318530718,4.486748140499));
#1182 = ( GEOMETRIC_REPRESENTATION_CONTEXT(2) 
PARAMETRIC_REPRESENTATION_CONTEXT() REPRESENTATION_CONTEXT('2D SPACE',''
  ) );
#1183 = PCURVE('',#1184,#1189);
#1184 = CYLINDRICAL_SURFACE('',#1185,4.7625);
#1185 = AXIS2_PLACEMENT_3D('',#1186,#1187,#1188);
#1186 = CARTESIAN_POINT('',(-62.80892203584,113.60892203584,0.));
#1187 = DIRECTION('',(0.740951125355,0.671558954847,0.));
#1188 = DIRECTION('',(-7.455802140644E-17,8.22620999491E-17,1.));
#1189 = DEFINITIONAL_REPRESENTATION('',(#1190),#1199);
#1190 = B_SPLINE_CURVE_WITH_KNOTS('',7,(#1191,#1192,#1193,#1194,#1195,
    #1196,#1197,#1198),.UNSPECIFIED.,.F.,.F.,(8,8),(0.,1.570796326795),
  .PIECEWISE_BEZIER_KNOTS.);
#1191 = CARTESIAN_POINT('',(4.712388980385,-0.233966622027));
#1192 = CARTESIAN_POINT('',(4.936788455641,-0.233966622027));
#1193 = CARTESIAN_POINT('',(5.161187930898,-0.220221393548));
#1194 = CARTESIAN_POINT('',(5.385587406154,-0.192732930559));
#1195 = CARTESIAN_POINT('',(5.60998688141,-0.15318890311));
#1196 = CARTESIAN_POINT('',(5.834386356667,-0.105003761232));
#1197 = CARTESIAN_POINT('',(6.058785831923,-5.250198721046E-02));
#1198 = CARTESIAN_POINT('',(6.28318530718,-6.394884621841E-14));
#1199 = ( GEOMETRIC_REPRESENTATION_CONTEXT(2) 
PARAMETRIC_REPRESENTATION_CONTEXT() REPRESENTATION_CONTEXT('2D SPACE',''
  ) );
#1200 = ORIENTED_EDGE('',*,*,#1201,.F.);
#1201 = EDGE_CURVE('',#1202,#1163,#1204,.T.);
#1202 = VERTEX_POINT('',#1203);
#1203 = CARTESIAN_POINT('',(-62.80892203584,113.60892203584,-4.7625));
#1204 = SURFACE_CURVE('',#1205,(#1210,#1222),.PCURVE_S1.);
#1205 = ELLIPSE('',#1206,4.76824355819,4.7625);
#1206 = AXIS2_PLACEMENT_3D('',#1207,#1208,#1209);
#1207 = CARTESIAN_POINT('',(-62.80892203584,113.60892203584,0.));
#1208 = DIRECTION('',(0.707106781187,0.707106781187,0.));
#1209 = DIRECTION('',(-0.707106781187,0.707106781187,0.));
#1210 = PCURVE('',#1048,#1211);
#1211 = DEFINITIONAL_REPRESENTATION('',(#1212),#1221);
#1212 = B_SPLINE_CURVE_WITH_KNOTS('',7,(#1213,#1214,#1215,#1216,#1217,
    #1218,#1219,#1220),.UNSPECIFIED.,.F.,.F.,(8,8),(4.712388980385,
    6.28318530718),.PIECEWISE_BEZIER_KNOTS.);
#1213 = CARTESIAN_POINT('',(3.14159265359,4.486748140499));
#1214 = CARTESIAN_POINT('',(3.365992128846,4.539250127709));
#1215 = CARTESIAN_POINT('',(3.590391604102,4.591751901731));
#1216 = CARTESIAN_POINT('',(3.814791079361,4.639937043607));
#1217 = CARTESIAN_POINT('',(4.039190554614,4.679481071061));
#1218 = CARTESIAN_POINT('',(4.263590029872,4.706969534046));
#1219 = CARTESIAN_POINT('',(4.487989505128,4.720714762526));
#1220 = CARTESIAN_POINT('',(4.712388980385,4.720714762526));
#1221 = ( GEOMETRIC_REPRESENTATION_CONTEXT(2) 
PARAMETRIC_REPRESENTATION_CONTEXT() REPRESENTATION_CONTEXT('2D SPACE',''
  ) );
#1222 = PCURVE('',#1184,#1223);
#1223 = DEFINITIONAL_REPRESENTATION('',(#1224),#1233);
#1224 = B_SPLINE_CURVE_WITH_KNOTS('',7,(#1225,#1226,#1227,#1228,#1229,
    #1230,#1231,#1232),.UNSPECIFIED.,.F.,.F.,(8,8),(4.712388980385,
    6.28318530718),.PIECEWISE_BEZIER_KNOTS.);
#1225 = CARTESIAN_POINT('',(3.14159265359,-6.394884621841E-14));
#1226 = CARTESIAN_POINT('',(3.365992128846,-5.250198721046E-02));
#1227 = CARTESIAN_POINT('',(3.590391604102,-0.105003761232));
#1228 = CARTESIAN_POINT('',(3.814791079361,-0.153188903109));
#1229 = CARTESIAN_POINT('',(4.039190554614,-0.19273293056));
#1230 = CARTESIAN_POINT('',(4.263590029872,-0.220221393548));
#1231 = CARTESIAN_POINT('',(4.487989505128,-0.233966622027));
#1232 = CARTESIAN_POINT('',(4.712388980385,-0.233966622027));
#1233 = ( GEOMETRIC_REPRESENTATION_CONTEXT(2) 
PARAMETRIC_REPRESENTATION_CONTEXT() REPRESENTATION_CONTEXT('2D SPACE',''
  ) );
#1234 = ORIENTED_EDGE('',*,*,#1235,.F.);
#1235 = EDGE_CURVE('',#1141,#1202,#1236,.T.);
#1236 = SURFACE_CURVE('',#1237,(#1242,#1255),.PCURVE_S1.);
#1237 = ELLIPSE('',#1238,4.76824355819,4.7625);
#1238 = AXIS2_PLACEMENT_3D('',#1239,#1240,#1241);
#1239 = CARTESIAN_POINT('',(-62.80892203584,113.60892203584,0.));
#1240 = DIRECTION('',(0.707106781187,0.707106781187,0.));
#1241 = DIRECTION('',(-0.707106781187,0.707106781187,0.));
#1242 = PCURVE('',#1048,#1243);
#1243 = DEFINITIONAL_REPRESENTATION('',(#1244),#1254);
#1244 = B_SPLINE_CURVE_WITH_KNOTS('',8,(#1245,#1246,#1247,#1248,#1249,
    #1250,#1251,#1252,#1253),.UNSPECIFIED.,.F.,.F.,(9,9),(1.570796326795
    ,4.712388980385),.PIECEWISE_BEZIER_KNOTS.);
#1245 = CARTESIAN_POINT('',(0.,4.486748140499));
#1246 = CARTESIAN_POINT('',(0.392699081699,4.394869662881));
#1247 = CARTESIAN_POINT('',(0.785398163397,4.302990452662));
#1248 = CARTESIAN_POINT('',(1.178097245093,4.232709679465));
#1249 = CARTESIAN_POINT('',(1.570796326794,4.205567394238));
#1250 = CARTESIAN_POINT('',(1.963495408492,4.232709679461));
#1251 = CARTESIAN_POINT('',(2.356194490191,4.302990452663));
#1252 = CARTESIAN_POINT('',(2.748893571891,4.394869662881));
#1253 = CARTESIAN_POINT('',(3.14159265359,4.486748140499));
#1254 = ( GEOMETRIC_REPRESENTATION_CONTEXT(2) 
PARAMETRIC_REPRESENTATION_CONTEXT() REPRESENTATION_CONTEXT('2D SPACE',''
  ) );
#1255 = PCURVE('',#1184,#1256);
#1256 = DEFINITIONAL_REPRESENTATION('',(#1257),#1267);
#1257 = B_SPLINE_CURVE_WITH_KNOTS('',8,(#1258,#1259,#1260,#1261,#1262,
    #1263,#1264,#1265,#1266),.UNSPECIFIED.,.F.,.F.,(9,9),(1.570796326795
    ,4.712388980385),.PIECEWISE_BEZIER_KNOTS.);
#1258 = CARTESIAN_POINT('',(2.98390650188E-15,-6.394884621841E-14));
#1259 = CARTESIAN_POINT('',(0.392699081699,9.187847761813E-02));
#1260 = CARTESIAN_POINT('',(0.785398163397,0.18375768783));
#1261 = CARTESIAN_POINT('',(1.178097245094,0.254038461047));
#1262 = CARTESIAN_POINT('',(1.570796326792,0.281180746233));
#1263 = CARTESIAN_POINT('',(1.963495408491,0.254038461047));
#1264 = CARTESIAN_POINT('',(2.356194490192,0.18375768783));
#1265 = CARTESIAN_POINT('',(2.748893571891,9.187847761813E-02));
#1266 = CARTESIAN_POINT('',(3.14159265359,-6.394884621841E-14));
#1267 = ( GEOMETRIC_REPRESENTATION_CONTEXT(2) 
PARAMETRIC_REPRESENTATION_CONTEXT() REPRESENTATION_CONTEXT('2D SPACE',''
  ) );
#1268 = ORIENTED_EDGE('',*,*,#1140,.F.);
#1269 = ORIENTED_EDGE('',*,*,#1099,.T.);
#1270 = ORIENTED_EDGE('',*,*,#1065,.T.);
#1271 = ORIENTED_EDGE('',*,*,#1026,.T.);
#1272 = ADVANCED_FACE('',(#1273),#1184,.T.);
#1273 = FACE_BOUND('',#1274,.T.);
#1274 = EDGE_LOOP('',(#1275,#1297,#1336,#1370,#1404,#1405,#1406,#1407));
#1275 = ORIENTED_EDGE('',*,*,#1276,.T.);
#1276 = EDGE_CURVE('',#1141,#1277,#1279,.T.);
#1277 = VERTEX_POINT('',#1278);
#1278 = CARTESIAN_POINT('',(-59.48446095196,116.62203792774,4.7625));
#1279 = SEAM_CURVE('',#1280,(#1284,#1290),.PCURVE_S1.);
#1280 = LINE('',#1281,#1282);
#1281 = CARTESIAN_POINT('',(-62.80892203584,113.60892203584,4.7625));
#1282 = VECTOR('',#1283,1.);
#1283 = DIRECTION('',(0.740951125355,0.671558954847,0.));
#1284 = PCURVE('',#1184,#1285);
#1285 = DEFINITIONAL_REPRESENTATION('',(#1286),#1289);
#1286 = B_SPLINE_CURVE_WITH_KNOTS('',1,(#1287,#1288),.UNSPECIFIED.,.F.,
  .F.,(2,2),(-1.296403199132,5.783151339631),.PIECEWISE_BEZIER_KNOTS.);
#1287 = CARTESIAN_POINT('',(6.28318530718,-1.296403199132));
#1288 = CARTESIAN_POINT('',(6.28318530718,5.783151339631));
#1289 = ( GEOMETRIC_REPRESENTATION_CONTEXT(2) 
PARAMETRIC_REPRESENTATION_CONTEXT() REPRESENTATION_CONTEXT('2D SPACE',''
  ) );
#1290 = PCURVE('',#1184,#1291);
#1291 = DEFINITIONAL_REPRESENTATION('',(#1292),#1296);
#1292 = LINE('',#1293,#1294);
#1293 = CARTESIAN_POINT('',(0.,0.));
#1294 = VECTOR('',#1295,1.);
#1295 = DIRECTION('',(0.,1.));
#1296 = ( GEOMETRIC_REPRESENTATION_CONTEXT(2) 
PARAMETRIC_REPRESENTATION_CONTEXT() REPRESENTATION_CONTEXT('2D SPACE',''
  ) );
#1297 = ORIENTED_EDGE('',*,*,#1298,.F.);
#1298 = EDGE_CURVE('',#1299,#1277,#1301,.T.);
#1299 = VERTEX_POINT('',#1300);
#1300 = CARTESIAN_POINT('',(-62.50940264253,120.3079400424,
    -5.832380380939E-16));
#1301 = SURFACE_CURVE('',#1302,(#1307,#1319),.PCURVE_S1.);
#1302 = ELLIPSE('',#1303,4.76824355819,4.7625);
#1303 = AXIS2_PLACEMENT_3D('',#1304,#1305,#1306);
#1304 = CARTESIAN_POINT('',(-59.48446095196,116.62203792774,0.));
#1305 = DIRECTION('',(0.773010453363,0.634393284164,0.));
#1306 = DIRECTION('',(-0.634393284164,0.773010453363,0.));
#1307 = PCURVE('',#1184,#1308);
#1308 = DEFINITIONAL_REPRESENTATION('',(#1309),#1318);
#1309 = B_SPLINE_CURVE_WITH_KNOTS('',7,(#1310,#1311,#1312,#1313,#1314,
    #1315,#1316,#1317),.UNSPECIFIED.,.F.,.F.,(8,8),(0.,1.570796326795),
  .PIECEWISE_BEZIER_KNOTS.);
#1310 = CARTESIAN_POINT('',(4.712388980385,4.720714762526));
#1311 = CARTESIAN_POINT('',(4.936788455641,4.720714762526));
#1312 = CARTESIAN_POINT('',(5.161187930897,4.706969534047));
#1313 = CARTESIAN_POINT('',(5.385587406154,4.67948107106));
#1314 = CARTESIAN_POINT('',(5.60998688141,4.639937043609));
#1315 = CARTESIAN_POINT('',(5.834386356667,4.591751901731));
#1316 = CARTESIAN_POINT('',(6.058785831923,4.53925012771));
#1317 = CARTESIAN_POINT('',(6.28318530718,4.486748140499));
#1318 = ( GEOMETRIC_REPRESENTATION_CONTEXT(2) 
PARAMETRIC_REPRESENTATION_CONTEXT() REPRESENTATION_CONTEXT('2D SPACE',''
  ) );
#1319 = PCURVE('',#1320,#1325);
#1320 = CYLINDRICAL_SURFACE('',#1321,4.7625);
#1321 = AXIS2_PLACEMENT_3D('',#1322,#1323,#1324);
#1322 = CARTESIAN_POINT('',(-59.48446095196,116.62203792774,0.));
#1323 = DIRECTION('',(0.803207531481,0.595699304492,0.));
#1324 = DIRECTION('',(-6.613590836007E-17,8.917394950022E-17,1.));
#1325 = DEFINITIONAL_REPRESENTATION('',(#1326),#1335);
#1326 = B_SPLINE_CURVE_WITH_KNOTS('',7,(#1327,#1328,#1329,#1330,#1331,
    #1332,#1333,#1334),.UNSPECIFIED.,.F.,.F.,(8,8),(0.,1.570796326795),
  .PIECEWISE_BEZIER_KNOTS.);
#1327 = CARTESIAN_POINT('',(4.712388980385,-0.233966622027));
#1328 = CARTESIAN_POINT('',(4.936788455641,-0.233966622027));
#1329 = CARTESIAN_POINT('',(5.161187930897,-0.220221393548));
#1330 = CARTESIAN_POINT('',(5.385587406154,-0.192732930559));
#1331 = CARTESIAN_POINT('',(5.60998688141,-0.153188903109));
#1332 = CARTESIAN_POINT('',(5.834386356667,-0.105003761232));
#1333 = CARTESIAN_POINT('',(6.058785831923,-5.250198721015E-02));
#1334 = CARTESIAN_POINT('',(6.28318530718,2.451372438372E-13));
#1335 = ( GEOMETRIC_REPRESENTATION_CONTEXT(2) 
PARAMETRIC_REPRESENTATION_CONTEXT() REPRESENTATION_CONTEXT('2D SPACE',''
  ) );
#1336 = ORIENTED_EDGE('',*,*,#1337,.F.);
#1337 = EDGE_CURVE('',#1338,#1299,#1340,.T.);
#1338 = VERTEX_POINT('',#1339);
#1339 = CARTESIAN_POINT('',(-59.48446095196,116.62203792774,-4.7625));
#1340 = SURFACE_CURVE('',#1341,(#1346,#1358),.PCURVE_S1.);
#1341 = ELLIPSE('',#1342,4.76824355819,4.7625);
#1342 = AXIS2_PLACEMENT_3D('',#1343,#1344,#1345);
#1343 = CARTESIAN_POINT('',(-59.48446095196,116.62203792774,0.));
#1344 = DIRECTION('',(0.773010453363,0.634393284164,0.));
#1345 = DIRECTION('',(-0.634393284164,0.773010453363,0.));
#1346 = PCURVE('',#1184,#1347);
#1347 = DEFINITIONAL_REPRESENTATION('',(#1348),#1357);
#1348 = B_SPLINE_CURVE_WITH_KNOTS('',7,(#1349,#1350,#1351,#1352,#1353,
    #1354,#1355,#1356),.UNSPECIFIED.,.F.,.F.,(8,8),(4.712388980385,
    6.28318530718),.PIECEWISE_BEZIER_KNOTS.);
#1349 = CARTESIAN_POINT('',(3.14159265359,4.486748140499));
#1350 = CARTESIAN_POINT('',(3.365992128846,4.53925012771));
#1351 = CARTESIAN_POINT('',(3.590391604102,4.591751901732));
#1352 = CARTESIAN_POINT('',(3.814791079359,4.639937043608));
#1353 = CARTESIAN_POINT('',(4.039190554616,4.679481071061));
#1354 = CARTESIAN_POINT('',(4.263590029872,4.706969534047));
#1355 = CARTESIAN_POINT('',(4.487989505128,4.720714762526));
#1356 = CARTESIAN_POINT('',(4.712388980385,4.720714762526));
#1357 = ( GEOMETRIC_REPRESENTATION_CONTEXT(2) 
PARAMETRIC_REPRESENTATION_CONTEXT() REPRESENTATION_CONTEXT('2D SPACE',''
  ) );
#1358 = PCURVE('',#1320,#1359);
#1359 = DEFINITIONAL_REPRESENTATION('',(#1360),#1369);
#1360 = B_SPLINE_CURVE_WITH_KNOTS('',7,(#1361,#1362,#1363,#1364,#1365,
    #1366,#1367,#1368),.UNSPECIFIED.,.F.,.F.,(8,8),(4.712388980385,
    6.28318530718),.PIECEWISE_BEZIER_KNOTS.);
#1361 = CARTESIAN_POINT('',(3.14159265359,2.451372438372E-13));
#1362 = CARTESIAN_POINT('',(3.365992128846,-5.250198721015E-02));
#1363 = CARTESIAN_POINT('',(3.590391604103,-0.105003761232));
#1364 = CARTESIAN_POINT('',(3.814791079358,-0.153188903109));
#1365 = CARTESIAN_POINT('',(4.039190554617,-0.192732930559));
#1366 = CARTESIAN_POINT('',(4.263590029871,-0.220221393548));
#1367 = CARTESIAN_POINT('',(4.487989505128,-0.233966622027));
#1368 = CARTESIAN_POINT('',(4.712388980385,-0.233966622027));
#1369 = ( GEOMETRIC_REPRESENTATION_CONTEXT(2) 
PARAMETRIC_REPRESENTATION_CONTEXT() REPRESENTATION_CONTEXT('2D SPACE',''
  ) );
#1370 = ORIENTED_EDGE('',*,*,#1371,.F.);
#1371 = EDGE_CURVE('',#1277,#1338,#1372,.T.);
#1372 = SURFACE_CURVE('',#1373,(#1378,#1391),.PCURVE_S1.);
#1373 = ELLIPSE('',#1374,4.76824355819,4.7625);
#1374 = AXIS2_PLACEMENT_3D('',#1375,#1376,#1377);
#1375 = CARTESIAN_POINT('',(-59.48446095196,116.62203792774,0.));
#1376 = DIRECTION('',(0.773010453363,0.634393284164,0.));
#1377 = DIRECTION('',(-0.634393284164,0.773010453363,0.));
#1378 = PCURVE('',#1184,#1379);
#1379 = DEFINITIONAL_REPRESENTATION('',(#1380),#1390);
#1380 = B_SPLINE_CURVE_WITH_KNOTS('',8,(#1381,#1382,#1383,#1384,#1385,
    #1386,#1387,#1388,#1389),.UNSPECIFIED.,.F.,.F.,(9,9),(1.570796326795
    ,4.712388980385),.PIECEWISE_BEZIER_KNOTS.);
#1381 = CARTESIAN_POINT('',(2.98390650188E-15,4.486748140499));
#1382 = CARTESIAN_POINT('',(0.392699081699,4.394869662881));
#1383 = CARTESIAN_POINT('',(0.785398163397,4.302990452659));
#1384 = CARTESIAN_POINT('',(1.178097245095,4.232709679472));
#1385 = CARTESIAN_POINT('',(1.570796326793,4.205567394212));
#1386 = CARTESIAN_POINT('',(1.963495408491,4.232709679473));
#1387 = CARTESIAN_POINT('',(2.356194490192,4.302990452659));
#1388 = CARTESIAN_POINT('',(2.748893571891,4.394869662881));
#1389 = CARTESIAN_POINT('',(3.14159265359,4.486748140499));
#1390 = ( GEOMETRIC_REPRESENTATION_CONTEXT(2) 
PARAMETRIC_REPRESENTATION_CONTEXT() REPRESENTATION_CONTEXT('2D SPACE',''
  ) );
#1391 = PCURVE('',#1320,#1392);
#1392 = DEFINITIONAL_REPRESENTATION('',(#1393),#1403);
#1393 = B_SPLINE_CURVE_WITH_KNOTS('',8,(#1394,#1395,#1396,#1397,#1398,
    #1399,#1400,#1401,#1402),.UNSPECIFIED.,.F.,.F.,(9,9),(1.570796326795
    ,4.712388980385),.PIECEWISE_BEZIER_KNOTS.);
#1394 = CARTESIAN_POINT('',(5.967813003759E-15,2.451372438372E-13));
#1395 = CARTESIAN_POINT('',(0.392699081699,9.187847761844E-02));
#1396 = CARTESIAN_POINT('',(0.785398163396,0.183757687831));
#1397 = CARTESIAN_POINT('',(1.178097245096,0.254038461046));
#1398 = CARTESIAN_POINT('',(1.570796326788,0.281180746236));
#1399 = CARTESIAN_POINT('',(1.963495408493,0.254038461046));
#1400 = CARTESIAN_POINT('',(2.356194490191,0.183757687831));
#1401 = CARTESIAN_POINT('',(2.748893571891,9.187847761844E-02));
#1402 = CARTESIAN_POINT('',(3.14159265359,2.451372438372E-13));
#1403 = ( GEOMETRIC_REPRESENTATION_CONTEXT(2) 
PARAMETRIC_REPRESENTATION_CONTEXT() REPRESENTATION_CONTEXT('2D SPACE',''
  ) );
#1404 = ORIENTED_EDGE('',*,*,#1276,.F.);
#1405 = ORIENTED_EDGE('',*,*,#1235,.T.);
#1406 = ORIENTED_EDGE('',*,*,#1201,.T.);
#1407 = ORIENTED_EDGE('',*,*,#1162,.T.);
#1408 = ADVANCED_FACE('',(#1409),#1320,.T.);
#1409 = FACE_BOUND('',#1410,.T.);
#1410 = EDGE_LOOP('',(#1411,#1433,#1472,#1506,#1540,#1541,#1542,#1543));
#1411 = ORIENTED_EDGE('',*,*,#1412,.T.);
#1412 = EDGE_CURVE('',#1277,#1413,#1415,.T.);
#1413 = VERTEX_POINT('',#1414);
#1414 = CARTESIAN_POINT('',(-55.88067105365,119.29479067447,4.7625));
#1415 = SEAM_CURVE('',#1416,(#1420,#1426),.PCURVE_S1.);
#1416 = LINE('',#1417,#1418);
#1417 = CARTESIAN_POINT('',(-59.48446095196,116.62203792774,4.7625));
#1418 = VECTOR('',#1419,1.);
#1419 = DIRECTION('',(0.803207531481,0.595699304492,0.));
#1420 = PCURVE('',#1320,#1421);
#1421 = DEFINITIONAL_REPRESENTATION('',(#1422),#1425);
#1422 = B_SPLINE_CURVE_WITH_KNOTS('',1,(#1423,#1424),.UNSPECIFIED.,.F.,
  .F.,(2,2),(-1.296403199132,5.783151339631),.PIECEWISE_BEZIER_KNOTS.);
#1423 = CARTESIAN_POINT('',(6.28318530718,-1.296403199132));
#1424 = CARTESIAN_POINT('',(6.28318530718,5.783151339631));
#1425 = ( GEOMETRIC_REPRESENTATION_CONTEXT(2) 
PARAMETRIC_REPRESENTATION_CONTEXT() REPRESENTATION_CONTEXT('2D SPACE',''
  ) );
#1426 = PCURVE('',#1320,#1427);
#1427 = DEFINITIONAL_REPRESENTATION('',(#1428),#1432);
#1428 = LINE('',#1429,#1430);
#1429 = CARTESIAN_POINT('',(0.,0.));
#1430 = VECTOR('',#1431,1.);
#1431 = DIRECTION('',(0.,1.));
#1432 = ( GEOMETRIC_REPRESENTATION_CONTEXT(2) 
PARAMETRIC_REPRESENTATION_CONTEXT() REPRESENTATION_CONTEXT('2D SPACE',''
  ) );
#1433 = ORIENTED_EDGE('',*,*,#1434,.F.);
#1434 = EDGE_CURVE('',#1435,#1413,#1437,.T.);
#1435 = VERTEX_POINT('',#1436);
#1436 = CARTESIAN_POINT('',(-58.52976523837,123.25944029716,
    -5.832380380939E-16));
#1437 = SURFACE_CURVE('',#1438,(#1443,#1455),.PCURVE_S1.);
#1438 = ELLIPSE('',#1439,4.76824355819,4.7625);
#1439 = AXIS2_PLACEMENT_3D('',#1440,#1441,#1442);
#1440 = CARTESIAN_POINT('',(-55.88067105365,119.29479067447,0.));
#1441 = DIRECTION('',(0.831469612303,0.55557023302,0.));
#1442 = DIRECTION('',(-0.55557023302,0.831469612303,0.));
#1443 = PCURVE('',#1320,#1444);
#1444 = DEFINITIONAL_REPRESENTATION('',(#1445),#1454);
#1445 = B_SPLINE_CURVE_WITH_KNOTS('',7,(#1446,#1447,#1448,#1449,#1450,
    #1451,#1452,#1453),.UNSPECIFIED.,.F.,.F.,(8,8),(0.,1.570796326795),
  .PIECEWISE_BEZIER_KNOTS.);
#1446 = CARTESIAN_POINT('',(4.712388980385,4.720714762526));
#1447 = CARTESIAN_POINT('',(4.936788455641,4.720714762526));
#1448 = CARTESIAN_POINT('',(5.161187930898,4.706969534047));
#1449 = CARTESIAN_POINT('',(5.385587406154,4.679481071061));
#1450 = CARTESIAN_POINT('',(5.60998688141,4.639937043607));
#1451 = CARTESIAN_POINT('',(5.834386356667,4.591751901732));
#1452 = CARTESIAN_POINT('',(6.058785831923,4.53925012771));
#1453 = CARTESIAN_POINT('',(6.28318530718,4.486748140499));
#1454 = ( GEOMETRIC_REPRESENTATION_CONTEXT(2) 
PARAMETRIC_REPRESENTATION_CONTEXT() REPRESENTATION_CONTEXT('2D SPACE',''
  ) );
#1455 = PCURVE('',#1456,#1461);
#1456 = CYLINDRICAL_SURFACE('',#1457,4.7625);
#1457 = AXIS2_PLACEMENT_3D('',#1458,#1459,#1460);
#1458 = CARTESIAN_POINT('',(-55.88067105365,119.29479067447,0.));
#1459 = DIRECTION('',(0.85772861,0.514102744193,0.));
#1460 = DIRECTION('',(-5.707687036263E-17,9.52270051702E-17,1.));
#1461 = DEFINITIONAL_REPRESENTATION('',(#1462),#1471);
#1462 = B_SPLINE_CURVE_WITH_KNOTS('',7,(#1463,#1464,#1465,#1466,#1467,
    #1468,#1469,#1470),.UNSPECIFIED.,.F.,.F.,(8,8),(0.,1.570796326795),
  .PIECEWISE_BEZIER_KNOTS.);
#1463 = CARTESIAN_POINT('',(4.712388980385,-0.233966622027));
#1464 = CARTESIAN_POINT('',(4.936788455641,-0.233966622027));
#1465 = CARTESIAN_POINT('',(5.161187930898,-0.220221393548));
#1466 = CARTESIAN_POINT('',(5.385587406154,-0.19273293056));
#1467 = CARTESIAN_POINT('',(5.60998688141,-0.153188903109));
#1468 = CARTESIAN_POINT('',(5.834386356667,-0.105003761232));
#1469 = CARTESIAN_POINT('',(6.058785831923,-5.250198721031E-02));
#1470 = CARTESIAN_POINT('',(6.28318530718,8.171241461241E-14));
#1471 = ( GEOMETRIC_REPRESENTATION_CONTEXT(2) 
PARAMETRIC_REPRESENTATION_CONTEXT() REPRESENTATION_CONTEXT('2D SPACE',''
  ) );
#1472 = ORIENTED_EDGE('',*,*,#1473,.F.);
#1473 = EDGE_CURVE('',#1474,#1435,#1476,.T.);
#1474 = VERTEX_POINT('',#1475);
#1475 = CARTESIAN_POINT('',(-55.88067105365,119.29479067447,-4.7625));
#1476 = SURFACE_CURVE('',#1477,(#1482,#1494),.PCURVE_S1.);
#1477 = ELLIPSE('',#1478,4.76824355819,4.7625);
#1478 = AXIS2_PLACEMENT_3D('',#1479,#1480,#1481);
#1479 = CARTESIAN_POINT('',(-55.88067105365,119.29479067447,0.));
#1480 = DIRECTION('',(0.831469612303,0.55557023302,0.));
#1481 = DIRECTION('',(-0.55557023302,0.831469612303,0.));
#1482 = PCURVE('',#1320,#1483);
#1483 = DEFINITIONAL_REPRESENTATION('',(#1484),#1493);
#1484 = B_SPLINE_CURVE_WITH_KNOTS('',7,(#1485,#1486,#1487,#1488,#1489,
    #1490,#1491,#1492),.UNSPECIFIED.,.F.,.F.,(8,8),(4.712388980385,
    6.28318530718),.PIECEWISE_BEZIER_KNOTS.);
#1485 = CARTESIAN_POINT('',(3.14159265359,4.486748140499));
#1486 = CARTESIAN_POINT('',(3.365992128846,4.53925012771));
#1487 = CARTESIAN_POINT('',(3.590391604102,4.591751901732));
#1488 = CARTESIAN_POINT('',(3.81479107936,4.639937043607));
#1489 = CARTESIAN_POINT('',(4.039190554615,4.679481071061));
#1490 = CARTESIAN_POINT('',(4.263590029872,4.706969534047));
#1491 = CARTESIAN_POINT('',(4.487989505128,4.720714762526));
#1492 = CARTESIAN_POINT('',(4.712388980385,4.720714762526));
#1493 = ( GEOMETRIC_REPRESENTATION_CONTEXT(2) 
PARAMETRIC_REPRESENTATION_CONTEXT() REPRESENTATION_CONTEXT('2D SPACE',''
  ) );
#1494 = PCURVE('',#1456,#1495);
#1495 = DEFINITIONAL_REPRESENTATION('',(#1496),#1505);
#1496 = B_SPLINE_CURVE_WITH_KNOTS('',7,(#1497,#1498,#1499,#1500,#1501,
    #1502,#1503,#1504),.UNSPECIFIED.,.F.,.F.,(8,8),(4.712388980385,
    6.28318530718),.PIECEWISE_BEZIER_KNOTS.);
#1497 = CARTESIAN_POINT('',(3.14159265359,8.171241461241E-14));
#1498 = CARTESIAN_POINT('',(3.365992128846,-5.250198721031E-02));
#1499 = CARTESIAN_POINT('',(3.590391604103,-0.105003761232));
#1500 = CARTESIAN_POINT('',(3.814791079359,-0.153188903109));
#1501 = CARTESIAN_POINT('',(4.039190554616,-0.19273293056));
#1502 = CARTESIAN_POINT('',(4.263590029872,-0.220221393548));
#1503 = CARTESIAN_POINT('',(4.487989505128,-0.233966622027));
#1504 = CARTESIAN_POINT('',(4.712388980385,-0.233966622027));
#1505 = ( GEOMETRIC_REPRESENTATION_CONTEXT(2) 
PARAMETRIC_REPRESENTATION_CONTEXT() REPRESENTATION_CONTEXT('2D SPACE',''
  ) );
#1506 = ORIENTED_EDGE('',*,*,#1507,.F.);
#1507 = EDGE_CURVE('',#1413,#1474,#1508,.T.);
#1508 = SURFACE_CURVE('',#1509,(#1514,#1527),.PCURVE_S1.);
#1509 = ELLIPSE('',#1510,4.76824355819,4.7625);
#1510 = AXIS2_PLACEMENT_3D('',#1511,#1512,#1513);
#1511 = CARTESIAN_POINT('',(-55.88067105365,119.29479067447,0.));
#1512 = DIRECTION('',(0.831469612303,0.55557023302,0.));
#1513 = DIRECTION('',(-0.55557023302,0.831469612303,0.));
#1514 = PCURVE('',#1320,#1515);
#1515 = DEFINITIONAL_REPRESENTATION('',(#1516),#1526);
#1516 = B_SPLINE_CURVE_WITH_KNOTS('',8,(#1517,#1518,#1519,#1520,#1521,
    #1522,#1523,#1524,#1525),.UNSPECIFIED.,.F.,.F.,(9,9),(1.570796326795
    ,4.712388980385),.PIECEWISE_BEZIER_KNOTS.);
#1517 = CARTESIAN_POINT('',(5.967813003759E-15,4.486748140499));
#1518 = CARTESIAN_POINT('',(0.392699081699,4.394869662881));
#1519 = CARTESIAN_POINT('',(0.785398163397,4.302990452671));
#1520 = CARTESIAN_POINT('',(1.178097245096,4.232709679435));
#1521 = CARTESIAN_POINT('',(1.570796326787,4.205567394282));
#1522 = CARTESIAN_POINT('',(1.963495408495,4.232709679435));
#1523 = CARTESIAN_POINT('',(2.356194490191,4.302990452672));
#1524 = CARTESIAN_POINT('',(2.748893571891,4.394869662881));
#1525 = CARTESIAN_POINT('',(3.14159265359,4.486748140499));
#1526 = ( GEOMETRIC_REPRESENTATION_CONTEXT(2) 
PARAMETRIC_REPRESENTATION_CONTEXT() REPRESENTATION_CONTEXT('2D SPACE',''
  ) );
#1527 = PCURVE('',#1456,#1528);
#1528 = DEFINITIONAL_REPRESENTATION('',(#1529),#1539);
#1529 = B_SPLINE_CURVE_WITH_KNOTS('',8,(#1530,#1531,#1532,#1533,#1534,
    #1535,#1536,#1537,#1538),.UNSPECIFIED.,.F.,.F.,(9,9),(1.570796326795
    ,4.712388980385),.PIECEWISE_BEZIER_KNOTS.);
#1530 = CARTESIAN_POINT('',(0.,8.171241461241E-14));
#1531 = CARTESIAN_POINT('',(0.392699081699,9.187847761827E-02));
#1532 = CARTESIAN_POINT('',(0.785398163398,0.183757687831));
#1533 = CARTESIAN_POINT('',(1.17809724509,0.254038461047));
#1534 = CARTESIAN_POINT('',(1.570796326798,0.281180746234));
#1535 = CARTESIAN_POINT('',(1.96349540849,0.254038461047));
#1536 = CARTESIAN_POINT('',(2.356194490192,0.183757687831));
#1537 = CARTESIAN_POINT('',(2.748893571891,9.187847761827E-02));
#1538 = CARTESIAN_POINT('',(3.14159265359,8.171241461241E-14));
#1539 = ( GEOMETRIC_REPRESENTATION_CONTEXT(2) 
PARAMETRIC_REPRESENTATION_CONTEXT() REPRESENTATION_CONTEXT('2D SPACE',''
  ) );
#1540 = ORIENTED_EDGE('',*,*,#1412,.F.);
#1541 = ORIENTED_EDGE('',*,*,#1371,.T.);
#1542 = ORIENTED_EDGE('',*,*,#1337,.T.);
#1543 = ORIENTED_EDGE('',*,*,#1298,.T.);
#1544 = ADVANCED_FACE('',(#1545),#1456,.T.);
#1545 = FACE_BOUND('',#1546,.T.);
#1546 = EDGE_LOOP('',(#1547,#1569,#1608,#1642,#1676,#1677,#1678,#1679));
#1547 = ORIENTED_EDGE('',*,*,#1548,.T.);
#1548 = EDGE_CURVE('',#1413,#1549,#1551,.T.);
#1549 = VERTEX_POINT('',#1550);
#1550 = CARTESIAN_POINT('',(-52.03225880768,121.601440206,4.7625));
#1551 = SEAM_CURVE('',#1552,(#1556,#1562),.PCURVE_S1.);
#1552 = LINE('',#1553,#1554);
#1553 = CARTESIAN_POINT('',(-55.88067105365,119.29479067447,4.7625));
#1554 = VECTOR('',#1555,1.);
#1555 = DIRECTION('',(0.85772861,0.514102744193,0.));
#1556 = PCURVE('',#1456,#1557);
#1557 = DEFINITIONAL_REPRESENTATION('',(#1558),#1561);
#1558 = B_SPLINE_CURVE_WITH_KNOTS('',1,(#1559,#1560),.UNSPECIFIED.,.F.,
  .F.,(2,2),(-1.296403199132,5.783151339631),.PIECEWISE_BEZIER_KNOTS.);
#1559 = CARTESIAN_POINT('',(6.28318530718,-1.296403199132));
#1560 = CARTESIAN_POINT('',(6.28318530718,5.783151339631));
#1561 = ( GEOMETRIC_REPRESENTATION_CONTEXT(2) 
PARAMETRIC_REPRESENTATION_CONTEXT() REPRESENTATION_CONTEXT('2D SPACE',''
  ) );
#1562 = PCURVE('',#1456,#1563);
#1563 = DEFINITIONAL_REPRESENTATION('',(#1564),#1568);
#1564 = LINE('',#1565,#1566);
#1565 = CARTESIAN_POINT('',(0.,0.));
#1566 = VECTOR('',#1567,1.);
#1567 = DIRECTION('',(0.,1.));
#1568 = ( GEOMETRIC_REPRESENTATION_CONTEXT(2) 
PARAMETRIC_REPRESENTATION_CONTEXT() REPRESENTATION_CONTEXT('2D SPACE',''
  ) );
#1569 = ORIENTED_EDGE('',*,*,#1570,.F.);
#1570 = EDGE_CURVE('',#1571,#1549,#1573,.T.);
#1571 = VERTEX_POINT('',#1572);
#1572 = CARTESIAN_POINT('',(-54.2799932614,125.80665559356,
    -5.832380380939E-16));
#1573 = SURFACE_CURVE('',#1574,(#1579,#1591),.PCURVE_S1.);
#1574 = ELLIPSE('',#1575,4.76824355819,4.7625);
#1575 = AXIS2_PLACEMENT_3D('',#1576,#1577,#1578);
#1576 = CARTESIAN_POINT('',(-52.03225880768,121.601440206,0.));
#1577 = DIRECTION('',(0.881921264348,0.471396736826,0.));
#1578 = DIRECTION('',(-0.471396736826,0.881921264348,0.));
#1579 = PCURVE('',#1456,#1580);
#1580 = DEFINITIONAL_REPRESENTATION('',(#1581),#1590);
#1581 = B_SPLINE_CURVE_WITH_KNOTS('',7,(#1582,#1583,#1584,#1585,#1586,
    #1587,#1588,#1589),.UNSPECIFIED.,.F.,.F.,(8,8),(0.,1.570796326795),
  .PIECEWISE_BEZIER_KNOTS.);
#1582 = CARTESIAN_POINT('',(4.712388980385,4.720714762526));
#1583 = CARTESIAN_POINT('',(4.936788455641,4.720714762526));
#1584 = CARTESIAN_POINT('',(5.161187930898,4.706969534047));
#1585 = CARTESIAN_POINT('',(5.385587406154,4.67948107106));
#1586 = CARTESIAN_POINT('',(5.60998688141,4.639937043607));
#1587 = CARTESIAN_POINT('',(5.834386356667,4.591751901732));
#1588 = CARTESIAN_POINT('',(6.058785831923,4.53925012771));
#1589 = CARTESIAN_POINT('',(6.28318530718,4.486748140499));
#1590 = ( GEOMETRIC_REPRESENTATION_CONTEXT(2) 
PARAMETRIC_REPRESENTATION_CONTEXT() REPRESENTATION_CONTEXT('2D SPACE',''
  ) );
#1591 = PCURVE('',#1592,#1597);
#1592 = CYLINDRICAL_SURFACE('',#1593,4.7625);
#1593 = AXIS2_PLACEMENT_3D('',#1594,#1595,#1596);
#1594 = CARTESIAN_POINT('',(-52.03225880768,121.601440206,0.));
#1595 = DIRECTION('',(0.903989293123,0.42755509343,0.));
#1596 = DIRECTION('',(-4.746815090221E-17,1.00362972724E-16,1.));
#1597 = DEFINITIONAL_REPRESENTATION('',(#1598),#1607);
#1598 = B_SPLINE_CURVE_WITH_KNOTS('',7,(#1599,#1600,#1601,#1602,#1603,
    #1604,#1605,#1606),.UNSPECIFIED.,.F.,.F.,(8,8),(0.,1.570796326795),
  .PIECEWISE_BEZIER_KNOTS.);
#1599 = CARTESIAN_POINT('',(4.712388980385,-0.233966622027));
#1600 = CARTESIAN_POINT('',(4.936788455641,-0.233966622027));
#1601 = CARTESIAN_POINT('',(5.161187930897,-0.220221393548));
#1602 = CARTESIAN_POINT('',(5.385587406155,-0.19273293056));
#1603 = CARTESIAN_POINT('',(5.609986881411,-0.153188903109));
#1604 = CARTESIAN_POINT('',(5.834386356667,-0.105003761232));
#1605 = CARTESIAN_POINT('',(6.058785831923,-5.250198721024E-02));
#1606 = CARTESIAN_POINT('',(6.28318530718,1.580957587066E-13));
#1607 = ( GEOMETRIC_REPRESENTATION_CONTEXT(2) 
PARAMETRIC_REPRESENTATION_CONTEXT() REPRESENTATION_CONTEXT('2D SPACE',''
  ) );
#1608 = ORIENTED_EDGE('',*,*,#1609,.F.);
#1609 = EDGE_CURVE('',#1610,#1571,#1612,.T.);
#1610 = VERTEX_POINT('',#1611);
#1611 = CARTESIAN_POINT('',(-52.03225880768,121.601440206,-4.7625));
#1612 = SURFACE_CURVE('',#1613,(#1618,#1630),.PCURVE_S1.);
#1613 = ELLIPSE('',#1614,4.76824355819,4.7625);
#1614 = AXIS2_PLACEMENT_3D('',#1615,#1616,#1617);
#1615 = CARTESIAN_POINT('',(-52.03225880768,121.601440206,0.));
#1616 = DIRECTION('',(0.881921264348,0.471396736826,0.));
#1617 = DIRECTION('',(-0.471396736826,0.881921264348,0.));
#1618 = PCURVE('',#1456,#1619);
#1619 = DEFINITIONAL_REPRESENTATION('',(#1620),#1629);
#1620 = B_SPLINE_CURVE_WITH_KNOTS('',7,(#1621,#1622,#1623,#1624,#1625,
    #1626,#1627,#1628),.UNSPECIFIED.,.F.,.F.,(8,8),(4.712388980385,
    6.28318530718),.PIECEWISE_BEZIER_KNOTS.);
#1621 = CARTESIAN_POINT('',(3.14159265359,4.486748140499));
#1622 = CARTESIAN_POINT('',(3.365992128846,4.53925012771));
#1623 = CARTESIAN_POINT('',(3.590391604102,4.591751901731));
#1624 = CARTESIAN_POINT('',(3.814791079361,4.639937043608));
#1625 = CARTESIAN_POINT('',(4.039190554615,4.67948107106));
#1626 = CARTESIAN_POINT('',(4.263590029872,4.706969534047));
#1627 = CARTESIAN_POINT('',(4.487989505128,4.720714762526));
#1628 = CARTESIAN_POINT('',(4.712388980385,4.720714762526));
#1629 = ( GEOMETRIC_REPRESENTATION_CONTEXT(2) 
PARAMETRIC_REPRESENTATION_CONTEXT() REPRESENTATION_CONTEXT('2D SPACE',''
  ) );
#1630 = PCURVE('',#1592,#1631);
#1631 = DEFINITIONAL_REPRESENTATION('',(#1632),#1641);
#1632 = B_SPLINE_CURVE_WITH_KNOTS('',7,(#1633,#1634,#1635,#1636,#1637,
    #1638,#1639,#1640),.UNSPECIFIED.,.F.,.F.,(8,8),(4.712388980385,
    6.28318530718),.PIECEWISE_BEZIER_KNOTS.);
#1633 = CARTESIAN_POINT('',(3.14159265359,1.580957587066E-13));
#1634 = CARTESIAN_POINT('',(3.365992128846,-5.250198721024E-02));
#1635 = CARTESIAN_POINT('',(3.590391604103,-0.105003761232));
#1636 = CARTESIAN_POINT('',(3.814791079359,-0.153188903109));
#1637 = CARTESIAN_POINT('',(4.039190554616,-0.19273293056));
#1638 = CARTESIAN_POINT('',(4.263590029871,-0.220221393548));
#1639 = CARTESIAN_POINT('',(4.487989505128,-0.233966622027));
#1640 = CARTESIAN_POINT('',(4.712388980385,-0.233966622027));
#1641 = ( GEOMETRIC_REPRESENTATION_CONTEXT(2) 
PARAMETRIC_REPRESENTATION_CONTEXT() REPRESENTATION_CONTEXT('2D SPACE',''
  ) );
#1642 = ORIENTED_EDGE('',*,*,#1643,.F.);
#1643 = EDGE_CURVE('',#1549,#1610,#1644,.T.);
#1644 = SURFACE_CURVE('',#1645,(#1650,#1663),.PCURVE_S1.);
#1645 = ELLIPSE('',#1646,4.76824355819,4.7625);
#1646 = AXIS2_PLACEMENT_3D('',#1647,#1648,#1649);
#1647 = CARTESIAN_POINT('',(-52.03225880768,121.601440206,0.));
#1648 = DIRECTION('',(0.881921264348,0.471396736826,0.));
#1649 = DIRECTION('',(-0.471396736826,0.881921264348,0.));
#1650 = PCURVE('',#1456,#1651);
#1651 = DEFINITIONAL_REPRESENTATION('',(#1652),#1662);
#1652 = B_SPLINE_CURVE_WITH_KNOTS('',8,(#1653,#1654,#1655,#1656,#1657,
    #1658,#1659,#1660,#1661),.UNSPECIFIED.,.F.,.F.,(9,9),(1.570796326795
    ,4.712388980385),.PIECEWISE_BEZIER_KNOTS.);
#1653 = CARTESIAN_POINT('',(0.,4.486748140499));
#1654 = CARTESIAN_POINT('',(0.392699081699,4.394869662881));
#1655 = CARTESIAN_POINT('',(0.785398163398,4.302990452668));
#1656 = CARTESIAN_POINT('',(1.17809724509,4.232709679448));
#1657 = CARTESIAN_POINT('',(1.570796326797,4.205567394264));
#1658 = CARTESIAN_POINT('',(1.963495408488,4.232709679441));
#1659 = CARTESIAN_POINT('',(2.356194490193,4.302990452667));
#1660 = CARTESIAN_POINT('',(2.748893571891,4.394869662881));
#1661 = CARTESIAN_POINT('',(3.14159265359,4.486748140499));
#1662 = ( GEOMETRIC_REPRESENTATION_CONTEXT(2) 
PARAMETRIC_REPRESENTATION_CONTEXT() REPRESENTATION_CONTEXT('2D SPACE',''
  ) );
#1663 = PCURVE('',#1592,#1664);
#1664 = DEFINITIONAL_REPRESENTATION('',(#1665),#1675);
#1665 = B_SPLINE_CURVE_WITH_KNOTS('',8,(#1666,#1667,#1668,#1669,#1670,
    #1671,#1672,#1673,#1674),.UNSPECIFIED.,.F.,.F.,(9,9),(1.570796326795
    ,4.712388980385),.PIECEWISE_BEZIER_KNOTS.);
#1666 = CARTESIAN_POINT('',(-6.217248937901E-15,1.580957587066E-13));
#1667 = CARTESIAN_POINT('',(0.392699081699,9.187847761835E-02));
#1668 = CARTESIAN_POINT('',(0.785398163397,0.183757687831));
#1669 = CARTESIAN_POINT('',(1.178097245093,0.254038461046));
#1670 = CARTESIAN_POINT('',(1.570796326798,0.281180746236));
#1671 = CARTESIAN_POINT('',(1.963495408491,0.254038461046));
#1672 = CARTESIAN_POINT('',(2.356194490193,0.183757687831));
#1673 = CARTESIAN_POINT('',(2.748893571891,9.187847761835E-02));
#1674 = CARTESIAN_POINT('',(3.14159265359,1.580957587066E-13));
#1675 = ( GEOMETRIC_REPRESENTATION_CONTEXT(2) 
PARAMETRIC_REPRESENTATION_CONTEXT() REPRESENTATION_CONTEXT('2D SPACE',''
  ) );
#1676 = ORIENTED_EDGE('',*,*,#1548,.F.);
#1677 = ORIENTED_EDGE('',*,*,#1507,.T.);
#1678 = ORIENTED_EDGE('',*,*,#1473,.T.);
#1679 = ORIENTED_EDGE('',*,*,#1434,.T.);
#1680 = ADVANCED_FACE('',(#1681),#1592,.T.);
#1681 = FACE_BOUND('',#1682,.T.);
#1682 = EDGE_LOOP('',(#1683,#1705,#1744,#1778,#1812,#1813,#1814,#1815));
#1683 = ORIENTED_EDGE('',*,*,#1684,.T.);
#1684 = EDGE_CURVE('',#1549,#1685,#1687,.T.);
#1685 = VERTEX_POINT('',#1686);
#1686 = CARTESIAN_POINT('',(-47.97628652773,123.51977222641,4.7625));
#1687 = SEAM_CURVE('',#1688,(#1692,#1698),.PCURVE_S1.);
#1688 = LINE('',#1689,#1690);
#1689 = CARTESIAN_POINT('',(-52.03225880768,121.601440206,4.7625));
#1690 = VECTOR('',#1691,1.);
#1691 = DIRECTION('',(0.903989293123,0.42755509343,0.));
#1692 = PCURVE('',#1592,#1693);
#1693 = DEFINITIONAL_REPRESENTATION('',(#1694),#1697);
#1694 = B_SPLINE_CURVE_WITH_KNOTS('',1,(#1695,#1696),.UNSPECIFIED.,.F.,
  .F.,(2,2),(-1.296403199132,5.783151339631),.PIECEWISE_BEZIER_KNOTS.);
#1695 = CARTESIAN_POINT('',(6.28318530718,-1.296403199132));
#1696 = CARTESIAN_POINT('',(6.28318530718,5.783151339631));
#1697 = ( GEOMETRIC_REPRESENTATION_CONTEXT(2) 
PARAMETRIC_REPRESENTATION_CONTEXT() REPRESENTATION_CONTEXT('2D SPACE',''
  ) );
#1698 = PCURVE('',#1592,#1699);
#1699 = DEFINITIONAL_REPRESENTATION('',(#1700),#1704);
#1700 = LINE('',#1701,#1702);
#1701 = CARTESIAN_POINT('',(0.,0.));
#1702 = VECTOR('',#1703,1.);
#1703 = DIRECTION('',(0.,1.));
#1704 = ( GEOMETRIC_REPRESENTATION_CONTEXT(2) 
PARAMETRIC_REPRESENTATION_CONTEXT() REPRESENTATION_CONTEXT('2D SPACE',''
  ) );
#1705 = ORIENTED_EDGE('',*,*,#1706,.F.);
#1706 = EDGE_CURVE('',#1707,#1685,#1709,.T.);
#1707 = VERTEX_POINT('',#1708);
#1708 = CARTESIAN_POINT('',(-49.80101433893,127.92505485585,
    -5.832380380939E-16));
#1709 = SURFACE_CURVE('',#1710,(#1715,#1727),.PCURVE_S1.);
#1710 = ELLIPSE('',#1711,4.76824355819,4.7625);
#1711 = AXIS2_PLACEMENT_3D('',#1712,#1713,#1714);
#1712 = CARTESIAN_POINT('',(-47.97628652773,123.51977222641,0.));
#1713 = DIRECTION('',(0.923879532511,0.382683432365,0.));
#1714 = DIRECTION('',(-0.382683432365,0.923879532511,0.));
#1715 = PCURVE('',#1592,#1716);
#1716 = DEFINITIONAL_REPRESENTATION('',(#1717),#1726);
#1717 = B_SPLINE_CURVE_WITH_KNOTS('',7,(#1718,#1719,#1720,#1721,#1722,
    #1723,#1724,#1725),.UNSPECIFIED.,.F.,.F.,(8,8),(0.,1.570796326795),
  .PIECEWISE_BEZIER_KNOTS.);
#1718 = CARTESIAN_POINT('',(4.712388980385,4.720714762526));
#1719 = CARTESIAN_POINT('',(4.936788455641,4.720714762526));
#1720 = CARTESIAN_POINT('',(5.161187930897,4.706969534047));
#1721 = CARTESIAN_POINT('',(5.385587406155,4.679481071058));
#1722 = CARTESIAN_POINT('',(5.60998688141,4.639937043609));
#1723 = CARTESIAN_POINT('',(5.834386356667,4.591751901731));
#1724 = CARTESIAN_POINT('',(6.058785831923,4.539250127709));
#1725 = CARTESIAN_POINT('',(6.28318530718,4.486748140499));
#1726 = ( GEOMETRIC_REPRESENTATION_CONTEXT(2) 
PARAMETRIC_REPRESENTATION_CONTEXT() REPRESENTATION_CONTEXT('2D SPACE',''
  ) );
#1727 = PCURVE('',#1728,#1733);
#1728 = CYLINDRICAL_SURFACE('',#1729,4.7625);
#1729 = AXIS2_PLACEMENT_3D('',#1730,#1731,#1732);
#1730 = CARTESIAN_POINT('',(-47.97628652773,123.51977222641,0.));
#1731 = DIRECTION('',(0.941544065183,0.336889853392,0.));
#1732 = DIRECTION('',(-3.740228719986E-17,1.045323899865E-16,1.));
#1733 = DEFINITIONAL_REPRESENTATION('',(#1734),#1743);
#1734 = B_SPLINE_CURVE_WITH_KNOTS('',7,(#1735,#1736,#1737,#1738,#1739,
    #1740,#1741,#1742),.UNSPECIFIED.,.F.,.F.,(8,8),(0.,1.570796326795),
  .PIECEWISE_BEZIER_KNOTS.);
#1735 = CARTESIAN_POINT('',(4.712388980385,-0.233966622027));
#1736 = CARTESIAN_POINT('',(4.936788455641,-0.233966622027));
#1737 = CARTESIAN_POINT('',(5.161187930897,-0.220221393548));
#1738 = CARTESIAN_POINT('',(5.385587406154,-0.19273293056));
#1739 = CARTESIAN_POINT('',(5.60998688141,-0.153188903109));
#1740 = CARTESIAN_POINT('',(5.834386356667,-0.105003761232));
#1741 = CARTESIAN_POINT('',(6.058785831923,-5.250198721056E-02));
#1742 = CARTESIAN_POINT('',(6.28318530718,-1.683098105332E-13));
#1743 = ( GEOMETRIC_REPRESENTATION_CONTEXT(2) 
PARAMETRIC_REPRESENTATION_CONTEXT() REPRESENTATION_CONTEXT('2D SPACE',''
  ) );
#1744 = ORIENTED_EDGE('',*,*,#1745,.F.);
#1745 = EDGE_CURVE('',#1746,#1707,#1748,.T.);
#1746 = VERTEX_POINT('',#1747);
#1747 = CARTESIAN_POINT('',(-47.97628652773,123.51977222641,-4.7625));
#1748 = SURFACE_CURVE('',#1749,(#1754,#1766),.PCURVE_S1.);
#1749 = ELLIPSE('',#1750,4.76824355819,4.7625);
#1750 = AXIS2_PLACEMENT_3D('',#1751,#1752,#1753);
#1751 = CARTESIAN_POINT('',(-47.97628652773,123.51977222641,0.));
#1752 = DIRECTION('',(0.923879532511,0.382683432365,0.));
#1753 = DIRECTION('',(-0.382683432365,0.923879532511,0.));
#1754 = PCURVE('',#1592,#1755);
#1755 = DEFINITIONAL_REPRESENTATION('',(#1756),#1765);
#1756 = B_SPLINE_CURVE_WITH_KNOTS('',7,(#1757,#1758,#1759,#1760,#1761,
    #1762,#1763,#1764),.UNSPECIFIED.,.F.,.F.,(8,8),(4.712388980385,
    6.28318530718),.PIECEWISE_BEZIER_KNOTS.);
#1757 = CARTESIAN_POINT('',(3.14159265359,4.486748140499));
#1758 = CARTESIAN_POINT('',(3.365992128846,4.539250127709));
#1759 = CARTESIAN_POINT('',(3.590391604103,4.591751901731));
#1760 = CARTESIAN_POINT('',(3.814791079359,4.63993704361));
#1761 = CARTESIAN_POINT('',(4.039190554617,4.679481071058));
#1762 = CARTESIAN_POINT('',(4.263590029871,4.706969534047));
#1763 = CARTESIAN_POINT('',(4.487989505128,4.720714762526));
#1764 = CARTESIAN_POINT('',(4.712388980385,4.720714762526));
#1765 = ( GEOMETRIC_REPRESENTATION_CONTEXT(2) 
PARAMETRIC_REPRESENTATION_CONTEXT() REPRESENTATION_CONTEXT('2D SPACE',''
  ) );
#1766 = PCURVE('',#1728,#1767);
#1767 = DEFINITIONAL_REPRESENTATION('',(#1768),#1777);
#1768 = B_SPLINE_CURVE_WITH_KNOTS('',7,(#1769,#1770,#1771,#1772,#1773,
    #1774,#1775,#1776),.UNSPECIFIED.,.F.,.F.,(8,8),(4.712388980385,
    6.28318530718),.PIECEWISE_BEZIER_KNOTS.);
#1769 = CARTESIAN_POINT('',(3.14159265359,-1.683098105332E-13));
#1770 = CARTESIAN_POINT('',(3.365992128846,-5.250198721056E-02));
#1771 = CARTESIAN_POINT('',(3.590391604103,-0.105003761232));
#1772 = CARTESIAN_POINT('',(3.814791079359,-0.153188903109));
#1773 = CARTESIAN_POINT('',(4.039190554616,-0.19273293056));
#1774 = CARTESIAN_POINT('',(4.263590029872,-0.220221393548));
#1775 = CARTESIAN_POINT('',(4.487989505128,-0.233966622027));
#1776 = CARTESIAN_POINT('',(4.712388980385,-0.233966622027));
#1777 = ( GEOMETRIC_REPRESENTATION_CONTEXT(2) 
PARAMETRIC_REPRESENTATION_CONTEXT() REPRESENTATION_CONTEXT('2D SPACE',''
  ) );
#1778 = ORIENTED_EDGE('',*,*,#1779,.F.);
#1779 = EDGE_CURVE('',#1685,#1746,#1780,.T.);
#1780 = SURFACE_CURVE('',#1781,(#1786,#1799),.PCURVE_S1.);
#1781 = ELLIPSE('',#1782,4.76824355819,4.7625);
#1782 = AXIS2_PLACEMENT_3D('',#1783,#1784,#1785);
#1783 = CARTESIAN_POINT('',(-47.97628652773,123.51977222641,0.));
#1784 = DIRECTION('',(0.923879532511,0.382683432365,0.));
#1785 = DIRECTION('',(-0.382683432365,0.923879532511,0.));
#1786 = PCURVE('',#1592,#1787);
#1787 = DEFINITIONAL_REPRESENTATION('',(#1788),#1798);
#1788 = B_SPLINE_CURVE_WITH_KNOTS('',8,(#1789,#1790,#1791,#1792,#1793,
    #1794,#1795,#1796,#1797),.UNSPECIFIED.,.F.,.F.,(9,9),(1.570796326795
    ,4.712388980385),.PIECEWISE_BEZIER_KNOTS.);
#1789 = CARTESIAN_POINT('',(-6.217248937901E-15,4.486748140499));
#1790 = CARTESIAN_POINT('',(0.392699081699,4.394869662881));
#1791 = CARTESIAN_POINT('',(0.785398163399,4.302990452662));
#1792 = CARTESIAN_POINT('',(1.178097245088,4.232709679468));
#1793 = CARTESIAN_POINT('',(1.570796326799,4.205567394233));
#1794 = CARTESIAN_POINT('',(1.963495408484,4.232709679467));
#1795 = CARTESIAN_POINT('',(2.356194490193,4.302990452661));
#1796 = CARTESIAN_POINT('',(2.748893571891,4.394869662881));
#1797 = CARTESIAN_POINT('',(3.14159265359,4.486748140499));
#1798 = ( GEOMETRIC_REPRESENTATION_CONTEXT(2) 
PARAMETRIC_REPRESENTATION_CONTEXT() REPRESENTATION_CONTEXT('2D SPACE',''
  ) );
#1799 = PCURVE('',#1728,#1800);
#1800 = DEFINITIONAL_REPRESENTATION('',(#1801),#1811);
#1801 = B_SPLINE_CURVE_WITH_KNOTS('',8,(#1802,#1803,#1804,#1805,#1806,
    #1807,#1808,#1809,#1810),.UNSPECIFIED.,.F.,.F.,(9,9),(1.570796326795
    ,4.712388980385),.PIECEWISE_BEZIER_KNOTS.);
#1802 = CARTESIAN_POINT('',(0.,-1.683098105332E-13));
#1803 = CARTESIAN_POINT('',(0.392699081699,9.187847761802E-02));
#1804 = CARTESIAN_POINT('',(0.785398163396,0.183757687831));
#1805 = CARTESIAN_POINT('',(1.178097245096,0.254038461045));
#1806 = CARTESIAN_POINT('',(1.570796326788,0.281180746237));
#1807 = CARTESIAN_POINT('',(1.963495408494,0.254038461045));
#1808 = CARTESIAN_POINT('',(2.356194490191,0.183757687831));
#1809 = CARTESIAN_POINT('',(2.748893571891,9.187847761802E-02));
#1810 = CARTESIAN_POINT('',(3.14159265359,-1.683098105332E-13));
#1811 = ( GEOMETRIC_REPRESENTATION_CONTEXT(2) 
PARAMETRIC_REPRESENTATION_CONTEXT() REPRESENTATION_CONTEXT('2D SPACE',''
  ) );
#1812 = ORIENTED_EDGE('',*,*,#1684,.F.);
#1813 = ORIENTED_EDGE('',*,*,#1643,.T.);
#1814 = ORIENTED_EDGE('',*,*,#1609,.T.);
#1815 = ORIENTED_EDGE('',*,*,#1570,.T.);
#1816 = ADVANCED_FACE('',(#1817),#1728,.T.);
#1817 = FACE_BOUND('',#1818,.T.);
#1818 = EDGE_LOOP('',(#1819,#1841,#1880,#1914,#1948,#1949,#1950,#1951));
#1819 = ORIENTED_EDGE('',*,*,#1820,.T.);
#1820 = EDGE_CURVE('',#1685,#1821,#1823,.T.);
#1821 = VERTEX_POINT('',#1822);
#1822 = CARTESIAN_POINT('',(-43.75181544407,125.03131214967,4.7625));
#1823 = SEAM_CURVE('',#1824,(#1828,#1834),.PCURVE_S1.);
#1824 = LINE('',#1825,#1826);
#1825 = CARTESIAN_POINT('',(-47.97628652773,123.51977222641,4.7625));
#1826 = VECTOR('',#1827,1.);
#1827 = DIRECTION('',(0.941544065183,0.336889853392,0.));
#1828 = PCURVE('',#1728,#1829);
#1829 = DEFINITIONAL_REPRESENTATION('',(#1830),#1833);
#1830 = B_SPLINE_CURVE_WITH_KNOTS('',1,(#1831,#1832),.UNSPECIFIED.,.F.,
  .F.,(2,2),(-1.296403199132,5.783151339631),.PIECEWISE_BEZIER_KNOTS.);
#1831 = CARTESIAN_POINT('',(6.28318530718,-1.296403199132));
#1832 = CARTESIAN_POINT('',(6.28318530718,5.783151339631));
#1833 = ( GEOMETRIC_REPRESENTATION_CONTEXT(2) 
PARAMETRIC_REPRESENTATION_CONTEXT() REPRESENTATION_CONTEXT('2D SPACE',''
  ) );
#1834 = PCURVE('',#1728,#1835);
#1835 = DEFINITIONAL_REPRESENTATION('',(#1836),#1840);
#1836 = LINE('',#1837,#1838);
#1837 = CARTESIAN_POINT('',(0.,0.));
#1838 = VECTOR('',#1839,1.);
#1839 = DIRECTION('',(0.,1.));
#1840 = ( GEOMETRIC_REPRESENTATION_CONTEXT(2) 
PARAMETRIC_REPRESENTATION_CONTEXT() REPRESENTATION_CONTEXT('2D SPACE',''
  ) );
#1841 = ORIENTED_EDGE('',*,*,#1842,.F.);
#1842 = EDGE_CURVE('',#1843,#1821,#1845,.T.);
#1843 = VERTEX_POINT('',#1844);
#1844 = CARTESIAN_POINT('',(-45.13596348643,129.5942367411,
    -5.832380380939E-16));
#1845 = SURFACE_CURVE('',#1846,(#1851,#1863),.PCURVE_S1.);
#1846 = ELLIPSE('',#1847,4.76824355819,4.7625);
#1847 = AXIS2_PLACEMENT_3D('',#1848,#1849,#1850);
#1848 = CARTESIAN_POINT('',(-43.75181544407,125.03131214967,0.));
#1849 = DIRECTION('',(0.956940335732,0.290284677254,0.));
#1850 = DIRECTION('',(-0.290284677254,0.956940335732,0.));
#1851 = PCURVE('',#1728,#1852);
#1852 = DEFINITIONAL_REPRESENTATION('',(#1853),#1862);
#1853 = B_SPLINE_CURVE_WITH_KNOTS('',7,(#1854,#1855,#1856,#1857,#1858,
    #1859,#1860,#1861),.UNSPECIFIED.,.F.,.F.,(8,8),(0.,1.570796326795),
  .PIECEWISE_BEZIER_KNOTS.);
#1854 = CARTESIAN_POINT('',(4.712388980385,4.720714762526));
#1855 = CARTESIAN_POINT('',(4.936788455641,4.720714762526));
#1856 = CARTESIAN_POINT('',(5.161187930898,4.706969534047));
#1857 = CARTESIAN_POINT('',(5.385587406153,4.679481071059));
#1858 = CARTESIAN_POINT('',(5.609986881411,4.639937043609));
#1859 = CARTESIAN_POINT('',(5.834386356667,4.59175190173));
#1860 = CARTESIAN_POINT('',(6.058785831923,4.539250127709));
#1861 = CARTESIAN_POINT('',(6.28318530718,4.486748140499));
#1862 = ( GEOMETRIC_REPRESENTATION_CONTEXT(2) 
PARAMETRIC_REPRESENTATION_CONTEXT() REPRESENTATION_CONTEXT('2D SPACE',''
  ) );
#1863 = PCURVE('',#1864,#1869);
#1864 = CYLINDRICAL_SURFACE('',#1865,4.7625);
#1865 = AXIS2_PLACEMENT_3D('',#1866,#1867,#1868);
#1866 = CARTESIAN_POINT('',(-43.75181544407,125.03131214967,0.));
#1867 = DIRECTION('',(0.970031253195,0.242980179903,0.));
#1868 = DIRECTION('',(-2.697621902562E-17,1.076951031903E-16,1.));
#1869 = DEFINITIONAL_REPRESENTATION('',(#1870),#1879);
#1870 = B_SPLINE_CURVE_WITH_KNOTS('',7,(#1871,#1872,#1873,#1874,#1875,
    #1876,#1877,#1878),.UNSPECIFIED.,.F.,.F.,(8,8),(0.,1.570796326795),
  .PIECEWISE_BEZIER_KNOTS.);
#1871 = CARTESIAN_POINT('',(4.712388980385,-0.233966622027));
#1872 = CARTESIAN_POINT('',(4.936788455641,-0.233966622027));
#1873 = CARTESIAN_POINT('',(5.161187930898,-0.220221393548));
#1874 = CARTESIAN_POINT('',(5.385587406154,-0.19273293056));
#1875 = CARTESIAN_POINT('',(5.60998688141,-0.153188903109));
#1876 = CARTESIAN_POINT('',(5.834386356667,-0.105003761232));
#1877 = CARTESIAN_POINT('',(6.058785831923,-5.25019872105E-02));
#1878 = CARTESIAN_POINT('',(6.28318530718,-9.769962616701E-14));
#1879 = ( GEOMETRIC_REPRESENTATION_CONTEXT(2) 
PARAMETRIC_REPRESENTATION_CONTEXT() REPRESENTATION_CONTEXT('2D SPACE',''
  ) );
#1880 = ORIENTED_EDGE('',*,*,#1881,.F.);
#1881 = EDGE_CURVE('',#1882,#1843,#1884,.T.);
#1882 = VERTEX_POINT('',#1883);
#1883 = CARTESIAN_POINT('',(-43.75181544407,125.03131214967,-4.7625));
#1884 = SURFACE_CURVE('',#1885,(#1890,#1902),.PCURVE_S1.);
#1885 = ELLIPSE('',#1886,4.76824355819,4.7625);
#1886 = AXIS2_PLACEMENT_3D('',#1887,#1888,#1889);
#1887 = CARTESIAN_POINT('',(-43.75181544407,125.03131214967,0.));
#1888 = DIRECTION('',(0.956940335732,0.290284677254,0.));
#1889 = DIRECTION('',(-0.290284677254,0.956940335732,0.));
#1890 = PCURVE('',#1728,#1891);
#1891 = DEFINITIONAL_REPRESENTATION('',(#1892),#1901);
#1892 = B_SPLINE_CURVE_WITH_KNOTS('',7,(#1893,#1894,#1895,#1896,#1897,
    #1898,#1899,#1900),.UNSPECIFIED.,.F.,.F.,(8,8),(4.712388980385,
    6.28318530718),.PIECEWISE_BEZIER_KNOTS.);
#1893 = CARTESIAN_POINT('',(3.14159265359,4.486748140499));
#1894 = CARTESIAN_POINT('',(3.365992128846,4.539250127709));
#1895 = CARTESIAN_POINT('',(3.590391604103,4.591751901731));
#1896 = CARTESIAN_POINT('',(3.814791079358,4.639937043608));
#1897 = CARTESIAN_POINT('',(4.039190554617,4.679481071059));
#1898 = CARTESIAN_POINT('',(4.263590029871,4.706969534047));
#1899 = CARTESIAN_POINT('',(4.487989505128,4.720714762526));
#1900 = CARTESIAN_POINT('',(4.712388980385,4.720714762526));
#1901 = ( GEOMETRIC_REPRESENTATION_CONTEXT(2) 
PARAMETRIC_REPRESENTATION_CONTEXT() REPRESENTATION_CONTEXT('2D SPACE',''
  ) );
#1902 = PCURVE('',#1864,#1903);
#1903 = DEFINITIONAL_REPRESENTATION('',(#1904),#1913);
#1904 = B_SPLINE_CURVE_WITH_KNOTS('',7,(#1905,#1906,#1907,#1908,#1909,
    #1910,#1911,#1912),.UNSPECIFIED.,.F.,.F.,(8,8),(4.712388980385,
    6.28318530718),.PIECEWISE_BEZIER_KNOTS.);
#1905 = CARTESIAN_POINT('',(3.14159265359,-9.769962616701E-14));
#1906 = CARTESIAN_POINT('',(3.365992128846,-5.25019872105E-02));
#1907 = CARTESIAN_POINT('',(3.590391604102,-0.105003761232));
#1908 = CARTESIAN_POINT('',(3.81479107936,-0.153188903109));
#1909 = CARTESIAN_POINT('',(4.039190554615,-0.19273293056));
#1910 = CARTESIAN_POINT('',(4.263590029872,-0.220221393548));
#1911 = CARTESIAN_POINT('',(4.487989505128,-0.233966622027));
#1912 = CARTESIAN_POINT('',(4.712388980385,-0.233966622027));
#1913 = ( GEOMETRIC_REPRESENTATION_CONTEXT(2) 
PARAMETRIC_REPRESENTATION_CONTEXT() REPRESENTATION_CONTEXT('2D SPACE',''
  ) );
#1914 = ORIENTED_EDGE('',*,*,#1915,.F.);
#1915 = EDGE_CURVE('',#1821,#1882,#1916,.T.);
#1916 = SURFACE_CURVE('',#1917,(#1922,#1935),.PCURVE_S1.);
#1917 = ELLIPSE('',#1918,4.76824355819,4.7625);
#1918 = AXIS2_PLACEMENT_3D('',#1919,#1920,#1921);
#1919 = CARTESIAN_POINT('',(-43.75181544407,125.03131214967,0.));
#1920 = DIRECTION('',(0.956940335732,0.290284677254,0.));
#1921 = DIRECTION('',(-0.290284677254,0.956940335732,0.));
#1922 = PCURVE('',#1728,#1923);
#1923 = DEFINITIONAL_REPRESENTATION('',(#1924),#1934);
#1924 = B_SPLINE_CURVE_WITH_KNOTS('',8,(#1925,#1926,#1927,#1928,#1929,
    #1930,#1931,#1932,#1933),.UNSPECIFIED.,.F.,.F.,(9,9),(1.570796326795
    ,4.712388980385),.PIECEWISE_BEZIER_KNOTS.);
#1925 = CARTESIAN_POINT('',(0.,4.486748140499));
#1926 = CARTESIAN_POINT('',(0.392699081699,4.394869662881));
#1927 = CARTESIAN_POINT('',(0.785398163398,4.302990452665));
#1928 = CARTESIAN_POINT('',(1.17809724509,4.23270967946));
#1929 = CARTESIAN_POINT('',(1.570796326797,4.205567394243));
#1930 = CARTESIAN_POINT('',(1.963495408491,4.232709679456));
#1931 = CARTESIAN_POINT('',(2.356194490193,4.302990452664));
#1932 = CARTESIAN_POINT('',(2.748893571891,4.394869662881));
#1933 = CARTESIAN_POINT('',(3.14159265359,4.486748140499));
#1934 = ( GEOMETRIC_REPRESENTATION_CONTEXT(2) 
PARAMETRIC_REPRESENTATION_CONTEXT() REPRESENTATION_CONTEXT('2D SPACE',''
  ) );
#1935 = PCURVE('',#1864,#1936);
#1936 = DEFINITIONAL_REPRESENTATION('',(#1937),#1947);
#1937 = B_SPLINE_CURVE_WITH_KNOTS('',8,(#1938,#1939,#1940,#1941,#1942,
    #1943,#1944,#1945,#1946),.UNSPECIFIED.,.F.,.F.,(9,9),(1.570796326795
    ,4.712388980385),.PIECEWISE_BEZIER_KNOTS.);
#1938 = CARTESIAN_POINT('',(0.,-9.769962616701E-14));
#1939 = CARTESIAN_POINT('',(0.392699081699,9.18784776181E-02));
#1940 = CARTESIAN_POINT('',(0.785398163397,0.183757687831));
#1941 = CARTESIAN_POINT('',(1.178097245096,0.254038461046));
#1942 = CARTESIAN_POINT('',(1.570796326793,0.281180746235));
#1943 = CARTESIAN_POINT('',(1.963495408495,0.254038461046));
#1944 = CARTESIAN_POINT('',(2.356194490191,0.183757687831));
#1945 = CARTESIAN_POINT('',(2.748893571891,9.18784776181E-02));
#1946 = CARTESIAN_POINT('',(3.14159265359,-9.769962616701E-14));
#1947 = ( GEOMETRIC_REPRESENTATION_CONTEXT(2) 
PARAMETRIC_REPRESENTATION_CONTEXT() REPRESENTATION_CONTEXT('2D SPACE',''
  ) );
#1948 = ORIENTED_EDGE('',*,*,#1820,.F.);
#1949 = ORIENTED_EDGE('',*,*,#1779,.T.);
#1950 = ORIENTED_EDGE('',*,*,#1745,.T.);
#1951 = ORIENTED_EDGE('',*,*,#1706,.T.);
#1952 = ADVANCED_FACE('',(#1953),#1864,.T.);
#1953 = FACE_BOUND('',#1954,.T.);
#1954 = EDGE_LOOP('',(#1955,#1977,#2016,#2050,#2084,#2085,#2086,#2087));
#1955 = ORIENTED_EDGE('',*,*,#1956,.T.);
#1956 = EDGE_CURVE('',#1821,#1957,#1959,.T.);
#1957 = VERTEX_POINT('',#1958);
#1958 = CARTESIAN_POINT('',(-39.39952952257,126.12150302003,4.7625));
#1959 = SEAM_CURVE('',#1960,(#1964,#1970),.PCURVE_S1.);
#1960 = LINE('',#1961,#1962);
#1961 = CARTESIAN_POINT('',(-43.75181544407,125.03131214967,4.7625));
#1962 = VECTOR('',#1963,1.);
#1963 = DIRECTION('',(0.970031253195,0.242980179903,0.));
#1964 = PCURVE('',#1864,#1965);
#1965 = DEFINITIONAL_REPRESENTATION('',(#1966),#1969);
#1966 = B_SPLINE_CURVE_WITH_KNOTS('',1,(#1967,#1968),.UNSPECIFIED.,.F.,
  .F.,(2,2),(-1.296403199132,5.783151339631),.PIECEWISE_BEZIER_KNOTS.);
#1967 = CARTESIAN_POINT('',(6.28318530718,-1.296403199132));
#1968 = CARTESIAN_POINT('',(6.28318530718,5.783151339631));
#1969 = ( GEOMETRIC_REPRESENTATION_CONTEXT(2) 
PARAMETRIC_REPRESENTATION_CONTEXT() REPRESENTATION_CONTEXT('2D SPACE',''
  ) );
#1970 = PCURVE('',#1864,#1971);
#1971 = DEFINITIONAL_REPRESENTATION('',(#1972),#1976);
#1972 = LINE('',#1973,#1974);
#1973 = CARTESIAN_POINT('',(0.,0.));
#1974 = VECTOR('',#1975,1.);
#1975 = DIRECTION('',(0.,1.));
#1976 = ( GEOMETRIC_REPRESENTATION_CONTEXT(2) 
PARAMETRIC_REPRESENTATION_CONTEXT() REPRESENTATION_CONTEXT('2D SPACE',''
  ) );
#1977 = ORIENTED_EDGE('',*,*,#1978,.F.);
#1978 = EDGE_CURVE('',#1979,#1957,#1981,.T.);
#1979 = VERTEX_POINT('',#1980);
#1980 = CARTESIAN_POINT('',(-40.32976769379,130.79812611528,
    -5.832380380939E-16));
#1981 = SURFACE_CURVE('',#1982,(#1987,#1999),.PCURVE_S1.);
#1982 = ELLIPSE('',#1983,4.76824355819,4.7625);
#1983 = AXIS2_PLACEMENT_3D('',#1984,#1985,#1986);
#1984 = CARTESIAN_POINT('',(-39.39952952257,126.12150302003,0.));
#1985 = DIRECTION('',(0.980785280403,0.195090322016,0.));
#1986 = DIRECTION('',(-0.195090322016,0.980785280403,0.));
#1987 = PCURVE('',#1864,#1988);
#1988 = DEFINITIONAL_REPRESENTATION('',(#1989),#1998);
#1989 = B_SPLINE_CURVE_WITH_KNOTS('',7,(#1990,#1991,#1992,#1993,#1994,
    #1995,#1996,#1997),.UNSPECIFIED.,.F.,.F.,(8,8),(0.,1.570796326795),
  .PIECEWISE_BEZIER_KNOTS.);
#1990 = CARTESIAN_POINT('',(4.712388980385,4.720714762526));
#1991 = CARTESIAN_POINT('',(4.936788455641,4.720714762526));
#1992 = CARTESIAN_POINT('',(5.161187930898,4.706969534047));
#1993 = CARTESIAN_POINT('',(5.385587406154,4.679481071059));
#1994 = CARTESIAN_POINT('',(5.60998688141,4.639937043608));
#1995 = CARTESIAN_POINT('',(5.834386356667,4.591751901731));
#1996 = CARTESIAN_POINT('',(6.058785831923,4.53925012771));
#1997 = CARTESIAN_POINT('',(6.28318530718,4.486748140499));
#1998 = ( GEOMETRIC_REPRESENTATION_CONTEXT(2) 
PARAMETRIC_REPRESENTATION_CONTEXT() REPRESENTATION_CONTEXT('2D SPACE',''
  ) );
#1999 = PCURVE('',#2000,#2005);
#2000 = CYLINDRICAL_SURFACE('',#2001,4.7625);
#2001 = AXIS2_PLACEMENT_3D('',#2002,#2003,#2004);
#2002 = CARTESIAN_POINT('',(-39.39952952257,126.12150302003,0.));
#2003 = DIRECTION('',(0.989176509965,0.146730474455,0.));
#2004 = DIRECTION('',(-1.629035511545E-17,1.098206536781E-16,1.));
#2005 = DEFINITIONAL_REPRESENTATION('',(#2006),#2015);
#2006 = B_SPLINE_CURVE_WITH_KNOTS('',7,(#2007,#2008,#2009,#2010,#2011,
    #2012,#2013,#2014),.UNSPECIFIED.,.F.,.F.,(8,8),(0.,1.570796326795),
  .PIECEWISE_BEZIER_KNOTS.);
#2007 = CARTESIAN_POINT('',(4.712388980385,-0.233966622027));
#2008 = CARTESIAN_POINT('',(4.936788455641,-0.233966622027));
#2009 = CARTESIAN_POINT('',(5.161187930898,-0.220221393548));
#2010 = CARTESIAN_POINT('',(5.385587406154,-0.19273293056));
#2011 = CARTESIAN_POINT('',(5.60998688141,-0.153188903109));
#2012 = CARTESIAN_POINT('',(5.834386356667,-0.105003761232));
#2013 = CARTESIAN_POINT('',(6.058785831923,-5.250198721017E-02));
#2014 = CARTESIAN_POINT('',(6.28318530718,2.13162820728E-13));
#2015 = ( GEOMETRIC_REPRESENTATION_CONTEXT(2) 
PARAMETRIC_REPRESENTATION_CONTEXT() REPRESENTATION_CONTEXT('2D SPACE',''
  ) );
#2016 = ORIENTED_EDGE('',*,*,#2017,.F.);
#2017 = EDGE_CURVE('',#2018,#1979,#2020,.T.);
#2018 = VERTEX_POINT('',#2019);
#2019 = CARTESIAN_POINT('',(-39.39952952257,126.12150302003,-4.7625));
#2020 = SURFACE_CURVE('',#2021,(#2026,#2038),.PCURVE_S1.);
#2021 = ELLIPSE('',#2022,4.76824355819,4.7625);
#2022 = AXIS2_PLACEMENT_3D('',#2023,#2024,#2025);
#2023 = CARTESIAN_POINT('',(-39.39952952257,126.12150302003,0.));
#2024 = DIRECTION('',(0.980785280403,0.195090322016,0.));
#2025 = DIRECTION('',(-0.195090322016,0.980785280403,0.));
#2026 = PCURVE('',#1864,#2027);
#2027 = DEFINITIONAL_REPRESENTATION('',(#2028),#2037);
#2028 = B_SPLINE_CURVE_WITH_KNOTS('',7,(#2029,#2030,#2031,#2032,#2033,
    #2034,#2035,#2036),.UNSPECIFIED.,.F.,.F.,(8,8),(4.712388980385,
    6.28318530718),.PIECEWISE_BEZIER_KNOTS.);
#2029 = CARTESIAN_POINT('',(3.14159265359,4.486748140499));
#2030 = CARTESIAN_POINT('',(3.365992128846,4.53925012771));
#2031 = CARTESIAN_POINT('',(3.590391604102,4.591751901732));
#2032 = CARTESIAN_POINT('',(3.81479107936,4.639937043607));
#2033 = CARTESIAN_POINT('',(4.039190554614,4.679481071062));
#2034 = CARTESIAN_POINT('',(4.263590029872,4.706969534047));
#2035 = CARTESIAN_POINT('',(4.487989505128,4.720714762526));
#2036 = CARTESIAN_POINT('',(4.712388980385,4.720714762526));
#2037 = ( GEOMETRIC_REPRESENTATION_CONTEXT(2) 
PARAMETRIC_REPRESENTATION_CONTEXT() REPRESENTATION_CONTEXT('2D SPACE',''
  ) );
#2038 = PCURVE('',#2000,#2039);
#2039 = DEFINITIONAL_REPRESENTATION('',(#2040),#2049);
#2040 = B_SPLINE_CURVE_WITH_KNOTS('',7,(#2041,#2042,#2043,#2044,#2045,
    #2046,#2047,#2048),.UNSPECIFIED.,.F.,.F.,(8,8),(4.712388980385,
    6.28318530718),.PIECEWISE_BEZIER_KNOTS.);
#2041 = CARTESIAN_POINT('',(3.14159265359,2.13162820728E-13));
#2042 = CARTESIAN_POINT('',(3.365992128846,-5.250198721017E-02));
#2043 = CARTESIAN_POINT('',(3.590391604103,-0.105003761232));
#2044 = CARTESIAN_POINT('',(3.814791079358,-0.153188903109));
#2045 = CARTESIAN_POINT('',(4.039190554617,-0.19273293056));
#2046 = CARTESIAN_POINT('',(4.263590029872,-0.220221393548));
#2047 = CARTESIAN_POINT('',(4.487989505128,-0.233966622027));
#2048 = CARTESIAN_POINT('',(4.712388980385,-0.233966622027));
#2049 = ( GEOMETRIC_REPRESENTATION_CONTEXT(2) 
PARAMETRIC_REPRESENTATION_CONTEXT() REPRESENTATION_CONTEXT('2D SPACE',''
  ) );
#2050 = ORIENTED_EDGE('',*,*,#2051,.F.);
#2051 = EDGE_CURVE('',#1957,#2018,#2052,.T.);
#2052 = SURFACE_CURVE('',#2053,(#2058,#2071),.PCURVE_S1.);
#2053 = ELLIPSE('',#2054,4.76824355819,4.7625);
#2054 = AXIS2_PLACEMENT_3D('',#2055,#2056,#2057);
#2055 = CARTESIAN_POINT('',(-39.39952952257,126.12150302003,0.));
#2056 = DIRECTION('',(0.980785280403,0.195090322016,0.));
#2057 = DIRECTION('',(-0.195090322016,0.980785280403,0.));
#2058 = PCURVE('',#1864,#2059);
#2059 = DEFINITIONAL_REPRESENTATION('',(#2060),#2070);
#2060 = B_SPLINE_CURVE_WITH_KNOTS('',8,(#2061,#2062,#2063,#2064,#2065,
    #2066,#2067,#2068,#2069),.UNSPECIFIED.,.F.,.F.,(9,9),(1.570796326795
    ,4.712388980385),.PIECEWISE_BEZIER_KNOTS.);
#2061 = CARTESIAN_POINT('',(0.,4.486748140499));
#2062 = CARTESIAN_POINT('',(0.392699081699,4.394869662881));
#2063 = CARTESIAN_POINT('',(0.785398163396,4.302990452662));
#2064 = CARTESIAN_POINT('',(1.178097245096,4.232709679473));
#2065 = CARTESIAN_POINT('',(1.570796326788,4.205567394229));
#2066 = CARTESIAN_POINT('',(1.963495408493,4.23270967947));
#2067 = CARTESIAN_POINT('',(2.356194490191,4.302990452663));
#2068 = CARTESIAN_POINT('',(2.748893571891,4.394869662881));
#2069 = CARTESIAN_POINT('',(3.14159265359,4.486748140499));
#2070 = ( GEOMETRIC_REPRESENTATION_CONTEXT(2) 
PARAMETRIC_REPRESENTATION_CONTEXT() REPRESENTATION_CONTEXT('2D SPACE',''
  ) );
#2071 = PCURVE('',#2000,#2072);
#2072 = DEFINITIONAL_REPRESENTATION('',(#2073),#2083);
#2073 = B_SPLINE_CURVE_WITH_KNOTS('',8,(#2074,#2075,#2076,#2077,#2078,
    #2079,#2080,#2081,#2082),.UNSPECIFIED.,.F.,.F.,(9,9),(1.570796326795
    ,4.712388980385),.PIECEWISE_BEZIER_KNOTS.);
#2074 = CARTESIAN_POINT('',(0.,2.13162820728E-13));
#2075 = CARTESIAN_POINT('',(0.392699081699,9.187847761839E-02));
#2076 = CARTESIAN_POINT('',(0.785398163397,0.183757687831));
#2077 = CARTESIAN_POINT('',(1.178097245091,0.254038461047));
#2078 = CARTESIAN_POINT('',(1.570796326795,0.281180746234));
#2079 = CARTESIAN_POINT('',(1.96349540849,0.254038461047));
#2080 = CARTESIAN_POINT('',(2.356194490192,0.183757687831));
#2081 = CARTESIAN_POINT('',(2.748893571891,9.187847761839E-02));
#2082 = CARTESIAN_POINT('',(3.14159265359,2.13162820728E-13));
#2083 = ( GEOMETRIC_REPRESENTATION_CONTEXT(2) 
PARAMETRIC_REPRESENTATION_CONTEXT() REPRESENTATION_CONTEXT('2D SPACE',''
  ) );
#2084 = ORIENTED_EDGE('',*,*,#1956,.F.);
#2085 = ORIENTED_EDGE('',*,*,#1915,.T.);
#2086 = ORIENTED_EDGE('',*,*,#1881,.T.);
#2087 = ORIENTED_EDGE('',*,*,#1842,.T.);
#2088 = ADVANCED_FACE('',(#2089),#2000,.T.);
#2089 = FACE_BOUND('',#2090,.T.);
#2090 = EDGE_LOOP('',(#2091,#2113,#2152,#2186,#2220,#2221,#2222,#2223));
#2091 = ORIENTED_EDGE('',*,*,#2092,.T.);
#2092 = EDGE_CURVE('',#1957,#2093,#2095,.T.);
#2093 = VERTEX_POINT('',#2094);
#2094 = CARTESIAN_POINT('',(-34.96134365586,126.77984570345,4.7625));
#2095 = SEAM_CURVE('',#2096,(#2100,#2106),.PCURVE_S1.);
#2096 = LINE('',#2097,#2098);
#2097 = CARTESIAN_POINT('',(-39.39952952257,126.12150302003,4.7625));
#2098 = VECTOR('',#2099,1.);
#2099 = DIRECTION('',(0.989176509965,0.146730474455,0.));
#2100 = PCURVE('',#2000,#2101);
#2101 = DEFINITIONAL_REPRESENTATION('',(#2102),#2105);
#2102 = B_SPLINE_CURVE_WITH_KNOTS('',1,(#2103,#2104),.UNSPECIFIED.,.F.,
  .F.,(2,2),(-1.296403199132,5.783151339631),.PIECEWISE_BEZIER_KNOTS.);
#2103 = CARTESIAN_POINT('',(6.28318530718,-1.296403199132));
#2104 = CARTESIAN_POINT('',(6.28318530718,5.783151339631));
#2105 = ( GEOMETRIC_REPRESENTATION_CONTEXT(2) 
PARAMETRIC_REPRESENTATION_CONTEXT() REPRESENTATION_CONTEXT('2D SPACE',''
  ) );
#2106 = PCURVE('',#2000,#2107);
#2107 = DEFINITIONAL_REPRESENTATION('',(#2108),#2112);
#2108 = LINE('',#2109,#2110);
#2109 = CARTESIAN_POINT('',(0.,0.));
#2110 = VECTOR('',#2111,1.);
#2111 = DIRECTION('',(0.,1.));
#2112 = ( GEOMETRIC_REPRESENTATION_CONTEXT(2) 
PARAMETRIC_REPRESENTATION_CONTEXT() REPRESENTATION_CONTEXT('2D SPACE',''
  ) );
#2113 = ORIENTED_EDGE('',*,*,#2114,.F.);
#2114 = EDGE_CURVE('',#2115,#2093,#2117,.T.);
#2115 = VERTEX_POINT('',#2116);
#2116 = CARTESIAN_POINT('',(-35.42871325383,131.52512886561,
    -5.832380380939E-16));
#2117 = SURFACE_CURVE('',#2118,(#2123,#2135),.PCURVE_S1.);
#2118 = ELLIPSE('',#2119,4.76824355819,4.7625);
#2119 = AXIS2_PLACEMENT_3D('',#2120,#2121,#2122);
#2120 = CARTESIAN_POINT('',(-34.96134365586,126.77984570345,0.));
#2121 = DIRECTION('',(0.995184726672,9.801714032956E-02,0.));
#2122 = DIRECTION('',(-9.801714032956E-02,0.995184726672,0.));
#2123 = PCURVE('',#2000,#2124);
#2124 = DEFINITIONAL_REPRESENTATION('',(#2125),#2134);
#2125 = B_SPLINE_CURVE_WITH_KNOTS('',7,(#2126,#2127,#2128,#2129,#2130,
    #2131,#2132,#2133),.UNSPECIFIED.,.F.,.F.,(8,8),(0.,1.570796326795),
  .PIECEWISE_BEZIER_KNOTS.);
#2126 = CARTESIAN_POINT('',(4.712388980385,4.720714762526));
#2127 = CARTESIAN_POINT('',(4.936788455641,4.720714762526));
#2128 = CARTESIAN_POINT('',(5.161187930898,4.706969534046));
#2129 = CARTESIAN_POINT('',(5.385587406154,4.67948107106));
#2130 = CARTESIAN_POINT('',(5.60998688141,4.639937043606));
#2131 = CARTESIAN_POINT('',(5.834386356667,4.591751901732));
#2132 = CARTESIAN_POINT('',(6.058785831923,4.539250127709));
#2133 = CARTESIAN_POINT('',(6.28318530718,4.486748140499));
#2134 = ( GEOMETRIC_REPRESENTATION_CONTEXT(2) 
PARAMETRIC_REPRESENTATION_CONTEXT() REPRESENTATION_CONTEXT('2D SPACE',''
  ) );
#2135 = PCURVE('',#2136,#2141);
#2136 = CYLINDRICAL_SURFACE('',#2137,4.7625);
#2137 = AXIS2_PLACEMENT_3D('',#2138,#2139,#2140);
#2138 = CARTESIAN_POINT('',(-34.96134365586,126.77984570345,0.));
#2139 = DIRECTION('',(0.998795456205,4.906767432742E-02,0.));
#2140 = DIRECTION('',(-5.447606180311E-18,1.10888571237E-16,1.));
#2141 = DEFINITIONAL_REPRESENTATION('',(#2142),#2151);
#2142 = B_SPLINE_CURVE_WITH_KNOTS('',7,(#2143,#2144,#2145,#2146,#2147,
    #2148,#2149,#2150),.UNSPECIFIED.,.F.,.F.,(8,8),(0.,1.570796326795),
  .PIECEWISE_BEZIER_KNOTS.);
#2143 = CARTESIAN_POINT('',(4.712388980385,-0.233966622027));
#2144 = CARTESIAN_POINT('',(4.936788455641,-0.233966622027));
#2145 = CARTESIAN_POINT('',(5.161187930898,-0.220221393548));
#2146 = CARTESIAN_POINT('',(5.385587406154,-0.19273293056));
#2147 = CARTESIAN_POINT('',(5.609986881411,-0.153188903109));
#2148 = CARTESIAN_POINT('',(5.834386356667,-0.105003761232));
#2149 = CARTESIAN_POINT('',(6.058785831923,-5.25019872105E-02));
#2150 = CARTESIAN_POINT('',(6.28318530718,-9.947598300641E-14));
#2151 = ( GEOMETRIC_REPRESENTATION_CONTEXT(2) 
PARAMETRIC_REPRESENTATION_CONTEXT() REPRESENTATION_CONTEXT('2D SPACE',''
  ) );
#2152 = ORIENTED_EDGE('',*,*,#2153,.F.);
#2153 = EDGE_CURVE('',#2154,#2115,#2156,.T.);
#2154 = VERTEX_POINT('',#2155);
#2155 = CARTESIAN_POINT('',(-34.96134365586,126.77984570345,-4.7625));
#2156 = SURFACE_CURVE('',#2157,(#2162,#2174),.PCURVE_S1.);
#2157 = ELLIPSE('',#2158,4.76824355819,4.7625);
#2158 = AXIS2_PLACEMENT_3D('',#2159,#2160,#2161);
#2159 = CARTESIAN_POINT('',(-34.96134365586,126.77984570345,0.));
#2160 = DIRECTION('',(0.995184726672,9.801714032956E-02,0.));
#2161 = DIRECTION('',(-9.801714032956E-02,0.995184726672,0.));
#2162 = PCURVE('',#2000,#2163);
#2163 = DEFINITIONAL_REPRESENTATION('',(#2164),#2173);
#2164 = B_SPLINE_CURVE_WITH_KNOTS('',7,(#2165,#2166,#2167,#2168,#2169,
    #2170,#2171,#2172),.UNSPECIFIED.,.F.,.F.,(8,8),(4.712388980385,
    6.28318530718),.PIECEWISE_BEZIER_KNOTS.);
#2165 = CARTESIAN_POINT('',(3.14159265359,4.486748140499));
#2166 = CARTESIAN_POINT('',(3.365992128846,4.539250127709));
#2167 = CARTESIAN_POINT('',(3.590391604103,4.591751901732));
#2168 = CARTESIAN_POINT('',(3.81479107936,4.639937043606));
#2169 = CARTESIAN_POINT('',(4.039190554616,4.679481071061));
#2170 = CARTESIAN_POINT('',(4.263590029872,4.706969534046));
#2171 = CARTESIAN_POINT('',(4.487989505128,4.720714762526));
#2172 = CARTESIAN_POINT('',(4.712388980385,4.720714762526));
#2173 = ( GEOMETRIC_REPRESENTATION_CONTEXT(2) 
PARAMETRIC_REPRESENTATION_CONTEXT() REPRESENTATION_CONTEXT('2D SPACE',''
  ) );
#2174 = PCURVE('',#2136,#2175);
#2175 = DEFINITIONAL_REPRESENTATION('',(#2176),#2185);
#2176 = B_SPLINE_CURVE_WITH_KNOTS('',7,(#2177,#2178,#2179,#2180,#2181,
    #2182,#2183,#2184),.UNSPECIFIED.,.F.,.F.,(8,8),(4.712388980385,
    6.28318530718),.PIECEWISE_BEZIER_KNOTS.);
#2177 = CARTESIAN_POINT('',(3.14159265359,-9.947598300641E-14));
#2178 = CARTESIAN_POINT('',(3.365992128846,-5.25019872105E-02));
#2179 = CARTESIAN_POINT('',(3.590391604103,-0.105003761232));
#2180 = CARTESIAN_POINT('',(3.814791079358,-0.153188903109));
#2181 = CARTESIAN_POINT('',(4.039190554616,-0.19273293056));
#2182 = CARTESIAN_POINT('',(4.263590029872,-0.220221393548));
#2183 = CARTESIAN_POINT('',(4.487989505128,-0.233966622027));
#2184 = CARTESIAN_POINT('',(4.712388980385,-0.233966622027));
#2185 = ( GEOMETRIC_REPRESENTATION_CONTEXT(2) 
PARAMETRIC_REPRESENTATION_CONTEXT() REPRESENTATION_CONTEXT('2D SPACE',''
  ) );
#2186 = ORIENTED_EDGE('',*,*,#2187,.F.);
#2187 = EDGE_CURVE('',#2093,#2154,#2188,.T.);
#2188 = SURFACE_CURVE('',#2189,(#2194,#2207),.PCURVE_S1.);
#2189 = ELLIPSE('',#2190,4.76824355819,4.7625);
#2190 = AXIS2_PLACEMENT_3D('',#2191,#2192,#2193);
#2191 = CARTESIAN_POINT('',(-34.96134365586,126.77984570345,0.));
#2192 = DIRECTION('',(0.995184726672,9.801714032956E-02,0.));
#2193 = DIRECTION('',(-9.801714032956E-02,0.995184726672,0.));
#2194 = PCURVE('',#2000,#2195);
#2195 = DEFINITIONAL_REPRESENTATION('',(#2196),#2206);
#2196 = B_SPLINE_CURVE_WITH_KNOTS('',8,(#2197,#2198,#2199,#2200,#2201,
    #2202,#2203,#2204,#2205),.UNSPECIFIED.,.F.,.F.,(9,9),(1.570796326795
    ,4.712388980385),.PIECEWISE_BEZIER_KNOTS.);
#2197 = CARTESIAN_POINT('',(0.,4.486748140499));
#2198 = CARTESIAN_POINT('',(0.392699081699,4.394869662881));
#2199 = CARTESIAN_POINT('',(0.785398163398,4.302990452669));
#2200 = CARTESIAN_POINT('',(1.17809724509,4.232709679442));
#2201 = CARTESIAN_POINT('',(1.570796326799,4.205567394259));
#2202 = CARTESIAN_POINT('',(1.963495408488,4.232709679438));
#2203 = CARTESIAN_POINT('',(2.356194490193,4.302990452668));
#2204 = CARTESIAN_POINT('',(2.748893571891,4.394869662881));
#2205 = CARTESIAN_POINT('',(3.14159265359,4.486748140499));
#2206 = ( GEOMETRIC_REPRESENTATION_CONTEXT(2) 
PARAMETRIC_REPRESENTATION_CONTEXT() REPRESENTATION_CONTEXT('2D SPACE',''
  ) );
#2207 = PCURVE('',#2136,#2208);
#2208 = DEFINITIONAL_REPRESENTATION('',(#2209),#2219);
#2209 = B_SPLINE_CURVE_WITH_KNOTS('',8,(#2210,#2211,#2212,#2213,#2214,
    #2215,#2216,#2217,#2218),.UNSPECIFIED.,.F.,.F.,(9,9),(1.570796326795
    ,4.712388980385),.PIECEWISE_BEZIER_KNOTS.);
#2210 = CARTESIAN_POINT('',(0.,-9.947598300641E-14));
#2211 = CARTESIAN_POINT('',(0.392699081699,9.18784776181E-02));
#2212 = CARTESIAN_POINT('',(0.785398163398,0.18375768783));
#2213 = CARTESIAN_POINT('',(1.17809724509,0.254038461046));
#2214 = CARTESIAN_POINT('',(1.570796326797,0.281180746235));
#2215 = CARTESIAN_POINT('',(1.963495408485,0.254038461046));
#2216 = CARTESIAN_POINT('',(2.356194490193,0.18375768783));
#2217 = CARTESIAN_POINT('',(2.748893571891,9.18784776181E-02));
#2218 = CARTESIAN_POINT('',(3.14159265359,-9.947598300641E-14));
#2219 = ( GEOMETRIC_REPRESENTATION_CONTEXT(2) 
PARAMETRIC_REPRESENTATION_CONTEXT() REPRESENTATION_CONTEXT('2D SPACE',''
  ) );
#2220 = ORIENTED_EDGE('',*,*,#2092,.F.);
#2221 = ORIENTED_EDGE('',*,*,#2051,.T.);
#2222 = ORIENTED_EDGE('',*,*,#2017,.T.);
#2223 = ORIENTED_EDGE('',*,*,#1978,.T.);
#2224 = ADVANCED_FACE('',(#2225),#2136,.T.);
#2225 = FACE_BOUND('',#2226,.T.);
#2226 = EDGE_LOOP('',(#2227,#2249,#2288,#2322,#2356,#2357,#2358,#2359));
#2227 = ORIENTED_EDGE('',*,*,#2228,.T.);
#2228 = EDGE_CURVE('',#2093,#2229,#2231,.T.);
#2229 = VERTEX_POINT('',#2230);
#2230 = CARTESIAN_POINT('',(-30.48,127.,4.7625));
#2231 = SEAM_CURVE('',#2232,(#2236,#2242),.PCURVE_S1.);
#2232 = LINE('',#2233,#2234);
#2233 = CARTESIAN_POINT('',(-34.96134365586,126.77984570345,4.7625));
#2234 = VECTOR('',#2235,1.);
#2235 = DIRECTION('',(0.998795456205,4.906767432742E-02,0.));
#2236 = PCURVE('',#2136,#2237);
#2237 = DEFINITIONAL_REPRESENTATION('',(#2238),#2241);
#2238 = B_SPLINE_CURVE_WITH_KNOTS('',1,(#2239,#2240),.UNSPECIFIED.,.F.,
  .F.,(2,2),(-1.296403199132,5.139562124367),.PIECEWISE_BEZIER_KNOTS.);
#2239 = CARTESIAN_POINT('',(6.28318530718,-1.296403199132));
#2240 = CARTESIAN_POINT('',(6.28318530718,5.139562124367));
#2241 = ( GEOMETRIC_REPRESENTATION_CONTEXT(2) 
PARAMETRIC_REPRESENTATION_CONTEXT() REPRESENTATION_CONTEXT('2D SPACE',''
  ) );
#2242 = PCURVE('',#2136,#2243);
#2243 = DEFINITIONAL_REPRESENTATION('',(#2244),#2248);
#2244 = LINE('',#2245,#2246);
#2245 = CARTESIAN_POINT('',(0.,0.));
#2246 = VECTOR('',#2247,1.);
#2247 = DIRECTION('',(0.,1.));
#2248 = ( GEOMETRIC_REPRESENTATION_CONTEXT(2) 
PARAMETRIC_REPRESENTATION_CONTEXT() REPRESENTATION_CONTEXT('2D SPACE',''
  ) );
#2249 = ORIENTED_EDGE('',*,*,#2250,.F.);
#2250 = EDGE_CURVE('',#2251,#2229,#2253,.T.);
#2251 = VERTEX_POINT('',#2252);
#2252 = CARTESIAN_POINT('',(-30.59691281279,131.7625,-5.832380380939E-16
    ));
#2253 = SURFACE_CURVE('',#2254,(#2259,#2271),.PCURVE_S1.);
#2254 = ELLIPSE('',#2255,4.763934808097,4.7625);
#2255 = AXIS2_PLACEMENT_3D('',#2256,#2257,#2258);
#2256 = CARTESIAN_POINT('',(-30.48,127.,0.));
#2257 = DIRECTION('',(0.999698818696,2.454122852291E-02,0.));
#2258 = DIRECTION('',(-2.454122852291E-02,0.999698818696,0.));
#2259 = PCURVE('',#2136,#2260);
#2260 = DEFINITIONAL_REPRESENTATION('',(#2261),#2270);
#2261 = B_SPLINE_CURVE_WITH_KNOTS('',7,(#2262,#2263,#2264,#2265,#2266,
    #2267,#2268,#2269),.UNSPECIFIED.,.F.,.F.,(8,8),(0.,1.570796326795),
  .PIECEWISE_BEZIER_KNOTS.);
#2262 = CARTESIAN_POINT('',(4.712388980385,4.603660953293));
#2263 = CARTESIAN_POINT('',(4.936788455641,4.603660953293));
#2264 = CARTESIAN_POINT('',(5.161187930898,4.59679248073));
#2265 = CARTESIAN_POINT('',(5.385587406154,4.583056531989));
#2266 = CARTESIAN_POINT('',(5.60998688141,4.563296433567));
#2267 = CARTESIAN_POINT('',(5.834386356667,4.539218381652));
#2268 = CARTESIAN_POINT('',(6.058785831923,4.512983314341));
#2269 = CARTESIAN_POINT('',(6.28318530718,4.486748140499));
#2270 = ( GEOMETRIC_REPRESENTATION_CONTEXT(2) 
PARAMETRIC_REPRESENTATION_CONTEXT() REPRESENTATION_CONTEXT('2D SPACE',''
  ) );
#2271 = PCURVE('',#2272,#2277);
#2272 = CYLINDRICAL_SURFACE('',#2273,4.7625);
#2273 = AXIS2_PLACEMENT_3D('',#2274,#2275,#2276);
#2274 = CARTESIAN_POINT('',(-30.48,127.,0.));
#2275 = DIRECTION('',(1.,0.,0.));
#2276 = DIRECTION('',(0.,0.,1.));
#2277 = DEFINITIONAL_REPRESENTATION('',(#2278),#2287);
#2278 = B_SPLINE_CURVE_WITH_KNOTS('',7,(#2279,#2280,#2281,#2282,#2283,
    #2284,#2285,#2286),.UNSPECIFIED.,.F.,.F.,(8,8),(0.,1.570796326795),
  .PIECEWISE_BEZIER_KNOTS.);
#2279 = CARTESIAN_POINT('',(4.712388980385,-0.116912812794));
#2280 = CARTESIAN_POINT('',(4.936788455641,-0.116912812794));
#2281 = CARTESIAN_POINT('',(5.161187930897,-0.110044340231));
#2282 = CARTESIAN_POINT('',(5.385587406154,-9.630839148988E-02));
#2283 = CARTESIAN_POINT('',(5.60998688141,-7.654829306918E-02));
#2284 = CARTESIAN_POINT('',(5.834386356667,-5.247024115324E-02));
#2285 = CARTESIAN_POINT('',(6.058785831923,-2.623517384182E-02));
#2286 = CARTESIAN_POINT('',(6.28318530718,-1.492139745096E-13));
#2287 = ( GEOMETRIC_REPRESENTATION_CONTEXT(2) 
PARAMETRIC_REPRESENTATION_CONTEXT() REPRESENTATION_CONTEXT('2D SPACE',''
  ) );
#2288 = ORIENTED_EDGE('',*,*,#2289,.F.);
#2289 = EDGE_CURVE('',#2290,#2251,#2292,.T.);
#2290 = VERTEX_POINT('',#2291);
#2291 = CARTESIAN_POINT('',(-30.48,127.,-4.7625));
#2292 = SURFACE_CURVE('',#2293,(#2298,#2310),.PCURVE_S1.);
#2293 = ELLIPSE('',#2294,4.763934808097,4.7625);
#2294 = AXIS2_PLACEMENT_3D('',#2295,#2296,#2297);
#2295 = CARTESIAN_POINT('',(-30.48,127.,0.));
#2296 = DIRECTION('',(0.999698818696,2.454122852291E-02,0.));
#2297 = DIRECTION('',(-2.454122852291E-02,0.999698818696,0.));
#2298 = PCURVE('',#2136,#2299);
#2299 = DEFINITIONAL_REPRESENTATION('',(#2300),#2309);
#2300 = B_SPLINE_CURVE_WITH_KNOTS('',7,(#2301,#2302,#2303,#2304,#2305,
    #2306,#2307,#2308),.UNSPECIFIED.,.F.,.F.,(8,8),(4.712388980385,
    6.28318530718),.PIECEWISE_BEZIER_KNOTS.);
#2301 = CARTESIAN_POINT('',(3.14159265359,4.486748140499));
#2302 = CARTESIAN_POINT('',(3.365992128846,4.512983314341));
#2303 = CARTESIAN_POINT('',(3.590391604102,4.539218381653));
#2304 = CARTESIAN_POINT('',(3.81479107936,4.563296433566));
#2305 = CARTESIAN_POINT('',(4.039190554614,4.583056531991));
#2306 = CARTESIAN_POINT('',(4.263590029872,4.596792480729));
#2307 = CARTESIAN_POINT('',(4.487989505128,4.603660953293));
#2308 = CARTESIAN_POINT('',(4.712388980385,4.603660953293));
#2309 = ( GEOMETRIC_REPRESENTATION_CONTEXT(2) 
PARAMETRIC_REPRESENTATION_CONTEXT() REPRESENTATION_CONTEXT('2D SPACE',''
  ) );
#2310 = PCURVE('',#2272,#2311);
#2311 = DEFINITIONAL_REPRESENTATION('',(#2312),#2321);
#2312 = B_SPLINE_CURVE_WITH_KNOTS('',7,(#2313,#2314,#2315,#2316,#2317,
    #2318,#2319,#2320),.UNSPECIFIED.,.F.,.F.,(8,8),(4.712388980385,
    6.28318530718),.PIECEWISE_BEZIER_KNOTS.);
#2313 = CARTESIAN_POINT('',(3.14159265359,-1.492139745096E-13));
#2314 = CARTESIAN_POINT('',(3.365992128846,-2.623517384182E-02));
#2315 = CARTESIAN_POINT('',(3.590391604102,-5.247024115324E-02));
#2316 = CARTESIAN_POINT('',(3.81479107936,-7.654829306917E-02));
#2317 = CARTESIAN_POINT('',(4.039190554616,-9.63083914899E-02));
#2318 = CARTESIAN_POINT('',(4.263590029872,-0.110044340231));
#2319 = CARTESIAN_POINT('',(4.487989505128,-0.116912812794));
#2320 = CARTESIAN_POINT('',(4.712388980385,-0.116912812794));
#2321 = ( GEOMETRIC_REPRESENTATION_CONTEXT(2) 
PARAMETRIC_REPRESENTATION_CONTEXT() REPRESENTATION_CONTEXT('2D SPACE',''
  ) );
#2322 = ORIENTED_EDGE('',*,*,#2323,.F.);
#2323 = EDGE_CURVE('',#2229,#2290,#2324,.T.);
#2324 = SURFACE_CURVE('',#2325,(#2330,#2343),.PCURVE_S1.);
#2325 = ELLIPSE('',#2326,4.763934808097,4.7625);
#2326 = AXIS2_PLACEMENT_3D('',#2327,#2328,#2329);
#2327 = CARTESIAN_POINT('',(-30.48,127.,0.));
#2328 = DIRECTION('',(0.999698818696,2.454122852291E-02,0.));
#2329 = DIRECTION('',(-2.454122852291E-02,0.999698818696,0.));
#2330 = PCURVE('',#2136,#2331);
#2331 = DEFINITIONAL_REPRESENTATION('',(#2332),#2342);
#2332 = B_SPLINE_CURVE_WITH_KNOTS('',8,(#2333,#2334,#2335,#2336,#2337,
    #2338,#2339,#2340,#2341),.UNSPECIFIED.,.F.,.F.,(9,9),(1.570796326795
    ,4.712388980385),.PIECEWISE_BEZIER_KNOTS.);
#2333 = CARTESIAN_POINT('',(0.,4.486748140499));
#2334 = CARTESIAN_POINT('',(0.392699081699,4.440836586276));
#2335 = CARTESIAN_POINT('',(0.785398163398,4.394924665974));
#2336 = CARTESIAN_POINT('',(1.17809724509,4.359805456184));
#2337 = CARTESIAN_POINT('',(1.570796326798,4.346242492032));
#2338 = CARTESIAN_POINT('',(1.963495408489,4.359805456186));
#2339 = CARTESIAN_POINT('',(2.356194490192,4.394924665974));
#2340 = CARTESIAN_POINT('',(2.748893571891,4.440836586276));
#2341 = CARTESIAN_POINT('',(3.14159265359,4.486748140499));
#2342 = ( GEOMETRIC_REPRESENTATION_CONTEXT(2) 
PARAMETRIC_REPRESENTATION_CONTEXT() REPRESENTATION_CONTEXT('2D SPACE',''
  ) );
#2343 = PCURVE('',#2272,#2344);
#2344 = DEFINITIONAL_REPRESENTATION('',(#2345),#2355);
#2345 = B_SPLINE_CURVE_WITH_KNOTS('',8,(#2346,#2347,#2348,#2349,#2350,
    #2351,#2352,#2353,#2354),.UNSPECIFIED.,.F.,.F.,(9,9),(1.570796326795
    ,4.712388980385),.PIECEWISE_BEZIER_KNOTS.);
#2346 = CARTESIAN_POINT('',(0.,-1.492139745096E-13));
#2347 = CARTESIAN_POINT('',(0.392699081699,4.591155422277E-02));
#2348 = CARTESIAN_POINT('',(0.785398163398,9.182347452216E-02));
#2349 = CARTESIAN_POINT('',(1.178097245094,0.126942684308));
#2350 = CARTESIAN_POINT('',(1.570796326794,0.14050564846));
#2351 = CARTESIAN_POINT('',(1.96349540849,0.126942684308));
#2352 = CARTESIAN_POINT('',(2.356194490192,9.182347452216E-02));
#2353 = CARTESIAN_POINT('',(2.748893571891,4.591155422277E-02));
#2354 = CARTESIAN_POINT('',(3.14159265359,-1.492139745096E-13));
#2355 = ( GEOMETRIC_REPRESENTATION_CONTEXT(2) 
PARAMETRIC_REPRESENTATION_CONTEXT() REPRESENTATION_CONTEXT('2D SPACE',''
  ) );
#2356 = ORIENTED_EDGE('',*,*,#2228,.F.);
#2357 = ORIENTED_EDGE('',*,*,#2187,.T.);
#2358 = ORIENTED_EDGE('',*,*,#2153,.T.);
#2359 = ORIENTED_EDGE('',*,*,#2114,.T.);
#2360 = ADVANCED_FACE('',(#2361),#2272,.T.);
#2361 = FACE_BOUND('',#2362,.T.);
#2362 = EDGE_LOOP('',(#2363,#2385,#2424,#2458,#2492,#2493,#2494,#2495));
#2363 = ORIENTED_EDGE('',*,*,#2364,.T.);
#2364 = EDGE_CURVE('',#2229,#2365,#2367,.T.);
#2365 = VERTEX_POINT('',#2366);
#2366 = CARTESIAN_POINT('',(30.48,127.,4.7625));
#2367 = SEAM_CURVE('',#2368,(#2372,#2378),.PCURVE_S1.);
#2368 = LINE('',#2369,#2370);
#2369 = CARTESIAN_POINT('',(-30.48,127.,4.7625));
#2370 = VECTOR('',#2371,1.);
#2371 = DIRECTION('',(1.,0.,0.));
#2372 = PCURVE('',#2272,#2373);
#2373 = DEFINITIONAL_REPRESENTATION('',(#2374),#2377);
#2374 = B_SPLINE_CURVE_WITH_KNOTS('',1,(#2375,#2376),.UNSPECIFIED.,.F.,
  .F.,(2,2),(-0.652813983868,61.612813983868),.PIECEWISE_BEZIER_KNOTS.);
#2375 = CARTESIAN_POINT('',(6.28318530718,-0.652813983868));
#2376 = CARTESIAN_POINT('',(6.28318530718,61.612813983868));
#2377 = ( GEOMETRIC_REPRESENTATION_CONTEXT(2) 
PARAMETRIC_REPRESENTATION_CONTEXT() REPRESENTATION_CONTEXT('2D SPACE',''
  ) );
#2378 = PCURVE('',#2272,#2379);
#2379 = DEFINITIONAL_REPRESENTATION('',(#2380),#2384);
#2380 = LINE('',#2381,#2382);
#2381 = CARTESIAN_POINT('',(0.,0.));
#2382 = VECTOR('',#2383,1.);
#2383 = DIRECTION('',(0.,1.));
#2384 = ( GEOMETRIC_REPRESENTATION_CONTEXT(2) 
PARAMETRIC_REPRESENTATION_CONTEXT() REPRESENTATION_CONTEXT('2D SPACE',''
  ) );
#2385 = ORIENTED_EDGE('',*,*,#2386,.F.);
#2386 = EDGE_CURVE('',#2387,#2365,#2389,.T.);
#2387 = VERTEX_POINT('',#2388);
#2388 = CARTESIAN_POINT('',(30.596912812794,131.7625,-5.832380380939E-16
    ));
#2389 = SURFACE_CURVE('',#2390,(#2395,#2407),.PCURVE_S1.);
#2390 = ELLIPSE('',#2391,4.763934808097,4.7625);
#2391 = AXIS2_PLACEMENT_3D('',#2392,#2393,#2394);
#2392 = CARTESIAN_POINT('',(30.48,127.,0.));
#2393 = DIRECTION('',(0.999698818696,-2.454122852291E-02,0.));
#2394 = DIRECTION('',(2.454122852291E-02,0.999698818696,0.));
#2395 = PCURVE('',#2272,#2396);
#2396 = DEFINITIONAL_REPRESENTATION('',(#2397),#2406);
#2397 = B_SPLINE_CURVE_WITH_KNOTS('',7,(#2398,#2399,#2400,#2401,#2402,
    #2403,#2404,#2405),.UNSPECIFIED.,.F.,.F.,(8,8),(0.,1.570796326795),
  .PIECEWISE_BEZIER_KNOTS.);
#2398 = CARTESIAN_POINT('',(4.712388980385,61.076912812794));
#2399 = CARTESIAN_POINT('',(4.936788455641,61.076912812794));
#2400 = CARTESIAN_POINT('',(5.161187930897,61.070044340226));
#2401 = CARTESIAN_POINT('',(5.385587406154,61.056308391517));
#2402 = CARTESIAN_POINT('',(5.60998688141,61.036548293055));
#2403 = CARTESIAN_POINT('',(5.834386356667,61.012470241159));
#2404 = CARTESIAN_POINT('',(6.058785831923,60.986235173842));
#2405 = CARTESIAN_POINT('',(6.28318530718,60.96));
#2406 = ( GEOMETRIC_REPRESENTATION_CONTEXT(2) 
PARAMETRIC_REPRESENTATION_CONTEXT() REPRESENTATION_CONTEXT('2D SPACE',''
  ) );
#2407 = PCURVE('',#2408,#2413);
#2408 = CYLINDRICAL_SURFACE('',#2409,4.7625);
#2409 = AXIS2_PLACEMENT_3D('',#2410,#2411,#2412);
#2410 = CARTESIAN_POINT('',(30.48,127.,0.));
#2411 = DIRECTION('',(0.998795456205,-4.906767432742E-02,0.));
#2412 = DIRECTION('',(5.447606180311E-18,1.10888571237E-16,1.));
#2413 = DEFINITIONAL_REPRESENTATION('',(#2414),#2423);
#2414 = B_SPLINE_CURVE_WITH_KNOTS('',7,(#2415,#2416,#2417,#2418,#2419,
    #2420,#2421,#2422),.UNSPECIFIED.,.F.,.F.,(8,8),(0.,1.570796326795),
  .PIECEWISE_BEZIER_KNOTS.);
#2415 = CARTESIAN_POINT('',(4.712388980385,-0.116912812794));
#2416 = CARTESIAN_POINT('',(4.936788455641,-0.116912812794));
#2417 = CARTESIAN_POINT('',(5.161187930898,-0.110044340231));
#2418 = CARTESIAN_POINT('',(5.385587406154,-9.630839148978E-02));
#2419 = CARTESIAN_POINT('',(5.609986881411,-7.654829306897E-02));
#2420 = CARTESIAN_POINT('',(5.834386356667,-5.247024115314E-02));
#2421 = CARTESIAN_POINT('',(6.058785831923,-2.623517384168E-02));
#2422 = CARTESIAN_POINT('',(6.28318530718,-7.105427357601E-15));
#2423 = ( GEOMETRIC_REPRESENTATION_CONTEXT(2) 
PARAMETRIC_REPRESENTATION_CONTEXT() REPRESENTATION_CONTEXT('2D SPACE',''
  ) );
#2424 = ORIENTED_EDGE('',*,*,#2425,.F.);
#2425 = EDGE_CURVE('',#2426,#2387,#2428,.T.);
#2426 = VERTEX_POINT('',#2427);
#2427 = CARTESIAN_POINT('',(30.48,127.,-4.7625));
#2428 = SURFACE_CURVE('',#2429,(#2434,#2446),.PCURVE_S1.);
#2429 = ELLIPSE('',#2430,4.763934808097,4.7625);
#2430 = AXIS2_PLACEMENT_3D('',#2431,#2432,#2433);
#2431 = CARTESIAN_POINT('',(30.48,127.,0.));
#2432 = DIRECTION('',(0.999698818696,-2.454122852291E-02,0.));
#2433 = DIRECTION('',(2.454122852291E-02,0.999698818696,0.));
#2434 = PCURVE('',#2272,#2435);
#2435 = DEFINITIONAL_REPRESENTATION('',(#2436),#2445);
#2436 = B_SPLINE_CURVE_WITH_KNOTS('',7,(#2437,#2438,#2439,#2440,#2441,
    #2442,#2443,#2444),.UNSPECIFIED.,.F.,.F.,(8,8),(4.712388980385,
    6.28318530718),.PIECEWISE_BEZIER_KNOTS.);
#2437 = CARTESIAN_POINT('',(3.14159265359,60.96));
#2438 = CARTESIAN_POINT('',(3.365992128846,60.986235173842));
#2439 = CARTESIAN_POINT('',(3.590391604102,61.012470241154));
#2440 = CARTESIAN_POINT('',(3.81479107936,61.036548293069));
#2441 = CARTESIAN_POINT('',(4.039190554616,61.056308391497));
#2442 = CARTESIAN_POINT('',(4.263590029872,61.07004434023));
#2443 = CARTESIAN_POINT('',(4.487989505128,61.076912812794));
#2444 = CARTESIAN_POINT('',(4.712388980385,61.076912812794));
#2445 = ( GEOMETRIC_REPRESENTATION_CONTEXT(2) 
PARAMETRIC_REPRESENTATION_CONTEXT() REPRESENTATION_CONTEXT('2D SPACE',''
  ) );
#2446 = PCURVE('',#2408,#2447);
#2447 = DEFINITIONAL_REPRESENTATION('',(#2448),#2457);
#2448 = B_SPLINE_CURVE_WITH_KNOTS('',7,(#2449,#2450,#2451,#2452,#2453,
    #2454,#2455,#2456),.UNSPECIFIED.,.F.,.F.,(8,8),(4.712388980385,
    6.28318530718),.PIECEWISE_BEZIER_KNOTS.);
#2449 = CARTESIAN_POINT('',(3.14159265359,-7.105427357601E-15));
#2450 = CARTESIAN_POINT('',(3.365992128846,-2.623517384168E-02));
#2451 = CARTESIAN_POINT('',(3.590391604102,-5.247024115314E-02));
#2452 = CARTESIAN_POINT('',(3.814791079361,-7.654829306897E-02));
#2453 = CARTESIAN_POINT('',(4.039190554615,-9.630839148979E-02));
#2454 = CARTESIAN_POINT('',(4.263590029872,-0.110044340231));
#2455 = CARTESIAN_POINT('',(4.487989505128,-0.116912812794));
#2456 = CARTESIAN_POINT('',(4.712388980385,-0.116912812794));
#2457 = ( GEOMETRIC_REPRESENTATION_CONTEXT(2) 
PARAMETRIC_REPRESENTATION_CONTEXT() REPRESENTATION_CONTEXT('2D SPACE',''
  ) );
#2458 = ORIENTED_EDGE('',*,*,#2459,.F.);
#2459 = EDGE_CURVE('',#2365,#2426,#2460,.T.);
#2460 = SURFACE_CURVE('',#2461,(#2466,#2479),.PCURVE_S1.);
#2461 = ELLIPSE('',#2462,4.763934808097,4.7625);
#2462 = AXIS2_PLACEMENT_3D('',#2463,#2464,#2465);
#2463 = CARTESIAN_POINT('',(30.48,127.,0.));
#2464 = DIRECTION('',(0.999698818696,-2.454122852291E-02,0.));
#2465 = DIRECTION('',(2.454122852291E-02,0.999698818696,0.));
#2466 = PCURVE('',#2272,#2467);
#2467 = DEFINITIONAL_REPRESENTATION('',(#2468),#2478);
#2468 = B_SPLINE_CURVE_WITH_KNOTS('',8,(#2469,#2470,#2471,#2472,#2473,
    #2474,#2475,#2476,#2477),.UNSPECIFIED.,.F.,.F.,(9,9),(1.570796326795
    ,4.712388980385),.PIECEWISE_BEZIER_KNOTS.);
#2469 = CARTESIAN_POINT('',(0.,60.96));
#2470 = CARTESIAN_POINT('',(0.392699081699,60.914088445777));
#2471 = CARTESIAN_POINT('',(0.785398163398,60.868176525338));
#2472 = CARTESIAN_POINT('',(1.178097245094,60.833057316061));
#2473 = CARTESIAN_POINT('',(1.570796326794,60.819494350827));
#2474 = CARTESIAN_POINT('',(1.96349540849,60.833057315946));
#2475 = CARTESIAN_POINT('',(2.356194490192,60.868176525353));
#2476 = CARTESIAN_POINT('',(2.748893571891,60.914088445777));
#2477 = CARTESIAN_POINT('',(3.14159265359,60.96));
#2478 = ( GEOMETRIC_REPRESENTATION_CONTEXT(2) 
PARAMETRIC_REPRESENTATION_CONTEXT() REPRESENTATION_CONTEXT('2D SPACE',''
  ) );
#2479 = PCURVE('',#2408,#2480);
#2480 = DEFINITIONAL_REPRESENTATION('',(#2481),#2491);
#2481 = B_SPLINE_CURVE_WITH_KNOTS('',8,(#2482,#2483,#2484,#2485,#2486,
    #2487,#2488,#2489,#2490),.UNSPECIFIED.,.F.,.F.,(9,9),(1.570796326795
    ,4.712388980385),.PIECEWISE_BEZIER_KNOTS.);
#2482 = CARTESIAN_POINT('',(0.,-7.105427357601E-15));
#2483 = CARTESIAN_POINT('',(0.392699081699,4.591155422292E-02));
#2484 = CARTESIAN_POINT('',(0.785398163397,9.18234745221E-02));
#2485 = CARTESIAN_POINT('',(1.178097245095,0.126942684309));
#2486 = CARTESIAN_POINT('',(1.570796326789,0.140505648459));
#2487 = CARTESIAN_POINT('',(1.963495408495,0.126942684309));
#2488 = CARTESIAN_POINT('',(2.356194490192,9.182347452209E-02));
#2489 = CARTESIAN_POINT('',(2.748893571891,4.591155422292E-02));
#2490 = CARTESIAN_POINT('',(3.14159265359,-7.105427357601E-15));
#2491 = ( GEOMETRIC_REPRESENTATION_CONTEXT(2) 
PARAMETRIC_REPRESENTATION_CONTEXT() REPRESENTATION_CONTEXT('2D SPACE',''
  ) );
#2492 = ORIENTED_EDGE('',*,*,#2364,.F.);
#2493 = ORIENTED_EDGE('',*,*,#2323,.T.);
#2494 = ORIENTED_EDGE('',*,*,#2289,.T.);
#2495 = ORIENTED_EDGE('',*,*,#2250,.T.);
#2496 = ADVANCED_FACE('',(#2497),#2408,.T.);
#2497 = FACE_BOUND('',#2498,.T.);
#2498 = EDGE_LOOP('',(#2499,#2521,#2560,#2594,#2628,#2629,#2630,#2631));
#2499 = ORIENTED_EDGE('',*,*,#2500,.T.);
#2500 = EDGE_CURVE('',#2365,#2501,#2503,.T.);
#2501 = VERTEX_POINT('',#2502);
#2502 = CARTESIAN_POINT('',(34.961343655867,126.77984570345,4.7625));
#2503 = SEAM_CURVE('',#2504,(#2508,#2514),.PCURVE_S1.);
#2504 = LINE('',#2505,#2506);
#2505 = CARTESIAN_POINT('',(30.48,127.,4.7625));
#2506 = VECTOR('',#2507,1.);
#2507 = DIRECTION('',(0.998795456205,-4.906767432742E-02,0.));
#2508 = PCURVE('',#2408,#2509);
#2509 = DEFINITIONAL_REPRESENTATION('',(#2510),#2513);
#2510 = B_SPLINE_CURVE_WITH_KNOTS('',1,(#2511,#2512),.UNSPECIFIED.,.F.,
  .F.,(2,2),(-0.652813983868,5.783151339631),.PIECEWISE_BEZIER_KNOTS.);
#2511 = CARTESIAN_POINT('',(6.28318530718,-0.652813983868));
#2512 = CARTESIAN_POINT('',(6.28318530718,5.783151339631));
#2513 = ( GEOMETRIC_REPRESENTATION_CONTEXT(2) 
PARAMETRIC_REPRESENTATION_CONTEXT() REPRESENTATION_CONTEXT('2D SPACE',''
  ) );
#2514 = PCURVE('',#2408,#2515);
#2515 = DEFINITIONAL_REPRESENTATION('',(#2516),#2520);
#2516 = LINE('',#2517,#2518);
#2517 = CARTESIAN_POINT('',(0.,0.));
#2518 = VECTOR('',#2519,1.);
#2519 = DIRECTION('',(0.,1.));
#2520 = ( GEOMETRIC_REPRESENTATION_CONTEXT(2) 
PARAMETRIC_REPRESENTATION_CONTEXT() REPRESENTATION_CONTEXT('2D SPACE',''
  ) );
#2521 = ORIENTED_EDGE('',*,*,#2522,.F.);
#2522 = EDGE_CURVE('',#2523,#2501,#2525,.T.);
#2523 = VERTEX_POINT('',#2524);
#2524 = CARTESIAN_POINT('',(35.428713253836,131.52512886561,
    -5.832380380939E-16));
#2525 = SURFACE_CURVE('',#2526,(#2531,#2543),.PCURVE_S1.);
#2526 = ELLIPSE('',#2527,4.76824355819,4.7625);
#2527 = AXIS2_PLACEMENT_3D('',#2528,#2529,#2530);
#2528 = CARTESIAN_POINT('',(34.961343655867,126.77984570345,0.));
#2529 = DIRECTION('',(0.995184726672,-9.801714032956E-02,0.));
#2530 = DIRECTION('',(9.801714032956E-02,0.995184726672,0.));
#2531 = PCURVE('',#2408,#2532);
#2532 = DEFINITIONAL_REPRESENTATION('',(#2533),#2542);
#2533 = B_SPLINE_CURVE_WITH_KNOTS('',7,(#2534,#2535,#2536,#2537,#2538,
    #2539,#2540,#2541),.UNSPECIFIED.,.F.,.F.,(8,8),(0.,1.570796326795),
  .PIECEWISE_BEZIER_KNOTS.);
#2534 = CARTESIAN_POINT('',(4.712388980385,4.720714762526));
#2535 = CARTESIAN_POINT('',(4.936788455641,4.720714762526));
#2536 = CARTESIAN_POINT('',(5.161187930898,4.706969534047));
#2537 = CARTESIAN_POINT('',(5.385587406154,4.679481071057));
#2538 = CARTESIAN_POINT('',(5.60998688141,4.63993704361));
#2539 = CARTESIAN_POINT('',(5.834386356667,4.59175190173));
#2540 = CARTESIAN_POINT('',(6.058785831923,4.539250127709));
#2541 = CARTESIAN_POINT('',(6.28318530718,4.486748140499));
#2542 = ( GEOMETRIC_REPRESENTATION_CONTEXT(2) 
PARAMETRIC_REPRESENTATION_CONTEXT() REPRESENTATION_CONTEXT('2D SPACE',''
  ) );
#2543 = PCURVE('',#2544,#2549);
#2544 = CYLINDRICAL_SURFACE('',#2545,4.7625);
#2545 = AXIS2_PLACEMENT_3D('',#2546,#2547,#2548);
#2546 = CARTESIAN_POINT('',(34.961343655868,126.77984570345,0.));
#2547 = DIRECTION('',(0.989176509965,-0.146730474455,0.));
#2548 = DIRECTION('',(1.629035511545E-17,1.098206536781E-16,1.));
#2549 = DEFINITIONAL_REPRESENTATION('',(#2550),#2559);
#2550 = B_SPLINE_CURVE_WITH_KNOTS('',7,(#2551,#2552,#2553,#2554,#2555,
    #2556,#2557,#2558),.UNSPECIFIED.,.F.,.F.,(8,8),(0.,1.570796326795),
  .PIECEWISE_BEZIER_KNOTS.);
#2551 = CARTESIAN_POINT('',(4.712388980385,-0.233966622027));
#2552 = CARTESIAN_POINT('',(4.936788455641,-0.233966622027));
#2553 = CARTESIAN_POINT('',(5.161187930898,-0.220221393548));
#2554 = CARTESIAN_POINT('',(5.385587406154,-0.19273293056));
#2555 = CARTESIAN_POINT('',(5.609986881411,-0.153188903109));
#2556 = CARTESIAN_POINT('',(5.834386356667,-0.105003761232));
#2557 = CARTESIAN_POINT('',(6.058785831923,-5.25019872106E-02));
#2558 = CARTESIAN_POINT('',(6.28318530718,-2.149391775674E-13));
#2559 = ( GEOMETRIC_REPRESENTATION_CONTEXT(2) 
PARAMETRIC_REPRESENTATION_CONTEXT() REPRESENTATION_CONTEXT('2D SPACE',''
  ) );
#2560 = ORIENTED_EDGE('',*,*,#2561,.F.);
#2561 = EDGE_CURVE('',#2562,#2523,#2564,.T.);
#2562 = VERTEX_POINT('',#2563);
#2563 = CARTESIAN_POINT('',(34.961343655867,126.77984570345,-4.7625));
#2564 = SURFACE_CURVE('',#2565,(#2570,#2582),.PCURVE_S1.);
#2565 = ELLIPSE('',#2566,4.76824355819,4.7625);
#2566 = AXIS2_PLACEMENT_3D('',#2567,#2568,#2569);
#2567 = CARTESIAN_POINT('',(34.961343655867,126.77984570345,0.));
#2568 = DIRECTION('',(0.995184726672,-9.801714032956E-02,0.));
#2569 = DIRECTION('',(9.801714032956E-02,0.995184726672,0.));
#2570 = PCURVE('',#2408,#2571);
#2571 = DEFINITIONAL_REPRESENTATION('',(#2572),#2581);
#2572 = B_SPLINE_CURVE_WITH_KNOTS('',7,(#2573,#2574,#2575,#2576,#2577,
    #2578,#2579,#2580),.UNSPECIFIED.,.F.,.F.,(8,8),(4.712388980385,
    6.28318530718),.PIECEWISE_BEZIER_KNOTS.);
#2573 = CARTESIAN_POINT('',(3.14159265359,4.486748140499));
#2574 = CARTESIAN_POINT('',(3.365992128846,4.539250127709));
#2575 = CARTESIAN_POINT('',(3.590391604102,4.591751901731));
#2576 = CARTESIAN_POINT('',(3.814791079359,4.639937043605));
#2577 = CARTESIAN_POINT('',(4.039190554615,4.679481071061));
#2578 = CARTESIAN_POINT('',(4.263590029872,4.706969534046));
#2579 = CARTESIAN_POINT('',(4.487989505128,4.720714762526));
#2580 = CARTESIAN_POINT('',(4.712388980385,4.720714762526));
#2581 = ( GEOMETRIC_REPRESENTATION_CONTEXT(2) 
PARAMETRIC_REPRESENTATION_CONTEXT() REPRESENTATION_CONTEXT('2D SPACE',''
  ) );
#2582 = PCURVE('',#2544,#2583);
#2583 = DEFINITIONAL_REPRESENTATION('',(#2584),#2593);
#2584 = B_SPLINE_CURVE_WITH_KNOTS('',7,(#2585,#2586,#2587,#2588,#2589,
    #2590,#2591,#2592),.UNSPECIFIED.,.F.,.F.,(8,8),(4.712388980385,
    6.28318530718),.PIECEWISE_BEZIER_KNOTS.);
#2585 = CARTESIAN_POINT('',(3.14159265359,-2.149391775674E-13));
#2586 = CARTESIAN_POINT('',(3.365992128846,-5.25019872106E-02));
#2587 = CARTESIAN_POINT('',(3.590391604102,-0.105003761232));
#2588 = CARTESIAN_POINT('',(3.81479107936,-0.153188903109));
#2589 = CARTESIAN_POINT('',(4.039190554616,-0.19273293056));
#2590 = CARTESIAN_POINT('',(4.263590029872,-0.220221393548));
#2591 = CARTESIAN_POINT('',(4.487989505128,-0.233966622027));
#2592 = CARTESIAN_POINT('',(4.712388980385,-0.233966622027));
#2593 = ( GEOMETRIC_REPRESENTATION_CONTEXT(2) 
PARAMETRIC_REPRESENTATION_CONTEXT() REPRESENTATION_CONTEXT('2D SPACE',''
  ) );
#2594 = ORIENTED_EDGE('',*,*,#2595,.F.);
#2595 = EDGE_CURVE('',#2501,#2562,#2596,.T.);
#2596 = SURFACE_CURVE('',#2597,(#2602,#2615),.PCURVE_S1.);
#2597 = ELLIPSE('',#2598,4.76824355819,4.7625);
#2598 = AXIS2_PLACEMENT_3D('',#2599,#2600,#2601);
#2599 = CARTESIAN_POINT('',(34.961343655867,126.77984570345,0.));
#2600 = DIRECTION('',(0.995184726672,-9.801714032956E-02,0.));
#2601 = DIRECTION('',(9.801714032956E-02,0.995184726672,0.));
#2602 = PCURVE('',#2408,#2603);
#2603 = DEFINITIONAL_REPRESENTATION('',(#2604),#2614);
#2604 = B_SPLINE_CURVE_WITH_KNOTS('',8,(#2605,#2606,#2607,#2608,#2609,
    #2610,#2611,#2612,#2613),.UNSPECIFIED.,.F.,.F.,(9,9),(1.570796326795
    ,4.712388980385),.PIECEWISE_BEZIER_KNOTS.);
#2605 = CARTESIAN_POINT('',(0.,4.486748140499));
#2606 = CARTESIAN_POINT('',(0.392699081699,4.394869662881));
#2607 = CARTESIAN_POINT('',(0.785398163398,4.302990452661));
#2608 = CARTESIAN_POINT('',(1.178097245091,4.232709679472));
#2609 = CARTESIAN_POINT('',(1.570796326793,4.205567394225));
#2610 = CARTESIAN_POINT('',(1.963495408492,4.232709679469));
#2611 = CARTESIAN_POINT('',(2.356194490192,4.302990452661));
#2612 = CARTESIAN_POINT('',(2.748893571891,4.394869662881));
#2613 = CARTESIAN_POINT('',(3.14159265359,4.486748140499));
#2614 = ( GEOMETRIC_REPRESENTATION_CONTEXT(2) 
PARAMETRIC_REPRESENTATION_CONTEXT() REPRESENTATION_CONTEXT('2D SPACE',''
  ) );
#2615 = PCURVE('',#2544,#2616);
#2616 = DEFINITIONAL_REPRESENTATION('',(#2617),#2627);
#2617 = B_SPLINE_CURVE_WITH_KNOTS('',8,(#2618,#2619,#2620,#2621,#2622,
    #2623,#2624,#2625,#2626),.UNSPECIFIED.,.F.,.F.,(9,9),(1.570796326795
    ,4.712388980385),.PIECEWISE_BEZIER_KNOTS.);
#2618 = CARTESIAN_POINT('',(0.,-2.149391775674E-13));
#2619 = CARTESIAN_POINT('',(0.392699081699,9.187847761797E-02));
#2620 = CARTESIAN_POINT('',(0.785398163397,0.18375768783));
#2621 = CARTESIAN_POINT('',(1.178097245092,0.254038461046));
#2622 = CARTESIAN_POINT('',(1.570796326793,0.281180746235));
#2623 = CARTESIAN_POINT('',(1.963495408493,0.254038461045));
#2624 = CARTESIAN_POINT('',(2.356194490192,0.183757687831));
#2625 = CARTESIAN_POINT('',(2.748893571891,9.187847761797E-02));
#2626 = CARTESIAN_POINT('',(3.14159265359,-2.149391775674E-13));
#2627 = ( GEOMETRIC_REPRESENTATION_CONTEXT(2) 
PARAMETRIC_REPRESENTATION_CONTEXT() REPRESENTATION_CONTEXT('2D SPACE',''
  ) );
#2628 = ORIENTED_EDGE('',*,*,#2500,.F.);
#2629 = ORIENTED_EDGE('',*,*,#2459,.T.);
#2630 = ORIENTED_EDGE('',*,*,#2425,.T.);
#2631 = ORIENTED_EDGE('',*,*,#2386,.T.);
#2632 = ADVANCED_FACE('',(#2633),#2544,.T.);
#2633 = FACE_BOUND('',#2634,.T.);
#2634 = EDGE_LOOP('',(#2635,#2657,#2696,#2730,#2764,#2765,#2766,#2767));
#2635 = ORIENTED_EDGE('',*,*,#2636,.T.);
#2636 = EDGE_CURVE('',#2501,#2637,#2639,.T.);
#2637 = VERTEX_POINT('',#2638);
#2638 = CARTESIAN_POINT('',(39.399529522577,126.12150302003,4.7625));
#2639 = SEAM_CURVE('',#2640,(#2644,#2650),.PCURVE_S1.);
#2640 = LINE('',#2641,#2642);
#2641 = CARTESIAN_POINT('',(34.961343655868,126.77984570345,4.7625));
#2642 = VECTOR('',#2643,1.);
#2643 = DIRECTION('',(0.989176509965,-0.146730474455,0.));
#2644 = PCURVE('',#2544,#2645);
#2645 = DEFINITIONAL_REPRESENTATION('',(#2646),#2649);
#2646 = B_SPLINE_CURVE_WITH_KNOTS('',1,(#2647,#2648),.UNSPECIFIED.,.F.,
  .F.,(2,2),(-1.296403199132,5.783151339631),.PIECEWISE_BEZIER_KNOTS.);
#2647 = CARTESIAN_POINT('',(6.28318530718,-1.296403199132));
#2648 = CARTESIAN_POINT('',(6.28318530718,5.783151339631));
#2649 = ( GEOMETRIC_REPRESENTATION_CONTEXT(2) 
PARAMETRIC_REPRESENTATION_CONTEXT() REPRESENTATION_CONTEXT('2D SPACE',''
  ) );
#2650 = PCURVE('',#2544,#2651);
#2651 = DEFINITIONAL_REPRESENTATION('',(#2652),#2656);
#2652 = LINE('',#2653,#2654);
#2653 = CARTESIAN_POINT('',(0.,0.));
#2654 = VECTOR('',#2655,1.);
#2655 = DIRECTION('',(0.,1.));
#2656 = ( GEOMETRIC_REPRESENTATION_CONTEXT(2) 
PARAMETRIC_REPRESENTATION_CONTEXT() REPRESENTATION_CONTEXT('2D SPACE',''
  ) );
#2657 = ORIENTED_EDGE('',*,*,#2658,.F.);
#2658 = EDGE_CURVE('',#2659,#2637,#2661,.T.);
#2659 = VERTEX_POINT('',#2660);
#2660 = CARTESIAN_POINT('',(40.329767693796,130.79812611528,
    -5.832380380939E-16));
#2661 = SURFACE_CURVE('',#2662,(#2667,#2679),.PCURVE_S1.);
#2662 = ELLIPSE('',#2663,4.76824355819,4.7625);
#2663 = AXIS2_PLACEMENT_3D('',#2664,#2665,#2666);
#2664 = CARTESIAN_POINT('',(39.399529522577,126.12150302003,0.));
#2665 = DIRECTION('',(0.980785280403,-0.195090322016,0.));
#2666 = DIRECTION('',(0.195090322016,0.980785280403,0.));
#2667 = PCURVE('',#2544,#2668);
#2668 = DEFINITIONAL_REPRESENTATION('',(#2669),#2678);
#2669 = B_SPLINE_CURVE_WITH_KNOTS('',7,(#2670,#2671,#2672,#2673,#2674,
    #2675,#2676,#2677),.UNSPECIFIED.,.F.,.F.,(8,8),(0.,1.570796326795),
  .PIECEWISE_BEZIER_KNOTS.);
#2670 = CARTESIAN_POINT('',(4.712388980385,4.720714762526));
#2671 = CARTESIAN_POINT('',(4.936788455641,4.720714762526));
#2672 = CARTESIAN_POINT('',(5.161187930897,4.706969534046));
#2673 = CARTESIAN_POINT('',(5.385587406154,4.67948107106));
#2674 = CARTESIAN_POINT('',(5.60998688141,4.639937043607));
#2675 = CARTESIAN_POINT('',(5.834386356667,4.591751901731));
#2676 = CARTESIAN_POINT('',(6.058785831923,4.539250127709));
#2677 = CARTESIAN_POINT('',(6.28318530718,4.486748140499));
#2678 = ( GEOMETRIC_REPRESENTATION_CONTEXT(2) 
PARAMETRIC_REPRESENTATION_CONTEXT() REPRESENTATION_CONTEXT('2D SPACE',''
  ) );
#2679 = PCURVE('',#2680,#2685);
#2680 = CYLINDRICAL_SURFACE('',#2681,4.7625);
#2681 = AXIS2_PLACEMENT_3D('',#2682,#2683,#2684);
#2682 = CARTESIAN_POINT('',(39.399529522577,126.12150302003,0.));
#2683 = DIRECTION('',(0.970031253195,-0.242980179903,0.));
#2684 = DIRECTION('',(2.697621902562E-17,1.076951031903E-16,1.));
#2685 = DEFINITIONAL_REPRESENTATION('',(#2686),#2695);
#2686 = B_SPLINE_CURVE_WITH_KNOTS('',7,(#2687,#2688,#2689,#2690,#2691,
    #2692,#2693,#2694),.UNSPECIFIED.,.F.,.F.,(8,8),(0.,1.570796326795),
  .PIECEWISE_BEZIER_KNOTS.);
#2687 = CARTESIAN_POINT('',(4.712388980385,-0.233966622027));
#2688 = CARTESIAN_POINT('',(4.936788455641,-0.233966622027));
#2689 = CARTESIAN_POINT('',(5.161187930898,-0.220221393548));
#2690 = CARTESIAN_POINT('',(5.385587406154,-0.19273293056));
#2691 = CARTESIAN_POINT('',(5.609986881411,-0.15318890311));
#2692 = CARTESIAN_POINT('',(5.834386356667,-0.105003761232));
#2693 = CARTESIAN_POINT('',(6.058785831923,-5.250198721065E-02));
#2694 = CARTESIAN_POINT('',(6.28318530718,-2.557953848736E-13));
#2695 = ( GEOMETRIC_REPRESENTATION_CONTEXT(2) 
PARAMETRIC_REPRESENTATION_CONTEXT() REPRESENTATION_CONTEXT('2D SPACE',''
  ) );
#2696 = ORIENTED_EDGE('',*,*,#2697,.F.);
#2697 = EDGE_CURVE('',#2698,#2659,#2700,.T.);
#2698 = VERTEX_POINT('',#2699);
#2699 = CARTESIAN_POINT('',(39.399529522577,126.12150302003,-4.7625));
#2700 = SURFACE_CURVE('',#2701,(#2706,#2718),.PCURVE_S1.);
#2701 = ELLIPSE('',#2702,4.76824355819,4.7625);
#2702 = AXIS2_PLACEMENT_3D('',#2703,#2704,#2705);
#2703 = CARTESIAN_POINT('',(39.399529522577,126.12150302003,0.));
#2704 = DIRECTION('',(0.980785280403,-0.195090322016,0.));
#2705 = DIRECTION('',(0.195090322016,0.980785280403,0.));
#2706 = PCURVE('',#2544,#2707);
#2707 = DEFINITIONAL_REPRESENTATION('',(#2708),#2717);
#2708 = B_SPLINE_CURVE_WITH_KNOTS('',7,(#2709,#2710,#2711,#2712,#2713,
    #2714,#2715,#2716),.UNSPECIFIED.,.F.,.F.,(8,8),(4.712388980385,
    6.28318530718),.PIECEWISE_BEZIER_KNOTS.);
#2709 = CARTESIAN_POINT('',(3.14159265359,4.486748140499));
#2710 = CARTESIAN_POINT('',(3.365992128846,4.539250127709));
#2711 = CARTESIAN_POINT('',(3.590391604103,4.591751901731));
#2712 = CARTESIAN_POINT('',(3.814791079359,4.639937043609));
#2713 = CARTESIAN_POINT('',(4.039190554616,4.679481071058));
#2714 = CARTESIAN_POINT('',(4.263590029872,4.706969534047));
#2715 = CARTESIAN_POINT('',(4.487989505128,4.720714762526));
#2716 = CARTESIAN_POINT('',(4.712388980385,4.720714762526));
#2717 = ( GEOMETRIC_REPRESENTATION_CONTEXT(2) 
PARAMETRIC_REPRESENTATION_CONTEXT() REPRESENTATION_CONTEXT('2D SPACE',''
  ) );
#2718 = PCURVE('',#2680,#2719);
#2719 = DEFINITIONAL_REPRESENTATION('',(#2720),#2729);
#2720 = B_SPLINE_CURVE_WITH_KNOTS('',7,(#2721,#2722,#2723,#2724,#2725,
    #2726,#2727,#2728),.UNSPECIFIED.,.F.,.F.,(8,8),(4.712388980385,
    6.28318530718),.PIECEWISE_BEZIER_KNOTS.);
#2721 = CARTESIAN_POINT('',(3.14159265359,-2.557953848736E-13));
#2722 = CARTESIAN_POINT('',(3.365992128846,-5.250198721065E-02));
#2723 = CARTESIAN_POINT('',(3.590391604103,-0.105003761232));
#2724 = CARTESIAN_POINT('',(3.814791079359,-0.15318890311));
#2725 = CARTESIAN_POINT('',(4.039190554617,-0.19273293056));
#2726 = CARTESIAN_POINT('',(4.263590029871,-0.220221393548));
#2727 = CARTESIAN_POINT('',(4.487989505128,-0.233966622027));
#2728 = CARTESIAN_POINT('',(4.712388980385,-0.233966622027));
#2729 = ( GEOMETRIC_REPRESENTATION_CONTEXT(2) 
PARAMETRIC_REPRESENTATION_CONTEXT() REPRESENTATION_CONTEXT('2D SPACE',''
  ) );
#2730 = ORIENTED_EDGE('',*,*,#2731,.F.);
#2731 = EDGE_CURVE('',#2637,#2698,#2732,.T.);
#2732 = SURFACE_CURVE('',#2733,(#2738,#2751),.PCURVE_S1.);
#2733 = ELLIPSE('',#2734,4.76824355819,4.7625);
#2734 = AXIS2_PLACEMENT_3D('',#2735,#2736,#2737);
#2735 = CARTESIAN_POINT('',(39.399529522577,126.12150302003,0.));
#2736 = DIRECTION('',(0.980785280403,-0.195090322016,0.));
#2737 = DIRECTION('',(0.195090322016,0.980785280403,0.));
#2738 = PCURVE('',#2544,#2739);
#2739 = DEFINITIONAL_REPRESENTATION('',(#2740),#2750);
#2740 = B_SPLINE_CURVE_WITH_KNOTS('',8,(#2741,#2742,#2743,#2744,#2745,
    #2746,#2747,#2748,#2749),.UNSPECIFIED.,.F.,.F.,(9,9),(1.570796326795
    ,4.712388980385),.PIECEWISE_BEZIER_KNOTS.);
#2741 = CARTESIAN_POINT('',(0.,4.486748140499));
#2742 = CARTESIAN_POINT('',(0.392699081699,4.394869662881));
#2743 = CARTESIAN_POINT('',(0.785398163399,4.302990452665));
#2744 = CARTESIAN_POINT('',(1.178097245088,4.232709679448));
#2745 = CARTESIAN_POINT('',(1.570796326799,4.205567394249));
#2746 = CARTESIAN_POINT('',(1.963495408487,4.232709679446));
#2747 = CARTESIAN_POINT('',(2.356194490193,4.302990452664));
#2748 = CARTESIAN_POINT('',(2.748893571891,4.394869662881));
#2749 = CARTESIAN_POINT('',(3.14159265359,4.486748140499));
#2750 = ( GEOMETRIC_REPRESENTATION_CONTEXT(2) 
PARAMETRIC_REPRESENTATION_CONTEXT() REPRESENTATION_CONTEXT('2D SPACE',''
  ) );
#2751 = PCURVE('',#2680,#2752);
#2752 = DEFINITIONAL_REPRESENTATION('',(#2753),#2763);
#2753 = B_SPLINE_CURVE_WITH_KNOTS('',8,(#2754,#2755,#2756,#2757,#2758,
    #2759,#2760,#2761,#2762),.UNSPECIFIED.,.F.,.F.,(9,9),(1.570796326795
    ,4.712388980385),.PIECEWISE_BEZIER_KNOTS.);
#2754 = CARTESIAN_POINT('',(0.,-2.557953848736E-13));
#2755 = CARTESIAN_POINT('',(0.392699081699,9.187847761794E-02));
#2756 = CARTESIAN_POINT('',(0.785398163396,0.18375768783));
#2757 = CARTESIAN_POINT('',(1.178097245097,0.254038461046));
#2758 = CARTESIAN_POINT('',(1.570796326787,0.281180746234));
#2759 = CARTESIAN_POINT('',(1.963495408493,0.254038461046));
#2760 = CARTESIAN_POINT('',(2.356194490191,0.18375768783));
#2761 = CARTESIAN_POINT('',(2.748893571891,9.187847761794E-02));
#2762 = CARTESIAN_POINT('',(3.14159265359,-2.557953848736E-13));
#2763 = ( GEOMETRIC_REPRESENTATION_CONTEXT(2) 
PARAMETRIC_REPRESENTATION_CONTEXT() REPRESENTATION_CONTEXT('2D SPACE',''
  ) );
#2764 = ORIENTED_EDGE('',*,*,#2636,.F.);
#2765 = ORIENTED_EDGE('',*,*,#2595,.T.);
#2766 = ORIENTED_EDGE('',*,*,#2561,.T.);
#2767 = ORIENTED_EDGE('',*,*,#2522,.T.);
#2768 = ADVANCED_FACE('',(#2769),#2680,.T.);
#2769 = FACE_BOUND('',#2770,.T.);
#2770 = EDGE_LOOP('',(#2771,#2793,#2832,#2866,#2900,#2901,#2902,#2903));
#2771 = ORIENTED_EDGE('',*,*,#2772,.T.);
#2772 = EDGE_CURVE('',#2637,#2773,#2775,.T.);
#2773 = VERTEX_POINT('',#2774);
#2774 = CARTESIAN_POINT('',(43.751815444074,125.03131214967,4.7625));
#2775 = SEAM_CURVE('',#2776,(#2780,#2786),.PCURVE_S1.);
#2776 = LINE('',#2777,#2778);
#2777 = CARTESIAN_POINT('',(39.399529522577,126.12150302003,4.7625));
#2778 = VECTOR('',#2779,1.);
#2779 = DIRECTION('',(0.970031253195,-0.242980179903,0.));
#2780 = PCURVE('',#2680,#2781);
#2781 = DEFINITIONAL_REPRESENTATION('',(#2782),#2785);
#2782 = B_SPLINE_CURVE_WITH_KNOTS('',1,(#2783,#2784),.UNSPECIFIED.,.F.,
  .F.,(2,2),(-1.296403199132,5.783151339631),.PIECEWISE_BEZIER_KNOTS.);
#2783 = CARTESIAN_POINT('',(6.28318530718,-1.296403199132));
#2784 = CARTESIAN_POINT('',(6.28318530718,5.783151339631));
#2785 = ( GEOMETRIC_REPRESENTATION_CONTEXT(2) 
PARAMETRIC_REPRESENTATION_CONTEXT() REPRESENTATION_CONTEXT('2D SPACE',''
  ) );
#2786 = PCURVE('',#2680,#2787);
#2787 = DEFINITIONAL_REPRESENTATION('',(#2788),#2792);
#2788 = LINE('',#2789,#2790);
#2789 = CARTESIAN_POINT('',(0.,0.));
#2790 = VECTOR('',#2791,1.);
#2791 = DIRECTION('',(0.,1.));
#2792 = ( GEOMETRIC_REPRESENTATION_CONTEXT(2) 
PARAMETRIC_REPRESENTATION_CONTEXT() REPRESENTATION_CONTEXT('2D SPACE',''
  ) );
#2793 = ORIENTED_EDGE('',*,*,#2794,.F.);
#2794 = EDGE_CURVE('',#2795,#2773,#2797,.T.);
#2795 = VERTEX_POINT('',#2796);
#2796 = CARTESIAN_POINT('',(45.135963486434,129.5942367411,
    -5.832380380939E-16));
#2797 = SURFACE_CURVE('',#2798,(#2803,#2815),.PCURVE_S1.);
#2798 = ELLIPSE('',#2799,4.76824355819,4.7625);
#2799 = AXIS2_PLACEMENT_3D('',#2800,#2801,#2802);
#2800 = CARTESIAN_POINT('',(43.751815444074,125.03131214967,0.));
#2801 = DIRECTION('',(0.956940335732,-0.290284677254,0.));
#2802 = DIRECTION('',(0.290284677254,0.956940335732,0.));
#2803 = PCURVE('',#2680,#2804);
#2804 = DEFINITIONAL_REPRESENTATION('',(#2805),#2814);
#2805 = B_SPLINE_CURVE_WITH_KNOTS('',7,(#2806,#2807,#2808,#2809,#2810,
    #2811,#2812,#2813),.UNSPECIFIED.,.F.,.F.,(8,8),(0.,1.570796326795),
  .PIECEWISE_BEZIER_KNOTS.);
#2806 = CARTESIAN_POINT('',(4.712388980385,4.720714762526));
#2807 = CARTESIAN_POINT('',(4.936788455641,4.720714762526));
#2808 = CARTESIAN_POINT('',(5.161187930898,4.706969534046));
#2809 = CARTESIAN_POINT('',(5.385587406154,4.679481071061));
#2810 = CARTESIAN_POINT('',(5.60998688141,4.639937043607));
#2811 = CARTESIAN_POINT('',(5.834386356667,4.591751901731));
#2812 = CARTESIAN_POINT('',(6.058785831923,4.539250127709));
#2813 = CARTESIAN_POINT('',(6.28318530718,4.486748140499));
#2814 = ( GEOMETRIC_REPRESENTATION_CONTEXT(2) 
PARAMETRIC_REPRESENTATION_CONTEXT() REPRESENTATION_CONTEXT('2D SPACE',''
  ) );
#2815 = PCURVE('',#2816,#2821);
#2816 = CYLINDRICAL_SURFACE('',#2817,4.7625);
#2817 = AXIS2_PLACEMENT_3D('',#2818,#2819,#2820);
#2818 = CARTESIAN_POINT('',(43.751815444074,125.03131214967,0.));
#2819 = DIRECTION('',(0.941544065183,-0.336889853392,0.));
#2820 = DIRECTION('',(3.740228719986E-17,1.045323899865E-16,1.));
#2821 = DEFINITIONAL_REPRESENTATION('',(#2822),#2831);
#2822 = B_SPLINE_CURVE_WITH_KNOTS('',7,(#2823,#2824,#2825,#2826,#2827,
    #2828,#2829,#2830),.UNSPECIFIED.,.F.,.F.,(8,8),(0.,1.570796326795),
  .PIECEWISE_BEZIER_KNOTS.);
#2823 = CARTESIAN_POINT('',(4.712388980385,-0.233966622027));
#2824 = CARTESIAN_POINT('',(4.936788455641,-0.233966622027));
#2825 = CARTESIAN_POINT('',(5.161187930897,-0.220221393548));
#2826 = CARTESIAN_POINT('',(5.385587406154,-0.19273293056));
#2827 = CARTESIAN_POINT('',(5.60998688141,-0.153188903109));
#2828 = CARTESIAN_POINT('',(5.834386356667,-0.105003761232));
#2829 = CARTESIAN_POINT('',(6.058785831923,-5.25019872106E-02));
#2830 = CARTESIAN_POINT('',(6.28318530718,-2.023936573892E-13));
#2831 = ( GEOMETRIC_REPRESENTATION_CONTEXT(2) 
PARAMETRIC_REPRESENTATION_CONTEXT() REPRESENTATION_CONTEXT('2D SPACE',''
  ) );
#2832 = ORIENTED_EDGE('',*,*,#2833,.F.);
#2833 = EDGE_CURVE('',#2834,#2795,#2836,.T.);
#2834 = VERTEX_POINT('',#2835);
#2835 = CARTESIAN_POINT('',(43.751815444074,125.03131214967,-4.7625));
#2836 = SURFACE_CURVE('',#2837,(#2842,#2854),.PCURVE_S1.);
#2837 = ELLIPSE('',#2838,4.76824355819,4.7625);
#2838 = AXIS2_PLACEMENT_3D('',#2839,#2840,#2841);
#2839 = CARTESIAN_POINT('',(43.751815444074,125.03131214967,0.));
#2840 = DIRECTION('',(0.956940335732,-0.290284677254,0.));
#2841 = DIRECTION('',(0.290284677254,0.956940335732,0.));
#2842 = PCURVE('',#2680,#2843);
#2843 = DEFINITIONAL_REPRESENTATION('',(#2844),#2853);
#2844 = B_SPLINE_CURVE_WITH_KNOTS('',7,(#2845,#2846,#2847,#2848,#2849,
    #2850,#2851,#2852),.UNSPECIFIED.,.F.,.F.,(8,8),(4.712388980385,
    6.28318530718),.PIECEWISE_BEZIER_KNOTS.);
#2845 = CARTESIAN_POINT('',(3.14159265359,4.486748140499));
#2846 = CARTESIAN_POINT('',(3.365992128846,4.539250127709));
#2847 = CARTESIAN_POINT('',(3.590391604102,4.59175190173));
#2848 = CARTESIAN_POINT('',(3.81479107936,4.63993704361));
#2849 = CARTESIAN_POINT('',(4.039190554615,4.679481071057));
#2850 = CARTESIAN_POINT('',(4.263590029872,4.706969534047));
#2851 = CARTESIAN_POINT('',(4.487989505128,4.720714762526));
#2852 = CARTESIAN_POINT('',(4.712388980385,4.720714762526));
#2853 = ( GEOMETRIC_REPRESENTATION_CONTEXT(2) 
PARAMETRIC_REPRESENTATION_CONTEXT() REPRESENTATION_CONTEXT('2D SPACE',''
  ) );
#2854 = PCURVE('',#2816,#2855);
#2855 = DEFINITIONAL_REPRESENTATION('',(#2856),#2865);
#2856 = B_SPLINE_CURVE_WITH_KNOTS('',7,(#2857,#2858,#2859,#2860,#2861,
    #2862,#2863,#2864),.UNSPECIFIED.,.F.,.F.,(8,8),(4.712388980385,
    6.28318530718),.PIECEWISE_BEZIER_KNOTS.);
#2857 = CARTESIAN_POINT('',(3.14159265359,-2.023936573892E-13));
#2858 = CARTESIAN_POINT('',(3.365992128846,-5.25019872106E-02));
#2859 = CARTESIAN_POINT('',(3.590391604102,-0.105003761232));
#2860 = CARTESIAN_POINT('',(3.814791079361,-0.153188903109));
#2861 = CARTESIAN_POINT('',(4.039190554613,-0.19273293056));
#2862 = CARTESIAN_POINT('',(4.263590029873,-0.220221393548));
#2863 = CARTESIAN_POINT('',(4.487989505128,-0.233966622027));
#2864 = CARTESIAN_POINT('',(4.712388980385,-0.233966622027));
#2865 = ( GEOMETRIC_REPRESENTATION_CONTEXT(2) 
PARAMETRIC_REPRESENTATION_CONTEXT() REPRESENTATION_CONTEXT('2D SPACE',''
  ) );
#2866 = ORIENTED_EDGE('',*,*,#2867,.F.);
#2867 = EDGE_CURVE('',#2773,#2834,#2868,.T.);
#2868 = SURFACE_CURVE('',#2869,(#2874,#2887),.PCURVE_S1.);
#2869 = ELLIPSE('',#2870,4.76824355819,4.7625);
#2870 = AXIS2_PLACEMENT_3D('',#2871,#2872,#2873);
#2871 = CARTESIAN_POINT('',(43.751815444074,125.03131214967,0.));
#2872 = DIRECTION('',(0.956940335732,-0.290284677254,0.));
#2873 = DIRECTION('',(0.290284677254,0.956940335732,0.));
#2874 = PCURVE('',#2680,#2875);
#2875 = DEFINITIONAL_REPRESENTATION('',(#2876),#2886);
#2876 = B_SPLINE_CURVE_WITH_KNOTS('',8,(#2877,#2878,#2879,#2880,#2881,
    #2882,#2883,#2884,#2885),.UNSPECIFIED.,.F.,.F.,(9,9),(1.570796326795
    ,4.712388980385),.PIECEWISE_BEZIER_KNOTS.);
#2877 = CARTESIAN_POINT('',(0.,4.486748140499));
#2878 = CARTESIAN_POINT('',(0.392699081699,4.394869662881));
#2879 = CARTESIAN_POINT('',(0.785398163397,4.302990452666));
#2880 = CARTESIAN_POINT('',(1.178097245096,4.232709679448));
#2881 = CARTESIAN_POINT('',(1.570796326792,4.20556739425));
#2882 = CARTESIAN_POINT('',(1.963495408493,4.232709679449));
#2883 = CARTESIAN_POINT('',(2.356194490192,4.302990452667));
#2884 = CARTESIAN_POINT('',(2.748893571891,4.394869662881));
#2885 = CARTESIAN_POINT('',(3.14159265359,4.486748140499));
#2886 = ( GEOMETRIC_REPRESENTATION_CONTEXT(2) 
PARAMETRIC_REPRESENTATION_CONTEXT() REPRESENTATION_CONTEXT('2D SPACE',''
  ) );
#2887 = PCURVE('',#2816,#2888);
#2888 = DEFINITIONAL_REPRESENTATION('',(#2889),#2899);
#2889 = B_SPLINE_CURVE_WITH_KNOTS('',8,(#2890,#2891,#2892,#2893,#2894,
    #2895,#2896,#2897,#2898),.UNSPECIFIED.,.F.,.F.,(9,9),(1.570796326795
    ,4.712388980385),.PIECEWISE_BEZIER_KNOTS.);
#2890 = CARTESIAN_POINT('',(0.,-2.023936573892E-13));
#2891 = CARTESIAN_POINT('',(0.392699081699,9.187847761799E-02));
#2892 = CARTESIAN_POINT('',(0.785398163399,0.18375768783));
#2893 = CARTESIAN_POINT('',(1.178097245089,0.254038461046));
#2894 = CARTESIAN_POINT('',(1.570796326797,0.281180746234));
#2895 = CARTESIAN_POINT('',(1.963495408486,0.254038461046));
#2896 = CARTESIAN_POINT('',(2.356194490193,0.18375768783));
#2897 = CARTESIAN_POINT('',(2.748893571891,9.187847761799E-02));
#2898 = CARTESIAN_POINT('',(3.14159265359,-2.023936573892E-13));
#2899 = ( GEOMETRIC_REPRESENTATION_CONTEXT(2) 
PARAMETRIC_REPRESENTATION_CONTEXT() REPRESENTATION_CONTEXT('2D SPACE',''
  ) );
#2900 = ORIENTED_EDGE('',*,*,#2772,.F.);
#2901 = ORIENTED_EDGE('',*,*,#2731,.T.);
#2902 = ORIENTED_EDGE('',*,*,#2697,.T.);
#2903 = ORIENTED_EDGE('',*,*,#2658,.T.);
#2904 = ADVANCED_FACE('',(#2905),#2816,.T.);
#2905 = FACE_BOUND('',#2906,.T.);
#2906 = EDGE_LOOP('',(#2907,#2929,#2968,#3002,#3036,#3037,#3038,#3039));
#2907 = ORIENTED_EDGE('',*,*,#2908,.T.);
#2908 = EDGE_CURVE('',#2773,#2909,#2911,.T.);
#2909 = VERTEX_POINT('',#2910);
#2910 = CARTESIAN_POINT('',(47.976286527732,123.51977222641,4.7625));
#2911 = SEAM_CURVE('',#2912,(#2916,#2922),.PCURVE_S1.);
#2912 = LINE('',#2913,#2914);
#2913 = CARTESIAN_POINT('',(43.751815444074,125.03131214967,4.7625));
#2914 = VECTOR('',#2915,1.);
#2915 = DIRECTION('',(0.941544065183,-0.336889853392,0.));
#2916 = PCURVE('',#2816,#2917);
#2917 = DEFINITIONAL_REPRESENTATION('',(#2918),#2921);
#2918 = B_SPLINE_CURVE_WITH_KNOTS('',1,(#2919,#2920),.UNSPECIFIED.,.F.,
  .F.,(2,2),(-1.296403199132,5.783151339631),.PIECEWISE_BEZIER_KNOTS.);
#2919 = CARTESIAN_POINT('',(6.28318530718,-1.296403199132));
#2920 = CARTESIAN_POINT('',(6.28318530718,5.783151339631));
#2921 = ( GEOMETRIC_REPRESENTATION_CONTEXT(2) 
PARAMETRIC_REPRESENTATION_CONTEXT() REPRESENTATION_CONTEXT('2D SPACE',''
  ) );
#2922 = PCURVE('',#2816,#2923);
#2923 = DEFINITIONAL_REPRESENTATION('',(#2924),#2928);
#2924 = LINE('',#2925,#2926);
#2925 = CARTESIAN_POINT('',(0.,0.));
#2926 = VECTOR('',#2927,1.);
#2927 = DIRECTION('',(0.,1.));
#2928 = ( GEOMETRIC_REPRESENTATION_CONTEXT(2) 
PARAMETRIC_REPRESENTATION_CONTEXT() REPRESENTATION_CONTEXT('2D SPACE',''
  ) );
#2929 = ORIENTED_EDGE('',*,*,#2930,.F.);
#2930 = EDGE_CURVE('',#2931,#2909,#2933,.T.);
#2931 = VERTEX_POINT('',#2932);
#2932 = CARTESIAN_POINT('',(49.801014338933,127.92505485585,
    -5.832380380939E-16));
#2933 = SURFACE_CURVE('',#2934,(#2939,#2951),.PCURVE_S1.);
#2934 = ELLIPSE('',#2935,4.76824355819,4.7625);
#2935 = AXIS2_PLACEMENT_3D('',#2936,#2937,#2938);
#2936 = CARTESIAN_POINT('',(47.976286527732,123.51977222641,0.));
#2937 = DIRECTION('',(0.923879532511,-0.382683432365,0.));
#2938 = DIRECTION('',(0.382683432365,0.923879532511,0.));
#2939 = PCURVE('',#2816,#2940);
#2940 = DEFINITIONAL_REPRESENTATION('',(#2941),#2950);
#2941 = B_SPLINE_CURVE_WITH_KNOTS('',7,(#2942,#2943,#2944,#2945,#2946,
    #2947,#2948,#2949),.UNSPECIFIED.,.F.,.F.,(8,8),(0.,1.570796326795),
  .PIECEWISE_BEZIER_KNOTS.);
#2942 = CARTESIAN_POINT('',(4.712388980385,4.720714762526));
#2943 = CARTESIAN_POINT('',(4.936788455641,4.720714762526));
#2944 = CARTESIAN_POINT('',(5.161187930898,4.706969534047));
#2945 = CARTESIAN_POINT('',(5.385587406154,4.679481071059));
#2946 = CARTESIAN_POINT('',(5.60998688141,4.639937043609));
#2947 = CARTESIAN_POINT('',(5.834386356667,4.591751901731));
#2948 = CARTESIAN_POINT('',(6.058785831923,4.53925012771));
#2949 = CARTESIAN_POINT('',(6.28318530718,4.486748140499));
#2950 = ( GEOMETRIC_REPRESENTATION_CONTEXT(2) 
PARAMETRIC_REPRESENTATION_CONTEXT() REPRESENTATION_CONTEXT('2D SPACE',''
  ) );
#2951 = PCURVE('',#2952,#2957);
#2952 = CYLINDRICAL_SURFACE('',#2953,4.7625);
#2953 = AXIS2_PLACEMENT_3D('',#2954,#2955,#2956);
#2954 = CARTESIAN_POINT('',(47.976286527732,123.51977222641,0.));
#2955 = DIRECTION('',(0.903989293123,-0.42755509343,0.));
#2956 = DIRECTION('',(4.746815090221E-17,1.00362972724E-16,1.));
#2957 = DEFINITIONAL_REPRESENTATION('',(#2958),#2967);
#2958 = B_SPLINE_CURVE_WITH_KNOTS('',7,(#2959,#2960,#2961,#2962,#2963,
    #2964,#2965,#2966),.UNSPECIFIED.,.F.,.F.,(8,8),(0.,1.570796326795),
  .PIECEWISE_BEZIER_KNOTS.);
#2959 = CARTESIAN_POINT('',(4.712388980385,-0.233966622027));
#2960 = CARTESIAN_POINT('',(4.936788455641,-0.233966622027));
#2961 = CARTESIAN_POINT('',(5.161187930898,-0.220221393548));
#2962 = CARTESIAN_POINT('',(5.385587406154,-0.192732930559));
#2963 = CARTESIAN_POINT('',(5.60998688141,-0.153188903109));
#2964 = CARTESIAN_POINT('',(5.834386356667,-0.105003761232));
#2965 = CARTESIAN_POINT('',(6.058785831923,-5.250198721032E-02));
#2966 = CARTESIAN_POINT('',(6.28318530718,7.283063041541E-14));
#2967 = ( GEOMETRIC_REPRESENTATION_CONTEXT(2) 
PARAMETRIC_REPRESENTATION_CONTEXT() REPRESENTATION_CONTEXT('2D SPACE',''
  ) );
#2968 = ORIENTED_EDGE('',*,*,#2969,.F.);
#2969 = EDGE_CURVE('',#2970,#2931,#2972,.T.);
#2970 = VERTEX_POINT('',#2971);
#2971 = CARTESIAN_POINT('',(47.976286527732,123.51977222641,-4.7625));
#2972 = SURFACE_CURVE('',#2973,(#2978,#2990),.PCURVE_S1.);
#2973 = ELLIPSE('',#2974,4.76824355819,4.7625);
#2974 = AXIS2_PLACEMENT_3D('',#2975,#2976,#2977);
#2975 = CARTESIAN_POINT('',(47.976286527732,123.51977222641,0.));
#2976 = DIRECTION('',(0.923879532511,-0.382683432365,0.));
#2977 = DIRECTION('',(0.382683432365,0.923879532511,0.));
#2978 = PCURVE('',#2816,#2979);
#2979 = DEFINITIONAL_REPRESENTATION('',(#2980),#2989);
#2980 = B_SPLINE_CURVE_WITH_KNOTS('',7,(#2981,#2982,#2983,#2984,#2985,
    #2986,#2987,#2988),.UNSPECIFIED.,.F.,.F.,(8,8),(4.712388980385,
    6.28318530718),.PIECEWISE_BEZIER_KNOTS.);
#2981 = CARTESIAN_POINT('',(3.14159265359,4.486748140499));
#2982 = CARTESIAN_POINT('',(3.365992128846,4.53925012771));
#2983 = CARTESIAN_POINT('',(3.590391604102,4.591751901731));
#2984 = CARTESIAN_POINT('',(3.81479107936,4.639937043609));
#2985 = CARTESIAN_POINT('',(4.039190554616,4.679481071059));
#2986 = CARTESIAN_POINT('',(4.263590029872,4.706969534047));
#2987 = CARTESIAN_POINT('',(4.487989505128,4.720714762526));
#2988 = CARTESIAN_POINT('',(4.712388980385,4.720714762526));
#2989 = ( GEOMETRIC_REPRESENTATION_CONTEXT(2) 
PARAMETRIC_REPRESENTATION_CONTEXT() REPRESENTATION_CONTEXT('2D SPACE',''
  ) );
#2990 = PCURVE('',#2952,#2991);
#2991 = DEFINITIONAL_REPRESENTATION('',(#2992),#3001);
#2992 = B_SPLINE_CURVE_WITH_KNOTS('',7,(#2993,#2994,#2995,#2996,#2997,
    #2998,#2999,#3000),.UNSPECIFIED.,.F.,.F.,(8,8),(4.712388980385,
    6.28318530718),.PIECEWISE_BEZIER_KNOTS.);
#2993 = CARTESIAN_POINT('',(3.14159265359,7.283063041541E-14));
#2994 = CARTESIAN_POINT('',(3.365992128846,-5.250198721032E-02));
#2995 = CARTESIAN_POINT('',(3.590391604102,-0.105003761232));
#2996 = CARTESIAN_POINT('',(3.81479107936,-0.153188903109));
#2997 = CARTESIAN_POINT('',(4.039190554616,-0.19273293056));
#2998 = CARTESIAN_POINT('',(4.263590029872,-0.220221393548));
#2999 = CARTESIAN_POINT('',(4.487989505128,-0.233966622027));
#3000 = CARTESIAN_POINT('',(4.712388980385,-0.233966622027));
#3001 = ( GEOMETRIC_REPRESENTATION_CONTEXT(2) 
PARAMETRIC_REPRESENTATION_CONTEXT() REPRESENTATION_CONTEXT('2D SPACE',''
  ) );
#3002 = ORIENTED_EDGE('',*,*,#3003,.F.);
#3003 = EDGE_CURVE('',#2909,#2970,#3004,.T.);
#3004 = SURFACE_CURVE('',#3005,(#3010,#3023),.PCURVE_S1.);
#3005 = ELLIPSE('',#3006,4.76824355819,4.7625);
#3006 = AXIS2_PLACEMENT_3D('',#3007,#3008,#3009);
#3007 = CARTESIAN_POINT('',(47.976286527732,123.51977222641,0.));
#3008 = DIRECTION('',(0.923879532511,-0.382683432365,0.));
#3009 = DIRECTION('',(0.382683432365,0.923879532511,0.));
#3010 = PCURVE('',#2816,#3011);
#3011 = DEFINITIONAL_REPRESENTATION('',(#3012),#3022);
#3012 = B_SPLINE_CURVE_WITH_KNOTS('',8,(#3013,#3014,#3015,#3016,#3017,
    #3018,#3019,#3020,#3021),.UNSPECIFIED.,.F.,.F.,(9,9),(1.570796326795
    ,4.712388980385),.PIECEWISE_BEZIER_KNOTS.);
#3013 = CARTESIAN_POINT('',(0.,4.486748140499));
#3014 = CARTESIAN_POINT('',(0.392699081699,4.394869662881));
#3015 = CARTESIAN_POINT('',(0.785398163396,4.302990452671));
#3016 = CARTESIAN_POINT('',(1.178097245096,4.232709679436));
#3017 = CARTESIAN_POINT('',(1.570796326788,4.205567394279));
#3018 = CARTESIAN_POINT('',(1.963495408494,4.232709679436));
#3019 = CARTESIAN_POINT('',(2.356194490191,4.302990452671));
#3020 = CARTESIAN_POINT('',(2.748893571891,4.394869662881));
#3021 = CARTESIAN_POINT('',(3.14159265359,4.486748140499));
#3022 = ( GEOMETRIC_REPRESENTATION_CONTEXT(2) 
PARAMETRIC_REPRESENTATION_CONTEXT() REPRESENTATION_CONTEXT('2D SPACE',''
  ) );
#3023 = PCURVE('',#2952,#3024);
#3024 = DEFINITIONAL_REPRESENTATION('',(#3025),#3035);
#3025 = B_SPLINE_CURVE_WITH_KNOTS('',8,(#3026,#3027,#3028,#3029,#3030,
    #3031,#3032,#3033,#3034),.UNSPECIFIED.,.F.,.F.,(9,9),(1.570796326795
    ,4.712388980385),.PIECEWISE_BEZIER_KNOTS.);
#3026 = CARTESIAN_POINT('',(0.,7.283063041541E-14));
#3027 = CARTESIAN_POINT('',(0.392699081699,9.187847761826E-02));
#3028 = CARTESIAN_POINT('',(0.785398163397,0.18375768783));
#3029 = CARTESIAN_POINT('',(1.178097245096,0.254038461047));
#3030 = CARTESIAN_POINT('',(1.570796326789,0.281180746233));
#3031 = CARTESIAN_POINT('',(1.963495408495,0.254038461047));
#3032 = CARTESIAN_POINT('',(2.356194490192,0.18375768783));
#3033 = CARTESIAN_POINT('',(2.748893571891,9.187847761826E-02));
#3034 = CARTESIAN_POINT('',(3.14159265359,7.283063041541E-14));
#3035 = ( GEOMETRIC_REPRESENTATION_CONTEXT(2) 
PARAMETRIC_REPRESENTATION_CONTEXT() REPRESENTATION_CONTEXT('2D SPACE',''
  ) );
#3036 = ORIENTED_EDGE('',*,*,#2908,.F.);
#3037 = ORIENTED_EDGE('',*,*,#2867,.T.);
#3038 = ORIENTED_EDGE('',*,*,#2833,.T.);
#3039 = ORIENTED_EDGE('',*,*,#2794,.T.);
#3040 = ADVANCED_FACE('',(#3041),#2952,.T.);
#3041 = FACE_BOUND('',#3042,.T.);
#3042 = EDGE_LOOP('',(#3043,#3065,#3104,#3138,#3172,#3173,#3174,#3175));
#3043 = ORIENTED_EDGE('',*,*,#3044,.T.);
#3044 = EDGE_CURVE('',#2909,#3045,#3047,.T.);
#3045 = VERTEX_POINT('',#3046);
#3046 = CARTESIAN_POINT('',(52.032258807685,121.601440206,4.7625));
#3047 = SEAM_CURVE('',#3048,(#3052,#3058),.PCURVE_S1.);
#3048 = LINE('',#3049,#3050);
#3049 = CARTESIAN_POINT('',(47.976286527732,123.51977222641,4.7625));
#3050 = VECTOR('',#3051,1.);
#3051 = DIRECTION('',(0.903989293123,-0.42755509343,0.));
#3052 = PCURVE('',#2952,#3053);
#3053 = DEFINITIONAL_REPRESENTATION('',(#3054),#3057);
#3054 = B_SPLINE_CURVE_WITH_KNOTS('',1,(#3055,#3056),.UNSPECIFIED.,.F.,
  .F.,(2,2),(-1.296403199132,5.783151339631),.PIECEWISE_BEZIER_KNOTS.);
#3055 = CARTESIAN_POINT('',(6.28318530718,-1.296403199132));
#3056 = CARTESIAN_POINT('',(6.28318530718,5.783151339631));
#3057 = ( GEOMETRIC_REPRESENTATION_CONTEXT(2) 
PARAMETRIC_REPRESENTATION_CONTEXT() REPRESENTATION_CONTEXT('2D SPACE',''
  ) );
#3058 = PCURVE('',#2952,#3059);
#3059 = DEFINITIONAL_REPRESENTATION('',(#3060),#3064);
#3060 = LINE('',#3061,#3062);
#3061 = CARTESIAN_POINT('',(0.,0.));
#3062 = VECTOR('',#3063,1.);
#3063 = DIRECTION('',(0.,1.));
#3064 = ( GEOMETRIC_REPRESENTATION_CONTEXT(2) 
PARAMETRIC_REPRESENTATION_CONTEXT() REPRESENTATION_CONTEXT('2D SPACE',''
  ) );
#3065 = ORIENTED_EDGE('',*,*,#3066,.F.);
#3066 = EDGE_CURVE('',#3067,#3045,#3069,.T.);
#3067 = VERTEX_POINT('',#3068);
#3068 = CARTESIAN_POINT('',(54.279993261407,125.80665559356,
    -5.832380380939E-16));
#3069 = SURFACE_CURVE('',#3070,(#3075,#3087),.PCURVE_S1.);
#3070 = ELLIPSE('',#3071,4.76824355819,4.7625);
#3071 = AXIS2_PLACEMENT_3D('',#3072,#3073,#3074);
#3072 = CARTESIAN_POINT('',(52.032258807685,121.601440206,0.));
#3073 = DIRECTION('',(0.881921264348,-0.471396736826,0.));
#3074 = DIRECTION('',(0.471396736826,0.881921264348,0.));
#3075 = PCURVE('',#2952,#3076);
#3076 = DEFINITIONAL_REPRESENTATION('',(#3077),#3086);
#3077 = B_SPLINE_CURVE_WITH_KNOTS('',7,(#3078,#3079,#3080,#3081,#3082,
    #3083,#3084,#3085),.UNSPECIFIED.,.F.,.F.,(8,8),(0.,1.570796326795),
  .PIECEWISE_BEZIER_KNOTS.);
#3078 = CARTESIAN_POINT('',(4.712388980385,4.720714762526));
#3079 = CARTESIAN_POINT('',(4.936788455641,4.720714762526));
#3080 = CARTESIAN_POINT('',(5.161187930898,4.706969534047));
#3081 = CARTESIAN_POINT('',(5.385587406154,4.67948107106));
#3082 = CARTESIAN_POINT('',(5.609986881411,4.639937043608));
#3083 = CARTESIAN_POINT('',(5.834386356667,4.591751901731));
#3084 = CARTESIAN_POINT('',(6.058785831923,4.53925012771));
#3085 = CARTESIAN_POINT('',(6.28318530718,4.486748140499));
#3086 = ( GEOMETRIC_REPRESENTATION_CONTEXT(2) 
PARAMETRIC_REPRESENTATION_CONTEXT() REPRESENTATION_CONTEXT('2D SPACE',''
  ) );
#3087 = PCURVE('',#3088,#3093);
#3088 = CYLINDRICAL_SURFACE('',#3089,4.7625);
#3089 = AXIS2_PLACEMENT_3D('',#3090,#3091,#3092);
#3090 = CARTESIAN_POINT('',(52.032258807685,121.601440206,0.));
#3091 = DIRECTION('',(0.85772861,-0.514102744193,0.));
#3092 = DIRECTION('',(5.707687036263E-17,9.52270051702E-17,1.));
#3093 = DEFINITIONAL_REPRESENTATION('',(#3094),#3103);
#3094 = B_SPLINE_CURVE_WITH_KNOTS('',7,(#3095,#3096,#3097,#3098,#3099,
    #3100,#3101,#3102),.UNSPECIFIED.,.F.,.F.,(8,8),(0.,1.570796326795),
  .PIECEWISE_BEZIER_KNOTS.);
#3095 = CARTESIAN_POINT('',(4.712388980385,-0.233966622027));
#3096 = CARTESIAN_POINT('',(4.936788455641,-0.233966622027));
#3097 = CARTESIAN_POINT('',(5.161187930898,-0.220221393548));
#3098 = CARTESIAN_POINT('',(5.385587406154,-0.192732930559));
#3099 = CARTESIAN_POINT('',(5.609986881411,-0.153188903109));
#3100 = CARTESIAN_POINT('',(5.834386356667,-0.105003761232));
#3101 = CARTESIAN_POINT('',(6.058785831923,-5.250198721026E-02));
#3102 = CARTESIAN_POINT('',(6.28318530718,1.314504061156E-13));
#3103 = ( GEOMETRIC_REPRESENTATION_CONTEXT(2) 
PARAMETRIC_REPRESENTATION_CONTEXT() REPRESENTATION_CONTEXT('2D SPACE',''
  ) );
#3104 = ORIENTED_EDGE('',*,*,#3105,.F.);
#3105 = EDGE_CURVE('',#3106,#3067,#3108,.T.);
#3106 = VERTEX_POINT('',#3107);
#3107 = CARTESIAN_POINT('',(52.032258807685,121.601440206,-4.7625));
#3108 = SURFACE_CURVE('',#3109,(#3114,#3126),.PCURVE_S1.);
#3109 = ELLIPSE('',#3110,4.76824355819,4.7625);
#3110 = AXIS2_PLACEMENT_3D('',#3111,#3112,#3113);
#3111 = CARTESIAN_POINT('',(52.032258807685,121.601440206,0.));
#3112 = DIRECTION('',(0.881921264348,-0.471396736826,0.));
#3113 = DIRECTION('',(0.471396736826,0.881921264348,0.));
#3114 = PCURVE('',#2952,#3115);
#3115 = DEFINITIONAL_REPRESENTATION('',(#3116),#3125);
#3116 = B_SPLINE_CURVE_WITH_KNOTS('',7,(#3117,#3118,#3119,#3120,#3121,
    #3122,#3123,#3124),.UNSPECIFIED.,.F.,.F.,(8,8),(4.712388980385,
    6.28318530718),.PIECEWISE_BEZIER_KNOTS.);
#3117 = CARTESIAN_POINT('',(3.14159265359,4.486748140499));
#3118 = CARTESIAN_POINT('',(3.365992128846,4.53925012771));
#3119 = CARTESIAN_POINT('',(3.590391604102,4.591751901731));
#3120 = CARTESIAN_POINT('',(3.814791079361,4.639937043608));
#3121 = CARTESIAN_POINT('',(4.039190554615,4.679481071061));
#3122 = CARTESIAN_POINT('',(4.263590029872,4.706969534047));
#3123 = CARTESIAN_POINT('',(4.487989505128,4.720714762526));
#3124 = CARTESIAN_POINT('',(4.712388980385,4.720714762526));
#3125 = ( GEOMETRIC_REPRESENTATION_CONTEXT(2) 
PARAMETRIC_REPRESENTATION_CONTEXT() REPRESENTATION_CONTEXT('2D SPACE',''
  ) );
#3126 = PCURVE('',#3088,#3127);
#3127 = DEFINITIONAL_REPRESENTATION('',(#3128),#3137);
#3128 = B_SPLINE_CURVE_WITH_KNOTS('',7,(#3129,#3130,#3131,#3132,#3133,
    #3134,#3135,#3136),.UNSPECIFIED.,.F.,.F.,(8,8),(4.712388980385,
    6.28318530718),.PIECEWISE_BEZIER_KNOTS.);
#3129 = CARTESIAN_POINT('',(3.14159265359,1.314504061156E-13));
#3130 = CARTESIAN_POINT('',(3.365992128846,-5.250198721026E-02));
#3131 = CARTESIAN_POINT('',(3.590391604102,-0.105003761232));
#3132 = CARTESIAN_POINT('',(3.814791079361,-0.153188903109));
#3133 = CARTESIAN_POINT('',(4.039190554615,-0.192732930559));
#3134 = CARTESIAN_POINT('',(4.263590029872,-0.220221393548));
#3135 = CARTESIAN_POINT('',(4.487989505128,-0.233966622027));
#3136 = CARTESIAN_POINT('',(4.712388980385,-0.233966622027));
#3137 = ( GEOMETRIC_REPRESENTATION_CONTEXT(2) 
PARAMETRIC_REPRESENTATION_CONTEXT() REPRESENTATION_CONTEXT('2D SPACE',''
  ) );
#3138 = ORIENTED_EDGE('',*,*,#3139,.F.);
#3139 = EDGE_CURVE('',#3045,#3106,#3140,.T.);
#3140 = SURFACE_CURVE('',#3141,(#3146,#3159),.PCURVE_S1.);
#3141 = ELLIPSE('',#3142,4.76824355819,4.7625);
#3142 = AXIS2_PLACEMENT_3D('',#3143,#3144,#3145);
#3143 = CARTESIAN_POINT('',(52.032258807685,121.601440206,0.));
#3144 = DIRECTION('',(0.881921264348,-0.471396736826,0.));
#3145 = DIRECTION('',(0.471396736826,0.881921264348,0.));
#3146 = PCURVE('',#2952,#3147);
#3147 = DEFINITIONAL_REPRESENTATION('',(#3148),#3158);
#3148 = B_SPLINE_CURVE_WITH_KNOTS('',8,(#3149,#3150,#3151,#3152,#3153,
    #3154,#3155,#3156,#3157),.UNSPECIFIED.,.F.,.F.,(9,9),(1.570796326795
    ,4.712388980385),.PIECEWISE_BEZIER_KNOTS.);
#3149 = CARTESIAN_POINT('',(0.,4.486748140499));
#3150 = CARTESIAN_POINT('',(0.392699081699,4.394869662881));
#3151 = CARTESIAN_POINT('',(0.785398163396,4.302990452668));
#3152 = CARTESIAN_POINT('',(1.178097245094,4.232709679444));
#3153 = CARTESIAN_POINT('',(1.57079632679,4.205567394263));
#3154 = CARTESIAN_POINT('',(1.963495408493,4.232709679439));
#3155 = CARTESIAN_POINT('',(2.356194490191,4.302990452668));
#3156 = CARTESIAN_POINT('',(2.748893571891,4.394869662881));
#3157 = CARTESIAN_POINT('',(3.14159265359,4.486748140499));
#3158 = ( GEOMETRIC_REPRESENTATION_CONTEXT(2) 
PARAMETRIC_REPRESENTATION_CONTEXT() REPRESENTATION_CONTEXT('2D SPACE',''
  ) );
#3159 = PCURVE('',#3088,#3160);
#3160 = DEFINITIONAL_REPRESENTATION('',(#3161),#3171);
#3161 = B_SPLINE_CURVE_WITH_KNOTS('',8,(#3162,#3163,#3164,#3165,#3166,
    #3167,#3168,#3169,#3170),.UNSPECIFIED.,.F.,.F.,(9,9),(1.570796326795
    ,4.712388980385),.PIECEWISE_BEZIER_KNOTS.);
#3162 = CARTESIAN_POINT('',(0.,1.314504061156E-13));
#3163 = CARTESIAN_POINT('',(0.392699081699,9.187847761832E-02));
#3164 = CARTESIAN_POINT('',(0.785398163397,0.183757687831));
#3165 = CARTESIAN_POINT('',(1.178097245098,0.254038461046));
#3166 = CARTESIAN_POINT('',(1.570796326785,0.281180746236));
#3167 = CARTESIAN_POINT('',(1.963495408495,0.254038461046));
#3168 = CARTESIAN_POINT('',(2.356194490192,0.183757687831));
#3169 = CARTESIAN_POINT('',(2.748893571891,9.187847761832E-02));
#3170 = CARTESIAN_POINT('',(3.14159265359,1.314504061156E-13));
#3171 = ( GEOMETRIC_REPRESENTATION_CONTEXT(2) 
PARAMETRIC_REPRESENTATION_CONTEXT() REPRESENTATION_CONTEXT('2D SPACE',''
  ) );
#3172 = ORIENTED_EDGE('',*,*,#3044,.F.);
#3173 = ORIENTED_EDGE('',*,*,#3003,.T.);
#3174 = ORIENTED_EDGE('',*,*,#2969,.T.);
#3175 = ORIENTED_EDGE('',*,*,#2930,.T.);
#3176 = ADVANCED_FACE('',(#3177),#3088,.T.);
#3177 = FACE_BOUND('',#3178,.T.);
#3178 = EDGE_LOOP('',(#3179,#3201,#3240,#3274,#3308,#3309,#3310,#3311));
#3179 = ORIENTED_EDGE('',*,*,#3180,.T.);
#3180 = EDGE_CURVE('',#3045,#3181,#3183,.T.);
#3181 = VERTEX_POINT('',#3182);
#3182 = CARTESIAN_POINT('',(55.880671053656,119.29479067447,4.7625));
#3183 = SEAM_CURVE('',#3184,(#3188,#3194),.PCURVE_S1.);
#3184 = LINE('',#3185,#3186);
#3185 = CARTESIAN_POINT('',(52.032258807685,121.601440206,4.7625));
#3186 = VECTOR('',#3187,1.);
#3187 = DIRECTION('',(0.85772861,-0.514102744193,0.));
#3188 = PCURVE('',#3088,#3189);
#3189 = DEFINITIONAL_REPRESENTATION('',(#3190),#3193);
#3190 = B_SPLINE_CURVE_WITH_KNOTS('',1,(#3191,#3192),.UNSPECIFIED.,.F.,
  .F.,(2,2),(-1.296403199132,5.783151339631),.PIECEWISE_BEZIER_KNOTS.);
#3191 = CARTESIAN_POINT('',(6.28318530718,-1.296403199132));
#3192 = CARTESIAN_POINT('',(6.28318530718,5.783151339631));
#3193 = ( GEOMETRIC_REPRESENTATION_CONTEXT(2) 
PARAMETRIC_REPRESENTATION_CONTEXT() REPRESENTATION_CONTEXT('2D SPACE',''
  ) );
#3194 = PCURVE('',#3088,#3195);
#3195 = DEFINITIONAL_REPRESENTATION('',(#3196),#3200);
#3196 = LINE('',#3197,#3198);
#3197 = CARTESIAN_POINT('',(0.,0.));
#3198 = VECTOR('',#3199,1.);
#3199 = DIRECTION('',(0.,1.));
#3200 = ( GEOMETRIC_REPRESENTATION_CONTEXT(2) 
PARAMETRIC_REPRESENTATION_CONTEXT() REPRESENTATION_CONTEXT('2D SPACE',''
  ) );
#3201 = ORIENTED_EDGE('',*,*,#3202,.F.);
#3202 = EDGE_CURVE('',#3203,#3181,#3205,.T.);
#3203 = VERTEX_POINT('',#3204);
#3204 = CARTESIAN_POINT('',(58.529765238374,123.25944029716,
    -5.832380380939E-16));
#3205 = SURFACE_CURVE('',#3206,(#3211,#3223),.PCURVE_S1.);
#3206 = ELLIPSE('',#3207,4.76824355819,4.7625);
#3207 = AXIS2_PLACEMENT_3D('',#3208,#3209,#3210);
#3208 = CARTESIAN_POINT('',(55.880671053656,119.29479067447,0.));
#3209 = DIRECTION('',(0.831469612303,-0.55557023302,0.));
#3210 = DIRECTION('',(0.55557023302,0.831469612303,0.));
#3211 = PCURVE('',#3088,#3212);
#3212 = DEFINITIONAL_REPRESENTATION('',(#3213),#3222);
#3213 = B_SPLINE_CURVE_WITH_KNOTS('',7,(#3214,#3215,#3216,#3217,#3218,
    #3219,#3220,#3221),.UNSPECIFIED.,.F.,.F.,(8,8),(0.,1.570796326795),
  .PIECEWISE_BEZIER_KNOTS.);
#3214 = CARTESIAN_POINT('',(4.712388980385,4.720714762526));
#3215 = CARTESIAN_POINT('',(4.936788455641,4.720714762526));
#3216 = CARTESIAN_POINT('',(5.161187930897,4.706969534048));
#3217 = CARTESIAN_POINT('',(5.385587406154,4.679481071057));
#3218 = CARTESIAN_POINT('',(5.60998688141,4.639937043611));
#3219 = CARTESIAN_POINT('',(5.834386356667,4.59175190173));
#3220 = CARTESIAN_POINT('',(6.058785831923,4.539250127709));
#3221 = CARTESIAN_POINT('',(6.28318530718,4.486748140499));
#3222 = ( GEOMETRIC_REPRESENTATION_CONTEXT(2) 
PARAMETRIC_REPRESENTATION_CONTEXT() REPRESENTATION_CONTEXT('2D SPACE',''
  ) );
#3223 = PCURVE('',#3224,#3229);
#3224 = CYLINDRICAL_SURFACE('',#3225,4.7625);
#3225 = AXIS2_PLACEMENT_3D('',#3226,#3227,#3228);
#3226 = CARTESIAN_POINT('',(55.880671053656,119.29479067447,0.));
#3227 = DIRECTION('',(0.803207531481,-0.595699304492,0.));
#3228 = DIRECTION('',(6.613590836007E-17,8.917394950021E-17,1.));
#3229 = DEFINITIONAL_REPRESENTATION('',(#3230),#3239);
#3230 = B_SPLINE_CURVE_WITH_KNOTS('',7,(#3231,#3232,#3233,#3234,#3235,
    #3236,#3237,#3238),.UNSPECIFIED.,.F.,.F.,(8,8),(0.,1.570796326795),
  .PIECEWISE_BEZIER_KNOTS.);
#3231 = CARTESIAN_POINT('',(4.712388980385,-0.233966622027));
#3232 = CARTESIAN_POINT('',(4.936788455641,-0.233966622027));
#3233 = CARTESIAN_POINT('',(5.161187930898,-0.220221393548));
#3234 = CARTESIAN_POINT('',(5.385587406154,-0.19273293056));
#3235 = CARTESIAN_POINT('',(5.60998688141,-0.153188903109));
#3236 = CARTESIAN_POINT('',(5.834386356667,-0.105003761232));
#3237 = CARTESIAN_POINT('',(6.058785831923,-5.250198721042E-02));
#3238 = CARTESIAN_POINT('',(6.28318530718,-2.48689957516E-14));
#3239 = ( GEOMETRIC_REPRESENTATION_CONTEXT(2) 
PARAMETRIC_REPRESENTATION_CONTEXT() REPRESENTATION_CONTEXT('2D SPACE',''
  ) );
#3240 = ORIENTED_EDGE('',*,*,#3241,.F.);
#3241 = EDGE_CURVE('',#3242,#3203,#3244,.T.);
#3242 = VERTEX_POINT('',#3243);
#3243 = CARTESIAN_POINT('',(55.880671053656,119.29479067447,-4.7625));
#3244 = SURFACE_CURVE('',#3245,(#3250,#3262),.PCURVE_S1.);
#3245 = ELLIPSE('',#3246,4.76824355819,4.7625);
#3246 = AXIS2_PLACEMENT_3D('',#3247,#3248,#3249);
#3247 = CARTESIAN_POINT('',(55.880671053656,119.29479067447,0.));
#3248 = DIRECTION('',(0.831469612303,-0.55557023302,0.));
#3249 = DIRECTION('',(0.55557023302,0.831469612303,0.));
#3250 = PCURVE('',#3088,#3251);
#3251 = DEFINITIONAL_REPRESENTATION('',(#3252),#3261);
#3252 = B_SPLINE_CURVE_WITH_KNOTS('',7,(#3253,#3254,#3255,#3256,#3257,
    #3258,#3259,#3260),.UNSPECIFIED.,.F.,.F.,(8,8),(4.712388980385,
    6.28318530718),.PIECEWISE_BEZIER_KNOTS.);
#3253 = CARTESIAN_POINT('',(3.14159265359,4.486748140499));
#3254 = CARTESIAN_POINT('',(3.365992128846,4.539250127709));
#3255 = CARTESIAN_POINT('',(3.590391604102,4.59175190173));
#3256 = CARTESIAN_POINT('',(3.814791079361,4.63993704361));
#3257 = CARTESIAN_POINT('',(4.039190554614,4.679481071058));
#3258 = CARTESIAN_POINT('',(4.263590029872,4.706969534048));
#3259 = CARTESIAN_POINT('',(4.487989505128,4.720714762526));
#3260 = CARTESIAN_POINT('',(4.712388980385,4.720714762526));
#3261 = ( GEOMETRIC_REPRESENTATION_CONTEXT(2) 
PARAMETRIC_REPRESENTATION_CONTEXT() REPRESENTATION_CONTEXT('2D SPACE',''
  ) );
#3262 = PCURVE('',#3224,#3263);
#3263 = DEFINITIONAL_REPRESENTATION('',(#3264),#3273);
#3264 = B_SPLINE_CURVE_WITH_KNOTS('',7,(#3265,#3266,#3267,#3268,#3269,
    #3270,#3271,#3272),.UNSPECIFIED.,.F.,.F.,(8,8),(4.712388980385,
    6.28318530718),.PIECEWISE_BEZIER_KNOTS.);
#3265 = CARTESIAN_POINT('',(3.14159265359,-2.48689957516E-14));
#3266 = CARTESIAN_POINT('',(3.365992128846,-5.250198721042E-02));
#3267 = CARTESIAN_POINT('',(3.590391604102,-0.105003761232));
#3268 = CARTESIAN_POINT('',(3.814791079361,-0.153188903109));
#3269 = CARTESIAN_POINT('',(4.039190554614,-0.19273293056));
#3270 = CARTESIAN_POINT('',(4.263590029872,-0.220221393548));
#3271 = CARTESIAN_POINT('',(4.487989505128,-0.233966622027));
#3272 = CARTESIAN_POINT('',(4.712388980385,-0.233966622027));
#3273 = ( GEOMETRIC_REPRESENTATION_CONTEXT(2) 
PARAMETRIC_REPRESENTATION_CONTEXT() REPRESENTATION_CONTEXT('2D SPACE',''
  ) );
#3274 = ORIENTED_EDGE('',*,*,#3275,.F.);
#3275 = EDGE_CURVE('',#3181,#3242,#3276,.T.);
#3276 = SURFACE_CURVE('',#3277,(#3282,#3295),.PCURVE_S1.);
#3277 = ELLIPSE('',#3278,4.76824355819,4.7625);
#3278 = AXIS2_PLACEMENT_3D('',#3279,#3280,#3281);
#3279 = CARTESIAN_POINT('',(55.880671053656,119.29479067447,0.));
#3280 = DIRECTION('',(0.831469612303,-0.55557023302,0.));
#3281 = DIRECTION('',(0.55557023302,0.831469612303,0.));
#3282 = PCURVE('',#3088,#3283);
#3283 = DEFINITIONAL_REPRESENTATION('',(#3284),#3294);
#3284 = B_SPLINE_CURVE_WITH_KNOTS('',8,(#3285,#3286,#3287,#3288,#3289,
    #3290,#3291,#3292,#3293),.UNSPECIFIED.,.F.,.F.,(9,9),(1.570796326795
    ,4.712388980385),.PIECEWISE_BEZIER_KNOTS.);
#3285 = CARTESIAN_POINT('',(0.,4.486748140499));
#3286 = CARTESIAN_POINT('',(0.392699081699,4.394869662881));
#3287 = CARTESIAN_POINT('',(0.785398163398,4.302990452663));
#3288 = CARTESIAN_POINT('',(1.178097245089,4.23270967946));
#3289 = CARTESIAN_POINT('',(1.570796326799,4.205567394239));
#3290 = CARTESIAN_POINT('',(1.963495408489,4.232709679456));
#3291 = CARTESIAN_POINT('',(2.356194490192,4.302990452663));
#3292 = CARTESIAN_POINT('',(2.748893571891,4.394869662881));
#3293 = CARTESIAN_POINT('',(3.14159265359,4.486748140499));
#3294 = ( GEOMETRIC_REPRESENTATION_CONTEXT(2) 
PARAMETRIC_REPRESENTATION_CONTEXT() REPRESENTATION_CONTEXT('2D SPACE',''
  ) );
#3295 = PCURVE('',#3224,#3296);
#3296 = DEFINITIONAL_REPRESENTATION('',(#3297),#3307);
#3297 = B_SPLINE_CURVE_WITH_KNOTS('',8,(#3298,#3299,#3300,#3301,#3302,
    #3303,#3304,#3305,#3306),.UNSPECIFIED.,.F.,.F.,(9,9),(1.570796326795
    ,4.712388980385),.PIECEWISE_BEZIER_KNOTS.);
#3298 = CARTESIAN_POINT('',(5.967813003759E-15,-2.48689957516E-14));
#3299 = CARTESIAN_POINT('',(0.392699081699,9.187847761817E-02));
#3300 = CARTESIAN_POINT('',(0.785398163397,0.18375768783));
#3301 = CARTESIAN_POINT('',(1.178097245095,0.254038461046));
#3302 = CARTESIAN_POINT('',(1.570796326792,0.281180746234));
#3303 = CARTESIAN_POINT('',(1.963495408491,0.254038461047));
#3304 = CARTESIAN_POINT('',(2.356194490191,0.183757687831));
#3305 = CARTESIAN_POINT('',(2.748893571891,9.187847761817E-02));
#3306 = CARTESIAN_POINT('',(3.14159265359,-2.48689957516E-14));
#3307 = ( GEOMETRIC_REPRESENTATION_CONTEXT(2) 
PARAMETRIC_REPRESENTATION_CONTEXT() REPRESENTATION_CONTEXT('2D SPACE',''
  ) );
#3308 = ORIENTED_EDGE('',*,*,#3180,.F.);
#3309 = ORIENTED_EDGE('',*,*,#3139,.T.);
#3310 = ORIENTED_EDGE('',*,*,#3105,.T.);
#3311 = ORIENTED_EDGE('',*,*,#3066,.T.);
#3312 = ADVANCED_FACE('',(#3313),#3224,.T.);
#3313 = FACE_BOUND('',#3314,.T.);
#3314 = EDGE_LOOP('',(#3315,#3337,#3376,#3410,#3444,#3445,#3446,#3447));
#3315 = ORIENTED_EDGE('',*,*,#3316,.T.);
#3316 = EDGE_CURVE('',#3181,#3317,#3319,.T.);
#3317 = VERTEX_POINT('',#3318);
#3318 = CARTESIAN_POINT('',(59.484460951962,116.62203792774,4.7625));
#3319 = SEAM_CURVE('',#3320,(#3324,#3330),.PCURVE_S1.);
#3320 = LINE('',#3321,#3322);
#3321 = CARTESIAN_POINT('',(55.880671053656,119.29479067447,4.7625));
#3322 = VECTOR('',#3323,1.);
#3323 = DIRECTION('',(0.803207531481,-0.595699304492,0.));
#3324 = PCURVE('',#3224,#3325);
#3325 = DEFINITIONAL_REPRESENTATION('',(#3326),#3329);
#3326 = B_SPLINE_CURVE_WITH_KNOTS('',1,(#3327,#3328),.UNSPECIFIED.,.F.,
  .F.,(2,2),(-1.296403199132,5.783151339631),.PIECEWISE_BEZIER_KNOTS.);
#3327 = CARTESIAN_POINT('',(6.28318530718,-1.296403199132));
#3328 = CARTESIAN_POINT('',(6.28318530718,5.783151339631));
#3329 = ( GEOMETRIC_REPRESENTATION_CONTEXT(2) 
PARAMETRIC_REPRESENTATION_CONTEXT() REPRESENTATION_CONTEXT('2D SPACE',''
  ) );
#3330 = PCURVE('',#3224,#3331);
#3331 = DEFINITIONAL_REPRESENTATION('',(#3332),#3336);
#3332 = LINE('',#3333,#3334);
#3333 = CARTESIAN_POINT('',(0.,0.));
#3334 = VECTOR('',#3335,1.);
#3335 = DIRECTION('',(0.,1.));
#3336 = ( GEOMETRIC_REPRESENTATION_CONTEXT(2) 
PARAMETRIC_REPRESENTATION_CONTEXT() REPRESENTATION_CONTEXT('2D SPACE',''
  ) );
#3337 = ORIENTED_EDGE('',*,*,#3338,.F.);
#3338 = EDGE_CURVE('',#3339,#3317,#3341,.T.);
#3339 = VERTEX_POINT('',#3340);
#3340 = CARTESIAN_POINT('',(62.509402642534,120.3079400424,
    -5.832380380939E-16));
#3341 = SURFACE_CURVE('',#3342,(#3347,#3359),.PCURVE_S1.);
#3342 = ELLIPSE('',#3343,4.76824355819,4.7625);
#3343 = AXIS2_PLACEMENT_3D('',#3344,#3345,#3346);
#3344 = CARTESIAN_POINT('',(59.484460951962,116.62203792774,0.));
#3345 = DIRECTION('',(0.773010453363,-0.634393284164,0.));
#3346 = DIRECTION('',(0.634393284164,0.773010453363,0.));
#3347 = PCURVE('',#3224,#3348);
#3348 = DEFINITIONAL_REPRESENTATION('',(#3349),#3358);
#3349 = B_SPLINE_CURVE_WITH_KNOTS('',7,(#3350,#3351,#3352,#3353,#3354,
    #3355,#3356,#3357),.UNSPECIFIED.,.F.,.F.,(8,8),(0.,1.570796326795),
  .PIECEWISE_BEZIER_KNOTS.);
#3350 = CARTESIAN_POINT('',(4.712388980385,4.720714762526));
#3351 = CARTESIAN_POINT('',(4.936788455641,4.720714762526));
#3352 = CARTESIAN_POINT('',(5.161187930898,4.706969534047));
#3353 = CARTESIAN_POINT('',(5.385587406154,4.679481071059));
#3354 = CARTESIAN_POINT('',(5.60998688141,4.63993704361));
#3355 = CARTESIAN_POINT('',(5.834386356667,4.591751901731));
#3356 = CARTESIAN_POINT('',(6.058785831923,4.53925012771));
#3357 = CARTESIAN_POINT('',(6.28318530718,4.486748140499));
#3358 = ( GEOMETRIC_REPRESENTATION_CONTEXT(2) 
PARAMETRIC_REPRESENTATION_CONTEXT() REPRESENTATION_CONTEXT('2D SPACE',''
  ) );
#3359 = PCURVE('',#3360,#3365);
#3360 = CYLINDRICAL_SURFACE('',#3361,4.7625);
#3361 = AXIS2_PLACEMENT_3D('',#3362,#3363,#3364);
#3362 = CARTESIAN_POINT('',(59.484460951962,116.62203792774,0.));
#3363 = DIRECTION('',(0.740951125355,-0.671558954847,0.));
#3364 = DIRECTION('',(7.455802140644E-17,8.22620999491E-17,1.));
#3365 = DEFINITIONAL_REPRESENTATION('',(#3366),#3375);
#3366 = B_SPLINE_CURVE_WITH_KNOTS('',7,(#3367,#3368,#3369,#3370,#3371,
    #3372,#3373,#3374),.UNSPECIFIED.,.F.,.F.,(8,8),(0.,1.570796326795),
  .PIECEWISE_BEZIER_KNOTS.);
#3367 = CARTESIAN_POINT('',(4.712388980385,-0.233966622027));
#3368 = CARTESIAN_POINT('',(4.936788455641,-0.233966622027));
#3369 = CARTESIAN_POINT('',(5.161187930898,-0.220221393548));
#3370 = CARTESIAN_POINT('',(5.385587406153,-0.192732930559));
#3371 = CARTESIAN_POINT('',(5.609986881413,-0.153188903109));
#3372 = CARTESIAN_POINT('',(5.834386356666,-0.105003761232));
#3373 = CARTESIAN_POINT('',(6.058785831923,-5.25019872102E-02));
#3374 = CARTESIAN_POINT('',(6.28318530718,1.918465386552E-13));
#3375 = ( GEOMETRIC_REPRESENTATION_CONTEXT(2) 
PARAMETRIC_REPRESENTATION_CONTEXT() REPRESENTATION_CONTEXT('2D SPACE',''
  ) );
#3376 = ORIENTED_EDGE('',*,*,#3377,.F.);
#3377 = EDGE_CURVE('',#3378,#3339,#3380,.T.);
#3378 = VERTEX_POINT('',#3379);
#3379 = CARTESIAN_POINT('',(59.484460951962,116.62203792774,-4.7625));
#3380 = SURFACE_CURVE('',#3381,(#3386,#3398),.PCURVE_S1.);
#3381 = ELLIPSE('',#3382,4.76824355819,4.7625);
#3382 = AXIS2_PLACEMENT_3D('',#3383,#3384,#3385);
#3383 = CARTESIAN_POINT('',(59.484460951962,116.62203792774,0.));
#3384 = DIRECTION('',(0.773010453363,-0.634393284164,0.));
#3385 = DIRECTION('',(0.634393284164,0.773010453363,0.));
#3386 = PCURVE('',#3224,#3387);
#3387 = DEFINITIONAL_REPRESENTATION('',(#3388),#3397);
#3388 = B_SPLINE_CURVE_WITH_KNOTS('',7,(#3389,#3390,#3391,#3392,#3393,
    #3394,#3395,#3396),.UNSPECIFIED.,.F.,.F.,(8,8),(4.712388980385,
    6.28318530718),.PIECEWISE_BEZIER_KNOTS.);
#3389 = CARTESIAN_POINT('',(3.14159265359,4.486748140499));
#3390 = CARTESIAN_POINT('',(3.365992128846,4.53925012771));
#3391 = CARTESIAN_POINT('',(3.590391604102,4.591751901731));
#3392 = CARTESIAN_POINT('',(3.81479107936,4.63993704361));
#3393 = CARTESIAN_POINT('',(4.039190554615,4.679481071058));
#3394 = CARTESIAN_POINT('',(4.263590029872,4.706969534048));
#3395 = CARTESIAN_POINT('',(4.487989505128,4.720714762526));
#3396 = CARTESIAN_POINT('',(4.712388980385,4.720714762526));
#3397 = ( GEOMETRIC_REPRESENTATION_CONTEXT(2) 
PARAMETRIC_REPRESENTATION_CONTEXT() REPRESENTATION_CONTEXT('2D SPACE',''
  ) );
#3398 = PCURVE('',#3360,#3399);
#3399 = DEFINITIONAL_REPRESENTATION('',(#3400),#3409);
#3400 = B_SPLINE_CURVE_WITH_KNOTS('',7,(#3401,#3402,#3403,#3404,#3405,
    #3406,#3407,#3408),.UNSPECIFIED.,.F.,.F.,(8,8),(4.712388980385,
    6.28318530718),.PIECEWISE_BEZIER_KNOTS.);
#3401 = CARTESIAN_POINT('',(3.14159265359,1.918465386552E-13));
#3402 = CARTESIAN_POINT('',(3.365992128846,-5.25019872102E-02));
#3403 = CARTESIAN_POINT('',(3.590391604102,-0.105003761231));
#3404 = CARTESIAN_POINT('',(3.814791079361,-0.153188903109));
#3405 = CARTESIAN_POINT('',(4.039190554614,-0.192732930559));
#3406 = CARTESIAN_POINT('',(4.263590029872,-0.220221393548));
#3407 = CARTESIAN_POINT('',(4.487989505128,-0.233966622027));
#3408 = CARTESIAN_POINT('',(4.712388980385,-0.233966622027));
#3409 = ( GEOMETRIC_REPRESENTATION_CONTEXT(2) 
PARAMETRIC_REPRESENTATION_CONTEXT() REPRESENTATION_CONTEXT('2D SPACE',''
  ) );
#3410 = ORIENTED_EDGE('',*,*,#3411,.F.);
#3411 = EDGE_CURVE('',#3317,#3378,#3412,.T.);
#3412 = SURFACE_CURVE('',#3413,(#3418,#3431),.PCURVE_S1.);
#3413 = ELLIPSE('',#3414,4.76824355819,4.7625);
#3414 = AXIS2_PLACEMENT_3D('',#3415,#3416,#3417);
#3415 = CARTESIAN_POINT('',(59.484460951962,116.62203792774,0.));
#3416 = DIRECTION('',(0.773010453363,-0.634393284164,0.));
#3417 = DIRECTION('',(0.634393284164,0.773010453363,0.));
#3418 = PCURVE('',#3224,#3419);
#3419 = DEFINITIONAL_REPRESENTATION('',(#3420),#3430);
#3420 = B_SPLINE_CURVE_WITH_KNOTS('',8,(#3421,#3422,#3423,#3424,#3425,
    #3426,#3427,#3428,#3429),.UNSPECIFIED.,.F.,.F.,(9,9),(1.570796326795
    ,4.712388980385),.PIECEWISE_BEZIER_KNOTS.);
#3421 = CARTESIAN_POINT('',(0.,4.486748140499));
#3422 = CARTESIAN_POINT('',(0.392699081699,4.394869662881));
#3423 = CARTESIAN_POINT('',(0.785398163396,4.302990452668));
#3424 = CARTESIAN_POINT('',(1.178097245097,4.232709679444));
#3425 = CARTESIAN_POINT('',(1.570796326787,4.205567394268));
#3426 = CARTESIAN_POINT('',(1.963495408494,4.232709679447));
#3427 = CARTESIAN_POINT('',(2.356194490191,4.302990452669));
#3428 = CARTESIAN_POINT('',(2.748893571891,4.394869662881));
#3429 = CARTESIAN_POINT('',(3.14159265359,4.486748140499));
#3430 = ( GEOMETRIC_REPRESENTATION_CONTEXT(2) 
PARAMETRIC_REPRESENTATION_CONTEXT() REPRESENTATION_CONTEXT('2D SPACE',''
  ) );
#3431 = PCURVE('',#3360,#3432);
#3432 = DEFINITIONAL_REPRESENTATION('',(#3433),#3443);
#3433 = B_SPLINE_CURVE_WITH_KNOTS('',8,(#3434,#3435,#3436,#3437,#3438,
    #3439,#3440,#3441,#3442),.UNSPECIFIED.,.F.,.F.,(9,9),(1.570796326795
    ,4.712388980385),.PIECEWISE_BEZIER_KNOTS.);
#3434 = CARTESIAN_POINT('',(-2.6645352591E-15,1.918465386552E-13));
#3435 = CARTESIAN_POINT('',(0.392699081699,9.187847761837E-02));
#3436 = CARTESIAN_POINT('',(0.785398163397,0.183757687831));
#3437 = CARTESIAN_POINT('',(1.178097245093,0.254038461046));
#3438 = CARTESIAN_POINT('',(1.570796326796,0.281180746236));
#3439 = CARTESIAN_POINT('',(1.963495408494,0.254038461046));
#3440 = CARTESIAN_POINT('',(2.356194490192,0.183757687831));
#3441 = CARTESIAN_POINT('',(2.748893571891,9.187847761837E-02));
#3442 = CARTESIAN_POINT('',(3.14159265359,1.918465386552E-13));
#3443 = ( GEOMETRIC_REPRESENTATION_CONTEXT(2) 
PARAMETRIC_REPRESENTATION_CONTEXT() REPRESENTATION_CONTEXT('2D SPACE',''
  ) );
#3444 = ORIENTED_EDGE('',*,*,#3316,.F.);
#3445 = ORIENTED_EDGE('',*,*,#3275,.T.);
#3446 = ORIENTED_EDGE('',*,*,#3241,.T.);
#3447 = ORIENTED_EDGE('',*,*,#3202,.T.);
#3448 = ADVANCED_FACE('',(#3449),#3360,.T.);
#3449 = FACE_BOUND('',#3450,.T.);
#3450 = EDGE_LOOP('',(#3451,#3473,#3512,#3546,#3580,#3581,#3582,#3583));
#3451 = ORIENTED_EDGE('',*,*,#3452,.T.);
#3452 = EDGE_CURVE('',#3317,#3453,#3455,.T.);
#3453 = VERTEX_POINT('',#3454);
#3454 = CARTESIAN_POINT('',(62.808922035849,113.60892203584,4.7625));
#3455 = SEAM_CURVE('',#3456,(#3460,#3466),.PCURVE_S1.);
#3456 = LINE('',#3457,#3458);
#3457 = CARTESIAN_POINT('',(59.484460951962,116.62203792774,4.7625));
#3458 = VECTOR('',#3459,1.);
#3459 = DIRECTION('',(0.740951125355,-0.671558954847,0.));
#3460 = PCURVE('',#3360,#3461);
#3461 = DEFINITIONAL_REPRESENTATION('',(#3462),#3465);
#3462 = B_SPLINE_CURVE_WITH_KNOTS('',1,(#3463,#3464),.UNSPECIFIED.,.F.,
  .F.,(2,2),(-1.296403199132,5.783151339631),.PIECEWISE_BEZIER_KNOTS.);
#3463 = CARTESIAN_POINT('',(6.28318530718,-1.296403199132));
#3464 = CARTESIAN_POINT('',(6.28318530718,5.783151339631));
#3465 = ( GEOMETRIC_REPRESENTATION_CONTEXT(2) 
PARAMETRIC_REPRESENTATION_CONTEXT() REPRESENTATION_CONTEXT('2D SPACE',''
  ) );
#3466 = PCURVE('',#3360,#3467);
#3467 = DEFINITIONAL_REPRESENTATION('',(#3468),#3472);
#3468 = LINE('',#3469,#3470);
#3469 = CARTESIAN_POINT('',(0.,0.));
#3470 = VECTOR('',#3471,1.);
#3471 = DIRECTION('',(0.,1.));
#3472 = ( GEOMETRIC_REPRESENTATION_CONTEXT(2) 
PARAMETRIC_REPRESENTATION_CONTEXT() REPRESENTATION_CONTEXT('2D SPACE',''
  ) );
#3473 = ORIENTED_EDGE('',*,*,#3474,.F.);
#3474 = EDGE_CURVE('',#3475,#3453,#3477,.T.);
#3475 = VERTEX_POINT('',#3476);
#3476 = CARTESIAN_POINT('',(66.180579390194,116.98057939019,
    -5.832380380939E-16));
#3477 = SURFACE_CURVE('',#3478,(#3483,#3495),.PCURVE_S1.);
#3478 = ELLIPSE('',#3479,4.76824355819,4.7625);
#3479 = AXIS2_PLACEMENT_3D('',#3480,#3481,#3482);
#3480 = CARTESIAN_POINT('',(62.808922035849,113.60892203584,0.));
#3481 = DIRECTION('',(0.707106781187,-0.707106781187,0.));
#3482 = DIRECTION('',(0.707106781187,0.707106781187,0.));
#3483 = PCURVE('',#3360,#3484);
#3484 = DEFINITIONAL_REPRESENTATION('',(#3485),#3494);
#3485 = B_SPLINE_CURVE_WITH_KNOTS('',7,(#3486,#3487,#3488,#3489,#3490,
    #3491,#3492,#3493),.UNSPECIFIED.,.F.,.F.,(8,8),(0.,1.570796326795),
  .PIECEWISE_BEZIER_KNOTS.);
#3486 = CARTESIAN_POINT('',(4.712388980385,4.720714762526));
#3487 = CARTESIAN_POINT('',(4.936788455641,4.720714762526));
#3488 = CARTESIAN_POINT('',(5.161187930898,4.706969534048));
#3489 = CARTESIAN_POINT('',(5.385587406154,4.679481071058));
#3490 = CARTESIAN_POINT('',(5.609986881411,4.639937043611));
#3491 = CARTESIAN_POINT('',(5.834386356667,4.59175190173));
#3492 = CARTESIAN_POINT('',(6.058785831923,4.539250127709));
#3493 = CARTESIAN_POINT('',(6.28318530718,4.486748140499));
#3494 = ( GEOMETRIC_REPRESENTATION_CONTEXT(2) 
PARAMETRIC_REPRESENTATION_CONTEXT() REPRESENTATION_CONTEXT('2D SPACE',''
  ) );
#3495 = PCURVE('',#3496,#3501);
#3496 = CYLINDRICAL_SURFACE('',#3497,4.7625);
#3497 = AXIS2_PLACEMENT_3D('',#3498,#3499,#3500);
#3498 = CARTESIAN_POINT('',(62.808922035849,113.60892203584,0.));
#3499 = DIRECTION('',(0.671558954847,-0.740951125355,0.));
#3500 = DIRECTION('',(-8.22620999491E-17,-7.455802140644E-17,1.));
#3501 = DEFINITIONAL_REPRESENTATION('',(#3502),#3511);
#3502 = B_SPLINE_CURVE_WITH_KNOTS('',7,(#3503,#3504,#3505,#3506,#3507,
    #3508,#3509,#3510),.UNSPECIFIED.,.F.,.F.,(8,8),(0.,1.570796326795),
  .PIECEWISE_BEZIER_KNOTS.);
#3503 = CARTESIAN_POINT('',(4.712388980385,-0.233966622027));
#3504 = CARTESIAN_POINT('',(4.936788455641,-0.233966622027));
#3505 = CARTESIAN_POINT('',(5.161187930898,-0.220221393548));
#3506 = CARTESIAN_POINT('',(5.385587406154,-0.19273293056));
#3507 = CARTESIAN_POINT('',(5.60998688141,-0.153188903109));
#3508 = CARTESIAN_POINT('',(5.834386356667,-0.105003761232));
#3509 = CARTESIAN_POINT('',(6.058785831923,-5.250198721044E-02));
#3510 = CARTESIAN_POINT('',(6.28318530718,-4.973799150321E-14));
#3511 = ( GEOMETRIC_REPRESENTATION_CONTEXT(2) 
PARAMETRIC_REPRESENTATION_CONTEXT() REPRESENTATION_CONTEXT('2D SPACE',''
  ) );
#3512 = ORIENTED_EDGE('',*,*,#3513,.F.);
#3513 = EDGE_CURVE('',#3514,#3475,#3516,.T.);
#3514 = VERTEX_POINT('',#3515);
#3515 = CARTESIAN_POINT('',(62.808922035849,113.60892203584,-4.7625));
#3516 = SURFACE_CURVE('',#3517,(#3522,#3534),.PCURVE_S1.);
#3517 = ELLIPSE('',#3518,4.76824355819,4.7625);
#3518 = AXIS2_PLACEMENT_3D('',#3519,#3520,#3521);
#3519 = CARTESIAN_POINT('',(62.808922035849,113.60892203584,0.));
#3520 = DIRECTION('',(0.707106781187,-0.707106781187,0.));
#3521 = DIRECTION('',(0.707106781187,0.707106781187,0.));
#3522 = PCURVE('',#3360,#3523);
#3523 = DEFINITIONAL_REPRESENTATION('',(#3524),#3533);
#3524 = B_SPLINE_CURVE_WITH_KNOTS('',7,(#3525,#3526,#3527,#3528,#3529,
    #3530,#3531,#3532),.UNSPECIFIED.,.F.,.F.,(8,8),(4.712388980385,
    6.28318530718),.PIECEWISE_BEZIER_KNOTS.);
#3525 = CARTESIAN_POINT('',(3.14159265359,4.486748140499));
#3526 = CARTESIAN_POINT('',(3.365992128846,4.539250127709));
#3527 = CARTESIAN_POINT('',(3.590391604102,4.591751901731));
#3528 = CARTESIAN_POINT('',(3.814791079361,4.639937043609));
#3529 = CARTESIAN_POINT('',(4.039190554614,4.679481071058));
#3530 = CARTESIAN_POINT('',(4.263590029872,4.706969534047));
#3531 = CARTESIAN_POINT('',(4.487989505128,4.720714762526));
#3532 = CARTESIAN_POINT('',(4.712388980385,4.720714762526));
#3533 = ( GEOMETRIC_REPRESENTATION_CONTEXT(2) 
PARAMETRIC_REPRESENTATION_CONTEXT() REPRESENTATION_CONTEXT('2D SPACE',''
  ) );
#3534 = PCURVE('',#3496,#3535);
#3535 = DEFINITIONAL_REPRESENTATION('',(#3536),#3545);
#3536 = B_SPLINE_CURVE_WITH_KNOTS('',7,(#3537,#3538,#3539,#3540,#3541,
    #3542,#3543,#3544),.UNSPECIFIED.,.F.,.F.,(8,8),(4.712388980385,
    6.28318530718),.PIECEWISE_BEZIER_KNOTS.);
#3537 = CARTESIAN_POINT('',(3.14159265359,-4.973799150321E-14));
#3538 = CARTESIAN_POINT('',(3.365992128846,-5.250198721044E-02));
#3539 = CARTESIAN_POINT('',(3.590391604102,-0.105003761232));
#3540 = CARTESIAN_POINT('',(3.814791079361,-0.153188903109));
#3541 = CARTESIAN_POINT('',(4.039190554614,-0.19273293056));
#3542 = CARTESIAN_POINT('',(4.263590029872,-0.220221393548));
#3543 = CARTESIAN_POINT('',(4.487989505128,-0.233966622027));
#3544 = CARTESIAN_POINT('',(4.712388980385,-0.233966622027));
#3545 = ( GEOMETRIC_REPRESENTATION_CONTEXT(2) 
PARAMETRIC_REPRESENTATION_CONTEXT() REPRESENTATION_CONTEXT('2D SPACE',''
  ) );
#3546 = ORIENTED_EDGE('',*,*,#3547,.F.);
#3547 = EDGE_CURVE('',#3453,#3514,#3548,.T.);
#3548 = SURFACE_CURVE('',#3549,(#3554,#3567),.PCURVE_S1.);
#3549 = ELLIPSE('',#3550,4.76824355819,4.7625);
#3550 = AXIS2_PLACEMENT_3D('',#3551,#3552,#3553);
#3551 = CARTESIAN_POINT('',(62.808922035849,113.60892203584,0.));
#3552 = DIRECTION('',(0.707106781187,-0.707106781187,0.));
#3553 = DIRECTION('',(0.707106781187,0.707106781187,0.));
#3554 = PCURVE('',#3360,#3555);
#3555 = DEFINITIONAL_REPRESENTATION('',(#3556),#3566);
#3556 = B_SPLINE_CURVE_WITH_KNOTS('',8,(#3557,#3558,#3559,#3560,#3561,
    #3562,#3563,#3564,#3565),.UNSPECIFIED.,.F.,.F.,(9,9),(1.570796326795
    ,4.712388980385),.PIECEWISE_BEZIER_KNOTS.);
#3557 = CARTESIAN_POINT('',(0.,4.486748140499));
#3558 = CARTESIAN_POINT('',(0.392699081699,4.394869662881));
#3559 = CARTESIAN_POINT('',(0.785398163397,4.302990452667));
#3560 = CARTESIAN_POINT('',(1.178097245093,4.232709679441));
#3561 = CARTESIAN_POINT('',(1.570796326795,4.20556739426));
#3562 = CARTESIAN_POINT('',(1.963495408493,4.232709679449));
#3563 = CARTESIAN_POINT('',(2.356194490192,4.302990452667));
#3564 = CARTESIAN_POINT('',(2.748893571891,4.394869662881));
#3565 = CARTESIAN_POINT('',(3.14159265359,4.486748140499));
#3566 = ( GEOMETRIC_REPRESENTATION_CONTEXT(2) 
PARAMETRIC_REPRESENTATION_CONTEXT() REPRESENTATION_CONTEXT('2D SPACE',''
  ) );
#3567 = PCURVE('',#3496,#3568);
#3568 = DEFINITIONAL_REPRESENTATION('',(#3569),#3579);
#3569 = B_SPLINE_CURVE_WITH_KNOTS('',8,(#3570,#3571,#3572,#3573,#3574,
    #3575,#3576,#3577,#3578),.UNSPECIFIED.,.F.,.F.,(9,9),(1.570796326795
    ,4.712388980385),.PIECEWISE_BEZIER_KNOTS.);
#3570 = CARTESIAN_POINT('',(0.,-4.973799150321E-14));
#3571 = CARTESIAN_POINT('',(0.392699081699,9.187847761814E-02));
#3572 = CARTESIAN_POINT('',(0.785398163397,0.183757687831));
#3573 = CARTESIAN_POINT('',(1.178097245092,0.254038461046));
#3574 = CARTESIAN_POINT('',(1.570796326793,0.281180746235));
#3575 = CARTESIAN_POINT('',(1.963495408493,0.254038461046));
#3576 = CARTESIAN_POINT('',(2.356194490192,0.183757687831));
#3577 = CARTESIAN_POINT('',(2.748893571891,9.187847761814E-02));
#3578 = CARTESIAN_POINT('',(3.14159265359,-4.973799150321E-14));
#3579 = ( GEOMETRIC_REPRESENTATION_CONTEXT(2) 
PARAMETRIC_REPRESENTATION_CONTEXT() REPRESENTATION_CONTEXT('2D SPACE',''
  ) );
#3580 = ORIENTED_EDGE('',*,*,#3452,.F.);
#3581 = ORIENTED_EDGE('',*,*,#3411,.T.);
#3582 = ORIENTED_EDGE('',*,*,#3377,.T.);
#3583 = ORIENTED_EDGE('',*,*,#3338,.T.);
#3584 = ADVANCED_FACE('',(#3585),#3496,.T.);
#3585 = FACE_BOUND('',#3586,.T.);
#3586 = EDGE_LOOP('',(#3587,#3609,#3648,#3682,#3716,#3717,#3718,#3719));
#3587 = ORIENTED_EDGE('',*,*,#3588,.T.);
#3588 = EDGE_CURVE('',#3453,#3589,#3591,.T.);
#3589 = VERTEX_POINT('',#3590);
#3590 = CARTESIAN_POINT('',(65.822037927744,110.28446095196,4.7625));
#3591 = SEAM_CURVE('',#3592,(#3596,#3602),.PCURVE_S1.);
#3592 = LINE('',#3593,#3594);
#3593 = CARTESIAN_POINT('',(62.808922035849,113.60892203584,4.7625));
#3594 = VECTOR('',#3595,1.);
#3595 = DIRECTION('',(0.671558954847,-0.740951125355,0.));
#3596 = PCURVE('',#3496,#3597);
#3597 = DEFINITIONAL_REPRESENTATION('',(#3598),#3601);
#3598 = B_SPLINE_CURVE_WITH_KNOTS('',1,(#3599,#3600),.UNSPECIFIED.,.F.,
  .F.,(2,2),(-1.296403199132,5.783151339631),.PIECEWISE_BEZIER_KNOTS.);
#3599 = CARTESIAN_POINT('',(6.28318530718,-1.296403199132));
#3600 = CARTESIAN_POINT('',(6.28318530718,5.783151339631));
#3601 = ( GEOMETRIC_REPRESENTATION_CONTEXT(2) 
PARAMETRIC_REPRESENTATION_CONTEXT() REPRESENTATION_CONTEXT('2D SPACE',''
  ) );
#3602 = PCURVE('',#3496,#3603);
#3603 = DEFINITIONAL_REPRESENTATION('',(#3604),#3608);
#3604 = LINE('',#3605,#3606);
#3605 = CARTESIAN_POINT('',(0.,0.));
#3606 = VECTOR('',#3607,1.);
#3607 = DIRECTION('',(0.,1.));
#3608 = ( GEOMETRIC_REPRESENTATION_CONTEXT(2) 
PARAMETRIC_REPRESENTATION_CONTEXT() REPRESENTATION_CONTEXT('2D SPACE',''
  ) );
#3609 = ORIENTED_EDGE('',*,*,#3610,.F.);
#3610 = EDGE_CURVE('',#3611,#3589,#3613,.T.);
#3611 = VERTEX_POINT('',#3612);
#3612 = CARTESIAN_POINT('',(69.507940042405,113.30940264253,
    -5.832380380939E-16));
#3613 = SURFACE_CURVE('',#3614,(#3619,#3631),.PCURVE_S1.);
#3614 = ELLIPSE('',#3615,4.76824355819,4.7625);
#3615 = AXIS2_PLACEMENT_3D('',#3616,#3617,#3618);
#3616 = CARTESIAN_POINT('',(65.822037927744,110.28446095196,0.));
#3617 = DIRECTION('',(0.634393284164,-0.773010453363,0.));
#3618 = DIRECTION('',(0.773010453363,0.634393284164,0.));
#3619 = PCURVE('',#3496,#3620);
#3620 = DEFINITIONAL_REPRESENTATION('',(#3621),#3630);
#3621 = B_SPLINE_CURVE_WITH_KNOTS('',7,(#3622,#3623,#3624,#3625,#3626,
    #3627,#3628,#3629),.UNSPECIFIED.,.F.,.F.,(8,8),(0.,1.570796326795),
  .PIECEWISE_BEZIER_KNOTS.);
#3622 = CARTESIAN_POINT('',(4.712388980385,4.720714762526));
#3623 = CARTESIAN_POINT('',(4.936788455641,4.720714762526));
#3624 = CARTESIAN_POINT('',(5.161187930897,4.706969534047));
#3625 = CARTESIAN_POINT('',(5.385587406154,4.67948107106));
#3626 = CARTESIAN_POINT('',(5.60998688141,4.639937043608));
#3627 = CARTESIAN_POINT('',(5.834386356667,4.591751901731));
#3628 = CARTESIAN_POINT('',(6.058785831923,4.539250127709));
#3629 = CARTESIAN_POINT('',(6.28318530718,4.486748140499));
#3630 = ( GEOMETRIC_REPRESENTATION_CONTEXT(2) 
PARAMETRIC_REPRESENTATION_CONTEXT() REPRESENTATION_CONTEXT('2D SPACE',''
  ) );
#3631 = PCURVE('',#3632,#3637);
#3632 = CYLINDRICAL_SURFACE('',#3633,4.7625);
#3633 = AXIS2_PLACEMENT_3D('',#3634,#3635,#3636);
#3634 = CARTESIAN_POINT('',(65.822037927744,110.28446095196,0.));
#3635 = DIRECTION('',(0.595699304492,-0.803207531481,0.));
#3636 = DIRECTION('',(-8.917394950022E-17,-6.613590836007E-17,1.));
#3637 = DEFINITIONAL_REPRESENTATION('',(#3638),#3647);
#3638 = B_SPLINE_CURVE_WITH_KNOTS('',7,(#3639,#3640,#3641,#3642,#3643,
    #3644,#3645,#3646),.UNSPECIFIED.,.F.,.F.,(8,8),(0.,1.570796326795),
  .PIECEWISE_BEZIER_KNOTS.);
#3639 = CARTESIAN_POINT('',(4.712388980385,-0.233966622027));
#3640 = CARTESIAN_POINT('',(4.936788455641,-0.233966622027));
#3641 = CARTESIAN_POINT('',(5.161187930898,-0.220221393548));
#3642 = CARTESIAN_POINT('',(5.385587406154,-0.19273293056));
#3643 = CARTESIAN_POINT('',(5.60998688141,-0.153188903109));
#3644 = CARTESIAN_POINT('',(5.834386356667,-0.105003761232));
#3645 = CARTESIAN_POINT('',(6.058785831923,-5.250198721069E-02));
#3646 = CARTESIAN_POINT('',(6.28318530718,-2.913225216616E-13));
#3647 = ( GEOMETRIC_REPRESENTATION_CONTEXT(2) 
PARAMETRIC_REPRESENTATION_CONTEXT() REPRESENTATION_CONTEXT('2D SPACE',''
  ) );
#3648 = ORIENTED_EDGE('',*,*,#3649,.F.);
#3649 = EDGE_CURVE('',#3650,#3611,#3652,.T.);
#3650 = VERTEX_POINT('',#3651);
#3651 = CARTESIAN_POINT('',(65.822037927744,110.28446095196,-4.7625));
#3652 = SURFACE_CURVE('',#3653,(#3658,#3670),.PCURVE_S1.);
#3653 = ELLIPSE('',#3654,4.76824355819,4.7625);
#3654 = AXIS2_PLACEMENT_3D('',#3655,#3656,#3657);
#3655 = CARTESIAN_POINT('',(65.822037927744,110.28446095196,0.));
#3656 = DIRECTION('',(0.634393284164,-0.773010453363,0.));
#3657 = DIRECTION('',(0.773010453363,0.634393284164,0.));
#3658 = PCURVE('',#3496,#3659);
#3659 = DEFINITIONAL_REPRESENTATION('',(#3660),#3669);
#3660 = B_SPLINE_CURVE_WITH_KNOTS('',7,(#3661,#3662,#3663,#3664,#3665,
    #3666,#3667,#3668),.UNSPECIFIED.,.F.,.F.,(8,8),(4.712388980385,
    6.28318530718),.PIECEWISE_BEZIER_KNOTS.);
#3661 = CARTESIAN_POINT('',(3.14159265359,4.486748140499));
#3662 = CARTESIAN_POINT('',(3.365992128846,4.539250127709));
#3663 = CARTESIAN_POINT('',(3.590391604102,4.59175190173));
#3664 = CARTESIAN_POINT('',(3.81479107936,4.639937043611));
#3665 = CARTESIAN_POINT('',(4.039190554615,4.679481071056));
#3666 = CARTESIAN_POINT('',(4.263590029872,4.706969534048));
#3667 = CARTESIAN_POINT('',(4.487989505128,4.720714762526));
#3668 = CARTESIAN_POINT('',(4.712388980385,4.720714762526));
#3669 = ( GEOMETRIC_REPRESENTATION_CONTEXT(2) 
PARAMETRIC_REPRESENTATION_CONTEXT() REPRESENTATION_CONTEXT('2D SPACE',''
  ) );
#3670 = PCURVE('',#3632,#3671);
#3671 = DEFINITIONAL_REPRESENTATION('',(#3672),#3681);
#3672 = B_SPLINE_CURVE_WITH_KNOTS('',7,(#3673,#3674,#3675,#3676,#3677,
    #3678,#3679,#3680),.UNSPECIFIED.,.F.,.F.,(8,8),(4.712388980385,
    6.28318530718),.PIECEWISE_BEZIER_KNOTS.);
#3673 = CARTESIAN_POINT('',(3.14159265359,-2.913225216616E-13));
#3674 = CARTESIAN_POINT('',(3.365992128846,-5.250198721069E-02));
#3675 = CARTESIAN_POINT('',(3.590391604103,-0.105003761232));
#3676 = CARTESIAN_POINT('',(3.814791079359,-0.153188903109));
#3677 = CARTESIAN_POINT('',(4.039190554615,-0.192732930561));
#3678 = CARTESIAN_POINT('',(4.263590029872,-0.220221393548));
#3679 = CARTESIAN_POINT('',(4.487989505128,-0.233966622027));
#3680 = CARTESIAN_POINT('',(4.712388980385,-0.233966622027));
#3681 = ( GEOMETRIC_REPRESENTATION_CONTEXT(2) 
PARAMETRIC_REPRESENTATION_CONTEXT() REPRESENTATION_CONTEXT('2D SPACE',''
  ) );
#3682 = ORIENTED_EDGE('',*,*,#3683,.F.);
#3683 = EDGE_CURVE('',#3589,#3650,#3684,.T.);
#3684 = SURFACE_CURVE('',#3685,(#3690,#3703),.PCURVE_S1.);
#3685 = ELLIPSE('',#3686,4.76824355819,4.7625);
#3686 = AXIS2_PLACEMENT_3D('',#3687,#3688,#3689);
#3687 = CARTESIAN_POINT('',(65.822037927744,110.28446095196,0.));
#3688 = DIRECTION('',(0.634393284164,-0.773010453363,0.));
#3689 = DIRECTION('',(0.773010453363,0.634393284164,0.));
#3690 = PCURVE('',#3496,#3691);
#3691 = DEFINITIONAL_REPRESENTATION('',(#3692),#3702);
#3692 = B_SPLINE_CURVE_WITH_KNOTS('',8,(#3693,#3694,#3695,#3696,#3697,
    #3698,#3699,#3700,#3701),.UNSPECIFIED.,.F.,.F.,(9,9),(1.570796326795
    ,4.712388980385),.PIECEWISE_BEZIER_KNOTS.);
#3693 = CARTESIAN_POINT('',(0.,4.486748140499));
#3694 = CARTESIAN_POINT('',(0.392699081699,4.394869662881));
#3695 = CARTESIAN_POINT('',(0.785398163396,4.302990452666));
#3696 = CARTESIAN_POINT('',(1.178097245094,4.232709679451));
#3697 = CARTESIAN_POINT('',(1.570796326793,4.205567394257));
#3698 = CARTESIAN_POINT('',(1.963495408493,4.232709679446));
#3699 = CARTESIAN_POINT('',(2.356194490191,4.302990452666));
#3700 = CARTESIAN_POINT('',(2.748893571891,4.394869662881));
#3701 = CARTESIAN_POINT('',(3.14159265359,4.486748140499));
#3702 = ( GEOMETRIC_REPRESENTATION_CONTEXT(2) 
PARAMETRIC_REPRESENTATION_CONTEXT() REPRESENTATION_CONTEXT('2D SPACE',''
  ) );
#3703 = PCURVE('',#3632,#3704);
#3704 = DEFINITIONAL_REPRESENTATION('',(#3705),#3715);
#3705 = B_SPLINE_CURVE_WITH_KNOTS('',8,(#3706,#3707,#3708,#3709,#3710,
    #3711,#3712,#3713,#3714),.UNSPECIFIED.,.F.,.F.,(9,9),(1.570796326795
    ,4.712388980385),.PIECEWISE_BEZIER_KNOTS.);
#3706 = CARTESIAN_POINT('',(0.,-2.913225216616E-13));
#3707 = CARTESIAN_POINT('',(0.392699081699,9.187847761791E-02));
#3708 = CARTESIAN_POINT('',(0.785398163397,0.18375768783));
#3709 = CARTESIAN_POINT('',(1.178097245092,0.254038461047));
#3710 = CARTESIAN_POINT('',(1.570796326793,0.281180746233));
#3711 = CARTESIAN_POINT('',(1.963495408493,0.254038461047));
#3712 = CARTESIAN_POINT('',(2.356194490192,0.18375768783));
#3713 = CARTESIAN_POINT('',(2.748893571891,9.187847761791E-02));
#3714 = CARTESIAN_POINT('',(3.14159265359,-2.913225216616E-13));
#3715 = ( GEOMETRIC_REPRESENTATION_CONTEXT(2) 
PARAMETRIC_REPRESENTATION_CONTEXT() REPRESENTATION_CONTEXT('2D SPACE',''
  ) );
#3716 = ORIENTED_EDGE('',*,*,#3588,.F.);
#3717 = ORIENTED_EDGE('',*,*,#3547,.T.);
#3718 = ORIENTED_EDGE('',*,*,#3513,.T.);
#3719 = ORIENTED_EDGE('',*,*,#3474,.T.);
#3720 = ADVANCED_FACE('',(#3721),#3632,.T.);
#3721 = FACE_BOUND('',#3722,.T.);
#3722 = EDGE_LOOP('',(#3723,#3745,#3784,#3818,#3852,#3853,#3854,#3855));
#3723 = ORIENTED_EDGE('',*,*,#3724,.T.);
#3724 = EDGE_CURVE('',#3589,#3725,#3727,.T.);
#3725 = VERTEX_POINT('',#3726);
#3726 = CARTESIAN_POINT('',(68.494790674473,106.68067105365,4.7625));
#3727 = SEAM_CURVE('',#3728,(#3732,#3738),.PCURVE_S1.);
#3728 = LINE('',#3729,#3730);
#3729 = CARTESIAN_POINT('',(65.822037927744,110.28446095196,4.7625));
#3730 = VECTOR('',#3731,1.);
#3731 = DIRECTION('',(0.595699304492,-0.803207531481,0.));
#3732 = PCURVE('',#3632,#3733);
#3733 = DEFINITIONAL_REPRESENTATION('',(#3734),#3737);
#3734 = B_SPLINE_CURVE_WITH_KNOTS('',1,(#3735,#3736),.UNSPECIFIED.,.F.,
  .F.,(2,2),(-1.296403199132,5.783151339631),.PIECEWISE_BEZIER_KNOTS.);
#3735 = CARTESIAN_POINT('',(6.28318530718,-1.296403199132));
#3736 = CARTESIAN_POINT('',(6.28318530718,5.783151339631));
#3737 = ( GEOMETRIC_REPRESENTATION_CONTEXT(2) 
PARAMETRIC_REPRESENTATION_CONTEXT() REPRESENTATION_CONTEXT('2D SPACE',''
  ) );
#3738 = PCURVE('',#3632,#3739);
#3739 = DEFINITIONAL_REPRESENTATION('',(#3740),#3744);
#3740 = LINE('',#3741,#3742);
#3741 = CARTESIAN_POINT('',(0.,0.));
#3742 = VECTOR('',#3743,1.);
#3743 = DIRECTION('',(0.,1.));
#3744 = ( GEOMETRIC_REPRESENTATION_CONTEXT(2) 
PARAMETRIC_REPRESENTATION_CONTEXT() REPRESENTATION_CONTEXT('2D SPACE',''
  ) );
#3745 = ORIENTED_EDGE('',*,*,#3746,.F.);
#3746 = EDGE_CURVE('',#3747,#3725,#3749,.T.);
#3747 = VERTEX_POINT('',#3748);
#3748 = CARTESIAN_POINT('',(72.459440297165,109.32976523837,
    -5.832380380939E-16));
#3749 = SURFACE_CURVE('',#3750,(#3755,#3767),.PCURVE_S1.);
#3750 = ELLIPSE('',#3751,4.76824355819,4.7625);
#3751 = AXIS2_PLACEMENT_3D('',#3752,#3753,#3754);
#3752 = CARTESIAN_POINT('',(68.494790674473,106.68067105365,0.));
#3753 = DIRECTION('',(0.55557023302,-0.831469612303,0.));
#3754 = DIRECTION('',(0.831469612303,0.55557023302,0.));
#3755 = PCURVE('',#3632,#3756);
#3756 = DEFINITIONAL_REPRESENTATION('',(#3757),#3766);
#3757 = B_SPLINE_CURVE_WITH_KNOTS('',7,(#3758,#3759,#3760,#3761,#3762,
    #3763,#3764,#3765),.UNSPECIFIED.,.F.,.F.,(8,8),(0.,1.570796326795),
  .PIECEWISE_BEZIER_KNOTS.);
#3758 = CARTESIAN_POINT('',(4.712388980385,4.720714762527));
#3759 = CARTESIAN_POINT('',(4.936788455641,4.720714762527));
#3760 = CARTESIAN_POINT('',(5.161187930897,4.706969534047));
#3761 = CARTESIAN_POINT('',(5.385587406154,4.679481071062));
#3762 = CARTESIAN_POINT('',(5.60998688141,4.639937043607));
#3763 = CARTESIAN_POINT('',(5.834386356667,4.591751901733));
#3764 = CARTESIAN_POINT('',(6.058785831923,4.53925012771));
#3765 = CARTESIAN_POINT('',(6.28318530718,4.4867481405));
#3766 = ( GEOMETRIC_REPRESENTATION_CONTEXT(2) 
PARAMETRIC_REPRESENTATION_CONTEXT() REPRESENTATION_CONTEXT('2D SPACE',''
  ) );
#3767 = PCURVE('',#3768,#3773);
#3768 = CYLINDRICAL_SURFACE('',#3769,4.7625);
#3769 = AXIS2_PLACEMENT_3D('',#3770,#3771,#3772);
#3770 = CARTESIAN_POINT('',(68.494790674472,106.68067105365,0.));
#3771 = DIRECTION('',(0.514102744193,-0.85772861,0.));
#3772 = DIRECTION('',(-9.52270051702E-17,-5.707687036263E-17,1.));
#3773 = DEFINITIONAL_REPRESENTATION('',(#3774),#3783);
#3774 = B_SPLINE_CURVE_WITH_KNOTS('',7,(#3775,#3776,#3777,#3778,#3779,
    #3780,#3781,#3782),.UNSPECIFIED.,.F.,.F.,(8,8),(0.,1.570796326795),
  .PIECEWISE_BEZIER_KNOTS.);
#3775 = CARTESIAN_POINT('',(4.712388980385,-0.233966622027));
#3776 = CARTESIAN_POINT('',(4.936788455641,-0.233966622027));
#3777 = CARTESIAN_POINT('',(5.161187930898,-0.220221393548));
#3778 = CARTESIAN_POINT('',(5.385587406154,-0.192732930559));
#3779 = CARTESIAN_POINT('',(5.60998688141,-0.153188903109));
#3780 = CARTESIAN_POINT('',(5.834386356667,-0.105003761231));
#3781 = CARTESIAN_POINT('',(6.058785831923,-5.250198721E-02));
#3782 = CARTESIAN_POINT('',(6.28318530718,3.907985046681E-13));
#3783 = ( GEOMETRIC_REPRESENTATION_CONTEXT(2) 
PARAMETRIC_REPRESENTATION_CONTEXT() REPRESENTATION_CONTEXT('2D SPACE',''
  ) );
#3784 = ORIENTED_EDGE('',*,*,#3785,.F.);
#3785 = EDGE_CURVE('',#3786,#3747,#3788,.T.);
#3786 = VERTEX_POINT('',#3787);
#3787 = CARTESIAN_POINT('',(68.494790674473,106.68067105365,-4.7625));
#3788 = SURFACE_CURVE('',#3789,(#3794,#3806),.PCURVE_S1.);
#3789 = ELLIPSE('',#3790,4.76824355819,4.7625);
#3790 = AXIS2_PLACEMENT_3D('',#3791,#3792,#3793);
#3791 = CARTESIAN_POINT('',(68.494790674473,106.68067105365,0.));
#3792 = DIRECTION('',(0.55557023302,-0.831469612303,0.));
#3793 = DIRECTION('',(0.831469612303,0.55557023302,0.));
#3794 = PCURVE('',#3632,#3795);
#3795 = DEFINITIONAL_REPRESENTATION('',(#3796),#3805);
#3796 = B_SPLINE_CURVE_WITH_KNOTS('',7,(#3797,#3798,#3799,#3800,#3801,
    #3802,#3803,#3804),.UNSPECIFIED.,.F.,.F.,(8,8),(4.712388980385,
    6.28318530718),.PIECEWISE_BEZIER_KNOTS.);
#3797 = CARTESIAN_POINT('',(3.14159265359,4.4867481405));
#3798 = CARTESIAN_POINT('',(3.365992128846,4.53925012771));
#3799 = CARTESIAN_POINT('',(3.590391604103,4.591751901731));
#3800 = CARTESIAN_POINT('',(3.814791079359,4.639937043609));
#3801 = CARTESIAN_POINT('',(4.039190554617,4.679481071059));
#3802 = CARTESIAN_POINT('',(4.263590029872,4.706969534048));
#3803 = CARTESIAN_POINT('',(4.487989505128,4.720714762527));
#3804 = CARTESIAN_POINT('',(4.712388980385,4.720714762527));
#3805 = ( GEOMETRIC_REPRESENTATION_CONTEXT(2) 
PARAMETRIC_REPRESENTATION_CONTEXT() REPRESENTATION_CONTEXT('2D SPACE',''
  ) );
#3806 = PCURVE('',#3768,#3807);
#3807 = DEFINITIONAL_REPRESENTATION('',(#3808),#3817);
#3808 = B_SPLINE_CURVE_WITH_KNOTS('',7,(#3809,#3810,#3811,#3812,#3813,
    #3814,#3815,#3816),.UNSPECIFIED.,.F.,.F.,(8,8),(4.712388980385,
    6.28318530718),.PIECEWISE_BEZIER_KNOTS.);
#3809 = CARTESIAN_POINT('',(3.14159265359,3.907985046681E-13));
#3810 = CARTESIAN_POINT('',(3.365992128846,-5.250198721E-02));
#3811 = CARTESIAN_POINT('',(3.590391604102,-0.105003761231));
#3812 = CARTESIAN_POINT('',(3.814791079361,-0.153188903109));
#3813 = CARTESIAN_POINT('',(4.039190554614,-0.192732930559));
#3814 = CARTESIAN_POINT('',(4.263590029872,-0.220221393547));
#3815 = CARTESIAN_POINT('',(4.487989505128,-0.233966622027));
#3816 = CARTESIAN_POINT('',(4.712388980385,-0.233966622027));
#3817 = ( GEOMETRIC_REPRESENTATION_CONTEXT(2) 
PARAMETRIC_REPRESENTATION_CONTEXT() REPRESENTATION_CONTEXT('2D SPACE',''
  ) );
#3818 = ORIENTED_EDGE('',*,*,#3819,.F.);
#3819 = EDGE_CURVE('',#3725,#3786,#3820,.T.);
#3820 = SURFACE_CURVE('',#3821,(#3826,#3839),.PCURVE_S1.);
#3821 = ELLIPSE('',#3822,4.76824355819,4.7625);
#3822 = AXIS2_PLACEMENT_3D('',#3823,#3824,#3825);
#3823 = CARTESIAN_POINT('',(68.494790674473,106.68067105365,0.));
#3824 = DIRECTION('',(0.55557023302,-0.831469612303,0.));
#3825 = DIRECTION('',(0.831469612303,0.55557023302,0.));
#3826 = PCURVE('',#3632,#3827);
#3827 = DEFINITIONAL_REPRESENTATION('',(#3828),#3838);
#3828 = B_SPLINE_CURVE_WITH_KNOTS('',8,(#3829,#3830,#3831,#3832,#3833,
    #3834,#3835,#3836,#3837),.UNSPECIFIED.,.F.,.F.,(9,9),(1.570796326795
    ,4.712388980385),.PIECEWISE_BEZIER_KNOTS.);
#3829 = CARTESIAN_POINT('',(0.,4.4867481405));
#3830 = CARTESIAN_POINT('',(0.392699081699,4.394869662881));
#3831 = CARTESIAN_POINT('',(0.785398163397,4.302990452664));
#3832 = CARTESIAN_POINT('',(1.178097245093,4.23270967946));
#3833 = CARTESIAN_POINT('',(1.570796326798,4.205567394235));
#3834 = CARTESIAN_POINT('',(1.963495408491,4.232709679461));
#3835 = CARTESIAN_POINT('',(2.356194490193,4.302990452665));
#3836 = CARTESIAN_POINT('',(2.748893571891,4.394869662881));
#3837 = CARTESIAN_POINT('',(3.14159265359,4.4867481405));
#3838 = ( GEOMETRIC_REPRESENTATION_CONTEXT(2) 
PARAMETRIC_REPRESENTATION_CONTEXT() REPRESENTATION_CONTEXT('2D SPACE',''
  ) );
#3839 = PCURVE('',#3768,#3840);
#3840 = DEFINITIONAL_REPRESENTATION('',(#3841),#3851);
#3841 = B_SPLINE_CURVE_WITH_KNOTS('',8,(#3842,#3843,#3844,#3845,#3846,
    #3847,#3848,#3849,#3850),.UNSPECIFIED.,.F.,.F.,(9,9),(1.570796326795
    ,4.712388980385),.PIECEWISE_BEZIER_KNOTS.);
#3842 = CARTESIAN_POINT('',(2.98390650188E-15,3.907985046681E-13));
#3843 = CARTESIAN_POINT('',(0.392699081699,9.187847761857E-02));
#3844 = CARTESIAN_POINT('',(0.785398163399,0.183757687831));
#3845 = CARTESIAN_POINT('',(1.178097245087,0.254038461047));
#3846 = CARTESIAN_POINT('',(1.5707963268,0.281180746235));
#3847 = CARTESIAN_POINT('',(1.963495408485,0.254038461047));
#3848 = CARTESIAN_POINT('',(2.356194490193,0.183757687831));
#3849 = CARTESIAN_POINT('',(2.748893571891,9.187847761857E-02));
#3850 = CARTESIAN_POINT('',(3.14159265359,3.907985046681E-13));
#3851 = ( GEOMETRIC_REPRESENTATION_CONTEXT(2) 
PARAMETRIC_REPRESENTATION_CONTEXT() REPRESENTATION_CONTEXT('2D SPACE',''
  ) );
#3852 = ORIENTED_EDGE('',*,*,#3724,.F.);
#3853 = ORIENTED_EDGE('',*,*,#3683,.T.);
#3854 = ORIENTED_EDGE('',*,*,#3649,.T.);
#3855 = ORIENTED_EDGE('',*,*,#3610,.T.);
#3856 = ADVANCED_FACE('',(#3857),#3768,.T.);
#3857 = FACE_BOUND('',#3858,.T.);
#3858 = EDGE_LOOP('',(#3859,#3881,#3920,#3954,#3988,#3989,#3990,#3991));
#3859 = ORIENTED_EDGE('',*,*,#3860,.T.);
#3860 = EDGE_CURVE('',#3725,#3861,#3863,.T.);
#3861 = VERTEX_POINT('',#3862);
#3862 = CARTESIAN_POINT('',(70.801440206007,102.83225880768,4.7625));
#3863 = SEAM_CURVE('',#3864,(#3868,#3874),.PCURVE_S1.);
#3864 = LINE('',#3865,#3866);
#3865 = CARTESIAN_POINT('',(68.494790674472,106.68067105365,4.7625));
#3866 = VECTOR('',#3867,1.);
#3867 = DIRECTION('',(0.514102744193,-0.85772861,0.));
#3868 = PCURVE('',#3768,#3869);
#3869 = DEFINITIONAL_REPRESENTATION('',(#3870),#3873);
#3870 = B_SPLINE_CURVE_WITH_KNOTS('',1,(#3871,#3872),.UNSPECIFIED.,.F.,
  .F.,(2,2),(-1.296403199132,5.783151339631),.PIECEWISE_BEZIER_KNOTS.);
#3871 = CARTESIAN_POINT('',(6.28318530718,-1.296403199132));
#3872 = CARTESIAN_POINT('',(6.28318530718,5.783151339631));
#3873 = ( GEOMETRIC_REPRESENTATION_CONTEXT(2) 
PARAMETRIC_REPRESENTATION_CONTEXT() REPRESENTATION_CONTEXT('2D SPACE',''
  ) );
#3874 = PCURVE('',#3768,#3875);
#3875 = DEFINITIONAL_REPRESENTATION('',(#3876),#3880);
#3876 = LINE('',#3877,#3878);
#3877 = CARTESIAN_POINT('',(0.,0.));
#3878 = VECTOR('',#3879,1.);
#3879 = DIRECTION('',(0.,1.));
#3880 = ( GEOMETRIC_REPRESENTATION_CONTEXT(2) 
PARAMETRIC_REPRESENTATION_CONTEXT() REPRESENTATION_CONTEXT('2D SPACE',''
  ) );
#3881 = ORIENTED_EDGE('',*,*,#3882,.F.);
#3882 = EDGE_CURVE('',#3883,#3861,#3885,.T.);
#3883 = VERTEX_POINT('',#3884);
#3884 = CARTESIAN_POINT('',(75.006655593567,105.0799932614,
    -5.832380380939E-16));
#3885 = SURFACE_CURVE('',#3886,(#3891,#3903),.PCURVE_S1.);
#3886 = ELLIPSE('',#3887,4.76824355819,4.7625);
#3887 = AXIS2_PLACEMENT_3D('',#3888,#3889,#3890);
#3888 = CARTESIAN_POINT('',(70.801440206007,102.83225880768,0.));
#3889 = DIRECTION('',(0.471396736826,-0.881921264348,0.));
#3890 = DIRECTION('',(0.881921264348,0.471396736826,0.));
#3891 = PCURVE('',#3768,#3892);
#3892 = DEFINITIONAL_REPRESENTATION('',(#3893),#3902);
#3893 = B_SPLINE_CURVE_WITH_KNOTS('',7,(#3894,#3895,#3896,#3897,#3898,
    #3899,#3900,#3901),.UNSPECIFIED.,.F.,.F.,(8,8),(0.,1.570796326795),
  .PIECEWISE_BEZIER_KNOTS.);
#3894 = CARTESIAN_POINT('',(4.712388980385,4.720714762526));
#3895 = CARTESIAN_POINT('',(4.936788455641,4.720714762526));
#3896 = CARTESIAN_POINT('',(5.161187930897,4.706969534047));
#3897 = CARTESIAN_POINT('',(5.385587406154,4.67948107106));
#3898 = CARTESIAN_POINT('',(5.60998688141,4.639937043609));
#3899 = CARTESIAN_POINT('',(5.834386356667,4.591751901731));
#3900 = CARTESIAN_POINT('',(6.058785831923,4.53925012771));
#3901 = CARTESIAN_POINT('',(6.28318530718,4.486748140499));
#3902 = ( GEOMETRIC_REPRESENTATION_CONTEXT(2) 
PARAMETRIC_REPRESENTATION_CONTEXT() REPRESENTATION_CONTEXT('2D SPACE',''
  ) );
#3903 = PCURVE('',#3904,#3909);
#3904 = CYLINDRICAL_SURFACE('',#3905,4.7625);
#3905 = AXIS2_PLACEMENT_3D('',#3906,#3907,#3908);
#3906 = CARTESIAN_POINT('',(70.801440206007,102.83225880768,0.));
#3907 = DIRECTION('',(0.42755509343,-0.903989293123,0.));
#3908 = DIRECTION('',(-1.00362972724E-16,-4.746815090221E-17,1.));
#3909 = DEFINITIONAL_REPRESENTATION('',(#3910),#3919);
#3910 = B_SPLINE_CURVE_WITH_KNOTS('',7,(#3911,#3912,#3913,#3914,#3915,
    #3916,#3917,#3918),.UNSPECIFIED.,.F.,.F.,(8,8),(0.,1.570796326795),
  .PIECEWISE_BEZIER_KNOTS.);
#3911 = CARTESIAN_POINT('',(4.712388980385,-0.233966622027));
#3912 = CARTESIAN_POINT('',(4.936788455641,-0.233966622027));
#3913 = CARTESIAN_POINT('',(5.161187930898,-0.220221393548));
#3914 = CARTESIAN_POINT('',(5.385587406154,-0.192732930559));
#3915 = CARTESIAN_POINT('',(5.60998688141,-0.15318890311));
#3916 = CARTESIAN_POINT('',(5.834386356667,-0.105003761232));
#3917 = CARTESIAN_POINT('',(6.058785831923,-5.250198721036E-02));
#3918 = CARTESIAN_POINT('',(6.28318530718,3.552713678801E-14));
#3919 = ( GEOMETRIC_REPRESENTATION_CONTEXT(2) 
PARAMETRIC_REPRESENTATION_CONTEXT() REPRESENTATION_CONTEXT('2D SPACE',''
  ) );
#3920 = ORIENTED_EDGE('',*,*,#3921,.F.);
#3921 = EDGE_CURVE('',#3922,#3883,#3924,.T.);
#3922 = VERTEX_POINT('',#3923);
#3923 = CARTESIAN_POINT('',(70.801440206007,102.83225880768,-4.7625));
#3924 = SURFACE_CURVE('',#3925,(#3930,#3942),.PCURVE_S1.);
#3925 = ELLIPSE('',#3926,4.76824355819,4.7625);
#3926 = AXIS2_PLACEMENT_3D('',#3927,#3928,#3929);
#3927 = CARTESIAN_POINT('',(70.801440206007,102.83225880768,0.));
#3928 = DIRECTION('',(0.471396736826,-0.881921264348,0.));
#3929 = DIRECTION('',(0.881921264348,0.471396736826,0.));
#3930 = PCURVE('',#3768,#3931);
#3931 = DEFINITIONAL_REPRESENTATION('',(#3932),#3941);
#3932 = B_SPLINE_CURVE_WITH_KNOTS('',7,(#3933,#3934,#3935,#3936,#3937,
    #3938,#3939,#3940),.UNSPECIFIED.,.F.,.F.,(8,8),(4.712388980385,
    6.28318530718),.PIECEWISE_BEZIER_KNOTS.);
#3933 = CARTESIAN_POINT('',(3.14159265359,4.486748140499));
#3934 = CARTESIAN_POINT('',(3.365992128846,4.53925012771));
#3935 = CARTESIAN_POINT('',(3.590391604102,4.59175190173));
#3936 = CARTESIAN_POINT('',(3.814791079361,4.63993704361));
#3937 = CARTESIAN_POINT('',(4.039190554615,4.679481071057));
#3938 = CARTESIAN_POINT('',(4.263590029872,4.706969534048));
#3939 = CARTESIAN_POINT('',(4.487989505128,4.720714762526));
#3940 = CARTESIAN_POINT('',(4.712388980385,4.720714762526));
#3941 = ( GEOMETRIC_REPRESENTATION_CONTEXT(2) 
PARAMETRIC_REPRESENTATION_CONTEXT() REPRESENTATION_CONTEXT('2D SPACE',''
  ) );
#3942 = PCURVE('',#3904,#3943);
#3943 = DEFINITIONAL_REPRESENTATION('',(#3944),#3953);
#3944 = B_SPLINE_CURVE_WITH_KNOTS('',7,(#3945,#3946,#3947,#3948,#3949,
    #3950,#3951,#3952),.UNSPECIFIED.,.F.,.F.,(8,8),(4.712388980385,
    6.28318530718),.PIECEWISE_BEZIER_KNOTS.);
#3945 = CARTESIAN_POINT('',(3.14159265359,3.552713678801E-14));
#3946 = CARTESIAN_POINT('',(3.365992128846,-5.250198721036E-02));
#3947 = CARTESIAN_POINT('',(3.590391604102,-0.105003761232));
#3948 = CARTESIAN_POINT('',(3.814791079362,-0.153188903109));
#3949 = CARTESIAN_POINT('',(4.039190554614,-0.192732930559));
#3950 = CARTESIAN_POINT('',(4.263590029872,-0.220221393548));
#3951 = CARTESIAN_POINT('',(4.487989505128,-0.233966622027));
#3952 = CARTESIAN_POINT('',(4.712388980385,-0.233966622027));
#3953 = ( GEOMETRIC_REPRESENTATION_CONTEXT(2) 
PARAMETRIC_REPRESENTATION_CONTEXT() REPRESENTATION_CONTEXT('2D SPACE',''
  ) );
#3954 = ORIENTED_EDGE('',*,*,#3955,.F.);
#3955 = EDGE_CURVE('',#3861,#3922,#3956,.T.);
#3956 = SURFACE_CURVE('',#3957,(#3962,#3975),.PCURVE_S1.);
#3957 = ELLIPSE('',#3958,4.76824355819,4.7625);
#3958 = AXIS2_PLACEMENT_3D('',#3959,#3960,#3961);
#3959 = CARTESIAN_POINT('',(70.801440206007,102.83225880768,0.));
#3960 = DIRECTION('',(0.471396736826,-0.881921264348,0.));
#3961 = DIRECTION('',(0.881921264348,0.471396736826,0.));
#3962 = PCURVE('',#3768,#3963);
#3963 = DEFINITIONAL_REPRESENTATION('',(#3964),#3974);
#3964 = B_SPLINE_CURVE_WITH_KNOTS('',8,(#3965,#3966,#3967,#3968,#3969,
    #3970,#3971,#3972,#3973),.UNSPECIFIED.,.F.,.F.,(9,9),(1.570796326795
    ,4.712388980385),.PIECEWISE_BEZIER_KNOTS.);
#3965 = CARTESIAN_POINT('',(2.98390650188E-15,4.486748140499));
#3966 = CARTESIAN_POINT('',(0.392699081699,4.394869662881));
#3967 = CARTESIAN_POINT('',(0.785398163398,4.302990452668));
#3968 = CARTESIAN_POINT('',(1.178097245093,4.232709679452));
#3969 = CARTESIAN_POINT('',(1.570796326795,4.205567394259));
#3970 = CARTESIAN_POINT('',(1.96349540849,4.232709679447));
#3971 = CARTESIAN_POINT('',(2.356194490192,4.302990452668));
#3972 = CARTESIAN_POINT('',(2.748893571891,4.394869662881));
#3973 = CARTESIAN_POINT('',(3.14159265359,4.486748140499));
#3974 = ( GEOMETRIC_REPRESENTATION_CONTEXT(2) 
PARAMETRIC_REPRESENTATION_CONTEXT() REPRESENTATION_CONTEXT('2D SPACE',''
  ) );
#3975 = PCURVE('',#3904,#3976);
#3976 = DEFINITIONAL_REPRESENTATION('',(#3977),#3987);
#3977 = B_SPLINE_CURVE_WITH_KNOTS('',8,(#3978,#3979,#3980,#3981,#3982,
    #3983,#3984,#3985,#3986),.UNSPECIFIED.,.F.,.F.,(9,9),(1.570796326795
    ,4.712388980385),.PIECEWISE_BEZIER_KNOTS.);
#3978 = CARTESIAN_POINT('',(0.,3.552713678801E-14));
#3979 = CARTESIAN_POINT('',(0.392699081699,9.187847761822E-02));
#3980 = CARTESIAN_POINT('',(0.785398163398,0.183757687831));
#3981 = CARTESIAN_POINT('',(1.178097245091,0.254038461046));
#3982 = CARTESIAN_POINT('',(1.570796326796,0.281180746234));
#3983 = CARTESIAN_POINT('',(1.963495408492,0.254038461047));
#3984 = CARTESIAN_POINT('',(2.356194490193,0.183757687831));
#3985 = CARTESIAN_POINT('',(2.748893571891,9.187847761822E-02));
#3986 = CARTESIAN_POINT('',(3.14159265359,3.552713678801E-14));
#3987 = ( GEOMETRIC_REPRESENTATION_CONTEXT(2) 
PARAMETRIC_REPRESENTATION_CONTEXT() REPRESENTATION_CONTEXT('2D SPACE',''
  ) );
#3988 = ORIENTED_EDGE('',*,*,#3860,.F.);
#3989 = ORIENTED_EDGE('',*,*,#3819,.T.);
#3990 = ORIENTED_EDGE('',*,*,#3785,.T.);
#3991 = ORIENTED_EDGE('',*,*,#3746,.T.);
#3992 = ADVANCED_FACE('',(#3993),#3904,.T.);
#3993 = FACE_BOUND('',#3994,.T.);
#3994 = EDGE_LOOP('',(#3995,#4017,#4056,#4090,#4124,#4125,#4126,#4127));
#3995 = ORIENTED_EDGE('',*,*,#3996,.T.);
#3996 = EDGE_CURVE('',#3861,#3997,#3999,.T.);
#3997 = VERTEX_POINT('',#3998);
#3998 = CARTESIAN_POINT('',(72.719772226416,98.776286527732,4.7625));
#3999 = SEAM_CURVE('',#4000,(#4004,#4010),.PCURVE_S1.);
#4000 = LINE('',#4001,#4002);
#4001 = CARTESIAN_POINT('',(70.801440206007,102.83225880768,4.7625));
#4002 = VECTOR('',#4003,1.);
#4003 = DIRECTION('',(0.42755509343,-0.903989293123,0.));
#4004 = PCURVE('',#3904,#4005);
#4005 = DEFINITIONAL_REPRESENTATION('',(#4006),#4009);
#4006 = B_SPLINE_CURVE_WITH_KNOTS('',1,(#4007,#4008),.UNSPECIFIED.,.F.,
  .F.,(2,2),(-1.296403199132,5.783151339631),.PIECEWISE_BEZIER_KNOTS.);
#4007 = CARTESIAN_POINT('',(6.28318530718,-1.296403199132));
#4008 = CARTESIAN_POINT('',(6.28318530718,5.783151339631));
#4009 = ( GEOMETRIC_REPRESENTATION_CONTEXT(2) 
PARAMETRIC_REPRESENTATION_CONTEXT() REPRESENTATION_CONTEXT('2D SPACE',''
  ) );
#4010 = PCURVE('',#3904,#4011);
#4011 = DEFINITIONAL_REPRESENTATION('',(#4012),#4016);
#4012 = LINE('',#4013,#4014);
#4013 = CARTESIAN_POINT('',(0.,0.));
#4014 = VECTOR('',#4015,1.);
#4015 = DIRECTION('',(0.,1.));
#4016 = ( GEOMETRIC_REPRESENTATION_CONTEXT(2) 
PARAMETRIC_REPRESENTATION_CONTEXT() REPRESENTATION_CONTEXT('2D SPACE',''
  ) );
#4017 = ORIENTED_EDGE('',*,*,#4018,.F.);
#4018 = EDGE_CURVE('',#4019,#3997,#4021,.T.);
#4019 = VERTEX_POINT('',#4020);
#4020 = CARTESIAN_POINT('',(77.125054855857,100.60101433893,
    -5.832380380939E-16));
#4021 = SURFACE_CURVE('',#4022,(#4027,#4039),.PCURVE_S1.);
#4022 = ELLIPSE('',#4023,4.76824355819,4.7625);
#4023 = AXIS2_PLACEMENT_3D('',#4024,#4025,#4026);
#4024 = CARTESIAN_POINT('',(72.719772226416,98.776286527732,0.));
#4025 = DIRECTION('',(0.382683432365,-0.923879532511,0.));
#4026 = DIRECTION('',(0.923879532511,0.382683432365,0.));
#4027 = PCURVE('',#3904,#4028);
#4028 = DEFINITIONAL_REPRESENTATION('',(#4029),#4038);
#4029 = B_SPLINE_CURVE_WITH_KNOTS('',7,(#4030,#4031,#4032,#4033,#4034,
    #4035,#4036,#4037),.UNSPECIFIED.,.F.,.F.,(8,8),(0.,1.570796326795),
  .PIECEWISE_BEZIER_KNOTS.);
#4030 = CARTESIAN_POINT('',(4.712388980385,4.720714762526));
#4031 = CARTESIAN_POINT('',(4.936788455641,4.720714762526));
#4032 = CARTESIAN_POINT('',(5.161187930898,4.706969534047));
#4033 = CARTESIAN_POINT('',(5.385587406154,4.679481071059));
#4034 = CARTESIAN_POINT('',(5.60998688141,4.639937043608));
#4035 = CARTESIAN_POINT('',(5.834386356667,4.591751901731));
#4036 = CARTESIAN_POINT('',(6.058785831923,4.539250127709));
#4037 = CARTESIAN_POINT('',(6.28318530718,4.486748140499));
#4038 = ( GEOMETRIC_REPRESENTATION_CONTEXT(2) 
PARAMETRIC_REPRESENTATION_CONTEXT() REPRESENTATION_CONTEXT('2D SPACE',''
  ) );
#4039 = PCURVE('',#4040,#4045);
#4040 = CYLINDRICAL_SURFACE('',#4041,4.7625);
#4041 = AXIS2_PLACEMENT_3D('',#4042,#4043,#4044);
#4042 = CARTESIAN_POINT('',(72.719772226416,98.776286527732,0.));
#4043 = DIRECTION('',(0.336889853392,-0.941544065183,0.));
#4044 = DIRECTION('',(-1.045323899865E-16,-3.740228719986E-17,1.));
#4045 = DEFINITIONAL_REPRESENTATION('',(#4046),#4055);
#4046 = B_SPLINE_CURVE_WITH_KNOTS('',7,(#4047,#4048,#4049,#4050,#4051,
    #4052,#4053,#4054),.UNSPECIFIED.,.F.,.F.,(8,8),(0.,1.570796326795),
  .PIECEWISE_BEZIER_KNOTS.);
#4047 = CARTESIAN_POINT('',(4.712388980385,-0.233966622027));
#4048 = CARTESIAN_POINT('',(4.936788455641,-0.233966622027));
#4049 = CARTESIAN_POINT('',(5.161187930897,-0.220221393548));
#4050 = CARTESIAN_POINT('',(5.385587406154,-0.19273293056));
#4051 = CARTESIAN_POINT('',(5.60998688141,-0.153188903109));
#4052 = CARTESIAN_POINT('',(5.834386356667,-0.105003761232));
#4053 = CARTESIAN_POINT('',(6.058785831923,-5.250198721059E-02));
#4054 = CARTESIAN_POINT('',(6.28318530718,-1.989519660128E-13));
#4055 = ( GEOMETRIC_REPRESENTATION_CONTEXT(2) 
PARAMETRIC_REPRESENTATION_CONTEXT() REPRESENTATION_CONTEXT('2D SPACE',''
  ) );
#4056 = ORIENTED_EDGE('',*,*,#4057,.F.);
#4057 = EDGE_CURVE('',#4058,#4019,#4060,.T.);
#4058 = VERTEX_POINT('',#4059);
#4059 = CARTESIAN_POINT('',(72.719772226416,98.776286527732,-4.7625));
#4060 = SURFACE_CURVE('',#4061,(#4066,#4078),.PCURVE_S1.);
#4061 = ELLIPSE('',#4062,4.76824355819,4.7625);
#4062 = AXIS2_PLACEMENT_3D('',#4063,#4064,#4065);
#4063 = CARTESIAN_POINT('',(72.719772226416,98.776286527732,0.));
#4064 = DIRECTION('',(0.382683432365,-0.923879532511,0.));
#4065 = DIRECTION('',(0.923879532511,0.382683432365,0.));
#4066 = PCURVE('',#3904,#4067);
#4067 = DEFINITIONAL_REPRESENTATION('',(#4068),#4077);
#4068 = B_SPLINE_CURVE_WITH_KNOTS('',7,(#4069,#4070,#4071,#4072,#4073,
    #4074,#4075,#4076),.UNSPECIFIED.,.F.,.F.,(8,8),(4.712388980385,
    6.28318530718),.PIECEWISE_BEZIER_KNOTS.);
#4069 = CARTESIAN_POINT('',(3.14159265359,4.486748140499));
#4070 = CARTESIAN_POINT('',(3.365992128846,4.539250127709));
#4071 = CARTESIAN_POINT('',(3.590391604102,4.591751901731));
#4072 = CARTESIAN_POINT('',(3.814791079361,4.639937043606));
#4073 = CARTESIAN_POINT('',(4.039190554613,4.679481071061));
#4074 = CARTESIAN_POINT('',(4.263590029873,4.706969534046));
#4075 = CARTESIAN_POINT('',(4.487989505128,4.720714762526));
#4076 = CARTESIAN_POINT('',(4.712388980385,4.720714762526));
#4077 = ( GEOMETRIC_REPRESENTATION_CONTEXT(2) 
PARAMETRIC_REPRESENTATION_CONTEXT() REPRESENTATION_CONTEXT('2D SPACE',''
  ) );
#4078 = PCURVE('',#4040,#4079);
#4079 = DEFINITIONAL_REPRESENTATION('',(#4080),#4089);
#4080 = B_SPLINE_CURVE_WITH_KNOTS('',7,(#4081,#4082,#4083,#4084,#4085,
    #4086,#4087,#4088),.UNSPECIFIED.,.F.,.F.,(8,8),(4.712388980385,
    6.28318530718),.PIECEWISE_BEZIER_KNOTS.);
#4081 = CARTESIAN_POINT('',(3.14159265359,-1.989519660128E-13));
#4082 = CARTESIAN_POINT('',(3.365992128846,-5.250198721059E-02));
#4083 = CARTESIAN_POINT('',(3.590391604102,-0.105003761232));
#4084 = CARTESIAN_POINT('',(3.81479107936,-0.153188903109));
#4085 = CARTESIAN_POINT('',(4.039190554616,-0.19273293056));
#4086 = CARTESIAN_POINT('',(4.263590029872,-0.220221393548));
#4087 = CARTESIAN_POINT('',(4.487989505128,-0.233966622027));
#4088 = CARTESIAN_POINT('',(4.712388980385,-0.233966622027));
#4089 = ( GEOMETRIC_REPRESENTATION_CONTEXT(2) 
PARAMETRIC_REPRESENTATION_CONTEXT() REPRESENTATION_CONTEXT('2D SPACE',''
  ) );
#4090 = ORIENTED_EDGE('',*,*,#4091,.F.);
#4091 = EDGE_CURVE('',#3997,#4058,#4092,.T.);
#4092 = SURFACE_CURVE('',#4093,(#4098,#4111),.PCURVE_S1.);
#4093 = ELLIPSE('',#4094,4.76824355819,4.7625);
#4094 = AXIS2_PLACEMENT_3D('',#4095,#4096,#4097);
#4095 = CARTESIAN_POINT('',(72.719772226416,98.776286527732,0.));
#4096 = DIRECTION('',(0.382683432365,-0.923879532511,0.));
#4097 = DIRECTION('',(0.923879532511,0.382683432365,0.));
#4098 = PCURVE('',#3904,#4099);
#4099 = DEFINITIONAL_REPRESENTATION('',(#4100),#4110);
#4100 = B_SPLINE_CURVE_WITH_KNOTS('',8,(#4101,#4102,#4103,#4104,#4105,
    #4106,#4107,#4108,#4109),.UNSPECIFIED.,.F.,.F.,(9,9),(1.570796326795
    ,4.712388980385),.PIECEWISE_BEZIER_KNOTS.);
#4101 = CARTESIAN_POINT('',(0.,4.486748140499));
#4102 = CARTESIAN_POINT('',(0.392699081699,4.394869662881));
#4103 = CARTESIAN_POINT('',(0.785398163398,4.302990452671));
#4104 = CARTESIAN_POINT('',(1.17809724509,4.23270967943));
#4105 = CARTESIAN_POINT('',(1.5707963268,4.205567394274));
#4106 = CARTESIAN_POINT('',(1.963495408487,4.232709679435));
#4107 = CARTESIAN_POINT('',(2.356194490193,4.302990452672));
#4108 = CARTESIAN_POINT('',(2.748893571891,4.394869662881));
#4109 = CARTESIAN_POINT('',(3.14159265359,4.486748140499));
#4110 = ( GEOMETRIC_REPRESENTATION_CONTEXT(2) 
PARAMETRIC_REPRESENTATION_CONTEXT() REPRESENTATION_CONTEXT('2D SPACE',''
  ) );
#4111 = PCURVE('',#4040,#4112);
#4112 = DEFINITIONAL_REPRESENTATION('',(#4113),#4123);
#4113 = B_SPLINE_CURVE_WITH_KNOTS('',8,(#4114,#4115,#4116,#4117,#4118,
    #4119,#4120,#4121,#4122),.UNSPECIFIED.,.F.,.F.,(9,9),(1.570796326795
    ,4.712388980385),.PIECEWISE_BEZIER_KNOTS.);
#4114 = CARTESIAN_POINT('',(0.,-1.989519660128E-13));
#4115 = CARTESIAN_POINT('',(0.392699081699,9.187847761799E-02));
#4116 = CARTESIAN_POINT('',(0.785398163396,0.18375768783));
#4117 = CARTESIAN_POINT('',(1.178097245096,0.254038461047));
#4118 = CARTESIAN_POINT('',(1.570796326788,0.281180746234));
#4119 = CARTESIAN_POINT('',(1.963495408494,0.254038461047));
#4120 = CARTESIAN_POINT('',(2.356194490191,0.18375768783));
#4121 = CARTESIAN_POINT('',(2.748893571891,9.187847761799E-02));
#4122 = CARTESIAN_POINT('',(3.14159265359,-1.989519660128E-13));
#4123 = ( GEOMETRIC_REPRESENTATION_CONTEXT(2) 
PARAMETRIC_REPRESENTATION_CONTEXT() REPRESENTATION_CONTEXT('2D SPACE',''
  ) );
#4124 = ORIENTED_EDGE('',*,*,#3996,.F.);
#4125 = ORIENTED_EDGE('',*,*,#3955,.T.);
#4126 = ORIENTED_EDGE('',*,*,#3921,.T.);
#4127 = ORIENTED_EDGE('',*,*,#3882,.T.);
#4128 = ADVANCED_FACE('',(#4129),#4040,.T.);
#4129 = FACE_BOUND('',#4130,.T.);
#4130 = EDGE_LOOP('',(#4131,#4153,#4192,#4226,#4260,#4261,#4262,#4263));
#4131 = ORIENTED_EDGE('',*,*,#4132,.T.);
#4132 = EDGE_CURVE('',#3997,#4133,#4135,.T.);
#4133 = VERTEX_POINT('',#4134);
#4134 = CARTESIAN_POINT('',(74.231312149677,94.551815444074,4.7625));
#4135 = SEAM_CURVE('',#4136,(#4140,#4146),.PCURVE_S1.);
#4136 = LINE('',#4137,#4138);
#4137 = CARTESIAN_POINT('',(72.719772226416,98.776286527732,4.7625));
#4138 = VECTOR('',#4139,1.);
#4139 = DIRECTION('',(0.336889853392,-0.941544065183,0.));
#4140 = PCURVE('',#4040,#4141);
#4141 = DEFINITIONAL_REPRESENTATION('',(#4142),#4145);
#4142 = B_SPLINE_CURVE_WITH_KNOTS('',1,(#4143,#4144),.UNSPECIFIED.,.F.,
  .F.,(2,2),(-1.296403199132,5.783151339631),.PIECEWISE_BEZIER_KNOTS.);
#4143 = CARTESIAN_POINT('',(6.28318530718,-1.296403199132));
#4144 = CARTESIAN_POINT('',(6.28318530718,5.783151339631));
#4145 = ( GEOMETRIC_REPRESENTATION_CONTEXT(2) 
PARAMETRIC_REPRESENTATION_CONTEXT() REPRESENTATION_CONTEXT('2D SPACE',''
  ) );
#4146 = PCURVE('',#4040,#4147);
#4147 = DEFINITIONAL_REPRESENTATION('',(#4148),#4152);
#4148 = LINE('',#4149,#4150);
#4149 = CARTESIAN_POINT('',(0.,0.));
#4150 = VECTOR('',#4151,1.);
#4151 = DIRECTION('',(0.,1.));
#4152 = ( GEOMETRIC_REPRESENTATION_CONTEXT(2) 
PARAMETRIC_REPRESENTATION_CONTEXT() REPRESENTATION_CONTEXT('2D SPACE',''
  ) );
#4153 = ORIENTED_EDGE('',*,*,#4154,.F.);
#4154 = EDGE_CURVE('',#4155,#4133,#4157,.T.);
#4155 = VERTEX_POINT('',#4156);
#4156 = CARTESIAN_POINT('',(78.794236741104,95.935963486434,
    -5.832380380939E-16));
#4157 = SURFACE_CURVE('',#4158,(#4163,#4175),.PCURVE_S1.);
#4158 = ELLIPSE('',#4159,4.76824355819,4.7625);
#4159 = AXIS2_PLACEMENT_3D('',#4160,#4161,#4162);
#4160 = CARTESIAN_POINT('',(74.231312149677,94.551815444074,0.));
#4161 = DIRECTION('',(0.290284677254,-0.956940335732,0.));
#4162 = DIRECTION('',(0.956940335732,0.290284677254,0.));
#4163 = PCURVE('',#4040,#4164);
#4164 = DEFINITIONAL_REPRESENTATION('',(#4165),#4174);
#4165 = B_SPLINE_CURVE_WITH_KNOTS('',7,(#4166,#4167,#4168,#4169,#4170,
    #4171,#4172,#4173),.UNSPECIFIED.,.F.,.F.,(8,8),(0.,1.570796326795),
  .PIECEWISE_BEZIER_KNOTS.);
#4166 = CARTESIAN_POINT('',(4.712388980385,4.720714762526));
#4167 = CARTESIAN_POINT('',(4.936788455641,4.720714762526));
#4168 = CARTESIAN_POINT('',(5.161187930898,4.706969534047));
#4169 = CARTESIAN_POINT('',(5.385587406154,4.679481071059));
#4170 = CARTESIAN_POINT('',(5.60998688141,4.639937043608));
#4171 = CARTESIAN_POINT('',(5.834386356667,4.591751901731));
#4172 = CARTESIAN_POINT('',(6.058785831923,4.53925012771));
#4173 = CARTESIAN_POINT('',(6.28318530718,4.486748140499));
#4174 = ( GEOMETRIC_REPRESENTATION_CONTEXT(2) 
PARAMETRIC_REPRESENTATION_CONTEXT() REPRESENTATION_CONTEXT('2D SPACE',''
  ) );
#4175 = PCURVE('',#4176,#4181);
#4176 = CYLINDRICAL_SURFACE('',#4177,4.7625);
#4177 = AXIS2_PLACEMENT_3D('',#4178,#4179,#4180);
#4178 = CARTESIAN_POINT('',(74.231312149677,94.551815444074,0.));
#4179 = DIRECTION('',(0.242980179903,-0.970031253195,0.));
#4180 = DIRECTION('',(-1.076951031903E-16,-2.697621902562E-17,1.));
#4181 = DEFINITIONAL_REPRESENTATION('',(#4182),#4191);
#4182 = B_SPLINE_CURVE_WITH_KNOTS('',7,(#4183,#4184,#4185,#4186,#4187,
    #4188,#4189,#4190),.UNSPECIFIED.,.F.,.F.,(8,8),(0.,1.570796326795),
  .PIECEWISE_BEZIER_KNOTS.);
#4183 = CARTESIAN_POINT('',(4.712388980385,-0.233966622027));
#4184 = CARTESIAN_POINT('',(4.936788455641,-0.233966622027));
#4185 = CARTESIAN_POINT('',(5.161187930897,-0.220221393548));
#4186 = CARTESIAN_POINT('',(5.385587406154,-0.19273293056));
#4187 = CARTESIAN_POINT('',(5.60998688141,-0.153188903109));
#4188 = CARTESIAN_POINT('',(5.834386356667,-0.105003761232));
#4189 = CARTESIAN_POINT('',(6.058785831923,-5.250198721026E-02));
#4190 = CARTESIAN_POINT('',(6.28318530718,1.42108547152E-13));
#4191 = ( GEOMETRIC_REPRESENTATION_CONTEXT(2) 
PARAMETRIC_REPRESENTATION_CONTEXT() REPRESENTATION_CONTEXT('2D SPACE',''
  ) );
#4192 = ORIENTED_EDGE('',*,*,#4193,.F.);
#4193 = EDGE_CURVE('',#4194,#4155,#4196,.T.);
#4194 = VERTEX_POINT('',#4195);
#4195 = CARTESIAN_POINT('',(74.231312149677,94.551815444074,-4.7625));
#4196 = SURFACE_CURVE('',#4197,(#4202,#4214),.PCURVE_S1.);
#4197 = ELLIPSE('',#4198,4.76824355819,4.7625);
#4198 = AXIS2_PLACEMENT_3D('',#4199,#4200,#4201);
#4199 = CARTESIAN_POINT('',(74.231312149677,94.551815444074,0.));
#4200 = DIRECTION('',(0.290284677254,-0.956940335732,0.));
#4201 = DIRECTION('',(0.956940335732,0.290284677254,0.));
#4202 = PCURVE('',#4040,#4203);
#4203 = DEFINITIONAL_REPRESENTATION('',(#4204),#4213);
#4204 = B_SPLINE_CURVE_WITH_KNOTS('',7,(#4205,#4206,#4207,#4208,#4209,
    #4210,#4211,#4212),.UNSPECIFIED.,.F.,.F.,(8,8),(4.712388980385,
    6.28318530718),.PIECEWISE_BEZIER_KNOTS.);
#4205 = CARTESIAN_POINT('',(3.14159265359,4.486748140499));
#4206 = CARTESIAN_POINT('',(3.365992128846,4.53925012771));
#4207 = CARTESIAN_POINT('',(3.590391604103,4.591751901731));
#4208 = CARTESIAN_POINT('',(3.814791079359,4.639937043608));
#4209 = CARTESIAN_POINT('',(4.039190554616,4.679481071059));
#4210 = CARTESIAN_POINT('',(4.263590029872,4.706969534047));
#4211 = CARTESIAN_POINT('',(4.487989505128,4.720714762526));
#4212 = CARTESIAN_POINT('',(4.712388980385,4.720714762526));
#4213 = ( GEOMETRIC_REPRESENTATION_CONTEXT(2) 
PARAMETRIC_REPRESENTATION_CONTEXT() REPRESENTATION_CONTEXT('2D SPACE',''
  ) );
#4214 = PCURVE('',#4176,#4215);
#4215 = DEFINITIONAL_REPRESENTATION('',(#4216),#4225);
#4216 = B_SPLINE_CURVE_WITH_KNOTS('',7,(#4217,#4218,#4219,#4220,#4221,
    #4222,#4223,#4224),.UNSPECIFIED.,.F.,.F.,(8,8),(4.712388980385,
    6.28318530718),.PIECEWISE_BEZIER_KNOTS.);
#4217 = CARTESIAN_POINT('',(3.14159265359,1.42108547152E-13));
#4218 = CARTESIAN_POINT('',(3.365992128846,-5.250198721026E-02));
#4219 = CARTESIAN_POINT('',(3.590391604102,-0.105003761232));
#4220 = CARTESIAN_POINT('',(3.81479107936,-0.153188903109));
#4221 = CARTESIAN_POINT('',(4.039190554615,-0.19273293056));
#4222 = CARTESIAN_POINT('',(4.263590029872,-0.220221393548));
#4223 = CARTESIAN_POINT('',(4.487989505128,-0.233966622027));
#4224 = CARTESIAN_POINT('',(4.712388980385,-0.233966622027));
#4225 = ( GEOMETRIC_REPRESENTATION_CONTEXT(2) 
PARAMETRIC_REPRESENTATION_CONTEXT() REPRESENTATION_CONTEXT('2D SPACE',''
  ) );
#4226 = ORIENTED_EDGE('',*,*,#4227,.F.);
#4227 = EDGE_CURVE('',#4133,#4194,#4228,.T.);
#4228 = SURFACE_CURVE('',#4229,(#4234,#4247),.PCURVE_S1.);
#4229 = ELLIPSE('',#4230,4.76824355819,4.7625);
#4230 = AXIS2_PLACEMENT_3D('',#4231,#4232,#4233);
#4231 = CARTESIAN_POINT('',(74.231312149677,94.551815444074,0.));
#4232 = DIRECTION('',(0.290284677254,-0.956940335732,0.));
#4233 = DIRECTION('',(0.956940335732,0.290284677254,0.));
#4234 = PCURVE('',#4040,#4235);
#4235 = DEFINITIONAL_REPRESENTATION('',(#4236),#4246);
#4236 = B_SPLINE_CURVE_WITH_KNOTS('',8,(#4237,#4238,#4239,#4240,#4241,
    #4242,#4243,#4244,#4245),.UNSPECIFIED.,.F.,.F.,(9,9),(1.570796326795
    ,4.712388980385),.PIECEWISE_BEZIER_KNOTS.);
#4237 = CARTESIAN_POINT('',(0.,4.486748140499));
#4238 = CARTESIAN_POINT('',(0.392699081699,4.394869662881));
#4239 = CARTESIAN_POINT('',(0.785398163396,4.302990452667));
#4240 = CARTESIAN_POINT('',(1.178097245094,4.232709679452));
#4241 = CARTESIAN_POINT('',(1.570796326792,4.205567394256));
#4242 = CARTESIAN_POINT('',(1.963495408494,4.232709679455));
#4243 = CARTESIAN_POINT('',(2.356194490191,4.302990452667));
#4244 = CARTESIAN_POINT('',(2.748893571891,4.394869662881));
#4245 = CARTESIAN_POINT('',(3.14159265359,4.486748140499));
#4246 = ( GEOMETRIC_REPRESENTATION_CONTEXT(2) 
PARAMETRIC_REPRESENTATION_CONTEXT() REPRESENTATION_CONTEXT('2D SPACE',''
  ) );
#4247 = PCURVE('',#4176,#4248);
#4248 = DEFINITIONAL_REPRESENTATION('',(#4249),#4259);
#4249 = B_SPLINE_CURVE_WITH_KNOTS('',8,(#4250,#4251,#4252,#4253,#4254,
    #4255,#4256,#4257,#4258),.UNSPECIFIED.,.F.,.F.,(9,9),(1.570796326795
    ,4.712388980385),.PIECEWISE_BEZIER_KNOTS.);
#4250 = CARTESIAN_POINT('',(0.,1.42108547152E-13));
#4251 = CARTESIAN_POINT('',(0.392699081699,9.187847761834E-02));
#4252 = CARTESIAN_POINT('',(0.785398163398,0.183757687831));
#4253 = CARTESIAN_POINT('',(1.178097245091,0.254038461046));
#4254 = CARTESIAN_POINT('',(1.570796326796,0.281180746235));
#4255 = CARTESIAN_POINT('',(1.963495408492,0.254038461046));
#4256 = CARTESIAN_POINT('',(2.356194490193,0.183757687831));
#4257 = CARTESIAN_POINT('',(2.748893571891,9.187847761834E-02));
#4258 = CARTESIAN_POINT('',(3.14159265359,1.42108547152E-13));
#4259 = ( GEOMETRIC_REPRESENTATION_CONTEXT(2) 
PARAMETRIC_REPRESENTATION_CONTEXT() REPRESENTATION_CONTEXT('2D SPACE',''
  ) );
#4260 = ORIENTED_EDGE('',*,*,#4132,.F.);
#4261 = ORIENTED_EDGE('',*,*,#4091,.T.);
#4262 = ORIENTED_EDGE('',*,*,#4057,.T.);
#4263 = ORIENTED_EDGE('',*,*,#4018,.T.);
#4264 = ADVANCED_FACE('',(#4265),#4176,.T.);
#4265 = FACE_BOUND('',#4266,.T.);
#4266 = EDGE_LOOP('',(#4267,#4289,#4328,#4362,#4396,#4397,#4398,#4399));
#4267 = ORIENTED_EDGE('',*,*,#4268,.T.);
#4268 = EDGE_CURVE('',#4133,#4269,#4271,.T.);
#4269 = VERTEX_POINT('',#4270);
#4270 = CARTESIAN_POINT('',(75.321503020036,90.199529522577,4.7625));
#4271 = SEAM_CURVE('',#4272,(#4276,#4282),.PCURVE_S1.);
#4272 = LINE('',#4273,#4274);
#4273 = CARTESIAN_POINT('',(74.231312149677,94.551815444074,4.7625));
#4274 = VECTOR('',#4275,1.);
#4275 = DIRECTION('',(0.242980179903,-0.970031253195,0.));
#4276 = PCURVE('',#4176,#4277);
#4277 = DEFINITIONAL_REPRESENTATION('',(#4278),#4281);
#4278 = B_SPLINE_CURVE_WITH_KNOTS('',1,(#4279,#4280),.UNSPECIFIED.,.F.,
  .F.,(2,2),(-1.296403199132,5.783151339631),.PIECEWISE_BEZIER_KNOTS.);
#4279 = CARTESIAN_POINT('',(6.28318530718,-1.296403199132));
#4280 = CARTESIAN_POINT('',(6.28318530718,5.783151339631));
#4281 = ( GEOMETRIC_REPRESENTATION_CONTEXT(2) 
PARAMETRIC_REPRESENTATION_CONTEXT() REPRESENTATION_CONTEXT('2D SPACE',''
  ) );
#4282 = PCURVE('',#4176,#4283);
#4283 = DEFINITIONAL_REPRESENTATION('',(#4284),#4288);
#4284 = LINE('',#4285,#4286);
#4285 = CARTESIAN_POINT('',(0.,0.));
#4286 = VECTOR('',#4287,1.);
#4287 = DIRECTION('',(0.,1.));
#4288 = ( GEOMETRIC_REPRESENTATION_CONTEXT(2) 
PARAMETRIC_REPRESENTATION_CONTEXT() REPRESENTATION_CONTEXT('2D SPACE',''
  ) );
#4289 = ORIENTED_EDGE('',*,*,#4290,.F.);
#4290 = EDGE_CURVE('',#4291,#4269,#4293,.T.);
#4291 = VERTEX_POINT('',#4292);
#4292 = CARTESIAN_POINT('',(79.998126115286,91.129767693796,
    -5.832380380939E-16));
#4293 = SURFACE_CURVE('',#4294,(#4299,#4311),.PCURVE_S1.);
#4294 = ELLIPSE('',#4295,4.76824355819,4.7625);
#4295 = AXIS2_PLACEMENT_3D('',#4296,#4297,#4298);
#4296 = CARTESIAN_POINT('',(75.321503020036,90.199529522577,0.));
#4297 = DIRECTION('',(0.195090322016,-0.980785280403,0.));
#4298 = DIRECTION('',(0.980785280403,0.195090322016,0.));
#4299 = PCURVE('',#4176,#4300);
#4300 = DEFINITIONAL_REPRESENTATION('',(#4301),#4310);
#4301 = B_SPLINE_CURVE_WITH_KNOTS('',7,(#4302,#4303,#4304,#4305,#4306,
    #4307,#4308,#4309),.UNSPECIFIED.,.F.,.F.,(8,8),(0.,1.570796326795),
  .PIECEWISE_BEZIER_KNOTS.);
#4302 = CARTESIAN_POINT('',(4.712388980385,4.720714762526));
#4303 = CARTESIAN_POINT('',(4.936788455641,4.720714762526));
#4304 = CARTESIAN_POINT('',(5.161187930898,4.706969534048));
#4305 = CARTESIAN_POINT('',(5.385587406154,4.679481071059));
#4306 = CARTESIAN_POINT('',(5.609986881411,4.639937043609));
#4307 = CARTESIAN_POINT('',(5.834386356667,4.591751901731));
#4308 = CARTESIAN_POINT('',(6.058785831923,4.53925012771));
#4309 = CARTESIAN_POINT('',(6.28318530718,4.486748140499));
#4310 = ( GEOMETRIC_REPRESENTATION_CONTEXT(2) 
PARAMETRIC_REPRESENTATION_CONTEXT() REPRESENTATION_CONTEXT('2D SPACE',''
  ) );
#4311 = PCURVE('',#4312,#4317);
#4312 = CYLINDRICAL_SURFACE('',#4313,4.7625);
#4313 = AXIS2_PLACEMENT_3D('',#4314,#4315,#4316);
#4314 = CARTESIAN_POINT('',(75.321503020036,90.199529522577,0.));
#4315 = DIRECTION('',(0.146730474455,-0.989176509965,0.));
#4316 = DIRECTION('',(-1.098206536781E-16,-1.629035511545E-17,1.));
#4317 = DEFINITIONAL_REPRESENTATION('',(#4318),#4327);
#4318 = B_SPLINE_CURVE_WITH_KNOTS('',7,(#4319,#4320,#4321,#4322,#4323,
    #4324,#4325,#4326),.UNSPECIFIED.,.F.,.F.,(8,8),(0.,1.570796326795),
  .PIECEWISE_BEZIER_KNOTS.);
#4319 = CARTESIAN_POINT('',(4.712388980385,-0.233966622027));
#4320 = CARTESIAN_POINT('',(4.936788455641,-0.233966622027));
#4321 = CARTESIAN_POINT('',(5.161187930898,-0.220221393547));
#4322 = CARTESIAN_POINT('',(5.385587406154,-0.19273293056));
#4323 = CARTESIAN_POINT('',(5.60998688141,-0.153188903109));
#4324 = CARTESIAN_POINT('',(5.834386356667,-0.105003761232));
#4325 = CARTESIAN_POINT('',(6.058785831923,-5.250198721007E-02));
#4326 = CARTESIAN_POINT('',(6.28318530718,3.126388037344E-13));
#4327 = ( GEOMETRIC_REPRESENTATION_CONTEXT(2) 
PARAMETRIC_REPRESENTATION_CONTEXT() REPRESENTATION_CONTEXT('2D SPACE',''
  ) );
#4328 = ORIENTED_EDGE('',*,*,#4329,.F.);
#4329 = EDGE_CURVE('',#4330,#4291,#4332,.T.);
#4330 = VERTEX_POINT('',#4331);
#4331 = CARTESIAN_POINT('',(75.321503020036,90.199529522577,-4.7625));
#4332 = SURFACE_CURVE('',#4333,(#4338,#4350),.PCURVE_S1.);
#4333 = ELLIPSE('',#4334,4.76824355819,4.7625);
#4334 = AXIS2_PLACEMENT_3D('',#4335,#4336,#4337);
#4335 = CARTESIAN_POINT('',(75.321503020036,90.199529522577,0.));
#4336 = DIRECTION('',(0.195090322016,-0.980785280403,0.));
#4337 = DIRECTION('',(0.980785280403,0.195090322016,0.));
#4338 = PCURVE('',#4176,#4339);
#4339 = DEFINITIONAL_REPRESENTATION('',(#4340),#4349);
#4340 = B_SPLINE_CURVE_WITH_KNOTS('',7,(#4341,#4342,#4343,#4344,#4345,
    #4346,#4347,#4348),.UNSPECIFIED.,.F.,.F.,(8,8),(4.712388980385,
    6.28318530718),.PIECEWISE_BEZIER_KNOTS.);
#4341 = CARTESIAN_POINT('',(3.14159265359,4.486748140499));
#4342 = CARTESIAN_POINT('',(3.365992128846,4.53925012771));
#4343 = CARTESIAN_POINT('',(3.590391604102,4.591751901731));
#4344 = CARTESIAN_POINT('',(3.814791079361,4.639937043611));
#4345 = CARTESIAN_POINT('',(4.039190554615,4.679481071058));
#4346 = CARTESIAN_POINT('',(4.263590029872,4.706969534048));
#4347 = CARTESIAN_POINT('',(4.487989505128,4.720714762526));
#4348 = CARTESIAN_POINT('',(4.712388980385,4.720714762526));
#4349 = ( GEOMETRIC_REPRESENTATION_CONTEXT(2) 
PARAMETRIC_REPRESENTATION_CONTEXT() REPRESENTATION_CONTEXT('2D SPACE',''
  ) );
#4350 = PCURVE('',#4312,#4351);
#4351 = DEFINITIONAL_REPRESENTATION('',(#4352),#4361);
#4352 = B_SPLINE_CURVE_WITH_KNOTS('',7,(#4353,#4354,#4355,#4356,#4357,
    #4358,#4359,#4360),.UNSPECIFIED.,.F.,.F.,(8,8),(4.712388980385,
    6.28318530718),.PIECEWISE_BEZIER_KNOTS.);
#4353 = CARTESIAN_POINT('',(3.14159265359,3.126388037344E-13));
#4354 = CARTESIAN_POINT('',(3.365992128846,-5.250198721007E-02));
#4355 = CARTESIAN_POINT('',(3.590391604102,-0.105003761232));
#4356 = CARTESIAN_POINT('',(3.814791079361,-0.153188903109));
#4357 = CARTESIAN_POINT('',(4.039190554614,-0.19273293056));
#4358 = CARTESIAN_POINT('',(4.263590029872,-0.220221393547));
#4359 = CARTESIAN_POINT('',(4.487989505128,-0.233966622027));
#4360 = CARTESIAN_POINT('',(4.712388980385,-0.233966622027));
#4361 = ( GEOMETRIC_REPRESENTATION_CONTEXT(2) 
PARAMETRIC_REPRESENTATION_CONTEXT() REPRESENTATION_CONTEXT('2D SPACE',''
  ) );
#4362 = ORIENTED_EDGE('',*,*,#4363,.F.);
#4363 = EDGE_CURVE('',#4269,#4330,#4364,.T.);
#4364 = SURFACE_CURVE('',#4365,(#4370,#4383),.PCURVE_S1.);
#4365 = ELLIPSE('',#4366,4.76824355819,4.7625);
#4366 = AXIS2_PLACEMENT_3D('',#4367,#4368,#4369);
#4367 = CARTESIAN_POINT('',(75.321503020036,90.199529522577,0.));
#4368 = DIRECTION('',(0.195090322016,-0.980785280403,0.));
#4369 = DIRECTION('',(0.980785280403,0.195090322016,0.));
#4370 = PCURVE('',#4176,#4371);
#4371 = DEFINITIONAL_REPRESENTATION('',(#4372),#4382);
#4372 = B_SPLINE_CURVE_WITH_KNOTS('',8,(#4373,#4374,#4375,#4376,#4377,
    #4378,#4379,#4380,#4381),.UNSPECIFIED.,.F.,.F.,(9,9),(1.570796326795
    ,4.712388980385),.PIECEWISE_BEZIER_KNOTS.);
#4373 = CARTESIAN_POINT('',(2.98390650188E-15,4.486748140499));
#4374 = CARTESIAN_POINT('',(0.392699081699,4.394869662881));
#4375 = CARTESIAN_POINT('',(0.785398163399,4.302990452667));
#4376 = CARTESIAN_POINT('',(1.178097245091,4.232709679446));
#4377 = CARTESIAN_POINT('',(1.570796326799,4.205567394268));
#4378 = CARTESIAN_POINT('',(1.963495408487,4.232709679447));
#4379 = CARTESIAN_POINT('',(2.356194490193,4.302990452668));
#4380 = CARTESIAN_POINT('',(2.748893571891,4.394869662881));
#4381 = CARTESIAN_POINT('',(3.14159265359,4.486748140499));
#4382 = ( GEOMETRIC_REPRESENTATION_CONTEXT(2) 
PARAMETRIC_REPRESENTATION_CONTEXT() REPRESENTATION_CONTEXT('2D SPACE',''
  ) );
#4383 = PCURVE('',#4312,#4384);
#4384 = DEFINITIONAL_REPRESENTATION('',(#4385),#4395);
#4385 = B_SPLINE_CURVE_WITH_KNOTS('',8,(#4386,#4387,#4388,#4389,#4390,
    #4391,#4392,#4393,#4394),.UNSPECIFIED.,.F.,.F.,(9,9),(1.570796326795
    ,4.712388980385),.PIECEWISE_BEZIER_KNOTS.);
#4386 = CARTESIAN_POINT('',(2.98390650188E-15,3.126388037344E-13));
#4387 = CARTESIAN_POINT('',(0.392699081699,9.187847761849E-02));
#4388 = CARTESIAN_POINT('',(0.785398163399,0.183757687831));
#4389 = CARTESIAN_POINT('',(1.178097245091,0.254038461046));
#4390 = CARTESIAN_POINT('',(1.570796326799,0.281180746236));
#4391 = CARTESIAN_POINT('',(1.963495408487,0.254038461046));
#4392 = CARTESIAN_POINT('',(2.356194490193,0.183757687831));
#4393 = CARTESIAN_POINT('',(2.748893571891,9.187847761849E-02));
#4394 = CARTESIAN_POINT('',(3.14159265359,3.126388037344E-13));
#4395 = ( GEOMETRIC_REPRESENTATION_CONTEXT(2) 
PARAMETRIC_REPRESENTATION_CONTEXT() REPRESENTATION_CONTEXT('2D SPACE',''
  ) );
#4396 = ORIENTED_EDGE('',*,*,#4268,.F.);
#4397 = ORIENTED_EDGE('',*,*,#4227,.T.);
#4398 = ORIENTED_EDGE('',*,*,#4193,.T.);
#4399 = ORIENTED_EDGE('',*,*,#4154,.T.);
#4400 = ADVANCED_FACE('',(#4401),#4312,.T.);
#4401 = FACE_BOUND('',#4402,.T.);
#4402 = EDGE_LOOP('',(#4403,#4425,#4464,#4498,#4532,#4533,#4534,#4535));
#4403 = ORIENTED_EDGE('',*,*,#4404,.T.);
#4404 = EDGE_CURVE('',#4269,#4405,#4407,.T.);
#4405 = VERTEX_POINT('',#4406);
#4406 = CARTESIAN_POINT('',(75.979845703453,85.761343655868,4.7625));
#4407 = SEAM_CURVE('',#4408,(#4412,#4418),.PCURVE_S1.);
#4408 = LINE('',#4409,#4410);
#4409 = CARTESIAN_POINT('',(75.321503020036,90.199529522577,4.7625));
#4410 = VECTOR('',#4411,1.);
#4411 = DIRECTION('',(0.146730474455,-0.989176509965,0.));
#4412 = PCURVE('',#4312,#4413);
#4413 = DEFINITIONAL_REPRESENTATION('',(#4414),#4417);
#4414 = B_SPLINE_CURVE_WITH_KNOTS('',1,(#4415,#4416),.UNSPECIFIED.,.F.,
  .F.,(2,2),(-1.296403199132,5.783151339631),.PIECEWISE_BEZIER_KNOTS.);
#4415 = CARTESIAN_POINT('',(6.28318530718,-1.296403199132));
#4416 = CARTESIAN_POINT('',(6.28318530718,5.783151339631));
#4417 = ( GEOMETRIC_REPRESENTATION_CONTEXT(2) 
PARAMETRIC_REPRESENTATION_CONTEXT() REPRESENTATION_CONTEXT('2D SPACE',''
  ) );
#4418 = PCURVE('',#4312,#4419);
#4419 = DEFINITIONAL_REPRESENTATION('',(#4420),#4424);
#4420 = LINE('',#4421,#4422);
#4421 = CARTESIAN_POINT('',(0.,0.));
#4422 = VECTOR('',#4423,1.);
#4423 = DIRECTION('',(0.,1.));
#4424 = ( GEOMETRIC_REPRESENTATION_CONTEXT(2) 
PARAMETRIC_REPRESENTATION_CONTEXT() REPRESENTATION_CONTEXT('2D SPACE',''
  ) );
#4425 = ORIENTED_EDGE('',*,*,#4426,.F.);
#4426 = EDGE_CURVE('',#4427,#4405,#4429,.T.);
#4427 = VERTEX_POINT('',#4428);
#4428 = CARTESIAN_POINT('',(80.725128865617,86.228713253836,
    -5.832380380939E-16));
#4429 = SURFACE_CURVE('',#4430,(#4435,#4447),.PCURVE_S1.);
#4430 = ELLIPSE('',#4431,4.76824355819,4.7625);
#4431 = AXIS2_PLACEMENT_3D('',#4432,#4433,#4434);
#4432 = CARTESIAN_POINT('',(75.979845703453,85.761343655868,0.));
#4433 = DIRECTION('',(9.801714032956E-02,-0.995184726672,0.));
#4434 = DIRECTION('',(0.995184726672,9.801714032956E-02,0.));
#4435 = PCURVE('',#4312,#4436);
#4436 = DEFINITIONAL_REPRESENTATION('',(#4437),#4446);
#4437 = B_SPLINE_CURVE_WITH_KNOTS('',7,(#4438,#4439,#4440,#4441,#4442,
    #4443,#4444,#4445),.UNSPECIFIED.,.F.,.F.,(8,8),(0.,1.570796326795),
  .PIECEWISE_BEZIER_KNOTS.);
#4438 = CARTESIAN_POINT('',(4.712388980385,4.720714762526));
#4439 = CARTESIAN_POINT('',(4.936788455641,4.720714762526));
#4440 = CARTESIAN_POINT('',(5.161187930898,4.706969534048));
#4441 = CARTESIAN_POINT('',(5.385587406154,4.679481071056));
#4442 = CARTESIAN_POINT('',(5.609986881411,4.639937043611));
#4443 = CARTESIAN_POINT('',(5.834386356667,4.591751901729));
#4444 = CARTESIAN_POINT('',(6.058785831923,4.539250127709));
#4445 = CARTESIAN_POINT('',(6.28318530718,4.486748140499));
#4446 = ( GEOMETRIC_REPRESENTATION_CONTEXT(2) 
PARAMETRIC_REPRESENTATION_CONTEXT() REPRESENTATION_CONTEXT('2D SPACE',''
  ) );
#4447 = PCURVE('',#4448,#4453);
#4448 = CYLINDRICAL_SURFACE('',#4449,4.7625);
#4449 = AXIS2_PLACEMENT_3D('',#4450,#4451,#4452);
#4450 = CARTESIAN_POINT('',(75.979845703453,85.761343655868,0.));
#4451 = DIRECTION('',(4.906767432742E-02,-0.998795456205,0.));
#4452 = DIRECTION('',(-1.10888571237E-16,-5.447606180311E-18,1.));
#4453 = DEFINITIONAL_REPRESENTATION('',(#4454),#4463);
#4454 = B_SPLINE_CURVE_WITH_KNOTS('',7,(#4455,#4456,#4457,#4458,#4459,
    #4460,#4461,#4462),.UNSPECIFIED.,.F.,.F.,(8,8),(0.,1.570796326795),
  .PIECEWISE_BEZIER_KNOTS.);
#4455 = CARTESIAN_POINT('',(4.712388980385,-0.233966622027));
#4456 = CARTESIAN_POINT('',(4.936788455641,-0.233966622027));
#4457 = CARTESIAN_POINT('',(5.161187930898,-0.220221393548));
#4458 = CARTESIAN_POINT('',(5.385587406154,-0.19273293056));
#4459 = CARTESIAN_POINT('',(5.609986881411,-0.15318890311));
#4460 = CARTESIAN_POINT('',(5.834386356667,-0.105003761232));
#4461 = CARTESIAN_POINT('',(6.058785831923,-5.250198721065E-02));
#4462 = CARTESIAN_POINT('',(6.28318530718,-2.557953848736E-13));
#4463 = ( GEOMETRIC_REPRESENTATION_CONTEXT(2) 
PARAMETRIC_REPRESENTATION_CONTEXT() REPRESENTATION_CONTEXT('2D SPACE',''
  ) );
#4464 = ORIENTED_EDGE('',*,*,#4465,.F.);
#4465 = EDGE_CURVE('',#4466,#4427,#4468,.T.);
#4466 = VERTEX_POINT('',#4467);
#4467 = CARTESIAN_POINT('',(75.979845703453,85.761343655868,-4.7625));
#4468 = SURFACE_CURVE('',#4469,(#4474,#4486),.PCURVE_S1.);
#4469 = ELLIPSE('',#4470,4.76824355819,4.7625);
#4470 = AXIS2_PLACEMENT_3D('',#4471,#4472,#4473);
#4471 = CARTESIAN_POINT('',(75.979845703453,85.761343655868,0.));
#4472 = DIRECTION('',(9.801714032956E-02,-0.995184726672,0.));
#4473 = DIRECTION('',(0.995184726672,9.801714032956E-02,0.));
#4474 = PCURVE('',#4312,#4475);
#4475 = DEFINITIONAL_REPRESENTATION('',(#4476),#4485);
#4476 = B_SPLINE_CURVE_WITH_KNOTS('',7,(#4477,#4478,#4479,#4480,#4481,
    #4482,#4483,#4484),.UNSPECIFIED.,.F.,.F.,(8,8),(4.712388980385,
    6.28318530718),.PIECEWISE_BEZIER_KNOTS.);
#4477 = CARTESIAN_POINT('',(3.14159265359,4.486748140499));
#4478 = CARTESIAN_POINT('',(3.365992128846,4.539250127709));
#4479 = CARTESIAN_POINT('',(3.590391604102,4.59175190173));
#4480 = CARTESIAN_POINT('',(3.814791079361,4.639937043609));
#4481 = CARTESIAN_POINT('',(4.039190554615,4.679481071058));
#4482 = CARTESIAN_POINT('',(4.263590029872,4.706969534047));
#4483 = CARTESIAN_POINT('',(4.487989505128,4.720714762526));
#4484 = CARTESIAN_POINT('',(4.712388980385,4.720714762526));
#4485 = ( GEOMETRIC_REPRESENTATION_CONTEXT(2) 
PARAMETRIC_REPRESENTATION_CONTEXT() REPRESENTATION_CONTEXT('2D SPACE',''
  ) );
#4486 = PCURVE('',#4448,#4487);
#4487 = DEFINITIONAL_REPRESENTATION('',(#4488),#4497);
#4488 = B_SPLINE_CURVE_WITH_KNOTS('',7,(#4489,#4490,#4491,#4492,#4493,
    #4494,#4495,#4496),.UNSPECIFIED.,.F.,.F.,(8,8),(4.712388980385,
    6.28318530718),.PIECEWISE_BEZIER_KNOTS.);
#4489 = CARTESIAN_POINT('',(3.14159265359,-2.557953848736E-13));
#4490 = CARTESIAN_POINT('',(3.365992128846,-5.250198721065E-02));
#4491 = CARTESIAN_POINT('',(3.590391604102,-0.105003761232));
#4492 = CARTESIAN_POINT('',(3.81479107936,-0.153188903109));
#4493 = CARTESIAN_POINT('',(4.039190554615,-0.19273293056));
#4494 = CARTESIAN_POINT('',(4.263590029872,-0.220221393548));
#4495 = CARTESIAN_POINT('',(4.487989505128,-0.233966622027));
#4496 = CARTESIAN_POINT('',(4.712388980385,-0.233966622027));
#4497 = ( GEOMETRIC_REPRESENTATION_CONTEXT(2) 
PARAMETRIC_REPRESENTATION_CONTEXT() REPRESENTATION_CONTEXT('2D SPACE',''
  ) );
#4498 = ORIENTED_EDGE('',*,*,#4499,.F.);
#4499 = EDGE_CURVE('',#4405,#4466,#4500,.T.);
#4500 = SURFACE_CURVE('',#4501,(#4506,#4519),.PCURVE_S1.);
#4501 = ELLIPSE('',#4502,4.76824355819,4.7625);
#4502 = AXIS2_PLACEMENT_3D('',#4503,#4504,#4505);
#4503 = CARTESIAN_POINT('',(75.979845703453,85.761343655868,0.));
#4504 = DIRECTION('',(9.801714032956E-02,-0.995184726672,0.));
#4505 = DIRECTION('',(0.995184726672,9.801714032956E-02,0.));
#4506 = PCURVE('',#4312,#4507);
#4507 = DEFINITIONAL_REPRESENTATION('',(#4508),#4518);
#4508 = B_SPLINE_CURVE_WITH_KNOTS('',8,(#4509,#4510,#4511,#4512,#4513,
    #4514,#4515,#4516,#4517),.UNSPECIFIED.,.F.,.F.,(9,9),(1.570796326795
    ,4.712388980385),.PIECEWISE_BEZIER_KNOTS.);
#4509 = CARTESIAN_POINT('',(0.,4.486748140499));
#4510 = CARTESIAN_POINT('',(0.392699081699,4.394869662881));
#4511 = CARTESIAN_POINT('',(0.785398163396,4.30299045267));
#4512 = CARTESIAN_POINT('',(1.178097245096,4.232709679435));
#4513 = CARTESIAN_POINT('',(1.57079632679,4.205567394277));
#4514 = CARTESIAN_POINT('',(1.963495408496,4.232709679433));
#4515 = CARTESIAN_POINT('',(2.356194490191,4.30299045267));
#4516 = CARTESIAN_POINT('',(2.748893571891,4.394869662881));
#4517 = CARTESIAN_POINT('',(3.14159265359,4.486748140499));
#4518 = ( GEOMETRIC_REPRESENTATION_CONTEXT(2) 
PARAMETRIC_REPRESENTATION_CONTEXT() REPRESENTATION_CONTEXT('2D SPACE',''
  ) );
#4519 = PCURVE('',#4448,#4520);
#4520 = DEFINITIONAL_REPRESENTATION('',(#4521),#4531);
#4521 = B_SPLINE_CURVE_WITH_KNOTS('',8,(#4522,#4523,#4524,#4525,#4526,
    #4527,#4528,#4529,#4530),.UNSPECIFIED.,.F.,.F.,(9,9),(1.570796326795
    ,4.712388980385),.PIECEWISE_BEZIER_KNOTS.);
#4522 = CARTESIAN_POINT('',(0.,-2.557953848736E-13));
#4523 = CARTESIAN_POINT('',(0.392699081699,9.187847761794E-02));
#4524 = CARTESIAN_POINT('',(0.785398163398,0.18375768783));
#4525 = CARTESIAN_POINT('',(1.178097245093,0.254038461046));
#4526 = CARTESIAN_POINT('',(1.570796326795,0.281180746235));
#4527 = CARTESIAN_POINT('',(1.96349540849,0.254038461046));
#4528 = CARTESIAN_POINT('',(2.356194490192,0.18375768783));
#4529 = CARTESIAN_POINT('',(2.748893571891,9.187847761794E-02));
#4530 = CARTESIAN_POINT('',(3.14159265359,-2.557953848736E-13));
#4531 = ( GEOMETRIC_REPRESENTATION_CONTEXT(2) 
PARAMETRIC_REPRESENTATION_CONTEXT() REPRESENTATION_CONTEXT('2D SPACE',''
  ) );
#4532 = ORIENTED_EDGE('',*,*,#4404,.F.);
#4533 = ORIENTED_EDGE('',*,*,#4363,.T.);
#4534 = ORIENTED_EDGE('',*,*,#4329,.T.);
#4535 = ORIENTED_EDGE('',*,*,#4290,.T.);
#4536 = ADVANCED_FACE('',(#4537),#4448,.T.);
#4537 = FACE_BOUND('',#4538,.T.);
#4538 = EDGE_LOOP('',(#4539,#4561,#4600,#4634,#4668,#4669,#4670,#4671));
#4539 = ORIENTED_EDGE('',*,*,#4540,.T.);
#4540 = EDGE_CURVE('',#4405,#4541,#4543,.T.);
#4541 = VERTEX_POINT('',#4542);
#4542 = CARTESIAN_POINT('',(76.2,81.28,4.7625));
#4543 = SEAM_CURVE('',#4544,(#4548,#4554),.PCURVE_S1.);
#4544 = LINE('',#4545,#4546);
#4545 = CARTESIAN_POINT('',(75.979845703453,85.761343655868,4.7625));
#4546 = VECTOR('',#4547,1.);
#4547 = DIRECTION('',(4.906767432742E-02,-0.998795456205,0.));
#4548 = PCURVE('',#4448,#4549);
#4549 = DEFINITIONAL_REPRESENTATION('',(#4550),#4553);
#4550 = B_SPLINE_CURVE_WITH_KNOTS('',1,(#4551,#4552),.UNSPECIFIED.,.F.,
  .F.,(2,2),(-1.296403199132,5.139562124367),.PIECEWISE_BEZIER_KNOTS.);
#4551 = CARTESIAN_POINT('',(6.28318530718,-1.296403199132));
#4552 = CARTESIAN_POINT('',(6.28318530718,5.139562124367));
#4553 = ( GEOMETRIC_REPRESENTATION_CONTEXT(2) 
PARAMETRIC_REPRESENTATION_CONTEXT() REPRESENTATION_CONTEXT('2D SPACE',''
  ) );
#4554 = PCURVE('',#4448,#4555);
#4555 = DEFINITIONAL_REPRESENTATION('',(#4556),#4560);
#4556 = LINE('',#4557,#4558);
#4557 = CARTESIAN_POINT('',(0.,0.));
#4558 = VECTOR('',#4559,1.);
#4559 = DIRECTION('',(0.,1.));
#4560 = ( GEOMETRIC_REPRESENTATION_CONTEXT(2) 
PARAMETRIC_REPRESENTATION_CONTEXT() REPRESENTATION_CONTEXT('2D SPACE',''
  ) );
#4561 = ORIENTED_EDGE('',*,*,#4562,.F.);
#4562 = EDGE_CURVE('',#4563,#4541,#4565,.T.);
#4563 = VERTEX_POINT('',#4564);
#4564 = CARTESIAN_POINT('',(80.9625,81.396912812794,-5.832380380939E-16)
  );
#4565 = SURFACE_CURVE('',#4566,(#4571,#4583),.PCURVE_S1.);
#4566 = ELLIPSE('',#4567,4.763934808097,4.7625);
#4567 = AXIS2_PLACEMENT_3D('',#4568,#4569,#4570);
#4568 = CARTESIAN_POINT('',(76.2,81.28,0.));
#4569 = DIRECTION('',(2.454122852291E-02,-0.999698818696,0.));
#4570 = DIRECTION('',(0.999698818696,2.454122852291E-02,0.));
#4571 = PCURVE('',#4448,#4572);
#4572 = DEFINITIONAL_REPRESENTATION('',(#4573),#4582);
#4573 = B_SPLINE_CURVE_WITH_KNOTS('',7,(#4574,#4575,#4576,#4577,#4578,
    #4579,#4580,#4581),.UNSPECIFIED.,.F.,.F.,(8,8),(0.,1.570796326795),
  .PIECEWISE_BEZIER_KNOTS.);
#4574 = CARTESIAN_POINT('',(4.712388980385,4.603660953293));
#4575 = CARTESIAN_POINT('',(4.936788455641,4.603660953293));
#4576 = CARTESIAN_POINT('',(5.161187930897,4.59679248073));
#4577 = CARTESIAN_POINT('',(5.385587406154,4.583056531989));
#4578 = CARTESIAN_POINT('',(5.60998688141,4.563296433567));
#4579 = CARTESIAN_POINT('',(5.834386356667,4.539218381652));
#4580 = CARTESIAN_POINT('',(6.058785831923,4.512983314341));
#4581 = CARTESIAN_POINT('',(6.28318530718,4.486748140499));
#4582 = ( GEOMETRIC_REPRESENTATION_CONTEXT(2) 
PARAMETRIC_REPRESENTATION_CONTEXT() REPRESENTATION_CONTEXT('2D SPACE',''
  ) );
#4583 = PCURVE('',#4584,#4589);
#4584 = CYLINDRICAL_SURFACE('',#4585,4.7625);
#4585 = AXIS2_PLACEMENT_3D('',#4586,#4587,#4588);
#4586 = CARTESIAN_POINT('',(76.2,81.28,0.));
#4587 = DIRECTION('',(0.,-1.,0.));
#4588 = DIRECTION('',(-1.224646799147E-16,0.,1.));
#4589 = DEFINITIONAL_REPRESENTATION('',(#4590),#4599);
#4590 = B_SPLINE_CURVE_WITH_KNOTS('',7,(#4591,#4592,#4593,#4594,#4595,
    #4596,#4597,#4598),.UNSPECIFIED.,.F.,.F.,(8,8),(0.,1.570796326795),
  .PIECEWISE_BEZIER_KNOTS.);
#4591 = CARTESIAN_POINT('',(4.712388980385,-0.116912812794));
#4592 = CARTESIAN_POINT('',(4.936788455641,-0.116912812794));
#4593 = CARTESIAN_POINT('',(5.161187930897,-0.110044340231));
#4594 = CARTESIAN_POINT('',(5.385587406154,-9.63083914898E-02));
#4595 = CARTESIAN_POINT('',(5.60998688141,-7.654829306926E-02));
#4596 = CARTESIAN_POINT('',(5.834386356667,-5.247024115324E-02));
#4597 = CARTESIAN_POINT('',(6.058785831923,-2.623517384183E-02));
#4598 = CARTESIAN_POINT('',(6.28318530718,-1.563194018672E-13));
#4599 = ( GEOMETRIC_REPRESENTATION_CONTEXT(2) 
PARAMETRIC_REPRESENTATION_CONTEXT() REPRESENTATION_CONTEXT('2D SPACE',''
  ) );
#4600 = ORIENTED_EDGE('',*,*,#4601,.F.);
#4601 = EDGE_CURVE('',#4602,#4563,#4604,.T.);
#4602 = VERTEX_POINT('',#4603);
#4603 = CARTESIAN_POINT('',(76.2,81.28,-4.7625));
#4604 = SURFACE_CURVE('',#4605,(#4610,#4622),.PCURVE_S1.);
#4605 = ELLIPSE('',#4606,4.763934808097,4.7625);
#4606 = AXIS2_PLACEMENT_3D('',#4607,#4608,#4609);
#4607 = CARTESIAN_POINT('',(76.2,81.28,0.));
#4608 = DIRECTION('',(2.454122852291E-02,-0.999698818696,0.));
#4609 = DIRECTION('',(0.999698818696,2.454122852291E-02,0.));
#4610 = PCURVE('',#4448,#4611);
#4611 = DEFINITIONAL_REPRESENTATION('',(#4612),#4621);
#4612 = B_SPLINE_CURVE_WITH_KNOTS('',7,(#4613,#4614,#4615,#4616,#4617,
    #4618,#4619,#4620),.UNSPECIFIED.,.F.,.F.,(8,8),(4.712388980385,
    6.28318530718),.PIECEWISE_BEZIER_KNOTS.);
#4613 = CARTESIAN_POINT('',(3.14159265359,4.486748140499));
#4614 = CARTESIAN_POINT('',(3.365992128846,4.512983314341));
#4615 = CARTESIAN_POINT('',(3.590391604102,4.539218381652));
#4616 = CARTESIAN_POINT('',(3.814791079361,4.563296433568));
#4617 = CARTESIAN_POINT('',(4.039190554614,4.583056531988));
#4618 = CARTESIAN_POINT('',(4.263590029872,4.59679248073));
#4619 = CARTESIAN_POINT('',(4.487989505128,4.603660953293));
#4620 = CARTESIAN_POINT('',(4.712388980385,4.603660953293));
#4621 = ( GEOMETRIC_REPRESENTATION_CONTEXT(2) 
PARAMETRIC_REPRESENTATION_CONTEXT() REPRESENTATION_CONTEXT('2D SPACE',''
  ) );
#4622 = PCURVE('',#4584,#4623);
#4623 = DEFINITIONAL_REPRESENTATION('',(#4624),#4633);
#4624 = B_SPLINE_CURVE_WITH_KNOTS('',7,(#4625,#4626,#4627,#4628,#4629,
    #4630,#4631,#4632),.UNSPECIFIED.,.F.,.F.,(8,8),(4.712388980385,
    6.28318530718),.PIECEWISE_BEZIER_KNOTS.);
#4625 = CARTESIAN_POINT('',(3.14159265359,-1.563194018672E-13));
#4626 = CARTESIAN_POINT('',(3.365992128846,-2.623517384183E-02));
#4627 = CARTESIAN_POINT('',(3.590391604102,-5.247024115327E-02));
#4628 = CARTESIAN_POINT('',(3.814791079361,-7.654829306919E-02));
#4629 = CARTESIAN_POINT('',(4.039190554614,-9.630839148987E-02));
#4630 = CARTESIAN_POINT('',(4.263590029872,-0.110044340231));
#4631 = CARTESIAN_POINT('',(4.487989505128,-0.116912812794));
#4632 = CARTESIAN_POINT('',(4.712388980385,-0.116912812794));
#4633 = ( GEOMETRIC_REPRESENTATION_CONTEXT(2) 
PARAMETRIC_REPRESENTATION_CONTEXT() REPRESENTATION_CONTEXT('2D SPACE',''
  ) );
#4634 = ORIENTED_EDGE('',*,*,#4635,.F.);
#4635 = EDGE_CURVE('',#4541,#4602,#4636,.T.);
#4636 = SURFACE_CURVE('',#4637,(#4642,#4655),.PCURVE_S1.);
#4637 = ELLIPSE('',#4638,4.763934808097,4.7625);
#4638 = AXIS2_PLACEMENT_3D('',#4639,#4640,#4641);
#4639 = CARTESIAN_POINT('',(76.2,81.28,0.));
#4640 = DIRECTION('',(2.454122852291E-02,-0.999698818696,0.));
#4641 = DIRECTION('',(0.999698818696,2.454122852291E-02,0.));
#4642 = PCURVE('',#4448,#4643);
#4643 = DEFINITIONAL_REPRESENTATION('',(#4644),#4654);
#4644 = B_SPLINE_CURVE_WITH_KNOTS('',8,(#4645,#4646,#4647,#4648,#4649,
    #4650,#4651,#4652,#4653),.UNSPECIFIED.,.F.,.F.,(9,9),(1.570796326795
    ,4.712388980385),.PIECEWISE_BEZIER_KNOTS.);
#4645 = CARTESIAN_POINT('',(0.,4.486748140499));
#4646 = CARTESIAN_POINT('',(0.392699081699,4.440836586276));
#4647 = CARTESIAN_POINT('',(0.785398163399,4.394924665973));
#4648 = CARTESIAN_POINT('',(1.178097245088,4.359805456193));
#4649 = CARTESIAN_POINT('',(1.570796326801,4.346242492026));
#4650 = CARTESIAN_POINT('',(1.963495408484,4.35980545619));
#4651 = CARTESIAN_POINT('',(2.356194490193,4.394924665972));
#4652 = CARTESIAN_POINT('',(2.748893571891,4.440836586276));
#4653 = CARTESIAN_POINT('',(3.14159265359,4.486748140499));
#4654 = ( GEOMETRIC_REPRESENTATION_CONTEXT(2) 
PARAMETRIC_REPRESENTATION_CONTEXT() REPRESENTATION_CONTEXT('2D SPACE',''
  ) );
#4655 = PCURVE('',#4584,#4656);
#4656 = DEFINITIONAL_REPRESENTATION('',(#4657),#4667);
#4657 = B_SPLINE_CURVE_WITH_KNOTS('',8,(#4658,#4659,#4660,#4661,#4662,
    #4663,#4664,#4665,#4666),.UNSPECIFIED.,.F.,.F.,(9,9),(1.570796326795
    ,4.712388980385),.PIECEWISE_BEZIER_KNOTS.);
#4658 = CARTESIAN_POINT('',(0.,-1.563194018672E-13));
#4659 = CARTESIAN_POINT('',(0.392699081699,4.591155422277E-02));
#4660 = CARTESIAN_POINT('',(0.785398163399,9.182347452201E-02));
#4661 = CARTESIAN_POINT('',(1.178097245088,0.126942684308));
#4662 = CARTESIAN_POINT('',(1.570796326801,0.140505648459));
#4663 = CARTESIAN_POINT('',(1.963495408484,0.126942684308));
#4664 = CARTESIAN_POINT('',(2.356194490193,9.182347452202E-02));
#4665 = CARTESIAN_POINT('',(2.748893571891,4.591155422277E-02));
#4666 = CARTESIAN_POINT('',(3.14159265359,-1.563194018672E-13));
#4667 = ( GEOMETRIC_REPRESENTATION_CONTEXT(2) 
PARAMETRIC_REPRESENTATION_CONTEXT() REPRESENTATION_CONTEXT('2D SPACE',''
  ) );
#4668 = ORIENTED_EDGE('',*,*,#4540,.F.);
#4669 = ORIENTED_EDGE('',*,*,#4499,.T.);
#4670 = ORIENTED_EDGE('',*,*,#4465,.T.);
#4671 = ORIENTED_EDGE('',*,*,#4426,.T.);
#4672 = ADVANCED_FACE('',(#4673),#4584,.T.);
#4673 = FACE_BOUND('',#4674,.T.);
#4674 = EDGE_LOOP('',(#4675,#4697,#4724,#4725,#4726,#4727));
#4675 = ORIENTED_EDGE('',*,*,#4676,.T.);
#4676 = EDGE_CURVE('',#4541,#4677,#4679,.T.);
#4677 = VERTEX_POINT('',#4678);
#4678 = CARTESIAN_POINT('',(76.2,0.,4.7625));
#4679 = SEAM_CURVE('',#4680,(#4684,#4690),.PCURVE_S1.);
#4680 = LINE('',#4681,#4682);
#4681 = CARTESIAN_POINT('',(76.2,81.28,4.7625));
#4682 = VECTOR('',#4683,1.);
#4683 = DIRECTION('',(0.,-1.,0.));
#4684 = PCURVE('',#4584,#4685);
#4685 = DEFINITIONAL_REPRESENTATION('',(#4686),#4689);
#4686 = B_SPLINE_CURVE_WITH_KNOTS('',1,(#4687,#4688),.UNSPECIFIED.,.F.,
  .F.,(2,2),(-0.652813983868,81.28),.PIECEWISE_BEZIER_KNOTS.);
#4687 = CARTESIAN_POINT('',(6.28318530718,-0.652813983868));
#4688 = CARTESIAN_POINT('',(6.28318530718,81.28));
#4689 = ( GEOMETRIC_REPRESENTATION_CONTEXT(2) 
PARAMETRIC_REPRESENTATION_CONTEXT() REPRESENTATION_CONTEXT('2D SPACE',''
  ) );
#4690 = PCURVE('',#4584,#4691);
#4691 = DEFINITIONAL_REPRESENTATION('',(#4692),#4696);
#4692 = LINE('',#4693,#4694);
#4693 = CARTESIAN_POINT('',(0.,0.));
#4694 = VECTOR('',#4695,1.);
#4695 = DIRECTION('',(0.,1.));
#4696 = ( GEOMETRIC_REPRESENTATION_CONTEXT(2) 
PARAMETRIC_REPRESENTATION_CONTEXT() REPRESENTATION_CONTEXT('2D SPACE',''
  ) );
#4697 = ORIENTED_EDGE('',*,*,#4698,.F.);
#4698 = EDGE_CURVE('',#4677,#4677,#4699,.T.);
#4699 = SURFACE_CURVE('',#4700,(#4705,#4712),.PCURVE_S1.);
#4700 = CIRCLE('',#4701,4.7625);
#4701 = AXIS2_PLACEMENT_3D('',#4702,#4703,#4704);
#4702 = CARTESIAN_POINT('',(76.2,0.,0.));
#4703 = DIRECTION('',(0.,-1.,0.));
#4704 = DIRECTION('',(-1.224646799147E-16,0.,1.));
#4705 = PCURVE('',#4584,#4706);
#4706 = DEFINITIONAL_REPRESENTATION('',(#4707),#4711);
#4707 = LINE('',#4708,#4709);
#4708 = CARTESIAN_POINT('',(0.,81.28));
#4709 = VECTOR('',#4710,1.);
#4710 = DIRECTION('',(1.,0.));
#4711 = ( GEOMETRIC_REPRESENTATION_CONTEXT(2) 
PARAMETRIC_REPRESENTATION_CONTEXT() REPRESENTATION_CONTEXT('2D SPACE',''
  ) );
#4712 = PCURVE('',#4713,#4718);
#4713 = PLANE('',#4714);
#4714 = AXIS2_PLACEMENT_3D('',#4715,#4716,#4717);
#4715 = CARTESIAN_POINT('',(76.2,0.,-1.435632685081E-16));
#4716 = DIRECTION('',(-0.,-1.,-0.));
#4717 = DIRECTION('',(0.,0.,-1.));
#4718 = DEFINITIONAL_REPRESENTATION('',(#4719),#4723);
#4719 = CIRCLE('',#4720,4.7625);
#4720 = AXIS2_PLACEMENT_2D('',#4721,#4722);
#4721 = CARTESIAN_POINT('',(-1.435632685081E-16,1.42108547152E-14));
#4722 = DIRECTION('',(-1.,-1.224646799147E-16));
#4723 = ( GEOMETRIC_REPRESENTATION_CONTEXT(2) 
PARAMETRIC_REPRESENTATION_CONTEXT() REPRESENTATION_CONTEXT('2D SPACE',''
  ) );
#4724 = ORIENTED_EDGE('',*,*,#4676,.F.);
#4725 = ORIENTED_EDGE('',*,*,#4635,.T.);
#4726 = ORIENTED_EDGE('',*,*,#4601,.T.);
#4727 = ORIENTED_EDGE('',*,*,#4562,.T.);
#4728 = ADVANCED_FACE('',(#4729),#173,.F.);
#4729 = FACE_BOUND('',#4730,.F.);
#4730 = EDGE_LOOP('',(#4731));
#4731 = ORIENTED_EDGE('',*,*,#158,.T.);
#4732 = ADVANCED_FACE('',(#4733),#4713,.T.);
#4733 = FACE_BOUND('',#4734,.T.);
#4734 = EDGE_LOOP('',(#4735));
#4735 = ORIENTED_EDGE('',*,*,#4698,.T.);
#4736 = ( GEOMETRIC_REPRESENTATION_CONTEXT(3) 
GLOBAL_UNCERTAINTY_ASSIGNED_CONTEXT((#4740)) 
GLOBAL_UNIT_ASSIGNED_CONTEXT((#4737,#4738,#4739)) REPRESENTATION_CONTEXT
('Context #1','3D Context with UNIT and UNCERTAINTY') );
#4737 = ( LENGTH_UNIT() NAMED_UNIT(*) SI_UNIT(.MILLI.,.METRE.) );
#4738 = ( NAMED_UNIT(*) PLANE_ANGLE_UNIT() SI_UNIT($,.RADIAN.) );
#4739 = ( NAMED_UNIT(*) SI_UNIT($,.STERADIAN.) SOLID_ANGLE_UNIT() );
#4740 = UNCERTAINTY_MEASURE_WITH_UNIT(LENGTH_MEASURE(1.E-07),#4737,
  'distance_accuracy_value','confusion accuracy');
#4741 = PRODUCT_RELATED_PRODUCT_CATEGORY('part',$,(#7));
ENDSEC;
END-ISO-10303-21;
