ISO-10303-21;
HEADER;
FILE_DESCRIPTION(('Open CASCADE Model'),'2;1');
FILE_NAME('Open CASCADE Shape Model','2026-08-21T10:38:23',('Author'),(
    'Open CASCADE'),'Open CASCADE STEP processor 7.7','Open CASCADE 7.7'
  ,'Unknown');
FILE_SCHEMA(('AUTOMOTIVE_DESIGN { 1 0 10303 214 1 1 1 1 }'));
ENDSEC;
DATA;
#1 = APPLICATION_PROTOCOL_DEFINITION('international standard',
  'automotive_design',2000,#2);
#2 = APPLICATION_CONTEXT(
  'core data for automotive mechanical design processes');
#3 = SHAPE_DEFINITION_REPRESENTATION(#4,#10);
#4 = PRODUCT_DEFINITION_SHAPE('','',#5);
#5 = PRODUCT_DEFINITION('design','',#6,#9);
#6 = PRODUCT_DEFINITION_FORMATION('','',#7);
#7 = PRODUCT('Open CASCADE STEP translator 7.7 12',
  'Open CASCADE STEP translator 7.7 12','',(#8));
#8 = PRODUCT_CONTEXT('',#2,'mechanical');
#9 = PRODUCT_DEFINITION_CONTEXT('part definition',#2,'design');
#10 = ADVANCED_BREP_SHAPE_REPRESENTATION('',(#11,#15),#7358);
#11 = AXIS2_PLACEMENT_3D('',#12,#13,#14);
#12 = CARTESIAN_POINT('',(0.,0.,0.));
#13 = DIRECTION('',(0.,0.,1.));
#14 = DIRECTION('',(1.,0.,-0.));
#15 = MANIFOLD_SOLID_BREP('',#16);
#16 = CLOSED_SHELL('',(#17,#730,#784,#1215,#1936,#2091,#2246,#2887,#3225
    ,#3269,#3293,#3299,#3524,#3734,#3778,#3927,#4031,#4186,#4341,#4797,
    #4846,#5021,#5193,#5292,#5316,#5365,#5687,#5863,#6034,#6166,#6210,
    #6216,#6246,#6270,#6294,#6378,#6422,#6428,#6532,#6704,#6803,#6827,
    #6851,#6950,#6956,#6980,#7058,#7064,#7108,#7254,#7278,#7284,#7290,
    #7296,#7327));
#17 = ADVANCED_FACE('',(#18),#33,.T.);
#18 = FACE_BOUND('',#19,.T.);
#19 = EDGE_LOOP('',(#20,#56,#97,#119,#160,#196,#218,#259,#295,#317,#358,
    #387,#442,#476,#477,#513,#547,#548,#584,#618,#619,#655,#696));
#20 = ORIENTED_EDGE('',*,*,#21,.T.);
#21 = EDGE_CURVE('',#22,#24,#26,.T.);
#22 = VERTEX_POINT('',#23);
#23 = CARTESIAN_POINT('',(-119.0625,2.91619019047E-16,-76.2));
#24 = VERTEX_POINT('',#25);
#25 = CARTESIAN_POINT('',(-114.3,-4.7625,-76.2));
#26 = SURFACE_CURVE('',#27,(#32,#44),.PCURVE_S1.);
#27 = CIRCLE('',#28,4.7625);
#28 = AXIS2_PLACEMENT_3D('',#29,#30,#31);
#29 = CARTESIAN_POINT('',(-114.3,0.,-76.2));
#30 = DIRECTION('',(0.,0.,1.));
#31 = DIRECTION('',(1.,0.,-0.));
#32 = PCURVE('',#33,#38);
#33 = CYLINDRICAL_SURFACE('',#34,4.7625);
#34 = AXIS2_PLACEMENT_3D('',#35,#36,#37);
#35 = CARTESIAN_POINT('',(-114.3,0.,-76.2));
#36 = DIRECTION('',(0.,0.,1.));
#37 = DIRECTION('',(1.,0.,-0.));
#38 = DEFINITIONAL_REPRESENTATION('',(#39),#43);
#39 = LINE('',#40,#41);
#40 = CARTESIAN_POINT('',(0.,0.));
#41 = VECTOR('',#42,1.);
#42 = DIRECTION('',(1.,0.));
#43 = ( GEOMETRIC_REPRESENTATION_CONTEXT(2) 
PARAMETRIC_REPRESENTATION_CONTEXT() REPRESENTATION_CONTEXT('2D SPACE',''
  ) );
#44 = PCURVE('',#45,#50);
#45 = PLANE('',#46);
#46 = AXIS2_PLACEMENT_3D('',#47,#48,#49);
#47 = CARTESIAN_POINT('',(-114.3,-7.686657533969E-16,-76.2));
#48 = DIRECTION('',(0.,0.,1.));
#49 = DIRECTION('',(1.,0.,-0.));
#50 = DEFINITIONAL_REPRESENTATION('',(#51),#55);
#51 = CIRCLE('',#52,4.7625);
#52 = AXIS2_PLACEMENT_2D('',#53,#54);
#53 = CARTESIAN_POINT('',(-2.84217094304E-14,7.686657533969E-16));
#54 = DIRECTION('',(1.,0.));
#55 = ( GEOMETRIC_REPRESENTATION_CONTEXT(2) 
PARAMETRIC_REPRESENTATION_CONTEXT() REPRESENTATION_CONTEXT('2D SPACE',''
  ) );
#56 = ORIENTED_EDGE('',*,*,#57,.T.);
#57 = EDGE_CURVE('',#24,#58,#60,.T.);
#58 = VERTEX_POINT('',#59);
#59 = CARTESIAN_POINT('',(-109.5375,0.,-71.4375));
#60 = SURFACE_CURVE('',#61,(#66,#79),.PCURVE_S1.);
#61 = ELLIPSE('',#62,6.735192090802,4.7625);
#62 = AXIS2_PLACEMENT_3D('',#63,#64,#65);
#63 = CARTESIAN_POINT('',(-114.3,0.,-76.2));
#64 = DIRECTION('',(-0.707106781187,0.,0.707106781187));
#65 = DIRECTION('',(0.707106781187,0.,0.707106781187));
#66 = PCURVE('',#33,#67);
#67 = DEFINITIONAL_REPRESENTATION('',(#68),#78);
#68 = B_SPLINE_CURVE_WITH_KNOTS('',8,(#69,#70,#71,#72,#73,#74,#75,#76,
    #77),.UNSPECIFIED.,.F.,.F.,(9,9),(4.712388980385,6.28318530718),
  .PIECEWISE_BEZIER_KNOTS.);
#69 = CARTESIAN_POINT('',(4.712388980385,0.));
#70 = CARTESIAN_POINT('',(4.908738521234,0.935114688295));
#71 = CARTESIAN_POINT('',(5.105088062077,1.870229598614));
#72 = CARTESIAN_POINT('',(5.301437602938,2.750406906515));
#73 = CARTESIAN_POINT('',(5.497787143746,3.520719799624));
#74 = CARTESIAN_POINT('',(5.694136684641,4.132983445693));
#75 = CARTESIAN_POINT('',(5.890486225474,4.552660554364));
#76 = CARTESIAN_POINT('',(6.08683576633,4.7625));
#77 = CARTESIAN_POINT('',(6.28318530718,4.7625));
#78 = ( GEOMETRIC_REPRESENTATION_CONTEXT(2) 
PARAMETRIC_REPRESENTATION_CONTEXT() REPRESENTATION_CONTEXT('2D SPACE',''
  ) );
#79 = PCURVE('',#80,#85);
#80 = CYLINDRICAL_SURFACE('',#81,4.7625);
#81 = AXIS2_PLACEMENT_3D('',#82,#83,#84);
#82 = CARTESIAN_POINT('',(-114.3,0.,-76.2));
#83 = DIRECTION('',(1.,0.,0.));
#84 = DIRECTION('',(0.,0.,1.));
#85 = DEFINITIONAL_REPRESENTATION('',(#86),#96);
#86 = B_SPLINE_CURVE_WITH_KNOTS('',8,(#87,#88,#89,#90,#91,#92,#93,#94,
    #95),.UNSPECIFIED.,.F.,.F.,(9,9),(4.712388980385,6.28318530718),
  .PIECEWISE_BEZIER_KNOTS.);
#87 = CARTESIAN_POINT('',(1.570796326795,0.));
#88 = CARTESIAN_POINT('',(1.374446785946,0.935114688295));
#89 = CARTESIAN_POINT('',(1.178097245096,1.870229598614));
#90 = CARTESIAN_POINT('',(0.981747704243,2.750406906515));
#91 = CARTESIAN_POINT('',(0.785398163401,3.520719799624));
#92 = CARTESIAN_POINT('',(0.589048622544,4.132983445693));
#93 = CARTESIAN_POINT('',(0.392699081699,4.552660554364));
#94 = CARTESIAN_POINT('',(0.196349540849,4.7625));
#95 = CARTESIAN_POINT('',(2.449293598295E-16,4.7625));
#96 = ( GEOMETRIC_REPRESENTATION_CONTEXT(2) 
PARAMETRIC_REPRESENTATION_CONTEXT() REPRESENTATION_CONTEXT('2D SPACE',''
  ) );
#97 = ORIENTED_EDGE('',*,*,#98,.T.);
#98 = EDGE_CURVE('',#58,#99,#101,.T.);
#99 = VERTEX_POINT('',#100);
#100 = CARTESIAN_POINT('',(-109.5375,0.,-30.1625));
#101 = SEAM_CURVE('',#102,(#106,#113),.PCURVE_S1.);
#102 = LINE('',#103,#104);
#103 = CARTESIAN_POINT('',(-109.5375,0.,-76.2));
#104 = VECTOR('',#105,1.);
#105 = DIRECTION('',(0.,0.,1.));
#106 = PCURVE('',#33,#107);
#107 = DEFINITIONAL_REPRESENTATION('',(#108),#112);
#108 = LINE('',#109,#110);
#109 = CARTESIAN_POINT('',(0.,0.));
#110 = VECTOR('',#111,1.);
#111 = DIRECTION('',(0.,1.));
#112 = ( GEOMETRIC_REPRESENTATION_CONTEXT(2) 
PARAMETRIC_REPRESENTATION_CONTEXT() REPRESENTATION_CONTEXT('2D SPACE',''
  ) );
#113 = PCURVE('',#33,#114);
#114 = DEFINITIONAL_REPRESENTATION('',(#115),#118);
#115 = B_SPLINE_CURVE_WITH_KNOTS('',1,(#116,#117),.UNSPECIFIED.,.F.,.F.,
  (2,2),(0.,152.4),.PIECEWISE_BEZIER_KNOTS.);
#116 = CARTESIAN_POINT('',(6.28318530718,0.));
#117 = CARTESIAN_POINT('',(6.28318530718,152.4));
#118 = ( GEOMETRIC_REPRESENTATION_CONTEXT(2) 
PARAMETRIC_REPRESENTATION_CONTEXT() REPRESENTATION_CONTEXT('2D SPACE',''
  ) );
#119 = ORIENTED_EDGE('',*,*,#120,.F.);
#120 = EDGE_CURVE('',#121,#99,#123,.T.);
#121 = VERTEX_POINT('',#122);
#122 = CARTESIAN_POINT('',(-114.3,-4.7625,-25.4));
#123 = SURFACE_CURVE('',#124,(#129,#142),.PCURVE_S1.);
#124 = ELLIPSE('',#125,6.735192090802,4.7625);
#125 = AXIS2_PLACEMENT_3D('',#126,#127,#128);
#126 = CARTESIAN_POINT('',(-114.3,0.,-25.4));
#127 = DIRECTION('',(0.707106781187,0.,0.707106781187));
#128 = DIRECTION('',(-0.707106781187,0.,0.707106781187));
#129 = PCURVE('',#33,#130);
#130 = DEFINITIONAL_REPRESENTATION('',(#131),#141);
#131 = B_SPLINE_CURVE_WITH_KNOTS('',8,(#132,#133,#134,#135,#136,#137,
    #138,#139,#140),.UNSPECIFIED.,.F.,.F.,(9,9),(1.570796326795,
    3.14159265359),.PIECEWISE_BEZIER_KNOTS.);
#132 = CARTESIAN_POINT('',(4.712388980385,50.8));
#133 = CARTESIAN_POINT('',(4.908738521234,49.864885311705));
#134 = CARTESIAN_POINT('',(5.105088062082,48.929770401346));
#135 = CARTESIAN_POINT('',(5.301437602923,48.049593093518));
#136 = CARTESIAN_POINT('',(5.497787143761,47.279280200215));
#137 = CARTESIAN_POINT('',(5.694136684626,46.667016554306));
#138 = CARTESIAN_POINT('',(5.89048622548,46.247339445575));
#139 = CARTESIAN_POINT('',(6.08683576633,46.0375));
#140 = CARTESIAN_POINT('',(6.28318530718,46.0375));
#141 = ( GEOMETRIC_REPRESENTATION_CONTEXT(2) 
PARAMETRIC_REPRESENTATION_CONTEXT() REPRESENTATION_CONTEXT('2D SPACE',''
  ) );
#142 = PCURVE('',#143,#148);
#143 = CYLINDRICAL_SURFACE('',#144,4.7625);
#144 = AXIS2_PLACEMENT_3D('',#145,#146,#147);
#145 = CARTESIAN_POINT('',(-114.3,0.,-25.4));
#146 = DIRECTION('',(1.,0.,0.));
#147 = DIRECTION('',(0.,0.,1.));
#148 = DEFINITIONAL_REPRESENTATION('',(#149),#159);
#149 = B_SPLINE_CURVE_WITH_KNOTS('',8,(#150,#151,#152,#153,#154,#155,
    #156,#157,#158),.UNSPECIFIED.,.F.,.F.,(9,9),(1.570796326795,
    3.14159265359),.PIECEWISE_BEZIER_KNOTS.);
#150 = CARTESIAN_POINT('',(1.570796326795,0.));
#151 = CARTESIAN_POINT('',(1.767145867644,0.935114688295));
#152 = CARTESIAN_POINT('',(1.963495408492,1.870229598617));
#153 = CARTESIAN_POINT('',(2.159844949341,2.750406906505));
#154 = CARTESIAN_POINT('',(2.356194490185,3.520719799636));
#155 = CARTESIAN_POINT('',(2.552544031038,4.132983445675));
#156 = CARTESIAN_POINT('',(2.74889357189,4.552660554367));
#157 = CARTESIAN_POINT('',(2.94524311274,4.7625));
#158 = CARTESIAN_POINT('',(3.14159265359,4.7625));
#159 = ( GEOMETRIC_REPRESENTATION_CONTEXT(2) 
PARAMETRIC_REPRESENTATION_CONTEXT() REPRESENTATION_CONTEXT('2D SPACE',''
  ) );
#160 = ORIENTED_EDGE('',*,*,#161,.T.);
#161 = EDGE_CURVE('',#121,#162,#164,.T.);
#162 = VERTEX_POINT('',#163);
#163 = CARTESIAN_POINT('',(-109.5375,0.,-20.6375));
#164 = SURFACE_CURVE('',#165,(#170,#183),.PCURVE_S1.);
#165 = ELLIPSE('',#166,6.735192090802,4.7625);
#166 = AXIS2_PLACEMENT_3D('',#167,#168,#169);
#167 = CARTESIAN_POINT('',(-114.3,0.,-25.4));
#168 = DIRECTION('',(-0.707106781187,0.,0.707106781187));
#169 = DIRECTION('',(0.707106781187,0.,0.707106781187));
#170 = PCURVE('',#33,#171);
#171 = DEFINITIONAL_REPRESENTATION('',(#172),#182);
#172 = B_SPLINE_CURVE_WITH_KNOTS('',8,(#173,#174,#175,#176,#177,#178,
    #179,#180,#181),.UNSPECIFIED.,.F.,.F.,(9,9),(4.712388980385,
    6.28318530718),.PIECEWISE_BEZIER_KNOTS.);
#173 = CARTESIAN_POINT('',(4.712388980385,50.8));
#174 = CARTESIAN_POINT('',(4.908738521234,51.735114688295));
#175 = CARTESIAN_POINT('',(5.105088062077,52.670229598582));
#176 = CARTESIAN_POINT('',(5.301437602938,53.550406906509));
#177 = CARTESIAN_POINT('',(5.497787143746,54.320719799372));
#178 = CARTESIAN_POINT('',(5.694136684641,54.932983445699));
#179 = CARTESIAN_POINT('',(5.890486225474,55.352660554314));
#180 = CARTESIAN_POINT('',(6.08683576633,55.5625));
#181 = CARTESIAN_POINT('',(6.28318530718,55.5625));
#182 = ( GEOMETRIC_REPRESENTATION_CONTEXT(2) 
PARAMETRIC_REPRESENTATION_CONTEXT() REPRESENTATION_CONTEXT('2D SPACE',''
  ) );
#183 = PCURVE('',#143,#184);
#184 = DEFINITIONAL_REPRESENTATION('',(#185),#195);
#185 = B_SPLINE_CURVE_WITH_KNOTS('',8,(#186,#187,#188,#189,#190,#191,
    #192,#193,#194),.UNSPECIFIED.,.F.,.F.,(9,9),(4.712388980385,
    6.28318530718),.PIECEWISE_BEZIER_KNOTS.);
#186 = CARTESIAN_POINT('',(1.570796326795,0.));
#187 = CARTESIAN_POINT('',(1.374446785946,0.935114688295));
#188 = CARTESIAN_POINT('',(1.178097245096,1.870229598614));
#189 = CARTESIAN_POINT('',(0.981747704243,2.750406906515));
#190 = CARTESIAN_POINT('',(0.785398163399,3.520719799624));
#191 = CARTESIAN_POINT('',(0.589048622545,4.132983445693));
#192 = CARTESIAN_POINT('',(0.392699081699,4.552660554364));
#193 = CARTESIAN_POINT('',(0.196349540849,4.7625));
#194 = CARTESIAN_POINT('',(2.449293598295E-16,4.7625));
#195 = ( GEOMETRIC_REPRESENTATION_CONTEXT(2) 
PARAMETRIC_REPRESENTATION_CONTEXT() REPRESENTATION_CONTEXT('2D SPACE',''
  ) );
#196 = ORIENTED_EDGE('',*,*,#197,.T.);
#197 = EDGE_CURVE('',#162,#198,#200,.T.);
#198 = VERTEX_POINT('',#199);
#199 = CARTESIAN_POINT('',(-109.5375,0.,20.6375));
#200 = SEAM_CURVE('',#201,(#205,#212),.PCURVE_S1.);
#201 = LINE('',#202,#203);
#202 = CARTESIAN_POINT('',(-109.5375,0.,-76.2));
#203 = VECTOR('',#204,1.);
#204 = DIRECTION('',(0.,0.,1.));
#205 = PCURVE('',#33,#206);
#206 = DEFINITIONAL_REPRESENTATION('',(#207),#211);
#207 = LINE('',#208,#209);
#208 = CARTESIAN_POINT('',(0.,0.));
#209 = VECTOR('',#210,1.);
#210 = DIRECTION('',(0.,1.));
#211 = ( GEOMETRIC_REPRESENTATION_CONTEXT(2) 
PARAMETRIC_REPRESENTATION_CONTEXT() REPRESENTATION_CONTEXT('2D SPACE',''
  ) );
#212 = PCURVE('',#33,#213);
#213 = DEFINITIONAL_REPRESENTATION('',(#214),#217);
#214 = B_SPLINE_CURVE_WITH_KNOTS('',1,(#215,#216),.UNSPECIFIED.,.F.,.F.,
  (2,2),(0.,152.4),.PIECEWISE_BEZIER_KNOTS.);
#215 = CARTESIAN_POINT('',(6.28318530718,0.));
#216 = CARTESIAN_POINT('',(6.28318530718,152.4));
#217 = ( GEOMETRIC_REPRESENTATION_CONTEXT(2) 
PARAMETRIC_REPRESENTATION_CONTEXT() REPRESENTATION_CONTEXT('2D SPACE',''
  ) );
#218 = ORIENTED_EDGE('',*,*,#219,.F.);
#219 = EDGE_CURVE('',#220,#198,#222,.T.);
#220 = VERTEX_POINT('',#221);
#221 = CARTESIAN_POINT('',(-114.3,-4.7625,25.4));
#222 = SURFACE_CURVE('',#223,(#228,#241),.PCURVE_S1.);
#223 = ELLIPSE('',#224,6.735192090802,4.7625);
#224 = AXIS2_PLACEMENT_3D('',#225,#226,#227);
#225 = CARTESIAN_POINT('',(-114.3,0.,25.4));
#226 = DIRECTION('',(0.707106781187,0.,0.707106781187));
#227 = DIRECTION('',(-0.707106781187,0.,0.707106781187));
#228 = PCURVE('',#33,#229);
#229 = DEFINITIONAL_REPRESENTATION('',(#230),#240);
#230 = B_SPLINE_CURVE_WITH_KNOTS('',8,(#231,#232,#233,#234,#235,#236,
    #237,#238,#239),.UNSPECIFIED.,.F.,.F.,(9,9),(1.570796326795,
    3.14159265359),.PIECEWISE_BEZIER_KNOTS.);
#231 = CARTESIAN_POINT('',(4.712388980385,101.6));
#232 = CARTESIAN_POINT('',(4.908738521234,100.6648853117));
#233 = CARTESIAN_POINT('',(5.10508806208,99.729770401346));
#234 = CARTESIAN_POINT('',(5.301437602927,98.849593093431));
#235 = CARTESIAN_POINT('',(5.497787143764,98.079280199949));
#236 = CARTESIAN_POINT('',(5.69413668463,97.46701655431));
#237 = CARTESIAN_POINT('',(5.890486225477,97.047339445593));
#238 = CARTESIAN_POINT('',(6.08683576633,96.8375));
#239 = CARTESIAN_POINT('',(6.28318530718,96.8375));
#240 = ( GEOMETRIC_REPRESENTATION_CONTEXT(2) 
PARAMETRIC_REPRESENTATION_CONTEXT() REPRESENTATION_CONTEXT('2D SPACE',''
  ) );
#241 = PCURVE('',#242,#247);
#242 = CYLINDRICAL_SURFACE('',#243,4.7625);
#243 = AXIS2_PLACEMENT_3D('',#244,#245,#246);
#244 = CARTESIAN_POINT('',(-114.3,0.,25.4));
#245 = DIRECTION('',(1.,0.,0.));
#246 = DIRECTION('',(0.,0.,1.));
#247 = DEFINITIONAL_REPRESENTATION('',(#248),#258);
#248 = B_SPLINE_CURVE_WITH_KNOTS('',8,(#249,#250,#251,#252,#253,#254,
    #255,#256,#257),.UNSPECIFIED.,.F.,.F.,(9,9),(1.570796326795,
    3.14159265359),.PIECEWISE_BEZIER_KNOTS.);
#249 = CARTESIAN_POINT('',(1.570796326795,0.));
#250 = CARTESIAN_POINT('',(1.767145867644,0.935114688295));
#251 = CARTESIAN_POINT('',(1.963495408492,1.870229598616));
#252 = CARTESIAN_POINT('',(2.159844949338,2.75040690651));
#253 = CARTESIAN_POINT('',(2.356194490189,3.520719799629));
#254 = CARTESIAN_POINT('',(2.552544031038,4.13298344568));
#255 = CARTESIAN_POINT('',(2.74889357189,4.552660554365));
#256 = CARTESIAN_POINT('',(2.94524311274,4.7625));
#257 = CARTESIAN_POINT('',(3.14159265359,4.7625));
#258 = ( GEOMETRIC_REPRESENTATION_CONTEXT(2) 
PARAMETRIC_REPRESENTATION_CONTEXT() REPRESENTATION_CONTEXT('2D SPACE',''
  ) );
#259 = ORIENTED_EDGE('',*,*,#260,.T.);
#260 = EDGE_CURVE('',#220,#261,#263,.T.);
#261 = VERTEX_POINT('',#262);
#262 = CARTESIAN_POINT('',(-109.5375,0.,30.1625));
#263 = SURFACE_CURVE('',#264,(#269,#282),.PCURVE_S1.);
#264 = ELLIPSE('',#265,6.735192090802,4.7625);
#265 = AXIS2_PLACEMENT_3D('',#266,#267,#268);
#266 = CARTESIAN_POINT('',(-114.3,0.,25.4));
#267 = DIRECTION('',(-0.707106781187,0.,0.707106781187));
#268 = DIRECTION('',(0.707106781187,0.,0.707106781187));
#269 = PCURVE('',#33,#270);
#270 = DEFINITIONAL_REPRESENTATION('',(#271),#281);
#271 = B_SPLINE_CURVE_WITH_KNOTS('',8,(#272,#273,#274,#275,#276,#277,
    #278,#279,#280),.UNSPECIFIED.,.F.,.F.,(9,9),(4.712388980385,
    6.28318530718),.PIECEWISE_BEZIER_KNOTS.);
#272 = CARTESIAN_POINT('',(4.712388980385,101.6));
#273 = CARTESIAN_POINT('',(4.908738521234,102.53511468829));
#274 = CARTESIAN_POINT('',(5.105088062077,103.47022959859));
#275 = CARTESIAN_POINT('',(5.301437602938,104.35040690623));
#276 = CARTESIAN_POINT('',(5.497787143746,105.12071979993));
#277 = CARTESIAN_POINT('',(5.694136684641,105.73298344524));
#278 = CARTESIAN_POINT('',(5.890486225474,106.15266055433));
#279 = CARTESIAN_POINT('',(6.08683576633,106.3625));
#280 = CARTESIAN_POINT('',(6.28318530718,106.3625));
#281 = ( GEOMETRIC_REPRESENTATION_CONTEXT(2) 
PARAMETRIC_REPRESENTATION_CONTEXT() REPRESENTATION_CONTEXT('2D SPACE',''
  ) );
#282 = PCURVE('',#242,#283);
#283 = DEFINITIONAL_REPRESENTATION('',(#284),#294);
#284 = B_SPLINE_CURVE_WITH_KNOTS('',8,(#285,#286,#287,#288,#289,#290,
    #291,#292,#293),.UNSPECIFIED.,.F.,.F.,(9,9),(4.712388980385,
    6.28318530718),.PIECEWISE_BEZIER_KNOTS.);
#285 = CARTESIAN_POINT('',(1.570796326795,0.));
#286 = CARTESIAN_POINT('',(1.374446785946,0.935114688295));
#287 = CARTESIAN_POINT('',(1.178097245096,1.870229598614));
#288 = CARTESIAN_POINT('',(0.981747704245,2.750406906515));
#289 = CARTESIAN_POINT('',(0.785398163398,3.520719799624));
#290 = CARTESIAN_POINT('',(0.589048622546,4.132983445693));
#291 = CARTESIAN_POINT('',(0.392699081699,4.552660554364));
#292 = CARTESIAN_POINT('',(0.196349540849,4.7625));
#293 = CARTESIAN_POINT('',(2.449293598295E-16,4.7625));
#294 = ( GEOMETRIC_REPRESENTATION_CONTEXT(2) 
PARAMETRIC_REPRESENTATION_CONTEXT() REPRESENTATION_CONTEXT('2D SPACE',''
  ) );
#295 = ORIENTED_EDGE('',*,*,#296,.T.);
#296 = EDGE_CURVE('',#261,#297,#299,.T.);
#297 = VERTEX_POINT('',#298);
#298 = CARTESIAN_POINT('',(-109.5375,0.,71.4375));
#299 = SEAM_CURVE('',#300,(#304,#311),.PCURVE_S1.);
#300 = LINE('',#301,#302);
#301 = CARTESIAN_POINT('',(-109.5375,0.,-76.2));
#302 = VECTOR('',#303,1.);
#303 = DIRECTION('',(0.,0.,1.));
#304 = PCURVE('',#33,#305);
#305 = DEFINITIONAL_REPRESENTATION('',(#306),#310);
#306 = LINE('',#307,#308);
#307 = CARTESIAN_POINT('',(0.,0.));
#308 = VECTOR('',#309,1.);
#309 = DIRECTION('',(0.,1.));
#310 = ( GEOMETRIC_REPRESENTATION_CONTEXT(2) 
PARAMETRIC_REPRESENTATION_CONTEXT() REPRESENTATION_CONTEXT('2D SPACE',''
  ) );
#311 = PCURVE('',#33,#312);
#312 = DEFINITIONAL_REPRESENTATION('',(#313),#316);
#313 = B_SPLINE_CURVE_WITH_KNOTS('',1,(#314,#315),.UNSPECIFIED.,.F.,.F.,
  (2,2),(0.,152.4),.PIECEWISE_BEZIER_KNOTS.);
#314 = CARTESIAN_POINT('',(6.28318530718,0.));
#315 = CARTESIAN_POINT('',(6.28318530718,152.4));
#316 = ( GEOMETRIC_REPRESENTATION_CONTEXT(2) 
PARAMETRIC_REPRESENTATION_CONTEXT() REPRESENTATION_CONTEXT('2D SPACE',''
  ) );
#317 = ORIENTED_EDGE('',*,*,#318,.F.);
#318 = EDGE_CURVE('',#319,#297,#321,.T.);
#319 = VERTEX_POINT('',#320);
#320 = CARTESIAN_POINT('',(-114.3,-4.7625,76.2));
#321 = SURFACE_CURVE('',#322,(#327,#340),.PCURVE_S1.);
#322 = ELLIPSE('',#323,6.735192090802,4.7625);
#323 = AXIS2_PLACEMENT_3D('',#324,#325,#326);
#324 = CARTESIAN_POINT('',(-114.3,0.,76.2));
#325 = DIRECTION('',(0.707106781187,0.,0.707106781187));
#326 = DIRECTION('',(-0.707106781187,0.,0.707106781187));
#327 = PCURVE('',#33,#328);
#328 = DEFINITIONAL_REPRESENTATION('',(#329),#339);
#329 = B_SPLINE_CURVE_WITH_KNOTS('',8,(#330,#331,#332,#333,#334,#335,
    #336,#337,#338),.UNSPECIFIED.,.F.,.F.,(9,9),(1.570796326795,
    3.14159265359),.PIECEWISE_BEZIER_KNOTS.);
#330 = CARTESIAN_POINT('',(4.712388980385,152.4));
#331 = CARTESIAN_POINT('',(4.908738521234,151.4648853117));
#332 = CARTESIAN_POINT('',(5.10508806208,150.52977040125));
#333 = CARTESIAN_POINT('',(5.301437602927,149.64959309337));
#334 = CARTESIAN_POINT('',(5.497787143764,148.8792801998));
#335 = CARTESIAN_POINT('',(5.69413668463,148.26701655416));
#336 = CARTESIAN_POINT('',(5.890486225477,147.84733944549));
#337 = CARTESIAN_POINT('',(6.08683576633,147.6375));
#338 = CARTESIAN_POINT('',(6.28318530718,147.6375));
#339 = ( GEOMETRIC_REPRESENTATION_CONTEXT(2) 
PARAMETRIC_REPRESENTATION_CONTEXT() REPRESENTATION_CONTEXT('2D SPACE',''
  ) );
#340 = PCURVE('',#341,#346);
#341 = CYLINDRICAL_SURFACE('',#342,4.7625);
#342 = AXIS2_PLACEMENT_3D('',#343,#344,#345);
#343 = CARTESIAN_POINT('',(-114.3,0.,76.2));
#344 = DIRECTION('',(1.,0.,0.));
#345 = DIRECTION('',(0.,0.,1.));
#346 = DEFINITIONAL_REPRESENTATION('',(#347),#357);
#347 = B_SPLINE_CURVE_WITH_KNOTS('',8,(#348,#349,#350,#351,#352,#353,
    #354,#355,#356),.UNSPECIFIED.,.F.,.F.,(9,9),(1.570796326795,
    3.14159265359),.PIECEWISE_BEZIER_KNOTS.);
#348 = CARTESIAN_POINT('',(1.570796326795,0.));
#349 = CARTESIAN_POINT('',(1.767145867644,0.935114688295));
#350 = CARTESIAN_POINT('',(1.963495408491,1.870229598616));
#351 = CARTESIAN_POINT('',(2.159844949348,2.75040690651));
#352 = CARTESIAN_POINT('',(2.356194490183,3.520719799629));
#353 = CARTESIAN_POINT('',(2.552544031045,4.13298344568));
#354 = CARTESIAN_POINT('',(2.748893571888,4.552660554365));
#355 = CARTESIAN_POINT('',(2.94524311274,4.7625));
#356 = CARTESIAN_POINT('',(3.14159265359,4.7625));
#357 = ( GEOMETRIC_REPRESENTATION_CONTEXT(2) 
PARAMETRIC_REPRESENTATION_CONTEXT() REPRESENTATION_CONTEXT('2D SPACE',''
  ) );
#358 = ORIENTED_EDGE('',*,*,#359,.F.);
#359 = EDGE_CURVE('',#360,#319,#362,.T.);
#360 = VERTEX_POINT('',#361);
#361 = CARTESIAN_POINT('',(-119.0625,2.91619019047E-16,76.2));
#362 = SURFACE_CURVE('',#363,(#368,#375),.PCURVE_S1.);
#363 = CIRCLE('',#364,4.7625);
#364 = AXIS2_PLACEMENT_3D('',#365,#366,#367);
#365 = CARTESIAN_POINT('',(-114.3,0.,76.2));
#366 = DIRECTION('',(0.,0.,1.));
#367 = DIRECTION('',(1.,0.,-0.));
#368 = PCURVE('',#33,#369);
#369 = DEFINITIONAL_REPRESENTATION('',(#370),#374);
#370 = LINE('',#371,#372);
#371 = CARTESIAN_POINT('',(0.,152.4));
#372 = VECTOR('',#373,1.);
#373 = DIRECTION('',(1.,0.));
#374 = ( GEOMETRIC_REPRESENTATION_CONTEXT(2) 
PARAMETRIC_REPRESENTATION_CONTEXT() REPRESENTATION_CONTEXT('2D SPACE',''
  ) );
#375 = PCURVE('',#376,#381);
#376 = PLANE('',#377);
#377 = AXIS2_PLACEMENT_3D('',#378,#379,#380);
#378 = CARTESIAN_POINT('',(-114.3,-7.686657533969E-16,76.2));
#379 = DIRECTION('',(0.,0.,1.));
#380 = DIRECTION('',(1.,0.,-0.));
#381 = DEFINITIONAL_REPRESENTATION('',(#382),#386);
#382 = CIRCLE('',#383,4.7625);
#383 = AXIS2_PLACEMENT_2D('',#384,#385);
#384 = CARTESIAN_POINT('',(-2.84217094304E-14,7.686657533969E-16));
#385 = DIRECTION('',(1.,0.));
#386 = ( GEOMETRIC_REPRESENTATION_CONTEXT(2) 
PARAMETRIC_REPRESENTATION_CONTEXT() REPRESENTATION_CONTEXT('2D SPACE',''
  ) );
#387 = ORIENTED_EDGE('',*,*,#388,.F.);
#388 = EDGE_CURVE('',#389,#360,#391,.T.);
#389 = VERTEX_POINT('',#390);
#390 = CARTESIAN_POINT('',(-110.9324039545,3.367596045401,
    72.832403954599));
#391 = SURFACE_CURVE('',#392,(#397,#417),.PCURVE_S1.);
#392 = ELLIPSE('',#393,6.735192090802,4.7625);
#393 = AXIS2_PLACEMENT_3D('',#394,#395,#396);
#394 = CARTESIAN_POINT('',(-114.3,0.,76.2));
#395 = DIRECTION('',(0.,0.707106781187,0.707106781187));
#396 = DIRECTION('',(0.,-0.707106781187,0.707106781187));
#397 = PCURVE('',#33,#398);
#398 = DEFINITIONAL_REPRESENTATION('',(#399),#416);
#399 = B_SPLINE_CURVE_WITH_KNOTS('',8,(#400,#401,#402,#403,#404,#405,
    #406,#407,#408,#409,#410,#411,#412,#413,#414,#415),.UNSPECIFIED.,.F.
  ,.F.,(9,7,9),(1.570796326795,3.14159265359,4.712388980385),
  .UNSPECIFIED.);
#400 = CARTESIAN_POINT('',(0.,152.4));
#401 = CARTESIAN_POINT('',(0.196349540849,151.4648853117));
#402 = CARTESIAN_POINT('',(0.392699081699,150.52977040125));
#403 = CARTESIAN_POINT('',(0.589048622544,149.64959309337));
#404 = CARTESIAN_POINT('',(0.7853981634,148.8792801998));
#405 = CARTESIAN_POINT('',(0.981747704242,148.26701655416));
#406 = CARTESIAN_POINT('',(1.178097245097,147.84733944549));
#407 = CARTESIAN_POINT('',(1.374446785946,147.6375));
#408 = CARTESIAN_POINT('',(1.767145867644,147.6375));
#409 = CARTESIAN_POINT('',(1.963495408495,147.84733944548));
#410 = CARTESIAN_POINT('',(2.159844949336,148.26701655447));
#411 = CARTESIAN_POINT('',(2.356194490207,148.87928019941));
#412 = CARTESIAN_POINT('',(2.552544031033,149.64959309364));
#413 = CARTESIAN_POINT('',(2.748893571893,150.52977040123));
#414 = CARTESIAN_POINT('',(2.94524311274,151.4648853117));
#415 = CARTESIAN_POINT('',(3.14159265359,152.4));
#416 = ( GEOMETRIC_REPRESENTATION_CONTEXT(2) 
PARAMETRIC_REPRESENTATION_CONTEXT() REPRESENTATION_CONTEXT('2D SPACE',''
  ) );
#417 = PCURVE('',#418,#423);
#418 = CYLINDRICAL_SURFACE('',#419,4.7625);
#419 = AXIS2_PLACEMENT_3D('',#420,#421,#422);
#420 = CARTESIAN_POINT('',(-114.3,0.,76.2));
#421 = DIRECTION('',(0.,1.,0.));
#422 = DIRECTION('',(0.,-0.,1.));
#423 = DEFINITIONAL_REPRESENTATION('',(#424),#441);
#424 = B_SPLINE_CURVE_WITH_KNOTS('',8,(#425,#426,#427,#428,#429,#430,
    #431,#432,#433,#434,#435,#436,#437,#438,#439,#440),.UNSPECIFIED.,.F.
  ,.F.,(9,7,9),(1.570796326795,3.14159265359,4.712388980385),
  .UNSPECIFIED.);
#425 = CARTESIAN_POINT('',(1.570796326795,-2.91619019047E-16));
#426 = CARTESIAN_POINT('',(1.767145867644,0.935114688295));
#427 = CARTESIAN_POINT('',(1.963495408492,1.870229598613));
#428 = CARTESIAN_POINT('',(2.159844949341,2.750406906517));
#429 = CARTESIAN_POINT('',(2.356194490185,3.520719799613));
#430 = CARTESIAN_POINT('',(2.552544031042,4.13298344569));
#431 = CARTESIAN_POINT('',(2.74889357189,4.552660554364));
#432 = CARTESIAN_POINT('',(2.94524311274,4.7625));
#433 = CARTESIAN_POINT('',(3.337942194439,4.7625));
#434 = CARTESIAN_POINT('',(3.534291735284,4.552660554362));
#435 = CARTESIAN_POINT('',(3.730641276133,4.132983445696));
#436 = CARTESIAN_POINT('',(3.92699081697,3.520719799607));
#437 = CARTESIAN_POINT('',(4.123340357835,2.750406906524));
#438 = CARTESIAN_POINT('',(4.319689898682,1.870229598612));
#439 = CARTESIAN_POINT('',(4.516039439535,0.935114688295));
#440 = CARTESIAN_POINT('',(4.712388980385,8.748570571409E-16));
#441 = ( GEOMETRIC_REPRESENTATION_CONTEXT(2) 
PARAMETRIC_REPRESENTATION_CONTEXT() REPRESENTATION_CONTEXT('2D SPACE',''
  ) );
#442 = ORIENTED_EDGE('',*,*,#443,.F.);
#443 = EDGE_CURVE('',#297,#389,#444,.T.);
#444 = SURFACE_CURVE('',#445,(#450,#463),.PCURVE_S1.);
#445 = ELLIPSE('',#446,6.735192090802,4.7625);
#446 = AXIS2_PLACEMENT_3D('',#447,#448,#449);
#447 = CARTESIAN_POINT('',(-114.3,0.,76.2));
#448 = DIRECTION('',(0.707106781187,0.,0.707106781187));
#449 = DIRECTION('',(-0.707106781187,0.,0.707106781187));
#450 = PCURVE('',#33,#451);
#451 = DEFINITIONAL_REPRESENTATION('',(#452),#462);
#452 = B_SPLINE_CURVE_WITH_KNOTS('',8,(#453,#454,#455,#456,#457,#458,
    #459,#460,#461),.UNSPECIFIED.,.F.,.F.,(9,9),(3.14159265359,
    4.712388980385),.PIECEWISE_BEZIER_KNOTS.);
#453 = CARTESIAN_POINT('',(-8.881784197001E-16,147.6375));
#454 = CARTESIAN_POINT('',(0.196349540849,147.6375));
#455 = CARTESIAN_POINT('',(0.392699081699,147.8473394455));
#456 = CARTESIAN_POINT('',(0.589048622545,148.26701655438));
#457 = CARTESIAN_POINT('',(0.7853981634,148.87928019955));
#458 = CARTESIAN_POINT('',(0.981747704243,149.64959309354));
#459 = CARTESIAN_POINT('',(1.178097245096,150.52977040126));
#460 = CARTESIAN_POINT('',(1.374446785946,151.4648853117));
#461 = CARTESIAN_POINT('',(1.570796326795,152.4));
#462 = ( GEOMETRIC_REPRESENTATION_CONTEXT(2) 
PARAMETRIC_REPRESENTATION_CONTEXT() REPRESENTATION_CONTEXT('2D SPACE',''
  ) );
#463 = PCURVE('',#341,#464);
#464 = DEFINITIONAL_REPRESENTATION('',(#465),#475);
#465 = B_SPLINE_CURVE_WITH_KNOTS('',8,(#466,#467,#468,#469,#470,#471,
    #472,#473,#474),.UNSPECIFIED.,.F.,.F.,(9,9),(3.14159265359,
    4.712388980385),.PIECEWISE_BEZIER_KNOTS.);
#466 = CARTESIAN_POINT('',(3.14159265359,4.7625));
#467 = CARTESIAN_POINT('',(3.337942194439,4.7625));
#468 = CARTESIAN_POINT('',(3.534291735284,4.552660554359));
#469 = CARTESIAN_POINT('',(3.730641276133,4.132983445704));
#470 = CARTESIAN_POINT('',(3.92699081697,3.520719799603));
#471 = CARTESIAN_POINT('',(4.123340357835,2.750406906529));
#472 = CARTESIAN_POINT('',(4.319689898682,1.87022959861));
#473 = CARTESIAN_POINT('',(4.516039439535,0.935114688295));
#474 = CARTESIAN_POINT('',(4.712388980385,0.));
#475 = ( GEOMETRIC_REPRESENTATION_CONTEXT(2) 
PARAMETRIC_REPRESENTATION_CONTEXT() REPRESENTATION_CONTEXT('2D SPACE',''
  ) );
#476 = ORIENTED_EDGE('',*,*,#296,.F.);
#477 = ORIENTED_EDGE('',*,*,#478,.T.);
#478 = EDGE_CURVE('',#261,#479,#481,.T.);
#479 = VERTEX_POINT('',#480);
#480 = CARTESIAN_POINT('',(-114.3,4.7625,25.4));
#481 = SURFACE_CURVE('',#482,(#487,#500),.PCURVE_S1.);
#482 = ELLIPSE('',#483,6.735192090802,4.7625);
#483 = AXIS2_PLACEMENT_3D('',#484,#485,#486);
#484 = CARTESIAN_POINT('',(-114.3,0.,25.4));
#485 = DIRECTION('',(-0.707106781187,0.,0.707106781187));
#486 = DIRECTION('',(0.707106781187,0.,0.707106781187));
#487 = PCURVE('',#33,#488);
#488 = DEFINITIONAL_REPRESENTATION('',(#489),#499);
#489 = B_SPLINE_CURVE_WITH_KNOTS('',8,(#490,#491,#492,#493,#494,#495,
    #496,#497,#498),.UNSPECIFIED.,.F.,.F.,(9,9),(0.,1.570796326795),
  .PIECEWISE_BEZIER_KNOTS.);
#490 = CARTESIAN_POINT('',(0.,106.3625));
#491 = CARTESIAN_POINT('',(0.196349540849,106.3625));
#492 = CARTESIAN_POINT('',(0.392699081699,106.15266055436));
#493 = CARTESIAN_POINT('',(0.589048622545,105.7329834454));
#494 = CARTESIAN_POINT('',(0.7853981634,105.12071979985));
#495 = CARTESIAN_POINT('',(0.981747704243,104.35040690628));
#496 = CARTESIAN_POINT('',(1.178097245096,103.4702295986));
#497 = CARTESIAN_POINT('',(1.374446785946,102.53511468829));
#498 = CARTESIAN_POINT('',(1.570796326795,101.6));
#499 = ( GEOMETRIC_REPRESENTATION_CONTEXT(2) 
PARAMETRIC_REPRESENTATION_CONTEXT() REPRESENTATION_CONTEXT('2D SPACE',''
  ) );
#500 = PCURVE('',#242,#501);
#501 = DEFINITIONAL_REPRESENTATION('',(#502),#512);
#502 = B_SPLINE_CURVE_WITH_KNOTS('',8,(#503,#504,#505,#506,#507,#508,
    #509,#510,#511),.UNSPECIFIED.,.F.,.F.,(9,9),(0.,1.570796326795),
  .PIECEWISE_BEZIER_KNOTS.);
#503 = CARTESIAN_POINT('',(6.28318530718,4.7625));
#504 = CARTESIAN_POINT('',(6.08683576633,4.7625));
#505 = CARTESIAN_POINT('',(5.890486225481,4.552660554361));
#506 = CARTESIAN_POINT('',(5.694136684635,4.1329834457));
#507 = CARTESIAN_POINT('',(5.49778714378,3.520719799599));
#508 = CARTESIAN_POINT('',(5.301437602936,2.750406906521));
#509 = CARTESIAN_POINT('',(5.105088062083,1.870229598612));
#510 = CARTESIAN_POINT('',(4.908738521234,0.935114688295));
#511 = CARTESIAN_POINT('',(4.712388980385,0.));
#512 = ( GEOMETRIC_REPRESENTATION_CONTEXT(2) 
PARAMETRIC_REPRESENTATION_CONTEXT() REPRESENTATION_CONTEXT('2D SPACE',''
  ) );
#513 = ORIENTED_EDGE('',*,*,#514,.F.);
#514 = EDGE_CURVE('',#198,#479,#515,.T.);
#515 = SURFACE_CURVE('',#516,(#521,#534),.PCURVE_S1.);
#516 = ELLIPSE('',#517,6.735192090802,4.7625);
#517 = AXIS2_PLACEMENT_3D('',#518,#519,#520);
#518 = CARTESIAN_POINT('',(-114.3,0.,25.4));
#519 = DIRECTION('',(0.707106781187,0.,0.707106781187));
#520 = DIRECTION('',(-0.707106781187,0.,0.707106781187));
#521 = PCURVE('',#33,#522);
#522 = DEFINITIONAL_REPRESENTATION('',(#523),#533);
#523 = B_SPLINE_CURVE_WITH_KNOTS('',8,(#524,#525,#526,#527,#528,#529,
    #530,#531,#532),.UNSPECIFIED.,.F.,.F.,(9,9),(3.14159265359,
    4.712388980385),.PIECEWISE_BEZIER_KNOTS.);
#524 = CARTESIAN_POINT('',(-8.881784197001E-16,96.8375));
#525 = CARTESIAN_POINT('',(0.196349540849,96.8375));
#526 = CARTESIAN_POINT('',(0.392699081699,97.04733944558));
#527 = CARTESIAN_POINT('',(0.589048622545,97.467016554196));
#528 = CARTESIAN_POINT('',(0.7853981634,98.079280200091));
#529 = CARTESIAN_POINT('',(0.981747704243,98.849593093444));
#530 = CARTESIAN_POINT('',(1.178097245096,99.729770401317));
#531 = CARTESIAN_POINT('',(1.374446785946,100.6648853117));
#532 = CARTESIAN_POINT('',(1.570796326795,101.6));
#533 = ( GEOMETRIC_REPRESENTATION_CONTEXT(2) 
PARAMETRIC_REPRESENTATION_CONTEXT() REPRESENTATION_CONTEXT('2D SPACE',''
  ) );
#534 = PCURVE('',#242,#535);
#535 = DEFINITIONAL_REPRESENTATION('',(#536),#546);
#536 = B_SPLINE_CURVE_WITH_KNOTS('',8,(#537,#538,#539,#540,#541,#542,
    #543,#544,#545),.UNSPECIFIED.,.F.,.F.,(9,9),(3.14159265359,
    4.712388980385),.PIECEWISE_BEZIER_KNOTS.);
#537 = CARTESIAN_POINT('',(3.14159265359,4.7625));
#538 = CARTESIAN_POINT('',(3.337942194439,4.7625));
#539 = CARTESIAN_POINT('',(3.534291735286,4.552660554359));
#540 = CARTESIAN_POINT('',(3.73064127614,4.132983445704));
#541 = CARTESIAN_POINT('',(3.926990816978,3.520719799603));
#542 = CARTESIAN_POINT('',(4.123340357836,2.750406906529));
#543 = CARTESIAN_POINT('',(4.319689898684,1.87022959861));
#544 = CARTESIAN_POINT('',(4.516039439535,0.935114688295));
#545 = CARTESIAN_POINT('',(4.712388980385,0.));
#546 = ( GEOMETRIC_REPRESENTATION_CONTEXT(2) 
PARAMETRIC_REPRESENTATION_CONTEXT() REPRESENTATION_CONTEXT('2D SPACE',''
  ) );
#547 = ORIENTED_EDGE('',*,*,#197,.F.);
#548 = ORIENTED_EDGE('',*,*,#549,.T.);
#549 = EDGE_CURVE('',#162,#550,#552,.T.);
#550 = VERTEX_POINT('',#551);
#551 = CARTESIAN_POINT('',(-114.3,4.7625,-25.4));
#552 = SURFACE_CURVE('',#553,(#558,#571),.PCURVE_S1.);
#553 = ELLIPSE('',#554,6.735192090802,4.7625);
#554 = AXIS2_PLACEMENT_3D('',#555,#556,#557);
#555 = CARTESIAN_POINT('',(-114.3,0.,-25.4));
#556 = DIRECTION('',(-0.707106781187,0.,0.707106781187));
#557 = DIRECTION('',(0.707106781187,0.,0.707106781187));
#558 = PCURVE('',#33,#559);
#559 = DEFINITIONAL_REPRESENTATION('',(#560),#570);
#560 = B_SPLINE_CURVE_WITH_KNOTS('',8,(#561,#562,#563,#564,#565,#566,
    #567,#568,#569),.UNSPECIFIED.,.F.,.F.,(9,9),(0.,1.570796326795),
  .PIECEWISE_BEZIER_KNOTS.);
#561 = CARTESIAN_POINT('',(0.,55.5625));
#562 = CARTESIAN_POINT('',(0.196349540849,55.5625));
#563 = CARTESIAN_POINT('',(0.392699081699,55.352660554297));
#564 = CARTESIAN_POINT('',(0.589048622545,54.932983445892));
#565 = CARTESIAN_POINT('',(0.7853981634,54.320719799264));
#566 = CARTESIAN_POINT('',(0.981747704243,53.550406906755));
#567 = CARTESIAN_POINT('',(1.178097245096,52.670229598518));
#568 = CARTESIAN_POINT('',(1.374446785946,51.735114688295));
#569 = CARTESIAN_POINT('',(1.570796326795,50.8));
#570 = ( GEOMETRIC_REPRESENTATION_CONTEXT(2) 
PARAMETRIC_REPRESENTATION_CONTEXT() REPRESENTATION_CONTEXT('2D SPACE',''
  ) );
#571 = PCURVE('',#143,#572);
#572 = DEFINITIONAL_REPRESENTATION('',(#573),#583);
#573 = B_SPLINE_CURVE_WITH_KNOTS('',8,(#574,#575,#576,#577,#578,#579,
    #580,#581,#582),.UNSPECIFIED.,.F.,.F.,(9,9),(0.,1.570796326795),
  .PIECEWISE_BEZIER_KNOTS.);
#574 = CARTESIAN_POINT('',(6.28318530718,4.7625));
#575 = CARTESIAN_POINT('',(6.08683576633,4.7625));
#576 = CARTESIAN_POINT('',(5.890486225481,4.552660554361));
#577 = CARTESIAN_POINT('',(5.694136684633,4.1329834457));
#578 = CARTESIAN_POINT('',(5.497787143781,3.520719799599));
#579 = CARTESIAN_POINT('',(5.301437602934,2.750406906521));
#580 = CARTESIAN_POINT('',(5.105088062083,1.870229598612));
#581 = CARTESIAN_POINT('',(4.908738521234,0.935114688295));
#582 = CARTESIAN_POINT('',(4.712388980385,0.));
#583 = ( GEOMETRIC_REPRESENTATION_CONTEXT(2) 
PARAMETRIC_REPRESENTATION_CONTEXT() REPRESENTATION_CONTEXT('2D SPACE',''
  ) );
#584 = ORIENTED_EDGE('',*,*,#585,.F.);
#585 = EDGE_CURVE('',#99,#550,#586,.T.);
#586 = SURFACE_CURVE('',#587,(#592,#605),.PCURVE_S1.);
#587 = ELLIPSE('',#588,6.735192090802,4.7625);
#588 = AXIS2_PLACEMENT_3D('',#589,#590,#591);
#589 = CARTESIAN_POINT('',(-114.3,0.,-25.4));
#590 = DIRECTION('',(0.707106781187,0.,0.707106781187));
#591 = DIRECTION('',(-0.707106781187,0.,0.707106781187));
#592 = PCURVE('',#33,#593);
#593 = DEFINITIONAL_REPRESENTATION('',(#594),#604);
#594 = B_SPLINE_CURVE_WITH_KNOTS('',8,(#595,#596,#597,#598,#599,#600,
    #601,#602,#603),.UNSPECIFIED.,.F.,.F.,(9,9),(3.14159265359,
    4.712388980385),.PIECEWISE_BEZIER_KNOTS.);
#595 = CARTESIAN_POINT('',(-8.881784197001E-16,46.0375));
#596 = CARTESIAN_POINT('',(0.196349540849,46.0375));
#597 = CARTESIAN_POINT('',(0.392699081699,46.24733944566));
#598 = CARTESIAN_POINT('',(0.589048622545,46.667016554135));
#599 = CARTESIAN_POINT('',(0.785398163399,47.27928020044));
#600 = CARTESIAN_POINT('',(0.981747704244,48.049593093279));
#601 = CARTESIAN_POINT('',(1.178097245097,48.929770401401));
#602 = CARTESIAN_POINT('',(1.374446785946,49.864885311705));
#603 = CARTESIAN_POINT('',(1.570796326795,50.8));
#604 = ( GEOMETRIC_REPRESENTATION_CONTEXT(2) 
PARAMETRIC_REPRESENTATION_CONTEXT() REPRESENTATION_CONTEXT('2D SPACE',''
  ) );
#605 = PCURVE('',#143,#606);
#606 = DEFINITIONAL_REPRESENTATION('',(#607),#617);
#607 = B_SPLINE_CURVE_WITH_KNOTS('',8,(#608,#609,#610,#611,#612,#613,
    #614,#615,#616),.UNSPECIFIED.,.F.,.F.,(9,9),(3.14159265359,
    4.712388980385),.PIECEWISE_BEZIER_KNOTS.);
#608 = CARTESIAN_POINT('',(3.14159265359,4.7625));
#609 = CARTESIAN_POINT('',(3.337942194439,4.7625));
#610 = CARTESIAN_POINT('',(3.53429173529,4.552660554361));
#611 = CARTESIAN_POINT('',(3.730641276125,4.132983445702));
#612 = CARTESIAN_POINT('',(3.926990816991,3.520719799608));
#613 = CARTESIAN_POINT('',(4.123340357826,2.750406906522));
#614 = CARTESIAN_POINT('',(4.319689898686,1.870229598612));
#615 = CARTESIAN_POINT('',(4.516039439535,0.935114688295));
#616 = CARTESIAN_POINT('',(4.712388980385,0.));
#617 = ( GEOMETRIC_REPRESENTATION_CONTEXT(2) 
PARAMETRIC_REPRESENTATION_CONTEXT() REPRESENTATION_CONTEXT('2D SPACE',''
  ) );
#618 = ORIENTED_EDGE('',*,*,#98,.F.);
#619 = ORIENTED_EDGE('',*,*,#620,.T.);
#620 = EDGE_CURVE('',#58,#621,#623,.T.);
#621 = VERTEX_POINT('',#622);
#622 = CARTESIAN_POINT('',(-110.9324039545,3.367596045401,
    -72.83240395459));
#623 = SURFACE_CURVE('',#624,(#629,#642),.PCURVE_S1.);
#624 = ELLIPSE('',#625,6.735192090802,4.7625);
#625 = AXIS2_PLACEMENT_3D('',#626,#627,#628);
#626 = CARTESIAN_POINT('',(-114.3,0.,-76.2));
#627 = DIRECTION('',(-0.707106781187,0.,0.707106781187));
#628 = DIRECTION('',(0.707106781187,0.,0.707106781187));
#629 = PCURVE('',#33,#630);
#630 = DEFINITIONAL_REPRESENTATION('',(#631),#641);
#631 = B_SPLINE_CURVE_WITH_KNOTS('',8,(#632,#633,#634,#635,#636,#637,
    #638,#639,#640),.UNSPECIFIED.,.F.,.F.,(9,9),(0.,1.570796326795),
  .PIECEWISE_BEZIER_KNOTS.);
#632 = CARTESIAN_POINT('',(0.,4.7625));
#633 = CARTESIAN_POINT('',(0.196349540849,4.7625));
#634 = CARTESIAN_POINT('',(0.392699081699,4.552660554361));
#635 = CARTESIAN_POINT('',(0.589048622545,4.1329834457));
#636 = CARTESIAN_POINT('',(0.7853981634,3.520719799599));
#637 = CARTESIAN_POINT('',(0.981747704243,2.750406906521));
#638 = CARTESIAN_POINT('',(1.178097245096,1.870229598612));
#639 = CARTESIAN_POINT('',(1.374446785946,0.935114688295));
#640 = CARTESIAN_POINT('',(1.570796326795,0.));
#641 = ( GEOMETRIC_REPRESENTATION_CONTEXT(2) 
PARAMETRIC_REPRESENTATION_CONTEXT() REPRESENTATION_CONTEXT('2D SPACE',''
  ) );
#642 = PCURVE('',#80,#643);
#643 = DEFINITIONAL_REPRESENTATION('',(#644),#654);
#644 = B_SPLINE_CURVE_WITH_KNOTS('',8,(#645,#646,#647,#648,#649,#650,
    #651,#652,#653),.UNSPECIFIED.,.F.,.F.,(9,9),(0.,1.570796326795),
  .PIECEWISE_BEZIER_KNOTS.);
#645 = CARTESIAN_POINT('',(6.28318530718,4.7625));
#646 = CARTESIAN_POINT('',(6.08683576633,4.7625));
#647 = CARTESIAN_POINT('',(5.89048622548,4.552660554361));
#648 = CARTESIAN_POINT('',(5.694136684635,4.1329834457));
#649 = CARTESIAN_POINT('',(5.49778714378,3.520719799599));
#650 = CARTESIAN_POINT('',(5.301437602935,2.750406906521));
#651 = CARTESIAN_POINT('',(5.105088062083,1.870229598612));
#652 = CARTESIAN_POINT('',(4.908738521234,0.935114688295));
#653 = CARTESIAN_POINT('',(4.712388980385,0.));
#654 = ( GEOMETRIC_REPRESENTATION_CONTEXT(2) 
PARAMETRIC_REPRESENTATION_CONTEXT() REPRESENTATION_CONTEXT('2D SPACE',''
  ) );
#655 = ORIENTED_EDGE('',*,*,#656,.T.);
#656 = EDGE_CURVE('',#621,#657,#659,.T.);
#657 = VERTEX_POINT('',#658);
#658 = CARTESIAN_POINT('',(-114.3,4.7625,-71.4375));
#659 = SURFACE_CURVE('',#660,(#665,#678),.PCURVE_S1.);
#660 = ELLIPSE('',#661,6.735192090802,4.7625);
#661 = AXIS2_PLACEMENT_3D('',#662,#663,#664);
#662 = CARTESIAN_POINT('',(-114.3,0.,-76.2));
#663 = DIRECTION('',(0.,-0.707106781187,0.707106781187));
#664 = DIRECTION('',(0.,0.707106781187,0.707106781187));
#665 = PCURVE('',#33,#666);
#666 = DEFINITIONAL_REPRESENTATION('',(#667),#677);
#667 = B_SPLINE_CURVE_WITH_KNOTS('',8,(#668,#669,#670,#671,#672,#673,
    #674,#675,#676),.UNSPECIFIED.,.F.,.F.,(9,9),(4.712388980385,
    6.28318530718),.PIECEWISE_BEZIER_KNOTS.);
#668 = CARTESIAN_POINT('',(0.,0.));
#669 = CARTESIAN_POINT('',(0.196349540849,0.935114688295));
#670 = CARTESIAN_POINT('',(0.392699081699,1.870229598614));
#671 = CARTESIAN_POINT('',(0.589048622547,2.750406906515));
#672 = CARTESIAN_POINT('',(0.785398163397,3.520719799624));
#673 = CARTESIAN_POINT('',(0.981747704244,4.132983445693));
#674 = CARTESIAN_POINT('',(1.178097245096,4.552660554364));
#675 = CARTESIAN_POINT('',(1.374446785946,4.7625));
#676 = CARTESIAN_POINT('',(1.570796326795,4.7625));
#677 = ( GEOMETRIC_REPRESENTATION_CONTEXT(2) 
PARAMETRIC_REPRESENTATION_CONTEXT() REPRESENTATION_CONTEXT('2D SPACE',''
  ) );
#678 = PCURVE('',#679,#684);
#679 = CYLINDRICAL_SURFACE('',#680,4.7625);
#680 = AXIS2_PLACEMENT_3D('',#681,#682,#683);
#681 = CARTESIAN_POINT('',(-114.3,0.,-76.2));
#682 = DIRECTION('',(0.,1.,0.));
#683 = DIRECTION('',(0.,-0.,1.));
#684 = DEFINITIONAL_REPRESENTATION('',(#685),#695);
#685 = B_SPLINE_CURVE_WITH_KNOTS('',8,(#686,#687,#688,#689,#690,#691,
    #692,#693,#694),.UNSPECIFIED.,.F.,.F.,(9,9),(4.712388980385,
    6.28318530718),.PIECEWISE_BEZIER_KNOTS.);
#686 = CARTESIAN_POINT('',(1.570796326795,-8.748570571409E-16));
#687 = CARTESIAN_POINT('',(1.374446785946,0.935114688295));
#688 = CARTESIAN_POINT('',(1.178097245096,1.870229598611));
#689 = CARTESIAN_POINT('',(0.981747704245,2.750406906525));
#690 = CARTESIAN_POINT('',(0.785398163396,3.520719799603));
#691 = CARTESIAN_POINT('',(0.589048622546,4.132983445699));
#692 = CARTESIAN_POINT('',(0.392699081698,4.552660554361));
#693 = CARTESIAN_POINT('',(0.196349540849,4.7625));
#694 = CARTESIAN_POINT('',(0.,4.7625));
#695 = ( GEOMETRIC_REPRESENTATION_CONTEXT(2) 
PARAMETRIC_REPRESENTATION_CONTEXT() REPRESENTATION_CONTEXT('2D SPACE',''
  ) );
#696 = ORIENTED_EDGE('',*,*,#697,.T.);
#697 = EDGE_CURVE('',#657,#22,#698,.T.);
#698 = SURFACE_CURVE('',#699,(#704,#717),.PCURVE_S1.);
#699 = ELLIPSE('',#700,6.735192090802,4.7625);
#700 = AXIS2_PLACEMENT_3D('',#701,#702,#703);
#701 = CARTESIAN_POINT('',(-114.3,0.,-76.2));
#702 = DIRECTION('',(0.,-0.707106781187,0.707106781187));
#703 = DIRECTION('',(0.,0.707106781187,0.707106781187));
#704 = PCURVE('',#33,#705);
#705 = DEFINITIONAL_REPRESENTATION('',(#706),#716);
#706 = B_SPLINE_CURVE_WITH_KNOTS('',8,(#707,#708,#709,#710,#711,#712,
    #713,#714,#715),.UNSPECIFIED.,.F.,.F.,(9,9),(0.,1.570796326795),
  .PIECEWISE_BEZIER_KNOTS.);
#707 = CARTESIAN_POINT('',(1.570796326795,4.7625));
#708 = CARTESIAN_POINT('',(1.767145867644,4.7625));
#709 = CARTESIAN_POINT('',(1.963495408494,4.552660554361));
#710 = CARTESIAN_POINT('',(2.159844949334,4.1329834457));
#711 = CARTESIAN_POINT('',(2.356194490197,3.520719799599));
#712 = CARTESIAN_POINT('',(2.552544031031,2.750406906521));
#713 = CARTESIAN_POINT('',(2.748893571892,1.870229598612));
#714 = CARTESIAN_POINT('',(2.94524311274,0.935114688295));
#715 = CARTESIAN_POINT('',(3.14159265359,0.));
#716 = ( GEOMETRIC_REPRESENTATION_CONTEXT(2) 
PARAMETRIC_REPRESENTATION_CONTEXT() REPRESENTATION_CONTEXT('2D SPACE',''
  ) );
#717 = PCURVE('',#679,#718);
#718 = DEFINITIONAL_REPRESENTATION('',(#719),#729);
#719 = B_SPLINE_CURVE_WITH_KNOTS('',8,(#720,#721,#722,#723,#724,#725,
    #726,#727,#728),.UNSPECIFIED.,.F.,.F.,(9,9),(0.,1.570796326795),
  .PIECEWISE_BEZIER_KNOTS.);
#720 = CARTESIAN_POINT('',(6.28318530718,4.7625));
#721 = CARTESIAN_POINT('',(6.08683576633,4.7625));
#722 = CARTESIAN_POINT('',(5.890486225481,4.552660554365));
#723 = CARTESIAN_POINT('',(5.694136684634,4.132983445687));
#724 = CARTESIAN_POINT('',(5.49778714378,3.520719799619));
#725 = CARTESIAN_POINT('',(5.301437602936,2.750406906516));
#726 = CARTESIAN_POINT('',(5.105088062083,1.870229598614));
#727 = CARTESIAN_POINT('',(4.908738521234,0.935114688295));
#728 = CARTESIAN_POINT('',(4.712388980385,2.91619019047E-16));
#729 = ( GEOMETRIC_REPRESENTATION_CONTEXT(2) 
PARAMETRIC_REPRESENTATION_CONTEXT() REPRESENTATION_CONTEXT('2D SPACE',''
  ) );
#730 = ADVANCED_FACE('',(#731),#45,.F.);
#731 = FACE_BOUND('',#732,.F.);
#732 = EDGE_LOOP('',(#733,#734,#760));
#733 = ORIENTED_EDGE('',*,*,#21,.T.);
#734 = ORIENTED_EDGE('',*,*,#735,.T.);
#735 = EDGE_CURVE('',#24,#736,#738,.T.);
#736 = VERTEX_POINT('',#737);
#737 = CARTESIAN_POINT('',(-114.3,0.,-76.2));
#738 = SURFACE_CURVE('',#739,(#743,#749),.PCURVE_S1.);
#739 = LINE('',#740,#741);
#740 = CARTESIAN_POINT('',(-114.3,0.,-76.2));
#741 = VECTOR('',#742,1.);
#742 = DIRECTION('',(0.,1.,0.));
#743 = PCURVE('',#45,#744);
#744 = DEFINITIONAL_REPRESENTATION('',(#745),#748);
#745 = B_SPLINE_CURVE_WITH_KNOTS('',1,(#746,#747),.UNSPECIFIED.,.F.,.F.,
  (2,2),(-4.7625,4.7625),.PIECEWISE_BEZIER_KNOTS.);
#746 = CARTESIAN_POINT('',(-2.84217094304E-14,-4.7625));
#747 = CARTESIAN_POINT('',(-2.84217094304E-14,4.7625));
#748 = ( GEOMETRIC_REPRESENTATION_CONTEXT(2) 
PARAMETRIC_REPRESENTATION_CONTEXT() REPRESENTATION_CONTEXT('2D SPACE',''
  ) );
#749 = PCURVE('',#750,#755);
#750 = PLANE('',#751);
#751 = AXIS2_PLACEMENT_3D('',#752,#753,#754);
#752 = CARTESIAN_POINT('',(-114.3,7.686657533969E-16,-76.2));
#753 = DIRECTION('',(1.,0.,0.));
#754 = DIRECTION('',(-0.,0.,1.));
#755 = DEFINITIONAL_REPRESENTATION('',(#756),#759);
#756 = B_SPLINE_CURVE_WITH_KNOTS('',1,(#757,#758),.UNSPECIFIED.,.F.,.F.,
  (2,2),(-4.7625,4.7625),.PIECEWISE_BEZIER_KNOTS.);
#757 = CARTESIAN_POINT('',(0.,4.7625));
#758 = CARTESIAN_POINT('',(0.,-4.7625));
#759 = ( GEOMETRIC_REPRESENTATION_CONTEXT(2) 
PARAMETRIC_REPRESENTATION_CONTEXT() REPRESENTATION_CONTEXT('2D SPACE',''
  ) );
#760 = ORIENTED_EDGE('',*,*,#761,.T.);
#761 = EDGE_CURVE('',#736,#22,#762,.T.);
#762 = SURFACE_CURVE('',#763,(#767,#773),.PCURVE_S1.);
#763 = LINE('',#764,#765);
#764 = CARTESIAN_POINT('',(-114.3,0.,-76.2));
#765 = VECTOR('',#766,1.);
#766 = DIRECTION('',(-1.,0.,0.));
#767 = PCURVE('',#45,#768);
#768 = DEFINITIONAL_REPRESENTATION('',(#769),#772);
#769 = B_SPLINE_CURVE_WITH_KNOTS('',1,(#770,#771),.UNSPECIFIED.,.F.,.F.,
  (2,2),(-1.463292493964E-14,4.7625),.PIECEWISE_BEZIER_KNOTS.);
#770 = CARTESIAN_POINT('',(4.220702244404E-16,7.686657533969E-16));
#771 = CARTESIAN_POINT('',(-4.7625,7.686657533969E-16));
#772 = ( GEOMETRIC_REPRESENTATION_CONTEXT(2) 
PARAMETRIC_REPRESENTATION_CONTEXT() REPRESENTATION_CONTEXT('2D SPACE',''
  ) );
#773 = PCURVE('',#774,#779);
#774 = PLANE('',#775);
#775 = AXIS2_PLACEMENT_3D('',#776,#777,#778);
#776 = CARTESIAN_POINT('',(-114.3,0.,-76.2));
#777 = DIRECTION('',(0.,1.,0.));
#778 = DIRECTION('',(0.,-0.,1.));
#779 = DEFINITIONAL_REPRESENTATION('',(#780),#783);
#780 = B_SPLINE_CURVE_WITH_KNOTS('',1,(#781,#782),.UNSPECIFIED.,.F.,.F.,
  (2,2),(-1.463292493964E-14,4.7625),.PIECEWISE_BEZIER_KNOTS.);
#781 = CARTESIAN_POINT('',(0.,2.884377965484E-14));
#782 = CARTESIAN_POINT('',(0.,-4.7625));
#783 = ( GEOMETRIC_REPRESENTATION_CONTEXT(2) 
PARAMETRIC_REPRESENTATION_CONTEXT() REPRESENTATION_CONTEXT('2D SPACE',''
  ) );
#784 = ADVANCED_FACE('',(#785,#1088),#679,.T.);
#785 = FACE_BOUND('',#786,.T.);
#786 = EDGE_LOOP('',(#787,#809,#810,#846,#882,#904,#905,#906,#928,#969,
    #998,#1053,#1087));
#787 = ORIENTED_EDGE('',*,*,#788,.F.);
#788 = EDGE_CURVE('',#657,#789,#791,.T.);
#789 = VERTEX_POINT('',#790);
#790 = CARTESIAN_POINT('',(-114.3,50.8,-71.4375));
#791 = SEAM_CURVE('',#792,(#796,#803),.PCURVE_S1.);
#792 = LINE('',#793,#794);
#793 = CARTESIAN_POINT('',(-114.3,0.,-71.4375));
#794 = VECTOR('',#795,1.);
#795 = DIRECTION('',(0.,1.,0.));
#796 = PCURVE('',#679,#797);
#797 = DEFINITIONAL_REPRESENTATION('',(#798),#802);
#798 = LINE('',#799,#800);
#799 = CARTESIAN_POINT('',(0.,0.));
#800 = VECTOR('',#801,1.);
#801 = DIRECTION('',(0.,1.));
#802 = ( GEOMETRIC_REPRESENTATION_CONTEXT(2) 
PARAMETRIC_REPRESENTATION_CONTEXT() REPRESENTATION_CONTEXT('2D SPACE',''
  ) );
#803 = PCURVE('',#679,#804);
#804 = DEFINITIONAL_REPRESENTATION('',(#805),#808);
#805 = B_SPLINE_CURVE_WITH_KNOTS('',1,(#806,#807),.UNSPECIFIED.,.F.,.F.,
  (2,2),(0.,101.6),.PIECEWISE_BEZIER_KNOTS.);
#806 = CARTESIAN_POINT('',(6.28318530718,0.));
#807 = CARTESIAN_POINT('',(6.28318530718,101.6));
#808 = ( GEOMETRIC_REPRESENTATION_CONTEXT(2) 
PARAMETRIC_REPRESENTATION_CONTEXT() REPRESENTATION_CONTEXT('2D SPACE',''
  ) );
#809 = ORIENTED_EDGE('',*,*,#656,.F.);
#810 = ORIENTED_EDGE('',*,*,#811,.F.);
#811 = EDGE_CURVE('',#812,#621,#814,.T.);
#812 = VERTEX_POINT('',#813);
#813 = CARTESIAN_POINT('',(-109.5375,4.7625,-76.2));
#814 = SURFACE_CURVE('',#815,(#820,#833),.PCURVE_S1.);
#815 = ELLIPSE('',#816,6.735192090802,4.7625);
#816 = AXIS2_PLACEMENT_3D('',#817,#818,#819);
#817 = CARTESIAN_POINT('',(-114.3,0.,-76.2));
#818 = DIRECTION('',(0.707106781187,-0.707106781187,0.));
#819 = DIRECTION('',(0.707106781187,0.707106781187,0.));
#820 = PCURVE('',#679,#821);
#821 = DEFINITIONAL_REPRESENTATION('',(#822),#832);
#822 = B_SPLINE_CURVE_WITH_KNOTS('',8,(#823,#824,#825,#826,#827,#828,
    #829,#830,#831),.UNSPECIFIED.,.F.,.F.,(9,9),(0.,1.570796326795),
  .PIECEWISE_BEZIER_KNOTS.);
#823 = CARTESIAN_POINT('',(1.570796326795,4.7625));
#824 = CARTESIAN_POINT('',(1.374446785946,4.7625));
#825 = CARTESIAN_POINT('',(1.178097245095,4.552660554365));
#826 = CARTESIAN_POINT('',(0.981747704246,4.132983445687));
#827 = CARTESIAN_POINT('',(0.785398163394,3.520719799619));
#828 = CARTESIAN_POINT('',(0.589048622548,2.750406906516));
#829 = CARTESIAN_POINT('',(0.392699081698,1.870229598614));
#830 = CARTESIAN_POINT('',(0.196349540849,0.935114688295));
#831 = CARTESIAN_POINT('',(0.,2.91619019047E-16));
#832 = ( GEOMETRIC_REPRESENTATION_CONTEXT(2) 
PARAMETRIC_REPRESENTATION_CONTEXT() REPRESENTATION_CONTEXT('2D SPACE',''
  ) );
#833 = PCURVE('',#80,#834);
#834 = DEFINITIONAL_REPRESENTATION('',(#835),#845);
#835 = B_SPLINE_CURVE_WITH_KNOTS('',8,(#836,#837,#838,#839,#840,#841,
    #842,#843,#844),.UNSPECIFIED.,.F.,.F.,(9,9),(0.,1.570796326795),
  .PIECEWISE_BEZIER_KNOTS.);
#836 = CARTESIAN_POINT('',(4.712388980385,4.7625));
#837 = CARTESIAN_POINT('',(4.908738521234,4.7625));
#838 = CARTESIAN_POINT('',(5.105088062082,4.552660554361));
#839 = CARTESIAN_POINT('',(5.301437602938,4.1329834457));
#840 = CARTESIAN_POINT('',(5.497787143775,3.520719799599));
#841 = CARTESIAN_POINT('',(5.694136684637,2.750406906521));
#842 = CARTESIAN_POINT('',(5.89048622548,1.870229598612));
#843 = CARTESIAN_POINT('',(6.08683576633,0.935114688295));
#844 = CARTESIAN_POINT('',(6.28318530718,0.));
#845 = ( GEOMETRIC_REPRESENTATION_CONTEXT(2) 
PARAMETRIC_REPRESENTATION_CONTEXT() REPRESENTATION_CONTEXT('2D SPACE',''
  ) );
#846 = ORIENTED_EDGE('',*,*,#847,.F.);
#847 = EDGE_CURVE('',#848,#812,#850,.T.);
#848 = VERTEX_POINT('',#849);
#849 = CARTESIAN_POINT('',(-114.3,-2.91619019047E-16,-80.9625));
#850 = SURFACE_CURVE('',#851,(#856,#869),.PCURVE_S1.);
#851 = ELLIPSE('',#852,6.735192090802,4.7625);
#852 = AXIS2_PLACEMENT_3D('',#853,#854,#855);
#853 = CARTESIAN_POINT('',(-114.3,0.,-76.2));
#854 = DIRECTION('',(0.707106781187,-0.707106781187,0.));
#855 = DIRECTION('',(0.707106781187,0.707106781187,0.));
#856 = PCURVE('',#679,#857);
#857 = DEFINITIONAL_REPRESENTATION('',(#858),#868);
#858 = B_SPLINE_CURVE_WITH_KNOTS('',8,(#859,#860,#861,#862,#863,#864,
    #865,#866,#867),.UNSPECIFIED.,.F.,.F.,(9,9),(4.712388980385,
    6.28318530718),.PIECEWISE_BEZIER_KNOTS.);
#859 = CARTESIAN_POINT('',(3.14159265359,-8.748570571409E-16));
#860 = CARTESIAN_POINT('',(2.94524311274,0.935114688295));
#861 = CARTESIAN_POINT('',(2.748893571893,1.870229598611));
#862 = CARTESIAN_POINT('',(2.552544031032,2.750406906525));
#863 = CARTESIAN_POINT('',(2.356194490197,3.520719799603));
#864 = CARTESIAN_POINT('',(2.159844949333,4.132983445699));
#865 = CARTESIAN_POINT('',(1.963495408495,4.552660554361));
#866 = CARTESIAN_POINT('',(1.767145867644,4.7625));
#867 = CARTESIAN_POINT('',(1.570796326795,4.7625));
#868 = ( GEOMETRIC_REPRESENTATION_CONTEXT(2) 
PARAMETRIC_REPRESENTATION_CONTEXT() REPRESENTATION_CONTEXT('2D SPACE',''
  ) );
#869 = PCURVE('',#80,#870);
#870 = DEFINITIONAL_REPRESENTATION('',(#871),#881);
#871 = B_SPLINE_CURVE_WITH_KNOTS('',8,(#872,#873,#874,#875,#876,#877,
    #878,#879,#880),.UNSPECIFIED.,.F.,.F.,(9,9),(4.712388980385,
    6.28318530718),.PIECEWISE_BEZIER_KNOTS.);
#872 = CARTESIAN_POINT('',(3.14159265359,0.));
#873 = CARTESIAN_POINT('',(3.337942194439,0.935114688295));
#874 = CARTESIAN_POINT('',(3.534291735288,1.870229598614));
#875 = CARTESIAN_POINT('',(3.730641276131,2.750406906515));
#876 = CARTESIAN_POINT('',(3.926990816987,3.520719799624));
#877 = CARTESIAN_POINT('',(4.123340357826,4.132983445693));
#878 = CARTESIAN_POINT('',(4.319689898686,4.552660554364));
#879 = CARTESIAN_POINT('',(4.516039439535,4.7625));
#880 = CARTESIAN_POINT('',(4.712388980385,4.7625));
#881 = ( GEOMETRIC_REPRESENTATION_CONTEXT(2) 
PARAMETRIC_REPRESENTATION_CONTEXT() REPRESENTATION_CONTEXT('2D SPACE',''
  ) );
#882 = ORIENTED_EDGE('',*,*,#883,.T.);
#883 = EDGE_CURVE('',#848,#22,#884,.T.);
#884 = SURFACE_CURVE('',#885,(#890,#897),.PCURVE_S1.);
#885 = CIRCLE('',#886,4.7625);
#886 = AXIS2_PLACEMENT_3D('',#887,#888,#889);
#887 = CARTESIAN_POINT('',(-114.3,0.,-76.2));
#888 = DIRECTION('',(0.,1.,0.));
#889 = DIRECTION('',(0.,-0.,1.));
#890 = PCURVE('',#679,#891);
#891 = DEFINITIONAL_REPRESENTATION('',(#892),#896);
#892 = LINE('',#893,#894);
#893 = CARTESIAN_POINT('',(0.,0.));
#894 = VECTOR('',#895,1.);
#895 = DIRECTION('',(1.,0.));
#896 = ( GEOMETRIC_REPRESENTATION_CONTEXT(2) 
PARAMETRIC_REPRESENTATION_CONTEXT() REPRESENTATION_CONTEXT('2D SPACE',''
  ) );
#897 = PCURVE('',#774,#898);
#898 = DEFINITIONAL_REPRESENTATION('',(#899),#903);
#899 = CIRCLE('',#900,4.7625);
#900 = AXIS2_PLACEMENT_2D('',#901,#902);
#901 = CARTESIAN_POINT('',(0.,0.));
#902 = DIRECTION('',(1.,0.));
#903 = ( GEOMETRIC_REPRESENTATION_CONTEXT(2) 
PARAMETRIC_REPRESENTATION_CONTEXT() REPRESENTATION_CONTEXT('2D SPACE',''
  ) );
#904 = ORIENTED_EDGE('',*,*,#697,.F.);
#905 = ORIENTED_EDGE('',*,*,#788,.T.);
#906 = ORIENTED_EDGE('',*,*,#907,.T.);
#907 = EDGE_CURVE('',#789,#908,#910,.T.);
#908 = VERTEX_POINT('',#909);
#909 = CARTESIAN_POINT('',(-114.3,96.8375,-71.4375));
#910 = SEAM_CURVE('',#911,(#915,#922),.PCURVE_S1.);
#911 = LINE('',#912,#913);
#912 = CARTESIAN_POINT('',(-114.3,0.,-71.4375));
#913 = VECTOR('',#914,1.);
#914 = DIRECTION('',(0.,1.,0.));
#915 = PCURVE('',#679,#916);
#916 = DEFINITIONAL_REPRESENTATION('',(#917),#921);
#917 = LINE('',#918,#919);
#918 = CARTESIAN_POINT('',(0.,0.));
#919 = VECTOR('',#920,1.);
#920 = DIRECTION('',(0.,1.));
#921 = ( GEOMETRIC_REPRESENTATION_CONTEXT(2) 
PARAMETRIC_REPRESENTATION_CONTEXT() REPRESENTATION_CONTEXT('2D SPACE',''
  ) );
#922 = PCURVE('',#679,#923);
#923 = DEFINITIONAL_REPRESENTATION('',(#924),#927);
#924 = B_SPLINE_CURVE_WITH_KNOTS('',1,(#925,#926),.UNSPECIFIED.,.F.,.F.,
  (2,2),(0.,101.6),.PIECEWISE_BEZIER_KNOTS.);
#925 = CARTESIAN_POINT('',(6.28318530718,0.));
#926 = CARTESIAN_POINT('',(6.28318530718,101.6));
#927 = ( GEOMETRIC_REPRESENTATION_CONTEXT(2) 
PARAMETRIC_REPRESENTATION_CONTEXT() REPRESENTATION_CONTEXT('2D SPACE',''
  ) );
#928 = ORIENTED_EDGE('',*,*,#929,.F.);
#929 = EDGE_CURVE('',#930,#908,#932,.T.);
#930 = VERTEX_POINT('',#931);
#931 = CARTESIAN_POINT('',(-119.0625,101.6,-76.2));
#932 = SURFACE_CURVE('',#933,(#938,#951),.PCURVE_S1.);
#933 = ELLIPSE('',#934,6.735192090802,4.7625);
#934 = AXIS2_PLACEMENT_3D('',#935,#936,#937);
#935 = CARTESIAN_POINT('',(-114.3,101.6,-76.2));
#936 = DIRECTION('',(0.,0.707106781187,0.707106781187));
#937 = DIRECTION('',(0.,0.707106781187,-0.707106781187));
#938 = PCURVE('',#679,#939);
#939 = DEFINITIONAL_REPRESENTATION('',(#940),#950);
#940 = B_SPLINE_CURVE_WITH_KNOTS('',8,(#941,#942,#943,#944,#945,#946,
    #947,#948,#949),.UNSPECIFIED.,.F.,.F.,(9,9),(1.570796326795,
    3.14159265359),.PIECEWISE_BEZIER_KNOTS.);
#941 = CARTESIAN_POINT('',(4.712388980385,101.6));
#942 = CARTESIAN_POINT('',(4.908738521234,100.6648853117));
#943 = CARTESIAN_POINT('',(5.105088062084,99.729770401346));
#944 = CARTESIAN_POINT('',(5.301437602934,98.849593093431));
#945 = CARTESIAN_POINT('',(5.497787143784,98.079280199949));
#946 = CARTESIAN_POINT('',(5.694136684632,97.46701655431));
#947 = CARTESIAN_POINT('',(5.890486225481,97.047339445593));
#948 = CARTESIAN_POINT('',(6.08683576633,96.8375));
#949 = CARTESIAN_POINT('',(6.28318530718,96.8375));
#950 = ( GEOMETRIC_REPRESENTATION_CONTEXT(2) 
PARAMETRIC_REPRESENTATION_CONTEXT() REPRESENTATION_CONTEXT('2D SPACE',''
  ) );
#951 = PCURVE('',#952,#957);
#952 = CYLINDRICAL_SURFACE('',#953,4.7625);
#953 = AXIS2_PLACEMENT_3D('',#954,#955,#956);
#954 = CARTESIAN_POINT('',(-114.3,101.6,-76.2));
#955 = DIRECTION('',(0.,0.,1.));
#956 = DIRECTION('',(1.,0.,-0.));
#957 = DEFINITIONAL_REPRESENTATION('',(#958),#968);
#958 = B_SPLINE_CURVE_WITH_KNOTS('',8,(#959,#960,#961,#962,#963,#964,
    #965,#966,#967),.UNSPECIFIED.,.F.,.F.,(9,9),(1.570796326795,
    3.14159265359),.PIECEWISE_BEZIER_KNOTS.);
#959 = CARTESIAN_POINT('',(3.14159265359,0.));
#960 = CARTESIAN_POINT('',(3.337942194439,0.935114688295));
#961 = CARTESIAN_POINT('',(3.534291735286,1.870229598614));
#962 = CARTESIAN_POINT('',(3.73064127614,2.750406906515));
#963 = CARTESIAN_POINT('',(3.926990816977,3.520719799624));
#964 = CARTESIAN_POINT('',(4.123340357834,4.132983445693));
#965 = CARTESIAN_POINT('',(4.319689898684,4.552660554364));
#966 = CARTESIAN_POINT('',(4.516039439535,4.7625));
#967 = CARTESIAN_POINT('',(4.712388980385,4.7625));
#968 = ( GEOMETRIC_REPRESENTATION_CONTEXT(2) 
PARAMETRIC_REPRESENTATION_CONTEXT() REPRESENTATION_CONTEXT('2D SPACE',''
  ) );
#969 = ORIENTED_EDGE('',*,*,#970,.F.);
#970 = EDGE_CURVE('',#971,#930,#973,.T.);
#971 = VERTEX_POINT('',#972);
#972 = CARTESIAN_POINT('',(-114.3,101.6,-80.9625));
#973 = SURFACE_CURVE('',#974,(#979,#986),.PCURVE_S1.);
#974 = CIRCLE('',#975,4.7625);
#975 = AXIS2_PLACEMENT_3D('',#976,#977,#978);
#976 = CARTESIAN_POINT('',(-114.3,101.6,-76.2));
#977 = DIRECTION('',(0.,1.,0.));
#978 = DIRECTION('',(0.,-0.,1.));
#979 = PCURVE('',#679,#980);
#980 = DEFINITIONAL_REPRESENTATION('',(#981),#985);
#981 = LINE('',#982,#983);
#982 = CARTESIAN_POINT('',(0.,101.6));
#983 = VECTOR('',#984,1.);
#984 = DIRECTION('',(1.,0.));
#985 = ( GEOMETRIC_REPRESENTATION_CONTEXT(2) 
PARAMETRIC_REPRESENTATION_CONTEXT() REPRESENTATION_CONTEXT('2D SPACE',''
  ) );
#986 = PCURVE('',#987,#992);
#987 = PLANE('',#988);
#988 = AXIS2_PLACEMENT_3D('',#989,#990,#991);
#989 = CARTESIAN_POINT('',(-114.3,101.6,-76.2));
#990 = DIRECTION('',(0.,1.,0.));
#991 = DIRECTION('',(0.,-0.,1.));
#992 = DEFINITIONAL_REPRESENTATION('',(#993),#997);
#993 = CIRCLE('',#994,4.7625);
#994 = AXIS2_PLACEMENT_2D('',#995,#996);
#995 = CARTESIAN_POINT('',(0.,0.));
#996 = DIRECTION('',(1.,0.));
#997 = ( GEOMETRIC_REPRESENTATION_CONTEXT(2) 
PARAMETRIC_REPRESENTATION_CONTEXT() REPRESENTATION_CONTEXT('2D SPACE',''
  ) );
#998 = ORIENTED_EDGE('',*,*,#999,.F.);
#999 = EDGE_CURVE('',#1000,#971,#1002,.T.);
#1000 = VERTEX_POINT('',#1001);
#1001 = CARTESIAN_POINT('',(-110.9324039545,98.232403954599,
    -72.83240395459));
#1002 = SURFACE_CURVE('',#1003,(#1008,#1028),.PCURVE_S1.);
#1003 = ELLIPSE('',#1004,6.735192090802,4.7625);
#1004 = AXIS2_PLACEMENT_3D('',#1005,#1006,#1007);
#1005 = CARTESIAN_POINT('',(-114.3,101.6,-76.2));
#1006 = DIRECTION('',(0.707106781187,0.707106781187,0.));
#1007 = DIRECTION('',(-0.707106781187,0.707106781187,0.));
#1008 = PCURVE('',#679,#1009);
#1009 = DEFINITIONAL_REPRESENTATION('',(#1010),#1027);
#1010 = B_SPLINE_CURVE_WITH_KNOTS('',8,(#1011,#1012,#1013,#1014,#1015,
    #1016,#1017,#1018,#1019,#1020,#1021,#1022,#1023,#1024,#1025,#1026),
  .UNSPECIFIED.,.F.,.F.,(9,7,9),(1.570796326795,3.14159265359,
    4.712388980385),.UNSPECIFIED.);
#1011 = CARTESIAN_POINT('',(0.,101.6));
#1012 = CARTESIAN_POINT('',(0.196349540849,100.6648853117));
#1013 = CARTESIAN_POINT('',(0.392699081698,99.729770401346));
#1014 = CARTESIAN_POINT('',(0.589048622548,98.849593093431));
#1015 = CARTESIAN_POINT('',(0.785398163394,98.079280199949));
#1016 = CARTESIAN_POINT('',(0.981747704247,97.46701655431));
#1017 = CARTESIAN_POINT('',(1.178097245095,97.047339445593));
#1018 = CARTESIAN_POINT('',(1.374446785946,96.8375));
#1019 = CARTESIAN_POINT('',(1.767145867644,96.8375));
#1020 = CARTESIAN_POINT('',(1.96349540849,97.04733944558));
#1021 = CARTESIAN_POINT('',(2.159844949352,97.467016554196));
#1022 = CARTESIAN_POINT('',(2.356194490175,98.079280200091));
#1023 = CARTESIAN_POINT('',(2.552544031049,98.849593093444));
#1024 = CARTESIAN_POINT('',(2.748893571888,99.729770401317));
#1025 = CARTESIAN_POINT('',(2.94524311274,100.6648853117));
#1026 = CARTESIAN_POINT('',(3.14159265359,101.6));
#1027 = ( GEOMETRIC_REPRESENTATION_CONTEXT(2) 
PARAMETRIC_REPRESENTATION_CONTEXT() REPRESENTATION_CONTEXT('2D SPACE',''
  ) );
#1028 = PCURVE('',#1029,#1034);
#1029 = CYLINDRICAL_SURFACE('',#1030,4.7625);
#1030 = AXIS2_PLACEMENT_3D('',#1031,#1032,#1033);
#1031 = CARTESIAN_POINT('',(-114.3,101.6,-76.2));
#1032 = DIRECTION('',(1.,0.,0.));
#1033 = DIRECTION('',(0.,0.,1.));
#1034 = DEFINITIONAL_REPRESENTATION('',(#1035),#1052);
#1035 = B_SPLINE_CURVE_WITH_KNOTS('',8,(#1036,#1037,#1038,#1039,#1040,
    #1041,#1042,#1043,#1044,#1045,#1046,#1047,#1048,#1049,#1050,#1051),
  .UNSPECIFIED.,.F.,.F.,(9,7,9),(1.570796326795,3.14159265359,
    4.712388980385),.UNSPECIFIED.);
#1036 = CARTESIAN_POINT('',(0.,0.));
#1037 = CARTESIAN_POINT('',(0.196349540849,0.935114688295));
#1038 = CARTESIAN_POINT('',(0.392699081698,1.870229598614));
#1039 = CARTESIAN_POINT('',(0.589048622548,2.750406906515));
#1040 = CARTESIAN_POINT('',(0.785398163394,3.520719799624));
#1041 = CARTESIAN_POINT('',(0.981747704247,4.132983445693));
#1042 = CARTESIAN_POINT('',(1.178097245095,4.552660554364));
#1043 = CARTESIAN_POINT('',(1.374446785946,4.7625));
#1044 = CARTESIAN_POINT('',(1.767145867644,4.7625));
#1045 = CARTESIAN_POINT('',(1.96349540849,4.552660554363));
#1046 = CARTESIAN_POINT('',(2.159844949352,4.132983445694));
#1047 = CARTESIAN_POINT('',(2.356194490175,3.520719799609));
#1048 = CARTESIAN_POINT('',(2.552544031049,2.750406906516));
#1049 = CARTESIAN_POINT('',(2.748893571888,1.870229598614));
#1050 = CARTESIAN_POINT('',(2.94524311274,0.935114688295));
#1051 = CARTESIAN_POINT('',(3.14159265359,0.));
#1052 = ( GEOMETRIC_REPRESENTATION_CONTEXT(2) 
PARAMETRIC_REPRESENTATION_CONTEXT() REPRESENTATION_CONTEXT('2D SPACE',''
  ) );
#1053 = ORIENTED_EDGE('',*,*,#1054,.F.);
#1054 = EDGE_CURVE('',#908,#1000,#1055,.T.);
#1055 = SURFACE_CURVE('',#1056,(#1061,#1074),.PCURVE_S1.);
#1056 = ELLIPSE('',#1057,6.735192090802,4.7625);
#1057 = AXIS2_PLACEMENT_3D('',#1058,#1059,#1060);
#1058 = CARTESIAN_POINT('',(-114.3,101.6,-76.2));
#1059 = DIRECTION('',(0.,0.707106781187,0.707106781187));
#1060 = DIRECTION('',(0.,0.707106781187,-0.707106781187));
#1061 = PCURVE('',#679,#1062);
#1062 = DEFINITIONAL_REPRESENTATION('',(#1063),#1073);
#1063 = B_SPLINE_CURVE_WITH_KNOTS('',8,(#1064,#1065,#1066,#1067,#1068,
    #1069,#1070,#1071,#1072),.UNSPECIFIED.,.F.,.F.,(9,9),(3.14159265359,
    4.712388980385),.PIECEWISE_BEZIER_KNOTS.);
#1064 = CARTESIAN_POINT('',(0.,96.8375));
#1065 = CARTESIAN_POINT('',(0.196349540849,96.8375));
#1066 = CARTESIAN_POINT('',(0.392699081699,97.04733944558));
#1067 = CARTESIAN_POINT('',(0.589048622547,97.467016554196));
#1068 = CARTESIAN_POINT('',(0.785398163396,98.079280200091));
#1069 = CARTESIAN_POINT('',(0.981747704245,98.849593093444));
#1070 = CARTESIAN_POINT('',(1.178097245096,99.729770401317));
#1071 = CARTESIAN_POINT('',(1.374446785946,100.6648853117));
#1072 = CARTESIAN_POINT('',(1.570796326795,101.6));
#1073 = ( GEOMETRIC_REPRESENTATION_CONTEXT(2) 
PARAMETRIC_REPRESENTATION_CONTEXT() REPRESENTATION_CONTEXT('2D SPACE',''
  ) );
#1074 = PCURVE('',#952,#1075);
#1075 = DEFINITIONAL_REPRESENTATION('',(#1076),#1086);
#1076 = B_SPLINE_CURVE_WITH_KNOTS('',8,(#1077,#1078,#1079,#1080,#1081,
    #1082,#1083,#1084,#1085),.UNSPECIFIED.,.F.,.F.,(9,9),(3.14159265359,
    4.712388980385),.PIECEWISE_BEZIER_KNOTS.);
#1077 = CARTESIAN_POINT('',(4.712388980385,4.7625));
#1078 = CARTESIAN_POINT('',(4.908738521234,4.7625));
#1079 = CARTESIAN_POINT('',(5.105088062083,4.552660554363));
#1080 = CARTESIAN_POINT('',(5.301437602935,4.132983445694));
#1081 = CARTESIAN_POINT('',(5.49778714378,3.520719799609));
#1082 = CARTESIAN_POINT('',(5.694136684634,2.750406906516));
#1083 = CARTESIAN_POINT('',(5.89048622548,1.870229598614));
#1084 = CARTESIAN_POINT('',(6.08683576633,0.935114688295));
#1085 = CARTESIAN_POINT('',(6.28318530718,0.));
#1086 = ( GEOMETRIC_REPRESENTATION_CONTEXT(2) 
PARAMETRIC_REPRESENTATION_CONTEXT() REPRESENTATION_CONTEXT('2D SPACE',''
  ) );
#1087 = ORIENTED_EDGE('',*,*,#907,.F.);
#1088 = FACE_BOUND('',#1089,.T.);
#1089 = EDGE_LOOP('',(#1090,#1145,#1181));
#1090 = ORIENTED_EDGE('',*,*,#1091,.F.);
#1091 = EDGE_CURVE('',#789,#1092,#1094,.T.);
#1092 = VERTEX_POINT('',#1093);
#1093 = CARTESIAN_POINT('',(-114.3,50.799998574464,-80.9625));
#1094 = SURFACE_CURVE('',#1095,(#1100,#1120),.PCURVE_S1.);
#1095 = ELLIPSE('',#1096,6.735192090802,4.7625);
#1096 = AXIS2_PLACEMENT_3D('',#1097,#1098,#1099);
#1097 = CARTESIAN_POINT('',(-114.3,50.8,-76.2));
#1098 = DIRECTION('',(0.707106781187,0.707106781187,0.));
#1099 = DIRECTION('',(-0.707106781187,0.707106781187,0.));
#1100 = PCURVE('',#679,#1101);
#1101 = DEFINITIONAL_REPRESENTATION('',(#1102),#1119);
#1102 = B_SPLINE_CURVE_WITH_KNOTS('',8,(#1103,#1104,#1105,#1106,#1107,
    #1108,#1109,#1110,#1111,#1112,#1113,#1114,#1115,#1116,#1117,#1118),
  .UNSPECIFIED.,.F.,.F.,(9,7,9),(1.570796326795,3.14159265359,
    4.712388980385),.UNSPECIFIED.);
#1103 = CARTESIAN_POINT('',(0.,50.8));
#1104 = CARTESIAN_POINT('',(0.196349540849,49.864885311705));
#1105 = CARTESIAN_POINT('',(0.392699081698,48.929770401386));
#1106 = CARTESIAN_POINT('',(0.589048622548,48.049593093415));
#1107 = CARTESIAN_POINT('',(0.785398163394,47.279280200373));
#1108 = CARTESIAN_POINT('',(0.981747704247,46.667016554225));
#1109 = CARTESIAN_POINT('',(1.178097245095,46.247339445626));
#1110 = CARTESIAN_POINT('',(1.374446785946,46.0375));
#1111 = CARTESIAN_POINT('',(1.767145867644,46.0375));
#1112 = CARTESIAN_POINT('',(1.96349540849,46.247339445608));
#1113 = CARTESIAN_POINT('',(2.159844949352,46.667016554287));
#1114 = CARTESIAN_POINT('',(2.356194490175,47.27928020033));
#1115 = CARTESIAN_POINT('',(2.552544031049,48.049593093428));
#1116 = CARTESIAN_POINT('',(2.748893571888,48.929770401357));
#1117 = CARTESIAN_POINT('',(2.94524311274,49.864885311705));
#1118 = CARTESIAN_POINT('',(3.14159265359,50.8));
#1119 = ( GEOMETRIC_REPRESENTATION_CONTEXT(2) 
PARAMETRIC_REPRESENTATION_CONTEXT() REPRESENTATION_CONTEXT('2D SPACE',''
  ) );
#1120 = PCURVE('',#1121,#1126);
#1121 = CYLINDRICAL_SURFACE('',#1122,4.7625);
#1122 = AXIS2_PLACEMENT_3D('',#1123,#1124,#1125);
#1123 = CARTESIAN_POINT('',(-114.3,50.8,-76.2));
#1124 = DIRECTION('',(1.,0.,0.));
#1125 = DIRECTION('',(0.,0.,1.));
#1126 = DEFINITIONAL_REPRESENTATION('',(#1127),#1144);
#1127 = B_SPLINE_CURVE_WITH_KNOTS('',8,(#1128,#1129,#1130,#1131,#1132,
    #1133,#1134,#1135,#1136,#1137,#1138,#1139,#1140,#1141,#1142,#1143),
  .UNSPECIFIED.,.F.,.F.,(9,7,9),(1.570796326795,3.14159265359,
    4.712388980385),.UNSPECIFIED.);
#1128 = CARTESIAN_POINT('',(0.,0.));
#1129 = CARTESIAN_POINT('',(0.196349540849,0.935114688295));
#1130 = CARTESIAN_POINT('',(0.392699081698,1.870229598614));
#1131 = CARTESIAN_POINT('',(0.589048622547,2.750406906515));
#1132 = CARTESIAN_POINT('',(0.785398163396,3.520719799624));
#1133 = CARTESIAN_POINT('',(0.981747704246,4.132983445693));
#1134 = CARTESIAN_POINT('',(1.178097245096,4.552660554364));
#1135 = CARTESIAN_POINT('',(1.374446785946,4.7625));
#1136 = CARTESIAN_POINT('',(1.767145867644,4.7625));
#1137 = CARTESIAN_POINT('',(1.963495408494,4.552660554363));
#1138 = CARTESIAN_POINT('',(2.159844949341,4.132983445694));
#1139 = CARTESIAN_POINT('',(2.356194490197,3.520719799609));
#1140 = CARTESIAN_POINT('',(2.552544031038,2.750406906516));
#1141 = CARTESIAN_POINT('',(2.748893571891,1.870229598614));
#1142 = CARTESIAN_POINT('',(2.94524311274,0.935114688295));
#1143 = CARTESIAN_POINT('',(3.14159265359,0.));
#1144 = ( GEOMETRIC_REPRESENTATION_CONTEXT(2) 
PARAMETRIC_REPRESENTATION_CONTEXT() REPRESENTATION_CONTEXT('2D SPACE',''
  ) );
#1145 = ORIENTED_EDGE('',*,*,#1146,.T.);
#1146 = EDGE_CURVE('',#789,#1147,#1149,.T.);
#1147 = VERTEX_POINT('',#1148);
#1148 = CARTESIAN_POINT('',(-109.5375,55.5625,-76.2));
#1149 = SURFACE_CURVE('',#1150,(#1155,#1168),.PCURVE_S1.);
#1150 = ELLIPSE('',#1151,6.735192090802,4.7625);
#1151 = AXIS2_PLACEMENT_3D('',#1152,#1153,#1154);
#1152 = CARTESIAN_POINT('',(-114.3,50.8,-76.2));
#1153 = DIRECTION('',(-0.707106781187,0.707106781187,0.));
#1154 = DIRECTION('',(0.707106781187,0.707106781187,0.));
#1155 = PCURVE('',#679,#1156);
#1156 = DEFINITIONAL_REPRESENTATION('',(#1157),#1167);
#1157 = B_SPLINE_CURVE_WITH_KNOTS('',8,(#1158,#1159,#1160,#1161,#1162,
    #1163,#1164,#1165,#1166),.UNSPECIFIED.,.F.,.F.,(9,9),(4.712388980385
    ,6.28318530718),.PIECEWISE_BEZIER_KNOTS.);
#1158 = CARTESIAN_POINT('',(0.,50.8));
#1159 = CARTESIAN_POINT('',(0.196349540849,51.735114688295));
#1160 = CARTESIAN_POINT('',(0.392699081699,52.670229598598));
#1161 = CARTESIAN_POINT('',(0.589048622547,53.550406906445));
#1162 = CARTESIAN_POINT('',(0.785398163396,54.32071979957));
#1163 = CARTESIAN_POINT('',(0.981747704245,54.932983445521));
#1164 = CARTESIAN_POINT('',(1.178097245096,55.352660554365));
#1165 = CARTESIAN_POINT('',(1.374446785946,55.5625));
#1166 = CARTESIAN_POINT('',(1.570796326795,55.5625));
#1167 = ( GEOMETRIC_REPRESENTATION_CONTEXT(2) 
PARAMETRIC_REPRESENTATION_CONTEXT() REPRESENTATION_CONTEXT('2D SPACE',''
  ) );
#1168 = PCURVE('',#1121,#1169);
#1169 = DEFINITIONAL_REPRESENTATION('',(#1170),#1180);
#1170 = B_SPLINE_CURVE_WITH_KNOTS('',8,(#1171,#1172,#1173,#1174,#1175,
    #1176,#1177,#1178,#1179),.UNSPECIFIED.,.F.,.F.,(9,9),(4.712388980385
    ,6.28318530718),.PIECEWISE_BEZIER_KNOTS.);
#1171 = CARTESIAN_POINT('',(6.28318530718,0.));
#1172 = CARTESIAN_POINT('',(6.08683576633,0.935114688295));
#1173 = CARTESIAN_POINT('',(5.890486225481,1.870229598614));
#1174 = CARTESIAN_POINT('',(5.694136684631,2.750406906515));
#1175 = CARTESIAN_POINT('',(5.497787143786,3.520719799624));
#1176 = CARTESIAN_POINT('',(5.301437602932,4.132983445693));
#1177 = CARTESIAN_POINT('',(5.105088062084,4.552660554364));
#1178 = CARTESIAN_POINT('',(4.908738521234,4.7625));
#1179 = CARTESIAN_POINT('',(4.712388980385,4.7625));
#1180 = ( GEOMETRIC_REPRESENTATION_CONTEXT(2) 
PARAMETRIC_REPRESENTATION_CONTEXT() REPRESENTATION_CONTEXT('2D SPACE',''
  ) );
#1181 = ORIENTED_EDGE('',*,*,#1182,.T.);
#1182 = EDGE_CURVE('',#1147,#1092,#1183,.T.);
#1183 = SURFACE_CURVE('',#1184,(#1189,#1202),.PCURVE_S1.);
#1184 = ELLIPSE('',#1185,6.735192090802,4.7625);
#1185 = AXIS2_PLACEMENT_3D('',#1186,#1187,#1188);
#1186 = CARTESIAN_POINT('',(-114.3,50.8,-76.2));
#1187 = DIRECTION('',(-0.707106781187,0.707106781187,0.));
#1188 = DIRECTION('',(0.707106781187,0.707106781187,0.));
#1189 = PCURVE('',#679,#1190);
#1190 = DEFINITIONAL_REPRESENTATION('',(#1191),#1201);
#1191 = B_SPLINE_CURVE_WITH_KNOTS('',8,(#1192,#1193,#1194,#1195,#1196,
    #1197,#1198,#1199,#1200),.UNSPECIFIED.,.F.,.F.,(9,9),(0.,
    1.570796326795),.PIECEWISE_BEZIER_KNOTS.);
#1192 = CARTESIAN_POINT('',(1.570796326795,55.5625));
#1193 = CARTESIAN_POINT('',(1.767145867644,55.5625));
#1194 = CARTESIAN_POINT('',(1.963495408492,55.352660554294));
#1195 = CARTESIAN_POINT('',(2.159844949342,54.932983445789));
#1196 = CARTESIAN_POINT('',(2.356194490186,54.320719799189));
#1197 = CARTESIAN_POINT('',(2.552544031042,53.550406906646));
#1198 = CARTESIAN_POINT('',(2.748893571889,52.67022959854));
#1199 = CARTESIAN_POINT('',(2.94524311274,51.735114688295));
#1200 = CARTESIAN_POINT('',(3.14159265359,50.8));
#1201 = ( GEOMETRIC_REPRESENTATION_CONTEXT(2) 
PARAMETRIC_REPRESENTATION_CONTEXT() REPRESENTATION_CONTEXT('2D SPACE',''
  ) );
#1202 = PCURVE('',#1121,#1203);
#1203 = DEFINITIONAL_REPRESENTATION('',(#1204),#1214);
#1204 = B_SPLINE_CURVE_WITH_KNOTS('',8,(#1205,#1206,#1207,#1208,#1209,
    #1210,#1211,#1212,#1213),.UNSPECIFIED.,.F.,.F.,(9,9),(0.,
    1.570796326795),.PIECEWISE_BEZIER_KNOTS.);
#1205 = CARTESIAN_POINT('',(4.712388980385,4.7625));
#1206 = CARTESIAN_POINT('',(4.516039439535,4.7625));
#1207 = CARTESIAN_POINT('',(4.319689898686,4.552660554361));
#1208 = CARTESIAN_POINT('',(4.123340357829,4.1329834457));
#1209 = CARTESIAN_POINT('',(3.926990816986,3.520719799599));
#1210 = CARTESIAN_POINT('',(3.730641276128,2.750406906521));
#1211 = CARTESIAN_POINT('',(3.534291735289,1.870229598612));
#1212 = CARTESIAN_POINT('',(3.337942194439,0.935114688295));
#1213 = CARTESIAN_POINT('',(3.14159265359,0.));
#1214 = ( GEOMETRIC_REPRESENTATION_CONTEXT(2) 
PARAMETRIC_REPRESENTATION_CONTEXT() REPRESENTATION_CONTEXT('2D SPACE',''
  ) );
#1215 = ADVANCED_FACE('',(#1216),#80,.T.);
#1216 = FACE_BOUND('',#1217,.T.);
#1217 = EDGE_LOOP('',(#1218,#1219,#1241,#1282,#1318,#1340,#1381,#1417,
    #1439,#1480,#1516,#1538,#1579,#1634,#1663,#1697,#1698,#1734,#1768,
    #1769,#1805,#1839,#1840,#1876,#1910,#1911,#1912,#1934,#1935));
#1218 = ORIENTED_EDGE('',*,*,#620,.F.);
#1219 = ORIENTED_EDGE('',*,*,#1220,.T.);
#1220 = EDGE_CURVE('',#58,#1221,#1223,.T.);
#1221 = VERTEX_POINT('',#1222);
#1222 = CARTESIAN_POINT('',(-61.9125,0.,-71.4375));
#1223 = SEAM_CURVE('',#1224,(#1228,#1235),.PCURVE_S1.);
#1224 = LINE('',#1225,#1226);
#1225 = CARTESIAN_POINT('',(-114.3,0.,-71.4375));
#1226 = VECTOR('',#1227,1.);
#1227 = DIRECTION('',(1.,0.,0.));
#1228 = PCURVE('',#80,#1229);
#1229 = DEFINITIONAL_REPRESENTATION('',(#1230),#1234);
#1230 = LINE('',#1231,#1232);
#1231 = CARTESIAN_POINT('',(0.,0.));
#1232 = VECTOR('',#1233,1.);
#1233 = DIRECTION('',(0.,1.));
#1234 = ( GEOMETRIC_REPRESENTATION_CONTEXT(2) 
PARAMETRIC_REPRESENTATION_CONTEXT() REPRESENTATION_CONTEXT('2D SPACE',''
  ) );
#1235 = PCURVE('',#80,#1236);
#1236 = DEFINITIONAL_REPRESENTATION('',(#1237),#1240);
#1237 = B_SPLINE_CURVE_WITH_KNOTS('',1,(#1238,#1239),.UNSPECIFIED.,.F.,
  .F.,(2,2),(0.,228.6),.PIECEWISE_BEZIER_KNOTS.);
#1238 = CARTESIAN_POINT('',(6.28318530718,0.));
#1239 = CARTESIAN_POINT('',(6.28318530718,228.6));
#1240 = ( GEOMETRIC_REPRESENTATION_CONTEXT(2) 
PARAMETRIC_REPRESENTATION_CONTEXT() REPRESENTATION_CONTEXT('2D SPACE',''
  ) );
#1241 = ORIENTED_EDGE('',*,*,#1242,.F.);
#1242 = EDGE_CURVE('',#1243,#1221,#1245,.T.);
#1243 = VERTEX_POINT('',#1244);
#1244 = CARTESIAN_POINT('',(-57.15,4.7625,-76.2));
#1245 = SURFACE_CURVE('',#1246,(#1251,#1264),.PCURVE_S1.);
#1246 = ELLIPSE('',#1247,6.735192090802,4.7625);
#1247 = AXIS2_PLACEMENT_3D('',#1248,#1249,#1250);
#1248 = CARTESIAN_POINT('',(-57.15,0.,-76.2));
#1249 = DIRECTION('',(0.707106781187,0.,0.707106781187));
#1250 = DIRECTION('',(-0.707106781187,0.,0.707106781187));
#1251 = PCURVE('',#80,#1252);
#1252 = DEFINITIONAL_REPRESENTATION('',(#1253),#1263);
#1253 = B_SPLINE_CURVE_WITH_KNOTS('',8,(#1254,#1255,#1256,#1257,#1258,
    #1259,#1260,#1261,#1262),.UNSPECIFIED.,.F.,.F.,(9,9),(4.712388980385
    ,6.28318530718),.PIECEWISE_BEZIER_KNOTS.);
#1254 = CARTESIAN_POINT('',(4.712388980385,57.15));
#1255 = CARTESIAN_POINT('',(4.908738521234,56.214885311705));
#1256 = CARTESIAN_POINT('',(5.105088062077,55.279770401342));
#1257 = CARTESIAN_POINT('',(5.301437602938,54.399593093418));
#1258 = CARTESIAN_POINT('',(5.497787143746,53.629280200263));
#1259 = CARTESIAN_POINT('',(5.694136684641,53.017016554183));
#1260 = CARTESIAN_POINT('',(5.890486225474,52.597339445592));
#1261 = CARTESIAN_POINT('',(6.08683576633,52.3875));
#1262 = CARTESIAN_POINT('',(6.28318530718,52.3875));
#1263 = ( GEOMETRIC_REPRESENTATION_CONTEXT(2) 
PARAMETRIC_REPRESENTATION_CONTEXT() REPRESENTATION_CONTEXT('2D SPACE',''
  ) );
#1264 = PCURVE('',#1265,#1270);
#1265 = CYLINDRICAL_SURFACE('',#1266,4.7625);
#1266 = AXIS2_PLACEMENT_3D('',#1267,#1268,#1269);
#1267 = CARTESIAN_POINT('',(-57.15,0.,-76.2));
#1268 = DIRECTION('',(0.,0.,1.));
#1269 = DIRECTION('',(1.,0.,-0.));
#1270 = DEFINITIONAL_REPRESENTATION('',(#1271),#1281);
#1271 = B_SPLINE_CURVE_WITH_KNOTS('',8,(#1272,#1273,#1274,#1275,#1276,
    #1277,#1278,#1279,#1280),.UNSPECIFIED.,.F.,.F.,(9,9),(4.712388980385
    ,6.28318530718),.PIECEWISE_BEZIER_KNOTS.);
#1272 = CARTESIAN_POINT('',(1.570796326795,0.));
#1273 = CARTESIAN_POINT('',(1.767145867644,0.935114688295));
#1274 = CARTESIAN_POINT('',(1.96349540849,1.870229598614));
#1275 = CARTESIAN_POINT('',(2.159844949345,2.750406906515));
#1276 = CARTESIAN_POINT('',(2.356194490178,3.520719799624));
#1277 = CARTESIAN_POINT('',(2.552544031045,4.132983445693));
#1278 = CARTESIAN_POINT('',(2.748893571888,4.552660554364));
#1279 = CARTESIAN_POINT('',(2.94524311274,4.7625));
#1280 = CARTESIAN_POINT('',(3.14159265359,4.7625));
#1281 = ( GEOMETRIC_REPRESENTATION_CONTEXT(2) 
PARAMETRIC_REPRESENTATION_CONTEXT() REPRESENTATION_CONTEXT('2D SPACE',''
  ) );
#1282 = ORIENTED_EDGE('',*,*,#1283,.F.);
#1283 = EDGE_CURVE('',#1284,#1243,#1286,.T.);
#1284 = VERTEX_POINT('',#1285);
#1285 = CARTESIAN_POINT('',(-52.3875,0.,-71.4375));
#1286 = SURFACE_CURVE('',#1287,(#1292,#1305),.PCURVE_S1.);
#1287 = ELLIPSE('',#1288,6.735192090802,4.7625);
#1288 = AXIS2_PLACEMENT_3D('',#1289,#1290,#1291);
#1289 = CARTESIAN_POINT('',(-57.15,0.,-76.2));
#1290 = DIRECTION('',(-0.707106781187,0.,0.707106781187));
#1291 = DIRECTION('',(0.707106781187,0.,0.707106781187));
#1292 = PCURVE('',#80,#1293);
#1293 = DEFINITIONAL_REPRESENTATION('',(#1294),#1304);
#1294 = B_SPLINE_CURVE_WITH_KNOTS('',8,(#1295,#1296,#1297,#1298,#1299,
    #1300,#1301,#1302,#1303),.UNSPECIFIED.,.F.,.F.,(9,9),(0.,
    1.570796326795),.PIECEWISE_BEZIER_KNOTS.);
#1295 = CARTESIAN_POINT('',(6.28318530718,61.9125));
#1296 = CARTESIAN_POINT('',(6.08683576633,61.9125));
#1297 = CARTESIAN_POINT('',(5.89048622548,61.702660554328));
#1298 = CARTESIAN_POINT('',(5.694136684635,61.282983445653));
#1299 = CARTESIAN_POINT('',(5.49778714378,60.67071979958));
#1300 = CARTESIAN_POINT('',(5.301437602935,59.900406906491));
#1301 = CARTESIAN_POINT('',(5.105088062083,59.0202295986));
#1302 = CARTESIAN_POINT('',(4.908738521234,58.085114688295));
#1303 = CARTESIAN_POINT('',(4.712388980385,57.15));
#1304 = ( GEOMETRIC_REPRESENTATION_CONTEXT(2) 
PARAMETRIC_REPRESENTATION_CONTEXT() REPRESENTATION_CONTEXT('2D SPACE',''
  ) );
#1305 = PCURVE('',#1265,#1306);
#1306 = DEFINITIONAL_REPRESENTATION('',(#1307),#1317);
#1307 = B_SPLINE_CURVE_WITH_KNOTS('',8,(#1308,#1309,#1310,#1311,#1312,
    #1313,#1314,#1315,#1316),.UNSPECIFIED.,.F.,.F.,(9,9),(0.,
    1.570796326795),.PIECEWISE_BEZIER_KNOTS.);
#1308 = CARTESIAN_POINT('',(0.,4.7625));
#1309 = CARTESIAN_POINT('',(0.196349540849,4.7625));
#1310 = CARTESIAN_POINT('',(0.392699081698,4.552660554361));
#1311 = CARTESIAN_POINT('',(0.589048622549,4.1329834457));
#1312 = CARTESIAN_POINT('',(0.785398163394,3.520719799599));
#1313 = CARTESIAN_POINT('',(0.981747704248,2.750406906521));
#1314 = CARTESIAN_POINT('',(1.178097245096,1.870229598612));
#1315 = CARTESIAN_POINT('',(1.374446785946,0.935114688295));
#1316 = CARTESIAN_POINT('',(1.570796326795,0.));
#1317 = ( GEOMETRIC_REPRESENTATION_CONTEXT(2) 
PARAMETRIC_REPRESENTATION_CONTEXT() REPRESENTATION_CONTEXT('2D SPACE',''
  ) );
#1318 = ORIENTED_EDGE('',*,*,#1319,.T.);
#1319 = EDGE_CURVE('',#1284,#1320,#1322,.T.);
#1320 = VERTEX_POINT('',#1321);
#1321 = CARTESIAN_POINT('',(-4.7625,0.,-71.4375));
#1322 = SEAM_CURVE('',#1323,(#1327,#1334),.PCURVE_S1.);
#1323 = LINE('',#1324,#1325);
#1324 = CARTESIAN_POINT('',(-114.3,0.,-71.4375));
#1325 = VECTOR('',#1326,1.);
#1326 = DIRECTION('',(1.,0.,0.));
#1327 = PCURVE('',#80,#1328);
#1328 = DEFINITIONAL_REPRESENTATION('',(#1329),#1333);
#1329 = LINE('',#1330,#1331);
#1330 = CARTESIAN_POINT('',(0.,0.));
#1331 = VECTOR('',#1332,1.);
#1332 = DIRECTION('',(0.,1.));
#1333 = ( GEOMETRIC_REPRESENTATION_CONTEXT(2) 
PARAMETRIC_REPRESENTATION_CONTEXT() REPRESENTATION_CONTEXT('2D SPACE',''
  ) );
#1334 = PCURVE('',#80,#1335);
#1335 = DEFINITIONAL_REPRESENTATION('',(#1336),#1339);
#1336 = B_SPLINE_CURVE_WITH_KNOTS('',1,(#1337,#1338),.UNSPECIFIED.,.F.,
  .F.,(2,2),(0.,228.6),.PIECEWISE_BEZIER_KNOTS.);
#1337 = CARTESIAN_POINT('',(6.28318530718,0.));
#1338 = CARTESIAN_POINT('',(6.28318530718,228.6));
#1339 = ( GEOMETRIC_REPRESENTATION_CONTEXT(2) 
PARAMETRIC_REPRESENTATION_CONTEXT() REPRESENTATION_CONTEXT('2D SPACE',''
  ) );
#1340 = ORIENTED_EDGE('',*,*,#1341,.F.);
#1341 = EDGE_CURVE('',#1342,#1320,#1344,.T.);
#1342 = VERTEX_POINT('',#1343);
#1343 = CARTESIAN_POINT('',(2.91619019047E-16,4.7625,-76.2));
#1344 = SURFACE_CURVE('',#1345,(#1350,#1363),.PCURVE_S1.);
#1345 = ELLIPSE('',#1346,6.735192090802,4.7625);
#1346 = AXIS2_PLACEMENT_3D('',#1347,#1348,#1349);
#1347 = CARTESIAN_POINT('',(0.,0.,-76.2));
#1348 = DIRECTION('',(0.707106781187,0.,0.707106781187));
#1349 = DIRECTION('',(-0.707106781187,0.,0.707106781187));
#1350 = PCURVE('',#80,#1351);
#1351 = DEFINITIONAL_REPRESENTATION('',(#1352),#1362);
#1352 = B_SPLINE_CURVE_WITH_KNOTS('',8,(#1353,#1354,#1355,#1356,#1357,
    #1358,#1359,#1360,#1361),.UNSPECIFIED.,.F.,.F.,(9,9),(4.712388980385
    ,6.28318530718),.PIECEWISE_BEZIER_KNOTS.);
#1353 = CARTESIAN_POINT('',(4.712388980385,114.3));
#1354 = CARTESIAN_POINT('',(4.908738521234,113.3648853117));
#1355 = CARTESIAN_POINT('',(5.105088062077,112.42977040141));
#1356 = CARTESIAN_POINT('',(5.301437602938,111.54959309297));
#1357 = CARTESIAN_POINT('',(5.497787143746,110.77928020037));
#1358 = CARTESIAN_POINT('',(5.694136684641,110.16701655393));
#1359 = CARTESIAN_POINT('',(5.890486225474,109.74733944569));
#1360 = CARTESIAN_POINT('',(6.08683576633,109.5375));
#1361 = CARTESIAN_POINT('',(6.28318530718,109.5375));
#1362 = ( GEOMETRIC_REPRESENTATION_CONTEXT(2) 
PARAMETRIC_REPRESENTATION_CONTEXT() REPRESENTATION_CONTEXT('2D SPACE',''
  ) );
#1363 = PCURVE('',#1364,#1369);
#1364 = CYLINDRICAL_SURFACE('',#1365,4.7625);
#1365 = AXIS2_PLACEMENT_3D('',#1366,#1367,#1368);
#1366 = CARTESIAN_POINT('',(0.,0.,-76.2));
#1367 = DIRECTION('',(0.,0.,1.));
#1368 = DIRECTION('',(1.,0.,-0.));
#1369 = DEFINITIONAL_REPRESENTATION('',(#1370),#1380);
#1370 = B_SPLINE_CURVE_WITH_KNOTS('',8,(#1371,#1372,#1373,#1374,#1375,
    #1376,#1377,#1378,#1379),.UNSPECIFIED.,.F.,.F.,(9,9),(4.712388980385
    ,6.28318530718),.PIECEWISE_BEZIER_KNOTS.);
#1371 = CARTESIAN_POINT('',(1.570796326795,0.));
#1372 = CARTESIAN_POINT('',(1.767145867644,0.935114688295));
#1373 = CARTESIAN_POINT('',(1.96349540849,1.870229598614));
#1374 = CARTESIAN_POINT('',(2.159844949345,2.750406906515));
#1375 = CARTESIAN_POINT('',(2.356194490178,3.520719799624));
#1376 = CARTESIAN_POINT('',(2.552544031045,4.132983445693));
#1377 = CARTESIAN_POINT('',(2.748893571888,4.552660554364));
#1378 = CARTESIAN_POINT('',(2.94524311274,4.7625));
#1379 = CARTESIAN_POINT('',(3.14159265359,4.7625));
#1380 = ( GEOMETRIC_REPRESENTATION_CONTEXT(2) 
PARAMETRIC_REPRESENTATION_CONTEXT() REPRESENTATION_CONTEXT('2D SPACE',''
  ) );
#1381 = ORIENTED_EDGE('',*,*,#1382,.F.);
#1382 = EDGE_CURVE('',#1383,#1342,#1385,.T.);
#1383 = VERTEX_POINT('',#1384);
#1384 = CARTESIAN_POINT('',(4.7625,0.,-71.4375));
#1385 = SURFACE_CURVE('',#1386,(#1391,#1404),.PCURVE_S1.);
#1386 = ELLIPSE('',#1387,6.735192090802,4.7625);
#1387 = AXIS2_PLACEMENT_3D('',#1388,#1389,#1390);
#1388 = CARTESIAN_POINT('',(0.,0.,-76.2));
#1389 = DIRECTION('',(-0.707106781187,0.,0.707106781187));
#1390 = DIRECTION('',(0.707106781187,0.,0.707106781187));
#1391 = PCURVE('',#80,#1392);
#1392 = DEFINITIONAL_REPRESENTATION('',(#1393),#1403);
#1393 = B_SPLINE_CURVE_WITH_KNOTS('',8,(#1394,#1395,#1396,#1397,#1398,
    #1399,#1400,#1401,#1402),.UNSPECIFIED.,.F.,.F.,(9,9),(0.,
    1.570796326795),.PIECEWISE_BEZIER_KNOTS.);
#1394 = CARTESIAN_POINT('',(6.28318530718,119.0625));
#1395 = CARTESIAN_POINT('',(6.08683576633,119.0625));
#1396 = CARTESIAN_POINT('',(5.89048622548,118.85266055426));
#1397 = CARTESIAN_POINT('',(5.694136684635,118.43298344602));
#1398 = CARTESIAN_POINT('',(5.49778714378,117.82071979872));
#1399 = CARTESIAN_POINT('',(5.301437602935,117.05040690667));
#1400 = CARTESIAN_POINT('',(5.105088062083,116.17022959846));
#1401 = CARTESIAN_POINT('',(4.908738521234,115.23511468829));
#1402 = CARTESIAN_POINT('',(4.712388980385,114.3));
#1403 = ( GEOMETRIC_REPRESENTATION_CONTEXT(2) 
PARAMETRIC_REPRESENTATION_CONTEXT() REPRESENTATION_CONTEXT('2D SPACE',''
  ) );
#1404 = PCURVE('',#1364,#1405);
#1405 = DEFINITIONAL_REPRESENTATION('',(#1406),#1416);
#1406 = B_SPLINE_CURVE_WITH_KNOTS('',8,(#1407,#1408,#1409,#1410,#1411,
    #1412,#1413,#1414,#1415),.UNSPECIFIED.,.F.,.F.,(9,9),(0.,
    1.570796326795),.PIECEWISE_BEZIER_KNOTS.);
#1407 = CARTESIAN_POINT('',(0.,4.7625));
#1408 = CARTESIAN_POINT('',(0.196349540849,4.7625));
#1409 = CARTESIAN_POINT('',(0.392699081699,4.552660554361));
#1410 = CARTESIAN_POINT('',(0.589048622546,4.1329834457));
#1411 = CARTESIAN_POINT('',(0.785398163397,3.520719799599));
#1412 = CARTESIAN_POINT('',(0.981747704244,2.750406906521));
#1413 = CARTESIAN_POINT('',(1.178097245096,1.870229598612));
#1414 = CARTESIAN_POINT('',(1.374446785946,0.935114688295));
#1415 = CARTESIAN_POINT('',(1.570796326795,0.));
#1416 = ( GEOMETRIC_REPRESENTATION_CONTEXT(2) 
PARAMETRIC_REPRESENTATION_CONTEXT() REPRESENTATION_CONTEXT('2D SPACE',''
  ) );
#1417 = ORIENTED_EDGE('',*,*,#1418,.T.);
#1418 = EDGE_CURVE('',#1383,#1419,#1421,.T.);
#1419 = VERTEX_POINT('',#1420);
#1420 = CARTESIAN_POINT('',(52.3875,0.,-71.4375));
#1421 = SEAM_CURVE('',#1422,(#1426,#1433),.PCURVE_S1.);
#1422 = LINE('',#1423,#1424);
#1423 = CARTESIAN_POINT('',(-114.3,0.,-71.4375));
#1424 = VECTOR('',#1425,1.);
#1425 = DIRECTION('',(1.,0.,0.));
#1426 = PCURVE('',#80,#1427);
#1427 = DEFINITIONAL_REPRESENTATION('',(#1428),#1432);
#1428 = LINE('',#1429,#1430);
#1429 = CARTESIAN_POINT('',(0.,0.));
#1430 = VECTOR('',#1431,1.);
#1431 = DIRECTION('',(0.,1.));
#1432 = ( GEOMETRIC_REPRESENTATION_CONTEXT(2) 
PARAMETRIC_REPRESENTATION_CONTEXT() REPRESENTATION_CONTEXT('2D SPACE',''
  ) );
#1433 = PCURVE('',#80,#1434);
#1434 = DEFINITIONAL_REPRESENTATION('',(#1435),#1438);
#1435 = B_SPLINE_CURVE_WITH_KNOTS('',1,(#1436,#1437),.UNSPECIFIED.,.F.,
  .F.,(2,2),(0.,228.6),.PIECEWISE_BEZIER_KNOTS.);
#1436 = CARTESIAN_POINT('',(6.28318530718,0.));
#1437 = CARTESIAN_POINT('',(6.28318530718,228.6));
#1438 = ( GEOMETRIC_REPRESENTATION_CONTEXT(2) 
PARAMETRIC_REPRESENTATION_CONTEXT() REPRESENTATION_CONTEXT('2D SPACE',''
  ) );
#1439 = ORIENTED_EDGE('',*,*,#1440,.F.);
#1440 = EDGE_CURVE('',#1441,#1419,#1443,.T.);
#1441 = VERTEX_POINT('',#1442);
#1442 = CARTESIAN_POINT('',(57.15,4.7625,-76.2));
#1443 = SURFACE_CURVE('',#1444,(#1449,#1462),.PCURVE_S1.);
#1444 = ELLIPSE('',#1445,6.735192090802,4.7625);
#1445 = AXIS2_PLACEMENT_3D('',#1446,#1447,#1448);
#1446 = CARTESIAN_POINT('',(57.15,0.,-76.2));
#1447 = DIRECTION('',(0.707106781187,0.,0.707106781187));
#1448 = DIRECTION('',(-0.707106781187,0.,0.707106781187));
#1449 = PCURVE('',#80,#1450);
#1450 = DEFINITIONAL_REPRESENTATION('',(#1451),#1461);
#1451 = B_SPLINE_CURVE_WITH_KNOTS('',8,(#1452,#1453,#1454,#1455,#1456,
    #1457,#1458,#1459,#1460),.UNSPECIFIED.,.F.,.F.,(9,9),(4.712388980385
    ,6.28318530718),.PIECEWISE_BEZIER_KNOTS.);
#1452 = CARTESIAN_POINT('',(4.712388980385,171.45));
#1453 = CARTESIAN_POINT('',(4.908738521234,170.5148853117));
#1454 = CARTESIAN_POINT('',(5.105088062077,169.5797704012));
#1455 = CARTESIAN_POINT('',(5.301437602938,168.69959309395));
#1456 = CARTESIAN_POINT('',(5.497787143746,167.92928019951));
#1457 = CARTESIAN_POINT('',(5.694136684641,167.31701655476));
#1458 = CARTESIAN_POINT('',(5.890486225474,166.89733944545));
#1459 = CARTESIAN_POINT('',(6.08683576633,166.6875));
#1460 = CARTESIAN_POINT('',(6.28318530718,166.6875));
#1461 = ( GEOMETRIC_REPRESENTATION_CONTEXT(2) 
PARAMETRIC_REPRESENTATION_CONTEXT() REPRESENTATION_CONTEXT('2D SPACE',''
  ) );
#1462 = PCURVE('',#1463,#1468);
#1463 = CYLINDRICAL_SURFACE('',#1464,4.7625);
#1464 = AXIS2_PLACEMENT_3D('',#1465,#1466,#1467);
#1465 = CARTESIAN_POINT('',(57.15,0.,-76.2));
#1466 = DIRECTION('',(0.,0.,1.));
#1467 = DIRECTION('',(1.,0.,-0.));
#1468 = DEFINITIONAL_REPRESENTATION('',(#1469),#1479);
#1469 = B_SPLINE_CURVE_WITH_KNOTS('',8,(#1470,#1471,#1472,#1473,#1474,
    #1475,#1476,#1477,#1478),.UNSPECIFIED.,.F.,.F.,(9,9),(4.712388980385
    ,6.28318530718),.PIECEWISE_BEZIER_KNOTS.);
#1470 = CARTESIAN_POINT('',(1.570796326795,0.));
#1471 = CARTESIAN_POINT('',(1.767145867644,0.935114688295));
#1472 = CARTESIAN_POINT('',(1.96349540849,1.870229598614));
#1473 = CARTESIAN_POINT('',(2.159844949345,2.750406906515));
#1474 = CARTESIAN_POINT('',(2.356194490178,3.520719799624));
#1475 = CARTESIAN_POINT('',(2.552544031045,4.132983445693));
#1476 = CARTESIAN_POINT('',(2.748893571888,4.552660554364));
#1477 = CARTESIAN_POINT('',(2.94524311274,4.7625));
#1478 = CARTESIAN_POINT('',(3.14159265359,4.7625));
#1479 = ( GEOMETRIC_REPRESENTATION_CONTEXT(2) 
PARAMETRIC_REPRESENTATION_CONTEXT() REPRESENTATION_CONTEXT('2D SPACE',''
  ) );
#1480 = ORIENTED_EDGE('',*,*,#1481,.F.);
#1481 = EDGE_CURVE('',#1482,#1441,#1484,.T.);
#1482 = VERTEX_POINT('',#1483);
#1483 = CARTESIAN_POINT('',(61.9125,0.,-71.4375));
#1484 = SURFACE_CURVE('',#1485,(#1490,#1503),.PCURVE_S1.);
#1485 = ELLIPSE('',#1486,6.735192090802,4.7625);
#1486 = AXIS2_PLACEMENT_3D('',#1487,#1488,#1489);
#1487 = CARTESIAN_POINT('',(57.15,0.,-76.2));
#1488 = DIRECTION('',(-0.707106781187,0.,0.707106781187));
#1489 = DIRECTION('',(0.707106781187,0.,0.707106781187));
#1490 = PCURVE('',#80,#1491);
#1491 = DEFINITIONAL_REPRESENTATION('',(#1492),#1502);
#1492 = B_SPLINE_CURVE_WITH_KNOTS('',8,(#1493,#1494,#1495,#1496,#1497,
    #1498,#1499,#1500,#1501),.UNSPECIFIED.,.F.,.F.,(9,9),(0.,
    1.570796326795),.PIECEWISE_BEZIER_KNOTS.);
#1493 = CARTESIAN_POINT('',(6.28318530718,176.2125));
#1494 = CARTESIAN_POINT('',(6.08683576633,176.2125));
#1495 = CARTESIAN_POINT('',(5.89048622548,176.00266055444));
#1496 = CARTESIAN_POINT('',(5.694136684635,175.58298344489));
#1497 = CARTESIAN_POINT('',(5.49778714378,174.97071980048));
#1498 = CARTESIAN_POINT('',(5.301437602935,174.20040690569));
#1499 = CARTESIAN_POINT('',(5.105088062083,173.32022959869));
#1500 = CARTESIAN_POINT('',(4.908738521234,172.38511468829));
#1501 = CARTESIAN_POINT('',(4.712388980385,171.45));
#1502 = ( GEOMETRIC_REPRESENTATION_CONTEXT(2) 
PARAMETRIC_REPRESENTATION_CONTEXT() REPRESENTATION_CONTEXT('2D SPACE',''
  ) );
#1503 = PCURVE('',#1463,#1504);
#1504 = DEFINITIONAL_REPRESENTATION('',(#1505),#1515);
#1505 = B_SPLINE_CURVE_WITH_KNOTS('',8,(#1506,#1507,#1508,#1509,#1510,
    #1511,#1512,#1513,#1514),.UNSPECIFIED.,.F.,.F.,(9,9),(0.,
    1.570796326795),.PIECEWISE_BEZIER_KNOTS.);
#1506 = CARTESIAN_POINT('',(0.,4.7625));
#1507 = CARTESIAN_POINT('',(0.196349540849,4.7625));
#1508 = CARTESIAN_POINT('',(0.392699081698,4.552660554361));
#1509 = CARTESIAN_POINT('',(0.589048622549,4.1329834457));
#1510 = CARTESIAN_POINT('',(0.785398163394,3.520719799599));
#1511 = CARTESIAN_POINT('',(0.981747704248,2.750406906521));
#1512 = CARTESIAN_POINT('',(1.178097245096,1.870229598612));
#1513 = CARTESIAN_POINT('',(1.374446785946,0.935114688295));
#1514 = CARTESIAN_POINT('',(1.570796326795,0.));
#1515 = ( GEOMETRIC_REPRESENTATION_CONTEXT(2) 
PARAMETRIC_REPRESENTATION_CONTEXT() REPRESENTATION_CONTEXT('2D SPACE',''
  ) );
#1516 = ORIENTED_EDGE('',*,*,#1517,.T.);
#1517 = EDGE_CURVE('',#1482,#1518,#1520,.T.);
#1518 = VERTEX_POINT('',#1519);
#1519 = CARTESIAN_POINT('',(109.5375,0.,-71.4375));
#1520 = SEAM_CURVE('',#1521,(#1525,#1532),.PCURVE_S1.);
#1521 = LINE('',#1522,#1523);
#1522 = CARTESIAN_POINT('',(-114.3,0.,-71.4375));
#1523 = VECTOR('',#1524,1.);
#1524 = DIRECTION('',(1.,0.,0.));
#1525 = PCURVE('',#80,#1526);
#1526 = DEFINITIONAL_REPRESENTATION('',(#1527),#1531);
#1527 = LINE('',#1528,#1529);
#1528 = CARTESIAN_POINT('',(0.,0.));
#1529 = VECTOR('',#1530,1.);
#1530 = DIRECTION('',(0.,1.));
#1531 = ( GEOMETRIC_REPRESENTATION_CONTEXT(2) 
PARAMETRIC_REPRESENTATION_CONTEXT() REPRESENTATION_CONTEXT('2D SPACE',''
  ) );
#1532 = PCURVE('',#80,#1533);
#1533 = DEFINITIONAL_REPRESENTATION('',(#1534),#1537);
#1534 = B_SPLINE_CURVE_WITH_KNOTS('',1,(#1535,#1536),.UNSPECIFIED.,.F.,
  .F.,(2,2),(0.,228.6),.PIECEWISE_BEZIER_KNOTS.);
#1535 = CARTESIAN_POINT('',(6.28318530718,0.));
#1536 = CARTESIAN_POINT('',(6.28318530718,228.6));
#1537 = ( GEOMETRIC_REPRESENTATION_CONTEXT(2) 
PARAMETRIC_REPRESENTATION_CONTEXT() REPRESENTATION_CONTEXT('2D SPACE',''
  ) );
#1538 = ORIENTED_EDGE('',*,*,#1539,.F.);
#1539 = EDGE_CURVE('',#1540,#1518,#1542,.T.);
#1540 = VERTEX_POINT('',#1541);
#1541 = CARTESIAN_POINT('',(110.93240395459,3.367596045401,
    -72.83240395459));
#1542 = SURFACE_CURVE('',#1543,(#1548,#1561),.PCURVE_S1.);
#1543 = ELLIPSE('',#1544,6.735192090802,4.7625);
#1544 = AXIS2_PLACEMENT_3D('',#1545,#1546,#1547);
#1545 = CARTESIAN_POINT('',(114.3,0.,-76.2));
#1546 = DIRECTION('',(0.707106781187,0.,0.707106781187));
#1547 = DIRECTION('',(-0.707106781187,0.,0.707106781187));
#1548 = PCURVE('',#80,#1549);
#1549 = DEFINITIONAL_REPRESENTATION('',(#1550),#1560);
#1550 = B_SPLINE_CURVE_WITH_KNOTS('',8,(#1551,#1552,#1553,#1554,#1555,
    #1556,#1557,#1558,#1559),.UNSPECIFIED.,.F.,.F.,(9,9),(4.712388980385
    ,6.28318530718),.PIECEWISE_BEZIER_KNOTS.);
#1551 = CARTESIAN_POINT('',(4.712388980385,228.6));
#1552 = CARTESIAN_POINT('',(4.908738521234,227.6648853117));
#1553 = CARTESIAN_POINT('',(5.105088062077,226.72977040115));
#1554 = CARTESIAN_POINT('',(5.301437602938,225.84959309346));
#1555 = CARTESIAN_POINT('',(5.497787143746,225.07928019964));
#1556 = CARTESIAN_POINT('',(5.694136684641,224.46701655453));
#1557 = CARTESIAN_POINT('',(5.890486225474,224.04733944549));
#1558 = CARTESIAN_POINT('',(6.08683576633,223.8375));
#1559 = CARTESIAN_POINT('',(6.28318530718,223.8375));
#1560 = ( GEOMETRIC_REPRESENTATION_CONTEXT(2) 
PARAMETRIC_REPRESENTATION_CONTEXT() REPRESENTATION_CONTEXT('2D SPACE',''
  ) );
#1561 = PCURVE('',#1562,#1567);
#1562 = CYLINDRICAL_SURFACE('',#1563,4.7625);
#1563 = AXIS2_PLACEMENT_3D('',#1564,#1565,#1566);
#1564 = CARTESIAN_POINT('',(114.3,0.,-76.2));
#1565 = DIRECTION('',(0.,0.,1.));
#1566 = DIRECTION('',(1.,0.,-0.));
#1567 = DEFINITIONAL_REPRESENTATION('',(#1568),#1578);
#1568 = B_SPLINE_CURVE_WITH_KNOTS('',8,(#1569,#1570,#1571,#1572,#1573,
    #1574,#1575,#1576,#1577),.UNSPECIFIED.,.F.,.F.,(9,9),(4.712388980385
    ,6.28318530718),.PIECEWISE_BEZIER_KNOTS.);
#1569 = CARTESIAN_POINT('',(1.570796326795,0.));
#1570 = CARTESIAN_POINT('',(1.767145867644,0.935114688295));
#1571 = CARTESIAN_POINT('',(1.963495408495,1.870229598614));
#1572 = CARTESIAN_POINT('',(2.159844949336,2.750406906515));
#1573 = CARTESIAN_POINT('',(2.356194490207,3.520719799624));
#1574 = CARTESIAN_POINT('',(2.552544031033,4.132983445693));
#1575 = CARTESIAN_POINT('',(2.748893571893,4.552660554364));
#1576 = CARTESIAN_POINT('',(2.94524311274,4.7625));
#1577 = CARTESIAN_POINT('',(3.14159265359,4.7625));
#1578 = ( GEOMETRIC_REPRESENTATION_CONTEXT(2) 
PARAMETRIC_REPRESENTATION_CONTEXT() REPRESENTATION_CONTEXT('2D SPACE',''
  ) );
#1579 = ORIENTED_EDGE('',*,*,#1580,.F.);
#1580 = EDGE_CURVE('',#1581,#1540,#1583,.T.);
#1581 = VERTEX_POINT('',#1582);
#1582 = CARTESIAN_POINT('',(114.3,-2.91619019047E-16,-80.9625));
#1583 = SURFACE_CURVE('',#1584,(#1589,#1609),.PCURVE_S1.);
#1584 = ELLIPSE('',#1585,6.735192090802,4.7625);
#1585 = AXIS2_PLACEMENT_3D('',#1586,#1587,#1588);
#1586 = CARTESIAN_POINT('',(114.3,0.,-76.2));
#1587 = DIRECTION('',(0.707106781187,0.707106781187,0.));
#1588 = DIRECTION('',(0.707106781187,-0.707106781187,0.));
#1589 = PCURVE('',#80,#1590);
#1590 = DEFINITIONAL_REPRESENTATION('',(#1591),#1608);
#1591 = B_SPLINE_CURVE_WITH_KNOTS('',8,(#1592,#1593,#1594,#1595,#1596,
    #1597,#1598,#1599,#1600,#1601,#1602,#1603,#1604,#1605,#1606,#1607),
  .UNSPECIFIED.,.F.,.F.,(9,7,9),(1.570796326795,3.14159265359,
    4.712388980385),.UNSPECIFIED.);
#1592 = CARTESIAN_POINT('',(3.14159265359,228.6));
#1593 = CARTESIAN_POINT('',(3.337942194439,227.6648853117));
#1594 = CARTESIAN_POINT('',(3.53429173529,226.72977040115));
#1595 = CARTESIAN_POINT('',(3.730641276125,225.84959309346));
#1596 = CARTESIAN_POINT('',(3.926990816999,225.07928019964));
#1597 = CARTESIAN_POINT('',(4.123340357819,224.46701655453));
#1598 = CARTESIAN_POINT('',(4.319689898688,224.04733944549));
#1599 = CARTESIAN_POINT('',(4.516039439535,223.8375));
#1600 = CARTESIAN_POINT('',(4.908738521234,223.8375));
#1601 = CARTESIAN_POINT('',(5.105088062077,224.04733944562));
#1602 = CARTESIAN_POINT('',(5.301437602938,224.46701655389));
#1603 = CARTESIAN_POINT('',(5.497787143746,225.07928019985));
#1604 = CARTESIAN_POINT('',(5.694136684641,225.84959309321));
#1605 = CARTESIAN_POINT('',(5.890486225474,226.72977040131));
#1606 = CARTESIAN_POINT('',(6.08683576633,227.6648853117));
#1607 = CARTESIAN_POINT('',(6.28318530718,228.6));
#1608 = ( GEOMETRIC_REPRESENTATION_CONTEXT(2) 
PARAMETRIC_REPRESENTATION_CONTEXT() REPRESENTATION_CONTEXT('2D SPACE',''
  ) );
#1609 = PCURVE('',#1610,#1615);
#1610 = CYLINDRICAL_SURFACE('',#1611,4.7625);
#1611 = AXIS2_PLACEMENT_3D('',#1612,#1613,#1614);
#1612 = CARTESIAN_POINT('',(114.3,0.,-76.2));
#1613 = DIRECTION('',(0.,1.,0.));
#1614 = DIRECTION('',(0.,-0.,1.));
#1615 = DEFINITIONAL_REPRESENTATION('',(#1616),#1633);
#1616 = B_SPLINE_CURVE_WITH_KNOTS('',8,(#1617,#1618,#1619,#1620,#1621,
    #1622,#1623,#1624,#1625,#1626,#1627,#1628,#1629,#1630,#1631,#1632),
  .UNSPECIFIED.,.F.,.F.,(9,7,9),(1.570796326795,3.14159265359,
    4.712388980385),.UNSPECIFIED.);
#1617 = CARTESIAN_POINT('',(3.14159265359,-2.91619019047E-16));
#1618 = CARTESIAN_POINT('',(3.337942194439,0.935114688295));
#1619 = CARTESIAN_POINT('',(3.53429173529,1.870229598613));
#1620 = CARTESIAN_POINT('',(3.730641276136,2.750406906517));
#1621 = CARTESIAN_POINT('',(3.926990816993,3.520719799613));
#1622 = CARTESIAN_POINT('',(4.123340357835,4.13298344569));
#1623 = CARTESIAN_POINT('',(4.319689898687,4.552660554364));
#1624 = CARTESIAN_POINT('',(4.516039439535,4.7625));
#1625 = CARTESIAN_POINT('',(4.908738521234,4.7625));
#1626 = CARTESIAN_POINT('',(5.105088062083,4.552660554362));
#1627 = CARTESIAN_POINT('',(5.301437602935,4.132983445696));
#1628 = CARTESIAN_POINT('',(5.49778714378,3.520719799607));
#1629 = CARTESIAN_POINT('',(5.694136684634,2.750406906524));
#1630 = CARTESIAN_POINT('',(5.89048622548,1.870229598612));
#1631 = CARTESIAN_POINT('',(6.08683576633,0.935114688295));
#1632 = CARTESIAN_POINT('',(6.28318530718,8.748570571409E-16));
#1633 = ( GEOMETRIC_REPRESENTATION_CONTEXT(2) 
PARAMETRIC_REPRESENTATION_CONTEXT() REPRESENTATION_CONTEXT('2D SPACE',''
  ) );
#1634 = ORIENTED_EDGE('',*,*,#1635,.F.);
#1635 = EDGE_CURVE('',#1636,#1581,#1638,.T.);
#1636 = VERTEX_POINT('',#1637);
#1637 = CARTESIAN_POINT('',(114.3,-4.7625,-76.2));
#1638 = SURFACE_CURVE('',#1639,(#1644,#1651),.PCURVE_S1.);
#1639 = CIRCLE('',#1640,4.7625);
#1640 = AXIS2_PLACEMENT_3D('',#1641,#1642,#1643);
#1641 = CARTESIAN_POINT('',(114.3,0.,-76.2));
#1642 = DIRECTION('',(1.,0.,-0.));
#1643 = DIRECTION('',(0.,0.,1.));
#1644 = PCURVE('',#80,#1645);
#1645 = DEFINITIONAL_REPRESENTATION('',(#1646),#1650);
#1646 = LINE('',#1647,#1648);
#1647 = CARTESIAN_POINT('',(0.,228.6));
#1648 = VECTOR('',#1649,1.);
#1649 = DIRECTION('',(1.,0.));
#1650 = ( GEOMETRIC_REPRESENTATION_CONTEXT(2) 
PARAMETRIC_REPRESENTATION_CONTEXT() REPRESENTATION_CONTEXT('2D SPACE',''
  ) );
#1651 = PCURVE('',#1652,#1657);
#1652 = PLANE('',#1653);
#1653 = AXIS2_PLACEMENT_3D('',#1654,#1655,#1656);
#1654 = CARTESIAN_POINT('',(114.3,7.686657533969E-16,-76.2));
#1655 = DIRECTION('',(1.,0.,0.));
#1656 = DIRECTION('',(-0.,0.,1.));
#1657 = DEFINITIONAL_REPRESENTATION('',(#1658),#1662);
#1658 = CIRCLE('',#1659,4.7625);
#1659 = AXIS2_PLACEMENT_2D('',#1660,#1661);
#1660 = CARTESIAN_POINT('',(0.,7.686657533969E-16));
#1661 = DIRECTION('',(1.,0.));
#1662 = ( GEOMETRIC_REPRESENTATION_CONTEXT(2) 
PARAMETRIC_REPRESENTATION_CONTEXT() REPRESENTATION_CONTEXT('2D SPACE',''
  ) );
#1663 = ORIENTED_EDGE('',*,*,#1664,.F.);
#1664 = EDGE_CURVE('',#1518,#1636,#1665,.T.);
#1665 = SURFACE_CURVE('',#1666,(#1671,#1684),.PCURVE_S1.);
#1666 = ELLIPSE('',#1667,6.735192090802,4.7625);
#1667 = AXIS2_PLACEMENT_3D('',#1668,#1669,#1670);
#1668 = CARTESIAN_POINT('',(114.3,0.,-76.2));
#1669 = DIRECTION('',(0.707106781187,0.,0.707106781187));
#1670 = DIRECTION('',(-0.707106781187,0.,0.707106781187));
#1671 = PCURVE('',#80,#1672);
#1672 = DEFINITIONAL_REPRESENTATION('',(#1673),#1683);
#1673 = B_SPLINE_CURVE_WITH_KNOTS('',8,(#1674,#1675,#1676,#1677,#1678,
    #1679,#1680,#1681,#1682),.UNSPECIFIED.,.F.,.F.,(9,9),(0.,
    1.570796326795),.PIECEWISE_BEZIER_KNOTS.);
#1674 = CARTESIAN_POINT('',(0.,223.8375));
#1675 = CARTESIAN_POINT('',(0.196349540849,223.8375));
#1676 = CARTESIAN_POINT('',(0.392699081699,224.04733944562));
#1677 = CARTESIAN_POINT('',(0.589048622545,224.46701655389));
#1678 = CARTESIAN_POINT('',(0.7853981634,225.07928019985));
#1679 = CARTESIAN_POINT('',(0.981747704243,225.84959309321));
#1680 = CARTESIAN_POINT('',(1.178097245096,226.72977040131));
#1681 = CARTESIAN_POINT('',(1.374446785946,227.6648853117));
#1682 = CARTESIAN_POINT('',(1.570796326795,228.6));
#1683 = ( GEOMETRIC_REPRESENTATION_CONTEXT(2) 
PARAMETRIC_REPRESENTATION_CONTEXT() REPRESENTATION_CONTEXT('2D SPACE',''
  ) );
#1684 = PCURVE('',#1562,#1685);
#1685 = DEFINITIONAL_REPRESENTATION('',(#1686),#1696);
#1686 = B_SPLINE_CURVE_WITH_KNOTS('',8,(#1687,#1688,#1689,#1690,#1691,
    #1692,#1693,#1694,#1695),.UNSPECIFIED.,.F.,.F.,(9,9),(0.,
    1.570796326795),.PIECEWISE_BEZIER_KNOTS.);
#1687 = CARTESIAN_POINT('',(3.14159265359,4.7625));
#1688 = CARTESIAN_POINT('',(3.337942194439,4.7625));
#1689 = CARTESIAN_POINT('',(3.53429173529,4.552660554361));
#1690 = CARTESIAN_POINT('',(3.730641276125,4.1329834457));
#1691 = CARTESIAN_POINT('',(3.926990816999,3.520719799599));
#1692 = CARTESIAN_POINT('',(4.123340357819,2.750406906521));
#1693 = CARTESIAN_POINT('',(4.319689898688,1.870229598612));
#1694 = CARTESIAN_POINT('',(4.516039439535,0.935114688295));
#1695 = CARTESIAN_POINT('',(4.712388980385,0.));
#1696 = ( GEOMETRIC_REPRESENTATION_CONTEXT(2) 
PARAMETRIC_REPRESENTATION_CONTEXT() REPRESENTATION_CONTEXT('2D SPACE',''
  ) );
#1697 = ORIENTED_EDGE('',*,*,#1517,.F.);
#1698 = ORIENTED_EDGE('',*,*,#1699,.F.);
#1699 = EDGE_CURVE('',#1700,#1482,#1702,.T.);
#1700 = VERTEX_POINT('',#1701);
#1701 = CARTESIAN_POINT('',(57.15,-4.7625,-76.2));
#1702 = SURFACE_CURVE('',#1703,(#1708,#1721),.PCURVE_S1.);
#1703 = ELLIPSE('',#1704,6.735192090802,4.7625);
#1704 = AXIS2_PLACEMENT_3D('',#1705,#1706,#1707);
#1705 = CARTESIAN_POINT('',(57.15,0.,-76.2));
#1706 = DIRECTION('',(-0.707106781187,0.,0.707106781187));
#1707 = DIRECTION('',(0.707106781187,0.,0.707106781187));
#1708 = PCURVE('',#80,#1709);
#1709 = DEFINITIONAL_REPRESENTATION('',(#1710),#1720);
#1710 = B_SPLINE_CURVE_WITH_KNOTS('',8,(#1711,#1712,#1713,#1714,#1715,
    #1716,#1717,#1718,#1719),.UNSPECIFIED.,.F.,.F.,(9,9),(4.712388980385
    ,6.28318530718),.PIECEWISE_BEZIER_KNOTS.);
#1711 = CARTESIAN_POINT('',(1.570796326795,171.45));
#1712 = CARTESIAN_POINT('',(1.374446785946,172.38511468829));
#1713 = CARTESIAN_POINT('',(1.178097245096,173.32022959847));
#1714 = CARTESIAN_POINT('',(0.981747704243,174.20040690653));
#1715 = CARTESIAN_POINT('',(0.785398163401,174.97071979887));
#1716 = CARTESIAN_POINT('',(0.589048622544,175.58298344602));
#1717 = CARTESIAN_POINT('',(0.392699081699,176.00266055419));
#1718 = CARTESIAN_POINT('',(0.196349540849,176.2125));
#1719 = CARTESIAN_POINT('',(2.449293598295E-16,176.2125));
#1720 = ( GEOMETRIC_REPRESENTATION_CONTEXT(2) 
PARAMETRIC_REPRESENTATION_CONTEXT() REPRESENTATION_CONTEXT('2D SPACE',''
  ) );
#1721 = PCURVE('',#1463,#1722);
#1722 = DEFINITIONAL_REPRESENTATION('',(#1723),#1733);
#1723 = B_SPLINE_CURVE_WITH_KNOTS('',8,(#1724,#1725,#1726,#1727,#1728,
    #1729,#1730,#1731,#1732),.UNSPECIFIED.,.F.,.F.,(9,9),(4.712388980385
    ,6.28318530718),.PIECEWISE_BEZIER_KNOTS.);
#1724 = CARTESIAN_POINT('',(4.712388980385,0.));
#1725 = CARTESIAN_POINT('',(4.908738521234,0.935114688295));
#1726 = CARTESIAN_POINT('',(5.10508806208,1.870229598614));
#1727 = CARTESIAN_POINT('',(5.301437602931,2.750406906515));
#1728 = CARTESIAN_POINT('',(5.49778714378,3.520719799624));
#1729 = CARTESIAN_POINT('',(5.694136684627,4.132983445693));
#1730 = CARTESIAN_POINT('',(5.890486225479,4.552660554364));
#1731 = CARTESIAN_POINT('',(6.08683576633,4.7625));
#1732 = CARTESIAN_POINT('',(6.28318530718,4.7625));
#1733 = ( GEOMETRIC_REPRESENTATION_CONTEXT(2) 
PARAMETRIC_REPRESENTATION_CONTEXT() REPRESENTATION_CONTEXT('2D SPACE',''
  ) );
#1734 = ORIENTED_EDGE('',*,*,#1735,.F.);
#1735 = EDGE_CURVE('',#1419,#1700,#1736,.T.);
#1736 = SURFACE_CURVE('',#1737,(#1742,#1755),.PCURVE_S1.);
#1737 = ELLIPSE('',#1738,6.735192090802,4.7625);
#1738 = AXIS2_PLACEMENT_3D('',#1739,#1740,#1741);
#1739 = CARTESIAN_POINT('',(57.15,0.,-76.2));
#1740 = DIRECTION('',(0.707106781187,0.,0.707106781187));
#1741 = DIRECTION('',(-0.707106781187,0.,0.707106781187));
#1742 = PCURVE('',#80,#1743);
#1743 = DEFINITIONAL_REPRESENTATION('',(#1744),#1754);
#1744 = B_SPLINE_CURVE_WITH_KNOTS('',8,(#1745,#1746,#1747,#1748,#1749,
    #1750,#1751,#1752,#1753),.UNSPECIFIED.,.F.,.F.,(9,9),(0.,
    1.570796326795),.PIECEWISE_BEZIER_KNOTS.);
#1745 = CARTESIAN_POINT('',(0.,166.6875));
#1746 = CARTESIAN_POINT('',(0.196349540849,166.6875));
#1747 = CARTESIAN_POINT('',(0.392699081699,166.89733944565));
#1748 = CARTESIAN_POINT('',(0.589048622545,167.31701655365));
#1749 = CARTESIAN_POINT('',(0.7853981634,167.9292802004));
#1750 = CARTESIAN_POINT('',(0.981747704243,168.69959309284));
#1751 = CARTESIAN_POINT('',(1.178097245096,169.57977040142));
#1752 = CARTESIAN_POINT('',(1.374446785946,170.5148853117));
#1753 = CARTESIAN_POINT('',(1.570796326795,171.45));
#1754 = ( GEOMETRIC_REPRESENTATION_CONTEXT(2) 
PARAMETRIC_REPRESENTATION_CONTEXT() REPRESENTATION_CONTEXT('2D SPACE',''
  ) );
#1755 = PCURVE('',#1463,#1756);
#1756 = DEFINITIONAL_REPRESENTATION('',(#1757),#1767);
#1757 = B_SPLINE_CURVE_WITH_KNOTS('',8,(#1758,#1759,#1760,#1761,#1762,
    #1763,#1764,#1765,#1766),.UNSPECIFIED.,.F.,.F.,(9,9),(0.,
    1.570796326795),.PIECEWISE_BEZIER_KNOTS.);
#1758 = CARTESIAN_POINT('',(3.14159265359,4.7625));
#1759 = CARTESIAN_POINT('',(3.337942194439,4.7625));
#1760 = CARTESIAN_POINT('',(3.534291735284,4.552660554361));
#1761 = CARTESIAN_POINT('',(3.730641276142,4.1329834457));
#1762 = CARTESIAN_POINT('',(3.926990816965,3.520719799599));
#1763 = CARTESIAN_POINT('',(4.123340357844,2.750406906521));
#1764 = CARTESIAN_POINT('',(4.319689898681,1.870229598612));
#1765 = CARTESIAN_POINT('',(4.516039439535,0.935114688295));
#1766 = CARTESIAN_POINT('',(4.712388980385,0.));
#1767 = ( GEOMETRIC_REPRESENTATION_CONTEXT(2) 
PARAMETRIC_REPRESENTATION_CONTEXT() REPRESENTATION_CONTEXT('2D SPACE',''
  ) );
#1768 = ORIENTED_EDGE('',*,*,#1418,.F.);
#1769 = ORIENTED_EDGE('',*,*,#1770,.F.);
#1770 = EDGE_CURVE('',#1771,#1383,#1773,.T.);
#1771 = VERTEX_POINT('',#1772);
#1772 = CARTESIAN_POINT('',(-8.748570571409E-16,-4.7625,-76.2));
#1773 = SURFACE_CURVE('',#1774,(#1779,#1792),.PCURVE_S1.);
#1774 = ELLIPSE('',#1775,6.735192090802,4.7625);
#1775 = AXIS2_PLACEMENT_3D('',#1776,#1777,#1778);
#1776 = CARTESIAN_POINT('',(0.,0.,-76.2));
#1777 = DIRECTION('',(-0.707106781187,0.,0.707106781187));
#1778 = DIRECTION('',(0.707106781187,0.,0.707106781187));
#1779 = PCURVE('',#80,#1780);
#1780 = DEFINITIONAL_REPRESENTATION('',(#1781),#1791);
#1781 = B_SPLINE_CURVE_WITH_KNOTS('',8,(#1782,#1783,#1784,#1785,#1786,
    #1787,#1788,#1789,#1790),.UNSPECIFIED.,.F.,.F.,(9,9),(4.712388980385
    ,6.28318530718),.PIECEWISE_BEZIER_KNOTS.);
#1782 = CARTESIAN_POINT('',(1.570796326795,114.3));
#1783 = CARTESIAN_POINT('',(1.374446785946,115.23511468829));
#1784 = CARTESIAN_POINT('',(1.178097245096,116.17022959855));
#1785 = CARTESIAN_POINT('',(0.981747704243,117.05040690639));
#1786 = CARTESIAN_POINT('',(0.785398163401,117.8207197994));
#1787 = CARTESIAN_POINT('',(0.589048622544,118.43298344541));
#1788 = CARTESIAN_POINT('',(0.392699081699,118.85266055433));
#1789 = CARTESIAN_POINT('',(0.196349540849,119.0625));
#1790 = CARTESIAN_POINT('',(2.449293598295E-16,119.0625));
#1791 = ( GEOMETRIC_REPRESENTATION_CONTEXT(2) 
PARAMETRIC_REPRESENTATION_CONTEXT() REPRESENTATION_CONTEXT('2D SPACE',''
  ) );
#1792 = PCURVE('',#1364,#1793);
#1793 = DEFINITIONAL_REPRESENTATION('',(#1794),#1804);
#1794 = B_SPLINE_CURVE_WITH_KNOTS('',8,(#1795,#1796,#1797,#1798,#1799,
    #1800,#1801,#1802,#1803),.UNSPECIFIED.,.F.,.F.,(9,9),(4.712388980385
    ,6.28318530718),.PIECEWISE_BEZIER_KNOTS.);
#1795 = CARTESIAN_POINT('',(4.712388980385,0.));
#1796 = CARTESIAN_POINT('',(4.908738521234,0.935114688295));
#1797 = CARTESIAN_POINT('',(5.105088062082,1.870229598614));
#1798 = CARTESIAN_POINT('',(5.301437602924,2.750406906515));
#1799 = CARTESIAN_POINT('',(5.497787143794,3.520719799624));
#1800 = CARTESIAN_POINT('',(5.694136684619,4.132983445693));
#1801 = CARTESIAN_POINT('',(5.890486225481,4.552660554364));
#1802 = CARTESIAN_POINT('',(6.08683576633,4.7625));
#1803 = CARTESIAN_POINT('',(6.28318530718,4.7625));
#1804 = ( GEOMETRIC_REPRESENTATION_CONTEXT(2) 
PARAMETRIC_REPRESENTATION_CONTEXT() REPRESENTATION_CONTEXT('2D SPACE',''
  ) );
#1805 = ORIENTED_EDGE('',*,*,#1806,.F.);
#1806 = EDGE_CURVE('',#1320,#1771,#1807,.T.);
#1807 = SURFACE_CURVE('',#1808,(#1813,#1826),.PCURVE_S1.);
#1808 = ELLIPSE('',#1809,6.735192090802,4.7625);
#1809 = AXIS2_PLACEMENT_3D('',#1810,#1811,#1812);
#1810 = CARTESIAN_POINT('',(0.,0.,-76.2));
#1811 = DIRECTION('',(0.707106781187,0.,0.707106781187));
#1812 = DIRECTION('',(-0.707106781187,0.,0.707106781187));
#1813 = PCURVE('',#80,#1814);
#1814 = DEFINITIONAL_REPRESENTATION('',(#1815),#1825);
#1815 = B_SPLINE_CURVE_WITH_KNOTS('',8,(#1816,#1817,#1818,#1819,#1820,
    #1821,#1822,#1823,#1824),.UNSPECIFIED.,.F.,.F.,(9,9),(0.,
    1.570796326795),.PIECEWISE_BEZIER_KNOTS.);
#1816 = CARTESIAN_POINT('',(0.,109.5375));
#1817 = CARTESIAN_POINT('',(0.196349540849,109.5375));
#1818 = CARTESIAN_POINT('',(0.392699081699,109.74733944566));
#1819 = CARTESIAN_POINT('',(0.589048622545,110.16701655398));
#1820 = CARTESIAN_POINT('',(0.7853981634,110.77928020011));
#1821 = CARTESIAN_POINT('',(0.981747704243,111.5495930933));
#1822 = CARTESIAN_POINT('',(1.178097245096,112.42977040139));
#1823 = CARTESIAN_POINT('',(1.374446785946,113.3648853117));
#1824 = CARTESIAN_POINT('',(1.570796326795,114.3));
#1825 = ( GEOMETRIC_REPRESENTATION_CONTEXT(2) 
PARAMETRIC_REPRESENTATION_CONTEXT() REPRESENTATION_CONTEXT('2D SPACE',''
  ) );
#1826 = PCURVE('',#1364,#1827);
#1827 = DEFINITIONAL_REPRESENTATION('',(#1828),#1838);
#1828 = B_SPLINE_CURVE_WITH_KNOTS('',8,(#1829,#1830,#1831,#1832,#1833,
    #1834,#1835,#1836,#1837),.UNSPECIFIED.,.F.,.F.,(9,9),(0.,
    1.570796326795),.PIECEWISE_BEZIER_KNOTS.);
#1829 = CARTESIAN_POINT('',(3.14159265359,4.7625));
#1830 = CARTESIAN_POINT('',(3.337942194439,4.7625));
#1831 = CARTESIAN_POINT('',(3.534291735286,4.552660554361));
#1832 = CARTESIAN_POINT('',(3.730641276141,4.1329834457));
#1833 = CARTESIAN_POINT('',(3.926990816975,3.520719799599));
#1834 = CARTESIAN_POINT('',(4.123340357835,2.750406906521));
#1835 = CARTESIAN_POINT('',(4.319689898684,1.870229598612));
#1836 = CARTESIAN_POINT('',(4.516039439535,0.935114688295));
#1837 = CARTESIAN_POINT('',(4.712388980385,0.));
#1838 = ( GEOMETRIC_REPRESENTATION_CONTEXT(2) 
PARAMETRIC_REPRESENTATION_CONTEXT() REPRESENTATION_CONTEXT('2D SPACE',''
  ) );
#1839 = ORIENTED_EDGE('',*,*,#1319,.F.);
#1840 = ORIENTED_EDGE('',*,*,#1841,.F.);
#1841 = EDGE_CURVE('',#1842,#1284,#1844,.T.);
#1842 = VERTEX_POINT('',#1843);
#1843 = CARTESIAN_POINT('',(-57.15,-4.7625,-76.2));
#1844 = SURFACE_CURVE('',#1845,(#1850,#1863),.PCURVE_S1.);
#1845 = ELLIPSE('',#1846,6.735192090802,4.7625);
#1846 = AXIS2_PLACEMENT_3D('',#1847,#1848,#1849);
#1847 = CARTESIAN_POINT('',(-57.15,0.,-76.2));
#1848 = DIRECTION('',(-0.707106781187,0.,0.707106781187));
#1849 = DIRECTION('',(0.707106781187,0.,0.707106781187));
#1850 = PCURVE('',#80,#1851);
#1851 = DEFINITIONAL_REPRESENTATION('',(#1852),#1862);
#1852 = B_SPLINE_CURVE_WITH_KNOTS('',8,(#1853,#1854,#1855,#1856,#1857,
    #1858,#1859,#1860,#1861),.UNSPECIFIED.,.F.,.F.,(9,9),(4.712388980385
    ,6.28318530718),.PIECEWISE_BEZIER_KNOTS.);
#1853 = CARTESIAN_POINT('',(1.570796326795,57.15));
#1854 = CARTESIAN_POINT('',(1.374446785946,58.085114688295));
#1855 = CARTESIAN_POINT('',(1.178097245096,59.020229598598));
#1856 = CARTESIAN_POINT('',(0.981747704243,59.900406906416));
#1857 = CARTESIAN_POINT('',(0.785398163401,60.670719799514));
#1858 = CARTESIAN_POINT('',(0.589048622544,61.282983445639));
#1859 = CARTESIAN_POINT('',(0.392699081699,61.702660554346));
#1860 = CARTESIAN_POINT('',(0.196349540849,61.9125));
#1861 = CARTESIAN_POINT('',(2.449293598295E-16,61.9125));
#1862 = ( GEOMETRIC_REPRESENTATION_CONTEXT(2) 
PARAMETRIC_REPRESENTATION_CONTEXT() REPRESENTATION_CONTEXT('2D SPACE',''
  ) );
#1863 = PCURVE('',#1265,#1864);
#1864 = DEFINITIONAL_REPRESENTATION('',(#1865),#1875);
#1865 = B_SPLINE_CURVE_WITH_KNOTS('',8,(#1866,#1867,#1868,#1869,#1870,
    #1871,#1872,#1873,#1874),.UNSPECIFIED.,.F.,.F.,(9,9),(4.712388980385
    ,6.28318530718),.PIECEWISE_BEZIER_KNOTS.);
#1866 = CARTESIAN_POINT('',(4.712388980385,0.));
#1867 = CARTESIAN_POINT('',(4.908738521234,0.935114688295));
#1868 = CARTESIAN_POINT('',(5.10508806208,1.870229598614));
#1869 = CARTESIAN_POINT('',(5.301437602931,2.750406906515));
#1870 = CARTESIAN_POINT('',(5.49778714378,3.520719799624));
#1871 = CARTESIAN_POINT('',(5.694136684627,4.132983445693));
#1872 = CARTESIAN_POINT('',(5.890486225479,4.552660554364));
#1873 = CARTESIAN_POINT('',(6.08683576633,4.7625));
#1874 = CARTESIAN_POINT('',(6.28318530718,4.7625));
#1875 = ( GEOMETRIC_REPRESENTATION_CONTEXT(2) 
PARAMETRIC_REPRESENTATION_CONTEXT() REPRESENTATION_CONTEXT('2D SPACE',''
  ) );
#1876 = ORIENTED_EDGE('',*,*,#1877,.F.);
#1877 = EDGE_CURVE('',#1221,#1842,#1878,.T.);
#1878 = SURFACE_CURVE('',#1879,(#1884,#1897),.PCURVE_S1.);
#1879 = ELLIPSE('',#1880,6.735192090802,4.7625);
#1880 = AXIS2_PLACEMENT_3D('',#1881,#1882,#1883);
#1881 = CARTESIAN_POINT('',(-57.15,0.,-76.2));
#1882 = DIRECTION('',(0.707106781187,0.,0.707106781187));
#1883 = DIRECTION('',(-0.707106781187,0.,0.707106781187));
#1884 = PCURVE('',#80,#1885);
#1885 = DEFINITIONAL_REPRESENTATION('',(#1886),#1896);
#1886 = B_SPLINE_CURVE_WITH_KNOTS('',8,(#1887,#1888,#1889,#1890,#1891,
    #1892,#1893,#1894,#1895),.UNSPECIFIED.,.F.,.F.,(9,9),(0.,
    1.570796326795),.PIECEWISE_BEZIER_KNOTS.);
#1887 = CARTESIAN_POINT('',(0.,52.3875));
#1888 = CARTESIAN_POINT('',(0.196349540849,52.3875));
#1889 = CARTESIAN_POINT('',(0.392699081699,52.597339445598));
#1890 = CARTESIAN_POINT('',(0.589048622545,53.017016554268));
#1891 = CARTESIAN_POINT('',(0.7853981634,53.629280200343));
#1892 = CARTESIAN_POINT('',(0.981747704243,54.39959309339));
#1893 = CARTESIAN_POINT('',(1.178097245096,55.27977040136));
#1894 = CARTESIAN_POINT('',(1.374446785946,56.214885311705));
#1895 = CARTESIAN_POINT('',(1.570796326795,57.15));
#1896 = ( GEOMETRIC_REPRESENTATION_CONTEXT(2) 
PARAMETRIC_REPRESENTATION_CONTEXT() REPRESENTATION_CONTEXT('2D SPACE',''
  ) );
#1897 = PCURVE('',#1265,#1898);
#1898 = DEFINITIONAL_REPRESENTATION('',(#1899),#1909);
#1899 = B_SPLINE_CURVE_WITH_KNOTS('',8,(#1900,#1901,#1902,#1903,#1904,
    #1905,#1906,#1907,#1908),.UNSPECIFIED.,.F.,.F.,(9,9),(0.,
    1.570796326795),.PIECEWISE_BEZIER_KNOTS.);
#1900 = CARTESIAN_POINT('',(3.14159265359,4.7625));
#1901 = CARTESIAN_POINT('',(3.337942194439,4.7625));
#1902 = CARTESIAN_POINT('',(3.534291735284,4.552660554361));
#1903 = CARTESIAN_POINT('',(3.730641276142,4.1329834457));
#1904 = CARTESIAN_POINT('',(3.926990816965,3.520719799599));
#1905 = CARTESIAN_POINT('',(4.123340357844,2.750406906521));
#1906 = CARTESIAN_POINT('',(4.319689898681,1.870229598612));
#1907 = CARTESIAN_POINT('',(4.516039439535,0.935114688295));
#1908 = CARTESIAN_POINT('',(4.712388980385,0.));
#1909 = ( GEOMETRIC_REPRESENTATION_CONTEXT(2) 
PARAMETRIC_REPRESENTATION_CONTEXT() REPRESENTATION_CONTEXT('2D SPACE',''
  ) );
#1910 = ORIENTED_EDGE('',*,*,#1220,.F.);
#1911 = ORIENTED_EDGE('',*,*,#57,.F.);
#1912 = ORIENTED_EDGE('',*,*,#1913,.T.);
#1913 = EDGE_CURVE('',#24,#848,#1914,.T.);
#1914 = SURFACE_CURVE('',#1915,(#1920,#1927),.PCURVE_S1.);
#1915 = CIRCLE('',#1916,4.7625);
#1916 = AXIS2_PLACEMENT_3D('',#1917,#1918,#1919);
#1917 = CARTESIAN_POINT('',(-114.3,0.,-76.2));
#1918 = DIRECTION('',(1.,0.,-0.));
#1919 = DIRECTION('',(0.,0.,1.));
#1920 = PCURVE('',#80,#1921);
#1921 = DEFINITIONAL_REPRESENTATION('',(#1922),#1926);
#1922 = LINE('',#1923,#1924);
#1923 = CARTESIAN_POINT('',(0.,0.));
#1924 = VECTOR('',#1925,1.);
#1925 = DIRECTION('',(1.,0.));
#1926 = ( GEOMETRIC_REPRESENTATION_CONTEXT(2) 
PARAMETRIC_REPRESENTATION_CONTEXT() REPRESENTATION_CONTEXT('2D SPACE',''
  ) );
#1927 = PCURVE('',#750,#1928);
#1928 = DEFINITIONAL_REPRESENTATION('',(#1929),#1933);
#1929 = CIRCLE('',#1930,4.7625);
#1930 = AXIS2_PLACEMENT_2D('',#1931,#1932);
#1931 = CARTESIAN_POINT('',(0.,7.686657533969E-16));
#1932 = DIRECTION('',(1.,0.));
#1933 = ( GEOMETRIC_REPRESENTATION_CONTEXT(2) 
PARAMETRIC_REPRESENTATION_CONTEXT() REPRESENTATION_CONTEXT('2D SPACE',''
  ) );
#1934 = ORIENTED_EDGE('',*,*,#847,.T.);
#1935 = ORIENTED_EDGE('',*,*,#811,.T.);
#1936 = ADVANCED_FACE('',(#1937),#143,.T.);
#1937 = FACE_BOUND('',#1938,.T.);
#1938 = EDGE_LOOP('',(#1939,#1940,#1962,#2003,#2053,#2087,#2088,#2089,
    #2090));
#1939 = ORIENTED_EDGE('',*,*,#549,.F.);
#1940 = ORIENTED_EDGE('',*,*,#1941,.T.);
#1941 = EDGE_CURVE('',#162,#1942,#1944,.T.);
#1942 = VERTEX_POINT('',#1943);
#1943 = CARTESIAN_POINT('',(-61.9125,0.,-20.6375));
#1944 = SEAM_CURVE('',#1945,(#1949,#1956),.PCURVE_S1.);
#1945 = LINE('',#1946,#1947);
#1946 = CARTESIAN_POINT('',(-114.3,0.,-20.6375));
#1947 = VECTOR('',#1948,1.);
#1948 = DIRECTION('',(1.,0.,0.));
#1949 = PCURVE('',#143,#1950);
#1950 = DEFINITIONAL_REPRESENTATION('',(#1951),#1955);
#1951 = LINE('',#1952,#1953);
#1952 = CARTESIAN_POINT('',(0.,0.));
#1953 = VECTOR('',#1954,1.);
#1954 = DIRECTION('',(0.,1.));
#1955 = ( GEOMETRIC_REPRESENTATION_CONTEXT(2) 
PARAMETRIC_REPRESENTATION_CONTEXT() REPRESENTATION_CONTEXT('2D SPACE',''
  ) );
#1956 = PCURVE('',#143,#1957);
#1957 = DEFINITIONAL_REPRESENTATION('',(#1958),#1961);
#1958 = B_SPLINE_CURVE_WITH_KNOTS('',1,(#1959,#1960),.UNSPECIFIED.,.F.,
  .F.,(2,2),(0.,228.6),.PIECEWISE_BEZIER_KNOTS.);
#1959 = CARTESIAN_POINT('',(6.28318530718,0.));
#1960 = CARTESIAN_POINT('',(6.28318530718,228.6));
#1961 = ( GEOMETRIC_REPRESENTATION_CONTEXT(2) 
PARAMETRIC_REPRESENTATION_CONTEXT() REPRESENTATION_CONTEXT('2D SPACE',''
  ) );
#1962 = ORIENTED_EDGE('',*,*,#1963,.F.);
#1963 = EDGE_CURVE('',#1964,#1942,#1966,.T.);
#1964 = VERTEX_POINT('',#1965);
#1965 = CARTESIAN_POINT('',(-57.15,4.7625,-25.4));
#1966 = SURFACE_CURVE('',#1967,(#1972,#1985),.PCURVE_S1.);
#1967 = ELLIPSE('',#1968,6.735192090802,4.7625);
#1968 = AXIS2_PLACEMENT_3D('',#1969,#1970,#1971);
#1969 = CARTESIAN_POINT('',(-57.15,0.,-25.4));
#1970 = DIRECTION('',(0.707106781187,0.,0.707106781187));
#1971 = DIRECTION('',(-0.707106781187,0.,0.707106781187));
#1972 = PCURVE('',#143,#1973);
#1973 = DEFINITIONAL_REPRESENTATION('',(#1974),#1984);
#1974 = B_SPLINE_CURVE_WITH_KNOTS('',8,(#1975,#1976,#1977,#1978,#1979,
    #1980,#1981,#1982,#1983),.UNSPECIFIED.,.F.,.F.,(9,9),(4.712388980385
    ,6.28318530718),.PIECEWISE_BEZIER_KNOTS.);
#1975 = CARTESIAN_POINT('',(4.712388980385,57.15));
#1976 = CARTESIAN_POINT('',(4.908738521234,56.214885311705));
#1977 = CARTESIAN_POINT('',(5.10508806208,55.279770401342));
#1978 = CARTESIAN_POINT('',(5.301437602931,54.399593093418));
#1979 = CARTESIAN_POINT('',(5.49778714378,53.629280200263));
#1980 = CARTESIAN_POINT('',(5.694136684627,53.017016554183));
#1981 = CARTESIAN_POINT('',(5.890486225479,52.597339445592));
#1982 = CARTESIAN_POINT('',(6.08683576633,52.3875));
#1983 = CARTESIAN_POINT('',(6.28318530718,52.3875));
#1984 = ( GEOMETRIC_REPRESENTATION_CONTEXT(2) 
PARAMETRIC_REPRESENTATION_CONTEXT() REPRESENTATION_CONTEXT('2D SPACE',''
  ) );
#1985 = PCURVE('',#1986,#1991);
#1986 = CYLINDRICAL_SURFACE('',#1987,4.7625);
#1987 = AXIS2_PLACEMENT_3D('',#1988,#1989,#1990);
#1988 = CARTESIAN_POINT('',(-57.15,0.,-76.2));
#1989 = DIRECTION('',(0.,0.,1.));
#1990 = DIRECTION('',(1.,0.,-0.));
#1991 = DEFINITIONAL_REPRESENTATION('',(#1992),#2002);
#1992 = B_SPLINE_CURVE_WITH_KNOTS('',8,(#1993,#1994,#1995,#1996,#1997,
    #1998,#1999,#2000,#2001),.UNSPECIFIED.,.F.,.F.,(9,9),(4.712388980385
    ,6.28318530718),.PIECEWISE_BEZIER_KNOTS.);
#1993 = CARTESIAN_POINT('',(1.570796326795,50.8));
#1994 = CARTESIAN_POINT('',(1.767145867644,51.735114688295));
#1995 = CARTESIAN_POINT('',(1.96349540849,52.670229598582));
#1996 = CARTESIAN_POINT('',(2.159844949345,53.550406906509));
#1997 = CARTESIAN_POINT('',(2.356194490178,54.320719799372));
#1998 = CARTESIAN_POINT('',(2.552544031045,54.932983445699));
#1999 = CARTESIAN_POINT('',(2.748893571888,55.352660554314));
#2000 = CARTESIAN_POINT('',(2.94524311274,55.5625));
#2001 = CARTESIAN_POINT('',(3.14159265359,55.5625));
#2002 = ( GEOMETRIC_REPRESENTATION_CONTEXT(2) 
PARAMETRIC_REPRESENTATION_CONTEXT() REPRESENTATION_CONTEXT('2D SPACE',''
  ) );
#2003 = ORIENTED_EDGE('',*,*,#2004,.T.);
#2004 = EDGE_CURVE('',#1964,#2005,#2007,.T.);
#2005 = VERTEX_POINT('',#2006);
#2006 = CARTESIAN_POINT('',(-57.15,-4.7625,-25.4));
#2007 = SURFACE_CURVE('',#2008,(#2013,#2033),.PCURVE_S1.);
#2008 = ELLIPSE('',#2009,6.735192090802,4.7625);
#2009 = AXIS2_PLACEMENT_3D('',#2010,#2011,#2012);
#2010 = CARTESIAN_POINT('',(-57.15,0.,-25.4));
#2011 = DIRECTION('',(-0.707106781187,0.,0.707106781187));
#2012 = DIRECTION('',(0.707106781187,0.,0.707106781187));
#2013 = PCURVE('',#143,#2014);
#2014 = DEFINITIONAL_REPRESENTATION('',(#2015),#2032);
#2015 = B_SPLINE_CURVE_WITH_KNOTS('',8,(#2016,#2017,#2018,#2019,#2020,
    #2021,#2022,#2023,#2024,#2025,#2026,#2027,#2028,#2029,#2030,#2031),
  .UNSPECIFIED.,.F.,.F.,(9,7,9),(1.570796326795,3.14159265359,
    4.712388980385),.UNSPECIFIED.);
#2016 = CARTESIAN_POINT('',(4.712388980385,57.15));
#2017 = CARTESIAN_POINT('',(4.516039439535,56.214885311705));
#2018 = CARTESIAN_POINT('',(4.319689898686,55.279770401342));
#2019 = CARTESIAN_POINT('',(4.123340357829,54.399593093418));
#2020 = CARTESIAN_POINT('',(3.926990816986,53.629280200263));
#2021 = CARTESIAN_POINT('',(3.730641276128,53.017016554183));
#2022 = CARTESIAN_POINT('',(3.534291735289,52.597339445592));
#2023 = CARTESIAN_POINT('',(3.337942194439,52.3875));
#2024 = CARTESIAN_POINT('',(2.94524311274,52.3875));
#2025 = CARTESIAN_POINT('',(2.748893571891,52.597339445598));
#2026 = CARTESIAN_POINT('',(2.552544031036,53.017016554268));
#2027 = CARTESIAN_POINT('',(2.356194490194,53.629280200343));
#2028 = CARTESIAN_POINT('',(2.159844949341,54.39959309339));
#2029 = CARTESIAN_POINT('',(1.963495408494,55.27977040136));
#2030 = CARTESIAN_POINT('',(1.767145867644,56.214885311705));
#2031 = CARTESIAN_POINT('',(1.570796326795,57.15));
#2032 = ( GEOMETRIC_REPRESENTATION_CONTEXT(2) 
PARAMETRIC_REPRESENTATION_CONTEXT() REPRESENTATION_CONTEXT('2D SPACE',''
  ) );
#2033 = PCURVE('',#1265,#2034);
#2034 = DEFINITIONAL_REPRESENTATION('',(#2035),#2052);
#2035 = B_SPLINE_CURVE_WITH_KNOTS('',8,(#2036,#2037,#2038,#2039,#2040,
    #2041,#2042,#2043,#2044,#2045,#2046,#2047,#2048,#2049,#2050,#2051),
  .UNSPECIFIED.,.F.,.F.,(9,7,9),(1.570796326795,3.14159265359,
    4.712388980385),.UNSPECIFIED.);
#2036 = CARTESIAN_POINT('',(1.570796326795,50.8));
#2037 = CARTESIAN_POINT('',(1.767145867644,49.864885311705));
#2038 = CARTESIAN_POINT('',(1.96349540849,48.929770401346));
#2039 = CARTESIAN_POINT('',(2.159844949345,48.049593093518));
#2040 = CARTESIAN_POINT('',(2.356194490178,47.279280200215));
#2041 = CARTESIAN_POINT('',(2.552544031045,46.667016554306));
#2042 = CARTESIAN_POINT('',(2.748893571888,46.247339445575));
#2043 = CARTESIAN_POINT('',(2.94524311274,46.0375));
#2044 = CARTESIAN_POINT('',(3.337942194439,46.0375));
#2045 = CARTESIAN_POINT('',(3.534291735284,46.24733944566));
#2046 = CARTESIAN_POINT('',(3.730641276142,46.667016554135));
#2047 = CARTESIAN_POINT('',(3.926990816965,47.27928020044));
#2048 = CARTESIAN_POINT('',(4.123340357844,48.049593093279));
#2049 = CARTESIAN_POINT('',(4.319689898681,48.929770401401));
#2050 = CARTESIAN_POINT('',(4.516039439535,49.864885311705));
#2051 = CARTESIAN_POINT('',(4.712388980385,50.8));
#2052 = ( GEOMETRIC_REPRESENTATION_CONTEXT(2) 
PARAMETRIC_REPRESENTATION_CONTEXT() REPRESENTATION_CONTEXT('2D SPACE',''
  ) );
#2053 = ORIENTED_EDGE('',*,*,#2054,.F.);
#2054 = EDGE_CURVE('',#1942,#2005,#2055,.T.);
#2055 = SURFACE_CURVE('',#2056,(#2061,#2074),.PCURVE_S1.);
#2056 = ELLIPSE('',#2057,6.735192090802,4.7625);
#2057 = AXIS2_PLACEMENT_3D('',#2058,#2059,#2060);
#2058 = CARTESIAN_POINT('',(-57.15,0.,-25.4));
#2059 = DIRECTION('',(0.707106781187,0.,0.707106781187));
#2060 = DIRECTION('',(-0.707106781187,0.,0.707106781187));
#2061 = PCURVE('',#143,#2062);
#2062 = DEFINITIONAL_REPRESENTATION('',(#2063),#2073);
#2063 = B_SPLINE_CURVE_WITH_KNOTS('',8,(#2064,#2065,#2066,#2067,#2068,
    #2069,#2070,#2071,#2072),.UNSPECIFIED.,.F.,.F.,(9,9),(0.,
    1.570796326795),.PIECEWISE_BEZIER_KNOTS.);
#2064 = CARTESIAN_POINT('',(0.,52.3875));
#2065 = CARTESIAN_POINT('',(0.196349540849,52.3875));
#2066 = CARTESIAN_POINT('',(0.392699081699,52.597339445598));
#2067 = CARTESIAN_POINT('',(0.589048622546,53.017016554268));
#2068 = CARTESIAN_POINT('',(0.785398163399,53.629280200343));
#2069 = CARTESIAN_POINT('',(0.981747704246,54.39959309339));
#2070 = CARTESIAN_POINT('',(1.178097245096,55.27977040136));
#2071 = CARTESIAN_POINT('',(1.374446785946,56.214885311705));
#2072 = CARTESIAN_POINT('',(1.570796326795,57.15));
#2073 = ( GEOMETRIC_REPRESENTATION_CONTEXT(2) 
PARAMETRIC_REPRESENTATION_CONTEXT() REPRESENTATION_CONTEXT('2D SPACE',''
  ) );
#2074 = PCURVE('',#1986,#2075);
#2075 = DEFINITIONAL_REPRESENTATION('',(#2076),#2086);
#2076 = B_SPLINE_CURVE_WITH_KNOTS('',8,(#2077,#2078,#2079,#2080,#2081,
    #2082,#2083,#2084,#2085),.UNSPECIFIED.,.F.,.F.,(9,9),(0.,
    1.570796326795),.PIECEWISE_BEZIER_KNOTS.);
#2077 = CARTESIAN_POINT('',(3.14159265359,55.5625));
#2078 = CARTESIAN_POINT('',(3.337942194439,55.5625));
#2079 = CARTESIAN_POINT('',(3.534291735284,55.352660554297));
#2080 = CARTESIAN_POINT('',(3.730641276142,54.932983445892));
#2081 = CARTESIAN_POINT('',(3.926990816965,54.320719799264));
#2082 = CARTESIAN_POINT('',(4.123340357844,53.550406906755));
#2083 = CARTESIAN_POINT('',(4.319689898681,52.670229598518));
#2084 = CARTESIAN_POINT('',(4.516039439535,51.735114688295));
#2085 = CARTESIAN_POINT('',(4.712388980385,50.8));
#2086 = ( GEOMETRIC_REPRESENTATION_CONTEXT(2) 
PARAMETRIC_REPRESENTATION_CONTEXT() REPRESENTATION_CONTEXT('2D SPACE',''
  ) );
#2087 = ORIENTED_EDGE('',*,*,#1941,.F.);
#2088 = ORIENTED_EDGE('',*,*,#161,.F.);
#2089 = ORIENTED_EDGE('',*,*,#120,.T.);
#2090 = ORIENTED_EDGE('',*,*,#585,.T.);
#2091 = ADVANCED_FACE('',(#2092),#242,.T.);
#2092 = FACE_BOUND('',#2093,.T.);
#2093 = EDGE_LOOP('',(#2094,#2095,#2117,#2158,#2208,#2242,#2243,#2244,
    #2245));
#2094 = ORIENTED_EDGE('',*,*,#478,.F.);
#2095 = ORIENTED_EDGE('',*,*,#2096,.T.);
#2096 = EDGE_CURVE('',#261,#2097,#2099,.T.);
#2097 = VERTEX_POINT('',#2098);
#2098 = CARTESIAN_POINT('',(-61.9125,0.,30.1625));
#2099 = SEAM_CURVE('',#2100,(#2104,#2111),.PCURVE_S1.);
#2100 = LINE('',#2101,#2102);
#2101 = CARTESIAN_POINT('',(-114.3,0.,30.1625));
#2102 = VECTOR('',#2103,1.);
#2103 = DIRECTION('',(1.,0.,0.));
#2104 = PCURVE('',#242,#2105);
#2105 = DEFINITIONAL_REPRESENTATION('',(#2106),#2110);
#2106 = LINE('',#2107,#2108);
#2107 = CARTESIAN_POINT('',(0.,0.));
#2108 = VECTOR('',#2109,1.);
#2109 = DIRECTION('',(0.,1.));
#2110 = ( GEOMETRIC_REPRESENTATION_CONTEXT(2) 
PARAMETRIC_REPRESENTATION_CONTEXT() REPRESENTATION_CONTEXT('2D SPACE',''
  ) );
#2111 = PCURVE('',#242,#2112);
#2112 = DEFINITIONAL_REPRESENTATION('',(#2113),#2116);
#2113 = B_SPLINE_CURVE_WITH_KNOTS('',1,(#2114,#2115),.UNSPECIFIED.,.F.,
  .F.,(2,2),(0.,228.6),.PIECEWISE_BEZIER_KNOTS.);
#2114 = CARTESIAN_POINT('',(6.28318530718,0.));
#2115 = CARTESIAN_POINT('',(6.28318530718,228.6));
#2116 = ( GEOMETRIC_REPRESENTATION_CONTEXT(2) 
PARAMETRIC_REPRESENTATION_CONTEXT() REPRESENTATION_CONTEXT('2D SPACE',''
  ) );
#2117 = ORIENTED_EDGE('',*,*,#2118,.F.);
#2118 = EDGE_CURVE('',#2119,#2097,#2121,.T.);
#2119 = VERTEX_POINT('',#2120);
#2120 = CARTESIAN_POINT('',(-57.15,4.7625,25.4));
#2121 = SURFACE_CURVE('',#2122,(#2127,#2140),.PCURVE_S1.);
#2122 = ELLIPSE('',#2123,6.735192090802,4.7625);
#2123 = AXIS2_PLACEMENT_3D('',#2124,#2125,#2126);
#2124 = CARTESIAN_POINT('',(-57.15,0.,25.4));
#2125 = DIRECTION('',(0.707106781187,0.,0.707106781187));
#2126 = DIRECTION('',(-0.707106781187,0.,0.707106781187));
#2127 = PCURVE('',#242,#2128);
#2128 = DEFINITIONAL_REPRESENTATION('',(#2129),#2139);
#2129 = B_SPLINE_CURVE_WITH_KNOTS('',8,(#2130,#2131,#2132,#2133,#2134,
    #2135,#2136,#2137,#2138),.UNSPECIFIED.,.F.,.F.,(9,9),(4.712388980385
    ,6.28318530718),.PIECEWISE_BEZIER_KNOTS.);
#2130 = CARTESIAN_POINT('',(4.712388980385,57.15));
#2131 = CARTESIAN_POINT('',(4.908738521234,56.214885311705));
#2132 = CARTESIAN_POINT('',(5.105088062079,55.279770401342));
#2133 = CARTESIAN_POINT('',(5.301437602935,54.399593093418));
#2134 = CARTESIAN_POINT('',(5.497787143776,53.629280200263));
#2135 = CARTESIAN_POINT('',(5.69413668463,53.017016554183));
#2136 = CARTESIAN_POINT('',(5.890486225478,52.597339445592));
#2137 = CARTESIAN_POINT('',(6.08683576633,52.3875));
#2138 = CARTESIAN_POINT('',(6.28318530718,52.3875));
#2139 = ( GEOMETRIC_REPRESENTATION_CONTEXT(2) 
PARAMETRIC_REPRESENTATION_CONTEXT() REPRESENTATION_CONTEXT('2D SPACE',''
  ) );
#2140 = PCURVE('',#2141,#2146);
#2141 = CYLINDRICAL_SURFACE('',#2142,4.7625);
#2142 = AXIS2_PLACEMENT_3D('',#2143,#2144,#2145);
#2143 = CARTESIAN_POINT('',(-57.15,0.,-76.2));
#2144 = DIRECTION('',(0.,0.,1.));
#2145 = DIRECTION('',(1.,0.,-0.));
#2146 = DEFINITIONAL_REPRESENTATION('',(#2147),#2157);
#2147 = B_SPLINE_CURVE_WITH_KNOTS('',8,(#2148,#2149,#2150,#2151,#2152,
    #2153,#2154,#2155,#2156),.UNSPECIFIED.,.F.,.F.,(9,9),(4.712388980385
    ,6.28318530718),.PIECEWISE_BEZIER_KNOTS.);
#2148 = CARTESIAN_POINT('',(1.570796326795,101.6));
#2149 = CARTESIAN_POINT('',(1.767145867644,102.53511468829));
#2150 = CARTESIAN_POINT('',(1.96349540849,103.47022959859));
#2151 = CARTESIAN_POINT('',(2.159844949345,104.35040690623));
#2152 = CARTESIAN_POINT('',(2.356194490178,105.12071979993));
#2153 = CARTESIAN_POINT('',(2.552544031045,105.73298344524));
#2154 = CARTESIAN_POINT('',(2.748893571888,106.15266055433));
#2155 = CARTESIAN_POINT('',(2.94524311274,106.3625));
#2156 = CARTESIAN_POINT('',(3.14159265359,106.3625));
#2157 = ( GEOMETRIC_REPRESENTATION_CONTEXT(2) 
PARAMETRIC_REPRESENTATION_CONTEXT() REPRESENTATION_CONTEXT('2D SPACE',''
  ) );
#2158 = ORIENTED_EDGE('',*,*,#2159,.T.);
#2159 = EDGE_CURVE('',#2119,#2160,#2162,.T.);
#2160 = VERTEX_POINT('',#2161);
#2161 = CARTESIAN_POINT('',(-57.15,-4.7625,25.4));
#2162 = SURFACE_CURVE('',#2163,(#2168,#2188),.PCURVE_S1.);
#2163 = ELLIPSE('',#2164,6.735192090802,4.7625);
#2164 = AXIS2_PLACEMENT_3D('',#2165,#2166,#2167);
#2165 = CARTESIAN_POINT('',(-57.15,0.,25.4));
#2166 = DIRECTION('',(-0.707106781187,0.,0.707106781187));
#2167 = DIRECTION('',(0.707106781187,0.,0.707106781187));
#2168 = PCURVE('',#242,#2169);
#2169 = DEFINITIONAL_REPRESENTATION('',(#2170),#2187);
#2170 = B_SPLINE_CURVE_WITH_KNOTS('',8,(#2171,#2172,#2173,#2174,#2175,
    #2176,#2177,#2178,#2179,#2180,#2181,#2182,#2183,#2184,#2185,#2186),
  .UNSPECIFIED.,.F.,.F.,(9,7,9),(1.570796326795,3.14159265359,
    4.712388980385),.UNSPECIFIED.);
#2171 = CARTESIAN_POINT('',(4.712388980385,57.15));
#2172 = CARTESIAN_POINT('',(4.516039439535,56.214885311705));
#2173 = CARTESIAN_POINT('',(4.319689898689,55.279770401342));
#2174 = CARTESIAN_POINT('',(4.123340357819,54.399593093418));
#2175 = CARTESIAN_POINT('',(3.926990817002,53.629280200263));
#2176 = CARTESIAN_POINT('',(3.730641276119,53.017016554183));
#2177 = CARTESIAN_POINT('',(3.534291735291,52.597339445592));
#2178 = CARTESIAN_POINT('',(3.337942194439,52.3875));
#2179 = CARTESIAN_POINT('',(2.94524311274,52.3875));
#2180 = CARTESIAN_POINT('',(2.74889357189,52.597339445598));
#2181 = CARTESIAN_POINT('',(2.552544031039,53.017016554268));
#2182 = CARTESIAN_POINT('',(2.356194490193,53.629280200343));
#2183 = CARTESIAN_POINT('',(2.159844949339,54.39959309339));
#2184 = CARTESIAN_POINT('',(1.963495408493,55.27977040136));
#2185 = CARTESIAN_POINT('',(1.767145867644,56.214885311705));
#2186 = CARTESIAN_POINT('',(1.570796326795,57.15));
#2187 = ( GEOMETRIC_REPRESENTATION_CONTEXT(2) 
PARAMETRIC_REPRESENTATION_CONTEXT() REPRESENTATION_CONTEXT('2D SPACE',''
  ) );
#2188 = PCURVE('',#1986,#2189);
#2189 = DEFINITIONAL_REPRESENTATION('',(#2190),#2207);
#2190 = B_SPLINE_CURVE_WITH_KNOTS('',8,(#2191,#2192,#2193,#2194,#2195,
    #2196,#2197,#2198,#2199,#2200,#2201,#2202,#2203,#2204,#2205,#2206),
  .UNSPECIFIED.,.F.,.F.,(9,7,9),(1.570796326795,3.14159265359,
    4.712388980385),.UNSPECIFIED.);
#2191 = CARTESIAN_POINT('',(1.570796326795,101.6));
#2192 = CARTESIAN_POINT('',(1.767145867644,100.6648853117));
#2193 = CARTESIAN_POINT('',(1.96349540849,99.729770401346));
#2194 = CARTESIAN_POINT('',(2.159844949345,98.849593093431));
#2195 = CARTESIAN_POINT('',(2.356194490178,98.079280199949));
#2196 = CARTESIAN_POINT('',(2.552544031045,97.46701655431));
#2197 = CARTESIAN_POINT('',(2.748893571888,97.047339445593));
#2198 = CARTESIAN_POINT('',(2.94524311274,96.8375));
#2199 = CARTESIAN_POINT('',(3.337942194439,96.8375));
#2200 = CARTESIAN_POINT('',(3.534291735284,97.04733944558));
#2201 = CARTESIAN_POINT('',(3.730641276142,97.467016554196));
#2202 = CARTESIAN_POINT('',(3.926990816965,98.079280200091));
#2203 = CARTESIAN_POINT('',(4.123340357844,98.849593093444));
#2204 = CARTESIAN_POINT('',(4.319689898681,99.729770401317));
#2205 = CARTESIAN_POINT('',(4.516039439535,100.6648853117));
#2206 = CARTESIAN_POINT('',(4.712388980385,101.6));
#2207 = ( GEOMETRIC_REPRESENTATION_CONTEXT(2) 
PARAMETRIC_REPRESENTATION_CONTEXT() REPRESENTATION_CONTEXT('2D SPACE',''
  ) );
#2208 = ORIENTED_EDGE('',*,*,#2209,.F.);
#2209 = EDGE_CURVE('',#2097,#2160,#2210,.T.);
#2210 = SURFACE_CURVE('',#2211,(#2216,#2229),.PCURVE_S1.);
#2211 = ELLIPSE('',#2212,6.735192090802,4.7625);
#2212 = AXIS2_PLACEMENT_3D('',#2213,#2214,#2215);
#2213 = CARTESIAN_POINT('',(-57.15,0.,25.4));
#2214 = DIRECTION('',(0.707106781187,0.,0.707106781187));
#2215 = DIRECTION('',(-0.707106781187,0.,0.707106781187));
#2216 = PCURVE('',#242,#2217);
#2217 = DEFINITIONAL_REPRESENTATION('',(#2218),#2228);
#2218 = B_SPLINE_CURVE_WITH_KNOTS('',8,(#2219,#2220,#2221,#2222,#2223,
    #2224,#2225,#2226,#2227),.UNSPECIFIED.,.F.,.F.,(9,9),(0.,
    1.570796326795),.PIECEWISE_BEZIER_KNOTS.);
#2219 = CARTESIAN_POINT('',(0.,52.3875));
#2220 = CARTESIAN_POINT('',(0.196349540849,52.3875));
#2221 = CARTESIAN_POINT('',(0.392699081698,52.597339445598));
#2222 = CARTESIAN_POINT('',(0.589048622547,53.017016554268));
#2223 = CARTESIAN_POINT('',(0.785398163396,53.629280200343));
#2224 = CARTESIAN_POINT('',(0.981747704246,54.39959309339));
#2225 = CARTESIAN_POINT('',(1.178097245096,55.27977040136));
#2226 = CARTESIAN_POINT('',(1.374446785946,56.214885311705));
#2227 = CARTESIAN_POINT('',(1.570796326795,57.15));
#2228 = ( GEOMETRIC_REPRESENTATION_CONTEXT(2) 
PARAMETRIC_REPRESENTATION_CONTEXT() REPRESENTATION_CONTEXT('2D SPACE',''
  ) );
#2229 = PCURVE('',#2141,#2230);
#2230 = DEFINITIONAL_REPRESENTATION('',(#2231),#2241);
#2231 = B_SPLINE_CURVE_WITH_KNOTS('',8,(#2232,#2233,#2234,#2235,#2236,
    #2237,#2238,#2239,#2240),.UNSPECIFIED.,.F.,.F.,(9,9),(0.,
    1.570796326795),.PIECEWISE_BEZIER_KNOTS.);
#2232 = CARTESIAN_POINT('',(3.14159265359,106.3625));
#2233 = CARTESIAN_POINT('',(3.337942194439,106.3625));
#2234 = CARTESIAN_POINT('',(3.534291735284,106.15266055436));
#2235 = CARTESIAN_POINT('',(3.730641276142,105.7329834454));
#2236 = CARTESIAN_POINT('',(3.926990816965,105.12071979985));
#2237 = CARTESIAN_POINT('',(4.123340357844,104.35040690628));
#2238 = CARTESIAN_POINT('',(4.319689898681,103.4702295986));
#2239 = CARTESIAN_POINT('',(4.516039439535,102.53511468829));
#2240 = CARTESIAN_POINT('',(4.712388980385,101.6));
#2241 = ( GEOMETRIC_REPRESENTATION_CONTEXT(2) 
PARAMETRIC_REPRESENTATION_CONTEXT() REPRESENTATION_CONTEXT('2D SPACE',''
  ) );
#2242 = ORIENTED_EDGE('',*,*,#2096,.F.);
#2243 = ORIENTED_EDGE('',*,*,#260,.F.);
#2244 = ORIENTED_EDGE('',*,*,#219,.T.);
#2245 = ORIENTED_EDGE('',*,*,#514,.T.);
#2246 = ADVANCED_FACE('',(#2247,#2505,#2629,#2758),#341,.T.);
#2247 = FACE_BOUND('',#2248,.T.);
#2248 = EDGE_LOOP('',(#2249,#2287,#2309,#2364,#2414,#2441,#2442,#2469,
    #2470,#2471));
#2249 = ORIENTED_EDGE('',*,*,#2250,.T.);
#2250 = EDGE_CURVE('',#2251,#2253,#2255,.T.);
#2251 = VERTEX_POINT('',#2252);
#2252 = CARTESIAN_POINT('',(-109.5375,4.7625,76.2));
#2253 = VERTEX_POINT('',#2254);
#2254 = CARTESIAN_POINT('',(-114.3,5.832380380939E-16,80.9625));
#2255 = SURFACE_CURVE('',#2256,(#2261,#2274),.PCURVE_S1.);
#2256 = ELLIPSE('',#2257,6.735192090802,4.7625);
#2257 = AXIS2_PLACEMENT_3D('',#2258,#2259,#2260);
#2258 = CARTESIAN_POINT('',(-114.3,0.,76.2));
#2259 = DIRECTION('',(0.707106781187,-0.707106781187,0.));
#2260 = DIRECTION('',(0.707106781187,0.707106781187,0.));
#2261 = PCURVE('',#341,#2262);
#2262 = DEFINITIONAL_REPRESENTATION('',(#2263),#2273);
#2263 = B_SPLINE_CURVE_WITH_KNOTS('',8,(#2264,#2265,#2266,#2267,#2268,
    #2269,#2270,#2271,#2272),.UNSPECIFIED.,.F.,.F.,(9,9),(0.,
    1.570796326795),.PIECEWISE_BEZIER_KNOTS.);
#2264 = CARTESIAN_POINT('',(4.712388980385,4.7625));
#2265 = CARTESIAN_POINT('',(4.908738521234,4.7625));
#2266 = CARTESIAN_POINT('',(5.105088062082,4.552660554361));
#2267 = CARTESIAN_POINT('',(5.301437602938,4.1329834457));
#2268 = CARTESIAN_POINT('',(5.497787143775,3.520719799599));
#2269 = CARTESIAN_POINT('',(5.694136684637,2.750406906521));
#2270 = CARTESIAN_POINT('',(5.89048622548,1.870229598612));
#2271 = CARTESIAN_POINT('',(6.08683576633,0.935114688295));
#2272 = CARTESIAN_POINT('',(6.28318530718,0.));
#2273 = ( GEOMETRIC_REPRESENTATION_CONTEXT(2) 
PARAMETRIC_REPRESENTATION_CONTEXT() REPRESENTATION_CONTEXT('2D SPACE',''
  ) );
#2274 = PCURVE('',#418,#2275);
#2275 = DEFINITIONAL_REPRESENTATION('',(#2276),#2286);
#2276 = B_SPLINE_CURVE_WITH_KNOTS('',8,(#2277,#2278,#2279,#2280,#2281,
    #2282,#2283,#2284,#2285),.UNSPECIFIED.,.F.,.F.,(9,9),(0.,
    1.570796326795),.PIECEWISE_BEZIER_KNOTS.);
#2277 = CARTESIAN_POINT('',(1.570796326795,4.7625));
#2278 = CARTESIAN_POINT('',(1.374446785946,4.7625));
#2279 = CARTESIAN_POINT('',(1.178097245095,4.552660554365));
#2280 = CARTESIAN_POINT('',(0.981747704246,4.132983445687));
#2281 = CARTESIAN_POINT('',(0.785398163394,3.520719799619));
#2282 = CARTESIAN_POINT('',(0.589048622548,2.750406906516));
#2283 = CARTESIAN_POINT('',(0.392699081698,1.870229598614));
#2284 = CARTESIAN_POINT('',(0.196349540849,0.935114688295));
#2285 = CARTESIAN_POINT('',(0.,2.91619019047E-16));
#2286 = ( GEOMETRIC_REPRESENTATION_CONTEXT(2) 
PARAMETRIC_REPRESENTATION_CONTEXT() REPRESENTATION_CONTEXT('2D SPACE',''
  ) );
#2287 = ORIENTED_EDGE('',*,*,#2288,.T.);
#2288 = EDGE_CURVE('',#2253,#2289,#2291,.T.);
#2289 = VERTEX_POINT('',#2290);
#2290 = CARTESIAN_POINT('',(114.3,5.832380380939E-16,80.9625));
#2291 = SEAM_CURVE('',#2292,(#2296,#2303),.PCURVE_S1.);
#2292 = LINE('',#2293,#2294);
#2293 = CARTESIAN_POINT('',(-114.3,0.,80.9625));
#2294 = VECTOR('',#2295,1.);
#2295 = DIRECTION('',(1.,0.,0.));
#2296 = PCURVE('',#341,#2297);
#2297 = DEFINITIONAL_REPRESENTATION('',(#2298),#2302);
#2298 = LINE('',#2299,#2300);
#2299 = CARTESIAN_POINT('',(0.,0.));
#2300 = VECTOR('',#2301,1.);
#2301 = DIRECTION('',(0.,1.));
#2302 = ( GEOMETRIC_REPRESENTATION_CONTEXT(2) 
PARAMETRIC_REPRESENTATION_CONTEXT() REPRESENTATION_CONTEXT('2D SPACE',''
  ) );
#2303 = PCURVE('',#341,#2304);
#2304 = DEFINITIONAL_REPRESENTATION('',(#2305),#2308);
#2305 = B_SPLINE_CURVE_WITH_KNOTS('',1,(#2306,#2307),.UNSPECIFIED.,.F.,
  .F.,(2,2),(0.,228.6),.PIECEWISE_BEZIER_KNOTS.);
#2306 = CARTESIAN_POINT('',(6.28318530718,0.));
#2307 = CARTESIAN_POINT('',(6.28318530718,228.6));
#2308 = ( GEOMETRIC_REPRESENTATION_CONTEXT(2) 
PARAMETRIC_REPRESENTATION_CONTEXT() REPRESENTATION_CONTEXT('2D SPACE',''
  ) );
#2309 = ORIENTED_EDGE('',*,*,#2310,.F.);
#2310 = EDGE_CURVE('',#2311,#2289,#2313,.T.);
#2311 = VERTEX_POINT('',#2312);
#2312 = CARTESIAN_POINT('',(110.93240395459,3.367596045401,
    72.832403954599));
#2313 = SURFACE_CURVE('',#2314,(#2319,#2339),.PCURVE_S1.);
#2314 = ELLIPSE('',#2315,6.735192090802,4.7625);
#2315 = AXIS2_PLACEMENT_3D('',#2316,#2317,#2318);
#2316 = CARTESIAN_POINT('',(114.3,0.,76.2));
#2317 = DIRECTION('',(0.707106781187,0.707106781187,0.));
#2318 = DIRECTION('',(0.707106781187,-0.707106781187,0.));
#2319 = PCURVE('',#341,#2320);
#2320 = DEFINITIONAL_REPRESENTATION('',(#2321),#2338);
#2321 = B_SPLINE_CURVE_WITH_KNOTS('',8,(#2322,#2323,#2324,#2325,#2326,
    #2327,#2328,#2329,#2330,#2331,#2332,#2333,#2334,#2335,#2336,#2337),
  .UNSPECIFIED.,.F.,.F.,(9,7,9),(1.570796326795,3.14159265359,
    4.712388980385),.UNSPECIFIED.);
#2322 = CARTESIAN_POINT('',(3.14159265359,228.6));
#2323 = CARTESIAN_POINT('',(3.337942194439,227.6648853117));
#2324 = CARTESIAN_POINT('',(3.53429173529,226.72977040115));
#2325 = CARTESIAN_POINT('',(3.730641276125,225.84959309346));
#2326 = CARTESIAN_POINT('',(3.926990816999,225.07928019964));
#2327 = CARTESIAN_POINT('',(4.123340357819,224.46701655453));
#2328 = CARTESIAN_POINT('',(4.319689898688,224.04733944549));
#2329 = CARTESIAN_POINT('',(4.516039439535,223.8375));
#2330 = CARTESIAN_POINT('',(4.908738521234,223.8375));
#2331 = CARTESIAN_POINT('',(5.105088062077,224.04733944562));
#2332 = CARTESIAN_POINT('',(5.301437602938,224.46701655389));
#2333 = CARTESIAN_POINT('',(5.497787143746,225.07928019985));
#2334 = CARTESIAN_POINT('',(5.694136684641,225.84959309321));
#2335 = CARTESIAN_POINT('',(5.890486225474,226.72977040131));
#2336 = CARTESIAN_POINT('',(6.08683576633,227.6648853117));
#2337 = CARTESIAN_POINT('',(6.28318530718,228.6));
#2338 = ( GEOMETRIC_REPRESENTATION_CONTEXT(2) 
PARAMETRIC_REPRESENTATION_CONTEXT() REPRESENTATION_CONTEXT('2D SPACE',''
  ) );
#2339 = PCURVE('',#2340,#2345);
#2340 = CYLINDRICAL_SURFACE('',#2341,4.7625);
#2341 = AXIS2_PLACEMENT_3D('',#2342,#2343,#2344);
#2342 = CARTESIAN_POINT('',(114.3,0.,76.2));
#2343 = DIRECTION('',(0.,1.,0.));
#2344 = DIRECTION('',(0.,-0.,1.));
#2345 = DEFINITIONAL_REPRESENTATION('',(#2346),#2363);
#2346 = B_SPLINE_CURVE_WITH_KNOTS('',8,(#2347,#2348,#2349,#2350,#2351,
    #2352,#2353,#2354,#2355,#2356,#2357,#2358,#2359,#2360,#2361,#2362),
  .UNSPECIFIED.,.F.,.F.,(9,7,9),(1.570796326795,3.14159265359,
    4.712388980385),.UNSPECIFIED.);
#2347 = CARTESIAN_POINT('',(3.14159265359,-2.91619019047E-16));
#2348 = CARTESIAN_POINT('',(3.337942194439,0.935114688295));
#2349 = CARTESIAN_POINT('',(3.53429173529,1.870229598613));
#2350 = CARTESIAN_POINT('',(3.730641276136,2.750406906517));
#2351 = CARTESIAN_POINT('',(3.926990816993,3.520719799613));
#2352 = CARTESIAN_POINT('',(4.123340357835,4.13298344569));
#2353 = CARTESIAN_POINT('',(4.319689898687,4.552660554364));
#2354 = CARTESIAN_POINT('',(4.516039439535,4.7625));
#2355 = CARTESIAN_POINT('',(4.908738521234,4.7625));
#2356 = CARTESIAN_POINT('',(5.105088062083,4.552660554362));
#2357 = CARTESIAN_POINT('',(5.301437602935,4.132983445696));
#2358 = CARTESIAN_POINT('',(5.49778714378,3.520719799607));
#2359 = CARTESIAN_POINT('',(5.694136684634,2.750406906524));
#2360 = CARTESIAN_POINT('',(5.89048622548,1.870229598612));
#2361 = CARTESIAN_POINT('',(6.08683576633,0.935114688295));
#2362 = CARTESIAN_POINT('',(6.28318530718,8.748570571409E-16));
#2363 = ( GEOMETRIC_REPRESENTATION_CONTEXT(2) 
PARAMETRIC_REPRESENTATION_CONTEXT() REPRESENTATION_CONTEXT('2D SPACE',''
  ) );
#2364 = ORIENTED_EDGE('',*,*,#2365,.T.);
#2365 = EDGE_CURVE('',#2311,#2366,#2368,.T.);
#2366 = VERTEX_POINT('',#2367);
#2367 = CARTESIAN_POINT('',(114.3,-4.7625,76.2));
#2368 = SURFACE_CURVE('',#2369,(#2374,#2394),.PCURVE_S1.);
#2369 = ELLIPSE('',#2370,6.735192090802,4.7625);
#2370 = AXIS2_PLACEMENT_3D('',#2371,#2372,#2373);
#2371 = CARTESIAN_POINT('',(114.3,0.,76.2));
#2372 = DIRECTION('',(-0.707106781187,0.,0.707106781187));
#2373 = DIRECTION('',(0.707106781187,0.,0.707106781187));
#2374 = PCURVE('',#341,#2375);
#2375 = DEFINITIONAL_REPRESENTATION('',(#2376),#2393);
#2376 = B_SPLINE_CURVE_WITH_KNOTS('',8,(#2377,#2378,#2379,#2380,#2381,
    #2382,#2383,#2384,#2385,#2386,#2387,#2388,#2389,#2390,#2391,#2392),
  .UNSPECIFIED.,.F.,.F.,(9,7,9),(1.570796326795,3.14159265359,
    4.712388980385),.UNSPECIFIED.);
#2377 = CARTESIAN_POINT('',(4.712388980385,228.6));
#2378 = CARTESIAN_POINT('',(4.516039439535,227.6648853117));
#2379 = CARTESIAN_POINT('',(4.319689898685,226.72977040115));
#2380 = CARTESIAN_POINT('',(4.123340357833,225.84959309346));
#2381 = CARTESIAN_POINT('',(3.926990816979,225.07928019964));
#2382 = CARTESIAN_POINT('',(3.730641276131,224.46701655453));
#2383 = CARTESIAN_POINT('',(3.534291735288,224.04733944549));
#2384 = CARTESIAN_POINT('',(3.337942194439,223.8375));
#2385 = CARTESIAN_POINT('',(2.94524311274,223.8375));
#2386 = CARTESIAN_POINT('',(2.74889357189,224.04733944562));
#2387 = CARTESIAN_POINT('',(2.552544031038,224.46701655389));
#2388 = CARTESIAN_POINT('',(2.356194490189,225.07928019985));
#2389 = CARTESIAN_POINT('',(2.159844949343,225.84959309321));
#2390 = CARTESIAN_POINT('',(1.963495408493,226.72977040131));
#2391 = CARTESIAN_POINT('',(1.767145867644,227.6648853117));
#2392 = CARTESIAN_POINT('',(1.570796326795,228.6));
#2393 = ( GEOMETRIC_REPRESENTATION_CONTEXT(2) 
PARAMETRIC_REPRESENTATION_CONTEXT() REPRESENTATION_CONTEXT('2D SPACE',''
  ) );
#2394 = PCURVE('',#1562,#2395);
#2395 = DEFINITIONAL_REPRESENTATION('',(#2396),#2413);
#2396 = B_SPLINE_CURVE_WITH_KNOTS('',8,(#2397,#2398,#2399,#2400,#2401,
    #2402,#2403,#2404,#2405,#2406,#2407,#2408,#2409,#2410,#2411,#2412),
  .UNSPECIFIED.,.F.,.F.,(9,7,9),(1.570796326795,3.14159265359,
    4.712388980385),.UNSPECIFIED.);
#2397 = CARTESIAN_POINT('',(1.570796326795,152.4));
#2398 = CARTESIAN_POINT('',(1.767145867644,151.4648853117));
#2399 = CARTESIAN_POINT('',(1.963495408494,150.52977040125));
#2400 = CARTESIAN_POINT('',(2.159844949341,149.64959309337));
#2401 = CARTESIAN_POINT('',(2.356194490197,148.8792801998));
#2402 = CARTESIAN_POINT('',(2.552544031038,148.26701655416));
#2403 = CARTESIAN_POINT('',(2.748893571891,147.84733944549));
#2404 = CARTESIAN_POINT('',(2.94524311274,147.6375));
#2405 = CARTESIAN_POINT('',(3.337942194439,147.6375));
#2406 = CARTESIAN_POINT('',(3.534291735288,147.84733944548));
#2407 = CARTESIAN_POINT('',(3.730641276131,148.26701655447));
#2408 = CARTESIAN_POINT('',(3.926990816987,148.87928019941));
#2409 = CARTESIAN_POINT('',(4.123340357826,149.64959309364));
#2410 = CARTESIAN_POINT('',(4.319689898686,150.52977040123));
#2411 = CARTESIAN_POINT('',(4.516039439535,151.4648853117));
#2412 = CARTESIAN_POINT('',(4.712388980385,152.4));
#2413 = ( GEOMETRIC_REPRESENTATION_CONTEXT(2) 
PARAMETRIC_REPRESENTATION_CONTEXT() REPRESENTATION_CONTEXT('2D SPACE',''
  ) );
#2414 = ORIENTED_EDGE('',*,*,#2415,.F.);
#2415 = EDGE_CURVE('',#2289,#2366,#2416,.T.);
#2416 = SURFACE_CURVE('',#2417,(#2422,#2429),.PCURVE_S1.);
#2417 = CIRCLE('',#2418,4.7625);
#2418 = AXIS2_PLACEMENT_3D('',#2419,#2420,#2421);
#2419 = CARTESIAN_POINT('',(114.3,0.,76.2));
#2420 = DIRECTION('',(1.,0.,-0.));
#2421 = DIRECTION('',(0.,0.,1.));
#2422 = PCURVE('',#341,#2423);
#2423 = DEFINITIONAL_REPRESENTATION('',(#2424),#2428);
#2424 = LINE('',#2425,#2426);
#2425 = CARTESIAN_POINT('',(0.,228.6));
#2426 = VECTOR('',#2427,1.);
#2427 = DIRECTION('',(1.,0.));
#2428 = ( GEOMETRIC_REPRESENTATION_CONTEXT(2) 
PARAMETRIC_REPRESENTATION_CONTEXT() REPRESENTATION_CONTEXT('2D SPACE',''
  ) );
#2429 = PCURVE('',#2430,#2435);
#2430 = PLANE('',#2431);
#2431 = AXIS2_PLACEMENT_3D('',#2432,#2433,#2434);
#2432 = CARTESIAN_POINT('',(114.3,7.686657533969E-16,76.2));
#2433 = DIRECTION('',(1.,0.,0.));
#2434 = DIRECTION('',(-0.,0.,1.));
#2435 = DEFINITIONAL_REPRESENTATION('',(#2436),#2440);
#2436 = CIRCLE('',#2437,4.7625);
#2437 = AXIS2_PLACEMENT_2D('',#2438,#2439);
#2438 = CARTESIAN_POINT('',(0.,7.686657533969E-16));
#2439 = DIRECTION('',(1.,0.));
#2440 = ( GEOMETRIC_REPRESENTATION_CONTEXT(2) 
PARAMETRIC_REPRESENTATION_CONTEXT() REPRESENTATION_CONTEXT('2D SPACE',''
  ) );
#2441 = ORIENTED_EDGE('',*,*,#2288,.F.);
#2442 = ORIENTED_EDGE('',*,*,#2443,.T.);
#2443 = EDGE_CURVE('',#2253,#319,#2444,.T.);
#2444 = SURFACE_CURVE('',#2445,(#2450,#2457),.PCURVE_S1.);
#2445 = CIRCLE('',#2446,4.7625);
#2446 = AXIS2_PLACEMENT_3D('',#2447,#2448,#2449);
#2447 = CARTESIAN_POINT('',(-114.3,0.,76.2));
#2448 = DIRECTION('',(1.,0.,-0.));
#2449 = DIRECTION('',(0.,0.,1.));
#2450 = PCURVE('',#341,#2451);
#2451 = DEFINITIONAL_REPRESENTATION('',(#2452),#2456);
#2452 = LINE('',#2453,#2454);
#2453 = CARTESIAN_POINT('',(0.,0.));
#2454 = VECTOR('',#2455,1.);
#2455 = DIRECTION('',(1.,0.));
#2456 = ( GEOMETRIC_REPRESENTATION_CONTEXT(2) 
PARAMETRIC_REPRESENTATION_CONTEXT() REPRESENTATION_CONTEXT('2D SPACE',''
  ) );
#2457 = PCURVE('',#2458,#2463);
#2458 = PLANE('',#2459);
#2459 = AXIS2_PLACEMENT_3D('',#2460,#2461,#2462);
#2460 = CARTESIAN_POINT('',(-114.3,7.686657533969E-16,76.2));
#2461 = DIRECTION('',(1.,0.,0.));
#2462 = DIRECTION('',(-0.,0.,1.));
#2463 = DEFINITIONAL_REPRESENTATION('',(#2464),#2468);
#2464 = CIRCLE('',#2465,4.7625);
#2465 = AXIS2_PLACEMENT_2D('',#2466,#2467);
#2466 = CARTESIAN_POINT('',(0.,7.686657533969E-16));
#2467 = DIRECTION('',(1.,0.));
#2468 = ( GEOMETRIC_REPRESENTATION_CONTEXT(2) 
PARAMETRIC_REPRESENTATION_CONTEXT() REPRESENTATION_CONTEXT('2D SPACE',''
  ) );
#2469 = ORIENTED_EDGE('',*,*,#318,.T.);
#2470 = ORIENTED_EDGE('',*,*,#443,.T.);
#2471 = ORIENTED_EDGE('',*,*,#2472,.T.);
#2472 = EDGE_CURVE('',#389,#2251,#2473,.T.);
#2473 = SURFACE_CURVE('',#2474,(#2479,#2492),.PCURVE_S1.);
#2474 = ELLIPSE('',#2475,6.735192090802,4.7625);
#2475 = AXIS2_PLACEMENT_3D('',#2476,#2477,#2478);
#2476 = CARTESIAN_POINT('',(-114.3,0.,76.2));
#2477 = DIRECTION('',(0.707106781187,-0.707106781187,0.));
#2478 = DIRECTION('',(0.707106781187,0.707106781187,0.));
#2479 = PCURVE('',#341,#2480);
#2480 = DEFINITIONAL_REPRESENTATION('',(#2481),#2491);
#2481 = B_SPLINE_CURVE_WITH_KNOTS('',8,(#2482,#2483,#2484,#2485,#2486,
    #2487,#2488,#2489,#2490),.UNSPECIFIED.,.F.,.F.,(9,9),(4.712388980385
    ,6.28318530718),.PIECEWISE_BEZIER_KNOTS.);
#2482 = CARTESIAN_POINT('',(3.14159265359,0.));
#2483 = CARTESIAN_POINT('',(3.337942194439,0.935114688295));
#2484 = CARTESIAN_POINT('',(3.534291735288,1.870229598614));
#2485 = CARTESIAN_POINT('',(3.730641276131,2.750406906515));
#2486 = CARTESIAN_POINT('',(3.926990816987,3.520719799624));
#2487 = CARTESIAN_POINT('',(4.123340357826,4.132983445693));
#2488 = CARTESIAN_POINT('',(4.319689898686,4.552660554364));
#2489 = CARTESIAN_POINT('',(4.516039439535,4.7625));
#2490 = CARTESIAN_POINT('',(4.712388980385,4.7625));
#2491 = ( GEOMETRIC_REPRESENTATION_CONTEXT(2) 
PARAMETRIC_REPRESENTATION_CONTEXT() REPRESENTATION_CONTEXT('2D SPACE',''
  ) );
#2492 = PCURVE('',#418,#2493);
#2493 = DEFINITIONAL_REPRESENTATION('',(#2494),#2504);
#2494 = B_SPLINE_CURVE_WITH_KNOTS('',8,(#2495,#2496,#2497,#2498,#2499,
    #2500,#2501,#2502,#2503),.UNSPECIFIED.,.F.,.F.,(9,9),(4.712388980385
    ,6.28318530718),.PIECEWISE_BEZIER_KNOTS.);
#2495 = CARTESIAN_POINT('',(3.14159265359,-8.748570571409E-16));
#2496 = CARTESIAN_POINT('',(2.94524311274,0.935114688295));
#2497 = CARTESIAN_POINT('',(2.748893571893,1.870229598611));
#2498 = CARTESIAN_POINT('',(2.552544031032,2.750406906525));
#2499 = CARTESIAN_POINT('',(2.356194490197,3.520719799603));
#2500 = CARTESIAN_POINT('',(2.159844949333,4.132983445699));
#2501 = CARTESIAN_POINT('',(1.963495408495,4.552660554361));
#2502 = CARTESIAN_POINT('',(1.767145867644,4.7625));
#2503 = CARTESIAN_POINT('',(1.570796326795,4.7625));
#2504 = ( GEOMETRIC_REPRESENTATION_CONTEXT(2) 
PARAMETRIC_REPRESENTATION_CONTEXT() REPRESENTATION_CONTEXT('2D SPACE',''
  ) );
#2505 = FACE_BOUND('',#2506,.T.);
#2506 = EDGE_LOOP('',(#2507,#2559,#2595));
#2507 = ORIENTED_EDGE('',*,*,#2508,.T.);
#2508 = EDGE_CURVE('',#2509,#2511,#2513,.T.);
#2509 = VERTEX_POINT('',#2510);
#2510 = CARTESIAN_POINT('',(-57.15,4.7625,76.2));
#2511 = VERTEX_POINT('',#2512);
#2512 = CARTESIAN_POINT('',(-57.15,-4.7625,76.2));
#2513 = SURFACE_CURVE('',#2514,(#2519,#2539),.PCURVE_S1.);
#2514 = ELLIPSE('',#2515,6.735192090802,4.7625);
#2515 = AXIS2_PLACEMENT_3D('',#2516,#2517,#2518);
#2516 = CARTESIAN_POINT('',(-57.15,0.,76.2));
#2517 = DIRECTION('',(-0.707106781187,0.,0.707106781187));
#2518 = DIRECTION('',(0.707106781187,0.,0.707106781187));
#2519 = PCURVE('',#341,#2520);
#2520 = DEFINITIONAL_REPRESENTATION('',(#2521),#2538);
#2521 = B_SPLINE_CURVE_WITH_KNOTS('',8,(#2522,#2523,#2524,#2525,#2526,
    #2527,#2528,#2529,#2530,#2531,#2532,#2533,#2534,#2535,#2536,#2537),
  .UNSPECIFIED.,.F.,.F.,(9,7,9),(1.570796326795,3.14159265359,
    4.712388980385),.UNSPECIFIED.);
#2522 = CARTESIAN_POINT('',(4.712388980385,57.15));
#2523 = CARTESIAN_POINT('',(4.516039439535,56.214885311705));
#2524 = CARTESIAN_POINT('',(4.319689898685,55.279770401342));
#2525 = CARTESIAN_POINT('',(4.123340357833,54.399593093418));
#2526 = CARTESIAN_POINT('',(3.926990816979,53.629280200263));
#2527 = CARTESIAN_POINT('',(3.730641276131,53.017016554183));
#2528 = CARTESIAN_POINT('',(3.534291735288,52.597339445592));
#2529 = CARTESIAN_POINT('',(3.337942194439,52.3875));
#2530 = CARTESIAN_POINT('',(2.94524311274,52.3875));
#2531 = CARTESIAN_POINT('',(2.74889357189,52.597339445598));
#2532 = CARTESIAN_POINT('',(2.552544031038,53.017016554268));
#2533 = CARTESIAN_POINT('',(2.356194490189,53.629280200343));
#2534 = CARTESIAN_POINT('',(2.159844949343,54.39959309339));
#2535 = CARTESIAN_POINT('',(1.963495408493,55.27977040136));
#2536 = CARTESIAN_POINT('',(1.767145867644,56.214885311705));
#2537 = CARTESIAN_POINT('',(1.570796326795,57.15));
#2538 = ( GEOMETRIC_REPRESENTATION_CONTEXT(2) 
PARAMETRIC_REPRESENTATION_CONTEXT() REPRESENTATION_CONTEXT('2D SPACE',''
  ) );
#2539 = PCURVE('',#2141,#2540);
#2540 = DEFINITIONAL_REPRESENTATION('',(#2541),#2558);
#2541 = B_SPLINE_CURVE_WITH_KNOTS('',8,(#2542,#2543,#2544,#2545,#2546,
    #2547,#2548,#2549,#2550,#2551,#2552,#2553,#2554,#2555,#2556,#2557),
  .UNSPECIFIED.,.F.,.F.,(9,7,9),(1.570796326795,3.14159265359,
    4.712388980385),.UNSPECIFIED.);
#2542 = CARTESIAN_POINT('',(1.570796326795,152.4));
#2543 = CARTESIAN_POINT('',(1.767145867644,151.4648853117));
#2544 = CARTESIAN_POINT('',(1.96349540849,150.52977040125));
#2545 = CARTESIAN_POINT('',(2.159844949345,149.64959309337));
#2546 = CARTESIAN_POINT('',(2.356194490178,148.8792801998));
#2547 = CARTESIAN_POINT('',(2.552544031045,148.26701655416));
#2548 = CARTESIAN_POINT('',(2.748893571888,147.84733944549));
#2549 = CARTESIAN_POINT('',(2.94524311274,147.6375));
#2550 = CARTESIAN_POINT('',(3.337942194439,147.6375));
#2551 = CARTESIAN_POINT('',(3.534291735284,147.84733944548));
#2552 = CARTESIAN_POINT('',(3.730641276142,148.26701655447));
#2553 = CARTESIAN_POINT('',(3.926990816965,148.87928019941));
#2554 = CARTESIAN_POINT('',(4.123340357844,149.64959309364));
#2555 = CARTESIAN_POINT('',(4.319689898681,150.52977040123));
#2556 = CARTESIAN_POINT('',(4.516039439535,151.4648853117));
#2557 = CARTESIAN_POINT('',(4.712388980385,152.4));
#2558 = ( GEOMETRIC_REPRESENTATION_CONTEXT(2) 
PARAMETRIC_REPRESENTATION_CONTEXT() REPRESENTATION_CONTEXT('2D SPACE',''
  ) );
#2559 = ORIENTED_EDGE('',*,*,#2560,.T.);
#2560 = EDGE_CURVE('',#2511,#2561,#2563,.T.);
#2561 = VERTEX_POINT('',#2562);
#2562 = CARTESIAN_POINT('',(-52.3875,0.,71.4375));
#2563 = SURFACE_CURVE('',#2564,(#2569,#2582),.PCURVE_S1.);
#2564 = ELLIPSE('',#2565,6.735192090802,4.7625);
#2565 = AXIS2_PLACEMENT_3D('',#2566,#2567,#2568);
#2566 = CARTESIAN_POINT('',(-57.15,0.,76.2));
#2567 = DIRECTION('',(0.707106781187,0.,0.707106781187));
#2568 = DIRECTION('',(-0.707106781187,0.,0.707106781187));
#2569 = PCURVE('',#341,#2570);
#2570 = DEFINITIONAL_REPRESENTATION('',(#2571),#2581);
#2571 = B_SPLINE_CURVE_WITH_KNOTS('',8,(#2572,#2573,#2574,#2575,#2576,
    #2577,#2578,#2579,#2580),.UNSPECIFIED.,.F.,.F.,(9,9),(1.570796326795
    ,3.14159265359),.PIECEWISE_BEZIER_KNOTS.);
#2572 = CARTESIAN_POINT('',(1.570796326795,57.15));
#2573 = CARTESIAN_POINT('',(1.767145867644,58.085114688295));
#2574 = CARTESIAN_POINT('',(1.963495408494,59.020229598598));
#2575 = CARTESIAN_POINT('',(2.159844949336,59.900406906416));
#2576 = CARTESIAN_POINT('',(2.3561944902,60.670719799514));
#2577 = CARTESIAN_POINT('',(2.552544031036,61.282983445639));
#2578 = CARTESIAN_POINT('',(2.748893571892,61.702660554346));
#2579 = CARTESIAN_POINT('',(2.94524311274,61.9125));
#2580 = CARTESIAN_POINT('',(3.14159265359,61.9125));
#2581 = ( GEOMETRIC_REPRESENTATION_CONTEXT(2) 
PARAMETRIC_REPRESENTATION_CONTEXT() REPRESENTATION_CONTEXT('2D SPACE',''
  ) );
#2582 = PCURVE('',#2141,#2583);
#2583 = DEFINITIONAL_REPRESENTATION('',(#2584),#2594);
#2584 = B_SPLINE_CURVE_WITH_KNOTS('',8,(#2585,#2586,#2587,#2588,#2589,
    #2590,#2591,#2592,#2593),.UNSPECIFIED.,.F.,.F.,(9,9),(1.570796326795
    ,3.14159265359),.PIECEWISE_BEZIER_KNOTS.);
#2585 = CARTESIAN_POINT('',(4.712388980385,152.4));
#2586 = CARTESIAN_POINT('',(4.908738521234,151.4648853117));
#2587 = CARTESIAN_POINT('',(5.105088062078,150.52977040125));
#2588 = CARTESIAN_POINT('',(5.301437602939,149.64959309337));
#2589 = CARTESIAN_POINT('',(5.497787143751,148.8792801998));
#2590 = CARTESIAN_POINT('',(5.694136684634,148.26701655416));
#2591 = CARTESIAN_POINT('',(5.890486225475,147.84733944549));
#2592 = CARTESIAN_POINT('',(6.08683576633,147.6375));
#2593 = CARTESIAN_POINT('',(6.28318530718,147.6375));
#2594 = ( GEOMETRIC_REPRESENTATION_CONTEXT(2) 
PARAMETRIC_REPRESENTATION_CONTEXT() REPRESENTATION_CONTEXT('2D SPACE',''
  ) );
#2595 = ORIENTED_EDGE('',*,*,#2596,.T.);
#2596 = EDGE_CURVE('',#2561,#2509,#2597,.T.);
#2597 = SURFACE_CURVE('',#2598,(#2603,#2616),.PCURVE_S1.);
#2598 = ELLIPSE('',#2599,6.735192090802,4.7625);
#2599 = AXIS2_PLACEMENT_3D('',#2600,#2601,#2602);
#2600 = CARTESIAN_POINT('',(-57.15,0.,76.2));
#2601 = DIRECTION('',(0.707106781187,0.,0.707106781187));
#2602 = DIRECTION('',(-0.707106781187,0.,0.707106781187));
#2603 = PCURVE('',#341,#2604);
#2604 = DEFINITIONAL_REPRESENTATION('',(#2605),#2615);
#2605 = B_SPLINE_CURVE_WITH_KNOTS('',8,(#2606,#2607,#2608,#2609,#2610,
    #2611,#2612,#2613,#2614),.UNSPECIFIED.,.F.,.F.,(9,9),(3.14159265359,
    4.712388980385),.PIECEWISE_BEZIER_KNOTS.);
#2606 = CARTESIAN_POINT('',(3.14159265359,61.9125));
#2607 = CARTESIAN_POINT('',(3.337942194439,61.9125));
#2608 = CARTESIAN_POINT('',(3.53429173529,61.702660554328));
#2609 = CARTESIAN_POINT('',(3.730641276125,61.282983445653));
#2610 = CARTESIAN_POINT('',(3.926990816999,60.67071979958));
#2611 = CARTESIAN_POINT('',(4.123340357819,59.900406906491));
#2612 = CARTESIAN_POINT('',(4.319689898688,59.0202295986));
#2613 = CARTESIAN_POINT('',(4.516039439535,58.085114688295));
#2614 = CARTESIAN_POINT('',(4.712388980385,57.15));
#2615 = ( GEOMETRIC_REPRESENTATION_CONTEXT(2) 
PARAMETRIC_REPRESENTATION_CONTEXT() REPRESENTATION_CONTEXT('2D SPACE',''
  ) );
#2616 = PCURVE('',#2141,#2617);
#2617 = DEFINITIONAL_REPRESENTATION('',(#2618),#2628);
#2618 = B_SPLINE_CURVE_WITH_KNOTS('',8,(#2619,#2620,#2621,#2622,#2623,
    #2624,#2625,#2626,#2627),.UNSPECIFIED.,.F.,.F.,(9,9),(3.14159265359,
    4.712388980385),.PIECEWISE_BEZIER_KNOTS.);
#2619 = CARTESIAN_POINT('',(-8.881784197001E-16,147.6375));
#2620 = CARTESIAN_POINT('',(0.196349540849,147.6375));
#2621 = CARTESIAN_POINT('',(0.392699081698,147.84733944548));
#2622 = CARTESIAN_POINT('',(0.58904862255,148.26701655447));
#2623 = CARTESIAN_POINT('',(0.785398163393,148.87928019941));
#2624 = CARTESIAN_POINT('',(0.981747704247,149.64959309364));
#2625 = CARTESIAN_POINT('',(1.178097245095,150.52977040123));
#2626 = CARTESIAN_POINT('',(1.374446785946,151.4648853117));
#2627 = CARTESIAN_POINT('',(1.570796326795,152.4));
#2628 = ( GEOMETRIC_REPRESENTATION_CONTEXT(2) 
PARAMETRIC_REPRESENTATION_CONTEXT() REPRESENTATION_CONTEXT('2D SPACE',''
  ) );
#2629 = FACE_BOUND('',#2630,.T.);
#2630 = EDGE_LOOP('',(#2631,#2688,#2724));
#2631 = ORIENTED_EDGE('',*,*,#2632,.T.);
#2632 = EDGE_CURVE('',#2633,#2635,#2637,.T.);
#2633 = VERTEX_POINT('',#2634);
#2634 = CARTESIAN_POINT('',(2.91619019047E-16,4.7625,76.2));
#2635 = VERTEX_POINT('',#2636);
#2636 = CARTESIAN_POINT('',(-8.748570571409E-16,-4.7625,76.2));
#2637 = SURFACE_CURVE('',#2638,(#2643,#2663),.PCURVE_S1.);
#2638 = ELLIPSE('',#2639,6.735192090802,4.7625);
#2639 = AXIS2_PLACEMENT_3D('',#2640,#2641,#2642);
#2640 = CARTESIAN_POINT('',(0.,0.,76.2));
#2641 = DIRECTION('',(-0.707106781187,0.,0.707106781187));
#2642 = DIRECTION('',(0.707106781187,0.,0.707106781187));
#2643 = PCURVE('',#341,#2644);
#2644 = DEFINITIONAL_REPRESENTATION('',(#2645),#2662);
#2645 = B_SPLINE_CURVE_WITH_KNOTS('',8,(#2646,#2647,#2648,#2649,#2650,
    #2651,#2652,#2653,#2654,#2655,#2656,#2657,#2658,#2659,#2660,#2661),
  .UNSPECIFIED.,.F.,.F.,(9,7,9),(1.570796326795,3.14159265359,
    4.712388980385),.UNSPECIFIED.);
#2646 = CARTESIAN_POINT('',(4.712388980385,114.3));
#2647 = CARTESIAN_POINT('',(4.516039439535,113.3648853117));
#2648 = CARTESIAN_POINT('',(4.319689898685,112.42977040141));
#2649 = CARTESIAN_POINT('',(4.123340357833,111.54959309297));
#2650 = CARTESIAN_POINT('',(3.926990816979,110.77928020037));
#2651 = CARTESIAN_POINT('',(3.730641276131,110.16701655393));
#2652 = CARTESIAN_POINT('',(3.534291735288,109.74733944569));
#2653 = CARTESIAN_POINT('',(3.337942194439,109.5375));
#2654 = CARTESIAN_POINT('',(2.94524311274,109.5375));
#2655 = CARTESIAN_POINT('',(2.74889357189,109.74733944566));
#2656 = CARTESIAN_POINT('',(2.552544031038,110.16701655398));
#2657 = CARTESIAN_POINT('',(2.356194490189,110.77928020011));
#2658 = CARTESIAN_POINT('',(2.159844949343,111.5495930933));
#2659 = CARTESIAN_POINT('',(1.963495408493,112.42977040139));
#2660 = CARTESIAN_POINT('',(1.767145867644,113.3648853117));
#2661 = CARTESIAN_POINT('',(1.570796326795,114.3));
#2662 = ( GEOMETRIC_REPRESENTATION_CONTEXT(2) 
PARAMETRIC_REPRESENTATION_CONTEXT() REPRESENTATION_CONTEXT('2D SPACE',''
  ) );
#2663 = PCURVE('',#2664,#2669);
#2664 = CYLINDRICAL_SURFACE('',#2665,4.7625);
#2665 = AXIS2_PLACEMENT_3D('',#2666,#2667,#2668);
#2666 = CARTESIAN_POINT('',(0.,0.,-76.2));
#2667 = DIRECTION('',(0.,0.,1.));
#2668 = DIRECTION('',(1.,0.,-0.));
#2669 = DEFINITIONAL_REPRESENTATION('',(#2670),#2687);
#2670 = B_SPLINE_CURVE_WITH_KNOTS('',8,(#2671,#2672,#2673,#2674,#2675,
    #2676,#2677,#2678,#2679,#2680,#2681,#2682,#2683,#2684,#2685,#2686),
  .UNSPECIFIED.,.F.,.F.,(9,7,9),(1.570796326795,3.14159265359,
    4.712388980385),.UNSPECIFIED.);
#2671 = CARTESIAN_POINT('',(1.570796326795,152.4));
#2672 = CARTESIAN_POINT('',(1.767145867644,151.4648853117));
#2673 = CARTESIAN_POINT('',(1.96349540849,150.52977040125));
#2674 = CARTESIAN_POINT('',(2.159844949352,149.64959309337));
#2675 = CARTESIAN_POINT('',(2.356194490178,148.8792801998));
#2676 = CARTESIAN_POINT('',(2.552544031053,148.26701655416));
#2677 = CARTESIAN_POINT('',(2.748893571888,147.84733944549));
#2678 = CARTESIAN_POINT('',(2.94524311274,147.6375));
#2679 = CARTESIAN_POINT('',(3.337942194439,147.6375));
#2680 = CARTESIAN_POINT('',(3.534291735287,147.84733944548));
#2681 = CARTESIAN_POINT('',(3.73064127613,148.26701655447));
#2682 = CARTESIAN_POINT('',(3.926990816975,148.87928019941));
#2683 = CARTESIAN_POINT('',(4.123340357832,149.64959309364));
#2684 = CARTESIAN_POINT('',(4.319689898683,150.52977040123));
#2685 = CARTESIAN_POINT('',(4.516039439535,151.4648853117));
#2686 = CARTESIAN_POINT('',(4.712388980385,152.4));
#2687 = ( GEOMETRIC_REPRESENTATION_CONTEXT(2) 
PARAMETRIC_REPRESENTATION_CONTEXT() REPRESENTATION_CONTEXT('2D SPACE',''
  ) );
#2688 = ORIENTED_EDGE('',*,*,#2689,.T.);
#2689 = EDGE_CURVE('',#2635,#2690,#2692,.T.);
#2690 = VERTEX_POINT('',#2691);
#2691 = CARTESIAN_POINT('',(4.7625,0.,71.4375));
#2692 = SURFACE_CURVE('',#2693,(#2698,#2711),.PCURVE_S1.);
#2693 = ELLIPSE('',#2694,6.735192090802,4.7625);
#2694 = AXIS2_PLACEMENT_3D('',#2695,#2696,#2697);
#2695 = CARTESIAN_POINT('',(0.,0.,76.2));
#2696 = DIRECTION('',(0.707106781187,0.,0.707106781187));
#2697 = DIRECTION('',(-0.707106781187,0.,0.707106781187));
#2698 = PCURVE('',#341,#2699);
#2699 = DEFINITIONAL_REPRESENTATION('',(#2700),#2710);
#2700 = B_SPLINE_CURVE_WITH_KNOTS('',8,(#2701,#2702,#2703,#2704,#2705,
    #2706,#2707,#2708,#2709),.UNSPECIFIED.,.F.,.F.,(9,9),(1.570796326795
    ,3.14159265359),.PIECEWISE_BEZIER_KNOTS.);
#2701 = CARTESIAN_POINT('',(1.570796326795,114.3));
#2702 = CARTESIAN_POINT('',(1.767145867644,115.23511468829));
#2703 = CARTESIAN_POINT('',(1.963495408494,116.17022959855));
#2704 = CARTESIAN_POINT('',(2.159844949336,117.05040690639));
#2705 = CARTESIAN_POINT('',(2.3561944902,117.8207197994));
#2706 = CARTESIAN_POINT('',(2.552544031036,118.43298344541));
#2707 = CARTESIAN_POINT('',(2.748893571892,118.85266055433));
#2708 = CARTESIAN_POINT('',(2.94524311274,119.0625));
#2709 = CARTESIAN_POINT('',(3.14159265359,119.0625));
#2710 = ( GEOMETRIC_REPRESENTATION_CONTEXT(2) 
PARAMETRIC_REPRESENTATION_CONTEXT() REPRESENTATION_CONTEXT('2D SPACE',''
  ) );
#2711 = PCURVE('',#2664,#2712);
#2712 = DEFINITIONAL_REPRESENTATION('',(#2713),#2723);
#2713 = B_SPLINE_CURVE_WITH_KNOTS('',8,(#2714,#2715,#2716,#2717,#2718,
    #2719,#2720,#2721,#2722),.UNSPECIFIED.,.F.,.F.,(9,9),(1.570796326795
    ,3.14159265359),.PIECEWISE_BEZIER_KNOTS.);
#2714 = CARTESIAN_POINT('',(4.712388980385,152.4));
#2715 = CARTESIAN_POINT('',(4.908738521234,151.4648853117));
#2716 = CARTESIAN_POINT('',(5.105088062082,150.52977040125));
#2717 = CARTESIAN_POINT('',(5.301437602924,149.64959309337));
#2718 = CARTESIAN_POINT('',(5.497787143794,148.8792801998));
#2719 = CARTESIAN_POINT('',(5.694136684619,148.26701655416));
#2720 = CARTESIAN_POINT('',(5.890486225481,147.84733944549));
#2721 = CARTESIAN_POINT('',(6.08683576633,147.6375));
#2722 = CARTESIAN_POINT('',(6.28318530718,147.6375));
#2723 = ( GEOMETRIC_REPRESENTATION_CONTEXT(2) 
PARAMETRIC_REPRESENTATION_CONTEXT() REPRESENTATION_CONTEXT('2D SPACE',''
  ) );
#2724 = ORIENTED_EDGE('',*,*,#2725,.T.);
#2725 = EDGE_CURVE('',#2690,#2633,#2726,.T.);
#2726 = SURFACE_CURVE('',#2727,(#2732,#2745),.PCURVE_S1.);
#2727 = ELLIPSE('',#2728,6.735192090802,4.7625);
#2728 = AXIS2_PLACEMENT_3D('',#2729,#2730,#2731);
#2729 = CARTESIAN_POINT('',(0.,0.,76.2));
#2730 = DIRECTION('',(0.707106781187,0.,0.707106781187));
#2731 = DIRECTION('',(-0.707106781187,0.,0.707106781187));
#2732 = PCURVE('',#341,#2733);
#2733 = DEFINITIONAL_REPRESENTATION('',(#2734),#2744);
#2734 = B_SPLINE_CURVE_WITH_KNOTS('',8,(#2735,#2736,#2737,#2738,#2739,
    #2740,#2741,#2742,#2743),.UNSPECIFIED.,.F.,.F.,(9,9),(3.14159265359,
    4.712388980385),.PIECEWISE_BEZIER_KNOTS.);
#2735 = CARTESIAN_POINT('',(3.14159265359,119.0625));
#2736 = CARTESIAN_POINT('',(3.337942194439,119.0625));
#2737 = CARTESIAN_POINT('',(3.53429173529,118.85266055426));
#2738 = CARTESIAN_POINT('',(3.730641276125,118.43298344602));
#2739 = CARTESIAN_POINT('',(3.926990816999,117.82071979872));
#2740 = CARTESIAN_POINT('',(4.123340357819,117.05040690667));
#2741 = CARTESIAN_POINT('',(4.319689898688,116.17022959846));
#2742 = CARTESIAN_POINT('',(4.516039439535,115.23511468829));
#2743 = CARTESIAN_POINT('',(4.712388980385,114.3));
#2744 = ( GEOMETRIC_REPRESENTATION_CONTEXT(2) 
PARAMETRIC_REPRESENTATION_CONTEXT() REPRESENTATION_CONTEXT('2D SPACE',''
  ) );
#2745 = PCURVE('',#2664,#2746);
#2746 = DEFINITIONAL_REPRESENTATION('',(#2747),#2757);
#2747 = B_SPLINE_CURVE_WITH_KNOTS('',8,(#2748,#2749,#2750,#2751,#2752,
    #2753,#2754,#2755,#2756),.UNSPECIFIED.,.F.,.F.,(9,9),(3.14159265359,
    4.712388980385),.PIECEWISE_BEZIER_KNOTS.);
#2748 = CARTESIAN_POINT('',(-8.881784197001E-16,147.6375));
#2749 = CARTESIAN_POINT('',(0.196349540849,147.6375));
#2750 = CARTESIAN_POINT('',(0.392699081698,147.84733944548));
#2751 = CARTESIAN_POINT('',(0.589048622549,148.26701655447));
#2752 = CARTESIAN_POINT('',(0.785398163392,148.87928019941));
#2753 = CARTESIAN_POINT('',(0.981747704249,149.64959309364));
#2754 = CARTESIAN_POINT('',(1.178097245095,150.52977040123));
#2755 = CARTESIAN_POINT('',(1.374446785946,151.4648853117));
#2756 = CARTESIAN_POINT('',(1.570796326795,152.4));
#2757 = ( GEOMETRIC_REPRESENTATION_CONTEXT(2) 
PARAMETRIC_REPRESENTATION_CONTEXT() REPRESENTATION_CONTEXT('2D SPACE',''
  ) );
#2758 = FACE_BOUND('',#2759,.T.);
#2759 = EDGE_LOOP('',(#2760,#2817,#2853));
#2760 = ORIENTED_EDGE('',*,*,#2761,.T.);
#2761 = EDGE_CURVE('',#2762,#2764,#2766,.T.);
#2762 = VERTEX_POINT('',#2763);
#2763 = CARTESIAN_POINT('',(57.15,4.7625,76.2));
#2764 = VERTEX_POINT('',#2765);
#2765 = CARTESIAN_POINT('',(57.15,-4.7625,76.2));
#2766 = SURFACE_CURVE('',#2767,(#2772,#2792),.PCURVE_S1.);
#2767 = ELLIPSE('',#2768,6.735192090802,4.7625);
#2768 = AXIS2_PLACEMENT_3D('',#2769,#2770,#2771);
#2769 = CARTESIAN_POINT('',(57.15,0.,76.2));
#2770 = DIRECTION('',(-0.707106781187,0.,0.707106781187));
#2771 = DIRECTION('',(0.707106781187,0.,0.707106781187));
#2772 = PCURVE('',#341,#2773);
#2773 = DEFINITIONAL_REPRESENTATION('',(#2774),#2791);
#2774 = B_SPLINE_CURVE_WITH_KNOTS('',8,(#2775,#2776,#2777,#2778,#2779,
    #2780,#2781,#2782,#2783,#2784,#2785,#2786,#2787,#2788,#2789,#2790),
  .UNSPECIFIED.,.F.,.F.,(9,7,9),(1.570796326795,3.14159265359,
    4.712388980385),.UNSPECIFIED.);
#2775 = CARTESIAN_POINT('',(4.712388980385,171.45));
#2776 = CARTESIAN_POINT('',(4.516039439535,170.5148853117));
#2777 = CARTESIAN_POINT('',(4.319689898685,169.5797704012));
#2778 = CARTESIAN_POINT('',(4.123340357833,168.69959309395));
#2779 = CARTESIAN_POINT('',(3.926990816979,167.92928019951));
#2780 = CARTESIAN_POINT('',(3.730641276131,167.31701655476));
#2781 = CARTESIAN_POINT('',(3.534291735288,166.89733944545));
#2782 = CARTESIAN_POINT('',(3.337942194439,166.6875));
#2783 = CARTESIAN_POINT('',(2.94524311274,166.6875));
#2784 = CARTESIAN_POINT('',(2.74889357189,166.89733944565));
#2785 = CARTESIAN_POINT('',(2.552544031038,167.31701655365));
#2786 = CARTESIAN_POINT('',(2.356194490189,167.9292802004));
#2787 = CARTESIAN_POINT('',(2.159844949343,168.69959309284));
#2788 = CARTESIAN_POINT('',(1.963495408493,169.57977040142));
#2789 = CARTESIAN_POINT('',(1.767145867644,170.5148853117));
#2790 = CARTESIAN_POINT('',(1.570796326795,171.45));
#2791 = ( GEOMETRIC_REPRESENTATION_CONTEXT(2) 
PARAMETRIC_REPRESENTATION_CONTEXT() REPRESENTATION_CONTEXT('2D SPACE',''
  ) );
#2792 = PCURVE('',#2793,#2798);
#2793 = CYLINDRICAL_SURFACE('',#2794,4.7625);
#2794 = AXIS2_PLACEMENT_3D('',#2795,#2796,#2797);
#2795 = CARTESIAN_POINT('',(57.15,0.,-76.2));
#2796 = DIRECTION('',(0.,0.,1.));
#2797 = DIRECTION('',(1.,0.,-0.));
#2798 = DEFINITIONAL_REPRESENTATION('',(#2799),#2816);
#2799 = B_SPLINE_CURVE_WITH_KNOTS('',8,(#2800,#2801,#2802,#2803,#2804,
    #2805,#2806,#2807,#2808,#2809,#2810,#2811,#2812,#2813,#2814,#2815),
  .UNSPECIFIED.,.F.,.F.,(9,7,9),(1.570796326795,3.14159265359,
    4.712388980385),.UNSPECIFIED.);
#2800 = CARTESIAN_POINT('',(1.570796326795,152.4));
#2801 = CARTESIAN_POINT('',(1.767145867644,151.4648853117));
#2802 = CARTESIAN_POINT('',(1.96349540849,150.52977040125));
#2803 = CARTESIAN_POINT('',(2.159844949345,149.64959309337));
#2804 = CARTESIAN_POINT('',(2.356194490178,148.8792801998));
#2805 = CARTESIAN_POINT('',(2.552544031045,148.26701655416));
#2806 = CARTESIAN_POINT('',(2.748893571888,147.84733944549));
#2807 = CARTESIAN_POINT('',(2.94524311274,147.6375));
#2808 = CARTESIAN_POINT('',(3.337942194439,147.6375));
#2809 = CARTESIAN_POINT('',(3.534291735284,147.84733944548));
#2810 = CARTESIAN_POINT('',(3.730641276142,148.26701655447));
#2811 = CARTESIAN_POINT('',(3.926990816965,148.87928019941));
#2812 = CARTESIAN_POINT('',(4.123340357844,149.64959309364));
#2813 = CARTESIAN_POINT('',(4.319689898681,150.52977040123));
#2814 = CARTESIAN_POINT('',(4.516039439535,151.4648853117));
#2815 = CARTESIAN_POINT('',(4.712388980385,152.4));
#2816 = ( GEOMETRIC_REPRESENTATION_CONTEXT(2) 
PARAMETRIC_REPRESENTATION_CONTEXT() REPRESENTATION_CONTEXT('2D SPACE',''
  ) );
#2817 = ORIENTED_EDGE('',*,*,#2818,.T.);
#2818 = EDGE_CURVE('',#2764,#2819,#2821,.T.);
#2819 = VERTEX_POINT('',#2820);
#2820 = CARTESIAN_POINT('',(61.9125,0.,71.4375));
#2821 = SURFACE_CURVE('',#2822,(#2827,#2840),.PCURVE_S1.);
#2822 = ELLIPSE('',#2823,6.735192090802,4.7625);
#2823 = AXIS2_PLACEMENT_3D('',#2824,#2825,#2826);
#2824 = CARTESIAN_POINT('',(57.15,0.,76.2));
#2825 = DIRECTION('',(0.707106781187,0.,0.707106781187));
#2826 = DIRECTION('',(-0.707106781187,0.,0.707106781187));
#2827 = PCURVE('',#341,#2828);
#2828 = DEFINITIONAL_REPRESENTATION('',(#2829),#2839);
#2829 = B_SPLINE_CURVE_WITH_KNOTS('',8,(#2830,#2831,#2832,#2833,#2834,
    #2835,#2836,#2837,#2838),.UNSPECIFIED.,.F.,.F.,(9,9),(1.570796326795
    ,3.14159265359),.PIECEWISE_BEZIER_KNOTS.);
#2830 = CARTESIAN_POINT('',(1.570796326795,171.45));
#2831 = CARTESIAN_POINT('',(1.767145867644,172.38511468829));
#2832 = CARTESIAN_POINT('',(1.963495408494,173.32022959847));
#2833 = CARTESIAN_POINT('',(2.159844949336,174.20040690653));
#2834 = CARTESIAN_POINT('',(2.3561944902,174.97071979887));
#2835 = CARTESIAN_POINT('',(2.552544031036,175.58298344602));
#2836 = CARTESIAN_POINT('',(2.748893571892,176.00266055419));
#2837 = CARTESIAN_POINT('',(2.94524311274,176.2125));
#2838 = CARTESIAN_POINT('',(3.14159265359,176.2125));
#2839 = ( GEOMETRIC_REPRESENTATION_CONTEXT(2) 
PARAMETRIC_REPRESENTATION_CONTEXT() REPRESENTATION_CONTEXT('2D SPACE',''
  ) );
#2840 = PCURVE('',#2793,#2841);
#2841 = DEFINITIONAL_REPRESENTATION('',(#2842),#2852);
#2842 = B_SPLINE_CURVE_WITH_KNOTS('',8,(#2843,#2844,#2845,#2846,#2847,
    #2848,#2849,#2850,#2851),.UNSPECIFIED.,.F.,.F.,(9,9),(1.570796326795
    ,3.14159265359),.PIECEWISE_BEZIER_KNOTS.);
#2843 = CARTESIAN_POINT('',(4.712388980385,152.4));
#2844 = CARTESIAN_POINT('',(4.908738521234,151.4648853117));
#2845 = CARTESIAN_POINT('',(5.105088062078,150.52977040125));
#2846 = CARTESIAN_POINT('',(5.301437602939,149.64959309337));
#2847 = CARTESIAN_POINT('',(5.497787143751,148.8792801998));
#2848 = CARTESIAN_POINT('',(5.694136684634,148.26701655416));
#2849 = CARTESIAN_POINT('',(5.890486225475,147.84733944549));
#2850 = CARTESIAN_POINT('',(6.08683576633,147.6375));
#2851 = CARTESIAN_POINT('',(6.28318530718,147.6375));
#2852 = ( GEOMETRIC_REPRESENTATION_CONTEXT(2) 
PARAMETRIC_REPRESENTATION_CONTEXT() REPRESENTATION_CONTEXT('2D SPACE',''
  ) );
#2853 = ORIENTED_EDGE('',*,*,#2854,.T.);
#2854 = EDGE_CURVE('',#2819,#2762,#2855,.T.);
#2855 = SURFACE_CURVE('',#2856,(#2861,#2874),.PCURVE_S1.);
#2856 = ELLIPSE('',#2857,6.735192090802,4.7625);
#2857 = AXIS2_PLACEMENT_3D('',#2858,#2859,#2860);
#2858 = CARTESIAN_POINT('',(57.15,0.,76.2));
#2859 = DIRECTION('',(0.707106781187,0.,0.707106781187));
#2860 = DIRECTION('',(-0.707106781187,0.,0.707106781187));
#2861 = PCURVE('',#341,#2862);
#2862 = DEFINITIONAL_REPRESENTATION('',(#2863),#2873);
#2863 = B_SPLINE_CURVE_WITH_KNOTS('',8,(#2864,#2865,#2866,#2867,#2868,
    #2869,#2870,#2871,#2872),.UNSPECIFIED.,.F.,.F.,(9,9),(3.14159265359,
    4.712388980385),.PIECEWISE_BEZIER_KNOTS.);
#2864 = CARTESIAN_POINT('',(3.14159265359,176.2125));
#2865 = CARTESIAN_POINT('',(3.337942194439,176.2125));
#2866 = CARTESIAN_POINT('',(3.53429173529,176.00266055444));
#2867 = CARTESIAN_POINT('',(3.730641276125,175.58298344489));
#2868 = CARTESIAN_POINT('',(3.926990816999,174.97071980048));
#2869 = CARTESIAN_POINT('',(4.123340357819,174.20040690569));
#2870 = CARTESIAN_POINT('',(4.319689898688,173.32022959869));
#2871 = CARTESIAN_POINT('',(4.516039439535,172.38511468829));
#2872 = CARTESIAN_POINT('',(4.712388980385,171.45));
#2873 = ( GEOMETRIC_REPRESENTATION_CONTEXT(2) 
PARAMETRIC_REPRESENTATION_CONTEXT() REPRESENTATION_CONTEXT('2D SPACE',''
  ) );
#2874 = PCURVE('',#2793,#2875);
#2875 = DEFINITIONAL_REPRESENTATION('',(#2876),#2886);
#2876 = B_SPLINE_CURVE_WITH_KNOTS('',8,(#2877,#2878,#2879,#2880,#2881,
    #2882,#2883,#2884,#2885),.UNSPECIFIED.,.F.,.F.,(9,9),(3.14159265359,
    4.712388980385),.PIECEWISE_BEZIER_KNOTS.);
#2877 = CARTESIAN_POINT('',(-8.881784197001E-16,147.6375));
#2878 = CARTESIAN_POINT('',(0.196349540849,147.6375));
#2879 = CARTESIAN_POINT('',(0.392699081698,147.84733944548));
#2880 = CARTESIAN_POINT('',(0.58904862255,148.26701655447));
#2881 = CARTESIAN_POINT('',(0.785398163393,148.87928019941));
#2882 = CARTESIAN_POINT('',(0.981747704247,149.64959309364));
#2883 = CARTESIAN_POINT('',(1.178097245095,150.52977040123));
#2884 = CARTESIAN_POINT('',(1.374446785946,151.4648853117));
#2885 = CARTESIAN_POINT('',(1.570796326795,152.4));
#2886 = ( GEOMETRIC_REPRESENTATION_CONTEXT(2) 
PARAMETRIC_REPRESENTATION_CONTEXT() REPRESENTATION_CONTEXT('2D SPACE',''
  ) );
#2887 = ADVANCED_FACE('',(#2888,#3098),#418,.T.);
#2888 = FACE_BOUND('',#2889,.T.);
#2889 = EDGE_LOOP('',(#2890,#2891,#2892,#2919,#2941,#2963,#2992,#3042,
    #3095,#3096,#3097));
#2890 = ORIENTED_EDGE('',*,*,#2472,.F.);
#2891 = ORIENTED_EDGE('',*,*,#388,.T.);
#2892 = ORIENTED_EDGE('',*,*,#2893,.T.);
#2893 = EDGE_CURVE('',#360,#2253,#2894,.T.);
#2894 = SURFACE_CURVE('',#2895,(#2900,#2907),.PCURVE_S1.);
#2895 = CIRCLE('',#2896,4.7625);
#2896 = AXIS2_PLACEMENT_3D('',#2897,#2898,#2899);
#2897 = CARTESIAN_POINT('',(-114.3,0.,76.2));
#2898 = DIRECTION('',(0.,1.,0.));
#2899 = DIRECTION('',(0.,-0.,1.));
#2900 = PCURVE('',#418,#2901);
#2901 = DEFINITIONAL_REPRESENTATION('',(#2902),#2906);
#2902 = LINE('',#2903,#2904);
#2903 = CARTESIAN_POINT('',(0.,0.));
#2904 = VECTOR('',#2905,1.);
#2905 = DIRECTION('',(1.,0.));
#2906 = ( GEOMETRIC_REPRESENTATION_CONTEXT(2) 
PARAMETRIC_REPRESENTATION_CONTEXT() REPRESENTATION_CONTEXT('2D SPACE',''
  ) );
#2907 = PCURVE('',#2908,#2913);
#2908 = PLANE('',#2909);
#2909 = AXIS2_PLACEMENT_3D('',#2910,#2911,#2912);
#2910 = CARTESIAN_POINT('',(-114.3,0.,76.2));
#2911 = DIRECTION('',(0.,1.,0.));
#2912 = DIRECTION('',(0.,-0.,1.));
#2913 = DEFINITIONAL_REPRESENTATION('',(#2914),#2918);
#2914 = CIRCLE('',#2915,4.7625);
#2915 = AXIS2_PLACEMENT_2D('',#2916,#2917);
#2916 = CARTESIAN_POINT('',(0.,0.));
#2917 = DIRECTION('',(1.,0.));
#2918 = ( GEOMETRIC_REPRESENTATION_CONTEXT(2) 
PARAMETRIC_REPRESENTATION_CONTEXT() REPRESENTATION_CONTEXT('2D SPACE',''
  ) );
#2919 = ORIENTED_EDGE('',*,*,#2920,.T.);
#2920 = EDGE_CURVE('',#2253,#2921,#2923,.T.);
#2921 = VERTEX_POINT('',#2922);
#2922 = CARTESIAN_POINT('',(-114.3,50.8,80.9625));
#2923 = SEAM_CURVE('',#2924,(#2928,#2935),.PCURVE_S1.);
#2924 = LINE('',#2925,#2926);
#2925 = CARTESIAN_POINT('',(-114.3,0.,80.9625));
#2926 = VECTOR('',#2927,1.);
#2927 = DIRECTION('',(0.,1.,0.));
#2928 = PCURVE('',#418,#2929);
#2929 = DEFINITIONAL_REPRESENTATION('',(#2930),#2934);
#2930 = LINE('',#2931,#2932);
#2931 = CARTESIAN_POINT('',(0.,0.));
#2932 = VECTOR('',#2933,1.);
#2933 = DIRECTION('',(0.,1.));
#2934 = ( GEOMETRIC_REPRESENTATION_CONTEXT(2) 
PARAMETRIC_REPRESENTATION_CONTEXT() REPRESENTATION_CONTEXT('2D SPACE',''
  ) );
#2935 = PCURVE('',#418,#2936);
#2936 = DEFINITIONAL_REPRESENTATION('',(#2937),#2940);
#2937 = B_SPLINE_CURVE_WITH_KNOTS('',1,(#2938,#2939),.UNSPECIFIED.,.F.,
  .F.,(2,2),(0.,101.6),.PIECEWISE_BEZIER_KNOTS.);
#2938 = CARTESIAN_POINT('',(6.28318530718,0.));
#2939 = CARTESIAN_POINT('',(6.28318530718,101.6));
#2940 = ( GEOMETRIC_REPRESENTATION_CONTEXT(2) 
PARAMETRIC_REPRESENTATION_CONTEXT() REPRESENTATION_CONTEXT('2D SPACE',''
  ) );
#2941 = ORIENTED_EDGE('',*,*,#2942,.T.);
#2942 = EDGE_CURVE('',#2921,#2943,#2945,.T.);
#2943 = VERTEX_POINT('',#2944);
#2944 = CARTESIAN_POINT('',(-114.3,101.6,80.9625));
#2945 = SEAM_CURVE('',#2946,(#2950,#2957),.PCURVE_S1.);
#2946 = LINE('',#2947,#2948);
#2947 = CARTESIAN_POINT('',(-114.3,0.,80.9625));
#2948 = VECTOR('',#2949,1.);
#2949 = DIRECTION('',(0.,1.,0.));
#2950 = PCURVE('',#418,#2951);
#2951 = DEFINITIONAL_REPRESENTATION('',(#2952),#2956);
#2952 = LINE('',#2953,#2954);
#2953 = CARTESIAN_POINT('',(0.,0.));
#2954 = VECTOR('',#2955,1.);
#2955 = DIRECTION('',(0.,1.));
#2956 = ( GEOMETRIC_REPRESENTATION_CONTEXT(2) 
PARAMETRIC_REPRESENTATION_CONTEXT() REPRESENTATION_CONTEXT('2D SPACE',''
  ) );
#2957 = PCURVE('',#418,#2958);
#2958 = DEFINITIONAL_REPRESENTATION('',(#2959),#2962);
#2959 = B_SPLINE_CURVE_WITH_KNOTS('',1,(#2960,#2961),.UNSPECIFIED.,.F.,
  .F.,(2,2),(0.,101.6),.PIECEWISE_BEZIER_KNOTS.);
#2960 = CARTESIAN_POINT('',(6.28318530718,0.));
#2961 = CARTESIAN_POINT('',(6.28318530718,101.6));
#2962 = ( GEOMETRIC_REPRESENTATION_CONTEXT(2) 
PARAMETRIC_REPRESENTATION_CONTEXT() REPRESENTATION_CONTEXT('2D SPACE',''
  ) );
#2963 = ORIENTED_EDGE('',*,*,#2964,.F.);
#2964 = EDGE_CURVE('',#2965,#2943,#2967,.T.);
#2965 = VERTEX_POINT('',#2966);
#2966 = CARTESIAN_POINT('',(-119.0625,101.6,76.2));
#2967 = SURFACE_CURVE('',#2968,(#2973,#2980),.PCURVE_S1.);
#2968 = CIRCLE('',#2969,4.7625);
#2969 = AXIS2_PLACEMENT_3D('',#2970,#2971,#2972);
#2970 = CARTESIAN_POINT('',(-114.3,101.6,76.2));
#2971 = DIRECTION('',(0.,1.,0.));
#2972 = DIRECTION('',(0.,-0.,1.));
#2973 = PCURVE('',#418,#2974);
#2974 = DEFINITIONAL_REPRESENTATION('',(#2975),#2979);
#2975 = LINE('',#2976,#2977);
#2976 = CARTESIAN_POINT('',(0.,101.6));
#2977 = VECTOR('',#2978,1.);
#2978 = DIRECTION('',(1.,0.));
#2979 = ( GEOMETRIC_REPRESENTATION_CONTEXT(2) 
PARAMETRIC_REPRESENTATION_CONTEXT() REPRESENTATION_CONTEXT('2D SPACE',''
  ) );
#2980 = PCURVE('',#2981,#2986);
#2981 = PLANE('',#2982);
#2982 = AXIS2_PLACEMENT_3D('',#2983,#2984,#2985);
#2983 = CARTESIAN_POINT('',(-114.3,101.6,76.2));
#2984 = DIRECTION('',(0.,1.,0.));
#2985 = DIRECTION('',(0.,-0.,1.));
#2986 = DEFINITIONAL_REPRESENTATION('',(#2987),#2991);
#2987 = CIRCLE('',#2988,4.7625);
#2988 = AXIS2_PLACEMENT_2D('',#2989,#2990);
#2989 = CARTESIAN_POINT('',(0.,0.));
#2990 = DIRECTION('',(1.,0.));
#2991 = ( GEOMETRIC_REPRESENTATION_CONTEXT(2) 
PARAMETRIC_REPRESENTATION_CONTEXT() REPRESENTATION_CONTEXT('2D SPACE',''
  ) );
#2992 = ORIENTED_EDGE('',*,*,#2993,.F.);
#2993 = EDGE_CURVE('',#2994,#2965,#2996,.T.);
#2994 = VERTEX_POINT('',#2995);
#2995 = CARTESIAN_POINT('',(-110.9324039545,98.232403954599,
    72.832403954599));
#2996 = SURFACE_CURVE('',#2997,(#3002,#3022),.PCURVE_S1.);
#2997 = ELLIPSE('',#2998,6.735192090802,4.7625);
#2998 = AXIS2_PLACEMENT_3D('',#2999,#3000,#3001);
#2999 = CARTESIAN_POINT('',(-114.3,101.6,76.2));
#3000 = DIRECTION('',(0.,0.707106781187,-0.707106781187));
#3001 = DIRECTION('',(0.,0.707106781187,0.707106781187));
#3002 = PCURVE('',#418,#3003);
#3003 = DEFINITIONAL_REPRESENTATION('',(#3004),#3021);
#3004 = B_SPLINE_CURVE_WITH_KNOTS('',8,(#3005,#3006,#3007,#3008,#3009,
    #3010,#3011,#3012,#3013,#3014,#3015,#3016,#3017,#3018,#3019,#3020),
  .UNSPECIFIED.,.F.,.F.,(9,7,9),(1.570796326795,3.14159265359,
    4.712388980385),.UNSPECIFIED.);
#3005 = CARTESIAN_POINT('',(1.570796326795,101.6));
#3006 = CARTESIAN_POINT('',(1.767145867644,100.6648853117));
#3007 = CARTESIAN_POINT('',(1.963495408492,99.729770401346));
#3008 = CARTESIAN_POINT('',(2.159844949341,98.849593093431));
#3009 = CARTESIAN_POINT('',(2.356194490185,98.079280199949));
#3010 = CARTESIAN_POINT('',(2.552544031042,97.46701655431));
#3011 = CARTESIAN_POINT('',(2.74889357189,97.047339445593));
#3012 = CARTESIAN_POINT('',(2.94524311274,96.8375));
#3013 = CARTESIAN_POINT('',(3.337942194439,96.8375));
#3014 = CARTESIAN_POINT('',(3.534291735284,97.04733944558));
#3015 = CARTESIAN_POINT('',(3.730641276133,97.467016554196));
#3016 = CARTESIAN_POINT('',(3.92699081697,98.079280200091));
#3017 = CARTESIAN_POINT('',(4.123340357835,98.849593093444));
#3018 = CARTESIAN_POINT('',(4.319689898682,99.729770401317));
#3019 = CARTESIAN_POINT('',(4.516039439535,100.6648853117));
#3020 = CARTESIAN_POINT('',(4.712388980385,101.6));
#3021 = ( GEOMETRIC_REPRESENTATION_CONTEXT(2) 
PARAMETRIC_REPRESENTATION_CONTEXT() REPRESENTATION_CONTEXT('2D SPACE',''
  ) );
#3022 = PCURVE('',#952,#3023);
#3023 = DEFINITIONAL_REPRESENTATION('',(#3024),#3041);
#3024 = B_SPLINE_CURVE_WITH_KNOTS('',8,(#3025,#3026,#3027,#3028,#3029,
    #3030,#3031,#3032,#3033,#3034,#3035,#3036,#3037,#3038,#3039,#3040),
  .UNSPECIFIED.,.F.,.F.,(9,7,9),(1.570796326795,3.14159265359,
    4.712388980385),.UNSPECIFIED.);
#3025 = CARTESIAN_POINT('',(6.28318530718,152.4));
#3026 = CARTESIAN_POINT('',(6.08683576633,151.4648853117));
#3027 = CARTESIAN_POINT('',(5.890486225481,150.52977040125));
#3028 = CARTESIAN_POINT('',(5.694136684635,149.64959309337));
#3029 = CARTESIAN_POINT('',(5.49778714378,148.8792801998));
#3030 = CARTESIAN_POINT('',(5.301437602936,148.26701655416));
#3031 = CARTESIAN_POINT('',(5.105088062083,147.84733944549));
#3032 = CARTESIAN_POINT('',(4.908738521234,147.6375));
#3033 = CARTESIAN_POINT('',(4.516039439535,147.6375));
#3034 = CARTESIAN_POINT('',(4.319689898688,147.84733944548));
#3035 = CARTESIAN_POINT('',(4.123340357835,148.26701655447));
#3036 = CARTESIAN_POINT('',(3.926990816997,148.87928019941));
#3037 = CARTESIAN_POINT('',(3.730641276135,149.64959309364));
#3038 = CARTESIAN_POINT('',(3.53429173529,150.52977040123));
#3039 = CARTESIAN_POINT('',(3.337942194439,151.4648853117));
#3040 = CARTESIAN_POINT('',(3.14159265359,152.4));
#3041 = ( GEOMETRIC_REPRESENTATION_CONTEXT(2) 
PARAMETRIC_REPRESENTATION_CONTEXT() REPRESENTATION_CONTEXT('2D SPACE',''
  ) );
#3042 = ORIENTED_EDGE('',*,*,#3043,.F.);
#3043 = EDGE_CURVE('',#2943,#2994,#3044,.T.);
#3044 = SURFACE_CURVE('',#3045,(#3050,#3070),.PCURVE_S1.);
#3045 = ELLIPSE('',#3046,6.735192090802,4.7625);
#3046 = AXIS2_PLACEMENT_3D('',#3047,#3048,#3049);
#3047 = CARTESIAN_POINT('',(-114.3,101.6,76.2));
#3048 = DIRECTION('',(0.707106781187,0.707106781187,0.));
#3049 = DIRECTION('',(-0.707106781187,0.707106781187,0.));
#3050 = PCURVE('',#418,#3051);
#3051 = DEFINITIONAL_REPRESENTATION('',(#3052),#3069);
#3052 = B_SPLINE_CURVE_WITH_KNOTS('',8,(#3053,#3054,#3055,#3056,#3057,
    #3058,#3059,#3060,#3061,#3062,#3063,#3064,#3065,#3066,#3067,#3068),
  .UNSPECIFIED.,.F.,.F.,(9,7,9),(1.570796326795,3.14159265359,
    4.712388980385),.UNSPECIFIED.);
#3053 = CARTESIAN_POINT('',(0.,101.6));
#3054 = CARTESIAN_POINT('',(0.196349540849,100.6648853117));
#3055 = CARTESIAN_POINT('',(0.392699081698,99.729770401346));
#3056 = CARTESIAN_POINT('',(0.589048622548,98.849593093431));
#3057 = CARTESIAN_POINT('',(0.785398163394,98.079280199949));
#3058 = CARTESIAN_POINT('',(0.981747704247,97.46701655431));
#3059 = CARTESIAN_POINT('',(1.178097245095,97.047339445593));
#3060 = CARTESIAN_POINT('',(1.374446785946,96.8375));
#3061 = CARTESIAN_POINT('',(1.767145867644,96.8375));
#3062 = CARTESIAN_POINT('',(1.96349540849,97.04733944558));
#3063 = CARTESIAN_POINT('',(2.159844949352,97.467016554196));
#3064 = CARTESIAN_POINT('',(2.356194490175,98.079280200091));
#3065 = CARTESIAN_POINT('',(2.552544031049,98.849593093444));
#3066 = CARTESIAN_POINT('',(2.748893571888,99.729770401317));
#3067 = CARTESIAN_POINT('',(2.94524311274,100.6648853117));
#3068 = CARTESIAN_POINT('',(3.14159265359,101.6));
#3069 = ( GEOMETRIC_REPRESENTATION_CONTEXT(2) 
PARAMETRIC_REPRESENTATION_CONTEXT() REPRESENTATION_CONTEXT('2D SPACE',''
  ) );
#3070 = PCURVE('',#3071,#3076);
#3071 = CYLINDRICAL_SURFACE('',#3072,4.7625);
#3072 = AXIS2_PLACEMENT_3D('',#3073,#3074,#3075);
#3073 = CARTESIAN_POINT('',(-114.3,101.6,76.2));
#3074 = DIRECTION('',(1.,0.,0.));
#3075 = DIRECTION('',(0.,0.,1.));
#3076 = DEFINITIONAL_REPRESENTATION('',(#3077),#3094);
#3077 = B_SPLINE_CURVE_WITH_KNOTS('',8,(#3078,#3079,#3080,#3081,#3082,
    #3083,#3084,#3085,#3086,#3087,#3088,#3089,#3090,#3091,#3092,#3093),
  .UNSPECIFIED.,.F.,.F.,(9,7,9),(1.570796326795,3.14159265359,
    4.712388980385),.UNSPECIFIED.);
#3078 = CARTESIAN_POINT('',(0.,0.));
#3079 = CARTESIAN_POINT('',(0.196349540849,0.935114688295));
#3080 = CARTESIAN_POINT('',(0.392699081698,1.870229598614));
#3081 = CARTESIAN_POINT('',(0.589048622548,2.750406906515));
#3082 = CARTESIAN_POINT('',(0.785398163394,3.520719799624));
#3083 = CARTESIAN_POINT('',(0.981747704247,4.132983445693));
#3084 = CARTESIAN_POINT('',(1.178097245095,4.552660554364));
#3085 = CARTESIAN_POINT('',(1.374446785946,4.7625));
#3086 = CARTESIAN_POINT('',(1.767145867644,4.7625));
#3087 = CARTESIAN_POINT('',(1.96349540849,4.552660554363));
#3088 = CARTESIAN_POINT('',(2.159844949352,4.132983445694));
#3089 = CARTESIAN_POINT('',(2.356194490175,3.520719799609));
#3090 = CARTESIAN_POINT('',(2.552544031049,2.750406906516));
#3091 = CARTESIAN_POINT('',(2.748893571888,1.870229598614));
#3092 = CARTESIAN_POINT('',(2.94524311274,0.935114688295));
#3093 = CARTESIAN_POINT('',(3.14159265359,0.));
#3094 = ( GEOMETRIC_REPRESENTATION_CONTEXT(2) 
PARAMETRIC_REPRESENTATION_CONTEXT() REPRESENTATION_CONTEXT('2D SPACE',''
  ) );
#3095 = ORIENTED_EDGE('',*,*,#2942,.F.);
#3096 = ORIENTED_EDGE('',*,*,#2920,.F.);
#3097 = ORIENTED_EDGE('',*,*,#2250,.F.);
#3098 = FACE_BOUND('',#3099,.T.);
#3099 = EDGE_LOOP('',(#3100,#3155,#3191));
#3100 = ORIENTED_EDGE('',*,*,#3101,.F.);
#3101 = EDGE_CURVE('',#2921,#3102,#3104,.T.);
#3102 = VERTEX_POINT('',#3103);
#3103 = CARTESIAN_POINT('',(-114.3,50.799998574464,71.4375));
#3104 = SURFACE_CURVE('',#3105,(#3110,#3130),.PCURVE_S1.);
#3105 = ELLIPSE('',#3106,6.735192090802,4.7625);
#3106 = AXIS2_PLACEMENT_3D('',#3107,#3108,#3109);
#3107 = CARTESIAN_POINT('',(-114.3,50.8,76.2));
#3108 = DIRECTION('',(0.707106781187,0.707106781187,0.));
#3109 = DIRECTION('',(-0.707106781187,0.707106781187,0.));
#3110 = PCURVE('',#418,#3111);
#3111 = DEFINITIONAL_REPRESENTATION('',(#3112),#3129);
#3112 = B_SPLINE_CURVE_WITH_KNOTS('',8,(#3113,#3114,#3115,#3116,#3117,
    #3118,#3119,#3120,#3121,#3122,#3123,#3124,#3125,#3126,#3127,#3128),
  .UNSPECIFIED.,.F.,.F.,(9,7,9),(1.570796326795,3.14159265359,
    4.712388980385),.UNSPECIFIED.);
#3113 = CARTESIAN_POINT('',(0.,50.8));
#3114 = CARTESIAN_POINT('',(0.196349540849,49.864885311705));
#3115 = CARTESIAN_POINT('',(0.392699081698,48.929770401386));
#3116 = CARTESIAN_POINT('',(0.589048622548,48.049593093415));
#3117 = CARTESIAN_POINT('',(0.785398163394,47.279280200373));
#3118 = CARTESIAN_POINT('',(0.981747704247,46.667016554225));
#3119 = CARTESIAN_POINT('',(1.178097245095,46.247339445626));
#3120 = CARTESIAN_POINT('',(1.374446785946,46.0375));
#3121 = CARTESIAN_POINT('',(1.767145867644,46.0375));
#3122 = CARTESIAN_POINT('',(1.96349540849,46.247339445608));
#3123 = CARTESIAN_POINT('',(2.159844949352,46.667016554287));
#3124 = CARTESIAN_POINT('',(2.356194490175,47.27928020033));
#3125 = CARTESIAN_POINT('',(2.552544031049,48.049593093428));
#3126 = CARTESIAN_POINT('',(2.748893571888,48.929770401357));
#3127 = CARTESIAN_POINT('',(2.94524311274,49.864885311705));
#3128 = CARTESIAN_POINT('',(3.14159265359,50.8));
#3129 = ( GEOMETRIC_REPRESENTATION_CONTEXT(2) 
PARAMETRIC_REPRESENTATION_CONTEXT() REPRESENTATION_CONTEXT('2D SPACE',''
  ) );
#3130 = PCURVE('',#3131,#3136);
#3131 = CYLINDRICAL_SURFACE('',#3132,4.7625);
#3132 = AXIS2_PLACEMENT_3D('',#3133,#3134,#3135);
#3133 = CARTESIAN_POINT('',(-114.3,50.8,76.2));
#3134 = DIRECTION('',(1.,0.,0.));
#3135 = DIRECTION('',(0.,0.,1.));
#3136 = DEFINITIONAL_REPRESENTATION('',(#3137),#3154);
#3137 = B_SPLINE_CURVE_WITH_KNOTS('',8,(#3138,#3139,#3140,#3141,#3142,
    #3143,#3144,#3145,#3146,#3147,#3148,#3149,#3150,#3151,#3152,#3153),
  .UNSPECIFIED.,.F.,.F.,(9,7,9),(1.570796326795,3.14159265359,
    4.712388980385),.UNSPECIFIED.);
#3138 = CARTESIAN_POINT('',(0.,0.));
#3139 = CARTESIAN_POINT('',(0.196349540849,0.935114688295));
#3140 = CARTESIAN_POINT('',(0.392699081698,1.870229598614));
#3141 = CARTESIAN_POINT('',(0.589048622547,2.750406906515));
#3142 = CARTESIAN_POINT('',(0.785398163396,3.520719799624));
#3143 = CARTESIAN_POINT('',(0.981747704246,4.132983445693));
#3144 = CARTESIAN_POINT('',(1.178097245096,4.552660554364));
#3145 = CARTESIAN_POINT('',(1.374446785946,4.7625));
#3146 = CARTESIAN_POINT('',(1.767145867644,4.7625));
#3147 = CARTESIAN_POINT('',(1.963495408494,4.552660554363));
#3148 = CARTESIAN_POINT('',(2.159844949341,4.132983445694));
#3149 = CARTESIAN_POINT('',(2.356194490197,3.520719799609));
#3150 = CARTESIAN_POINT('',(2.552544031038,2.750406906516));
#3151 = CARTESIAN_POINT('',(2.748893571891,1.870229598614));
#3152 = CARTESIAN_POINT('',(2.94524311274,0.935114688295));
#3153 = CARTESIAN_POINT('',(3.14159265359,0.));
#3154 = ( GEOMETRIC_REPRESENTATION_CONTEXT(2) 
PARAMETRIC_REPRESENTATION_CONTEXT() REPRESENTATION_CONTEXT('2D SPACE',''
  ) );
#3155 = ORIENTED_EDGE('',*,*,#3156,.T.);
#3156 = EDGE_CURVE('',#2921,#3157,#3159,.T.);
#3157 = VERTEX_POINT('',#3158);
#3158 = CARTESIAN_POINT('',(-109.5375,55.5625,76.2));
#3159 = SURFACE_CURVE('',#3160,(#3165,#3178),.PCURVE_S1.);
#3160 = ELLIPSE('',#3161,6.735192090802,4.7625);
#3161 = AXIS2_PLACEMENT_3D('',#3162,#3163,#3164);
#3162 = CARTESIAN_POINT('',(-114.3,50.8,76.2));
#3163 = DIRECTION('',(-0.707106781187,0.707106781187,0.));
#3164 = DIRECTION('',(0.707106781187,0.707106781187,0.));
#3165 = PCURVE('',#418,#3166);
#3166 = DEFINITIONAL_REPRESENTATION('',(#3167),#3177);
#3167 = B_SPLINE_CURVE_WITH_KNOTS('',8,(#3168,#3169,#3170,#3171,#3172,
    #3173,#3174,#3175,#3176),.UNSPECIFIED.,.F.,.F.,(9,9),(4.712388980385
    ,6.28318530718),.PIECEWISE_BEZIER_KNOTS.);
#3168 = CARTESIAN_POINT('',(0.,50.8));
#3169 = CARTESIAN_POINT('',(0.196349540849,51.735114688295));
#3170 = CARTESIAN_POINT('',(0.392699081699,52.670229598598));
#3171 = CARTESIAN_POINT('',(0.589048622547,53.550406906445));
#3172 = CARTESIAN_POINT('',(0.785398163396,54.32071979957));
#3173 = CARTESIAN_POINT('',(0.981747704245,54.932983445521));
#3174 = CARTESIAN_POINT('',(1.178097245096,55.352660554365));
#3175 = CARTESIAN_POINT('',(1.374446785946,55.5625));
#3176 = CARTESIAN_POINT('',(1.570796326795,55.5625));
#3177 = ( GEOMETRIC_REPRESENTATION_CONTEXT(2) 
PARAMETRIC_REPRESENTATION_CONTEXT() REPRESENTATION_CONTEXT('2D SPACE',''
  ) );
#3178 = PCURVE('',#3131,#3179);
#3179 = DEFINITIONAL_REPRESENTATION('',(#3180),#3190);
#3180 = B_SPLINE_CURVE_WITH_KNOTS('',8,(#3181,#3182,#3183,#3184,#3185,
    #3186,#3187,#3188,#3189),.UNSPECIFIED.,.F.,.F.,(9,9),(4.712388980385
    ,6.28318530718),.PIECEWISE_BEZIER_KNOTS.);
#3181 = CARTESIAN_POINT('',(6.28318530718,0.));
#3182 = CARTESIAN_POINT('',(6.08683576633,0.935114688295));
#3183 = CARTESIAN_POINT('',(5.890486225481,1.870229598614));
#3184 = CARTESIAN_POINT('',(5.694136684631,2.750406906515));
#3185 = CARTESIAN_POINT('',(5.497787143786,3.520719799624));
#3186 = CARTESIAN_POINT('',(5.301437602932,4.132983445693));
#3187 = CARTESIAN_POINT('',(5.105088062084,4.552660554364));
#3188 = CARTESIAN_POINT('',(4.908738521234,4.7625));
#3189 = CARTESIAN_POINT('',(4.712388980385,4.7625));
#3190 = ( GEOMETRIC_REPRESENTATION_CONTEXT(2) 
PARAMETRIC_REPRESENTATION_CONTEXT() REPRESENTATION_CONTEXT('2D SPACE',''
  ) );
#3191 = ORIENTED_EDGE('',*,*,#3192,.T.);
#3192 = EDGE_CURVE('',#3157,#3102,#3193,.T.);
#3193 = SURFACE_CURVE('',#3194,(#3199,#3212),.PCURVE_S1.);
#3194 = ELLIPSE('',#3195,6.735192090802,4.7625);
#3195 = AXIS2_PLACEMENT_3D('',#3196,#3197,#3198);
#3196 = CARTESIAN_POINT('',(-114.3,50.8,76.2));
#3197 = DIRECTION('',(-0.707106781187,0.707106781187,0.));
#3198 = DIRECTION('',(0.707106781187,0.707106781187,0.));
#3199 = PCURVE('',#418,#3200);
#3200 = DEFINITIONAL_REPRESENTATION('',(#3201),#3211);
#3201 = B_SPLINE_CURVE_WITH_KNOTS('',8,(#3202,#3203,#3204,#3205,#3206,
    #3207,#3208,#3209,#3210),.UNSPECIFIED.,.F.,.F.,(9,9),(0.,
    1.570796326795),.PIECEWISE_BEZIER_KNOTS.);
#3202 = CARTESIAN_POINT('',(1.570796326795,55.5625));
#3203 = CARTESIAN_POINT('',(1.767145867644,55.5625));
#3204 = CARTESIAN_POINT('',(1.963495408492,55.352660554294));
#3205 = CARTESIAN_POINT('',(2.159844949342,54.932983445789));
#3206 = CARTESIAN_POINT('',(2.356194490186,54.320719799189));
#3207 = CARTESIAN_POINT('',(2.552544031042,53.550406906646));
#3208 = CARTESIAN_POINT('',(2.748893571889,52.67022959854));
#3209 = CARTESIAN_POINT('',(2.94524311274,51.735114688295));
#3210 = CARTESIAN_POINT('',(3.14159265359,50.8));
#3211 = ( GEOMETRIC_REPRESENTATION_CONTEXT(2) 
PARAMETRIC_REPRESENTATION_CONTEXT() REPRESENTATION_CONTEXT('2D SPACE',''
  ) );
#3212 = PCURVE('',#3131,#3213);
#3213 = DEFINITIONAL_REPRESENTATION('',(#3214),#3224);
#3214 = B_SPLINE_CURVE_WITH_KNOTS('',8,(#3215,#3216,#3217,#3218,#3219,
    #3220,#3221,#3222,#3223),.UNSPECIFIED.,.F.,.F.,(9,9),(0.,
    1.570796326795),.PIECEWISE_BEZIER_KNOTS.);
#3215 = CARTESIAN_POINT('',(4.712388980385,4.7625));
#3216 = CARTESIAN_POINT('',(4.516039439535,4.7625));
#3217 = CARTESIAN_POINT('',(4.319689898686,4.552660554361));
#3218 = CARTESIAN_POINT('',(4.123340357829,4.1329834457));
#3219 = CARTESIAN_POINT('',(3.926990816986,3.520719799599));
#3220 = CARTESIAN_POINT('',(3.730641276128,2.750406906521));
#3221 = CARTESIAN_POINT('',(3.534291735289,1.870229598612));
#3222 = CARTESIAN_POINT('',(3.337942194439,0.935114688295));
#3223 = CARTESIAN_POINT('',(3.14159265359,0.));
#3224 = ( GEOMETRIC_REPRESENTATION_CONTEXT(2) 
PARAMETRIC_REPRESENTATION_CONTEXT() REPRESENTATION_CONTEXT('2D SPACE',''
  ) );
#3225 = ADVANCED_FACE('',(#3226),#376,.T.);
#3226 = FACE_BOUND('',#3227,.T.);
#3227 = EDGE_LOOP('',(#3228,#3229,#3250));
#3228 = ORIENTED_EDGE('',*,*,#359,.T.);
#3229 = ORIENTED_EDGE('',*,*,#3230,.T.);
#3230 = EDGE_CURVE('',#319,#3231,#3233,.T.);
#3231 = VERTEX_POINT('',#3232);
#3232 = CARTESIAN_POINT('',(-114.3,0.,76.2));
#3233 = SURFACE_CURVE('',#3234,(#3238,#3244),.PCURVE_S1.);
#3234 = LINE('',#3235,#3236);
#3235 = CARTESIAN_POINT('',(-114.3,0.,76.2));
#3236 = VECTOR('',#3237,1.);
#3237 = DIRECTION('',(0.,1.,0.));
#3238 = PCURVE('',#376,#3239);
#3239 = DEFINITIONAL_REPRESENTATION('',(#3240),#3243);
#3240 = B_SPLINE_CURVE_WITH_KNOTS('',1,(#3241,#3242),.UNSPECIFIED.,.F.,
  .F.,(2,2),(-4.7625,4.7625),.PIECEWISE_BEZIER_KNOTS.);
#3241 = CARTESIAN_POINT('',(-2.84217094304E-14,-4.7625));
#3242 = CARTESIAN_POINT('',(-2.84217094304E-14,4.7625));
#3243 = ( GEOMETRIC_REPRESENTATION_CONTEXT(2) 
PARAMETRIC_REPRESENTATION_CONTEXT() REPRESENTATION_CONTEXT('2D SPACE',''
  ) );
#3244 = PCURVE('',#2458,#3245);
#3245 = DEFINITIONAL_REPRESENTATION('',(#3246),#3249);
#3246 = B_SPLINE_CURVE_WITH_KNOTS('',1,(#3247,#3248),.UNSPECIFIED.,.F.,
  .F.,(2,2),(-4.7625,4.7625),.PIECEWISE_BEZIER_KNOTS.);
#3247 = CARTESIAN_POINT('',(0.,4.7625));
#3248 = CARTESIAN_POINT('',(0.,-4.7625));
#3249 = ( GEOMETRIC_REPRESENTATION_CONTEXT(2) 
PARAMETRIC_REPRESENTATION_CONTEXT() REPRESENTATION_CONTEXT('2D SPACE',''
  ) );
#3250 = ORIENTED_EDGE('',*,*,#3251,.T.);
#3251 = EDGE_CURVE('',#3231,#360,#3252,.T.);
#3252 = SURFACE_CURVE('',#3253,(#3257,#3263),.PCURVE_S1.);
#3253 = LINE('',#3254,#3255);
#3254 = CARTESIAN_POINT('',(-114.3,0.,76.2));
#3255 = VECTOR('',#3256,1.);
#3256 = DIRECTION('',(-1.,0.,0.));
#3257 = PCURVE('',#376,#3258);
#3258 = DEFINITIONAL_REPRESENTATION('',(#3259),#3262);
#3259 = B_SPLINE_CURVE_WITH_KNOTS('',1,(#3260,#3261),.UNSPECIFIED.,.F.,
  .F.,(2,2),(-1.463292493964E-14,4.7625),.PIECEWISE_BEZIER_KNOTS.);
#3260 = CARTESIAN_POINT('',(4.220702244404E-16,7.686657533969E-16));
#3261 = CARTESIAN_POINT('',(-4.7625,7.686657533969E-16));
#3262 = ( GEOMETRIC_REPRESENTATION_CONTEXT(2) 
PARAMETRIC_REPRESENTATION_CONTEXT() REPRESENTATION_CONTEXT('2D SPACE',''
  ) );
#3263 = PCURVE('',#2908,#3264);
#3264 = DEFINITIONAL_REPRESENTATION('',(#3265),#3268);
#3265 = B_SPLINE_CURVE_WITH_KNOTS('',1,(#3266,#3267),.UNSPECIFIED.,.F.,
  .F.,(2,2),(-1.463292493964E-14,4.7625),.PIECEWISE_BEZIER_KNOTS.);
#3266 = CARTESIAN_POINT('',(0.,2.884377965484E-14));
#3267 = CARTESIAN_POINT('',(0.,-4.7625));
#3268 = ( GEOMETRIC_REPRESENTATION_CONTEXT(2) 
PARAMETRIC_REPRESENTATION_CONTEXT() REPRESENTATION_CONTEXT('2D SPACE',''
  ) );
#3269 = ADVANCED_FACE('',(#3270),#774,.F.);
#3270 = FACE_BOUND('',#3271,.F.);
#3271 = EDGE_LOOP('',(#3272,#3291,#3292));
#3272 = ORIENTED_EDGE('',*,*,#3273,.F.);
#3273 = EDGE_CURVE('',#848,#736,#3274,.T.);
#3274 = SURFACE_CURVE('',#3275,(#3279,#3285),.PCURVE_S1.);
#3275 = LINE('',#3276,#3277);
#3276 = CARTESIAN_POINT('',(-114.3,0.,-76.2));
#3277 = VECTOR('',#3278,1.);
#3278 = DIRECTION('',(0.,0.,1.));
#3279 = PCURVE('',#774,#3280);
#3280 = DEFINITIONAL_REPRESENTATION('',(#3281),#3284);
#3281 = B_SPLINE_CURVE_WITH_KNOTS('',1,(#3282,#3283),.UNSPECIFIED.,.F.,
  .F.,(2,2),(-4.7625,2.91619019047E-16),.PIECEWISE_BEZIER_KNOTS.);
#3282 = CARTESIAN_POINT('',(-4.7625,0.));
#3283 = CARTESIAN_POINT('',(2.91619019047E-16,0.));
#3284 = ( GEOMETRIC_REPRESENTATION_CONTEXT(2) 
PARAMETRIC_REPRESENTATION_CONTEXT() REPRESENTATION_CONTEXT('2D SPACE',''
  ) );
#3285 = PCURVE('',#750,#3286);
#3286 = DEFINITIONAL_REPRESENTATION('',(#3287),#3290);
#3287 = B_SPLINE_CURVE_WITH_KNOTS('',1,(#3288,#3289),.UNSPECIFIED.,.F.,
  .F.,(2,2),(-4.7625,2.91619019047E-16),.PIECEWISE_BEZIER_KNOTS.);
#3288 = CARTESIAN_POINT('',(-4.7625,7.686657533969E-16));
#3289 = CARTESIAN_POINT('',(2.91619019047E-16,7.686657533969E-16));
#3290 = ( GEOMETRIC_REPRESENTATION_CONTEXT(2) 
PARAMETRIC_REPRESENTATION_CONTEXT() REPRESENTATION_CONTEXT('2D SPACE',''
  ) );
#3291 = ORIENTED_EDGE('',*,*,#883,.T.);
#3292 = ORIENTED_EDGE('',*,*,#761,.F.);
#3293 = ADVANCED_FACE('',(#3294),#750,.F.);
#3294 = FACE_BOUND('',#3295,.F.);
#3295 = EDGE_LOOP('',(#3296,#3297,#3298));
#3296 = ORIENTED_EDGE('',*,*,#735,.F.);
#3297 = ORIENTED_EDGE('',*,*,#1913,.T.);
#3298 = ORIENTED_EDGE('',*,*,#3273,.T.);
#3299 = ADVANCED_FACE('',(#3300),#952,.T.);
#3300 = FACE_BOUND('',#3301,.T.);
#3301 = EDGE_LOOP('',(#3302,#3338,#3360,#3394,#3395,#3424,#3458,#3459,
    #3495,#3522,#3523));
#3302 = ORIENTED_EDGE('',*,*,#3303,.F.);
#3303 = EDGE_CURVE('',#3304,#1000,#3306,.T.);
#3304 = VERTEX_POINT('',#3305);
#3305 = CARTESIAN_POINT('',(-109.5375,101.6,-71.4375));
#3306 = SURFACE_CURVE('',#3307,(#3312,#3325),.PCURVE_S1.);
#3307 = ELLIPSE('',#3308,6.735192090802,4.7625);
#3308 = AXIS2_PLACEMENT_3D('',#3309,#3310,#3311);
#3309 = CARTESIAN_POINT('',(-114.3,101.6,-76.2));
#3310 = DIRECTION('',(0.707106781187,0.,-0.707106781187));
#3311 = DIRECTION('',(0.707106781187,0.,0.707106781187));
#3312 = PCURVE('',#952,#3313);
#3313 = DEFINITIONAL_REPRESENTATION('',(#3314),#3324);
#3314 = B_SPLINE_CURVE_WITH_KNOTS('',8,(#3315,#3316,#3317,#3318,#3319,
    #3320,#3321,#3322,#3323),.UNSPECIFIED.,.F.,.F.,(9,9),(0.,
    1.570796326795),.PIECEWISE_BEZIER_KNOTS.);
#3315 = CARTESIAN_POINT('',(6.28318530718,4.7625));
#3316 = CARTESIAN_POINT('',(6.08683576633,4.7625));
#3317 = CARTESIAN_POINT('',(5.890486225481,4.552660554361));
#3318 = CARTESIAN_POINT('',(5.694136684634,4.1329834457));
#3319 = CARTESIAN_POINT('',(5.49778714378,3.520719799599));
#3320 = CARTESIAN_POINT('',(5.301437602936,2.750406906521));
#3321 = CARTESIAN_POINT('',(5.105088062083,1.870229598612));
#3322 = CARTESIAN_POINT('',(4.908738521234,0.935114688295));
#3323 = CARTESIAN_POINT('',(4.712388980385,0.));
#3324 = ( GEOMETRIC_REPRESENTATION_CONTEXT(2) 
PARAMETRIC_REPRESENTATION_CONTEXT() REPRESENTATION_CONTEXT('2D SPACE',''
  ) );
#3325 = PCURVE('',#1029,#3326);
#3326 = DEFINITIONAL_REPRESENTATION('',(#3327),#3337);
#3327 = B_SPLINE_CURVE_WITH_KNOTS('',8,(#3328,#3329,#3330,#3331,#3332,
    #3333,#3334,#3335,#3336),.UNSPECIFIED.,.F.,.F.,(9,9),(0.,
    1.570796326795),.PIECEWISE_BEZIER_KNOTS.);
#3328 = CARTESIAN_POINT('',(0.,4.7625));
#3329 = CARTESIAN_POINT('',(0.196349540849,4.7625));
#3330 = CARTESIAN_POINT('',(0.392699081699,4.552660554361));
#3331 = CARTESIAN_POINT('',(0.589048622547,4.1329834457));
#3332 = CARTESIAN_POINT('',(0.785398163396,3.520719799599));
#3333 = CARTESIAN_POINT('',(0.981747704247,2.750406906521));
#3334 = CARTESIAN_POINT('',(1.178097245095,1.870229598612));
#3335 = CARTESIAN_POINT('',(1.374446785946,0.935114688295));
#3336 = CARTESIAN_POINT('',(1.570796326795,0.));
#3337 = ( GEOMETRIC_REPRESENTATION_CONTEXT(2) 
PARAMETRIC_REPRESENTATION_CONTEXT() REPRESENTATION_CONTEXT('2D SPACE',''
  ) );
#3338 = ORIENTED_EDGE('',*,*,#3339,.T.);
#3339 = EDGE_CURVE('',#3304,#3340,#3342,.T.);
#3340 = VERTEX_POINT('',#3341);
#3341 = CARTESIAN_POINT('',(-109.5375,101.6,71.4375));
#3342 = SEAM_CURVE('',#3343,(#3347,#3354),.PCURVE_S1.);
#3343 = LINE('',#3344,#3345);
#3344 = CARTESIAN_POINT('',(-109.5375,101.6,-76.2));
#3345 = VECTOR('',#3346,1.);
#3346 = DIRECTION('',(0.,0.,1.));
#3347 = PCURVE('',#952,#3348);
#3348 = DEFINITIONAL_REPRESENTATION('',(#3349),#3353);
#3349 = LINE('',#3350,#3351);
#3350 = CARTESIAN_POINT('',(0.,0.));
#3351 = VECTOR('',#3352,1.);
#3352 = DIRECTION('',(0.,1.));
#3353 = ( GEOMETRIC_REPRESENTATION_CONTEXT(2) 
PARAMETRIC_REPRESENTATION_CONTEXT() REPRESENTATION_CONTEXT('2D SPACE',''
  ) );
#3354 = PCURVE('',#952,#3355);
#3355 = DEFINITIONAL_REPRESENTATION('',(#3356),#3359);
#3356 = B_SPLINE_CURVE_WITH_KNOTS('',1,(#3357,#3358),.UNSPECIFIED.,.F.,
  .F.,(2,2),(0.,152.4),.PIECEWISE_BEZIER_KNOTS.);
#3357 = CARTESIAN_POINT('',(6.28318530718,0.));
#3358 = CARTESIAN_POINT('',(6.28318530718,152.4));
#3359 = ( GEOMETRIC_REPRESENTATION_CONTEXT(2) 
PARAMETRIC_REPRESENTATION_CONTEXT() REPRESENTATION_CONTEXT('2D SPACE',''
  ) );
#3360 = ORIENTED_EDGE('',*,*,#3361,.F.);
#3361 = EDGE_CURVE('',#2994,#3340,#3362,.T.);
#3362 = SURFACE_CURVE('',#3363,(#3368,#3381),.PCURVE_S1.);
#3363 = ELLIPSE('',#3364,6.735192090802,4.7625);
#3364 = AXIS2_PLACEMENT_3D('',#3365,#3366,#3367);
#3365 = CARTESIAN_POINT('',(-114.3,101.6,76.2));
#3366 = DIRECTION('',(0.707106781187,0.,0.707106781187));
#3367 = DIRECTION('',(0.707106781187,0.,-0.707106781187));
#3368 = PCURVE('',#952,#3369);
#3369 = DEFINITIONAL_REPRESENTATION('',(#3370),#3380);
#3370 = B_SPLINE_CURVE_WITH_KNOTS('',8,(#3371,#3372,#3373,#3374,#3375,
    #3376,#3377,#3378,#3379),.UNSPECIFIED.,.F.,.F.,(9,9),(4.712388980385
    ,6.28318530718),.PIECEWISE_BEZIER_KNOTS.);
#3371 = CARTESIAN_POINT('',(4.712388980385,152.4));
#3372 = CARTESIAN_POINT('',(4.908738521234,151.4648853117));
#3373 = CARTESIAN_POINT('',(5.105088062083,150.52977040125));
#3374 = CARTESIAN_POINT('',(5.301437602935,149.64959309337));
#3375 = CARTESIAN_POINT('',(5.49778714378,148.8792801998));
#3376 = CARTESIAN_POINT('',(5.694136684634,148.26701655416));
#3377 = CARTESIAN_POINT('',(5.89048622548,147.84733944549));
#3378 = CARTESIAN_POINT('',(6.08683576633,147.6375));
#3379 = CARTESIAN_POINT('',(6.28318530718,147.6375));
#3380 = ( GEOMETRIC_REPRESENTATION_CONTEXT(2) 
PARAMETRIC_REPRESENTATION_CONTEXT() REPRESENTATION_CONTEXT('2D SPACE',''
  ) );
#3381 = PCURVE('',#3071,#3382);
#3382 = DEFINITIONAL_REPRESENTATION('',(#3383),#3393);
#3383 = B_SPLINE_CURVE_WITH_KNOTS('',8,(#3384,#3385,#3386,#3387,#3388,
    #3389,#3390,#3391,#3392),.UNSPECIFIED.,.F.,.F.,(9,9),(4.712388980385
    ,6.28318530718),.PIECEWISE_BEZIER_KNOTS.);
#3384 = CARTESIAN_POINT('',(1.570796326795,0.));
#3385 = CARTESIAN_POINT('',(1.767145867644,0.935114688295));
#3386 = CARTESIAN_POINT('',(1.96349540849,1.870229598614));
#3387 = CARTESIAN_POINT('',(2.159844949352,2.750406906515));
#3388 = CARTESIAN_POINT('',(2.356194490175,3.520719799624));
#3389 = CARTESIAN_POINT('',(2.552544031049,4.132983445693));
#3390 = CARTESIAN_POINT('',(2.748893571888,4.552660554364));
#3391 = CARTESIAN_POINT('',(2.94524311274,4.7625));
#3392 = CARTESIAN_POINT('',(3.14159265359,4.7625));
#3393 = ( GEOMETRIC_REPRESENTATION_CONTEXT(2) 
PARAMETRIC_REPRESENTATION_CONTEXT() REPRESENTATION_CONTEXT('2D SPACE',''
  ) );
#3394 = ORIENTED_EDGE('',*,*,#2993,.T.);
#3395 = ORIENTED_EDGE('',*,*,#3396,.F.);
#3396 = EDGE_CURVE('',#3397,#2965,#3399,.T.);
#3397 = VERTEX_POINT('',#3398);
#3398 = CARTESIAN_POINT('',(-114.3,106.3625,76.2));
#3399 = SURFACE_CURVE('',#3400,(#3405,#3412),.PCURVE_S1.);
#3400 = CIRCLE('',#3401,4.7625);
#3401 = AXIS2_PLACEMENT_3D('',#3402,#3403,#3404);
#3402 = CARTESIAN_POINT('',(-114.3,101.6,76.2));
#3403 = DIRECTION('',(0.,0.,1.));
#3404 = DIRECTION('',(1.,0.,-0.));
#3405 = PCURVE('',#952,#3406);
#3406 = DEFINITIONAL_REPRESENTATION('',(#3407),#3411);
#3407 = LINE('',#3408,#3409);
#3408 = CARTESIAN_POINT('',(0.,152.4));
#3409 = VECTOR('',#3410,1.);
#3410 = DIRECTION('',(1.,0.));
#3411 = ( GEOMETRIC_REPRESENTATION_CONTEXT(2) 
PARAMETRIC_REPRESENTATION_CONTEXT() REPRESENTATION_CONTEXT('2D SPACE',''
  ) );
#3412 = PCURVE('',#3413,#3418);
#3413 = PLANE('',#3414);
#3414 = AXIS2_PLACEMENT_3D('',#3415,#3416,#3417);
#3415 = CARTESIAN_POINT('',(-114.3,101.6,76.2));
#3416 = DIRECTION('',(0.,0.,1.));
#3417 = DIRECTION('',(1.,0.,-0.));
#3418 = DEFINITIONAL_REPRESENTATION('',(#3419),#3423);
#3419 = CIRCLE('',#3420,4.7625);
#3420 = AXIS2_PLACEMENT_2D('',#3421,#3422);
#3421 = CARTESIAN_POINT('',(1.42108547152E-14,-1.42108547152E-14));
#3422 = DIRECTION('',(1.,0.));
#3423 = ( GEOMETRIC_REPRESENTATION_CONTEXT(2) 
PARAMETRIC_REPRESENTATION_CONTEXT() REPRESENTATION_CONTEXT('2D SPACE',''
  ) );
#3424 = ORIENTED_EDGE('',*,*,#3425,.F.);
#3425 = EDGE_CURVE('',#3340,#3397,#3426,.T.);
#3426 = SURFACE_CURVE('',#3427,(#3432,#3445),.PCURVE_S1.);
#3427 = ELLIPSE('',#3428,6.735192090802,4.7625);
#3428 = AXIS2_PLACEMENT_3D('',#3429,#3430,#3431);
#3429 = CARTESIAN_POINT('',(-114.3,101.6,76.2));
#3430 = DIRECTION('',(0.707106781187,0.,0.707106781187));
#3431 = DIRECTION('',(0.707106781187,0.,-0.707106781187));
#3432 = PCURVE('',#952,#3433);
#3433 = DEFINITIONAL_REPRESENTATION('',(#3434),#3444);
#3434 = B_SPLINE_CURVE_WITH_KNOTS('',8,(#3435,#3436,#3437,#3438,#3439,
    #3440,#3441,#3442,#3443),.UNSPECIFIED.,.F.,.F.,(9,9),(0.,
    1.570796326795),.PIECEWISE_BEZIER_KNOTS.);
#3435 = CARTESIAN_POINT('',(0.,147.6375));
#3436 = CARTESIAN_POINT('',(0.196349540849,147.6375));
#3437 = CARTESIAN_POINT('',(0.392699081699,147.84733944548));
#3438 = CARTESIAN_POINT('',(0.589048622547,148.26701655447));
#3439 = CARTESIAN_POINT('',(0.785398163396,148.87928019941));
#3440 = CARTESIAN_POINT('',(0.981747704247,149.64959309364));
#3441 = CARTESIAN_POINT('',(1.178097245095,150.52977040123));
#3442 = CARTESIAN_POINT('',(1.374446785946,151.4648853117));
#3443 = CARTESIAN_POINT('',(1.570796326795,152.4));
#3444 = ( GEOMETRIC_REPRESENTATION_CONTEXT(2) 
PARAMETRIC_REPRESENTATION_CONTEXT() REPRESENTATION_CONTEXT('2D SPACE',''
  ) );
#3445 = PCURVE('',#3071,#3446);
#3446 = DEFINITIONAL_REPRESENTATION('',(#3447),#3457);
#3447 = B_SPLINE_CURVE_WITH_KNOTS('',8,(#3448,#3449,#3450,#3451,#3452,
    #3453,#3454,#3455,#3456),.UNSPECIFIED.,.F.,.F.,(9,9),(0.,
    1.570796326795),.PIECEWISE_BEZIER_KNOTS.);
#3448 = CARTESIAN_POINT('',(3.14159265359,4.7625));
#3449 = CARTESIAN_POINT('',(3.337942194439,4.7625));
#3450 = CARTESIAN_POINT('',(3.534291735288,4.552660554361));
#3451 = CARTESIAN_POINT('',(3.730641276132,4.1329834457));
#3452 = CARTESIAN_POINT('',(3.926990816984,3.520719799599));
#3453 = CARTESIAN_POINT('',(4.123340357826,2.750406906521));
#3454 = CARTESIAN_POINT('',(4.319689898684,1.870229598612));
#3455 = CARTESIAN_POINT('',(4.516039439535,0.935114688295));
#3456 = CARTESIAN_POINT('',(4.712388980385,0.));
#3457 = ( GEOMETRIC_REPRESENTATION_CONTEXT(2) 
PARAMETRIC_REPRESENTATION_CONTEXT() REPRESENTATION_CONTEXT('2D SPACE',''
  ) );
#3458 = ORIENTED_EDGE('',*,*,#3339,.F.);
#3459 = ORIENTED_EDGE('',*,*,#3460,.F.);
#3460 = EDGE_CURVE('',#3461,#3304,#3463,.T.);
#3461 = VERTEX_POINT('',#3462);
#3462 = CARTESIAN_POINT('',(-114.3,106.3625,-76.2));
#3463 = SURFACE_CURVE('',#3464,(#3469,#3482),.PCURVE_S1.);
#3464 = ELLIPSE('',#3465,6.735192090802,4.7625);
#3465 = AXIS2_PLACEMENT_3D('',#3466,#3467,#3468);
#3466 = CARTESIAN_POINT('',(-114.3,101.6,-76.2));
#3467 = DIRECTION('',(0.707106781187,0.,-0.707106781187));
#3468 = DIRECTION('',(0.707106781187,0.,0.707106781187));
#3469 = PCURVE('',#952,#3470);
#3470 = DEFINITIONAL_REPRESENTATION('',(#3471),#3481);
#3471 = B_SPLINE_CURVE_WITH_KNOTS('',8,(#3472,#3473,#3474,#3475,#3476,
    #3477,#3478,#3479,#3480),.UNSPECIFIED.,.F.,.F.,(9,9),(4.712388980385
    ,6.28318530718),.PIECEWISE_BEZIER_KNOTS.);
#3472 = CARTESIAN_POINT('',(1.570796326795,0.));
#3473 = CARTESIAN_POINT('',(1.374446785946,0.935114688295));
#3474 = CARTESIAN_POINT('',(1.178097245096,1.870229598614));
#3475 = CARTESIAN_POINT('',(0.981747704245,2.750406906515));
#3476 = CARTESIAN_POINT('',(0.785398163396,3.520719799624));
#3477 = CARTESIAN_POINT('',(0.589048622546,4.132983445693));
#3478 = CARTESIAN_POINT('',(0.392699081698,4.552660554364));
#3479 = CARTESIAN_POINT('',(0.196349540849,4.7625));
#3480 = CARTESIAN_POINT('',(0.,4.7625));
#3481 = ( GEOMETRIC_REPRESENTATION_CONTEXT(2) 
PARAMETRIC_REPRESENTATION_CONTEXT() REPRESENTATION_CONTEXT('2D SPACE',''
  ) );
#3482 = PCURVE('',#1029,#3483);
#3483 = DEFINITIONAL_REPRESENTATION('',(#3484),#3494);
#3484 = B_SPLINE_CURVE_WITH_KNOTS('',8,(#3485,#3486,#3487,#3488,#3489,
    #3490,#3491,#3492,#3493),.UNSPECIFIED.,.F.,.F.,(9,9),(4.712388980385
    ,6.28318530718),.PIECEWISE_BEZIER_KNOTS.);
#3485 = CARTESIAN_POINT('',(4.712388980385,0.));
#3486 = CARTESIAN_POINT('',(4.908738521234,0.935114688295));
#3487 = CARTESIAN_POINT('',(5.105088062083,1.870229598614));
#3488 = CARTESIAN_POINT('',(5.301437602935,2.750406906515));
#3489 = CARTESIAN_POINT('',(5.49778714378,3.520719799624));
#3490 = CARTESIAN_POINT('',(5.694136684634,4.132983445693));
#3491 = CARTESIAN_POINT('',(5.89048622548,4.552660554364));
#3492 = CARTESIAN_POINT('',(6.08683576633,4.7625));
#3493 = CARTESIAN_POINT('',(6.28318530718,4.7625));
#3494 = ( GEOMETRIC_REPRESENTATION_CONTEXT(2) 
PARAMETRIC_REPRESENTATION_CONTEXT() REPRESENTATION_CONTEXT('2D SPACE',''
  ) );
#3495 = ORIENTED_EDGE('',*,*,#3496,.T.);
#3496 = EDGE_CURVE('',#3461,#930,#3497,.T.);
#3497 = SURFACE_CURVE('',#3498,(#3503,#3510),.PCURVE_S1.);
#3498 = CIRCLE('',#3499,4.7625);
#3499 = AXIS2_PLACEMENT_3D('',#3500,#3501,#3502);
#3500 = CARTESIAN_POINT('',(-114.3,101.6,-76.2));
#3501 = DIRECTION('',(0.,0.,1.));
#3502 = DIRECTION('',(1.,0.,-0.));
#3503 = PCURVE('',#952,#3504);
#3504 = DEFINITIONAL_REPRESENTATION('',(#3505),#3509);
#3505 = LINE('',#3506,#3507);
#3506 = CARTESIAN_POINT('',(0.,0.));
#3507 = VECTOR('',#3508,1.);
#3508 = DIRECTION('',(1.,0.));
#3509 = ( GEOMETRIC_REPRESENTATION_CONTEXT(2) 
PARAMETRIC_REPRESENTATION_CONTEXT() REPRESENTATION_CONTEXT('2D SPACE',''
  ) );
#3510 = PCURVE('',#3511,#3516);
#3511 = PLANE('',#3512);
#3512 = AXIS2_PLACEMENT_3D('',#3513,#3514,#3515);
#3513 = CARTESIAN_POINT('',(-114.3,101.6,-76.2));
#3514 = DIRECTION('',(0.,0.,1.));
#3515 = DIRECTION('',(1.,0.,-0.));
#3516 = DEFINITIONAL_REPRESENTATION('',(#3517),#3521);
#3517 = CIRCLE('',#3518,4.7625);
#3518 = AXIS2_PLACEMENT_2D('',#3519,#3520);
#3519 = CARTESIAN_POINT('',(1.42108547152E-14,-1.42108547152E-14));
#3520 = DIRECTION('',(1.,0.));
#3521 = ( GEOMETRIC_REPRESENTATION_CONTEXT(2) 
PARAMETRIC_REPRESENTATION_CONTEXT() REPRESENTATION_CONTEXT('2D SPACE',''
  ) );
#3522 = ORIENTED_EDGE('',*,*,#929,.T.);
#3523 = ORIENTED_EDGE('',*,*,#1054,.T.);
#3524 = ADVANCED_FACE('',(#3525),#1029,.T.);
#3525 = FACE_BOUND('',#3526,.T.);
#3526 = EDGE_LOOP('',(#3527,#3528,#3529,#3556,#3557,#3579,#3620,#3649,
    #3699,#3733));
#3527 = ORIENTED_EDGE('',*,*,#3303,.T.);
#3528 = ORIENTED_EDGE('',*,*,#999,.T.);
#3529 = ORIENTED_EDGE('',*,*,#3530,.T.);
#3530 = EDGE_CURVE('',#971,#3461,#3531,.T.);
#3531 = SURFACE_CURVE('',#3532,(#3537,#3544),.PCURVE_S1.);
#3532 = CIRCLE('',#3533,4.7625);
#3533 = AXIS2_PLACEMENT_3D('',#3534,#3535,#3536);
#3534 = CARTESIAN_POINT('',(-114.3,101.6,-76.2));
#3535 = DIRECTION('',(1.,0.,-0.));
#3536 = DIRECTION('',(0.,0.,1.));
#3537 = PCURVE('',#1029,#3538);
#3538 = DEFINITIONAL_REPRESENTATION('',(#3539),#3543);
#3539 = LINE('',#3540,#3541);
#3540 = CARTESIAN_POINT('',(0.,0.));
#3541 = VECTOR('',#3542,1.);
#3542 = DIRECTION('',(1.,0.));
#3543 = ( GEOMETRIC_REPRESENTATION_CONTEXT(2) 
PARAMETRIC_REPRESENTATION_CONTEXT() REPRESENTATION_CONTEXT('2D SPACE',''
  ) );
#3544 = PCURVE('',#3545,#3550);
#3545 = PLANE('',#3546);
#3546 = AXIS2_PLACEMENT_3D('',#3547,#3548,#3549);
#3547 = CARTESIAN_POINT('',(-114.3,101.6,-76.2));
#3548 = DIRECTION('',(1.,0.,0.));
#3549 = DIRECTION('',(-0.,0.,1.));
#3550 = DEFINITIONAL_REPRESENTATION('',(#3551),#3555);
#3551 = CIRCLE('',#3552,4.7625);
#3552 = AXIS2_PLACEMENT_2D('',#3553,#3554);
#3553 = CARTESIAN_POINT('',(0.,0.));
#3554 = DIRECTION('',(1.,0.));
#3555 = ( GEOMETRIC_REPRESENTATION_CONTEXT(2) 
PARAMETRIC_REPRESENTATION_CONTEXT() REPRESENTATION_CONTEXT('2D SPACE',''
  ) );
#3556 = ORIENTED_EDGE('',*,*,#3460,.T.);
#3557 = ORIENTED_EDGE('',*,*,#3558,.T.);
#3558 = EDGE_CURVE('',#3304,#3559,#3561,.T.);
#3559 = VERTEX_POINT('',#3560);
#3560 = CARTESIAN_POINT('',(109.5375,101.6,-71.4375));
#3561 = SEAM_CURVE('',#3562,(#3566,#3573),.PCURVE_S1.);
#3562 = LINE('',#3563,#3564);
#3563 = CARTESIAN_POINT('',(-114.3,101.6,-71.4375));
#3564 = VECTOR('',#3565,1.);
#3565 = DIRECTION('',(1.,0.,0.));
#3566 = PCURVE('',#1029,#3567);
#3567 = DEFINITIONAL_REPRESENTATION('',(#3568),#3572);
#3568 = LINE('',#3569,#3570);
#3569 = CARTESIAN_POINT('',(0.,0.));
#3570 = VECTOR('',#3571,1.);
#3571 = DIRECTION('',(0.,1.));
#3572 = ( GEOMETRIC_REPRESENTATION_CONTEXT(2) 
PARAMETRIC_REPRESENTATION_CONTEXT() REPRESENTATION_CONTEXT('2D SPACE',''
  ) );
#3573 = PCURVE('',#1029,#3574);
#3574 = DEFINITIONAL_REPRESENTATION('',(#3575),#3578);
#3575 = B_SPLINE_CURVE_WITH_KNOTS('',1,(#3576,#3577),.UNSPECIFIED.,.F.,
  .F.,(2,2),(0.,228.6),.PIECEWISE_BEZIER_KNOTS.);
#3576 = CARTESIAN_POINT('',(6.28318530718,0.));
#3577 = CARTESIAN_POINT('',(6.28318530718,228.6));
#3578 = ( GEOMETRIC_REPRESENTATION_CONTEXT(2) 
PARAMETRIC_REPRESENTATION_CONTEXT() REPRESENTATION_CONTEXT('2D SPACE',''
  ) );
#3579 = ORIENTED_EDGE('',*,*,#3580,.F.);
#3580 = EDGE_CURVE('',#3581,#3559,#3583,.T.);
#3581 = VERTEX_POINT('',#3582);
#3582 = CARTESIAN_POINT('',(114.3,106.3625,-76.2));
#3583 = SURFACE_CURVE('',#3584,(#3589,#3602),.PCURVE_S1.);
#3584 = ELLIPSE('',#3585,6.735192090802,4.7625);
#3585 = AXIS2_PLACEMENT_3D('',#3586,#3587,#3588);
#3586 = CARTESIAN_POINT('',(114.3,101.6,-76.2));
#3587 = DIRECTION('',(0.707106781187,0.,0.707106781187));
#3588 = DIRECTION('',(0.707106781187,0.,-0.707106781187));
#3589 = PCURVE('',#1029,#3590);
#3590 = DEFINITIONAL_REPRESENTATION('',(#3591),#3601);
#3591 = B_SPLINE_CURVE_WITH_KNOTS('',8,(#3592,#3593,#3594,#3595,#3596,
    #3597,#3598,#3599,#3600),.UNSPECIFIED.,.F.,.F.,(9,9),(1.570796326795
    ,3.14159265359),.PIECEWISE_BEZIER_KNOTS.);
#3592 = CARTESIAN_POINT('',(4.712388980385,228.6));
#3593 = CARTESIAN_POINT('',(4.908738521234,227.6648853117));
#3594 = CARTESIAN_POINT('',(5.105088062084,226.72977040115));
#3595 = CARTESIAN_POINT('',(5.301437602934,225.84959309346));
#3596 = CARTESIAN_POINT('',(5.497787143784,225.07928019964));
#3597 = CARTESIAN_POINT('',(5.694136684632,224.46701655453));
#3598 = CARTESIAN_POINT('',(5.890486225481,224.04733944549));
#3599 = CARTESIAN_POINT('',(6.08683576633,223.8375));
#3600 = CARTESIAN_POINT('',(6.28318530718,223.8375));
#3601 = ( GEOMETRIC_REPRESENTATION_CONTEXT(2) 
PARAMETRIC_REPRESENTATION_CONTEXT() REPRESENTATION_CONTEXT('2D SPACE',''
  ) );
#3602 = PCURVE('',#3603,#3608);
#3603 = CYLINDRICAL_SURFACE('',#3604,4.7625);
#3604 = AXIS2_PLACEMENT_3D('',#3605,#3606,#3607);
#3605 = CARTESIAN_POINT('',(114.3,101.6,-76.2));
#3606 = DIRECTION('',(0.,0.,1.));
#3607 = DIRECTION('',(1.,0.,-0.));
#3608 = DEFINITIONAL_REPRESENTATION('',(#3609),#3619);
#3609 = B_SPLINE_CURVE_WITH_KNOTS('',8,(#3610,#3611,#3612,#3613,#3614,
    #3615,#3616,#3617,#3618),.UNSPECIFIED.,.F.,.F.,(9,9),(1.570796326795
    ,3.14159265359),.PIECEWISE_BEZIER_KNOTS.);
#3610 = CARTESIAN_POINT('',(1.570796326795,0.));
#3611 = CARTESIAN_POINT('',(1.767145867644,0.935114688295));
#3612 = CARTESIAN_POINT('',(1.963495408492,1.870229598614));
#3613 = CARTESIAN_POINT('',(2.159844949341,2.750406906515));
#3614 = CARTESIAN_POINT('',(2.356194490185,3.520719799624));
#3615 = CARTESIAN_POINT('',(2.552544031042,4.132983445693));
#3616 = CARTESIAN_POINT('',(2.74889357189,4.552660554364));
#3617 = CARTESIAN_POINT('',(2.94524311274,4.7625));
#3618 = CARTESIAN_POINT('',(3.14159265359,4.7625));
#3619 = ( GEOMETRIC_REPRESENTATION_CONTEXT(2) 
PARAMETRIC_REPRESENTATION_CONTEXT() REPRESENTATION_CONTEXT('2D SPACE',''
  ) );
#3620 = ORIENTED_EDGE('',*,*,#3621,.F.);
#3621 = EDGE_CURVE('',#3622,#3581,#3624,.T.);
#3622 = VERTEX_POINT('',#3623);
#3623 = CARTESIAN_POINT('',(114.3,101.6,-80.9625));
#3624 = SURFACE_CURVE('',#3625,(#3630,#3637),.PCURVE_S1.);
#3625 = CIRCLE('',#3626,4.7625);
#3626 = AXIS2_PLACEMENT_3D('',#3627,#3628,#3629);
#3627 = CARTESIAN_POINT('',(114.3,101.6,-76.2));
#3628 = DIRECTION('',(1.,0.,-0.));
#3629 = DIRECTION('',(0.,0.,1.));
#3630 = PCURVE('',#1029,#3631);
#3631 = DEFINITIONAL_REPRESENTATION('',(#3632),#3636);
#3632 = LINE('',#3633,#3634);
#3633 = CARTESIAN_POINT('',(0.,228.6));
#3634 = VECTOR('',#3635,1.);
#3635 = DIRECTION('',(1.,0.));
#3636 = ( GEOMETRIC_REPRESENTATION_CONTEXT(2) 
PARAMETRIC_REPRESENTATION_CONTEXT() REPRESENTATION_CONTEXT('2D SPACE',''
  ) );
#3637 = PCURVE('',#3638,#3643);
#3638 = PLANE('',#3639);
#3639 = AXIS2_PLACEMENT_3D('',#3640,#3641,#3642);
#3640 = CARTESIAN_POINT('',(114.3,101.6,-76.2));
#3641 = DIRECTION('',(1.,0.,0.));
#3642 = DIRECTION('',(-0.,0.,1.));
#3643 = DEFINITIONAL_REPRESENTATION('',(#3644),#3648);
#3644 = CIRCLE('',#3645,4.7625);
#3645 = AXIS2_PLACEMENT_2D('',#3646,#3647);
#3646 = CARTESIAN_POINT('',(0.,0.));
#3647 = DIRECTION('',(1.,0.));
#3648 = ( GEOMETRIC_REPRESENTATION_CONTEXT(2) 
PARAMETRIC_REPRESENTATION_CONTEXT() REPRESENTATION_CONTEXT('2D SPACE',''
  ) );
#3649 = ORIENTED_EDGE('',*,*,#3650,.T.);
#3650 = EDGE_CURVE('',#3622,#3651,#3653,.T.);
#3651 = VERTEX_POINT('',#3652);
#3652 = CARTESIAN_POINT('',(110.93240395459,98.232403954599,
    -72.83240395459));
#3653 = SURFACE_CURVE('',#3654,(#3659,#3679),.PCURVE_S1.);
#3654 = ELLIPSE('',#3655,6.735192090802,4.7625);
#3655 = AXIS2_PLACEMENT_3D('',#3656,#3657,#3658);
#3656 = CARTESIAN_POINT('',(114.3,101.6,-76.2));
#3657 = DIRECTION('',(-0.707106781187,0.707106781187,0.));
#3658 = DIRECTION('',(0.707106781187,0.707106781187,0.));
#3659 = PCURVE('',#1029,#3660);
#3660 = DEFINITIONAL_REPRESENTATION('',(#3661),#3678);
#3661 = B_SPLINE_CURVE_WITH_KNOTS('',8,(#3662,#3663,#3664,#3665,#3666,
    #3667,#3668,#3669,#3670,#3671,#3672,#3673,#3674,#3675,#3676,#3677),
  .UNSPECIFIED.,.F.,.F.,(9,7,9),(1.570796326795,3.14159265359,
    4.712388980385),.UNSPECIFIED.);
#3662 = CARTESIAN_POINT('',(3.14159265359,228.6));
#3663 = CARTESIAN_POINT('',(2.94524311274,227.6648853117));
#3664 = CARTESIAN_POINT('',(2.748893571889,226.72977040115));
#3665 = CARTESIAN_POINT('',(2.552544031047,225.84959309346));
#3666 = CARTESIAN_POINT('',(2.35619449018,225.07928019964));
#3667 = CARTESIAN_POINT('',(2.159844949349,224.46701655453));
#3668 = CARTESIAN_POINT('',(1.963495408492,224.04733944549));
#3669 = CARTESIAN_POINT('',(1.767145867644,223.8375));
#3670 = CARTESIAN_POINT('',(1.374446785946,223.8375));
#3671 = CARTESIAN_POINT('',(1.178097245096,224.04733944562));
#3672 = CARTESIAN_POINT('',(0.981747704245,224.46701655389));
#3673 = CARTESIAN_POINT('',(0.785398163396,225.07928019985));
#3674 = CARTESIAN_POINT('',(0.589048622546,225.84959309321));
#3675 = CARTESIAN_POINT('',(0.392699081698,226.72977040131));
#3676 = CARTESIAN_POINT('',(0.196349540849,227.6648853117));
#3677 = CARTESIAN_POINT('',(0.,228.6));
#3678 = ( GEOMETRIC_REPRESENTATION_CONTEXT(2) 
PARAMETRIC_REPRESENTATION_CONTEXT() REPRESENTATION_CONTEXT('2D SPACE',''
  ) );
#3679 = PCURVE('',#1610,#3680);
#3680 = DEFINITIONAL_REPRESENTATION('',(#3681),#3698);
#3681 = B_SPLINE_CURVE_WITH_KNOTS('',8,(#3682,#3683,#3684,#3685,#3686,
    #3687,#3688,#3689,#3690,#3691,#3692,#3693,#3694,#3695,#3696,#3697),
  .UNSPECIFIED.,.F.,.F.,(9,7,9),(1.570796326795,3.14159265359,
    4.712388980385),.UNSPECIFIED.);
#3682 = CARTESIAN_POINT('',(3.14159265359,101.6));
#3683 = CARTESIAN_POINT('',(3.337942194439,100.6648853117));
#3684 = CARTESIAN_POINT('',(3.53429173529,99.729770401346));
#3685 = CARTESIAN_POINT('',(3.730641276136,98.849593093431));
#3686 = CARTESIAN_POINT('',(3.926990816993,98.079280199949));
#3687 = CARTESIAN_POINT('',(4.123340357835,97.46701655431));
#3688 = CARTESIAN_POINT('',(4.319689898687,97.047339445593));
#3689 = CARTESIAN_POINT('',(4.516039439535,96.8375));
#3690 = CARTESIAN_POINT('',(4.908738521234,96.8375));
#3691 = CARTESIAN_POINT('',(5.105088062083,97.04733944558));
#3692 = CARTESIAN_POINT('',(5.301437602935,97.467016554196));
#3693 = CARTESIAN_POINT('',(5.49778714378,98.079280200091));
#3694 = CARTESIAN_POINT('',(5.694136684634,98.849593093444));
#3695 = CARTESIAN_POINT('',(5.89048622548,99.729770401317));
#3696 = CARTESIAN_POINT('',(6.08683576633,100.6648853117));
#3697 = CARTESIAN_POINT('',(6.28318530718,101.6));
#3698 = ( GEOMETRIC_REPRESENTATION_CONTEXT(2) 
PARAMETRIC_REPRESENTATION_CONTEXT() REPRESENTATION_CONTEXT('2D SPACE',''
  ) );
#3699 = ORIENTED_EDGE('',*,*,#3700,.F.);
#3700 = EDGE_CURVE('',#3559,#3651,#3701,.T.);
#3701 = SURFACE_CURVE('',#3702,(#3707,#3720),.PCURVE_S1.);
#3702 = ELLIPSE('',#3703,6.735192090802,4.7625);
#3703 = AXIS2_PLACEMENT_3D('',#3704,#3705,#3706);
#3704 = CARTESIAN_POINT('',(114.3,101.6,-76.2));
#3705 = DIRECTION('',(0.707106781187,0.,0.707106781187));
#3706 = DIRECTION('',(0.707106781187,0.,-0.707106781187));
#3707 = PCURVE('',#1029,#3708);
#3708 = DEFINITIONAL_REPRESENTATION('',(#3709),#3719);
#3709 = B_SPLINE_CURVE_WITH_KNOTS('',8,(#3710,#3711,#3712,#3713,#3714,
    #3715,#3716,#3717,#3718),.UNSPECIFIED.,.F.,.F.,(9,9),(3.14159265359,
    4.712388980385),.PIECEWISE_BEZIER_KNOTS.);
#3710 = CARTESIAN_POINT('',(0.,223.8375));
#3711 = CARTESIAN_POINT('',(0.196349540849,223.8375));
#3712 = CARTESIAN_POINT('',(0.392699081699,224.04733944562));
#3713 = CARTESIAN_POINT('',(0.589048622547,224.46701655389));
#3714 = CARTESIAN_POINT('',(0.785398163396,225.07928019985));
#3715 = CARTESIAN_POINT('',(0.981747704245,225.84959309321));
#3716 = CARTESIAN_POINT('',(1.178097245096,226.72977040131));
#3717 = CARTESIAN_POINT('',(1.374446785946,227.6648853117));
#3718 = CARTESIAN_POINT('',(1.570796326795,228.6));
#3719 = ( GEOMETRIC_REPRESENTATION_CONTEXT(2) 
PARAMETRIC_REPRESENTATION_CONTEXT() REPRESENTATION_CONTEXT('2D SPACE',''
  ) );
#3720 = PCURVE('',#3603,#3721);
#3721 = DEFINITIONAL_REPRESENTATION('',(#3722),#3732);
#3722 = B_SPLINE_CURVE_WITH_KNOTS('',8,(#3723,#3724,#3725,#3726,#3727,
    #3728,#3729,#3730,#3731),.UNSPECIFIED.,.F.,.F.,(9,9),(3.14159265359,
    4.712388980385),.PIECEWISE_BEZIER_KNOTS.);
#3723 = CARTESIAN_POINT('',(3.14159265359,4.7625));
#3724 = CARTESIAN_POINT('',(3.337942194439,4.7625));
#3725 = CARTESIAN_POINT('',(3.534291735284,4.552660554363));
#3726 = CARTESIAN_POINT('',(3.730641276133,4.132983445694));
#3727 = CARTESIAN_POINT('',(3.92699081697,3.520719799609));
#3728 = CARTESIAN_POINT('',(4.123340357835,2.750406906516));
#3729 = CARTESIAN_POINT('',(4.319689898682,1.870229598614));
#3730 = CARTESIAN_POINT('',(4.516039439535,0.935114688295));
#3731 = CARTESIAN_POINT('',(4.712388980385,0.));
#3732 = ( GEOMETRIC_REPRESENTATION_CONTEXT(2) 
PARAMETRIC_REPRESENTATION_CONTEXT() REPRESENTATION_CONTEXT('2D SPACE',''
  ) );
#3733 = ORIENTED_EDGE('',*,*,#3558,.F.);
#3734 = ADVANCED_FACE('',(#3735),#987,.T.);
#3735 = FACE_BOUND('',#3736,.T.);
#3736 = EDGE_LOOP('',(#3737,#3758,#3759));
#3737 = ORIENTED_EDGE('',*,*,#3738,.T.);
#3738 = EDGE_CURVE('',#3739,#971,#3741,.T.);
#3739 = VERTEX_POINT('',#3740);
#3740 = CARTESIAN_POINT('',(-114.3,101.6,-76.2));
#3741 = SURFACE_CURVE('',#3742,(#3746,#3752),.PCURVE_S1.);
#3742 = LINE('',#3743,#3744);
#3743 = CARTESIAN_POINT('',(-114.3,101.6,-76.2));
#3744 = VECTOR('',#3745,1.);
#3745 = DIRECTION('',(0.,0.,-1.));
#3746 = PCURVE('',#987,#3747);
#3747 = DEFINITIONAL_REPRESENTATION('',(#3748),#3751);
#3748 = B_SPLINE_CURVE_WITH_KNOTS('',1,(#3749,#3750),.UNSPECIFIED.,.F.,
  .F.,(2,2),(-4.7625,4.7625),.PIECEWISE_BEZIER_KNOTS.);
#3749 = CARTESIAN_POINT('',(4.7625,1.42108547152E-14));
#3750 = CARTESIAN_POINT('',(-4.7625,1.42108547152E-14));
#3751 = ( GEOMETRIC_REPRESENTATION_CONTEXT(2) 
PARAMETRIC_REPRESENTATION_CONTEXT() REPRESENTATION_CONTEXT('2D SPACE',''
  ) );
#3752 = PCURVE('',#3545,#3753);
#3753 = DEFINITIONAL_REPRESENTATION('',(#3754),#3757);
#3754 = B_SPLINE_CURVE_WITH_KNOTS('',1,(#3755,#3756),.UNSPECIFIED.,.F.,
  .F.,(2,2),(-4.7625,4.7625),.PIECEWISE_BEZIER_KNOTS.);
#3755 = CARTESIAN_POINT('',(4.7625,0.));
#3756 = CARTESIAN_POINT('',(-4.7625,0.));
#3757 = ( GEOMETRIC_REPRESENTATION_CONTEXT(2) 
PARAMETRIC_REPRESENTATION_CONTEXT() REPRESENTATION_CONTEXT('2D SPACE',''
  ) );
#3758 = ORIENTED_EDGE('',*,*,#970,.T.);
#3759 = ORIENTED_EDGE('',*,*,#3760,.T.);
#3760 = EDGE_CURVE('',#930,#3739,#3761,.T.);
#3761 = SURFACE_CURVE('',#3762,(#3766,#3772),.PCURVE_S1.);
#3762 = LINE('',#3763,#3764);
#3763 = CARTESIAN_POINT('',(-114.3,101.6,-76.2));
#3764 = VECTOR('',#3765,1.);
#3765 = DIRECTION('',(1.,0.,0.));
#3766 = PCURVE('',#987,#3767);
#3767 = DEFINITIONAL_REPRESENTATION('',(#3768),#3771);
#3768 = B_SPLINE_CURVE_WITH_KNOTS('',1,(#3769,#3770),.UNSPECIFIED.,.F.,
  .F.,(2,2),(-4.7625,2.84217094304E-14),.PIECEWISE_BEZIER_KNOTS.);
#3769 = CARTESIAN_POINT('',(1.42108547152E-14,-4.7625));
#3770 = CARTESIAN_POINT('',(1.42108547152E-14,1.42108547152E-14));
#3771 = ( GEOMETRIC_REPRESENTATION_CONTEXT(2) 
PARAMETRIC_REPRESENTATION_CONTEXT() REPRESENTATION_CONTEXT('2D SPACE',''
  ) );
#3772 = PCURVE('',#3511,#3773);
#3773 = DEFINITIONAL_REPRESENTATION('',(#3774),#3777);
#3774 = B_SPLINE_CURVE_WITH_KNOTS('',1,(#3775,#3776),.UNSPECIFIED.,.F.,
  .F.,(2,2),(-4.7625,2.84217094304E-14),.PIECEWISE_BEZIER_KNOTS.);
#3775 = CARTESIAN_POINT('',(-4.7625,-1.42108547152E-14));
#3776 = CARTESIAN_POINT('',(2.84217094304E-14,-1.42108547152E-14));
#3777 = ( GEOMETRIC_REPRESENTATION_CONTEXT(2) 
PARAMETRIC_REPRESENTATION_CONTEXT() REPRESENTATION_CONTEXT('2D SPACE',''
  ) );
#3778 = ADVANCED_FACE('',(#3779),#1121,.T.);
#3779 = FACE_BOUND('',#3780,.T.);
#3780 = EDGE_LOOP('',(#3781,#3782,#3804,#3840,#3876,#3924,#3925,#3926));
#3781 = ORIENTED_EDGE('',*,*,#1146,.F.);
#3782 = ORIENTED_EDGE('',*,*,#3783,.T.);
#3783 = EDGE_CURVE('',#789,#3784,#3786,.T.);
#3784 = VERTEX_POINT('',#3785);
#3785 = CARTESIAN_POINT('',(114.3,50.8,-71.4375));
#3786 = SEAM_CURVE('',#3787,(#3791,#3798),.PCURVE_S1.);
#3787 = LINE('',#3788,#3789);
#3788 = CARTESIAN_POINT('',(-114.3,50.8,-71.4375));
#3789 = VECTOR('',#3790,1.);
#3790 = DIRECTION('',(1.,0.,0.));
#3791 = PCURVE('',#1121,#3792);
#3792 = DEFINITIONAL_REPRESENTATION('',(#3793),#3797);
#3793 = LINE('',#3794,#3795);
#3794 = CARTESIAN_POINT('',(0.,0.));
#3795 = VECTOR('',#3796,1.);
#3796 = DIRECTION('',(0.,1.));
#3797 = ( GEOMETRIC_REPRESENTATION_CONTEXT(2) 
PARAMETRIC_REPRESENTATION_CONTEXT() REPRESENTATION_CONTEXT('2D SPACE',''
  ) );
#3798 = PCURVE('',#1121,#3799);
#3799 = DEFINITIONAL_REPRESENTATION('',(#3800),#3803);
#3800 = B_SPLINE_CURVE_WITH_KNOTS('',1,(#3801,#3802),.UNSPECIFIED.,.F.,
  .F.,(2,2),(0.,228.6),.PIECEWISE_BEZIER_KNOTS.);
#3801 = CARTESIAN_POINT('',(6.28318530718,0.));
#3802 = CARTESIAN_POINT('',(6.28318530718,228.6));
#3803 = ( GEOMETRIC_REPRESENTATION_CONTEXT(2) 
PARAMETRIC_REPRESENTATION_CONTEXT() REPRESENTATION_CONTEXT('2D SPACE',''
  ) );
#3804 = ORIENTED_EDGE('',*,*,#3805,.F.);
#3805 = EDGE_CURVE('',#3806,#3784,#3808,.T.);
#3806 = VERTEX_POINT('',#3807);
#3807 = CARTESIAN_POINT('',(109.5375,55.5625,-76.2));
#3808 = SURFACE_CURVE('',#3809,(#3814,#3827),.PCURVE_S1.);
#3809 = ELLIPSE('',#3810,6.735192090802,4.7625);
#3810 = AXIS2_PLACEMENT_3D('',#3811,#3812,#3813);
#3811 = CARTESIAN_POINT('',(114.3,50.8,-76.2));
#3812 = DIRECTION('',(0.707106781187,0.707106781187,0.));
#3813 = DIRECTION('',(-0.707106781187,0.707106781187,0.));
#3814 = PCURVE('',#1121,#3815);
#3815 = DEFINITIONAL_REPRESENTATION('',(#3816),#3826);
#3816 = B_SPLINE_CURVE_WITH_KNOTS('',8,(#3817,#3818,#3819,#3820,#3821,
    #3822,#3823,#3824,#3825),.UNSPECIFIED.,.F.,.F.,(9,9),(0.,
    1.570796326795),.PIECEWISE_BEZIER_KNOTS.);
#3817 = CARTESIAN_POINT('',(4.712388980385,223.8375));
#3818 = CARTESIAN_POINT('',(4.908738521234,223.8375));
#3819 = CARTESIAN_POINT('',(5.105088062082,224.04733944562));
#3820 = CARTESIAN_POINT('',(5.301437602938,224.46701655389));
#3821 = CARTESIAN_POINT('',(5.497787143778,225.07928019985));
#3822 = CARTESIAN_POINT('',(5.694136684637,225.84959309321));
#3823 = CARTESIAN_POINT('',(5.89048622548,226.72977040131));
#3824 = CARTESIAN_POINT('',(6.08683576633,227.6648853117));
#3825 = CARTESIAN_POINT('',(6.28318530718,228.6));
#3826 = ( GEOMETRIC_REPRESENTATION_CONTEXT(2) 
PARAMETRIC_REPRESENTATION_CONTEXT() REPRESENTATION_CONTEXT('2D SPACE',''
  ) );
#3827 = PCURVE('',#1610,#3828);
#3828 = DEFINITIONAL_REPRESENTATION('',(#3829),#3839);
#3829 = B_SPLINE_CURVE_WITH_KNOTS('',8,(#3830,#3831,#3832,#3833,#3834,
    #3835,#3836,#3837,#3838),.UNSPECIFIED.,.F.,.F.,(9,9),(0.,
    1.570796326795),.PIECEWISE_BEZIER_KNOTS.);
#3830 = CARTESIAN_POINT('',(4.712388980385,55.5625));
#3831 = CARTESIAN_POINT('',(4.908738521234,55.5625));
#3832 = CARTESIAN_POINT('',(5.105088062083,55.352660554294));
#3833 = CARTESIAN_POINT('',(5.301437602938,54.932983445789));
#3834 = CARTESIAN_POINT('',(5.497787143778,54.320719799189));
#3835 = CARTESIAN_POINT('',(5.694136684636,53.550406906646));
#3836 = CARTESIAN_POINT('',(5.89048622548,52.67022959854));
#3837 = CARTESIAN_POINT('',(6.08683576633,51.735114688295));
#3838 = CARTESIAN_POINT('',(6.28318530718,50.8));
#3839 = ( GEOMETRIC_REPRESENTATION_CONTEXT(2) 
PARAMETRIC_REPRESENTATION_CONTEXT() REPRESENTATION_CONTEXT('2D SPACE',''
  ) );
#3840 = ORIENTED_EDGE('',*,*,#3841,.F.);
#3841 = EDGE_CURVE('',#3842,#3806,#3844,.T.);
#3842 = VERTEX_POINT('',#3843);
#3843 = CARTESIAN_POINT('',(114.3,50.799998574464,-80.9625));
#3844 = SURFACE_CURVE('',#3845,(#3850,#3863),.PCURVE_S1.);
#3845 = ELLIPSE('',#3846,6.735192090802,4.7625);
#3846 = AXIS2_PLACEMENT_3D('',#3847,#3848,#3849);
#3847 = CARTESIAN_POINT('',(114.3,50.8,-76.2));
#3848 = DIRECTION('',(0.707106781187,0.707106781187,0.));
#3849 = DIRECTION('',(-0.707106781187,0.707106781187,0.));
#3850 = PCURVE('',#1121,#3851);
#3851 = DEFINITIONAL_REPRESENTATION('',(#3852),#3862);
#3852 = B_SPLINE_CURVE_WITH_KNOTS('',8,(#3853,#3854,#3855,#3856,#3857,
    #3858,#3859,#3860,#3861),.UNSPECIFIED.,.F.,.F.,(9,9),(4.712388980385
    ,6.28318530718),.PIECEWISE_BEZIER_KNOTS.);
#3853 = CARTESIAN_POINT('',(3.14159265359,228.6));
#3854 = CARTESIAN_POINT('',(3.337942194439,227.6648853117));
#3855 = CARTESIAN_POINT('',(3.534291735285,226.72977040115));
#3856 = CARTESIAN_POINT('',(3.730641276142,225.84959309346));
#3857 = CARTESIAN_POINT('',(3.926990816972,225.07928019964));
#3858 = CARTESIAN_POINT('',(4.123340357837,224.46701655453));
#3859 = CARTESIAN_POINT('',(4.319689898683,224.04733944549));
#3860 = CARTESIAN_POINT('',(4.516039439535,223.8375));
#3861 = CARTESIAN_POINT('',(4.712388980385,223.8375));
#3862 = ( GEOMETRIC_REPRESENTATION_CONTEXT(2) 
PARAMETRIC_REPRESENTATION_CONTEXT() REPRESENTATION_CONTEXT('2D SPACE',''
  ) );
#3863 = PCURVE('',#1610,#3864);
#3864 = DEFINITIONAL_REPRESENTATION('',(#3865),#3875);
#3865 = B_SPLINE_CURVE_WITH_KNOTS('',8,(#3866,#3867,#3868,#3869,#3870,
    #3871,#3872,#3873,#3874),.UNSPECIFIED.,.F.,.F.,(9,9),(4.712388980385
    ,6.28318530718),.PIECEWISE_BEZIER_KNOTS.);
#3866 = CARTESIAN_POINT('',(3.14159265359,50.8));
#3867 = CARTESIAN_POINT('',(3.337942194439,51.735114688295));
#3868 = CARTESIAN_POINT('',(3.534291735284,52.670229598598));
#3869 = CARTESIAN_POINT('',(3.730641276133,53.550406906445));
#3870 = CARTESIAN_POINT('',(3.92699081697,54.32071979957));
#3871 = CARTESIAN_POINT('',(4.123340357835,54.932983445521));
#3872 = CARTESIAN_POINT('',(4.319689898682,55.352660554365));
#3873 = CARTESIAN_POINT('',(4.516039439535,55.5625));
#3874 = CARTESIAN_POINT('',(4.712388980385,55.5625));
#3875 = ( GEOMETRIC_REPRESENTATION_CONTEXT(2) 
PARAMETRIC_REPRESENTATION_CONTEXT() REPRESENTATION_CONTEXT('2D SPACE',''
  ) );
#3876 = ORIENTED_EDGE('',*,*,#3877,.T.);
#3877 = EDGE_CURVE('',#3842,#3784,#3878,.T.);
#3878 = SURFACE_CURVE('',#3879,(#3884,#3904),.PCURVE_S1.);
#3879 = ELLIPSE('',#3880,6.735192090802,4.7625);
#3880 = AXIS2_PLACEMENT_3D('',#3881,#3882,#3883);
#3881 = CARTESIAN_POINT('',(114.3,50.8,-76.2));
#3882 = DIRECTION('',(-0.707106781187,0.707106781187,0.));
#3883 = DIRECTION('',(0.707106781187,0.707106781187,0.));
#3884 = PCURVE('',#1121,#3885);
#3885 = DEFINITIONAL_REPRESENTATION('',(#3886),#3903);
#3886 = B_SPLINE_CURVE_WITH_KNOTS('',8,(#3887,#3888,#3889,#3890,#3891,
    #3892,#3893,#3894,#3895,#3896,#3897,#3898,#3899,#3900,#3901,#3902),
  .UNSPECIFIED.,.F.,.F.,(9,7,9),(1.570796326795,3.14159265359,
    4.712388980385),.UNSPECIFIED.);
#3887 = CARTESIAN_POINT('',(3.14159265359,228.6));
#3888 = CARTESIAN_POINT('',(2.94524311274,227.6648853117));
#3889 = CARTESIAN_POINT('',(2.748893571888,226.72977040115));
#3890 = CARTESIAN_POINT('',(2.55254403105,225.84959309346));
#3891 = CARTESIAN_POINT('',(2.356194490177,225.07928019964));
#3892 = CARTESIAN_POINT('',(2.159844949351,224.46701655453));
#3893 = CARTESIAN_POINT('',(1.96349540849,224.04733944549));
#3894 = CARTESIAN_POINT('',(1.767145867644,223.8375));
#3895 = CARTESIAN_POINT('',(1.374446785946,223.8375));
#3896 = CARTESIAN_POINT('',(1.178097245096,224.04733944562));
#3897 = CARTESIAN_POINT('',(0.981747704246,224.46701655389));
#3898 = CARTESIAN_POINT('',(0.785398163396,225.07928019985));
#3899 = CARTESIAN_POINT('',(0.589048622547,225.84959309321));
#3900 = CARTESIAN_POINT('',(0.392699081699,226.72977040131));
#3901 = CARTESIAN_POINT('',(0.196349540849,227.6648853117));
#3902 = CARTESIAN_POINT('',(0.,228.6));
#3903 = ( GEOMETRIC_REPRESENTATION_CONTEXT(2) 
PARAMETRIC_REPRESENTATION_CONTEXT() REPRESENTATION_CONTEXT('2D SPACE',''
  ) );
#3904 = PCURVE('',#1610,#3905);
#3905 = DEFINITIONAL_REPRESENTATION('',(#3906),#3923);
#3906 = B_SPLINE_CURVE_WITH_KNOTS('',8,(#3907,#3908,#3909,#3910,#3911,
    #3912,#3913,#3914,#3915,#3916,#3917,#3918,#3919,#3920,#3921,#3922),
  .UNSPECIFIED.,.F.,.F.,(9,7,9),(1.570796326795,3.14159265359,
    4.712388980385),.UNSPECIFIED.);
#3907 = CARTESIAN_POINT('',(3.14159265359,50.8));
#3908 = CARTESIAN_POINT('',(3.337942194439,49.864885311705));
#3909 = CARTESIAN_POINT('',(3.53429173529,48.929770401386));
#3910 = CARTESIAN_POINT('',(3.730641276136,48.049593093415));
#3911 = CARTESIAN_POINT('',(3.926990816993,47.279280200373));
#3912 = CARTESIAN_POINT('',(4.123340357835,46.667016554225));
#3913 = CARTESIAN_POINT('',(4.319689898687,46.247339445626));
#3914 = CARTESIAN_POINT('',(4.516039439535,46.0375));
#3915 = CARTESIAN_POINT('',(4.908738521234,46.0375));
#3916 = CARTESIAN_POINT('',(5.105088062083,46.247339445608));
#3917 = CARTESIAN_POINT('',(5.301437602935,46.667016554287));
#3918 = CARTESIAN_POINT('',(5.49778714378,47.27928020033));
#3919 = CARTESIAN_POINT('',(5.694136684634,48.049593093428));
#3920 = CARTESIAN_POINT('',(5.89048622548,48.929770401357));
#3921 = CARTESIAN_POINT('',(6.08683576633,49.864885311705));
#3922 = CARTESIAN_POINT('',(6.28318530718,50.8));
#3923 = ( GEOMETRIC_REPRESENTATION_CONTEXT(2) 
PARAMETRIC_REPRESENTATION_CONTEXT() REPRESENTATION_CONTEXT('2D SPACE',''
  ) );
#3924 = ORIENTED_EDGE('',*,*,#3783,.F.);
#3925 = ORIENTED_EDGE('',*,*,#1091,.T.);
#3926 = ORIENTED_EDGE('',*,*,#1182,.F.);
#3927 = ADVANCED_FACE('',(#3928),#1265,.T.);
#3928 = FACE_BOUND('',#3929,.T.);
#3929 = EDGE_LOOP('',(#3930,#3931,#3932,#3954,#3993,#3994,#4028,#4029,
    #4030));
#3930 = ORIENTED_EDGE('',*,*,#1877,.T.);
#3931 = ORIENTED_EDGE('',*,*,#1841,.T.);
#3932 = ORIENTED_EDGE('',*,*,#3933,.T.);
#3933 = EDGE_CURVE('',#1284,#3934,#3936,.T.);
#3934 = VERTEX_POINT('',#3935);
#3935 = CARTESIAN_POINT('',(-52.3875,0.,-30.1625));
#3936 = SEAM_CURVE('',#3937,(#3941,#3948),.PCURVE_S1.);
#3937 = LINE('',#3938,#3939);
#3938 = CARTESIAN_POINT('',(-52.3875,0.,-76.2));
#3939 = VECTOR('',#3940,1.);
#3940 = DIRECTION('',(0.,0.,1.));
#3941 = PCURVE('',#1265,#3942);
#3942 = DEFINITIONAL_REPRESENTATION('',(#3943),#3947);
#3943 = LINE('',#3944,#3945);
#3944 = CARTESIAN_POINT('',(0.,0.));
#3945 = VECTOR('',#3946,1.);
#3946 = DIRECTION('',(0.,1.));
#3947 = ( GEOMETRIC_REPRESENTATION_CONTEXT(2) 
PARAMETRIC_REPRESENTATION_CONTEXT() REPRESENTATION_CONTEXT('2D SPACE',''
  ) );
#3948 = PCURVE('',#1265,#3949);
#3949 = DEFINITIONAL_REPRESENTATION('',(#3950),#3953);
#3950 = B_SPLINE_CURVE_WITH_KNOTS('',1,(#3951,#3952),.UNSPECIFIED.,.F.,
  .F.,(2,2),(0.,152.4),.PIECEWISE_BEZIER_KNOTS.);
#3951 = CARTESIAN_POINT('',(6.28318530718,0.));
#3952 = CARTESIAN_POINT('',(6.28318530718,152.4));
#3953 = ( GEOMETRIC_REPRESENTATION_CONTEXT(2) 
PARAMETRIC_REPRESENTATION_CONTEXT() REPRESENTATION_CONTEXT('2D SPACE',''
  ) );
#3954 = ORIENTED_EDGE('',*,*,#3955,.F.);
#3955 = EDGE_CURVE('',#2005,#3934,#3956,.T.);
#3956 = SURFACE_CURVE('',#3957,(#3962,#3975),.PCURVE_S1.);
#3957 = ELLIPSE('',#3958,6.735192090802,4.7625);
#3958 = AXIS2_PLACEMENT_3D('',#3959,#3960,#3961);
#3959 = CARTESIAN_POINT('',(-57.15,0.,-25.4));
#3960 = DIRECTION('',(0.707106781187,0.,0.707106781187));
#3961 = DIRECTION('',(-0.707106781187,0.,0.707106781187));
#3962 = PCURVE('',#1265,#3963);
#3963 = DEFINITIONAL_REPRESENTATION('',(#3964),#3974);
#3964 = B_SPLINE_CURVE_WITH_KNOTS('',8,(#3965,#3966,#3967,#3968,#3969,
    #3970,#3971,#3972,#3973),.UNSPECIFIED.,.F.,.F.,(9,9),(1.570796326795
    ,3.14159265359),.PIECEWISE_BEZIER_KNOTS.);
#3965 = CARTESIAN_POINT('',(4.712388980385,50.8));
#3966 = CARTESIAN_POINT('',(4.908738521234,49.864885311705));
#3967 = CARTESIAN_POINT('',(5.105088062078,48.929770401346));
#3968 = CARTESIAN_POINT('',(5.301437602939,48.049593093518));
#3969 = CARTESIAN_POINT('',(5.497787143751,47.279280200215));
#3970 = CARTESIAN_POINT('',(5.694136684634,46.667016554306));
#3971 = CARTESIAN_POINT('',(5.890486225475,46.247339445575));
#3972 = CARTESIAN_POINT('',(6.08683576633,46.0375));
#3973 = CARTESIAN_POINT('',(6.28318530718,46.0375));
#3974 = ( GEOMETRIC_REPRESENTATION_CONTEXT(2) 
PARAMETRIC_REPRESENTATION_CONTEXT() REPRESENTATION_CONTEXT('2D SPACE',''
  ) );
#3975 = PCURVE('',#3976,#3981);
#3976 = CYLINDRICAL_SURFACE('',#3977,4.7625);
#3977 = AXIS2_PLACEMENT_3D('',#3978,#3979,#3980);
#3978 = CARTESIAN_POINT('',(-114.3,0.,-25.4));
#3979 = DIRECTION('',(1.,0.,0.));
#3980 = DIRECTION('',(0.,0.,1.));
#3981 = DEFINITIONAL_REPRESENTATION('',(#3982),#3992);
#3982 = B_SPLINE_CURVE_WITH_KNOTS('',8,(#3983,#3984,#3985,#3986,#3987,
    #3988,#3989,#3990,#3991),.UNSPECIFIED.,.F.,.F.,(9,9),(1.570796326795
    ,3.14159265359),.PIECEWISE_BEZIER_KNOTS.);
#3983 = CARTESIAN_POINT('',(1.570796326795,57.15));
#3984 = CARTESIAN_POINT('',(1.767145867644,58.085114688295));
#3985 = CARTESIAN_POINT('',(1.963495408492,59.020229598598));
#3986 = CARTESIAN_POINT('',(2.159844949341,59.900406906416));
#3987 = CARTESIAN_POINT('',(2.356194490185,60.670719799514));
#3988 = CARTESIAN_POINT('',(2.552544031038,61.282983445639));
#3989 = CARTESIAN_POINT('',(2.74889357189,61.702660554346));
#3990 = CARTESIAN_POINT('',(2.94524311274,61.9125));
#3991 = CARTESIAN_POINT('',(3.14159265359,61.9125));
#3992 = ( GEOMETRIC_REPRESENTATION_CONTEXT(2) 
PARAMETRIC_REPRESENTATION_CONTEXT() REPRESENTATION_CONTEXT('2D SPACE',''
  ) );
#3993 = ORIENTED_EDGE('',*,*,#2004,.F.);
#3994 = ORIENTED_EDGE('',*,*,#3995,.F.);
#3995 = EDGE_CURVE('',#3934,#1964,#3996,.T.);
#3996 = SURFACE_CURVE('',#3997,(#4002,#4015),.PCURVE_S1.);
#3997 = ELLIPSE('',#3998,6.735192090802,4.7625);
#3998 = AXIS2_PLACEMENT_3D('',#3999,#4000,#4001);
#3999 = CARTESIAN_POINT('',(-57.15,0.,-25.4));
#4000 = DIRECTION('',(0.707106781187,0.,0.707106781187));
#4001 = DIRECTION('',(-0.707106781187,0.,0.707106781187));
#4002 = PCURVE('',#1265,#4003);
#4003 = DEFINITIONAL_REPRESENTATION('',(#4004),#4014);
#4004 = B_SPLINE_CURVE_WITH_KNOTS('',8,(#4005,#4006,#4007,#4008,#4009,
    #4010,#4011,#4012,#4013),.UNSPECIFIED.,.F.,.F.,(9,9),(3.14159265359,
    4.712388980385),.PIECEWISE_BEZIER_KNOTS.);
#4005 = CARTESIAN_POINT('',(-8.881784197001E-16,46.0375));
#4006 = CARTESIAN_POINT('',(0.196349540849,46.0375));
#4007 = CARTESIAN_POINT('',(0.392699081698,46.24733944566));
#4008 = CARTESIAN_POINT('',(0.58904862255,46.667016554135));
#4009 = CARTESIAN_POINT('',(0.785398163393,47.27928020044));
#4010 = CARTESIAN_POINT('',(0.981747704247,48.049593093279));
#4011 = CARTESIAN_POINT('',(1.178097245095,48.929770401401));
#4012 = CARTESIAN_POINT('',(1.374446785946,49.864885311705));
#4013 = CARTESIAN_POINT('',(1.570796326795,50.8));
#4014 = ( GEOMETRIC_REPRESENTATION_CONTEXT(2) 
PARAMETRIC_REPRESENTATION_CONTEXT() REPRESENTATION_CONTEXT('2D SPACE',''
  ) );
#4015 = PCURVE('',#3976,#4016);
#4016 = DEFINITIONAL_REPRESENTATION('',(#4017),#4027);
#4017 = B_SPLINE_CURVE_WITH_KNOTS('',8,(#4018,#4019,#4020,#4021,#4022,
    #4023,#4024,#4025,#4026),.UNSPECIFIED.,.F.,.F.,(9,9),(3.14159265359,
    4.712388980385),.PIECEWISE_BEZIER_KNOTS.);
#4018 = CARTESIAN_POINT('',(3.14159265359,61.9125));
#4019 = CARTESIAN_POINT('',(3.337942194439,61.9125));
#4020 = CARTESIAN_POINT('',(3.53429173529,61.702660554328));
#4021 = CARTESIAN_POINT('',(3.730641276125,61.282983445653));
#4022 = CARTESIAN_POINT('',(3.926990816991,60.67071979958));
#4023 = CARTESIAN_POINT('',(4.123340357826,59.900406906491));
#4024 = CARTESIAN_POINT('',(4.319689898686,59.0202295986));
#4025 = CARTESIAN_POINT('',(4.516039439535,58.085114688295));
#4026 = CARTESIAN_POINT('',(4.712388980385,57.15));
#4027 = ( GEOMETRIC_REPRESENTATION_CONTEXT(2) 
PARAMETRIC_REPRESENTATION_CONTEXT() REPRESENTATION_CONTEXT('2D SPACE',''
  ) );
#4028 = ORIENTED_EDGE('',*,*,#3933,.F.);
#4029 = ORIENTED_EDGE('',*,*,#1283,.T.);
#4030 = ORIENTED_EDGE('',*,*,#1242,.T.);
#4031 = ADVANCED_FACE('',(#4032),#1364,.T.);
#4032 = FACE_BOUND('',#4033,.T.);
#4033 = EDGE_LOOP('',(#4034,#4035,#4036,#4058,#4099,#4149,#4183,#4184,
    #4185));
#4034 = ORIENTED_EDGE('',*,*,#1806,.T.);
#4035 = ORIENTED_EDGE('',*,*,#1770,.T.);
#4036 = ORIENTED_EDGE('',*,*,#4037,.T.);
#4037 = EDGE_CURVE('',#1383,#4038,#4040,.T.);
#4038 = VERTEX_POINT('',#4039);
#4039 = CARTESIAN_POINT('',(4.7625,0.,-30.1625));
#4040 = SEAM_CURVE('',#4041,(#4045,#4052),.PCURVE_S1.);
#4041 = LINE('',#4042,#4043);
#4042 = CARTESIAN_POINT('',(4.7625,0.,-76.2));
#4043 = VECTOR('',#4044,1.);
#4044 = DIRECTION('',(0.,0.,1.));
#4045 = PCURVE('',#1364,#4046);
#4046 = DEFINITIONAL_REPRESENTATION('',(#4047),#4051);
#4047 = LINE('',#4048,#4049);
#4048 = CARTESIAN_POINT('',(0.,0.));
#4049 = VECTOR('',#4050,1.);
#4050 = DIRECTION('',(0.,1.));
#4051 = ( GEOMETRIC_REPRESENTATION_CONTEXT(2) 
PARAMETRIC_REPRESENTATION_CONTEXT() REPRESENTATION_CONTEXT('2D SPACE',''
  ) );
#4052 = PCURVE('',#1364,#4053);
#4053 = DEFINITIONAL_REPRESENTATION('',(#4054),#4057);
#4054 = B_SPLINE_CURVE_WITH_KNOTS('',1,(#4055,#4056),.UNSPECIFIED.,.F.,
  .F.,(2,2),(0.,152.4),.PIECEWISE_BEZIER_KNOTS.);
#4055 = CARTESIAN_POINT('',(6.28318530718,0.));
#4056 = CARTESIAN_POINT('',(6.28318530718,152.4));
#4057 = ( GEOMETRIC_REPRESENTATION_CONTEXT(2) 
PARAMETRIC_REPRESENTATION_CONTEXT() REPRESENTATION_CONTEXT('2D SPACE',''
  ) );
#4058 = ORIENTED_EDGE('',*,*,#4059,.F.);
#4059 = EDGE_CURVE('',#4060,#4038,#4062,.T.);
#4060 = VERTEX_POINT('',#4061);
#4061 = CARTESIAN_POINT('',(-5.832380380939E-16,-4.7625,-25.4));
#4062 = SURFACE_CURVE('',#4063,(#4068,#4081),.PCURVE_S1.);
#4063 = ELLIPSE('',#4064,6.735192090802,4.7625);
#4064 = AXIS2_PLACEMENT_3D('',#4065,#4066,#4067);
#4065 = CARTESIAN_POINT('',(0.,0.,-25.4));
#4066 = DIRECTION('',(0.707106781187,0.,0.707106781187));
#4067 = DIRECTION('',(-0.707106781187,0.,0.707106781187));
#4068 = PCURVE('',#1364,#4069);
#4069 = DEFINITIONAL_REPRESENTATION('',(#4070),#4080);
#4070 = B_SPLINE_CURVE_WITH_KNOTS('',8,(#4071,#4072,#4073,#4074,#4075,
    #4076,#4077,#4078,#4079),.UNSPECIFIED.,.F.,.F.,(9,9),(1.570796326795
    ,3.14159265359),.PIECEWISE_BEZIER_KNOTS.);
#4071 = CARTESIAN_POINT('',(4.712388980385,50.8));
#4072 = CARTESIAN_POINT('',(4.908738521234,49.864885311705));
#4073 = CARTESIAN_POINT('',(5.105088062082,48.929770401346));
#4074 = CARTESIAN_POINT('',(5.301437602924,48.049593093518));
#4075 = CARTESIAN_POINT('',(5.497787143794,47.279280200215));
#4076 = CARTESIAN_POINT('',(5.694136684619,46.667016554306));
#4077 = CARTESIAN_POINT('',(5.890486225481,46.247339445575));
#4078 = CARTESIAN_POINT('',(6.08683576633,46.0375));
#4079 = CARTESIAN_POINT('',(6.28318530718,46.0375));
#4080 = ( GEOMETRIC_REPRESENTATION_CONTEXT(2) 
PARAMETRIC_REPRESENTATION_CONTEXT() REPRESENTATION_CONTEXT('2D SPACE',''
  ) );
#4081 = PCURVE('',#4082,#4087);
#4082 = CYLINDRICAL_SURFACE('',#4083,4.7625);
#4083 = AXIS2_PLACEMENT_3D('',#4084,#4085,#4086);
#4084 = CARTESIAN_POINT('',(-114.3,0.,-25.4));
#4085 = DIRECTION('',(1.,0.,0.));
#4086 = DIRECTION('',(0.,0.,1.));
#4087 = DEFINITIONAL_REPRESENTATION('',(#4088),#4098);
#4088 = B_SPLINE_CURVE_WITH_KNOTS('',8,(#4089,#4090,#4091,#4092,#4093,
    #4094,#4095,#4096,#4097),.UNSPECIFIED.,.F.,.F.,(9,9),(1.570796326795
    ,3.14159265359),.PIECEWISE_BEZIER_KNOTS.);
#4089 = CARTESIAN_POINT('',(1.570796326795,114.3));
#4090 = CARTESIAN_POINT('',(1.767145867644,115.23511468829));
#4091 = CARTESIAN_POINT('',(1.963495408492,116.17022959855));
#4092 = CARTESIAN_POINT('',(2.159844949341,117.05040690639));
#4093 = CARTESIAN_POINT('',(2.356194490185,117.8207197994));
#4094 = CARTESIAN_POINT('',(2.552544031038,118.43298344541));
#4095 = CARTESIAN_POINT('',(2.74889357189,118.85266055433));
#4096 = CARTESIAN_POINT('',(2.94524311274,119.0625));
#4097 = CARTESIAN_POINT('',(3.14159265359,119.0625));
#4098 = ( GEOMETRIC_REPRESENTATION_CONTEXT(2) 
PARAMETRIC_REPRESENTATION_CONTEXT() REPRESENTATION_CONTEXT('2D SPACE',''
  ) );
#4099 = ORIENTED_EDGE('',*,*,#4100,.F.);
#4100 = EDGE_CURVE('',#4101,#4060,#4103,.T.);
#4101 = VERTEX_POINT('',#4102);
#4102 = CARTESIAN_POINT('',(5.832380380939E-16,4.7625,-25.4));
#4103 = SURFACE_CURVE('',#4104,(#4109,#4129),.PCURVE_S1.);
#4104 = ELLIPSE('',#4105,6.735192090802,4.7625);
#4105 = AXIS2_PLACEMENT_3D('',#4106,#4107,#4108);
#4106 = CARTESIAN_POINT('',(0.,0.,-25.4));
#4107 = DIRECTION('',(-0.707106781187,0.,0.707106781187));
#4108 = DIRECTION('',(0.707106781187,0.,0.707106781187));
#4109 = PCURVE('',#1364,#4110);
#4110 = DEFINITIONAL_REPRESENTATION('',(#4111),#4128);
#4111 = B_SPLINE_CURVE_WITH_KNOTS('',8,(#4112,#4113,#4114,#4115,#4116,
    #4117,#4118,#4119,#4120,#4121,#4122,#4123,#4124,#4125,#4126,#4127),
  .UNSPECIFIED.,.F.,.F.,(9,7,9),(1.570796326795,3.14159265359,
    4.712388980385),.UNSPECIFIED.);
#4112 = CARTESIAN_POINT('',(1.570796326795,50.8));
#4113 = CARTESIAN_POINT('',(1.767145867644,49.864885311705));
#4114 = CARTESIAN_POINT('',(1.96349540849,48.929770401346));
#4115 = CARTESIAN_POINT('',(2.159844949352,48.049593093518));
#4116 = CARTESIAN_POINT('',(2.356194490178,47.279280200215));
#4117 = CARTESIAN_POINT('',(2.552544031053,46.667016554306));
#4118 = CARTESIAN_POINT('',(2.748893571888,46.247339445575));
#4119 = CARTESIAN_POINT('',(2.94524311274,46.0375));
#4120 = CARTESIAN_POINT('',(3.337942194439,46.0375));
#4121 = CARTESIAN_POINT('',(3.534291735287,46.24733944566));
#4122 = CARTESIAN_POINT('',(3.73064127613,46.667016554135));
#4123 = CARTESIAN_POINT('',(3.926990816975,47.27928020044));
#4124 = CARTESIAN_POINT('',(4.123340357832,48.049593093279));
#4125 = CARTESIAN_POINT('',(4.319689898683,48.929770401401));
#4126 = CARTESIAN_POINT('',(4.516039439535,49.864885311705));
#4127 = CARTESIAN_POINT('',(4.712388980385,50.8));
#4128 = ( GEOMETRIC_REPRESENTATION_CONTEXT(2) 
PARAMETRIC_REPRESENTATION_CONTEXT() REPRESENTATION_CONTEXT('2D SPACE',''
  ) );
#4129 = PCURVE('',#3976,#4130);
#4130 = DEFINITIONAL_REPRESENTATION('',(#4131),#4148);
#4131 = B_SPLINE_CURVE_WITH_KNOTS('',8,(#4132,#4133,#4134,#4135,#4136,
    #4137,#4138,#4139,#4140,#4141,#4142,#4143,#4144,#4145,#4146,#4147),
  .UNSPECIFIED.,.F.,.F.,(9,7,9),(1.570796326795,3.14159265359,
    4.712388980385),.UNSPECIFIED.);
#4132 = CARTESIAN_POINT('',(4.712388980385,114.3));
#4133 = CARTESIAN_POINT('',(4.516039439535,113.3648853117));
#4134 = CARTESIAN_POINT('',(4.319689898686,112.42977040141));
#4135 = CARTESIAN_POINT('',(4.123340357829,111.54959309297));
#4136 = CARTESIAN_POINT('',(3.926990816986,110.77928020037));
#4137 = CARTESIAN_POINT('',(3.730641276128,110.16701655393));
#4138 = CARTESIAN_POINT('',(3.534291735289,109.74733944569));
#4139 = CARTESIAN_POINT('',(3.337942194439,109.5375));
#4140 = CARTESIAN_POINT('',(2.94524311274,109.5375));
#4141 = CARTESIAN_POINT('',(2.748893571891,109.74733944566));
#4142 = CARTESIAN_POINT('',(2.552544031036,110.16701655398));
#4143 = CARTESIAN_POINT('',(2.356194490194,110.77928020011));
#4144 = CARTESIAN_POINT('',(2.159844949341,111.5495930933));
#4145 = CARTESIAN_POINT('',(1.963495408494,112.42977040139));
#4146 = CARTESIAN_POINT('',(1.767145867644,113.3648853117));
#4147 = CARTESIAN_POINT('',(1.570796326795,114.3));
#4148 = ( GEOMETRIC_REPRESENTATION_CONTEXT(2) 
PARAMETRIC_REPRESENTATION_CONTEXT() REPRESENTATION_CONTEXT('2D SPACE',''
  ) );
#4149 = ORIENTED_EDGE('',*,*,#4150,.F.);
#4150 = EDGE_CURVE('',#4038,#4101,#4151,.T.);
#4151 = SURFACE_CURVE('',#4152,(#4157,#4170),.PCURVE_S1.);
#4152 = ELLIPSE('',#4153,6.735192090802,4.7625);
#4153 = AXIS2_PLACEMENT_3D('',#4154,#4155,#4156);
#4154 = CARTESIAN_POINT('',(0.,0.,-25.4));
#4155 = DIRECTION('',(0.707106781187,0.,0.707106781187));
#4156 = DIRECTION('',(-0.707106781187,0.,0.707106781187));
#4157 = PCURVE('',#1364,#4158);
#4158 = DEFINITIONAL_REPRESENTATION('',(#4159),#4169);
#4159 = B_SPLINE_CURVE_WITH_KNOTS('',8,(#4160,#4161,#4162,#4163,#4164,
    #4165,#4166,#4167,#4168),.UNSPECIFIED.,.F.,.F.,(9,9),(3.14159265359,
    4.712388980385),.PIECEWISE_BEZIER_KNOTS.);
#4160 = CARTESIAN_POINT('',(-8.881784197001E-16,46.0375));
#4161 = CARTESIAN_POINT('',(0.196349540849,46.0375));
#4162 = CARTESIAN_POINT('',(0.392699081698,46.24733944566));
#4163 = CARTESIAN_POINT('',(0.589048622549,46.667016554135));
#4164 = CARTESIAN_POINT('',(0.785398163392,47.27928020044));
#4165 = CARTESIAN_POINT('',(0.981747704249,48.049593093279));
#4166 = CARTESIAN_POINT('',(1.178097245095,48.929770401401));
#4167 = CARTESIAN_POINT('',(1.374446785946,49.864885311705));
#4168 = CARTESIAN_POINT('',(1.570796326795,50.8));
#4169 = ( GEOMETRIC_REPRESENTATION_CONTEXT(2) 
PARAMETRIC_REPRESENTATION_CONTEXT() REPRESENTATION_CONTEXT('2D SPACE',''
  ) );
#4170 = PCURVE('',#4082,#4171);
#4171 = DEFINITIONAL_REPRESENTATION('',(#4172),#4182);
#4172 = B_SPLINE_CURVE_WITH_KNOTS('',8,(#4173,#4174,#4175,#4176,#4177,
    #4178,#4179,#4180,#4181),.UNSPECIFIED.,.F.,.F.,(9,9),(3.14159265359,
    4.712388980385),.PIECEWISE_BEZIER_KNOTS.);
#4173 = CARTESIAN_POINT('',(3.14159265359,119.0625));
#4174 = CARTESIAN_POINT('',(3.337942194439,119.0625));
#4175 = CARTESIAN_POINT('',(3.53429173529,118.85266055426));
#4176 = CARTESIAN_POINT('',(3.730641276125,118.43298344602));
#4177 = CARTESIAN_POINT('',(3.926990816991,117.82071979872));
#4178 = CARTESIAN_POINT('',(4.123340357826,117.05040690667));
#4179 = CARTESIAN_POINT('',(4.319689898686,116.17022959846));
#4180 = CARTESIAN_POINT('',(4.516039439535,115.23511468829));
#4181 = CARTESIAN_POINT('',(4.712388980385,114.3));
#4182 = ( GEOMETRIC_REPRESENTATION_CONTEXT(2) 
PARAMETRIC_REPRESENTATION_CONTEXT() REPRESENTATION_CONTEXT('2D SPACE',''
  ) );
#4183 = ORIENTED_EDGE('',*,*,#4037,.F.);
#4184 = ORIENTED_EDGE('',*,*,#1382,.T.);
#4185 = ORIENTED_EDGE('',*,*,#1341,.T.);
#4186 = ADVANCED_FACE('',(#4187),#1463,.T.);
#4187 = FACE_BOUND('',#4188,.T.);
#4188 = EDGE_LOOP('',(#4189,#4190,#4191,#4213,#4254,#4304,#4338,#4339,
    #4340));
#4189 = ORIENTED_EDGE('',*,*,#1735,.T.);
#4190 = ORIENTED_EDGE('',*,*,#1699,.T.);
#4191 = ORIENTED_EDGE('',*,*,#4192,.T.);
#4192 = EDGE_CURVE('',#1482,#4193,#4195,.T.);
#4193 = VERTEX_POINT('',#4194);
#4194 = CARTESIAN_POINT('',(61.9125,0.,-30.1625));
#4195 = SEAM_CURVE('',#4196,(#4200,#4207),.PCURVE_S1.);
#4196 = LINE('',#4197,#4198);
#4197 = CARTESIAN_POINT('',(61.9125,0.,-76.2));
#4198 = VECTOR('',#4199,1.);
#4199 = DIRECTION('',(0.,0.,1.));
#4200 = PCURVE('',#1463,#4201);
#4201 = DEFINITIONAL_REPRESENTATION('',(#4202),#4206);
#4202 = LINE('',#4203,#4204);
#4203 = CARTESIAN_POINT('',(0.,0.));
#4204 = VECTOR('',#4205,1.);
#4205 = DIRECTION('',(0.,1.));
#4206 = ( GEOMETRIC_REPRESENTATION_CONTEXT(2) 
PARAMETRIC_REPRESENTATION_CONTEXT() REPRESENTATION_CONTEXT('2D SPACE',''
  ) );
#4207 = PCURVE('',#1463,#4208);
#4208 = DEFINITIONAL_REPRESENTATION('',(#4209),#4212);
#4209 = B_SPLINE_CURVE_WITH_KNOTS('',1,(#4210,#4211),.UNSPECIFIED.,.F.,
  .F.,(2,2),(0.,152.4),.PIECEWISE_BEZIER_KNOTS.);
#4210 = CARTESIAN_POINT('',(6.28318530718,0.));
#4211 = CARTESIAN_POINT('',(6.28318530718,152.4));
#4212 = ( GEOMETRIC_REPRESENTATION_CONTEXT(2) 
PARAMETRIC_REPRESENTATION_CONTEXT() REPRESENTATION_CONTEXT('2D SPACE',''
  ) );
#4213 = ORIENTED_EDGE('',*,*,#4214,.F.);
#4214 = EDGE_CURVE('',#4215,#4193,#4217,.T.);
#4215 = VERTEX_POINT('',#4216);
#4216 = CARTESIAN_POINT('',(57.15,-4.7625,-25.4));
#4217 = SURFACE_CURVE('',#4218,(#4223,#4236),.PCURVE_S1.);
#4218 = ELLIPSE('',#4219,6.735192090802,4.7625);
#4219 = AXIS2_PLACEMENT_3D('',#4220,#4221,#4222);
#4220 = CARTESIAN_POINT('',(57.15,0.,-25.4));
#4221 = DIRECTION('',(0.707106781187,0.,0.707106781187));
#4222 = DIRECTION('',(-0.707106781187,0.,0.707106781187));
#4223 = PCURVE('',#1463,#4224);
#4224 = DEFINITIONAL_REPRESENTATION('',(#4225),#4235);
#4225 = B_SPLINE_CURVE_WITH_KNOTS('',8,(#4226,#4227,#4228,#4229,#4230,
    #4231,#4232,#4233,#4234),.UNSPECIFIED.,.F.,.F.,(9,9),(1.570796326795
    ,3.14159265359),.PIECEWISE_BEZIER_KNOTS.);
#4226 = CARTESIAN_POINT('',(4.712388980385,50.8));
#4227 = CARTESIAN_POINT('',(4.908738521234,49.864885311705));
#4228 = CARTESIAN_POINT('',(5.105088062078,48.929770401346));
#4229 = CARTESIAN_POINT('',(5.301437602939,48.049593093518));
#4230 = CARTESIAN_POINT('',(5.497787143751,47.279280200215));
#4231 = CARTESIAN_POINT('',(5.694136684634,46.667016554306));
#4232 = CARTESIAN_POINT('',(5.890486225475,46.247339445575));
#4233 = CARTESIAN_POINT('',(6.08683576633,46.0375));
#4234 = CARTESIAN_POINT('',(6.28318530718,46.0375));
#4235 = ( GEOMETRIC_REPRESENTATION_CONTEXT(2) 
PARAMETRIC_REPRESENTATION_CONTEXT() REPRESENTATION_CONTEXT('2D SPACE',''
  ) );
#4236 = PCURVE('',#4237,#4242);
#4237 = CYLINDRICAL_SURFACE('',#4238,4.7625);
#4238 = AXIS2_PLACEMENT_3D('',#4239,#4240,#4241);
#4239 = CARTESIAN_POINT('',(-114.3,0.,-25.4));
#4240 = DIRECTION('',(1.,0.,0.));
#4241 = DIRECTION('',(0.,0.,1.));
#4242 = DEFINITIONAL_REPRESENTATION('',(#4243),#4253);
#4243 = B_SPLINE_CURVE_WITH_KNOTS('',8,(#4244,#4245,#4246,#4247,#4248,
    #4249,#4250,#4251,#4252),.UNSPECIFIED.,.F.,.F.,(9,9),(1.570796326795
    ,3.14159265359),.PIECEWISE_BEZIER_KNOTS.);
#4244 = CARTESIAN_POINT('',(1.570796326795,171.45));
#4245 = CARTESIAN_POINT('',(1.767145867644,172.38511468829));
#4246 = CARTESIAN_POINT('',(1.963495408492,173.32022959847));
#4247 = CARTESIAN_POINT('',(2.159844949341,174.20040690653));
#4248 = CARTESIAN_POINT('',(2.356194490185,174.97071979887));
#4249 = CARTESIAN_POINT('',(2.552544031038,175.58298344602));
#4250 = CARTESIAN_POINT('',(2.74889357189,176.00266055419));
#4251 = CARTESIAN_POINT('',(2.94524311274,176.2125));
#4252 = CARTESIAN_POINT('',(3.14159265359,176.2125));
#4253 = ( GEOMETRIC_REPRESENTATION_CONTEXT(2) 
PARAMETRIC_REPRESENTATION_CONTEXT() REPRESENTATION_CONTEXT('2D SPACE',''
  ) );
#4254 = ORIENTED_EDGE('',*,*,#4255,.F.);
#4255 = EDGE_CURVE('',#4256,#4215,#4258,.T.);
#4256 = VERTEX_POINT('',#4257);
#4257 = CARTESIAN_POINT('',(57.15,4.7625,-25.4));
#4258 = SURFACE_CURVE('',#4259,(#4264,#4284),.PCURVE_S1.);
#4259 = ELLIPSE('',#4260,6.735192090802,4.7625);
#4260 = AXIS2_PLACEMENT_3D('',#4261,#4262,#4263);
#4261 = CARTESIAN_POINT('',(57.15,0.,-25.4));
#4262 = DIRECTION('',(-0.707106781187,0.,0.707106781187));
#4263 = DIRECTION('',(0.707106781187,0.,0.707106781187));
#4264 = PCURVE('',#1463,#4265);
#4265 = DEFINITIONAL_REPRESENTATION('',(#4266),#4283);
#4266 = B_SPLINE_CURVE_WITH_KNOTS('',8,(#4267,#4268,#4269,#4270,#4271,
    #4272,#4273,#4274,#4275,#4276,#4277,#4278,#4279,#4280,#4281,#4282),
  .UNSPECIFIED.,.F.,.F.,(9,7,9),(1.570796326795,3.14159265359,
    4.712388980385),.UNSPECIFIED.);
#4267 = CARTESIAN_POINT('',(1.570796326795,50.8));
#4268 = CARTESIAN_POINT('',(1.767145867644,49.864885311705));
#4269 = CARTESIAN_POINT('',(1.96349540849,48.929770401346));
#4270 = CARTESIAN_POINT('',(2.159844949345,48.049593093518));
#4271 = CARTESIAN_POINT('',(2.356194490178,47.279280200215));
#4272 = CARTESIAN_POINT('',(2.552544031045,46.667016554306));
#4273 = CARTESIAN_POINT('',(2.748893571888,46.247339445575));
#4274 = CARTESIAN_POINT('',(2.94524311274,46.0375));
#4275 = CARTESIAN_POINT('',(3.337942194439,46.0375));
#4276 = CARTESIAN_POINT('',(3.534291735284,46.24733944566));
#4277 = CARTESIAN_POINT('',(3.730641276142,46.667016554135));
#4278 = CARTESIAN_POINT('',(3.926990816965,47.27928020044));
#4279 = CARTESIAN_POINT('',(4.123340357844,48.049593093279));
#4280 = CARTESIAN_POINT('',(4.319689898681,48.929770401401));
#4281 = CARTESIAN_POINT('',(4.516039439535,49.864885311705));
#4282 = CARTESIAN_POINT('',(4.712388980385,50.8));
#4283 = ( GEOMETRIC_REPRESENTATION_CONTEXT(2) 
PARAMETRIC_REPRESENTATION_CONTEXT() REPRESENTATION_CONTEXT('2D SPACE',''
  ) );
#4284 = PCURVE('',#4082,#4285);
#4285 = DEFINITIONAL_REPRESENTATION('',(#4286),#4303);
#4286 = B_SPLINE_CURVE_WITH_KNOTS('',8,(#4287,#4288,#4289,#4290,#4291,
    #4292,#4293,#4294,#4295,#4296,#4297,#4298,#4299,#4300,#4301,#4302),
  .UNSPECIFIED.,.F.,.F.,(9,7,9),(1.570796326795,3.14159265359,
    4.712388980385),.UNSPECIFIED.);
#4287 = CARTESIAN_POINT('',(4.712388980385,171.45));
#4288 = CARTESIAN_POINT('',(4.516039439535,170.5148853117));
#4289 = CARTESIAN_POINT('',(4.319689898686,169.5797704012));
#4290 = CARTESIAN_POINT('',(4.123340357829,168.69959309395));
#4291 = CARTESIAN_POINT('',(3.926990816986,167.92928019951));
#4292 = CARTESIAN_POINT('',(3.730641276128,167.31701655476));
#4293 = CARTESIAN_POINT('',(3.534291735289,166.89733944545));
#4294 = CARTESIAN_POINT('',(3.337942194439,166.6875));
#4295 = CARTESIAN_POINT('',(2.94524311274,166.6875));
#4296 = CARTESIAN_POINT('',(2.748893571891,166.89733944565));
#4297 = CARTESIAN_POINT('',(2.552544031036,167.31701655365));
#4298 = CARTESIAN_POINT('',(2.356194490194,167.9292802004));
#4299 = CARTESIAN_POINT('',(2.159844949341,168.69959309284));
#4300 = CARTESIAN_POINT('',(1.963495408494,169.57977040142));
#4301 = CARTESIAN_POINT('',(1.767145867644,170.5148853117));
#4302 = CARTESIAN_POINT('',(1.570796326795,171.45));
#4303 = ( GEOMETRIC_REPRESENTATION_CONTEXT(2) 
PARAMETRIC_REPRESENTATION_CONTEXT() REPRESENTATION_CONTEXT('2D SPACE',''
  ) );
#4304 = ORIENTED_EDGE('',*,*,#4305,.F.);
#4305 = EDGE_CURVE('',#4193,#4256,#4306,.T.);
#4306 = SURFACE_CURVE('',#4307,(#4312,#4325),.PCURVE_S1.);
#4307 = ELLIPSE('',#4308,6.735192090802,4.7625);
#4308 = AXIS2_PLACEMENT_3D('',#4309,#4310,#4311);
#4309 = CARTESIAN_POINT('',(57.15,0.,-25.4));
#4310 = DIRECTION('',(0.707106781187,0.,0.707106781187));
#4311 = DIRECTION('',(-0.707106781187,0.,0.707106781187));
#4312 = PCURVE('',#1463,#4313);
#4313 = DEFINITIONAL_REPRESENTATION('',(#4314),#4324);
#4314 = B_SPLINE_CURVE_WITH_KNOTS('',8,(#4315,#4316,#4317,#4318,#4319,
    #4320,#4321,#4322,#4323),.UNSPECIFIED.,.F.,.F.,(9,9),(3.14159265359,
    4.712388980385),.PIECEWISE_BEZIER_KNOTS.);
#4315 = CARTESIAN_POINT('',(-8.881784197001E-16,46.0375));
#4316 = CARTESIAN_POINT('',(0.196349540849,46.0375));
#4317 = CARTESIAN_POINT('',(0.392699081698,46.24733944566));
#4318 = CARTESIAN_POINT('',(0.58904862255,46.667016554135));
#4319 = CARTESIAN_POINT('',(0.785398163393,47.27928020044));
#4320 = CARTESIAN_POINT('',(0.981747704247,48.049593093279));
#4321 = CARTESIAN_POINT('',(1.178097245095,48.929770401401));
#4322 = CARTESIAN_POINT('',(1.374446785946,49.864885311705));
#4323 = CARTESIAN_POINT('',(1.570796326795,50.8));
#4324 = ( GEOMETRIC_REPRESENTATION_CONTEXT(2) 
PARAMETRIC_REPRESENTATION_CONTEXT() REPRESENTATION_CONTEXT('2D SPACE',''
  ) );
#4325 = PCURVE('',#4237,#4326);
#4326 = DEFINITIONAL_REPRESENTATION('',(#4327),#4337);
#4327 = B_SPLINE_CURVE_WITH_KNOTS('',8,(#4328,#4329,#4330,#4331,#4332,
    #4333,#4334,#4335,#4336),.UNSPECIFIED.,.F.,.F.,(9,9),(3.14159265359,
    4.712388980385),.PIECEWISE_BEZIER_KNOTS.);
#4328 = CARTESIAN_POINT('',(3.14159265359,176.2125));
#4329 = CARTESIAN_POINT('',(3.337942194439,176.2125));
#4330 = CARTESIAN_POINT('',(3.53429173529,176.00266055444));
#4331 = CARTESIAN_POINT('',(3.730641276125,175.58298344489));
#4332 = CARTESIAN_POINT('',(3.926990816991,174.97071980048));
#4333 = CARTESIAN_POINT('',(4.123340357826,174.20040690569));
#4334 = CARTESIAN_POINT('',(4.319689898686,173.32022959869));
#4335 = CARTESIAN_POINT('',(4.516039439535,172.38511468829));
#4336 = CARTESIAN_POINT('',(4.712388980385,171.45));
#4337 = ( GEOMETRIC_REPRESENTATION_CONTEXT(2) 
PARAMETRIC_REPRESENTATION_CONTEXT() REPRESENTATION_CONTEXT('2D SPACE',''
  ) );
#4338 = ORIENTED_EDGE('',*,*,#4192,.F.);
#4339 = ORIENTED_EDGE('',*,*,#1481,.T.);
#4340 = ORIENTED_EDGE('',*,*,#1440,.T.);
#4341 = ADVANCED_FACE('',(#4342,#4544,#4668),#1562,.T.);
#4342 = FACE_BOUND('',#4343,.T.);
#4343 = EDGE_LOOP('',(#4344,#4345,#4374,#4396,#4423,#4424,#4472,#4473,
    #4509,#4543));
#4344 = ORIENTED_EDGE('',*,*,#1664,.T.);
#4345 = ORIENTED_EDGE('',*,*,#4346,.T.);
#4346 = EDGE_CURVE('',#1636,#4347,#4349,.T.);
#4347 = VERTEX_POINT('',#4348);
#4348 = CARTESIAN_POINT('',(119.0625,-1.166476076188E-15,-76.2));
#4349 = SURFACE_CURVE('',#4350,(#4355,#4362),.PCURVE_S1.);
#4350 = CIRCLE('',#4351,4.7625);
#4351 = AXIS2_PLACEMENT_3D('',#4352,#4353,#4354);
#4352 = CARTESIAN_POINT('',(114.3,0.,-76.2));
#4353 = DIRECTION('',(0.,0.,1.));
#4354 = DIRECTION('',(1.,0.,-0.));
#4355 = PCURVE('',#1562,#4356);
#4356 = DEFINITIONAL_REPRESENTATION('',(#4357),#4361);
#4357 = LINE('',#4358,#4359);
#4358 = CARTESIAN_POINT('',(0.,0.));
#4359 = VECTOR('',#4360,1.);
#4360 = DIRECTION('',(1.,0.));
#4361 = ( GEOMETRIC_REPRESENTATION_CONTEXT(2) 
PARAMETRIC_REPRESENTATION_CONTEXT() REPRESENTATION_CONTEXT('2D SPACE',''
  ) );
#4362 = PCURVE('',#4363,#4368);
#4363 = PLANE('',#4364);
#4364 = AXIS2_PLACEMENT_3D('',#4365,#4366,#4367);
#4365 = CARTESIAN_POINT('',(114.3,-7.686657533969E-16,-76.2));
#4366 = DIRECTION('',(0.,0.,1.));
#4367 = DIRECTION('',(1.,0.,-0.));
#4368 = DEFINITIONAL_REPRESENTATION('',(#4369),#4373);
#4369 = CIRCLE('',#4370,4.7625);
#4370 = AXIS2_PLACEMENT_2D('',#4371,#4372);
#4371 = CARTESIAN_POINT('',(0.,7.686657533969E-16));
#4372 = DIRECTION('',(1.,0.));
#4373 = ( GEOMETRIC_REPRESENTATION_CONTEXT(2) 
PARAMETRIC_REPRESENTATION_CONTEXT() REPRESENTATION_CONTEXT('2D SPACE',''
  ) );
#4374 = ORIENTED_EDGE('',*,*,#4375,.T.);
#4375 = EDGE_CURVE('',#4347,#4376,#4378,.T.);
#4376 = VERTEX_POINT('',#4377);
#4377 = CARTESIAN_POINT('',(119.0625,-1.166476076188E-15,76.2));
#4378 = SEAM_CURVE('',#4379,(#4383,#4390),.PCURVE_S1.);
#4379 = LINE('',#4380,#4381);
#4380 = CARTESIAN_POINT('',(119.0625,0.,-76.2));
#4381 = VECTOR('',#4382,1.);
#4382 = DIRECTION('',(0.,0.,1.));
#4383 = PCURVE('',#1562,#4384);
#4384 = DEFINITIONAL_REPRESENTATION('',(#4385),#4389);
#4385 = LINE('',#4386,#4387);
#4386 = CARTESIAN_POINT('',(0.,0.));
#4387 = VECTOR('',#4388,1.);
#4388 = DIRECTION('',(0.,1.));
#4389 = ( GEOMETRIC_REPRESENTATION_CONTEXT(2) 
PARAMETRIC_REPRESENTATION_CONTEXT() REPRESENTATION_CONTEXT('2D SPACE',''
  ) );
#4390 = PCURVE('',#1562,#4391);
#4391 = DEFINITIONAL_REPRESENTATION('',(#4392),#4395);
#4392 = B_SPLINE_CURVE_WITH_KNOTS('',1,(#4393,#4394),.UNSPECIFIED.,.F.,
  .F.,(2,2),(0.,152.4),.PIECEWISE_BEZIER_KNOTS.);
#4393 = CARTESIAN_POINT('',(6.28318530718,0.));
#4394 = CARTESIAN_POINT('',(6.28318530718,152.4));
#4395 = ( GEOMETRIC_REPRESENTATION_CONTEXT(2) 
PARAMETRIC_REPRESENTATION_CONTEXT() REPRESENTATION_CONTEXT('2D SPACE',''
  ) );
#4396 = ORIENTED_EDGE('',*,*,#4397,.F.);
#4397 = EDGE_CURVE('',#2366,#4376,#4398,.T.);
#4398 = SURFACE_CURVE('',#4399,(#4404,#4411),.PCURVE_S1.);
#4399 = CIRCLE('',#4400,4.7625);
#4400 = AXIS2_PLACEMENT_3D('',#4401,#4402,#4403);
#4401 = CARTESIAN_POINT('',(114.3,0.,76.2));
#4402 = DIRECTION('',(0.,0.,1.));
#4403 = DIRECTION('',(1.,0.,-0.));
#4404 = PCURVE('',#1562,#4405);
#4405 = DEFINITIONAL_REPRESENTATION('',(#4406),#4410);
#4406 = LINE('',#4407,#4408);
#4407 = CARTESIAN_POINT('',(0.,152.4));
#4408 = VECTOR('',#4409,1.);
#4409 = DIRECTION('',(1.,0.));
#4410 = ( GEOMETRIC_REPRESENTATION_CONTEXT(2) 
PARAMETRIC_REPRESENTATION_CONTEXT() REPRESENTATION_CONTEXT('2D SPACE',''
  ) );
#4411 = PCURVE('',#4412,#4417);
#4412 = PLANE('',#4413);
#4413 = AXIS2_PLACEMENT_3D('',#4414,#4415,#4416);
#4414 = CARTESIAN_POINT('',(114.3,-7.686657533969E-16,76.2));
#4415 = DIRECTION('',(0.,0.,1.));
#4416 = DIRECTION('',(1.,0.,-0.));
#4417 = DEFINITIONAL_REPRESENTATION('',(#4418),#4422);
#4418 = CIRCLE('',#4419,4.7625);
#4419 = AXIS2_PLACEMENT_2D('',#4420,#4421);
#4420 = CARTESIAN_POINT('',(0.,7.686657533969E-16));
#4421 = DIRECTION('',(1.,0.));
#4422 = ( GEOMETRIC_REPRESENTATION_CONTEXT(2) 
PARAMETRIC_REPRESENTATION_CONTEXT() REPRESENTATION_CONTEXT('2D SPACE',''
  ) );
#4423 = ORIENTED_EDGE('',*,*,#2365,.F.);
#4424 = ORIENTED_EDGE('',*,*,#4425,.F.);
#4425 = EDGE_CURVE('',#4376,#2311,#4426,.T.);
#4426 = SURFACE_CURVE('',#4427,(#4432,#4452),.PCURVE_S1.);
#4427 = ELLIPSE('',#4428,6.735192090802,4.7625);
#4428 = AXIS2_PLACEMENT_3D('',#4429,#4430,#4431);
#4429 = CARTESIAN_POINT('',(114.3,0.,76.2));
#4430 = DIRECTION('',(0.,0.707106781187,0.707106781187));
#4431 = DIRECTION('',(0.,-0.707106781187,0.707106781187));
#4432 = PCURVE('',#1562,#4433);
#4433 = DEFINITIONAL_REPRESENTATION('',(#4434),#4451);
#4434 = B_SPLINE_CURVE_WITH_KNOTS('',8,(#4435,#4436,#4437,#4438,#4439,
    #4440,#4441,#4442,#4443,#4444,#4445,#4446,#4447,#4448,#4449,#4450),
  .UNSPECIFIED.,.F.,.F.,(9,7,9),(1.570796326795,3.14159265359,
    4.712388980385),.UNSPECIFIED.);
#4435 = CARTESIAN_POINT('',(0.,152.4));
#4436 = CARTESIAN_POINT('',(0.196349540849,151.4648853117));
#4437 = CARTESIAN_POINT('',(0.392699081699,150.52977040125));
#4438 = CARTESIAN_POINT('',(0.589048622544,149.64959309337));
#4439 = CARTESIAN_POINT('',(0.7853981634,148.8792801998));
#4440 = CARTESIAN_POINT('',(0.981747704242,148.26701655416));
#4441 = CARTESIAN_POINT('',(1.178097245097,147.84733944549));
#4442 = CARTESIAN_POINT('',(1.374446785946,147.6375));
#4443 = CARTESIAN_POINT('',(1.767145867644,147.6375));
#4444 = CARTESIAN_POINT('',(1.963495408495,147.84733944548));
#4445 = CARTESIAN_POINT('',(2.159844949336,148.26701655447));
#4446 = CARTESIAN_POINT('',(2.356194490207,148.87928019941));
#4447 = CARTESIAN_POINT('',(2.552544031033,149.64959309364));
#4448 = CARTESIAN_POINT('',(2.748893571893,150.52977040123));
#4449 = CARTESIAN_POINT('',(2.94524311274,151.4648853117));
#4450 = CARTESIAN_POINT('',(3.14159265359,152.4));
#4451 = ( GEOMETRIC_REPRESENTATION_CONTEXT(2) 
PARAMETRIC_REPRESENTATION_CONTEXT() REPRESENTATION_CONTEXT('2D SPACE',''
  ) );
#4452 = PCURVE('',#2340,#4453);
#4453 = DEFINITIONAL_REPRESENTATION('',(#4454),#4471);
#4454 = B_SPLINE_CURVE_WITH_KNOTS('',8,(#4455,#4456,#4457,#4458,#4459,
    #4460,#4461,#4462,#4463,#4464,#4465,#4466,#4467,#4468,#4469,#4470),
  .UNSPECIFIED.,.F.,.F.,(9,7,9),(1.570796326795,3.14159265359,
    4.712388980385),.UNSPECIFIED.);
#4455 = CARTESIAN_POINT('',(1.570796326795,-2.91619019047E-16));
#4456 = CARTESIAN_POINT('',(1.767145867644,0.935114688295));
#4457 = CARTESIAN_POINT('',(1.963495408492,1.870229598613));
#4458 = CARTESIAN_POINT('',(2.159844949341,2.750406906517));
#4459 = CARTESIAN_POINT('',(2.356194490185,3.520719799613));
#4460 = CARTESIAN_POINT('',(2.552544031042,4.13298344569));
#4461 = CARTESIAN_POINT('',(2.74889357189,4.552660554364));
#4462 = CARTESIAN_POINT('',(2.94524311274,4.7625));
#4463 = CARTESIAN_POINT('',(3.337942194439,4.7625));
#4464 = CARTESIAN_POINT('',(3.534291735284,4.552660554362));
#4465 = CARTESIAN_POINT('',(3.730641276133,4.132983445696));
#4466 = CARTESIAN_POINT('',(3.92699081697,3.520719799607));
#4467 = CARTESIAN_POINT('',(4.123340357835,2.750406906524));
#4468 = CARTESIAN_POINT('',(4.319689898682,1.870229598612));
#4469 = CARTESIAN_POINT('',(4.516039439535,0.935114688295));
#4470 = CARTESIAN_POINT('',(4.712388980385,8.748570571409E-16));
#4471 = ( GEOMETRIC_REPRESENTATION_CONTEXT(2) 
PARAMETRIC_REPRESENTATION_CONTEXT() REPRESENTATION_CONTEXT('2D SPACE',''
  ) );
#4472 = ORIENTED_EDGE('',*,*,#4375,.F.);
#4473 = ORIENTED_EDGE('',*,*,#4474,.T.);
#4474 = EDGE_CURVE('',#4347,#4475,#4477,.T.);
#4475 = VERTEX_POINT('',#4476);
#4476 = CARTESIAN_POINT('',(114.3,4.7625,-71.4375));
#4477 = SURFACE_CURVE('',#4478,(#4483,#4496),.PCURVE_S1.);
#4478 = ELLIPSE('',#4479,6.735192090802,4.7625);
#4479 = AXIS2_PLACEMENT_3D('',#4480,#4481,#4482);
#4480 = CARTESIAN_POINT('',(114.3,0.,-76.2));
#4481 = DIRECTION('',(0.,-0.707106781187,0.707106781187));
#4482 = DIRECTION('',(0.,0.707106781187,0.707106781187));
#4483 = PCURVE('',#1562,#4484);
#4484 = DEFINITIONAL_REPRESENTATION('',(#4485),#4495);
#4485 = B_SPLINE_CURVE_WITH_KNOTS('',8,(#4486,#4487,#4488,#4489,#4490,
    #4491,#4492,#4493,#4494),.UNSPECIFIED.,.F.,.F.,(9,9),(4.712388980385
    ,6.28318530718),.PIECEWISE_BEZIER_KNOTS.);
#4486 = CARTESIAN_POINT('',(0.,0.));
#4487 = CARTESIAN_POINT('',(0.196349540849,0.935114688295));
#4488 = CARTESIAN_POINT('',(0.392699081699,1.870229598614));
#4489 = CARTESIAN_POINT('',(0.589048622547,2.750406906515));
#4490 = CARTESIAN_POINT('',(0.785398163397,3.520719799624));
#4491 = CARTESIAN_POINT('',(0.981747704244,4.132983445693));
#4492 = CARTESIAN_POINT('',(1.178097245096,4.552660554364));
#4493 = CARTESIAN_POINT('',(1.374446785946,4.7625));
#4494 = CARTESIAN_POINT('',(1.570796326795,4.7625));
#4495 = ( GEOMETRIC_REPRESENTATION_CONTEXT(2) 
PARAMETRIC_REPRESENTATION_CONTEXT() REPRESENTATION_CONTEXT('2D SPACE',''
  ) );
#4496 = PCURVE('',#1610,#4497);
#4497 = DEFINITIONAL_REPRESENTATION('',(#4498),#4508);
#4498 = B_SPLINE_CURVE_WITH_KNOTS('',8,(#4499,#4500,#4501,#4502,#4503,
    #4504,#4505,#4506,#4507),.UNSPECIFIED.,.F.,.F.,(9,9),(4.712388980385
    ,6.28318530718),.PIECEWISE_BEZIER_KNOTS.);
#4499 = CARTESIAN_POINT('',(1.570796326795,-8.748570571409E-16));
#4500 = CARTESIAN_POINT('',(1.374446785946,0.935114688295));
#4501 = CARTESIAN_POINT('',(1.178097245096,1.870229598611));
#4502 = CARTESIAN_POINT('',(0.981747704245,2.750406906525));
#4503 = CARTESIAN_POINT('',(0.785398163396,3.520719799603));
#4504 = CARTESIAN_POINT('',(0.589048622546,4.132983445699));
#4505 = CARTESIAN_POINT('',(0.392699081698,4.552660554361));
#4506 = CARTESIAN_POINT('',(0.196349540849,4.7625));
#4507 = CARTESIAN_POINT('',(0.,4.7625));
#4508 = ( GEOMETRIC_REPRESENTATION_CONTEXT(2) 
PARAMETRIC_REPRESENTATION_CONTEXT() REPRESENTATION_CONTEXT('2D SPACE',''
  ) );
#4509 = ORIENTED_EDGE('',*,*,#4510,.T.);
#4510 = EDGE_CURVE('',#4475,#1540,#4511,.T.);
#4511 = SURFACE_CURVE('',#4512,(#4517,#4530),.PCURVE_S1.);
#4512 = ELLIPSE('',#4513,6.735192090802,4.7625);
#4513 = AXIS2_PLACEMENT_3D('',#4514,#4515,#4516);
#4514 = CARTESIAN_POINT('',(114.3,0.,-76.2));
#4515 = DIRECTION('',(0.,-0.707106781187,0.707106781187));
#4516 = DIRECTION('',(0.,0.707106781187,0.707106781187));
#4517 = PCURVE('',#1562,#4518);
#4518 = DEFINITIONAL_REPRESENTATION('',(#4519),#4529);
#4519 = B_SPLINE_CURVE_WITH_KNOTS('',8,(#4520,#4521,#4522,#4523,#4524,
    #4525,#4526,#4527,#4528),.UNSPECIFIED.,.F.,.F.,(9,9),(0.,
    1.570796326795),.PIECEWISE_BEZIER_KNOTS.);
#4520 = CARTESIAN_POINT('',(1.570796326795,4.7625));
#4521 = CARTESIAN_POINT('',(1.767145867644,4.7625));
#4522 = CARTESIAN_POINT('',(1.963495408494,4.552660554361));
#4523 = CARTESIAN_POINT('',(2.159844949334,4.1329834457));
#4524 = CARTESIAN_POINT('',(2.356194490197,3.520719799599));
#4525 = CARTESIAN_POINT('',(2.552544031031,2.750406906521));
#4526 = CARTESIAN_POINT('',(2.748893571892,1.870229598612));
#4527 = CARTESIAN_POINT('',(2.94524311274,0.935114688295));
#4528 = CARTESIAN_POINT('',(3.14159265359,0.));
#4529 = ( GEOMETRIC_REPRESENTATION_CONTEXT(2) 
PARAMETRIC_REPRESENTATION_CONTEXT() REPRESENTATION_CONTEXT('2D SPACE',''
  ) );
#4530 = PCURVE('',#1610,#4531);
#4531 = DEFINITIONAL_REPRESENTATION('',(#4532),#4542);
#4532 = B_SPLINE_CURVE_WITH_KNOTS('',8,(#4533,#4534,#4535,#4536,#4537,
    #4538,#4539,#4540,#4541),.UNSPECIFIED.,.F.,.F.,(9,9),(0.,
    1.570796326795),.PIECEWISE_BEZIER_KNOTS.);
#4533 = CARTESIAN_POINT('',(6.28318530718,4.7625));
#4534 = CARTESIAN_POINT('',(6.08683576633,4.7625));
#4535 = CARTESIAN_POINT('',(5.890486225481,4.552660554365));
#4536 = CARTESIAN_POINT('',(5.694136684634,4.132983445687));
#4537 = CARTESIAN_POINT('',(5.49778714378,3.520719799619));
#4538 = CARTESIAN_POINT('',(5.301437602936,2.750406906516));
#4539 = CARTESIAN_POINT('',(5.105088062083,1.870229598614));
#4540 = CARTESIAN_POINT('',(4.908738521234,0.935114688295));
#4541 = CARTESIAN_POINT('',(4.712388980385,2.91619019047E-16));
#4542 = ( GEOMETRIC_REPRESENTATION_CONTEXT(2) 
PARAMETRIC_REPRESENTATION_CONTEXT() REPRESENTATION_CONTEXT('2D SPACE',''
  ) );
#4543 = ORIENTED_EDGE('',*,*,#1539,.T.);
#4544 = FACE_BOUND('',#4545,.T.);
#4545 = EDGE_LOOP('',(#4546,#4584,#4620));
#4546 = ORIENTED_EDGE('',*,*,#4547,.T.);
#4547 = EDGE_CURVE('',#4548,#4550,#4552,.T.);
#4548 = VERTEX_POINT('',#4549);
#4549 = CARTESIAN_POINT('',(114.3,4.7625,-25.4));
#4550 = VERTEX_POINT('',#4551);
#4551 = CARTESIAN_POINT('',(109.5375,0.,-20.6375));
#4552 = SURFACE_CURVE('',#4553,(#4558,#4571),.PCURVE_S1.);
#4553 = ELLIPSE('',#4554,6.735192090802,4.7625);
#4554 = AXIS2_PLACEMENT_3D('',#4555,#4556,#4557);
#4555 = CARTESIAN_POINT('',(114.3,0.,-25.4));
#4556 = DIRECTION('',(0.707106781187,0.,0.707106781187));
#4557 = DIRECTION('',(-0.707106781187,0.,0.707106781187));
#4558 = PCURVE('',#1562,#4559);
#4559 = DEFINITIONAL_REPRESENTATION('',(#4560),#4570);
#4560 = B_SPLINE_CURVE_WITH_KNOTS('',8,(#4561,#4562,#4563,#4564,#4565,
    #4566,#4567,#4568,#4569),.UNSPECIFIED.,.F.,.F.,(9,9),(4.712388980385
    ,6.28318530718),.PIECEWISE_BEZIER_KNOTS.);
#4561 = CARTESIAN_POINT('',(1.570796326795,50.8));
#4562 = CARTESIAN_POINT('',(1.767145867644,51.735114688295));
#4563 = CARTESIAN_POINT('',(1.963495408495,52.670229598582));
#4564 = CARTESIAN_POINT('',(2.159844949336,53.550406906509));
#4565 = CARTESIAN_POINT('',(2.356194490207,54.320719799372));
#4566 = CARTESIAN_POINT('',(2.552544031033,54.932983445699));
#4567 = CARTESIAN_POINT('',(2.748893571893,55.352660554314));
#4568 = CARTESIAN_POINT('',(2.94524311274,55.5625));
#4569 = CARTESIAN_POINT('',(3.14159265359,55.5625));
#4570 = ( GEOMETRIC_REPRESENTATION_CONTEXT(2) 
PARAMETRIC_REPRESENTATION_CONTEXT() REPRESENTATION_CONTEXT('2D SPACE',''
  ) );
#4571 = PCURVE('',#4237,#4572);
#4572 = DEFINITIONAL_REPRESENTATION('',(#4573),#4583);
#4573 = B_SPLINE_CURVE_WITH_KNOTS('',8,(#4574,#4575,#4576,#4577,#4578,
    #4579,#4580,#4581,#4582),.UNSPECIFIED.,.F.,.F.,(9,9),(4.712388980385
    ,6.28318530718),.PIECEWISE_BEZIER_KNOTS.);
#4574 = CARTESIAN_POINT('',(4.712388980385,228.6));
#4575 = CARTESIAN_POINT('',(4.908738521234,227.6648853117));
#4576 = CARTESIAN_POINT('',(5.10508806208,226.72977040115));
#4577 = CARTESIAN_POINT('',(5.301437602931,225.84959309346));
#4578 = CARTESIAN_POINT('',(5.49778714378,225.07928019964));
#4579 = CARTESIAN_POINT('',(5.694136684627,224.46701655453));
#4580 = CARTESIAN_POINT('',(5.890486225479,224.04733944549));
#4581 = CARTESIAN_POINT('',(6.08683576633,223.8375));
#4582 = CARTESIAN_POINT('',(6.28318530718,223.8375));
#4583 = ( GEOMETRIC_REPRESENTATION_CONTEXT(2) 
PARAMETRIC_REPRESENTATION_CONTEXT() REPRESENTATION_CONTEXT('2D SPACE',''
  ) );
#4584 = ORIENTED_EDGE('',*,*,#4585,.T.);
#4585 = EDGE_CURVE('',#4550,#4586,#4588,.T.);
#4586 = VERTEX_POINT('',#4587);
#4587 = CARTESIAN_POINT('',(114.3,-4.7625,-25.4));
#4588 = SURFACE_CURVE('',#4589,(#4594,#4607),.PCURVE_S1.);
#4589 = ELLIPSE('',#4590,6.735192090802,4.7625);
#4590 = AXIS2_PLACEMENT_3D('',#4591,#4592,#4593);
#4591 = CARTESIAN_POINT('',(114.3,0.,-25.4));
#4592 = DIRECTION('',(0.707106781187,0.,0.707106781187));
#4593 = DIRECTION('',(-0.707106781187,0.,0.707106781187));
#4594 = PCURVE('',#1562,#4595);
#4595 = DEFINITIONAL_REPRESENTATION('',(#4596),#4606);
#4596 = B_SPLINE_CURVE_WITH_KNOTS('',8,(#4597,#4598,#4599,#4600,#4601,
    #4602,#4603,#4604,#4605),.UNSPECIFIED.,.F.,.F.,(9,9),(0.,
    1.570796326795),.PIECEWISE_BEZIER_KNOTS.);
#4597 = CARTESIAN_POINT('',(3.14159265359,55.5625));
#4598 = CARTESIAN_POINT('',(3.337942194439,55.5625));
#4599 = CARTESIAN_POINT('',(3.53429173529,55.352660554297));
#4600 = CARTESIAN_POINT('',(3.730641276125,54.932983445892));
#4601 = CARTESIAN_POINT('',(3.926990816999,54.320719799264));
#4602 = CARTESIAN_POINT('',(4.123340357819,53.550406906755));
#4603 = CARTESIAN_POINT('',(4.319689898688,52.670229598518));
#4604 = CARTESIAN_POINT('',(4.516039439535,51.735114688295));
#4605 = CARTESIAN_POINT('',(4.712388980385,50.8));
#4606 = ( GEOMETRIC_REPRESENTATION_CONTEXT(2) 
PARAMETRIC_REPRESENTATION_CONTEXT() REPRESENTATION_CONTEXT('2D SPACE',''
  ) );
#4607 = PCURVE('',#4237,#4608);
#4608 = DEFINITIONAL_REPRESENTATION('',(#4609),#4619);
#4609 = B_SPLINE_CURVE_WITH_KNOTS('',8,(#4610,#4611,#4612,#4613,#4614,
    #4615,#4616,#4617,#4618),.UNSPECIFIED.,.F.,.F.,(9,9),(0.,
    1.570796326795),.PIECEWISE_BEZIER_KNOTS.);
#4610 = CARTESIAN_POINT('',(0.,223.8375));
#4611 = CARTESIAN_POINT('',(0.196349540849,223.8375));
#4612 = CARTESIAN_POINT('',(0.392699081699,224.04733944562));
#4613 = CARTESIAN_POINT('',(0.589048622546,224.46701655389));
#4614 = CARTESIAN_POINT('',(0.785398163399,225.07928019985));
#4615 = CARTESIAN_POINT('',(0.981747704246,225.84959309321));
#4616 = CARTESIAN_POINT('',(1.178097245096,226.72977040131));
#4617 = CARTESIAN_POINT('',(1.374446785946,227.6648853117));
#4618 = CARTESIAN_POINT('',(1.570796326795,228.6));
#4619 = ( GEOMETRIC_REPRESENTATION_CONTEXT(2) 
PARAMETRIC_REPRESENTATION_CONTEXT() REPRESENTATION_CONTEXT('2D SPACE',''
  ) );
#4620 = ORIENTED_EDGE('',*,*,#4621,.F.);
#4621 = EDGE_CURVE('',#4548,#4586,#4622,.T.);
#4622 = SURFACE_CURVE('',#4623,(#4628,#4648),.PCURVE_S1.);
#4623 = ELLIPSE('',#4624,6.735192090802,4.7625);
#4624 = AXIS2_PLACEMENT_3D('',#4625,#4626,#4627);
#4625 = CARTESIAN_POINT('',(114.3,0.,-25.4));
#4626 = DIRECTION('',(-0.707106781187,0.,0.707106781187));
#4627 = DIRECTION('',(0.707106781187,0.,0.707106781187));
#4628 = PCURVE('',#1562,#4629);
#4629 = DEFINITIONAL_REPRESENTATION('',(#4630),#4647);
#4630 = B_SPLINE_CURVE_WITH_KNOTS('',8,(#4631,#4632,#4633,#4634,#4635,
    #4636,#4637,#4638,#4639,#4640,#4641,#4642,#4643,#4644,#4645,#4646),
  .UNSPECIFIED.,.F.,.F.,(9,7,9),(1.570796326795,3.14159265359,
    4.712388980385),.UNSPECIFIED.);
#4631 = CARTESIAN_POINT('',(1.570796326795,50.8));
#4632 = CARTESIAN_POINT('',(1.767145867644,49.864885311705));
#4633 = CARTESIAN_POINT('',(1.963495408494,48.929770401346));
#4634 = CARTESIAN_POINT('',(2.159844949341,48.049593093518));
#4635 = CARTESIAN_POINT('',(2.356194490197,47.279280200215));
#4636 = CARTESIAN_POINT('',(2.552544031038,46.667016554306));
#4637 = CARTESIAN_POINT('',(2.748893571891,46.247339445575));
#4638 = CARTESIAN_POINT('',(2.94524311274,46.0375));
#4639 = CARTESIAN_POINT('',(3.337942194439,46.0375));
#4640 = CARTESIAN_POINT('',(3.534291735288,46.24733944566));
#4641 = CARTESIAN_POINT('',(3.730641276131,46.667016554135));
#4642 = CARTESIAN_POINT('',(3.926990816987,47.27928020044));
#4643 = CARTESIAN_POINT('',(4.123340357826,48.049593093279));
#4644 = CARTESIAN_POINT('',(4.319689898686,48.929770401401));
#4645 = CARTESIAN_POINT('',(4.516039439535,49.864885311705));
#4646 = CARTESIAN_POINT('',(4.712388980385,50.8));
#4647 = ( GEOMETRIC_REPRESENTATION_CONTEXT(2) 
PARAMETRIC_REPRESENTATION_CONTEXT() REPRESENTATION_CONTEXT('2D SPACE',''
  ) );
#4648 = PCURVE('',#4237,#4649);
#4649 = DEFINITIONAL_REPRESENTATION('',(#4650),#4667);
#4650 = B_SPLINE_CURVE_WITH_KNOTS('',8,(#4651,#4652,#4653,#4654,#4655,
    #4656,#4657,#4658,#4659,#4660,#4661,#4662,#4663,#4664,#4665,#4666),
  .UNSPECIFIED.,.F.,.F.,(9,7,9),(1.570796326795,3.14159265359,
    4.712388980385),.UNSPECIFIED.);
#4651 = CARTESIAN_POINT('',(4.712388980385,228.6));
#4652 = CARTESIAN_POINT('',(4.516039439535,227.6648853117));
#4653 = CARTESIAN_POINT('',(4.319689898686,226.72977040115));
#4654 = CARTESIAN_POINT('',(4.123340357829,225.84959309346));
#4655 = CARTESIAN_POINT('',(3.926990816986,225.07928019964));
#4656 = CARTESIAN_POINT('',(3.730641276128,224.46701655453));
#4657 = CARTESIAN_POINT('',(3.534291735289,224.04733944549));
#4658 = CARTESIAN_POINT('',(3.337942194439,223.8375));
#4659 = CARTESIAN_POINT('',(2.94524311274,223.8375));
#4660 = CARTESIAN_POINT('',(2.748893571891,224.04733944562));
#4661 = CARTESIAN_POINT('',(2.552544031036,224.46701655389));
#4662 = CARTESIAN_POINT('',(2.356194490194,225.07928019985));
#4663 = CARTESIAN_POINT('',(2.159844949341,225.84959309321));
#4664 = CARTESIAN_POINT('',(1.963495408494,226.72977040131));
#4665 = CARTESIAN_POINT('',(1.767145867644,227.6648853117));
#4666 = CARTESIAN_POINT('',(1.570796326795,228.6));
#4667 = ( GEOMETRIC_REPRESENTATION_CONTEXT(2) 
PARAMETRIC_REPRESENTATION_CONTEXT() REPRESENTATION_CONTEXT('2D SPACE',''
  ) );
#4668 = FACE_BOUND('',#4669,.T.);
#4669 = EDGE_LOOP('',(#4670,#4713,#4749));
#4670 = ORIENTED_EDGE('',*,*,#4671,.T.);
#4671 = EDGE_CURVE('',#4672,#4674,#4676,.T.);
#4672 = VERTEX_POINT('',#4673);
#4673 = CARTESIAN_POINT('',(114.3,4.7625,25.4));
#4674 = VERTEX_POINT('',#4675);
#4675 = CARTESIAN_POINT('',(109.5375,0.,30.1625));
#4676 = SURFACE_CURVE('',#4677,(#4682,#4695),.PCURVE_S1.);
#4677 = ELLIPSE('',#4678,6.735192090802,4.7625);
#4678 = AXIS2_PLACEMENT_3D('',#4679,#4680,#4681);
#4679 = CARTESIAN_POINT('',(114.3,0.,25.4));
#4680 = DIRECTION('',(0.707106781187,0.,0.707106781187));
#4681 = DIRECTION('',(-0.707106781187,0.,0.707106781187));
#4682 = PCURVE('',#1562,#4683);
#4683 = DEFINITIONAL_REPRESENTATION('',(#4684),#4694);
#4684 = B_SPLINE_CURVE_WITH_KNOTS('',8,(#4685,#4686,#4687,#4688,#4689,
    #4690,#4691,#4692,#4693),.UNSPECIFIED.,.F.,.F.,(9,9),(4.712388980385
    ,6.28318530718),.PIECEWISE_BEZIER_KNOTS.);
#4685 = CARTESIAN_POINT('',(1.570796326795,101.6));
#4686 = CARTESIAN_POINT('',(1.767145867644,102.53511468829));
#4687 = CARTESIAN_POINT('',(1.963495408495,103.47022959859));
#4688 = CARTESIAN_POINT('',(2.159844949336,104.35040690623));
#4689 = CARTESIAN_POINT('',(2.356194490207,105.12071979993));
#4690 = CARTESIAN_POINT('',(2.552544031033,105.73298344524));
#4691 = CARTESIAN_POINT('',(2.748893571893,106.15266055433));
#4692 = CARTESIAN_POINT('',(2.94524311274,106.3625));
#4693 = CARTESIAN_POINT('',(3.14159265359,106.3625));
#4694 = ( GEOMETRIC_REPRESENTATION_CONTEXT(2) 
PARAMETRIC_REPRESENTATION_CONTEXT() REPRESENTATION_CONTEXT('2D SPACE',''
  ) );
#4695 = PCURVE('',#4696,#4701);
#4696 = CYLINDRICAL_SURFACE('',#4697,4.7625);
#4697 = AXIS2_PLACEMENT_3D('',#4698,#4699,#4700);
#4698 = CARTESIAN_POINT('',(-114.3,0.,25.4));
#4699 = DIRECTION('',(1.,0.,0.));
#4700 = DIRECTION('',(0.,0.,1.));
#4701 = DEFINITIONAL_REPRESENTATION('',(#4702),#4712);
#4702 = B_SPLINE_CURVE_WITH_KNOTS('',8,(#4703,#4704,#4705,#4706,#4707,
    #4708,#4709,#4710,#4711),.UNSPECIFIED.,.F.,.F.,(9,9),(4.712388980385
    ,6.28318530718),.PIECEWISE_BEZIER_KNOTS.);
#4703 = CARTESIAN_POINT('',(4.712388980385,228.6));
#4704 = CARTESIAN_POINT('',(4.908738521234,227.6648853117));
#4705 = CARTESIAN_POINT('',(5.105088062079,226.72977040115));
#4706 = CARTESIAN_POINT('',(5.301437602935,225.84959309346));
#4707 = CARTESIAN_POINT('',(5.497787143776,225.07928019964));
#4708 = CARTESIAN_POINT('',(5.69413668463,224.46701655453));
#4709 = CARTESIAN_POINT('',(5.890486225478,224.04733944549));
#4710 = CARTESIAN_POINT('',(6.08683576633,223.8375));
#4711 = CARTESIAN_POINT('',(6.28318530718,223.8375));
#4712 = ( GEOMETRIC_REPRESENTATION_CONTEXT(2) 
PARAMETRIC_REPRESENTATION_CONTEXT() REPRESENTATION_CONTEXT('2D SPACE',''
  ) );
#4713 = ORIENTED_EDGE('',*,*,#4714,.T.);
#4714 = EDGE_CURVE('',#4674,#4715,#4717,.T.);
#4715 = VERTEX_POINT('',#4716);
#4716 = CARTESIAN_POINT('',(114.3,-4.7625,25.4));
#4717 = SURFACE_CURVE('',#4718,(#4723,#4736),.PCURVE_S1.);
#4718 = ELLIPSE('',#4719,6.735192090802,4.7625);
#4719 = AXIS2_PLACEMENT_3D('',#4720,#4721,#4722);
#4720 = CARTESIAN_POINT('',(114.3,0.,25.4));
#4721 = DIRECTION('',(0.707106781187,0.,0.707106781187));
#4722 = DIRECTION('',(-0.707106781187,0.,0.707106781187));
#4723 = PCURVE('',#1562,#4724);
#4724 = DEFINITIONAL_REPRESENTATION('',(#4725),#4735);
#4725 = B_SPLINE_CURVE_WITH_KNOTS('',8,(#4726,#4727,#4728,#4729,#4730,
    #4731,#4732,#4733,#4734),.UNSPECIFIED.,.F.,.F.,(9,9),(0.,
    1.570796326795),.PIECEWISE_BEZIER_KNOTS.);
#4726 = CARTESIAN_POINT('',(3.14159265359,106.3625));
#4727 = CARTESIAN_POINT('',(3.337942194439,106.3625));
#4728 = CARTESIAN_POINT('',(3.53429173529,106.15266055436));
#4729 = CARTESIAN_POINT('',(3.730641276125,105.7329834454));
#4730 = CARTESIAN_POINT('',(3.926990816999,105.12071979985));
#4731 = CARTESIAN_POINT('',(4.123340357819,104.35040690628));
#4732 = CARTESIAN_POINT('',(4.319689898688,103.4702295986));
#4733 = CARTESIAN_POINT('',(4.516039439535,102.53511468829));
#4734 = CARTESIAN_POINT('',(4.712388980385,101.6));
#4735 = ( GEOMETRIC_REPRESENTATION_CONTEXT(2) 
PARAMETRIC_REPRESENTATION_CONTEXT() REPRESENTATION_CONTEXT('2D SPACE',''
  ) );
#4736 = PCURVE('',#4696,#4737);
#4737 = DEFINITIONAL_REPRESENTATION('',(#4738),#4748);
#4738 = B_SPLINE_CURVE_WITH_KNOTS('',8,(#4739,#4740,#4741,#4742,#4743,
    #4744,#4745,#4746,#4747),.UNSPECIFIED.,.F.,.F.,(9,9),(0.,
    1.570796326795),.PIECEWISE_BEZIER_KNOTS.);
#4739 = CARTESIAN_POINT('',(0.,223.8375));
#4740 = CARTESIAN_POINT('',(0.196349540849,223.8375));
#4741 = CARTESIAN_POINT('',(0.392699081698,224.04733944562));
#4742 = CARTESIAN_POINT('',(0.589048622547,224.46701655389));
#4743 = CARTESIAN_POINT('',(0.785398163396,225.07928019985));
#4744 = CARTESIAN_POINT('',(0.981747704246,225.84959309321));
#4745 = CARTESIAN_POINT('',(1.178097245096,226.72977040131));
#4746 = CARTESIAN_POINT('',(1.374446785946,227.6648853117));
#4747 = CARTESIAN_POINT('',(1.570796326795,228.6));
#4748 = ( GEOMETRIC_REPRESENTATION_CONTEXT(2) 
PARAMETRIC_REPRESENTATION_CONTEXT() REPRESENTATION_CONTEXT('2D SPACE',''
  ) );
#4749 = ORIENTED_EDGE('',*,*,#4750,.F.);
#4750 = EDGE_CURVE('',#4672,#4715,#4751,.T.);
#4751 = SURFACE_CURVE('',#4752,(#4757,#4777),.PCURVE_S1.);
#4752 = ELLIPSE('',#4753,6.735192090802,4.7625);
#4753 = AXIS2_PLACEMENT_3D('',#4754,#4755,#4756);
#4754 = CARTESIAN_POINT('',(114.3,0.,25.4));
#4755 = DIRECTION('',(-0.707106781187,0.,0.707106781187));
#4756 = DIRECTION('',(0.707106781187,0.,0.707106781187));
#4757 = PCURVE('',#1562,#4758);
#4758 = DEFINITIONAL_REPRESENTATION('',(#4759),#4776);
#4759 = B_SPLINE_CURVE_WITH_KNOTS('',8,(#4760,#4761,#4762,#4763,#4764,
    #4765,#4766,#4767,#4768,#4769,#4770,#4771,#4772,#4773,#4774,#4775),
  .UNSPECIFIED.,.F.,.F.,(9,7,9),(1.570796326795,3.14159265359,
    4.712388980385),.UNSPECIFIED.);
#4760 = CARTESIAN_POINT('',(1.570796326795,101.6));
#4761 = CARTESIAN_POINT('',(1.767145867644,100.6648853117));
#4762 = CARTESIAN_POINT('',(1.963495408494,99.729770401346));
#4763 = CARTESIAN_POINT('',(2.159844949341,98.849593093431));
#4764 = CARTESIAN_POINT('',(2.356194490197,98.079280199949));
#4765 = CARTESIAN_POINT('',(2.552544031038,97.46701655431));
#4766 = CARTESIAN_POINT('',(2.748893571891,97.047339445593));
#4767 = CARTESIAN_POINT('',(2.94524311274,96.8375));
#4768 = CARTESIAN_POINT('',(3.337942194439,96.8375));
#4769 = CARTESIAN_POINT('',(3.534291735288,97.04733944558));
#4770 = CARTESIAN_POINT('',(3.730641276131,97.467016554196));
#4771 = CARTESIAN_POINT('',(3.926990816987,98.079280200091));
#4772 = CARTESIAN_POINT('',(4.123340357826,98.849593093444));
#4773 = CARTESIAN_POINT('',(4.319689898686,99.729770401317));
#4774 = CARTESIAN_POINT('',(4.516039439535,100.6648853117));
#4775 = CARTESIAN_POINT('',(4.712388980385,101.6));
#4776 = ( GEOMETRIC_REPRESENTATION_CONTEXT(2) 
PARAMETRIC_REPRESENTATION_CONTEXT() REPRESENTATION_CONTEXT('2D SPACE',''
  ) );
#4777 = PCURVE('',#4696,#4778);
#4778 = DEFINITIONAL_REPRESENTATION('',(#4779),#4796);
#4779 = B_SPLINE_CURVE_WITH_KNOTS('',8,(#4780,#4781,#4782,#4783,#4784,
    #4785,#4786,#4787,#4788,#4789,#4790,#4791,#4792,#4793,#4794,#4795),
  .UNSPECIFIED.,.F.,.F.,(9,7,9),(1.570796326795,3.14159265359,
    4.712388980385),.UNSPECIFIED.);
#4780 = CARTESIAN_POINT('',(4.712388980385,228.6));
#4781 = CARTESIAN_POINT('',(4.516039439535,227.6648853117));
#4782 = CARTESIAN_POINT('',(4.319689898689,226.72977040115));
#4783 = CARTESIAN_POINT('',(4.123340357819,225.84959309346));
#4784 = CARTESIAN_POINT('',(3.926990817002,225.07928019964));
#4785 = CARTESIAN_POINT('',(3.730641276119,224.46701655453));
#4786 = CARTESIAN_POINT('',(3.534291735291,224.04733944549));
#4787 = CARTESIAN_POINT('',(3.337942194439,223.8375));
#4788 = CARTESIAN_POINT('',(2.94524311274,223.8375));
#4789 = CARTESIAN_POINT('',(2.74889357189,224.04733944562));
#4790 = CARTESIAN_POINT('',(2.552544031039,224.46701655389));
#4791 = CARTESIAN_POINT('',(2.356194490193,225.07928019985));
#4792 = CARTESIAN_POINT('',(2.159844949339,225.84959309321));
#4793 = CARTESIAN_POINT('',(1.963495408493,226.72977040131));
#4794 = CARTESIAN_POINT('',(1.767145867644,227.6648853117));
#4795 = CARTESIAN_POINT('',(1.570796326795,228.6));
#4796 = ( GEOMETRIC_REPRESENTATION_CONTEXT(2) 
PARAMETRIC_REPRESENTATION_CONTEXT() REPRESENTATION_CONTEXT('2D SPACE',''
  ) );
#4797 = ADVANCED_FACE('',(#4798),#1652,.T.);
#4798 = FACE_BOUND('',#4799,.T.);
#4799 = EDGE_LOOP('',(#4800,#4821,#4822));
#4800 = ORIENTED_EDGE('',*,*,#4801,.F.);
#4801 = EDGE_CURVE('',#1636,#4802,#4804,.T.);
#4802 = VERTEX_POINT('',#4803);
#4803 = CARTESIAN_POINT('',(114.3,0.,-76.2));
#4804 = SURFACE_CURVE('',#4805,(#4809,#4815),.PCURVE_S1.);
#4805 = LINE('',#4806,#4807);
#4806 = CARTESIAN_POINT('',(114.3,0.,-76.2));
#4807 = VECTOR('',#4808,1.);
#4808 = DIRECTION('',(0.,1.,0.));
#4809 = PCURVE('',#1652,#4810);
#4810 = DEFINITIONAL_REPRESENTATION('',(#4811),#4814);
#4811 = B_SPLINE_CURVE_WITH_KNOTS('',1,(#4812,#4813),.UNSPECIFIED.,.F.,
  .F.,(2,2),(-4.7625,4.7625),.PIECEWISE_BEZIER_KNOTS.);
#4812 = CARTESIAN_POINT('',(0.,4.7625));
#4813 = CARTESIAN_POINT('',(0.,-4.7625));
#4814 = ( GEOMETRIC_REPRESENTATION_CONTEXT(2) 
PARAMETRIC_REPRESENTATION_CONTEXT() REPRESENTATION_CONTEXT('2D SPACE',''
  ) );
#4815 = PCURVE('',#4363,#4816);
#4816 = DEFINITIONAL_REPRESENTATION('',(#4817),#4820);
#4817 = B_SPLINE_CURVE_WITH_KNOTS('',1,(#4818,#4819),.UNSPECIFIED.,.F.,
  .F.,(2,2),(-4.7625,4.7625),.PIECEWISE_BEZIER_KNOTS.);
#4818 = CARTESIAN_POINT('',(0.,-4.7625));
#4819 = CARTESIAN_POINT('',(0.,4.7625));
#4820 = ( GEOMETRIC_REPRESENTATION_CONTEXT(2) 
PARAMETRIC_REPRESENTATION_CONTEXT() REPRESENTATION_CONTEXT('2D SPACE',''
  ) );
#4821 = ORIENTED_EDGE('',*,*,#1635,.T.);
#4822 = ORIENTED_EDGE('',*,*,#4823,.T.);
#4823 = EDGE_CURVE('',#1581,#4802,#4824,.T.);
#4824 = SURFACE_CURVE('',#4825,(#4829,#4835),.PCURVE_S1.);
#4825 = LINE('',#4826,#4827);
#4826 = CARTESIAN_POINT('',(114.3,0.,-76.2));
#4827 = VECTOR('',#4828,1.);
#4828 = DIRECTION('',(0.,0.,1.));
#4829 = PCURVE('',#1652,#4830);
#4830 = DEFINITIONAL_REPRESENTATION('',(#4831),#4834);
#4831 = B_SPLINE_CURVE_WITH_KNOTS('',1,(#4832,#4833),.UNSPECIFIED.,.F.,
  .F.,(2,2),(-4.7625,2.91619019047E-16),.PIECEWISE_BEZIER_KNOTS.);
#4832 = CARTESIAN_POINT('',(-4.7625,7.686657533969E-16));
#4833 = CARTESIAN_POINT('',(2.91619019047E-16,7.686657533969E-16));
#4834 = ( GEOMETRIC_REPRESENTATION_CONTEXT(2) 
PARAMETRIC_REPRESENTATION_CONTEXT() REPRESENTATION_CONTEXT('2D SPACE',''
  ) );
#4835 = PCURVE('',#4836,#4841);
#4836 = PLANE('',#4837);
#4837 = AXIS2_PLACEMENT_3D('',#4838,#4839,#4840);
#4838 = CARTESIAN_POINT('',(114.3,0.,-76.2));
#4839 = DIRECTION('',(0.,1.,0.));
#4840 = DIRECTION('',(0.,-0.,1.));
#4841 = DEFINITIONAL_REPRESENTATION('',(#4842),#4845);
#4842 = B_SPLINE_CURVE_WITH_KNOTS('',1,(#4843,#4844),.UNSPECIFIED.,.F.,
  .F.,(2,2),(-4.7625,2.91619019047E-16),.PIECEWISE_BEZIER_KNOTS.);
#4843 = CARTESIAN_POINT('',(-4.7625,0.));
#4844 = CARTESIAN_POINT('',(2.91619019047E-16,0.));
#4845 = ( GEOMETRIC_REPRESENTATION_CONTEXT(2) 
PARAMETRIC_REPRESENTATION_CONTEXT() REPRESENTATION_CONTEXT('2D SPACE',''
  ) );
#4846 = ADVANCED_FACE('',(#4847,#5016),#1610,.T.);
#4847 = FACE_BOUND('',#4848,.T.);
#4848 = EDGE_LOOP('',(#4849,#4869,#4870,#4892,#4893,#4894,#4895,#4917,
    #4951,#4952,#4981,#5015));
#4849 = ORIENTED_EDGE('',*,*,#4850,.F.);
#4850 = EDGE_CURVE('',#4475,#3784,#4851,.T.);
#4851 = SEAM_CURVE('',#4852,(#4856,#4863),.PCURVE_S1.);
#4852 = LINE('',#4853,#4854);
#4853 = CARTESIAN_POINT('',(114.3,0.,-71.4375));
#4854 = VECTOR('',#4855,1.);
#4855 = DIRECTION('',(0.,1.,0.));
#4856 = PCURVE('',#1610,#4857);
#4857 = DEFINITIONAL_REPRESENTATION('',(#4858),#4862);
#4858 = LINE('',#4859,#4860);
#4859 = CARTESIAN_POINT('',(0.,0.));
#4860 = VECTOR('',#4861,1.);
#4861 = DIRECTION('',(0.,1.));
#4862 = ( GEOMETRIC_REPRESENTATION_CONTEXT(2) 
PARAMETRIC_REPRESENTATION_CONTEXT() REPRESENTATION_CONTEXT('2D SPACE',''
  ) );
#4863 = PCURVE('',#1610,#4864);
#4864 = DEFINITIONAL_REPRESENTATION('',(#4865),#4868);
#4865 = B_SPLINE_CURVE_WITH_KNOTS('',1,(#4866,#4867),.UNSPECIFIED.,.F.,
  .F.,(2,2),(0.,101.6),.PIECEWISE_BEZIER_KNOTS.);
#4866 = CARTESIAN_POINT('',(6.28318530718,0.));
#4867 = CARTESIAN_POINT('',(6.28318530718,101.6));
#4868 = ( GEOMETRIC_REPRESENTATION_CONTEXT(2) 
PARAMETRIC_REPRESENTATION_CONTEXT() REPRESENTATION_CONTEXT('2D SPACE',''
  ) );
#4869 = ORIENTED_EDGE('',*,*,#4474,.F.);
#4870 = ORIENTED_EDGE('',*,*,#4871,.T.);
#4871 = EDGE_CURVE('',#4347,#1581,#4872,.T.);
#4872 = SURFACE_CURVE('',#4873,(#4878,#4885),.PCURVE_S1.);
#4873 = CIRCLE('',#4874,4.7625);
#4874 = AXIS2_PLACEMENT_3D('',#4875,#4876,#4877);
#4875 = CARTESIAN_POINT('',(114.3,0.,-76.2));
#4876 = DIRECTION('',(0.,1.,0.));
#4877 = DIRECTION('',(0.,-0.,1.));
#4878 = PCURVE('',#1610,#4879);
#4879 = DEFINITIONAL_REPRESENTATION('',(#4880),#4884);
#4880 = LINE('',#4881,#4882);
#4881 = CARTESIAN_POINT('',(0.,0.));
#4882 = VECTOR('',#4883,1.);
#4883 = DIRECTION('',(1.,0.));
#4884 = ( GEOMETRIC_REPRESENTATION_CONTEXT(2) 
PARAMETRIC_REPRESENTATION_CONTEXT() REPRESENTATION_CONTEXT('2D SPACE',''
  ) );
#4885 = PCURVE('',#4836,#4886);
#4886 = DEFINITIONAL_REPRESENTATION('',(#4887),#4891);
#4887 = CIRCLE('',#4888,4.7625);
#4888 = AXIS2_PLACEMENT_2D('',#4889,#4890);
#4889 = CARTESIAN_POINT('',(0.,0.));
#4890 = DIRECTION('',(1.,0.));
#4891 = ( GEOMETRIC_REPRESENTATION_CONTEXT(2) 
PARAMETRIC_REPRESENTATION_CONTEXT() REPRESENTATION_CONTEXT('2D SPACE',''
  ) );
#4892 = ORIENTED_EDGE('',*,*,#1580,.T.);
#4893 = ORIENTED_EDGE('',*,*,#4510,.F.);
#4894 = ORIENTED_EDGE('',*,*,#4850,.T.);
#4895 = ORIENTED_EDGE('',*,*,#4896,.T.);
#4896 = EDGE_CURVE('',#3784,#4897,#4899,.T.);
#4897 = VERTEX_POINT('',#4898);
#4898 = CARTESIAN_POINT('',(114.3,96.8375,-71.4375));
#4899 = SEAM_CURVE('',#4900,(#4904,#4911),.PCURVE_S1.);
#4900 = LINE('',#4901,#4902);
#4901 = CARTESIAN_POINT('',(114.3,0.,-71.4375));
#4902 = VECTOR('',#4903,1.);
#4903 = DIRECTION('',(0.,1.,0.));
#4904 = PCURVE('',#1610,#4905);
#4905 = DEFINITIONAL_REPRESENTATION('',(#4906),#4910);
#4906 = LINE('',#4907,#4908);
#4907 = CARTESIAN_POINT('',(0.,0.));
#4908 = VECTOR('',#4909,1.);
#4909 = DIRECTION('',(0.,1.));
#4910 = ( GEOMETRIC_REPRESENTATION_CONTEXT(2) 
PARAMETRIC_REPRESENTATION_CONTEXT() REPRESENTATION_CONTEXT('2D SPACE',''
  ) );
#4911 = PCURVE('',#1610,#4912);
#4912 = DEFINITIONAL_REPRESENTATION('',(#4913),#4916);
#4913 = B_SPLINE_CURVE_WITH_KNOTS('',1,(#4914,#4915),.UNSPECIFIED.,.F.,
  .F.,(2,2),(0.,101.6),.PIECEWISE_BEZIER_KNOTS.);
#4914 = CARTESIAN_POINT('',(6.28318530718,0.));
#4915 = CARTESIAN_POINT('',(6.28318530718,101.6));
#4916 = ( GEOMETRIC_REPRESENTATION_CONTEXT(2) 
PARAMETRIC_REPRESENTATION_CONTEXT() REPRESENTATION_CONTEXT('2D SPACE',''
  ) );
#4917 = ORIENTED_EDGE('',*,*,#4918,.F.);
#4918 = EDGE_CURVE('',#3651,#4897,#4919,.T.);
#4919 = SURFACE_CURVE('',#4920,(#4925,#4938),.PCURVE_S1.);
#4920 = ELLIPSE('',#4921,6.735192090802,4.7625);
#4921 = AXIS2_PLACEMENT_3D('',#4922,#4923,#4924);
#4922 = CARTESIAN_POINT('',(114.3,101.6,-76.2));
#4923 = DIRECTION('',(0.,0.707106781187,0.707106781187));
#4924 = DIRECTION('',(0.,0.707106781187,-0.707106781187));
#4925 = PCURVE('',#1610,#4926);
#4926 = DEFINITIONAL_REPRESENTATION('',(#4927),#4937);
#4927 = B_SPLINE_CURVE_WITH_KNOTS('',8,(#4928,#4929,#4930,#4931,#4932,
    #4933,#4934,#4935,#4936),.UNSPECIFIED.,.F.,.F.,(9,9),(1.570796326795
    ,3.14159265359),.PIECEWISE_BEZIER_KNOTS.);
#4928 = CARTESIAN_POINT('',(4.712388980385,101.6));
#4929 = CARTESIAN_POINT('',(4.908738521234,100.6648853117));
#4930 = CARTESIAN_POINT('',(5.105088062084,99.729770401346));
#4931 = CARTESIAN_POINT('',(5.301437602934,98.849593093431));
#4932 = CARTESIAN_POINT('',(5.497787143784,98.079280199949));
#4933 = CARTESIAN_POINT('',(5.694136684632,97.46701655431));
#4934 = CARTESIAN_POINT('',(5.890486225481,97.047339445593));
#4935 = CARTESIAN_POINT('',(6.08683576633,96.8375));
#4936 = CARTESIAN_POINT('',(6.28318530718,96.8375));
#4937 = ( GEOMETRIC_REPRESENTATION_CONTEXT(2) 
PARAMETRIC_REPRESENTATION_CONTEXT() REPRESENTATION_CONTEXT('2D SPACE',''
  ) );
#4938 = PCURVE('',#3603,#4939);
#4939 = DEFINITIONAL_REPRESENTATION('',(#4940),#4950);
#4940 = B_SPLINE_CURVE_WITH_KNOTS('',8,(#4941,#4942,#4943,#4944,#4945,
    #4946,#4947,#4948,#4949),.UNSPECIFIED.,.F.,.F.,(9,9),(1.570796326795
    ,3.14159265359),.PIECEWISE_BEZIER_KNOTS.);
#4941 = CARTESIAN_POINT('',(3.14159265359,0.));
#4942 = CARTESIAN_POINT('',(3.337942194439,0.935114688295));
#4943 = CARTESIAN_POINT('',(3.534291735286,1.870229598614));
#4944 = CARTESIAN_POINT('',(3.73064127614,2.750406906515));
#4945 = CARTESIAN_POINT('',(3.926990816977,3.520719799624));
#4946 = CARTESIAN_POINT('',(4.123340357834,4.132983445693));
#4947 = CARTESIAN_POINT('',(4.319689898684,4.552660554364));
#4948 = CARTESIAN_POINT('',(4.516039439535,4.7625));
#4949 = CARTESIAN_POINT('',(4.712388980385,4.7625));
#4950 = ( GEOMETRIC_REPRESENTATION_CONTEXT(2) 
PARAMETRIC_REPRESENTATION_CONTEXT() REPRESENTATION_CONTEXT('2D SPACE',''
  ) );
#4951 = ORIENTED_EDGE('',*,*,#3650,.F.);
#4952 = ORIENTED_EDGE('',*,*,#4953,.F.);
#4953 = EDGE_CURVE('',#4954,#3622,#4956,.T.);
#4954 = VERTEX_POINT('',#4955);
#4955 = CARTESIAN_POINT('',(119.0625,101.6,-76.2));
#4956 = SURFACE_CURVE('',#4957,(#4962,#4969),.PCURVE_S1.);
#4957 = CIRCLE('',#4958,4.7625);
#4958 = AXIS2_PLACEMENT_3D('',#4959,#4960,#4961);
#4959 = CARTESIAN_POINT('',(114.3,101.6,-76.2));
#4960 = DIRECTION('',(0.,1.,0.));
#4961 = DIRECTION('',(0.,-0.,1.));
#4962 = PCURVE('',#1610,#4963);
#4963 = DEFINITIONAL_REPRESENTATION('',(#4964),#4968);
#4964 = LINE('',#4965,#4966);
#4965 = CARTESIAN_POINT('',(0.,101.6));
#4966 = VECTOR('',#4967,1.);
#4967 = DIRECTION('',(1.,0.));
#4968 = ( GEOMETRIC_REPRESENTATION_CONTEXT(2) 
PARAMETRIC_REPRESENTATION_CONTEXT() REPRESENTATION_CONTEXT('2D SPACE',''
  ) );
#4969 = PCURVE('',#4970,#4975);
#4970 = PLANE('',#4971);
#4971 = AXIS2_PLACEMENT_3D('',#4972,#4973,#4974);
#4972 = CARTESIAN_POINT('',(114.3,101.6,-76.2));
#4973 = DIRECTION('',(0.,1.,0.));
#4974 = DIRECTION('',(0.,-0.,1.));
#4975 = DEFINITIONAL_REPRESENTATION('',(#4976),#4980);
#4976 = CIRCLE('',#4977,4.7625);
#4977 = AXIS2_PLACEMENT_2D('',#4978,#4979);
#4978 = CARTESIAN_POINT('',(0.,0.));
#4979 = DIRECTION('',(1.,0.));
#4980 = ( GEOMETRIC_REPRESENTATION_CONTEXT(2) 
PARAMETRIC_REPRESENTATION_CONTEXT() REPRESENTATION_CONTEXT('2D SPACE',''
  ) );
#4981 = ORIENTED_EDGE('',*,*,#4982,.F.);
#4982 = EDGE_CURVE('',#4897,#4954,#4983,.T.);
#4983 = SURFACE_CURVE('',#4984,(#4989,#5002),.PCURVE_S1.);
#4984 = ELLIPSE('',#4985,6.735192090802,4.7625);
#4985 = AXIS2_PLACEMENT_3D('',#4986,#4987,#4988);
#4986 = CARTESIAN_POINT('',(114.3,101.6,-76.2));
#4987 = DIRECTION('',(0.,0.707106781187,0.707106781187));
#4988 = DIRECTION('',(0.,0.707106781187,-0.707106781187));
#4989 = PCURVE('',#1610,#4990);
#4990 = DEFINITIONAL_REPRESENTATION('',(#4991),#5001);
#4991 = B_SPLINE_CURVE_WITH_KNOTS('',8,(#4992,#4993,#4994,#4995,#4996,
    #4997,#4998,#4999,#5000),.UNSPECIFIED.,.F.,.F.,(9,9),(3.14159265359,
    4.712388980385),.PIECEWISE_BEZIER_KNOTS.);
#4992 = CARTESIAN_POINT('',(0.,96.8375));
#4993 = CARTESIAN_POINT('',(0.196349540849,96.8375));
#4994 = CARTESIAN_POINT('',(0.392699081699,97.04733944558));
#4995 = CARTESIAN_POINT('',(0.589048622547,97.467016554196));
#4996 = CARTESIAN_POINT('',(0.785398163396,98.079280200091));
#4997 = CARTESIAN_POINT('',(0.981747704245,98.849593093444));
#4998 = CARTESIAN_POINT('',(1.178097245096,99.729770401317));
#4999 = CARTESIAN_POINT('',(1.374446785946,100.6648853117));
#5000 = CARTESIAN_POINT('',(1.570796326795,101.6));
#5001 = ( GEOMETRIC_REPRESENTATION_CONTEXT(2) 
PARAMETRIC_REPRESENTATION_CONTEXT() REPRESENTATION_CONTEXT('2D SPACE',''
  ) );
#5002 = PCURVE('',#3603,#5003);
#5003 = DEFINITIONAL_REPRESENTATION('',(#5004),#5014);
#5004 = B_SPLINE_CURVE_WITH_KNOTS('',8,(#5005,#5006,#5007,#5008,#5009,
    #5010,#5011,#5012,#5013),.UNSPECIFIED.,.F.,.F.,(9,9),(3.14159265359,
    4.712388980385),.PIECEWISE_BEZIER_KNOTS.);
#5005 = CARTESIAN_POINT('',(4.712388980385,4.7625));
#5006 = CARTESIAN_POINT('',(4.908738521234,4.7625));
#5007 = CARTESIAN_POINT('',(5.105088062083,4.552660554363));
#5008 = CARTESIAN_POINT('',(5.301437602935,4.132983445694));
#5009 = CARTESIAN_POINT('',(5.49778714378,3.520719799609));
#5010 = CARTESIAN_POINT('',(5.694136684634,2.750406906516));
#5011 = CARTESIAN_POINT('',(5.89048622548,1.870229598614));
#5012 = CARTESIAN_POINT('',(6.08683576633,0.935114688295));
#5013 = CARTESIAN_POINT('',(6.28318530718,0.));
#5014 = ( GEOMETRIC_REPRESENTATION_CONTEXT(2) 
PARAMETRIC_REPRESENTATION_CONTEXT() REPRESENTATION_CONTEXT('2D SPACE',''
  ) );
#5015 = ORIENTED_EDGE('',*,*,#4896,.F.);
#5016 = FACE_BOUND('',#5017,.T.);
#5017 = EDGE_LOOP('',(#5018,#5019,#5020));
#5018 = ORIENTED_EDGE('',*,*,#3805,.T.);
#5019 = ORIENTED_EDGE('',*,*,#3877,.F.);
#5020 = ORIENTED_EDGE('',*,*,#3841,.T.);
#5021 = ADVANCED_FACE('',(#5022),#1986,.T.);
#5022 = FACE_BOUND('',#5023,.T.);
#5023 = EDGE_LOOP('',(#5024,#5025,#5061,#5083,#5122,#5123,#5157,#5158,
    #5192));
#5024 = ORIENTED_EDGE('',*,*,#2054,.T.);
#5025 = ORIENTED_EDGE('',*,*,#5026,.T.);
#5026 = EDGE_CURVE('',#2005,#5027,#5029,.T.);
#5027 = VERTEX_POINT('',#5028);
#5028 = CARTESIAN_POINT('',(-52.3875,0.,-20.6375));
#5029 = SURFACE_CURVE('',#5030,(#5035,#5048),.PCURVE_S1.);
#5030 = ELLIPSE('',#5031,6.735192090802,4.7625);
#5031 = AXIS2_PLACEMENT_3D('',#5032,#5033,#5034);
#5032 = CARTESIAN_POINT('',(-57.15,0.,-25.4));
#5033 = DIRECTION('',(-0.707106781187,0.,0.707106781187));
#5034 = DIRECTION('',(0.707106781187,0.,0.707106781187));
#5035 = PCURVE('',#1986,#5036);
#5036 = DEFINITIONAL_REPRESENTATION('',(#5037),#5047);
#5037 = B_SPLINE_CURVE_WITH_KNOTS('',8,(#5038,#5039,#5040,#5041,#5042,
    #5043,#5044,#5045,#5046),.UNSPECIFIED.,.F.,.F.,(9,9),(4.712388980385
    ,6.28318530718),.PIECEWISE_BEZIER_KNOTS.);
#5038 = CARTESIAN_POINT('',(4.712388980385,50.8));
#5039 = CARTESIAN_POINT('',(4.908738521234,51.735114688295));
#5040 = CARTESIAN_POINT('',(5.10508806208,52.670229598582));
#5041 = CARTESIAN_POINT('',(5.301437602931,53.550406906509));
#5042 = CARTESIAN_POINT('',(5.49778714378,54.320719799372));
#5043 = CARTESIAN_POINT('',(5.694136684627,54.932983445699));
#5044 = CARTESIAN_POINT('',(5.890486225479,55.352660554314));
#5045 = CARTESIAN_POINT('',(6.08683576633,55.5625));
#5046 = CARTESIAN_POINT('',(6.28318530718,55.5625));
#5047 = ( GEOMETRIC_REPRESENTATION_CONTEXT(2) 
PARAMETRIC_REPRESENTATION_CONTEXT() REPRESENTATION_CONTEXT('2D SPACE',''
  ) );
#5048 = PCURVE('',#3976,#5049);
#5049 = DEFINITIONAL_REPRESENTATION('',(#5050),#5060);
#5050 = B_SPLINE_CURVE_WITH_KNOTS('',8,(#5051,#5052,#5053,#5054,#5055,
    #5056,#5057,#5058,#5059),.UNSPECIFIED.,.F.,.F.,(9,9),(4.712388980385
    ,6.28318530718),.PIECEWISE_BEZIER_KNOTS.);
#5051 = CARTESIAN_POINT('',(1.570796326795,57.15));
#5052 = CARTESIAN_POINT('',(1.374446785946,58.085114688295));
#5053 = CARTESIAN_POINT('',(1.178097245096,59.020229598598));
#5054 = CARTESIAN_POINT('',(0.981747704243,59.900406906416));
#5055 = CARTESIAN_POINT('',(0.785398163399,60.670719799514));
#5056 = CARTESIAN_POINT('',(0.589048622545,61.282983445639));
#5057 = CARTESIAN_POINT('',(0.392699081699,61.702660554346));
#5058 = CARTESIAN_POINT('',(0.196349540849,61.9125));
#5059 = CARTESIAN_POINT('',(2.449293598295E-16,61.9125));
#5060 = ( GEOMETRIC_REPRESENTATION_CONTEXT(2) 
PARAMETRIC_REPRESENTATION_CONTEXT() REPRESENTATION_CONTEXT('2D SPACE',''
  ) );
#5061 = ORIENTED_EDGE('',*,*,#5062,.T.);
#5062 = EDGE_CURVE('',#5027,#5063,#5065,.T.);
#5063 = VERTEX_POINT('',#5064);
#5064 = CARTESIAN_POINT('',(-52.3875,0.,20.6375));
#5065 = SEAM_CURVE('',#5066,(#5070,#5077),.PCURVE_S1.);
#5066 = LINE('',#5067,#5068);
#5067 = CARTESIAN_POINT('',(-52.3875,0.,-76.2));
#5068 = VECTOR('',#5069,1.);
#5069 = DIRECTION('',(0.,0.,1.));
#5070 = PCURVE('',#1986,#5071);
#5071 = DEFINITIONAL_REPRESENTATION('',(#5072),#5076);
#5072 = LINE('',#5073,#5074);
#5073 = CARTESIAN_POINT('',(0.,0.));
#5074 = VECTOR('',#5075,1.);
#5075 = DIRECTION('',(0.,1.));
#5076 = ( GEOMETRIC_REPRESENTATION_CONTEXT(2) 
PARAMETRIC_REPRESENTATION_CONTEXT() REPRESENTATION_CONTEXT('2D SPACE',''
  ) );
#5077 = PCURVE('',#1986,#5078);
#5078 = DEFINITIONAL_REPRESENTATION('',(#5079),#5082);
#5079 = B_SPLINE_CURVE_WITH_KNOTS('',1,(#5080,#5081),.UNSPECIFIED.,.F.,
  .F.,(2,2),(0.,152.4),.PIECEWISE_BEZIER_KNOTS.);
#5080 = CARTESIAN_POINT('',(6.28318530718,0.));
#5081 = CARTESIAN_POINT('',(6.28318530718,152.4));
#5082 = ( GEOMETRIC_REPRESENTATION_CONTEXT(2) 
PARAMETRIC_REPRESENTATION_CONTEXT() REPRESENTATION_CONTEXT('2D SPACE',''
  ) );
#5083 = ORIENTED_EDGE('',*,*,#5084,.F.);
#5084 = EDGE_CURVE('',#2160,#5063,#5085,.T.);
#5085 = SURFACE_CURVE('',#5086,(#5091,#5104),.PCURVE_S1.);
#5086 = ELLIPSE('',#5087,6.735192090802,4.7625);
#5087 = AXIS2_PLACEMENT_3D('',#5088,#5089,#5090);
#5088 = CARTESIAN_POINT('',(-57.15,0.,25.4));
#5089 = DIRECTION('',(0.707106781187,0.,0.707106781187));
#5090 = DIRECTION('',(-0.707106781187,0.,0.707106781187));
#5091 = PCURVE('',#1986,#5092);
#5092 = DEFINITIONAL_REPRESENTATION('',(#5093),#5103);
#5093 = B_SPLINE_CURVE_WITH_KNOTS('',8,(#5094,#5095,#5096,#5097,#5098,
    #5099,#5100,#5101,#5102),.UNSPECIFIED.,.F.,.F.,(9,9),(1.570796326795
    ,3.14159265359),.PIECEWISE_BEZIER_KNOTS.);
#5094 = CARTESIAN_POINT('',(4.712388980385,101.6));
#5095 = CARTESIAN_POINT('',(4.908738521234,100.6648853117));
#5096 = CARTESIAN_POINT('',(5.105088062078,99.729770401346));
#5097 = CARTESIAN_POINT('',(5.301437602939,98.849593093431));
#5098 = CARTESIAN_POINT('',(5.497787143751,98.079280199949));
#5099 = CARTESIAN_POINT('',(5.694136684634,97.46701655431));
#5100 = CARTESIAN_POINT('',(5.890486225475,97.047339445593));
#5101 = CARTESIAN_POINT('',(6.08683576633,96.8375));
#5102 = CARTESIAN_POINT('',(6.28318530718,96.8375));
#5103 = ( GEOMETRIC_REPRESENTATION_CONTEXT(2) 
PARAMETRIC_REPRESENTATION_CONTEXT() REPRESENTATION_CONTEXT('2D SPACE',''
  ) );
#5104 = PCURVE('',#5105,#5110);
#5105 = CYLINDRICAL_SURFACE('',#5106,4.7625);
#5106 = AXIS2_PLACEMENT_3D('',#5107,#5108,#5109);
#5107 = CARTESIAN_POINT('',(-114.3,0.,25.4));
#5108 = DIRECTION('',(1.,0.,0.));
#5109 = DIRECTION('',(0.,0.,1.));
#5110 = DEFINITIONAL_REPRESENTATION('',(#5111),#5121);
#5111 = B_SPLINE_CURVE_WITH_KNOTS('',8,(#5112,#5113,#5114,#5115,#5116,
    #5117,#5118,#5119,#5120),.UNSPECIFIED.,.F.,.F.,(9,9),(1.570796326795
    ,3.14159265359),.PIECEWISE_BEZIER_KNOTS.);
#5112 = CARTESIAN_POINT('',(1.570796326795,57.15));
#5113 = CARTESIAN_POINT('',(1.767145867644,58.085114688295));
#5114 = CARTESIAN_POINT('',(1.963495408491,59.020229598598));
#5115 = CARTESIAN_POINT('',(2.159844949344,59.900406906416));
#5116 = CARTESIAN_POINT('',(2.356194490183,60.670719799514));
#5117 = CARTESIAN_POINT('',(2.552544031045,61.282983445639));
#5118 = CARTESIAN_POINT('',(2.748893571889,61.702660554346));
#5119 = CARTESIAN_POINT('',(2.94524311274,61.9125));
#5120 = CARTESIAN_POINT('',(3.14159265359,61.9125));
#5121 = ( GEOMETRIC_REPRESENTATION_CONTEXT(2) 
PARAMETRIC_REPRESENTATION_CONTEXT() REPRESENTATION_CONTEXT('2D SPACE',''
  ) );
#5122 = ORIENTED_EDGE('',*,*,#2159,.F.);
#5123 = ORIENTED_EDGE('',*,*,#5124,.F.);
#5124 = EDGE_CURVE('',#5063,#2119,#5125,.T.);
#5125 = SURFACE_CURVE('',#5126,(#5131,#5144),.PCURVE_S1.);
#5126 = ELLIPSE('',#5127,6.735192090802,4.7625);
#5127 = AXIS2_PLACEMENT_3D('',#5128,#5129,#5130);
#5128 = CARTESIAN_POINT('',(-57.15,0.,25.4));
#5129 = DIRECTION('',(0.707106781187,0.,0.707106781187));
#5130 = DIRECTION('',(-0.707106781187,0.,0.707106781187));
#5131 = PCURVE('',#1986,#5132);
#5132 = DEFINITIONAL_REPRESENTATION('',(#5133),#5143);
#5133 = B_SPLINE_CURVE_WITH_KNOTS('',8,(#5134,#5135,#5136,#5137,#5138,
    #5139,#5140,#5141,#5142),.UNSPECIFIED.,.F.,.F.,(9,9),(3.14159265359,
    4.712388980385),.PIECEWISE_BEZIER_KNOTS.);
#5134 = CARTESIAN_POINT('',(-8.881784197001E-16,96.8375));
#5135 = CARTESIAN_POINT('',(0.196349540849,96.8375));
#5136 = CARTESIAN_POINT('',(0.392699081698,97.047339445533));
#5137 = CARTESIAN_POINT('',(0.58904862255,97.467016554384));
#5138 = CARTESIAN_POINT('',(0.785398163393,98.079280199929));
#5139 = CARTESIAN_POINT('',(0.981747704247,98.849593093509));
#5140 = CARTESIAN_POINT('',(1.178097245095,99.729770401331));
#5141 = CARTESIAN_POINT('',(1.374446785946,100.6648853117));
#5142 = CARTESIAN_POINT('',(1.570796326795,101.6));
#5143 = ( GEOMETRIC_REPRESENTATION_CONTEXT(2) 
PARAMETRIC_REPRESENTATION_CONTEXT() REPRESENTATION_CONTEXT('2D SPACE',''
  ) );
#5144 = PCURVE('',#5105,#5145);
#5145 = DEFINITIONAL_REPRESENTATION('',(#5146),#5156);
#5146 = B_SPLINE_CURVE_WITH_KNOTS('',8,(#5147,#5148,#5149,#5150,#5151,
    #5152,#5153,#5154,#5155),.UNSPECIFIED.,.F.,.F.,(9,9),(3.14159265359,
    4.712388980385),.PIECEWISE_BEZIER_KNOTS.);
#5147 = CARTESIAN_POINT('',(3.14159265359,61.9125));
#5148 = CARTESIAN_POINT('',(3.337942194439,61.9125));
#5149 = CARTESIAN_POINT('',(3.534291735287,61.702660554328));
#5150 = CARTESIAN_POINT('',(3.730641276143,61.282983445653));
#5151 = CARTESIAN_POINT('',(3.926990816973,60.67071979958));
#5152 = CARTESIAN_POINT('',(4.123340357838,59.900406906491));
#5153 = CARTESIAN_POINT('',(4.319689898685,59.0202295986));
#5154 = CARTESIAN_POINT('',(4.516039439535,58.085114688295));
#5155 = CARTESIAN_POINT('',(4.712388980385,57.15));
#5156 = ( GEOMETRIC_REPRESENTATION_CONTEXT(2) 
PARAMETRIC_REPRESENTATION_CONTEXT() REPRESENTATION_CONTEXT('2D SPACE',''
  ) );
#5157 = ORIENTED_EDGE('',*,*,#5062,.F.);
#5158 = ORIENTED_EDGE('',*,*,#5159,.T.);
#5159 = EDGE_CURVE('',#5027,#1964,#5160,.T.);
#5160 = SURFACE_CURVE('',#5161,(#5166,#5179),.PCURVE_S1.);
#5161 = ELLIPSE('',#5162,6.735192090802,4.7625);
#5162 = AXIS2_PLACEMENT_3D('',#5163,#5164,#5165);
#5163 = CARTESIAN_POINT('',(-57.15,0.,-25.4));
#5164 = DIRECTION('',(-0.707106781187,0.,0.707106781187));
#5165 = DIRECTION('',(0.707106781187,0.,0.707106781187));
#5166 = PCURVE('',#1986,#5167);
#5167 = DEFINITIONAL_REPRESENTATION('',(#5168),#5178);
#5168 = B_SPLINE_CURVE_WITH_KNOTS('',8,(#5169,#5170,#5171,#5172,#5173,
    #5174,#5175,#5176,#5177),.UNSPECIFIED.,.F.,.F.,(9,9),(0.,
    1.570796326795),.PIECEWISE_BEZIER_KNOTS.);
#5169 = CARTESIAN_POINT('',(0.,55.5625));
#5170 = CARTESIAN_POINT('',(0.196349540849,55.5625));
#5171 = CARTESIAN_POINT('',(0.392699081698,55.352660554297));
#5172 = CARTESIAN_POINT('',(0.589048622549,54.932983445892));
#5173 = CARTESIAN_POINT('',(0.785398163394,54.320719799264));
#5174 = CARTESIAN_POINT('',(0.981747704248,53.550406906755));
#5175 = CARTESIAN_POINT('',(1.178097245096,52.670229598518));
#5176 = CARTESIAN_POINT('',(1.374446785946,51.735114688295));
#5177 = CARTESIAN_POINT('',(1.570796326795,50.8));
#5178 = ( GEOMETRIC_REPRESENTATION_CONTEXT(2) 
PARAMETRIC_REPRESENTATION_CONTEXT() REPRESENTATION_CONTEXT('2D SPACE',''
  ) );
#5179 = PCURVE('',#3976,#5180);
#5180 = DEFINITIONAL_REPRESENTATION('',(#5181),#5191);
#5181 = B_SPLINE_CURVE_WITH_KNOTS('',8,(#5182,#5183,#5184,#5185,#5186,
    #5187,#5188,#5189,#5190),.UNSPECIFIED.,.F.,.F.,(9,9),(0.,
    1.570796326795),.PIECEWISE_BEZIER_KNOTS.);
#5182 = CARTESIAN_POINT('',(6.28318530718,61.9125));
#5183 = CARTESIAN_POINT('',(6.08683576633,61.9125));
#5184 = CARTESIAN_POINT('',(5.890486225481,61.702660554328));
#5185 = CARTESIAN_POINT('',(5.694136684633,61.282983445653));
#5186 = CARTESIAN_POINT('',(5.497787143781,60.67071979958));
#5187 = CARTESIAN_POINT('',(5.301437602934,59.900406906491));
#5188 = CARTESIAN_POINT('',(5.105088062083,59.0202295986));
#5189 = CARTESIAN_POINT('',(4.908738521234,58.085114688295));
#5190 = CARTESIAN_POINT('',(4.712388980385,57.15));
#5191 = ( GEOMETRIC_REPRESENTATION_CONTEXT(2) 
PARAMETRIC_REPRESENTATION_CONTEXT() REPRESENTATION_CONTEXT('2D SPACE',''
  ) );
#5192 = ORIENTED_EDGE('',*,*,#1963,.T.);
#5193 = ADVANCED_FACE('',(#5194),#2141,.T.);
#5194 = FACE_BOUND('',#5195,.T.);
#5195 = EDGE_LOOP('',(#5196,#5197,#5233,#5253,#5254,#5255,#5256,#5257,
    #5291));
#5196 = ORIENTED_EDGE('',*,*,#2209,.T.);
#5197 = ORIENTED_EDGE('',*,*,#5198,.T.);
#5198 = EDGE_CURVE('',#2160,#5199,#5201,.T.);
#5199 = VERTEX_POINT('',#5200);
#5200 = CARTESIAN_POINT('',(-52.3875,0.,30.1625));
#5201 = SURFACE_CURVE('',#5202,(#5207,#5220),.PCURVE_S1.);
#5202 = ELLIPSE('',#5203,6.735192090802,4.7625);
#5203 = AXIS2_PLACEMENT_3D('',#5204,#5205,#5206);
#5204 = CARTESIAN_POINT('',(-57.15,0.,25.4));
#5205 = DIRECTION('',(-0.707106781187,0.,0.707106781187));
#5206 = DIRECTION('',(0.707106781187,0.,0.707106781187));
#5207 = PCURVE('',#2141,#5208);
#5208 = DEFINITIONAL_REPRESENTATION('',(#5209),#5219);
#5209 = B_SPLINE_CURVE_WITH_KNOTS('',8,(#5210,#5211,#5212,#5213,#5214,
    #5215,#5216,#5217,#5218),.UNSPECIFIED.,.F.,.F.,(9,9),(4.712388980385
    ,6.28318530718),.PIECEWISE_BEZIER_KNOTS.);
#5210 = CARTESIAN_POINT('',(4.712388980385,101.6));
#5211 = CARTESIAN_POINT('',(4.908738521234,102.53511468829));
#5212 = CARTESIAN_POINT('',(5.10508806208,103.47022959859));
#5213 = CARTESIAN_POINT('',(5.301437602931,104.35040690623));
#5214 = CARTESIAN_POINT('',(5.49778714378,105.12071979993));
#5215 = CARTESIAN_POINT('',(5.694136684627,105.73298344524));
#5216 = CARTESIAN_POINT('',(5.890486225479,106.15266055433));
#5217 = CARTESIAN_POINT('',(6.08683576633,106.3625));
#5218 = CARTESIAN_POINT('',(6.28318530718,106.3625));
#5219 = ( GEOMETRIC_REPRESENTATION_CONTEXT(2) 
PARAMETRIC_REPRESENTATION_CONTEXT() REPRESENTATION_CONTEXT('2D SPACE',''
  ) );
#5220 = PCURVE('',#5105,#5221);
#5221 = DEFINITIONAL_REPRESENTATION('',(#5222),#5232);
#5222 = B_SPLINE_CURVE_WITH_KNOTS('',8,(#5223,#5224,#5225,#5226,#5227,
    #5228,#5229,#5230,#5231),.UNSPECIFIED.,.F.,.F.,(9,9),(4.712388980385
    ,6.28318530718),.PIECEWISE_BEZIER_KNOTS.);
#5223 = CARTESIAN_POINT('',(1.570796326795,57.15));
#5224 = CARTESIAN_POINT('',(1.374446785946,58.085114688295));
#5225 = CARTESIAN_POINT('',(1.178097245096,59.020229598598));
#5226 = CARTESIAN_POINT('',(0.981747704245,59.900406906416));
#5227 = CARTESIAN_POINT('',(0.785398163398,60.670719799514));
#5228 = CARTESIAN_POINT('',(0.589048622546,61.282983445639));
#5229 = CARTESIAN_POINT('',(0.392699081699,61.702660554346));
#5230 = CARTESIAN_POINT('',(0.196349540849,61.9125));
#5231 = CARTESIAN_POINT('',(2.449293598295E-16,61.9125));
#5232 = ( GEOMETRIC_REPRESENTATION_CONTEXT(2) 
PARAMETRIC_REPRESENTATION_CONTEXT() REPRESENTATION_CONTEXT('2D SPACE',''
  ) );
#5233 = ORIENTED_EDGE('',*,*,#5234,.T.);
#5234 = EDGE_CURVE('',#5199,#2561,#5235,.T.);
#5235 = SEAM_CURVE('',#5236,(#5240,#5247),.PCURVE_S1.);
#5236 = LINE('',#5237,#5238);
#5237 = CARTESIAN_POINT('',(-52.3875,0.,-76.2));
#5238 = VECTOR('',#5239,1.);
#5239 = DIRECTION('',(0.,0.,1.));
#5240 = PCURVE('',#2141,#5241);
#5241 = DEFINITIONAL_REPRESENTATION('',(#5242),#5246);
#5242 = LINE('',#5243,#5244);
#5243 = CARTESIAN_POINT('',(0.,0.));
#5244 = VECTOR('',#5245,1.);
#5245 = DIRECTION('',(0.,1.));
#5246 = ( GEOMETRIC_REPRESENTATION_CONTEXT(2) 
PARAMETRIC_REPRESENTATION_CONTEXT() REPRESENTATION_CONTEXT('2D SPACE',''
  ) );
#5247 = PCURVE('',#2141,#5248);
#5248 = DEFINITIONAL_REPRESENTATION('',(#5249),#5252);
#5249 = B_SPLINE_CURVE_WITH_KNOTS('',1,(#5250,#5251),.UNSPECIFIED.,.F.,
  .F.,(2,2),(0.,152.4),.PIECEWISE_BEZIER_KNOTS.);
#5250 = CARTESIAN_POINT('',(6.28318530718,0.));
#5251 = CARTESIAN_POINT('',(6.28318530718,152.4));
#5252 = ( GEOMETRIC_REPRESENTATION_CONTEXT(2) 
PARAMETRIC_REPRESENTATION_CONTEXT() REPRESENTATION_CONTEXT('2D SPACE',''
  ) );
#5253 = ORIENTED_EDGE('',*,*,#2560,.F.);
#5254 = ORIENTED_EDGE('',*,*,#2508,.F.);
#5255 = ORIENTED_EDGE('',*,*,#2596,.F.);
#5256 = ORIENTED_EDGE('',*,*,#5234,.F.);
#5257 = ORIENTED_EDGE('',*,*,#5258,.T.);
#5258 = EDGE_CURVE('',#5199,#2119,#5259,.T.);
#5259 = SURFACE_CURVE('',#5260,(#5265,#5278),.PCURVE_S1.);
#5260 = ELLIPSE('',#5261,6.735192090802,4.7625);
#5261 = AXIS2_PLACEMENT_3D('',#5262,#5263,#5264);
#5262 = CARTESIAN_POINT('',(-57.15,0.,25.4));
#5263 = DIRECTION('',(-0.707106781187,0.,0.707106781187));
#5264 = DIRECTION('',(0.707106781187,0.,0.707106781187));
#5265 = PCURVE('',#2141,#5266);
#5266 = DEFINITIONAL_REPRESENTATION('',(#5267),#5277);
#5267 = B_SPLINE_CURVE_WITH_KNOTS('',8,(#5268,#5269,#5270,#5271,#5272,
    #5273,#5274,#5275,#5276),.UNSPECIFIED.,.F.,.F.,(9,9),(0.,
    1.570796326795),.PIECEWISE_BEZIER_KNOTS.);
#5268 = CARTESIAN_POINT('',(0.,106.3625));
#5269 = CARTESIAN_POINT('',(0.196349540849,106.3625));
#5270 = CARTESIAN_POINT('',(0.392699081698,106.15266055436));
#5271 = CARTESIAN_POINT('',(0.589048622549,105.7329834454));
#5272 = CARTESIAN_POINT('',(0.785398163394,105.12071979985));
#5273 = CARTESIAN_POINT('',(0.981747704248,104.35040690628));
#5274 = CARTESIAN_POINT('',(1.178097245096,103.4702295986));
#5275 = CARTESIAN_POINT('',(1.374446785946,102.53511468829));
#5276 = CARTESIAN_POINT('',(1.570796326795,101.6));
#5277 = ( GEOMETRIC_REPRESENTATION_CONTEXT(2) 
PARAMETRIC_REPRESENTATION_CONTEXT() REPRESENTATION_CONTEXT('2D SPACE',''
  ) );
#5278 = PCURVE('',#5105,#5279);
#5279 = DEFINITIONAL_REPRESENTATION('',(#5280),#5290);
#5280 = B_SPLINE_CURVE_WITH_KNOTS('',8,(#5281,#5282,#5283,#5284,#5285,
    #5286,#5287,#5288,#5289),.UNSPECIFIED.,.F.,.F.,(9,9),(0.,
    1.570796326795),.PIECEWISE_BEZIER_KNOTS.);
#5281 = CARTESIAN_POINT('',(6.28318530718,61.9125));
#5282 = CARTESIAN_POINT('',(6.08683576633,61.9125));
#5283 = CARTESIAN_POINT('',(5.890486225481,61.702660554328));
#5284 = CARTESIAN_POINT('',(5.694136684635,61.282983445653));
#5285 = CARTESIAN_POINT('',(5.49778714378,60.67071979958));
#5286 = CARTESIAN_POINT('',(5.301437602936,59.900406906491));
#5287 = CARTESIAN_POINT('',(5.105088062083,59.0202295986));
#5288 = CARTESIAN_POINT('',(4.908738521234,58.085114688295));
#5289 = CARTESIAN_POINT('',(4.712388980385,57.15));
#5290 = ( GEOMETRIC_REPRESENTATION_CONTEXT(2) 
PARAMETRIC_REPRESENTATION_CONTEXT() REPRESENTATION_CONTEXT('2D SPACE',''
  ) );
#5291 = ORIENTED_EDGE('',*,*,#2118,.T.);
#5292 = ADVANCED_FACE('',(#5293),#2458,.F.);
#5293 = FACE_BOUND('',#5294,.F.);
#5294 = EDGE_LOOP('',(#5295,#5314,#5315));
#5295 = ORIENTED_EDGE('',*,*,#5296,.T.);
#5296 = EDGE_CURVE('',#3231,#2253,#5297,.T.);
#5297 = SURFACE_CURVE('',#5298,(#5302,#5308),.PCURVE_S1.);
#5298 = LINE('',#5299,#5300);
#5299 = CARTESIAN_POINT('',(-114.3,0.,76.2));
#5300 = VECTOR('',#5301,1.);
#5301 = DIRECTION('',(0.,0.,1.));
#5302 = PCURVE('',#2458,#5303);
#5303 = DEFINITIONAL_REPRESENTATION('',(#5304),#5307);
#5304 = B_SPLINE_CURVE_WITH_KNOTS('',1,(#5305,#5306),.UNSPECIFIED.,.F.,
  .F.,(2,2),(-8.748570571409E-16,4.7625),.PIECEWISE_BEZIER_KNOTS.);
#5305 = CARTESIAN_POINT('',(-8.748570571409E-16,7.686657533969E-16));
#5306 = CARTESIAN_POINT('',(4.7625,7.686657533969E-16));
#5307 = ( GEOMETRIC_REPRESENTATION_CONTEXT(2) 
PARAMETRIC_REPRESENTATION_CONTEXT() REPRESENTATION_CONTEXT('2D SPACE',''
  ) );
#5308 = PCURVE('',#2908,#5309);
#5309 = DEFINITIONAL_REPRESENTATION('',(#5310),#5313);
#5310 = B_SPLINE_CURVE_WITH_KNOTS('',1,(#5311,#5312),.UNSPECIFIED.,.F.,
  .F.,(2,2),(-8.748570571409E-16,4.7625),.PIECEWISE_BEZIER_KNOTS.);
#5311 = CARTESIAN_POINT('',(-8.748570571409E-16,0.));
#5312 = CARTESIAN_POINT('',(4.7625,0.));
#5313 = ( GEOMETRIC_REPRESENTATION_CONTEXT(2) 
PARAMETRIC_REPRESENTATION_CONTEXT() REPRESENTATION_CONTEXT('2D SPACE',''
  ) );
#5314 = ORIENTED_EDGE('',*,*,#2443,.T.);
#5315 = ORIENTED_EDGE('',*,*,#3230,.T.);
#5316 = ADVANCED_FACE('',(#5317),#2430,.T.);
#5317 = FACE_BOUND('',#5318,.T.);
#5318 = EDGE_LOOP('',(#5319,#5345,#5346));
#5319 = ORIENTED_EDGE('',*,*,#5320,.T.);
#5320 = EDGE_CURVE('',#5321,#2289,#5323,.T.);
#5321 = VERTEX_POINT('',#5322);
#5322 = CARTESIAN_POINT('',(114.3,0.,76.2));
#5323 = SURFACE_CURVE('',#5324,(#5328,#5334),.PCURVE_S1.);
#5324 = LINE('',#5325,#5326);
#5325 = CARTESIAN_POINT('',(114.3,0.,76.2));
#5326 = VECTOR('',#5327,1.);
#5327 = DIRECTION('',(0.,0.,1.));
#5328 = PCURVE('',#2430,#5329);
#5329 = DEFINITIONAL_REPRESENTATION('',(#5330),#5333);
#5330 = B_SPLINE_CURVE_WITH_KNOTS('',1,(#5331,#5332),.UNSPECIFIED.,.F.,
  .F.,(2,2),(-8.748570571409E-16,4.7625),.PIECEWISE_BEZIER_KNOTS.);
#5331 = CARTESIAN_POINT('',(-8.748570571409E-16,7.686657533969E-16));
#5332 = CARTESIAN_POINT('',(4.7625,7.686657533969E-16));
#5333 = ( GEOMETRIC_REPRESENTATION_CONTEXT(2) 
PARAMETRIC_REPRESENTATION_CONTEXT() REPRESENTATION_CONTEXT('2D SPACE',''
  ) );
#5334 = PCURVE('',#5335,#5340);
#5335 = PLANE('',#5336);
#5336 = AXIS2_PLACEMENT_3D('',#5337,#5338,#5339);
#5337 = CARTESIAN_POINT('',(114.3,0.,76.2));
#5338 = DIRECTION('',(0.,1.,0.));
#5339 = DIRECTION('',(0.,-0.,1.));
#5340 = DEFINITIONAL_REPRESENTATION('',(#5341),#5344);
#5341 = B_SPLINE_CURVE_WITH_KNOTS('',1,(#5342,#5343),.UNSPECIFIED.,.F.,
  .F.,(2,2),(-8.748570571409E-16,4.7625),.PIECEWISE_BEZIER_KNOTS.);
#5342 = CARTESIAN_POINT('',(-8.748570571409E-16,0.));
#5343 = CARTESIAN_POINT('',(4.7625,0.));
#5344 = ( GEOMETRIC_REPRESENTATION_CONTEXT(2) 
PARAMETRIC_REPRESENTATION_CONTEXT() REPRESENTATION_CONTEXT('2D SPACE',''
  ) );
#5345 = ORIENTED_EDGE('',*,*,#2415,.T.);
#5346 = ORIENTED_EDGE('',*,*,#5347,.T.);
#5347 = EDGE_CURVE('',#2366,#5321,#5348,.T.);
#5348 = SURFACE_CURVE('',#5349,(#5353,#5359),.PCURVE_S1.);
#5349 = LINE('',#5350,#5351);
#5350 = CARTESIAN_POINT('',(114.3,0.,76.2));
#5351 = VECTOR('',#5352,1.);
#5352 = DIRECTION('',(0.,1.,0.));
#5353 = PCURVE('',#2430,#5354);
#5354 = DEFINITIONAL_REPRESENTATION('',(#5355),#5358);
#5355 = B_SPLINE_CURVE_WITH_KNOTS('',1,(#5356,#5357),.UNSPECIFIED.,.F.,
  .F.,(2,2),(-4.7625,4.7625),.PIECEWISE_BEZIER_KNOTS.);
#5356 = CARTESIAN_POINT('',(0.,4.7625));
#5357 = CARTESIAN_POINT('',(0.,-4.7625));
#5358 = ( GEOMETRIC_REPRESENTATION_CONTEXT(2) 
PARAMETRIC_REPRESENTATION_CONTEXT() REPRESENTATION_CONTEXT('2D SPACE',''
  ) );
#5359 = PCURVE('',#4412,#5360);
#5360 = DEFINITIONAL_REPRESENTATION('',(#5361),#5364);
#5361 = B_SPLINE_CURVE_WITH_KNOTS('',1,(#5362,#5363),.UNSPECIFIED.,.F.,
  .F.,(2,2),(-4.7625,4.7625),.PIECEWISE_BEZIER_KNOTS.);
#5362 = CARTESIAN_POINT('',(0.,-4.7625));
#5363 = CARTESIAN_POINT('',(0.,4.7625));
#5364 = ( GEOMETRIC_REPRESENTATION_CONTEXT(2) 
PARAMETRIC_REPRESENTATION_CONTEXT() REPRESENTATION_CONTEXT('2D SPACE',''
  ) );
#5365 = ADVANCED_FACE('',(#5366,#5565),#2340,.T.);
#5366 = FACE_BOUND('',#5367,.T.);
#5367 = EDGE_LOOP('',(#5368,#5390,#5412,#5413,#5414,#5415,#5437,#5487,
    #5537,#5564));
#5368 = ORIENTED_EDGE('',*,*,#5369,.F.);
#5369 = EDGE_CURVE('',#2289,#5370,#5372,.T.);
#5370 = VERTEX_POINT('',#5371);
#5371 = CARTESIAN_POINT('',(114.3,50.8,80.9625));
#5372 = SEAM_CURVE('',#5373,(#5377,#5384),.PCURVE_S1.);
#5373 = LINE('',#5374,#5375);
#5374 = CARTESIAN_POINT('',(114.3,0.,80.9625));
#5375 = VECTOR('',#5376,1.);
#5376 = DIRECTION('',(0.,1.,0.));
#5377 = PCURVE('',#2340,#5378);
#5378 = DEFINITIONAL_REPRESENTATION('',(#5379),#5383);
#5379 = LINE('',#5380,#5381);
#5380 = CARTESIAN_POINT('',(0.,0.));
#5381 = VECTOR('',#5382,1.);
#5382 = DIRECTION('',(0.,1.));
#5383 = ( GEOMETRIC_REPRESENTATION_CONTEXT(2) 
PARAMETRIC_REPRESENTATION_CONTEXT() REPRESENTATION_CONTEXT('2D SPACE',''
  ) );
#5384 = PCURVE('',#2340,#5385);
#5385 = DEFINITIONAL_REPRESENTATION('',(#5386),#5389);
#5386 = B_SPLINE_CURVE_WITH_KNOTS('',1,(#5387,#5388),.UNSPECIFIED.,.F.,
  .F.,(2,2),(0.,101.6),.PIECEWISE_BEZIER_KNOTS.);
#5387 = CARTESIAN_POINT('',(6.28318530718,0.));
#5388 = CARTESIAN_POINT('',(6.28318530718,101.6));
#5389 = ( GEOMETRIC_REPRESENTATION_CONTEXT(2) 
PARAMETRIC_REPRESENTATION_CONTEXT() REPRESENTATION_CONTEXT('2D SPACE',''
  ) );
#5390 = ORIENTED_EDGE('',*,*,#5391,.T.);
#5391 = EDGE_CURVE('',#2289,#4376,#5392,.T.);
#5392 = SURFACE_CURVE('',#5393,(#5398,#5405),.PCURVE_S1.);
#5393 = CIRCLE('',#5394,4.7625);
#5394 = AXIS2_PLACEMENT_3D('',#5395,#5396,#5397);
#5395 = CARTESIAN_POINT('',(114.3,0.,76.2));
#5396 = DIRECTION('',(0.,1.,0.));
#5397 = DIRECTION('',(0.,-0.,1.));
#5398 = PCURVE('',#2340,#5399);
#5399 = DEFINITIONAL_REPRESENTATION('',(#5400),#5404);
#5400 = LINE('',#5401,#5402);
#5401 = CARTESIAN_POINT('',(0.,0.));
#5402 = VECTOR('',#5403,1.);
#5403 = DIRECTION('',(1.,0.));
#5404 = ( GEOMETRIC_REPRESENTATION_CONTEXT(2) 
PARAMETRIC_REPRESENTATION_CONTEXT() REPRESENTATION_CONTEXT('2D SPACE',''
  ) );
#5405 = PCURVE('',#5335,#5406);
#5406 = DEFINITIONAL_REPRESENTATION('',(#5407),#5411);
#5407 = CIRCLE('',#5408,4.7625);
#5408 = AXIS2_PLACEMENT_2D('',#5409,#5410);
#5409 = CARTESIAN_POINT('',(0.,0.));
#5410 = DIRECTION('',(1.,0.));
#5411 = ( GEOMETRIC_REPRESENTATION_CONTEXT(2) 
PARAMETRIC_REPRESENTATION_CONTEXT() REPRESENTATION_CONTEXT('2D SPACE',''
  ) );
#5412 = ORIENTED_EDGE('',*,*,#4425,.T.);
#5413 = ORIENTED_EDGE('',*,*,#2310,.T.);
#5414 = ORIENTED_EDGE('',*,*,#5369,.T.);
#5415 = ORIENTED_EDGE('',*,*,#5416,.T.);
#5416 = EDGE_CURVE('',#5370,#5417,#5419,.T.);
#5417 = VERTEX_POINT('',#5418);
#5418 = CARTESIAN_POINT('',(114.3,101.6,80.9625));
#5419 = SEAM_CURVE('',#5420,(#5424,#5431),.PCURVE_S1.);
#5420 = LINE('',#5421,#5422);
#5421 = CARTESIAN_POINT('',(114.3,0.,80.9625));
#5422 = VECTOR('',#5423,1.);
#5423 = DIRECTION('',(0.,1.,0.));
#5424 = PCURVE('',#2340,#5425);
#5425 = DEFINITIONAL_REPRESENTATION('',(#5426),#5430);
#5426 = LINE('',#5427,#5428);
#5427 = CARTESIAN_POINT('',(0.,0.));
#5428 = VECTOR('',#5429,1.);
#5429 = DIRECTION('',(0.,1.));
#5430 = ( GEOMETRIC_REPRESENTATION_CONTEXT(2) 
PARAMETRIC_REPRESENTATION_CONTEXT() REPRESENTATION_CONTEXT('2D SPACE',''
  ) );
#5431 = PCURVE('',#2340,#5432);
#5432 = DEFINITIONAL_REPRESENTATION('',(#5433),#5436);
#5433 = B_SPLINE_CURVE_WITH_KNOTS('',1,(#5434,#5435),.UNSPECIFIED.,.F.,
  .F.,(2,2),(0.,101.6),.PIECEWISE_BEZIER_KNOTS.);
#5434 = CARTESIAN_POINT('',(6.28318530718,0.));
#5435 = CARTESIAN_POINT('',(6.28318530718,101.6));
#5436 = ( GEOMETRIC_REPRESENTATION_CONTEXT(2) 
PARAMETRIC_REPRESENTATION_CONTEXT() REPRESENTATION_CONTEXT('2D SPACE',''
  ) );
#5437 = ORIENTED_EDGE('',*,*,#5438,.F.);
#5438 = EDGE_CURVE('',#5439,#5417,#5441,.T.);
#5439 = VERTEX_POINT('',#5440);
#5440 = CARTESIAN_POINT('',(110.93240395459,98.232403954599,
    72.832403954599));
#5441 = SURFACE_CURVE('',#5442,(#5447,#5467),.PCURVE_S1.);
#5442 = ELLIPSE('',#5443,6.735192090802,4.7625);
#5443 = AXIS2_PLACEMENT_3D('',#5444,#5445,#5446);
#5444 = CARTESIAN_POINT('',(114.3,101.6,76.2));
#5445 = DIRECTION('',(-0.707106781187,0.707106781187,0.));
#5446 = DIRECTION('',(0.707106781187,0.707106781187,0.));
#5447 = PCURVE('',#2340,#5448);
#5448 = DEFINITIONAL_REPRESENTATION('',(#5449),#5466);
#5449 = B_SPLINE_CURVE_WITH_KNOTS('',8,(#5450,#5451,#5452,#5453,#5454,
    #5455,#5456,#5457,#5458,#5459,#5460,#5461,#5462,#5463,#5464,#5465),
  .UNSPECIFIED.,.F.,.F.,(9,7,9),(1.570796326795,3.14159265359,
    4.712388980385),.UNSPECIFIED.);
#5450 = CARTESIAN_POINT('',(3.14159265359,101.6));
#5451 = CARTESIAN_POINT('',(3.337942194439,100.6648853117));
#5452 = CARTESIAN_POINT('',(3.53429173529,99.729770401346));
#5453 = CARTESIAN_POINT('',(3.730641276136,98.849593093431));
#5454 = CARTESIAN_POINT('',(3.926990816993,98.079280199949));
#5455 = CARTESIAN_POINT('',(4.123340357835,97.46701655431));
#5456 = CARTESIAN_POINT('',(4.319689898687,97.047339445593));
#5457 = CARTESIAN_POINT('',(4.516039439535,96.8375));
#5458 = CARTESIAN_POINT('',(4.908738521234,96.8375));
#5459 = CARTESIAN_POINT('',(5.105088062083,97.04733944558));
#5460 = CARTESIAN_POINT('',(5.301437602935,97.467016554196));
#5461 = CARTESIAN_POINT('',(5.49778714378,98.079280200091));
#5462 = CARTESIAN_POINT('',(5.694136684634,98.849593093444));
#5463 = CARTESIAN_POINT('',(5.89048622548,99.729770401317));
#5464 = CARTESIAN_POINT('',(6.08683576633,100.6648853117));
#5465 = CARTESIAN_POINT('',(6.28318530718,101.6));
#5466 = ( GEOMETRIC_REPRESENTATION_CONTEXT(2) 
PARAMETRIC_REPRESENTATION_CONTEXT() REPRESENTATION_CONTEXT('2D SPACE',''
  ) );
#5467 = PCURVE('',#3071,#5468);
#5468 = DEFINITIONAL_REPRESENTATION('',(#5469),#5486);
#5469 = B_SPLINE_CURVE_WITH_KNOTS('',8,(#5470,#5471,#5472,#5473,#5474,
    #5475,#5476,#5477,#5478,#5479,#5480,#5481,#5482,#5483,#5484,#5485),
  .UNSPECIFIED.,.F.,.F.,(9,7,9),(1.570796326795,3.14159265359,
    4.712388980385),.UNSPECIFIED.);
#5470 = CARTESIAN_POINT('',(3.14159265359,228.6));
#5471 = CARTESIAN_POINT('',(2.94524311274,227.6648853117));
#5472 = CARTESIAN_POINT('',(2.748893571889,226.72977040115));
#5473 = CARTESIAN_POINT('',(2.552544031047,225.84959309346));
#5474 = CARTESIAN_POINT('',(2.35619449018,225.07928019964));
#5475 = CARTESIAN_POINT('',(2.159844949349,224.46701655453));
#5476 = CARTESIAN_POINT('',(1.963495408492,224.04733944549));
#5477 = CARTESIAN_POINT('',(1.767145867644,223.8375));
#5478 = CARTESIAN_POINT('',(1.374446785946,223.8375));
#5479 = CARTESIAN_POINT('',(1.178097245096,224.04733944562));
#5480 = CARTESIAN_POINT('',(0.981747704245,224.46701655389));
#5481 = CARTESIAN_POINT('',(0.785398163396,225.07928019985));
#5482 = CARTESIAN_POINT('',(0.589048622546,225.84959309321));
#5483 = CARTESIAN_POINT('',(0.392699081698,226.72977040131));
#5484 = CARTESIAN_POINT('',(0.196349540849,227.6648853117));
#5485 = CARTESIAN_POINT('',(0.,228.6));
#5486 = ( GEOMETRIC_REPRESENTATION_CONTEXT(2) 
PARAMETRIC_REPRESENTATION_CONTEXT() REPRESENTATION_CONTEXT('2D SPACE',''
  ) );
#5487 = ORIENTED_EDGE('',*,*,#5488,.F.);
#5488 = EDGE_CURVE('',#5489,#5439,#5491,.T.);
#5489 = VERTEX_POINT('',#5490);
#5490 = CARTESIAN_POINT('',(119.0625,101.6,76.2));
#5491 = SURFACE_CURVE('',#5492,(#5497,#5517),.PCURVE_S1.);
#5492 = ELLIPSE('',#5493,6.735192090802,4.7625);
#5493 = AXIS2_PLACEMENT_3D('',#5494,#5495,#5496);
#5494 = CARTESIAN_POINT('',(114.3,101.6,76.2));
#5495 = DIRECTION('',(0.,0.707106781187,-0.707106781187));
#5496 = DIRECTION('',(0.,0.707106781187,0.707106781187));
#5497 = PCURVE('',#2340,#5498);
#5498 = DEFINITIONAL_REPRESENTATION('',(#5499),#5516);
#5499 = B_SPLINE_CURVE_WITH_KNOTS('',8,(#5500,#5501,#5502,#5503,#5504,
    #5505,#5506,#5507,#5508,#5509,#5510,#5511,#5512,#5513,#5514,#5515),
  .UNSPECIFIED.,.F.,.F.,(9,7,9),(1.570796326795,3.14159265359,
    4.712388980385),.UNSPECIFIED.);
#5500 = CARTESIAN_POINT('',(1.570796326795,101.6));
#5501 = CARTESIAN_POINT('',(1.767145867644,100.6648853117));
#5502 = CARTESIAN_POINT('',(1.963495408492,99.729770401346));
#5503 = CARTESIAN_POINT('',(2.159844949341,98.849593093431));
#5504 = CARTESIAN_POINT('',(2.356194490185,98.079280199949));
#5505 = CARTESIAN_POINT('',(2.552544031042,97.46701655431));
#5506 = CARTESIAN_POINT('',(2.74889357189,97.047339445593));
#5507 = CARTESIAN_POINT('',(2.94524311274,96.8375));
#5508 = CARTESIAN_POINT('',(3.337942194439,96.8375));
#5509 = CARTESIAN_POINT('',(3.534291735284,97.04733944558));
#5510 = CARTESIAN_POINT('',(3.730641276133,97.467016554196));
#5511 = CARTESIAN_POINT('',(3.92699081697,98.079280200091));
#5512 = CARTESIAN_POINT('',(4.123340357835,98.849593093444));
#5513 = CARTESIAN_POINT('',(4.319689898682,99.729770401317));
#5514 = CARTESIAN_POINT('',(4.516039439535,100.6648853117));
#5515 = CARTESIAN_POINT('',(4.712388980385,101.6));
#5516 = ( GEOMETRIC_REPRESENTATION_CONTEXT(2) 
PARAMETRIC_REPRESENTATION_CONTEXT() REPRESENTATION_CONTEXT('2D SPACE',''
  ) );
#5517 = PCURVE('',#3603,#5518);
#5518 = DEFINITIONAL_REPRESENTATION('',(#5519),#5536);
#5519 = B_SPLINE_CURVE_WITH_KNOTS('',8,(#5520,#5521,#5522,#5523,#5524,
    #5525,#5526,#5527,#5528,#5529,#5530,#5531,#5532,#5533,#5534,#5535),
  .UNSPECIFIED.,.F.,.F.,(9,7,9),(1.570796326795,3.14159265359,
    4.712388980385),.UNSPECIFIED.);
#5520 = CARTESIAN_POINT('',(6.28318530718,152.4));
#5521 = CARTESIAN_POINT('',(6.08683576633,151.4648853117));
#5522 = CARTESIAN_POINT('',(5.890486225481,150.52977040125));
#5523 = CARTESIAN_POINT('',(5.694136684635,149.64959309337));
#5524 = CARTESIAN_POINT('',(5.49778714378,148.8792801998));
#5525 = CARTESIAN_POINT('',(5.301437602936,148.26701655416));
#5526 = CARTESIAN_POINT('',(5.105088062083,147.84733944549));
#5527 = CARTESIAN_POINT('',(4.908738521234,147.6375));
#5528 = CARTESIAN_POINT('',(4.516039439535,147.6375));
#5529 = CARTESIAN_POINT('',(4.319689898688,147.84733944548));
#5530 = CARTESIAN_POINT('',(4.123340357835,148.26701655447));
#5531 = CARTESIAN_POINT('',(3.926990816997,148.87928019941));
#5532 = CARTESIAN_POINT('',(3.730641276135,149.64959309364));
#5533 = CARTESIAN_POINT('',(3.53429173529,150.52977040123));
#5534 = CARTESIAN_POINT('',(3.337942194439,151.4648853117));
#5535 = CARTESIAN_POINT('',(3.14159265359,152.4));
#5536 = ( GEOMETRIC_REPRESENTATION_CONTEXT(2) 
PARAMETRIC_REPRESENTATION_CONTEXT() REPRESENTATION_CONTEXT('2D SPACE',''
  ) );
#5537 = ORIENTED_EDGE('',*,*,#5538,.F.);
#5538 = EDGE_CURVE('',#5417,#5489,#5539,.T.);
#5539 = SURFACE_CURVE('',#5540,(#5545,#5552),.PCURVE_S1.);
#5540 = CIRCLE('',#5541,4.7625);
#5541 = AXIS2_PLACEMENT_3D('',#5542,#5543,#5544);
#5542 = CARTESIAN_POINT('',(114.3,101.6,76.2));
#5543 = DIRECTION('',(0.,1.,0.));
#5544 = DIRECTION('',(0.,-0.,1.));
#5545 = PCURVE('',#2340,#5546);
#5546 = DEFINITIONAL_REPRESENTATION('',(#5547),#5551);
#5547 = LINE('',#5548,#5549);
#5548 = CARTESIAN_POINT('',(0.,101.6));
#5549 = VECTOR('',#5550,1.);
#5550 = DIRECTION('',(1.,0.));
#5551 = ( GEOMETRIC_REPRESENTATION_CONTEXT(2) 
PARAMETRIC_REPRESENTATION_CONTEXT() REPRESENTATION_CONTEXT('2D SPACE',''
  ) );
#5552 = PCURVE('',#5553,#5558);
#5553 = PLANE('',#5554);
#5554 = AXIS2_PLACEMENT_3D('',#5555,#5556,#5557);
#5555 = CARTESIAN_POINT('',(114.3,101.6,76.2));
#5556 = DIRECTION('',(0.,1.,0.));
#5557 = DIRECTION('',(0.,-0.,1.));
#5558 = DEFINITIONAL_REPRESENTATION('',(#5559),#5563);
#5559 = CIRCLE('',#5560,4.7625);
#5560 = AXIS2_PLACEMENT_2D('',#5561,#5562);
#5561 = CARTESIAN_POINT('',(0.,0.));
#5562 = DIRECTION('',(1.,0.));
#5563 = ( GEOMETRIC_REPRESENTATION_CONTEXT(2) 
PARAMETRIC_REPRESENTATION_CONTEXT() REPRESENTATION_CONTEXT('2D SPACE',''
  ) );
#5564 = ORIENTED_EDGE('',*,*,#5416,.F.);
#5565 = FACE_BOUND('',#5566,.T.);
#5566 = EDGE_LOOP('',(#5567,#5603,#5653));
#5567 = ORIENTED_EDGE('',*,*,#5568,.T.);
#5568 = EDGE_CURVE('',#5569,#5370,#5571,.T.);
#5569 = VERTEX_POINT('',#5570);
#5570 = CARTESIAN_POINT('',(109.5375,55.5625,76.2));
#5571 = SURFACE_CURVE('',#5572,(#5577,#5590),.PCURVE_S1.);
#5572 = ELLIPSE('',#5573,6.735192090802,4.7625);
#5573 = AXIS2_PLACEMENT_3D('',#5574,#5575,#5576);
#5574 = CARTESIAN_POINT('',(114.3,50.8,76.2));
#5575 = DIRECTION('',(0.707106781187,0.707106781187,0.));
#5576 = DIRECTION('',(-0.707106781187,0.707106781187,0.));
#5577 = PCURVE('',#2340,#5578);
#5578 = DEFINITIONAL_REPRESENTATION('',(#5579),#5589);
#5579 = B_SPLINE_CURVE_WITH_KNOTS('',8,(#5580,#5581,#5582,#5583,#5584,
    #5585,#5586,#5587,#5588),.UNSPECIFIED.,.F.,.F.,(9,9),(0.,
    1.570796326795),.PIECEWISE_BEZIER_KNOTS.);
#5580 = CARTESIAN_POINT('',(4.712388980385,55.5625));
#5581 = CARTESIAN_POINT('',(4.908738521234,55.5625));
#5582 = CARTESIAN_POINT('',(5.105088062083,55.352660554294));
#5583 = CARTESIAN_POINT('',(5.301437602938,54.932983445789));
#5584 = CARTESIAN_POINT('',(5.497787143778,54.320719799189));
#5585 = CARTESIAN_POINT('',(5.694136684636,53.550406906646));
#5586 = CARTESIAN_POINT('',(5.89048622548,52.67022959854));
#5587 = CARTESIAN_POINT('',(6.08683576633,51.735114688295));
#5588 = CARTESIAN_POINT('',(6.28318530718,50.8));
#5589 = ( GEOMETRIC_REPRESENTATION_CONTEXT(2) 
PARAMETRIC_REPRESENTATION_CONTEXT() REPRESENTATION_CONTEXT('2D SPACE',''
  ) );
#5590 = PCURVE('',#3131,#5591);
#5591 = DEFINITIONAL_REPRESENTATION('',(#5592),#5602);
#5592 = B_SPLINE_CURVE_WITH_KNOTS('',8,(#5593,#5594,#5595,#5596,#5597,
    #5598,#5599,#5600,#5601),.UNSPECIFIED.,.F.,.F.,(9,9),(0.,
    1.570796326795),.PIECEWISE_BEZIER_KNOTS.);
#5593 = CARTESIAN_POINT('',(4.712388980385,223.8375));
#5594 = CARTESIAN_POINT('',(4.908738521234,223.8375));
#5595 = CARTESIAN_POINT('',(5.105088062082,224.04733944562));
#5596 = CARTESIAN_POINT('',(5.301437602938,224.46701655389));
#5597 = CARTESIAN_POINT('',(5.497787143778,225.07928019985));
#5598 = CARTESIAN_POINT('',(5.694136684637,225.84959309321));
#5599 = CARTESIAN_POINT('',(5.89048622548,226.72977040131));
#5600 = CARTESIAN_POINT('',(6.08683576633,227.6648853117));
#5601 = CARTESIAN_POINT('',(6.28318530718,228.6));
#5602 = ( GEOMETRIC_REPRESENTATION_CONTEXT(2) 
PARAMETRIC_REPRESENTATION_CONTEXT() REPRESENTATION_CONTEXT('2D SPACE',''
  ) );
#5603 = ORIENTED_EDGE('',*,*,#5604,.F.);
#5604 = EDGE_CURVE('',#5605,#5370,#5607,.T.);
#5605 = VERTEX_POINT('',#5606);
#5606 = CARTESIAN_POINT('',(114.3,50.799998574464,71.4375));
#5607 = SURFACE_CURVE('',#5608,(#5613,#5633),.PCURVE_S1.);
#5608 = ELLIPSE('',#5609,6.735192090802,4.7625);
#5609 = AXIS2_PLACEMENT_3D('',#5610,#5611,#5612);
#5610 = CARTESIAN_POINT('',(114.3,50.8,76.2));
#5611 = DIRECTION('',(-0.707106781187,0.707106781187,0.));
#5612 = DIRECTION('',(0.707106781187,0.707106781187,0.));
#5613 = PCURVE('',#2340,#5614);
#5614 = DEFINITIONAL_REPRESENTATION('',(#5615),#5632);
#5615 = B_SPLINE_CURVE_WITH_KNOTS('',8,(#5616,#5617,#5618,#5619,#5620,
    #5621,#5622,#5623,#5624,#5625,#5626,#5627,#5628,#5629,#5630,#5631),
  .UNSPECIFIED.,.F.,.F.,(9,7,9),(1.570796326795,3.14159265359,
    4.712388980385),.UNSPECIFIED.);
#5616 = CARTESIAN_POINT('',(3.14159265359,50.8));
#5617 = CARTESIAN_POINT('',(3.337942194439,49.864885311705));
#5618 = CARTESIAN_POINT('',(3.53429173529,48.929770401386));
#5619 = CARTESIAN_POINT('',(3.730641276136,48.049593093415));
#5620 = CARTESIAN_POINT('',(3.926990816993,47.279280200373));
#5621 = CARTESIAN_POINT('',(4.123340357835,46.667016554225));
#5622 = CARTESIAN_POINT('',(4.319689898687,46.247339445626));
#5623 = CARTESIAN_POINT('',(4.516039439535,46.0375));
#5624 = CARTESIAN_POINT('',(4.908738521234,46.0375));
#5625 = CARTESIAN_POINT('',(5.105088062083,46.247339445608));
#5626 = CARTESIAN_POINT('',(5.301437602935,46.667016554287));
#5627 = CARTESIAN_POINT('',(5.49778714378,47.27928020033));
#5628 = CARTESIAN_POINT('',(5.694136684634,48.049593093428));
#5629 = CARTESIAN_POINT('',(5.89048622548,48.929770401357));
#5630 = CARTESIAN_POINT('',(6.08683576633,49.864885311705));
#5631 = CARTESIAN_POINT('',(6.28318530718,50.8));
#5632 = ( GEOMETRIC_REPRESENTATION_CONTEXT(2) 
PARAMETRIC_REPRESENTATION_CONTEXT() REPRESENTATION_CONTEXT('2D SPACE',''
  ) );
#5633 = PCURVE('',#3131,#5634);
#5634 = DEFINITIONAL_REPRESENTATION('',(#5635),#5652);
#5635 = B_SPLINE_CURVE_WITH_KNOTS('',8,(#5636,#5637,#5638,#5639,#5640,
    #5641,#5642,#5643,#5644,#5645,#5646,#5647,#5648,#5649,#5650,#5651),
  .UNSPECIFIED.,.F.,.F.,(9,7,9),(1.570796326795,3.14159265359,
    4.712388980385),.UNSPECIFIED.);
#5636 = CARTESIAN_POINT('',(3.14159265359,228.6));
#5637 = CARTESIAN_POINT('',(2.94524311274,227.6648853117));
#5638 = CARTESIAN_POINT('',(2.748893571888,226.72977040115));
#5639 = CARTESIAN_POINT('',(2.55254403105,225.84959309346));
#5640 = CARTESIAN_POINT('',(2.356194490177,225.07928019964));
#5641 = CARTESIAN_POINT('',(2.159844949351,224.46701655453));
#5642 = CARTESIAN_POINT('',(1.96349540849,224.04733944549));
#5643 = CARTESIAN_POINT('',(1.767145867644,223.8375));
#5644 = CARTESIAN_POINT('',(1.374446785946,223.8375));
#5645 = CARTESIAN_POINT('',(1.178097245096,224.04733944562));
#5646 = CARTESIAN_POINT('',(0.981747704246,224.46701655389));
#5647 = CARTESIAN_POINT('',(0.785398163396,225.07928019985));
#5648 = CARTESIAN_POINT('',(0.589048622547,225.84959309321));
#5649 = CARTESIAN_POINT('',(0.392699081699,226.72977040131));
#5650 = CARTESIAN_POINT('',(0.196349540849,227.6648853117));
#5651 = CARTESIAN_POINT('',(0.,228.6));
#5652 = ( GEOMETRIC_REPRESENTATION_CONTEXT(2) 
PARAMETRIC_REPRESENTATION_CONTEXT() REPRESENTATION_CONTEXT('2D SPACE',''
  ) );
#5653 = ORIENTED_EDGE('',*,*,#5654,.T.);
#5654 = EDGE_CURVE('',#5605,#5569,#5655,.T.);
#5655 = SURFACE_CURVE('',#5656,(#5661,#5674),.PCURVE_S1.);
#5656 = ELLIPSE('',#5657,6.735192090802,4.7625);
#5657 = AXIS2_PLACEMENT_3D('',#5658,#5659,#5660);
#5658 = CARTESIAN_POINT('',(114.3,50.8,76.2));
#5659 = DIRECTION('',(0.707106781187,0.707106781187,0.));
#5660 = DIRECTION('',(-0.707106781187,0.707106781187,0.));
#5661 = PCURVE('',#2340,#5662);
#5662 = DEFINITIONAL_REPRESENTATION('',(#5663),#5673);
#5663 = B_SPLINE_CURVE_WITH_KNOTS('',8,(#5664,#5665,#5666,#5667,#5668,
    #5669,#5670,#5671,#5672),.UNSPECIFIED.,.F.,.F.,(9,9),(4.712388980385
    ,6.28318530718),.PIECEWISE_BEZIER_KNOTS.);
#5664 = CARTESIAN_POINT('',(3.14159265359,50.8));
#5665 = CARTESIAN_POINT('',(3.337942194439,51.735114688295));
#5666 = CARTESIAN_POINT('',(3.534291735284,52.670229598598));
#5667 = CARTESIAN_POINT('',(3.730641276133,53.550406906445));
#5668 = CARTESIAN_POINT('',(3.92699081697,54.32071979957));
#5669 = CARTESIAN_POINT('',(4.123340357835,54.932983445521));
#5670 = CARTESIAN_POINT('',(4.319689898682,55.352660554365));
#5671 = CARTESIAN_POINT('',(4.516039439535,55.5625));
#5672 = CARTESIAN_POINT('',(4.712388980385,55.5625));
#5673 = ( GEOMETRIC_REPRESENTATION_CONTEXT(2) 
PARAMETRIC_REPRESENTATION_CONTEXT() REPRESENTATION_CONTEXT('2D SPACE',''
  ) );
#5674 = PCURVE('',#3131,#5675);
#5675 = DEFINITIONAL_REPRESENTATION('',(#5676),#5686);
#5676 = B_SPLINE_CURVE_WITH_KNOTS('',8,(#5677,#5678,#5679,#5680,#5681,
    #5682,#5683,#5684,#5685),.UNSPECIFIED.,.F.,.F.,(9,9),(4.712388980385
    ,6.28318530718),.PIECEWISE_BEZIER_KNOTS.);
#5677 = CARTESIAN_POINT('',(3.14159265359,228.6));
#5678 = CARTESIAN_POINT('',(3.337942194439,227.6648853117));
#5679 = CARTESIAN_POINT('',(3.534291735285,226.72977040115));
#5680 = CARTESIAN_POINT('',(3.730641276142,225.84959309346));
#5681 = CARTESIAN_POINT('',(3.926990816972,225.07928019964));
#5682 = CARTESIAN_POINT('',(4.123340357837,224.46701655453));
#5683 = CARTESIAN_POINT('',(4.319689898683,224.04733944549));
#5684 = CARTESIAN_POINT('',(4.516039439535,223.8375));
#5685 = CARTESIAN_POINT('',(4.712388980385,223.8375));
#5686 = ( GEOMETRIC_REPRESENTATION_CONTEXT(2) 
PARAMETRIC_REPRESENTATION_CONTEXT() REPRESENTATION_CONTEXT('2D SPACE',''
  ) );
#5687 = ADVANCED_FACE('',(#5688),#2664,.T.);
#5688 = FACE_BOUND('',#5689,.T.);
#5689 = EDGE_LOOP('',(#5690,#5728,#5769,#5789,#5790,#5791,#5792,#5793,
    #5829));
#5690 = ORIENTED_EDGE('',*,*,#5691,.T.);
#5691 = EDGE_CURVE('',#5692,#5694,#5696,.T.);
#5692 = VERTEX_POINT('',#5693);
#5693 = CARTESIAN_POINT('',(-4.7625,0.,30.1625));
#5694 = VERTEX_POINT('',#5695);
#5695 = CARTESIAN_POINT('',(-5.832380380939E-16,-4.7625,25.4));
#5696 = SURFACE_CURVE('',#5697,(#5702,#5715),.PCURVE_S1.);
#5697 = ELLIPSE('',#5698,6.735192090802,4.7625);
#5698 = AXIS2_PLACEMENT_3D('',#5699,#5700,#5701);
#5699 = CARTESIAN_POINT('',(0.,0.,25.4));
#5700 = DIRECTION('',(0.707106781187,0.,0.707106781187));
#5701 = DIRECTION('',(-0.707106781187,0.,0.707106781187));
#5702 = PCURVE('',#2664,#5703);
#5703 = DEFINITIONAL_REPRESENTATION('',(#5704),#5714);
#5704 = B_SPLINE_CURVE_WITH_KNOTS('',8,(#5705,#5706,#5707,#5708,#5709,
    #5710,#5711,#5712,#5713),.UNSPECIFIED.,.F.,.F.,(9,9),(0.,
    1.570796326795),.PIECEWISE_BEZIER_KNOTS.);
#5705 = CARTESIAN_POINT('',(3.14159265359,106.3625));
#5706 = CARTESIAN_POINT('',(3.337942194439,106.3625));
#5707 = CARTESIAN_POINT('',(3.534291735286,106.15266055436));
#5708 = CARTESIAN_POINT('',(3.730641276141,105.7329834454));
#5709 = CARTESIAN_POINT('',(3.926990816975,105.12071979985));
#5710 = CARTESIAN_POINT('',(4.123340357835,104.35040690628));
#5711 = CARTESIAN_POINT('',(4.319689898684,103.4702295986));
#5712 = CARTESIAN_POINT('',(4.516039439535,102.53511468829));
#5713 = CARTESIAN_POINT('',(4.712388980385,101.6));
#5714 = ( GEOMETRIC_REPRESENTATION_CONTEXT(2) 
PARAMETRIC_REPRESENTATION_CONTEXT() REPRESENTATION_CONTEXT('2D SPACE',''
  ) );
#5715 = PCURVE('',#5105,#5716);
#5716 = DEFINITIONAL_REPRESENTATION('',(#5717),#5727);
#5717 = B_SPLINE_CURVE_WITH_KNOTS('',8,(#5718,#5719,#5720,#5721,#5722,
    #5723,#5724,#5725,#5726),.UNSPECIFIED.,.F.,.F.,(9,9),(0.,
    1.570796326795),.PIECEWISE_BEZIER_KNOTS.);
#5718 = CARTESIAN_POINT('',(0.,109.5375));
#5719 = CARTESIAN_POINT('',(0.196349540849,109.5375));
#5720 = CARTESIAN_POINT('',(0.392699081698,109.74733944566));
#5721 = CARTESIAN_POINT('',(0.589048622547,110.16701655398));
#5722 = CARTESIAN_POINT('',(0.785398163396,110.77928020011));
#5723 = CARTESIAN_POINT('',(0.981747704246,111.5495930933));
#5724 = CARTESIAN_POINT('',(1.178097245096,112.42977040139));
#5725 = CARTESIAN_POINT('',(1.374446785946,113.3648853117));
#5726 = CARTESIAN_POINT('',(1.570796326795,114.3));
#5727 = ( GEOMETRIC_REPRESENTATION_CONTEXT(2) 
PARAMETRIC_REPRESENTATION_CONTEXT() REPRESENTATION_CONTEXT('2D SPACE',''
  ) );
#5728 = ORIENTED_EDGE('',*,*,#5729,.T.);
#5729 = EDGE_CURVE('',#5694,#5730,#5732,.T.);
#5730 = VERTEX_POINT('',#5731);
#5731 = CARTESIAN_POINT('',(4.7625,0.,30.1625));
#5732 = SURFACE_CURVE('',#5733,(#5738,#5751),.PCURVE_S1.);
#5733 = ELLIPSE('',#5734,6.735192090802,4.7625);
#5734 = AXIS2_PLACEMENT_3D('',#5735,#5736,#5737);
#5735 = CARTESIAN_POINT('',(0.,0.,25.4));
#5736 = DIRECTION('',(-0.707106781187,0.,0.707106781187));
#5737 = DIRECTION('',(0.707106781187,0.,0.707106781187));
#5738 = PCURVE('',#2664,#5739);
#5739 = DEFINITIONAL_REPRESENTATION('',(#5740),#5750);
#5740 = B_SPLINE_CURVE_WITH_KNOTS('',8,(#5741,#5742,#5743,#5744,#5745,
    #5746,#5747,#5748,#5749),.UNSPECIFIED.,.F.,.F.,(9,9),(4.712388980385
    ,6.28318530718),.PIECEWISE_BEZIER_KNOTS.);
#5741 = CARTESIAN_POINT('',(4.712388980385,101.6));
#5742 = CARTESIAN_POINT('',(4.908738521234,102.53511468829));
#5743 = CARTESIAN_POINT('',(5.105088062082,103.47022959859));
#5744 = CARTESIAN_POINT('',(5.301437602924,104.35040690623));
#5745 = CARTESIAN_POINT('',(5.497787143794,105.12071979993));
#5746 = CARTESIAN_POINT('',(5.694136684619,105.73298344524));
#5747 = CARTESIAN_POINT('',(5.890486225481,106.15266055433));
#5748 = CARTESIAN_POINT('',(6.08683576633,106.3625));
#5749 = CARTESIAN_POINT('',(6.28318530718,106.3625));
#5750 = ( GEOMETRIC_REPRESENTATION_CONTEXT(2) 
PARAMETRIC_REPRESENTATION_CONTEXT() REPRESENTATION_CONTEXT('2D SPACE',''
  ) );
#5751 = PCURVE('',#5752,#5757);
#5752 = CYLINDRICAL_SURFACE('',#5753,4.7625);
#5753 = AXIS2_PLACEMENT_3D('',#5754,#5755,#5756);
#5754 = CARTESIAN_POINT('',(-114.3,0.,25.4));
#5755 = DIRECTION('',(1.,0.,0.));
#5756 = DIRECTION('',(0.,0.,1.));
#5757 = DEFINITIONAL_REPRESENTATION('',(#5758),#5768);
#5758 = B_SPLINE_CURVE_WITH_KNOTS('',8,(#5759,#5760,#5761,#5762,#5763,
    #5764,#5765,#5766,#5767),.UNSPECIFIED.,.F.,.F.,(9,9),(4.712388980385
    ,6.28318530718),.PIECEWISE_BEZIER_KNOTS.);
#5759 = CARTESIAN_POINT('',(1.570796326795,114.3));
#5760 = CARTESIAN_POINT('',(1.374446785946,115.23511468829));
#5761 = CARTESIAN_POINT('',(1.178097245096,116.17022959855));
#5762 = CARTESIAN_POINT('',(0.981747704245,117.05040690639));
#5763 = CARTESIAN_POINT('',(0.785398163398,117.8207197994));
#5764 = CARTESIAN_POINT('',(0.589048622546,118.43298344541));
#5765 = CARTESIAN_POINT('',(0.392699081699,118.85266055433));
#5766 = CARTESIAN_POINT('',(0.196349540849,119.0625));
#5767 = CARTESIAN_POINT('',(2.449293598295E-16,119.0625));
#5768 = ( GEOMETRIC_REPRESENTATION_CONTEXT(2) 
PARAMETRIC_REPRESENTATION_CONTEXT() REPRESENTATION_CONTEXT('2D SPACE',''
  ) );
#5769 = ORIENTED_EDGE('',*,*,#5770,.T.);
#5770 = EDGE_CURVE('',#5730,#2690,#5771,.T.);
#5771 = SEAM_CURVE('',#5772,(#5776,#5783),.PCURVE_S1.);
#5772 = LINE('',#5773,#5774);
#5773 = CARTESIAN_POINT('',(4.7625,0.,-76.2));
#5774 = VECTOR('',#5775,1.);
#5775 = DIRECTION('',(0.,0.,1.));
#5776 = PCURVE('',#2664,#5777);
#5777 = DEFINITIONAL_REPRESENTATION('',(#5778),#5782);
#5778 = LINE('',#5779,#5780);
#5779 = CARTESIAN_POINT('',(0.,0.));
#5780 = VECTOR('',#5781,1.);
#5781 = DIRECTION('',(0.,1.));
#5782 = ( GEOMETRIC_REPRESENTATION_CONTEXT(2) 
PARAMETRIC_REPRESENTATION_CONTEXT() REPRESENTATION_CONTEXT('2D SPACE',''
  ) );
#5783 = PCURVE('',#2664,#5784);
#5784 = DEFINITIONAL_REPRESENTATION('',(#5785),#5788);
#5785 = B_SPLINE_CURVE_WITH_KNOTS('',1,(#5786,#5787),.UNSPECIFIED.,.F.,
  .F.,(2,2),(0.,152.4),.PIECEWISE_BEZIER_KNOTS.);
#5786 = CARTESIAN_POINT('',(6.28318530718,0.));
#5787 = CARTESIAN_POINT('',(6.28318530718,152.4));
#5788 = ( GEOMETRIC_REPRESENTATION_CONTEXT(2) 
PARAMETRIC_REPRESENTATION_CONTEXT() REPRESENTATION_CONTEXT('2D SPACE',''
  ) );
#5789 = ORIENTED_EDGE('',*,*,#2689,.F.);
#5790 = ORIENTED_EDGE('',*,*,#2632,.F.);
#5791 = ORIENTED_EDGE('',*,*,#2725,.F.);
#5792 = ORIENTED_EDGE('',*,*,#5770,.F.);
#5793 = ORIENTED_EDGE('',*,*,#5794,.T.);
#5794 = EDGE_CURVE('',#5730,#5795,#5797,.T.);
#5795 = VERTEX_POINT('',#5796);
#5796 = CARTESIAN_POINT('',(5.832380380939E-16,4.7625,25.4));
#5797 = SURFACE_CURVE('',#5798,(#5803,#5816),.PCURVE_S1.);
#5798 = ELLIPSE('',#5799,6.735192090802,4.7625);
#5799 = AXIS2_PLACEMENT_3D('',#5800,#5801,#5802);
#5800 = CARTESIAN_POINT('',(0.,0.,25.4));
#5801 = DIRECTION('',(-0.707106781187,0.,0.707106781187));
#5802 = DIRECTION('',(0.707106781187,0.,0.707106781187));
#5803 = PCURVE('',#2664,#5804);
#5804 = DEFINITIONAL_REPRESENTATION('',(#5805),#5815);
#5805 = B_SPLINE_CURVE_WITH_KNOTS('',8,(#5806,#5807,#5808,#5809,#5810,
    #5811,#5812,#5813,#5814),.UNSPECIFIED.,.F.,.F.,(9,9),(0.,
    1.570796326795),.PIECEWISE_BEZIER_KNOTS.);
#5806 = CARTESIAN_POINT('',(0.,106.3625));
#5807 = CARTESIAN_POINT('',(0.196349540849,106.3625));
#5808 = CARTESIAN_POINT('',(0.392699081699,106.15266055436));
#5809 = CARTESIAN_POINT('',(0.589048622546,105.7329834454));
#5810 = CARTESIAN_POINT('',(0.785398163397,105.12071979985));
#5811 = CARTESIAN_POINT('',(0.981747704244,104.35040690628));
#5812 = CARTESIAN_POINT('',(1.178097245096,103.4702295986));
#5813 = CARTESIAN_POINT('',(1.374446785946,102.53511468829));
#5814 = CARTESIAN_POINT('',(1.570796326795,101.6));
#5815 = ( GEOMETRIC_REPRESENTATION_CONTEXT(2) 
PARAMETRIC_REPRESENTATION_CONTEXT() REPRESENTATION_CONTEXT('2D SPACE',''
  ) );
#5816 = PCURVE('',#5752,#5817);
#5817 = DEFINITIONAL_REPRESENTATION('',(#5818),#5828);
#5818 = B_SPLINE_CURVE_WITH_KNOTS('',8,(#5819,#5820,#5821,#5822,#5823,
    #5824,#5825,#5826,#5827),.UNSPECIFIED.,.F.,.F.,(9,9),(0.,
    1.570796326795),.PIECEWISE_BEZIER_KNOTS.);
#5819 = CARTESIAN_POINT('',(6.28318530718,119.0625));
#5820 = CARTESIAN_POINT('',(6.08683576633,119.0625));
#5821 = CARTESIAN_POINT('',(5.890486225481,118.85266055426));
#5822 = CARTESIAN_POINT('',(5.694136684635,118.43298344602));
#5823 = CARTESIAN_POINT('',(5.49778714378,117.82071979872));
#5824 = CARTESIAN_POINT('',(5.301437602936,117.05040690667));
#5825 = CARTESIAN_POINT('',(5.105088062083,116.17022959846));
#5826 = CARTESIAN_POINT('',(4.908738521234,115.23511468829));
#5827 = CARTESIAN_POINT('',(4.712388980385,114.3));
#5828 = ( GEOMETRIC_REPRESENTATION_CONTEXT(2) 
PARAMETRIC_REPRESENTATION_CONTEXT() REPRESENTATION_CONTEXT('2D SPACE',''
  ) );
#5829 = ORIENTED_EDGE('',*,*,#5830,.T.);
#5830 = EDGE_CURVE('',#5795,#5692,#5831,.T.);
#5831 = SURFACE_CURVE('',#5832,(#5837,#5850),.PCURVE_S1.);
#5832 = ELLIPSE('',#5833,6.735192090802,4.7625);
#5833 = AXIS2_PLACEMENT_3D('',#5834,#5835,#5836);
#5834 = CARTESIAN_POINT('',(0.,0.,25.4));
#5835 = DIRECTION('',(0.707106781187,0.,0.707106781187));
#5836 = DIRECTION('',(-0.707106781187,0.,0.707106781187));
#5837 = PCURVE('',#2664,#5838);
#5838 = DEFINITIONAL_REPRESENTATION('',(#5839),#5849);
#5839 = B_SPLINE_CURVE_WITH_KNOTS('',8,(#5840,#5841,#5842,#5843,#5844,
    #5845,#5846,#5847,#5848),.UNSPECIFIED.,.F.,.F.,(9,9),(4.712388980385
    ,6.28318530718),.PIECEWISE_BEZIER_KNOTS.);
#5840 = CARTESIAN_POINT('',(1.570796326795,101.6));
#5841 = CARTESIAN_POINT('',(1.767145867644,102.53511468829));
#5842 = CARTESIAN_POINT('',(1.96349540849,103.47022959859));
#5843 = CARTESIAN_POINT('',(2.159844949345,104.35040690623));
#5844 = CARTESIAN_POINT('',(2.356194490178,105.12071979993));
#5845 = CARTESIAN_POINT('',(2.552544031045,105.73298344524));
#5846 = CARTESIAN_POINT('',(2.748893571888,106.15266055433));
#5847 = CARTESIAN_POINT('',(2.94524311274,106.3625));
#5848 = CARTESIAN_POINT('',(3.14159265359,106.3625));
#5849 = ( GEOMETRIC_REPRESENTATION_CONTEXT(2) 
PARAMETRIC_REPRESENTATION_CONTEXT() REPRESENTATION_CONTEXT('2D SPACE',''
  ) );
#5850 = PCURVE('',#5105,#5851);
#5851 = DEFINITIONAL_REPRESENTATION('',(#5852),#5862);
#5852 = B_SPLINE_CURVE_WITH_KNOTS('',8,(#5853,#5854,#5855,#5856,#5857,
    #5858,#5859,#5860,#5861),.UNSPECIFIED.,.F.,.F.,(9,9),(4.712388980385
    ,6.28318530718),.PIECEWISE_BEZIER_KNOTS.);
#5853 = CARTESIAN_POINT('',(4.712388980385,114.3));
#5854 = CARTESIAN_POINT('',(4.908738521234,113.3648853117));
#5855 = CARTESIAN_POINT('',(5.105088062079,112.42977040141));
#5856 = CARTESIAN_POINT('',(5.301437602935,111.54959309297));
#5857 = CARTESIAN_POINT('',(5.497787143776,110.77928020037));
#5858 = CARTESIAN_POINT('',(5.69413668463,110.16701655393));
#5859 = CARTESIAN_POINT('',(5.890486225478,109.74733944569));
#5860 = CARTESIAN_POINT('',(6.08683576633,109.5375));
#5861 = CARTESIAN_POINT('',(6.28318530718,109.5375));
#5862 = ( GEOMETRIC_REPRESENTATION_CONTEXT(2) 
PARAMETRIC_REPRESENTATION_CONTEXT() REPRESENTATION_CONTEXT('2D SPACE',''
  ) );
#5863 = ADVANCED_FACE('',(#5864),#2793,.T.);
#5864 = FACE_BOUND('',#5865,.T.);
#5865 = EDGE_LOOP('',(#5866,#5904,#5940,#5960,#5961,#5962,#5963,#5964,
    #6000));
#5866 = ORIENTED_EDGE('',*,*,#5867,.T.);
#5867 = EDGE_CURVE('',#5868,#5870,#5872,.T.);
#5868 = VERTEX_POINT('',#5869);
#5869 = CARTESIAN_POINT('',(52.3875,0.,30.1625));
#5870 = VERTEX_POINT('',#5871);
#5871 = CARTESIAN_POINT('',(57.15,-4.7625,25.4));
#5872 = SURFACE_CURVE('',#5873,(#5878,#5891),.PCURVE_S1.);
#5873 = ELLIPSE('',#5874,6.735192090802,4.7625);
#5874 = AXIS2_PLACEMENT_3D('',#5875,#5876,#5877);
#5875 = CARTESIAN_POINT('',(57.15,0.,25.4));
#5876 = DIRECTION('',(0.707106781187,0.,0.707106781187));
#5877 = DIRECTION('',(-0.707106781187,0.,0.707106781187));
#5878 = PCURVE('',#2793,#5879);
#5879 = DEFINITIONAL_REPRESENTATION('',(#5880),#5890);
#5880 = B_SPLINE_CURVE_WITH_KNOTS('',8,(#5881,#5882,#5883,#5884,#5885,
    #5886,#5887,#5888,#5889),.UNSPECIFIED.,.F.,.F.,(9,9),(0.,
    1.570796326795),.PIECEWISE_BEZIER_KNOTS.);
#5881 = CARTESIAN_POINT('',(3.14159265359,106.3625));
#5882 = CARTESIAN_POINT('',(3.337942194439,106.3625));
#5883 = CARTESIAN_POINT('',(3.534291735284,106.15266055436));
#5884 = CARTESIAN_POINT('',(3.730641276142,105.7329834454));
#5885 = CARTESIAN_POINT('',(3.926990816965,105.12071979985));
#5886 = CARTESIAN_POINT('',(4.123340357844,104.35040690628));
#5887 = CARTESIAN_POINT('',(4.319689898681,103.4702295986));
#5888 = CARTESIAN_POINT('',(4.516039439535,102.53511468829));
#5889 = CARTESIAN_POINT('',(4.712388980385,101.6));
#5890 = ( GEOMETRIC_REPRESENTATION_CONTEXT(2) 
PARAMETRIC_REPRESENTATION_CONTEXT() REPRESENTATION_CONTEXT('2D SPACE',''
  ) );
#5891 = PCURVE('',#5752,#5892);
#5892 = DEFINITIONAL_REPRESENTATION('',(#5893),#5903);
#5893 = B_SPLINE_CURVE_WITH_KNOTS('',8,(#5894,#5895,#5896,#5897,#5898,
    #5899,#5900,#5901,#5902),.UNSPECIFIED.,.F.,.F.,(9,9),(0.,
    1.570796326795),.PIECEWISE_BEZIER_KNOTS.);
#5894 = CARTESIAN_POINT('',(0.,166.6875));
#5895 = CARTESIAN_POINT('',(0.196349540849,166.6875));
#5896 = CARTESIAN_POINT('',(0.392699081698,166.89733944565));
#5897 = CARTESIAN_POINT('',(0.589048622547,167.31701655365));
#5898 = CARTESIAN_POINT('',(0.785398163396,167.9292802004));
#5899 = CARTESIAN_POINT('',(0.981747704246,168.69959309284));
#5900 = CARTESIAN_POINT('',(1.178097245096,169.57977040142));
#5901 = CARTESIAN_POINT('',(1.374446785946,170.5148853117));
#5902 = CARTESIAN_POINT('',(1.570796326795,171.45));
#5903 = ( GEOMETRIC_REPRESENTATION_CONTEXT(2) 
PARAMETRIC_REPRESENTATION_CONTEXT() REPRESENTATION_CONTEXT('2D SPACE',''
  ) );
#5904 = ORIENTED_EDGE('',*,*,#5905,.T.);
#5905 = EDGE_CURVE('',#5870,#5906,#5908,.T.);
#5906 = VERTEX_POINT('',#5907);
#5907 = CARTESIAN_POINT('',(61.9125,0.,30.1625));
#5908 = SURFACE_CURVE('',#5909,(#5914,#5927),.PCURVE_S1.);
#5909 = ELLIPSE('',#5910,6.735192090802,4.7625);
#5910 = AXIS2_PLACEMENT_3D('',#5911,#5912,#5913);
#5911 = CARTESIAN_POINT('',(57.15,0.,25.4));
#5912 = DIRECTION('',(-0.707106781187,0.,0.707106781187));
#5913 = DIRECTION('',(0.707106781187,0.,0.707106781187));
#5914 = PCURVE('',#2793,#5915);
#5915 = DEFINITIONAL_REPRESENTATION('',(#5916),#5926);
#5916 = B_SPLINE_CURVE_WITH_KNOTS('',8,(#5917,#5918,#5919,#5920,#5921,
    #5922,#5923,#5924,#5925),.UNSPECIFIED.,.F.,.F.,(9,9),(4.712388980385
    ,6.28318530718),.PIECEWISE_BEZIER_KNOTS.);
#5917 = CARTESIAN_POINT('',(4.712388980385,101.6));
#5918 = CARTESIAN_POINT('',(4.908738521234,102.53511468829));
#5919 = CARTESIAN_POINT('',(5.10508806208,103.47022959859));
#5920 = CARTESIAN_POINT('',(5.301437602931,104.35040690623));
#5921 = CARTESIAN_POINT('',(5.49778714378,105.12071979993));
#5922 = CARTESIAN_POINT('',(5.694136684627,105.73298344524));
#5923 = CARTESIAN_POINT('',(5.890486225479,106.15266055433));
#5924 = CARTESIAN_POINT('',(6.08683576633,106.3625));
#5925 = CARTESIAN_POINT('',(6.28318530718,106.3625));
#5926 = ( GEOMETRIC_REPRESENTATION_CONTEXT(2) 
PARAMETRIC_REPRESENTATION_CONTEXT() REPRESENTATION_CONTEXT('2D SPACE',''
  ) );
#5927 = PCURVE('',#4696,#5928);
#5928 = DEFINITIONAL_REPRESENTATION('',(#5929),#5939);
#5929 = B_SPLINE_CURVE_WITH_KNOTS('',8,(#5930,#5931,#5932,#5933,#5934,
    #5935,#5936,#5937,#5938),.UNSPECIFIED.,.F.,.F.,(9,9),(4.712388980385
    ,6.28318530718),.PIECEWISE_BEZIER_KNOTS.);
#5930 = CARTESIAN_POINT('',(1.570796326795,171.45));
#5931 = CARTESIAN_POINT('',(1.374446785946,172.38511468829));
#5932 = CARTESIAN_POINT('',(1.178097245096,173.32022959847));
#5933 = CARTESIAN_POINT('',(0.981747704245,174.20040690653));
#5934 = CARTESIAN_POINT('',(0.785398163398,174.97071979887));
#5935 = CARTESIAN_POINT('',(0.589048622546,175.58298344602));
#5936 = CARTESIAN_POINT('',(0.392699081699,176.00266055419));
#5937 = CARTESIAN_POINT('',(0.196349540849,176.2125));
#5938 = CARTESIAN_POINT('',(2.449293598295E-16,176.2125));
#5939 = ( GEOMETRIC_REPRESENTATION_CONTEXT(2) 
PARAMETRIC_REPRESENTATION_CONTEXT() REPRESENTATION_CONTEXT('2D SPACE',''
  ) );
#5940 = ORIENTED_EDGE('',*,*,#5941,.T.);
#5941 = EDGE_CURVE('',#5906,#2819,#5942,.T.);
#5942 = SEAM_CURVE('',#5943,(#5947,#5954),.PCURVE_S1.);
#5943 = LINE('',#5944,#5945);
#5944 = CARTESIAN_POINT('',(61.9125,0.,-76.2));
#5945 = VECTOR('',#5946,1.);
#5946 = DIRECTION('',(0.,0.,1.));
#5947 = PCURVE('',#2793,#5948);
#5948 = DEFINITIONAL_REPRESENTATION('',(#5949),#5953);
#5949 = LINE('',#5950,#5951);
#5950 = CARTESIAN_POINT('',(0.,0.));
#5951 = VECTOR('',#5952,1.);
#5952 = DIRECTION('',(0.,1.));
#5953 = ( GEOMETRIC_REPRESENTATION_CONTEXT(2) 
PARAMETRIC_REPRESENTATION_CONTEXT() REPRESENTATION_CONTEXT('2D SPACE',''
  ) );
#5954 = PCURVE('',#2793,#5955);
#5955 = DEFINITIONAL_REPRESENTATION('',(#5956),#5959);
#5956 = B_SPLINE_CURVE_WITH_KNOTS('',1,(#5957,#5958),.UNSPECIFIED.,.F.,
  .F.,(2,2),(0.,152.4),.PIECEWISE_BEZIER_KNOTS.);
#5957 = CARTESIAN_POINT('',(6.28318530718,0.));
#5958 = CARTESIAN_POINT('',(6.28318530718,152.4));
#5959 = ( GEOMETRIC_REPRESENTATION_CONTEXT(2) 
PARAMETRIC_REPRESENTATION_CONTEXT() REPRESENTATION_CONTEXT('2D SPACE',''
  ) );
#5960 = ORIENTED_EDGE('',*,*,#2818,.F.);
#5961 = ORIENTED_EDGE('',*,*,#2761,.F.);
#5962 = ORIENTED_EDGE('',*,*,#2854,.F.);
#5963 = ORIENTED_EDGE('',*,*,#5941,.F.);
#5964 = ORIENTED_EDGE('',*,*,#5965,.T.);
#5965 = EDGE_CURVE('',#5906,#5966,#5968,.T.);
#5966 = VERTEX_POINT('',#5967);
#5967 = CARTESIAN_POINT('',(57.15,4.7625,25.4));
#5968 = SURFACE_CURVE('',#5969,(#5974,#5987),.PCURVE_S1.);
#5969 = ELLIPSE('',#5970,6.735192090802,4.7625);
#5970 = AXIS2_PLACEMENT_3D('',#5971,#5972,#5973);
#5971 = CARTESIAN_POINT('',(57.15,0.,25.4));
#5972 = DIRECTION('',(-0.707106781187,0.,0.707106781187));
#5973 = DIRECTION('',(0.707106781187,0.,0.707106781187));
#5974 = PCURVE('',#2793,#5975);
#5975 = DEFINITIONAL_REPRESENTATION('',(#5976),#5986);
#5976 = B_SPLINE_CURVE_WITH_KNOTS('',8,(#5977,#5978,#5979,#5980,#5981,
    #5982,#5983,#5984,#5985),.UNSPECIFIED.,.F.,.F.,(9,9),(0.,
    1.570796326795),.PIECEWISE_BEZIER_KNOTS.);
#5977 = CARTESIAN_POINT('',(0.,106.3625));
#5978 = CARTESIAN_POINT('',(0.196349540849,106.3625));
#5979 = CARTESIAN_POINT('',(0.392699081698,106.15266055436));
#5980 = CARTESIAN_POINT('',(0.589048622549,105.7329834454));
#5981 = CARTESIAN_POINT('',(0.785398163394,105.12071979985));
#5982 = CARTESIAN_POINT('',(0.981747704248,104.35040690628));
#5983 = CARTESIAN_POINT('',(1.178097245096,103.4702295986));
#5984 = CARTESIAN_POINT('',(1.374446785946,102.53511468829));
#5985 = CARTESIAN_POINT('',(1.570796326795,101.6));
#5986 = ( GEOMETRIC_REPRESENTATION_CONTEXT(2) 
PARAMETRIC_REPRESENTATION_CONTEXT() REPRESENTATION_CONTEXT('2D SPACE',''
  ) );
#5987 = PCURVE('',#4696,#5988);
#5988 = DEFINITIONAL_REPRESENTATION('',(#5989),#5999);
#5989 = B_SPLINE_CURVE_WITH_KNOTS('',8,(#5990,#5991,#5992,#5993,#5994,
    #5995,#5996,#5997,#5998),.UNSPECIFIED.,.F.,.F.,(9,9),(0.,
    1.570796326795),.PIECEWISE_BEZIER_KNOTS.);
#5990 = CARTESIAN_POINT('',(6.28318530718,176.2125));
#5991 = CARTESIAN_POINT('',(6.08683576633,176.2125));
#5992 = CARTESIAN_POINT('',(5.890486225481,176.00266055444));
#5993 = CARTESIAN_POINT('',(5.694136684635,175.58298344489));
#5994 = CARTESIAN_POINT('',(5.49778714378,174.97071980048));
#5995 = CARTESIAN_POINT('',(5.301437602936,174.20040690569));
#5996 = CARTESIAN_POINT('',(5.105088062083,173.32022959869));
#5997 = CARTESIAN_POINT('',(4.908738521234,172.38511468829));
#5998 = CARTESIAN_POINT('',(4.712388980385,171.45));
#5999 = ( GEOMETRIC_REPRESENTATION_CONTEXT(2) 
PARAMETRIC_REPRESENTATION_CONTEXT() REPRESENTATION_CONTEXT('2D SPACE',''
  ) );
#6000 = ORIENTED_EDGE('',*,*,#6001,.T.);
#6001 = EDGE_CURVE('',#5966,#5868,#6002,.T.);
#6002 = SURFACE_CURVE('',#6003,(#6008,#6021),.PCURVE_S1.);
#6003 = ELLIPSE('',#6004,6.735192090802,4.7625);
#6004 = AXIS2_PLACEMENT_3D('',#6005,#6006,#6007);
#6005 = CARTESIAN_POINT('',(57.15,0.,25.4));
#6006 = DIRECTION('',(0.707106781187,0.,0.707106781187));
#6007 = DIRECTION('',(-0.707106781187,0.,0.707106781187));
#6008 = PCURVE('',#2793,#6009);
#6009 = DEFINITIONAL_REPRESENTATION('',(#6010),#6020);
#6010 = B_SPLINE_CURVE_WITH_KNOTS('',8,(#6011,#6012,#6013,#6014,#6015,
    #6016,#6017,#6018,#6019),.UNSPECIFIED.,.F.,.F.,(9,9),(4.712388980385
    ,6.28318530718),.PIECEWISE_BEZIER_KNOTS.);
#6011 = CARTESIAN_POINT('',(1.570796326795,101.6));
#6012 = CARTESIAN_POINT('',(1.767145867644,102.53511468829));
#6013 = CARTESIAN_POINT('',(1.96349540849,103.47022959859));
#6014 = CARTESIAN_POINT('',(2.159844949345,104.35040690623));
#6015 = CARTESIAN_POINT('',(2.356194490178,105.12071979993));
#6016 = CARTESIAN_POINT('',(2.552544031045,105.73298344524));
#6017 = CARTESIAN_POINT('',(2.748893571888,106.15266055433));
#6018 = CARTESIAN_POINT('',(2.94524311274,106.3625));
#6019 = CARTESIAN_POINT('',(3.14159265359,106.3625));
#6020 = ( GEOMETRIC_REPRESENTATION_CONTEXT(2) 
PARAMETRIC_REPRESENTATION_CONTEXT() REPRESENTATION_CONTEXT('2D SPACE',''
  ) );
#6021 = PCURVE('',#5752,#6022);
#6022 = DEFINITIONAL_REPRESENTATION('',(#6023),#6033);
#6023 = B_SPLINE_CURVE_WITH_KNOTS('',8,(#6024,#6025,#6026,#6027,#6028,
    #6029,#6030,#6031,#6032),.UNSPECIFIED.,.F.,.F.,(9,9),(4.712388980385
    ,6.28318530718),.PIECEWISE_BEZIER_KNOTS.);
#6024 = CARTESIAN_POINT('',(4.712388980385,171.45));
#6025 = CARTESIAN_POINT('',(4.908738521234,170.5148853117));
#6026 = CARTESIAN_POINT('',(5.105088062079,169.5797704012));
#6027 = CARTESIAN_POINT('',(5.301437602935,168.69959309395));
#6028 = CARTESIAN_POINT('',(5.497787143776,167.92928019951));
#6029 = CARTESIAN_POINT('',(5.69413668463,167.31701655476));
#6030 = CARTESIAN_POINT('',(5.890486225478,166.89733944545));
#6031 = CARTESIAN_POINT('',(6.08683576633,166.6875));
#6032 = CARTESIAN_POINT('',(6.28318530718,166.6875));
#6033 = ( GEOMETRIC_REPRESENTATION_CONTEXT(2) 
PARAMETRIC_REPRESENTATION_CONTEXT() REPRESENTATION_CONTEXT('2D SPACE',''
  ) );
#6034 = ADVANCED_FACE('',(#6035),#3071,.T.);
#6035 = FACE_BOUND('',#6036,.T.);
#6036 = EDGE_LOOP('',(#6037,#6038,#6039,#6066,#6086,#6115,#6163,#6164,
    #6165));
#6037 = ORIENTED_EDGE('',*,*,#3361,.T.);
#6038 = ORIENTED_EDGE('',*,*,#3425,.T.);
#6039 = ORIENTED_EDGE('',*,*,#6040,.T.);
#6040 = EDGE_CURVE('',#3397,#2943,#6041,.T.);
#6041 = SURFACE_CURVE('',#6042,(#6047,#6054),.PCURVE_S1.);
#6042 = CIRCLE('',#6043,4.7625);
#6043 = AXIS2_PLACEMENT_3D('',#6044,#6045,#6046);
#6044 = CARTESIAN_POINT('',(-114.3,101.6,76.2));
#6045 = DIRECTION('',(1.,0.,-0.));
#6046 = DIRECTION('',(0.,0.,1.));
#6047 = PCURVE('',#3071,#6048);
#6048 = DEFINITIONAL_REPRESENTATION('',(#6049),#6053);
#6049 = LINE('',#6050,#6051);
#6050 = CARTESIAN_POINT('',(0.,0.));
#6051 = VECTOR('',#6052,1.);
#6052 = DIRECTION('',(1.,0.));
#6053 = ( GEOMETRIC_REPRESENTATION_CONTEXT(2) 
PARAMETRIC_REPRESENTATION_CONTEXT() REPRESENTATION_CONTEXT('2D SPACE',''
  ) );
#6054 = PCURVE('',#6055,#6060);
#6055 = PLANE('',#6056);
#6056 = AXIS2_PLACEMENT_3D('',#6057,#6058,#6059);
#6057 = CARTESIAN_POINT('',(-114.3,101.6,76.2));
#6058 = DIRECTION('',(1.,0.,0.));
#6059 = DIRECTION('',(-0.,0.,1.));
#6060 = DEFINITIONAL_REPRESENTATION('',(#6061),#6065);
#6061 = CIRCLE('',#6062,4.7625);
#6062 = AXIS2_PLACEMENT_2D('',#6063,#6064);
#6063 = CARTESIAN_POINT('',(-1.42108547152E-14,0.));
#6064 = DIRECTION('',(1.,0.));
#6065 = ( GEOMETRIC_REPRESENTATION_CONTEXT(2) 
PARAMETRIC_REPRESENTATION_CONTEXT() REPRESENTATION_CONTEXT('2D SPACE',''
  ) );
#6066 = ORIENTED_EDGE('',*,*,#6067,.T.);
#6067 = EDGE_CURVE('',#2943,#5417,#6068,.T.);
#6068 = SEAM_CURVE('',#6069,(#6073,#6080),.PCURVE_S1.);
#6069 = LINE('',#6070,#6071);
#6070 = CARTESIAN_POINT('',(-114.3,101.6,80.9625));
#6071 = VECTOR('',#6072,1.);
#6072 = DIRECTION('',(1.,0.,0.));
#6073 = PCURVE('',#3071,#6074);
#6074 = DEFINITIONAL_REPRESENTATION('',(#6075),#6079);
#6075 = LINE('',#6076,#6077);
#6076 = CARTESIAN_POINT('',(0.,0.));
#6077 = VECTOR('',#6078,1.);
#6078 = DIRECTION('',(0.,1.));
#6079 = ( GEOMETRIC_REPRESENTATION_CONTEXT(2) 
PARAMETRIC_REPRESENTATION_CONTEXT() REPRESENTATION_CONTEXT('2D SPACE',''
  ) );
#6080 = PCURVE('',#3071,#6081);
#6081 = DEFINITIONAL_REPRESENTATION('',(#6082),#6085);
#6082 = B_SPLINE_CURVE_WITH_KNOTS('',1,(#6083,#6084),.UNSPECIFIED.,.F.,
  .F.,(2,2),(0.,228.6),.PIECEWISE_BEZIER_KNOTS.);
#6083 = CARTESIAN_POINT('',(6.28318530718,0.));
#6084 = CARTESIAN_POINT('',(6.28318530718,228.6));
#6085 = ( GEOMETRIC_REPRESENTATION_CONTEXT(2) 
PARAMETRIC_REPRESENTATION_CONTEXT() REPRESENTATION_CONTEXT('2D SPACE',''
  ) );
#6086 = ORIENTED_EDGE('',*,*,#6087,.F.);
#6087 = EDGE_CURVE('',#6088,#5417,#6090,.T.);
#6088 = VERTEX_POINT('',#6089);
#6089 = CARTESIAN_POINT('',(114.3,106.3625,76.2));
#6090 = SURFACE_CURVE('',#6091,(#6096,#6103),.PCURVE_S1.);
#6091 = CIRCLE('',#6092,4.7625);
#6092 = AXIS2_PLACEMENT_3D('',#6093,#6094,#6095);
#6093 = CARTESIAN_POINT('',(114.3,101.6,76.2));
#6094 = DIRECTION('',(1.,0.,-0.));
#6095 = DIRECTION('',(0.,0.,1.));
#6096 = PCURVE('',#3071,#6097);
#6097 = DEFINITIONAL_REPRESENTATION('',(#6098),#6102);
#6098 = LINE('',#6099,#6100);
#6099 = CARTESIAN_POINT('',(0.,228.6));
#6100 = VECTOR('',#6101,1.);
#6101 = DIRECTION('',(1.,0.));
#6102 = ( GEOMETRIC_REPRESENTATION_CONTEXT(2) 
PARAMETRIC_REPRESENTATION_CONTEXT() REPRESENTATION_CONTEXT('2D SPACE',''
  ) );
#6103 = PCURVE('',#6104,#6109);
#6104 = PLANE('',#6105);
#6105 = AXIS2_PLACEMENT_3D('',#6106,#6107,#6108);
#6106 = CARTESIAN_POINT('',(114.3,101.6,76.2));
#6107 = DIRECTION('',(1.,0.,0.));
#6108 = DIRECTION('',(-0.,0.,1.));
#6109 = DEFINITIONAL_REPRESENTATION('',(#6110),#6114);
#6110 = CIRCLE('',#6111,4.7625);
#6111 = AXIS2_PLACEMENT_2D('',#6112,#6113);
#6112 = CARTESIAN_POINT('',(-1.42108547152E-14,0.));
#6113 = DIRECTION('',(1.,0.));
#6114 = ( GEOMETRIC_REPRESENTATION_CONTEXT(2) 
PARAMETRIC_REPRESENTATION_CONTEXT() REPRESENTATION_CONTEXT('2D SPACE',''
  ) );
#6115 = ORIENTED_EDGE('',*,*,#6116,.F.);
#6116 = EDGE_CURVE('',#5439,#6088,#6117,.T.);
#6117 = SURFACE_CURVE('',#6118,(#6123,#6143),.PCURVE_S1.);
#6118 = ELLIPSE('',#6119,6.735192090802,4.7625);
#6119 = AXIS2_PLACEMENT_3D('',#6120,#6121,#6122);
#6120 = CARTESIAN_POINT('',(114.3,101.6,76.2));
#6121 = DIRECTION('',(0.707106781187,0.,-0.707106781187));
#6122 = DIRECTION('',(0.707106781187,0.,0.707106781187));
#6123 = PCURVE('',#3071,#6124);
#6124 = DEFINITIONAL_REPRESENTATION('',(#6125),#6142);
#6125 = B_SPLINE_CURVE_WITH_KNOTS('',8,(#6126,#6127,#6128,#6129,#6130,
    #6131,#6132,#6133,#6134,#6135,#6136,#6137,#6138,#6139,#6140,#6141),
  .UNSPECIFIED.,.F.,.F.,(9,7,9),(1.570796326795,3.14159265359,
    4.712388980385),.UNSPECIFIED.);
#6126 = CARTESIAN_POINT('',(1.570796326795,228.6));
#6127 = CARTESIAN_POINT('',(1.767145867644,227.6648853117));
#6128 = CARTESIAN_POINT('',(1.963495408492,226.72977040115));
#6129 = CARTESIAN_POINT('',(2.159844949341,225.84959309346));
#6130 = CARTESIAN_POINT('',(2.356194490185,225.07928019964));
#6131 = CARTESIAN_POINT('',(2.552544031042,224.46701655453));
#6132 = CARTESIAN_POINT('',(2.74889357189,224.04733944549));
#6133 = CARTESIAN_POINT('',(2.94524311274,223.8375));
#6134 = CARTESIAN_POINT('',(3.337942194439,223.8375));
#6135 = CARTESIAN_POINT('',(3.534291735284,224.04733944562));
#6136 = CARTESIAN_POINT('',(3.730641276133,224.46701655389));
#6137 = CARTESIAN_POINT('',(3.92699081697,225.07928019985));
#6138 = CARTESIAN_POINT('',(4.123340357835,225.84959309321));
#6139 = CARTESIAN_POINT('',(4.319689898682,226.72977040131));
#6140 = CARTESIAN_POINT('',(4.516039439535,227.6648853117));
#6141 = CARTESIAN_POINT('',(4.712388980385,228.6));
#6142 = ( GEOMETRIC_REPRESENTATION_CONTEXT(2) 
PARAMETRIC_REPRESENTATION_CONTEXT() REPRESENTATION_CONTEXT('2D SPACE',''
  ) );
#6143 = PCURVE('',#3603,#6144);
#6144 = DEFINITIONAL_REPRESENTATION('',(#6145),#6162);
#6145 = B_SPLINE_CURVE_WITH_KNOTS('',8,(#6146,#6147,#6148,#6149,#6150,
    #6151,#6152,#6153,#6154,#6155,#6156,#6157,#6158,#6159,#6160,#6161),
  .UNSPECIFIED.,.F.,.F.,(9,7,9),(1.570796326795,3.14159265359,
    4.712388980385),.UNSPECIFIED.);
#6146 = CARTESIAN_POINT('',(4.712388980385,152.4));
#6147 = CARTESIAN_POINT('',(4.516039439535,151.4648853117));
#6148 = CARTESIAN_POINT('',(4.319689898692,150.52977040125));
#6149 = CARTESIAN_POINT('',(4.123340357815,149.64959309337));
#6150 = CARTESIAN_POINT('',(3.926990817008,148.8792801998));
#6151 = CARTESIAN_POINT('',(3.730641276113,148.26701655416));
#6152 = CARTESIAN_POINT('',(3.534291735295,147.84733944549));
#6153 = CARTESIAN_POINT('',(3.337942194439,147.6375));
#6154 = CARTESIAN_POINT('',(2.94524311274,147.6375));
#6155 = CARTESIAN_POINT('',(2.748893571893,147.84733944548));
#6156 = CARTESIAN_POINT('',(2.552544031032,148.26701655447));
#6157 = CARTESIAN_POINT('',(2.356194490197,148.87928019941));
#6158 = CARTESIAN_POINT('',(2.159844949333,149.64959309364));
#6159 = CARTESIAN_POINT('',(1.963495408495,150.52977040123));
#6160 = CARTESIAN_POINT('',(1.767145867644,151.4648853117));
#6161 = CARTESIAN_POINT('',(1.570796326795,152.4));
#6162 = ( GEOMETRIC_REPRESENTATION_CONTEXT(2) 
PARAMETRIC_REPRESENTATION_CONTEXT() REPRESENTATION_CONTEXT('2D SPACE',''
  ) );
#6163 = ORIENTED_EDGE('',*,*,#5438,.T.);
#6164 = ORIENTED_EDGE('',*,*,#6067,.F.);
#6165 = ORIENTED_EDGE('',*,*,#3043,.T.);
#6166 = ADVANCED_FACE('',(#6167),#2981,.T.);
#6167 = FACE_BOUND('',#6168,.T.);
#6168 = EDGE_LOOP('',(#6169,#6190,#6191));
#6169 = ORIENTED_EDGE('',*,*,#6170,.F.);
#6170 = EDGE_CURVE('',#2965,#6171,#6173,.T.);
#6171 = VERTEX_POINT('',#6172);
#6172 = CARTESIAN_POINT('',(-114.3,101.6,76.2));
#6173 = SURFACE_CURVE('',#6174,(#6178,#6184),.PCURVE_S1.);
#6174 = LINE('',#6175,#6176);
#6175 = CARTESIAN_POINT('',(-114.3,101.6,76.2));
#6176 = VECTOR('',#6177,1.);
#6177 = DIRECTION('',(1.,0.,0.));
#6178 = PCURVE('',#2981,#6179);
#6179 = DEFINITIONAL_REPRESENTATION('',(#6180),#6183);
#6180 = B_SPLINE_CURVE_WITH_KNOTS('',1,(#6181,#6182),.UNSPECIFIED.,.F.,
  .F.,(2,2),(-4.7625,2.84217094304E-14),.PIECEWISE_BEZIER_KNOTS.);
#6181 = CARTESIAN_POINT('',(-1.42108547152E-14,-4.7625));
#6182 = CARTESIAN_POINT('',(-1.42108547152E-14,1.42108547152E-14));
#6183 = ( GEOMETRIC_REPRESENTATION_CONTEXT(2) 
PARAMETRIC_REPRESENTATION_CONTEXT() REPRESENTATION_CONTEXT('2D SPACE',''
  ) );
#6184 = PCURVE('',#3413,#6185);
#6185 = DEFINITIONAL_REPRESENTATION('',(#6186),#6189);
#6186 = B_SPLINE_CURVE_WITH_KNOTS('',1,(#6187,#6188),.UNSPECIFIED.,.F.,
  .F.,(2,2),(-4.7625,2.84217094304E-14),.PIECEWISE_BEZIER_KNOTS.);
#6187 = CARTESIAN_POINT('',(-4.7625,-1.42108547152E-14));
#6188 = CARTESIAN_POINT('',(2.84217094304E-14,-1.42108547152E-14));
#6189 = ( GEOMETRIC_REPRESENTATION_CONTEXT(2) 
PARAMETRIC_REPRESENTATION_CONTEXT() REPRESENTATION_CONTEXT('2D SPACE',''
  ) );
#6190 = ORIENTED_EDGE('',*,*,#2964,.T.);
#6191 = ORIENTED_EDGE('',*,*,#6192,.T.);
#6192 = EDGE_CURVE('',#2943,#6171,#6193,.T.);
#6193 = SURFACE_CURVE('',#6194,(#6198,#6204),.PCURVE_S1.);
#6194 = LINE('',#6195,#6196);
#6195 = CARTESIAN_POINT('',(-114.3,101.6,76.2));
#6196 = VECTOR('',#6197,1.);
#6197 = DIRECTION('',(0.,0.,-1.));
#6198 = PCURVE('',#2981,#6199);
#6199 = DEFINITIONAL_REPRESENTATION('',(#6200),#6203);
#6200 = B_SPLINE_CURVE_WITH_KNOTS('',1,(#6201,#6202),.UNSPECIFIED.,.F.,
  .F.,(2,2),(-4.7625,4.7625),.PIECEWISE_BEZIER_KNOTS.);
#6201 = CARTESIAN_POINT('',(4.7625,1.42108547152E-14));
#6202 = CARTESIAN_POINT('',(-4.7625,1.42108547152E-14));
#6203 = ( GEOMETRIC_REPRESENTATION_CONTEXT(2) 
PARAMETRIC_REPRESENTATION_CONTEXT() REPRESENTATION_CONTEXT('2D SPACE',''
  ) );
#6204 = PCURVE('',#6055,#6205);
#6205 = DEFINITIONAL_REPRESENTATION('',(#6206),#6209);
#6206 = B_SPLINE_CURVE_WITH_KNOTS('',1,(#6207,#6208),.UNSPECIFIED.,.F.,
  .F.,(2,2),(-4.7625,4.7625),.PIECEWISE_BEZIER_KNOTS.);
#6207 = CARTESIAN_POINT('',(4.7625,0.));
#6208 = CARTESIAN_POINT('',(-4.7625,0.));
#6209 = ( GEOMETRIC_REPRESENTATION_CONTEXT(2) 
PARAMETRIC_REPRESENTATION_CONTEXT() REPRESENTATION_CONTEXT('2D SPACE',''
  ) );
#6210 = ADVANCED_FACE('',(#6211),#2908,.F.);
#6211 = FACE_BOUND('',#6212,.F.);
#6212 = EDGE_LOOP('',(#6213,#6214,#6215));
#6213 = ORIENTED_EDGE('',*,*,#2893,.T.);
#6214 = ORIENTED_EDGE('',*,*,#5296,.F.);
#6215 = ORIENTED_EDGE('',*,*,#3251,.T.);
#6216 = ADVANCED_FACE('',(#6217),#3131,.T.);
#6217 = FACE_BOUND('',#6218,.T.);
#6218 = EDGE_LOOP('',(#6219,#6220,#6240,#6241,#6242,#6243,#6244,#6245));
#6219 = ORIENTED_EDGE('',*,*,#3156,.F.);
#6220 = ORIENTED_EDGE('',*,*,#6221,.T.);
#6221 = EDGE_CURVE('',#2921,#5370,#6222,.T.);
#6222 = SEAM_CURVE('',#6223,(#6227,#6234),.PCURVE_S1.);
#6223 = LINE('',#6224,#6225);
#6224 = CARTESIAN_POINT('',(-114.3,50.8,80.9625));
#6225 = VECTOR('',#6226,1.);
#6226 = DIRECTION('',(1.,0.,0.));
#6227 = PCURVE('',#3131,#6228);
#6228 = DEFINITIONAL_REPRESENTATION('',(#6229),#6233);
#6229 = LINE('',#6230,#6231);
#6230 = CARTESIAN_POINT('',(0.,0.));
#6231 = VECTOR('',#6232,1.);
#6232 = DIRECTION('',(0.,1.));
#6233 = ( GEOMETRIC_REPRESENTATION_CONTEXT(2) 
PARAMETRIC_REPRESENTATION_CONTEXT() REPRESENTATION_CONTEXT('2D SPACE',''
  ) );
#6234 = PCURVE('',#3131,#6235);
#6235 = DEFINITIONAL_REPRESENTATION('',(#6236),#6239);
#6236 = B_SPLINE_CURVE_WITH_KNOTS('',1,(#6237,#6238),.UNSPECIFIED.,.F.,
  .F.,(2,2),(0.,228.6),.PIECEWISE_BEZIER_KNOTS.);
#6237 = CARTESIAN_POINT('',(6.28318530718,0.));
#6238 = CARTESIAN_POINT('',(6.28318530718,228.6));
#6239 = ( GEOMETRIC_REPRESENTATION_CONTEXT(2) 
PARAMETRIC_REPRESENTATION_CONTEXT() REPRESENTATION_CONTEXT('2D SPACE',''
  ) );
#6240 = ORIENTED_EDGE('',*,*,#5568,.F.);
#6241 = ORIENTED_EDGE('',*,*,#5654,.F.);
#6242 = ORIENTED_EDGE('',*,*,#5604,.T.);
#6243 = ORIENTED_EDGE('',*,*,#6221,.F.);
#6244 = ORIENTED_EDGE('',*,*,#3101,.T.);
#6245 = ORIENTED_EDGE('',*,*,#3192,.F.);
#6246 = ADVANCED_FACE('',(#6247),#3511,.F.);
#6247 = FACE_BOUND('',#6248,.F.);
#6248 = EDGE_LOOP('',(#6249,#6268,#6269));
#6249 = ORIENTED_EDGE('',*,*,#6250,.F.);
#6250 = EDGE_CURVE('',#3461,#3739,#6251,.T.);
#6251 = SURFACE_CURVE('',#6252,(#6256,#6262),.PCURVE_S1.);
#6252 = LINE('',#6253,#6254);
#6253 = CARTESIAN_POINT('',(-114.3,101.6,-76.2));
#6254 = VECTOR('',#6255,1.);
#6255 = DIRECTION('',(0.,-1.,0.));
#6256 = PCURVE('',#3511,#6257);
#6257 = DEFINITIONAL_REPRESENTATION('',(#6258),#6261);
#6258 = B_SPLINE_CURVE_WITH_KNOTS('',1,(#6259,#6260),.UNSPECIFIED.,.F.,
  .F.,(2,2),(-4.7625,5.832380380939E-16),.PIECEWISE_BEZIER_KNOTS.);
#6259 = CARTESIAN_POINT('',(2.84217094304E-14,4.7625));
#6260 = CARTESIAN_POINT('',(2.84217094304E-14,-1.47940927533E-14));
#6261 = ( GEOMETRIC_REPRESENTATION_CONTEXT(2) 
PARAMETRIC_REPRESENTATION_CONTEXT() REPRESENTATION_CONTEXT('2D SPACE',''
  ) );
#6262 = PCURVE('',#3545,#6263);
#6263 = DEFINITIONAL_REPRESENTATION('',(#6264),#6267);
#6264 = B_SPLINE_CURVE_WITH_KNOTS('',1,(#6265,#6266),.UNSPECIFIED.,.F.,
  .F.,(2,2),(-4.7625,5.832380380939E-16),.PIECEWISE_BEZIER_KNOTS.);
#6265 = CARTESIAN_POINT('',(1.42108547152E-14,-4.7625));
#6266 = CARTESIAN_POINT('',(1.42108547152E-14,5.832380380939E-16));
#6267 = ( GEOMETRIC_REPRESENTATION_CONTEXT(2) 
PARAMETRIC_REPRESENTATION_CONTEXT() REPRESENTATION_CONTEXT('2D SPACE',''
  ) );
#6268 = ORIENTED_EDGE('',*,*,#3496,.T.);
#6269 = ORIENTED_EDGE('',*,*,#3760,.T.);
#6270 = ADVANCED_FACE('',(#6271),#3413,.T.);
#6271 = FACE_BOUND('',#6272,.T.);
#6272 = EDGE_LOOP('',(#6273,#6292,#6293));
#6273 = ORIENTED_EDGE('',*,*,#6274,.F.);
#6274 = EDGE_CURVE('',#3397,#6171,#6275,.T.);
#6275 = SURFACE_CURVE('',#6276,(#6280,#6286),.PCURVE_S1.);
#6276 = LINE('',#6277,#6278);
#6277 = CARTESIAN_POINT('',(-114.3,101.6,76.2));
#6278 = VECTOR('',#6279,1.);
#6279 = DIRECTION('',(0.,-1.,0.));
#6280 = PCURVE('',#3413,#6281);
#6281 = DEFINITIONAL_REPRESENTATION('',(#6282),#6285);
#6282 = B_SPLINE_CURVE_WITH_KNOTS('',1,(#6283,#6284),.UNSPECIFIED.,.F.,
  .F.,(2,2),(-4.7625,5.832380380939E-16),.PIECEWISE_BEZIER_KNOTS.);
#6283 = CARTESIAN_POINT('',(2.84217094304E-14,4.7625));
#6284 = CARTESIAN_POINT('',(2.84217094304E-14,-1.47940927533E-14));
#6285 = ( GEOMETRIC_REPRESENTATION_CONTEXT(2) 
PARAMETRIC_REPRESENTATION_CONTEXT() REPRESENTATION_CONTEXT('2D SPACE',''
  ) );
#6286 = PCURVE('',#6055,#6287);
#6287 = DEFINITIONAL_REPRESENTATION('',(#6288),#6291);
#6288 = B_SPLINE_CURVE_WITH_KNOTS('',1,(#6289,#6290),.UNSPECIFIED.,.F.,
  .F.,(2,2),(-4.7625,5.832380380939E-16),.PIECEWISE_BEZIER_KNOTS.);
#6289 = CARTESIAN_POINT('',(-2.84217094304E-14,-4.7625));
#6290 = CARTESIAN_POINT('',(-2.84217094304E-14,5.832380380939E-16));
#6291 = ( GEOMETRIC_REPRESENTATION_CONTEXT(2) 
PARAMETRIC_REPRESENTATION_CONTEXT() REPRESENTATION_CONTEXT('2D SPACE',''
  ) );
#6292 = ORIENTED_EDGE('',*,*,#3396,.T.);
#6293 = ORIENTED_EDGE('',*,*,#6170,.T.);
#6294 = ADVANCED_FACE('',(#6295),#3603,.T.);
#6295 = FACE_BOUND('',#6296,.T.);
#6296 = EDGE_LOOP('',(#6297,#6298,#6318,#6319,#6320,#6347,#6348,#6375,
    #6376,#6377));
#6297 = ORIENTED_EDGE('',*,*,#4982,.T.);
#6298 = ORIENTED_EDGE('',*,*,#6299,.T.);
#6299 = EDGE_CURVE('',#4954,#5489,#6300,.T.);
#6300 = SEAM_CURVE('',#6301,(#6305,#6312),.PCURVE_S1.);
#6301 = LINE('',#6302,#6303);
#6302 = CARTESIAN_POINT('',(119.0625,101.6,-76.2));
#6303 = VECTOR('',#6304,1.);
#6304 = DIRECTION('',(0.,0.,1.));
#6305 = PCURVE('',#3603,#6306);
#6306 = DEFINITIONAL_REPRESENTATION('',(#6307),#6311);
#6307 = LINE('',#6308,#6309);
#6308 = CARTESIAN_POINT('',(0.,0.));
#6309 = VECTOR('',#6310,1.);
#6310 = DIRECTION('',(0.,1.));
#6311 = ( GEOMETRIC_REPRESENTATION_CONTEXT(2) 
PARAMETRIC_REPRESENTATION_CONTEXT() REPRESENTATION_CONTEXT('2D SPACE',''
  ) );
#6312 = PCURVE('',#3603,#6313);
#6313 = DEFINITIONAL_REPRESENTATION('',(#6314),#6317);
#6314 = B_SPLINE_CURVE_WITH_KNOTS('',1,(#6315,#6316),.UNSPECIFIED.,.F.,
  .F.,(2,2),(0.,152.4),.PIECEWISE_BEZIER_KNOTS.);
#6315 = CARTESIAN_POINT('',(6.28318530718,0.));
#6316 = CARTESIAN_POINT('',(6.28318530718,152.4));
#6317 = ( GEOMETRIC_REPRESENTATION_CONTEXT(2) 
PARAMETRIC_REPRESENTATION_CONTEXT() REPRESENTATION_CONTEXT('2D SPACE',''
  ) );
#6318 = ORIENTED_EDGE('',*,*,#5488,.T.);
#6319 = ORIENTED_EDGE('',*,*,#6116,.T.);
#6320 = ORIENTED_EDGE('',*,*,#6321,.F.);
#6321 = EDGE_CURVE('',#5489,#6088,#6322,.T.);
#6322 = SURFACE_CURVE('',#6323,(#6328,#6335),.PCURVE_S1.);
#6323 = CIRCLE('',#6324,4.7625);
#6324 = AXIS2_PLACEMENT_3D('',#6325,#6326,#6327);
#6325 = CARTESIAN_POINT('',(114.3,101.6,76.2));
#6326 = DIRECTION('',(0.,0.,1.));
#6327 = DIRECTION('',(1.,0.,-0.));
#6328 = PCURVE('',#3603,#6329);
#6329 = DEFINITIONAL_REPRESENTATION('',(#6330),#6334);
#6330 = LINE('',#6331,#6332);
#6331 = CARTESIAN_POINT('',(0.,152.4));
#6332 = VECTOR('',#6333,1.);
#6333 = DIRECTION('',(1.,0.));
#6334 = ( GEOMETRIC_REPRESENTATION_CONTEXT(2) 
PARAMETRIC_REPRESENTATION_CONTEXT() REPRESENTATION_CONTEXT('2D SPACE',''
  ) );
#6335 = PCURVE('',#6336,#6341);
#6336 = PLANE('',#6337);
#6337 = AXIS2_PLACEMENT_3D('',#6338,#6339,#6340);
#6338 = CARTESIAN_POINT('',(114.3,101.6,76.2));
#6339 = DIRECTION('',(0.,0.,1.));
#6340 = DIRECTION('',(1.,0.,-0.));
#6341 = DEFINITIONAL_REPRESENTATION('',(#6342),#6346);
#6342 = CIRCLE('',#6343,4.7625);
#6343 = AXIS2_PLACEMENT_2D('',#6344,#6345);
#6344 = CARTESIAN_POINT('',(-1.42108547152E-14,-1.42108547152E-14));
#6345 = DIRECTION('',(1.,0.));
#6346 = ( GEOMETRIC_REPRESENTATION_CONTEXT(2) 
PARAMETRIC_REPRESENTATION_CONTEXT() REPRESENTATION_CONTEXT('2D SPACE',''
  ) );
#6347 = ORIENTED_EDGE('',*,*,#6299,.F.);
#6348 = ORIENTED_EDGE('',*,*,#6349,.T.);
#6349 = EDGE_CURVE('',#4954,#3581,#6350,.T.);
#6350 = SURFACE_CURVE('',#6351,(#6356,#6363),.PCURVE_S1.);
#6351 = CIRCLE('',#6352,4.7625);
#6352 = AXIS2_PLACEMENT_3D('',#6353,#6354,#6355);
#6353 = CARTESIAN_POINT('',(114.3,101.6,-76.2));
#6354 = DIRECTION('',(0.,0.,1.));
#6355 = DIRECTION('',(1.,0.,-0.));
#6356 = PCURVE('',#3603,#6357);
#6357 = DEFINITIONAL_REPRESENTATION('',(#6358),#6362);
#6358 = LINE('',#6359,#6360);
#6359 = CARTESIAN_POINT('',(0.,0.));
#6360 = VECTOR('',#6361,1.);
#6361 = DIRECTION('',(1.,0.));
#6362 = ( GEOMETRIC_REPRESENTATION_CONTEXT(2) 
PARAMETRIC_REPRESENTATION_CONTEXT() REPRESENTATION_CONTEXT('2D SPACE',''
  ) );
#6363 = PCURVE('',#6364,#6369);
#6364 = PLANE('',#6365);
#6365 = AXIS2_PLACEMENT_3D('',#6366,#6367,#6368);
#6366 = CARTESIAN_POINT('',(114.3,101.6,-76.2));
#6367 = DIRECTION('',(0.,0.,1.));
#6368 = DIRECTION('',(1.,0.,-0.));
#6369 = DEFINITIONAL_REPRESENTATION('',(#6370),#6374);
#6370 = CIRCLE('',#6371,4.7625);
#6371 = AXIS2_PLACEMENT_2D('',#6372,#6373);
#6372 = CARTESIAN_POINT('',(-1.42108547152E-14,-1.42108547152E-14));
#6373 = DIRECTION('',(1.,0.));
#6374 = ( GEOMETRIC_REPRESENTATION_CONTEXT(2) 
PARAMETRIC_REPRESENTATION_CONTEXT() REPRESENTATION_CONTEXT('2D SPACE',''
  ) );
#6375 = ORIENTED_EDGE('',*,*,#3580,.T.);
#6376 = ORIENTED_EDGE('',*,*,#3700,.T.);
#6377 = ORIENTED_EDGE('',*,*,#4918,.T.);
#6378 = ADVANCED_FACE('',(#6379),#3638,.T.);
#6379 = FACE_BOUND('',#6380,.T.);
#6380 = EDGE_LOOP('',(#6381,#6402,#6403));
#6381 = ORIENTED_EDGE('',*,*,#6382,.T.);
#6382 = EDGE_CURVE('',#6383,#3622,#6385,.T.);
#6383 = VERTEX_POINT('',#6384);
#6384 = CARTESIAN_POINT('',(114.3,101.6,-76.2));
#6385 = SURFACE_CURVE('',#6386,(#6390,#6396),.PCURVE_S1.);
#6386 = LINE('',#6387,#6388);
#6387 = CARTESIAN_POINT('',(114.3,101.6,-76.2));
#6388 = VECTOR('',#6389,1.);
#6389 = DIRECTION('',(0.,0.,-1.));
#6390 = PCURVE('',#3638,#6391);
#6391 = DEFINITIONAL_REPRESENTATION('',(#6392),#6395);
#6392 = B_SPLINE_CURVE_WITH_KNOTS('',1,(#6393,#6394),.UNSPECIFIED.,.F.,
  .F.,(2,2),(-4.7625,4.7625),.PIECEWISE_BEZIER_KNOTS.);
#6393 = CARTESIAN_POINT('',(4.7625,0.));
#6394 = CARTESIAN_POINT('',(-4.7625,0.));
#6395 = ( GEOMETRIC_REPRESENTATION_CONTEXT(2) 
PARAMETRIC_REPRESENTATION_CONTEXT() REPRESENTATION_CONTEXT('2D SPACE',''
  ) );
#6396 = PCURVE('',#4970,#6397);
#6397 = DEFINITIONAL_REPRESENTATION('',(#6398),#6401);
#6398 = B_SPLINE_CURVE_WITH_KNOTS('',1,(#6399,#6400),.UNSPECIFIED.,.F.,
  .F.,(2,2),(-4.7625,4.7625),.PIECEWISE_BEZIER_KNOTS.);
#6399 = CARTESIAN_POINT('',(4.7625,-1.42108547152E-14));
#6400 = CARTESIAN_POINT('',(-4.7625,-1.42108547152E-14));
#6401 = ( GEOMETRIC_REPRESENTATION_CONTEXT(2) 
PARAMETRIC_REPRESENTATION_CONTEXT() REPRESENTATION_CONTEXT('2D SPACE',''
  ) );
#6402 = ORIENTED_EDGE('',*,*,#3621,.T.);
#6403 = ORIENTED_EDGE('',*,*,#6404,.T.);
#6404 = EDGE_CURVE('',#3581,#6383,#6405,.T.);
#6405 = SURFACE_CURVE('',#6406,(#6410,#6416),.PCURVE_S1.);
#6406 = LINE('',#6407,#6408);
#6407 = CARTESIAN_POINT('',(114.3,101.6,-76.2));
#6408 = VECTOR('',#6409,1.);
#6409 = DIRECTION('',(0.,-1.,0.));
#6410 = PCURVE('',#3638,#6411);
#6411 = DEFINITIONAL_REPRESENTATION('',(#6412),#6415);
#6412 = B_SPLINE_CURVE_WITH_KNOTS('',1,(#6413,#6414),.UNSPECIFIED.,.F.,
  .F.,(2,2),(-4.7625,5.832380380939E-16),.PIECEWISE_BEZIER_KNOTS.);
#6413 = CARTESIAN_POINT('',(1.42108547152E-14,-4.7625));
#6414 = CARTESIAN_POINT('',(1.42108547152E-14,5.832380380939E-16));
#6415 = ( GEOMETRIC_REPRESENTATION_CONTEXT(2) 
PARAMETRIC_REPRESENTATION_CONTEXT() REPRESENTATION_CONTEXT('2D SPACE',''
  ) );
#6416 = PCURVE('',#6364,#6417);
#6417 = DEFINITIONAL_REPRESENTATION('',(#6418),#6421);
#6418 = B_SPLINE_CURVE_WITH_KNOTS('',1,(#6419,#6420),.UNSPECIFIED.,.F.,
  .F.,(2,2),(-4.7625,5.832380380939E-16),.PIECEWISE_BEZIER_KNOTS.);
#6419 = CARTESIAN_POINT('',(-2.84217094304E-14,4.7625));
#6420 = CARTESIAN_POINT('',(-2.84217094304E-14,-1.47940927533E-14));
#6421 = ( GEOMETRIC_REPRESENTATION_CONTEXT(2) 
PARAMETRIC_REPRESENTATION_CONTEXT() REPRESENTATION_CONTEXT('2D SPACE',''
  ) );
#6422 = ADVANCED_FACE('',(#6423),#3545,.F.);
#6423 = FACE_BOUND('',#6424,.F.);
#6424 = EDGE_LOOP('',(#6425,#6426,#6427));
#6425 = ORIENTED_EDGE('',*,*,#3738,.T.);
#6426 = ORIENTED_EDGE('',*,*,#3530,.T.);
#6427 = ORIENTED_EDGE('',*,*,#6250,.T.);
#6428 = ADVANCED_FACE('',(#6429),#3976,.T.);
#6429 = FACE_BOUND('',#6430,.T.);
#6430 = EDGE_LOOP('',(#6431,#6432,#6454,#6493,#6494,#6528,#6529,#6530,
    #6531));
#6431 = ORIENTED_EDGE('',*,*,#5159,.F.);
#6432 = ORIENTED_EDGE('',*,*,#6433,.T.);
#6433 = EDGE_CURVE('',#5027,#6434,#6436,.T.);
#6434 = VERTEX_POINT('',#6435);
#6435 = CARTESIAN_POINT('',(-4.7625,0.,-20.6375));
#6436 = SEAM_CURVE('',#6437,(#6441,#6448),.PCURVE_S1.);
#6437 = LINE('',#6438,#6439);
#6438 = CARTESIAN_POINT('',(-114.3,0.,-20.6375));
#6439 = VECTOR('',#6440,1.);
#6440 = DIRECTION('',(1.,0.,0.));
#6441 = PCURVE('',#3976,#6442);
#6442 = DEFINITIONAL_REPRESENTATION('',(#6443),#6447);
#6443 = LINE('',#6444,#6445);
#6444 = CARTESIAN_POINT('',(0.,0.));
#6445 = VECTOR('',#6446,1.);
#6446 = DIRECTION('',(0.,1.));
#6447 = ( GEOMETRIC_REPRESENTATION_CONTEXT(2) 
PARAMETRIC_REPRESENTATION_CONTEXT() REPRESENTATION_CONTEXT('2D SPACE',''
  ) );
#6448 = PCURVE('',#3976,#6449);
#6449 = DEFINITIONAL_REPRESENTATION('',(#6450),#6453);
#6450 = B_SPLINE_CURVE_WITH_KNOTS('',1,(#6451,#6452),.UNSPECIFIED.,.F.,
  .F.,(2,2),(0.,228.6),.PIECEWISE_BEZIER_KNOTS.);
#6451 = CARTESIAN_POINT('',(6.28318530718,0.));
#6452 = CARTESIAN_POINT('',(6.28318530718,228.6));
#6453 = ( GEOMETRIC_REPRESENTATION_CONTEXT(2) 
PARAMETRIC_REPRESENTATION_CONTEXT() REPRESENTATION_CONTEXT('2D SPACE',''
  ) );
#6454 = ORIENTED_EDGE('',*,*,#6455,.F.);
#6455 = EDGE_CURVE('',#4101,#6434,#6456,.T.);
#6456 = SURFACE_CURVE('',#6457,(#6462,#6475),.PCURVE_S1.);
#6457 = ELLIPSE('',#6458,6.735192090802,4.7625);
#6458 = AXIS2_PLACEMENT_3D('',#6459,#6460,#6461);
#6459 = CARTESIAN_POINT('',(0.,0.,-25.4));
#6460 = DIRECTION('',(0.707106781187,0.,0.707106781187));
#6461 = DIRECTION('',(-0.707106781187,0.,0.707106781187));
#6462 = PCURVE('',#3976,#6463);
#6463 = DEFINITIONAL_REPRESENTATION('',(#6464),#6474);
#6464 = B_SPLINE_CURVE_WITH_KNOTS('',8,(#6465,#6466,#6467,#6468,#6469,
    #6470,#6471,#6472,#6473),.UNSPECIFIED.,.F.,.F.,(9,9),(4.712388980385
    ,6.28318530718),.PIECEWISE_BEZIER_KNOTS.);
#6465 = CARTESIAN_POINT('',(4.712388980385,114.3));
#6466 = CARTESIAN_POINT('',(4.908738521234,113.3648853117));
#6467 = CARTESIAN_POINT('',(5.10508806208,112.42977040141));
#6468 = CARTESIAN_POINT('',(5.301437602931,111.54959309297));
#6469 = CARTESIAN_POINT('',(5.49778714378,110.77928020037));
#6470 = CARTESIAN_POINT('',(5.694136684627,110.16701655393));
#6471 = CARTESIAN_POINT('',(5.890486225479,109.74733944569));
#6472 = CARTESIAN_POINT('',(6.08683576633,109.5375));
#6473 = CARTESIAN_POINT('',(6.28318530718,109.5375));
#6474 = ( GEOMETRIC_REPRESENTATION_CONTEXT(2) 
PARAMETRIC_REPRESENTATION_CONTEXT() REPRESENTATION_CONTEXT('2D SPACE',''
  ) );
#6475 = PCURVE('',#6476,#6481);
#6476 = CYLINDRICAL_SURFACE('',#6477,4.7625);
#6477 = AXIS2_PLACEMENT_3D('',#6478,#6479,#6480);
#6478 = CARTESIAN_POINT('',(0.,0.,-76.2));
#6479 = DIRECTION('',(0.,0.,1.));
#6480 = DIRECTION('',(1.,0.,-0.));
#6481 = DEFINITIONAL_REPRESENTATION('',(#6482),#6492);
#6482 = B_SPLINE_CURVE_WITH_KNOTS('',8,(#6483,#6484,#6485,#6486,#6487,
    #6488,#6489,#6490,#6491),.UNSPECIFIED.,.F.,.F.,(9,9),(4.712388980385
    ,6.28318530718),.PIECEWISE_BEZIER_KNOTS.);
#6483 = CARTESIAN_POINT('',(1.570796326795,50.8));
#6484 = CARTESIAN_POINT('',(1.767145867644,51.735114688295));
#6485 = CARTESIAN_POINT('',(1.96349540849,52.670229598582));
#6486 = CARTESIAN_POINT('',(2.159844949345,53.550406906509));
#6487 = CARTESIAN_POINT('',(2.356194490178,54.320719799372));
#6488 = CARTESIAN_POINT('',(2.552544031045,54.932983445699));
#6489 = CARTESIAN_POINT('',(2.748893571888,55.352660554314));
#6490 = CARTESIAN_POINT('',(2.94524311274,55.5625));
#6491 = CARTESIAN_POINT('',(3.14159265359,55.5625));
#6492 = ( GEOMETRIC_REPRESENTATION_CONTEXT(2) 
PARAMETRIC_REPRESENTATION_CONTEXT() REPRESENTATION_CONTEXT('2D SPACE',''
  ) );
#6493 = ORIENTED_EDGE('',*,*,#4100,.T.);
#6494 = ORIENTED_EDGE('',*,*,#6495,.F.);
#6495 = EDGE_CURVE('',#6434,#4060,#6496,.T.);
#6496 = SURFACE_CURVE('',#6497,(#6502,#6515),.PCURVE_S1.);
#6497 = ELLIPSE('',#6498,6.735192090802,4.7625);
#6498 = AXIS2_PLACEMENT_3D('',#6499,#6500,#6501);
#6499 = CARTESIAN_POINT('',(0.,0.,-25.4));
#6500 = DIRECTION('',(0.707106781187,0.,0.707106781187));
#6501 = DIRECTION('',(-0.707106781187,0.,0.707106781187));
#6502 = PCURVE('',#3976,#6503);
#6503 = DEFINITIONAL_REPRESENTATION('',(#6504),#6514);
#6504 = B_SPLINE_CURVE_WITH_KNOTS('',8,(#6505,#6506,#6507,#6508,#6509,
    #6510,#6511,#6512,#6513),.UNSPECIFIED.,.F.,.F.,(9,9),(0.,
    1.570796326795),.PIECEWISE_BEZIER_KNOTS.);
#6505 = CARTESIAN_POINT('',(0.,109.5375));
#6506 = CARTESIAN_POINT('',(0.196349540849,109.5375));
#6507 = CARTESIAN_POINT('',(0.392699081699,109.74733944566));
#6508 = CARTESIAN_POINT('',(0.589048622546,110.16701655398));
#6509 = CARTESIAN_POINT('',(0.785398163399,110.77928020011));
#6510 = CARTESIAN_POINT('',(0.981747704246,111.5495930933));
#6511 = CARTESIAN_POINT('',(1.178097245096,112.42977040139));
#6512 = CARTESIAN_POINT('',(1.374446785946,113.3648853117));
#6513 = CARTESIAN_POINT('',(1.570796326795,114.3));
#6514 = ( GEOMETRIC_REPRESENTATION_CONTEXT(2) 
PARAMETRIC_REPRESENTATION_CONTEXT() REPRESENTATION_CONTEXT('2D SPACE',''
  ) );
#6515 = PCURVE('',#6476,#6516);
#6516 = DEFINITIONAL_REPRESENTATION('',(#6517),#6527);
#6517 = B_SPLINE_CURVE_WITH_KNOTS('',8,(#6518,#6519,#6520,#6521,#6522,
    #6523,#6524,#6525,#6526),.UNSPECIFIED.,.F.,.F.,(9,9),(0.,
    1.570796326795),.PIECEWISE_BEZIER_KNOTS.);
#6518 = CARTESIAN_POINT('',(3.14159265359,55.5625));
#6519 = CARTESIAN_POINT('',(3.337942194439,55.5625));
#6520 = CARTESIAN_POINT('',(3.534291735286,55.352660554297));
#6521 = CARTESIAN_POINT('',(3.730641276141,54.932983445892));
#6522 = CARTESIAN_POINT('',(3.926990816975,54.320719799264));
#6523 = CARTESIAN_POINT('',(4.123340357835,53.550406906755));
#6524 = CARTESIAN_POINT('',(4.319689898684,52.670229598518));
#6525 = CARTESIAN_POINT('',(4.516039439535,51.735114688295));
#6526 = CARTESIAN_POINT('',(4.712388980385,50.8));
#6527 = ( GEOMETRIC_REPRESENTATION_CONTEXT(2) 
PARAMETRIC_REPRESENTATION_CONTEXT() REPRESENTATION_CONTEXT('2D SPACE',''
  ) );
#6528 = ORIENTED_EDGE('',*,*,#6433,.F.);
#6529 = ORIENTED_EDGE('',*,*,#5026,.F.);
#6530 = ORIENTED_EDGE('',*,*,#3955,.T.);
#6531 = ORIENTED_EDGE('',*,*,#3995,.T.);
#6532 = ADVANCED_FACE('',(#6533),#4082,.T.);
#6533 = FACE_BOUND('',#6534,.T.);
#6534 = EDGE_LOOP('',(#6535,#6571,#6593,#6632,#6633,#6667,#6668,#6702,
    #6703));
#6535 = ORIENTED_EDGE('',*,*,#6536,.F.);
#6536 = EDGE_CURVE('',#6537,#4101,#6539,.T.);
#6537 = VERTEX_POINT('',#6538);
#6538 = CARTESIAN_POINT('',(4.7625,0.,-20.6375));
#6539 = SURFACE_CURVE('',#6540,(#6545,#6558),.PCURVE_S1.);
#6540 = ELLIPSE('',#6541,6.735192090802,4.7625);
#6541 = AXIS2_PLACEMENT_3D('',#6542,#6543,#6544);
#6542 = CARTESIAN_POINT('',(0.,0.,-25.4));
#6543 = DIRECTION('',(-0.707106781187,0.,0.707106781187));
#6544 = DIRECTION('',(0.707106781187,0.,0.707106781187));
#6545 = PCURVE('',#4082,#6546);
#6546 = DEFINITIONAL_REPRESENTATION('',(#6547),#6557);
#6547 = B_SPLINE_CURVE_WITH_KNOTS('',8,(#6548,#6549,#6550,#6551,#6552,
    #6553,#6554,#6555,#6556),.UNSPECIFIED.,.F.,.F.,(9,9),(0.,
    1.570796326795),.PIECEWISE_BEZIER_KNOTS.);
#6548 = CARTESIAN_POINT('',(6.28318530718,119.0625));
#6549 = CARTESIAN_POINT('',(6.08683576633,119.0625));
#6550 = CARTESIAN_POINT('',(5.890486225481,118.85266055426));
#6551 = CARTESIAN_POINT('',(5.694136684633,118.43298344602));
#6552 = CARTESIAN_POINT('',(5.497787143781,117.82071979872));
#6553 = CARTESIAN_POINT('',(5.301437602934,117.05040690667));
#6554 = CARTESIAN_POINT('',(5.105088062083,116.17022959846));
#6555 = CARTESIAN_POINT('',(4.908738521234,115.23511468829));
#6556 = CARTESIAN_POINT('',(4.712388980385,114.3));
#6557 = ( GEOMETRIC_REPRESENTATION_CONTEXT(2) 
PARAMETRIC_REPRESENTATION_CONTEXT() REPRESENTATION_CONTEXT('2D SPACE',''
  ) );
#6558 = PCURVE('',#6476,#6559);
#6559 = DEFINITIONAL_REPRESENTATION('',(#6560),#6570);
#6560 = B_SPLINE_CURVE_WITH_KNOTS('',8,(#6561,#6562,#6563,#6564,#6565,
    #6566,#6567,#6568,#6569),.UNSPECIFIED.,.F.,.F.,(9,9),(0.,
    1.570796326795),.PIECEWISE_BEZIER_KNOTS.);
#6561 = CARTESIAN_POINT('',(0.,55.5625));
#6562 = CARTESIAN_POINT('',(0.196349540849,55.5625));
#6563 = CARTESIAN_POINT('',(0.392699081699,55.352660554297));
#6564 = CARTESIAN_POINT('',(0.589048622546,54.932983445892));
#6565 = CARTESIAN_POINT('',(0.785398163397,54.320719799264));
#6566 = CARTESIAN_POINT('',(0.981747704244,53.550406906755));
#6567 = CARTESIAN_POINT('',(1.178097245096,52.670229598518));
#6568 = CARTESIAN_POINT('',(1.374446785946,51.735114688295));
#6569 = CARTESIAN_POINT('',(1.570796326795,50.8));
#6570 = ( GEOMETRIC_REPRESENTATION_CONTEXT(2) 
PARAMETRIC_REPRESENTATION_CONTEXT() REPRESENTATION_CONTEXT('2D SPACE',''
  ) );
#6571 = ORIENTED_EDGE('',*,*,#6572,.T.);
#6572 = EDGE_CURVE('',#6537,#6573,#6575,.T.);
#6573 = VERTEX_POINT('',#6574);
#6574 = CARTESIAN_POINT('',(52.3875,0.,-20.6375));
#6575 = SEAM_CURVE('',#6576,(#6580,#6587),.PCURVE_S1.);
#6576 = LINE('',#6577,#6578);
#6577 = CARTESIAN_POINT('',(-114.3,0.,-20.6375));
#6578 = VECTOR('',#6579,1.);
#6579 = DIRECTION('',(1.,0.,0.));
#6580 = PCURVE('',#4082,#6581);
#6581 = DEFINITIONAL_REPRESENTATION('',(#6582),#6586);
#6582 = LINE('',#6583,#6584);
#6583 = CARTESIAN_POINT('',(0.,0.));
#6584 = VECTOR('',#6585,1.);
#6585 = DIRECTION('',(0.,1.));
#6586 = ( GEOMETRIC_REPRESENTATION_CONTEXT(2) 
PARAMETRIC_REPRESENTATION_CONTEXT() REPRESENTATION_CONTEXT('2D SPACE',''
  ) );
#6587 = PCURVE('',#4082,#6588);
#6588 = DEFINITIONAL_REPRESENTATION('',(#6589),#6592);
#6589 = B_SPLINE_CURVE_WITH_KNOTS('',1,(#6590,#6591),.UNSPECIFIED.,.F.,
  .F.,(2,2),(0.,228.6),.PIECEWISE_BEZIER_KNOTS.);
#6590 = CARTESIAN_POINT('',(6.28318530718,0.));
#6591 = CARTESIAN_POINT('',(6.28318530718,228.6));
#6592 = ( GEOMETRIC_REPRESENTATION_CONTEXT(2) 
PARAMETRIC_REPRESENTATION_CONTEXT() REPRESENTATION_CONTEXT('2D SPACE',''
  ) );
#6593 = ORIENTED_EDGE('',*,*,#6594,.F.);
#6594 = EDGE_CURVE('',#4256,#6573,#6595,.T.);
#6595 = SURFACE_CURVE('',#6596,(#6601,#6614),.PCURVE_S1.);
#6596 = ELLIPSE('',#6597,6.735192090802,4.7625);
#6597 = AXIS2_PLACEMENT_3D('',#6598,#6599,#6600);
#6598 = CARTESIAN_POINT('',(57.15,0.,-25.4));
#6599 = DIRECTION('',(0.707106781187,0.,0.707106781187));
#6600 = DIRECTION('',(-0.707106781187,0.,0.707106781187));
#6601 = PCURVE('',#4082,#6602);
#6602 = DEFINITIONAL_REPRESENTATION('',(#6603),#6613);
#6603 = B_SPLINE_CURVE_WITH_KNOTS('',8,(#6604,#6605,#6606,#6607,#6608,
    #6609,#6610,#6611,#6612),.UNSPECIFIED.,.F.,.F.,(9,9),(4.712388980385
    ,6.28318530718),.PIECEWISE_BEZIER_KNOTS.);
#6604 = CARTESIAN_POINT('',(4.712388980385,171.45));
#6605 = CARTESIAN_POINT('',(4.908738521234,170.5148853117));
#6606 = CARTESIAN_POINT('',(5.10508806208,169.5797704012));
#6607 = CARTESIAN_POINT('',(5.301437602931,168.69959309395));
#6608 = CARTESIAN_POINT('',(5.49778714378,167.92928019951));
#6609 = CARTESIAN_POINT('',(5.694136684627,167.31701655476));
#6610 = CARTESIAN_POINT('',(5.890486225479,166.89733944545));
#6611 = CARTESIAN_POINT('',(6.08683576633,166.6875));
#6612 = CARTESIAN_POINT('',(6.28318530718,166.6875));
#6613 = ( GEOMETRIC_REPRESENTATION_CONTEXT(2) 
PARAMETRIC_REPRESENTATION_CONTEXT() REPRESENTATION_CONTEXT('2D SPACE',''
  ) );
#6614 = PCURVE('',#6615,#6620);
#6615 = CYLINDRICAL_SURFACE('',#6616,4.7625);
#6616 = AXIS2_PLACEMENT_3D('',#6617,#6618,#6619);
#6617 = CARTESIAN_POINT('',(57.15,0.,-76.2));
#6618 = DIRECTION('',(0.,0.,1.));
#6619 = DIRECTION('',(1.,0.,-0.));
#6620 = DEFINITIONAL_REPRESENTATION('',(#6621),#6631);
#6621 = B_SPLINE_CURVE_WITH_KNOTS('',8,(#6622,#6623,#6624,#6625,#6626,
    #6627,#6628,#6629,#6630),.UNSPECIFIED.,.F.,.F.,(9,9),(4.712388980385
    ,6.28318530718),.PIECEWISE_BEZIER_KNOTS.);
#6622 = CARTESIAN_POINT('',(1.570796326795,50.8));
#6623 = CARTESIAN_POINT('',(1.767145867644,51.735114688295));
#6624 = CARTESIAN_POINT('',(1.96349540849,52.670229598582));
#6625 = CARTESIAN_POINT('',(2.159844949345,53.550406906509));
#6626 = CARTESIAN_POINT('',(2.356194490178,54.320719799372));
#6627 = CARTESIAN_POINT('',(2.552544031045,54.932983445699));
#6628 = CARTESIAN_POINT('',(2.748893571888,55.352660554314));
#6629 = CARTESIAN_POINT('',(2.94524311274,55.5625));
#6630 = CARTESIAN_POINT('',(3.14159265359,55.5625));
#6631 = ( GEOMETRIC_REPRESENTATION_CONTEXT(2) 
PARAMETRIC_REPRESENTATION_CONTEXT() REPRESENTATION_CONTEXT('2D SPACE',''
  ) );
#6632 = ORIENTED_EDGE('',*,*,#4255,.T.);
#6633 = ORIENTED_EDGE('',*,*,#6634,.F.);
#6634 = EDGE_CURVE('',#6573,#4215,#6635,.T.);
#6635 = SURFACE_CURVE('',#6636,(#6641,#6654),.PCURVE_S1.);
#6636 = ELLIPSE('',#6637,6.735192090802,4.7625);
#6637 = AXIS2_PLACEMENT_3D('',#6638,#6639,#6640);
#6638 = CARTESIAN_POINT('',(57.15,0.,-25.4));
#6639 = DIRECTION('',(0.707106781187,0.,0.707106781187));
#6640 = DIRECTION('',(-0.707106781187,0.,0.707106781187));
#6641 = PCURVE('',#4082,#6642);
#6642 = DEFINITIONAL_REPRESENTATION('',(#6643),#6653);
#6643 = B_SPLINE_CURVE_WITH_KNOTS('',8,(#6644,#6645,#6646,#6647,#6648,
    #6649,#6650,#6651,#6652),.UNSPECIFIED.,.F.,.F.,(9,9),(0.,
    1.570796326795),.PIECEWISE_BEZIER_KNOTS.);
#6644 = CARTESIAN_POINT('',(0.,166.6875));
#6645 = CARTESIAN_POINT('',(0.196349540849,166.6875));
#6646 = CARTESIAN_POINT('',(0.392699081699,166.89733944565));
#6647 = CARTESIAN_POINT('',(0.589048622546,167.31701655365));
#6648 = CARTESIAN_POINT('',(0.785398163399,167.9292802004));
#6649 = CARTESIAN_POINT('',(0.981747704246,168.69959309284));
#6650 = CARTESIAN_POINT('',(1.178097245096,169.57977040142));
#6651 = CARTESIAN_POINT('',(1.374446785946,170.5148853117));
#6652 = CARTESIAN_POINT('',(1.570796326795,171.45));
#6653 = ( GEOMETRIC_REPRESENTATION_CONTEXT(2) 
PARAMETRIC_REPRESENTATION_CONTEXT() REPRESENTATION_CONTEXT('2D SPACE',''
  ) );
#6654 = PCURVE('',#6615,#6655);
#6655 = DEFINITIONAL_REPRESENTATION('',(#6656),#6666);
#6656 = B_SPLINE_CURVE_WITH_KNOTS('',8,(#6657,#6658,#6659,#6660,#6661,
    #6662,#6663,#6664,#6665),.UNSPECIFIED.,.F.,.F.,(9,9),(0.,
    1.570796326795),.PIECEWISE_BEZIER_KNOTS.);
#6657 = CARTESIAN_POINT('',(3.14159265359,55.5625));
#6658 = CARTESIAN_POINT('',(3.337942194439,55.5625));
#6659 = CARTESIAN_POINT('',(3.534291735284,55.352660554297));
#6660 = CARTESIAN_POINT('',(3.730641276142,54.932983445892));
#6661 = CARTESIAN_POINT('',(3.926990816965,54.320719799264));
#6662 = CARTESIAN_POINT('',(4.123340357844,53.550406906755));
#6663 = CARTESIAN_POINT('',(4.319689898681,52.670229598518));
#6664 = CARTESIAN_POINT('',(4.516039439535,51.735114688295));
#6665 = CARTESIAN_POINT('',(4.712388980385,50.8));
#6666 = ( GEOMETRIC_REPRESENTATION_CONTEXT(2) 
PARAMETRIC_REPRESENTATION_CONTEXT() REPRESENTATION_CONTEXT('2D SPACE',''
  ) );
#6667 = ORIENTED_EDGE('',*,*,#6572,.F.);
#6668 = ORIENTED_EDGE('',*,*,#6669,.F.);
#6669 = EDGE_CURVE('',#4060,#6537,#6670,.T.);
#6670 = SURFACE_CURVE('',#6671,(#6676,#6689),.PCURVE_S1.);
#6671 = ELLIPSE('',#6672,6.735192090802,4.7625);
#6672 = AXIS2_PLACEMENT_3D('',#6673,#6674,#6675);
#6673 = CARTESIAN_POINT('',(0.,0.,-25.4));
#6674 = DIRECTION('',(-0.707106781187,0.,0.707106781187));
#6675 = DIRECTION('',(0.707106781187,0.,0.707106781187));
#6676 = PCURVE('',#4082,#6677);
#6677 = DEFINITIONAL_REPRESENTATION('',(#6678),#6688);
#6678 = B_SPLINE_CURVE_WITH_KNOTS('',8,(#6679,#6680,#6681,#6682,#6683,
    #6684,#6685,#6686,#6687),.UNSPECIFIED.,.F.,.F.,(9,9),(4.712388980385
    ,6.28318530718),.PIECEWISE_BEZIER_KNOTS.);
#6679 = CARTESIAN_POINT('',(1.570796326795,114.3));
#6680 = CARTESIAN_POINT('',(1.374446785946,115.23511468829));
#6681 = CARTESIAN_POINT('',(1.178097245096,116.17022959855));
#6682 = CARTESIAN_POINT('',(0.981747704243,117.05040690639));
#6683 = CARTESIAN_POINT('',(0.785398163399,117.8207197994));
#6684 = CARTESIAN_POINT('',(0.589048622545,118.43298344541));
#6685 = CARTESIAN_POINT('',(0.392699081699,118.85266055433));
#6686 = CARTESIAN_POINT('',(0.196349540849,119.0625));
#6687 = CARTESIAN_POINT('',(2.449293598295E-16,119.0625));
#6688 = ( GEOMETRIC_REPRESENTATION_CONTEXT(2) 
PARAMETRIC_REPRESENTATION_CONTEXT() REPRESENTATION_CONTEXT('2D SPACE',''
  ) );
#6689 = PCURVE('',#6476,#6690);
#6690 = DEFINITIONAL_REPRESENTATION('',(#6691),#6701);
#6691 = B_SPLINE_CURVE_WITH_KNOTS('',8,(#6692,#6693,#6694,#6695,#6696,
    #6697,#6698,#6699,#6700),.UNSPECIFIED.,.F.,.F.,(9,9),(4.712388980385
    ,6.28318530718),.PIECEWISE_BEZIER_KNOTS.);
#6692 = CARTESIAN_POINT('',(4.712388980385,50.8));
#6693 = CARTESIAN_POINT('',(4.908738521234,51.735114688295));
#6694 = CARTESIAN_POINT('',(5.105088062082,52.670229598582));
#6695 = CARTESIAN_POINT('',(5.301437602924,53.550406906509));
#6696 = CARTESIAN_POINT('',(5.497787143794,54.320719799372));
#6697 = CARTESIAN_POINT('',(5.694136684619,54.932983445699));
#6698 = CARTESIAN_POINT('',(5.890486225481,55.352660554314));
#6699 = CARTESIAN_POINT('',(6.08683576633,55.5625));
#6700 = CARTESIAN_POINT('',(6.28318530718,55.5625));
#6701 = ( GEOMETRIC_REPRESENTATION_CONTEXT(2) 
PARAMETRIC_REPRESENTATION_CONTEXT() REPRESENTATION_CONTEXT('2D SPACE',''
  ) );
#6702 = ORIENTED_EDGE('',*,*,#4059,.T.);
#6703 = ORIENTED_EDGE('',*,*,#4150,.T.);
#6704 = ADVANCED_FACE('',(#6705),#4237,.T.);
#6705 = FACE_BOUND('',#6706,.T.);
#6706 = EDGE_LOOP('',(#6707,#6743,#6763,#6764,#6765,#6766,#6767,#6801,
    #6802));
#6707 = ORIENTED_EDGE('',*,*,#6708,.F.);
#6708 = EDGE_CURVE('',#6709,#4256,#6711,.T.);
#6709 = VERTEX_POINT('',#6710);
#6710 = CARTESIAN_POINT('',(61.9125,0.,-20.6375));
#6711 = SURFACE_CURVE('',#6712,(#6717,#6730),.PCURVE_S1.);
#6712 = ELLIPSE('',#6713,6.735192090802,4.7625);
#6713 = AXIS2_PLACEMENT_3D('',#6714,#6715,#6716);
#6714 = CARTESIAN_POINT('',(57.15,0.,-25.4));
#6715 = DIRECTION('',(-0.707106781187,0.,0.707106781187));
#6716 = DIRECTION('',(0.707106781187,0.,0.707106781187));
#6717 = PCURVE('',#4237,#6718);
#6718 = DEFINITIONAL_REPRESENTATION('',(#6719),#6729);
#6719 = B_SPLINE_CURVE_WITH_KNOTS('',8,(#6720,#6721,#6722,#6723,#6724,
    #6725,#6726,#6727,#6728),.UNSPECIFIED.,.F.,.F.,(9,9),(0.,
    1.570796326795),.PIECEWISE_BEZIER_KNOTS.);
#6720 = CARTESIAN_POINT('',(6.28318530718,176.2125));
#6721 = CARTESIAN_POINT('',(6.08683576633,176.2125));
#6722 = CARTESIAN_POINT('',(5.890486225481,176.00266055444));
#6723 = CARTESIAN_POINT('',(5.694136684633,175.58298344489));
#6724 = CARTESIAN_POINT('',(5.497787143781,174.97071980048));
#6725 = CARTESIAN_POINT('',(5.301437602934,174.20040690569));
#6726 = CARTESIAN_POINT('',(5.105088062083,173.32022959869));
#6727 = CARTESIAN_POINT('',(4.908738521234,172.38511468829));
#6728 = CARTESIAN_POINT('',(4.712388980385,171.45));
#6729 = ( GEOMETRIC_REPRESENTATION_CONTEXT(2) 
PARAMETRIC_REPRESENTATION_CONTEXT() REPRESENTATION_CONTEXT('2D SPACE',''
  ) );
#6730 = PCURVE('',#6615,#6731);
#6731 = DEFINITIONAL_REPRESENTATION('',(#6732),#6742);
#6732 = B_SPLINE_CURVE_WITH_KNOTS('',8,(#6733,#6734,#6735,#6736,#6737,
    #6738,#6739,#6740,#6741),.UNSPECIFIED.,.F.,.F.,(9,9),(0.,
    1.570796326795),.PIECEWISE_BEZIER_KNOTS.);
#6733 = CARTESIAN_POINT('',(0.,55.5625));
#6734 = CARTESIAN_POINT('',(0.196349540849,55.5625));
#6735 = CARTESIAN_POINT('',(0.392699081698,55.352660554297));
#6736 = CARTESIAN_POINT('',(0.589048622549,54.932983445892));
#6737 = CARTESIAN_POINT('',(0.785398163394,54.320719799264));
#6738 = CARTESIAN_POINT('',(0.981747704248,53.550406906755));
#6739 = CARTESIAN_POINT('',(1.178097245096,52.670229598518));
#6740 = CARTESIAN_POINT('',(1.374446785946,51.735114688295));
#6741 = CARTESIAN_POINT('',(1.570796326795,50.8));
#6742 = ( GEOMETRIC_REPRESENTATION_CONTEXT(2) 
PARAMETRIC_REPRESENTATION_CONTEXT() REPRESENTATION_CONTEXT('2D SPACE',''
  ) );
#6743 = ORIENTED_EDGE('',*,*,#6744,.T.);
#6744 = EDGE_CURVE('',#6709,#4550,#6745,.T.);
#6745 = SEAM_CURVE('',#6746,(#6750,#6757),.PCURVE_S1.);
#6746 = LINE('',#6747,#6748);
#6747 = CARTESIAN_POINT('',(-114.3,0.,-20.6375));
#6748 = VECTOR('',#6749,1.);
#6749 = DIRECTION('',(1.,0.,0.));
#6750 = PCURVE('',#4237,#6751);
#6751 = DEFINITIONAL_REPRESENTATION('',(#6752),#6756);
#6752 = LINE('',#6753,#6754);
#6753 = CARTESIAN_POINT('',(0.,0.));
#6754 = VECTOR('',#6755,1.);
#6755 = DIRECTION('',(0.,1.));
#6756 = ( GEOMETRIC_REPRESENTATION_CONTEXT(2) 
PARAMETRIC_REPRESENTATION_CONTEXT() REPRESENTATION_CONTEXT('2D SPACE',''
  ) );
#6757 = PCURVE('',#4237,#6758);
#6758 = DEFINITIONAL_REPRESENTATION('',(#6759),#6762);
#6759 = B_SPLINE_CURVE_WITH_KNOTS('',1,(#6760,#6761),.UNSPECIFIED.,.F.,
  .F.,(2,2),(0.,228.6),.PIECEWISE_BEZIER_KNOTS.);
#6760 = CARTESIAN_POINT('',(6.28318530718,0.));
#6761 = CARTESIAN_POINT('',(6.28318530718,228.6));
#6762 = ( GEOMETRIC_REPRESENTATION_CONTEXT(2) 
PARAMETRIC_REPRESENTATION_CONTEXT() REPRESENTATION_CONTEXT('2D SPACE',''
  ) );
#6763 = ORIENTED_EDGE('',*,*,#4547,.F.);
#6764 = ORIENTED_EDGE('',*,*,#4621,.T.);
#6765 = ORIENTED_EDGE('',*,*,#4585,.F.);
#6766 = ORIENTED_EDGE('',*,*,#6744,.F.);
#6767 = ORIENTED_EDGE('',*,*,#6768,.F.);
#6768 = EDGE_CURVE('',#4215,#6709,#6769,.T.);
#6769 = SURFACE_CURVE('',#6770,(#6775,#6788),.PCURVE_S1.);
#6770 = ELLIPSE('',#6771,6.735192090802,4.7625);
#6771 = AXIS2_PLACEMENT_3D('',#6772,#6773,#6774);
#6772 = CARTESIAN_POINT('',(57.15,0.,-25.4));
#6773 = DIRECTION('',(-0.707106781187,0.,0.707106781187));
#6774 = DIRECTION('',(0.707106781187,0.,0.707106781187));
#6775 = PCURVE('',#4237,#6776);
#6776 = DEFINITIONAL_REPRESENTATION('',(#6777),#6787);
#6777 = B_SPLINE_CURVE_WITH_KNOTS('',8,(#6778,#6779,#6780,#6781,#6782,
    #6783,#6784,#6785,#6786),.UNSPECIFIED.,.F.,.F.,(9,9),(4.712388980385
    ,6.28318530718),.PIECEWISE_BEZIER_KNOTS.);
#6778 = CARTESIAN_POINT('',(1.570796326795,171.45));
#6779 = CARTESIAN_POINT('',(1.374446785946,172.38511468829));
#6780 = CARTESIAN_POINT('',(1.178097245096,173.32022959847));
#6781 = CARTESIAN_POINT('',(0.981747704243,174.20040690653));
#6782 = CARTESIAN_POINT('',(0.785398163399,174.97071979887));
#6783 = CARTESIAN_POINT('',(0.589048622545,175.58298344602));
#6784 = CARTESIAN_POINT('',(0.392699081699,176.00266055419));
#6785 = CARTESIAN_POINT('',(0.196349540849,176.2125));
#6786 = CARTESIAN_POINT('',(2.449293598295E-16,176.2125));
#6787 = ( GEOMETRIC_REPRESENTATION_CONTEXT(2) 
PARAMETRIC_REPRESENTATION_CONTEXT() REPRESENTATION_CONTEXT('2D SPACE',''
  ) );
#6788 = PCURVE('',#6615,#6789);
#6789 = DEFINITIONAL_REPRESENTATION('',(#6790),#6800);
#6790 = B_SPLINE_CURVE_WITH_KNOTS('',8,(#6791,#6792,#6793,#6794,#6795,
    #6796,#6797,#6798,#6799),.UNSPECIFIED.,.F.,.F.,(9,9),(4.712388980385
    ,6.28318530718),.PIECEWISE_BEZIER_KNOTS.);
#6791 = CARTESIAN_POINT('',(4.712388980385,50.8));
#6792 = CARTESIAN_POINT('',(4.908738521234,51.735114688295));
#6793 = CARTESIAN_POINT('',(5.10508806208,52.670229598582));
#6794 = CARTESIAN_POINT('',(5.301437602931,53.550406906509));
#6795 = CARTESIAN_POINT('',(5.49778714378,54.320719799372));
#6796 = CARTESIAN_POINT('',(5.694136684627,54.932983445699));
#6797 = CARTESIAN_POINT('',(5.890486225479,55.352660554314));
#6798 = CARTESIAN_POINT('',(6.08683576633,55.5625));
#6799 = CARTESIAN_POINT('',(6.28318530718,55.5625));
#6800 = ( GEOMETRIC_REPRESENTATION_CONTEXT(2) 
PARAMETRIC_REPRESENTATION_CONTEXT() REPRESENTATION_CONTEXT('2D SPACE',''
  ) );
#6801 = ORIENTED_EDGE('',*,*,#4214,.T.);
#6802 = ORIENTED_EDGE('',*,*,#4305,.T.);
#6803 = ADVANCED_FACE('',(#6804),#4412,.T.);
#6804 = FACE_BOUND('',#6805,.T.);
#6805 = EDGE_LOOP('',(#6806,#6807,#6808));
#6806 = ORIENTED_EDGE('',*,*,#5347,.F.);
#6807 = ORIENTED_EDGE('',*,*,#4397,.T.);
#6808 = ORIENTED_EDGE('',*,*,#6809,.T.);
#6809 = EDGE_CURVE('',#4376,#5321,#6810,.T.);
#6810 = SURFACE_CURVE('',#6811,(#6815,#6821),.PCURVE_S1.);
#6811 = LINE('',#6812,#6813);
#6812 = CARTESIAN_POINT('',(114.3,0.,76.2));
#6813 = VECTOR('',#6814,1.);
#6814 = DIRECTION('',(-1.,0.,0.));
#6815 = PCURVE('',#4412,#6816);
#6816 = DEFINITIONAL_REPRESENTATION('',(#6817),#6820);
#6817 = B_SPLINE_CURVE_WITH_KNOTS('',1,(#6818,#6819),.UNSPECIFIED.,.F.,
  .F.,(2,2),(-4.7625,0.),.PIECEWISE_BEZIER_KNOTS.);
#6818 = CARTESIAN_POINT('',(4.7625,7.686657533969E-16));
#6819 = CARTESIAN_POINT('',(0.,7.686657533969E-16));
#6820 = ( GEOMETRIC_REPRESENTATION_CONTEXT(2) 
PARAMETRIC_REPRESENTATION_CONTEXT() REPRESENTATION_CONTEXT('2D SPACE',''
  ) );
#6821 = PCURVE('',#5335,#6822);
#6822 = DEFINITIONAL_REPRESENTATION('',(#6823),#6826);
#6823 = B_SPLINE_CURVE_WITH_KNOTS('',1,(#6824,#6825),.UNSPECIFIED.,.F.,
  .F.,(2,2),(-4.7625,0.),.PIECEWISE_BEZIER_KNOTS.);
#6824 = CARTESIAN_POINT('',(0.,4.7625));
#6825 = CARTESIAN_POINT('',(0.,0.));
#6826 = ( GEOMETRIC_REPRESENTATION_CONTEXT(2) 
PARAMETRIC_REPRESENTATION_CONTEXT() REPRESENTATION_CONTEXT('2D SPACE',''
  ) );
#6827 = ADVANCED_FACE('',(#6828),#4363,.F.);
#6828 = FACE_BOUND('',#6829,.F.);
#6829 = EDGE_LOOP('',(#6830,#6831,#6832));
#6830 = ORIENTED_EDGE('',*,*,#4801,.F.);
#6831 = ORIENTED_EDGE('',*,*,#4346,.T.);
#6832 = ORIENTED_EDGE('',*,*,#6833,.T.);
#6833 = EDGE_CURVE('',#4347,#4802,#6834,.T.);
#6834 = SURFACE_CURVE('',#6835,(#6839,#6845),.PCURVE_S1.);
#6835 = LINE('',#6836,#6837);
#6836 = CARTESIAN_POINT('',(114.3,0.,-76.2));
#6837 = VECTOR('',#6838,1.);
#6838 = DIRECTION('',(-1.,0.,0.));
#6839 = PCURVE('',#4363,#6840);
#6840 = DEFINITIONAL_REPRESENTATION('',(#6841),#6844);
#6841 = B_SPLINE_CURVE_WITH_KNOTS('',1,(#6842,#6843),.UNSPECIFIED.,.F.,
  .F.,(2,2),(-4.7625,0.),.PIECEWISE_BEZIER_KNOTS.);
#6842 = CARTESIAN_POINT('',(4.7625,7.686657533969E-16));
#6843 = CARTESIAN_POINT('',(0.,7.686657533969E-16));
#6844 = ( GEOMETRIC_REPRESENTATION_CONTEXT(2) 
PARAMETRIC_REPRESENTATION_CONTEXT() REPRESENTATION_CONTEXT('2D SPACE',''
  ) );
#6845 = PCURVE('',#4836,#6846);
#6846 = DEFINITIONAL_REPRESENTATION('',(#6847),#6850);
#6847 = B_SPLINE_CURVE_WITH_KNOTS('',1,(#6848,#6849),.UNSPECIFIED.,.F.,
  .F.,(2,2),(-4.7625,0.),.PIECEWISE_BEZIER_KNOTS.);
#6848 = CARTESIAN_POINT('',(0.,4.7625));
#6849 = CARTESIAN_POINT('',(0.,0.));
#6850 = ( GEOMETRIC_REPRESENTATION_CONTEXT(2) 
PARAMETRIC_REPRESENTATION_CONTEXT() REPRESENTATION_CONTEXT('2D SPACE',''
  ) );
#6851 = ADVANCED_FACE('',(#6852),#4696,.T.);
#6852 = FACE_BOUND('',#6853,.T.);
#6853 = EDGE_LOOP('',(#6854,#6855,#6875,#6876,#6877,#6878,#6879,#6880,
    #6916));
#6854 = ORIENTED_EDGE('',*,*,#5965,.F.);
#6855 = ORIENTED_EDGE('',*,*,#6856,.T.);
#6856 = EDGE_CURVE('',#5906,#4674,#6857,.T.);
#6857 = SEAM_CURVE('',#6858,(#6862,#6869),.PCURVE_S1.);
#6858 = LINE('',#6859,#6860);
#6859 = CARTESIAN_POINT('',(-114.3,0.,30.1625));
#6860 = VECTOR('',#6861,1.);
#6861 = DIRECTION('',(1.,0.,0.));
#6862 = PCURVE('',#4696,#6863);
#6863 = DEFINITIONAL_REPRESENTATION('',(#6864),#6868);
#6864 = LINE('',#6865,#6866);
#6865 = CARTESIAN_POINT('',(0.,0.));
#6866 = VECTOR('',#6867,1.);
#6867 = DIRECTION('',(0.,1.));
#6868 = ( GEOMETRIC_REPRESENTATION_CONTEXT(2) 
PARAMETRIC_REPRESENTATION_CONTEXT() REPRESENTATION_CONTEXT('2D SPACE',''
  ) );
#6869 = PCURVE('',#4696,#6870);
#6870 = DEFINITIONAL_REPRESENTATION('',(#6871),#6874);
#6871 = B_SPLINE_CURVE_WITH_KNOTS('',1,(#6872,#6873),.UNSPECIFIED.,.F.,
  .F.,(2,2),(0.,228.6),.PIECEWISE_BEZIER_KNOTS.);
#6872 = CARTESIAN_POINT('',(6.28318530718,0.));
#6873 = CARTESIAN_POINT('',(6.28318530718,228.6));
#6874 = ( GEOMETRIC_REPRESENTATION_CONTEXT(2) 
PARAMETRIC_REPRESENTATION_CONTEXT() REPRESENTATION_CONTEXT('2D SPACE',''
  ) );
#6875 = ORIENTED_EDGE('',*,*,#4671,.F.);
#6876 = ORIENTED_EDGE('',*,*,#4750,.T.);
#6877 = ORIENTED_EDGE('',*,*,#4714,.F.);
#6878 = ORIENTED_EDGE('',*,*,#6856,.F.);
#6879 = ORIENTED_EDGE('',*,*,#5905,.F.);
#6880 = ORIENTED_EDGE('',*,*,#6881,.T.);
#6881 = EDGE_CURVE('',#5870,#6882,#6884,.T.);
#6882 = VERTEX_POINT('',#6883);
#6883 = CARTESIAN_POINT('',(61.9125,0.,20.6375));
#6884 = SURFACE_CURVE('',#6885,(#6890,#6903),.PCURVE_S1.);
#6885 = ELLIPSE('',#6886,6.735192090802,4.7625);
#6886 = AXIS2_PLACEMENT_3D('',#6887,#6888,#6889);
#6887 = CARTESIAN_POINT('',(57.15,0.,25.4));
#6888 = DIRECTION('',(0.707106781187,0.,0.707106781187));
#6889 = DIRECTION('',(-0.707106781187,0.,0.707106781187));
#6890 = PCURVE('',#4696,#6891);
#6891 = DEFINITIONAL_REPRESENTATION('',(#6892),#6902);
#6892 = B_SPLINE_CURVE_WITH_KNOTS('',8,(#6893,#6894,#6895,#6896,#6897,
    #6898,#6899,#6900,#6901),.UNSPECIFIED.,.F.,.F.,(9,9),(1.570796326795
    ,3.14159265359),.PIECEWISE_BEZIER_KNOTS.);
#6893 = CARTESIAN_POINT('',(1.570796326795,171.45));
#6894 = CARTESIAN_POINT('',(1.767145867644,172.38511468829));
#6895 = CARTESIAN_POINT('',(1.963495408491,173.32022959847));
#6896 = CARTESIAN_POINT('',(2.159844949344,174.20040690653));
#6897 = CARTESIAN_POINT('',(2.356194490183,174.97071979887));
#6898 = CARTESIAN_POINT('',(2.552544031045,175.58298344602));
#6899 = CARTESIAN_POINT('',(2.748893571889,176.00266055419));
#6900 = CARTESIAN_POINT('',(2.94524311274,176.2125));
#6901 = CARTESIAN_POINT('',(3.14159265359,176.2125));
#6902 = ( GEOMETRIC_REPRESENTATION_CONTEXT(2) 
PARAMETRIC_REPRESENTATION_CONTEXT() REPRESENTATION_CONTEXT('2D SPACE',''
  ) );
#6903 = PCURVE('',#6615,#6904);
#6904 = DEFINITIONAL_REPRESENTATION('',(#6905),#6915);
#6905 = B_SPLINE_CURVE_WITH_KNOTS('',8,(#6906,#6907,#6908,#6909,#6910,
    #6911,#6912,#6913,#6914),.UNSPECIFIED.,.F.,.F.,(9,9),(1.570796326795
    ,3.14159265359),.PIECEWISE_BEZIER_KNOTS.);
#6906 = CARTESIAN_POINT('',(4.712388980385,101.6));
#6907 = CARTESIAN_POINT('',(4.908738521234,100.6648853117));
#6908 = CARTESIAN_POINT('',(5.105088062078,99.729770401346));
#6909 = CARTESIAN_POINT('',(5.301437602939,98.849593093431));
#6910 = CARTESIAN_POINT('',(5.497787143751,98.079280199949));
#6911 = CARTESIAN_POINT('',(5.694136684634,97.46701655431));
#6912 = CARTESIAN_POINT('',(5.890486225475,97.047339445593));
#6913 = CARTESIAN_POINT('',(6.08683576633,96.8375));
#6914 = CARTESIAN_POINT('',(6.28318530718,96.8375));
#6915 = ( GEOMETRIC_REPRESENTATION_CONTEXT(2) 
PARAMETRIC_REPRESENTATION_CONTEXT() REPRESENTATION_CONTEXT('2D SPACE',''
  ) );
#6916 = ORIENTED_EDGE('',*,*,#6917,.T.);
#6917 = EDGE_CURVE('',#6882,#5966,#6918,.T.);
#6918 = SURFACE_CURVE('',#6919,(#6924,#6937),.PCURVE_S1.);
#6919 = ELLIPSE('',#6920,6.735192090802,4.7625);
#6920 = AXIS2_PLACEMENT_3D('',#6921,#6922,#6923);
#6921 = CARTESIAN_POINT('',(57.15,0.,25.4));
#6922 = DIRECTION('',(0.707106781187,0.,0.707106781187));
#6923 = DIRECTION('',(-0.707106781187,0.,0.707106781187));
#6924 = PCURVE('',#4696,#6925);
#6925 = DEFINITIONAL_REPRESENTATION('',(#6926),#6936);
#6926 = B_SPLINE_CURVE_WITH_KNOTS('',8,(#6927,#6928,#6929,#6930,#6931,
    #6932,#6933,#6934,#6935),.UNSPECIFIED.,.F.,.F.,(9,9),(3.14159265359,
    4.712388980385),.PIECEWISE_BEZIER_KNOTS.);
#6927 = CARTESIAN_POINT('',(3.14159265359,176.2125));
#6928 = CARTESIAN_POINT('',(3.337942194439,176.2125));
#6929 = CARTESIAN_POINT('',(3.534291735287,176.00266055444));
#6930 = CARTESIAN_POINT('',(3.730641276143,175.58298344489));
#6931 = CARTESIAN_POINT('',(3.926990816973,174.97071980048));
#6932 = CARTESIAN_POINT('',(4.123340357838,174.20040690569));
#6933 = CARTESIAN_POINT('',(4.319689898685,173.32022959869));
#6934 = CARTESIAN_POINT('',(4.516039439535,172.38511468829));
#6935 = CARTESIAN_POINT('',(4.712388980385,171.45));
#6936 = ( GEOMETRIC_REPRESENTATION_CONTEXT(2) 
PARAMETRIC_REPRESENTATION_CONTEXT() REPRESENTATION_CONTEXT('2D SPACE',''
  ) );
#6937 = PCURVE('',#6615,#6938);
#6938 = DEFINITIONAL_REPRESENTATION('',(#6939),#6949);
#6939 = B_SPLINE_CURVE_WITH_KNOTS('',8,(#6940,#6941,#6942,#6943,#6944,
    #6945,#6946,#6947,#6948),.UNSPECIFIED.,.F.,.F.,(9,9),(3.14159265359,
    4.712388980385),.PIECEWISE_BEZIER_KNOTS.);
#6940 = CARTESIAN_POINT('',(-8.881784197001E-16,96.8375));
#6941 = CARTESIAN_POINT('',(0.196349540849,96.8375));
#6942 = CARTESIAN_POINT('',(0.392699081698,97.047339445533));
#6943 = CARTESIAN_POINT('',(0.58904862255,97.467016554384));
#6944 = CARTESIAN_POINT('',(0.785398163393,98.079280199929));
#6945 = CARTESIAN_POINT('',(0.981747704247,98.849593093509));
#6946 = CARTESIAN_POINT('',(1.178097245095,99.729770401331));
#6947 = CARTESIAN_POINT('',(1.374446785946,100.6648853117));
#6948 = CARTESIAN_POINT('',(1.570796326795,101.6));
#6949 = ( GEOMETRIC_REPRESENTATION_CONTEXT(2) 
PARAMETRIC_REPRESENTATION_CONTEXT() REPRESENTATION_CONTEXT('2D SPACE',''
  ) );
#6950 = ADVANCED_FACE('',(#6951),#4836,.F.);
#6951 = FACE_BOUND('',#6952,.F.);
#6952 = EDGE_LOOP('',(#6953,#6954,#6955));
#6953 = ORIENTED_EDGE('',*,*,#6833,.F.);
#6954 = ORIENTED_EDGE('',*,*,#4871,.T.);
#6955 = ORIENTED_EDGE('',*,*,#4823,.T.);
#6956 = ADVANCED_FACE('',(#6957),#4970,.T.);
#6957 = FACE_BOUND('',#6958,.T.);
#6958 = EDGE_LOOP('',(#6959,#6960,#6979));
#6959 = ORIENTED_EDGE('',*,*,#6382,.F.);
#6960 = ORIENTED_EDGE('',*,*,#6961,.T.);
#6961 = EDGE_CURVE('',#6383,#4954,#6962,.T.);
#6962 = SURFACE_CURVE('',#6963,(#6967,#6973),.PCURVE_S1.);
#6963 = LINE('',#6964,#6965);
#6964 = CARTESIAN_POINT('',(114.3,101.6,-76.2));
#6965 = VECTOR('',#6966,1.);
#6966 = DIRECTION('',(1.,0.,0.));
#6967 = PCURVE('',#4970,#6968);
#6968 = DEFINITIONAL_REPRESENTATION('',(#6969),#6972);
#6969 = B_SPLINE_CURVE_WITH_KNOTS('',1,(#6970,#6971),.UNSPECIFIED.,.F.,
  .F.,(2,2),(-2.84217094304E-14,4.7625),.PIECEWISE_BEZIER_KNOTS.);
#6970 = CARTESIAN_POINT('',(1.42108547152E-14,-1.42108547152E-14));
#6971 = CARTESIAN_POINT('',(1.42108547152E-14,4.7625));
#6972 = ( GEOMETRIC_REPRESENTATION_CONTEXT(2) 
PARAMETRIC_REPRESENTATION_CONTEXT() REPRESENTATION_CONTEXT('2D SPACE',''
  ) );
#6973 = PCURVE('',#6364,#6974);
#6974 = DEFINITIONAL_REPRESENTATION('',(#6975),#6978);
#6975 = B_SPLINE_CURVE_WITH_KNOTS('',1,(#6976,#6977),.UNSPECIFIED.,.F.,
  .F.,(2,2),(-2.84217094304E-14,4.7625),.PIECEWISE_BEZIER_KNOTS.);
#6976 = CARTESIAN_POINT('',(-2.84217094304E-14,-1.42108547152E-14));
#6977 = CARTESIAN_POINT('',(4.7625,-1.42108547152E-14));
#6978 = ( GEOMETRIC_REPRESENTATION_CONTEXT(2) 
PARAMETRIC_REPRESENTATION_CONTEXT() REPRESENTATION_CONTEXT('2D SPACE',''
  ) );
#6979 = ORIENTED_EDGE('',*,*,#4953,.T.);
#6980 = ADVANCED_FACE('',(#6981),#5105,.T.);
#6981 = FACE_BOUND('',#6982,.T.);
#6982 = EDGE_LOOP('',(#6983,#6984,#7004,#7005,#7053,#7054,#7055,#7056,
    #7057));
#6983 = ORIENTED_EDGE('',*,*,#5258,.F.);
#6984 = ORIENTED_EDGE('',*,*,#6985,.T.);
#6985 = EDGE_CURVE('',#5199,#5692,#6986,.T.);
#6986 = SEAM_CURVE('',#6987,(#6991,#6998),.PCURVE_S1.);
#6987 = LINE('',#6988,#6989);
#6988 = CARTESIAN_POINT('',(-114.3,0.,30.1625));
#6989 = VECTOR('',#6990,1.);
#6990 = DIRECTION('',(1.,0.,0.));
#6991 = PCURVE('',#5105,#6992);
#6992 = DEFINITIONAL_REPRESENTATION('',(#6993),#6997);
#6993 = LINE('',#6994,#6995);
#6994 = CARTESIAN_POINT('',(0.,0.));
#6995 = VECTOR('',#6996,1.);
#6996 = DIRECTION('',(0.,1.));
#6997 = ( GEOMETRIC_REPRESENTATION_CONTEXT(2) 
PARAMETRIC_REPRESENTATION_CONTEXT() REPRESENTATION_CONTEXT('2D SPACE',''
  ) );
#6998 = PCURVE('',#5105,#6999);
#6999 = DEFINITIONAL_REPRESENTATION('',(#7000),#7003);
#7000 = B_SPLINE_CURVE_WITH_KNOTS('',1,(#7001,#7002),.UNSPECIFIED.,.F.,
  .F.,(2,2),(0.,228.6),.PIECEWISE_BEZIER_KNOTS.);
#7001 = CARTESIAN_POINT('',(6.28318530718,0.));
#7002 = CARTESIAN_POINT('',(6.28318530718,228.6));
#7003 = ( GEOMETRIC_REPRESENTATION_CONTEXT(2) 
PARAMETRIC_REPRESENTATION_CONTEXT() REPRESENTATION_CONTEXT('2D SPACE',''
  ) );
#7004 = ORIENTED_EDGE('',*,*,#5830,.F.);
#7005 = ORIENTED_EDGE('',*,*,#7006,.T.);
#7006 = EDGE_CURVE('',#5795,#5694,#7007,.T.);
#7007 = SURFACE_CURVE('',#7008,(#7013,#7033),.PCURVE_S1.);
#7008 = ELLIPSE('',#7009,6.735192090802,4.7625);
#7009 = AXIS2_PLACEMENT_3D('',#7010,#7011,#7012);
#7010 = CARTESIAN_POINT('',(0.,0.,25.4));
#7011 = DIRECTION('',(-0.707106781187,0.,0.707106781187));
#7012 = DIRECTION('',(0.707106781187,0.,0.707106781187));
#7013 = PCURVE('',#5105,#7014);
#7014 = DEFINITIONAL_REPRESENTATION('',(#7015),#7032);
#7015 = B_SPLINE_CURVE_WITH_KNOTS('',8,(#7016,#7017,#7018,#7019,#7020,
    #7021,#7022,#7023,#7024,#7025,#7026,#7027,#7028,#7029,#7030,#7031),
  .UNSPECIFIED.,.F.,.F.,(9,7,9),(1.570796326795,3.14159265359,
    4.712388980385),.UNSPECIFIED.);
#7016 = CARTESIAN_POINT('',(4.712388980385,114.3));
#7017 = CARTESIAN_POINT('',(4.516039439535,113.3648853117));
#7018 = CARTESIAN_POINT('',(4.319689898689,112.42977040141));
#7019 = CARTESIAN_POINT('',(4.123340357819,111.54959309297));
#7020 = CARTESIAN_POINT('',(3.926990817002,110.77928020037));
#7021 = CARTESIAN_POINT('',(3.730641276119,110.16701655393));
#7022 = CARTESIAN_POINT('',(3.534291735291,109.74733944569));
#7023 = CARTESIAN_POINT('',(3.337942194439,109.5375));
#7024 = CARTESIAN_POINT('',(2.94524311274,109.5375));
#7025 = CARTESIAN_POINT('',(2.74889357189,109.74733944566));
#7026 = CARTESIAN_POINT('',(2.552544031039,110.16701655398));
#7027 = CARTESIAN_POINT('',(2.356194490193,110.77928020011));
#7028 = CARTESIAN_POINT('',(2.159844949339,111.5495930933));
#7029 = CARTESIAN_POINT('',(1.963495408493,112.42977040139));
#7030 = CARTESIAN_POINT('',(1.767145867644,113.3648853117));
#7031 = CARTESIAN_POINT('',(1.570796326795,114.3));
#7032 = ( GEOMETRIC_REPRESENTATION_CONTEXT(2) 
PARAMETRIC_REPRESENTATION_CONTEXT() REPRESENTATION_CONTEXT('2D SPACE',''
  ) );
#7033 = PCURVE('',#6476,#7034);
#7034 = DEFINITIONAL_REPRESENTATION('',(#7035),#7052);
#7035 = B_SPLINE_CURVE_WITH_KNOTS('',8,(#7036,#7037,#7038,#7039,#7040,
    #7041,#7042,#7043,#7044,#7045,#7046,#7047,#7048,#7049,#7050,#7051),
  .UNSPECIFIED.,.F.,.F.,(9,7,9),(1.570796326795,3.14159265359,
    4.712388980385),.UNSPECIFIED.);
#7036 = CARTESIAN_POINT('',(1.570796326795,101.6));
#7037 = CARTESIAN_POINT('',(1.767145867644,100.6648853117));
#7038 = CARTESIAN_POINT('',(1.96349540849,99.729770401346));
#7039 = CARTESIAN_POINT('',(2.159844949352,98.849593093431));
#7040 = CARTESIAN_POINT('',(2.356194490178,98.079280199949));
#7041 = CARTESIAN_POINT('',(2.552544031053,97.46701655431));
#7042 = CARTESIAN_POINT('',(2.748893571888,97.047339445593));
#7043 = CARTESIAN_POINT('',(2.94524311274,96.8375));
#7044 = CARTESIAN_POINT('',(3.337942194439,96.8375));
#7045 = CARTESIAN_POINT('',(3.534291735287,97.04733944558));
#7046 = CARTESIAN_POINT('',(3.73064127613,97.467016554196));
#7047 = CARTESIAN_POINT('',(3.926990816975,98.079280200091));
#7048 = CARTESIAN_POINT('',(4.123340357832,98.849593093444));
#7049 = CARTESIAN_POINT('',(4.319689898683,99.729770401317));
#7050 = CARTESIAN_POINT('',(4.516039439535,100.6648853117));
#7051 = CARTESIAN_POINT('',(4.712388980385,101.6));
#7052 = ( GEOMETRIC_REPRESENTATION_CONTEXT(2) 
PARAMETRIC_REPRESENTATION_CONTEXT() REPRESENTATION_CONTEXT('2D SPACE',''
  ) );
#7053 = ORIENTED_EDGE('',*,*,#5691,.F.);
#7054 = ORIENTED_EDGE('',*,*,#6985,.F.);
#7055 = ORIENTED_EDGE('',*,*,#5198,.F.);
#7056 = ORIENTED_EDGE('',*,*,#5084,.T.);
#7057 = ORIENTED_EDGE('',*,*,#5124,.T.);
#7058 = ADVANCED_FACE('',(#7059),#5335,.F.);
#7059 = FACE_BOUND('',#7060,.F.);
#7060 = EDGE_LOOP('',(#7061,#7062,#7063));
#7061 = ORIENTED_EDGE('',*,*,#5320,.T.);
#7062 = ORIENTED_EDGE('',*,*,#5391,.T.);
#7063 = ORIENTED_EDGE('',*,*,#6809,.T.);
#7064 = ADVANCED_FACE('',(#7065),#5553,.T.);
#7065 = FACE_BOUND('',#7066,.T.);
#7066 = EDGE_LOOP('',(#7067,#7088,#7089));
#7067 = ORIENTED_EDGE('',*,*,#7068,.F.);
#7068 = EDGE_CURVE('',#5417,#7069,#7071,.T.);
#7069 = VERTEX_POINT('',#7070);
#7070 = CARTESIAN_POINT('',(114.3,101.6,76.2));
#7071 = SURFACE_CURVE('',#7072,(#7076,#7082),.PCURVE_S1.);
#7072 = LINE('',#7073,#7074);
#7073 = CARTESIAN_POINT('',(114.3,101.6,76.2));
#7074 = VECTOR('',#7075,1.);
#7075 = DIRECTION('',(0.,0.,-1.));
#7076 = PCURVE('',#5553,#7077);
#7077 = DEFINITIONAL_REPRESENTATION('',(#7078),#7081);
#7078 = B_SPLINE_CURVE_WITH_KNOTS('',1,(#7079,#7080),.UNSPECIFIED.,.F.,
  .F.,(2,2),(-4.7625,4.7625),.PIECEWISE_BEZIER_KNOTS.);
#7079 = CARTESIAN_POINT('',(4.7625,-1.42108547152E-14));
#7080 = CARTESIAN_POINT('',(-4.7625,-1.42108547152E-14));
#7081 = ( GEOMETRIC_REPRESENTATION_CONTEXT(2) 
PARAMETRIC_REPRESENTATION_CONTEXT() REPRESENTATION_CONTEXT('2D SPACE',''
  ) );
#7082 = PCURVE('',#6104,#7083);
#7083 = DEFINITIONAL_REPRESENTATION('',(#7084),#7087);
#7084 = B_SPLINE_CURVE_WITH_KNOTS('',1,(#7085,#7086),.UNSPECIFIED.,.F.,
  .F.,(2,2),(-4.7625,4.7625),.PIECEWISE_BEZIER_KNOTS.);
#7085 = CARTESIAN_POINT('',(4.7625,0.));
#7086 = CARTESIAN_POINT('',(-4.7625,0.));
#7087 = ( GEOMETRIC_REPRESENTATION_CONTEXT(2) 
PARAMETRIC_REPRESENTATION_CONTEXT() REPRESENTATION_CONTEXT('2D SPACE',''
  ) );
#7088 = ORIENTED_EDGE('',*,*,#5538,.T.);
#7089 = ORIENTED_EDGE('',*,*,#7090,.F.);
#7090 = EDGE_CURVE('',#7069,#5489,#7091,.T.);
#7091 = SURFACE_CURVE('',#7092,(#7096,#7102),.PCURVE_S1.);
#7092 = LINE('',#7093,#7094);
#7093 = CARTESIAN_POINT('',(114.3,101.6,76.2));
#7094 = VECTOR('',#7095,1.);
#7095 = DIRECTION('',(1.,0.,0.));
#7096 = PCURVE('',#5553,#7097);
#7097 = DEFINITIONAL_REPRESENTATION('',(#7098),#7101);
#7098 = B_SPLINE_CURVE_WITH_KNOTS('',1,(#7099,#7100),.UNSPECIFIED.,.F.,
  .F.,(2,2),(-2.84217094304E-14,4.7625),.PIECEWISE_BEZIER_KNOTS.);
#7099 = CARTESIAN_POINT('',(-1.42108547152E-14,-1.42108547152E-14));
#7100 = CARTESIAN_POINT('',(-1.42108547152E-14,4.7625));
#7101 = ( GEOMETRIC_REPRESENTATION_CONTEXT(2) 
PARAMETRIC_REPRESENTATION_CONTEXT() REPRESENTATION_CONTEXT('2D SPACE',''
  ) );
#7102 = PCURVE('',#6336,#7103);
#7103 = DEFINITIONAL_REPRESENTATION('',(#7104),#7107);
#7104 = B_SPLINE_CURVE_WITH_KNOTS('',1,(#7105,#7106),.UNSPECIFIED.,.F.,
  .F.,(2,2),(-2.84217094304E-14,4.7625),.PIECEWISE_BEZIER_KNOTS.);
#7105 = CARTESIAN_POINT('',(-2.84217094304E-14,-1.42108547152E-14));
#7106 = CARTESIAN_POINT('',(4.7625,-1.42108547152E-14));
#7107 = ( GEOMETRIC_REPRESENTATION_CONTEXT(2) 
PARAMETRIC_REPRESENTATION_CONTEXT() REPRESENTATION_CONTEXT('2D SPACE',''
  ) );
#7108 = ADVANCED_FACE('',(#7109),#5752,.T.);
#7109 = FACE_BOUND('',#7110,.T.);
#7110 = EDGE_LOOP('',(#7111,#7112,#7132,#7133,#7181,#7182,#7183,#7184,
    #7220));
#7111 = ORIENTED_EDGE('',*,*,#5794,.F.);
#7112 = ORIENTED_EDGE('',*,*,#7113,.T.);
#7113 = EDGE_CURVE('',#5730,#5868,#7114,.T.);
#7114 = SEAM_CURVE('',#7115,(#7119,#7126),.PCURVE_S1.);
#7115 = LINE('',#7116,#7117);
#7116 = CARTESIAN_POINT('',(-114.3,0.,30.1625));
#7117 = VECTOR('',#7118,1.);
#7118 = DIRECTION('',(1.,0.,0.));
#7119 = PCURVE('',#5752,#7120);
#7120 = DEFINITIONAL_REPRESENTATION('',(#7121),#7125);
#7121 = LINE('',#7122,#7123);
#7122 = CARTESIAN_POINT('',(0.,0.));
#7123 = VECTOR('',#7124,1.);
#7124 = DIRECTION('',(0.,1.));
#7125 = ( GEOMETRIC_REPRESENTATION_CONTEXT(2) 
PARAMETRIC_REPRESENTATION_CONTEXT() REPRESENTATION_CONTEXT('2D SPACE',''
  ) );
#7126 = PCURVE('',#5752,#7127);
#7127 = DEFINITIONAL_REPRESENTATION('',(#7128),#7131);
#7128 = B_SPLINE_CURVE_WITH_KNOTS('',1,(#7129,#7130),.UNSPECIFIED.,.F.,
  .F.,(2,2),(0.,228.6),.PIECEWISE_BEZIER_KNOTS.);
#7129 = CARTESIAN_POINT('',(6.28318530718,0.));
#7130 = CARTESIAN_POINT('',(6.28318530718,228.6));
#7131 = ( GEOMETRIC_REPRESENTATION_CONTEXT(2) 
PARAMETRIC_REPRESENTATION_CONTEXT() REPRESENTATION_CONTEXT('2D SPACE',''
  ) );
#7132 = ORIENTED_EDGE('',*,*,#6001,.F.);
#7133 = ORIENTED_EDGE('',*,*,#7134,.T.);
#7134 = EDGE_CURVE('',#5966,#5870,#7135,.T.);
#7135 = SURFACE_CURVE('',#7136,(#7141,#7161),.PCURVE_S1.);
#7136 = ELLIPSE('',#7137,6.735192090802,4.7625);
#7137 = AXIS2_PLACEMENT_3D('',#7138,#7139,#7140);
#7138 = CARTESIAN_POINT('',(57.15,0.,25.4));
#7139 = DIRECTION('',(-0.707106781187,0.,0.707106781187));
#7140 = DIRECTION('',(0.707106781187,0.,0.707106781187));
#7141 = PCURVE('',#5752,#7142);
#7142 = DEFINITIONAL_REPRESENTATION('',(#7143),#7160);
#7143 = B_SPLINE_CURVE_WITH_KNOTS('',8,(#7144,#7145,#7146,#7147,#7148,
    #7149,#7150,#7151,#7152,#7153,#7154,#7155,#7156,#7157,#7158,#7159),
  .UNSPECIFIED.,.F.,.F.,(9,7,9),(1.570796326795,3.14159265359,
    4.712388980385),.UNSPECIFIED.);
#7144 = CARTESIAN_POINT('',(4.712388980385,171.45));
#7145 = CARTESIAN_POINT('',(4.516039439535,170.5148853117));
#7146 = CARTESIAN_POINT('',(4.319689898689,169.5797704012));
#7147 = CARTESIAN_POINT('',(4.123340357819,168.69959309395));
#7148 = CARTESIAN_POINT('',(3.926990817002,167.92928019951));
#7149 = CARTESIAN_POINT('',(3.730641276119,167.31701655476));
#7150 = CARTESIAN_POINT('',(3.534291735291,166.89733944545));
#7151 = CARTESIAN_POINT('',(3.337942194439,166.6875));
#7152 = CARTESIAN_POINT('',(2.94524311274,166.6875));
#7153 = CARTESIAN_POINT('',(2.74889357189,166.89733944565));
#7154 = CARTESIAN_POINT('',(2.552544031039,167.31701655365));
#7155 = CARTESIAN_POINT('',(2.356194490193,167.9292802004));
#7156 = CARTESIAN_POINT('',(2.159844949339,168.69959309284));
#7157 = CARTESIAN_POINT('',(1.963495408493,169.57977040142));
#7158 = CARTESIAN_POINT('',(1.767145867644,170.5148853117));
#7159 = CARTESIAN_POINT('',(1.570796326795,171.45));
#7160 = ( GEOMETRIC_REPRESENTATION_CONTEXT(2) 
PARAMETRIC_REPRESENTATION_CONTEXT() REPRESENTATION_CONTEXT('2D SPACE',''
  ) );
#7161 = PCURVE('',#6615,#7162);
#7162 = DEFINITIONAL_REPRESENTATION('',(#7163),#7180);
#7163 = B_SPLINE_CURVE_WITH_KNOTS('',8,(#7164,#7165,#7166,#7167,#7168,
    #7169,#7170,#7171,#7172,#7173,#7174,#7175,#7176,#7177,#7178,#7179),
  .UNSPECIFIED.,.F.,.F.,(9,7,9),(1.570796326795,3.14159265359,
    4.712388980385),.UNSPECIFIED.);
#7164 = CARTESIAN_POINT('',(1.570796326795,101.6));
#7165 = CARTESIAN_POINT('',(1.767145867644,100.6648853117));
#7166 = CARTESIAN_POINT('',(1.96349540849,99.729770401346));
#7167 = CARTESIAN_POINT('',(2.159844949345,98.849593093431));
#7168 = CARTESIAN_POINT('',(2.356194490178,98.079280199949));
#7169 = CARTESIAN_POINT('',(2.552544031045,97.46701655431));
#7170 = CARTESIAN_POINT('',(2.748893571888,97.047339445593));
#7171 = CARTESIAN_POINT('',(2.94524311274,96.8375));
#7172 = CARTESIAN_POINT('',(3.337942194439,96.8375));
#7173 = CARTESIAN_POINT('',(3.534291735284,97.04733944558));
#7174 = CARTESIAN_POINT('',(3.730641276142,97.467016554196));
#7175 = CARTESIAN_POINT('',(3.926990816965,98.079280200091));
#7176 = CARTESIAN_POINT('',(4.123340357844,98.849593093444));
#7177 = CARTESIAN_POINT('',(4.319689898681,99.729770401317));
#7178 = CARTESIAN_POINT('',(4.516039439535,100.6648853117));
#7179 = CARTESIAN_POINT('',(4.712388980385,101.6));
#7180 = ( GEOMETRIC_REPRESENTATION_CONTEXT(2) 
PARAMETRIC_REPRESENTATION_CONTEXT() REPRESENTATION_CONTEXT('2D SPACE',''
  ) );
#7181 = ORIENTED_EDGE('',*,*,#5867,.F.);
#7182 = ORIENTED_EDGE('',*,*,#7113,.F.);
#7183 = ORIENTED_EDGE('',*,*,#5729,.F.);
#7184 = ORIENTED_EDGE('',*,*,#7185,.T.);
#7185 = EDGE_CURVE('',#5694,#7186,#7188,.T.);
#7186 = VERTEX_POINT('',#7187);
#7187 = CARTESIAN_POINT('',(4.7625,0.,20.6375));
#7188 = SURFACE_CURVE('',#7189,(#7194,#7207),.PCURVE_S1.);
#7189 = ELLIPSE('',#7190,6.735192090802,4.7625);
#7190 = AXIS2_PLACEMENT_3D('',#7191,#7192,#7193);
#7191 = CARTESIAN_POINT('',(0.,0.,25.4));
#7192 = DIRECTION('',(0.707106781187,0.,0.707106781187));
#7193 = DIRECTION('',(-0.707106781187,0.,0.707106781187));
#7194 = PCURVE('',#5752,#7195);
#7195 = DEFINITIONAL_REPRESENTATION('',(#7196),#7206);
#7196 = B_SPLINE_CURVE_WITH_KNOTS('',8,(#7197,#7198,#7199,#7200,#7201,
    #7202,#7203,#7204,#7205),.UNSPECIFIED.,.F.,.F.,(9,9),(1.570796326795
    ,3.14159265359),.PIECEWISE_BEZIER_KNOTS.);
#7197 = CARTESIAN_POINT('',(1.570796326795,114.3));
#7198 = CARTESIAN_POINT('',(1.767145867644,115.23511468829));
#7199 = CARTESIAN_POINT('',(1.963495408491,116.17022959855));
#7200 = CARTESIAN_POINT('',(2.159844949344,117.05040690639));
#7201 = CARTESIAN_POINT('',(2.356194490183,117.8207197994));
#7202 = CARTESIAN_POINT('',(2.552544031045,118.43298344541));
#7203 = CARTESIAN_POINT('',(2.748893571889,118.85266055433));
#7204 = CARTESIAN_POINT('',(2.94524311274,119.0625));
#7205 = CARTESIAN_POINT('',(3.14159265359,119.0625));
#7206 = ( GEOMETRIC_REPRESENTATION_CONTEXT(2) 
PARAMETRIC_REPRESENTATION_CONTEXT() REPRESENTATION_CONTEXT('2D SPACE',''
  ) );
#7207 = PCURVE('',#6476,#7208);
#7208 = DEFINITIONAL_REPRESENTATION('',(#7209),#7219);
#7209 = B_SPLINE_CURVE_WITH_KNOTS('',8,(#7210,#7211,#7212,#7213,#7214,
    #7215,#7216,#7217,#7218),.UNSPECIFIED.,.F.,.F.,(9,9),(1.570796326795
    ,3.14159265359),.PIECEWISE_BEZIER_KNOTS.);
#7210 = CARTESIAN_POINT('',(4.712388980385,101.6));
#7211 = CARTESIAN_POINT('',(4.908738521234,100.6648853117));
#7212 = CARTESIAN_POINT('',(5.105088062082,99.729770401346));
#7213 = CARTESIAN_POINT('',(5.301437602924,98.849593093431));
#7214 = CARTESIAN_POINT('',(5.497787143794,98.079280199949));
#7215 = CARTESIAN_POINT('',(5.694136684619,97.46701655431));
#7216 = CARTESIAN_POINT('',(5.890486225481,97.047339445593));
#7217 = CARTESIAN_POINT('',(6.08683576633,96.8375));
#7218 = CARTESIAN_POINT('',(6.28318530718,96.8375));
#7219 = ( GEOMETRIC_REPRESENTATION_CONTEXT(2) 
PARAMETRIC_REPRESENTATION_CONTEXT() REPRESENTATION_CONTEXT('2D SPACE',''
  ) );
#7220 = ORIENTED_EDGE('',*,*,#7221,.T.);
#7221 = EDGE_CURVE('',#7186,#5795,#7222,.T.);
#7222 = SURFACE_CURVE('',#7223,(#7228,#7241),.PCURVE_S1.);
#7223 = ELLIPSE('',#7224,6.735192090802,4.7625);
#7224 = AXIS2_PLACEMENT_3D('',#7225,#7226,#7227);
#7225 = CARTESIAN_POINT('',(0.,0.,25.4));
#7226 = DIRECTION('',(0.707106781187,0.,0.707106781187));
#7227 = DIRECTION('',(-0.707106781187,0.,0.707106781187));
#7228 = PCURVE('',#5752,#7229);
#7229 = DEFINITIONAL_REPRESENTATION('',(#7230),#7240);
#7230 = B_SPLINE_CURVE_WITH_KNOTS('',8,(#7231,#7232,#7233,#7234,#7235,
    #7236,#7237,#7238,#7239),.UNSPECIFIED.,.F.,.F.,(9,9),(3.14159265359,
    4.712388980385),.PIECEWISE_BEZIER_KNOTS.);
#7231 = CARTESIAN_POINT('',(3.14159265359,119.0625));
#7232 = CARTESIAN_POINT('',(3.337942194439,119.0625));
#7233 = CARTESIAN_POINT('',(3.534291735287,118.85266055426));
#7234 = CARTESIAN_POINT('',(3.730641276143,118.43298344602));
#7235 = CARTESIAN_POINT('',(3.926990816973,117.82071979872));
#7236 = CARTESIAN_POINT('',(4.123340357838,117.05040690667));
#7237 = CARTESIAN_POINT('',(4.319689898685,116.17022959846));
#7238 = CARTESIAN_POINT('',(4.516039439535,115.23511468829));
#7239 = CARTESIAN_POINT('',(4.712388980385,114.3));
#7240 = ( GEOMETRIC_REPRESENTATION_CONTEXT(2) 
PARAMETRIC_REPRESENTATION_CONTEXT() REPRESENTATION_CONTEXT('2D SPACE',''
  ) );
#7241 = PCURVE('',#6476,#7242);
#7242 = DEFINITIONAL_REPRESENTATION('',(#7243),#7253);
#7243 = B_SPLINE_CURVE_WITH_KNOTS('',8,(#7244,#7245,#7246,#7247,#7248,
    #7249,#7250,#7251,#7252),.UNSPECIFIED.,.F.,.F.,(9,9),(3.14159265359,
    4.712388980385),.PIECEWISE_BEZIER_KNOTS.);
#7244 = CARTESIAN_POINT('',(-8.881784197001E-16,96.8375));
#7245 = CARTESIAN_POINT('',(0.196349540849,96.8375));
#7246 = CARTESIAN_POINT('',(0.392699081698,97.047339445533));
#7247 = CARTESIAN_POINT('',(0.589048622549,97.467016554384));
#7248 = CARTESIAN_POINT('',(0.785398163392,98.079280199929));
#7249 = CARTESIAN_POINT('',(0.981747704249,98.849593093509));
#7250 = CARTESIAN_POINT('',(1.178097245095,99.729770401331));
#7251 = CARTESIAN_POINT('',(1.374446785946,100.6648853117));
#7252 = CARTESIAN_POINT('',(1.570796326795,101.6));
#7253 = ( GEOMETRIC_REPRESENTATION_CONTEXT(2) 
PARAMETRIC_REPRESENTATION_CONTEXT() REPRESENTATION_CONTEXT('2D SPACE',''
  ) );
#7254 = ADVANCED_FACE('',(#7255),#6104,.T.);
#7255 = FACE_BOUND('',#7256,.T.);
#7256 = EDGE_LOOP('',(#7257,#7276,#7277));
#7257 = ORIENTED_EDGE('',*,*,#7258,.F.);
#7258 = EDGE_CURVE('',#6088,#7069,#7259,.T.);
#7259 = SURFACE_CURVE('',#7260,(#7264,#7270),.PCURVE_S1.);
#7260 = LINE('',#7261,#7262);
#7261 = CARTESIAN_POINT('',(114.3,101.6,76.2));
#7262 = VECTOR('',#7263,1.);
#7263 = DIRECTION('',(0.,-1.,0.));
#7264 = PCURVE('',#6104,#7265);
#7265 = DEFINITIONAL_REPRESENTATION('',(#7266),#7269);
#7266 = B_SPLINE_CURVE_WITH_KNOTS('',1,(#7267,#7268),.UNSPECIFIED.,.F.,
  .F.,(2,2),(-4.7625,5.832380380939E-16),.PIECEWISE_BEZIER_KNOTS.);
#7267 = CARTESIAN_POINT('',(-2.84217094304E-14,-4.7625));
#7268 = CARTESIAN_POINT('',(-2.84217094304E-14,5.832380380939E-16));
#7269 = ( GEOMETRIC_REPRESENTATION_CONTEXT(2) 
PARAMETRIC_REPRESENTATION_CONTEXT() REPRESENTATION_CONTEXT('2D SPACE',''
  ) );
#7270 = PCURVE('',#6336,#7271);
#7271 = DEFINITIONAL_REPRESENTATION('',(#7272),#7275);
#7272 = B_SPLINE_CURVE_WITH_KNOTS('',1,(#7273,#7274),.UNSPECIFIED.,.F.,
  .F.,(2,2),(-4.7625,5.832380380939E-16),.PIECEWISE_BEZIER_KNOTS.);
#7273 = CARTESIAN_POINT('',(-2.84217094304E-14,4.7625));
#7274 = CARTESIAN_POINT('',(-2.84217094304E-14,-1.47940927533E-14));
#7275 = ( GEOMETRIC_REPRESENTATION_CONTEXT(2) 
PARAMETRIC_REPRESENTATION_CONTEXT() REPRESENTATION_CONTEXT('2D SPACE',''
  ) );
#7276 = ORIENTED_EDGE('',*,*,#6087,.T.);
#7277 = ORIENTED_EDGE('',*,*,#7068,.T.);
#7278 = ADVANCED_FACE('',(#7279),#6055,.F.);
#7279 = FACE_BOUND('',#7280,.F.);
#7280 = EDGE_LOOP('',(#7281,#7282,#7283));
#7281 = ORIENTED_EDGE('',*,*,#6274,.F.);
#7282 = ORIENTED_EDGE('',*,*,#6040,.T.);
#7283 = ORIENTED_EDGE('',*,*,#6192,.T.);
#7284 = ADVANCED_FACE('',(#7285),#6364,.F.);
#7285 = FACE_BOUND('',#7286,.F.);
#7286 = EDGE_LOOP('',(#7287,#7288,#7289));
#7287 = ORIENTED_EDGE('',*,*,#6961,.T.);
#7288 = ORIENTED_EDGE('',*,*,#6349,.T.);
#7289 = ORIENTED_EDGE('',*,*,#6404,.T.);
#7290 = ADVANCED_FACE('',(#7291),#6336,.T.);
#7291 = FACE_BOUND('',#7292,.T.);
#7292 = EDGE_LOOP('',(#7293,#7294,#7295));
#7293 = ORIENTED_EDGE('',*,*,#7090,.T.);
#7294 = ORIENTED_EDGE('',*,*,#6321,.T.);
#7295 = ORIENTED_EDGE('',*,*,#7258,.T.);
#7296 = ADVANCED_FACE('',(#7297),#6476,.T.);
#7297 = FACE_BOUND('',#7298,.T.);
#7298 = EDGE_LOOP('',(#7299,#7300,#7301,#7321,#7322,#7323,#7324,#7325,
    #7326));
#7299 = ORIENTED_EDGE('',*,*,#6495,.T.);
#7300 = ORIENTED_EDGE('',*,*,#6669,.T.);
#7301 = ORIENTED_EDGE('',*,*,#7302,.T.);
#7302 = EDGE_CURVE('',#6537,#7186,#7303,.T.);
#7303 = SEAM_CURVE('',#7304,(#7308,#7315),.PCURVE_S1.);
#7304 = LINE('',#7305,#7306);
#7305 = CARTESIAN_POINT('',(4.7625,0.,-76.2));
#7306 = VECTOR('',#7307,1.);
#7307 = DIRECTION('',(0.,0.,1.));
#7308 = PCURVE('',#6476,#7309);
#7309 = DEFINITIONAL_REPRESENTATION('',(#7310),#7314);
#7310 = LINE('',#7311,#7312);
#7311 = CARTESIAN_POINT('',(0.,0.));
#7312 = VECTOR('',#7313,1.);
#7313 = DIRECTION('',(0.,1.));
#7314 = ( GEOMETRIC_REPRESENTATION_CONTEXT(2) 
PARAMETRIC_REPRESENTATION_CONTEXT() REPRESENTATION_CONTEXT('2D SPACE',''
  ) );
#7315 = PCURVE('',#6476,#7316);
#7316 = DEFINITIONAL_REPRESENTATION('',(#7317),#7320);
#7317 = B_SPLINE_CURVE_WITH_KNOTS('',1,(#7318,#7319),.UNSPECIFIED.,.F.,
  .F.,(2,2),(0.,152.4),.PIECEWISE_BEZIER_KNOTS.);
#7318 = CARTESIAN_POINT('',(6.28318530718,0.));
#7319 = CARTESIAN_POINT('',(6.28318530718,152.4));
#7320 = ( GEOMETRIC_REPRESENTATION_CONTEXT(2) 
PARAMETRIC_REPRESENTATION_CONTEXT() REPRESENTATION_CONTEXT('2D SPACE',''
  ) );
#7321 = ORIENTED_EDGE('',*,*,#7185,.F.);
#7322 = ORIENTED_EDGE('',*,*,#7006,.F.);
#7323 = ORIENTED_EDGE('',*,*,#7221,.F.);
#7324 = ORIENTED_EDGE('',*,*,#7302,.F.);
#7325 = ORIENTED_EDGE('',*,*,#6536,.T.);
#7326 = ORIENTED_EDGE('',*,*,#6455,.T.);
#7327 = ADVANCED_FACE('',(#7328),#6615,.T.);
#7328 = FACE_BOUND('',#7329,.T.);
#7329 = EDGE_LOOP('',(#7330,#7331,#7332,#7352,#7353,#7354,#7355,#7356,
    #7357));
#7330 = ORIENTED_EDGE('',*,*,#6634,.T.);
#7331 = ORIENTED_EDGE('',*,*,#6768,.T.);
#7332 = ORIENTED_EDGE('',*,*,#7333,.T.);
#7333 = EDGE_CURVE('',#6709,#6882,#7334,.T.);
#7334 = SEAM_CURVE('',#7335,(#7339,#7346),.PCURVE_S1.);
#7335 = LINE('',#7336,#7337);
#7336 = CARTESIAN_POINT('',(61.9125,0.,-76.2));
#7337 = VECTOR('',#7338,1.);
#7338 = DIRECTION('',(0.,0.,1.));
#7339 = PCURVE('',#6615,#7340);
#7340 = DEFINITIONAL_REPRESENTATION('',(#7341),#7345);
#7341 = LINE('',#7342,#7343);
#7342 = CARTESIAN_POINT('',(0.,0.));
#7343 = VECTOR('',#7344,1.);
#7344 = DIRECTION('',(0.,1.));
#7345 = ( GEOMETRIC_REPRESENTATION_CONTEXT(2) 
PARAMETRIC_REPRESENTATION_CONTEXT() REPRESENTATION_CONTEXT('2D SPACE',''
  ) );
#7346 = PCURVE('',#6615,#7347);
#7347 = DEFINITIONAL_REPRESENTATION('',(#7348),#7351);
#7348 = B_SPLINE_CURVE_WITH_KNOTS('',1,(#7349,#7350),.UNSPECIFIED.,.F.,
  .F.,(2,2),(0.,152.4),.PIECEWISE_BEZIER_KNOTS.);
#7349 = CARTESIAN_POINT('',(6.28318530718,0.));
#7350 = CARTESIAN_POINT('',(6.28318530718,152.4));
#7351 = ( GEOMETRIC_REPRESENTATION_CONTEXT(2) 
PARAMETRIC_REPRESENTATION_CONTEXT() REPRESENTATION_CONTEXT('2D SPACE',''
  ) );
#7352 = ORIENTED_EDGE('',*,*,#6881,.F.);
#7353 = ORIENTED_EDGE('',*,*,#7134,.F.);
#7354 = ORIENTED_EDGE('',*,*,#6917,.F.);
#7355 = ORIENTED_EDGE('',*,*,#7333,.F.);
#7356 = ORIENTED_EDGE('',*,*,#6708,.T.);
#7357 = ORIENTED_EDGE('',*,*,#6594,.T.);
#7358 = ( GEOMETRIC_REPRESENTATION_CONTEXT(3) 
GLOBAL_UNCERTAINTY_ASSIGNED_CONTEXT((#7362)) 
GLOBAL_UNIT_ASSIGNED_CONTEXT((#7359,#7360,#7361)) REPRESENTATION_CONTEXT
('Context #1','3D Context with UNIT and UNCERTAINTY') );
#7359 = ( LENGTH_UNIT() NAMED_UNIT(*) SI_UNIT(.MILLI.,.METRE.) );
#7360 = ( NAMED_UNIT(*) PLANE_ANGLE_UNIT() SI_UNIT($,.RADIAN.) );
#7361 = ( NAMED_UNIT(*) SI_UNIT($,.STERADIAN.) SOLID_ANGLE_UNIT() );
#7362 = UNCERTAINTY_MEASURE_WITH_UNIT(LENGTH_MEASURE(1.E-07),#7359,
  'distance_accuracy_value','confusion accuracy');
#7363 = PRODUCT_RELATED_PRODUCT_CATEGORY('part',$,(#7));
ENDSEC;
END-ISO-10303-21;
