ISO-10303-21;
HEADER;
FILE_DESCRIPTION(('Open CASCADE Model'),'2;1');
FILE_NAME('Open CASCADE Shape Model','2026-08-21T10:38:21',('Author'),(
    'Open CASCADE'),'Open CASCADE STEP processor 7.7','Open CASCADE 7.7'
  ,'Unknown');
FILE_SCHEMA(('AUTOMOTIVE_DESIGN { 1 0 10303 214 1 1 1 1 }'));
ENDSEC;
DATA;
#1 = APPLICATION_PROTOCOL_DEFINITION('international standard',
  'automotive_design',2000,#2);
#2 = APPLICATION_CONTEXT(
  'core data for automotive mechanical design processes');
#3 = SHAPE_DEFINITION_REPRESENTATION(#4,#10);
#4 = PRODUCT_DEFINITION_SHAPE('','',#5);
#5 = PRODUCT_DEFINITION('design','',#6,#9);
#6 = PRODUCT_DEFINITION_FORMATION('','',#7);
#7 = PRODUCT('Open CASCADE STEP translator 7.7 8',
  'Open CASCADE STEP translator 7.7 8','',(#8));
#8 = PRODUCT_CONTEXT('',#2,'mechanical');
#9 = PRODUCT_DEFINITION_CONTEXT('part definition',#2,'design');
#10 = ADVANCED_BREP_SHAPE_REPRESENTATION('',(#11,#15),#6008);
#11 = AXIS2_PLACEMENT_3D('',#12,#13,#14);
#12 = CARTESIAN_POINT('',(0.,0.,0.));
#13 = DIRECTION('',(0.,0.,1.));
#14 = DIRECTION('',(1.,0.,-0.));
#15 = MANIFOLD_SOLID_BREP('',#16);
#16 = CLOSED_SHELL('',(#17,#404,#408,#412,#566,#720,#856,#992,#1128,
    #1264,#1400,#1536,#1672,#1808,#1944,#2080,#2216,#2352,#2488,#2624,
    #2760,#2896,#3032,#3168,#3304,#3440,#3576,#3712,#3848,#3984,#4120,
    #4256,#4392,#4528,#4664,#4800,#4936,#5072,#5208,#5344,#5480,#5616,
    #5752,#5888,#5944,#6000,#6004));
#17 = ADVANCED_FACE('',(#18,#150,#277),#32,.T.);
#18 = FACE_BOUND('',#19,.T.);
#19 = EDGE_LOOP('',(#20,#49,#76,#77,#99,#121,#148,#149));
#20 = ORIENTED_EDGE('',*,*,#21,.F.);
#21 = EDGE_CURVE('',#22,#24,#26,.T.);
#22 = VERTEX_POINT('',#23);
#23 = CARTESIAN_POINT('',(-1.166476076188E-15,0.,4.7625));
#24 = VERTEX_POINT('',#25);
#25 = CARTESIAN_POINT('',(0.,78.74,4.7625));
#26 = SEAM_CURVE('',#27,(#31,#43),.PCURVE_S1.);
#27 = LINE('',#28,#29);
#28 = CARTESIAN_POINT('',(0.,0.,4.7625));
#29 = VECTOR('',#30,1.);
#30 = DIRECTION('',(0.,1.,0.));
#31 = PCURVE('',#32,#37);
#32 = CYLINDRICAL_SURFACE('',#33,4.7625);
#33 = AXIS2_PLACEMENT_3D('',#34,#35,#36);
#34 = CARTESIAN_POINT('',(0.,0.,0.));
#35 = DIRECTION('',(0.,1.,0.));
#36 = DIRECTION('',(0.,-0.,1.));
#37 = DEFINITIONAL_REPRESENTATION('',(#38),#42);
#38 = LINE('',#39,#40);
#39 = CARTESIAN_POINT('',(0.,0.));
#40 = VECTOR('',#41,1.);
#41 = DIRECTION('',(0.,1.));
#42 = ( GEOMETRIC_REPRESENTATION_CONTEXT(2) 
PARAMETRIC_REPRESENTATION_CONTEXT() REPRESENTATION_CONTEXT('2D SPACE',''
  ) );
#43 = PCURVE('',#32,#44);
#44 = DEFINITIONAL_REPRESENTATION('',(#45),#48);
#45 = B_SPLINE_CURVE_WITH_KNOTS('',1,(#46,#47),.UNSPECIFIED.,.F.,.F.,(2,
    2),(0.,241.3),.PIECEWISE_BEZIER_KNOTS.);
#46 = CARTESIAN_POINT('',(6.28318530718,0.));
#47 = CARTESIAN_POINT('',(6.28318530718,241.3));
#48 = ( GEOMETRIC_REPRESENTATION_CONTEXT(2) 
PARAMETRIC_REPRESENTATION_CONTEXT() REPRESENTATION_CONTEXT('2D SPACE',''
  ) );
#49 = ORIENTED_EDGE('',*,*,#50,.T.);
#50 = EDGE_CURVE('',#22,#22,#51,.T.);
#51 = SURFACE_CURVE('',#52,(#57,#64),.PCURVE_S1.);
#52 = CIRCLE('',#53,4.7625);
#53 = AXIS2_PLACEMENT_3D('',#54,#55,#56);
#54 = CARTESIAN_POINT('',(0.,0.,0.));
#55 = DIRECTION('',(0.,1.,0.));
#56 = DIRECTION('',(0.,-0.,1.));
#57 = PCURVE('',#32,#58);
#58 = DEFINITIONAL_REPRESENTATION('',(#59),#63);
#59 = LINE('',#60,#61);
#60 = CARTESIAN_POINT('',(0.,0.));
#61 = VECTOR('',#62,1.);
#62 = DIRECTION('',(1.,0.));
#63 = ( GEOMETRIC_REPRESENTATION_CONTEXT(2) 
PARAMETRIC_REPRESENTATION_CONTEXT() REPRESENTATION_CONTEXT('2D SPACE',''
  ) );
#64 = PCURVE('',#65,#70);
#65 = PLANE('',#66);
#66 = AXIS2_PLACEMENT_3D('',#67,#68,#69);
#67 = CARTESIAN_POINT('',(9.271385765151E-17,0.,-5.742530740323E-16));
#68 = DIRECTION('',(0.,1.,0.));
#69 = DIRECTION('',(0.,-0.,1.));
#70 = DEFINITIONAL_REPRESENTATION('',(#71),#75);
#71 = CIRCLE('',#72,4.7625);
#72 = AXIS2_PLACEMENT_2D('',#73,#74);
#73 = CARTESIAN_POINT('',(5.742530740323E-16,-9.271385765151E-17));
#74 = DIRECTION('',(1.,0.));
#75 = ( GEOMETRIC_REPRESENTATION_CONTEXT(2) 
PARAMETRIC_REPRESENTATION_CONTEXT() REPRESENTATION_CONTEXT('2D SPACE',''
  ) );
#76 = ORIENTED_EDGE('',*,*,#21,.T.);
#77 = ORIENTED_EDGE('',*,*,#78,.T.);
#78 = EDGE_CURVE('',#24,#79,#81,.T.);
#79 = VERTEX_POINT('',#80);
#80 = CARTESIAN_POINT('',(0.,162.56,4.7625));
#81 = SEAM_CURVE('',#82,(#86,#93),.PCURVE_S1.);
#82 = LINE('',#83,#84);
#83 = CARTESIAN_POINT('',(0.,0.,4.7625));
#84 = VECTOR('',#85,1.);
#85 = DIRECTION('',(0.,1.,0.));
#86 = PCURVE('',#32,#87);
#87 = DEFINITIONAL_REPRESENTATION('',(#88),#92);
#88 = LINE('',#89,#90);
#89 = CARTESIAN_POINT('',(0.,0.));
#90 = VECTOR('',#91,1.);
#91 = DIRECTION('',(0.,1.));
#92 = ( GEOMETRIC_REPRESENTATION_CONTEXT(2) 
PARAMETRIC_REPRESENTATION_CONTEXT() REPRESENTATION_CONTEXT('2D SPACE',''
  ) );
#93 = PCURVE('',#32,#94);
#94 = DEFINITIONAL_REPRESENTATION('',(#95),#98);
#95 = B_SPLINE_CURVE_WITH_KNOTS('',1,(#96,#97),.UNSPECIFIED.,.F.,.F.,(2,
    2),(0.,241.3),.PIECEWISE_BEZIER_KNOTS.);
#96 = CARTESIAN_POINT('',(6.28318530718,0.));
#97 = CARTESIAN_POINT('',(6.28318530718,241.3));
#98 = ( GEOMETRIC_REPRESENTATION_CONTEXT(2) 
PARAMETRIC_REPRESENTATION_CONTEXT() REPRESENTATION_CONTEXT('2D SPACE',''
  ) );
#99 = ORIENTED_EDGE('',*,*,#100,.T.);
#100 = EDGE_CURVE('',#79,#101,#103,.T.);
#101 = VERTEX_POINT('',#102);
#102 = CARTESIAN_POINT('',(-1.166476076188E-15,241.3,4.7625));
#103 = SEAM_CURVE('',#104,(#108,#115),.PCURVE_S1.);
#104 = LINE('',#105,#106);
#105 = CARTESIAN_POINT('',(0.,0.,4.7625));
#106 = VECTOR('',#107,1.);
#107 = DIRECTION('',(0.,1.,0.));
#108 = PCURVE('',#32,#109);
#109 = DEFINITIONAL_REPRESENTATION('',(#110),#114);
#110 = LINE('',#111,#112);
#111 = CARTESIAN_POINT('',(0.,0.));
#112 = VECTOR('',#113,1.);
#113 = DIRECTION('',(0.,1.));
#114 = ( GEOMETRIC_REPRESENTATION_CONTEXT(2) 
PARAMETRIC_REPRESENTATION_CONTEXT() REPRESENTATION_CONTEXT('2D SPACE',''
  ) );
#115 = PCURVE('',#32,#116);
#116 = DEFINITIONAL_REPRESENTATION('',(#117),#120);
#117 = B_SPLINE_CURVE_WITH_KNOTS('',1,(#118,#119),.UNSPECIFIED.,.F.,.F.,
  (2,2),(0.,241.3),.PIECEWISE_BEZIER_KNOTS.);
#118 = CARTESIAN_POINT('',(6.28318530718,0.));
#119 = CARTESIAN_POINT('',(6.28318530718,241.3));
#120 = ( GEOMETRIC_REPRESENTATION_CONTEXT(2) 
PARAMETRIC_REPRESENTATION_CONTEXT() REPRESENTATION_CONTEXT('2D SPACE',''
  ) );
#121 = ORIENTED_EDGE('',*,*,#122,.F.);
#122 = EDGE_CURVE('',#101,#101,#123,.T.);
#123 = SURFACE_CURVE('',#124,(#129,#136),.PCURVE_S1.);
#124 = CIRCLE('',#125,4.7625);
#125 = AXIS2_PLACEMENT_3D('',#126,#127,#128);
#126 = CARTESIAN_POINT('',(0.,241.3,0.));
#127 = DIRECTION('',(0.,1.,0.));
#128 = DIRECTION('',(0.,-0.,1.));
#129 = PCURVE('',#32,#130);
#130 = DEFINITIONAL_REPRESENTATION('',(#131),#135);
#131 = LINE('',#132,#133);
#132 = CARTESIAN_POINT('',(0.,241.3));
#133 = VECTOR('',#134,1.);
#134 = DIRECTION('',(1.,0.));
#135 = ( GEOMETRIC_REPRESENTATION_CONTEXT(2) 
PARAMETRIC_REPRESENTATION_CONTEXT() REPRESENTATION_CONTEXT('2D SPACE',''
  ) );
#136 = PCURVE('',#137,#142);
#137 = PLANE('',#138);
#138 = AXIS2_PLACEMENT_3D('',#139,#140,#141);
#139 = CARTESIAN_POINT('',(9.271385765151E-17,241.3,-5.742530740323E-16)
  );
#140 = DIRECTION('',(0.,1.,0.));
#141 = DIRECTION('',(0.,-0.,1.));
#142 = DEFINITIONAL_REPRESENTATION('',(#143),#147);
#143 = CIRCLE('',#144,4.7625);
#144 = AXIS2_PLACEMENT_2D('',#145,#146);
#145 = CARTESIAN_POINT('',(5.742530740323E-16,-9.271385765151E-17));
#146 = DIRECTION('',(1.,0.));
#147 = ( GEOMETRIC_REPRESENTATION_CONTEXT(2) 
PARAMETRIC_REPRESENTATION_CONTEXT() REPRESENTATION_CONTEXT('2D SPACE',''
  ) );
#148 = ORIENTED_EDGE('',*,*,#100,.F.);
#149 = ORIENTED_EDGE('',*,*,#78,.F.);
#150 = FACE_BOUND('',#151,.T.);
#151 = EDGE_LOOP('',(#152,#207,#243));
#152 = ORIENTED_EDGE('',*,*,#153,.F.);
#153 = EDGE_CURVE('',#24,#154,#156,.T.);
#154 = VERTEX_POINT('',#155);
#155 = CARTESIAN_POINT('',(0.,78.74,-4.7625));
#156 = SURFACE_CURVE('',#157,(#162,#182),.PCURVE_S1.);
#157 = ELLIPSE('',#158,6.735192090802,4.7625);
#158 = AXIS2_PLACEMENT_3D('',#159,#160,#161);
#159 = CARTESIAN_POINT('',(0.,78.74,0.));
#160 = DIRECTION('',(0.707106781187,0.707106781187,0.));
#161 = DIRECTION('',(-0.707106781187,0.707106781187,0.));
#162 = PCURVE('',#32,#163);
#163 = DEFINITIONAL_REPRESENTATION('',(#164),#181);
#164 = B_SPLINE_CURVE_WITH_KNOTS('',8,(#165,#166,#167,#168,#169,#170,
    #171,#172,#173,#174,#175,#176,#177,#178,#179,#180),.UNSPECIFIED.,.F.
  ,.F.,(9,7,9),(1.570796326795,3.14159265359,4.712388980385),
  .UNSPECIFIED.);
#165 = CARTESIAN_POINT('',(0.,78.74));
#166 = CARTESIAN_POINT('',(0.196349540849,77.804885311705));
#167 = CARTESIAN_POINT('',(0.392699081699,76.869770401292));
#168 = CARTESIAN_POINT('',(0.589048622545,75.989593093752));
#169 = CARTESIAN_POINT('',(0.785398163398,75.219280199847));
#170 = CARTESIAN_POINT('',(0.981747704244,74.607016554523));
#171 = CARTESIAN_POINT('',(1.178097245096,74.187339445532));
#172 = CARTESIAN_POINT('',(1.374446785946,73.9775));
#173 = CARTESIAN_POINT('',(1.767145867644,73.9775));
#174 = CARTESIAN_POINT('',(1.963495408492,74.187339445708));
#175 = CARTESIAN_POINT('',(2.159844949347,74.607016553845));
#176 = CARTESIAN_POINT('',(2.356194490185,75.219280200829));
#177 = CARTESIAN_POINT('',(2.552544031047,75.989593093089));
#178 = CARTESIAN_POINT('',(2.748893571889,76.869770401475));
#179 = CARTESIAN_POINT('',(2.94524311274,77.804885311705));
#180 = CARTESIAN_POINT('',(3.14159265359,78.74));
#181 = ( GEOMETRIC_REPRESENTATION_CONTEXT(2) 
PARAMETRIC_REPRESENTATION_CONTEXT() REPRESENTATION_CONTEXT('2D SPACE',''
  ) );
#182 = PCURVE('',#183,#188);
#183 = CYLINDRICAL_SURFACE('',#184,4.7625);
#184 = AXIS2_PLACEMENT_3D('',#185,#186,#187);
#185 = CARTESIAN_POINT('',(0.,78.74,0.));
#186 = DIRECTION('',(1.,0.,0.));
#187 = DIRECTION('',(0.,0.,1.));
#188 = DEFINITIONAL_REPRESENTATION('',(#189),#206);
#189 = B_SPLINE_CURVE_WITH_KNOTS('',8,(#190,#191,#192,#193,#194,#195,
    #196,#197,#198,#199,#200,#201,#202,#203,#204,#205),.UNSPECIFIED.,.F.
  ,.F.,(9,7,9),(1.570796326795,3.14159265359,4.712388980385),
  .UNSPECIFIED.);
#190 = CARTESIAN_POINT('',(0.,-2.91619019047E-16));
#191 = CARTESIAN_POINT('',(0.196349540849,0.935114688295));
#192 = CARTESIAN_POINT('',(0.392699081699,1.870229598613));
#193 = CARTESIAN_POINT('',(0.589048622547,2.750406906517));
#194 = CARTESIAN_POINT('',(0.785398163397,3.520719799613));
#195 = CARTESIAN_POINT('',(0.981747704245,4.13298344569));
#196 = CARTESIAN_POINT('',(1.178097245096,4.552660554364));
#197 = CARTESIAN_POINT('',(1.374446785946,4.7625));
#198 = CARTESIAN_POINT('',(1.767145867644,4.7625));
#199 = CARTESIAN_POINT('',(1.96349540849,4.552660554362));
#200 = CARTESIAN_POINT('',(2.15984494935,4.132983445696));
#201 = CARTESIAN_POINT('',(2.356194490173,3.520719799607));
#202 = CARTESIAN_POINT('',(2.55254403105,2.750406906524));
#203 = CARTESIAN_POINT('',(2.748893571887,1.870229598612));
#204 = CARTESIAN_POINT('',(2.94524311274,0.935114688295));
#205 = CARTESIAN_POINT('',(3.14159265359,8.748570571409E-16));
#206 = ( GEOMETRIC_REPRESENTATION_CONTEXT(2) 
PARAMETRIC_REPRESENTATION_CONTEXT() REPRESENTATION_CONTEXT('2D SPACE',''
  ) );
#207 = ORIENTED_EDGE('',*,*,#208,.T.);
#208 = EDGE_CURVE('',#24,#209,#211,.T.);
#209 = VERTEX_POINT('',#210);
#210 = CARTESIAN_POINT('',(4.7625,83.5025,5.832380380939E-16));
#211 = SURFACE_CURVE('',#212,(#217,#230),.PCURVE_S1.);
#212 = ELLIPSE('',#213,6.735192090802,4.7625);
#213 = AXIS2_PLACEMENT_3D('',#214,#215,#216);
#214 = CARTESIAN_POINT('',(0.,78.74,0.));
#215 = DIRECTION('',(-0.707106781187,0.707106781187,0.));
#216 = DIRECTION('',(0.707106781187,0.707106781187,0.));
#217 = PCURVE('',#32,#218);
#218 = DEFINITIONAL_REPRESENTATION('',(#219),#229);
#219 = B_SPLINE_CURVE_WITH_KNOTS('',8,(#220,#221,#222,#223,#224,#225,
    #226,#227,#228),.UNSPECIFIED.,.F.,.F.,(9,9),(4.712388980385,
    6.28318530718),.PIECEWISE_BEZIER_KNOTS.);
#220 = CARTESIAN_POINT('',(0.,78.74));
#221 = CARTESIAN_POINT('',(0.196349540849,79.675114688295));
#222 = CARTESIAN_POINT('',(0.392699081698,80.610229598428));
#223 = CARTESIAN_POINT('',(0.589048622547,81.490406907027));
#224 = CARTESIAN_POINT('',(0.785398163398,82.260719798765));
#225 = CARTESIAN_POINT('',(0.981747704246,82.872983446117));
#226 = CARTESIAN_POINT('',(1.178097245096,83.29266055417));
#227 = CARTESIAN_POINT('',(1.374446785946,83.5025));
#228 = CARTESIAN_POINT('',(1.570796326795,83.5025));
#229 = ( GEOMETRIC_REPRESENTATION_CONTEXT(2) 
PARAMETRIC_REPRESENTATION_CONTEXT() REPRESENTATION_CONTEXT('2D SPACE',''
  ) );
#230 = PCURVE('',#183,#231);
#231 = DEFINITIONAL_REPRESENTATION('',(#232),#242);
#232 = B_SPLINE_CURVE_WITH_KNOTS('',8,(#233,#234,#235,#236,#237,#238,
    #239,#240,#241),.UNSPECIFIED.,.F.,.F.,(9,9),(4.712388980385,
    6.28318530718),.PIECEWISE_BEZIER_KNOTS.);
#233 = CARTESIAN_POINT('',(6.28318530718,-8.748570571409E-16));
#234 = CARTESIAN_POINT('',(6.08683576633,0.935114688295));
#235 = CARTESIAN_POINT('',(5.890486225481,1.870229598611));
#236 = CARTESIAN_POINT('',(5.694136684632,2.750406906525));
#237 = CARTESIAN_POINT('',(5.497787143784,3.520719799603));
#238 = CARTESIAN_POINT('',(5.301437602933,4.132983445699));
#239 = CARTESIAN_POINT('',(5.105088062084,4.552660554361));
#240 = CARTESIAN_POINT('',(4.908738521234,4.7625));
#241 = CARTESIAN_POINT('',(4.712388980385,4.7625));
#242 = ( GEOMETRIC_REPRESENTATION_CONTEXT(2) 
PARAMETRIC_REPRESENTATION_CONTEXT() REPRESENTATION_CONTEXT('2D SPACE',''
  ) );
#243 = ORIENTED_EDGE('',*,*,#244,.T.);
#244 = EDGE_CURVE('',#209,#154,#245,.T.);
#245 = SURFACE_CURVE('',#246,(#251,#264),.PCURVE_S1.);
#246 = ELLIPSE('',#247,6.735192090802,4.7625);
#247 = AXIS2_PLACEMENT_3D('',#248,#249,#250);
#248 = CARTESIAN_POINT('',(0.,78.74,0.));
#249 = DIRECTION('',(-0.707106781187,0.707106781187,0.));
#250 = DIRECTION('',(0.707106781187,0.707106781187,0.));
#251 = PCURVE('',#32,#252);
#252 = DEFINITIONAL_REPRESENTATION('',(#253),#263);
#253 = B_SPLINE_CURVE_WITH_KNOTS('',8,(#254,#255,#256,#257,#258,#259,
    #260,#261,#262),.UNSPECIFIED.,.F.,.F.,(9,9),(0.,1.570796326795),
  .PIECEWISE_BEZIER_KNOTS.);
#254 = CARTESIAN_POINT('',(1.570796326795,83.5025));
#255 = CARTESIAN_POINT('',(1.767145867644,83.5025));
#256 = CARTESIAN_POINT('',(1.96349540849,83.292660554391));
#257 = CARTESIAN_POINT('',(2.159844949352,82.872983445302));
#258 = CARTESIAN_POINT('',(2.356194490178,82.260719799787));
#259 = CARTESIAN_POINT('',(2.552544031053,81.490406906168));
#260 = CARTESIAN_POINT('',(2.748893571888,80.610229598621));
#261 = CARTESIAN_POINT('',(2.94524311274,79.675114688295));
#262 = CARTESIAN_POINT('',(3.14159265359,78.74));
#263 = ( GEOMETRIC_REPRESENTATION_CONTEXT(2) 
PARAMETRIC_REPRESENTATION_CONTEXT() REPRESENTATION_CONTEXT('2D SPACE',''
  ) );
#264 = PCURVE('',#183,#265);
#265 = DEFINITIONAL_REPRESENTATION('',(#266),#276);
#266 = B_SPLINE_CURVE_WITH_KNOTS('',8,(#267,#268,#269,#270,#271,#272,
    #273,#274,#275),.UNSPECIFIED.,.F.,.F.,(9,9),(0.,1.570796326795),
  .PIECEWISE_BEZIER_KNOTS.);
#267 = CARTESIAN_POINT('',(4.712388980385,4.7625));
#268 = CARTESIAN_POINT('',(4.516039439535,4.7625));
#269 = CARTESIAN_POINT('',(4.319689898684,4.552660554365));
#270 = CARTESIAN_POINT('',(4.123340357829,4.132983445687));
#271 = CARTESIAN_POINT('',(3.926990816986,3.520719799619));
#272 = CARTESIAN_POINT('',(3.730641276128,2.750406906516));
#273 = CARTESIAN_POINT('',(3.534291735288,1.870229598614));
#274 = CARTESIAN_POINT('',(3.337942194439,0.935114688295));
#275 = CARTESIAN_POINT('',(3.14159265359,2.91619019047E-16));
#276 = ( GEOMETRIC_REPRESENTATION_CONTEXT(2) 
PARAMETRIC_REPRESENTATION_CONTEXT() REPRESENTATION_CONTEXT('2D SPACE',''
  ) );
#277 = FACE_BOUND('',#278,.T.);
#278 = EDGE_LOOP('',(#279,#334,#370));
#279 = ORIENTED_EDGE('',*,*,#280,.F.);
#280 = EDGE_CURVE('',#79,#281,#283,.T.);
#281 = VERTEX_POINT('',#282);
#282 = CARTESIAN_POINT('',(0.,162.56,-4.7625));
#283 = SURFACE_CURVE('',#284,(#289,#309),.PCURVE_S1.);
#284 = ELLIPSE('',#285,6.735192090802,4.7625);
#285 = AXIS2_PLACEMENT_3D('',#286,#287,#288);
#286 = CARTESIAN_POINT('',(0.,162.56,0.));
#287 = DIRECTION('',(0.707106781187,0.707106781187,0.));
#288 = DIRECTION('',(-0.707106781187,0.707106781187,0.));
#289 = PCURVE('',#32,#290);
#290 = DEFINITIONAL_REPRESENTATION('',(#291),#308);
#291 = B_SPLINE_CURVE_WITH_KNOTS('',8,(#292,#293,#294,#295,#296,#297,
    #298,#299,#300,#301,#302,#303,#304,#305,#306,#307),.UNSPECIFIED.,.F.
  ,.F.,(9,7,9),(1.570796326795,3.14159265359,4.712388980385),
  .UNSPECIFIED.);
#292 = CARTESIAN_POINT('',(0.,162.56));
#293 = CARTESIAN_POINT('',(0.196349540849,161.6248853117));
#294 = CARTESIAN_POINT('',(0.392699081699,160.68977040143));
#295 = CARTESIAN_POINT('',(0.589048622545,159.80959309302));
#296 = CARTESIAN_POINT('',(0.785398163398,159.03928020043));
#297 = CARTESIAN_POINT('',(0.981747704244,158.42701655389));
#298 = CARTESIAN_POINT('',(1.178097245096,158.00733944569));
#299 = CARTESIAN_POINT('',(1.374446785946,157.7975));
#300 = CARTESIAN_POINT('',(1.767145867644,157.7975));
#301 = CARTESIAN_POINT('',(1.963495408492,158.00733944565));
#302 = CARTESIAN_POINT('',(2.159844949347,158.42701655385));
#303 = CARTESIAN_POINT('',(2.356194490185,159.03928020034));
#304 = CARTESIAN_POINT('',(2.552544031047,159.80959309283));
#305 = CARTESIAN_POINT('',(2.748893571889,160.6897704014));
#306 = CARTESIAN_POINT('',(2.94524311274,161.6248853117));
#307 = CARTESIAN_POINT('',(3.14159265359,162.56));
#308 = ( GEOMETRIC_REPRESENTATION_CONTEXT(2) 
PARAMETRIC_REPRESENTATION_CONTEXT() REPRESENTATION_CONTEXT('2D SPACE',''
  ) );
#309 = PCURVE('',#310,#315);
#310 = CYLINDRICAL_SURFACE('',#311,4.7625);
#311 = AXIS2_PLACEMENT_3D('',#312,#313,#314);
#312 = CARTESIAN_POINT('',(0.,162.56,0.));
#313 = DIRECTION('',(1.,0.,0.));
#314 = DIRECTION('',(0.,0.,1.));
#315 = DEFINITIONAL_REPRESENTATION('',(#316),#333);
#316 = B_SPLINE_CURVE_WITH_KNOTS('',8,(#317,#318,#319,#320,#321,#322,
    #323,#324,#325,#326,#327,#328,#329,#330,#331,#332),.UNSPECIFIED.,.F.
  ,.F.,(9,7,9),(1.570796326795,3.14159265359,4.712388980385),
  .UNSPECIFIED.);
#317 = CARTESIAN_POINT('',(0.,-2.91619019047E-16));
#318 = CARTESIAN_POINT('',(0.196349540849,0.935114688295));
#319 = CARTESIAN_POINT('',(0.392699081699,1.870229598613));
#320 = CARTESIAN_POINT('',(0.589048622546,2.750406906517));
#321 = CARTESIAN_POINT('',(0.785398163397,3.520719799613));
#322 = CARTESIAN_POINT('',(0.981747704246,4.13298344569));
#323 = CARTESIAN_POINT('',(1.178097245096,4.552660554364));
#324 = CARTESIAN_POINT('',(1.374446785946,4.7625));
#325 = CARTESIAN_POINT('',(1.767145867644,4.7625));
#326 = CARTESIAN_POINT('',(1.963495408492,4.552660554362));
#327 = CARTESIAN_POINT('',(2.159844949341,4.132983445696));
#328 = CARTESIAN_POINT('',(2.356194490185,3.520719799607));
#329 = CARTESIAN_POINT('',(2.552544031042,2.750406906524));
#330 = CARTESIAN_POINT('',(2.74889357189,1.870229598612));
#331 = CARTESIAN_POINT('',(2.94524311274,0.935114688295));
#332 = CARTESIAN_POINT('',(3.14159265359,8.748570571409E-16));
#333 = ( GEOMETRIC_REPRESENTATION_CONTEXT(2) 
PARAMETRIC_REPRESENTATION_CONTEXT() REPRESENTATION_CONTEXT('2D SPACE',''
  ) );
#334 = ORIENTED_EDGE('',*,*,#335,.T.);
#335 = EDGE_CURVE('',#79,#336,#338,.T.);
#336 = VERTEX_POINT('',#337);
#337 = CARTESIAN_POINT('',(4.7625,167.3225,5.832380380939E-16));
#338 = SURFACE_CURVE('',#339,(#344,#357),.PCURVE_S1.);
#339 = ELLIPSE('',#340,6.735192090802,4.7625);
#340 = AXIS2_PLACEMENT_3D('',#341,#342,#343);
#341 = CARTESIAN_POINT('',(0.,162.56,0.));
#342 = DIRECTION('',(-0.707106781187,0.707106781187,0.));
#343 = DIRECTION('',(0.707106781187,0.707106781187,0.));
#344 = PCURVE('',#32,#345);
#345 = DEFINITIONAL_REPRESENTATION('',(#346),#356);
#346 = B_SPLINE_CURVE_WITH_KNOTS('',8,(#347,#348,#349,#350,#351,#352,
    #353,#354,#355),.UNSPECIFIED.,.F.,.F.,(9,9),(4.712388980385,
    6.28318530718),.PIECEWISE_BEZIER_KNOTS.);
#347 = CARTESIAN_POINT('',(0.,162.56));
#348 = CARTESIAN_POINT('',(0.196349540849,163.49511468829));
#349 = CARTESIAN_POINT('',(0.392699081698,164.43022959869));
#350 = CARTESIAN_POINT('',(0.589048622547,165.3104069059));
#351 = CARTESIAN_POINT('',(0.785398163398,166.08071980049));
#352 = CARTESIAN_POINT('',(0.981747704246,166.69298344504));
#353 = CARTESIAN_POINT('',(1.178097245096,167.11266055443));
#354 = CARTESIAN_POINT('',(1.374446785946,167.3225));
#355 = CARTESIAN_POINT('',(1.570796326795,167.3225));
#356 = ( GEOMETRIC_REPRESENTATION_CONTEXT(2) 
PARAMETRIC_REPRESENTATION_CONTEXT() REPRESENTATION_CONTEXT('2D SPACE',''
  ) );
#357 = PCURVE('',#310,#358);
#358 = DEFINITIONAL_REPRESENTATION('',(#359),#369);
#359 = B_SPLINE_CURVE_WITH_KNOTS('',8,(#360,#361,#362,#363,#364,#365,
    #366,#367,#368),.UNSPECIFIED.,.F.,.F.,(9,9),(4.712388980385,
    6.28318530718),.PIECEWISE_BEZIER_KNOTS.);
#360 = CARTESIAN_POINT('',(6.28318530718,-8.748570571409E-16));
#361 = CARTESIAN_POINT('',(6.08683576633,0.935114688295));
#362 = CARTESIAN_POINT('',(5.890486225481,1.870229598611));
#363 = CARTESIAN_POINT('',(5.694136684632,2.750406906525));
#364 = CARTESIAN_POINT('',(5.497787143782,3.520719799603));
#365 = CARTESIAN_POINT('',(5.301437602934,4.132983445699));
#366 = CARTESIAN_POINT('',(5.105088062084,4.552660554361));
#367 = CARTESIAN_POINT('',(4.908738521234,4.7625));
#368 = CARTESIAN_POINT('',(4.712388980385,4.7625));
#369 = ( GEOMETRIC_REPRESENTATION_CONTEXT(2) 
PARAMETRIC_REPRESENTATION_CONTEXT() REPRESENTATION_CONTEXT('2D SPACE',''
  ) );
#370 = ORIENTED_EDGE('',*,*,#371,.T.);
#371 = EDGE_CURVE('',#336,#281,#372,.T.);
#372 = SURFACE_CURVE('',#373,(#378,#391),.PCURVE_S1.);
#373 = ELLIPSE('',#374,6.735192090802,4.7625);
#374 = AXIS2_PLACEMENT_3D('',#375,#376,#377);
#375 = CARTESIAN_POINT('',(0.,162.56,0.));
#376 = DIRECTION('',(-0.707106781187,0.707106781187,0.));
#377 = DIRECTION('',(0.707106781187,0.707106781187,0.));
#378 = PCURVE('',#32,#379);
#379 = DEFINITIONAL_REPRESENTATION('',(#380),#390);
#380 = B_SPLINE_CURVE_WITH_KNOTS('',8,(#381,#382,#383,#384,#385,#386,
    #387,#388,#389),.UNSPECIFIED.,.F.,.F.,(9,9),(0.,1.570796326795),
  .PIECEWISE_BEZIER_KNOTS.);
#381 = CARTESIAN_POINT('',(1.570796326795,167.3225));
#382 = CARTESIAN_POINT('',(1.767145867644,167.3225));
#383 = CARTESIAN_POINT('',(1.96349540849,167.11266055426));
#384 = CARTESIAN_POINT('',(2.159844949352,166.69298344585));
#385 = CARTESIAN_POINT('',(2.356194490178,166.0807197992));
#386 = CARTESIAN_POINT('',(2.552544031053,165.3104069067));
#387 = CARTESIAN_POINT('',(2.748893571888,164.43022959849));
#388 = CARTESIAN_POINT('',(2.94524311274,163.49511468829));
#389 = CARTESIAN_POINT('',(3.14159265359,162.56));
#390 = ( GEOMETRIC_REPRESENTATION_CONTEXT(2) 
PARAMETRIC_REPRESENTATION_CONTEXT() REPRESENTATION_CONTEXT('2D SPACE',''
  ) );
#391 = PCURVE('',#310,#392);
#392 = DEFINITIONAL_REPRESENTATION('',(#393),#403);
#393 = B_SPLINE_CURVE_WITH_KNOTS('',8,(#394,#395,#396,#397,#398,#399,
    #400,#401,#402),.UNSPECIFIED.,.F.,.F.,(9,9),(0.,1.570796326795),
  .PIECEWISE_BEZIER_KNOTS.);
#394 = CARTESIAN_POINT('',(4.712388980385,4.7625));
#395 = CARTESIAN_POINT('',(4.516039439535,4.7625));
#396 = CARTESIAN_POINT('',(4.319689898684,4.552660554365));
#397 = CARTESIAN_POINT('',(4.123340357839,4.132983445687));
#398 = CARTESIAN_POINT('',(3.926990816974,3.520719799619));
#399 = CARTESIAN_POINT('',(3.730641276137,2.750406906516));
#400 = CARTESIAN_POINT('',(3.534291735287,1.870229598614));
#401 = CARTESIAN_POINT('',(3.337942194439,0.935114688295));
#402 = CARTESIAN_POINT('',(3.14159265359,2.91619019047E-16));
#403 = ( GEOMETRIC_REPRESENTATION_CONTEXT(2) 
PARAMETRIC_REPRESENTATION_CONTEXT() REPRESENTATION_CONTEXT('2D SPACE',''
  ) );
#404 = ADVANCED_FACE('',(#405),#137,.T.);
#405 = FACE_BOUND('',#406,.T.);
#406 = EDGE_LOOP('',(#407));
#407 = ORIENTED_EDGE('',*,*,#122,.T.);
#408 = ADVANCED_FACE('',(#409),#65,.F.);
#409 = FACE_BOUND('',#410,.F.);
#410 = EDGE_LOOP('',(#411));
#411 = ORIENTED_EDGE('',*,*,#50,.T.);
#412 = ADVANCED_FACE('',(#413),#183,.T.);
#413 = FACE_BOUND('',#414,.T.);
#414 = EDGE_LOOP('',(#415,#416,#438,#479,#515,#563,#564,#565));
#415 = ORIENTED_EDGE('',*,*,#208,.F.);
#416 = ORIENTED_EDGE('',*,*,#417,.T.);
#417 = EDGE_CURVE('',#24,#418,#420,.T.);
#418 = VERTEX_POINT('',#419);
#419 = CARTESIAN_POINT('',(10.16,78.74,4.7625));
#420 = SEAM_CURVE('',#421,(#425,#432),.PCURVE_S1.);
#421 = LINE('',#422,#423);
#422 = CARTESIAN_POINT('',(0.,78.74,4.7625));
#423 = VECTOR('',#424,1.);
#424 = DIRECTION('',(1.,0.,0.));
#425 = PCURVE('',#183,#426);
#426 = DEFINITIONAL_REPRESENTATION('',(#427),#431);
#427 = LINE('',#428,#429);
#428 = CARTESIAN_POINT('',(0.,0.));
#429 = VECTOR('',#430,1.);
#430 = DIRECTION('',(0.,1.));
#431 = ( GEOMETRIC_REPRESENTATION_CONTEXT(2) 
PARAMETRIC_REPRESENTATION_CONTEXT() REPRESENTATION_CONTEXT('2D SPACE',''
  ) );
#432 = PCURVE('',#183,#433);
#433 = DEFINITIONAL_REPRESENTATION('',(#434),#437);
#434 = B_SPLINE_CURVE_WITH_KNOTS('',1,(#435,#436),.UNSPECIFIED.,.F.,.F.,
  (2,2),(0.,34.66309336747),.PIECEWISE_BEZIER_KNOTS.);
#435 = CARTESIAN_POINT('',(6.28318530718,0.));
#436 = CARTESIAN_POINT('',(6.28318530718,34.66309336747));
#437 = ( GEOMETRIC_REPRESENTATION_CONTEXT(2) 
PARAMETRIC_REPRESENTATION_CONTEXT() REPRESENTATION_CONTEXT('2D SPACE',''
  ) );
#438 = ORIENTED_EDGE('',*,*,#439,.F.);
#439 = EDGE_CURVE('',#440,#418,#442,.T.);
#440 = VERTEX_POINT('',#441);
#441 = CARTESIAN_POINT('',(14.614720201294,83.5025,-5.832380380939E-16)
  );
#442 = SURFACE_CURVE('',#443,(#448,#461),.PCURVE_S1.);
#443 = ELLIPSE('',#444,6.521191480229,4.7625);
#444 = AXIS2_PLACEMENT_3D('',#445,#446,#447);
#445 = CARTESIAN_POINT('',(10.16,78.74,0.));
#446 = DIRECTION('',(0.730311326456,-0.683114460724,0.));
#447 = DIRECTION('',(0.683114460724,0.730311326456,0.));
#448 = PCURVE('',#183,#449);
#449 = DEFINITIONAL_REPRESENTATION('',(#450),#460);
#450 = B_SPLINE_CURVE_WITH_KNOTS('',8,(#451,#452,#453,#454,#455,#456,
    #457,#458,#459),.UNSPECIFIED.,.F.,.F.,(9,9),(0.,1.570796326795),
  .PIECEWISE_BEZIER_KNOTS.);
#451 = CARTESIAN_POINT('',(4.712388980385,14.614720201294));
#452 = CARTESIAN_POINT('',(4.908738521234,14.614720201294));
#453 = CARTESIAN_POINT('',(5.105088062083,14.41844177241));
#454 = CARTESIAN_POINT('',(5.301437602935,14.025886582087));
#455 = CARTESIAN_POINT('',(5.497787143781,13.453190890125));
#456 = CARTESIAN_POINT('',(5.694136684634,12.732659991244));
#457 = CARTESIAN_POINT('',(5.890486225481,11.909364739939));
#458 = CARTESIAN_POINT('',(6.08683576633,11.034682266136));
#459 = CARTESIAN_POINT('',(6.28318530718,10.16));
#460 = ( GEOMETRIC_REPRESENTATION_CONTEXT(2) 
PARAMETRIC_REPRESENTATION_CONTEXT() REPRESENTATION_CONTEXT('2D SPACE',''
  ) );
#461 = PCURVE('',#462,#467);
#462 = CYLINDRICAL_SURFACE('',#463,4.7625);
#463 = AXIS2_PLACEMENT_3D('',#464,#465,#466);
#464 = CARTESIAN_POINT('',(10.16,78.74,0.));
#465 = DIRECTION('',(6.670926709995E-02,-0.997772455865,0.));
#466 = DIRECTION('',(-1.107749953838E-16,-7.406216429023E-18,1.));
#467 = DEFINITIONAL_REPRESENTATION('',(#468),#478);
#468 = B_SPLINE_CURVE_WITH_KNOTS('',8,(#469,#470,#471,#472,#473,#474,
    #475,#476,#477),.UNSPECIFIED.,.F.,.F.,(9,9),(0.,1.570796326795),
  .PIECEWISE_BEZIER_KNOTS.);
#469 = CARTESIAN_POINT('',(4.712388980385,-4.454720201294));
#470 = CARTESIAN_POINT('',(4.908738521234,-4.454720201294));
#471 = CARTESIAN_POINT('',(5.105088062084,-4.258441772422));
#472 = CARTESIAN_POINT('',(5.30143760293,-3.865886582071));
#473 = CARTESIAN_POINT('',(5.497787143789,-3.293190890174));
#474 = CARTESIAN_POINT('',(5.694136684629,-2.572659991225));
#475 = CARTESIAN_POINT('',(5.890486225482,-1.74936473995));
#476 = CARTESIAN_POINT('',(6.08683576633,-0.874682266136));
#477 = CARTESIAN_POINT('',(6.28318530718,0.));
#478 = ( GEOMETRIC_REPRESENTATION_CONTEXT(2) 
PARAMETRIC_REPRESENTATION_CONTEXT() REPRESENTATION_CONTEXT('2D SPACE',''
  ) );
#479 = ORIENTED_EDGE('',*,*,#480,.F.);
#480 = EDGE_CURVE('',#481,#440,#483,.T.);
#481 = VERTEX_POINT('',#482);
#482 = CARTESIAN_POINT('',(10.16,78.74,-4.7625));
#483 = SURFACE_CURVE('',#484,(#489,#502),.PCURVE_S1.);
#484 = ELLIPSE('',#485,6.521191480229,4.7625);
#485 = AXIS2_PLACEMENT_3D('',#486,#487,#488);
#486 = CARTESIAN_POINT('',(10.16,78.74,0.));
#487 = DIRECTION('',(0.730311326456,-0.683114460724,0.));
#488 = DIRECTION('',(0.683114460724,0.730311326456,0.));
#489 = PCURVE('',#183,#490);
#490 = DEFINITIONAL_REPRESENTATION('',(#491),#501);
#491 = B_SPLINE_CURVE_WITH_KNOTS('',8,(#492,#493,#494,#495,#496,#497,
    #498,#499,#500),.UNSPECIFIED.,.F.,.F.,(9,9),(4.712388980385,
    6.28318530718),.PIECEWISE_BEZIER_KNOTS.);
#492 = CARTESIAN_POINT('',(3.14159265359,10.16));
#493 = CARTESIAN_POINT('',(3.337942194439,11.034682266136));
#494 = CARTESIAN_POINT('',(3.534291735288,11.909364739944));
#495 = CARTESIAN_POINT('',(3.73064127613,12.732659991212));
#496 = CARTESIAN_POINT('',(3.926990816989,13.453190890181));
#497 = CARTESIAN_POINT('',(4.123340357824,14.025886582061));
#498 = CARTESIAN_POINT('',(4.319689898687,14.41844177242));
#499 = CARTESIAN_POINT('',(4.516039439535,14.614720201294));
#500 = CARTESIAN_POINT('',(4.712388980385,14.614720201294));
#501 = ( GEOMETRIC_REPRESENTATION_CONTEXT(2) 
PARAMETRIC_REPRESENTATION_CONTEXT() REPRESENTATION_CONTEXT('2D SPACE',''
  ) );
#502 = PCURVE('',#462,#503);
#503 = DEFINITIONAL_REPRESENTATION('',(#504),#514);
#504 = B_SPLINE_CURVE_WITH_KNOTS('',8,(#505,#506,#507,#508,#509,#510,
    #511,#512,#513),.UNSPECIFIED.,.F.,.F.,(9,9),(4.712388980385,
    6.28318530718),.PIECEWISE_BEZIER_KNOTS.);
#505 = CARTESIAN_POINT('',(3.14159265359,0.));
#506 = CARTESIAN_POINT('',(3.337942194439,-0.874682266136));
#507 = CARTESIAN_POINT('',(3.534291735287,-1.749364739948));
#508 = CARTESIAN_POINT('',(3.73064127613,-2.57265999123));
#509 = CARTESIAN_POINT('',(3.926990816975,-3.293190890167));
#510 = CARTESIAN_POINT('',(4.123340357832,-3.865886582074));
#511 = CARTESIAN_POINT('',(4.319689898683,-4.258441772422));
#512 = CARTESIAN_POINT('',(4.516039439535,-4.454720201294));
#513 = CARTESIAN_POINT('',(4.712388980385,-4.454720201294));
#514 = ( GEOMETRIC_REPRESENTATION_CONTEXT(2) 
PARAMETRIC_REPRESENTATION_CONTEXT() REPRESENTATION_CONTEXT('2D SPACE',''
  ) );
#515 = ORIENTED_EDGE('',*,*,#516,.F.);
#516 = EDGE_CURVE('',#418,#481,#517,.T.);
#517 = SURFACE_CURVE('',#518,(#523,#543),.PCURVE_S1.);
#518 = ELLIPSE('',#519,6.521191480229,4.7625);
#519 = AXIS2_PLACEMENT_3D('',#520,#521,#522);
#520 = CARTESIAN_POINT('',(10.16,78.74,0.));
#521 = DIRECTION('',(0.730311326456,-0.683114460724,0.));
#522 = DIRECTION('',(0.683114460724,0.730311326456,0.));
#523 = PCURVE('',#183,#524);
#524 = DEFINITIONAL_REPRESENTATION('',(#525),#542);
#525 = B_SPLINE_CURVE_WITH_KNOTS('',8,(#526,#527,#528,#529,#530,#531,
    #532,#533,#534,#535,#536,#537,#538,#539,#540,#541),.UNSPECIFIED.,.F.
  ,.F.,(9,7,9),(1.570796326795,3.14159265359,4.712388980385),
  .UNSPECIFIED.);
#526 = CARTESIAN_POINT('',(0.,10.16));
#527 = CARTESIAN_POINT('',(0.196349540849,9.285317733864));
#528 = CARTESIAN_POINT('',(0.392699081699,8.410635260048));
#529 = CARTESIAN_POINT('',(0.589048622545,7.587340008754));
#530 = CARTESIAN_POINT('',(0.785398163399,6.866809109828));
#531 = CARTESIAN_POINT('',(0.981747704243,6.294113417911));
#532 = CARTESIAN_POINT('',(1.178097245096,5.901558227575));
#533 = CARTESIAN_POINT('',(1.374446785946,5.705279798706));
#534 = CARTESIAN_POINT('',(1.767145867644,5.705279798706));
#535 = CARTESIAN_POINT('',(1.96349540849,5.901558227573));
#536 = CARTESIAN_POINT('',(2.159844949348,6.294113417927));
#537 = CARTESIAN_POINT('',(2.356194490183,6.866809109806));
#538 = CARTESIAN_POINT('',(2.552544031045,7.587340008759));
#539 = CARTESIAN_POINT('',(2.748893571888,8.410635260048));
#540 = CARTESIAN_POINT('',(2.94524311274,9.285317733864));
#541 = CARTESIAN_POINT('',(3.14159265359,10.16));
#542 = ( GEOMETRIC_REPRESENTATION_CONTEXT(2) 
PARAMETRIC_REPRESENTATION_CONTEXT() REPRESENTATION_CONTEXT('2D SPACE',''
  ) );
#543 = PCURVE('',#462,#544);
#544 = DEFINITIONAL_REPRESENTATION('',(#545),#562);
#545 = B_SPLINE_CURVE_WITH_KNOTS('',8,(#546,#547,#548,#549,#550,#551,
    #552,#553,#554,#555,#556,#557,#558,#559,#560,#561),.UNSPECIFIED.,.F.
  ,.F.,(9,7,9),(1.570796326795,3.14159265359,4.712388980385),
  .UNSPECIFIED.);
#546 = CARTESIAN_POINT('',(0.,0.));
#547 = CARTESIAN_POINT('',(0.196349540849,0.874682266136));
#548 = CARTESIAN_POINT('',(0.392699081699,1.749364739945));
#549 = CARTESIAN_POINT('',(0.589048622546,2.572659991246));
#550 = CARTESIAN_POINT('',(0.785398163398,3.293190890153));
#551 = CARTESIAN_POINT('',(0.981747704245,3.865886582089));
#552 = CARTESIAN_POINT('',(1.178097245096,4.258441772417));
#553 = CARTESIAN_POINT('',(1.374446785946,4.454720201294));
#554 = CARTESIAN_POINT('',(1.767145867644,4.454720201294));
#555 = CARTESIAN_POINT('',(1.963495408494,4.258441772421));
#556 = CARTESIAN_POINT('',(2.159844949337,3.865886582075));
#557 = CARTESIAN_POINT('',(2.356194490197,3.293190890167));
#558 = CARTESIAN_POINT('',(2.552544031038,2.572659991229));
#559 = CARTESIAN_POINT('',(2.748893571892,1.749364739949));
#560 = CARTESIAN_POINT('',(2.94524311274,0.874682266136));
#561 = CARTESIAN_POINT('',(3.14159265359,0.));
#562 = ( GEOMETRIC_REPRESENTATION_CONTEXT(2) 
PARAMETRIC_REPRESENTATION_CONTEXT() REPRESENTATION_CONTEXT('2D SPACE',''
  ) );
#563 = ORIENTED_EDGE('',*,*,#417,.F.);
#564 = ORIENTED_EDGE('',*,*,#153,.T.);
#565 = ORIENTED_EDGE('',*,*,#244,.F.);
#566 = ADVANCED_FACE('',(#567),#310,.T.);
#567 = FACE_BOUND('',#568,.T.);
#568 = EDGE_LOOP('',(#569,#570,#592,#633,#669,#717,#718,#719));
#569 = ORIENTED_EDGE('',*,*,#335,.F.);
#570 = ORIENTED_EDGE('',*,*,#571,.T.);
#571 = EDGE_CURVE('',#79,#572,#574,.T.);
#572 = VERTEX_POINT('',#573);
#573 = CARTESIAN_POINT('',(10.16,162.56,4.7625));
#574 = SEAM_CURVE('',#575,(#579,#586),.PCURVE_S1.);
#575 = LINE('',#576,#577);
#576 = CARTESIAN_POINT('',(0.,162.56,4.7625));
#577 = VECTOR('',#578,1.);
#578 = DIRECTION('',(1.,0.,0.));
#579 = PCURVE('',#310,#580);
#580 = DEFINITIONAL_REPRESENTATION('',(#581),#585);
#581 = LINE('',#582,#583);
#582 = CARTESIAN_POINT('',(0.,0.));
#583 = VECTOR('',#584,1.);
#584 = DIRECTION('',(0.,1.));
#585 = ( GEOMETRIC_REPRESENTATION_CONTEXT(2) 
PARAMETRIC_REPRESENTATION_CONTEXT() REPRESENTATION_CONTEXT('2D SPACE',''
  ) );
#586 = PCURVE('',#310,#587);
#587 = DEFINITIONAL_REPRESENTATION('',(#588),#591);
#588 = B_SPLINE_CURVE_WITH_KNOTS('',1,(#589,#590),.UNSPECIFIED.,.F.,.F.,
  (2,2),(0.,34.66309336747),.PIECEWISE_BEZIER_KNOTS.);
#589 = CARTESIAN_POINT('',(6.28318530718,0.));
#590 = CARTESIAN_POINT('',(6.28318530718,34.66309336747));
#591 = ( GEOMETRIC_REPRESENTATION_CONTEXT(2) 
PARAMETRIC_REPRESENTATION_CONTEXT() REPRESENTATION_CONTEXT('2D SPACE',''
  ) );
#592 = ORIENTED_EDGE('',*,*,#593,.F.);
#593 = EDGE_CURVE('',#594,#572,#596,.T.);
#594 = VERTEX_POINT('',#595);
#595 = CARTESIAN_POINT('',(14.614720201294,167.3225,-5.832380380939E-16)
  );
#596 = SURFACE_CURVE('',#597,(#602,#615),.PCURVE_S1.);
#597 = ELLIPSE('',#598,6.521191480229,4.7625);
#598 = AXIS2_PLACEMENT_3D('',#599,#600,#601);
#599 = CARTESIAN_POINT('',(10.16,162.56,0.));
#600 = DIRECTION('',(0.730311326456,-0.683114460724,0.));
#601 = DIRECTION('',(0.683114460724,0.730311326456,0.));
#602 = PCURVE('',#310,#603);
#603 = DEFINITIONAL_REPRESENTATION('',(#604),#614);
#604 = B_SPLINE_CURVE_WITH_KNOTS('',8,(#605,#606,#607,#608,#609,#610,
    #611,#612,#613),.UNSPECIFIED.,.F.,.F.,(9,9),(0.,1.570796326795),
  .PIECEWISE_BEZIER_KNOTS.);
#605 = CARTESIAN_POINT('',(4.712388980385,14.614720201294));
#606 = CARTESIAN_POINT('',(4.908738521234,14.614720201294));
#607 = CARTESIAN_POINT('',(5.105088062082,14.41844177241));
#608 = CARTESIAN_POINT('',(5.301437602939,14.025886582087));
#609 = CARTESIAN_POINT('',(5.497787143778,13.453190890125));
#610 = CARTESIAN_POINT('',(5.694136684637,12.732659991244));
#611 = CARTESIAN_POINT('',(5.89048622548,11.909364739939));
#612 = CARTESIAN_POINT('',(6.08683576633,11.034682266136));
#613 = CARTESIAN_POINT('',(6.28318530718,10.16));
#614 = ( GEOMETRIC_REPRESENTATION_CONTEXT(2) 
PARAMETRIC_REPRESENTATION_CONTEXT() REPRESENTATION_CONTEXT('2D SPACE',''
  ) );
#615 = PCURVE('',#616,#621);
#616 = CYLINDRICAL_SURFACE('',#617,4.7625);
#617 = AXIS2_PLACEMENT_3D('',#618,#619,#620);
#618 = CARTESIAN_POINT('',(10.16,162.56,0.));
#619 = DIRECTION('',(6.670926709995E-02,-0.997772455865,0.));
#620 = DIRECTION('',(-1.107749953838E-16,-7.406216429023E-18,1.));
#621 = DEFINITIONAL_REPRESENTATION('',(#622),#632);
#622 = B_SPLINE_CURVE_WITH_KNOTS('',8,(#623,#624,#625,#626,#627,#628,
    #629,#630,#631),.UNSPECIFIED.,.F.,.F.,(9,9),(0.,1.570796326795),
  .PIECEWISE_BEZIER_KNOTS.);
#623 = CARTESIAN_POINT('',(4.712388980385,-4.454720201294));
#624 = CARTESIAN_POINT('',(4.908738521234,-4.454720201294));
#625 = CARTESIAN_POINT('',(5.105088062084,-4.258441772418));
#626 = CARTESIAN_POINT('',(5.301437602931,-3.865886582086));
#627 = CARTESIAN_POINT('',(5.497787143786,-3.293190890158));
#628 = CARTESIAN_POINT('',(5.694136684631,-2.572659991242));
#629 = CARTESIAN_POINT('',(5.890486225482,-1.749364739945));
#630 = CARTESIAN_POINT('',(6.08683576633,-0.874682266136));
#631 = CARTESIAN_POINT('',(6.28318530718,0.));
#632 = ( GEOMETRIC_REPRESENTATION_CONTEXT(2) 
PARAMETRIC_REPRESENTATION_CONTEXT() REPRESENTATION_CONTEXT('2D SPACE',''
  ) );
#633 = ORIENTED_EDGE('',*,*,#634,.F.);
#634 = EDGE_CURVE('',#635,#594,#637,.T.);
#635 = VERTEX_POINT('',#636);
#636 = CARTESIAN_POINT('',(10.16,162.56,-4.7625));
#637 = SURFACE_CURVE('',#638,(#643,#656),.PCURVE_S1.);
#638 = ELLIPSE('',#639,6.521191480229,4.7625);
#639 = AXIS2_PLACEMENT_3D('',#640,#641,#642);
#640 = CARTESIAN_POINT('',(10.16,162.56,0.));
#641 = DIRECTION('',(0.730311326456,-0.683114460724,0.));
#642 = DIRECTION('',(0.683114460724,0.730311326456,0.));
#643 = PCURVE('',#310,#644);
#644 = DEFINITIONAL_REPRESENTATION('',(#645),#655);
#645 = B_SPLINE_CURVE_WITH_KNOTS('',8,(#646,#647,#648,#649,#650,#651,
    #652,#653,#654),.UNSPECIFIED.,.F.,.F.,(9,9),(4.712388980385,
    6.28318530718),.PIECEWISE_BEZIER_KNOTS.);
#646 = CARTESIAN_POINT('',(3.14159265359,10.16));
#647 = CARTESIAN_POINT('',(3.337942194439,11.034682266136));
#648 = CARTESIAN_POINT('',(3.534291735284,11.909364739944));
#649 = CARTESIAN_POINT('',(3.730641276148,12.732659991212));
#650 = CARTESIAN_POINT('',(3.92699081696,13.453190890181));
#651 = CARTESIAN_POINT('',(4.123340357843,14.025886582061));
#652 = CARTESIAN_POINT('',(4.31968989868,14.41844177242));
#653 = CARTESIAN_POINT('',(4.516039439535,14.614720201294));
#654 = CARTESIAN_POINT('',(4.712388980385,14.614720201294));
#655 = ( GEOMETRIC_REPRESENTATION_CONTEXT(2) 
PARAMETRIC_REPRESENTATION_CONTEXT() REPRESENTATION_CONTEXT('2D SPACE',''
  ) );
#656 = PCURVE('',#616,#657);
#657 = DEFINITIONAL_REPRESENTATION('',(#658),#668);
#658 = B_SPLINE_CURVE_WITH_KNOTS('',8,(#659,#660,#661,#662,#663,#664,
    #665,#666,#667),.UNSPECIFIED.,.F.,.F.,(9,9),(4.712388980385,
    6.28318530718),.PIECEWISE_BEZIER_KNOTS.);
#659 = CARTESIAN_POINT('',(3.14159265359,0.));
#660 = CARTESIAN_POINT('',(3.337942194439,-0.874682266136));
#661 = CARTESIAN_POINT('',(3.534291735284,-1.749364739949));
#662 = CARTESIAN_POINT('',(3.730641276141,-2.572659991231));
#663 = CARTESIAN_POINT('',(3.926990816967,-3.293190890169));
#664 = CARTESIAN_POINT('',(4.123340357843,-3.865886582076));
#665 = CARTESIAN_POINT('',(4.319689898682,-4.258441772422));
#666 = CARTESIAN_POINT('',(4.516039439535,-4.454720201294));
#667 = CARTESIAN_POINT('',(4.712388980385,-4.454720201294));
#668 = ( GEOMETRIC_REPRESENTATION_CONTEXT(2) 
PARAMETRIC_REPRESENTATION_CONTEXT() REPRESENTATION_CONTEXT('2D SPACE',''
  ) );
#669 = ORIENTED_EDGE('',*,*,#670,.F.);
#670 = EDGE_CURVE('',#572,#635,#671,.T.);
#671 = SURFACE_CURVE('',#672,(#677,#697),.PCURVE_S1.);
#672 = ELLIPSE('',#673,6.521191480229,4.7625);
#673 = AXIS2_PLACEMENT_3D('',#674,#675,#676);
#674 = CARTESIAN_POINT('',(10.16,162.56,0.));
#675 = DIRECTION('',(0.730311326456,-0.683114460724,0.));
#676 = DIRECTION('',(0.683114460724,0.730311326456,0.));
#677 = PCURVE('',#310,#678);
#678 = DEFINITIONAL_REPRESENTATION('',(#679),#696);
#679 = B_SPLINE_CURVE_WITH_KNOTS('',8,(#680,#681,#682,#683,#684,#685,
    #686,#687,#688,#689,#690,#691,#692,#693,#694,#695),.UNSPECIFIED.,.F.
  ,.F.,(9,7,9),(1.570796326795,3.14159265359,4.712388980385),
  .UNSPECIFIED.);
#680 = CARTESIAN_POINT('',(0.,10.16));
#681 = CARTESIAN_POINT('',(0.196349540849,9.285317733864));
#682 = CARTESIAN_POINT('',(0.392699081699,8.410635260048));
#683 = CARTESIAN_POINT('',(0.589048622546,7.587340008754));
#684 = CARTESIAN_POINT('',(0.785398163397,6.866809109828));
#685 = CARTESIAN_POINT('',(0.981747704246,6.294113417911));
#686 = CARTESIAN_POINT('',(1.178097245096,5.901558227575));
#687 = CARTESIAN_POINT('',(1.374446785946,5.705279798706));
#688 = CARTESIAN_POINT('',(1.767145867644,5.705279798706));
#689 = CARTESIAN_POINT('',(1.963495408492,5.901558227573));
#690 = CARTESIAN_POINT('',(2.159844949341,6.294113417927));
#691 = CARTESIAN_POINT('',(2.356194490185,6.866809109806));
#692 = CARTESIAN_POINT('',(2.552544031042,7.587340008759));
#693 = CARTESIAN_POINT('',(2.74889357189,8.410635260048));
#694 = CARTESIAN_POINT('',(2.94524311274,9.285317733864));
#695 = CARTESIAN_POINT('',(3.14159265359,10.16));
#696 = ( GEOMETRIC_REPRESENTATION_CONTEXT(2) 
PARAMETRIC_REPRESENTATION_CONTEXT() REPRESENTATION_CONTEXT('2D SPACE',''
  ) );
#697 = PCURVE('',#616,#698);
#698 = DEFINITIONAL_REPRESENTATION('',(#699),#716);
#699 = B_SPLINE_CURVE_WITH_KNOTS('',8,(#700,#701,#702,#703,#704,#705,
    #706,#707,#708,#709,#710,#711,#712,#713,#714,#715),.UNSPECIFIED.,.F.
  ,.F.,(9,7,9),(1.570796326795,3.14159265359,4.712388980385),
  .UNSPECIFIED.);
#700 = CARTESIAN_POINT('',(0.,0.));
#701 = CARTESIAN_POINT('',(0.196349540849,0.874682266136));
#702 = CARTESIAN_POINT('',(0.392699081698,1.749364739949));
#703 = CARTESIAN_POINT('',(0.589048622548,2.572659991225));
#704 = CARTESIAN_POINT('',(0.785398163394,3.293190890179));
#705 = CARTESIAN_POINT('',(0.981747704247,3.865886582069));
#706 = CARTESIAN_POINT('',(1.178097245095,4.258441772423));
#707 = CARTESIAN_POINT('',(1.374446785946,4.454720201294));
#708 = CARTESIAN_POINT('',(1.767145867644,4.454720201294));
#709 = CARTESIAN_POINT('',(1.963495408492,4.258441772423));
#710 = CARTESIAN_POINT('',(2.159844949345,3.865886582068));
#711 = CARTESIAN_POINT('',(2.35619449019,3.293190890177));
#712 = CARTESIAN_POINT('',(2.552544031042,2.572659991226));
#713 = CARTESIAN_POINT('',(2.74889357189,1.749364739949));
#714 = CARTESIAN_POINT('',(2.94524311274,0.874682266136));
#715 = CARTESIAN_POINT('',(3.14159265359,0.));
#716 = ( GEOMETRIC_REPRESENTATION_CONTEXT(2) 
PARAMETRIC_REPRESENTATION_CONTEXT() REPRESENTATION_CONTEXT('2D SPACE',''
  ) );
#717 = ORIENTED_EDGE('',*,*,#571,.F.);
#718 = ORIENTED_EDGE('',*,*,#280,.T.);
#719 = ORIENTED_EDGE('',*,*,#371,.F.);
#720 = ADVANCED_FACE('',(#721),#462,.T.);
#721 = FACE_BOUND('',#722,.T.);
#722 = EDGE_LOOP('',(#723,#745,#786,#820,#852,#853,#854,#855));
#723 = ORIENTED_EDGE('',*,*,#724,.T.);
#724 = EDGE_CURVE('',#418,#725,#727,.T.);
#725 = VERTEX_POINT('',#726);
#726 = CARTESIAN_POINT('',(10.465189662821,74.175269301924,4.7625));
#727 = SEAM_CURVE('',#728,(#732,#738),.PCURVE_S1.);
#728 = LINE('',#729,#730);
#729 = CARTESIAN_POINT('',(10.16,78.74,4.7625));
#730 = VECTOR('',#731,1.);
#731 = DIRECTION('',(6.670926709995E-02,-0.997772455865,0.));
#732 = PCURVE('',#462,#733);
#733 = DEFINITIONAL_REPRESENTATION('',(#734),#737);
#734 = B_SPLINE_CURVE_WITH_KNOTS('',1,(#735,#736),.UNSPECIFIED.,.F.,.F.,
  (2,2),(-24.50309336747,6.335626060921),.PIECEWISE_BEZIER_KNOTS.);
#735 = CARTESIAN_POINT('',(6.28318530718,-24.50309336747));
#736 = CARTESIAN_POINT('',(6.28318530718,6.335626060921));
#737 = ( GEOMETRIC_REPRESENTATION_CONTEXT(2) 
PARAMETRIC_REPRESENTATION_CONTEXT() REPRESENTATION_CONTEXT('2D SPACE',''
  ) );
#738 = PCURVE('',#462,#739);
#739 = DEFINITIONAL_REPRESENTATION('',(#740),#744);
#740 = LINE('',#741,#742);
#741 = CARTESIAN_POINT('',(0.,0.));
#742 = VECTOR('',#743,1.);
#743 = DIRECTION('',(0.,1.));
#744 = ( GEOMETRIC_REPRESENTATION_CONTEXT(2) 
PARAMETRIC_REPRESENTATION_CONTEXT() REPRESENTATION_CONTEXT('2D SPACE',''
  ) );
#745 = ORIENTED_EDGE('',*,*,#746,.F.);
#746 = EDGE_CURVE('',#747,#725,#749,.T.);
#747 = VERTEX_POINT('',#748);
#748 = CARTESIAN_POINT('',(10.465189662821,74.175269301925,-4.7625));
#749 = SURFACE_CURVE('',#750,(#755,#768),.PCURVE_S1.);
#750 = ELLIPSE('',#751,4.773132363001,4.7625);
#751 = AXIS2_PLACEMENT_3D('',#752,#753,#754);
#752 = CARTESIAN_POINT('',(10.465189662821,74.175269301925,0.));
#753 = DIRECTION('',(0.133121338527,-0.991099747366,0.));
#754 = DIRECTION('',(-0.991099747366,-0.133121338527,0.));
#755 = PCURVE('',#462,#756);
#756 = DEFINITIONAL_REPRESENTATION('',(#757),#767);
#757 = B_SPLINE_CURVE_WITH_KNOTS('',8,(#758,#759,#760,#761,#762,#763,
    #764,#765,#766),.UNSPECIFIED.,.F.,.F.,(9,9),(1.570796326795,
    4.712388980385),.PIECEWISE_BEZIER_KNOTS.);
#758 = CARTESIAN_POINT('',(3.14159265359,4.574921537715));
#759 = CARTESIAN_POINT('',(3.534291735289,4.449881374211));
#760 = CARTESIAN_POINT('',(3.926990816986,4.324840213693));
#761 = CARTESIAN_POINT('',(4.319689898693,4.22919301098));
#762 = CARTESIAN_POINT('',(4.71238898038,4.192254264628));
#763 = CARTESIAN_POINT('',(5.10508806209,4.229193010985));
#764 = CARTESIAN_POINT('',(5.497787143781,4.324840213693));
#765 = CARTESIAN_POINT('',(5.890486225481,4.449881374211));
#766 = CARTESIAN_POINT('',(6.28318530718,4.574921537715));
#767 = ( GEOMETRIC_REPRESENTATION_CONTEXT(2) 
PARAMETRIC_REPRESENTATION_CONTEXT() REPRESENTATION_CONTEXT('2D SPACE',''
  ) );
#768 = PCURVE('',#769,#774);
#769 = CYLINDRICAL_SURFACE('',#770,4.7625);
#770 = AXIS2_PLACEMENT_3D('',#771,#772,#773);
#771 = CARTESIAN_POINT('',(10.465189662821,74.175269301925,0.));
#772 = DIRECTION('',(0.198940342639,-0.980011602008,0.));
#773 = DIRECTION('',(-1.088031444949E-16,-2.208681489251E-17,1.));
#774 = DEFINITIONAL_REPRESENTATION('',(#775),#785);
#775 = B_SPLINE_CURVE_WITH_KNOTS('',8,(#776,#777,#778,#779,#780,#781,
    #782,#783,#784),.UNSPECIFIED.,.F.,.F.,(9,9),(1.570796326795,
    4.712388980385),.PIECEWISE_BEZIER_KNOTS.);
#776 = CARTESIAN_POINT('',(3.14159265359,0.));
#777 = CARTESIAN_POINT('',(3.534291735289,0.125040163504));
#778 = CARTESIAN_POINT('',(3.926990816988,0.250081324018));
#779 = CARTESIAN_POINT('',(4.319689898686,0.345728526732));
#780 = CARTESIAN_POINT('',(4.712388980391,0.382667273065));
#781 = CARTESIAN_POINT('',(5.105088062082,0.345728526733));
#782 = CARTESIAN_POINT('',(5.497787143783,0.250081324018));
#783 = CARTESIAN_POINT('',(5.890486225481,0.125040163504));
#784 = CARTESIAN_POINT('',(6.28318530718,0.));
#785 = ( GEOMETRIC_REPRESENTATION_CONTEXT(2) 
PARAMETRIC_REPRESENTATION_CONTEXT() REPRESENTATION_CONTEXT('2D SPACE',''
  ) );
#786 = ORIENTED_EDGE('',*,*,#787,.F.);
#787 = EDGE_CURVE('',#788,#747,#790,.T.);
#788 = VERTEX_POINT('',#789);
#789 = CARTESIAN_POINT('',(5.734539383707,73.539863532797,
    5.832380380939E-16));
#790 = SURFACE_CURVE('',#791,(#796,#808),.PCURVE_S1.);
#791 = ELLIPSE('',#792,4.773132363001,4.7625);
#792 = AXIS2_PLACEMENT_3D('',#793,#794,#795);
#793 = CARTESIAN_POINT('',(10.465189662821,74.175269301925,0.));
#794 = DIRECTION('',(0.133121338527,-0.991099747366,0.));
#795 = DIRECTION('',(-0.991099747366,-0.133121338527,0.));
#796 = PCURVE('',#462,#797);
#797 = DEFINITIONAL_REPRESENTATION('',(#798),#807);
#798 = B_SPLINE_CURVE_WITH_KNOTS('',7,(#799,#800,#801,#802,#803,#804,
    #805,#806),.UNSPECIFIED.,.F.,.F.,(8,8),(0.,1.570796326795),
  .PIECEWISE_BEZIER_KNOTS.);
#799 = CARTESIAN_POINT('',(1.570796326795,4.893333699421));
#800 = CARTESIAN_POINT('',(1.795195802051,4.893333699421));
#801 = CARTESIAN_POINT('',(2.019595277307,4.874627407578));
#802 = CARTESIAN_POINT('',(2.243994752565,4.837217537546));
#803 = CARTESIAN_POINT('',(2.46839422782,4.78340088988));
#804 = CARTESIAN_POINT('',(2.692793703077,4.717824291584));
#805 = CARTESIAN_POINT('',(2.917193178333,4.646373059717));
#806 = CARTESIAN_POINT('',(3.14159265359,4.574921537715));
#807 = ( GEOMETRIC_REPRESENTATION_CONTEXT(2) 
PARAMETRIC_REPRESENTATION_CONTEXT() REPRESENTATION_CONTEXT('2D SPACE',''
  ) );
#808 = PCURVE('',#769,#809);
#809 = DEFINITIONAL_REPRESENTATION('',(#810),#819);
#810 = B_SPLINE_CURVE_WITH_KNOTS('',7,(#811,#812,#813,#814,#815,#816,
    #817,#818),.UNSPECIFIED.,.F.,.F.,(8,8),(0.,1.570796326795),
  .PIECEWISE_BEZIER_KNOTS.);
#811 = CARTESIAN_POINT('',(1.570796326795,-0.318412161707));
#812 = CARTESIAN_POINT('',(1.795195802051,-0.318412161707));
#813 = CARTESIAN_POINT('',(2.019595277307,-0.299705869864));
#814 = CARTESIAN_POINT('',(2.243994752564,-0.262295999831));
#815 = CARTESIAN_POINT('',(2.46839422782,-0.208479352165));
#816 = CARTESIAN_POINT('',(2.692793703077,-0.142902753869));
#817 = CARTESIAN_POINT('',(2.917193178333,-7.145152200227E-02));
#818 = CARTESIAN_POINT('',(3.14159265359,0.));
#819 = ( GEOMETRIC_REPRESENTATION_CONTEXT(2) 
PARAMETRIC_REPRESENTATION_CONTEXT() REPRESENTATION_CONTEXT('2D SPACE',''
  ) );
#820 = ORIENTED_EDGE('',*,*,#821,.F.);
#821 = EDGE_CURVE('',#725,#788,#822,.T.);
#822 = SURFACE_CURVE('',#823,(#828,#840),.PCURVE_S1.);
#823 = ELLIPSE('',#824,4.773132363001,4.7625);
#824 = AXIS2_PLACEMENT_3D('',#825,#826,#827);
#825 = CARTESIAN_POINT('',(10.465189662821,74.175269301925,0.));
#826 = DIRECTION('',(0.133121338527,-0.991099747366,0.));
#827 = DIRECTION('',(-0.991099747366,-0.133121338527,0.));
#828 = PCURVE('',#462,#829);
#829 = DEFINITIONAL_REPRESENTATION('',(#830),#839);
#830 = B_SPLINE_CURVE_WITH_KNOTS('',7,(#831,#832,#833,#834,#835,#836,
    #837,#838),.UNSPECIFIED.,.F.,.F.,(8,8),(4.712388980385,6.28318530718
    ),.PIECEWISE_BEZIER_KNOTS.);
#831 = CARTESIAN_POINT('',(0.,4.574921537715));
#832 = CARTESIAN_POINT('',(0.224399475256,4.646373059717));
#833 = CARTESIAN_POINT('',(0.448798950513,4.717824291584));
#834 = CARTESIAN_POINT('',(0.673198425769,4.783400889881));
#835 = CARTESIAN_POINT('',(0.897597901025,4.837217537545));
#836 = CARTESIAN_POINT('',(1.121997376282,4.874627407579));
#837 = CARTESIAN_POINT('',(1.346396851538,4.893333699421));
#838 = CARTESIAN_POINT('',(1.570796326795,4.893333699421));
#839 = ( GEOMETRIC_REPRESENTATION_CONTEXT(2) 
PARAMETRIC_REPRESENTATION_CONTEXT() REPRESENTATION_CONTEXT('2D SPACE',''
  ) );
#840 = PCURVE('',#769,#841);
#841 = DEFINITIONAL_REPRESENTATION('',(#842),#851);
#842 = B_SPLINE_CURVE_WITH_KNOTS('',7,(#843,#844,#845,#846,#847,#848,
    #849,#850),.UNSPECIFIED.,.F.,.F.,(8,8),(4.712388980385,6.28318530718
    ),.PIECEWISE_BEZIER_KNOTS.);
#843 = CARTESIAN_POINT('',(0.,0.));
#844 = CARTESIAN_POINT('',(0.224399475256,-7.145152200227E-02));
#845 = CARTESIAN_POINT('',(0.448798950513,-0.142902753869));
#846 = CARTESIAN_POINT('',(0.67319842577,-0.208479352165));
#847 = CARTESIAN_POINT('',(0.897597901026,-0.262295999831));
#848 = CARTESIAN_POINT('',(1.121997376282,-0.299705869864));
#849 = CARTESIAN_POINT('',(1.346396851538,-0.318412161707));
#850 = CARTESIAN_POINT('',(1.570796326795,-0.318412161707));
#851 = ( GEOMETRIC_REPRESENTATION_CONTEXT(2) 
PARAMETRIC_REPRESENTATION_CONTEXT() REPRESENTATION_CONTEXT('2D SPACE',''
  ) );
#852 = ORIENTED_EDGE('',*,*,#724,.F.);
#853 = ORIENTED_EDGE('',*,*,#516,.T.);
#854 = ORIENTED_EDGE('',*,*,#480,.T.);
#855 = ORIENTED_EDGE('',*,*,#439,.T.);
#856 = ADVANCED_FACE('',(#857),#616,.T.);
#857 = FACE_BOUND('',#858,.T.);
#858 = EDGE_LOOP('',(#859,#881,#922,#956,#988,#989,#990,#991));
#859 = ORIENTED_EDGE('',*,*,#860,.T.);
#860 = EDGE_CURVE('',#572,#861,#863,.T.);
#861 = VERTEX_POINT('',#862);
#862 = CARTESIAN_POINT('',(10.465189662821,157.99526930192,4.7625));
#863 = SEAM_CURVE('',#864,(#868,#874),.PCURVE_S1.);
#864 = LINE('',#865,#866);
#865 = CARTESIAN_POINT('',(10.16,162.56,4.7625));
#866 = VECTOR('',#867,1.);
#867 = DIRECTION('',(6.670926709995E-02,-0.997772455865,0.));
#868 = PCURVE('',#616,#869);
#869 = DEFINITIONAL_REPRESENTATION('',(#870),#873);
#870 = B_SPLINE_CURVE_WITH_KNOTS('',1,(#871,#872),.UNSPECIFIED.,.F.,.F.,
  (2,2),(-24.50309336747,6.335626060921),.PIECEWISE_BEZIER_KNOTS.);
#871 = CARTESIAN_POINT('',(6.28318530718,-24.50309336747));
#872 = CARTESIAN_POINT('',(6.28318530718,6.335626060921));
#873 = ( GEOMETRIC_REPRESENTATION_CONTEXT(2) 
PARAMETRIC_REPRESENTATION_CONTEXT() REPRESENTATION_CONTEXT('2D SPACE',''
  ) );
#874 = PCURVE('',#616,#875);
#875 = DEFINITIONAL_REPRESENTATION('',(#876),#880);
#876 = LINE('',#877,#878);
#877 = CARTESIAN_POINT('',(0.,0.));
#878 = VECTOR('',#879,1.);
#879 = DIRECTION('',(0.,1.));
#880 = ( GEOMETRIC_REPRESENTATION_CONTEXT(2) 
PARAMETRIC_REPRESENTATION_CONTEXT() REPRESENTATION_CONTEXT('2D SPACE',''
  ) );
#881 = ORIENTED_EDGE('',*,*,#882,.F.);
#882 = EDGE_CURVE('',#883,#861,#885,.T.);
#883 = VERTEX_POINT('',#884);
#884 = CARTESIAN_POINT('',(10.465189662821,157.99526930192,-4.7625));
#885 = SURFACE_CURVE('',#886,(#891,#904),.PCURVE_S1.);
#886 = ELLIPSE('',#887,4.773132363001,4.7625);
#887 = AXIS2_PLACEMENT_3D('',#888,#889,#890);
#888 = CARTESIAN_POINT('',(10.465189662821,157.99526930192,0.));
#889 = DIRECTION('',(0.133121338527,-0.991099747366,0.));
#890 = DIRECTION('',(-0.991099747366,-0.133121338527,0.));
#891 = PCURVE('',#616,#892);
#892 = DEFINITIONAL_REPRESENTATION('',(#893),#903);
#893 = B_SPLINE_CURVE_WITH_KNOTS('',8,(#894,#895,#896,#897,#898,#899,
    #900,#901,#902),.UNSPECIFIED.,.F.,.F.,(9,9),(1.570796326795,
    4.712388980385),.PIECEWISE_BEZIER_KNOTS.);
#894 = CARTESIAN_POINT('',(3.14159265359,4.574921537715));
#895 = CARTESIAN_POINT('',(3.534291735289,4.449881374211));
#896 = CARTESIAN_POINT('',(3.926990816988,4.324840213695));
#897 = CARTESIAN_POINT('',(4.319689898687,4.229193010974));
#898 = CARTESIAN_POINT('',(4.71238898039,4.192254264644));
#899 = CARTESIAN_POINT('',(5.105088062085,4.229193010975));
#900 = CARTESIAN_POINT('',(5.497787143783,4.324840213696));
#901 = CARTESIAN_POINT('',(5.890486225481,4.449881374211));
#902 = CARTESIAN_POINT('',(6.28318530718,4.574921537715));
#903 = ( GEOMETRIC_REPRESENTATION_CONTEXT(2) 
PARAMETRIC_REPRESENTATION_CONTEXT() REPRESENTATION_CONTEXT('2D SPACE',''
  ) );
#904 = PCURVE('',#905,#910);
#905 = CYLINDRICAL_SURFACE('',#906,4.7625);
#906 = AXIS2_PLACEMENT_3D('',#907,#908,#909);
#907 = CARTESIAN_POINT('',(10.465189662821,157.99526930192,0.));
#908 = DIRECTION('',(0.198940342639,-0.980011602008,0.));
#909 = DIRECTION('',(-1.088031444949E-16,-2.208681489251E-17,1.));
#910 = DEFINITIONAL_REPRESENTATION('',(#911),#921);
#911 = B_SPLINE_CURVE_WITH_KNOTS('',8,(#912,#913,#914,#915,#916,#917,
    #918,#919,#920),.UNSPECIFIED.,.F.,.F.,(9,9),(1.570796326795,
    4.712388980385),.PIECEWISE_BEZIER_KNOTS.);
#912 = CARTESIAN_POINT('',(3.14159265359,0.));
#913 = CARTESIAN_POINT('',(3.534291735289,0.125040163504));
#914 = CARTESIAN_POINT('',(3.926990816987,0.250081324017));
#915 = CARTESIAN_POINT('',(4.319689898693,0.345728526736));
#916 = CARTESIAN_POINT('',(4.712388980384,0.382667273061));
#917 = CARTESIAN_POINT('',(5.105088062088,0.345728526736));
#918 = CARTESIAN_POINT('',(5.497787143782,0.250081324017));
#919 = CARTESIAN_POINT('',(5.890486225481,0.125040163504));
#920 = CARTESIAN_POINT('',(6.28318530718,0.));
#921 = ( GEOMETRIC_REPRESENTATION_CONTEXT(2) 
PARAMETRIC_REPRESENTATION_CONTEXT() REPRESENTATION_CONTEXT('2D SPACE',''
  ) );
#922 = ORIENTED_EDGE('',*,*,#923,.F.);
#923 = EDGE_CURVE('',#924,#883,#926,.T.);
#924 = VERTEX_POINT('',#925);
#925 = CARTESIAN_POINT('',(5.734539383707,157.35986353279,
    5.832380380939E-16));
#926 = SURFACE_CURVE('',#927,(#932,#944),.PCURVE_S1.);
#927 = ELLIPSE('',#928,4.773132363001,4.7625);
#928 = AXIS2_PLACEMENT_3D('',#929,#930,#931);
#929 = CARTESIAN_POINT('',(10.465189662821,157.99526930192,0.));
#930 = DIRECTION('',(0.133121338527,-0.991099747366,0.));
#931 = DIRECTION('',(-0.991099747366,-0.133121338527,0.));
#932 = PCURVE('',#616,#933);
#933 = DEFINITIONAL_REPRESENTATION('',(#934),#943);
#934 = B_SPLINE_CURVE_WITH_KNOTS('',7,(#935,#936,#937,#938,#939,#940,
    #941,#942),.UNSPECIFIED.,.F.,.F.,(8,8),(0.,1.570796326795),
  .PIECEWISE_BEZIER_KNOTS.);
#935 = CARTESIAN_POINT('',(1.570796326795,4.893333699421));
#936 = CARTESIAN_POINT('',(1.795195802051,4.893333699421));
#937 = CARTESIAN_POINT('',(2.019595277307,4.874627407578));
#938 = CARTESIAN_POINT('',(2.243994752565,4.837217537546));
#939 = CARTESIAN_POINT('',(2.46839422782,4.78340088988));
#940 = CARTESIAN_POINT('',(2.692793703077,4.717824291584));
#941 = CARTESIAN_POINT('',(2.917193178333,4.646373059717));
#942 = CARTESIAN_POINT('',(3.14159265359,4.574921537715));
#943 = ( GEOMETRIC_REPRESENTATION_CONTEXT(2) 
PARAMETRIC_REPRESENTATION_CONTEXT() REPRESENTATION_CONTEXT('2D SPACE',''
  ) );
#944 = PCURVE('',#905,#945);
#945 = DEFINITIONAL_REPRESENTATION('',(#946),#955);
#946 = B_SPLINE_CURVE_WITH_KNOTS('',7,(#947,#948,#949,#950,#951,#952,
    #953,#954),.UNSPECIFIED.,.F.,.F.,(8,8),(0.,1.570796326795),
  .PIECEWISE_BEZIER_KNOTS.);
#947 = CARTESIAN_POINT('',(1.570796326795,-0.318412161707));
#948 = CARTESIAN_POINT('',(1.795195802051,-0.318412161707));
#949 = CARTESIAN_POINT('',(2.019595277308,-0.299705869864));
#950 = CARTESIAN_POINT('',(2.243994752565,-0.262295999831));
#951 = CARTESIAN_POINT('',(2.468394227821,-0.208479352165));
#952 = CARTESIAN_POINT('',(2.692793703077,-0.14290275387));
#953 = CARTESIAN_POINT('',(2.917193178333,-7.145152200227E-02));
#954 = CARTESIAN_POINT('',(3.14159265359,0.));
#955 = ( GEOMETRIC_REPRESENTATION_CONTEXT(2) 
PARAMETRIC_REPRESENTATION_CONTEXT() REPRESENTATION_CONTEXT('2D SPACE',''
  ) );
#956 = ORIENTED_EDGE('',*,*,#957,.F.);
#957 = EDGE_CURVE('',#861,#924,#958,.T.);
#958 = SURFACE_CURVE('',#959,(#964,#976),.PCURVE_S1.);
#959 = ELLIPSE('',#960,4.773132363001,4.7625);
#960 = AXIS2_PLACEMENT_3D('',#961,#962,#963);
#961 = CARTESIAN_POINT('',(10.465189662821,157.99526930192,0.));
#962 = DIRECTION('',(0.133121338527,-0.991099747366,0.));
#963 = DIRECTION('',(-0.991099747366,-0.133121338527,0.));
#964 = PCURVE('',#616,#965);
#965 = DEFINITIONAL_REPRESENTATION('',(#966),#975);
#966 = B_SPLINE_CURVE_WITH_KNOTS('',7,(#967,#968,#969,#970,#971,#972,
    #973,#974),.UNSPECIFIED.,.F.,.F.,(8,8),(4.712388980385,6.28318530718
    ),.PIECEWISE_BEZIER_KNOTS.);
#967 = CARTESIAN_POINT('',(7.459766254699E-16,4.574921537715));
#968 = CARTESIAN_POINT('',(0.224399475256,4.646373059717));
#969 = CARTESIAN_POINT('',(0.448798950513,4.717824291584));
#970 = CARTESIAN_POINT('',(0.673198425769,4.783400889879));
#971 = CARTESIAN_POINT('',(0.897597901026,4.837217537546));
#972 = CARTESIAN_POINT('',(1.121997376282,4.874627407578));
#973 = CARTESIAN_POINT('',(1.346396851538,4.893333699421));
#974 = CARTESIAN_POINT('',(1.570796326795,4.893333699421));
#975 = ( GEOMETRIC_REPRESENTATION_CONTEXT(2) 
PARAMETRIC_REPRESENTATION_CONTEXT() REPRESENTATION_CONTEXT('2D SPACE',''
  ) );
#976 = PCURVE('',#905,#977);
#977 = DEFINITIONAL_REPRESENTATION('',(#978),#987);
#978 = B_SPLINE_CURVE_WITH_KNOTS('',7,(#979,#980,#981,#982,#983,#984,
    #985,#986),.UNSPECIFIED.,.F.,.F.,(8,8),(4.712388980385,6.28318530718
    ),.PIECEWISE_BEZIER_KNOTS.);
#979 = CARTESIAN_POINT('',(0.,0.));
#980 = CARTESIAN_POINT('',(0.224399475256,-7.145152200227E-02));
#981 = CARTESIAN_POINT('',(0.448798950513,-0.14290275387));
#982 = CARTESIAN_POINT('',(0.67319842577,-0.208479352165));
#983 = CARTESIAN_POINT('',(0.897597901026,-0.262295999831));
#984 = CARTESIAN_POINT('',(1.121997376282,-0.299705869864));
#985 = CARTESIAN_POINT('',(1.346396851538,-0.318412161707));
#986 = CARTESIAN_POINT('',(1.570796326795,-0.318412161707));
#987 = ( GEOMETRIC_REPRESENTATION_CONTEXT(2) 
PARAMETRIC_REPRESENTATION_CONTEXT() REPRESENTATION_CONTEXT('2D SPACE',''
  ) );
#988 = ORIENTED_EDGE('',*,*,#860,.F.);
#989 = ORIENTED_EDGE('',*,*,#670,.T.);
#990 = ORIENTED_EDGE('',*,*,#634,.T.);
#991 = ORIENTED_EDGE('',*,*,#593,.T.);
#992 = ADVANCED_FACE('',(#993),#769,.T.);
#993 = FACE_BOUND('',#994,.T.);
#994 = EDGE_LOOP('',(#995,#1017,#1058,#1092,#1124,#1125,#1126,#1127));
#995 = ORIENTED_EDGE('',*,*,#996,.T.);
#996 = EDGE_CURVE('',#725,#997,#999,.T.);
#997 = VERTEX_POINT('',#998);
#998 = CARTESIAN_POINT('',(11.375326121082,69.691793116687,4.7625));
#999 = SEAM_CURVE('',#1000,(#1004,#1010),.PCURVE_S1.);
#1000 = LINE('',#1001,#1002);
#1001 = CARTESIAN_POINT('',(10.465189662821,74.175269301925,4.7625));
#1002 = VECTOR('',#1003,1.);
#1003 = DIRECTION('',(0.198940342639,-0.980011602008,0.));
#1004 = PCURVE('',#769,#1005);
#1005 = DEFINITIONAL_REPRESENTATION('',(#1006),#1009);
#1006 = B_SPLINE_CURVE_WITH_KNOTS('',1,(#1007,#1008),.UNSPECIFIED.,.F.,
  .F.,(2,2),(-1.760704523206,6.335626060921),.PIECEWISE_BEZIER_KNOTS.);
#1007 = CARTESIAN_POINT('',(6.28318530718,-1.760704523206));
#1008 = CARTESIAN_POINT('',(6.28318530718,6.335626060921));
#1009 = ( GEOMETRIC_REPRESENTATION_CONTEXT(2) 
PARAMETRIC_REPRESENTATION_CONTEXT() REPRESENTATION_CONTEXT('2D SPACE',''
  ) );
#1010 = PCURVE('',#769,#1011);
#1011 = DEFINITIONAL_REPRESENTATION('',(#1012),#1016);
#1012 = LINE('',#1013,#1014);
#1013 = CARTESIAN_POINT('',(0.,0.));
#1014 = VECTOR('',#1015,1.);
#1015 = DIRECTION('',(0.,1.));
#1016 = ( GEOMETRIC_REPRESENTATION_CONTEXT(2) 
PARAMETRIC_REPRESENTATION_CONTEXT() REPRESENTATION_CONTEXT('2D SPACE',''
  ) );
#1017 = ORIENTED_EDGE('',*,*,#1018,.F.);
#1018 = EDGE_CURVE('',#1019,#997,#1021,.T.);
#1019 = VERTEX_POINT('',#1020);
#1020 = CARTESIAN_POINT('',(11.375326121082,69.691793116687,-4.7625));
#1021 = SURFACE_CURVE('',#1022,(#1027,#1040),.PCURVE_S1.);
#1022 = ELLIPSE('',#1023,4.773132363001,4.7625);
#1023 = AXIS2_PLACEMENT_3D('',#1024,#1025,#1026);
#1024 = CARTESIAN_POINT('',(11.375326121082,69.691793116687,0.));
#1025 = DIRECTION('',(0.263873049965,-0.964557418458,0.));
#1026 = DIRECTION('',(-0.964557418458,-0.263873049965,0.));
#1027 = PCURVE('',#769,#1028);
#1028 = DEFINITIONAL_REPRESENTATION('',(#1029),#1039);
#1029 = B_SPLINE_CURVE_WITH_KNOTS('',8,(#1030,#1031,#1032,#1033,#1034,
    #1035,#1036,#1037,#1038),.UNSPECIFIED.,.F.,.F.,(9,9),(1.570796326795
    ,4.712388980385),.PIECEWISE_BEZIER_KNOTS.);
#1030 = CARTESIAN_POINT('',(3.14159265359,4.574921537715));
#1031 = CARTESIAN_POINT('',(3.534291735289,4.449881374211));
#1032 = CARTESIAN_POINT('',(3.926990816988,4.324840213699));
#1033 = CARTESIAN_POINT('',(4.319689898686,4.229193010957));
#1034 = CARTESIAN_POINT('',(4.712388980391,4.192254264667));
#1035 = CARTESIAN_POINT('',(5.105088062082,4.229193010966));
#1036 = CARTESIAN_POINT('',(5.497787143783,4.324840213699));
#1037 = CARTESIAN_POINT('',(5.890486225481,4.449881374211));
#1038 = CARTESIAN_POINT('',(6.28318530718,4.574921537715));
#1039 = ( GEOMETRIC_REPRESENTATION_CONTEXT(2) 
PARAMETRIC_REPRESENTATION_CONTEXT() REPRESENTATION_CONTEXT('2D SPACE',''
  ) );
#1040 = PCURVE('',#1041,#1046);
#1041 = CYLINDRICAL_SURFACE('',#1042,4.7625);
#1042 = AXIS2_PLACEMENT_3D('',#1043,#1044,#1045);
#1043 = CARTESIAN_POINT('',(11.375326121082,69.691793116687,0.));
#1044 = DIRECTION('',(0.327630179562,-0.944806046467,0.));
#1045 = DIRECTION('',(-1.048945426593E-16,-3.637425689115E-17,1.));
#1046 = DEFINITIONAL_REPRESENTATION('',(#1047),#1057);
#1047 = B_SPLINE_CURVE_WITH_KNOTS('',8,(#1048,#1049,#1050,#1051,#1052,
    #1053,#1054,#1055,#1056),.UNSPECIFIED.,.F.,.F.,(9,9),(1.570796326795
    ,4.712388980385),.PIECEWISE_BEZIER_KNOTS.);
#1048 = CARTESIAN_POINT('',(3.14159265359,0.));
#1049 = CARTESIAN_POINT('',(3.534291735289,0.125040163504));
#1050 = CARTESIAN_POINT('',(3.926990816988,0.250081324017));
#1051 = CARTESIAN_POINT('',(4.319689898689,0.345728526735));
#1052 = CARTESIAN_POINT('',(4.712388980385,0.382667273063));
#1053 = CARTESIAN_POINT('',(5.105088062086,0.345728526735));
#1054 = CARTESIAN_POINT('',(5.497787143783,0.250081324017));
#1055 = CARTESIAN_POINT('',(5.890486225481,0.125040163504));
#1056 = CARTESIAN_POINT('',(6.28318530718,0.));
#1057 = ( GEOMETRIC_REPRESENTATION_CONTEXT(2) 
PARAMETRIC_REPRESENTATION_CONTEXT() REPRESENTATION_CONTEXT('2D SPACE',''
  ) );
#1058 = ORIENTED_EDGE('',*,*,#1059,.F.);
#1059 = EDGE_CURVE('',#1060,#1019,#1062,.T.);
#1060 = VERTEX_POINT('',#1061);
#1061 = CARTESIAN_POINT('',(6.771365891069,68.432292122174,
    5.832380380939E-16));
#1062 = SURFACE_CURVE('',#1063,(#1068,#1080),.PCURVE_S1.);
#1063 = ELLIPSE('',#1064,4.773132363001,4.7625);
#1064 = AXIS2_PLACEMENT_3D('',#1065,#1066,#1067);
#1065 = CARTESIAN_POINT('',(11.375326121082,69.691793116687,0.));
#1066 = DIRECTION('',(0.263873049965,-0.964557418458,0.));
#1067 = DIRECTION('',(-0.964557418458,-0.263873049965,0.));
#1068 = PCURVE('',#769,#1069);
#1069 = DEFINITIONAL_REPRESENTATION('',(#1070),#1079);
#1070 = B_SPLINE_CURVE_WITH_KNOTS('',7,(#1071,#1072,#1073,#1074,#1075,
    #1076,#1077,#1078),.UNSPECIFIED.,.F.,.F.,(8,8),(0.,1.570796326795),
  .PIECEWISE_BEZIER_KNOTS.);
#1071 = CARTESIAN_POINT('',(1.570796326795,4.893333699421));
#1072 = CARTESIAN_POINT('',(1.795195802051,4.893333699421));
#1073 = CARTESIAN_POINT('',(2.019595277308,4.874627407578));
#1074 = CARTESIAN_POINT('',(2.243994752564,4.837217537546));
#1075 = CARTESIAN_POINT('',(2.468394227821,4.78340088988));
#1076 = CARTESIAN_POINT('',(2.692793703077,4.717824291584));
#1077 = CARTESIAN_POINT('',(2.917193178333,4.646373059717));
#1078 = CARTESIAN_POINT('',(3.14159265359,4.574921537715));
#1079 = ( GEOMETRIC_REPRESENTATION_CONTEXT(2) 
PARAMETRIC_REPRESENTATION_CONTEXT() REPRESENTATION_CONTEXT('2D SPACE',''
  ) );
#1080 = PCURVE('',#1041,#1081);
#1081 = DEFINITIONAL_REPRESENTATION('',(#1082),#1091);
#1082 = B_SPLINE_CURVE_WITH_KNOTS('',7,(#1083,#1084,#1085,#1086,#1087,
    #1088,#1089,#1090),.UNSPECIFIED.,.F.,.F.,(8,8),(0.,1.570796326795),
  .PIECEWISE_BEZIER_KNOTS.);
#1083 = CARTESIAN_POINT('',(1.570796326795,-0.318412161707));
#1084 = CARTESIAN_POINT('',(1.795195802051,-0.318412161707));
#1085 = CARTESIAN_POINT('',(2.019595277308,-0.299705869864));
#1086 = CARTESIAN_POINT('',(2.243994752565,-0.262295999831));
#1087 = CARTESIAN_POINT('',(2.46839422782,-0.208479352165));
#1088 = CARTESIAN_POINT('',(2.692793703077,-0.142902753869));
#1089 = CARTESIAN_POINT('',(2.917193178333,-7.145152200227E-02));
#1090 = CARTESIAN_POINT('',(3.14159265359,0.));
#1091 = ( GEOMETRIC_REPRESENTATION_CONTEXT(2) 
PARAMETRIC_REPRESENTATION_CONTEXT() REPRESENTATION_CONTEXT('2D SPACE',''
  ) );
#1092 = ORIENTED_EDGE('',*,*,#1093,.F.);
#1093 = EDGE_CURVE('',#997,#1060,#1094,.T.);
#1094 = SURFACE_CURVE('',#1095,(#1100,#1112),.PCURVE_S1.);
#1095 = ELLIPSE('',#1096,4.773132363001,4.7625);
#1096 = AXIS2_PLACEMENT_3D('',#1097,#1098,#1099);
#1097 = CARTESIAN_POINT('',(11.375326121082,69.691793116687,0.));
#1098 = DIRECTION('',(0.263873049965,-0.964557418458,0.));
#1099 = DIRECTION('',(-0.964557418458,-0.263873049965,0.));
#1100 = PCURVE('',#769,#1101);
#1101 = DEFINITIONAL_REPRESENTATION('',(#1102),#1111);
#1102 = B_SPLINE_CURVE_WITH_KNOTS('',7,(#1103,#1104,#1105,#1106,#1107,
    #1108,#1109,#1110),.UNSPECIFIED.,.F.,.F.,(8,8),(4.712388980385,
    6.28318530718),.PIECEWISE_BEZIER_KNOTS.);
#1103 = CARTESIAN_POINT('',(0.,4.574921537715));
#1104 = CARTESIAN_POINT('',(0.224399475256,4.646373059717));
#1105 = CARTESIAN_POINT('',(0.448798950513,4.717824291584));
#1106 = CARTESIAN_POINT('',(0.67319842577,4.78340088988));
#1107 = CARTESIAN_POINT('',(0.897597901026,4.837217537545));
#1108 = CARTESIAN_POINT('',(1.121997376282,4.874627407578));
#1109 = CARTESIAN_POINT('',(1.346396851538,4.893333699421));
#1110 = CARTESIAN_POINT('',(1.570796326795,4.893333699421));
#1111 = ( GEOMETRIC_REPRESENTATION_CONTEXT(2) 
PARAMETRIC_REPRESENTATION_CONTEXT() REPRESENTATION_CONTEXT('2D SPACE',''
  ) );
#1112 = PCURVE('',#1041,#1113);
#1113 = DEFINITIONAL_REPRESENTATION('',(#1114),#1123);
#1114 = B_SPLINE_CURVE_WITH_KNOTS('',7,(#1115,#1116,#1117,#1118,#1119,
    #1120,#1121,#1122),.UNSPECIFIED.,.F.,.F.,(8,8),(4.712388980385,
    6.28318530718),.PIECEWISE_BEZIER_KNOTS.);
#1115 = CARTESIAN_POINT('',(0.,0.));
#1116 = CARTESIAN_POINT('',(0.224399475256,-7.145152200227E-02));
#1117 = CARTESIAN_POINT('',(0.448798950513,-0.142902753869));
#1118 = CARTESIAN_POINT('',(0.673198425769,-0.208479352165));
#1119 = CARTESIAN_POINT('',(0.897597901026,-0.262295999831));
#1120 = CARTESIAN_POINT('',(1.121997376282,-0.299705869864));
#1121 = CARTESIAN_POINT('',(1.346396851538,-0.318412161707));
#1122 = CARTESIAN_POINT('',(1.570796326795,-0.318412161707));
#1123 = ( GEOMETRIC_REPRESENTATION_CONTEXT(2) 
PARAMETRIC_REPRESENTATION_CONTEXT() REPRESENTATION_CONTEXT('2D SPACE',''
  ) );
#1124 = ORIENTED_EDGE('',*,*,#996,.F.);
#1125 = ORIENTED_EDGE('',*,*,#821,.T.);
#1126 = ORIENTED_EDGE('',*,*,#787,.T.);
#1127 = ORIENTED_EDGE('',*,*,#746,.T.);
#1128 = ADVANCED_FACE('',(#1129),#905,.T.);
#1129 = FACE_BOUND('',#1130,.T.);
#1130 = EDGE_LOOP('',(#1131,#1153,#1194,#1228,#1260,#1261,#1262,#1263));
#1131 = ORIENTED_EDGE('',*,*,#1132,.T.);
#1132 = EDGE_CURVE('',#861,#1133,#1135,.T.);
#1133 = VERTEX_POINT('',#1134);
#1134 = CARTESIAN_POINT('',(11.375326121082,153.51179311668,4.7625));
#1135 = SEAM_CURVE('',#1136,(#1140,#1146),.PCURVE_S1.);
#1136 = LINE('',#1137,#1138);
#1137 = CARTESIAN_POINT('',(10.465189662821,157.99526930192,4.7625));
#1138 = VECTOR('',#1139,1.);
#1139 = DIRECTION('',(0.198940342639,-0.980011602008,0.));
#1140 = PCURVE('',#905,#1141);
#1141 = DEFINITIONAL_REPRESENTATION('',(#1142),#1145);
#1142 = B_SPLINE_CURVE_WITH_KNOTS('',1,(#1143,#1144),.UNSPECIFIED.,.F.,
  .F.,(2,2),(-1.760704523206,6.335626060921),.PIECEWISE_BEZIER_KNOTS.);
#1143 = CARTESIAN_POINT('',(6.28318530718,-1.760704523206));
#1144 = CARTESIAN_POINT('',(6.28318530718,6.335626060921));
#1145 = ( GEOMETRIC_REPRESENTATION_CONTEXT(2) 
PARAMETRIC_REPRESENTATION_CONTEXT() REPRESENTATION_CONTEXT('2D SPACE',''
  ) );
#1146 = PCURVE('',#905,#1147);
#1147 = DEFINITIONAL_REPRESENTATION('',(#1148),#1152);
#1148 = LINE('',#1149,#1150);
#1149 = CARTESIAN_POINT('',(0.,0.));
#1150 = VECTOR('',#1151,1.);
#1151 = DIRECTION('',(0.,1.));
#1152 = ( GEOMETRIC_REPRESENTATION_CONTEXT(2) 
PARAMETRIC_REPRESENTATION_CONTEXT() REPRESENTATION_CONTEXT('2D SPACE',''
  ) );
#1153 = ORIENTED_EDGE('',*,*,#1154,.F.);
#1154 = EDGE_CURVE('',#1155,#1133,#1157,.T.);
#1155 = VERTEX_POINT('',#1156);
#1156 = CARTESIAN_POINT('',(11.375326121082,153.51179311668,-4.7625));
#1157 = SURFACE_CURVE('',#1158,(#1163,#1176),.PCURVE_S1.);
#1158 = ELLIPSE('',#1159,4.773132363001,4.7625);
#1159 = AXIS2_PLACEMENT_3D('',#1160,#1161,#1162);
#1160 = CARTESIAN_POINT('',(11.375326121082,153.51179311668,0.));
#1161 = DIRECTION('',(0.263873049965,-0.964557418458,0.));
#1162 = DIRECTION('',(-0.964557418458,-0.263873049965,0.));
#1163 = PCURVE('',#905,#1164);
#1164 = DEFINITIONAL_REPRESENTATION('',(#1165),#1175);
#1165 = B_SPLINE_CURVE_WITH_KNOTS('',8,(#1166,#1167,#1168,#1169,#1170,
    #1171,#1172,#1173,#1174),.UNSPECIFIED.,.F.,.F.,(9,9),(1.570796326795
    ,4.712388980385),.PIECEWISE_BEZIER_KNOTS.);
#1166 = CARTESIAN_POINT('',(3.14159265359,4.574921537715));
#1167 = CARTESIAN_POINT('',(3.534291735289,4.449881374211));
#1168 = CARTESIAN_POINT('',(3.926990816987,4.324840213692));
#1169 = CARTESIAN_POINT('',(4.319689898693,4.229193010986));
#1170 = CARTESIAN_POINT('',(4.71238898038,4.192254264638));
#1171 = CARTESIAN_POINT('',(5.10508806209,4.229193010988));
#1172 = CARTESIAN_POINT('',(5.497787143781,4.324840213694));
#1173 = CARTESIAN_POINT('',(5.890486225481,4.449881374211));
#1174 = CARTESIAN_POINT('',(6.28318530718,4.574921537715));
#1175 = ( GEOMETRIC_REPRESENTATION_CONTEXT(2) 
PARAMETRIC_REPRESENTATION_CONTEXT() REPRESENTATION_CONTEXT('2D SPACE',''
  ) );
#1176 = PCURVE('',#1177,#1182);
#1177 = CYLINDRICAL_SURFACE('',#1178,4.7625);
#1178 = AXIS2_PLACEMENT_3D('',#1179,#1180,#1181);
#1179 = CARTESIAN_POINT('',(11.375326121082,153.51179311668,0.));
#1180 = DIRECTION('',(0.327630179562,-0.944806046467,0.));
#1181 = DIRECTION('',(-1.048945426593E-16,-3.637425689115E-17,1.));
#1182 = DEFINITIONAL_REPRESENTATION('',(#1183),#1193);
#1183 = B_SPLINE_CURVE_WITH_KNOTS('',8,(#1184,#1185,#1186,#1187,#1188,
    #1189,#1190,#1191,#1192),.UNSPECIFIED.,.F.,.F.,(9,9),(1.570796326795
    ,4.712388980385),.PIECEWISE_BEZIER_KNOTS.);
#1184 = CARTESIAN_POINT('',(3.14159265359,0.));
#1185 = CARTESIAN_POINT('',(3.534291735289,0.125040163504));
#1186 = CARTESIAN_POINT('',(3.926990816987,0.250081324017));
#1187 = CARTESIAN_POINT('',(4.319689898693,0.345728526735));
#1188 = CARTESIAN_POINT('',(4.71238898038,0.382667273062));
#1189 = CARTESIAN_POINT('',(5.10508806209,0.345728526735));
#1190 = CARTESIAN_POINT('',(5.497787143781,0.250081324017));
#1191 = CARTESIAN_POINT('',(5.890486225481,0.125040163504));
#1192 = CARTESIAN_POINT('',(6.28318530718,0.));
#1193 = ( GEOMETRIC_REPRESENTATION_CONTEXT(2) 
PARAMETRIC_REPRESENTATION_CONTEXT() REPRESENTATION_CONTEXT('2D SPACE',''
  ) );
#1194 = ORIENTED_EDGE('',*,*,#1195,.F.);
#1195 = EDGE_CURVE('',#1196,#1155,#1198,.T.);
#1196 = VERTEX_POINT('',#1197);
#1197 = CARTESIAN_POINT('',(6.771365891069,152.25229212217,
    5.832380380939E-16));
#1198 = SURFACE_CURVE('',#1199,(#1204,#1216),.PCURVE_S1.);
#1199 = ELLIPSE('',#1200,4.773132363001,4.7625);
#1200 = AXIS2_PLACEMENT_3D('',#1201,#1202,#1203);
#1201 = CARTESIAN_POINT('',(11.375326121082,153.51179311668,0.));
#1202 = DIRECTION('',(0.263873049965,-0.964557418458,0.));
#1203 = DIRECTION('',(-0.964557418458,-0.263873049965,0.));
#1204 = PCURVE('',#905,#1205);
#1205 = DEFINITIONAL_REPRESENTATION('',(#1206),#1215);
#1206 = B_SPLINE_CURVE_WITH_KNOTS('',7,(#1207,#1208,#1209,#1210,#1211,
    #1212,#1213,#1214),.UNSPECIFIED.,.F.,.F.,(8,8),(0.,1.570796326795),
  .PIECEWISE_BEZIER_KNOTS.);
#1207 = CARTESIAN_POINT('',(1.570796326795,4.893333699421));
#1208 = CARTESIAN_POINT('',(1.795195802051,4.893333699421));
#1209 = CARTESIAN_POINT('',(2.019595277308,4.874627407579));
#1210 = CARTESIAN_POINT('',(2.243994752565,4.837217537544));
#1211 = CARTESIAN_POINT('',(2.46839422782,4.783400889882));
#1212 = CARTESIAN_POINT('',(2.692793703077,4.717824291584));
#1213 = CARTESIAN_POINT('',(2.917193178333,4.646373059717));
#1214 = CARTESIAN_POINT('',(3.14159265359,4.574921537715));
#1215 = ( GEOMETRIC_REPRESENTATION_CONTEXT(2) 
PARAMETRIC_REPRESENTATION_CONTEXT() REPRESENTATION_CONTEXT('2D SPACE',''
  ) );
#1216 = PCURVE('',#1177,#1217);
#1217 = DEFINITIONAL_REPRESENTATION('',(#1218),#1227);
#1218 = B_SPLINE_CURVE_WITH_KNOTS('',7,(#1219,#1220,#1221,#1222,#1223,
    #1224,#1225,#1226),.UNSPECIFIED.,.F.,.F.,(8,8),(0.,1.570796326795),
  .PIECEWISE_BEZIER_KNOTS.);
#1219 = CARTESIAN_POINT('',(1.570796326795,-0.318412161707));
#1220 = CARTESIAN_POINT('',(1.795195802051,-0.318412161707));
#1221 = CARTESIAN_POINT('',(2.019595277307,-0.299705869863));
#1222 = CARTESIAN_POINT('',(2.243994752565,-0.262295999832));
#1223 = CARTESIAN_POINT('',(2.46839422782,-0.208479352164));
#1224 = CARTESIAN_POINT('',(2.692793703077,-0.14290275387));
#1225 = CARTESIAN_POINT('',(2.917193178333,-7.145152200227E-02));
#1226 = CARTESIAN_POINT('',(3.14159265359,0.));
#1227 = ( GEOMETRIC_REPRESENTATION_CONTEXT(2) 
PARAMETRIC_REPRESENTATION_CONTEXT() REPRESENTATION_CONTEXT('2D SPACE',''
  ) );
#1228 = ORIENTED_EDGE('',*,*,#1229,.F.);
#1229 = EDGE_CURVE('',#1133,#1196,#1230,.T.);
#1230 = SURFACE_CURVE('',#1231,(#1236,#1248),.PCURVE_S1.);
#1231 = ELLIPSE('',#1232,4.773132363001,4.7625);
#1232 = AXIS2_PLACEMENT_3D('',#1233,#1234,#1235);
#1233 = CARTESIAN_POINT('',(11.375326121082,153.51179311668,0.));
#1234 = DIRECTION('',(0.263873049965,-0.964557418458,0.));
#1235 = DIRECTION('',(-0.964557418458,-0.263873049965,0.));
#1236 = PCURVE('',#905,#1237);
#1237 = DEFINITIONAL_REPRESENTATION('',(#1238),#1247);
#1238 = B_SPLINE_CURVE_WITH_KNOTS('',7,(#1239,#1240,#1241,#1242,#1243,
    #1244,#1245,#1246),.UNSPECIFIED.,.F.,.F.,(8,8),(4.712388980385,
    6.28318530718),.PIECEWISE_BEZIER_KNOTS.);
#1239 = CARTESIAN_POINT('',(0.,4.574921537715));
#1240 = CARTESIAN_POINT('',(0.224399475256,4.646373059717));
#1241 = CARTESIAN_POINT('',(0.448798950513,4.717824291585));
#1242 = CARTESIAN_POINT('',(0.673198425769,4.783400889879));
#1243 = CARTESIAN_POINT('',(0.897597901025,4.837217537547));
#1244 = CARTESIAN_POINT('',(1.121997376282,4.874627407577));
#1245 = CARTESIAN_POINT('',(1.346396851538,4.893333699421));
#1246 = CARTESIAN_POINT('',(1.570796326795,4.893333699421));
#1247 = ( GEOMETRIC_REPRESENTATION_CONTEXT(2) 
PARAMETRIC_REPRESENTATION_CONTEXT() REPRESENTATION_CONTEXT('2D SPACE',''
  ) );
#1248 = PCURVE('',#1177,#1249);
#1249 = DEFINITIONAL_REPRESENTATION('',(#1250),#1259);
#1250 = B_SPLINE_CURVE_WITH_KNOTS('',7,(#1251,#1252,#1253,#1254,#1255,
    #1256,#1257,#1258),.UNSPECIFIED.,.F.,.F.,(8,8),(4.712388980385,
    6.28318530718),.PIECEWISE_BEZIER_KNOTS.);
#1251 = CARTESIAN_POINT('',(0.,0.));
#1252 = CARTESIAN_POINT('',(0.224399475256,-7.145152200227E-02));
#1253 = CARTESIAN_POINT('',(0.448798950513,-0.14290275387));
#1254 = CARTESIAN_POINT('',(0.673198425769,-0.208479352164));
#1255 = CARTESIAN_POINT('',(0.897597901026,-0.262295999832));
#1256 = CARTESIAN_POINT('',(1.121997376282,-0.299705869863));
#1257 = CARTESIAN_POINT('',(1.346396851538,-0.318412161707));
#1258 = CARTESIAN_POINT('',(1.570796326795,-0.318412161707));
#1259 = ( GEOMETRIC_REPRESENTATION_CONTEXT(2) 
PARAMETRIC_REPRESENTATION_CONTEXT() REPRESENTATION_CONTEXT('2D SPACE',''
  ) );
#1260 = ORIENTED_EDGE('',*,*,#1132,.F.);
#1261 = ORIENTED_EDGE('',*,*,#957,.T.);
#1262 = ORIENTED_EDGE('',*,*,#923,.T.);
#1263 = ORIENTED_EDGE('',*,*,#882,.T.);
#1264 = ADVANCED_FACE('',(#1265),#1041,.T.);
#1265 = FACE_BOUND('',#1266,.T.);
#1266 = EDGE_LOOP('',(#1267,#1289,#1330,#1364,#1396,#1397,#1398,#1399));
#1267 = ORIENTED_EDGE('',*,*,#1268,.T.);
#1268 = EDGE_CURVE('',#997,#1269,#1271,.T.);
#1269 = VERTEX_POINT('',#1270);
#1270 = CARTESIAN_POINT('',(12.874208485964,65.369379585743,4.7625));
#1271 = SEAM_CURVE('',#1272,(#1276,#1282),.PCURVE_S1.);
#1272 = LINE('',#1273,#1274);
#1273 = CARTESIAN_POINT('',(11.375326121082,69.691793116687,4.7625));
#1274 = VECTOR('',#1275,1.);
#1275 = DIRECTION('',(0.327630179562,-0.944806046467,0.));
#1276 = PCURVE('',#1041,#1277);
#1277 = DEFINITIONAL_REPRESENTATION('',(#1278),#1281);
#1278 = B_SPLINE_CURVE_WITH_KNOTS('',1,(#1279,#1280),.UNSPECIFIED.,.F.,
  .F.,(2,2),(-1.760704523206,6.335626060921),.PIECEWISE_BEZIER_KNOTS.);
#1279 = CARTESIAN_POINT('',(6.28318530718,-1.760704523206));
#1280 = CARTESIAN_POINT('',(6.28318530718,6.335626060921));
#1281 = ( GEOMETRIC_REPRESENTATION_CONTEXT(2) 
PARAMETRIC_REPRESENTATION_CONTEXT() REPRESENTATION_CONTEXT('2D SPACE',''
  ) );
#1282 = PCURVE('',#1041,#1283);
#1283 = DEFINITIONAL_REPRESENTATION('',(#1284),#1288);
#1284 = LINE('',#1285,#1286);
#1285 = CARTESIAN_POINT('',(0.,0.));
#1286 = VECTOR('',#1287,1.);
#1287 = DIRECTION('',(0.,1.));
#1288 = ( GEOMETRIC_REPRESENTATION_CONTEXT(2) 
PARAMETRIC_REPRESENTATION_CONTEXT() REPRESENTATION_CONTEXT('2D SPACE',''
  ) );
#1289 = ORIENTED_EDGE('',*,*,#1290,.F.);
#1290 = EDGE_CURVE('',#1291,#1269,#1293,.T.);
#1291 = VERTEX_POINT('',#1292);
#1292 = CARTESIAN_POINT('',(12.874208485964,65.369379585743,-4.7625));
#1293 = SURFACE_CURVE('',#1294,(#1299,#1312),.PCURVE_S1.);
#1294 = ELLIPSE('',#1295,4.773132363001,4.7625);
#1295 = AXIS2_PLACEMENT_3D('',#1296,#1297,#1298);
#1296 = CARTESIAN_POINT('',(12.874208485964,65.369379585743,0.));
#1297 = DIRECTION('',(0.389927687788,-0.920845480141,0.));
#1298 = DIRECTION('',(-0.920845480141,-0.389927687788,0.));
#1299 = PCURVE('',#1041,#1300);
#1300 = DEFINITIONAL_REPRESENTATION('',(#1301),#1311);
#1301 = B_SPLINE_CURVE_WITH_KNOTS('',8,(#1302,#1303,#1304,#1305,#1306,
    #1307,#1308,#1309,#1310),.UNSPECIFIED.,.F.,.F.,(9,9),(1.570796326795
    ,4.712388980385),.PIECEWISE_BEZIER_KNOTS.);
#1302 = CARTESIAN_POINT('',(3.14159265359,4.574921537715));
#1303 = CARTESIAN_POINT('',(3.534291735289,4.449881374211));
#1304 = CARTESIAN_POINT('',(3.926990816987,4.324840213699));
#1305 = CARTESIAN_POINT('',(4.31968989869,4.229193010963));
#1306 = CARTESIAN_POINT('',(4.712388980385,4.192254264661));
#1307 = CARTESIAN_POINT('',(5.105088062088,4.229193010967));
#1308 = CARTESIAN_POINT('',(5.497787143782,4.324840213699));
#1309 = CARTESIAN_POINT('',(5.890486225481,4.449881374211));
#1310 = CARTESIAN_POINT('',(6.28318530718,4.574921537715));
#1311 = ( GEOMETRIC_REPRESENTATION_CONTEXT(2) 
PARAMETRIC_REPRESENTATION_CONTEXT() REPRESENTATION_CONTEXT('2D SPACE',''
  ) );
#1312 = PCURVE('',#1313,#1318);
#1313 = CYLINDRICAL_SURFACE('',#1314,4.7625);
#1314 = AXIS2_PLACEMENT_3D('',#1315,#1316,#1317);
#1315 = CARTESIAN_POINT('',(12.874208485964,65.369379585743,0.));
#1316 = DIRECTION('',(0.450488033747,-0.892782465918,0.));
#1317 = DIRECTION('',(-9.91187649644E-17,-5.001421873837E-17,1.));
#1318 = DEFINITIONAL_REPRESENTATION('',(#1319),#1329);
#1319 = B_SPLINE_CURVE_WITH_KNOTS('',8,(#1320,#1321,#1322,#1323,#1324,
    #1325,#1326,#1327,#1328),.UNSPECIFIED.,.F.,.F.,(9,9),(1.570796326795
    ,4.712388980385),.PIECEWISE_BEZIER_KNOTS.);
#1320 = CARTESIAN_POINT('',(3.14159265359,-2.84217094304E-14));
#1321 = CARTESIAN_POINT('',(3.534291735289,0.125040163504));
#1322 = CARTESIAN_POINT('',(3.926990816987,0.250081324018));
#1323 = CARTESIAN_POINT('',(4.319689898689,0.345728526734));
#1324 = CARTESIAN_POINT('',(4.712388980385,0.382667273064));
#1325 = CARTESIAN_POINT('',(5.105088062087,0.345728526734));
#1326 = CARTESIAN_POINT('',(5.497787143783,0.250081324018));
#1327 = CARTESIAN_POINT('',(5.890486225481,0.125040163504));
#1328 = CARTESIAN_POINT('',(6.28318530718,-2.84217094304E-14));
#1329 = ( GEOMETRIC_REPRESENTATION_CONTEXT(2) 
PARAMETRIC_REPRESENTATION_CONTEXT() REPRESENTATION_CONTEXT('2D SPACE',''
  ) );
#1330 = ORIENTED_EDGE('',*,*,#1331,.F.);
#1331 = EDGE_CURVE('',#1332,#1291,#1334,.T.);
#1332 = VERTEX_POINT('',#1333);
#1333 = CARTESIAN_POINT('',(8.47889112338,63.508203119931,
    5.832380380939E-16));
#1334 = SURFACE_CURVE('',#1335,(#1340,#1352),.PCURVE_S1.);
#1335 = ELLIPSE('',#1336,4.773132363001,4.7625);
#1336 = AXIS2_PLACEMENT_3D('',#1337,#1338,#1339);
#1337 = CARTESIAN_POINT('',(12.874208485964,65.369379585743,0.));
#1338 = DIRECTION('',(0.389927687788,-0.920845480141,0.));
#1339 = DIRECTION('',(-0.920845480141,-0.389927687788,0.));
#1340 = PCURVE('',#1041,#1341);
#1341 = DEFINITIONAL_REPRESENTATION('',(#1342),#1351);
#1342 = B_SPLINE_CURVE_WITH_KNOTS('',7,(#1343,#1344,#1345,#1346,#1347,
    #1348,#1349,#1350),.UNSPECIFIED.,.F.,.F.,(8,8),(0.,1.570796326795),
  .PIECEWISE_BEZIER_KNOTS.);
#1343 = CARTESIAN_POINT('',(1.570796326795,4.893333699421));
#1344 = CARTESIAN_POINT('',(1.795195802051,4.893333699421));
#1345 = CARTESIAN_POINT('',(2.019595277307,4.874627407578));
#1346 = CARTESIAN_POINT('',(2.243994752565,4.837217537547));
#1347 = CARTESIAN_POINT('',(2.46839422782,4.783400889878));
#1348 = CARTESIAN_POINT('',(2.692793703077,4.717824291584));
#1349 = CARTESIAN_POINT('',(2.917193178333,4.646373059717));
#1350 = CARTESIAN_POINT('',(3.14159265359,4.574921537715));
#1351 = ( GEOMETRIC_REPRESENTATION_CONTEXT(2) 
PARAMETRIC_REPRESENTATION_CONTEXT() REPRESENTATION_CONTEXT('2D SPACE',''
  ) );
#1352 = PCURVE('',#1313,#1353);
#1353 = DEFINITIONAL_REPRESENTATION('',(#1354),#1363);
#1354 = B_SPLINE_CURVE_WITH_KNOTS('',7,(#1355,#1356,#1357,#1358,#1359,
    #1360,#1361,#1362),.UNSPECIFIED.,.F.,.F.,(8,8),(0.,1.570796326795),
  .PIECEWISE_BEZIER_KNOTS.);
#1355 = CARTESIAN_POINT('',(1.570796326795,-0.318412161707));
#1356 = CARTESIAN_POINT('',(1.795195802051,-0.318412161707));
#1357 = CARTESIAN_POINT('',(2.019595277308,-0.299705869864));
#1358 = CARTESIAN_POINT('',(2.243994752564,-0.262295999831));
#1359 = CARTESIAN_POINT('',(2.468394227821,-0.208479352165));
#1360 = CARTESIAN_POINT('',(2.692793703077,-0.142902753869));
#1361 = CARTESIAN_POINT('',(2.917193178333,-7.14515220023E-02));
#1362 = CARTESIAN_POINT('',(3.14159265359,-2.84217094304E-14));
#1363 = ( GEOMETRIC_REPRESENTATION_CONTEXT(2) 
PARAMETRIC_REPRESENTATION_CONTEXT() REPRESENTATION_CONTEXT('2D SPACE',''
  ) );
#1364 = ORIENTED_EDGE('',*,*,#1365,.F.);
#1365 = EDGE_CURVE('',#1269,#1332,#1366,.T.);
#1366 = SURFACE_CURVE('',#1367,(#1372,#1384),.PCURVE_S1.);
#1367 = ELLIPSE('',#1368,4.773132363001,4.7625);
#1368 = AXIS2_PLACEMENT_3D('',#1369,#1370,#1371);
#1369 = CARTESIAN_POINT('',(12.874208485964,65.369379585743,0.));
#1370 = DIRECTION('',(0.389927687788,-0.920845480141,0.));
#1371 = DIRECTION('',(-0.920845480141,-0.389927687788,0.));
#1372 = PCURVE('',#1041,#1373);
#1373 = DEFINITIONAL_REPRESENTATION('',(#1374),#1383);
#1374 = B_SPLINE_CURVE_WITH_KNOTS('',7,(#1375,#1376,#1377,#1378,#1379,
    #1380,#1381,#1382),.UNSPECIFIED.,.F.,.F.,(8,8),(4.712388980385,
    6.28318530718),.PIECEWISE_BEZIER_KNOTS.);
#1375 = CARTESIAN_POINT('',(0.,4.574921537715));
#1376 = CARTESIAN_POINT('',(0.224399475256,4.646373059717));
#1377 = CARTESIAN_POINT('',(0.448798950513,4.717824291584));
#1378 = CARTESIAN_POINT('',(0.673198425769,4.78340088988));
#1379 = CARTESIAN_POINT('',(0.897597901026,4.837217537547));
#1380 = CARTESIAN_POINT('',(1.121997376282,4.874627407578));
#1381 = CARTESIAN_POINT('',(1.346396851538,4.893333699421));
#1382 = CARTESIAN_POINT('',(1.570796326795,4.893333699421));
#1383 = ( GEOMETRIC_REPRESENTATION_CONTEXT(2) 
PARAMETRIC_REPRESENTATION_CONTEXT() REPRESENTATION_CONTEXT('2D SPACE',''
  ) );
#1384 = PCURVE('',#1313,#1385);
#1385 = DEFINITIONAL_REPRESENTATION('',(#1386),#1395);
#1386 = B_SPLINE_CURVE_WITH_KNOTS('',7,(#1387,#1388,#1389,#1390,#1391,
    #1392,#1393,#1394),.UNSPECIFIED.,.F.,.F.,(8,8),(4.712388980385,
    6.28318530718),.PIECEWISE_BEZIER_KNOTS.);
#1387 = CARTESIAN_POINT('',(1.49195325094E-15,-2.84217094304E-14));
#1388 = CARTESIAN_POINT('',(0.224399475256,-7.14515220023E-02));
#1389 = CARTESIAN_POINT('',(0.448798950513,-0.142902753869));
#1390 = CARTESIAN_POINT('',(0.673198425769,-0.208479352165));
#1391 = CARTESIAN_POINT('',(0.897597901026,-0.262295999831));
#1392 = CARTESIAN_POINT('',(1.121997376282,-0.299705869864));
#1393 = CARTESIAN_POINT('',(1.346396851538,-0.318412161707));
#1394 = CARTESIAN_POINT('',(1.570796326795,-0.318412161707));
#1395 = ( GEOMETRIC_REPRESENTATION_CONTEXT(2) 
PARAMETRIC_REPRESENTATION_CONTEXT() REPRESENTATION_CONTEXT('2D SPACE',''
  ) );
#1396 = ORIENTED_EDGE('',*,*,#1268,.F.);
#1397 = ORIENTED_EDGE('',*,*,#1093,.T.);
#1398 = ORIENTED_EDGE('',*,*,#1059,.T.);
#1399 = ORIENTED_EDGE('',*,*,#1018,.T.);
#1400 = ADVANCED_FACE('',(#1401),#1177,.T.);
#1401 = FACE_BOUND('',#1402,.T.);
#1402 = EDGE_LOOP('',(#1403,#1425,#1466,#1500,#1532,#1533,#1534,#1535));
#1403 = ORIENTED_EDGE('',*,*,#1404,.T.);
#1404 = EDGE_CURVE('',#1133,#1405,#1407,.T.);
#1405 = VERTEX_POINT('',#1406);
#1406 = CARTESIAN_POINT('',(12.874208485964,149.18937958574,4.7625));
#1407 = SEAM_CURVE('',#1408,(#1412,#1418),.PCURVE_S1.);
#1408 = LINE('',#1409,#1410);
#1409 = CARTESIAN_POINT('',(11.375326121082,153.51179311668,4.7625));
#1410 = VECTOR('',#1411,1.);
#1411 = DIRECTION('',(0.327630179562,-0.944806046467,0.));
#1412 = PCURVE('',#1177,#1413);
#1413 = DEFINITIONAL_REPRESENTATION('',(#1414),#1417);
#1414 = B_SPLINE_CURVE_WITH_KNOTS('',1,(#1415,#1416),.UNSPECIFIED.,.F.,
  .F.,(2,2),(-1.760704523206,6.335626060921),.PIECEWISE_BEZIER_KNOTS.);
#1415 = CARTESIAN_POINT('',(6.28318530718,-1.760704523206));
#1416 = CARTESIAN_POINT('',(6.28318530718,6.335626060921));
#1417 = ( GEOMETRIC_REPRESENTATION_CONTEXT(2) 
PARAMETRIC_REPRESENTATION_CONTEXT() REPRESENTATION_CONTEXT('2D SPACE',''
  ) );
#1418 = PCURVE('',#1177,#1419);
#1419 = DEFINITIONAL_REPRESENTATION('',(#1420),#1424);
#1420 = LINE('',#1421,#1422);
#1421 = CARTESIAN_POINT('',(0.,0.));
#1422 = VECTOR('',#1423,1.);
#1423 = DIRECTION('',(0.,1.));
#1424 = ( GEOMETRIC_REPRESENTATION_CONTEXT(2) 
PARAMETRIC_REPRESENTATION_CONTEXT() REPRESENTATION_CONTEXT('2D SPACE',''
  ) );
#1425 = ORIENTED_EDGE('',*,*,#1426,.F.);
#1426 = EDGE_CURVE('',#1427,#1405,#1429,.T.);
#1427 = VERTEX_POINT('',#1428);
#1428 = CARTESIAN_POINT('',(12.874208485964,149.18937958574,-4.7625));
#1429 = SURFACE_CURVE('',#1430,(#1435,#1448),.PCURVE_S1.);
#1430 = ELLIPSE('',#1431,4.773132363001,4.7625);
#1431 = AXIS2_PLACEMENT_3D('',#1432,#1433,#1434);
#1432 = CARTESIAN_POINT('',(12.874208485964,149.18937958574,0.));
#1433 = DIRECTION('',(0.389927687788,-0.920845480141,0.));
#1434 = DIRECTION('',(-0.920845480141,-0.389927687788,0.));
#1435 = PCURVE('',#1177,#1436);
#1436 = DEFINITIONAL_REPRESENTATION('',(#1437),#1447);
#1437 = B_SPLINE_CURVE_WITH_KNOTS('',8,(#1438,#1439,#1440,#1441,#1442,
    #1443,#1444,#1445,#1446),.UNSPECIFIED.,.F.,.F.,(9,9),(1.570796326795
    ,4.712388980385),.PIECEWISE_BEZIER_KNOTS.);
#1438 = CARTESIAN_POINT('',(3.14159265359,4.574921537715));
#1439 = CARTESIAN_POINT('',(3.534291735289,4.449881374211));
#1440 = CARTESIAN_POINT('',(3.926990816987,4.324840213694));
#1441 = CARTESIAN_POINT('',(4.319689898693,4.229193010973));
#1442 = CARTESIAN_POINT('',(4.712388980384,4.192254264642));
#1443 = CARTESIAN_POINT('',(5.105088062088,4.229193010975));
#1444 = CARTESIAN_POINT('',(5.497787143782,4.324840213694));
#1445 = CARTESIAN_POINT('',(5.890486225481,4.449881374211));
#1446 = CARTESIAN_POINT('',(6.28318530718,4.574921537715));
#1447 = ( GEOMETRIC_REPRESENTATION_CONTEXT(2) 
PARAMETRIC_REPRESENTATION_CONTEXT() REPRESENTATION_CONTEXT('2D SPACE',''
  ) );
#1448 = PCURVE('',#1449,#1454);
#1449 = CYLINDRICAL_SURFACE('',#1450,4.7625);
#1450 = AXIS2_PLACEMENT_3D('',#1451,#1452,#1453);
#1451 = CARTESIAN_POINT('',(12.874208485964,149.18937958574,0.));
#1452 = DIRECTION('',(0.450488033747,-0.892782465918,0.));
#1453 = DIRECTION('',(-9.91187649644E-17,-5.001421873837E-17,1.));
#1454 = DEFINITIONAL_REPRESENTATION('',(#1455),#1465);
#1455 = B_SPLINE_CURVE_WITH_KNOTS('',8,(#1456,#1457,#1458,#1459,#1460,
    #1461,#1462,#1463,#1464),.UNSPECIFIED.,.F.,.F.,(9,9),(1.570796326795
    ,4.712388980385),.PIECEWISE_BEZIER_KNOTS.);
#1456 = CARTESIAN_POINT('',(3.14159265359,0.));
#1457 = CARTESIAN_POINT('',(3.534291735289,0.125040163504));
#1458 = CARTESIAN_POINT('',(3.926990816988,0.250081324017));
#1459 = CARTESIAN_POINT('',(4.319689898689,0.345728526736));
#1460 = CARTESIAN_POINT('',(4.712388980392,0.382667273061));
#1461 = CARTESIAN_POINT('',(5.105088062085,0.345728526737));
#1462 = CARTESIAN_POINT('',(5.497787143782,0.250081324017));
#1463 = CARTESIAN_POINT('',(5.890486225481,0.125040163504));
#1464 = CARTESIAN_POINT('',(6.28318530718,0.));
#1465 = ( GEOMETRIC_REPRESENTATION_CONTEXT(2) 
PARAMETRIC_REPRESENTATION_CONTEXT() REPRESENTATION_CONTEXT('2D SPACE',''
  ) );
#1466 = ORIENTED_EDGE('',*,*,#1467,.F.);
#1467 = EDGE_CURVE('',#1468,#1427,#1470,.T.);
#1468 = VERTEX_POINT('',#1469);
#1469 = CARTESIAN_POINT('',(8.47889112338,147.32820311993,
    5.832380380939E-16));
#1470 = SURFACE_CURVE('',#1471,(#1476,#1488),.PCURVE_S1.);
#1471 = ELLIPSE('',#1472,4.773132363001,4.7625);
#1472 = AXIS2_PLACEMENT_3D('',#1473,#1474,#1475);
#1473 = CARTESIAN_POINT('',(12.874208485964,149.18937958574,0.));
#1474 = DIRECTION('',(0.389927687788,-0.920845480141,0.));
#1475 = DIRECTION('',(-0.920845480141,-0.389927687788,0.));
#1476 = PCURVE('',#1177,#1477);
#1477 = DEFINITIONAL_REPRESENTATION('',(#1478),#1487);
#1478 = B_SPLINE_CURVE_WITH_KNOTS('',7,(#1479,#1480,#1481,#1482,#1483,
    #1484,#1485,#1486),.UNSPECIFIED.,.F.,.F.,(8,8),(0.,1.570796326795),
  .PIECEWISE_BEZIER_KNOTS.);
#1479 = CARTESIAN_POINT('',(1.570796326795,4.893333699421));
#1480 = CARTESIAN_POINT('',(1.795195802051,4.893333699421));
#1481 = CARTESIAN_POINT('',(2.019595277308,4.874627407578));
#1482 = CARTESIAN_POINT('',(2.243994752564,4.837217537545));
#1483 = CARTESIAN_POINT('',(2.468394227821,4.783400889881));
#1484 = CARTESIAN_POINT('',(2.692793703077,4.717824291584));
#1485 = CARTESIAN_POINT('',(2.917193178333,4.646373059717));
#1486 = CARTESIAN_POINT('',(3.14159265359,4.574921537715));
#1487 = ( GEOMETRIC_REPRESENTATION_CONTEXT(2) 
PARAMETRIC_REPRESENTATION_CONTEXT() REPRESENTATION_CONTEXT('2D SPACE',''
  ) );
#1488 = PCURVE('',#1449,#1489);
#1489 = DEFINITIONAL_REPRESENTATION('',(#1490),#1499);
#1490 = B_SPLINE_CURVE_WITH_KNOTS('',7,(#1491,#1492,#1493,#1494,#1495,
    #1496,#1497,#1498),.UNSPECIFIED.,.F.,.F.,(8,8),(0.,1.570796326795),
  .PIECEWISE_BEZIER_KNOTS.);
#1491 = CARTESIAN_POINT('',(1.570796326795,-0.318412161707));
#1492 = CARTESIAN_POINT('',(1.795195802051,-0.318412161707));
#1493 = CARTESIAN_POINT('',(2.019595277308,-0.299705869864));
#1494 = CARTESIAN_POINT('',(2.243994752565,-0.262295999831));
#1495 = CARTESIAN_POINT('',(2.468394227821,-0.208479352165));
#1496 = CARTESIAN_POINT('',(2.692793703077,-0.142902753869));
#1497 = CARTESIAN_POINT('',(2.917193178333,-7.145152200227E-02));
#1498 = CARTESIAN_POINT('',(3.14159265359,0.));
#1499 = ( GEOMETRIC_REPRESENTATION_CONTEXT(2) 
PARAMETRIC_REPRESENTATION_CONTEXT() REPRESENTATION_CONTEXT('2D SPACE',''
  ) );
#1500 = ORIENTED_EDGE('',*,*,#1501,.F.);
#1501 = EDGE_CURVE('',#1405,#1468,#1502,.T.);
#1502 = SURFACE_CURVE('',#1503,(#1508,#1520),.PCURVE_S1.);
#1503 = ELLIPSE('',#1504,4.773132363001,4.7625);
#1504 = AXIS2_PLACEMENT_3D('',#1505,#1506,#1507);
#1505 = CARTESIAN_POINT('',(12.874208485964,149.18937958574,0.));
#1506 = DIRECTION('',(0.389927687788,-0.920845480141,0.));
#1507 = DIRECTION('',(-0.920845480141,-0.389927687788,0.));
#1508 = PCURVE('',#1177,#1509);
#1509 = DEFINITIONAL_REPRESENTATION('',(#1510),#1519);
#1510 = B_SPLINE_CURVE_WITH_KNOTS('',7,(#1511,#1512,#1513,#1514,#1515,
    #1516,#1517,#1518),.UNSPECIFIED.,.F.,.F.,(8,8),(4.712388980385,
    6.28318530718),.PIECEWISE_BEZIER_KNOTS.);
#1511 = CARTESIAN_POINT('',(0.,4.574921537715));
#1512 = CARTESIAN_POINT('',(0.224399475256,4.646373059717));
#1513 = CARTESIAN_POINT('',(0.448798950513,4.717824291584));
#1514 = CARTESIAN_POINT('',(0.673198425769,4.783400889881));
#1515 = CARTESIAN_POINT('',(0.897597901026,4.837217537545));
#1516 = CARTESIAN_POINT('',(1.121997376282,4.874627407578));
#1517 = CARTESIAN_POINT('',(1.346396851538,4.893333699421));
#1518 = CARTESIAN_POINT('',(1.570796326795,4.893333699421));
#1519 = ( GEOMETRIC_REPRESENTATION_CONTEXT(2) 
PARAMETRIC_REPRESENTATION_CONTEXT() REPRESENTATION_CONTEXT('2D SPACE',''
  ) );
#1520 = PCURVE('',#1449,#1521);
#1521 = DEFINITIONAL_REPRESENTATION('',(#1522),#1531);
#1522 = B_SPLINE_CURVE_WITH_KNOTS('',7,(#1523,#1524,#1525,#1526,#1527,
    #1528,#1529,#1530),.UNSPECIFIED.,.F.,.F.,(8,8),(4.712388980385,
    6.28318530718),.PIECEWISE_BEZIER_KNOTS.);
#1523 = CARTESIAN_POINT('',(0.,0.));
#1524 = CARTESIAN_POINT('',(0.224399475256,-7.145152200227E-02));
#1525 = CARTESIAN_POINT('',(0.448798950513,-0.142902753869));
#1526 = CARTESIAN_POINT('',(0.673198425769,-0.208479352165));
#1527 = CARTESIAN_POINT('',(0.897597901026,-0.262295999831));
#1528 = CARTESIAN_POINT('',(1.121997376282,-0.299705869864));
#1529 = CARTESIAN_POINT('',(1.346396851538,-0.318412161707));
#1530 = CARTESIAN_POINT('',(1.570796326795,-0.318412161707));
#1531 = ( GEOMETRIC_REPRESENTATION_CONTEXT(2) 
PARAMETRIC_REPRESENTATION_CONTEXT() REPRESENTATION_CONTEXT('2D SPACE',''
  ) );
#1532 = ORIENTED_EDGE('',*,*,#1404,.F.);
#1533 = ORIENTED_EDGE('',*,*,#1229,.T.);
#1534 = ORIENTED_EDGE('',*,*,#1195,.T.);
#1535 = ORIENTED_EDGE('',*,*,#1154,.T.);
#1536 = ADVANCED_FACE('',(#1537),#1313,.T.);
#1537 = FACE_BOUND('',#1538,.T.);
#1538 = EDGE_LOOP('',(#1539,#1561,#1602,#1636,#1668,#1669,#1670,#1671));
#1539 = ORIENTED_EDGE('',*,*,#1540,.T.);
#1540 = EDGE_CURVE('',#1269,#1541,#1543,.T.);
#1541 = VERTEX_POINT('',#1542);
#1542 = CARTESIAN_POINT('',(14.935155894035,61.28496985392,4.7625));
#1543 = SEAM_CURVE('',#1544,(#1548,#1554),.PCURVE_S1.);
#1544 = LINE('',#1545,#1546);
#1545 = CARTESIAN_POINT('',(12.874208485964,65.369379585743,4.7625));
#1546 = VECTOR('',#1547,1.);
#1547 = DIRECTION('',(0.450488033747,-0.892782465918,0.));
#1548 = PCURVE('',#1313,#1549);
#1549 = DEFINITIONAL_REPRESENTATION('',(#1550),#1553);
#1550 = B_SPLINE_CURVE_WITH_KNOTS('',1,(#1551,#1552),.UNSPECIFIED.,.F.,
  .F.,(2,2),(-1.760704523206,6.335626060921),.PIECEWISE_BEZIER_KNOTS.);
#1551 = CARTESIAN_POINT('',(6.28318530718,-1.760704523206));
#1552 = CARTESIAN_POINT('',(6.28318530718,6.335626060921));
#1553 = ( GEOMETRIC_REPRESENTATION_CONTEXT(2) 
PARAMETRIC_REPRESENTATION_CONTEXT() REPRESENTATION_CONTEXT('2D SPACE',''
  ) );
#1554 = PCURVE('',#1313,#1555);
#1555 = DEFINITIONAL_REPRESENTATION('',(#1556),#1560);
#1556 = LINE('',#1557,#1558);
#1557 = CARTESIAN_POINT('',(0.,0.));
#1558 = VECTOR('',#1559,1.);
#1559 = DIRECTION('',(0.,1.));
#1560 = ( GEOMETRIC_REPRESENTATION_CONTEXT(2) 
PARAMETRIC_REPRESENTATION_CONTEXT() REPRESENTATION_CONTEXT('2D SPACE',''
  ) );
#1561 = ORIENTED_EDGE('',*,*,#1562,.F.);
#1562 = EDGE_CURVE('',#1563,#1541,#1565,.T.);
#1563 = VERTEX_POINT('',#1564);
#1564 = CARTESIAN_POINT('',(14.935155894035,61.28496985392,-4.7625));
#1565 = SURFACE_CURVE('',#1566,(#1571,#1584),.PCURVE_S1.);
#1566 = ELLIPSE('',#1567,4.773132363001,4.7625);
#1567 = AXIS2_PLACEMENT_3D('',#1568,#1569,#1570);
#1568 = CARTESIAN_POINT('',(14.935155894035,61.28496985392,0.));
#1569 = DIRECTION('',(0.50904141575,-0.860742027004,0.));
#1570 = DIRECTION('',(-0.860742027004,-0.50904141575,0.));
#1571 = PCURVE('',#1313,#1572);
#1572 = DEFINITIONAL_REPRESENTATION('',(#1573),#1583);
#1573 = B_SPLINE_CURVE_WITH_KNOTS('',8,(#1574,#1575,#1576,#1577,#1578,
    #1579,#1580,#1581,#1582),.UNSPECIFIED.,.F.,.F.,(9,9),(1.570796326795
    ,4.712388980385),.PIECEWISE_BEZIER_KNOTS.);
#1574 = CARTESIAN_POINT('',(3.14159265359,4.574921537715));
#1575 = CARTESIAN_POINT('',(3.534291735289,4.449881374211));
#1576 = CARTESIAN_POINT('',(3.926990816987,4.32484021369));
#1577 = CARTESIAN_POINT('',(4.319689898693,4.229193010993));
#1578 = CARTESIAN_POINT('',(4.71238898038,4.192254264624));
#1579 = CARTESIAN_POINT('',(5.10508806209,4.229193010993));
#1580 = CARTESIAN_POINT('',(5.497787143781,4.324840213689));
#1581 = CARTESIAN_POINT('',(5.890486225481,4.449881374211));
#1582 = CARTESIAN_POINT('',(6.28318530718,4.574921537715));
#1583 = ( GEOMETRIC_REPRESENTATION_CONTEXT(2) 
PARAMETRIC_REPRESENTATION_CONTEXT() REPRESENTATION_CONTEXT('2D SPACE',''
  ) );
#1584 = PCURVE('',#1585,#1590);
#1585 = CYLINDRICAL_SURFACE('',#1586,4.7625);
#1586 = AXIS2_PLACEMENT_3D('',#1587,#1588,#1589);
#1587 = CARTESIAN_POINT('',(14.935155894035,61.28496985392,0.));
#1588 = DIRECTION('',(0.565326973314,-0.824866906382,0.));
#1589 = DIRECTION('',(-9.157862317164E-17,-6.276390222147E-17,1.));
#1590 = DEFINITIONAL_REPRESENTATION('',(#1591),#1601);
#1591 = B_SPLINE_CURVE_WITH_KNOTS('',8,(#1592,#1593,#1594,#1595,#1596,
    #1597,#1598,#1599,#1600),.UNSPECIFIED.,.F.,.F.,(9,9),(1.570796326795
    ,4.712388980385),.PIECEWISE_BEZIER_KNOTS.);
#1592 = CARTESIAN_POINT('',(3.14159265359,6.394884621841E-14));
#1593 = CARTESIAN_POINT('',(3.534291735289,0.125040163504));
#1594 = CARTESIAN_POINT('',(3.926990816988,0.250081324017));
#1595 = CARTESIAN_POINT('',(4.319689898685,0.345728526735));
#1596 = CARTESIAN_POINT('',(4.712388980391,0.382667273062));
#1597 = CARTESIAN_POINT('',(5.105088062082,0.345728526735));
#1598 = CARTESIAN_POINT('',(5.497787143783,0.250081324017));
#1599 = CARTESIAN_POINT('',(5.890486225481,0.125040163504));
#1600 = CARTESIAN_POINT('',(6.28318530718,6.394884621841E-14));
#1601 = ( GEOMETRIC_REPRESENTATION_CONTEXT(2) 
PARAMETRIC_REPRESENTATION_CONTEXT() REPRESENTATION_CONTEXT('2D SPACE',''
  ) );
#1602 = ORIENTED_EDGE('',*,*,#1603,.F.);
#1603 = EDGE_CURVE('',#1604,#1563,#1606,.T.);
#1604 = VERTEX_POINT('',#1605);
#1605 = CARTESIAN_POINT('',(10.826720268748,58.855247798294,
    5.832380380939E-16));
#1606 = SURFACE_CURVE('',#1607,(#1612,#1624),.PCURVE_S1.);
#1607 = ELLIPSE('',#1608,4.773132363001,4.7625);
#1608 = AXIS2_PLACEMENT_3D('',#1609,#1610,#1611);
#1609 = CARTESIAN_POINT('',(14.935155894035,61.28496985392,0.));
#1610 = DIRECTION('',(0.50904141575,-0.860742027004,0.));
#1611 = DIRECTION('',(-0.860742027004,-0.50904141575,0.));
#1612 = PCURVE('',#1313,#1613);
#1613 = DEFINITIONAL_REPRESENTATION('',(#1614),#1623);
#1614 = B_SPLINE_CURVE_WITH_KNOTS('',7,(#1615,#1616,#1617,#1618,#1619,
    #1620,#1621,#1622),.UNSPECIFIED.,.F.,.F.,(8,8),(0.,1.570796326795),
  .PIECEWISE_BEZIER_KNOTS.);
#1615 = CARTESIAN_POINT('',(1.570796326795,4.893333699422));
#1616 = CARTESIAN_POINT('',(1.795195802051,4.893333699422));
#1617 = CARTESIAN_POINT('',(2.019595277308,4.874627407578));
#1618 = CARTESIAN_POINT('',(2.243994752565,4.837217537546));
#1619 = CARTESIAN_POINT('',(2.468394227821,4.78340088988));
#1620 = CARTESIAN_POINT('',(2.692793703077,4.717824291584));
#1621 = CARTESIAN_POINT('',(2.917193178333,4.646373059717));
#1622 = CARTESIAN_POINT('',(3.14159265359,4.574921537715));
#1623 = ( GEOMETRIC_REPRESENTATION_CONTEXT(2) 
PARAMETRIC_REPRESENTATION_CONTEXT() REPRESENTATION_CONTEXT('2D SPACE',''
  ) );
#1624 = PCURVE('',#1585,#1625);
#1625 = DEFINITIONAL_REPRESENTATION('',(#1626),#1635);
#1626 = B_SPLINE_CURVE_WITH_KNOTS('',7,(#1627,#1628,#1629,#1630,#1631,
    #1632,#1633,#1634),.UNSPECIFIED.,.F.,.F.,(8,8),(0.,1.570796326795),
  .PIECEWISE_BEZIER_KNOTS.);
#1627 = CARTESIAN_POINT('',(1.570796326795,-0.318412161707));
#1628 = CARTESIAN_POINT('',(1.795195802051,-0.318412161707));
#1629 = CARTESIAN_POINT('',(2.019595277308,-0.299705869864));
#1630 = CARTESIAN_POINT('',(2.243994752564,-0.26229599983));
#1631 = CARTESIAN_POINT('',(2.468394227821,-0.208479352165));
#1632 = CARTESIAN_POINT('',(2.692793703077,-0.142902753869));
#1633 = CARTESIAN_POINT('',(2.917193178333,-7.145152200221E-02));
#1634 = CARTESIAN_POINT('',(3.14159265359,6.394884621841E-14));
#1635 = ( GEOMETRIC_REPRESENTATION_CONTEXT(2) 
PARAMETRIC_REPRESENTATION_CONTEXT() REPRESENTATION_CONTEXT('2D SPACE',''
  ) );
#1636 = ORIENTED_EDGE('',*,*,#1637,.F.);
#1637 = EDGE_CURVE('',#1541,#1604,#1638,.T.);
#1638 = SURFACE_CURVE('',#1639,(#1644,#1656),.PCURVE_S1.);
#1639 = ELLIPSE('',#1640,4.773132363001,4.7625);
#1640 = AXIS2_PLACEMENT_3D('',#1641,#1642,#1643);
#1641 = CARTESIAN_POINT('',(14.935155894035,61.28496985392,0.));
#1642 = DIRECTION('',(0.50904141575,-0.860742027004,0.));
#1643 = DIRECTION('',(-0.860742027004,-0.50904141575,0.));
#1644 = PCURVE('',#1313,#1645);
#1645 = DEFINITIONAL_REPRESENTATION('',(#1646),#1655);
#1646 = B_SPLINE_CURVE_WITH_KNOTS('',7,(#1647,#1648,#1649,#1650,#1651,
    #1652,#1653,#1654),.UNSPECIFIED.,.F.,.F.,(8,8),(4.712388980385,
    6.28318530718),.PIECEWISE_BEZIER_KNOTS.);
#1647 = CARTESIAN_POINT('',(0.,4.574921537715));
#1648 = CARTESIAN_POINT('',(0.224399475256,4.646373059717));
#1649 = CARTESIAN_POINT('',(0.448798950513,4.717824291584));
#1650 = CARTESIAN_POINT('',(0.673198425769,4.783400889879));
#1651 = CARTESIAN_POINT('',(0.897597901026,4.837217537547));
#1652 = CARTESIAN_POINT('',(1.121997376282,4.874627407578));
#1653 = CARTESIAN_POINT('',(1.346396851538,4.893333699422));
#1654 = CARTESIAN_POINT('',(1.570796326795,4.893333699422));
#1655 = ( GEOMETRIC_REPRESENTATION_CONTEXT(2) 
PARAMETRIC_REPRESENTATION_CONTEXT() REPRESENTATION_CONTEXT('2D SPACE',''
  ) );
#1656 = PCURVE('',#1585,#1657);
#1657 = DEFINITIONAL_REPRESENTATION('',(#1658),#1667);
#1658 = B_SPLINE_CURVE_WITH_KNOTS('',7,(#1659,#1660,#1661,#1662,#1663,
    #1664,#1665,#1666),.UNSPECIFIED.,.F.,.F.,(8,8),(4.712388980385,
    6.28318530718),.PIECEWISE_BEZIER_KNOTS.);
#1659 = CARTESIAN_POINT('',(0.,6.394884621841E-14));
#1660 = CARTESIAN_POINT('',(0.224399475256,-7.145152200221E-02));
#1661 = CARTESIAN_POINT('',(0.448798950513,-0.142902753869));
#1662 = CARTESIAN_POINT('',(0.673198425769,-0.208479352166));
#1663 = CARTESIAN_POINT('',(0.897597901026,-0.26229599983));
#1664 = CARTESIAN_POINT('',(1.121997376282,-0.299705869864));
#1665 = CARTESIAN_POINT('',(1.346396851538,-0.318412161707));
#1666 = CARTESIAN_POINT('',(1.570796326795,-0.318412161707));
#1667 = ( GEOMETRIC_REPRESENTATION_CONTEXT(2) 
PARAMETRIC_REPRESENTATION_CONTEXT() REPRESENTATION_CONTEXT('2D SPACE',''
  ) );
#1668 = ORIENTED_EDGE('',*,*,#1540,.F.);
#1669 = ORIENTED_EDGE('',*,*,#1365,.T.);
#1670 = ORIENTED_EDGE('',*,*,#1331,.T.);
#1671 = ORIENTED_EDGE('',*,*,#1290,.T.);
#1672 = ADVANCED_FACE('',(#1673),#1449,.T.);
#1673 = FACE_BOUND('',#1674,.T.);
#1674 = EDGE_LOOP('',(#1675,#1697,#1738,#1772,#1804,#1805,#1806,#1807));
#1675 = ORIENTED_EDGE('',*,*,#1676,.T.);
#1676 = EDGE_CURVE('',#1405,#1677,#1679,.T.);
#1677 = VERTEX_POINT('',#1678);
#1678 = CARTESIAN_POINT('',(14.935155894035,145.10496985392,4.7625));
#1679 = SEAM_CURVE('',#1680,(#1684,#1690),.PCURVE_S1.);
#1680 = LINE('',#1681,#1682);
#1681 = CARTESIAN_POINT('',(12.874208485964,149.18937958574,4.7625));
#1682 = VECTOR('',#1683,1.);
#1683 = DIRECTION('',(0.450488033747,-0.892782465918,0.));
#1684 = PCURVE('',#1449,#1685);
#1685 = DEFINITIONAL_REPRESENTATION('',(#1686),#1689);
#1686 = B_SPLINE_CURVE_WITH_KNOTS('',1,(#1687,#1688),.UNSPECIFIED.,.F.,
  .F.,(2,2),(-1.760704523206,6.335626060921),.PIECEWISE_BEZIER_KNOTS.);
#1687 = CARTESIAN_POINT('',(6.28318530718,-1.760704523206));
#1688 = CARTESIAN_POINT('',(6.28318530718,6.335626060921));
#1689 = ( GEOMETRIC_REPRESENTATION_CONTEXT(2) 
PARAMETRIC_REPRESENTATION_CONTEXT() REPRESENTATION_CONTEXT('2D SPACE',''
  ) );
#1690 = PCURVE('',#1449,#1691);
#1691 = DEFINITIONAL_REPRESENTATION('',(#1692),#1696);
#1692 = LINE('',#1693,#1694);
#1693 = CARTESIAN_POINT('',(0.,0.));
#1694 = VECTOR('',#1695,1.);
#1695 = DIRECTION('',(0.,1.));
#1696 = ( GEOMETRIC_REPRESENTATION_CONTEXT(2) 
PARAMETRIC_REPRESENTATION_CONTEXT() REPRESENTATION_CONTEXT('2D SPACE',''
  ) );
#1697 = ORIENTED_EDGE('',*,*,#1698,.F.);
#1698 = EDGE_CURVE('',#1699,#1677,#1701,.T.);
#1699 = VERTEX_POINT('',#1700);
#1700 = CARTESIAN_POINT('',(14.935155894035,145.10496985392,-4.7625));
#1701 = SURFACE_CURVE('',#1702,(#1707,#1720),.PCURVE_S1.);
#1702 = ELLIPSE('',#1703,4.773132363001,4.7625);
#1703 = AXIS2_PLACEMENT_3D('',#1704,#1705,#1706);
#1704 = CARTESIAN_POINT('',(14.935155894035,145.10496985392,0.));
#1705 = DIRECTION('',(0.50904141575,-0.860742027004,0.));
#1706 = DIRECTION('',(-0.860742027004,-0.50904141575,0.));
#1707 = PCURVE('',#1449,#1708);
#1708 = DEFINITIONAL_REPRESENTATION('',(#1709),#1719);
#1709 = B_SPLINE_CURVE_WITH_KNOTS('',8,(#1710,#1711,#1712,#1713,#1714,
    #1715,#1716,#1717,#1718),.UNSPECIFIED.,.F.,.F.,(9,9),(1.570796326795
    ,4.712388980385),.PIECEWISE_BEZIER_KNOTS.);
#1710 = CARTESIAN_POINT('',(3.14159265359,4.574921537715));
#1711 = CARTESIAN_POINT('',(3.534291735289,4.449881374211));
#1712 = CARTESIAN_POINT('',(3.926990816988,4.324840213694));
#1713 = CARTESIAN_POINT('',(4.319689898685,4.229193010984));
#1714 = CARTESIAN_POINT('',(4.712388980389,4.192254264638));
#1715 = CARTESIAN_POINT('',(5.105088062082,4.229193010981));
#1716 = CARTESIAN_POINT('',(5.497787143783,4.324840213693));
#1717 = CARTESIAN_POINT('',(5.890486225481,4.449881374211));
#1718 = CARTESIAN_POINT('',(6.28318530718,4.574921537715));
#1719 = ( GEOMETRIC_REPRESENTATION_CONTEXT(2) 
PARAMETRIC_REPRESENTATION_CONTEXT() REPRESENTATION_CONTEXT('2D SPACE',''
  ) );
#1720 = PCURVE('',#1721,#1726);
#1721 = CYLINDRICAL_SURFACE('',#1722,4.7625);
#1722 = AXIS2_PLACEMENT_3D('',#1723,#1724,#1725);
#1723 = CARTESIAN_POINT('',(14.935155894035,145.10496985392,0.));
#1724 = DIRECTION('',(0.565326973314,-0.824866906382,0.));
#1725 = DIRECTION('',(-9.157862317164E-17,-6.276390222147E-17,1.));
#1726 = DEFINITIONAL_REPRESENTATION('',(#1727),#1737);
#1727 = B_SPLINE_CURVE_WITH_KNOTS('',8,(#1728,#1729,#1730,#1731,#1732,
    #1733,#1734,#1735,#1736),.UNSPECIFIED.,.F.,.F.,(9,9),(1.570796326795
    ,4.712388980385),.PIECEWISE_BEZIER_KNOTS.);
#1728 = CARTESIAN_POINT('',(3.14159265359,-1.42108547152E-13));
#1729 = CARTESIAN_POINT('',(3.534291735289,0.125040163504));
#1730 = CARTESIAN_POINT('',(3.926990816984,0.250081324017));
#1731 = CARTESIAN_POINT('',(4.319689898683,0.345728526734));
#1732 = CARTESIAN_POINT('',(4.71238898037,0.382667273064));
#1733 = CARTESIAN_POINT('',(5.105088062076,0.345728526733));
#1734 = CARTESIAN_POINT('',(5.49778714378,0.250081324017));
#1735 = CARTESIAN_POINT('',(5.890486225481,0.125040163504));
#1736 = CARTESIAN_POINT('',(6.28318530718,-1.42108547152E-13));
#1737 = ( GEOMETRIC_REPRESENTATION_CONTEXT(2) 
PARAMETRIC_REPRESENTATION_CONTEXT() REPRESENTATION_CONTEXT('2D SPACE',''
  ) );
#1738 = ORIENTED_EDGE('',*,*,#1739,.F.);
#1739 = EDGE_CURVE('',#1740,#1699,#1742,.T.);
#1740 = VERTEX_POINT('',#1741);
#1741 = CARTESIAN_POINT('',(10.826720268748,142.67524779829,
    5.832380380939E-16));
#1742 = SURFACE_CURVE('',#1743,(#1748,#1760),.PCURVE_S1.);
#1743 = ELLIPSE('',#1744,4.773132363001,4.7625);
#1744 = AXIS2_PLACEMENT_3D('',#1745,#1746,#1747);
#1745 = CARTESIAN_POINT('',(14.935155894035,145.10496985392,0.));
#1746 = DIRECTION('',(0.50904141575,-0.860742027004,0.));
#1747 = DIRECTION('',(-0.860742027004,-0.50904141575,0.));
#1748 = PCURVE('',#1449,#1749);
#1749 = DEFINITIONAL_REPRESENTATION('',(#1750),#1759);
#1750 = B_SPLINE_CURVE_WITH_KNOTS('',7,(#1751,#1752,#1753,#1754,#1755,
    #1756,#1757,#1758),.UNSPECIFIED.,.F.,.F.,(8,8),(0.,1.570796326795),
  .PIECEWISE_BEZIER_KNOTS.);
#1751 = CARTESIAN_POINT('',(1.570796326795,4.893333699421));
#1752 = CARTESIAN_POINT('',(1.795195802051,4.893333699421));
#1753 = CARTESIAN_POINT('',(2.019595277308,4.874627407579));
#1754 = CARTESIAN_POINT('',(2.243994752565,4.837217537543));
#1755 = CARTESIAN_POINT('',(2.46839422782,4.783400889882));
#1756 = CARTESIAN_POINT('',(2.692793703077,4.717824291583));
#1757 = CARTESIAN_POINT('',(2.917193178333,4.646373059717));
#1758 = CARTESIAN_POINT('',(3.14159265359,4.574921537715));
#1759 = ( GEOMETRIC_REPRESENTATION_CONTEXT(2) 
PARAMETRIC_REPRESENTATION_CONTEXT() REPRESENTATION_CONTEXT('2D SPACE',''
  ) );
#1760 = PCURVE('',#1721,#1761);
#1761 = DEFINITIONAL_REPRESENTATION('',(#1762),#1771);
#1762 = B_SPLINE_CURVE_WITH_KNOTS('',7,(#1763,#1764,#1765,#1766,#1767,
    #1768,#1769,#1770),.UNSPECIFIED.,.F.,.F.,(8,8),(0.,1.570796326795),
  .PIECEWISE_BEZIER_KNOTS.);
#1763 = CARTESIAN_POINT('',(1.570796326795,-0.318412161707));
#1764 = CARTESIAN_POINT('',(1.795195802051,-0.318412161707));
#1765 = CARTESIAN_POINT('',(2.019595277308,-0.299705869864));
#1766 = CARTESIAN_POINT('',(2.243994752565,-0.262295999831));
#1767 = CARTESIAN_POINT('',(2.468394227821,-0.208479352165));
#1768 = CARTESIAN_POINT('',(2.692793703077,-0.14290275387));
#1769 = CARTESIAN_POINT('',(2.917193178333,-7.145152200241E-02));
#1770 = CARTESIAN_POINT('',(3.14159265359,-1.42108547152E-13));
#1771 = ( GEOMETRIC_REPRESENTATION_CONTEXT(2) 
PARAMETRIC_REPRESENTATION_CONTEXT() REPRESENTATION_CONTEXT('2D SPACE',''
  ) );
#1772 = ORIENTED_EDGE('',*,*,#1773,.F.);
#1773 = EDGE_CURVE('',#1677,#1740,#1774,.T.);
#1774 = SURFACE_CURVE('',#1775,(#1780,#1792),.PCURVE_S1.);
#1775 = ELLIPSE('',#1776,4.773132363001,4.7625);
#1776 = AXIS2_PLACEMENT_3D('',#1777,#1778,#1779);
#1777 = CARTESIAN_POINT('',(14.935155894035,145.10496985392,0.));
#1778 = DIRECTION('',(0.50904141575,-0.860742027004,0.));
#1779 = DIRECTION('',(-0.860742027004,-0.50904141575,0.));
#1780 = PCURVE('',#1449,#1781);
#1781 = DEFINITIONAL_REPRESENTATION('',(#1782),#1791);
#1782 = B_SPLINE_CURVE_WITH_KNOTS('',7,(#1783,#1784,#1785,#1786,#1787,
    #1788,#1789,#1790),.UNSPECIFIED.,.F.,.F.,(8,8),(4.712388980385,
    6.28318530718),.PIECEWISE_BEZIER_KNOTS.);
#1783 = CARTESIAN_POINT('',(0.,4.574921537715));
#1784 = CARTESIAN_POINT('',(0.224399475256,4.646373059717));
#1785 = CARTESIAN_POINT('',(0.448798950513,4.717824291583));
#1786 = CARTESIAN_POINT('',(0.673198425769,4.783400889883));
#1787 = CARTESIAN_POINT('',(0.897597901026,4.837217537543));
#1788 = CARTESIAN_POINT('',(1.121997376282,4.874627407579));
#1789 = CARTESIAN_POINT('',(1.346396851538,4.893333699421));
#1790 = CARTESIAN_POINT('',(1.570796326795,4.893333699421));
#1791 = ( GEOMETRIC_REPRESENTATION_CONTEXT(2) 
PARAMETRIC_REPRESENTATION_CONTEXT() REPRESENTATION_CONTEXT('2D SPACE',''
  ) );
#1792 = PCURVE('',#1721,#1793);
#1793 = DEFINITIONAL_REPRESENTATION('',(#1794),#1803);
#1794 = B_SPLINE_CURVE_WITH_KNOTS('',7,(#1795,#1796,#1797,#1798,#1799,
    #1800,#1801,#1802),.UNSPECIFIED.,.F.,.F.,(8,8),(4.712388980385,
    6.28318530718),.PIECEWISE_BEZIER_KNOTS.);
#1795 = CARTESIAN_POINT('',(-2.6645352591E-15,-1.42108547152E-13));
#1796 = CARTESIAN_POINT('',(0.224399475256,-7.145152200241E-02));
#1797 = CARTESIAN_POINT('',(0.448798950513,-0.14290275387));
#1798 = CARTESIAN_POINT('',(0.673198425769,-0.208479352165));
#1799 = CARTESIAN_POINT('',(0.897597901026,-0.262295999831));
#1800 = CARTESIAN_POINT('',(1.121997376282,-0.299705869864));
#1801 = CARTESIAN_POINT('',(1.346396851538,-0.318412161707));
#1802 = CARTESIAN_POINT('',(1.570796326795,-0.318412161707));
#1803 = ( GEOMETRIC_REPRESENTATION_CONTEXT(2) 
PARAMETRIC_REPRESENTATION_CONTEXT() REPRESENTATION_CONTEXT('2D SPACE',''
  ) );
#1804 = ORIENTED_EDGE('',*,*,#1676,.F.);
#1805 = ORIENTED_EDGE('',*,*,#1501,.T.);
#1806 = ORIENTED_EDGE('',*,*,#1467,.T.);
#1807 = ORIENTED_EDGE('',*,*,#1426,.T.);
#1808 = ADVANCED_FACE('',(#1809),#1585,.T.);
#1809 = FACE_BOUND('',#1810,.T.);
#1810 = EDGE_LOOP('',(#1811,#1833,#1874,#1908,#1940,#1941,#1942,#1943));
#1811 = ORIENTED_EDGE('',*,*,#1812,.T.);
#1812 = EDGE_CURVE('',#1541,#1813,#1815,.T.);
#1813 = VERTEX_POINT('',#1814);
#1814 = CARTESIAN_POINT('',(17.521482440099,57.511268478166,4.7625));
#1815 = SEAM_CURVE('',#1816,(#1820,#1826),.PCURVE_S1.);
#1816 = LINE('',#1817,#1818);
#1817 = CARTESIAN_POINT('',(14.935155894035,61.28496985392,4.7625));
#1818 = VECTOR('',#1819,1.);
#1819 = DIRECTION('',(0.565326973314,-0.824866906382,0.));
#1820 = PCURVE('',#1585,#1821);
#1821 = DEFINITIONAL_REPRESENTATION('',(#1822),#1825);
#1822 = B_SPLINE_CURVE_WITH_KNOTS('',1,(#1823,#1824),.UNSPECIFIED.,.F.,
  .F.,(2,2),(-1.760704523206,6.335626060921),.PIECEWISE_BEZIER_KNOTS.);
#1823 = CARTESIAN_POINT('',(6.28318530718,-1.760704523206));
#1824 = CARTESIAN_POINT('',(6.28318530718,6.335626060921));
#1825 = ( GEOMETRIC_REPRESENTATION_CONTEXT(2) 
PARAMETRIC_REPRESENTATION_CONTEXT() REPRESENTATION_CONTEXT('2D SPACE',''
  ) );
#1826 = PCURVE('',#1585,#1827);
#1827 = DEFINITIONAL_REPRESENTATION('',(#1828),#1832);
#1828 = LINE('',#1829,#1830);
#1829 = CARTESIAN_POINT('',(0.,0.));
#1830 = VECTOR('',#1831,1.);
#1831 = DIRECTION('',(0.,1.));
#1832 = ( GEOMETRIC_REPRESENTATION_CONTEXT(2) 
PARAMETRIC_REPRESENTATION_CONTEXT() REPRESENTATION_CONTEXT('2D SPACE',''
  ) );
#1833 = ORIENTED_EDGE('',*,*,#1834,.F.);
#1834 = EDGE_CURVE('',#1835,#1813,#1837,.T.);
#1835 = VERTEX_POINT('',#1836);
#1836 = CARTESIAN_POINT('',(17.521482440099,57.511268478166,-4.7625));
#1837 = SURFACE_CURVE('',#1838,(#1843,#1856),.PCURVE_S1.);
#1838 = ELLIPSE('',#1839,4.773132363001,4.7625);
#1839 = AXIS2_PLACEMENT_3D('',#1840,#1841,#1842);
#1840 = CARTESIAN_POINT('',(17.521482440099,57.511268478166,0.));
#1841 = DIRECTION('',(0.61909394931,-0.785316930881,0.));
#1842 = DIRECTION('',(-0.785316930881,-0.61909394931,0.));
#1843 = PCURVE('',#1585,#1844);
#1844 = DEFINITIONAL_REPRESENTATION('',(#1845),#1855);
#1845 = B_SPLINE_CURVE_WITH_KNOTS('',8,(#1846,#1847,#1848,#1849,#1850,
    #1851,#1852,#1853,#1854),.UNSPECIFIED.,.F.,.F.,(9,9),(1.570796326795
    ,4.712388980385),.PIECEWISE_BEZIER_KNOTS.);
#1846 = CARTESIAN_POINT('',(3.14159265359,4.574921537715));
#1847 = CARTESIAN_POINT('',(3.534291735289,4.449881374211));
#1848 = CARTESIAN_POINT('',(3.926990816987,4.324840213694));
#1849 = CARTESIAN_POINT('',(4.319689898693,4.229193010982));
#1850 = CARTESIAN_POINT('',(4.71238898038,4.192254264635));
#1851 = CARTESIAN_POINT('',(5.10508806209,4.229193010981));
#1852 = CARTESIAN_POINT('',(5.497787143781,4.324840213694));
#1853 = CARTESIAN_POINT('',(5.890486225481,4.449881374211));
#1854 = CARTESIAN_POINT('',(6.28318530718,4.574921537715));
#1855 = ( GEOMETRIC_REPRESENTATION_CONTEXT(2) 
PARAMETRIC_REPRESENTATION_CONTEXT() REPRESENTATION_CONTEXT('2D SPACE',''
  ) );
#1856 = PCURVE('',#1857,#1862);
#1857 = CYLINDRICAL_SURFACE('',#1858,4.7625);
#1858 = AXIS2_PLACEMENT_3D('',#1859,#1860,#1861);
#1859 = CARTESIAN_POINT('',(17.521482440099,57.511268478166,0.));
#1860 = DIRECTION('',(0.670102807114,-0.742268299133,0.));
#1861 = DIRECTION('',(-8.240833561466E-17,-7.439635653243E-17,1.));
#1862 = DEFINITIONAL_REPRESENTATION('',(#1863),#1873);
#1863 = B_SPLINE_CURVE_WITH_KNOTS('',8,(#1864,#1865,#1866,#1867,#1868,
    #1869,#1870,#1871,#1872),.UNSPECIFIED.,.F.,.F.,(9,9),(1.570796326795
    ,4.712388980385),.PIECEWISE_BEZIER_KNOTS.);
#1864 = CARTESIAN_POINT('',(3.14159265359,-3.19744231092E-14));
#1865 = CARTESIAN_POINT('',(3.534291735289,0.125040163504));
#1866 = CARTESIAN_POINT('',(3.926990816986,0.250081324017));
#1867 = CARTESIAN_POINT('',(4.319689898694,0.345728526735));
#1868 = CARTESIAN_POINT('',(4.712388980378,0.382667273063));
#1869 = CARTESIAN_POINT('',(5.105088062092,0.345728526735));
#1870 = CARTESIAN_POINT('',(5.497787143781,0.250081324017));
#1871 = CARTESIAN_POINT('',(5.890486225481,0.125040163504));
#1872 = CARTESIAN_POINT('',(6.28318530718,-3.19744231092E-14));
#1873 = ( GEOMETRIC_REPRESENTATION_CONTEXT(2) 
PARAMETRIC_REPRESENTATION_CONTEXT() REPRESENTATION_CONTEXT('2D SPACE',''
  ) );
#1874 = ORIENTED_EDGE('',*,*,#1875,.F.);
#1875 = EDGE_CURVE('',#1876,#1835,#1878,.T.);
#1876 = VERTEX_POINT('',#1877);
#1877 = CARTESIAN_POINT('',(13.7730607821,54.556251112977,
    5.832380380939E-16));
#1878 = SURFACE_CURVE('',#1879,(#1884,#1896),.PCURVE_S1.);
#1879 = ELLIPSE('',#1880,4.773132363001,4.7625);
#1880 = AXIS2_PLACEMENT_3D('',#1881,#1882,#1883);
#1881 = CARTESIAN_POINT('',(17.521482440099,57.511268478166,0.));
#1882 = DIRECTION('',(0.61909394931,-0.785316930881,0.));
#1883 = DIRECTION('',(-0.785316930881,-0.61909394931,0.));
#1884 = PCURVE('',#1585,#1885);
#1885 = DEFINITIONAL_REPRESENTATION('',(#1886),#1895);
#1886 = B_SPLINE_CURVE_WITH_KNOTS('',7,(#1887,#1888,#1889,#1890,#1891,
    #1892,#1893,#1894),.UNSPECIFIED.,.F.,.F.,(8,8),(0.,1.570796326795),
  .PIECEWISE_BEZIER_KNOTS.);
#1887 = CARTESIAN_POINT('',(1.570796326795,4.893333699421));
#1888 = CARTESIAN_POINT('',(1.795195802051,4.893333699421));
#1889 = CARTESIAN_POINT('',(2.019595277308,4.874627407578));
#1890 = CARTESIAN_POINT('',(2.243994752564,4.837217537546));
#1891 = CARTESIAN_POINT('',(2.468394227821,4.78340088988));
#1892 = CARTESIAN_POINT('',(2.692793703077,4.717824291584));
#1893 = CARTESIAN_POINT('',(2.917193178333,4.646373059717));
#1894 = CARTESIAN_POINT('',(3.14159265359,4.574921537715));
#1895 = ( GEOMETRIC_REPRESENTATION_CONTEXT(2) 
PARAMETRIC_REPRESENTATION_CONTEXT() REPRESENTATION_CONTEXT('2D SPACE',''
  ) );
#1896 = PCURVE('',#1857,#1897);
#1897 = DEFINITIONAL_REPRESENTATION('',(#1898),#1907);
#1898 = B_SPLINE_CURVE_WITH_KNOTS('',7,(#1899,#1900,#1901,#1902,#1903,
    #1904,#1905,#1906),.UNSPECIFIED.,.F.,.F.,(8,8),(0.,1.570796326795),
  .PIECEWISE_BEZIER_KNOTS.);
#1899 = CARTESIAN_POINT('',(1.570796326795,-0.318412161707));
#1900 = CARTESIAN_POINT('',(1.795195802051,-0.318412161707));
#1901 = CARTESIAN_POINT('',(2.019595277308,-0.299705869864));
#1902 = CARTESIAN_POINT('',(2.243994752564,-0.262295999831));
#1903 = CARTESIAN_POINT('',(2.468394227821,-0.208479352165));
#1904 = CARTESIAN_POINT('',(2.692793703077,-0.142902753869));
#1905 = CARTESIAN_POINT('',(2.917193178333,-7.14515220023E-02));
#1906 = CARTESIAN_POINT('',(3.14159265359,-3.19744231092E-14));
#1907 = ( GEOMETRIC_REPRESENTATION_CONTEXT(2) 
PARAMETRIC_REPRESENTATION_CONTEXT() REPRESENTATION_CONTEXT('2D SPACE',''
  ) );
#1908 = ORIENTED_EDGE('',*,*,#1909,.F.);
#1909 = EDGE_CURVE('',#1813,#1876,#1910,.T.);
#1910 = SURFACE_CURVE('',#1911,(#1916,#1928),.PCURVE_S1.);
#1911 = ELLIPSE('',#1912,4.773132363001,4.7625);
#1912 = AXIS2_PLACEMENT_3D('',#1913,#1914,#1915);
#1913 = CARTESIAN_POINT('',(17.521482440099,57.511268478166,0.));
#1914 = DIRECTION('',(0.61909394931,-0.785316930881,0.));
#1915 = DIRECTION('',(-0.785316930881,-0.61909394931,0.));
#1916 = PCURVE('',#1585,#1917);
#1917 = DEFINITIONAL_REPRESENTATION('',(#1918),#1927);
#1918 = B_SPLINE_CURVE_WITH_KNOTS('',7,(#1919,#1920,#1921,#1922,#1923,
    #1924,#1925,#1926),.UNSPECIFIED.,.F.,.F.,(8,8),(4.712388980385,
    6.28318530718),.PIECEWISE_BEZIER_KNOTS.);
#1919 = CARTESIAN_POINT('',(0.,4.574921537715));
#1920 = CARTESIAN_POINT('',(0.224399475256,4.646373059717));
#1921 = CARTESIAN_POINT('',(0.448798950513,4.717824291583));
#1922 = CARTESIAN_POINT('',(0.67319842577,4.783400889882));
#1923 = CARTESIAN_POINT('',(0.897597901025,4.837217537543));
#1924 = CARTESIAN_POINT('',(1.121997376282,4.874627407579));
#1925 = CARTESIAN_POINT('',(1.346396851538,4.893333699421));
#1926 = CARTESIAN_POINT('',(1.570796326795,4.893333699421));
#1927 = ( GEOMETRIC_REPRESENTATION_CONTEXT(2) 
PARAMETRIC_REPRESENTATION_CONTEXT() REPRESENTATION_CONTEXT('2D SPACE',''
  ) );
#1928 = PCURVE('',#1857,#1929);
#1929 = DEFINITIONAL_REPRESENTATION('',(#1930),#1939);
#1930 = B_SPLINE_CURVE_WITH_KNOTS('',7,(#1931,#1932,#1933,#1934,#1935,
    #1936,#1937,#1938),.UNSPECIFIED.,.F.,.F.,(8,8),(4.712388980385,
    6.28318530718),.PIECEWISE_BEZIER_KNOTS.);
#1931 = CARTESIAN_POINT('',(0.,-3.19744231092E-14));
#1932 = CARTESIAN_POINT('',(0.224399475256,-7.14515220023E-02));
#1933 = CARTESIAN_POINT('',(0.448798950513,-0.142902753869));
#1934 = CARTESIAN_POINT('',(0.673198425769,-0.208479352165));
#1935 = CARTESIAN_POINT('',(0.897597901025,-0.262295999831));
#1936 = CARTESIAN_POINT('',(1.121997376282,-0.299705869864));
#1937 = CARTESIAN_POINT('',(1.346396851538,-0.318412161707));
#1938 = CARTESIAN_POINT('',(1.570796326795,-0.318412161707));
#1939 = ( GEOMETRIC_REPRESENTATION_CONTEXT(2) 
PARAMETRIC_REPRESENTATION_CONTEXT() REPRESENTATION_CONTEXT('2D SPACE',''
  ) );
#1940 = ORIENTED_EDGE('',*,*,#1812,.F.);
#1941 = ORIENTED_EDGE('',*,*,#1637,.T.);
#1942 = ORIENTED_EDGE('',*,*,#1603,.T.);
#1943 = ORIENTED_EDGE('',*,*,#1562,.T.);
#1944 = ADVANCED_FACE('',(#1945),#1721,.T.);
#1945 = FACE_BOUND('',#1946,.T.);
#1946 = EDGE_LOOP('',(#1947,#1969,#2010,#2044,#2076,#2077,#2078,#2079));
#1947 = ORIENTED_EDGE('',*,*,#1948,.T.);
#1948 = EDGE_CURVE('',#1677,#1949,#1951,.T.);
#1949 = VERTEX_POINT('',#1950);
#1950 = CARTESIAN_POINT('',(17.521482440099,141.33126847816,4.7625));
#1951 = SEAM_CURVE('',#1952,(#1956,#1962),.PCURVE_S1.);
#1952 = LINE('',#1953,#1954);
#1953 = CARTESIAN_POINT('',(14.935155894035,145.10496985392,4.7625));
#1954 = VECTOR('',#1955,1.);
#1955 = DIRECTION('',(0.565326973314,-0.824866906382,0.));
#1956 = PCURVE('',#1721,#1957);
#1957 = DEFINITIONAL_REPRESENTATION('',(#1958),#1961);
#1958 = B_SPLINE_CURVE_WITH_KNOTS('',1,(#1959,#1960),.UNSPECIFIED.,.F.,
  .F.,(2,2),(-1.760704523206,6.335626060921),.PIECEWISE_BEZIER_KNOTS.);
#1959 = CARTESIAN_POINT('',(6.28318530718,-1.760704523206));
#1960 = CARTESIAN_POINT('',(6.28318530718,6.335626060921));
#1961 = ( GEOMETRIC_REPRESENTATION_CONTEXT(2) 
PARAMETRIC_REPRESENTATION_CONTEXT() REPRESENTATION_CONTEXT('2D SPACE',''
  ) );
#1962 = PCURVE('',#1721,#1963);
#1963 = DEFINITIONAL_REPRESENTATION('',(#1964),#1968);
#1964 = LINE('',#1965,#1966);
#1965 = CARTESIAN_POINT('',(0.,0.));
#1966 = VECTOR('',#1967,1.);
#1967 = DIRECTION('',(0.,1.));
#1968 = ( GEOMETRIC_REPRESENTATION_CONTEXT(2) 
PARAMETRIC_REPRESENTATION_CONTEXT() REPRESENTATION_CONTEXT('2D SPACE',''
  ) );
#1969 = ORIENTED_EDGE('',*,*,#1970,.F.);
#1970 = EDGE_CURVE('',#1971,#1949,#1973,.T.);
#1971 = VERTEX_POINT('',#1972);
#1972 = CARTESIAN_POINT('',(17.521482440099,141.33126847816,-4.7625));
#1973 = SURFACE_CURVE('',#1974,(#1979,#1992),.PCURVE_S1.);
#1974 = ELLIPSE('',#1975,4.773132363001,4.7625);
#1975 = AXIS2_PLACEMENT_3D('',#1976,#1977,#1978);
#1976 = CARTESIAN_POINT('',(17.521482440099,141.33126847816,0.));
#1977 = DIRECTION('',(0.61909394931,-0.785316930881,0.));
#1978 = DIRECTION('',(-0.785316930881,-0.61909394931,0.));
#1979 = PCURVE('',#1721,#1980);
#1980 = DEFINITIONAL_REPRESENTATION('',(#1981),#1991);
#1981 = B_SPLINE_CURVE_WITH_KNOTS('',8,(#1982,#1983,#1984,#1985,#1986,
    #1987,#1988,#1989,#1990),.UNSPECIFIED.,.F.,.F.,(9,9),(1.570796326795
    ,4.712388980385),.PIECEWISE_BEZIER_KNOTS.);
#1982 = CARTESIAN_POINT('',(3.14159265359,4.574921537714));
#1983 = CARTESIAN_POINT('',(3.534291735289,4.449881374211));
#1984 = CARTESIAN_POINT('',(3.926990816986,4.324840213701));
#1985 = CARTESIAN_POINT('',(4.319689898676,4.229193010957));
#1986 = CARTESIAN_POINT('',(4.712388980385,4.192254264685));
#1987 = CARTESIAN_POINT('',(5.105088062069,4.229193010957));
#1988 = CARTESIAN_POINT('',(5.497787143781,4.3248402137));
#1989 = CARTESIAN_POINT('',(5.890486225481,4.449881374211));
#1990 = CARTESIAN_POINT('',(6.28318530718,4.574921537714));
#1991 = ( GEOMETRIC_REPRESENTATION_CONTEXT(2) 
PARAMETRIC_REPRESENTATION_CONTEXT() REPRESENTATION_CONTEXT('2D SPACE',''
  ) );
#1992 = PCURVE('',#1993,#1998);
#1993 = CYLINDRICAL_SURFACE('',#1994,4.7625);
#1994 = AXIS2_PLACEMENT_3D('',#1995,#1996,#1997);
#1995 = CARTESIAN_POINT('',(17.521482440099,141.33126847816,0.));
#1996 = DIRECTION('',(0.670102807114,-0.742268299133,0.));
#1997 = DIRECTION('',(-8.240833561466E-17,-7.439635653243E-17,1.));
#1998 = DEFINITIONAL_REPRESENTATION('',(#1999),#2009);
#1999 = B_SPLINE_CURVE_WITH_KNOTS('',8,(#2000,#2001,#2002,#2003,#2004,
    #2005,#2006,#2007,#2008),.UNSPECIFIED.,.F.,.F.,(9,9),(1.570796326795
    ,4.712388980385),.PIECEWISE_BEZIER_KNOTS.);
#2000 = CARTESIAN_POINT('',(3.14159265359,-1.563194018672E-13));
#2001 = CARTESIAN_POINT('',(3.534291735289,0.125040163504));
#2002 = CARTESIAN_POINT('',(3.926990816987,0.250081324017));
#2003 = CARTESIAN_POINT('',(4.319689898691,0.345728526734));
#2004 = CARTESIAN_POINT('',(4.712388980387,0.382667273063));
#2005 = CARTESIAN_POINT('',(5.105088062085,0.345728526734));
#2006 = CARTESIAN_POINT('',(5.497787143782,0.250081324017));
#2007 = CARTESIAN_POINT('',(5.890486225481,0.125040163504));
#2008 = CARTESIAN_POINT('',(6.28318530718,-1.563194018672E-13));
#2009 = ( GEOMETRIC_REPRESENTATION_CONTEXT(2) 
PARAMETRIC_REPRESENTATION_CONTEXT() REPRESENTATION_CONTEXT('2D SPACE',''
  ) );
#2010 = ORIENTED_EDGE('',*,*,#2011,.F.);
#2011 = EDGE_CURVE('',#2012,#1971,#2014,.T.);
#2012 = VERTEX_POINT('',#2013);
#2013 = CARTESIAN_POINT('',(13.7730607821,138.37625111297,
    5.832380380939E-16));
#2014 = SURFACE_CURVE('',#2015,(#2020,#2032),.PCURVE_S1.);
#2015 = ELLIPSE('',#2016,4.773132363001,4.7625);
#2016 = AXIS2_PLACEMENT_3D('',#2017,#2018,#2019);
#2017 = CARTESIAN_POINT('',(17.521482440099,141.33126847816,0.));
#2018 = DIRECTION('',(0.61909394931,-0.785316930881,0.));
#2019 = DIRECTION('',(-0.785316930881,-0.61909394931,0.));
#2020 = PCURVE('',#1721,#2021);
#2021 = DEFINITIONAL_REPRESENTATION('',(#2022),#2031);
#2022 = B_SPLINE_CURVE_WITH_KNOTS('',7,(#2023,#2024,#2025,#2026,#2027,
    #2028,#2029,#2030),.UNSPECIFIED.,.F.,.F.,(8,8),(0.,1.570796326795),
  .PIECEWISE_BEZIER_KNOTS.);
#2023 = CARTESIAN_POINT('',(1.570796326795,4.893333699421));
#2024 = CARTESIAN_POINT('',(1.795195802051,4.893333699421));
#2025 = CARTESIAN_POINT('',(2.019595277308,4.874627407578));
#2026 = CARTESIAN_POINT('',(2.243994752565,4.837217537547));
#2027 = CARTESIAN_POINT('',(2.468394227821,4.783400889879));
#2028 = CARTESIAN_POINT('',(2.692793703077,4.717824291584));
#2029 = CARTESIAN_POINT('',(2.917193178333,4.646373059717));
#2030 = CARTESIAN_POINT('',(3.14159265359,4.574921537714));
#2031 = ( GEOMETRIC_REPRESENTATION_CONTEXT(2) 
PARAMETRIC_REPRESENTATION_CONTEXT() REPRESENTATION_CONTEXT('2D SPACE',''
  ) );
#2032 = PCURVE('',#1993,#2033);
#2033 = DEFINITIONAL_REPRESENTATION('',(#2034),#2043);
#2034 = B_SPLINE_CURVE_WITH_KNOTS('',7,(#2035,#2036,#2037,#2038,#2039,
    #2040,#2041,#2042),.UNSPECIFIED.,.F.,.F.,(8,8),(0.,1.570796326795),
  .PIECEWISE_BEZIER_KNOTS.);
#2035 = CARTESIAN_POINT('',(1.570796326795,-0.318412161707));
#2036 = CARTESIAN_POINT('',(1.795195802051,-0.318412161707));
#2037 = CARTESIAN_POINT('',(2.019595277308,-0.299705869864));
#2038 = CARTESIAN_POINT('',(2.243994752564,-0.262295999831));
#2039 = CARTESIAN_POINT('',(2.468394227821,-0.208479352165));
#2040 = CARTESIAN_POINT('',(2.692793703077,-0.14290275387));
#2041 = CARTESIAN_POINT('',(2.917193178333,-7.145152200243E-02));
#2042 = CARTESIAN_POINT('',(3.14159265359,-1.563194018672E-13));
#2043 = ( GEOMETRIC_REPRESENTATION_CONTEXT(2) 
PARAMETRIC_REPRESENTATION_CONTEXT() REPRESENTATION_CONTEXT('2D SPACE',''
  ) );
#2044 = ORIENTED_EDGE('',*,*,#2045,.F.);
#2045 = EDGE_CURVE('',#1949,#2012,#2046,.T.);
#2046 = SURFACE_CURVE('',#2047,(#2052,#2064),.PCURVE_S1.);
#2047 = ELLIPSE('',#2048,4.773132363001,4.7625);
#2048 = AXIS2_PLACEMENT_3D('',#2049,#2050,#2051);
#2049 = CARTESIAN_POINT('',(17.521482440099,141.33126847816,0.));
#2050 = DIRECTION('',(0.61909394931,-0.785316930881,0.));
#2051 = DIRECTION('',(-0.785316930881,-0.61909394931,0.));
#2052 = PCURVE('',#1721,#2053);
#2053 = DEFINITIONAL_REPRESENTATION('',(#2054),#2063);
#2054 = B_SPLINE_CURVE_WITH_KNOTS('',7,(#2055,#2056,#2057,#2058,#2059,
    #2060,#2061,#2062),.UNSPECIFIED.,.F.,.F.,(8,8),(4.712388980385,
    6.28318530718),.PIECEWISE_BEZIER_KNOTS.);
#2055 = CARTESIAN_POINT('',(-2.6645352591E-15,4.574921537714));
#2056 = CARTESIAN_POINT('',(0.224399475256,4.646373059717));
#2057 = CARTESIAN_POINT('',(0.448798950513,4.717824291583));
#2058 = CARTESIAN_POINT('',(0.673198425769,4.783400889882));
#2059 = CARTESIAN_POINT('',(0.897597901026,4.837217537543));
#2060 = CARTESIAN_POINT('',(1.121997376282,4.874627407579));
#2061 = CARTESIAN_POINT('',(1.346396851538,4.893333699421));
#2062 = CARTESIAN_POINT('',(1.570796326795,4.893333699421));
#2063 = ( GEOMETRIC_REPRESENTATION_CONTEXT(2) 
PARAMETRIC_REPRESENTATION_CONTEXT() REPRESENTATION_CONTEXT('2D SPACE',''
  ) );
#2064 = PCURVE('',#1993,#2065);
#2065 = DEFINITIONAL_REPRESENTATION('',(#2066),#2075);
#2066 = B_SPLINE_CURVE_WITH_KNOTS('',7,(#2067,#2068,#2069,#2070,#2071,
    #2072,#2073,#2074),.UNSPECIFIED.,.F.,.F.,(8,8),(4.712388980385,
    6.28318530718),.PIECEWISE_BEZIER_KNOTS.);
#2067 = CARTESIAN_POINT('',(0.,-1.563194018672E-13));
#2068 = CARTESIAN_POINT('',(0.224399475256,-7.145152200243E-02));
#2069 = CARTESIAN_POINT('',(0.448798950513,-0.14290275387));
#2070 = CARTESIAN_POINT('',(0.67319842577,-0.208479352165));
#2071 = CARTESIAN_POINT('',(0.897597901025,-0.262295999831));
#2072 = CARTESIAN_POINT('',(1.121997376282,-0.299705869864));
#2073 = CARTESIAN_POINT('',(1.346396851538,-0.318412161707));
#2074 = CARTESIAN_POINT('',(1.570796326795,-0.318412161707));
#2075 = ( GEOMETRIC_REPRESENTATION_CONTEXT(2) 
PARAMETRIC_REPRESENTATION_CONTEXT() REPRESENTATION_CONTEXT('2D SPACE',''
  ) );
#2076 = ORIENTED_EDGE('',*,*,#1948,.F.);
#2077 = ORIENTED_EDGE('',*,*,#1773,.T.);
#2078 = ORIENTED_EDGE('',*,*,#1739,.T.);
#2079 = ORIENTED_EDGE('',*,*,#1698,.T.);
#2080 = ADVANCED_FACE('',(#2081),#1857,.T.);
#2081 = FACE_BOUND('',#2082,.T.);
#2082 = EDGE_LOOP('',(#2083,#2105,#2146,#2180,#2212,#2213,#2214,#2215));
#2083 = ORIENTED_EDGE('',*,*,#2084,.T.);
#2084 = EDGE_CURVE('',#1813,#2085,#2087,.T.);
#2085 = VERTEX_POINT('',#2086);
#2086 = CARTESIAN_POINT('',(20.58715020485,54.1154492497,4.7625));
#2087 = SEAM_CURVE('',#2088,(#2092,#2098),.PCURVE_S1.);
#2088 = LINE('',#2089,#2090);
#2089 = CARTESIAN_POINT('',(17.521482440099,57.511268478166,4.7625));
#2090 = VECTOR('',#2091,1.);
#2091 = DIRECTION('',(0.670102807114,-0.742268299133,0.));
#2092 = PCURVE('',#1857,#2093);
#2093 = DEFINITIONAL_REPRESENTATION('',(#2094),#2097);
#2094 = B_SPLINE_CURVE_WITH_KNOTS('',1,(#2095,#2096),.UNSPECIFIED.,.F.,
  .F.,(2,2),(-1.760704523206,6.335626060921),.PIECEWISE_BEZIER_KNOTS.);
#2095 = CARTESIAN_POINT('',(6.28318530718,-1.760704523206));
#2096 = CARTESIAN_POINT('',(6.28318530718,6.335626060921));
#2097 = ( GEOMETRIC_REPRESENTATION_CONTEXT(2) 
PARAMETRIC_REPRESENTATION_CONTEXT() REPRESENTATION_CONTEXT('2D SPACE',''
  ) );
#2098 = PCURVE('',#1857,#2099);
#2099 = DEFINITIONAL_REPRESENTATION('',(#2100),#2104);
#2100 = LINE('',#2101,#2102);
#2101 = CARTESIAN_POINT('',(0.,0.));
#2102 = VECTOR('',#2103,1.);
#2103 = DIRECTION('',(0.,1.));
#2104 = ( GEOMETRIC_REPRESENTATION_CONTEXT(2) 
PARAMETRIC_REPRESENTATION_CONTEXT() REPRESENTATION_CONTEXT('2D SPACE',''
  ) );
#2105 = ORIENTED_EDGE('',*,*,#2106,.F.);
#2106 = EDGE_CURVE('',#2107,#2085,#2109,.T.);
#2107 = VERTEX_POINT('',#2108);
#2108 = CARTESIAN_POINT('',(20.58715020485,54.1154492497,-4.7625));
#2109 = SURFACE_CURVE('',#2110,(#2115,#2128),.PCURVE_S1.);
#2110 = ELLIPSE('',#2111,4.773132363001,4.7625);
#2111 = AXIS2_PLACEMENT_3D('',#2112,#2113,#2114);
#2112 = CARTESIAN_POINT('',(20.58715020485,54.1154492497,0.));
#2113 = DIRECTION('',(0.718126297763,-0.695912796592,0.));
#2114 = DIRECTION('',(-0.695912796592,-0.718126297763,0.));
#2115 = PCURVE('',#1857,#2116);
#2116 = DEFINITIONAL_REPRESENTATION('',(#2117),#2127);
#2117 = B_SPLINE_CURVE_WITH_KNOTS('',8,(#2118,#2119,#2120,#2121,#2122,
    #2123,#2124,#2125,#2126),.UNSPECIFIED.,.F.,.F.,(9,9),(1.570796326795
    ,4.712388980385),.PIECEWISE_BEZIER_KNOTS.);
#2118 = CARTESIAN_POINT('',(3.14159265359,4.574921537715));
#2119 = CARTESIAN_POINT('',(3.534291735289,4.449881374211));
#2120 = CARTESIAN_POINT('',(3.926990816987,4.324840213702));
#2121 = CARTESIAN_POINT('',(4.319689898672,4.22919301095));
#2122 = CARTESIAN_POINT('',(4.712388980385,4.19225426468));
#2123 = CARTESIAN_POINT('',(5.105088062073,4.229193010951));
#2124 = CARTESIAN_POINT('',(5.497787143782,4.324840213701));
#2125 = CARTESIAN_POINT('',(5.890486225481,4.449881374211));
#2126 = CARTESIAN_POINT('',(6.28318530718,4.574921537715));
#2127 = ( GEOMETRIC_REPRESENTATION_CONTEXT(2) 
PARAMETRIC_REPRESENTATION_CONTEXT() REPRESENTATION_CONTEXT('2D SPACE',''
  ) );
#2128 = PCURVE('',#2129,#2134);
#2129 = CYLINDRICAL_SURFACE('',#2130,4.7625);
#2130 = AXIS2_PLACEMENT_3D('',#2131,#2132,#2133);
#2131 = CARTESIAN_POINT('',(20.58715020485,54.1154492497,0.));
#2132 = DIRECTION('',(0.762950472367,-0.646456941115,0.));
#2133 = DIRECTION('',(7.177113804545E-17,8.4704518107E-17,1.));
#2134 = DEFINITIONAL_REPRESENTATION('',(#2135),#2145);
#2135 = B_SPLINE_CURVE_WITH_KNOTS('',8,(#2136,#2137,#2138,#2139,#2140,
    #2141,#2142,#2143,#2144),.UNSPECIFIED.,.F.,.F.,(9,9),(1.570796326795
    ,4.712388980385),.PIECEWISE_BEZIER_KNOTS.);
#2136 = CARTESIAN_POINT('',(3.14159265359,-3.552713678801E-15));
#2137 = CARTESIAN_POINT('',(3.534291735289,0.125040163504));
#2138 = CARTESIAN_POINT('',(3.926990816989,0.250081324017));
#2139 = CARTESIAN_POINT('',(4.319689898686,0.345728526734));
#2140 = CARTESIAN_POINT('',(4.712388980391,0.382667273065));
#2141 = CARTESIAN_POINT('',(5.105088062082,0.345728526734));
#2142 = CARTESIAN_POINT('',(5.497787143783,0.250081324018));
#2143 = CARTESIAN_POINT('',(5.890486225481,0.125040163504));
#2144 = CARTESIAN_POINT('',(6.28318530718,-3.552713678801E-15));
#2145 = ( GEOMETRIC_REPRESENTATION_CONTEXT(2) 
PARAMETRIC_REPRESENTATION_CONTEXT() REPRESENTATION_CONTEXT('2D SPACE',''
  ) );
#2146 = ORIENTED_EDGE('',*,*,#2147,.F.);
#2147 = EDGE_CURVE('',#2148,#2107,#2150,.T.);
#2148 = VERTEX_POINT('',#2149);
#2149 = CARTESIAN_POINT('',(17.265466313609,50.687737377125,
    5.832380380939E-16));
#2150 = SURFACE_CURVE('',#2151,(#2156,#2168),.PCURVE_S1.);
#2151 = ELLIPSE('',#2152,4.773132363001,4.7625);
#2152 = AXIS2_PLACEMENT_3D('',#2153,#2154,#2155);
#2153 = CARTESIAN_POINT('',(20.58715020485,54.1154492497,0.));
#2154 = DIRECTION('',(0.718126297763,-0.695912796592,0.));
#2155 = DIRECTION('',(-0.695912796592,-0.718126297763,0.));
#2156 = PCURVE('',#1857,#2157);
#2157 = DEFINITIONAL_REPRESENTATION('',(#2158),#2167);
#2158 = B_SPLINE_CURVE_WITH_KNOTS('',7,(#2159,#2160,#2161,#2162,#2163,
    #2164,#2165,#2166),.UNSPECIFIED.,.F.,.F.,(8,8),(0.,1.570796326795),
  .PIECEWISE_BEZIER_KNOTS.);
#2159 = CARTESIAN_POINT('',(1.570796326795,4.893333699421));
#2160 = CARTESIAN_POINT('',(1.795195802051,4.893333699421));
#2161 = CARTESIAN_POINT('',(2.019595277308,4.874627407578));
#2162 = CARTESIAN_POINT('',(2.243994752564,4.837217537545));
#2163 = CARTESIAN_POINT('',(2.468394227821,4.783400889881));
#2164 = CARTESIAN_POINT('',(2.692793703077,4.717824291584));
#2165 = CARTESIAN_POINT('',(2.917193178333,4.646373059717));
#2166 = CARTESIAN_POINT('',(3.14159265359,4.574921537715));
#2167 = ( GEOMETRIC_REPRESENTATION_CONTEXT(2) 
PARAMETRIC_REPRESENTATION_CONTEXT() REPRESENTATION_CONTEXT('2D SPACE',''
  ) );
#2168 = PCURVE('',#2129,#2169);
#2169 = DEFINITIONAL_REPRESENTATION('',(#2170),#2179);
#2170 = B_SPLINE_CURVE_WITH_KNOTS('',7,(#2171,#2172,#2173,#2174,#2175,
    #2176,#2177,#2178),.UNSPECIFIED.,.F.,.F.,(8,8),(0.,1.570796326795),
  .PIECEWISE_BEZIER_KNOTS.);
#2171 = CARTESIAN_POINT('',(1.570796326795,-0.318412161707));
#2172 = CARTESIAN_POINT('',(1.795195802051,-0.318412161707));
#2173 = CARTESIAN_POINT('',(2.019595277308,-0.299705869864));
#2174 = CARTESIAN_POINT('',(2.243994752565,-0.262295999831));
#2175 = CARTESIAN_POINT('',(2.46839422782,-0.208479352165));
#2176 = CARTESIAN_POINT('',(2.692793703077,-0.142902753869));
#2177 = CARTESIAN_POINT('',(2.917193178333,-7.145152200227E-02));
#2178 = CARTESIAN_POINT('',(3.14159265359,-3.552713678801E-15));
#2179 = ( GEOMETRIC_REPRESENTATION_CONTEXT(2) 
PARAMETRIC_REPRESENTATION_CONTEXT() REPRESENTATION_CONTEXT('2D SPACE',''
  ) );
#2180 = ORIENTED_EDGE('',*,*,#2181,.F.);
#2181 = EDGE_CURVE('',#2085,#2148,#2182,.T.);
#2182 = SURFACE_CURVE('',#2183,(#2188,#2200),.PCURVE_S1.);
#2183 = ELLIPSE('',#2184,4.773132363001,4.7625);
#2184 = AXIS2_PLACEMENT_3D('',#2185,#2186,#2187);
#2185 = CARTESIAN_POINT('',(20.58715020485,54.1154492497,0.));
#2186 = DIRECTION('',(0.718126297763,-0.695912796592,0.));
#2187 = DIRECTION('',(-0.695912796592,-0.718126297763,0.));
#2188 = PCURVE('',#1857,#2189);
#2189 = DEFINITIONAL_REPRESENTATION('',(#2190),#2199);
#2190 = B_SPLINE_CURVE_WITH_KNOTS('',7,(#2191,#2192,#2193,#2194,#2195,
    #2196,#2197,#2198),.UNSPECIFIED.,.F.,.F.,(8,8),(4.712388980385,
    6.28318530718),.PIECEWISE_BEZIER_KNOTS.);
#2191 = CARTESIAN_POINT('',(-1.7763568394E-15,4.574921537715));
#2192 = CARTESIAN_POINT('',(0.224399475256,4.646373059717));
#2193 = CARTESIAN_POINT('',(0.448798950513,4.717824291584));
#2194 = CARTESIAN_POINT('',(0.673198425769,4.783400889879));
#2195 = CARTESIAN_POINT('',(0.897597901025,4.837217537547));
#2196 = CARTESIAN_POINT('',(1.121997376282,4.874627407578));
#2197 = CARTESIAN_POINT('',(1.346396851538,4.893333699421));
#2198 = CARTESIAN_POINT('',(1.570796326795,4.893333699421));
#2199 = ( GEOMETRIC_REPRESENTATION_CONTEXT(2) 
PARAMETRIC_REPRESENTATION_CONTEXT() REPRESENTATION_CONTEXT('2D SPACE',''
  ) );
#2200 = PCURVE('',#2129,#2201);
#2201 = DEFINITIONAL_REPRESENTATION('',(#2202),#2211);
#2202 = B_SPLINE_CURVE_WITH_KNOTS('',7,(#2203,#2204,#2205,#2206,#2207,
    #2208,#2209,#2210),.UNSPECIFIED.,.F.,.F.,(8,8),(4.712388980385,
    6.28318530718),.PIECEWISE_BEZIER_KNOTS.);
#2203 = CARTESIAN_POINT('',(0.,-3.552713678801E-15));
#2204 = CARTESIAN_POINT('',(0.224399475256,-7.145152200227E-02));
#2205 = CARTESIAN_POINT('',(0.448798950513,-0.142902753869));
#2206 = CARTESIAN_POINT('',(0.673198425769,-0.208479352165));
#2207 = CARTESIAN_POINT('',(0.897597901026,-0.262295999831));
#2208 = CARTESIAN_POINT('',(1.121997376282,-0.299705869864));
#2209 = CARTESIAN_POINT('',(1.346396851538,-0.318412161707));
#2210 = CARTESIAN_POINT('',(1.570796326795,-0.318412161707));
#2211 = ( GEOMETRIC_REPRESENTATION_CONTEXT(2) 
PARAMETRIC_REPRESENTATION_CONTEXT() REPRESENTATION_CONTEXT('2D SPACE',''
  ) );
#2212 = ORIENTED_EDGE('',*,*,#2084,.F.);
#2213 = ORIENTED_EDGE('',*,*,#1909,.T.);
#2214 = ORIENTED_EDGE('',*,*,#1875,.T.);
#2215 = ORIENTED_EDGE('',*,*,#1834,.T.);
#2216 = ADVANCED_FACE('',(#2217),#1993,.T.);
#2217 = FACE_BOUND('',#2218,.T.);
#2218 = EDGE_LOOP('',(#2219,#2241,#2282,#2316,#2348,#2349,#2350,#2351));
#2219 = ORIENTED_EDGE('',*,*,#2220,.T.);
#2220 = EDGE_CURVE('',#1949,#2221,#2223,.T.);
#2221 = VERTEX_POINT('',#2222);
#2222 = CARTESIAN_POINT('',(20.58715020485,137.9354492497,4.7625));
#2223 = SEAM_CURVE('',#2224,(#2228,#2234),.PCURVE_S1.);
#2224 = LINE('',#2225,#2226);
#2225 = CARTESIAN_POINT('',(17.521482440099,141.33126847816,4.7625));
#2226 = VECTOR('',#2227,1.);
#2227 = DIRECTION('',(0.670102807114,-0.742268299133,0.));
#2228 = PCURVE('',#1993,#2229);
#2229 = DEFINITIONAL_REPRESENTATION('',(#2230),#2233);
#2230 = B_SPLINE_CURVE_WITH_KNOTS('',1,(#2231,#2232),.UNSPECIFIED.,.F.,
  .F.,(2,2),(-1.760704523206,6.335626060921),.PIECEWISE_BEZIER_KNOTS.);
#2231 = CARTESIAN_POINT('',(6.28318530718,-1.760704523206));
#2232 = CARTESIAN_POINT('',(6.28318530718,6.335626060921));
#2233 = ( GEOMETRIC_REPRESENTATION_CONTEXT(2) 
PARAMETRIC_REPRESENTATION_CONTEXT() REPRESENTATION_CONTEXT('2D SPACE',''
  ) );
#2234 = PCURVE('',#1993,#2235);
#2235 = DEFINITIONAL_REPRESENTATION('',(#2236),#2240);
#2236 = LINE('',#2237,#2238);
#2237 = CARTESIAN_POINT('',(0.,0.));
#2238 = VECTOR('',#2239,1.);
#2239 = DIRECTION('',(0.,1.));
#2240 = ( GEOMETRIC_REPRESENTATION_CONTEXT(2) 
PARAMETRIC_REPRESENTATION_CONTEXT() REPRESENTATION_CONTEXT('2D SPACE',''
  ) );
#2241 = ORIENTED_EDGE('',*,*,#2242,.F.);
#2242 = EDGE_CURVE('',#2243,#2221,#2245,.T.);
#2243 = VERTEX_POINT('',#2244);
#2244 = CARTESIAN_POINT('',(20.58715020485,137.9354492497,-4.7625));
#2245 = SURFACE_CURVE('',#2246,(#2251,#2264),.PCURVE_S1.);
#2246 = ELLIPSE('',#2247,4.773132363001,4.7625);
#2247 = AXIS2_PLACEMENT_3D('',#2248,#2249,#2250);
#2248 = CARTESIAN_POINT('',(20.58715020485,137.9354492497,0.));
#2249 = DIRECTION('',(0.718126297763,-0.695912796592,0.));
#2250 = DIRECTION('',(-0.695912796592,-0.718126297763,0.));
#2251 = PCURVE('',#1993,#2252);
#2252 = DEFINITIONAL_REPRESENTATION('',(#2253),#2263);
#2253 = B_SPLINE_CURVE_WITH_KNOTS('',8,(#2254,#2255,#2256,#2257,#2258,
    #2259,#2260,#2261,#2262),.UNSPECIFIED.,.F.,.F.,(9,9),(1.570796326795
    ,4.712388980385),.PIECEWISE_BEZIER_KNOTS.);
#2254 = CARTESIAN_POINT('',(3.14159265359,4.574921537715));
#2255 = CARTESIAN_POINT('',(3.534291735289,4.449881374211));
#2256 = CARTESIAN_POINT('',(3.926990816988,4.324840213695));
#2257 = CARTESIAN_POINT('',(4.319689898689,4.229193010981));
#2258 = CARTESIAN_POINT('',(4.712388980391,4.192254264635));
#2259 = CARTESIAN_POINT('',(5.105088062085,4.229193010979));
#2260 = CARTESIAN_POINT('',(5.497787143782,4.324840213694));
#2261 = CARTESIAN_POINT('',(5.890486225481,4.449881374211));
#2262 = CARTESIAN_POINT('',(6.28318530718,4.574921537715));
#2263 = ( GEOMETRIC_REPRESENTATION_CONTEXT(2) 
PARAMETRIC_REPRESENTATION_CONTEXT() REPRESENTATION_CONTEXT('2D SPACE',''
  ) );
#2264 = PCURVE('',#2265,#2270);
#2265 = CYLINDRICAL_SURFACE('',#2266,4.7625);
#2266 = AXIS2_PLACEMENT_3D('',#2267,#2268,#2269);
#2267 = CARTESIAN_POINT('',(20.58715020485,137.9354492497,0.));
#2268 = DIRECTION('',(0.762950472367,-0.646456941115,0.));
#2269 = DIRECTION('',(7.177113804545E-17,8.4704518107E-17,1.));
#2270 = DEFINITIONAL_REPRESENTATION('',(#2271),#2281);
#2271 = B_SPLINE_CURVE_WITH_KNOTS('',8,(#2272,#2273,#2274,#2275,#2276,
    #2277,#2278,#2279,#2280),.UNSPECIFIED.,.F.,.F.,(9,9),(1.570796326795
    ,4.712388980385),.PIECEWISE_BEZIER_KNOTS.);
#2272 = CARTESIAN_POINT('',(3.14159265359,2.557953848736E-13));
#2273 = CARTESIAN_POINT('',(3.534291735289,0.125040163504));
#2274 = CARTESIAN_POINT('',(3.926990816987,0.250081324017));
#2275 = CARTESIAN_POINT('',(4.319689898688,0.345728526736));
#2276 = CARTESIAN_POINT('',(4.712388980386,0.382667273063));
#2277 = CARTESIAN_POINT('',(5.105088062086,0.345728526736));
#2278 = CARTESIAN_POINT('',(5.497787143783,0.250081324017));
#2279 = CARTESIAN_POINT('',(5.890486225481,0.125040163504));
#2280 = CARTESIAN_POINT('',(6.28318530718,2.557953848736E-13));
#2281 = ( GEOMETRIC_REPRESENTATION_CONTEXT(2) 
PARAMETRIC_REPRESENTATION_CONTEXT() REPRESENTATION_CONTEXT('2D SPACE',''
  ) );
#2282 = ORIENTED_EDGE('',*,*,#2283,.F.);
#2283 = EDGE_CURVE('',#2284,#2243,#2286,.T.);
#2284 = VERTEX_POINT('',#2285);
#2285 = CARTESIAN_POINT('',(17.265466313609,134.50773737712,
    5.832380380939E-16));
#2286 = SURFACE_CURVE('',#2287,(#2292,#2304),.PCURVE_S1.);
#2287 = ELLIPSE('',#2288,4.773132363001,4.7625);
#2288 = AXIS2_PLACEMENT_3D('',#2289,#2290,#2291);
#2289 = CARTESIAN_POINT('',(20.58715020485,137.9354492497,0.));
#2290 = DIRECTION('',(0.718126297763,-0.695912796592,0.));
#2291 = DIRECTION('',(-0.695912796592,-0.718126297763,0.));
#2292 = PCURVE('',#1993,#2293);
#2293 = DEFINITIONAL_REPRESENTATION('',(#2294),#2303);
#2294 = B_SPLINE_CURVE_WITH_KNOTS('',7,(#2295,#2296,#2297,#2298,#2299,
    #2300,#2301,#2302),.UNSPECIFIED.,.F.,.F.,(8,8),(0.,1.570796326795),
  .PIECEWISE_BEZIER_KNOTS.);
#2295 = CARTESIAN_POINT('',(1.570796326795,4.893333699422));
#2296 = CARTESIAN_POINT('',(1.795195802051,4.893333699422));
#2297 = CARTESIAN_POINT('',(2.019595277308,4.874627407579));
#2298 = CARTESIAN_POINT('',(2.243994752564,4.837217537544));
#2299 = CARTESIAN_POINT('',(2.468394227821,4.783400889881));
#2300 = CARTESIAN_POINT('',(2.692793703077,4.717824291584));
#2301 = CARTESIAN_POINT('',(2.917193178333,4.646373059717));
#2302 = CARTESIAN_POINT('',(3.14159265359,4.574921537715));
#2303 = ( GEOMETRIC_REPRESENTATION_CONTEXT(2) 
PARAMETRIC_REPRESENTATION_CONTEXT() REPRESENTATION_CONTEXT('2D SPACE',''
  ) );
#2304 = PCURVE('',#2265,#2305);
#2305 = DEFINITIONAL_REPRESENTATION('',(#2306),#2315);
#2306 = B_SPLINE_CURVE_WITH_KNOTS('',7,(#2307,#2308,#2309,#2310,#2311,
    #2312,#2313,#2314),.UNSPECIFIED.,.F.,.F.,(8,8),(0.,1.570796326795),
  .PIECEWISE_BEZIER_KNOTS.);
#2307 = CARTESIAN_POINT('',(1.570796326795,-0.318412161707));
#2308 = CARTESIAN_POINT('',(1.795195802051,-0.318412161707));
#2309 = CARTESIAN_POINT('',(2.019595277307,-0.299705869863));
#2310 = CARTESIAN_POINT('',(2.243994752565,-0.262295999831));
#2311 = CARTESIAN_POINT('',(2.46839422782,-0.208479352165));
#2312 = CARTESIAN_POINT('',(2.692793703077,-0.142902753869));
#2313 = CARTESIAN_POINT('',(2.917193178333,-7.145152200201E-02));
#2314 = CARTESIAN_POINT('',(3.14159265359,2.557953848736E-13));
#2315 = ( GEOMETRIC_REPRESENTATION_CONTEXT(2) 
PARAMETRIC_REPRESENTATION_CONTEXT() REPRESENTATION_CONTEXT('2D SPACE',''
  ) );
#2316 = ORIENTED_EDGE('',*,*,#2317,.F.);
#2317 = EDGE_CURVE('',#2221,#2284,#2318,.T.);
#2318 = SURFACE_CURVE('',#2319,(#2324,#2336),.PCURVE_S1.);
#2319 = ELLIPSE('',#2320,4.773132363001,4.7625);
#2320 = AXIS2_PLACEMENT_3D('',#2321,#2322,#2323);
#2321 = CARTESIAN_POINT('',(20.58715020485,137.9354492497,0.));
#2322 = DIRECTION('',(0.718126297763,-0.695912796592,0.));
#2323 = DIRECTION('',(-0.695912796592,-0.718126297763,0.));
#2324 = PCURVE('',#1993,#2325);
#2325 = DEFINITIONAL_REPRESENTATION('',(#2326),#2335);
#2326 = B_SPLINE_CURVE_WITH_KNOTS('',7,(#2327,#2328,#2329,#2330,#2331,
    #2332,#2333,#2334),.UNSPECIFIED.,.F.,.F.,(8,8),(4.712388980385,
    6.28318530718),.PIECEWISE_BEZIER_KNOTS.);
#2327 = CARTESIAN_POINT('',(2.98390650188E-15,4.574921537715));
#2328 = CARTESIAN_POINT('',(0.224399475256,4.646373059717));
#2329 = CARTESIAN_POINT('',(0.448798950513,4.717824291584));
#2330 = CARTESIAN_POINT('',(0.673198425769,4.783400889882));
#2331 = CARTESIAN_POINT('',(0.897597901025,4.837217537544));
#2332 = CARTESIAN_POINT('',(1.121997376282,4.874627407579));
#2333 = CARTESIAN_POINT('',(1.346396851538,4.893333699422));
#2334 = CARTESIAN_POINT('',(1.570796326795,4.893333699422));
#2335 = ( GEOMETRIC_REPRESENTATION_CONTEXT(2) 
PARAMETRIC_REPRESENTATION_CONTEXT() REPRESENTATION_CONTEXT('2D SPACE',''
  ) );
#2336 = PCURVE('',#2265,#2337);
#2337 = DEFINITIONAL_REPRESENTATION('',(#2338),#2347);
#2338 = B_SPLINE_CURVE_WITH_KNOTS('',7,(#2339,#2340,#2341,#2342,#2343,
    #2344,#2345,#2346),.UNSPECIFIED.,.F.,.F.,(8,8),(4.712388980385,
    6.28318530718),.PIECEWISE_BEZIER_KNOTS.);
#2339 = CARTESIAN_POINT('',(0.,2.557953848736E-13));
#2340 = CARTESIAN_POINT('',(0.224399475256,-7.145152200201E-02));
#2341 = CARTESIAN_POINT('',(0.448798950513,-0.142902753869));
#2342 = CARTESIAN_POINT('',(0.673198425769,-0.208479352165));
#2343 = CARTESIAN_POINT('',(0.897597901025,-0.26229599983));
#2344 = CARTESIAN_POINT('',(1.121997376282,-0.299705869863));
#2345 = CARTESIAN_POINT('',(1.346396851538,-0.318412161707));
#2346 = CARTESIAN_POINT('',(1.570796326795,-0.318412161707));
#2347 = ( GEOMETRIC_REPRESENTATION_CONTEXT(2) 
PARAMETRIC_REPRESENTATION_CONTEXT() REPRESENTATION_CONTEXT('2D SPACE',''
  ) );
#2348 = ORIENTED_EDGE('',*,*,#2220,.F.);
#2349 = ORIENTED_EDGE('',*,*,#2045,.T.);
#2350 = ORIENTED_EDGE('',*,*,#2011,.T.);
#2351 = ORIENTED_EDGE('',*,*,#1970,.T.);
#2352 = ADVANCED_FACE('',(#2353),#2129,.T.);
#2353 = FACE_BOUND('',#2354,.T.);
#2354 = EDGE_LOOP('',(#2355,#2377,#2418,#2452,#2484,#2485,#2486,#2487));
#2355 = ORIENTED_EDGE('',*,*,#2356,.T.);
#2356 = EDGE_CURVE('',#2085,#2357,#2359,.T.);
#2357 = VERTEX_POINT('',#2358);
#2358 = CARTESIAN_POINT('',(24.077588753089,51.157959466589,4.7625));
#2359 = SEAM_CURVE('',#2360,(#2364,#2370),.PCURVE_S1.);
#2360 = LINE('',#2361,#2362);
#2361 = CARTESIAN_POINT('',(20.58715020485,54.1154492497,4.7625));
#2362 = VECTOR('',#2363,1.);
#2363 = DIRECTION('',(0.762950472367,-0.646456941115,0.));
#2364 = PCURVE('',#2129,#2365);
#2365 = DEFINITIONAL_REPRESENTATION('',(#2366),#2369);
#2366 = B_SPLINE_CURVE_WITH_KNOTS('',1,(#2367,#2368),.UNSPECIFIED.,.F.,
  .F.,(2,2),(-1.760704523206,6.335626060921),.PIECEWISE_BEZIER_KNOTS.);
#2367 = CARTESIAN_POINT('',(6.28318530718,-1.760704523206));
#2368 = CARTESIAN_POINT('',(6.28318530718,6.335626060921));
#2369 = ( GEOMETRIC_REPRESENTATION_CONTEXT(2) 
PARAMETRIC_REPRESENTATION_CONTEXT() REPRESENTATION_CONTEXT('2D SPACE',''
  ) );
#2370 = PCURVE('',#2129,#2371);
#2371 = DEFINITIONAL_REPRESENTATION('',(#2372),#2376);
#2372 = LINE('',#2373,#2374);
#2373 = CARTESIAN_POINT('',(0.,0.));
#2374 = VECTOR('',#2375,1.);
#2375 = DIRECTION('',(0.,1.));
#2376 = ( GEOMETRIC_REPRESENTATION_CONTEXT(2) 
PARAMETRIC_REPRESENTATION_CONTEXT() REPRESENTATION_CONTEXT('2D SPACE',''
  ) );
#2377 = ORIENTED_EDGE('',*,*,#2378,.F.);
#2378 = EDGE_CURVE('',#2379,#2357,#2381,.T.);
#2379 = VERTEX_POINT('',#2380);
#2380 = CARTESIAN_POINT('',(24.077588753089,51.157959466589,-4.7625));
#2381 = SURFACE_CURVE('',#2382,(#2387,#2400),.PCURVE_S1.);
#2382 = ELLIPSE('',#2383,4.773132363001,4.7625);
#2383 = AXIS2_PLACEMENT_3D('',#2384,#2385,#2386);
#2384 = CARTESIAN_POINT('',(24.077588753089,51.157959466589,0.));
#2385 = DIRECTION('',(0.80437563527,-0.594121062902,0.));
#2386 = DIRECTION('',(-0.594121062902,-0.80437563527,0.));
#2387 = PCURVE('',#2129,#2388);
#2388 = DEFINITIONAL_REPRESENTATION('',(#2389),#2399);
#2389 = B_SPLINE_CURVE_WITH_KNOTS('',8,(#2390,#2391,#2392,#2393,#2394,
    #2395,#2396,#2397,#2398),.UNSPECIFIED.,.F.,.F.,(9,9),(1.570796326795
    ,4.712388980385),.PIECEWISE_BEZIER_KNOTS.);
#2390 = CARTESIAN_POINT('',(3.14159265359,4.574921537715));
#2391 = CARTESIAN_POINT('',(3.534291735289,4.449881374211));
#2392 = CARTESIAN_POINT('',(3.926990816987,4.324840213695));
#2393 = CARTESIAN_POINT('',(4.319689898689,4.229193010982));
#2394 = CARTESIAN_POINT('',(4.712388980385,4.192254264633));
#2395 = CARTESIAN_POINT('',(5.105088062086,4.229193010986));
#2396 = CARTESIAN_POINT('',(5.497787143783,4.324840213694));
#2397 = CARTESIAN_POINT('',(5.890486225481,4.449881374211));
#2398 = CARTESIAN_POINT('',(6.28318530718,4.574921537715));
#2399 = ( GEOMETRIC_REPRESENTATION_CONTEXT(2) 
PARAMETRIC_REPRESENTATION_CONTEXT() REPRESENTATION_CONTEXT('2D SPACE',''
  ) );
#2400 = PCURVE('',#2401,#2406);
#2401 = CYLINDRICAL_SURFACE('',#2402,4.7625);
#2402 = AXIS2_PLACEMENT_3D('',#2403,#2404,#2405);
#2403 = CARTESIAN_POINT('',(24.077588753089,51.157959466589,0.));
#2404 = DIRECTION('',(0.842217233716,-0.539138322911,0.));
#2405 = DIRECTION('',(5.985637795536E-17,9.350489646079E-17,1.));
#2406 = DEFINITIONAL_REPRESENTATION('',(#2407),#2417);
#2407 = B_SPLINE_CURVE_WITH_KNOTS('',8,(#2408,#2409,#2410,#2411,#2412,
    #2413,#2414,#2415,#2416),.UNSPECIFIED.,.F.,.F.,(9,9),(1.570796326795
    ,4.712388980385),.PIECEWISE_BEZIER_KNOTS.);
#2408 = CARTESIAN_POINT('',(3.14159265359,9.769962616701E-15));
#2409 = CARTESIAN_POINT('',(3.534291735289,0.125040163504));
#2410 = CARTESIAN_POINT('',(3.926990816987,0.250081324017));
#2411 = CARTESIAN_POINT('',(4.319689898676,0.345728526735));
#2412 = CARTESIAN_POINT('',(4.712388980386,0.382667273063));
#2413 = CARTESIAN_POINT('',(5.105088062077,0.345728526734));
#2414 = CARTESIAN_POINT('',(5.497787143782,0.250081324017));
#2415 = CARTESIAN_POINT('',(5.890486225481,0.125040163504));
#2416 = CARTESIAN_POINT('',(6.28318530718,9.769962616701E-15));
#2417 = ( GEOMETRIC_REPRESENTATION_CONTEXT(2) 
PARAMETRIC_REPRESENTATION_CONTEXT() REPRESENTATION_CONTEXT('2D SPACE',''
  ) );
#2418 = ORIENTED_EDGE('',*,*,#2419,.F.);
#2419 = EDGE_CURVE('',#2420,#2379,#2422,.T.);
#2420 = VERTEX_POINT('',#2421);
#2421 = CARTESIAN_POINT('',(21.241770280211,47.318568089872,
    5.832380380939E-16));
#2422 = SURFACE_CURVE('',#2423,(#2428,#2440),.PCURVE_S1.);
#2423 = ELLIPSE('',#2424,4.773132363001,4.7625);
#2424 = AXIS2_PLACEMENT_3D('',#2425,#2426,#2427);
#2425 = CARTESIAN_POINT('',(24.077588753089,51.157959466589,0.));
#2426 = DIRECTION('',(0.80437563527,-0.594121062902,0.));
#2427 = DIRECTION('',(-0.594121062902,-0.80437563527,0.));
#2428 = PCURVE('',#2129,#2429);
#2429 = DEFINITIONAL_REPRESENTATION('',(#2430),#2439);
#2430 = B_SPLINE_CURVE_WITH_KNOTS('',7,(#2431,#2432,#2433,#2434,#2435,
    #2436,#2437,#2438),.UNSPECIFIED.,.F.,.F.,(8,8),(0.,1.570796326795),
  .PIECEWISE_BEZIER_KNOTS.);
#2431 = CARTESIAN_POINT('',(1.570796326795,4.893333699421));
#2432 = CARTESIAN_POINT('',(1.795195802051,4.893333699421));
#2433 = CARTESIAN_POINT('',(2.019595277308,4.874627407577));
#2434 = CARTESIAN_POINT('',(2.243994752563,4.837217537547));
#2435 = CARTESIAN_POINT('',(2.468394227822,4.783400889879));
#2436 = CARTESIAN_POINT('',(2.692793703077,4.717824291585));
#2437 = CARTESIAN_POINT('',(2.917193178333,4.646373059717));
#2438 = CARTESIAN_POINT('',(3.14159265359,4.574921537715));
#2439 = ( GEOMETRIC_REPRESENTATION_CONTEXT(2) 
PARAMETRIC_REPRESENTATION_CONTEXT() REPRESENTATION_CONTEXT('2D SPACE',''
  ) );
#2440 = PCURVE('',#2401,#2441);
#2441 = DEFINITIONAL_REPRESENTATION('',(#2442),#2451);
#2442 = B_SPLINE_CURVE_WITH_KNOTS('',7,(#2443,#2444,#2445,#2446,#2447,
    #2448,#2449,#2450),.UNSPECIFIED.,.F.,.F.,(8,8),(0.,1.570796326795),
  .PIECEWISE_BEZIER_KNOTS.);
#2443 = CARTESIAN_POINT('',(1.570796326795,-0.318412161707));
#2444 = CARTESIAN_POINT('',(1.795195802051,-0.318412161707));
#2445 = CARTESIAN_POINT('',(2.019595277308,-0.299705869864));
#2446 = CARTESIAN_POINT('',(2.243994752564,-0.262295999831));
#2447 = CARTESIAN_POINT('',(2.468394227822,-0.208479352165));
#2448 = CARTESIAN_POINT('',(2.692793703077,-0.142902753869));
#2449 = CARTESIAN_POINT('',(2.917193178333,-7.145152200226E-02));
#2450 = CARTESIAN_POINT('',(3.14159265359,9.769962616701E-15));
#2451 = ( GEOMETRIC_REPRESENTATION_CONTEXT(2) 
PARAMETRIC_REPRESENTATION_CONTEXT() REPRESENTATION_CONTEXT('2D SPACE',''
  ) );
#2452 = ORIENTED_EDGE('',*,*,#2453,.F.);
#2453 = EDGE_CURVE('',#2357,#2420,#2454,.T.);
#2454 = SURFACE_CURVE('',#2455,(#2460,#2472),.PCURVE_S1.);
#2455 = ELLIPSE('',#2456,4.773132363001,4.7625);
#2456 = AXIS2_PLACEMENT_3D('',#2457,#2458,#2459);
#2457 = CARTESIAN_POINT('',(24.077588753089,51.157959466589,0.));
#2458 = DIRECTION('',(0.80437563527,-0.594121062902,0.));
#2459 = DIRECTION('',(-0.594121062902,-0.80437563527,0.));
#2460 = PCURVE('',#2129,#2461);
#2461 = DEFINITIONAL_REPRESENTATION('',(#2462),#2471);
#2462 = B_SPLINE_CURVE_WITH_KNOTS('',7,(#2463,#2464,#2465,#2466,#2467,
    #2468,#2469,#2470),.UNSPECIFIED.,.F.,.F.,(8,8),(4.712388980385,
    6.28318530718),.PIECEWISE_BEZIER_KNOTS.);
#2463 = CARTESIAN_POINT('',(1.49195325094E-15,4.574921537715));
#2464 = CARTESIAN_POINT('',(0.224399475256,4.646373059717));
#2465 = CARTESIAN_POINT('',(0.448798950513,4.717824291583));
#2466 = CARTESIAN_POINT('',(0.673198425769,4.783400889881));
#2467 = CARTESIAN_POINT('',(0.897597901026,4.837217537545));
#2468 = CARTESIAN_POINT('',(1.121997376282,4.874627407579));
#2469 = CARTESIAN_POINT('',(1.346396851538,4.893333699421));
#2470 = CARTESIAN_POINT('',(1.570796326795,4.893333699421));
#2471 = ( GEOMETRIC_REPRESENTATION_CONTEXT(2) 
PARAMETRIC_REPRESENTATION_CONTEXT() REPRESENTATION_CONTEXT('2D SPACE',''
  ) );
#2472 = PCURVE('',#2401,#2473);
#2473 = DEFINITIONAL_REPRESENTATION('',(#2474),#2483);
#2474 = B_SPLINE_CURVE_WITH_KNOTS('',7,(#2475,#2476,#2477,#2478,#2479,
    #2480,#2481,#2482),.UNSPECIFIED.,.F.,.F.,(8,8),(4.712388980385,
    6.28318530718),.PIECEWISE_BEZIER_KNOTS.);
#2475 = CARTESIAN_POINT('',(-1.7763568394E-15,9.769962616701E-15));
#2476 = CARTESIAN_POINT('',(0.224399475256,-7.145152200226E-02));
#2477 = CARTESIAN_POINT('',(0.448798950513,-0.142902753869));
#2478 = CARTESIAN_POINT('',(0.67319842577,-0.208479352165));
#2479 = CARTESIAN_POINT('',(0.897597901026,-0.262295999831));
#2480 = CARTESIAN_POINT('',(1.121997376282,-0.299705869864));
#2481 = CARTESIAN_POINT('',(1.346396851538,-0.318412161707));
#2482 = CARTESIAN_POINT('',(1.570796326795,-0.318412161707));
#2483 = ( GEOMETRIC_REPRESENTATION_CONTEXT(2) 
PARAMETRIC_REPRESENTATION_CONTEXT() REPRESENTATION_CONTEXT('2D SPACE',''
  ) );
#2484 = ORIENTED_EDGE('',*,*,#2356,.F.);
#2485 = ORIENTED_EDGE('',*,*,#2181,.T.);
#2486 = ORIENTED_EDGE('',*,*,#2147,.T.);
#2487 = ORIENTED_EDGE('',*,*,#2106,.T.);
#2488 = ADVANCED_FACE('',(#2489),#2265,.T.);
#2489 = FACE_BOUND('',#2490,.T.);
#2490 = EDGE_LOOP('',(#2491,#2513,#2554,#2588,#2620,#2621,#2622,#2623));
#2491 = ORIENTED_EDGE('',*,*,#2492,.T.);
#2492 = EDGE_CURVE('',#2221,#2493,#2495,.T.);
#2493 = VERTEX_POINT('',#2494);
#2494 = CARTESIAN_POINT('',(24.077588753089,134.97795946658,4.7625));
#2495 = SEAM_CURVE('',#2496,(#2500,#2506),.PCURVE_S1.);
#2496 = LINE('',#2497,#2498);
#2497 = CARTESIAN_POINT('',(20.58715020485,137.9354492497,4.7625));
#2498 = VECTOR('',#2499,1.);
#2499 = DIRECTION('',(0.762950472367,-0.646456941115,0.));
#2500 = PCURVE('',#2265,#2501);
#2501 = DEFINITIONAL_REPRESENTATION('',(#2502),#2505);
#2502 = B_SPLINE_CURVE_WITH_KNOTS('',1,(#2503,#2504),.UNSPECIFIED.,.F.,
  .F.,(2,2),(-1.760704523206,6.335626060921),.PIECEWISE_BEZIER_KNOTS.);
#2503 = CARTESIAN_POINT('',(6.28318530718,-1.760704523206));
#2504 = CARTESIAN_POINT('',(6.28318530718,6.335626060921));
#2505 = ( GEOMETRIC_REPRESENTATION_CONTEXT(2) 
PARAMETRIC_REPRESENTATION_CONTEXT() REPRESENTATION_CONTEXT('2D SPACE',''
  ) );
#2506 = PCURVE('',#2265,#2507);
#2507 = DEFINITIONAL_REPRESENTATION('',(#2508),#2512);
#2508 = LINE('',#2509,#2510);
#2509 = CARTESIAN_POINT('',(0.,0.));
#2510 = VECTOR('',#2511,1.);
#2511 = DIRECTION('',(0.,1.));
#2512 = ( GEOMETRIC_REPRESENTATION_CONTEXT(2) 
PARAMETRIC_REPRESENTATION_CONTEXT() REPRESENTATION_CONTEXT('2D SPACE',''
  ) );
#2513 = ORIENTED_EDGE('',*,*,#2514,.F.);
#2514 = EDGE_CURVE('',#2515,#2493,#2517,.T.);
#2515 = VERTEX_POINT('',#2516);
#2516 = CARTESIAN_POINT('',(24.077588753089,134.97795946658,-4.7625));
#2517 = SURFACE_CURVE('',#2518,(#2523,#2536),.PCURVE_S1.);
#2518 = ELLIPSE('',#2519,4.773132363001,4.7625);
#2519 = AXIS2_PLACEMENT_3D('',#2520,#2521,#2522);
#2520 = CARTESIAN_POINT('',(24.077588753089,134.97795946658,0.));
#2521 = DIRECTION('',(0.80437563527,-0.594121062902,0.));
#2522 = DIRECTION('',(-0.594121062902,-0.80437563527,0.));
#2523 = PCURVE('',#2265,#2524);
#2524 = DEFINITIONAL_REPRESENTATION('',(#2525),#2535);
#2525 = B_SPLINE_CURVE_WITH_KNOTS('',8,(#2526,#2527,#2528,#2529,#2530,
    #2531,#2532,#2533,#2534),.UNSPECIFIED.,.F.,.F.,(9,9),(1.570796326795
    ,4.712388980385),.PIECEWISE_BEZIER_KNOTS.);
#2526 = CARTESIAN_POINT('',(3.14159265359,4.574921537715));
#2527 = CARTESIAN_POINT('',(3.534291735289,4.449881374211));
#2528 = CARTESIAN_POINT('',(3.926990816989,4.324840213696));
#2529 = CARTESIAN_POINT('',(4.319689898687,4.229193010983));
#2530 = CARTESIAN_POINT('',(4.712388980392,4.192254264644));
#2531 = CARTESIAN_POINT('',(5.105088062082,4.229193010978));
#2532 = CARTESIAN_POINT('',(5.497787143783,4.324840213695));
#2533 = CARTESIAN_POINT('',(5.890486225481,4.449881374211));
#2534 = CARTESIAN_POINT('',(6.28318530718,4.574921537715));
#2535 = ( GEOMETRIC_REPRESENTATION_CONTEXT(2) 
PARAMETRIC_REPRESENTATION_CONTEXT() REPRESENTATION_CONTEXT('2D SPACE',''
  ) );
#2536 = PCURVE('',#2537,#2542);
#2537 = CYLINDRICAL_SURFACE('',#2538,4.7625);
#2538 = AXIS2_PLACEMENT_3D('',#2539,#2540,#2541);
#2539 = CARTESIAN_POINT('',(24.077588753089,134.97795946658,0.));
#2540 = DIRECTION('',(0.842217233716,-0.539138322911,0.));
#2541 = DIRECTION('',(5.985637795536E-17,9.350489646079E-17,1.));
#2542 = DEFINITIONAL_REPRESENTATION('',(#2543),#2553);
#2543 = B_SPLINE_CURVE_WITH_KNOTS('',8,(#2544,#2545,#2546,#2547,#2548,
    #2549,#2550,#2551,#2552),.UNSPECIFIED.,.F.,.F.,(9,9),(1.570796326795
    ,4.712388980385),.PIECEWISE_BEZIER_KNOTS.);
#2544 = CARTESIAN_POINT('',(3.14159265359,9.947598300641E-14));
#2545 = CARTESIAN_POINT('',(3.534291735289,0.125040163504));
#2546 = CARTESIAN_POINT('',(3.926990816986,0.250081324018));
#2547 = CARTESIAN_POINT('',(4.319689898692,0.345728526733));
#2548 = CARTESIAN_POINT('',(4.71238898038,0.382667273065));
#2549 = CARTESIAN_POINT('',(5.105088062088,0.345728526733));
#2550 = CARTESIAN_POINT('',(5.497787143782,0.250081324018));
#2551 = CARTESIAN_POINT('',(5.890486225481,0.125040163504));
#2552 = CARTESIAN_POINT('',(6.28318530718,9.947598300641E-14));
#2553 = ( GEOMETRIC_REPRESENTATION_CONTEXT(2) 
PARAMETRIC_REPRESENTATION_CONTEXT() REPRESENTATION_CONTEXT('2D SPACE',''
  ) );
#2554 = ORIENTED_EDGE('',*,*,#2555,.F.);
#2555 = EDGE_CURVE('',#2556,#2515,#2558,.T.);
#2556 = VERTEX_POINT('',#2557);
#2557 = CARTESIAN_POINT('',(21.241770280211,131.13856808987,
    5.832380380939E-16));
#2558 = SURFACE_CURVE('',#2559,(#2564,#2576),.PCURVE_S1.);
#2559 = ELLIPSE('',#2560,4.773132363001,4.7625);
#2560 = AXIS2_PLACEMENT_3D('',#2561,#2562,#2563);
#2561 = CARTESIAN_POINT('',(24.077588753089,134.97795946658,0.));
#2562 = DIRECTION('',(0.80437563527,-0.594121062902,0.));
#2563 = DIRECTION('',(-0.594121062902,-0.80437563527,0.));
#2564 = PCURVE('',#2265,#2565);
#2565 = DEFINITIONAL_REPRESENTATION('',(#2566),#2575);
#2566 = B_SPLINE_CURVE_WITH_KNOTS('',7,(#2567,#2568,#2569,#2570,#2571,
    #2572,#2573,#2574),.UNSPECIFIED.,.F.,.F.,(8,8),(0.,1.570796326795),
  .PIECEWISE_BEZIER_KNOTS.);
#2567 = CARTESIAN_POINT('',(1.570796326795,4.893333699422));
#2568 = CARTESIAN_POINT('',(1.795195802051,4.893333699422));
#2569 = CARTESIAN_POINT('',(2.019595277308,4.874627407577));
#2570 = CARTESIAN_POINT('',(2.243994752565,4.837217537548));
#2571 = CARTESIAN_POINT('',(2.468394227821,4.783400889878));
#2572 = CARTESIAN_POINT('',(2.692793703077,4.717824291585));
#2573 = CARTESIAN_POINT('',(2.917193178333,4.646373059717));
#2574 = CARTESIAN_POINT('',(3.14159265359,4.574921537715));
#2575 = ( GEOMETRIC_REPRESENTATION_CONTEXT(2) 
PARAMETRIC_REPRESENTATION_CONTEXT() REPRESENTATION_CONTEXT('2D SPACE',''
  ) );
#2576 = PCURVE('',#2537,#2577);
#2577 = DEFINITIONAL_REPRESENTATION('',(#2578),#2587);
#2578 = B_SPLINE_CURVE_WITH_KNOTS('',7,(#2579,#2580,#2581,#2582,#2583,
    #2584,#2585,#2586),.UNSPECIFIED.,.F.,.F.,(8,8),(0.,1.570796326795),
  .PIECEWISE_BEZIER_KNOTS.);
#2579 = CARTESIAN_POINT('',(1.570796326795,-0.318412161707));
#2580 = CARTESIAN_POINT('',(1.795195802051,-0.318412161707));
#2581 = CARTESIAN_POINT('',(2.019595277307,-0.299705869864));
#2582 = CARTESIAN_POINT('',(2.243994752565,-0.262295999831));
#2583 = CARTESIAN_POINT('',(2.46839422782,-0.208479352165));
#2584 = CARTESIAN_POINT('',(2.692793703077,-0.142902753869));
#2585 = CARTESIAN_POINT('',(2.917193178333,-7.145152200218E-02));
#2586 = CARTESIAN_POINT('',(3.14159265359,9.947598300641E-14));
#2587 = ( GEOMETRIC_REPRESENTATION_CONTEXT(2) 
PARAMETRIC_REPRESENTATION_CONTEXT() REPRESENTATION_CONTEXT('2D SPACE',''
  ) );
#2588 = ORIENTED_EDGE('',*,*,#2589,.F.);
#2589 = EDGE_CURVE('',#2493,#2556,#2590,.T.);
#2590 = SURFACE_CURVE('',#2591,(#2596,#2608),.PCURVE_S1.);
#2591 = ELLIPSE('',#2592,4.773132363001,4.7625);
#2592 = AXIS2_PLACEMENT_3D('',#2593,#2594,#2595);
#2593 = CARTESIAN_POINT('',(24.077588753089,134.97795946658,0.));
#2594 = DIRECTION('',(0.80437563527,-0.594121062902,0.));
#2595 = DIRECTION('',(-0.594121062902,-0.80437563527,0.));
#2596 = PCURVE('',#2265,#2597);
#2597 = DEFINITIONAL_REPRESENTATION('',(#2598),#2607);
#2598 = B_SPLINE_CURVE_WITH_KNOTS('',7,(#2599,#2600,#2601,#2602,#2603,
    #2604,#2605,#2606),.UNSPECIFIED.,.F.,.F.,(8,8),(4.712388980385,
    6.28318530718),.PIECEWISE_BEZIER_KNOTS.);
#2599 = CARTESIAN_POINT('',(0.,4.574921537715));
#2600 = CARTESIAN_POINT('',(0.224399475256,4.646373059717));
#2601 = CARTESIAN_POINT('',(0.448798950513,4.717824291584));
#2602 = CARTESIAN_POINT('',(0.67319842577,4.78340088988));
#2603 = CARTESIAN_POINT('',(0.897597901026,4.837217537546));
#2604 = CARTESIAN_POINT('',(1.121997376282,4.874627407579));
#2605 = CARTESIAN_POINT('',(1.346396851538,4.893333699422));
#2606 = CARTESIAN_POINT('',(1.570796326795,4.893333699422));
#2607 = ( GEOMETRIC_REPRESENTATION_CONTEXT(2) 
PARAMETRIC_REPRESENTATION_CONTEXT() REPRESENTATION_CONTEXT('2D SPACE',''
  ) );
#2608 = PCURVE('',#2537,#2609);
#2609 = DEFINITIONAL_REPRESENTATION('',(#2610),#2619);
#2610 = B_SPLINE_CURVE_WITH_KNOTS('',7,(#2611,#2612,#2613,#2614,#2615,
    #2616,#2617,#2618),.UNSPECIFIED.,.F.,.F.,(8,8),(4.712388980385,
    6.28318530718),.PIECEWISE_BEZIER_KNOTS.);
#2611 = CARTESIAN_POINT('',(0.,9.947598300641E-14));
#2612 = CARTESIAN_POINT('',(0.224399475256,-7.145152200218E-02));
#2613 = CARTESIAN_POINT('',(0.448798950513,-0.142902753869));
#2614 = CARTESIAN_POINT('',(0.673198425769,-0.208479352165));
#2615 = CARTESIAN_POINT('',(0.897597901026,-0.262295999831));
#2616 = CARTESIAN_POINT('',(1.121997376282,-0.299705869864));
#2617 = CARTESIAN_POINT('',(1.346396851538,-0.318412161707));
#2618 = CARTESIAN_POINT('',(1.570796326795,-0.318412161707));
#2619 = ( GEOMETRIC_REPRESENTATION_CONTEXT(2) 
PARAMETRIC_REPRESENTATION_CONTEXT() REPRESENTATION_CONTEXT('2D SPACE',''
  ) );
#2620 = ORIENTED_EDGE('',*,*,#2492,.F.);
#2621 = ORIENTED_EDGE('',*,*,#2317,.T.);
#2622 = ORIENTED_EDGE('',*,*,#2283,.T.);
#2623 = ORIENTED_EDGE('',*,*,#2242,.T.);
#2624 = ADVANCED_FACE('',(#2625),#2401,.T.);
#2625 = FACE_BOUND('',#2626,.T.);
#2626 = EDGE_LOOP('',(#2627,#2649,#2690,#2724,#2756,#2757,#2758,#2759));
#2627 = ORIENTED_EDGE('',*,*,#2628,.T.);
#2628 = EDGE_CURVE('',#2357,#2629,#2631,.T.);
#2629 = VERTEX_POINT('',#2630);
#2630 = CARTESIAN_POINT('',(27.930666515052,48.691443941296,4.7625));
#2631 = SEAM_CURVE('',#2632,(#2636,#2642),.PCURVE_S1.);
#2632 = LINE('',#2633,#2634);
#2633 = CARTESIAN_POINT('',(24.077588753089,51.157959466589,4.7625));
#2634 = VECTOR('',#2635,1.);
#2635 = DIRECTION('',(0.842217233716,-0.539138322911,0.));
#2636 = PCURVE('',#2401,#2637);
#2637 = DEFINITIONAL_REPRESENTATION('',(#2638),#2641);
#2638 = B_SPLINE_CURVE_WITH_KNOTS('',1,(#2639,#2640),.UNSPECIFIED.,.F.,
  .F.,(2,2),(-1.760704523206,6.335626060921),.PIECEWISE_BEZIER_KNOTS.);
#2639 = CARTESIAN_POINT('',(6.28318530718,-1.760704523206));
#2640 = CARTESIAN_POINT('',(6.28318530718,6.335626060921));
#2641 = ( GEOMETRIC_REPRESENTATION_CONTEXT(2) 
PARAMETRIC_REPRESENTATION_CONTEXT() REPRESENTATION_CONTEXT('2D SPACE',''
  ) );
#2642 = PCURVE('',#2401,#2643);
#2643 = DEFINITIONAL_REPRESENTATION('',(#2644),#2648);
#2644 = LINE('',#2645,#2646);
#2645 = CARTESIAN_POINT('',(0.,0.));
#2646 = VECTOR('',#2647,1.);
#2647 = DIRECTION('',(0.,1.));
#2648 = ( GEOMETRIC_REPRESENTATION_CONTEXT(2) 
PARAMETRIC_REPRESENTATION_CONTEXT() REPRESENTATION_CONTEXT('2D SPACE',''
  ) );
#2649 = ORIENTED_EDGE('',*,*,#2650,.F.);
#2650 = EDGE_CURVE('',#2651,#2629,#2653,.T.);
#2651 = VERTEX_POINT('',#2652);
#2652 = CARTESIAN_POINT('',(27.930666515052,48.691443941296,-4.7625));
#2653 = SURFACE_CURVE('',#2654,(#2659,#2672),.PCURVE_S1.);
#2654 = ELLIPSE('',#2655,4.773132363001,4.7625);
#2655 = AXIS2_PLACEMENT_3D('',#2656,#2657,#2658);
#2656 = CARTESIAN_POINT('',(27.930666515052,48.691443941296,0.));
#2657 = DIRECTION('',(0.876306680044,-0.481753674102,0.));
#2658 = DIRECTION('',(-0.481753674102,-0.876306680044,0.));
#2659 = PCURVE('',#2401,#2660);
#2660 = DEFINITIONAL_REPRESENTATION('',(#2661),#2671);
#2661 = B_SPLINE_CURVE_WITH_KNOTS('',8,(#2662,#2663,#2664,#2665,#2666,
    #2667,#2668,#2669,#2670),.UNSPECIFIED.,.F.,.F.,(9,9),(1.570796326795
    ,4.712388980385),.PIECEWISE_BEZIER_KNOTS.);
#2662 = CARTESIAN_POINT('',(3.14159265359,4.574921537715));
#2663 = CARTESIAN_POINT('',(3.534291735289,4.449881374211));
#2664 = CARTESIAN_POINT('',(3.926990816987,4.324840213698));
#2665 = CARTESIAN_POINT('',(4.319689898672,4.229193010979));
#2666 = CARTESIAN_POINT('',(4.712388980385,4.192254264651));
#2667 = CARTESIAN_POINT('',(5.105088062065,4.229193010974));
#2668 = CARTESIAN_POINT('',(5.497787143782,4.324840213697));
#2669 = CARTESIAN_POINT('',(5.890486225481,4.449881374211));
#2670 = CARTESIAN_POINT('',(6.28318530718,4.574921537715));
#2671 = ( GEOMETRIC_REPRESENTATION_CONTEXT(2) 
PARAMETRIC_REPRESENTATION_CONTEXT() REPRESENTATION_CONTEXT('2D SPACE',''
  ) );
#2672 = PCURVE('',#2673,#2678);
#2673 = CYLINDRICAL_SURFACE('',#2674,4.7625);
#2674 = AXIS2_PLACEMENT_3D('',#2675,#2676,#2677);
#2675 = CARTESIAN_POINT('',(27.930666515052,48.691443941296,0.));
#2676 = DIRECTION('',(0.90649210276,-0.42222277015,0.));
#2677 = DIRECTION('',(4.687614409415E-17,1.006408404125E-16,1.));
#2678 = DEFINITIONAL_REPRESENTATION('',(#2679),#2689);
#2679 = B_SPLINE_CURVE_WITH_KNOTS('',8,(#2680,#2681,#2682,#2683,#2684,
    #2685,#2686,#2687,#2688),.UNSPECIFIED.,.F.,.F.,(9,9),(1.570796326795
    ,4.712388980385),.PIECEWISE_BEZIER_KNOTS.);
#2680 = CARTESIAN_POINT('',(3.14159265359,3.641531520771E-14));
#2681 = CARTESIAN_POINT('',(3.534291735289,0.125040163504));
#2682 = CARTESIAN_POINT('',(3.926990816987,0.250081324018));
#2683 = CARTESIAN_POINT('',(4.319689898693,0.345728526734));
#2684 = CARTESIAN_POINT('',(4.712388980386,0.382667273064));
#2685 = CARTESIAN_POINT('',(5.10508806209,0.345728526734));
#2686 = CARTESIAN_POINT('',(5.497787143781,0.250081324018));
#2687 = CARTESIAN_POINT('',(5.890486225481,0.125040163504));
#2688 = CARTESIAN_POINT('',(6.28318530718,3.641531520771E-14));
#2689 = ( GEOMETRIC_REPRESENTATION_CONTEXT(2) 
PARAMETRIC_REPRESENTATION_CONTEXT() REPRESENTATION_CONTEXT('2D SPACE',''
  ) );
#2690 = ORIENTED_EDGE('',*,*,#2691,.F.);
#2691 = EDGE_CURVE('',#2692,#2651,#2694,.T.);
#2692 = VERTEX_POINT('',#2693);
#2693 = CARTESIAN_POINT('',(25.631192462203,44.508716166865,
    5.832380380939E-16));
#2694 = SURFACE_CURVE('',#2695,(#2700,#2712),.PCURVE_S1.);
#2695 = ELLIPSE('',#2696,4.773132363001,4.7625);
#2696 = AXIS2_PLACEMENT_3D('',#2697,#2698,#2699);
#2697 = CARTESIAN_POINT('',(27.930666515052,48.691443941296,0.));
#2698 = DIRECTION('',(0.876306680044,-0.481753674102,0.));
#2699 = DIRECTION('',(-0.481753674102,-0.876306680044,0.));
#2700 = PCURVE('',#2401,#2701);
#2701 = DEFINITIONAL_REPRESENTATION('',(#2702),#2711);
#2702 = B_SPLINE_CURVE_WITH_KNOTS('',7,(#2703,#2704,#2705,#2706,#2707,
    #2708,#2709,#2710),.UNSPECIFIED.,.F.,.F.,(8,8),(0.,1.570796326795),
  .PIECEWISE_BEZIER_KNOTS.);
#2703 = CARTESIAN_POINT('',(1.570796326795,4.893333699422));
#2704 = CARTESIAN_POINT('',(1.795195802051,4.893333699422));
#2705 = CARTESIAN_POINT('',(2.019595277308,4.874627407578));
#2706 = CARTESIAN_POINT('',(2.243994752565,4.837217537546));
#2707 = CARTESIAN_POINT('',(2.468394227821,4.783400889879));
#2708 = CARTESIAN_POINT('',(2.692793703077,4.717824291584));
#2709 = CARTESIAN_POINT('',(2.917193178333,4.646373059717));
#2710 = CARTESIAN_POINT('',(3.14159265359,4.574921537715));
#2711 = ( GEOMETRIC_REPRESENTATION_CONTEXT(2) 
PARAMETRIC_REPRESENTATION_CONTEXT() REPRESENTATION_CONTEXT('2D SPACE',''
  ) );
#2712 = PCURVE('',#2673,#2713);
#2713 = DEFINITIONAL_REPRESENTATION('',(#2714),#2723);
#2714 = B_SPLINE_CURVE_WITH_KNOTS('',7,(#2715,#2716,#2717,#2718,#2719,
    #2720,#2721,#2722),.UNSPECIFIED.,.F.,.F.,(8,8),(0.,1.570796326795),
  .PIECEWISE_BEZIER_KNOTS.);
#2715 = CARTESIAN_POINT('',(1.570796326795,-0.318412161707));
#2716 = CARTESIAN_POINT('',(1.795195802051,-0.318412161707));
#2717 = CARTESIAN_POINT('',(2.019595277308,-0.299705869864));
#2718 = CARTESIAN_POINT('',(2.243994752564,-0.262295999831));
#2719 = CARTESIAN_POINT('',(2.468394227821,-0.208479352165));
#2720 = CARTESIAN_POINT('',(2.692793703077,-0.142902753869));
#2721 = CARTESIAN_POINT('',(2.917193178333,-7.145152200223E-02));
#2722 = CARTESIAN_POINT('',(3.14159265359,3.641531520771E-14));
#2723 = ( GEOMETRIC_REPRESENTATION_CONTEXT(2) 
PARAMETRIC_REPRESENTATION_CONTEXT() REPRESENTATION_CONTEXT('2D SPACE',''
  ) );
#2724 = ORIENTED_EDGE('',*,*,#2725,.F.);
#2725 = EDGE_CURVE('',#2629,#2692,#2726,.T.);
#2726 = SURFACE_CURVE('',#2727,(#2732,#2744),.PCURVE_S1.);
#2727 = ELLIPSE('',#2728,4.773132363001,4.7625);
#2728 = AXIS2_PLACEMENT_3D('',#2729,#2730,#2731);
#2729 = CARTESIAN_POINT('',(27.930666515052,48.691443941296,0.));
#2730 = DIRECTION('',(0.876306680044,-0.481753674102,0.));
#2731 = DIRECTION('',(-0.481753674102,-0.876306680044,0.));
#2732 = PCURVE('',#2401,#2733);
#2733 = DEFINITIONAL_REPRESENTATION('',(#2734),#2743);
#2734 = B_SPLINE_CURVE_WITH_KNOTS('',7,(#2735,#2736,#2737,#2738,#2739,
    #2740,#2741,#2742),.UNSPECIFIED.,.F.,.F.,(8,8),(4.712388980385,
    6.28318530718),.PIECEWISE_BEZIER_KNOTS.);
#2735 = CARTESIAN_POINT('',(-1.7763568394E-15,4.574921537715));
#2736 = CARTESIAN_POINT('',(0.224399475256,4.646373059717));
#2737 = CARTESIAN_POINT('',(0.448798950513,4.717824291584));
#2738 = CARTESIAN_POINT('',(0.673198425769,4.783400889879));
#2739 = CARTESIAN_POINT('',(0.897597901026,4.837217537547));
#2740 = CARTESIAN_POINT('',(1.121997376282,4.874627407578));
#2741 = CARTESIAN_POINT('',(1.346396851538,4.893333699422));
#2742 = CARTESIAN_POINT('',(1.570796326795,4.893333699422));
#2743 = ( GEOMETRIC_REPRESENTATION_CONTEXT(2) 
PARAMETRIC_REPRESENTATION_CONTEXT() REPRESENTATION_CONTEXT('2D SPACE',''
  ) );
#2744 = PCURVE('',#2673,#2745);
#2745 = DEFINITIONAL_REPRESENTATION('',(#2746),#2755);
#2746 = B_SPLINE_CURVE_WITH_KNOTS('',7,(#2747,#2748,#2749,#2750,#2751,
    #2752,#2753,#2754),.UNSPECIFIED.,.F.,.F.,(8,8),(4.712388980385,
    6.28318530718),.PIECEWISE_BEZIER_KNOTS.);
#2747 = CARTESIAN_POINT('',(0.,3.641531520771E-14));
#2748 = CARTESIAN_POINT('',(0.224399475256,-7.145152200223E-02));
#2749 = CARTESIAN_POINT('',(0.448798950513,-0.142902753869));
#2750 = CARTESIAN_POINT('',(0.67319842577,-0.208479352165));
#2751 = CARTESIAN_POINT('',(0.897597901026,-0.262295999831));
#2752 = CARTESIAN_POINT('',(1.121997376282,-0.299705869864));
#2753 = CARTESIAN_POINT('',(1.346396851538,-0.318412161707));
#2754 = CARTESIAN_POINT('',(1.570796326795,-0.318412161707));
#2755 = ( GEOMETRIC_REPRESENTATION_CONTEXT(2) 
PARAMETRIC_REPRESENTATION_CONTEXT() REPRESENTATION_CONTEXT('2D SPACE',''
  ) );
#2756 = ORIENTED_EDGE('',*,*,#2628,.F.);
#2757 = ORIENTED_EDGE('',*,*,#2453,.T.);
#2758 = ORIENTED_EDGE('',*,*,#2419,.T.);
#2759 = ORIENTED_EDGE('',*,*,#2378,.T.);
#2760 = ADVANCED_FACE('',(#2761),#2537,.T.);
#2761 = FACE_BOUND('',#2762,.T.);
#2762 = EDGE_LOOP('',(#2763,#2785,#2826,#2860,#2892,#2893,#2894,#2895));
#2763 = ORIENTED_EDGE('',*,*,#2764,.T.);
#2764 = EDGE_CURVE('',#2493,#2765,#2767,.T.);
#2765 = VERTEX_POINT('',#2766);
#2766 = CARTESIAN_POINT('',(27.930666515053,132.51144394129,4.7625));
#2767 = SEAM_CURVE('',#2768,(#2772,#2778),.PCURVE_S1.);
#2768 = LINE('',#2769,#2770);
#2769 = CARTESIAN_POINT('',(24.077588753089,134.97795946658,4.7625));
#2770 = VECTOR('',#2771,1.);
#2771 = DIRECTION('',(0.842217233716,-0.539138322911,0.));
#2772 = PCURVE('',#2537,#2773);
#2773 = DEFINITIONAL_REPRESENTATION('',(#2774),#2777);
#2774 = B_SPLINE_CURVE_WITH_KNOTS('',1,(#2775,#2776),.UNSPECIFIED.,.F.,
  .F.,(2,2),(-1.760704523206,6.335626060921),.PIECEWISE_BEZIER_KNOTS.);
#2775 = CARTESIAN_POINT('',(6.28318530718,-1.760704523206));
#2776 = CARTESIAN_POINT('',(6.28318530718,6.335626060921));
#2777 = ( GEOMETRIC_REPRESENTATION_CONTEXT(2) 
PARAMETRIC_REPRESENTATION_CONTEXT() REPRESENTATION_CONTEXT('2D SPACE',''
  ) );
#2778 = PCURVE('',#2537,#2779);
#2779 = DEFINITIONAL_REPRESENTATION('',(#2780),#2784);
#2780 = LINE('',#2781,#2782);
#2781 = CARTESIAN_POINT('',(0.,0.));
#2782 = VECTOR('',#2783,1.);
#2783 = DIRECTION('',(0.,1.));
#2784 = ( GEOMETRIC_REPRESENTATION_CONTEXT(2) 
PARAMETRIC_REPRESENTATION_CONTEXT() REPRESENTATION_CONTEXT('2D SPACE',''
  ) );
#2785 = ORIENTED_EDGE('',*,*,#2786,.F.);
#2786 = EDGE_CURVE('',#2787,#2765,#2789,.T.);
#2787 = VERTEX_POINT('',#2788);
#2788 = CARTESIAN_POINT('',(27.930666515053,132.51144394129,-4.7625));
#2789 = SURFACE_CURVE('',#2790,(#2795,#2808),.PCURVE_S1.);
#2790 = ELLIPSE('',#2791,4.773132363001,4.7625);
#2791 = AXIS2_PLACEMENT_3D('',#2792,#2793,#2794);
#2792 = CARTESIAN_POINT('',(27.930666515053,132.51144394129,0.));
#2793 = DIRECTION('',(0.876306680044,-0.481753674102,0.));
#2794 = DIRECTION('',(-0.481753674102,-0.876306680044,0.));
#2795 = PCURVE('',#2537,#2796);
#2796 = DEFINITIONAL_REPRESENTATION('',(#2797),#2807);
#2797 = B_SPLINE_CURVE_WITH_KNOTS('',8,(#2798,#2799,#2800,#2801,#2802,
    #2803,#2804,#2805,#2806),.UNSPECIFIED.,.F.,.F.,(9,9),(1.570796326795
    ,4.712388980385),.PIECEWISE_BEZIER_KNOTS.);
#2798 = CARTESIAN_POINT('',(3.14159265359,4.574921537715));
#2799 = CARTESIAN_POINT('',(3.534291735289,4.449881374211));
#2800 = CARTESIAN_POINT('',(3.92699081698,4.324840213696));
#2801 = CARTESIAN_POINT('',(4.319689898698,4.229193010973));
#2802 = CARTESIAN_POINT('',(4.712388980342,4.192254264639));
#2803 = CARTESIAN_POINT('',(5.105088062091,4.229193010975));
#2804 = CARTESIAN_POINT('',(5.497787143775,4.324840213696));
#2805 = CARTESIAN_POINT('',(5.890486225481,4.449881374211));
#2806 = CARTESIAN_POINT('',(6.28318530718,4.574921537715));
#2807 = ( GEOMETRIC_REPRESENTATION_CONTEXT(2) 
PARAMETRIC_REPRESENTATION_CONTEXT() REPRESENTATION_CONTEXT('2D SPACE',''
  ) );
#2808 = PCURVE('',#2809,#2814);
#2809 = CYLINDRICAL_SURFACE('',#2810,4.7625);
#2810 = AXIS2_PLACEMENT_3D('',#2811,#2812,#2813);
#2811 = CARTESIAN_POINT('',(27.930666515052,132.51144394129,0.));
#2812 = DIRECTION('',(0.90649210276,-0.42222277015,0.));
#2813 = DIRECTION('',(4.687614409415E-17,1.006408404125E-16,1.));
#2814 = DEFINITIONAL_REPRESENTATION('',(#2815),#2825);
#2815 = B_SPLINE_CURVE_WITH_KNOTS('',8,(#2816,#2817,#2818,#2819,#2820,
    #2821,#2822,#2823,#2824),.UNSPECIFIED.,.F.,.F.,(9,9),(1.570796326795
    ,4.712388980385),.PIECEWISE_BEZIER_KNOTS.);
#2816 = CARTESIAN_POINT('',(3.14159265359,3.517186542012E-13));
#2817 = CARTESIAN_POINT('',(3.534291735289,0.125040163504));
#2818 = CARTESIAN_POINT('',(3.926990816987,0.250081324018));
#2819 = CARTESIAN_POINT('',(4.319689898695,0.345728526735));
#2820 = CARTESIAN_POINT('',(4.71238898038,0.382667273063));
#2821 = CARTESIAN_POINT('',(5.10508806209,0.345728526735));
#2822 = CARTESIAN_POINT('',(5.497787143781,0.250081324018));
#2823 = CARTESIAN_POINT('',(5.890486225481,0.125040163504));
#2824 = CARTESIAN_POINT('',(6.28318530718,3.517186542012E-13));
#2825 = ( GEOMETRIC_REPRESENTATION_CONTEXT(2) 
PARAMETRIC_REPRESENTATION_CONTEXT() REPRESENTATION_CONTEXT('2D SPACE',''
  ) );
#2826 = ORIENTED_EDGE('',*,*,#2827,.F.);
#2827 = EDGE_CURVE('',#2828,#2787,#2830,.T.);
#2828 = VERTEX_POINT('',#2829);
#2829 = CARTESIAN_POINT('',(25.631192462203,128.32871616686,
    5.832380380939E-16));
#2830 = SURFACE_CURVE('',#2831,(#2836,#2848),.PCURVE_S1.);
#2831 = ELLIPSE('',#2832,4.773132363001,4.7625);
#2832 = AXIS2_PLACEMENT_3D('',#2833,#2834,#2835);
#2833 = CARTESIAN_POINT('',(27.930666515053,132.51144394129,0.));
#2834 = DIRECTION('',(0.876306680044,-0.481753674102,0.));
#2835 = DIRECTION('',(-0.481753674102,-0.876306680044,0.));
#2836 = PCURVE('',#2537,#2837);
#2837 = DEFINITIONAL_REPRESENTATION('',(#2838),#2847);
#2838 = B_SPLINE_CURVE_WITH_KNOTS('',7,(#2839,#2840,#2841,#2842,#2843,
    #2844,#2845,#2846),.UNSPECIFIED.,.F.,.F.,(8,8),(0.,1.570796326795),
  .PIECEWISE_BEZIER_KNOTS.);
#2839 = CARTESIAN_POINT('',(1.570796326795,4.893333699422));
#2840 = CARTESIAN_POINT('',(1.795195802051,4.893333699422));
#2841 = CARTESIAN_POINT('',(2.019595277308,4.874627407578));
#2842 = CARTESIAN_POINT('',(2.243994752564,4.837217537548));
#2843 = CARTESIAN_POINT('',(2.468394227821,4.78340088988));
#2844 = CARTESIAN_POINT('',(2.692793703077,4.717824291585));
#2845 = CARTESIAN_POINT('',(2.917193178333,4.646373059717));
#2846 = CARTESIAN_POINT('',(3.14159265359,4.574921537715));
#2847 = ( GEOMETRIC_REPRESENTATION_CONTEXT(2) 
PARAMETRIC_REPRESENTATION_CONTEXT() REPRESENTATION_CONTEXT('2D SPACE',''
  ) );
#2848 = PCURVE('',#2809,#2849);
#2849 = DEFINITIONAL_REPRESENTATION('',(#2850),#2859);
#2850 = B_SPLINE_CURVE_WITH_KNOTS('',7,(#2851,#2852,#2853,#2854,#2855,
    #2856,#2857,#2858),.UNSPECIFIED.,.F.,.F.,(8,8),(0.,1.570796326795),
  .PIECEWISE_BEZIER_KNOTS.);
#2851 = CARTESIAN_POINT('',(1.570796326795,-0.318412161706));
#2852 = CARTESIAN_POINT('',(1.795195802051,-0.318412161706));
#2853 = CARTESIAN_POINT('',(2.019595277308,-0.299705869863));
#2854 = CARTESIAN_POINT('',(2.243994752564,-0.26229599983));
#2855 = CARTESIAN_POINT('',(2.468394227821,-0.208479352165));
#2856 = CARTESIAN_POINT('',(2.692793703077,-0.142902753869));
#2857 = CARTESIAN_POINT('',(2.917193178333,-7.145152200191E-02));
#2858 = CARTESIAN_POINT('',(3.14159265359,3.517186542012E-13));
#2859 = ( GEOMETRIC_REPRESENTATION_CONTEXT(2) 
PARAMETRIC_REPRESENTATION_CONTEXT() REPRESENTATION_CONTEXT('2D SPACE',''
  ) );
#2860 = ORIENTED_EDGE('',*,*,#2861,.F.);
#2861 = EDGE_CURVE('',#2765,#2828,#2862,.T.);
#2862 = SURFACE_CURVE('',#2863,(#2868,#2880),.PCURVE_S1.);
#2863 = ELLIPSE('',#2864,4.773132363001,4.7625);
#2864 = AXIS2_PLACEMENT_3D('',#2865,#2866,#2867);
#2865 = CARTESIAN_POINT('',(27.930666515053,132.51144394129,0.));
#2866 = DIRECTION('',(0.876306680044,-0.481753674102,0.));
#2867 = DIRECTION('',(-0.481753674102,-0.876306680044,0.));
#2868 = PCURVE('',#2537,#2869);
#2869 = DEFINITIONAL_REPRESENTATION('',(#2870),#2879);
#2870 = B_SPLINE_CURVE_WITH_KNOTS('',7,(#2871,#2872,#2873,#2874,#2875,
    #2876,#2877,#2878),.UNSPECIFIED.,.F.,.F.,(8,8),(4.712388980385,
    6.28318530718),.PIECEWISE_BEZIER_KNOTS.);
#2871 = CARTESIAN_POINT('',(-2.6645352591E-15,4.574921537715));
#2872 = CARTESIAN_POINT('',(0.224399475256,4.646373059717));
#2873 = CARTESIAN_POINT('',(0.448798950513,4.717824291584));
#2874 = CARTESIAN_POINT('',(0.673198425769,4.783400889882));
#2875 = CARTESIAN_POINT('',(0.897597901026,4.837217537545));
#2876 = CARTESIAN_POINT('',(1.121997376282,4.874627407579));
#2877 = CARTESIAN_POINT('',(1.346396851538,4.893333699422));
#2878 = CARTESIAN_POINT('',(1.570796326795,4.893333699422));
#2879 = ( GEOMETRIC_REPRESENTATION_CONTEXT(2) 
PARAMETRIC_REPRESENTATION_CONTEXT() REPRESENTATION_CONTEXT('2D SPACE',''
  ) );
#2880 = PCURVE('',#2809,#2881);
#2881 = DEFINITIONAL_REPRESENTATION('',(#2882),#2891);
#2882 = B_SPLINE_CURVE_WITH_KNOTS('',7,(#2883,#2884,#2885,#2886,#2887,
    #2888,#2889,#2890),.UNSPECIFIED.,.F.,.F.,(8,8),(4.712388980385,
    6.28318530718),.PIECEWISE_BEZIER_KNOTS.);
#2883 = CARTESIAN_POINT('',(0.,3.517186542012E-13));
#2884 = CARTESIAN_POINT('',(0.224399475256,-7.145152200191E-02));
#2885 = CARTESIAN_POINT('',(0.448798950513,-0.142902753869));
#2886 = CARTESIAN_POINT('',(0.673198425769,-0.208479352165));
#2887 = CARTESIAN_POINT('',(0.897597901026,-0.26229599983));
#2888 = CARTESIAN_POINT('',(1.121997376282,-0.299705869863));
#2889 = CARTESIAN_POINT('',(1.346396851538,-0.318412161706));
#2890 = CARTESIAN_POINT('',(1.570796326795,-0.318412161706));
#2891 = ( GEOMETRIC_REPRESENTATION_CONTEXT(2) 
PARAMETRIC_REPRESENTATION_CONTEXT() REPRESENTATION_CONTEXT('2D SPACE',''
  ) );
#2892 = ORIENTED_EDGE('',*,*,#2764,.F.);
#2893 = ORIENTED_EDGE('',*,*,#2589,.T.);
#2894 = ORIENTED_EDGE('',*,*,#2555,.T.);
#2895 = ORIENTED_EDGE('',*,*,#2514,.T.);
#2896 = ADVANCED_FACE('',(#2897),#2673,.T.);
#2897 = FACE_BOUND('',#2898,.T.);
#2898 = EDGE_LOOP('',(#2899,#2921,#2962,#2996,#3028,#3029,#3030,#3031));
#2899 = ORIENTED_EDGE('',*,*,#2900,.T.);
#2900 = EDGE_CURVE('',#2629,#2901,#2903,.T.);
#2901 = VERTEX_POINT('',#2902);
#2902 = CARTESIAN_POINT('',(32.077796759739,46.759807896423,4.7625));
#2903 = SEAM_CURVE('',#2904,(#2908,#2914),.PCURVE_S1.);
#2904 = LINE('',#2905,#2906);
#2905 = CARTESIAN_POINT('',(27.930666515052,48.691443941296,4.7625));
#2906 = VECTOR('',#2907,1.);
#2907 = DIRECTION('',(0.90649210276,-0.42222277015,0.));
#2908 = PCURVE('',#2673,#2909);
#2909 = DEFINITIONAL_REPRESENTATION('',(#2910),#2913);
#2910 = B_SPLINE_CURVE_WITH_KNOTS('',1,(#2911,#2912),.UNSPECIFIED.,.F.,
  .F.,(2,2),(-1.760704523206,6.335626060921),.PIECEWISE_BEZIER_KNOTS.);
#2911 = CARTESIAN_POINT('',(6.28318530718,-1.760704523206));
#2912 = CARTESIAN_POINT('',(6.28318530718,6.335626060921));
#2913 = ( GEOMETRIC_REPRESENTATION_CONTEXT(2) 
PARAMETRIC_REPRESENTATION_CONTEXT() REPRESENTATION_CONTEXT('2D SPACE',''
  ) );
#2914 = PCURVE('',#2673,#2915);
#2915 = DEFINITIONAL_REPRESENTATION('',(#2916),#2920);
#2916 = LINE('',#2917,#2918);
#2917 = CARTESIAN_POINT('',(0.,0.));
#2918 = VECTOR('',#2919,1.);
#2919 = DIRECTION('',(0.,1.));
#2920 = ( GEOMETRIC_REPRESENTATION_CONTEXT(2) 
PARAMETRIC_REPRESENTATION_CONTEXT() REPRESENTATION_CONTEXT('2D SPACE',''
  ) );
#2921 = ORIENTED_EDGE('',*,*,#2922,.F.);
#2922 = EDGE_CURVE('',#2923,#2901,#2925,.T.);
#2923 = VERTEX_POINT('',#2924);
#2924 = CARTESIAN_POINT('',(32.077796759739,46.759807896423,-4.7625));
#2925 = SURFACE_CURVE('',#2926,(#2931,#2944),.PCURVE_S1.);
#2926 = ELLIPSE('',#2927,4.773132363001,4.7625);
#2927 = AXIS2_PLACEMENT_3D('',#2928,#2929,#2930);
#2928 = CARTESIAN_POINT('',(32.077796759739,46.759807896423,0.));
#2929 = DIRECTION('',(0.932639023143,-0.360810826488,0.));
#2930 = DIRECTION('',(-0.360810826488,-0.932639023143,0.));
#2931 = PCURVE('',#2673,#2932);
#2932 = DEFINITIONAL_REPRESENTATION('',(#2933),#2943);
#2933 = B_SPLINE_CURVE_WITH_KNOTS('',8,(#2934,#2935,#2936,#2937,#2938,
    #2939,#2940,#2941,#2942),.UNSPECIFIED.,.F.,.F.,(9,9),(1.570796326795
    ,4.712388980385),.PIECEWISE_BEZIER_KNOTS.);
#2934 = CARTESIAN_POINT('',(3.14159265359,4.574921537715));
#2935 = CARTESIAN_POINT('',(3.534291735289,4.449881374211));
#2936 = CARTESIAN_POINT('',(3.926990816987,4.324840213698));
#2937 = CARTESIAN_POINT('',(4.319689898695,4.22919301096));
#2938 = CARTESIAN_POINT('',(4.71238898038,4.192254264669));
#2939 = CARTESIAN_POINT('',(5.10508806209,4.229193010959));
#2940 = CARTESIAN_POINT('',(5.497787143782,4.324840213698));
#2941 = CARTESIAN_POINT('',(5.890486225481,4.449881374211));
#2942 = CARTESIAN_POINT('',(6.28318530718,4.574921537715));
#2943 = ( GEOMETRIC_REPRESENTATION_CONTEXT(2) 
PARAMETRIC_REPRESENTATION_CONTEXT() REPRESENTATION_CONTEXT('2D SPACE',''
  ) );
#2944 = PCURVE('',#2945,#2950);
#2945 = CYLINDRICAL_SURFACE('',#2946,4.7625);
#2946 = AXIS2_PLACEMENT_3D('',#2947,#2948,#2949);
#2947 = CARTESIAN_POINT('',(32.077796759739,46.759807896423,0.));
#2948 = DIRECTION('',(0.954630954354,-0.297791438745,0.));
#2949 = DIRECTION('',(3.306149118305E-17,1.059853265543E-16,1.));
#2950 = DEFINITIONAL_REPRESENTATION('',(#2951),#2961);
#2951 = B_SPLINE_CURVE_WITH_KNOTS('',8,(#2952,#2953,#2954,#2955,#2956,
    #2957,#2958,#2959,#2960),.UNSPECIFIED.,.F.,.F.,(9,9),(1.570796326795
    ,4.712388980385),.PIECEWISE_BEZIER_KNOTS.);
#2952 = CARTESIAN_POINT('',(3.14159265359,7.105427357601E-15));
#2953 = CARTESIAN_POINT('',(3.534291735289,0.125040163504));
#2954 = CARTESIAN_POINT('',(3.926990816987,0.250081324017));
#2955 = CARTESIAN_POINT('',(4.319689898694,0.345728526736));
#2956 = CARTESIAN_POINT('',(4.712388980381,0.38266727306));
#2957 = CARTESIAN_POINT('',(5.10508806209,0.345728526736));
#2958 = CARTESIAN_POINT('',(5.497787143781,0.250081324017));
#2959 = CARTESIAN_POINT('',(5.890486225481,0.125040163504));
#2960 = CARTESIAN_POINT('',(6.28318530718,7.105427357601E-15));
#2961 = ( GEOMETRIC_REPRESENTATION_CONTEXT(2) 
PARAMETRIC_REPRESENTATION_CONTEXT() REPRESENTATION_CONTEXT('2D SPACE',''
  ) );
#2962 = ORIENTED_EDGE('',*,*,#2963,.F.);
#2963 = EDGE_CURVE('',#2964,#2923,#2966,.T.);
#2964 = VERTEX_POINT('',#2965);
#2965 = CARTESIAN_POINT('',(30.35559892691,42.308198392062,
    5.832380380939E-16));
#2966 = SURFACE_CURVE('',#2967,(#2972,#2984),.PCURVE_S1.);
#2967 = ELLIPSE('',#2968,4.773132363001,4.7625);
#2968 = AXIS2_PLACEMENT_3D('',#2969,#2970,#2971);
#2969 = CARTESIAN_POINT('',(32.077796759739,46.759807896423,0.));
#2970 = DIRECTION('',(0.932639023143,-0.360810826488,0.));
#2971 = DIRECTION('',(-0.360810826488,-0.932639023143,0.));
#2972 = PCURVE('',#2673,#2973);
#2973 = DEFINITIONAL_REPRESENTATION('',(#2974),#2983);
#2974 = B_SPLINE_CURVE_WITH_KNOTS('',7,(#2975,#2976,#2977,#2978,#2979,
    #2980,#2981,#2982),.UNSPECIFIED.,.F.,.F.,(8,8),(0.,1.570796326795),
  .PIECEWISE_BEZIER_KNOTS.);
#2975 = CARTESIAN_POINT('',(1.570796326795,4.893333699421));
#2976 = CARTESIAN_POINT('',(1.795195802051,4.893333699421));
#2977 = CARTESIAN_POINT('',(2.019595277307,4.874627407578));
#2978 = CARTESIAN_POINT('',(2.243994752564,4.837217537547));
#2979 = CARTESIAN_POINT('',(2.468394227821,4.783400889879));
#2980 = CARTESIAN_POINT('',(2.692793703077,4.717824291584));
#2981 = CARTESIAN_POINT('',(2.917193178333,4.646373059717));
#2982 = CARTESIAN_POINT('',(3.14159265359,4.574921537715));
#2983 = ( GEOMETRIC_REPRESENTATION_CONTEXT(2) 
PARAMETRIC_REPRESENTATION_CONTEXT() REPRESENTATION_CONTEXT('2D SPACE',''
  ) );
#2984 = PCURVE('',#2945,#2985);
#2985 = DEFINITIONAL_REPRESENTATION('',(#2986),#2995);
#2986 = B_SPLINE_CURVE_WITH_KNOTS('',7,(#2987,#2988,#2989,#2990,#2991,
    #2992,#2993,#2994),.UNSPECIFIED.,.F.,.F.,(8,8),(0.,1.570796326795),
  .PIECEWISE_BEZIER_KNOTS.);
#2987 = CARTESIAN_POINT('',(1.570796326795,-0.318412161707));
#2988 = CARTESIAN_POINT('',(1.795195802051,-0.318412161707));
#2989 = CARTESIAN_POINT('',(2.019595277308,-0.299705869864));
#2990 = CARTESIAN_POINT('',(2.243994752563,-0.262295999831));
#2991 = CARTESIAN_POINT('',(2.468394227821,-0.208479352165));
#2992 = CARTESIAN_POINT('',(2.692793703077,-0.142902753869));
#2993 = CARTESIAN_POINT('',(2.917193178333,-7.145152200226E-02));
#2994 = CARTESIAN_POINT('',(3.14159265359,7.105427357601E-15));
#2995 = ( GEOMETRIC_REPRESENTATION_CONTEXT(2) 
PARAMETRIC_REPRESENTATION_CONTEXT() REPRESENTATION_CONTEXT('2D SPACE',''
  ) );
#2996 = ORIENTED_EDGE('',*,*,#2997,.F.);
#2997 = EDGE_CURVE('',#2901,#2964,#2998,.T.);
#2998 = SURFACE_CURVE('',#2999,(#3004,#3016),.PCURVE_S1.);
#2999 = ELLIPSE('',#3000,4.773132363001,4.7625);
#3000 = AXIS2_PLACEMENT_3D('',#3001,#3002,#3003);
#3001 = CARTESIAN_POINT('',(32.077796759739,46.759807896423,0.));
#3002 = DIRECTION('',(0.932639023143,-0.360810826488,0.));
#3003 = DIRECTION('',(-0.360810826488,-0.932639023143,0.));
#3004 = PCURVE('',#2673,#3005);
#3005 = DEFINITIONAL_REPRESENTATION('',(#3006),#3015);
#3006 = B_SPLINE_CURVE_WITH_KNOTS('',7,(#3007,#3008,#3009,#3010,#3011,
    #3012,#3013,#3014),.UNSPECIFIED.,.F.,.F.,(8,8),(4.712388980385,
    6.28318530718),.PIECEWISE_BEZIER_KNOTS.);
#3007 = CARTESIAN_POINT('',(0.,4.574921537715));
#3008 = CARTESIAN_POINT('',(0.224399475256,4.646373059717));
#3009 = CARTESIAN_POINT('',(0.448798950513,4.717824291584));
#3010 = CARTESIAN_POINT('',(0.673198425769,4.783400889881));
#3011 = CARTESIAN_POINT('',(0.897597901025,4.837217537545));
#3012 = CARTESIAN_POINT('',(1.121997376282,4.874627407578));
#3013 = CARTESIAN_POINT('',(1.346396851538,4.893333699421));
#3014 = CARTESIAN_POINT('',(1.570796326795,4.893333699421));
#3015 = ( GEOMETRIC_REPRESENTATION_CONTEXT(2) 
PARAMETRIC_REPRESENTATION_CONTEXT() REPRESENTATION_CONTEXT('2D SPACE',''
  ) );
#3016 = PCURVE('',#2945,#3017);
#3017 = DEFINITIONAL_REPRESENTATION('',(#3018),#3027);
#3018 = B_SPLINE_CURVE_WITH_KNOTS('',7,(#3019,#3020,#3021,#3022,#3023,
    #3024,#3025,#3026),.UNSPECIFIED.,.F.,.F.,(8,8),(4.712388980385,
    6.28318530718),.PIECEWISE_BEZIER_KNOTS.);
#3019 = CARTESIAN_POINT('',(0.,7.105427357601E-15));
#3020 = CARTESIAN_POINT('',(0.224399475256,-7.145152200226E-02));
#3021 = CARTESIAN_POINT('',(0.448798950513,-0.142902753869));
#3022 = CARTESIAN_POINT('',(0.673198425769,-0.208479352165));
#3023 = CARTESIAN_POINT('',(0.897597901026,-0.262295999831));
#3024 = CARTESIAN_POINT('',(1.121997376282,-0.299705869864));
#3025 = CARTESIAN_POINT('',(1.346396851538,-0.318412161707));
#3026 = CARTESIAN_POINT('',(1.570796326795,-0.318412161707));
#3027 = ( GEOMETRIC_REPRESENTATION_CONTEXT(2) 
PARAMETRIC_REPRESENTATION_CONTEXT() REPRESENTATION_CONTEXT('2D SPACE',''
  ) );
#3028 = ORIENTED_EDGE('',*,*,#2900,.F.);
#3029 = ORIENTED_EDGE('',*,*,#2725,.T.);
#3030 = ORIENTED_EDGE('',*,*,#2691,.T.);
#3031 = ORIENTED_EDGE('',*,*,#2650,.T.);
#3032 = ADVANCED_FACE('',(#3033),#2809,.T.);
#3033 = FACE_BOUND('',#3034,.T.);
#3034 = EDGE_LOOP('',(#3035,#3057,#3098,#3132,#3164,#3165,#3166,#3167));
#3035 = ORIENTED_EDGE('',*,*,#3036,.T.);
#3036 = EDGE_CURVE('',#2765,#3037,#3039,.T.);
#3037 = VERTEX_POINT('',#3038);
#3038 = CARTESIAN_POINT('',(32.077796759739,130.57980789642,4.7625));
#3039 = SEAM_CURVE('',#3040,(#3044,#3050),.PCURVE_S1.);
#3040 = LINE('',#3041,#3042);
#3041 = CARTESIAN_POINT('',(27.930666515052,132.51144394129,4.7625));
#3042 = VECTOR('',#3043,1.);
#3043 = DIRECTION('',(0.90649210276,-0.42222277015,0.));
#3044 = PCURVE('',#2809,#3045);
#3045 = DEFINITIONAL_REPRESENTATION('',(#3046),#3049);
#3046 = B_SPLINE_CURVE_WITH_KNOTS('',1,(#3047,#3048),.UNSPECIFIED.,.F.,
  .F.,(2,2),(-1.760704523206,6.335626060921),.PIECEWISE_BEZIER_KNOTS.);
#3047 = CARTESIAN_POINT('',(6.28318530718,-1.760704523206));
#3048 = CARTESIAN_POINT('',(6.28318530718,6.335626060921));
#3049 = ( GEOMETRIC_REPRESENTATION_CONTEXT(2) 
PARAMETRIC_REPRESENTATION_CONTEXT() REPRESENTATION_CONTEXT('2D SPACE',''
  ) );
#3050 = PCURVE('',#2809,#3051);
#3051 = DEFINITIONAL_REPRESENTATION('',(#3052),#3056);
#3052 = LINE('',#3053,#3054);
#3053 = CARTESIAN_POINT('',(0.,0.));
#3054 = VECTOR('',#3055,1.);
#3055 = DIRECTION('',(0.,1.));
#3056 = ( GEOMETRIC_REPRESENTATION_CONTEXT(2) 
PARAMETRIC_REPRESENTATION_CONTEXT() REPRESENTATION_CONTEXT('2D SPACE',''
  ) );
#3057 = ORIENTED_EDGE('',*,*,#3058,.F.);
#3058 = EDGE_CURVE('',#3059,#3037,#3061,.T.);
#3059 = VERTEX_POINT('',#3060);
#3060 = CARTESIAN_POINT('',(32.077796759738,130.57980789642,-4.7625));
#3061 = SURFACE_CURVE('',#3062,(#3067,#3080),.PCURVE_S1.);
#3062 = ELLIPSE('',#3063,4.773132363001,4.7625);
#3063 = AXIS2_PLACEMENT_3D('',#3064,#3065,#3066);
#3064 = CARTESIAN_POINT('',(32.077796759738,130.57980789642,0.));
#3065 = DIRECTION('',(0.932639023143,-0.360810826488,0.));
#3066 = DIRECTION('',(-0.360810826488,-0.932639023143,0.));
#3067 = PCURVE('',#2809,#3068);
#3068 = DEFINITIONAL_REPRESENTATION('',(#3069),#3079);
#3069 = B_SPLINE_CURVE_WITH_KNOTS('',8,(#3070,#3071,#3072,#3073,#3074,
    #3075,#3076,#3077,#3078),.UNSPECIFIED.,.F.,.F.,(9,9),(1.570796326795
    ,4.712388980385),.PIECEWISE_BEZIER_KNOTS.);
#3070 = CARTESIAN_POINT('',(3.14159265359,4.574921537714));
#3071 = CARTESIAN_POINT('',(3.534291735289,4.44988137421));
#3072 = CARTESIAN_POINT('',(3.926990816989,4.324840213698));
#3073 = CARTESIAN_POINT('',(4.319689898684,4.229193010969));
#3074 = CARTESIAN_POINT('',(4.712388980393,4.192254264651));
#3075 = CARTESIAN_POINT('',(5.105088062082,4.22919301097));
#3076 = CARTESIAN_POINT('',(5.497787143784,4.324840213698));
#3077 = CARTESIAN_POINT('',(5.890486225481,4.44988137421));
#3078 = CARTESIAN_POINT('',(6.28318530718,4.574921537714));
#3079 = ( GEOMETRIC_REPRESENTATION_CONTEXT(2) 
PARAMETRIC_REPRESENTATION_CONTEXT() REPRESENTATION_CONTEXT('2D SPACE',''
  ) );
#3080 = PCURVE('',#3081,#3086);
#3081 = CYLINDRICAL_SURFACE('',#3082,4.7625);
#3082 = AXIS2_PLACEMENT_3D('',#3083,#3084,#3085);
#3083 = CARTESIAN_POINT('',(32.077796759739,130.57980789642,0.));
#3084 = DIRECTION('',(0.954630954354,-0.297791438745,0.));
#3085 = DIRECTION('',(3.306149118305E-17,1.059853265543E-16,1.));
#3086 = DEFINITIONAL_REPRESENTATION('',(#3087),#3097);
#3087 = B_SPLINE_CURVE_WITH_KNOTS('',8,(#3088,#3089,#3090,#3091,#3092,
    #3093,#3094,#3095,#3096),.UNSPECIFIED.,.F.,.F.,(9,9),(1.570796326795
    ,4.712388980385),.PIECEWISE_BEZIER_KNOTS.);
#3088 = CARTESIAN_POINT('',(3.14159265359,-3.055333763768E-13));
#3089 = CARTESIAN_POINT('',(3.534291735289,0.125040163504));
#3090 = CARTESIAN_POINT('',(3.926990816987,0.250081324017));
#3091 = CARTESIAN_POINT('',(4.319689898689,0.345728526733));
#3092 = CARTESIAN_POINT('',(4.712388980382,0.382667273063));
#3093 = CARTESIAN_POINT('',(5.105088062087,0.345728526734));
#3094 = CARTESIAN_POINT('',(5.497787143783,0.250081324017));
#3095 = CARTESIAN_POINT('',(5.890486225481,0.125040163504));
#3096 = CARTESIAN_POINT('',(6.28318530718,-3.055333763768E-13));
#3097 = ( GEOMETRIC_REPRESENTATION_CONTEXT(2) 
PARAMETRIC_REPRESENTATION_CONTEXT() REPRESENTATION_CONTEXT('2D SPACE',''
  ) );
#3098 = ORIENTED_EDGE('',*,*,#3099,.F.);
#3099 = EDGE_CURVE('',#3100,#3059,#3102,.T.);
#3100 = VERTEX_POINT('',#3101);
#3101 = CARTESIAN_POINT('',(30.355598926909,126.12819839206,
    5.832380380939E-16));
#3102 = SURFACE_CURVE('',#3103,(#3108,#3120),.PCURVE_S1.);
#3103 = ELLIPSE('',#3104,4.773132363001,4.7625);
#3104 = AXIS2_PLACEMENT_3D('',#3105,#3106,#3107);
#3105 = CARTESIAN_POINT('',(32.077796759738,130.57980789642,0.));
#3106 = DIRECTION('',(0.932639023143,-0.360810826488,0.));
#3107 = DIRECTION('',(-0.360810826488,-0.932639023143,0.));
#3108 = PCURVE('',#2809,#3109);
#3109 = DEFINITIONAL_REPRESENTATION('',(#3110),#3119);
#3110 = B_SPLINE_CURVE_WITH_KNOTS('',7,(#3111,#3112,#3113,#3114,#3115,
    #3116,#3117,#3118),.UNSPECIFIED.,.F.,.F.,(8,8),(0.,1.570796326795),
  .PIECEWISE_BEZIER_KNOTS.);
#3111 = CARTESIAN_POINT('',(1.570796326795,4.893333699421));
#3112 = CARTESIAN_POINT('',(1.795195802051,4.893333699421));
#3113 = CARTESIAN_POINT('',(2.019595277307,4.874627407578));
#3114 = CARTESIAN_POINT('',(2.243994752566,4.837217537545));
#3115 = CARTESIAN_POINT('',(2.46839422782,4.783400889881));
#3116 = CARTESIAN_POINT('',(2.692793703077,4.717824291583));
#3117 = CARTESIAN_POINT('',(2.917193178333,4.646373059717));
#3118 = CARTESIAN_POINT('',(3.14159265359,4.574921537714));
#3119 = ( GEOMETRIC_REPRESENTATION_CONTEXT(2) 
PARAMETRIC_REPRESENTATION_CONTEXT() REPRESENTATION_CONTEXT('2D SPACE',''
  ) );
#3120 = PCURVE('',#3081,#3121);
#3121 = DEFINITIONAL_REPRESENTATION('',(#3122),#3131);
#3122 = B_SPLINE_CURVE_WITH_KNOTS('',7,(#3123,#3124,#3125,#3126,#3127,
    #3128,#3129,#3130),.UNSPECIFIED.,.F.,.F.,(8,8),(0.,1.570796326795),
  .PIECEWISE_BEZIER_KNOTS.);
#3123 = CARTESIAN_POINT('',(1.570796326795,-0.318412161707));
#3124 = CARTESIAN_POINT('',(1.795195802051,-0.318412161707));
#3125 = CARTESIAN_POINT('',(2.019595277308,-0.299705869864));
#3126 = CARTESIAN_POINT('',(2.243994752564,-0.262295999831));
#3127 = CARTESIAN_POINT('',(2.468394227821,-0.208479352166));
#3128 = CARTESIAN_POINT('',(2.692793703077,-0.14290275387));
#3129 = CARTESIAN_POINT('',(2.917193178333,-7.145152200258E-02));
#3130 = CARTESIAN_POINT('',(3.14159265359,-3.055333763768E-13));
#3131 = ( GEOMETRIC_REPRESENTATION_CONTEXT(2) 
PARAMETRIC_REPRESENTATION_CONTEXT() REPRESENTATION_CONTEXT('2D SPACE',''
  ) );
#3132 = ORIENTED_EDGE('',*,*,#3133,.F.);
#3133 = EDGE_CURVE('',#3037,#3100,#3134,.T.);
#3134 = SURFACE_CURVE('',#3135,(#3140,#3152),.PCURVE_S1.);
#3135 = ELLIPSE('',#3136,4.773132363001,4.7625);
#3136 = AXIS2_PLACEMENT_3D('',#3137,#3138,#3139);
#3137 = CARTESIAN_POINT('',(32.077796759738,130.57980789642,0.));
#3138 = DIRECTION('',(0.932639023143,-0.360810826488,0.));
#3139 = DIRECTION('',(-0.360810826488,-0.932639023143,0.));
#3140 = PCURVE('',#2809,#3141);
#3141 = DEFINITIONAL_REPRESENTATION('',(#3142),#3151);
#3142 = B_SPLINE_CURVE_WITH_KNOTS('',7,(#3143,#3144,#3145,#3146,#3147,
    #3148,#3149,#3150),.UNSPECIFIED.,.F.,.F.,(8,8),(4.712388980385,
    6.28318530718),.PIECEWISE_BEZIER_KNOTS.);
#3143 = CARTESIAN_POINT('',(0.,4.574921537714));
#3144 = CARTESIAN_POINT('',(0.224399475256,4.646373059717));
#3145 = CARTESIAN_POINT('',(0.448798950513,4.717824291584));
#3146 = CARTESIAN_POINT('',(0.673198425769,4.78340088988));
#3147 = CARTESIAN_POINT('',(0.897597901026,4.837217537545));
#3148 = CARTESIAN_POINT('',(1.121997376282,4.874627407578));
#3149 = CARTESIAN_POINT('',(1.346396851538,4.893333699421));
#3150 = CARTESIAN_POINT('',(1.570796326795,4.893333699421));
#3151 = ( GEOMETRIC_REPRESENTATION_CONTEXT(2) 
PARAMETRIC_REPRESENTATION_CONTEXT() REPRESENTATION_CONTEXT('2D SPACE',''
  ) );
#3152 = PCURVE('',#3081,#3153);
#3153 = DEFINITIONAL_REPRESENTATION('',(#3154),#3163);
#3154 = B_SPLINE_CURVE_WITH_KNOTS('',7,(#3155,#3156,#3157,#3158,#3159,
    #3160,#3161,#3162),.UNSPECIFIED.,.F.,.F.,(8,8),(4.712388980385,
    6.28318530718),.PIECEWISE_BEZIER_KNOTS.);
#3155 = CARTESIAN_POINT('',(5.967813003759E-15,-3.055333763768E-13));
#3156 = CARTESIAN_POINT('',(0.224399475256,-7.145152200258E-02));
#3157 = CARTESIAN_POINT('',(0.448798950513,-0.14290275387));
#3158 = CARTESIAN_POINT('',(0.673198425769,-0.208479352166));
#3159 = CARTESIAN_POINT('',(0.897597901026,-0.262295999831));
#3160 = CARTESIAN_POINT('',(1.121997376282,-0.299705869864));
#3161 = CARTESIAN_POINT('',(1.346396851538,-0.318412161707));
#3162 = CARTESIAN_POINT('',(1.570796326795,-0.318412161707));
#3163 = ( GEOMETRIC_REPRESENTATION_CONTEXT(2) 
PARAMETRIC_REPRESENTATION_CONTEXT() REPRESENTATION_CONTEXT('2D SPACE',''
  ) );
#3164 = ORIENTED_EDGE('',*,*,#3036,.F.);
#3165 = ORIENTED_EDGE('',*,*,#2861,.T.);
#3166 = ORIENTED_EDGE('',*,*,#2827,.T.);
#3167 = ORIENTED_EDGE('',*,*,#2786,.T.);
#3168 = ADVANCED_FACE('',(#3169),#2945,.T.);
#3169 = FACE_BOUND('',#3170,.T.);
#3170 = EDGE_LOOP('',(#3171,#3193,#3234,#3268,#3300,#3301,#3302,#3303));
#3171 = ORIENTED_EDGE('',*,*,#3172,.T.);
#3172 = EDGE_CURVE('',#2901,#3173,#3175,.T.);
#3173 = VERTEX_POINT('',#3174);
#3174 = CARTESIAN_POINT('',(36.445158473381,45.397435429564,4.7625));
#3175 = SEAM_CURVE('',#3176,(#3180,#3186),.PCURVE_S1.);
#3176 = LINE('',#3177,#3178);
#3177 = CARTESIAN_POINT('',(32.077796759739,46.759807896423,4.7625));
#3178 = VECTOR('',#3179,1.);
#3179 = DIRECTION('',(0.954630954354,-0.297791438745,0.));
#3180 = PCURVE('',#2945,#3181);
#3181 = DEFINITIONAL_REPRESENTATION('',(#3182),#3185);
#3182 = B_SPLINE_CURVE_WITH_KNOTS('',1,(#3183,#3184),.UNSPECIFIED.,.F.,
  .F.,(2,2),(-1.760704523206,6.335626060921),.PIECEWISE_BEZIER_KNOTS.);
#3183 = CARTESIAN_POINT('',(6.28318530718,-1.760704523206));
#3184 = CARTESIAN_POINT('',(6.28318530718,6.335626060921));
#3185 = ( GEOMETRIC_REPRESENTATION_CONTEXT(2) 
PARAMETRIC_REPRESENTATION_CONTEXT() REPRESENTATION_CONTEXT('2D SPACE',''
  ) );
#3186 = PCURVE('',#2945,#3187);
#3187 = DEFINITIONAL_REPRESENTATION('',(#3188),#3192);
#3188 = LINE('',#3189,#3190);
#3189 = CARTESIAN_POINT('',(0.,0.));
#3190 = VECTOR('',#3191,1.);
#3191 = DIRECTION('',(0.,1.));
#3192 = ( GEOMETRIC_REPRESENTATION_CONTEXT(2) 
PARAMETRIC_REPRESENTATION_CONTEXT() REPRESENTATION_CONTEXT('2D SPACE',''
  ) );
#3193 = ORIENTED_EDGE('',*,*,#3194,.F.);
#3194 = EDGE_CURVE('',#3195,#3173,#3197,.T.);
#3195 = VERTEX_POINT('',#3196);
#3196 = CARTESIAN_POINT('',(36.445158473381,45.397435429564,-4.7625));
#3197 = SURFACE_CURVE('',#3198,(#3203,#3216),.PCURVE_S1.);
#3198 = ELLIPSE('',#3199,4.773132363001,4.7625);
#3199 = AXIS2_PLACEMENT_3D('',#3200,#3201,#3202);
#3200 = CARTESIAN_POINT('',(36.445158473381,45.397435429564,0.));
#3201 = DIRECTION('',(0.972369920398,-0.233445363856,0.));
#3202 = DIRECTION('',(-0.233445363856,-0.972369920398,0.));
#3203 = PCURVE('',#2945,#3204);
#3204 = DEFINITIONAL_REPRESENTATION('',(#3205),#3215);
#3205 = B_SPLINE_CURVE_WITH_KNOTS('',8,(#3206,#3207,#3208,#3209,#3210,
    #3211,#3212,#3213,#3214),.UNSPECIFIED.,.F.,.F.,(9,9),(1.570796326795
    ,4.712388980385),.PIECEWISE_BEZIER_KNOTS.);
#3206 = CARTESIAN_POINT('',(3.14159265359,4.574921537715));
#3207 = CARTESIAN_POINT('',(3.534291735289,4.449881374211));
#3208 = CARTESIAN_POINT('',(3.926990816988,4.3248402137));
#3209 = CARTESIAN_POINT('',(4.319689898686,4.229193010961));
#3210 = CARTESIAN_POINT('',(4.712388980391,4.192254264663));
#3211 = CARTESIAN_POINT('',(5.105088062084,4.229193010965));
#3212 = CARTESIAN_POINT('',(5.497787143783,4.324840213698));
#3213 = CARTESIAN_POINT('',(5.890486225481,4.449881374211));
#3214 = CARTESIAN_POINT('',(6.28318530718,4.574921537715));
#3215 = ( GEOMETRIC_REPRESENTATION_CONTEXT(2) 
PARAMETRIC_REPRESENTATION_CONTEXT() REPRESENTATION_CONTEXT('2D SPACE',''
  ) );
#3216 = PCURVE('',#3217,#3222);
#3217 = CYLINDRICAL_SURFACE('',#3218,4.7625);
#3218 = AXIS2_PLACEMENT_3D('',#3219,#3220,#3221);
#3219 = CARTESIAN_POINT('',(36.445158473381,45.397435429564,0.));
#3220 = DIRECTION('',(0.985776892615,-0.168059269265,0.));
#3221 = DIRECTION('',(1.865832702397E-17,1.094432203325E-16,1.));
#3222 = DEFINITIONAL_REPRESENTATION('',(#3223),#3233);
#3223 = B_SPLINE_CURVE_WITH_KNOTS('',8,(#3224,#3225,#3226,#3227,#3228,
    #3229,#3230,#3231,#3232),.UNSPECIFIED.,.F.,.F.,(9,9),(1.570796326795
    ,4.712388980385),.PIECEWISE_BEZIER_KNOTS.);
#3224 = CARTESIAN_POINT('',(3.14159265359,-1.350031197944E-13));
#3225 = CARTESIAN_POINT('',(3.534291735289,0.125040163504));
#3226 = CARTESIAN_POINT('',(3.926990816987,0.250081324017));
#3227 = CARTESIAN_POINT('',(4.319689898693,0.345728526733));
#3228 = CARTESIAN_POINT('',(4.712388980385,0.382667273064));
#3229 = CARTESIAN_POINT('',(5.105088062087,0.345728526734));
#3230 = CARTESIAN_POINT('',(5.497787143782,0.250081324017));
#3231 = CARTESIAN_POINT('',(5.890486225481,0.125040163504));
#3232 = CARTESIAN_POINT('',(6.28318530718,-1.350031197944E-13));
#3233 = ( GEOMETRIC_REPRESENTATION_CONTEXT(2) 
PARAMETRIC_REPRESENTATION_CONTEXT() REPRESENTATION_CONTEXT('2D SPACE',''
  ) );
#3234 = ORIENTED_EDGE('',*,*,#3235,.F.);
#3235 = EDGE_CURVE('',#3236,#3195,#3238,.T.);
#3236 = VERTEX_POINT('',#3237);
#3237 = CARTESIAN_POINT('',(35.330892852168,40.756185093705,
    5.832380380939E-16));
#3238 = SURFACE_CURVE('',#3239,(#3244,#3256),.PCURVE_S1.);
#3239 = ELLIPSE('',#3240,4.773132363001,4.7625);
#3240 = AXIS2_PLACEMENT_3D('',#3241,#3242,#3243);
#3241 = CARTESIAN_POINT('',(36.445158473381,45.397435429564,0.));
#3242 = DIRECTION('',(0.972369920398,-0.233445363856,0.));
#3243 = DIRECTION('',(-0.233445363856,-0.972369920398,0.));
#3244 = PCURVE('',#2945,#3245);
#3245 = DEFINITIONAL_REPRESENTATION('',(#3246),#3255);
#3246 = B_SPLINE_CURVE_WITH_KNOTS('',7,(#3247,#3248,#3249,#3250,#3251,
    #3252,#3253,#3254),.UNSPECIFIED.,.F.,.F.,(8,8),(0.,1.570796326795),
  .PIECEWISE_BEZIER_KNOTS.);
#3247 = CARTESIAN_POINT('',(1.570796326795,4.893333699421));
#3248 = CARTESIAN_POINT('',(1.795195802051,4.893333699421));
#3249 = CARTESIAN_POINT('',(2.019595277308,4.874627407579));
#3250 = CARTESIAN_POINT('',(2.243994752564,4.837217537544));
#3251 = CARTESIAN_POINT('',(2.468394227821,4.783400889882));
#3252 = CARTESIAN_POINT('',(2.692793703077,4.717824291583));
#3253 = CARTESIAN_POINT('',(2.917193178333,4.646373059717));
#3254 = CARTESIAN_POINT('',(3.14159265359,4.574921537715));
#3255 = ( GEOMETRIC_REPRESENTATION_CONTEXT(2) 
PARAMETRIC_REPRESENTATION_CONTEXT() REPRESENTATION_CONTEXT('2D SPACE',''
  ) );
#3256 = PCURVE('',#3217,#3257);
#3257 = DEFINITIONAL_REPRESENTATION('',(#3258),#3267);
#3258 = B_SPLINE_CURVE_WITH_KNOTS('',7,(#3259,#3260,#3261,#3262,#3263,
    #3264,#3265,#3266),.UNSPECIFIED.,.F.,.F.,(8,8),(0.,1.570796326795),
  .PIECEWISE_BEZIER_KNOTS.);
#3259 = CARTESIAN_POINT('',(1.570796326795,-0.318412161707));
#3260 = CARTESIAN_POINT('',(1.795195802051,-0.318412161707));
#3261 = CARTESIAN_POINT('',(2.019595277308,-0.299705869864));
#3262 = CARTESIAN_POINT('',(2.243994752564,-0.262295999831));
#3263 = CARTESIAN_POINT('',(2.468394227821,-0.208479352166));
#3264 = CARTESIAN_POINT('',(2.692793703077,-0.142902753869));
#3265 = CARTESIAN_POINT('',(2.917193178333,-7.145152200241E-02));
#3266 = CARTESIAN_POINT('',(3.14159265359,-1.350031197944E-13));
#3267 = ( GEOMETRIC_REPRESENTATION_CONTEXT(2) 
PARAMETRIC_REPRESENTATION_CONTEXT() REPRESENTATION_CONTEXT('2D SPACE',''
  ) );
#3268 = ORIENTED_EDGE('',*,*,#3269,.F.);
#3269 = EDGE_CURVE('',#3173,#3236,#3270,.T.);
#3270 = SURFACE_CURVE('',#3271,(#3276,#3288),.PCURVE_S1.);
#3271 = ELLIPSE('',#3272,4.773132363001,4.7625);
#3272 = AXIS2_PLACEMENT_3D('',#3273,#3274,#3275);
#3273 = CARTESIAN_POINT('',(36.445158473381,45.397435429564,0.));
#3274 = DIRECTION('',(0.972369920398,-0.233445363856,0.));
#3275 = DIRECTION('',(-0.233445363856,-0.972369920398,0.));
#3276 = PCURVE('',#2945,#3277);
#3277 = DEFINITIONAL_REPRESENTATION('',(#3278),#3287);
#3278 = B_SPLINE_CURVE_WITH_KNOTS('',7,(#3279,#3280,#3281,#3282,#3283,
    #3284,#3285,#3286),.UNSPECIFIED.,.F.,.F.,(8,8),(4.712388980385,
    6.28318530718),.PIECEWISE_BEZIER_KNOTS.);
#3279 = CARTESIAN_POINT('',(0.,4.574921537715));
#3280 = CARTESIAN_POINT('',(0.224399475256,4.646373059717));
#3281 = CARTESIAN_POINT('',(0.448798950513,4.717824291583));
#3282 = CARTESIAN_POINT('',(0.673198425769,4.783400889882));
#3283 = CARTESIAN_POINT('',(0.897597901026,4.837217537544));
#3284 = CARTESIAN_POINT('',(1.121997376282,4.874627407579));
#3285 = CARTESIAN_POINT('',(1.346396851538,4.893333699421));
#3286 = CARTESIAN_POINT('',(1.570796326795,4.893333699421));
#3287 = ( GEOMETRIC_REPRESENTATION_CONTEXT(2) 
PARAMETRIC_REPRESENTATION_CONTEXT() REPRESENTATION_CONTEXT('2D SPACE',''
  ) );
#3288 = PCURVE('',#3217,#3289);
#3289 = DEFINITIONAL_REPRESENTATION('',(#3290),#3299);
#3290 = B_SPLINE_CURVE_WITH_KNOTS('',7,(#3291,#3292,#3293,#3294,#3295,
    #3296,#3297,#3298),.UNSPECIFIED.,.F.,.F.,(8,8),(4.712388980385,
    6.28318530718),.PIECEWISE_BEZIER_KNOTS.);
#3291 = CARTESIAN_POINT('',(0.,-1.350031197944E-13));
#3292 = CARTESIAN_POINT('',(0.224399475256,-7.145152200241E-02));
#3293 = CARTESIAN_POINT('',(0.448798950513,-0.142902753869));
#3294 = CARTESIAN_POINT('',(0.673198425769,-0.208479352166));
#3295 = CARTESIAN_POINT('',(0.897597901026,-0.262295999831));
#3296 = CARTESIAN_POINT('',(1.121997376282,-0.299705869864));
#3297 = CARTESIAN_POINT('',(1.346396851538,-0.318412161707));
#3298 = CARTESIAN_POINT('',(1.570796326795,-0.318412161707));
#3299 = ( GEOMETRIC_REPRESENTATION_CONTEXT(2) 
PARAMETRIC_REPRESENTATION_CONTEXT() REPRESENTATION_CONTEXT('2D SPACE',''
  ) );
#3300 = ORIENTED_EDGE('',*,*,#3172,.F.);
#3301 = ORIENTED_EDGE('',*,*,#2997,.T.);
#3302 = ORIENTED_EDGE('',*,*,#2963,.T.);
#3303 = ORIENTED_EDGE('',*,*,#2922,.T.);
#3304 = ADVANCED_FACE('',(#3305),#3081,.T.);
#3305 = FACE_BOUND('',#3306,.T.);
#3306 = EDGE_LOOP('',(#3307,#3329,#3370,#3404,#3436,#3437,#3438,#3439));
#3307 = ORIENTED_EDGE('',*,*,#3308,.T.);
#3308 = EDGE_CURVE('',#3037,#3309,#3311,.T.);
#3309 = VERTEX_POINT('',#3310);
#3310 = CARTESIAN_POINT('',(36.445158473381,129.21743542956,4.7625));
#3311 = SEAM_CURVE('',#3312,(#3316,#3322),.PCURVE_S1.);
#3312 = LINE('',#3313,#3314);
#3313 = CARTESIAN_POINT('',(32.077796759739,130.57980789642,4.7625));
#3314 = VECTOR('',#3315,1.);
#3315 = DIRECTION('',(0.954630954354,-0.297791438745,0.));
#3316 = PCURVE('',#3081,#3317);
#3317 = DEFINITIONAL_REPRESENTATION('',(#3318),#3321);
#3318 = B_SPLINE_CURVE_WITH_KNOTS('',1,(#3319,#3320),.UNSPECIFIED.,.F.,
  .F.,(2,2),(-1.760704523206,6.335626060921),.PIECEWISE_BEZIER_KNOTS.);
#3319 = CARTESIAN_POINT('',(6.28318530718,-1.760704523206));
#3320 = CARTESIAN_POINT('',(6.28318530718,6.335626060921));
#3321 = ( GEOMETRIC_REPRESENTATION_CONTEXT(2) 
PARAMETRIC_REPRESENTATION_CONTEXT() REPRESENTATION_CONTEXT('2D SPACE',''
  ) );
#3322 = PCURVE('',#3081,#3323);
#3323 = DEFINITIONAL_REPRESENTATION('',(#3324),#3328);
#3324 = LINE('',#3325,#3326);
#3325 = CARTESIAN_POINT('',(0.,0.));
#3326 = VECTOR('',#3327,1.);
#3327 = DIRECTION('',(0.,1.));
#3328 = ( GEOMETRIC_REPRESENTATION_CONTEXT(2) 
PARAMETRIC_REPRESENTATION_CONTEXT() REPRESENTATION_CONTEXT('2D SPACE',''
  ) );
#3329 = ORIENTED_EDGE('',*,*,#3330,.F.);
#3330 = EDGE_CURVE('',#3331,#3309,#3333,.T.);
#3331 = VERTEX_POINT('',#3332);
#3332 = CARTESIAN_POINT('',(36.445158473381,129.21743542956,-4.7625));
#3333 = SURFACE_CURVE('',#3334,(#3339,#3352),.PCURVE_S1.);
#3334 = ELLIPSE('',#3335,4.773132363001,4.7625);
#3335 = AXIS2_PLACEMENT_3D('',#3336,#3337,#3338);
#3336 = CARTESIAN_POINT('',(36.445158473381,129.21743542956,0.));
#3337 = DIRECTION('',(0.972369920398,-0.233445363856,0.));
#3338 = DIRECTION('',(-0.233445363856,-0.972369920398,0.));
#3339 = PCURVE('',#3081,#3340);
#3340 = DEFINITIONAL_REPRESENTATION('',(#3341),#3351);
#3341 = B_SPLINE_CURVE_WITH_KNOTS('',8,(#3342,#3343,#3344,#3345,#3346,
    #3347,#3348,#3349,#3350),.UNSPECIFIED.,.F.,.F.,(9,9),(1.570796326795
    ,4.712388980385),.PIECEWISE_BEZIER_KNOTS.);
#3342 = CARTESIAN_POINT('',(3.14159265359,4.574921537715));
#3343 = CARTESIAN_POINT('',(3.534291735289,4.449881374211));
#3344 = CARTESIAN_POINT('',(3.92699081699,4.324840213692));
#3345 = CARTESIAN_POINT('',(4.31968989868,4.229193010991));
#3346 = CARTESIAN_POINT('',(4.712388980402,4.192254264621));
#3347 = CARTESIAN_POINT('',(5.105088062077,4.229193010992));
#3348 = CARTESIAN_POINT('',(5.497787143785,4.324840213691));
#3349 = CARTESIAN_POINT('',(5.890486225481,4.449881374211));
#3350 = CARTESIAN_POINT('',(6.28318530718,4.574921537715));
#3351 = ( GEOMETRIC_REPRESENTATION_CONTEXT(2) 
PARAMETRIC_REPRESENTATION_CONTEXT() REPRESENTATION_CONTEXT('2D SPACE',''
  ) );
#3352 = PCURVE('',#3353,#3358);
#3353 = CYLINDRICAL_SURFACE('',#3354,4.7625);
#3354 = AXIS2_PLACEMENT_3D('',#3355,#3356,#3357);
#3355 = CARTESIAN_POINT('',(36.445158473381,129.21743542956,0.));
#3356 = DIRECTION('',(0.985776892615,-0.168059269265,0.));
#3357 = DIRECTION('',(1.865832702397E-17,1.094432203325E-16,1.));
#3358 = DEFINITIONAL_REPRESENTATION('',(#3359),#3369);
#3359 = B_SPLINE_CURVE_WITH_KNOTS('',8,(#3360,#3361,#3362,#3363,#3364,
    #3365,#3366,#3367,#3368),.UNSPECIFIED.,.F.,.F.,(9,9),(1.570796326795
    ,4.712388980385),.PIECEWISE_BEZIER_KNOTS.);
#3360 = CARTESIAN_POINT('',(3.14159265359,1.936228954946E-13));
#3361 = CARTESIAN_POINT('',(3.534291735289,0.125040163504));
#3362 = CARTESIAN_POINT('',(3.926990816987,0.250081324018));
#3363 = CARTESIAN_POINT('',(4.319689898676,0.345728526734));
#3364 = CARTESIAN_POINT('',(4.712388980386,0.382667273063));
#3365 = CARTESIAN_POINT('',(5.105088062077,0.345728526734));
#3366 = CARTESIAN_POINT('',(5.497787143782,0.250081324017));
#3367 = CARTESIAN_POINT('',(5.890486225481,0.125040163504));
#3368 = CARTESIAN_POINT('',(6.28318530718,1.936228954946E-13));
#3369 = ( GEOMETRIC_REPRESENTATION_CONTEXT(2) 
PARAMETRIC_REPRESENTATION_CONTEXT() REPRESENTATION_CONTEXT('2D SPACE',''
  ) );
#3370 = ORIENTED_EDGE('',*,*,#3371,.F.);
#3371 = EDGE_CURVE('',#3372,#3331,#3374,.T.);
#3372 = VERTEX_POINT('',#3373);
#3373 = CARTESIAN_POINT('',(35.330892852168,124.5761850937,
    5.832380380939E-16));
#3374 = SURFACE_CURVE('',#3375,(#3380,#3392),.PCURVE_S1.);
#3375 = ELLIPSE('',#3376,4.773132363001,4.7625);
#3376 = AXIS2_PLACEMENT_3D('',#3377,#3378,#3379);
#3377 = CARTESIAN_POINT('',(36.445158473381,129.21743542956,0.));
#3378 = DIRECTION('',(0.972369920398,-0.233445363856,0.));
#3379 = DIRECTION('',(-0.233445363856,-0.972369920398,0.));
#3380 = PCURVE('',#3081,#3381);
#3381 = DEFINITIONAL_REPRESENTATION('',(#3382),#3391);
#3382 = B_SPLINE_CURVE_WITH_KNOTS('',7,(#3383,#3384,#3385,#3386,#3387,
    #3388,#3389,#3390),.UNSPECIFIED.,.F.,.F.,(8,8),(0.,1.570796326795),
  .PIECEWISE_BEZIER_KNOTS.);
#3383 = CARTESIAN_POINT('',(1.570796326795,4.893333699422));
#3384 = CARTESIAN_POINT('',(1.795195802051,4.893333699422));
#3385 = CARTESIAN_POINT('',(2.019595277308,4.874627407579));
#3386 = CARTESIAN_POINT('',(2.243994752564,4.837217537544));
#3387 = CARTESIAN_POINT('',(2.468394227821,4.783400889882));
#3388 = CARTESIAN_POINT('',(2.692793703077,4.717824291584));
#3389 = CARTESIAN_POINT('',(2.917193178333,4.646373059717));
#3390 = CARTESIAN_POINT('',(3.14159265359,4.574921537715));
#3391 = ( GEOMETRIC_REPRESENTATION_CONTEXT(2) 
PARAMETRIC_REPRESENTATION_CONTEXT() REPRESENTATION_CONTEXT('2D SPACE',''
  ) );
#3392 = PCURVE('',#3353,#3393);
#3393 = DEFINITIONAL_REPRESENTATION('',(#3394),#3403);
#3394 = B_SPLINE_CURVE_WITH_KNOTS('',7,(#3395,#3396,#3397,#3398,#3399,
    #3400,#3401,#3402),.UNSPECIFIED.,.F.,.F.,(8,8),(0.,1.570796326795),
  .PIECEWISE_BEZIER_KNOTS.);
#3395 = CARTESIAN_POINT('',(1.570796326795,-0.318412161707));
#3396 = CARTESIAN_POINT('',(1.795195802051,-0.318412161707));
#3397 = CARTESIAN_POINT('',(2.019595277307,-0.299705869863));
#3398 = CARTESIAN_POINT('',(2.243994752565,-0.26229599983));
#3399 = CARTESIAN_POINT('',(2.46839422782,-0.208479352165));
#3400 = CARTESIAN_POINT('',(2.692793703077,-0.142902753869));
#3401 = CARTESIAN_POINT('',(2.917193178333,-7.145152200207E-02));
#3402 = CARTESIAN_POINT('',(3.14159265359,1.936228954946E-13));
#3403 = ( GEOMETRIC_REPRESENTATION_CONTEXT(2) 
PARAMETRIC_REPRESENTATION_CONTEXT() REPRESENTATION_CONTEXT('2D SPACE',''
  ) );
#3404 = ORIENTED_EDGE('',*,*,#3405,.F.);
#3405 = EDGE_CURVE('',#3309,#3372,#3406,.T.);
#3406 = SURFACE_CURVE('',#3407,(#3412,#3424),.PCURVE_S1.);
#3407 = ELLIPSE('',#3408,4.773132363001,4.7625);
#3408 = AXIS2_PLACEMENT_3D('',#3409,#3410,#3411);
#3409 = CARTESIAN_POINT('',(36.445158473381,129.21743542956,0.));
#3410 = DIRECTION('',(0.972369920398,-0.233445363856,0.));
#3411 = DIRECTION('',(-0.233445363856,-0.972369920398,0.));
#3412 = PCURVE('',#3081,#3413);
#3413 = DEFINITIONAL_REPRESENTATION('',(#3414),#3423);
#3414 = B_SPLINE_CURVE_WITH_KNOTS('',7,(#3415,#3416,#3417,#3418,#3419,
    #3420,#3421,#3422),.UNSPECIFIED.,.F.,.F.,(8,8),(4.712388980385,
    6.28318530718),.PIECEWISE_BEZIER_KNOTS.);
#3415 = CARTESIAN_POINT('',(0.,4.574921537715));
#3416 = CARTESIAN_POINT('',(0.224399475256,4.646373059717));
#3417 = CARTESIAN_POINT('',(0.448798950513,4.717824291584));
#3418 = CARTESIAN_POINT('',(0.673198425769,4.783400889881));
#3419 = CARTESIAN_POINT('',(0.897597901026,4.837217537545));
#3420 = CARTESIAN_POINT('',(1.121997376282,4.874627407579));
#3421 = CARTESIAN_POINT('',(1.346396851538,4.893333699422));
#3422 = CARTESIAN_POINT('',(1.570796326795,4.893333699422));
#3423 = ( GEOMETRIC_REPRESENTATION_CONTEXT(2) 
PARAMETRIC_REPRESENTATION_CONTEXT() REPRESENTATION_CONTEXT('2D SPACE',''
  ) );
#3424 = PCURVE('',#3353,#3425);
#3425 = DEFINITIONAL_REPRESENTATION('',(#3426),#3435);
#3426 = B_SPLINE_CURVE_WITH_KNOTS('',7,(#3427,#3428,#3429,#3430,#3431,
    #3432,#3433,#3434),.UNSPECIFIED.,.F.,.F.,(8,8),(4.712388980385,
    6.28318530718),.PIECEWISE_BEZIER_KNOTS.);
#3427 = CARTESIAN_POINT('',(-6.217248937901E-15,1.936228954946E-13));
#3428 = CARTESIAN_POINT('',(0.224399475256,-7.145152200207E-02));
#3429 = CARTESIAN_POINT('',(0.448798950513,-0.142902753869));
#3430 = CARTESIAN_POINT('',(0.673198425769,-0.208479352165));
#3431 = CARTESIAN_POINT('',(0.897597901026,-0.262295999831));
#3432 = CARTESIAN_POINT('',(1.121997376282,-0.299705869863));
#3433 = CARTESIAN_POINT('',(1.346396851538,-0.318412161707));
#3434 = CARTESIAN_POINT('',(1.570796326795,-0.318412161707));
#3435 = ( GEOMETRIC_REPRESENTATION_CONTEXT(2) 
PARAMETRIC_REPRESENTATION_CONTEXT() REPRESENTATION_CONTEXT('2D SPACE',''
  ) );
#3436 = ORIENTED_EDGE('',*,*,#3308,.F.);
#3437 = ORIENTED_EDGE('',*,*,#3133,.T.);
#3438 = ORIENTED_EDGE('',*,*,#3099,.T.);
#3439 = ORIENTED_EDGE('',*,*,#3058,.T.);
#3440 = ADVANCED_FACE('',(#3441),#3217,.T.);
#3441 = FACE_BOUND('',#3442,.T.);
#3442 = EDGE_LOOP('',(#3443,#3465,#3506,#3540,#3572,#3573,#3574,#3575));
#3443 = ORIENTED_EDGE('',*,*,#3444,.T.);
#3444 = EDGE_CURVE('',#3173,#3445,#3447,.T.);
#3445 = VERTEX_POINT('',#3446);
#3446 = CARTESIAN_POINT('',(40.955010410788,44.62857745899,4.7625));
#3447 = SEAM_CURVE('',#3448,(#3452,#3458),.PCURVE_S1.);
#3448 = LINE('',#3449,#3450);
#3449 = CARTESIAN_POINT('',(36.445158473381,45.397435429564,4.7625));
#3450 = VECTOR('',#3451,1.);
#3451 = DIRECTION('',(0.985776892615,-0.168059269265,0.));
#3452 = PCURVE('',#3217,#3453);
#3453 = DEFINITIONAL_REPRESENTATION('',(#3454),#3457);
#3454 = B_SPLINE_CURVE_WITH_KNOTS('',1,(#3455,#3456),.UNSPECIFIED.,.F.,
  .F.,(2,2),(-1.760704523206,6.335626060921),.PIECEWISE_BEZIER_KNOTS.);
#3455 = CARTESIAN_POINT('',(6.28318530718,-1.760704523206));
#3456 = CARTESIAN_POINT('',(6.28318530718,6.335626060921));
#3457 = ( GEOMETRIC_REPRESENTATION_CONTEXT(2) 
PARAMETRIC_REPRESENTATION_CONTEXT() REPRESENTATION_CONTEXT('2D SPACE',''
  ) );
#3458 = PCURVE('',#3217,#3459);
#3459 = DEFINITIONAL_REPRESENTATION('',(#3460),#3464);
#3460 = LINE('',#3461,#3462);
#3461 = CARTESIAN_POINT('',(0.,0.));
#3462 = VECTOR('',#3463,1.);
#3463 = DIRECTION('',(0.,1.));
#3464 = ( GEOMETRIC_REPRESENTATION_CONTEXT(2) 
PARAMETRIC_REPRESENTATION_CONTEXT() REPRESENTATION_CONTEXT('2D SPACE',''
  ) );
#3465 = ORIENTED_EDGE('',*,*,#3466,.F.);
#3466 = EDGE_CURVE('',#3467,#3445,#3469,.T.);
#3467 = VERTEX_POINT('',#3468);
#3468 = CARTESIAN_POINT('',(40.955010410788,44.62857745899,-4.7625));
#3469 = SURFACE_CURVE('',#3470,(#3475,#3488),.PCURVE_S1.);
#3470 = ELLIPSE('',#3471,4.773132363001,4.7625);
#3471 = AXIS2_PLACEMENT_3D('',#3472,#3473,#3474);
#3472 = CARTESIAN_POINT('',(40.955010410788,44.62857745899,0.));
#3473 = DIRECTION('',(0.994792141762,-0.101924455795,0.));
#3474 = DIRECTION('',(-0.101924455795,-0.994792141762,0.));
#3475 = PCURVE('',#3217,#3476);
#3476 = DEFINITIONAL_REPRESENTATION('',(#3477),#3487);
#3477 = B_SPLINE_CURVE_WITH_KNOTS('',8,(#3478,#3479,#3480,#3481,#3482,
    #3483,#3484,#3485,#3486),.UNSPECIFIED.,.F.,.F.,(9,9),(1.570796326795
    ,4.712388980385),.PIECEWISE_BEZIER_KNOTS.);
#3478 = CARTESIAN_POINT('',(3.14159265359,4.574921537715));
#3479 = CARTESIAN_POINT('',(3.534291735289,4.449881374211));
#3480 = CARTESIAN_POINT('',(3.926990816987,4.324840213698));
#3481 = CARTESIAN_POINT('',(4.319689898669,4.229193010964));
#3482 = CARTESIAN_POINT('',(4.712388980389,4.192254264662));
#3483 = CARTESIAN_POINT('',(5.105088062062,4.22919301096));
#3484 = CARTESIAN_POINT('',(5.497787143783,4.324840213698));
#3485 = CARTESIAN_POINT('',(5.890486225481,4.449881374211));
#3486 = CARTESIAN_POINT('',(6.28318530718,4.574921537715));
#3487 = ( GEOMETRIC_REPRESENTATION_CONTEXT(2) 
PARAMETRIC_REPRESENTATION_CONTEXT() REPRESENTATION_CONTEXT('2D SPACE',''
  ) );
#3488 = PCURVE('',#3489,#3494);
#3489 = CYLINDRICAL_SURFACE('',#3490,4.7625);
#3490 = AXIS2_PLACEMENT_3D('',#3491,#3492,#3493);
#3491 = CARTESIAN_POINT('',(40.955010410788,44.62857745899,0.));
#3492 = DIRECTION('',(0.999375504107,-3.533555987762E-02,0.));
#3493 = DIRECTION('',(3.923035216416E-18,1.109529694905E-16,1.));
#3494 = DEFINITIONAL_REPRESENTATION('',(#3495),#3505);
#3495 = B_SPLINE_CURVE_WITH_KNOTS('',8,(#3496,#3497,#3498,#3499,#3500,
    #3501,#3502,#3503,#3504),.UNSPECIFIED.,.F.,.F.,(9,9),(1.570796326795
    ,4.712388980385),.PIECEWISE_BEZIER_KNOTS.);
#3496 = CARTESIAN_POINT('',(3.14159265359,5.684341886081E-14));
#3497 = CARTESIAN_POINT('',(3.534291735289,0.125040163504));
#3498 = CARTESIAN_POINT('',(3.926990816987,0.250081324017));
#3499 = CARTESIAN_POINT('',(4.319689898693,0.345728526735));
#3500 = CARTESIAN_POINT('',(4.712388980385,0.382667273063));
#3501 = CARTESIAN_POINT('',(5.105088062087,0.345728526735));
#3502 = CARTESIAN_POINT('',(5.497787143782,0.250081324017));
#3503 = CARTESIAN_POINT('',(5.890486225481,0.125040163504));
#3504 = CARTESIAN_POINT('',(6.28318530718,5.684341886081E-14));
#3505 = ( GEOMETRIC_REPRESENTATION_CONTEXT(2) 
PARAMETRIC_REPRESENTATION_CONTEXT() REPRESENTATION_CONTEXT('2D SPACE',''
  ) );
#3506 = ORIENTED_EDGE('',*,*,#3507,.F.);
#3507 = EDGE_CURVE('',#3508,#3467,#3510,.T.);
#3508 = VERTEX_POINT('',#3509);
#3509 = CARTESIAN_POINT('',(40.468511492251,39.880302892689,
    5.832380380939E-16));
#3510 = SURFACE_CURVE('',#3511,(#3516,#3528),.PCURVE_S1.);
#3511 = ELLIPSE('',#3512,4.773132363001,4.7625);
#3512 = AXIS2_PLACEMENT_3D('',#3513,#3514,#3515);
#3513 = CARTESIAN_POINT('',(40.955010410788,44.62857745899,0.));
#3514 = DIRECTION('',(0.994792141762,-0.101924455795,0.));
#3515 = DIRECTION('',(-0.101924455795,-0.994792141762,0.));
#3516 = PCURVE('',#3217,#3517);
#3517 = DEFINITIONAL_REPRESENTATION('',(#3518),#3527);
#3518 = B_SPLINE_CURVE_WITH_KNOTS('',7,(#3519,#3520,#3521,#3522,#3523,
    #3524,#3525,#3526),.UNSPECIFIED.,.F.,.F.,(8,8),(0.,1.570796326795),
  .PIECEWISE_BEZIER_KNOTS.);
#3519 = CARTESIAN_POINT('',(1.570796326795,4.893333699422));
#3520 = CARTESIAN_POINT('',(1.795195802051,4.893333699422));
#3521 = CARTESIAN_POINT('',(2.019595277308,4.874627407578));
#3522 = CARTESIAN_POINT('',(2.243994752564,4.837217537546));
#3523 = CARTESIAN_POINT('',(2.468394227821,4.78340088988));
#3524 = CARTESIAN_POINT('',(2.692793703077,4.717824291584));
#3525 = CARTESIAN_POINT('',(2.917193178333,4.646373059717));
#3526 = CARTESIAN_POINT('',(3.14159265359,4.574921537715));
#3527 = ( GEOMETRIC_REPRESENTATION_CONTEXT(2) 
PARAMETRIC_REPRESENTATION_CONTEXT() REPRESENTATION_CONTEXT('2D SPACE',''
  ) );
#3528 = PCURVE('',#3489,#3529);
#3529 = DEFINITIONAL_REPRESENTATION('',(#3530),#3539);
#3530 = B_SPLINE_CURVE_WITH_KNOTS('',7,(#3531,#3532,#3533,#3534,#3535,
    #3536,#3537,#3538),.UNSPECIFIED.,.F.,.F.,(8,8),(0.,1.570796326795),
  .PIECEWISE_BEZIER_KNOTS.);
#3531 = CARTESIAN_POINT('',(1.570796326795,-0.318412161707));
#3532 = CARTESIAN_POINT('',(1.795195802051,-0.318412161707));
#3533 = CARTESIAN_POINT('',(2.019595277307,-0.299705869864));
#3534 = CARTESIAN_POINT('',(2.243994752565,-0.262295999831));
#3535 = CARTESIAN_POINT('',(2.46839422782,-0.208479352165));
#3536 = CARTESIAN_POINT('',(2.692793703077,-0.142902753869));
#3537 = CARTESIAN_POINT('',(2.917193178333,-7.145152200221E-02));
#3538 = CARTESIAN_POINT('',(3.14159265359,5.684341886081E-14));
#3539 = ( GEOMETRIC_REPRESENTATION_CONTEXT(2) 
PARAMETRIC_REPRESENTATION_CONTEXT() REPRESENTATION_CONTEXT('2D SPACE',''
  ) );
#3540 = ORIENTED_EDGE('',*,*,#3541,.F.);
#3541 = EDGE_CURVE('',#3445,#3508,#3542,.T.);
#3542 = SURFACE_CURVE('',#3543,(#3548,#3560),.PCURVE_S1.);
#3543 = ELLIPSE('',#3544,4.773132363001,4.7625);
#3544 = AXIS2_PLACEMENT_3D('',#3545,#3546,#3547);
#3545 = CARTESIAN_POINT('',(40.955010410788,44.62857745899,0.));
#3546 = DIRECTION('',(0.994792141762,-0.101924455795,0.));
#3547 = DIRECTION('',(-0.101924455795,-0.994792141762,0.));
#3548 = PCURVE('',#3217,#3549);
#3549 = DEFINITIONAL_REPRESENTATION('',(#3550),#3559);
#3550 = B_SPLINE_CURVE_WITH_KNOTS('',7,(#3551,#3552,#3553,#3554,#3555,
    #3556,#3557,#3558),.UNSPECIFIED.,.F.,.F.,(8,8),(4.712388980385,
    6.28318530718),.PIECEWISE_BEZIER_KNOTS.);
#3551 = CARTESIAN_POINT('',(-1.7763568394E-15,4.574921537715));
#3552 = CARTESIAN_POINT('',(0.224399475256,4.646373059717));
#3553 = CARTESIAN_POINT('',(0.448798950513,4.717824291584));
#3554 = CARTESIAN_POINT('',(0.67319842577,4.783400889881));
#3555 = CARTESIAN_POINT('',(0.897597901025,4.837217537544));
#3556 = CARTESIAN_POINT('',(1.121997376282,4.874627407579));
#3557 = CARTESIAN_POINT('',(1.346396851538,4.893333699422));
#3558 = CARTESIAN_POINT('',(1.570796326795,4.893333699422));
#3559 = ( GEOMETRIC_REPRESENTATION_CONTEXT(2) 
PARAMETRIC_REPRESENTATION_CONTEXT() REPRESENTATION_CONTEXT('2D SPACE',''
  ) );
#3560 = PCURVE('',#3489,#3561);
#3561 = DEFINITIONAL_REPRESENTATION('',(#3562),#3571);
#3562 = B_SPLINE_CURVE_WITH_KNOTS('',7,(#3563,#3564,#3565,#3566,#3567,
    #3568,#3569,#3570),.UNSPECIFIED.,.F.,.F.,(8,8),(4.712388980385,
    6.28318530718),.PIECEWISE_BEZIER_KNOTS.);
#3563 = CARTESIAN_POINT('',(0.,5.684341886081E-14));
#3564 = CARTESIAN_POINT('',(0.224399475256,-7.145152200221E-02));
#3565 = CARTESIAN_POINT('',(0.448798950513,-0.142902753869));
#3566 = CARTESIAN_POINT('',(0.673198425769,-0.208479352165));
#3567 = CARTESIAN_POINT('',(0.897597901026,-0.262295999831));
#3568 = CARTESIAN_POINT('',(1.121997376282,-0.299705869864));
#3569 = CARTESIAN_POINT('',(1.346396851538,-0.318412161707));
#3570 = CARTESIAN_POINT('',(1.570796326795,-0.318412161707));
#3571 = ( GEOMETRIC_REPRESENTATION_CONTEXT(2) 
PARAMETRIC_REPRESENTATION_CONTEXT() REPRESENTATION_CONTEXT('2D SPACE',''
  ) );
#3572 = ORIENTED_EDGE('',*,*,#3444,.F.);
#3573 = ORIENTED_EDGE('',*,*,#3269,.T.);
#3574 = ORIENTED_EDGE('',*,*,#3235,.T.);
#3575 = ORIENTED_EDGE('',*,*,#3194,.T.);
#3576 = ADVANCED_FACE('',(#3577),#3353,.T.);
#3577 = FACE_BOUND('',#3578,.T.);
#3578 = EDGE_LOOP('',(#3579,#3601,#3642,#3676,#3708,#3709,#3710,#3711));
#3579 = ORIENTED_EDGE('',*,*,#3580,.T.);
#3580 = EDGE_CURVE('',#3309,#3581,#3583,.T.);
#3581 = VERTEX_POINT('',#3582);
#3582 = CARTESIAN_POINT('',(40.955010410788,128.44857745899,4.7625));
#3583 = SEAM_CURVE('',#3584,(#3588,#3594),.PCURVE_S1.);
#3584 = LINE('',#3585,#3586);
#3585 = CARTESIAN_POINT('',(36.445158473381,129.21743542956,4.7625));
#3586 = VECTOR('',#3587,1.);
#3587 = DIRECTION('',(0.985776892615,-0.168059269265,0.));
#3588 = PCURVE('',#3353,#3589);
#3589 = DEFINITIONAL_REPRESENTATION('',(#3590),#3593);
#3590 = B_SPLINE_CURVE_WITH_KNOTS('',1,(#3591,#3592),.UNSPECIFIED.,.F.,
  .F.,(2,2),(-1.760704523206,6.335626060921),.PIECEWISE_BEZIER_KNOTS.);
#3591 = CARTESIAN_POINT('',(6.28318530718,-1.760704523206));
#3592 = CARTESIAN_POINT('',(6.28318530718,6.335626060921));
#3593 = ( GEOMETRIC_REPRESENTATION_CONTEXT(2) 
PARAMETRIC_REPRESENTATION_CONTEXT() REPRESENTATION_CONTEXT('2D SPACE',''
  ) );
#3594 = PCURVE('',#3353,#3595);
#3595 = DEFINITIONAL_REPRESENTATION('',(#3596),#3600);
#3596 = LINE('',#3597,#3598);
#3597 = CARTESIAN_POINT('',(0.,0.));
#3598 = VECTOR('',#3599,1.);
#3599 = DIRECTION('',(0.,1.));
#3600 = ( GEOMETRIC_REPRESENTATION_CONTEXT(2) 
PARAMETRIC_REPRESENTATION_CONTEXT() REPRESENTATION_CONTEXT('2D SPACE',''
  ) );
#3601 = ORIENTED_EDGE('',*,*,#3602,.F.);
#3602 = EDGE_CURVE('',#3603,#3581,#3605,.T.);
#3603 = VERTEX_POINT('',#3604);
#3604 = CARTESIAN_POINT('',(40.955010410787,128.44857745899,-4.7625));
#3605 = SURFACE_CURVE('',#3606,(#3611,#3624),.PCURVE_S1.);
#3606 = ELLIPSE('',#3607,4.773132363001,4.7625);
#3607 = AXIS2_PLACEMENT_3D('',#3608,#3609,#3610);
#3608 = CARTESIAN_POINT('',(40.955010410787,128.44857745899,0.));
#3609 = DIRECTION('',(0.994792141762,-0.101924455795,0.));
#3610 = DIRECTION('',(-0.101924455795,-0.994792141762,0.));
#3611 = PCURVE('',#3353,#3612);
#3612 = DEFINITIONAL_REPRESENTATION('',(#3613),#3623);
#3613 = B_SPLINE_CURVE_WITH_KNOTS('',8,(#3614,#3615,#3616,#3617,#3618,
    #3619,#3620,#3621,#3622),.UNSPECIFIED.,.F.,.F.,(9,9),(1.570796326795
    ,4.712388980385),.PIECEWISE_BEZIER_KNOTS.);
#3614 = CARTESIAN_POINT('',(3.14159265359,4.574921537714));
#3615 = CARTESIAN_POINT('',(3.534291735289,4.44988137421));
#3616 = CARTESIAN_POINT('',(3.926990816989,4.324840213694));
#3617 = CARTESIAN_POINT('',(4.319689898686,4.229193010981));
#3618 = CARTESIAN_POINT('',(4.712388980392,4.192254264627));
#3619 = CARTESIAN_POINT('',(5.105088062083,4.229193010985));
#3620 = CARTESIAN_POINT('',(5.497787143783,4.324840213695));
#3621 = CARTESIAN_POINT('',(5.890486225481,4.44988137421));
#3622 = CARTESIAN_POINT('',(6.28318530718,4.574921537714));
#3623 = ( GEOMETRIC_REPRESENTATION_CONTEXT(2) 
PARAMETRIC_REPRESENTATION_CONTEXT() REPRESENTATION_CONTEXT('2D SPACE',''
  ) );
#3624 = PCURVE('',#3625,#3630);
#3625 = CYLINDRICAL_SURFACE('',#3626,4.7625);
#3626 = AXIS2_PLACEMENT_3D('',#3627,#3628,#3629);
#3627 = CARTESIAN_POINT('',(40.955010410788,128.44857745899,0.));
#3628 = DIRECTION('',(0.999375504107,-3.533555987764E-02,0.));
#3629 = DIRECTION('',(3.923035216417E-18,1.109529694905E-16,1.));
#3630 = DEFINITIONAL_REPRESENTATION('',(#3631),#3641);
#3631 = B_SPLINE_CURVE_WITH_KNOTS('',8,(#3632,#3633,#3634,#3635,#3636,
    #3637,#3638,#3639,#3640),.UNSPECIFIED.,.F.,.F.,(9,9),(1.570796326795
    ,4.712388980385),.PIECEWISE_BEZIER_KNOTS.);
#3632 = CARTESIAN_POINT('',(3.14159265359,-2.415845301584E-13));
#3633 = CARTESIAN_POINT('',(3.534291735289,0.125040163504));
#3634 = CARTESIAN_POINT('',(3.926990816989,0.250081324017));
#3635 = CARTESIAN_POINT('',(4.319689898683,0.345728526735));
#3636 = CARTESIAN_POINT('',(4.712388980393,0.382667273062));
#3637 = CARTESIAN_POINT('',(5.105088062079,0.345728526735));
#3638 = CARTESIAN_POINT('',(5.497787143784,0.250081324017));
#3639 = CARTESIAN_POINT('',(5.890486225481,0.125040163504));
#3640 = CARTESIAN_POINT('',(6.28318530718,-2.415845301584E-13));
#3641 = ( GEOMETRIC_REPRESENTATION_CONTEXT(2) 
PARAMETRIC_REPRESENTATION_CONTEXT() REPRESENTATION_CONTEXT('2D SPACE',''
  ) );
#3642 = ORIENTED_EDGE('',*,*,#3643,.F.);
#3643 = EDGE_CURVE('',#3644,#3603,#3646,.T.);
#3644 = VERTEX_POINT('',#3645);
#3645 = CARTESIAN_POINT('',(40.468511492251,123.70030289268,
    5.832380380939E-16));
#3646 = SURFACE_CURVE('',#3647,(#3652,#3664),.PCURVE_S1.);
#3647 = ELLIPSE('',#3648,4.773132363001,4.7625);
#3648 = AXIS2_PLACEMENT_3D('',#3649,#3650,#3651);
#3649 = CARTESIAN_POINT('',(40.955010410787,128.44857745899,0.));
#3650 = DIRECTION('',(0.994792141762,-0.101924455795,0.));
#3651 = DIRECTION('',(-0.101924455795,-0.994792141762,0.));
#3652 = PCURVE('',#3353,#3653);
#3653 = DEFINITIONAL_REPRESENTATION('',(#3654),#3663);
#3654 = B_SPLINE_CURVE_WITH_KNOTS('',7,(#3655,#3656,#3657,#3658,#3659,
    #3660,#3661,#3662),.UNSPECIFIED.,.F.,.F.,(8,8),(0.,1.570796326795),
  .PIECEWISE_BEZIER_KNOTS.);
#3655 = CARTESIAN_POINT('',(1.570796326795,4.893333699421));
#3656 = CARTESIAN_POINT('',(1.795195802051,4.893333699421));
#3657 = CARTESIAN_POINT('',(2.019595277307,4.874627407579));
#3658 = CARTESIAN_POINT('',(2.243994752566,4.837217537543));
#3659 = CARTESIAN_POINT('',(2.468394227819,4.783400889882));
#3660 = CARTESIAN_POINT('',(2.692793703077,4.717824291583));
#3661 = CARTESIAN_POINT('',(2.917193178333,4.646373059717));
#3662 = CARTESIAN_POINT('',(3.14159265359,4.574921537714));
#3663 = ( GEOMETRIC_REPRESENTATION_CONTEXT(2) 
PARAMETRIC_REPRESENTATION_CONTEXT() REPRESENTATION_CONTEXT('2D SPACE',''
  ) );
#3664 = PCURVE('',#3625,#3665);
#3665 = DEFINITIONAL_REPRESENTATION('',(#3666),#3675);
#3666 = B_SPLINE_CURVE_WITH_KNOTS('',7,(#3667,#3668,#3669,#3670,#3671,
    #3672,#3673,#3674),.UNSPECIFIED.,.F.,.F.,(8,8),(0.,1.570796326795),
  .PIECEWISE_BEZIER_KNOTS.);
#3667 = CARTESIAN_POINT('',(1.570796326795,-0.318412161707));
#3668 = CARTESIAN_POINT('',(1.795195802051,-0.318412161707));
#3669 = CARTESIAN_POINT('',(2.019595277308,-0.299705869864));
#3670 = CARTESIAN_POINT('',(2.243994752564,-0.262295999831));
#3671 = CARTESIAN_POINT('',(2.468394227821,-0.208479352166));
#3672 = CARTESIAN_POINT('',(2.692793703077,-0.142902753869));
#3673 = CARTESIAN_POINT('',(2.917193178333,-7.145152200251E-02));
#3674 = CARTESIAN_POINT('',(3.14159265359,-2.415845301584E-13));
#3675 = ( GEOMETRIC_REPRESENTATION_CONTEXT(2) 
PARAMETRIC_REPRESENTATION_CONTEXT() REPRESENTATION_CONTEXT('2D SPACE',''
  ) );
#3676 = ORIENTED_EDGE('',*,*,#3677,.F.);
#3677 = EDGE_CURVE('',#3581,#3644,#3678,.T.);
#3678 = SURFACE_CURVE('',#3679,(#3684,#3696),.PCURVE_S1.);
#3679 = ELLIPSE('',#3680,4.773132363001,4.7625);
#3680 = AXIS2_PLACEMENT_3D('',#3681,#3682,#3683);
#3681 = CARTESIAN_POINT('',(40.955010410787,128.44857745899,0.));
#3682 = DIRECTION('',(0.994792141762,-0.101924455795,0.));
#3683 = DIRECTION('',(-0.101924455795,-0.994792141762,0.));
#3684 = PCURVE('',#3353,#3685);
#3685 = DEFINITIONAL_REPRESENTATION('',(#3686),#3695);
#3686 = B_SPLINE_CURVE_WITH_KNOTS('',7,(#3687,#3688,#3689,#3690,#3691,
    #3692,#3693,#3694),.UNSPECIFIED.,.F.,.F.,(8,8),(4.712388980385,
    6.28318530718),.PIECEWISE_BEZIER_KNOTS.);
#3687 = CARTESIAN_POINT('',(0.,4.574921537714));
#3688 = CARTESIAN_POINT('',(0.224399475256,4.646373059717));
#3689 = CARTESIAN_POINT('',(0.448798950513,4.717824291584));
#3690 = CARTESIAN_POINT('',(0.673198425769,4.783400889878));
#3691 = CARTESIAN_POINT('',(0.897597901026,4.837217537546));
#3692 = CARTESIAN_POINT('',(1.121997376282,4.874627407578));
#3693 = CARTESIAN_POINT('',(1.346396851538,4.893333699421));
#3694 = CARTESIAN_POINT('',(1.570796326795,4.893333699421));
#3695 = ( GEOMETRIC_REPRESENTATION_CONTEXT(2) 
PARAMETRIC_REPRESENTATION_CONTEXT() REPRESENTATION_CONTEXT('2D SPACE',''
  ) );
#3696 = PCURVE('',#3625,#3697);
#3697 = DEFINITIONAL_REPRESENTATION('',(#3698),#3707);
#3698 = B_SPLINE_CURVE_WITH_KNOTS('',7,(#3699,#3700,#3701,#3702,#3703,
    #3704,#3705,#3706),.UNSPECIFIED.,.F.,.F.,(8,8),(4.712388980385,
    6.28318530718),.PIECEWISE_BEZIER_KNOTS.);
#3699 = CARTESIAN_POINT('',(0.,-2.415845301584E-13));
#3700 = CARTESIAN_POINT('',(0.224399475256,-7.145152200251E-02));
#3701 = CARTESIAN_POINT('',(0.448798950513,-0.14290275387));
#3702 = CARTESIAN_POINT('',(0.673198425769,-0.208479352166));
#3703 = CARTESIAN_POINT('',(0.897597901026,-0.262295999831));
#3704 = CARTESIAN_POINT('',(1.121997376282,-0.299705869864));
#3705 = CARTESIAN_POINT('',(1.346396851538,-0.318412161707));
#3706 = CARTESIAN_POINT('',(1.570796326795,-0.318412161707));
#3707 = ( GEOMETRIC_REPRESENTATION_CONTEXT(2) 
PARAMETRIC_REPRESENTATION_CONTEXT() REPRESENTATION_CONTEXT('2D SPACE',''
  ) );
#3708 = ORIENTED_EDGE('',*,*,#3580,.F.);
#3709 = ORIENTED_EDGE('',*,*,#3405,.T.);
#3710 = ORIENTED_EDGE('',*,*,#3371,.T.);
#3711 = ORIENTED_EDGE('',*,*,#3330,.T.);
#3712 = ADVANCED_FACE('',(#3713),#3489,.T.);
#3713 = FACE_BOUND('',#3714,.T.);
#3714 = EDGE_LOOP('',(#3715,#3737,#3778,#3812,#3844,#3845,#3846,#3847));
#3715 = ORIENTED_EDGE('',*,*,#3716,.T.);
#3716 = EDGE_CURVE('',#3445,#3717,#3719,.T.);
#3717 = VERTEX_POINT('',#3718);
#3718 = CARTESIAN_POINT('',(45.527074928789,44.466920045059,4.7625));
#3719 = SEAM_CURVE('',#3720,(#3724,#3730),.PCURVE_S1.);
#3720 = LINE('',#3721,#3722);
#3721 = CARTESIAN_POINT('',(40.955010410788,44.62857745899,4.7625));
#3722 = VECTOR('',#3723,1.);
#3723 = DIRECTION('',(0.999375504107,-3.533555987762E-02,0.));
#3724 = PCURVE('',#3489,#3725);
#3725 = DEFINITIONAL_REPRESENTATION('',(#3726),#3729);
#3726 = B_SPLINE_CURVE_WITH_KNOTS('',1,(#3727,#3728),.UNSPECIFIED.,.F.,
  .F.,(2,2),(-1.760704523206,6.335626060921),.PIECEWISE_BEZIER_KNOTS.);
#3727 = CARTESIAN_POINT('',(6.28318530718,-1.760704523206));
#3728 = CARTESIAN_POINT('',(6.28318530718,6.335626060921));
#3729 = ( GEOMETRIC_REPRESENTATION_CONTEXT(2) 
PARAMETRIC_REPRESENTATION_CONTEXT() REPRESENTATION_CONTEXT('2D SPACE',''
  ) );
#3730 = PCURVE('',#3489,#3731);
#3731 = DEFINITIONAL_REPRESENTATION('',(#3732),#3736);
#3732 = LINE('',#3733,#3734);
#3733 = CARTESIAN_POINT('',(0.,0.));
#3734 = VECTOR('',#3735,1.);
#3735 = DIRECTION('',(0.,1.));
#3736 = ( GEOMETRIC_REPRESENTATION_CONTEXT(2) 
PARAMETRIC_REPRESENTATION_CONTEXT() REPRESENTATION_CONTEXT('2D SPACE',''
  ) );
#3737 = ORIENTED_EDGE('',*,*,#3738,.F.);
#3738 = EDGE_CURVE('',#3739,#3717,#3741,.T.);
#3739 = VERTEX_POINT('',#3740);
#3740 = CARTESIAN_POINT('',(45.527074928789,44.466920045059,-4.7625));
#3741 = SURFACE_CURVE('',#3742,(#3747,#3760),.PCURVE_S1.);
#3742 = ELLIPSE('',#3743,4.773132363001,4.7625);
#3743 = AXIS2_PLACEMENT_3D('',#3744,#3745,#3746);
#3744 = CARTESIAN_POINT('',(45.527074928789,44.466920045059,0.));
#3745 = DIRECTION('',(0.999506560366,3.141075907813E-02,0.));
#3746 = DIRECTION('',(3.141075907813E-02,-0.999506560366,0.));
#3747 = PCURVE('',#3489,#3748);
#3748 = DEFINITIONAL_REPRESENTATION('',(#3749),#3759);
#3749 = B_SPLINE_CURVE_WITH_KNOTS('',8,(#3750,#3751,#3752,#3753,#3754,
    #3755,#3756,#3757,#3758),.UNSPECIFIED.,.F.,.F.,(9,9),(1.570796326795
    ,4.712388980385),.PIECEWISE_BEZIER_KNOTS.);
#3750 = CARTESIAN_POINT('',(3.14159265359,4.574921537715));
#3751 = CARTESIAN_POINT('',(3.534291735289,4.449881374211));
#3752 = CARTESIAN_POINT('',(3.926990816987,4.324840213701));
#3753 = CARTESIAN_POINT('',(4.31968989869,4.229193010956));
#3754 = CARTESIAN_POINT('',(4.712388980384,4.192254264668));
#3755 = CARTESIAN_POINT('',(5.105088062088,4.229193010955));
#3756 = CARTESIAN_POINT('',(5.497787143782,4.3248402137));
#3757 = CARTESIAN_POINT('',(5.890486225481,4.449881374211));
#3758 = CARTESIAN_POINT('',(6.28318530718,4.574921537715));
#3759 = ( GEOMETRIC_REPRESENTATION_CONTEXT(2) 
PARAMETRIC_REPRESENTATION_CONTEXT() REPRESENTATION_CONTEXT('2D SPACE',''
  ) );
#3760 = PCURVE('',#3761,#3766);
#3761 = CYLINDRICAL_SURFACE('',#3762,4.7625);
#3762 = AXIS2_PLACEMENT_3D('',#3763,#3764,#3765);
#3763 = CARTESIAN_POINT('',(45.527074928789,44.466920045059,0.));
#3764 = DIRECTION('',(0.995184726672,9.801714032956E-02,0.));
#3765 = DIRECTION('',(-1.088208860018E-17,1.104876997307E-16,1.));
#3766 = DEFINITIONAL_REPRESENTATION('',(#3767),#3777);
#3767 = B_SPLINE_CURVE_WITH_KNOTS('',8,(#3768,#3769,#3770,#3771,#3772,
    #3773,#3774,#3775,#3776),.UNSPECIFIED.,.F.,.F.,(9,9),(1.570796326795
    ,4.712388980385),.PIECEWISE_BEZIER_KNOTS.);
#3768 = CARTESIAN_POINT('',(3.14159265359,-9.947598300641E-14));
#3769 = CARTESIAN_POINT('',(3.534291735289,0.125040163504));
#3770 = CARTESIAN_POINT('',(3.926990816987,0.250081324018));
#3771 = CARTESIAN_POINT('',(4.319689898689,0.345728526733));
#3772 = CARTESIAN_POINT('',(4.712388980385,0.382667273064));
#3773 = CARTESIAN_POINT('',(5.105088062086,0.345728526733));
#3774 = CARTESIAN_POINT('',(5.497787143783,0.250081324017));
#3775 = CARTESIAN_POINT('',(5.890486225481,0.125040163504));
#3776 = CARTESIAN_POINT('',(6.28318530718,-9.947598300641E-14));
#3777 = ( GEOMETRIC_REPRESENTATION_CONTEXT(2) 
PARAMETRIC_REPRESENTATION_CONTEXT() REPRESENTATION_CONTEXT('2D SPACE',''
  ) );
#3778 = ORIENTED_EDGE('',*,*,#3779,.F.);
#3779 = EDGE_CURVE('',#3780,#3739,#3782,.T.);
#3780 = VERTEX_POINT('',#3781);
#3781 = CARTESIAN_POINT('',(45.677002639491,39.696142934746,
    5.832380380939E-16));
#3782 = SURFACE_CURVE('',#3783,(#3788,#3800),.PCURVE_S1.);
#3783 = ELLIPSE('',#3784,4.773132363001,4.7625);
#3784 = AXIS2_PLACEMENT_3D('',#3785,#3786,#3787);
#3785 = CARTESIAN_POINT('',(45.527074928789,44.466920045059,0.));
#3786 = DIRECTION('',(0.999506560366,3.141075907813E-02,0.));
#3787 = DIRECTION('',(3.141075907813E-02,-0.999506560366,0.));
#3788 = PCURVE('',#3489,#3789);
#3789 = DEFINITIONAL_REPRESENTATION('',(#3790),#3799);
#3790 = B_SPLINE_CURVE_WITH_KNOTS('',7,(#3791,#3792,#3793,#3794,#3795,
    #3796,#3797,#3798),.UNSPECIFIED.,.F.,.F.,(8,8),(0.,1.570796326795),
  .PIECEWISE_BEZIER_KNOTS.);
#3791 = CARTESIAN_POINT('',(1.570796326795,4.893333699421));
#3792 = CARTESIAN_POINT('',(1.795195802051,4.893333699421));
#3793 = CARTESIAN_POINT('',(2.019595277307,4.874627407579));
#3794 = CARTESIAN_POINT('',(2.243994752565,4.837217537545));
#3795 = CARTESIAN_POINT('',(2.46839422782,4.783400889881));
#3796 = CARTESIAN_POINT('',(2.692793703077,4.717824291584));
#3797 = CARTESIAN_POINT('',(2.917193178333,4.646373059717));
#3798 = CARTESIAN_POINT('',(3.14159265359,4.574921537715));
#3799 = ( GEOMETRIC_REPRESENTATION_CONTEXT(2) 
PARAMETRIC_REPRESENTATION_CONTEXT() REPRESENTATION_CONTEXT('2D SPACE',''
  ) );
#3800 = PCURVE('',#3761,#3801);
#3801 = DEFINITIONAL_REPRESENTATION('',(#3802),#3811);
#3802 = B_SPLINE_CURVE_WITH_KNOTS('',7,(#3803,#3804,#3805,#3806,#3807,
    #3808,#3809,#3810),.UNSPECIFIED.,.F.,.F.,(8,8),(0.,1.570796326795),
  .PIECEWISE_BEZIER_KNOTS.);
#3803 = CARTESIAN_POINT('',(1.570796326795,-0.318412161707));
#3804 = CARTESIAN_POINT('',(1.795195802051,-0.318412161707));
#3805 = CARTESIAN_POINT('',(2.019595277308,-0.299705869864));
#3806 = CARTESIAN_POINT('',(2.243994752565,-0.262295999831));
#3807 = CARTESIAN_POINT('',(2.46839422782,-0.208479352166));
#3808 = CARTESIAN_POINT('',(2.692793703077,-0.142902753869));
#3809 = CARTESIAN_POINT('',(2.917193178333,-7.145152200237E-02));
#3810 = CARTESIAN_POINT('',(3.14159265359,-9.947598300641E-14));
#3811 = ( GEOMETRIC_REPRESENTATION_CONTEXT(2) 
PARAMETRIC_REPRESENTATION_CONTEXT() REPRESENTATION_CONTEXT('2D SPACE',''
  ) );
#3812 = ORIENTED_EDGE('',*,*,#3813,.F.);
#3813 = EDGE_CURVE('',#3717,#3780,#3814,.T.);
#3814 = SURFACE_CURVE('',#3815,(#3820,#3832),.PCURVE_S1.);
#3815 = ELLIPSE('',#3816,4.773132363001,4.7625);
#3816 = AXIS2_PLACEMENT_3D('',#3817,#3818,#3819);
#3817 = CARTESIAN_POINT('',(45.527074928789,44.466920045059,0.));
#3818 = DIRECTION('',(0.999506560366,3.141075907813E-02,0.));
#3819 = DIRECTION('',(3.141075907813E-02,-0.999506560366,0.));
#3820 = PCURVE('',#3489,#3821);
#3821 = DEFINITIONAL_REPRESENTATION('',(#3822),#3831);
#3822 = B_SPLINE_CURVE_WITH_KNOTS('',7,(#3823,#3824,#3825,#3826,#3827,
    #3828,#3829,#3830),.UNSPECIFIED.,.F.,.F.,(8,8),(4.712388980385,
    6.28318530718),.PIECEWISE_BEZIER_KNOTS.);
#3823 = CARTESIAN_POINT('',(0.,4.574921537715));
#3824 = CARTESIAN_POINT('',(0.224399475256,4.646373059717));
#3825 = CARTESIAN_POINT('',(0.448798950513,4.717824291583));
#3826 = CARTESIAN_POINT('',(0.673198425769,4.783400889884));
#3827 = CARTESIAN_POINT('',(0.897597901026,4.837217537542));
#3828 = CARTESIAN_POINT('',(1.121997376282,4.874627407579));
#3829 = CARTESIAN_POINT('',(1.346396851538,4.893333699421));
#3830 = CARTESIAN_POINT('',(1.570796326795,4.893333699421));
#3831 = ( GEOMETRIC_REPRESENTATION_CONTEXT(2) 
PARAMETRIC_REPRESENTATION_CONTEXT() REPRESENTATION_CONTEXT('2D SPACE',''
  ) );
#3832 = PCURVE('',#3761,#3833);
#3833 = DEFINITIONAL_REPRESENTATION('',(#3834),#3843);
#3834 = B_SPLINE_CURVE_WITH_KNOTS('',7,(#3835,#3836,#3837,#3838,#3839,
    #3840,#3841,#3842),.UNSPECIFIED.,.F.,.F.,(8,8),(4.712388980385,
    6.28318530718),.PIECEWISE_BEZIER_KNOTS.);
#3835 = CARTESIAN_POINT('',(0.,-9.947598300641E-14));
#3836 = CARTESIAN_POINT('',(0.224399475256,-7.145152200237E-02));
#3837 = CARTESIAN_POINT('',(0.448798950513,-0.142902753869));
#3838 = CARTESIAN_POINT('',(0.673198425769,-0.208479352166));
#3839 = CARTESIAN_POINT('',(0.897597901026,-0.262295999831));
#3840 = CARTESIAN_POINT('',(1.121997376282,-0.299705869864));
#3841 = CARTESIAN_POINT('',(1.346396851538,-0.318412161707));
#3842 = CARTESIAN_POINT('',(1.570796326795,-0.318412161707));
#3843 = ( GEOMETRIC_REPRESENTATION_CONTEXT(2) 
PARAMETRIC_REPRESENTATION_CONTEXT() REPRESENTATION_CONTEXT('2D SPACE',''
  ) );
#3844 = ORIENTED_EDGE('',*,*,#3716,.F.);
#3845 = ORIENTED_EDGE('',*,*,#3541,.T.);
#3846 = ORIENTED_EDGE('',*,*,#3507,.T.);
#3847 = ORIENTED_EDGE('',*,*,#3466,.T.);
#3848 = ADVANCED_FACE('',(#3849),#3625,.T.);
#3849 = FACE_BOUND('',#3850,.T.);
#3850 = EDGE_LOOP('',(#3851,#3873,#3914,#3948,#3980,#3981,#3982,#3983));
#3851 = ORIENTED_EDGE('',*,*,#3852,.T.);
#3852 = EDGE_CURVE('',#3581,#3853,#3855,.T.);
#3853 = VERTEX_POINT('',#3854);
#3854 = CARTESIAN_POINT('',(45.527074928789,128.28692004505,4.7625));
#3855 = SEAM_CURVE('',#3856,(#3860,#3866),.PCURVE_S1.);
#3856 = LINE('',#3857,#3858);
#3857 = CARTESIAN_POINT('',(40.955010410788,128.44857745899,4.7625));
#3858 = VECTOR('',#3859,1.);
#3859 = DIRECTION('',(0.999375504107,-3.533555987764E-02,0.));
#3860 = PCURVE('',#3625,#3861);
#3861 = DEFINITIONAL_REPRESENTATION('',(#3862),#3865);
#3862 = B_SPLINE_CURVE_WITH_KNOTS('',1,(#3863,#3864),.UNSPECIFIED.,.F.,
  .F.,(2,2),(-1.760704523206,6.335626060921),.PIECEWISE_BEZIER_KNOTS.);
#3863 = CARTESIAN_POINT('',(6.28318530718,-1.760704523206));
#3864 = CARTESIAN_POINT('',(6.28318530718,6.335626060921));
#3865 = ( GEOMETRIC_REPRESENTATION_CONTEXT(2) 
PARAMETRIC_REPRESENTATION_CONTEXT() REPRESENTATION_CONTEXT('2D SPACE',''
  ) );
#3866 = PCURVE('',#3625,#3867);
#3867 = DEFINITIONAL_REPRESENTATION('',(#3868),#3872);
#3868 = LINE('',#3869,#3870);
#3869 = CARTESIAN_POINT('',(0.,0.));
#3870 = VECTOR('',#3871,1.);
#3871 = DIRECTION('',(0.,1.));
#3872 = ( GEOMETRIC_REPRESENTATION_CONTEXT(2) 
PARAMETRIC_REPRESENTATION_CONTEXT() REPRESENTATION_CONTEXT('2D SPACE',''
  ) );
#3873 = ORIENTED_EDGE('',*,*,#3874,.F.);
#3874 = EDGE_CURVE('',#3875,#3853,#3877,.T.);
#3875 = VERTEX_POINT('',#3876);
#3876 = CARTESIAN_POINT('',(45.527074928789,128.28692004505,-4.7625));
#3877 = SURFACE_CURVE('',#3878,(#3883,#3896),.PCURVE_S1.);
#3878 = ELLIPSE('',#3879,4.773132363001,4.7625);
#3879 = AXIS2_PLACEMENT_3D('',#3880,#3881,#3882);
#3880 = CARTESIAN_POINT('',(45.527074928789,128.28692004505,0.));
#3881 = DIRECTION('',(0.999506560366,3.141075907813E-02,0.));
#3882 = DIRECTION('',(3.141075907813E-02,-0.999506560366,0.));
#3883 = PCURVE('',#3625,#3884);
#3884 = DEFINITIONAL_REPRESENTATION('',(#3885),#3895);
#3885 = B_SPLINE_CURVE_WITH_KNOTS('',8,(#3886,#3887,#3888,#3889,#3890,
    #3891,#3892,#3893,#3894),.UNSPECIFIED.,.F.,.F.,(9,9),(1.570796326795
    ,4.712388980385),.PIECEWISE_BEZIER_KNOTS.);
#3886 = CARTESIAN_POINT('',(3.14159265359,4.574921537714));
#3887 = CARTESIAN_POINT('',(3.534291735289,4.44988137421));
#3888 = CARTESIAN_POINT('',(3.926990816988,4.324840213693));
#3889 = CARTESIAN_POINT('',(4.319689898676,4.229193010984));
#3890 = CARTESIAN_POINT('',(4.712388980385,4.192254264636));
#3891 = CARTESIAN_POINT('',(5.105088062069,4.229193010982));
#3892 = CARTESIAN_POINT('',(5.497787143783,4.324840213692));
#3893 = CARTESIAN_POINT('',(5.890486225481,4.44988137421));
#3894 = CARTESIAN_POINT('',(6.28318530718,4.574921537714));
#3895 = ( GEOMETRIC_REPRESENTATION_CONTEXT(2) 
PARAMETRIC_REPRESENTATION_CONTEXT() REPRESENTATION_CONTEXT('2D SPACE',''
  ) );
#3896 = PCURVE('',#3897,#3902);
#3897 = CYLINDRICAL_SURFACE('',#3898,4.7625);
#3898 = AXIS2_PLACEMENT_3D('',#3899,#3900,#3901);
#3899 = CARTESIAN_POINT('',(45.527074928789,128.28692004505,0.));
#3900 = DIRECTION('',(0.995184726672,9.801714032957E-02,0.));
#3901 = DIRECTION('',(-1.088208860018E-17,1.104876997307E-16,1.));
#3902 = DEFINITIONAL_REPRESENTATION('',(#3903),#3913);
#3903 = B_SPLINE_CURVE_WITH_KNOTS('',8,(#3904,#3905,#3906,#3907,#3908,
    #3909,#3910,#3911,#3912),.UNSPECIFIED.,.F.,.F.,(9,9),(1.570796326795
    ,4.712388980385),.PIECEWISE_BEZIER_KNOTS.);
#3904 = CARTESIAN_POINT('',(3.14159265359,-4.263256414561E-13));
#3905 = CARTESIAN_POINT('',(3.534291735289,0.125040163504));
#3906 = CARTESIAN_POINT('',(3.926990816988,0.250081324017));
#3907 = CARTESIAN_POINT('',(4.319689898673,0.345728526734));
#3908 = CARTESIAN_POINT('',(4.712388980389,0.382667273062));
#3909 = CARTESIAN_POINT('',(5.105088062066,0.345728526734));
#3910 = CARTESIAN_POINT('',(5.497787143784,0.250081324017));
#3911 = CARTESIAN_POINT('',(5.890486225481,0.125040163504));
#3912 = CARTESIAN_POINT('',(6.28318530718,-4.263256414561E-13));
#3913 = ( GEOMETRIC_REPRESENTATION_CONTEXT(2) 
PARAMETRIC_REPRESENTATION_CONTEXT() REPRESENTATION_CONTEXT('2D SPACE',''
  ) );
#3914 = ORIENTED_EDGE('',*,*,#3915,.F.);
#3915 = EDGE_CURVE('',#3916,#3875,#3918,.T.);
#3916 = VERTEX_POINT('',#3917);
#3917 = CARTESIAN_POINT('',(45.677002639491,123.51614293474,
    5.832380380939E-16));
#3918 = SURFACE_CURVE('',#3919,(#3924,#3936),.PCURVE_S1.);
#3919 = ELLIPSE('',#3920,4.773132363001,4.7625);
#3920 = AXIS2_PLACEMENT_3D('',#3921,#3922,#3923);
#3921 = CARTESIAN_POINT('',(45.527074928789,128.28692004505,0.));
#3922 = DIRECTION('',(0.999506560366,3.141075907813E-02,0.));
#3923 = DIRECTION('',(3.141075907813E-02,-0.999506560366,0.));
#3924 = PCURVE('',#3625,#3925);
#3925 = DEFINITIONAL_REPRESENTATION('',(#3926),#3935);
#3926 = B_SPLINE_CURVE_WITH_KNOTS('',7,(#3927,#3928,#3929,#3930,#3931,
    #3932,#3933,#3934),.UNSPECIFIED.,.F.,.F.,(8,8),(0.,1.570796326795),
  .PIECEWISE_BEZIER_KNOTS.);
#3927 = CARTESIAN_POINT('',(1.570796326795,4.893333699421));
#3928 = CARTESIAN_POINT('',(1.795195802051,4.893333699421));
#3929 = CARTESIAN_POINT('',(2.019595277308,4.874627407577));
#3930 = CARTESIAN_POINT('',(2.243994752564,4.837217537548));
#3931 = CARTESIAN_POINT('',(2.468394227821,4.783400889877));
#3932 = CARTESIAN_POINT('',(2.692793703077,4.717824291584));
#3933 = CARTESIAN_POINT('',(2.917193178333,4.646373059716));
#3934 = CARTESIAN_POINT('',(3.14159265359,4.574921537714));
#3935 = ( GEOMETRIC_REPRESENTATION_CONTEXT(2) 
PARAMETRIC_REPRESENTATION_CONTEXT() REPRESENTATION_CONTEXT('2D SPACE',''
  ) );
#3936 = PCURVE('',#3897,#3937);
#3937 = DEFINITIONAL_REPRESENTATION('',(#3938),#3947);
#3938 = B_SPLINE_CURVE_WITH_KNOTS('',7,(#3939,#3940,#3941,#3942,#3943,
    #3944,#3945,#3946),.UNSPECIFIED.,.F.,.F.,(8,8),(0.,1.570796326795),
  .PIECEWISE_BEZIER_KNOTS.);
#3939 = CARTESIAN_POINT('',(1.570796326795,-0.318412161707));
#3940 = CARTESIAN_POINT('',(1.795195802051,-0.318412161707));
#3941 = CARTESIAN_POINT('',(2.019595277307,-0.299705869864));
#3942 = CARTESIAN_POINT('',(2.243994752565,-0.262295999831));
#3943 = CARTESIAN_POINT('',(2.46839422782,-0.208479352166));
#3944 = CARTESIAN_POINT('',(2.692793703077,-0.14290275387));
#3945 = CARTESIAN_POINT('',(2.917193178333,-7.145152200271E-02));
#3946 = CARTESIAN_POINT('',(3.14159265359,-4.263256414561E-13));
#3947 = ( GEOMETRIC_REPRESENTATION_CONTEXT(2) 
PARAMETRIC_REPRESENTATION_CONTEXT() REPRESENTATION_CONTEXT('2D SPACE',''
  ) );
#3948 = ORIENTED_EDGE('',*,*,#3949,.F.);
#3949 = EDGE_CURVE('',#3853,#3916,#3950,.T.);
#3950 = SURFACE_CURVE('',#3951,(#3956,#3968),.PCURVE_S1.);
#3951 = ELLIPSE('',#3952,4.773132363001,4.7625);
#3952 = AXIS2_PLACEMENT_3D('',#3953,#3954,#3955);
#3953 = CARTESIAN_POINT('',(45.527074928789,128.28692004505,0.));
#3954 = DIRECTION('',(0.999506560366,3.141075907813E-02,0.));
#3955 = DIRECTION('',(3.141075907813E-02,-0.999506560366,0.));
#3956 = PCURVE('',#3625,#3957);
#3957 = DEFINITIONAL_REPRESENTATION('',(#3958),#3967);
#3958 = B_SPLINE_CURVE_WITH_KNOTS('',7,(#3959,#3960,#3961,#3962,#3963,
    #3964,#3965,#3966),.UNSPECIFIED.,.F.,.F.,(8,8),(4.712388980385,
    6.28318530718),.PIECEWISE_BEZIER_KNOTS.);
#3959 = CARTESIAN_POINT('',(-6.217248937901E-15,4.574921537714));
#3960 = CARTESIAN_POINT('',(0.224399475256,4.646373059716));
#3961 = CARTESIAN_POINT('',(0.448798950513,4.717824291584));
#3962 = CARTESIAN_POINT('',(0.673198425769,4.783400889879));
#3963 = CARTESIAN_POINT('',(0.897597901026,4.837217537546));
#3964 = CARTESIAN_POINT('',(1.121997376282,4.874627407578));
#3965 = CARTESIAN_POINT('',(1.346396851538,4.893333699421));
#3966 = CARTESIAN_POINT('',(1.570796326795,4.893333699421));
#3967 = ( GEOMETRIC_REPRESENTATION_CONTEXT(2) 
PARAMETRIC_REPRESENTATION_CONTEXT() REPRESENTATION_CONTEXT('2D SPACE',''
  ) );
#3968 = PCURVE('',#3897,#3969);
#3969 = DEFINITIONAL_REPRESENTATION('',(#3970),#3979);
#3970 = B_SPLINE_CURVE_WITH_KNOTS('',7,(#3971,#3972,#3973,#3974,#3975,
    #3976,#3977,#3978),.UNSPECIFIED.,.F.,.F.,(8,8),(4.712388980385,
    6.28318530718),.PIECEWISE_BEZIER_KNOTS.);
#3971 = CARTESIAN_POINT('',(-2.6645352591E-15,-4.263256414561E-13));
#3972 = CARTESIAN_POINT('',(0.224399475256,-7.145152200271E-02));
#3973 = CARTESIAN_POINT('',(0.448798950513,-0.14290275387));
#3974 = CARTESIAN_POINT('',(0.673198425769,-0.208479352166));
#3975 = CARTESIAN_POINT('',(0.897597901026,-0.262295999831));
#3976 = CARTESIAN_POINT('',(1.121997376282,-0.299705869864));
#3977 = CARTESIAN_POINT('',(1.346396851538,-0.318412161707));
#3978 = CARTESIAN_POINT('',(1.570796326795,-0.318412161707));
#3979 = ( GEOMETRIC_REPRESENTATION_CONTEXT(2) 
PARAMETRIC_REPRESENTATION_CONTEXT() REPRESENTATION_CONTEXT('2D SPACE',''
  ) );
#3980 = ORIENTED_EDGE('',*,*,#3852,.F.);
#3981 = ORIENTED_EDGE('',*,*,#3677,.T.);
#3982 = ORIENTED_EDGE('',*,*,#3643,.T.);
#3983 = ORIENTED_EDGE('',*,*,#3602,.T.);
#3984 = ADVANCED_FACE('',(#3985),#3761,.T.);
#3985 = FACE_BOUND('',#3986,.T.);
#3986 = EDGE_LOOP('',(#3987,#4009,#4050,#4084,#4116,#4117,#4118,#4119));
#3987 = ORIENTED_EDGE('',*,*,#3988,.T.);
#3988 = EDGE_CURVE('',#3717,#3989,#3991,.T.);
#3989 = VERTEX_POINT('',#3990);
#3990 = CARTESIAN_POINT('',(50.079966968846,44.915340771418,4.7625));
#3991 = SEAM_CURVE('',#3992,(#3996,#4002),.PCURVE_S1.);
#3992 = LINE('',#3993,#3994);
#3993 = CARTESIAN_POINT('',(45.527074928789,44.466920045059,4.7625));
#3994 = VECTOR('',#3995,1.);
#3995 = DIRECTION('',(0.995184726672,9.801714032956E-02,0.));
#3996 = PCURVE('',#3761,#3997);
#3997 = DEFINITIONAL_REPRESENTATION('',(#3998),#4001);
#3998 = B_SPLINE_CURVE_WITH_KNOTS('',1,(#3999,#4000),.UNSPECIFIED.,.F.,
  .F.,(2,2),(-1.760704523206,6.335626060921),.PIECEWISE_BEZIER_KNOTS.);
#3999 = CARTESIAN_POINT('',(6.28318530718,-1.760704523206));
#4000 = CARTESIAN_POINT('',(6.28318530718,6.335626060921));
#4001 = ( GEOMETRIC_REPRESENTATION_CONTEXT(2) 
PARAMETRIC_REPRESENTATION_CONTEXT() REPRESENTATION_CONTEXT('2D SPACE',''
  ) );
#4002 = PCURVE('',#3761,#4003);
#4003 = DEFINITIONAL_REPRESENTATION('',(#4004),#4008);
#4004 = LINE('',#4005,#4006);
#4005 = CARTESIAN_POINT('',(0.,0.));
#4006 = VECTOR('',#4007,1.);
#4007 = DIRECTION('',(0.,1.));
#4008 = ( GEOMETRIC_REPRESENTATION_CONTEXT(2) 
PARAMETRIC_REPRESENTATION_CONTEXT() REPRESENTATION_CONTEXT('2D SPACE',''
  ) );
#4009 = ORIENTED_EDGE('',*,*,#4010,.F.);
#4010 = EDGE_CURVE('',#4011,#3989,#4013,.T.);
#4011 = VERTEX_POINT('',#4012);
#4012 = CARTESIAN_POINT('',(50.079966968846,44.915340771418,-4.7625));
#4013 = SURFACE_CURVE('',#4014,(#4019,#4032),.PCURVE_S1.);
#4014 = ELLIPSE('',#4015,4.773132363001,4.7625);
#4015 = AXIS2_PLACEMENT_3D('',#4016,#4017,#4018);
#4016 = CARTESIAN_POINT('',(50.079966968846,44.915340771418,0.));
#4017 = DIRECTION('',(0.986429257176,0.164186846569,0.));
#4018 = DIRECTION('',(0.164186846569,-0.986429257176,0.));
#4019 = PCURVE('',#3761,#4020);
#4020 = DEFINITIONAL_REPRESENTATION('',(#4021),#4031);
#4021 = B_SPLINE_CURVE_WITH_KNOTS('',8,(#4022,#4023,#4024,#4025,#4026,
    #4027,#4028,#4029,#4030),.UNSPECIFIED.,.F.,.F.,(9,9),(1.570796326795
    ,4.712388946132),.PIECEWISE_BEZIER_KNOTS.);
#4022 = CARTESIAN_POINT('',(3.14159265359,4.574921537715));
#4023 = CARTESIAN_POINT('',(3.534291731007,4.449881375574));
#4024 = CARTESIAN_POINT('',(3.926990808424,4.324840216422));
#4025 = CARTESIAN_POINT('',(4.319689885832,4.229193014103));
#4026 = CARTESIAN_POINT('',(4.71238896325,4.192254266246));
#4027 = CARTESIAN_POINT('',(5.105088040668,4.229193008966));
#4028 = CARTESIAN_POINT('',(5.497787118093,4.324840207438));
#4029 = CARTESIAN_POINT('',(5.89048619551,4.449881364667));
#4030 = CARTESIAN_POINT('',(6.283185272927,4.574921526808));
#4031 = ( GEOMETRIC_REPRESENTATION_CONTEXT(2) 
PARAMETRIC_REPRESENTATION_CONTEXT() REPRESENTATION_CONTEXT('2D SPACE',''
  ) );
#4032 = PCURVE('',#4033,#4038);
#4033 = CYLINDRICAL_SURFACE('',#4034,4.7625);
#4034 = AXIS2_PLACEMENT_3D('',#4035,#4036,#4037);
#4035 = CARTESIAN_POINT('',(50.079966968846,44.915340771418,0.));
#4036 = DIRECTION('',(0.973279158268,0.229625085914,0.));
#4037 = DIRECTION('',(-2.549350574132E-17,1.080556930897E-16,1.));
#4038 = DEFINITIONAL_REPRESENTATION('',(#4039),#4049);
#4039 = B_SPLINE_CURVE_WITH_KNOTS('',8,(#4040,#4041,#4042,#4043,#4044,
    #4045,#4046,#4047,#4048),.UNSPECIFIED.,.F.,.F.,(9,9),(1.570796326795
    ,4.712388946132),.PIECEWISE_BEZIER_KNOTS.);
#4040 = CARTESIAN_POINT('',(3.14159265359,-3.552713678801E-14));
#4041 = CARTESIAN_POINT('',(3.534291731007,0.125040162141));
#4042 = CARTESIAN_POINT('',(3.926990808418,0.250081321291));
#4043 = CARTESIAN_POINT('',(4.319689885854,0.345728523606));
#4044 = CARTESIAN_POINT('',(4.712388963226,0.382667271452));
#4045 = CARTESIAN_POINT('',(5.10508804069,0.345728528747));
#4046 = CARTESIAN_POINT('',(5.497787118088,0.250081330275));
#4047 = CARTESIAN_POINT('',(5.89048619551,0.125040173047));
#4048 = CARTESIAN_POINT('',(6.283185272927,1.090641887913E-08));
#4049 = ( GEOMETRIC_REPRESENTATION_CONTEXT(2) 
PARAMETRIC_REPRESENTATION_CONTEXT() REPRESENTATION_CONTEXT('2D SPACE',''
  ) );
#4050 = ORIENTED_EDGE('',*,*,#4051,.F.);
#4051 = EDGE_CURVE('',#4052,#4011,#4054,.T.);
#4052 = VERTEX_POINT('',#4053);
#4053 = CARTESIAN_POINT('',(50.863652519783,40.206983360178,
    5.832380380939E-16));
#4054 = SURFACE_CURVE('',#4055,(#4060,#4072),.PCURVE_S1.);
#4055 = ELLIPSE('',#4056,4.773132363001,4.7625);
#4056 = AXIS2_PLACEMENT_3D('',#4057,#4058,#4059);
#4057 = CARTESIAN_POINT('',(50.079966968846,44.915340771418,0.));
#4058 = DIRECTION('',(0.986429257176,0.164186846569,0.));
#4059 = DIRECTION('',(0.164186846569,-0.986429257176,0.));
#4060 = PCURVE('',#3761,#4061);
#4061 = DEFINITIONAL_REPRESENTATION('',(#4062),#4071);
#4062 = B_SPLINE_CURVE_WITH_KNOTS('',7,(#4063,#4064,#4065,#4066,#4067,
    #4068,#4069,#4070),.UNSPECIFIED.,.F.,.F.,(8,8),(0.,1.570796326795),
  .PIECEWISE_BEZIER_KNOTS.);
#4063 = CARTESIAN_POINT('',(1.570796326795,4.893333699421));
#4064 = CARTESIAN_POINT('',(1.795195802051,4.893333699421));
#4065 = CARTESIAN_POINT('',(2.019595277308,4.874627407579));
#4066 = CARTESIAN_POINT('',(2.243994752564,4.837217537544));
#4067 = CARTESIAN_POINT('',(2.468394227821,4.783400889882));
#4068 = CARTESIAN_POINT('',(2.692793703077,4.717824291584));
#4069 = CARTESIAN_POINT('',(2.917193178333,4.646373059717));
#4070 = CARTESIAN_POINT('',(3.14159265359,4.574921537715));
#4071 = ( GEOMETRIC_REPRESENTATION_CONTEXT(2) 
PARAMETRIC_REPRESENTATION_CONTEXT() REPRESENTATION_CONTEXT('2D SPACE',''
  ) );
#4072 = PCURVE('',#4033,#4073);
#4073 = DEFINITIONAL_REPRESENTATION('',(#4074),#4083);
#4074 = B_SPLINE_CURVE_WITH_KNOTS('',7,(#4075,#4076,#4077,#4078,#4079,
    #4080,#4081,#4082),.UNSPECIFIED.,.F.,.F.,(8,8),(0.,1.570796326795),
  .PIECEWISE_BEZIER_KNOTS.);
#4075 = CARTESIAN_POINT('',(1.570796326795,-0.318412161707));
#4076 = CARTESIAN_POINT('',(1.795195802051,-0.318412161707));
#4077 = CARTESIAN_POINT('',(2.019595277308,-0.299705869864));
#4078 = CARTESIAN_POINT('',(2.243994752564,-0.262295999831));
#4079 = CARTESIAN_POINT('',(2.468394227821,-0.208479352165));
#4080 = CARTESIAN_POINT('',(2.692793703077,-0.142902753869));
#4081 = CARTESIAN_POINT('',(2.917193178333,-7.145152200231E-02));
#4082 = CARTESIAN_POINT('',(3.14159265359,-3.552713678801E-14));
#4083 = ( GEOMETRIC_REPRESENTATION_CONTEXT(2) 
PARAMETRIC_REPRESENTATION_CONTEXT() REPRESENTATION_CONTEXT('2D SPACE',''
  ) );
#4084 = ORIENTED_EDGE('',*,*,#4085,.F.);
#4085 = EDGE_CURVE('',#3989,#4052,#4086,.T.);
#4086 = SURFACE_CURVE('',#4087,(#4092,#4104),.PCURVE_S1.);
#4087 = ELLIPSE('',#4088,4.773132363001,4.7625);
#4088 = AXIS2_PLACEMENT_3D('',#4089,#4090,#4091);
#4089 = CARTESIAN_POINT('',(50.079966968846,44.915340771418,0.));
#4090 = DIRECTION('',(0.986429257176,0.164186846569,0.));
#4091 = DIRECTION('',(0.164186846569,-0.986429257176,0.));
#4092 = PCURVE('',#3761,#4093);
#4093 = DEFINITIONAL_REPRESENTATION('',(#4094),#4103);
#4094 = B_SPLINE_CURVE_WITH_KNOTS('',7,(#4095,#4096,#4097,#4098,#4099,
    #4100,#4101,#4102),.UNSPECIFIED.,.F.,.F.,(8,8),(4.712388946132,
    6.28318530718),.PIECEWISE_BEZIER_KNOTS.);
#4095 = CARTESIAN_POINT('',(-3.425262562473E-08,4.574921526808));
#4096 = CARTESIAN_POINT('',(0.224399445897,4.646373050368));
#4097 = CARTESIAN_POINT('',(0.448798926047,4.717824284434));
#4098 = CARTESIAN_POINT('',(0.673198406196,4.783400885187));
#4099 = CARTESIAN_POINT('',(0.897597886346,4.837217535097));
#4100 = CARTESIAN_POINT('',(1.121997366496,4.874627406763));
#4101 = CARTESIAN_POINT('',(1.346396846645,4.893333699421));
#4102 = CARTESIAN_POINT('',(1.570796326795,4.893333699421));
#4103 = ( GEOMETRIC_REPRESENTATION_CONTEXT(2) 
PARAMETRIC_REPRESENTATION_CONTEXT() REPRESENTATION_CONTEXT('2D SPACE',''
  ) );
#4104 = PCURVE('',#4033,#4105);
#4105 = DEFINITIONAL_REPRESENTATION('',(#4106),#4115);
#4106 = B_SPLINE_CURVE_WITH_KNOTS('',7,(#4107,#4108,#4109,#4110,#4111,
    #4112,#4113,#4114),.UNSPECIFIED.,.F.,.F.,(8,8),(4.712388946132,
    6.28318530718),.PIECEWISE_BEZIER_KNOTS.);
#4107 = CARTESIAN_POINT('',(-3.425262828927E-08,1.090641887913E-08));
#4108 = CARTESIAN_POINT('',(0.224399445897,-7.145151265392E-02));
#4109 = CARTESIAN_POINT('',(0.448798926047,-0.14290274672));
#4110 = CARTESIAN_POINT('',(0.673198406196,-0.208479347471));
#4111 = CARTESIAN_POINT('',(0.897597886346,-0.262295997384));
#4112 = CARTESIAN_POINT('',(1.121997366496,-0.299705869048));
#4113 = CARTESIAN_POINT('',(1.346396846645,-0.318412161707));
#4114 = CARTESIAN_POINT('',(1.570796326795,-0.318412161707));
#4115 = ( GEOMETRIC_REPRESENTATION_CONTEXT(2) 
PARAMETRIC_REPRESENTATION_CONTEXT() REPRESENTATION_CONTEXT('2D SPACE',''
  ) );
#4116 = ORIENTED_EDGE('',*,*,#3988,.F.);
#4117 = ORIENTED_EDGE('',*,*,#3813,.T.);
#4118 = ORIENTED_EDGE('',*,*,#3779,.T.);
#4119 = ORIENTED_EDGE('',*,*,#3738,.T.);
#4120 = ADVANCED_FACE('',(#4121),#3897,.T.);
#4121 = FACE_BOUND('',#4122,.T.);
#4122 = EDGE_LOOP('',(#4123,#4145,#4186,#4220,#4252,#4253,#4254,#4255));
#4123 = ORIENTED_EDGE('',*,*,#4124,.T.);
#4124 = EDGE_CURVE('',#3853,#4125,#4127,.T.);
#4125 = VERTEX_POINT('',#4126);
#4126 = CARTESIAN_POINT('',(50.079966968847,128.73534077141,4.7625));
#4127 = SEAM_CURVE('',#4128,(#4132,#4138),.PCURVE_S1.);
#4128 = LINE('',#4129,#4130);
#4129 = CARTESIAN_POINT('',(45.527074928789,128.28692004505,4.7625));
#4130 = VECTOR('',#4131,1.);
#4131 = DIRECTION('',(0.995184726672,9.801714032957E-02,0.));
#4132 = PCURVE('',#3897,#4133);
#4133 = DEFINITIONAL_REPRESENTATION('',(#4134),#4137);
#4134 = B_SPLINE_CURVE_WITH_KNOTS('',1,(#4135,#4136),.UNSPECIFIED.,.F.,
  .F.,(2,2),(-1.760704523206,6.335626060921),.PIECEWISE_BEZIER_KNOTS.);
#4135 = CARTESIAN_POINT('',(6.28318530718,-1.760704523206));
#4136 = CARTESIAN_POINT('',(6.28318530718,6.335626060921));
#4137 = ( GEOMETRIC_REPRESENTATION_CONTEXT(2) 
PARAMETRIC_REPRESENTATION_CONTEXT() REPRESENTATION_CONTEXT('2D SPACE',''
  ) );
#4138 = PCURVE('',#3897,#4139);
#4139 = DEFINITIONAL_REPRESENTATION('',(#4140),#4144);
#4140 = LINE('',#4141,#4142);
#4141 = CARTESIAN_POINT('',(0.,0.));
#4142 = VECTOR('',#4143,1.);
#4143 = DIRECTION('',(0.,1.));
#4144 = ( GEOMETRIC_REPRESENTATION_CONTEXT(2) 
PARAMETRIC_REPRESENTATION_CONTEXT() REPRESENTATION_CONTEXT('2D SPACE',''
  ) );
#4145 = ORIENTED_EDGE('',*,*,#4146,.F.);
#4146 = EDGE_CURVE('',#4147,#4125,#4149,.T.);
#4147 = VERTEX_POINT('',#4148);
#4148 = CARTESIAN_POINT('',(50.079966968847,128.73534077141,-4.7625));
#4149 = SURFACE_CURVE('',#4150,(#4155,#4168),.PCURVE_S1.);
#4150 = ELLIPSE('',#4151,4.773132363001,4.7625);
#4151 = AXIS2_PLACEMENT_3D('',#4152,#4153,#4154);
#4152 = CARTESIAN_POINT('',(50.079966968847,128.73534077141,0.));
#4153 = DIRECTION('',(0.986429257176,0.164186846569,0.));
#4154 = DIRECTION('',(0.164186846569,-0.986429257176,0.));
#4155 = PCURVE('',#3897,#4156);
#4156 = DEFINITIONAL_REPRESENTATION('',(#4157),#4167);
#4157 = B_SPLINE_CURVE_WITH_KNOTS('',8,(#4158,#4159,#4160,#4161,#4162,
    #4163,#4164,#4165,#4166),.UNSPECIFIED.,.F.,.F.,(9,9),(1.570796326795
    ,4.712388980385),.PIECEWISE_BEZIER_KNOTS.);
#4158 = CARTESIAN_POINT('',(3.14159265359,4.574921537715));
#4159 = CARTESIAN_POINT('',(3.534291735289,4.449881374211));
#4160 = CARTESIAN_POINT('',(3.926990816987,4.32484021369));
#4161 = CARTESIAN_POINT('',(4.319689898688,4.229193010994));
#4162 = CARTESIAN_POINT('',(4.712388980385,4.192254264614));
#4163 = CARTESIAN_POINT('',(5.105088062087,4.229193010997));
#4164 = CARTESIAN_POINT('',(5.497787143783,4.324840213691));
#4165 = CARTESIAN_POINT('',(5.890486225481,4.449881374211));
#4166 = CARTESIAN_POINT('',(6.28318530718,4.574921537715));
#4167 = ( GEOMETRIC_REPRESENTATION_CONTEXT(2) 
PARAMETRIC_REPRESENTATION_CONTEXT() REPRESENTATION_CONTEXT('2D SPACE',''
  ) );
#4168 = PCURVE('',#4169,#4174);
#4169 = CYLINDRICAL_SURFACE('',#4170,4.7625);
#4170 = AXIS2_PLACEMENT_3D('',#4171,#4172,#4173);
#4171 = CARTESIAN_POINT('',(50.079966968846,128.73534077141,0.));
#4172 = DIRECTION('',(0.973279158268,0.229625085914,0.));
#4173 = DIRECTION('',(-2.549350574132E-17,1.080556930897E-16,1.));
#4174 = DEFINITIONAL_REPRESENTATION('',(#4175),#4185);
#4175 = B_SPLINE_CURVE_WITH_KNOTS('',8,(#4176,#4177,#4178,#4179,#4180,
    #4181,#4182,#4183,#4184),.UNSPECIFIED.,.F.,.F.,(9,9),(1.570796326795
    ,4.712388980385),.PIECEWISE_BEZIER_KNOTS.);
#4176 = CARTESIAN_POINT('',(3.14159265359,2.700062395888E-13));
#4177 = CARTESIAN_POINT('',(3.534291735289,0.125040163504));
#4178 = CARTESIAN_POINT('',(3.926990816989,0.250081324017));
#4179 = CARTESIAN_POINT('',(4.319689898683,0.345728526735));
#4180 = CARTESIAN_POINT('',(4.712388980393,0.382667273062));
#4181 = CARTESIAN_POINT('',(5.105088062081,0.345728526735));
#4182 = CARTESIAN_POINT('',(5.497787143784,0.250081324017));
#4183 = CARTESIAN_POINT('',(5.890486225481,0.125040163504));
#4184 = CARTESIAN_POINT('',(6.28318530718,2.700062395888E-13));
#4185 = ( GEOMETRIC_REPRESENTATION_CONTEXT(2) 
PARAMETRIC_REPRESENTATION_CONTEXT() REPRESENTATION_CONTEXT('2D SPACE',''
  ) );
#4186 = ORIENTED_EDGE('',*,*,#4187,.F.);
#4187 = EDGE_CURVE('',#4188,#4147,#4190,.T.);
#4188 = VERTEX_POINT('',#4189);
#4189 = CARTESIAN_POINT('',(50.863652519783,124.02698336017,
    5.832380380939E-16));
#4190 = SURFACE_CURVE('',#4191,(#4196,#4208),.PCURVE_S1.);
#4191 = ELLIPSE('',#4192,4.773132363001,4.7625);
#4192 = AXIS2_PLACEMENT_3D('',#4193,#4194,#4195);
#4193 = CARTESIAN_POINT('',(50.079966968847,128.73534077141,0.));
#4194 = DIRECTION('',(0.986429257176,0.164186846569,0.));
#4195 = DIRECTION('',(0.164186846569,-0.986429257176,0.));
#4196 = PCURVE('',#3897,#4197);
#4197 = DEFINITIONAL_REPRESENTATION('',(#4198),#4207);
#4198 = B_SPLINE_CURVE_WITH_KNOTS('',7,(#4199,#4200,#4201,#4202,#4203,
    #4204,#4205,#4206),.UNSPECIFIED.,.F.,.F.,(8,8),(0.,1.570796326795),
  .PIECEWISE_BEZIER_KNOTS.);
#4199 = CARTESIAN_POINT('',(1.570796326795,4.893333699422));
#4200 = CARTESIAN_POINT('',(1.795195802051,4.893333699422));
#4201 = CARTESIAN_POINT('',(2.019595277308,4.874627407579));
#4202 = CARTESIAN_POINT('',(2.243994752565,4.837217537545));
#4203 = CARTESIAN_POINT('',(2.468394227821,4.783400889881));
#4204 = CARTESIAN_POINT('',(2.692793703077,4.717824291584));
#4205 = CARTESIAN_POINT('',(2.917193178333,4.646373059717));
#4206 = CARTESIAN_POINT('',(3.14159265359,4.574921537715));
#4207 = ( GEOMETRIC_REPRESENTATION_CONTEXT(2) 
PARAMETRIC_REPRESENTATION_CONTEXT() REPRESENTATION_CONTEXT('2D SPACE',''
  ) );
#4208 = PCURVE('',#4169,#4209);
#4209 = DEFINITIONAL_REPRESENTATION('',(#4210),#4219);
#4210 = B_SPLINE_CURVE_WITH_KNOTS('',7,(#4211,#4212,#4213,#4214,#4215,
    #4216,#4217,#4218),.UNSPECIFIED.,.F.,.F.,(8,8),(0.,1.570796326795),
  .PIECEWISE_BEZIER_KNOTS.);
#4211 = CARTESIAN_POINT('',(1.570796326795,-0.318412161706));
#4212 = CARTESIAN_POINT('',(1.795195802051,-0.318412161706));
#4213 = CARTESIAN_POINT('',(2.019595277308,-0.299705869863));
#4214 = CARTESIAN_POINT('',(2.243994752564,-0.26229599983));
#4215 = CARTESIAN_POINT('',(2.468394227821,-0.208479352165));
#4216 = CARTESIAN_POINT('',(2.692793703077,-0.142902753869));
#4217 = CARTESIAN_POINT('',(2.917193178333,-7.145152200199E-02));
#4218 = CARTESIAN_POINT('',(3.14159265359,2.700062395888E-13));
#4219 = ( GEOMETRIC_REPRESENTATION_CONTEXT(2) 
PARAMETRIC_REPRESENTATION_CONTEXT() REPRESENTATION_CONTEXT('2D SPACE',''
  ) );
#4220 = ORIENTED_EDGE('',*,*,#4221,.F.);
#4221 = EDGE_CURVE('',#4125,#4188,#4222,.T.);
#4222 = SURFACE_CURVE('',#4223,(#4228,#4240),.PCURVE_S1.);
#4223 = ELLIPSE('',#4224,4.773132363001,4.7625);
#4224 = AXIS2_PLACEMENT_3D('',#4225,#4226,#4227);
#4225 = CARTESIAN_POINT('',(50.079966968847,128.73534077141,0.));
#4226 = DIRECTION('',(0.986429257176,0.164186846569,0.));
#4227 = DIRECTION('',(0.164186846569,-0.986429257176,0.));
#4228 = PCURVE('',#3897,#4229);
#4229 = DEFINITIONAL_REPRESENTATION('',(#4230),#4239);
#4230 = B_SPLINE_CURVE_WITH_KNOTS('',7,(#4231,#4232,#4233,#4234,#4235,
    #4236,#4237,#4238),.UNSPECIFIED.,.F.,.F.,(8,8),(4.712388980385,
    6.28318530718),.PIECEWISE_BEZIER_KNOTS.);
#4231 = CARTESIAN_POINT('',(2.98390650188E-15,4.574921537715));
#4232 = CARTESIAN_POINT('',(0.224399475256,4.646373059717));
#4233 = CARTESIAN_POINT('',(0.448798950513,4.717824291584));
#4234 = CARTESIAN_POINT('',(0.673198425769,4.783400889882));
#4235 = CARTESIAN_POINT('',(0.897597901026,4.837217537544));
#4236 = CARTESIAN_POINT('',(1.121997376282,4.874627407579));
#4237 = CARTESIAN_POINT('',(1.346396851538,4.893333699422));
#4238 = CARTESIAN_POINT('',(1.570796326795,4.893333699422));
#4239 = ( GEOMETRIC_REPRESENTATION_CONTEXT(2) 
PARAMETRIC_REPRESENTATION_CONTEXT() REPRESENTATION_CONTEXT('2D SPACE',''
  ) );
#4240 = PCURVE('',#4169,#4241);
#4241 = DEFINITIONAL_REPRESENTATION('',(#4242),#4251);
#4242 = B_SPLINE_CURVE_WITH_KNOTS('',7,(#4243,#4244,#4245,#4246,#4247,
    #4248,#4249,#4250),.UNSPECIFIED.,.F.,.F.,(8,8),(4.712388980385,
    6.28318530718),.PIECEWISE_BEZIER_KNOTS.);
#4243 = CARTESIAN_POINT('',(0.,2.700062395888E-13));
#4244 = CARTESIAN_POINT('',(0.224399475256,-7.145152200199E-02));
#4245 = CARTESIAN_POINT('',(0.448798950513,-0.142902753869));
#4246 = CARTESIAN_POINT('',(0.673198425769,-0.208479352165));
#4247 = CARTESIAN_POINT('',(0.897597901026,-0.26229599983));
#4248 = CARTESIAN_POINT('',(1.121997376282,-0.299705869863));
#4249 = CARTESIAN_POINT('',(1.346396851538,-0.318412161706));
#4250 = CARTESIAN_POINT('',(1.570796326795,-0.318412161706));
#4251 = ( GEOMETRIC_REPRESENTATION_CONTEXT(2) 
PARAMETRIC_REPRESENTATION_CONTEXT() REPRESENTATION_CONTEXT('2D SPACE',''
  ) );
#4252 = ORIENTED_EDGE('',*,*,#4124,.F.);
#4253 = ORIENTED_EDGE('',*,*,#3949,.T.);
#4254 = ORIENTED_EDGE('',*,*,#3915,.T.);
#4255 = ORIENTED_EDGE('',*,*,#3874,.T.);
#4256 = ADVANCED_FACE('',(#4257),#4033,.T.);
#4257 = FACE_BOUND('',#4258,.T.);
#4258 = EDGE_LOOP('',(#4259,#4281,#4322,#4356,#4388,#4389,#4390,#4391));
#4259 = ORIENTED_EDGE('',*,*,#4260,.T.);
#4260 = EDGE_CURVE('',#3989,#4261,#4263,.T.);
#4261 = VERTEX_POINT('',#4262);
#4262 = CARTESIAN_POINT('',(54.532642752216,45.965857522565,4.7625));
#4263 = SEAM_CURVE('',#4264,(#4268,#4274),.PCURVE_S1.);
#4264 = LINE('',#4265,#4266);
#4265 = CARTESIAN_POINT('',(50.079966968846,44.915340771418,4.7625));
#4266 = VECTOR('',#4267,1.);
#4267 = DIRECTION('',(0.973279158268,0.229625085914,0.));
#4268 = PCURVE('',#4033,#4269);
#4269 = DEFINITIONAL_REPRESENTATION('',(#4270),#4273);
#4270 = B_SPLINE_CURVE_WITH_KNOTS('',1,(#4271,#4272),.UNSPECIFIED.,.F.,
  .F.,(2,2),(-1.760704523206,6.335626060921),.PIECEWISE_BEZIER_KNOTS.);
#4271 = CARTESIAN_POINT('',(6.28318530718,-1.760704523206));
#4272 = CARTESIAN_POINT('',(6.28318530718,6.335626060921));
#4273 = ( GEOMETRIC_REPRESENTATION_CONTEXT(2) 
PARAMETRIC_REPRESENTATION_CONTEXT() REPRESENTATION_CONTEXT('2D SPACE',''
  ) );
#4274 = PCURVE('',#4033,#4275);
#4275 = DEFINITIONAL_REPRESENTATION('',(#4276),#4280);
#4276 = LINE('',#4277,#4278);
#4277 = CARTESIAN_POINT('',(0.,0.));
#4278 = VECTOR('',#4279,1.);
#4279 = DIRECTION('',(0.,1.));
#4280 = ( GEOMETRIC_REPRESENTATION_CONTEXT(2) 
PARAMETRIC_REPRESENTATION_CONTEXT() REPRESENTATION_CONTEXT('2D SPACE',''
  ) );
#4281 = ORIENTED_EDGE('',*,*,#4282,.F.);
#4282 = EDGE_CURVE('',#4283,#4261,#4285,.T.);
#4283 = VERTEX_POINT('',#4284);
#4284 = CARTESIAN_POINT('',(54.532642752216,45.965857522565,-4.7625));
#4285 = SURFACE_CURVE('',#4286,(#4291,#4304),.PCURVE_S1.);
#4286 = ELLIPSE('',#4287,4.773132363001,4.7625);
#4287 = AXIS2_PLACEMENT_3D('',#4288,#4289,#4290);
#4288 = CARTESIAN_POINT('',(54.532642752216,45.965857522565,0.));
#4289 = DIRECTION('',(0.955793014798,0.294040325232,0.));
#4290 = DIRECTION('',(0.294040325232,-0.955793014798,0.));
#4291 = PCURVE('',#4033,#4292);
#4292 = DEFINITIONAL_REPRESENTATION('',(#4293),#4303);
#4293 = B_SPLINE_CURVE_WITH_KNOTS('',8,(#4294,#4295,#4296,#4297,#4298,
    #4299,#4300,#4301,#4302),.UNSPECIFIED.,.F.,.F.,(9,9),(1.570796326795
    ,4.712388909587),.PIECEWISE_BEZIER_KNOTS.);
#4294 = CARTESIAN_POINT('',(3.14159265359,4.574921537715));
#4295 = CARTESIAN_POINT('',(3.534291726439,4.449881377028));
#4296 = CARTESIAN_POINT('',(3.926990799279,4.324840219338));
#4297 = CARTESIAN_POINT('',(4.319689872152,4.229193017419));
#4298 = CARTESIAN_POINT('',(4.712388944938,4.192254268003));
#4299 = CARTESIAN_POINT('',(5.105088017851,4.229193006791));
#4300 = CARTESIAN_POINT('',(5.497787090676,4.324840200768));
#4301 = CARTESIAN_POINT('',(5.890486163533,4.449881354486));
#4302 = CARTESIAN_POINT('',(6.283185236382,4.574921515172));
#4303 = ( GEOMETRIC_REPRESENTATION_CONTEXT(2) 
PARAMETRIC_REPRESENTATION_CONTEXT() REPRESENTATION_CONTEXT('2D SPACE',''
  ) );
#4304 = PCURVE('',#4305,#4310);
#4305 = CYLINDRICAL_SURFACE('',#4306,4.7625);
#4306 = AXIS2_PLACEMENT_3D('',#4307,#4308,#4309);
#4307 = CARTESIAN_POINT('',(54.532642752216,45.965857522565,0.));
#4308 = DIRECTION('',(0.93404872908,0.357145588947,0.));
#4309 = DIRECTION('',(-3.965112559921E-17,1.037002405146E-16,1.));
#4310 = DEFINITIONAL_REPRESENTATION('',(#4311),#4321);
#4311 = B_SPLINE_CURVE_WITH_KNOTS('',8,(#4312,#4313,#4314,#4315,#4316,
    #4317,#4318,#4319,#4320),.UNSPECIFIED.,.F.,.F.,(9,9),(1.570796326795
    ,4.712388909587),.PIECEWISE_BEZIER_KNOTS.);
#4312 = CARTESIAN_POINT('',(3.14159265359,-5.684341886081E-14));
#4313 = CARTESIAN_POINT('',(3.534291726439,0.125040160686));
#4314 = CARTESIAN_POINT('',(3.926990799285,0.250081318382));
#4315 = CARTESIAN_POINT('',(4.31968987213,0.345728520266));
#4316 = CARTESIAN_POINT('',(4.712388944971,0.382667269735));
#4317 = CARTESIAN_POINT('',(5.105088017829,0.345728530894));
#4318 = CARTESIAN_POINT('',(5.497787090682,0.250081336951));
#4319 = CARTESIAN_POINT('',(5.890486163533,0.125040183229));
#4320 = CARTESIAN_POINT('',(6.283185236382,2.254284936498E-08));
#4321 = ( GEOMETRIC_REPRESENTATION_CONTEXT(2) 
PARAMETRIC_REPRESENTATION_CONTEXT() REPRESENTATION_CONTEXT('2D SPACE',''
  ) );
#4322 = ORIENTED_EDGE('',*,*,#4323,.F.);
#4323 = EDGE_CURVE('',#4324,#4283,#4326,.T.);
#4324 = VERTEX_POINT('',#4325);
#4325 = CARTESIAN_POINT('',(55.936136144609,41.403730951301,
    5.832380380939E-16));
#4326 = SURFACE_CURVE('',#4327,(#4332,#4344),.PCURVE_S1.);
#4327 = ELLIPSE('',#4328,4.773132363001,4.7625);
#4328 = AXIS2_PLACEMENT_3D('',#4329,#4330,#4331);
#4329 = CARTESIAN_POINT('',(54.532642752216,45.965857522565,0.));
#4330 = DIRECTION('',(0.955793014798,0.294040325232,0.));
#4331 = DIRECTION('',(0.294040325232,-0.955793014798,0.));
#4332 = PCURVE('',#4033,#4333);
#4333 = DEFINITIONAL_REPRESENTATION('',(#4334),#4343);
#4334 = B_SPLINE_CURVE_WITH_KNOTS('',7,(#4335,#4336,#4337,#4338,#4339,
    #4340,#4341,#4342),.UNSPECIFIED.,.F.,.F.,(8,8),(0.,1.570796326795),
  .PIECEWISE_BEZIER_KNOTS.);
#4335 = CARTESIAN_POINT('',(1.570796326795,4.893333699421));
#4336 = CARTESIAN_POINT('',(1.795195802051,4.893333699421));
#4337 = CARTESIAN_POINT('',(2.019595277308,4.874627407578));
#4338 = CARTESIAN_POINT('',(2.243994752564,4.837217537548));
#4339 = CARTESIAN_POINT('',(2.468394227821,4.783400889878));
#4340 = CARTESIAN_POINT('',(2.692793703077,4.717824291585));
#4341 = CARTESIAN_POINT('',(2.917193178333,4.646373059717));
#4342 = CARTESIAN_POINT('',(3.14159265359,4.574921537715));
#4343 = ( GEOMETRIC_REPRESENTATION_CONTEXT(2) 
PARAMETRIC_REPRESENTATION_CONTEXT() REPRESENTATION_CONTEXT('2D SPACE',''
  ) );
#4344 = PCURVE('',#4305,#4345);
#4345 = DEFINITIONAL_REPRESENTATION('',(#4346),#4355);
#4346 = B_SPLINE_CURVE_WITH_KNOTS('',7,(#4347,#4348,#4349,#4350,#4351,
    #4352,#4353,#4354),.UNSPECIFIED.,.F.,.F.,(8,8),(0.,1.570796326795),
  .PIECEWISE_BEZIER_KNOTS.);
#4347 = CARTESIAN_POINT('',(1.570796326795,-0.318412161707));
#4348 = CARTESIAN_POINT('',(1.795195802051,-0.318412161707));
#4349 = CARTESIAN_POINT('',(2.019595277308,-0.299705869864));
#4350 = CARTESIAN_POINT('',(2.243994752564,-0.262295999831));
#4351 = CARTESIAN_POINT('',(2.468394227821,-0.208479352165));
#4352 = CARTESIAN_POINT('',(2.692793703077,-0.142902753869));
#4353 = CARTESIAN_POINT('',(2.917193178333,-7.145152200233E-02));
#4354 = CARTESIAN_POINT('',(3.14159265359,-5.684341886081E-14));
#4355 = ( GEOMETRIC_REPRESENTATION_CONTEXT(2) 
PARAMETRIC_REPRESENTATION_CONTEXT() REPRESENTATION_CONTEXT('2D SPACE',''
  ) );
#4356 = ORIENTED_EDGE('',*,*,#4357,.F.);
#4357 = EDGE_CURVE('',#4261,#4324,#4358,.T.);
#4358 = SURFACE_CURVE('',#4359,(#4364,#4376),.PCURVE_S1.);
#4359 = ELLIPSE('',#4360,4.773132363001,4.7625);
#4360 = AXIS2_PLACEMENT_3D('',#4361,#4362,#4363);
#4361 = CARTESIAN_POINT('',(54.532642752216,45.965857522565,0.));
#4362 = DIRECTION('',(0.955793014798,0.294040325232,0.));
#4363 = DIRECTION('',(0.294040325232,-0.955793014798,0.));
#4364 = PCURVE('',#4033,#4365);
#4365 = DEFINITIONAL_REPRESENTATION('',(#4366),#4375);
#4366 = B_SPLINE_CURVE_WITH_KNOTS('',7,(#4367,#4368,#4369,#4370,#4371,
    #4372,#4373,#4374),.UNSPECIFIED.,.F.,.F.,(8,8),(4.712388909587,
    6.28318530718),.PIECEWISE_BEZIER_KNOTS.);
#4367 = CARTESIAN_POINT('',(-7.079785735442E-08,4.574921515172));
#4368 = CARTESIAN_POINT('',(0.224399414573,4.646373040394));
#4369 = CARTESIAN_POINT('',(0.448798899943,4.717824276806));
#4370 = CARTESIAN_POINT('',(0.673198385313,4.783400880179));
#4371 = CARTESIAN_POINT('',(0.897597870684,4.837217532486));
#4372 = CARTESIAN_POINT('',(1.121997356054,4.874627405892));
#4373 = CARTESIAN_POINT('',(1.346396841425,4.893333699421));
#4374 = CARTESIAN_POINT('',(1.570796326795,4.893333699421));
#4375 = ( GEOMETRIC_REPRESENTATION_CONTEXT(2) 
PARAMETRIC_REPRESENTATION_CONTEXT() REPRESENTATION_CONTEXT('2D SPACE',''
  ) );
#4376 = PCURVE('',#4305,#4377);
#4377 = DEFINITIONAL_REPRESENTATION('',(#4378),#4387);
#4378 = B_SPLINE_CURVE_WITH_KNOTS('',7,(#4379,#4380,#4381,#4382,#4383,
    #4384,#4385,#4386),.UNSPECIFIED.,.F.,.F.,(8,8),(4.712388909587,
    6.28318530718),.PIECEWISE_BEZIER_KNOTS.);
#4379 = CARTESIAN_POINT('',(-7.079785646624E-08,2.254284936498E-08));
#4380 = CARTESIAN_POINT('',(0.224399414573,-7.145150267984E-02));
#4381 = CARTESIAN_POINT('',(0.448798899943,-0.142902739092));
#4382 = CARTESIAN_POINT('',(0.673198385314,-0.208479342462));
#4383 = CARTESIAN_POINT('',(0.897597870684,-0.262295994773));
#4384 = CARTESIAN_POINT('',(1.121997356054,-0.299705868177));
#4385 = CARTESIAN_POINT('',(1.346396841425,-0.318412161707));
#4386 = CARTESIAN_POINT('',(1.570796326795,-0.318412161707));
#4387 = ( GEOMETRIC_REPRESENTATION_CONTEXT(2) 
PARAMETRIC_REPRESENTATION_CONTEXT() REPRESENTATION_CONTEXT('2D SPACE',''
  ) );
#4388 = ORIENTED_EDGE('',*,*,#4260,.F.);
#4389 = ORIENTED_EDGE('',*,*,#4085,.T.);
#4390 = ORIENTED_EDGE('',*,*,#4051,.T.);
#4391 = ORIENTED_EDGE('',*,*,#4010,.T.);
#4392 = ADVANCED_FACE('',(#4393),#4169,.T.);
#4393 = FACE_BOUND('',#4394,.T.);
#4394 = EDGE_LOOP('',(#4395,#4417,#4458,#4492,#4524,#4525,#4526,#4527));
#4395 = ORIENTED_EDGE('',*,*,#4396,.T.);
#4396 = EDGE_CURVE('',#4125,#4397,#4399,.T.);
#4397 = VERTEX_POINT('',#4398);
#4398 = CARTESIAN_POINT('',(54.532642752216,129.78585752256,4.7625));
#4399 = SEAM_CURVE('',#4400,(#4404,#4410),.PCURVE_S1.);
#4400 = LINE('',#4401,#4402);
#4401 = CARTESIAN_POINT('',(50.079966968846,128.73534077141,4.7625));
#4402 = VECTOR('',#4403,1.);
#4403 = DIRECTION('',(0.973279158268,0.229625085914,0.));
#4404 = PCURVE('',#4169,#4405);
#4405 = DEFINITIONAL_REPRESENTATION('',(#4406),#4409);
#4406 = B_SPLINE_CURVE_WITH_KNOTS('',1,(#4407,#4408),.UNSPECIFIED.,.F.,
  .F.,(2,2),(-1.760704523206,6.335626060921),.PIECEWISE_BEZIER_KNOTS.);
#4407 = CARTESIAN_POINT('',(6.28318530718,-1.760704523206));
#4408 = CARTESIAN_POINT('',(6.28318530718,6.335626060921));
#4409 = ( GEOMETRIC_REPRESENTATION_CONTEXT(2) 
PARAMETRIC_REPRESENTATION_CONTEXT() REPRESENTATION_CONTEXT('2D SPACE',''
  ) );
#4410 = PCURVE('',#4169,#4411);
#4411 = DEFINITIONAL_REPRESENTATION('',(#4412),#4416);
#4412 = LINE('',#4413,#4414);
#4413 = CARTESIAN_POINT('',(0.,0.));
#4414 = VECTOR('',#4415,1.);
#4415 = DIRECTION('',(0.,1.));
#4416 = ( GEOMETRIC_REPRESENTATION_CONTEXT(2) 
PARAMETRIC_REPRESENTATION_CONTEXT() REPRESENTATION_CONTEXT('2D SPACE',''
  ) );
#4417 = ORIENTED_EDGE('',*,*,#4418,.F.);
#4418 = EDGE_CURVE('',#4419,#4397,#4421,.T.);
#4419 = VERTEX_POINT('',#4420);
#4420 = CARTESIAN_POINT('',(54.532642752216,129.78585752256,-4.7625));
#4421 = SURFACE_CURVE('',#4422,(#4427,#4440),.PCURVE_S1.);
#4422 = ELLIPSE('',#4423,4.773132363001,4.7625);
#4423 = AXIS2_PLACEMENT_3D('',#4424,#4425,#4426);
#4424 = CARTESIAN_POINT('',(54.532642752216,129.78585752256,0.));
#4425 = DIRECTION('',(0.955793014798,0.294040325232,0.));
#4426 = DIRECTION('',(0.294040325232,-0.955793014798,0.));
#4427 = PCURVE('',#4169,#4428);
#4428 = DEFINITIONAL_REPRESENTATION('',(#4429),#4439);
#4429 = B_SPLINE_CURVE_WITH_KNOTS('',8,(#4430,#4431,#4432,#4433,#4434,
    #4435,#4436,#4437,#4438),.UNSPECIFIED.,.F.,.F.,(9,9),(1.570796326795
    ,4.712388980385),.PIECEWISE_BEZIER_KNOTS.);
#4430 = CARTESIAN_POINT('',(3.14159265359,4.574921537715));
#4431 = CARTESIAN_POINT('',(3.534291735289,4.449881374211));
#4432 = CARTESIAN_POINT('',(3.926990816987,4.324840213701));
#4433 = CARTESIAN_POINT('',(4.319689898692,4.229193010955));
#4434 = CARTESIAN_POINT('',(4.712388980383,4.192254264671));
#4435 = CARTESIAN_POINT('',(5.105088062089,4.229193010959));
#4436 = CARTESIAN_POINT('',(5.497787143781,4.3248402137));
#4437 = CARTESIAN_POINT('',(5.890486225481,4.449881374211));
#4438 = CARTESIAN_POINT('',(6.28318530718,4.574921537715));
#4439 = ( GEOMETRIC_REPRESENTATION_CONTEXT(2) 
PARAMETRIC_REPRESENTATION_CONTEXT() REPRESENTATION_CONTEXT('2D SPACE',''
  ) );
#4440 = PCURVE('',#4441,#4446);
#4441 = CYLINDRICAL_SURFACE('',#4442,4.7625);
#4442 = AXIS2_PLACEMENT_3D('',#4443,#4444,#4445);
#4443 = CARTESIAN_POINT('',(54.532642752216,129.78585752256,0.));
#4444 = DIRECTION('',(0.93404872908,0.357145588947,0.));
#4445 = DIRECTION('',(-3.965112559921E-17,1.037002405146E-16,1.));
#4446 = DEFINITIONAL_REPRESENTATION('',(#4447),#4457);
#4447 = B_SPLINE_CURVE_WITH_KNOTS('',8,(#4448,#4449,#4450,#4451,#4452,
    #4453,#4454,#4455,#4456),.UNSPECIFIED.,.F.,.F.,(9,9),(1.570796326795
    ,4.712388980385),.PIECEWISE_BEZIER_KNOTS.);
#4448 = CARTESIAN_POINT('',(3.14159265359,-4.263256414561E-14));
#4449 = CARTESIAN_POINT('',(3.534291735289,0.125040163504));
#4450 = CARTESIAN_POINT('',(3.926990816988,0.250081324017));
#4451 = CARTESIAN_POINT('',(4.319689898685,0.345728526735));
#4452 = CARTESIAN_POINT('',(4.712388980393,0.382667273063));
#4453 = CARTESIAN_POINT('',(5.105088062081,0.345728526735));
#4454 = CARTESIAN_POINT('',(5.497787143784,0.250081324017));
#4455 = CARTESIAN_POINT('',(5.890486225481,0.125040163504));
#4456 = CARTESIAN_POINT('',(6.28318530718,-4.263256414561E-14));
#4457 = ( GEOMETRIC_REPRESENTATION_CONTEXT(2) 
PARAMETRIC_REPRESENTATION_CONTEXT() REPRESENTATION_CONTEXT('2D SPACE',''
  ) );
#4458 = ORIENTED_EDGE('',*,*,#4459,.F.);
#4459 = EDGE_CURVE('',#4460,#4419,#4462,.T.);
#4460 = VERTEX_POINT('',#4461);
#4461 = CARTESIAN_POINT('',(55.936136144609,125.2237309513,
    5.832380380939E-16));
#4462 = SURFACE_CURVE('',#4463,(#4468,#4480),.PCURVE_S1.);
#4463 = ELLIPSE('',#4464,4.773132363001,4.7625);
#4464 = AXIS2_PLACEMENT_3D('',#4465,#4466,#4467);
#4465 = CARTESIAN_POINT('',(54.532642752216,129.78585752256,0.));
#4466 = DIRECTION('',(0.955793014798,0.294040325232,0.));
#4467 = DIRECTION('',(0.294040325232,-0.955793014798,0.));
#4468 = PCURVE('',#4169,#4469);
#4469 = DEFINITIONAL_REPRESENTATION('',(#4470),#4479);
#4470 = B_SPLINE_CURVE_WITH_KNOTS('',7,(#4471,#4472,#4473,#4474,#4475,
    #4476,#4477,#4478),.UNSPECIFIED.,.F.,.F.,(8,8),(0.,1.570796326795),
  .PIECEWISE_BEZIER_KNOTS.);
#4471 = CARTESIAN_POINT('',(1.570796326795,4.893333699421));
#4472 = CARTESIAN_POINT('',(1.795195802051,4.893333699421));
#4473 = CARTESIAN_POINT('',(2.019595277308,4.874627407578));
#4474 = CARTESIAN_POINT('',(2.243994752564,4.837217537548));
#4475 = CARTESIAN_POINT('',(2.468394227821,4.783400889878));
#4476 = CARTESIAN_POINT('',(2.692793703077,4.717824291585));
#4477 = CARTESIAN_POINT('',(2.917193178333,4.646373059717));
#4478 = CARTESIAN_POINT('',(3.14159265359,4.574921537715));
#4479 = ( GEOMETRIC_REPRESENTATION_CONTEXT(2) 
PARAMETRIC_REPRESENTATION_CONTEXT() REPRESENTATION_CONTEXT('2D SPACE',''
  ) );
#4480 = PCURVE('',#4441,#4481);
#4481 = DEFINITIONAL_REPRESENTATION('',(#4482),#4491);
#4482 = B_SPLINE_CURVE_WITH_KNOTS('',7,(#4483,#4484,#4485,#4486,#4487,
    #4488,#4489,#4490),.UNSPECIFIED.,.F.,.F.,(8,8),(0.,1.570796326795),
  .PIECEWISE_BEZIER_KNOTS.);
#4483 = CARTESIAN_POINT('',(1.570796326795,-0.318412161707));
#4484 = CARTESIAN_POINT('',(1.795195802051,-0.318412161707));
#4485 = CARTESIAN_POINT('',(2.019595277307,-0.299705869864));
#4486 = CARTESIAN_POINT('',(2.243994752566,-0.262295999831));
#4487 = CARTESIAN_POINT('',(2.468394227819,-0.208479352165));
#4488 = CARTESIAN_POINT('',(2.692793703078,-0.142902753869));
#4489 = CARTESIAN_POINT('',(2.917193178333,-7.145152200232E-02));
#4490 = CARTESIAN_POINT('',(3.14159265359,-4.263256414561E-14));
#4491 = ( GEOMETRIC_REPRESENTATION_CONTEXT(2) 
PARAMETRIC_REPRESENTATION_CONTEXT() REPRESENTATION_CONTEXT('2D SPACE',''
  ) );
#4492 = ORIENTED_EDGE('',*,*,#4493,.F.);
#4493 = EDGE_CURVE('',#4397,#4460,#4494,.T.);
#4494 = SURFACE_CURVE('',#4495,(#4500,#4512),.PCURVE_S1.);
#4495 = ELLIPSE('',#4496,4.773132363001,4.7625);
#4496 = AXIS2_PLACEMENT_3D('',#4497,#4498,#4499);
#4497 = CARTESIAN_POINT('',(54.532642752216,129.78585752256,0.));
#4498 = DIRECTION('',(0.955793014798,0.294040325232,0.));
#4499 = DIRECTION('',(0.294040325232,-0.955793014798,0.));
#4500 = PCURVE('',#4169,#4501);
#4501 = DEFINITIONAL_REPRESENTATION('',(#4502),#4511);
#4502 = B_SPLINE_CURVE_WITH_KNOTS('',7,(#4503,#4504,#4505,#4506,#4507,
    #4508,#4509,#4510),.UNSPECIFIED.,.F.,.F.,(8,8),(4.712388980385,
    6.28318530718),.PIECEWISE_BEZIER_KNOTS.);
#4503 = CARTESIAN_POINT('',(2.98390650188E-15,4.574921537715));
#4504 = CARTESIAN_POINT('',(0.224399475256,4.646373059717));
#4505 = CARTESIAN_POINT('',(0.448798950513,4.717824291585));
#4506 = CARTESIAN_POINT('',(0.673198425769,4.783400889877));
#4507 = CARTESIAN_POINT('',(0.897597901026,4.837217537548));
#4508 = CARTESIAN_POINT('',(1.121997376282,4.874627407577));
#4509 = CARTESIAN_POINT('',(1.346396851538,4.893333699421));
#4510 = CARTESIAN_POINT('',(1.570796326795,4.893333699421));
#4511 = ( GEOMETRIC_REPRESENTATION_CONTEXT(2) 
PARAMETRIC_REPRESENTATION_CONTEXT() REPRESENTATION_CONTEXT('2D SPACE',''
  ) );
#4512 = PCURVE('',#4441,#4513);
#4513 = DEFINITIONAL_REPRESENTATION('',(#4514),#4523);
#4514 = B_SPLINE_CURVE_WITH_KNOTS('',7,(#4515,#4516,#4517,#4518,#4519,
    #4520,#4521,#4522),.UNSPECIFIED.,.F.,.F.,(8,8),(4.712388980385,
    6.28318530718),.PIECEWISE_BEZIER_KNOTS.);
#4515 = CARTESIAN_POINT('',(5.967813003759E-15,-4.263256414561E-14));
#4516 = CARTESIAN_POINT('',(0.224399475256,-7.145152200232E-02));
#4517 = CARTESIAN_POINT('',(0.448798950513,-0.142902753869));
#4518 = CARTESIAN_POINT('',(0.673198425769,-0.208479352165));
#4519 = CARTESIAN_POINT('',(0.897597901026,-0.262295999831));
#4520 = CARTESIAN_POINT('',(1.121997376282,-0.299705869864));
#4521 = CARTESIAN_POINT('',(1.346396851538,-0.318412161707));
#4522 = CARTESIAN_POINT('',(1.570796326795,-0.318412161707));
#4523 = ( GEOMETRIC_REPRESENTATION_CONTEXT(2) 
PARAMETRIC_REPRESENTATION_CONTEXT() REPRESENTATION_CONTEXT('2D SPACE',''
  ) );
#4524 = ORIENTED_EDGE('',*,*,#4396,.F.);
#4525 = ORIENTED_EDGE('',*,*,#4221,.T.);
#4526 = ORIENTED_EDGE('',*,*,#4187,.T.);
#4527 = ORIENTED_EDGE('',*,*,#4146,.T.);
#4528 = ADVANCED_FACE('',(#4529),#4305,.T.);
#4529 = FACE_BOUND('',#4530,.T.);
#4530 = EDGE_LOOP('',(#4531,#4553,#4594,#4628,#4660,#4661,#4662,#4663));
#4531 = ORIENTED_EDGE('',*,*,#4532,.T.);
#4532 = EDGE_CURVE('',#4261,#4533,#4535,.T.);
#4533 = VERTEX_POINT('',#4534);
#4534 = CARTESIAN_POINT('',(58.805842400158,47.599770569538,4.7625));
#4535 = SEAM_CURVE('',#4536,(#4540,#4546),.PCURVE_S1.);
#4536 = LINE('',#4537,#4538);
#4537 = CARTESIAN_POINT('',(54.532642752216,45.965857522565,4.7625));
#4538 = VECTOR('',#4539,1.);
#4539 = DIRECTION('',(0.93404872908,0.357145588947,0.));
#4540 = PCURVE('',#4305,#4541);
#4541 = DEFINITIONAL_REPRESENTATION('',(#4542),#4545);
#4542 = B_SPLINE_CURVE_WITH_KNOTS('',1,(#4543,#4544),.UNSPECIFIED.,.F.,
  .F.,(2,2),(-1.760704523206,6.335626060921),.PIECEWISE_BEZIER_KNOTS.);
#4543 = CARTESIAN_POINT('',(6.28318530718,-1.760704523206));
#4544 = CARTESIAN_POINT('',(6.28318530718,6.335626060921));
#4545 = ( GEOMETRIC_REPRESENTATION_CONTEXT(2) 
PARAMETRIC_REPRESENTATION_CONTEXT() REPRESENTATION_CONTEXT('2D SPACE',''
  ) );
#4546 = PCURVE('',#4305,#4547);
#4547 = DEFINITIONAL_REPRESENTATION('',(#4548),#4552);
#4548 = LINE('',#4549,#4550);
#4549 = CARTESIAN_POINT('',(0.,0.));
#4550 = VECTOR('',#4551,1.);
#4551 = DIRECTION('',(0.,1.));
#4552 = ( GEOMETRIC_REPRESENTATION_CONTEXT(2) 
PARAMETRIC_REPRESENTATION_CONTEXT() REPRESENTATION_CONTEXT('2D SPACE',''
  ) );
#4553 = ORIENTED_EDGE('',*,*,#4554,.F.);
#4554 = EDGE_CURVE('',#4555,#4533,#4557,.T.);
#4555 = VERTEX_POINT('',#4556);
#4556 = CARTESIAN_POINT('',(58.805842400158,47.599770569538,-4.7625));
#4557 = SURFACE_CURVE('',#4558,(#4563,#4576),.PCURVE_S1.);
#4558 = ELLIPSE('',#4559,4.773132363001,4.7625);
#4559 = AXIS2_PLACEMENT_3D('',#4560,#4561,#4562);
#4560 = CARTESIAN_POINT('',(58.805842400158,47.599770569538,0.));
#4561 = DIRECTION('',(0.908143173825,0.418659737537,0.));
#4562 = DIRECTION('',(0.418659737537,-0.908143173825,0.));
#4563 = PCURVE('',#4305,#4564);
#4564 = DEFINITIONAL_REPRESENTATION('',(#4565),#4575);
#4565 = B_SPLINE_CURVE_WITH_KNOTS('',8,(#4566,#4567,#4568,#4569,#4570,
    #4571,#4572,#4573,#4574),.UNSPECIFIED.,.F.,.F.,(9,9),(1.570796326795
    ,4.712388980385),.PIECEWISE_BEZIER_KNOTS.);
#4566 = CARTESIAN_POINT('',(3.14159265359,4.574921537715));
#4567 = CARTESIAN_POINT('',(3.534291735289,4.449881374211));
#4568 = CARTESIAN_POINT('',(3.92699081699,4.324840213694));
#4569 = CARTESIAN_POINT('',(4.319689898657,4.229193010981));
#4570 = CARTESIAN_POINT('',(4.712388980399,4.192254264637));
#4571 = CARTESIAN_POINT('',(5.105088062058,4.229193010982));
#4572 = CARTESIAN_POINT('',(5.497787143784,4.324840213693));
#4573 = CARTESIAN_POINT('',(5.890486225481,4.449881374211));
#4574 = CARTESIAN_POINT('',(6.28318530718,4.574921537715));
#4575 = ( GEOMETRIC_REPRESENTATION_CONTEXT(2) 
PARAMETRIC_REPRESENTATION_CONTEXT() REPRESENTATION_CONTEXT('2D SPACE',''
  ) );
#4576 = PCURVE('',#4577,#4582);
#4577 = CYLINDRICAL_SURFACE('',#4578,4.7625);
#4578 = AXIS2_PLACEMENT_3D('',#4579,#4580,#4581);
#4579 = CARTESIAN_POINT('',(58.805842400158,47.599770569538,0.));
#4580 = DIRECTION('',(0.878191760569,0.478308720042,0.));
#4581 = DIRECTION('',(-5.310293538699E-17,9.7498871262E-17,1.));
#4582 = DEFINITIONAL_REPRESENTATION('',(#4583),#4593);
#4583 = B_SPLINE_CURVE_WITH_KNOTS('',8,(#4584,#4585,#4586,#4587,#4588,
    #4589,#4590,#4591,#4592),.UNSPECIFIED.,.F.,.F.,(9,9),(1.570796326795
    ,4.712388980385),.PIECEWISE_BEZIER_KNOTS.);
#4584 = CARTESIAN_POINT('',(3.14159265359,-7.105427357601E-14));
#4585 = CARTESIAN_POINT('',(3.534291735289,0.125040163504));
#4586 = CARTESIAN_POINT('',(3.92699081699,0.250081324017));
#4587 = CARTESIAN_POINT('',(4.319689898657,0.345728526734));
#4588 = CARTESIAN_POINT('',(4.712388980399,0.382667273063));
#4589 = CARTESIAN_POINT('',(5.105088062058,0.345728526734));
#4590 = CARTESIAN_POINT('',(5.497787143784,0.250081324017));
#4591 = CARTESIAN_POINT('',(5.890486225481,0.125040163504));
#4592 = CARTESIAN_POINT('',(6.28318530718,-7.105427357601E-14));
#4593 = ( GEOMETRIC_REPRESENTATION_CONTEXT(2) 
PARAMETRIC_REPRESENTATION_CONTEXT() REPRESENTATION_CONTEXT('2D SPACE',''
  ) );
#4594 = ORIENTED_EDGE('',*,*,#4595,.F.);
#4595 = EDGE_CURVE('',#4596,#4555,#4598,.T.);
#4596 = VERTEX_POINT('',#4597);
#4597 = CARTESIAN_POINT('',(60.804160742484,43.265082996315,
    5.832380380939E-16));
#4598 = SURFACE_CURVE('',#4599,(#4604,#4616),.PCURVE_S1.);
#4599 = ELLIPSE('',#4600,4.773132363001,4.7625);
#4600 = AXIS2_PLACEMENT_3D('',#4601,#4602,#4603);
#4601 = CARTESIAN_POINT('',(58.805842400158,47.599770569538,0.));
#4602 = DIRECTION('',(0.908143173825,0.418659737537,0.));
#4603 = DIRECTION('',(0.418659737537,-0.908143173825,0.));
#4604 = PCURVE('',#4305,#4605);
#4605 = DEFINITIONAL_REPRESENTATION('',(#4606),#4615);
#4606 = B_SPLINE_CURVE_WITH_KNOTS('',7,(#4607,#4608,#4609,#4610,#4611,
    #4612,#4613,#4614),.UNSPECIFIED.,.F.,.F.,(8,8),(0.,1.570796326795),
  .PIECEWISE_BEZIER_KNOTS.);
#4607 = CARTESIAN_POINT('',(1.570796326795,4.893333699421));
#4608 = CARTESIAN_POINT('',(1.795195802051,4.893333699421));
#4609 = CARTESIAN_POINT('',(2.019595277308,4.874627407578));
#4610 = CARTESIAN_POINT('',(2.243994752564,4.837217537546));
#4611 = CARTESIAN_POINT('',(2.468394227821,4.78340088988));
#4612 = CARTESIAN_POINT('',(2.692793703077,4.717824291584));
#4613 = CARTESIAN_POINT('',(2.917193178333,4.646373059717));
#4614 = CARTESIAN_POINT('',(3.14159265359,4.574921537715));
#4615 = ( GEOMETRIC_REPRESENTATION_CONTEXT(2) 
PARAMETRIC_REPRESENTATION_CONTEXT() REPRESENTATION_CONTEXT('2D SPACE',''
  ) );
#4616 = PCURVE('',#4577,#4617);
#4617 = DEFINITIONAL_REPRESENTATION('',(#4618),#4627);
#4618 = B_SPLINE_CURVE_WITH_KNOTS('',7,(#4619,#4620,#4621,#4622,#4623,
    #4624,#4625,#4626),.UNSPECIFIED.,.F.,.F.,(8,8),(0.,1.570796326795),
  .PIECEWISE_BEZIER_KNOTS.);
#4619 = CARTESIAN_POINT('',(1.570796326795,-0.318412161707));
#4620 = CARTESIAN_POINT('',(1.795195802051,-0.318412161707));
#4621 = CARTESIAN_POINT('',(2.019595277308,-0.299705869864));
#4622 = CARTESIAN_POINT('',(2.243994752565,-0.262295999831));
#4623 = CARTESIAN_POINT('',(2.46839422782,-0.208479352165));
#4624 = CARTESIAN_POINT('',(2.692793703077,-0.142902753869));
#4625 = CARTESIAN_POINT('',(2.917193178333,-7.145152200234E-02));
#4626 = CARTESIAN_POINT('',(3.14159265359,-7.105427357601E-14));
#4627 = ( GEOMETRIC_REPRESENTATION_CONTEXT(2) 
PARAMETRIC_REPRESENTATION_CONTEXT() REPRESENTATION_CONTEXT('2D SPACE',''
  ) );
#4628 = ORIENTED_EDGE('',*,*,#4629,.F.);
#4629 = EDGE_CURVE('',#4533,#4596,#4630,.T.);
#4630 = SURFACE_CURVE('',#4631,(#4636,#4648),.PCURVE_S1.);
#4631 = ELLIPSE('',#4632,4.773132363001,4.7625);
#4632 = AXIS2_PLACEMENT_3D('',#4633,#4634,#4635);
#4633 = CARTESIAN_POINT('',(58.805842400158,47.599770569538,0.));
#4634 = DIRECTION('',(0.908143173825,0.418659737537,0.));
#4635 = DIRECTION('',(0.418659737537,-0.908143173825,0.));
#4636 = PCURVE('',#4305,#4637);
#4637 = DEFINITIONAL_REPRESENTATION('',(#4638),#4647);
#4638 = B_SPLINE_CURVE_WITH_KNOTS('',7,(#4639,#4640,#4641,#4642,#4643,
    #4644,#4645,#4646),.UNSPECIFIED.,.F.,.F.,(8,8),(4.712388980385,
    6.28318530718),.PIECEWISE_BEZIER_KNOTS.);
#4639 = CARTESIAN_POINT('',(-8.881784197001E-16,4.574921537715));
#4640 = CARTESIAN_POINT('',(0.224399475256,4.646373059717));
#4641 = CARTESIAN_POINT('',(0.448798950513,4.717824291584));
#4642 = CARTESIAN_POINT('',(0.673198425769,4.78340088988));
#4643 = CARTESIAN_POINT('',(0.897597901026,4.837217537546));
#4644 = CARTESIAN_POINT('',(1.121997376282,4.874627407578));
#4645 = CARTESIAN_POINT('',(1.346396851538,4.893333699421));
#4646 = CARTESIAN_POINT('',(1.570796326795,4.893333699421));
#4647 = ( GEOMETRIC_REPRESENTATION_CONTEXT(2) 
PARAMETRIC_REPRESENTATION_CONTEXT() REPRESENTATION_CONTEXT('2D SPACE',''
  ) );
#4648 = PCURVE('',#4577,#4649);
#4649 = DEFINITIONAL_REPRESENTATION('',(#4650),#4659);
#4650 = B_SPLINE_CURVE_WITH_KNOTS('',7,(#4651,#4652,#4653,#4654,#4655,
    #4656,#4657,#4658),.UNSPECIFIED.,.F.,.F.,(8,8),(4.712388980385,
    6.28318530718),.PIECEWISE_BEZIER_KNOTS.);
#4651 = CARTESIAN_POINT('',(-8.881784197001E-16,-7.105427357601E-14));
#4652 = CARTESIAN_POINT('',(0.224399475256,-7.145152200234E-02));
#4653 = CARTESIAN_POINT('',(0.448798950513,-0.142902753869));
#4654 = CARTESIAN_POINT('',(0.67319842577,-0.208479352165));
#4655 = CARTESIAN_POINT('',(0.897597901025,-0.262295999831));
#4656 = CARTESIAN_POINT('',(1.121997376282,-0.299705869864));
#4657 = CARTESIAN_POINT('',(1.346396851538,-0.318412161707));
#4658 = CARTESIAN_POINT('',(1.570796326795,-0.318412161707));
#4659 = ( GEOMETRIC_REPRESENTATION_CONTEXT(2) 
PARAMETRIC_REPRESENTATION_CONTEXT() REPRESENTATION_CONTEXT('2D SPACE',''
  ) );
#4660 = ORIENTED_EDGE('',*,*,#4532,.F.);
#4661 = ORIENTED_EDGE('',*,*,#4357,.T.);
#4662 = ORIENTED_EDGE('',*,*,#4323,.T.);
#4663 = ORIENTED_EDGE('',*,*,#4282,.T.);
#4664 = ADVANCED_FACE('',(#4665),#4441,.T.);
#4665 = FACE_BOUND('',#4666,.T.);
#4666 = EDGE_LOOP('',(#4667,#4689,#4730,#4764,#4796,#4797,#4798,#4799));
#4667 = ORIENTED_EDGE('',*,*,#4668,.T.);
#4668 = EDGE_CURVE('',#4397,#4669,#4671,.T.);
#4669 = VERTEX_POINT('',#4670);
#4670 = CARTESIAN_POINT('',(58.805842400158,131.41977056953,4.7625));
#4671 = SEAM_CURVE('',#4672,(#4676,#4682),.PCURVE_S1.);
#4672 = LINE('',#4673,#4674);
#4673 = CARTESIAN_POINT('',(54.532642752216,129.78585752256,4.7625));
#4674 = VECTOR('',#4675,1.);
#4675 = DIRECTION('',(0.93404872908,0.357145588947,0.));
#4676 = PCURVE('',#4441,#4677);
#4677 = DEFINITIONAL_REPRESENTATION('',(#4678),#4681);
#4678 = B_SPLINE_CURVE_WITH_KNOTS('',1,(#4679,#4680),.UNSPECIFIED.,.F.,
  .F.,(2,2),(-1.760704523206,6.335626060921),.PIECEWISE_BEZIER_KNOTS.);
#4679 = CARTESIAN_POINT('',(6.28318530718,-1.760704523206));
#4680 = CARTESIAN_POINT('',(6.28318530718,6.335626060921));
#4681 = ( GEOMETRIC_REPRESENTATION_CONTEXT(2) 
PARAMETRIC_REPRESENTATION_CONTEXT() REPRESENTATION_CONTEXT('2D SPACE',''
  ) );
#4682 = PCURVE('',#4441,#4683);
#4683 = DEFINITIONAL_REPRESENTATION('',(#4684),#4688);
#4684 = LINE('',#4685,#4686);
#4685 = CARTESIAN_POINT('',(0.,0.));
#4686 = VECTOR('',#4687,1.);
#4687 = DIRECTION('',(0.,1.));
#4688 = ( GEOMETRIC_REPRESENTATION_CONTEXT(2) 
PARAMETRIC_REPRESENTATION_CONTEXT() REPRESENTATION_CONTEXT('2D SPACE',''
  ) );
#4689 = ORIENTED_EDGE('',*,*,#4690,.F.);
#4690 = EDGE_CURVE('',#4691,#4669,#4693,.T.);
#4691 = VERTEX_POINT('',#4692);
#4692 = CARTESIAN_POINT('',(58.805842400158,131.41977056953,-4.7625));
#4693 = SURFACE_CURVE('',#4694,(#4699,#4712),.PCURVE_S1.);
#4694 = ELLIPSE('',#4695,4.773132363001,4.7625);
#4695 = AXIS2_PLACEMENT_3D('',#4696,#4697,#4698);
#4696 = CARTESIAN_POINT('',(58.805842400158,131.41977056953,0.));
#4697 = DIRECTION('',(0.908143173825,0.418659737537,0.));
#4698 = DIRECTION('',(0.418659737537,-0.908143173825,0.));
#4699 = PCURVE('',#4441,#4700);
#4700 = DEFINITIONAL_REPRESENTATION('',(#4701),#4711);
#4701 = B_SPLINE_CURVE_WITH_KNOTS('',8,(#4702,#4703,#4704,#4705,#4706,
    #4707,#4708,#4709,#4710),.UNSPECIFIED.,.F.,.F.,(9,9),(1.570796326795
    ,4.712388980385),.PIECEWISE_BEZIER_KNOTS.);
#4702 = CARTESIAN_POINT('',(3.14159265359,4.574921537715));
#4703 = CARTESIAN_POINT('',(3.534291735289,4.449881374211));
#4704 = CARTESIAN_POINT('',(3.926990816987,4.324840213696));
#4705 = CARTESIAN_POINT('',(4.319689898691,4.229193010974));
#4706 = CARTESIAN_POINT('',(4.712388980385,4.192254264647));
#4707 = CARTESIAN_POINT('',(5.105088062085,4.229193010975));
#4708 = CARTESIAN_POINT('',(5.497787143782,4.324840213695));
#4709 = CARTESIAN_POINT('',(5.890486225481,4.449881374211));
#4710 = CARTESIAN_POINT('',(6.28318530718,4.574921537715));
#4711 = ( GEOMETRIC_REPRESENTATION_CONTEXT(2) 
PARAMETRIC_REPRESENTATION_CONTEXT() REPRESENTATION_CONTEXT('2D SPACE',''
  ) );
#4712 = PCURVE('',#4713,#4718);
#4713 = CYLINDRICAL_SURFACE('',#4714,4.7625);
#4714 = AXIS2_PLACEMENT_3D('',#4715,#4716,#4717);
#4715 = CARTESIAN_POINT('',(58.805842400158,131.41977056953,0.));
#4716 = DIRECTION('',(0.878191760569,0.478308720042,0.));
#4717 = DIRECTION('',(-5.310293538699E-17,9.7498871262E-17,1.));
#4718 = DEFINITIONAL_REPRESENTATION('',(#4719),#4729);
#4719 = B_SPLINE_CURVE_WITH_KNOTS('',8,(#4720,#4721,#4722,#4723,#4724,
    #4725,#4726,#4727,#4728),.UNSPECIFIED.,.F.,.F.,(9,9),(1.570796326795
    ,4.712388980385),.PIECEWISE_BEZIER_KNOTS.);
#4720 = CARTESIAN_POINT('',(3.14159265359,5.684341886081E-14));
#4721 = CARTESIAN_POINT('',(3.534291735289,0.125040163504));
#4722 = CARTESIAN_POINT('',(3.926990816986,0.250081324017));
#4723 = CARTESIAN_POINT('',(4.319689898696,0.345728526735));
#4724 = CARTESIAN_POINT('',(4.712388980374,0.382667273063));
#4725 = CARTESIAN_POINT('',(5.105088062092,0.345728526735));
#4726 = CARTESIAN_POINT('',(5.497787143781,0.250081324017));
#4727 = CARTESIAN_POINT('',(5.890486225481,0.125040163504));
#4728 = CARTESIAN_POINT('',(6.28318530718,5.684341886081E-14));
#4729 = ( GEOMETRIC_REPRESENTATION_CONTEXT(2) 
PARAMETRIC_REPRESENTATION_CONTEXT() REPRESENTATION_CONTEXT('2D SPACE',''
  ) );
#4730 = ORIENTED_EDGE('',*,*,#4731,.F.);
#4731 = EDGE_CURVE('',#4732,#4691,#4734,.T.);
#4732 = VERTEX_POINT('',#4733);
#4733 = CARTESIAN_POINT('',(60.804160742484,127.08508299631,
    5.832380380939E-16));
#4734 = SURFACE_CURVE('',#4735,(#4740,#4752),.PCURVE_S1.);
#4735 = ELLIPSE('',#4736,4.773132363001,4.7625);
#4736 = AXIS2_PLACEMENT_3D('',#4737,#4738,#4739);
#4737 = CARTESIAN_POINT('',(58.805842400158,131.41977056953,0.));
#4738 = DIRECTION('',(0.908143173825,0.418659737537,0.));
#4739 = DIRECTION('',(0.418659737537,-0.908143173825,0.));
#4740 = PCURVE('',#4441,#4741);
#4741 = DEFINITIONAL_REPRESENTATION('',(#4742),#4751);
#4742 = B_SPLINE_CURVE_WITH_KNOTS('',7,(#4743,#4744,#4745,#4746,#4747,
    #4748,#4749,#4750),.UNSPECIFIED.,.F.,.F.,(8,8),(0.,1.570796326795),
  .PIECEWISE_BEZIER_KNOTS.);
#4743 = CARTESIAN_POINT('',(1.570796326795,4.893333699422));
#4744 = CARTESIAN_POINT('',(1.795195802051,4.893333699422));
#4745 = CARTESIAN_POINT('',(2.019595277308,4.874627407579));
#4746 = CARTESIAN_POINT('',(2.243994752565,4.837217537545));
#4747 = CARTESIAN_POINT('',(2.46839422782,4.783400889881));
#4748 = CARTESIAN_POINT('',(2.692793703077,4.717824291584));
#4749 = CARTESIAN_POINT('',(2.917193178333,4.646373059717));
#4750 = CARTESIAN_POINT('',(3.14159265359,4.574921537715));
#4751 = ( GEOMETRIC_REPRESENTATION_CONTEXT(2) 
PARAMETRIC_REPRESENTATION_CONTEXT() REPRESENTATION_CONTEXT('2D SPACE',''
  ) );
#4752 = PCURVE('',#4713,#4753);
#4753 = DEFINITIONAL_REPRESENTATION('',(#4754),#4763);
#4754 = B_SPLINE_CURVE_WITH_KNOTS('',7,(#4755,#4756,#4757,#4758,#4759,
    #4760,#4761,#4762),.UNSPECIFIED.,.F.,.F.,(8,8),(0.,1.570796326795),
  .PIECEWISE_BEZIER_KNOTS.);
#4755 = CARTESIAN_POINT('',(1.570796326795,-0.318412161707));
#4756 = CARTESIAN_POINT('',(1.795195802051,-0.318412161707));
#4757 = CARTESIAN_POINT('',(2.019595277307,-0.299705869864));
#4758 = CARTESIAN_POINT('',(2.243994752565,-0.262295999831));
#4759 = CARTESIAN_POINT('',(2.46839422782,-0.208479352165));
#4760 = CARTESIAN_POINT('',(2.692793703077,-0.142902753869));
#4761 = CARTESIAN_POINT('',(2.917193178333,-7.145152200221E-02));
#4762 = CARTESIAN_POINT('',(3.14159265359,5.684341886081E-14));
#4763 = ( GEOMETRIC_REPRESENTATION_CONTEXT(2) 
PARAMETRIC_REPRESENTATION_CONTEXT() REPRESENTATION_CONTEXT('2D SPACE',''
  ) );
#4764 = ORIENTED_EDGE('',*,*,#4765,.F.);
#4765 = EDGE_CURVE('',#4669,#4732,#4766,.T.);
#4766 = SURFACE_CURVE('',#4767,(#4772,#4784),.PCURVE_S1.);
#4767 = ELLIPSE('',#4768,4.773132363001,4.7625);
#4768 = AXIS2_PLACEMENT_3D('',#4769,#4770,#4771);
#4769 = CARTESIAN_POINT('',(58.805842400158,131.41977056953,0.));
#4770 = DIRECTION('',(0.908143173825,0.418659737537,0.));
#4771 = DIRECTION('',(0.418659737537,-0.908143173825,0.));
#4772 = PCURVE('',#4441,#4773);
#4773 = DEFINITIONAL_REPRESENTATION('',(#4774),#4783);
#4774 = B_SPLINE_CURVE_WITH_KNOTS('',7,(#4775,#4776,#4777,#4778,#4779,
    #4780,#4781,#4782),.UNSPECIFIED.,.F.,.F.,(8,8),(4.712388980385,
    6.28318530718),.PIECEWISE_BEZIER_KNOTS.);
#4775 = CARTESIAN_POINT('',(2.98390650188E-15,4.574921537715));
#4776 = CARTESIAN_POINT('',(0.224399475256,4.646373059717));
#4777 = CARTESIAN_POINT('',(0.448798950513,4.717824291584));
#4778 = CARTESIAN_POINT('',(0.673198425769,4.783400889882));
#4779 = CARTESIAN_POINT('',(0.897597901026,4.837217537544));
#4780 = CARTESIAN_POINT('',(1.121997376282,4.874627407579));
#4781 = CARTESIAN_POINT('',(1.346396851538,4.893333699422));
#4782 = CARTESIAN_POINT('',(1.570796326795,4.893333699422));
#4783 = ( GEOMETRIC_REPRESENTATION_CONTEXT(2) 
PARAMETRIC_REPRESENTATION_CONTEXT() REPRESENTATION_CONTEXT('2D SPACE',''
  ) );
#4784 = PCURVE('',#4713,#4785);
#4785 = DEFINITIONAL_REPRESENTATION('',(#4786),#4795);
#4786 = B_SPLINE_CURVE_WITH_KNOTS('',7,(#4787,#4788,#4789,#4790,#4791,
    #4792,#4793,#4794),.UNSPECIFIED.,.F.,.F.,(8,8),(4.712388980385,
    6.28318530718),.PIECEWISE_BEZIER_KNOTS.);
#4787 = CARTESIAN_POINT('',(0.,5.684341886081E-14));
#4788 = CARTESIAN_POINT('',(0.224399475256,-7.145152200221E-02));
#4789 = CARTESIAN_POINT('',(0.448798950513,-0.142902753869));
#4790 = CARTESIAN_POINT('',(0.673198425769,-0.208479352165));
#4791 = CARTESIAN_POINT('',(0.897597901026,-0.26229599983));
#4792 = CARTESIAN_POINT('',(1.121997376282,-0.299705869864));
#4793 = CARTESIAN_POINT('',(1.346396851538,-0.318412161707));
#4794 = CARTESIAN_POINT('',(1.570796326795,-0.318412161707));
#4795 = ( GEOMETRIC_REPRESENTATION_CONTEXT(2) 
PARAMETRIC_REPRESENTATION_CONTEXT() REPRESENTATION_CONTEXT('2D SPACE',''
  ) );
#4796 = ORIENTED_EDGE('',*,*,#4668,.F.);
#4797 = ORIENTED_EDGE('',*,*,#4493,.T.);
#4798 = ORIENTED_EDGE('',*,*,#4459,.T.);
#4799 = ORIENTED_EDGE('',*,*,#4418,.T.);
#4800 = ADVANCED_FACE('',(#4801),#4577,.T.);
#4801 = FACE_BOUND('',#4802,.T.);
#4802 = EDGE_LOOP('',(#4803,#4825,#4866,#4900,#4932,#4933,#4934,#4935));
#4803 = ORIENTED_EDGE('',*,*,#4804,.T.);
#4804 = EDGE_CURVE('',#4533,#4805,#4807,.T.);
#4805 = VERTEX_POINT('',#4806);
#4806 = CARTESIAN_POINT('',(62.82350079983,49.787995434536,4.7625));
#4807 = SEAM_CURVE('',#4808,(#4812,#4818),.PCURVE_S1.);
#4808 = LINE('',#4809,#4810);
#4809 = CARTESIAN_POINT('',(58.805842400158,47.599770569538,4.7625));
#4810 = VECTOR('',#4811,1.);
#4811 = DIRECTION('',(0.878191760569,0.478308720042,0.));
#4812 = PCURVE('',#4577,#4813);
#4813 = DEFINITIONAL_REPRESENTATION('',(#4814),#4817);
#4814 = B_SPLINE_CURVE_WITH_KNOTS('',1,(#4815,#4816),.UNSPECIFIED.,.F.,
  .F.,(2,2),(-1.760704523206,6.335626060921),.PIECEWISE_BEZIER_KNOTS.);
#4815 = CARTESIAN_POINT('',(6.28318530718,-1.760704523206));
#4816 = CARTESIAN_POINT('',(6.28318530718,6.335626060921));
#4817 = ( GEOMETRIC_REPRESENTATION_CONTEXT(2) 
PARAMETRIC_REPRESENTATION_CONTEXT() REPRESENTATION_CONTEXT('2D SPACE',''
  ) );
#4818 = PCURVE('',#4577,#4819);
#4819 = DEFINITIONAL_REPRESENTATION('',(#4820),#4824);
#4820 = LINE('',#4821,#4822);
#4821 = CARTESIAN_POINT('',(0.,0.));
#4822 = VECTOR('',#4823,1.);
#4823 = DIRECTION('',(0.,1.));
#4824 = ( GEOMETRIC_REPRESENTATION_CONTEXT(2) 
PARAMETRIC_REPRESENTATION_CONTEXT() REPRESENTATION_CONTEXT('2D SPACE',''
  ) );
#4825 = ORIENTED_EDGE('',*,*,#4826,.F.);
#4826 = EDGE_CURVE('',#4827,#4805,#4829,.T.);
#4827 = VERTEX_POINT('',#4828);
#4828 = CARTESIAN_POINT('',(62.82350079983,49.787995434536,-4.7625));
#4829 = SURFACE_CURVE('',#4830,(#4835,#4848),.PCURVE_S1.);
#4830 = ELLIPSE('',#4831,4.773132363001,4.7625);
#4831 = AXIS2_PLACEMENT_3D('',#4832,#4833,#4834);
#4832 = CARTESIAN_POINT('',(62.82350079983,49.787995434536,0.));
#4833 = DIRECTION('',(0.844327925502,0.535826794979,0.));
#4834 = DIRECTION('',(0.535826794979,-0.844327925502,0.));
#4835 = PCURVE('',#4577,#4836);
#4836 = DEFINITIONAL_REPRESENTATION('',(#4837),#4847);
#4837 = B_SPLINE_CURVE_WITH_KNOTS('',8,(#4838,#4839,#4840,#4841,#4842,
    #4843,#4844,#4845,#4846),.UNSPECIFIED.,.F.,.F.,(9,9),(1.570796326795
    ,4.712388980385),.PIECEWISE_BEZIER_KNOTS.);
#4838 = CARTESIAN_POINT('',(3.14159265359,4.574921537715));
#4839 = CARTESIAN_POINT('',(3.534291735289,4.449881374211));
#4840 = CARTESIAN_POINT('',(3.926990816992,4.324840213696));
#4841 = CARTESIAN_POINT('',(4.319689898657,4.229193010975));
#4842 = CARTESIAN_POINT('',(4.712388980414,4.192254264646));
#4843 = CARTESIAN_POINT('',(5.105088062051,4.229193010977));
#4844 = CARTESIAN_POINT('',(5.497787143788,4.324840213695));
#4845 = CARTESIAN_POINT('',(5.890486225481,4.449881374211));
#4846 = CARTESIAN_POINT('',(6.28318530718,4.574921537715));
#4847 = ( GEOMETRIC_REPRESENTATION_CONTEXT(2) 
PARAMETRIC_REPRESENTATION_CONTEXT() REPRESENTATION_CONTEXT('2D SPACE',''
  ) );
#4848 = PCURVE('',#4849,#4854);
#4849 = CYLINDRICAL_SURFACE('',#4850,4.7625);
#4850 = AXIS2_PLACEMENT_3D('',#4851,#4852,#4853);
#4851 = CARTESIAN_POINT('',(62.82350079983,49.787995434536,0.));
#4852 = DIRECTION('',(0.806702534998,0.590957714247,0.));
#4853 = DIRECTION('',(-6.560948609366E-17,8.956197283783E-17,1.));
#4854 = DEFINITIONAL_REPRESENTATION('',(#4855),#4865);
#4855 = B_SPLINE_CURVE_WITH_KNOTS('',8,(#4856,#4857,#4858,#4859,#4860,
    #4861,#4862,#4863,#4864),.UNSPECIFIED.,.F.,.F.,(9,9),(1.570796326795
    ,4.712388980385),.PIECEWISE_BEZIER_KNOTS.);
#4856 = CARTESIAN_POINT('',(3.14159265359,-4.263256414561E-14));
#4857 = CARTESIAN_POINT('',(3.534291735289,0.125040163504));
#4858 = CARTESIAN_POINT('',(3.926990816989,0.250081324017));
#4859 = CARTESIAN_POINT('',(4.319689898686,0.345728526734));
#4860 = CARTESIAN_POINT('',(4.712388980389,0.382667273064));
#4861 = CARTESIAN_POINT('',(5.105088062083,0.345728526735));
#4862 = CARTESIAN_POINT('',(5.497787143783,0.250081324017));
#4863 = CARTESIAN_POINT('',(5.890486225481,0.125040163504));
#4864 = CARTESIAN_POINT('',(6.28318530718,-4.263256414561E-14));
#4865 = ( GEOMETRIC_REPRESENTATION_CONTEXT(2) 
PARAMETRIC_REPRESENTATION_CONTEXT() REPRESENTATION_CONTEXT('2D SPACE',''
  ) );
#4866 = ORIENTED_EDGE('',*,*,#4867,.F.);
#4867 = EDGE_CURVE('',#4868,#4827,#4870,.T.);
#4868 = VERTEX_POINT('',#4869);
#4869 = CARTESIAN_POINT('',(65.381073015907,45.757906488337,
    5.832380380939E-16));
#4870 = SURFACE_CURVE('',#4871,(#4876,#4888),.PCURVE_S1.);
#4871 = ELLIPSE('',#4872,4.773132363001,4.7625);
#4872 = AXIS2_PLACEMENT_3D('',#4873,#4874,#4875);
#4873 = CARTESIAN_POINT('',(62.82350079983,49.787995434536,0.));
#4874 = DIRECTION('',(0.844327925502,0.535826794979,0.));
#4875 = DIRECTION('',(0.535826794979,-0.844327925502,0.));
#4876 = PCURVE('',#4577,#4877);
#4877 = DEFINITIONAL_REPRESENTATION('',(#4878),#4887);
#4878 = B_SPLINE_CURVE_WITH_KNOTS('',7,(#4879,#4880,#4881,#4882,#4883,
    #4884,#4885,#4886),.UNSPECIFIED.,.F.,.F.,(8,8),(0.,1.570796326795),
  .PIECEWISE_BEZIER_KNOTS.);
#4879 = CARTESIAN_POINT('',(1.570796326795,4.893333699421));
#4880 = CARTESIAN_POINT('',(1.795195802051,4.893333699421));
#4881 = CARTESIAN_POINT('',(2.019595277308,4.874627407578));
#4882 = CARTESIAN_POINT('',(2.243994752564,4.837217537547));
#4883 = CARTESIAN_POINT('',(2.468394227821,4.783400889879));
#4884 = CARTESIAN_POINT('',(2.692793703077,4.717824291584));
#4885 = CARTESIAN_POINT('',(2.917193178333,4.646373059717));
#4886 = CARTESIAN_POINT('',(3.14159265359,4.574921537715));
#4887 = ( GEOMETRIC_REPRESENTATION_CONTEXT(2) 
PARAMETRIC_REPRESENTATION_CONTEXT() REPRESENTATION_CONTEXT('2D SPACE',''
  ) );
#4888 = PCURVE('',#4849,#4889);
#4889 = DEFINITIONAL_REPRESENTATION('',(#4890),#4899);
#4890 = B_SPLINE_CURVE_WITH_KNOTS('',7,(#4891,#4892,#4893,#4894,#4895,
    #4896,#4897,#4898),.UNSPECIFIED.,.F.,.F.,(8,8),(0.,1.570796326795),
  .PIECEWISE_BEZIER_KNOTS.);
#4891 = CARTESIAN_POINT('',(1.570796326795,-0.318412161707));
#4892 = CARTESIAN_POINT('',(1.795195802051,-0.318412161707));
#4893 = CARTESIAN_POINT('',(2.019595277307,-0.299705869864));
#4894 = CARTESIAN_POINT('',(2.243994752565,-0.262295999831));
#4895 = CARTESIAN_POINT('',(2.46839422782,-0.208479352165));
#4896 = CARTESIAN_POINT('',(2.692793703077,-0.142902753869));
#4897 = CARTESIAN_POINT('',(2.917193178333,-7.145152200231E-02));
#4898 = CARTESIAN_POINT('',(3.14159265359,-4.263256414561E-14));
#4899 = ( GEOMETRIC_REPRESENTATION_CONTEXT(2) 
PARAMETRIC_REPRESENTATION_CONTEXT() REPRESENTATION_CONTEXT('2D SPACE',''
  ) );
#4900 = ORIENTED_EDGE('',*,*,#4901,.F.);
#4901 = EDGE_CURVE('',#4805,#4868,#4902,.T.);
#4902 = SURFACE_CURVE('',#4903,(#4908,#4920),.PCURVE_S1.);
#4903 = ELLIPSE('',#4904,4.773132363001,4.7625);
#4904 = AXIS2_PLACEMENT_3D('',#4905,#4906,#4907);
#4905 = CARTESIAN_POINT('',(62.82350079983,49.787995434536,0.));
#4906 = DIRECTION('',(0.844327925502,0.535826794979,0.));
#4907 = DIRECTION('',(0.535826794979,-0.844327925502,0.));
#4908 = PCURVE('',#4577,#4909);
#4909 = DEFINITIONAL_REPRESENTATION('',(#4910),#4919);
#4910 = B_SPLINE_CURVE_WITH_KNOTS('',7,(#4911,#4912,#4913,#4914,#4915,
    #4916,#4917,#4918),.UNSPECIFIED.,.F.,.F.,(8,8),(4.712388980385,
    6.28318530718),.PIECEWISE_BEZIER_KNOTS.);
#4911 = CARTESIAN_POINT('',(-8.881784197001E-16,4.574921537715));
#4912 = CARTESIAN_POINT('',(0.224399475256,4.646373059717));
#4913 = CARTESIAN_POINT('',(0.448798950513,4.717824291584));
#4914 = CARTESIAN_POINT('',(0.673198425769,4.78340088988));
#4915 = CARTESIAN_POINT('',(0.897597901026,4.837217537546));
#4916 = CARTESIAN_POINT('',(1.121997376282,4.874627407578));
#4917 = CARTESIAN_POINT('',(1.346396851538,4.893333699421));
#4918 = CARTESIAN_POINT('',(1.570796326795,4.893333699421));
#4919 = ( GEOMETRIC_REPRESENTATION_CONTEXT(2) 
PARAMETRIC_REPRESENTATION_CONTEXT() REPRESENTATION_CONTEXT('2D SPACE',''
  ) );
#4920 = PCURVE('',#4849,#4921);
#4921 = DEFINITIONAL_REPRESENTATION('',(#4922),#4931);
#4922 = B_SPLINE_CURVE_WITH_KNOTS('',7,(#4923,#4924,#4925,#4926,#4927,
    #4928,#4929,#4930),.UNSPECIFIED.,.F.,.F.,(8,8),(4.712388980385,
    6.28318530718),.PIECEWISE_BEZIER_KNOTS.);
#4923 = CARTESIAN_POINT('',(1.025717860021E-15,-4.263256414561E-14));
#4924 = CARTESIAN_POINT('',(0.224399475256,-7.145152200231E-02));
#4925 = CARTESIAN_POINT('',(0.448798950513,-0.142902753869));
#4926 = CARTESIAN_POINT('',(0.67319842577,-0.208479352165));
#4927 = CARTESIAN_POINT('',(0.897597901026,-0.262295999831));
#4928 = CARTESIAN_POINT('',(1.121997376282,-0.299705869864));
#4929 = CARTESIAN_POINT('',(1.346396851538,-0.318412161707));
#4930 = CARTESIAN_POINT('',(1.570796326795,-0.318412161707));
#4931 = ( GEOMETRIC_REPRESENTATION_CONTEXT(2) 
PARAMETRIC_REPRESENTATION_CONTEXT() REPRESENTATION_CONTEXT('2D SPACE',''
  ) );
#4932 = ORIENTED_EDGE('',*,*,#4804,.F.);
#4933 = ORIENTED_EDGE('',*,*,#4629,.T.);
#4934 = ORIENTED_EDGE('',*,*,#4595,.T.);
#4935 = ORIENTED_EDGE('',*,*,#4554,.T.);
#4936 = ADVANCED_FACE('',(#4937),#4713,.T.);
#4937 = FACE_BOUND('',#4938,.T.);
#4938 = EDGE_LOOP('',(#4939,#4961,#5002,#5036,#5068,#5069,#5070,#5071));
#4939 = ORIENTED_EDGE('',*,*,#4940,.T.);
#4940 = EDGE_CURVE('',#4669,#4941,#4943,.T.);
#4941 = VERTEX_POINT('',#4942);
#4942 = CARTESIAN_POINT('',(62.82350079983,133.60799543453,4.7625));
#4943 = SEAM_CURVE('',#4944,(#4948,#4954),.PCURVE_S1.);
#4944 = LINE('',#4945,#4946);
#4945 = CARTESIAN_POINT('',(58.805842400158,131.41977056953,4.7625));
#4946 = VECTOR('',#4947,1.);
#4947 = DIRECTION('',(0.878191760569,0.478308720042,0.));
#4948 = PCURVE('',#4713,#4949);
#4949 = DEFINITIONAL_REPRESENTATION('',(#4950),#4953);
#4950 = B_SPLINE_CURVE_WITH_KNOTS('',1,(#4951,#4952),.UNSPECIFIED.,.F.,
  .F.,(2,2),(-1.760704523206,6.335626060921),.PIECEWISE_BEZIER_KNOTS.);
#4951 = CARTESIAN_POINT('',(6.28318530718,-1.760704523206));
#4952 = CARTESIAN_POINT('',(6.28318530718,6.335626060921));
#4953 = ( GEOMETRIC_REPRESENTATION_CONTEXT(2) 
PARAMETRIC_REPRESENTATION_CONTEXT() REPRESENTATION_CONTEXT('2D SPACE',''
  ) );
#4954 = PCURVE('',#4713,#4955);
#4955 = DEFINITIONAL_REPRESENTATION('',(#4956),#4960);
#4956 = LINE('',#4957,#4958);
#4957 = CARTESIAN_POINT('',(0.,0.));
#4958 = VECTOR('',#4959,1.);
#4959 = DIRECTION('',(0.,1.));
#4960 = ( GEOMETRIC_REPRESENTATION_CONTEXT(2) 
PARAMETRIC_REPRESENTATION_CONTEXT() REPRESENTATION_CONTEXT('2D SPACE',''
  ) );
#4961 = ORIENTED_EDGE('',*,*,#4962,.F.);
#4962 = EDGE_CURVE('',#4963,#4941,#4965,.T.);
#4963 = VERTEX_POINT('',#4964);
#4964 = CARTESIAN_POINT('',(62.82350079983,133.60799543453,-4.7625));
#4965 = SURFACE_CURVE('',#4966,(#4971,#4984),.PCURVE_S1.);
#4966 = ELLIPSE('',#4967,4.773132363001,4.7625);
#4967 = AXIS2_PLACEMENT_3D('',#4968,#4969,#4970);
#4968 = CARTESIAN_POINT('',(62.82350079983,133.60799543453,0.));
#4969 = DIRECTION('',(0.844327925502,0.535826794979,0.));
#4970 = DIRECTION('',(0.535826794979,-0.844327925502,0.));
#4971 = PCURVE('',#4713,#4972);
#4972 = DEFINITIONAL_REPRESENTATION('',(#4973),#4983);
#4973 = B_SPLINE_CURVE_WITH_KNOTS('',8,(#4974,#4975,#4976,#4977,#4978,
    #4979,#4980,#4981,#4982),.UNSPECIFIED.,.F.,.F.,(9,9),(1.570796326795
    ,4.712388980385),.PIECEWISE_BEZIER_KNOTS.);
#4974 = CARTESIAN_POINT('',(3.14159265359,4.574921537714));
#4975 = CARTESIAN_POINT('',(3.534291735289,4.449881374211));
#4976 = CARTESIAN_POINT('',(3.92699081699,4.324840213699));
#4977 = CARTESIAN_POINT('',(4.319689898683,4.229193010966));
#4978 = CARTESIAN_POINT('',(4.712388980398,4.192254264657));
#4979 = CARTESIAN_POINT('',(5.10508806208,4.229193010967));
#4980 = CARTESIAN_POINT('',(5.497787143784,4.324840213699));
#4981 = CARTESIAN_POINT('',(5.890486225481,4.449881374211));
#4982 = CARTESIAN_POINT('',(6.28318530718,4.574921537714));
#4983 = ( GEOMETRIC_REPRESENTATION_CONTEXT(2) 
PARAMETRIC_REPRESENTATION_CONTEXT() REPRESENTATION_CONTEXT('2D SPACE',''
  ) );
#4984 = PCURVE('',#4985,#4990);
#4985 = CYLINDRICAL_SURFACE('',#4986,4.7625);
#4986 = AXIS2_PLACEMENT_3D('',#4987,#4988,#4989);
#4987 = CARTESIAN_POINT('',(62.82350079983,133.60799543453,0.));
#4988 = DIRECTION('',(0.806702534998,0.590957714247,0.));
#4989 = DIRECTION('',(-6.560948609366E-17,8.956197283783E-17,1.));
#4990 = DEFINITIONAL_REPRESENTATION('',(#4991),#5001);
#4991 = B_SPLINE_CURVE_WITH_KNOTS('',8,(#4992,#4993,#4994,#4995,#4996,
    #4997,#4998,#4999,#5000),.UNSPECIFIED.,.F.,.F.,(9,9),(1.570796326795
    ,4.712388980385),.PIECEWISE_BEZIER_KNOTS.);
#4992 = CARTESIAN_POINT('',(3.14159265359,-1.705302565824E-13));
#4993 = CARTESIAN_POINT('',(3.534291735289,0.125040163504));
#4994 = CARTESIAN_POINT('',(3.92699081699,0.250081324017));
#4995 = CARTESIAN_POINT('',(4.319689898678,0.345728526735));
#4996 = CARTESIAN_POINT('',(4.712388980401,0.382667273061));
#4997 = CARTESIAN_POINT('',(5.105088062075,0.345728526735));
#4998 = CARTESIAN_POINT('',(5.497787143785,0.250081324017));
#4999 = CARTESIAN_POINT('',(5.890486225481,0.125040163504));
#5000 = CARTESIAN_POINT('',(6.28318530718,-1.705302565824E-13));
#5001 = ( GEOMETRIC_REPRESENTATION_CONTEXT(2) 
PARAMETRIC_REPRESENTATION_CONTEXT() REPRESENTATION_CONTEXT('2D SPACE',''
  ) );
#5002 = ORIENTED_EDGE('',*,*,#5003,.F.);
#5003 = EDGE_CURVE('',#5004,#4963,#5006,.T.);
#5004 = VERTEX_POINT('',#5005);
#5005 = CARTESIAN_POINT('',(65.381073015907,129.57790648833,
    5.832380380939E-16));
#5006 = SURFACE_CURVE('',#5007,(#5012,#5024),.PCURVE_S1.);
#5007 = ELLIPSE('',#5008,4.773132363001,4.7625);
#5008 = AXIS2_PLACEMENT_3D('',#5009,#5010,#5011);
#5009 = CARTESIAN_POINT('',(62.82350079983,133.60799543453,0.));
#5010 = DIRECTION('',(0.844327925502,0.535826794979,0.));
#5011 = DIRECTION('',(0.535826794979,-0.844327925502,0.));
#5012 = PCURVE('',#4713,#5013);
#5013 = DEFINITIONAL_REPRESENTATION('',(#5014),#5023);
#5014 = B_SPLINE_CURVE_WITH_KNOTS('',7,(#5015,#5016,#5017,#5018,#5019,
    #5020,#5021,#5022),.UNSPECIFIED.,.F.,.F.,(8,8),(0.,1.570796326795),
  .PIECEWISE_BEZIER_KNOTS.);
#5015 = CARTESIAN_POINT('',(1.570796326795,4.893333699421));
#5016 = CARTESIAN_POINT('',(1.795195802051,4.893333699421));
#5017 = CARTESIAN_POINT('',(2.019595277308,4.874627407578));
#5018 = CARTESIAN_POINT('',(2.243994752565,4.837217537546));
#5019 = CARTESIAN_POINT('',(2.46839422782,4.78340088988));
#5020 = CARTESIAN_POINT('',(2.692793703077,4.717824291584));
#5021 = CARTESIAN_POINT('',(2.917193178333,4.646373059717));
#5022 = CARTESIAN_POINT('',(3.14159265359,4.574921537714));
#5023 = ( GEOMETRIC_REPRESENTATION_CONTEXT(2) 
PARAMETRIC_REPRESENTATION_CONTEXT() REPRESENTATION_CONTEXT('2D SPACE',''
  ) );
#5024 = PCURVE('',#4985,#5025);
#5025 = DEFINITIONAL_REPRESENTATION('',(#5026),#5035);
#5026 = B_SPLINE_CURVE_WITH_KNOTS('',7,(#5027,#5028,#5029,#5030,#5031,
    #5032,#5033,#5034),.UNSPECIFIED.,.F.,.F.,(8,8),(0.,1.570796326795),
  .PIECEWISE_BEZIER_KNOTS.);
#5027 = CARTESIAN_POINT('',(1.570796326795,-0.318412161707));
#5028 = CARTESIAN_POINT('',(1.795195802051,-0.318412161707));
#5029 = CARTESIAN_POINT('',(2.019595277308,-0.299705869864));
#5030 = CARTESIAN_POINT('',(2.243994752565,-0.262295999831));
#5031 = CARTESIAN_POINT('',(2.468394227821,-0.208479352165));
#5032 = CARTESIAN_POINT('',(2.692793703077,-0.14290275387));
#5033 = CARTESIAN_POINT('',(2.917193178333,-7.145152200243E-02));
#5034 = CARTESIAN_POINT('',(3.14159265359,-1.705302565824E-13));
#5035 = ( GEOMETRIC_REPRESENTATION_CONTEXT(2) 
PARAMETRIC_REPRESENTATION_CONTEXT() REPRESENTATION_CONTEXT('2D SPACE',''
  ) );
#5036 = ORIENTED_EDGE('',*,*,#5037,.F.);
#5037 = EDGE_CURVE('',#4941,#5004,#5038,.T.);
#5038 = SURFACE_CURVE('',#5039,(#5044,#5056),.PCURVE_S1.);
#5039 = ELLIPSE('',#5040,4.773132363001,4.7625);
#5040 = AXIS2_PLACEMENT_3D('',#5041,#5042,#5043);
#5041 = CARTESIAN_POINT('',(62.82350079983,133.60799543453,0.));
#5042 = DIRECTION('',(0.844327925502,0.535826794979,0.));
#5043 = DIRECTION('',(0.535826794979,-0.844327925502,0.));
#5044 = PCURVE('',#4713,#5045);
#5045 = DEFINITIONAL_REPRESENTATION('',(#5046),#5055);
#5046 = B_SPLINE_CURVE_WITH_KNOTS('',7,(#5047,#5048,#5049,#5050,#5051,
    #5052,#5053,#5054),.UNSPECIFIED.,.F.,.F.,(8,8),(4.712388980385,
    6.28318530718),.PIECEWISE_BEZIER_KNOTS.);
#5047 = CARTESIAN_POINT('',(0.,4.574921537714));
#5048 = CARTESIAN_POINT('',(0.224399475256,4.646373059717));
#5049 = CARTESIAN_POINT('',(0.448798950513,4.717824291584));
#5050 = CARTESIAN_POINT('',(0.673198425769,4.78340088988));
#5051 = CARTESIAN_POINT('',(0.897597901026,4.837217537546));
#5052 = CARTESIAN_POINT('',(1.121997376282,4.874627407578));
#5053 = CARTESIAN_POINT('',(1.346396851538,4.893333699421));
#5054 = CARTESIAN_POINT('',(1.570796326795,4.893333699421));
#5055 = ( GEOMETRIC_REPRESENTATION_CONTEXT(2) 
PARAMETRIC_REPRESENTATION_CONTEXT() REPRESENTATION_CONTEXT('2D SPACE',''
  ) );
#5056 = PCURVE('',#4985,#5057);
#5057 = DEFINITIONAL_REPRESENTATION('',(#5058),#5067);
#5058 = B_SPLINE_CURVE_WITH_KNOTS('',7,(#5059,#5060,#5061,#5062,#5063,
    #5064,#5065,#5066),.UNSPECIFIED.,.F.,.F.,(8,8),(4.712388980385,
    6.28318530718),.PIECEWISE_BEZIER_KNOTS.);
#5059 = CARTESIAN_POINT('',(2.98390650188E-15,-1.705302565824E-13));
#5060 = CARTESIAN_POINT('',(0.224399475256,-7.145152200243E-02));
#5061 = CARTESIAN_POINT('',(0.448798950513,-0.14290275387));
#5062 = CARTESIAN_POINT('',(0.67319842577,-0.208479352165));
#5063 = CARTESIAN_POINT('',(0.897597901026,-0.262295999831));
#5064 = CARTESIAN_POINT('',(1.121997376282,-0.299705869864));
#5065 = CARTESIAN_POINT('',(1.346396851538,-0.318412161707));
#5066 = CARTESIAN_POINT('',(1.570796326795,-0.318412161707));
#5067 = ( GEOMETRIC_REPRESENTATION_CONTEXT(2) 
PARAMETRIC_REPRESENTATION_CONTEXT() REPRESENTATION_CONTEXT('2D SPACE',''
  ) );
#5068 = ORIENTED_EDGE('',*,*,#4940,.F.);
#5069 = ORIENTED_EDGE('',*,*,#4765,.T.);
#5070 = ORIENTED_EDGE('',*,*,#4731,.T.);
#5071 = ORIENTED_EDGE('',*,*,#4690,.T.);
#5072 = ADVANCED_FACE('',(#5073),#4849,.T.);
#5073 = FACE_BOUND('',#5074,.T.);
#5074 = EDGE_LOOP('',(#5075,#5097,#5138,#5172,#5204,#5205,#5206,#5207));
#5075 = ORIENTED_EDGE('',*,*,#5076,.T.);
#5076 = EDGE_CURVE('',#4805,#5077,#5079,.T.);
#5077 = VERTEX_POINT('',#5078);
#5078 = CARTESIAN_POINT('',(66.514101601721,52.491580609322,4.7625));
#5079 = SEAM_CURVE('',#5080,(#5084,#5090),.PCURVE_S1.);
#5080 = LINE('',#5081,#5082);
#5081 = CARTESIAN_POINT('',(62.82350079983,49.787995434536,4.7625));
#5082 = VECTOR('',#5083,1.);
#5083 = DIRECTION('',(0.806702534998,0.590957714247,0.));
#5084 = PCURVE('',#4849,#5085);
#5085 = DEFINITIONAL_REPRESENTATION('',(#5086),#5089);
#5086 = B_SPLINE_CURVE_WITH_KNOTS('',1,(#5087,#5088),.UNSPECIFIED.,.F.,
  .F.,(2,2),(-1.760704523206,6.335626060921),.PIECEWISE_BEZIER_KNOTS.);
#5087 = CARTESIAN_POINT('',(6.28318530718,-1.760704523206));
#5088 = CARTESIAN_POINT('',(6.28318530718,6.335626060921));
#5089 = ( GEOMETRIC_REPRESENTATION_CONTEXT(2) 
PARAMETRIC_REPRESENTATION_CONTEXT() REPRESENTATION_CONTEXT('2D SPACE',''
  ) );
#5090 = PCURVE('',#4849,#5091);
#5091 = DEFINITIONAL_REPRESENTATION('',(#5092),#5096);
#5092 = LINE('',#5093,#5094);
#5093 = CARTESIAN_POINT('',(0.,0.));
#5094 = VECTOR('',#5095,1.);
#5095 = DIRECTION('',(0.,1.));
#5096 = ( GEOMETRIC_REPRESENTATION_CONTEXT(2) 
PARAMETRIC_REPRESENTATION_CONTEXT() REPRESENTATION_CONTEXT('2D SPACE',''
  ) );
#5097 = ORIENTED_EDGE('',*,*,#5098,.F.);
#5098 = EDGE_CURVE('',#5099,#5077,#5101,.T.);
#5099 = VERTEX_POINT('',#5100);
#5100 = CARTESIAN_POINT('',(66.514101601721,52.491580609322,-4.7625));
#5101 = SURFACE_CURVE('',#5102,(#5107,#5120),.PCURVE_S1.);
#5102 = ELLIPSE('',#5103,4.773132363001,4.7625);
#5103 = AXIS2_PLACEMENT_3D('',#5104,#5105,#5106);
#5104 = CARTESIAN_POINT('',(66.514101601721,52.491580609322,0.));
#5105 = DIRECTION('',(0.765483213493,0.643455864734,0.));
#5106 = DIRECTION('',(0.643455864734,-0.765483213493,0.));
#5107 = PCURVE('',#4849,#5108);
#5108 = DEFINITIONAL_REPRESENTATION('',(#5109),#5119);
#5109 = B_SPLINE_CURVE_WITH_KNOTS('',8,(#5110,#5111,#5112,#5113,#5114,
    #5115,#5116,#5117,#5118),.UNSPECIFIED.,.F.,.F.,(9,9),(1.570796326795
    ,4.712388980385),.PIECEWISE_BEZIER_KNOTS.);
#5110 = CARTESIAN_POINT('',(3.14159265359,4.574921537715));
#5111 = CARTESIAN_POINT('',(3.534291735289,4.449881374211));
#5112 = CARTESIAN_POINT('',(3.926990816987,4.324840213693));
#5113 = CARTESIAN_POINT('',(4.319689898689,4.229193010978));
#5114 = CARTESIAN_POINT('',(4.712388980385,4.192254264631));
#5115 = CARTESIAN_POINT('',(5.105088062086,4.229193010984));
#5116 = CARTESIAN_POINT('',(5.497787143783,4.324840213693));
#5117 = CARTESIAN_POINT('',(5.890486225481,4.449881374211));
#5118 = CARTESIAN_POINT('',(6.28318530718,4.574921537715));
#5119 = ( GEOMETRIC_REPRESENTATION_CONTEXT(2) 
PARAMETRIC_REPRESENTATION_CONTEXT() REPRESENTATION_CONTEXT('2D SPACE',''
  ) );
#5120 = PCURVE('',#5121,#5126);
#5121 = CYLINDRICAL_SURFACE('',#5122,4.7625);
#5122 = AXIS2_PLACEMENT_3D('',#5123,#5124,#5125);
#5123 = CARTESIAN_POINT('',(66.514101601721,52.491580609322,0.));
#5124 = DIRECTION('',(0.720853596703,0.693087362546,0.));
#5125 = DIRECTION('',(-7.694815479749E-17,8.003082604434E-17,1.));
#5126 = DEFINITIONAL_REPRESENTATION('',(#5127),#5137);
#5127 = B_SPLINE_CURVE_WITH_KNOTS('',8,(#5128,#5129,#5130,#5131,#5132,
    #5133,#5134,#5135,#5136),.UNSPECIFIED.,.F.,.F.,(9,9),(1.570796326795
    ,4.712388980385),.PIECEWISE_BEZIER_KNOTS.);
#5128 = CARTESIAN_POINT('',(3.14159265359,-7.105427357601E-14));
#5129 = CARTESIAN_POINT('',(3.534291735289,0.125040163504));
#5130 = CARTESIAN_POINT('',(3.926990816988,0.250081324017));
#5131 = CARTESIAN_POINT('',(4.319689898688,0.345728526735));
#5132 = CARTESIAN_POINT('',(4.712388980385,0.382667273062));
#5133 = CARTESIAN_POINT('',(5.105088062087,0.345728526735));
#5134 = CARTESIAN_POINT('',(5.497787143783,0.250081324017));
#5135 = CARTESIAN_POINT('',(5.890486225481,0.125040163504));
#5136 = CARTESIAN_POINT('',(6.28318530718,-7.105427357601E-14));
#5137 = ( GEOMETRIC_REPRESENTATION_CONTEXT(2) 
PARAMETRIC_REPRESENTATION_CONTEXT() REPRESENTATION_CONTEXT('2D SPACE',''
  ) );
#5138 = ORIENTED_EDGE('',*,*,#5139,.F.);
#5139 = EDGE_CURVE('',#5140,#5099,#5142,.T.);
#5140 = VERTEX_POINT('',#5141);
#5141 = CARTESIAN_POINT('',(69.585401613844,48.837827909664,
    5.832380380939E-16));
#5142 = SURFACE_CURVE('',#5143,(#5148,#5160),.PCURVE_S1.);
#5143 = ELLIPSE('',#5144,4.773132363001,4.7625);
#5144 = AXIS2_PLACEMENT_3D('',#5145,#5146,#5147);
#5145 = CARTESIAN_POINT('',(66.514101601721,52.491580609322,0.));
#5146 = DIRECTION('',(0.765483213493,0.643455864734,0.));
#5147 = DIRECTION('',(0.643455864734,-0.765483213493,0.));
#5148 = PCURVE('',#4849,#5149);
#5149 = DEFINITIONAL_REPRESENTATION('',(#5150),#5159);
#5150 = B_SPLINE_CURVE_WITH_KNOTS('',7,(#5151,#5152,#5153,#5154,#5155,
    #5156,#5157,#5158),.UNSPECIFIED.,.F.,.F.,(8,8),(0.,1.570796326795),
  .PIECEWISE_BEZIER_KNOTS.);
#5151 = CARTESIAN_POINT('',(1.570796326795,4.893333699421));
#5152 = CARTESIAN_POINT('',(1.795195802051,4.893333699421));
#5153 = CARTESIAN_POINT('',(2.019595277308,4.874627407578));
#5154 = CARTESIAN_POINT('',(2.243994752564,4.837217537545));
#5155 = CARTESIAN_POINT('',(2.468394227821,4.78340088988));
#5156 = CARTESIAN_POINT('',(2.692793703077,4.717824291584));
#5157 = CARTESIAN_POINT('',(2.917193178333,4.646373059717));
#5158 = CARTESIAN_POINT('',(3.14159265359,4.574921537715));
#5159 = ( GEOMETRIC_REPRESENTATION_CONTEXT(2) 
PARAMETRIC_REPRESENTATION_CONTEXT() REPRESENTATION_CONTEXT('2D SPACE',''
  ) );
#5160 = PCURVE('',#5121,#5161);
#5161 = DEFINITIONAL_REPRESENTATION('',(#5162),#5171);
#5162 = B_SPLINE_CURVE_WITH_KNOTS('',7,(#5163,#5164,#5165,#5166,#5167,
    #5168,#5169,#5170),.UNSPECIFIED.,.F.,.F.,(8,8),(0.,1.570796326795),
  .PIECEWISE_BEZIER_KNOTS.);
#5163 = CARTESIAN_POINT('',(1.570796326795,-0.318412161707));
#5164 = CARTESIAN_POINT('',(1.795195802051,-0.318412161707));
#5165 = CARTESIAN_POINT('',(2.019595277307,-0.299705869864));
#5166 = CARTESIAN_POINT('',(2.243994752565,-0.262295999831));
#5167 = CARTESIAN_POINT('',(2.46839422782,-0.208479352165));
#5168 = CARTESIAN_POINT('',(2.692793703077,-0.14290275387));
#5169 = CARTESIAN_POINT('',(2.917193178333,-7.145152200234E-02));
#5170 = CARTESIAN_POINT('',(3.14159265359,-7.105427357601E-14));
#5171 = ( GEOMETRIC_REPRESENTATION_CONTEXT(2) 
PARAMETRIC_REPRESENTATION_CONTEXT() REPRESENTATION_CONTEXT('2D SPACE',''
  ) );
#5172 = ORIENTED_EDGE('',*,*,#5173,.F.);
#5173 = EDGE_CURVE('',#5077,#5140,#5174,.T.);
#5174 = SURFACE_CURVE('',#5175,(#5180,#5192),.PCURVE_S1.);
#5175 = ELLIPSE('',#5176,4.773132363001,4.7625);
#5176 = AXIS2_PLACEMENT_3D('',#5177,#5178,#5179);
#5177 = CARTESIAN_POINT('',(66.514101601721,52.491580609322,0.));
#5178 = DIRECTION('',(0.765483213493,0.643455864734,0.));
#5179 = DIRECTION('',(0.643455864734,-0.765483213493,0.));
#5180 = PCURVE('',#4849,#5181);
#5181 = DEFINITIONAL_REPRESENTATION('',(#5182),#5191);
#5182 = B_SPLINE_CURVE_WITH_KNOTS('',7,(#5183,#5184,#5185,#5186,#5187,
    #5188,#5189,#5190),.UNSPECIFIED.,.F.,.F.,(8,8),(4.712388980385,
    6.28318530718),.PIECEWISE_BEZIER_KNOTS.);
#5183 = CARTESIAN_POINT('',(1.771694485491E-15,4.574921537715));
#5184 = CARTESIAN_POINT('',(0.224399475256,4.646373059717));
#5185 = CARTESIAN_POINT('',(0.448798950513,4.717824291584));
#5186 = CARTESIAN_POINT('',(0.673198425769,4.783400889878));
#5187 = CARTESIAN_POINT('',(0.897597901026,4.837217537547));
#5188 = CARTESIAN_POINT('',(1.121997376282,4.874627407577));
#5189 = CARTESIAN_POINT('',(1.346396851538,4.893333699421));
#5190 = CARTESIAN_POINT('',(1.570796326795,4.893333699421));
#5191 = ( GEOMETRIC_REPRESENTATION_CONTEXT(2) 
PARAMETRIC_REPRESENTATION_CONTEXT() REPRESENTATION_CONTEXT('2D SPACE',''
  ) );
#5192 = PCURVE('',#5121,#5193);
#5193 = DEFINITIONAL_REPRESENTATION('',(#5194),#5203);
#5194 = B_SPLINE_CURVE_WITH_KNOTS('',7,(#5195,#5196,#5197,#5198,#5199,
    #5200,#5201,#5202),.UNSPECIFIED.,.F.,.F.,(8,8),(4.712388980385,
    6.28318530718),.PIECEWISE_BEZIER_KNOTS.);
#5195 = CARTESIAN_POINT('',(7.459766254699E-16,-7.105427357601E-14));
#5196 = CARTESIAN_POINT('',(0.224399475256,-7.145152200234E-02));
#5197 = CARTESIAN_POINT('',(0.448798950513,-0.14290275387));
#5198 = CARTESIAN_POINT('',(0.673198425769,-0.208479352165));
#5199 = CARTESIAN_POINT('',(0.897597901026,-0.262295999831));
#5200 = CARTESIAN_POINT('',(1.121997376282,-0.299705869864));
#5201 = CARTESIAN_POINT('',(1.346396851538,-0.318412161707));
#5202 = CARTESIAN_POINT('',(1.570796326795,-0.318412161707));
#5203 = ( GEOMETRIC_REPRESENTATION_CONTEXT(2) 
PARAMETRIC_REPRESENTATION_CONTEXT() REPRESENTATION_CONTEXT('2D SPACE',''
  ) );
#5204 = ORIENTED_EDGE('',*,*,#5076,.F.);
#5205 = ORIENTED_EDGE('',*,*,#4901,.T.);
#5206 = ORIENTED_EDGE('',*,*,#4867,.T.);
#5207 = ORIENTED_EDGE('',*,*,#4826,.T.);
#5208 = ADVANCED_FACE('',(#5209),#4985,.T.);
#5209 = FACE_BOUND('',#5210,.T.);
#5210 = EDGE_LOOP('',(#5211,#5233,#5274,#5308,#5340,#5341,#5342,#5343));
#5211 = ORIENTED_EDGE('',*,*,#5212,.T.);
#5212 = EDGE_CURVE('',#4941,#5213,#5215,.T.);
#5213 = VERTEX_POINT('',#5214);
#5214 = CARTESIAN_POINT('',(66.514101601721,136.31158060932,4.7625));
#5215 = SEAM_CURVE('',#5216,(#5220,#5226),.PCURVE_S1.);
#5216 = LINE('',#5217,#5218);
#5217 = CARTESIAN_POINT('',(62.82350079983,133.60799543453,4.7625));
#5218 = VECTOR('',#5219,1.);
#5219 = DIRECTION('',(0.806702534998,0.590957714247,0.));
#5220 = PCURVE('',#4985,#5221);
#5221 = DEFINITIONAL_REPRESENTATION('',(#5222),#5225);
#5222 = B_SPLINE_CURVE_WITH_KNOTS('',1,(#5223,#5224),.UNSPECIFIED.,.F.,
  .F.,(2,2),(-1.760704523206,6.335626060921),.PIECEWISE_BEZIER_KNOTS.);
#5223 = CARTESIAN_POINT('',(6.28318530718,-1.760704523206));
#5224 = CARTESIAN_POINT('',(6.28318530718,6.335626060921));
#5225 = ( GEOMETRIC_REPRESENTATION_CONTEXT(2) 
PARAMETRIC_REPRESENTATION_CONTEXT() REPRESENTATION_CONTEXT('2D SPACE',''
  ) );
#5226 = PCURVE('',#4985,#5227);
#5227 = DEFINITIONAL_REPRESENTATION('',(#5228),#5232);
#5228 = LINE('',#5229,#5230);
#5229 = CARTESIAN_POINT('',(0.,0.));
#5230 = VECTOR('',#5231,1.);
#5231 = DIRECTION('',(0.,1.));
#5232 = ( GEOMETRIC_REPRESENTATION_CONTEXT(2) 
PARAMETRIC_REPRESENTATION_CONTEXT() REPRESENTATION_CONTEXT('2D SPACE',''
  ) );
#5233 = ORIENTED_EDGE('',*,*,#5234,.F.);
#5234 = EDGE_CURVE('',#5235,#5213,#5237,.T.);
#5235 = VERTEX_POINT('',#5236);
#5236 = CARTESIAN_POINT('',(66.514101601721,136.31158060932,-4.7625));
#5237 = SURFACE_CURVE('',#5238,(#5243,#5256),.PCURVE_S1.);
#5238 = ELLIPSE('',#5239,4.773132363001,4.7625);
#5239 = AXIS2_PLACEMENT_3D('',#5240,#5241,#5242);
#5240 = CARTESIAN_POINT('',(66.514101601721,136.31158060932,0.));
#5241 = DIRECTION('',(0.765483213493,0.643455864734,0.));
#5242 = DIRECTION('',(0.643455864734,-0.765483213493,0.));
#5243 = PCURVE('',#4985,#5244);
#5244 = DEFINITIONAL_REPRESENTATION('',(#5245),#5255);
#5245 = B_SPLINE_CURVE_WITH_KNOTS('',8,(#5246,#5247,#5248,#5249,#5250,
    #5251,#5252,#5253,#5254),.UNSPECIFIED.,.F.,.F.,(9,9),(1.570796326795
    ,4.712388980385),.PIECEWISE_BEZIER_KNOTS.);
#5246 = CARTESIAN_POINT('',(3.14159265359,4.574921537714));
#5247 = CARTESIAN_POINT('',(3.534291735289,4.44988137421));
#5248 = CARTESIAN_POINT('',(3.926990816987,4.324840213698));
#5249 = CARTESIAN_POINT('',(4.319689898689,4.229193010962));
#5250 = CARTESIAN_POINT('',(4.712388980382,4.192254264654));
#5251 = CARTESIAN_POINT('',(5.105088062086,4.229193010967));
#5252 = CARTESIAN_POINT('',(5.497787143783,4.324840213698));
#5253 = CARTESIAN_POINT('',(5.890486225481,4.44988137421));
#5254 = CARTESIAN_POINT('',(6.28318530718,4.574921537714));
#5255 = ( GEOMETRIC_REPRESENTATION_CONTEXT(2) 
PARAMETRIC_REPRESENTATION_CONTEXT() REPRESENTATION_CONTEXT('2D SPACE',''
  ) );
#5256 = PCURVE('',#5257,#5262);
#5257 = CYLINDRICAL_SURFACE('',#5258,4.7625);
#5258 = AXIS2_PLACEMENT_3D('',#5259,#5260,#5261);
#5259 = CARTESIAN_POINT('',(66.514101601721,136.31158060932,0.));
#5260 = DIRECTION('',(0.720853596703,0.693087362546,0.));
#5261 = DIRECTION('',(-7.694815479749E-17,8.003082604434E-17,1.));
#5262 = DEFINITIONAL_REPRESENTATION('',(#5263),#5273);
#5263 = B_SPLINE_CURVE_WITH_KNOTS('',8,(#5264,#5265,#5266,#5267,#5268,
    #5269,#5270,#5271,#5272),.UNSPECIFIED.,.F.,.F.,(9,9),(1.570796326795
    ,4.712388980385),.PIECEWISE_BEZIER_KNOTS.);
#5264 = CARTESIAN_POINT('',(3.14159265359,-2.84217094304E-13));
#5265 = CARTESIAN_POINT('',(3.534291735289,0.125040163504));
#5266 = CARTESIAN_POINT('',(3.926990816987,0.250081324017));
#5267 = CARTESIAN_POINT('',(4.319689898669,0.345728526736));
#5268 = CARTESIAN_POINT('',(4.712388980389,0.382667273061));
#5269 = CARTESIAN_POINT('',(5.10508806207,0.345728526736));
#5270 = CARTESIAN_POINT('',(5.497787143783,0.250081324017));
#5271 = CARTESIAN_POINT('',(5.890486225481,0.125040163504));
#5272 = CARTESIAN_POINT('',(6.28318530718,-2.84217094304E-13));
#5273 = ( GEOMETRIC_REPRESENTATION_CONTEXT(2) 
PARAMETRIC_REPRESENTATION_CONTEXT() REPRESENTATION_CONTEXT('2D SPACE',''
  ) );
#5274 = ORIENTED_EDGE('',*,*,#5275,.F.);
#5275 = EDGE_CURVE('',#5276,#5235,#5278,.T.);
#5276 = VERTEX_POINT('',#5277);
#5277 = CARTESIAN_POINT('',(69.585401613844,132.65782790966,
    5.832380380939E-16));
#5278 = SURFACE_CURVE('',#5279,(#5284,#5296),.PCURVE_S1.);
#5279 = ELLIPSE('',#5280,4.773132363001,4.7625);
#5280 = AXIS2_PLACEMENT_3D('',#5281,#5282,#5283);
#5281 = CARTESIAN_POINT('',(66.514101601721,136.31158060932,0.));
#5282 = DIRECTION('',(0.765483213493,0.643455864734,0.));
#5283 = DIRECTION('',(0.643455864734,-0.765483213493,0.));
#5284 = PCURVE('',#4985,#5285);
#5285 = DEFINITIONAL_REPRESENTATION('',(#5286),#5295);
#5286 = B_SPLINE_CURVE_WITH_KNOTS('',7,(#5287,#5288,#5289,#5290,#5291,
    #5292,#5293,#5294),.UNSPECIFIED.,.F.,.F.,(8,8),(0.,1.570796326795),
  .PIECEWISE_BEZIER_KNOTS.);
#5287 = CARTESIAN_POINT('',(1.570796326795,4.893333699421));
#5288 = CARTESIAN_POINT('',(1.795195802051,4.893333699421));
#5289 = CARTESIAN_POINT('',(2.019595277307,4.874627407577));
#5290 = CARTESIAN_POINT('',(2.243994752566,4.837217537547));
#5291 = CARTESIAN_POINT('',(2.468394227819,4.783400889877));
#5292 = CARTESIAN_POINT('',(2.692793703078,4.717824291584));
#5293 = CARTESIAN_POINT('',(2.917193178333,4.646373059717));
#5294 = CARTESIAN_POINT('',(3.14159265359,4.574921537714));
#5295 = ( GEOMETRIC_REPRESENTATION_CONTEXT(2) 
PARAMETRIC_REPRESENTATION_CONTEXT() REPRESENTATION_CONTEXT('2D SPACE',''
  ) );
#5296 = PCURVE('',#5257,#5297);
#5297 = DEFINITIONAL_REPRESENTATION('',(#5298),#5307);
#5298 = B_SPLINE_CURVE_WITH_KNOTS('',7,(#5299,#5300,#5301,#5302,#5303,
    #5304,#5305,#5306),.UNSPECIFIED.,.F.,.F.,(8,8),(0.,1.570796326795),
  .PIECEWISE_BEZIER_KNOTS.);
#5299 = CARTESIAN_POINT('',(1.570796326795,-0.318412161707));
#5300 = CARTESIAN_POINT('',(1.795195802051,-0.318412161707));
#5301 = CARTESIAN_POINT('',(2.019595277308,-0.299705869864));
#5302 = CARTESIAN_POINT('',(2.243994752563,-0.262295999831));
#5303 = CARTESIAN_POINT('',(2.468394227822,-0.208479352165));
#5304 = CARTESIAN_POINT('',(2.692793703077,-0.14290275387));
#5305 = CARTESIAN_POINT('',(2.917193178333,-7.145152200256E-02));
#5306 = CARTESIAN_POINT('',(3.14159265359,-2.84217094304E-13));
#5307 = ( GEOMETRIC_REPRESENTATION_CONTEXT(2) 
PARAMETRIC_REPRESENTATION_CONTEXT() REPRESENTATION_CONTEXT('2D SPACE',''
  ) );
#5308 = ORIENTED_EDGE('',*,*,#5309,.F.);
#5309 = EDGE_CURVE('',#5213,#5276,#5310,.T.);
#5310 = SURFACE_CURVE('',#5311,(#5316,#5328),.PCURVE_S1.);
#5311 = ELLIPSE('',#5312,4.773132363001,4.7625);
#5312 = AXIS2_PLACEMENT_3D('',#5313,#5314,#5315);
#5313 = CARTESIAN_POINT('',(66.514101601721,136.31158060932,0.));
#5314 = DIRECTION('',(0.765483213493,0.643455864734,0.));
#5315 = DIRECTION('',(0.643455864734,-0.765483213493,0.));
#5316 = PCURVE('',#4985,#5317);
#5317 = DEFINITIONAL_REPRESENTATION('',(#5318),#5327);
#5318 = B_SPLINE_CURVE_WITH_KNOTS('',7,(#5319,#5320,#5321,#5322,#5323,
    #5324,#5325,#5326),.UNSPECIFIED.,.F.,.F.,(8,8),(4.712388980385,
    6.28318530718),.PIECEWISE_BEZIER_KNOTS.);
#5319 = CARTESIAN_POINT('',(0.,4.574921537714));
#5320 = CARTESIAN_POINT('',(0.224399475256,4.646373059717));
#5321 = CARTESIAN_POINT('',(0.448798950513,4.717824291584));
#5322 = CARTESIAN_POINT('',(0.673198425769,4.783400889878));
#5323 = CARTESIAN_POINT('',(0.897597901026,4.837217537547));
#5324 = CARTESIAN_POINT('',(1.121997376282,4.874627407577));
#5325 = CARTESIAN_POINT('',(1.346396851538,4.893333699421));
#5326 = CARTESIAN_POINT('',(1.570796326795,4.893333699421));
#5327 = ( GEOMETRIC_REPRESENTATION_CONTEXT(2) 
PARAMETRIC_REPRESENTATION_CONTEXT() REPRESENTATION_CONTEXT('2D SPACE',''
  ) );
#5328 = PCURVE('',#5257,#5329);
#5329 = DEFINITIONAL_REPRESENTATION('',(#5330),#5339);
#5330 = B_SPLINE_CURVE_WITH_KNOTS('',7,(#5331,#5332,#5333,#5334,#5335,
    #5336,#5337,#5338),.UNSPECIFIED.,.F.,.F.,(8,8),(4.712388980385,
    6.28318530718),.PIECEWISE_BEZIER_KNOTS.);
#5331 = CARTESIAN_POINT('',(-1.7763568394E-15,-2.84217094304E-13));
#5332 = CARTESIAN_POINT('',(0.224399475256,-7.145152200256E-02));
#5333 = CARTESIAN_POINT('',(0.448798950513,-0.14290275387));
#5334 = CARTESIAN_POINT('',(0.673198425769,-0.208479352165));
#5335 = CARTESIAN_POINT('',(0.897597901026,-0.262295999831));
#5336 = CARTESIAN_POINT('',(1.121997376282,-0.299705869864));
#5337 = CARTESIAN_POINT('',(1.346396851538,-0.318412161707));
#5338 = CARTESIAN_POINT('',(1.570796326795,-0.318412161707));
#5339 = ( GEOMETRIC_REPRESENTATION_CONTEXT(2) 
PARAMETRIC_REPRESENTATION_CONTEXT() REPRESENTATION_CONTEXT('2D SPACE',''
  ) );
#5340 = ORIENTED_EDGE('',*,*,#5212,.F.);
#5341 = ORIENTED_EDGE('',*,*,#5037,.T.);
#5342 = ORIENTED_EDGE('',*,*,#5003,.T.);
#5343 = ORIENTED_EDGE('',*,*,#4962,.T.);
#5344 = ADVANCED_FACE('',(#5345),#5121,.T.);
#5345 = FACE_BOUND('',#5346,.T.);
#5346 = EDGE_LOOP('',(#5347,#5369,#5410,#5444,#5476,#5477,#5478,#5479));
#5347 = ORIENTED_EDGE('',*,*,#5348,.T.);
#5348 = EDGE_CURVE('',#5077,#5349,#5351,.T.);
#5349 = VERTEX_POINT('',#5350);
#5350 = CARTESIAN_POINT('',(69.811950246817,55.66240091175,4.7625));
#5351 = SEAM_CURVE('',#5352,(#5356,#5362),.PCURVE_S1.);
#5352 = LINE('',#5353,#5354);
#5353 = CARTESIAN_POINT('',(66.514101601721,52.491580609322,4.7625));
#5354 = VECTOR('',#5355,1.);
#5355 = DIRECTION('',(0.720853596703,0.693087362546,0.));
#5356 = PCURVE('',#5121,#5357);
#5357 = DEFINITIONAL_REPRESENTATION('',(#5358),#5361);
#5358 = B_SPLINE_CURVE_WITH_KNOTS('',1,(#5359,#5360),.UNSPECIFIED.,.F.,
  .F.,(2,2),(-1.760704523206,6.335626060921),.PIECEWISE_BEZIER_KNOTS.);
#5359 = CARTESIAN_POINT('',(6.28318530718,-1.760704523206));
#5360 = CARTESIAN_POINT('',(6.28318530718,6.335626060921));
#5361 = ( GEOMETRIC_REPRESENTATION_CONTEXT(2) 
PARAMETRIC_REPRESENTATION_CONTEXT() REPRESENTATION_CONTEXT('2D SPACE',''
  ) );
#5362 = PCURVE('',#5121,#5363);
#5363 = DEFINITIONAL_REPRESENTATION('',(#5364),#5368);
#5364 = LINE('',#5365,#5366);
#5365 = CARTESIAN_POINT('',(0.,0.));
#5366 = VECTOR('',#5367,1.);
#5367 = DIRECTION('',(0.,1.));
#5368 = ( GEOMETRIC_REPRESENTATION_CONTEXT(2) 
PARAMETRIC_REPRESENTATION_CONTEXT() REPRESENTATION_CONTEXT('2D SPACE',''
  ) );
#5369 = ORIENTED_EDGE('',*,*,#5370,.F.);
#5370 = EDGE_CURVE('',#5371,#5349,#5373,.T.);
#5371 = VERTEX_POINT('',#5372);
#5372 = CARTESIAN_POINT('',(69.811950246816,55.66240091175,-4.7625));
#5373 = SURFACE_CURVE('',#5374,(#5379,#5392),.PCURVE_S1.);
#5374 = ELLIPSE('',#5375,4.773132363001,4.7625);
#5375 = AXIS2_PLACEMENT_3D('',#5376,#5377,#5378);
#5376 = CARTESIAN_POINT('',(69.811950246816,55.66240091175,0.));
#5377 = DIRECTION('',(0.67301251351,0.739631094979,0.));
#5378 = DIRECTION('',(0.739631094979,-0.67301251351,0.));
#5379 = PCURVE('',#5121,#5380);
#5380 = DEFINITIONAL_REPRESENTATION('',(#5381),#5391);
#5381 = B_SPLINE_CURVE_WITH_KNOTS('',8,(#5382,#5383,#5384,#5385,#5386,
    #5387,#5388,#5389,#5390),.UNSPECIFIED.,.F.,.F.,(9,9),(1.570796326795
    ,4.712388980385),.PIECEWISE_BEZIER_KNOTS.);
#5382 = CARTESIAN_POINT('',(3.14159265359,4.574921537715));
#5383 = CARTESIAN_POINT('',(3.534291735289,4.449881374211));
#5384 = CARTESIAN_POINT('',(3.926990816989,4.324840213696));
#5385 = CARTESIAN_POINT('',(4.319689898684,4.229193010973));
#5386 = CARTESIAN_POINT('',(4.712388980392,4.19225426465));
#5387 = CARTESIAN_POINT('',(5.105088062081,4.229193010973));
#5388 = CARTESIAN_POINT('',(5.497787143784,4.324840213694));
#5389 = CARTESIAN_POINT('',(5.890486225481,4.449881374211));
#5390 = CARTESIAN_POINT('',(6.28318530718,4.574921537715));
#5391 = ( GEOMETRIC_REPRESENTATION_CONTEXT(2) 
PARAMETRIC_REPRESENTATION_CONTEXT() REPRESENTATION_CONTEXT('2D SPACE',''
  ) );
#5392 = PCURVE('',#5393,#5398);
#5393 = CYLINDRICAL_SURFACE('',#5394,4.7625);
#5394 = AXIS2_PLACEMENT_3D('',#5395,#5396,#5397);
#5395 = CARTESIAN_POINT('',(69.811950246817,55.66240091175,0.));
#5396 = DIRECTION('',(0.622173100162,0.782879705596,0.));
#5397 = DIRECTION('',(8.691710746648E-17,-6.907509011025E-17,1.));
#5398 = DEFINITIONAL_REPRESENTATION('',(#5399),#5409);
#5399 = B_SPLINE_CURVE_WITH_KNOTS('',8,(#5400,#5401,#5402,#5403,#5404,
    #5405,#5406,#5407,#5408),.UNSPECIFIED.,.F.,.F.,(9,9),(1.570796326795
    ,4.712388980385),.PIECEWISE_BEZIER_KNOTS.);
#5400 = CARTESIAN_POINT('',(3.14159265359,-4.263256414561E-14));
#5401 = CARTESIAN_POINT('',(3.534291735289,0.125040163504));
#5402 = CARTESIAN_POINT('',(3.92699081699,0.250081324018));
#5403 = CARTESIAN_POINT('',(4.319689898684,0.345728526734));
#5404 = CARTESIAN_POINT('',(4.712388980396,0.382667273064));
#5405 = CARTESIAN_POINT('',(5.10508806208,0.345728526734));
#5406 = CARTESIAN_POINT('',(5.497787143784,0.250081324018));
#5407 = CARTESIAN_POINT('',(5.890486225481,0.125040163504));
#5408 = CARTESIAN_POINT('',(6.28318530718,-4.263256414561E-14));
#5409 = ( GEOMETRIC_REPRESENTATION_CONTEXT(2) 
PARAMETRIC_REPRESENTATION_CONTEXT() REPRESENTATION_CONTEXT('2D SPACE',''
  ) );
#5410 = ORIENTED_EDGE('',*,*,#5411,.F.);
#5411 = EDGE_CURVE('',#5412,#5371,#5414,.T.);
#5412 = VERTEX_POINT('',#5413);
#5413 = CARTESIAN_POINT('',(73.34230736294,52.450023102812,
    5.832380380939E-16));
#5414 = SURFACE_CURVE('',#5415,(#5420,#5432),.PCURVE_S1.);
#5415 = ELLIPSE('',#5416,4.773132363001,4.7625);
#5416 = AXIS2_PLACEMENT_3D('',#5417,#5418,#5419);
#5417 = CARTESIAN_POINT('',(69.811950246816,55.66240091175,0.));
#5418 = DIRECTION('',(0.67301251351,0.739631094979,0.));
#5419 = DIRECTION('',(0.739631094979,-0.67301251351,0.));
#5420 = PCURVE('',#5121,#5421);
#5421 = DEFINITIONAL_REPRESENTATION('',(#5422),#5431);
#5422 = B_SPLINE_CURVE_WITH_KNOTS('',7,(#5423,#5424,#5425,#5426,#5427,
    #5428,#5429,#5430),.UNSPECIFIED.,.F.,.F.,(8,8),(0.,1.570796326795),
  .PIECEWISE_BEZIER_KNOTS.);
#5423 = CARTESIAN_POINT('',(1.570796326795,4.893333699421));
#5424 = CARTESIAN_POINT('',(1.795195802051,4.893333699421));
#5425 = CARTESIAN_POINT('',(2.019595277308,4.874627407578));
#5426 = CARTESIAN_POINT('',(2.243994752565,4.837217537546));
#5427 = CARTESIAN_POINT('',(2.46839422782,4.78340088988));
#5428 = CARTESIAN_POINT('',(2.692793703077,4.717824291584));
#5429 = CARTESIAN_POINT('',(2.917193178333,4.646373059717));
#5430 = CARTESIAN_POINT('',(3.14159265359,4.574921537715));
#5431 = ( GEOMETRIC_REPRESENTATION_CONTEXT(2) 
PARAMETRIC_REPRESENTATION_CONTEXT() REPRESENTATION_CONTEXT('2D SPACE',''
  ) );
#5432 = PCURVE('',#5393,#5433);
#5433 = DEFINITIONAL_REPRESENTATION('',(#5434),#5443);
#5434 = B_SPLINE_CURVE_WITH_KNOTS('',7,(#5435,#5436,#5437,#5438,#5439,
    #5440,#5441,#5442),.UNSPECIFIED.,.F.,.F.,(8,8),(0.,1.570796326795),
  .PIECEWISE_BEZIER_KNOTS.);
#5435 = CARTESIAN_POINT('',(1.570796326795,-0.318412161707));
#5436 = CARTESIAN_POINT('',(1.795195802051,-0.318412161707));
#5437 = CARTESIAN_POINT('',(2.019595277308,-0.299705869864));
#5438 = CARTESIAN_POINT('',(2.243994752565,-0.262295999831));
#5439 = CARTESIAN_POINT('',(2.46839422782,-0.208479352165));
#5440 = CARTESIAN_POINT('',(2.692793703077,-0.142902753869));
#5441 = CARTESIAN_POINT('',(2.917193178333,-7.145152200232E-02));
#5442 = CARTESIAN_POINT('',(3.14159265359,-4.263256414561E-14));
#5443 = ( GEOMETRIC_REPRESENTATION_CONTEXT(2) 
PARAMETRIC_REPRESENTATION_CONTEXT() REPRESENTATION_CONTEXT('2D SPACE',''
  ) );
#5444 = ORIENTED_EDGE('',*,*,#5445,.F.);
#5445 = EDGE_CURVE('',#5349,#5412,#5446,.T.);
#5446 = SURFACE_CURVE('',#5447,(#5452,#5464),.PCURVE_S1.);
#5447 = ELLIPSE('',#5448,4.773132363001,4.7625);
#5448 = AXIS2_PLACEMENT_3D('',#5449,#5450,#5451);
#5449 = CARTESIAN_POINT('',(69.811950246816,55.66240091175,0.));
#5450 = DIRECTION('',(0.67301251351,0.739631094979,0.));
#5451 = DIRECTION('',(0.739631094979,-0.67301251351,0.));
#5452 = PCURVE('',#5121,#5453);
#5453 = DEFINITIONAL_REPRESENTATION('',(#5454),#5463);
#5454 = B_SPLINE_CURVE_WITH_KNOTS('',7,(#5455,#5456,#5457,#5458,#5459,
    #5460,#5461,#5462),.UNSPECIFIED.,.F.,.F.,(8,8),(4.712388980385,
    6.28318530718),.PIECEWISE_BEZIER_KNOTS.);
#5455 = CARTESIAN_POINT('',(0.,4.574921537715));
#5456 = CARTESIAN_POINT('',(0.224399475256,4.646373059717));
#5457 = CARTESIAN_POINT('',(0.448798950513,4.717824291585));
#5458 = CARTESIAN_POINT('',(0.673198425769,4.783400889878));
#5459 = CARTESIAN_POINT('',(0.897597901026,4.837217537548));
#5460 = CARTESIAN_POINT('',(1.121997376282,4.874627407578));
#5461 = CARTESIAN_POINT('',(1.346396851538,4.893333699421));
#5462 = CARTESIAN_POINT('',(1.570796326795,4.893333699421));
#5463 = ( GEOMETRIC_REPRESENTATION_CONTEXT(2) 
PARAMETRIC_REPRESENTATION_CONTEXT() REPRESENTATION_CONTEXT('2D SPACE',''
  ) );
#5464 = PCURVE('',#5393,#5465);
#5465 = DEFINITIONAL_REPRESENTATION('',(#5466),#5475);
#5466 = B_SPLINE_CURVE_WITH_KNOTS('',7,(#5467,#5468,#5469,#5470,#5471,
    #5472,#5473,#5474),.UNSPECIFIED.,.F.,.F.,(8,8),(4.712388980385,
    6.28318530718),.PIECEWISE_BEZIER_KNOTS.);
#5467 = CARTESIAN_POINT('',(0.,-4.263256414561E-14));
#5468 = CARTESIAN_POINT('',(0.224399475256,-7.145152200232E-02));
#5469 = CARTESIAN_POINT('',(0.448798950513,-0.14290275387));
#5470 = CARTESIAN_POINT('',(0.673198425769,-0.208479352165));
#5471 = CARTESIAN_POINT('',(0.897597901026,-0.262295999831));
#5472 = CARTESIAN_POINT('',(1.121997376282,-0.299705869864));
#5473 = CARTESIAN_POINT('',(1.346396851538,-0.318412161707));
#5474 = CARTESIAN_POINT('',(1.570796326795,-0.318412161707));
#5475 = ( GEOMETRIC_REPRESENTATION_CONTEXT(2) 
PARAMETRIC_REPRESENTATION_CONTEXT() REPRESENTATION_CONTEXT('2D SPACE',''
  ) );
#5476 = ORIENTED_EDGE('',*,*,#5348,.F.);
#5477 = ORIENTED_EDGE('',*,*,#5173,.T.);
#5478 = ORIENTED_EDGE('',*,*,#5139,.T.);
#5479 = ORIENTED_EDGE('',*,*,#5098,.T.);
#5480 = ADVANCED_FACE('',(#5481),#5257,.T.);
#5481 = FACE_BOUND('',#5482,.T.);
#5482 = EDGE_LOOP('',(#5483,#5505,#5546,#5580,#5612,#5613,#5614,#5615));
#5483 = ORIENTED_EDGE('',*,*,#5484,.T.);
#5484 = EDGE_CURVE('',#5213,#5485,#5487,.T.);
#5485 = VERTEX_POINT('',#5486);
#5486 = CARTESIAN_POINT('',(69.811950246817,139.48240091175,4.7625));
#5487 = SEAM_CURVE('',#5488,(#5492,#5498),.PCURVE_S1.);
#5488 = LINE('',#5489,#5490);
#5489 = CARTESIAN_POINT('',(66.514101601721,136.31158060932,4.7625));
#5490 = VECTOR('',#5491,1.);
#5491 = DIRECTION('',(0.720853596703,0.693087362546,0.));
#5492 = PCURVE('',#5257,#5493);
#5493 = DEFINITIONAL_REPRESENTATION('',(#5494),#5497);
#5494 = B_SPLINE_CURVE_WITH_KNOTS('',1,(#5495,#5496),.UNSPECIFIED.,.F.,
  .F.,(2,2),(-1.760704523206,6.335626060921),.PIECEWISE_BEZIER_KNOTS.);
#5495 = CARTESIAN_POINT('',(6.28318530718,-1.760704523206));
#5496 = CARTESIAN_POINT('',(6.28318530718,6.335626060921));
#5497 = ( GEOMETRIC_REPRESENTATION_CONTEXT(2) 
PARAMETRIC_REPRESENTATION_CONTEXT() REPRESENTATION_CONTEXT('2D SPACE',''
  ) );
#5498 = PCURVE('',#5257,#5499);
#5499 = DEFINITIONAL_REPRESENTATION('',(#5500),#5504);
#5500 = LINE('',#5501,#5502);
#5501 = CARTESIAN_POINT('',(0.,0.));
#5502 = VECTOR('',#5503,1.);
#5503 = DIRECTION('',(0.,1.));
#5504 = ( GEOMETRIC_REPRESENTATION_CONTEXT(2) 
PARAMETRIC_REPRESENTATION_CONTEXT() REPRESENTATION_CONTEXT('2D SPACE',''
  ) );
#5505 = ORIENTED_EDGE('',*,*,#5506,.F.);
#5506 = EDGE_CURVE('',#5507,#5485,#5509,.T.);
#5507 = VERTEX_POINT('',#5508);
#5508 = CARTESIAN_POINT('',(69.811950246817,139.48240091175,-4.7625));
#5509 = SURFACE_CURVE('',#5510,(#5515,#5528),.PCURVE_S1.);
#5510 = ELLIPSE('',#5511,4.773132363001,4.7625);
#5511 = AXIS2_PLACEMENT_3D('',#5512,#5513,#5514);
#5512 = CARTESIAN_POINT('',(69.811950246817,139.48240091175,0.));
#5513 = DIRECTION('',(0.67301251351,0.739631094979,0.));
#5514 = DIRECTION('',(0.739631094979,-0.67301251351,0.));
#5515 = PCURVE('',#5257,#5516);
#5516 = DEFINITIONAL_REPRESENTATION('',(#5517),#5527);
#5517 = B_SPLINE_CURVE_WITH_KNOTS('',8,(#5518,#5519,#5520,#5521,#5522,
    #5523,#5524,#5525,#5526),.UNSPECIFIED.,.F.,.F.,(9,9),(1.570796326795
    ,4.712388980385),.PIECEWISE_BEZIER_KNOTS.);
#5518 = CARTESIAN_POINT('',(3.14159265359,4.574921537715));
#5519 = CARTESIAN_POINT('',(3.534291735289,4.449881374211));
#5520 = CARTESIAN_POINT('',(3.926990816987,4.324840213695));
#5521 = CARTESIAN_POINT('',(4.319689898692,4.229193010979));
#5522 = CARTESIAN_POINT('',(4.712388980384,4.192254264641));
#5523 = CARTESIAN_POINT('',(5.105088062086,4.22919301098));
#5524 = CARTESIAN_POINT('',(5.497787143782,4.324840213694));
#5525 = CARTESIAN_POINT('',(5.890486225481,4.449881374211));
#5526 = CARTESIAN_POINT('',(6.28318530718,4.574921537715));
#5527 = ( GEOMETRIC_REPRESENTATION_CONTEXT(2) 
PARAMETRIC_REPRESENTATION_CONTEXT() REPRESENTATION_CONTEXT('2D SPACE',''
  ) );
#5528 = PCURVE('',#5529,#5534);
#5529 = CYLINDRICAL_SURFACE('',#5530,4.7625);
#5530 = AXIS2_PLACEMENT_3D('',#5531,#5532,#5533);
#5531 = CARTESIAN_POINT('',(69.811950246817,139.48240091175,0.));
#5532 = DIRECTION('',(0.622173100162,0.782879705596,0.));
#5533 = DIRECTION('',(8.691710746648E-17,-6.907509011025E-17,1.));
#5534 = DEFINITIONAL_REPRESENTATION('',(#5535),#5545);
#5535 = B_SPLINE_CURVE_WITH_KNOTS('',8,(#5536,#5537,#5538,#5539,#5540,
    #5541,#5542,#5543,#5544),.UNSPECIFIED.,.F.,.F.,(9,9),(1.570796326795
    ,4.712388980385),.PIECEWISE_BEZIER_KNOTS.);
#5536 = CARTESIAN_POINT('',(3.14159265359,2.84217094304E-14));
#5537 = CARTESIAN_POINT('',(3.534291735289,0.125040163504));
#5538 = CARTESIAN_POINT('',(3.926990816987,0.250081324017));
#5539 = CARTESIAN_POINT('',(4.319689898693,0.345728526736));
#5540 = CARTESIAN_POINT('',(4.712388980384,0.382667273062));
#5541 = CARTESIAN_POINT('',(5.105088062088,0.345728526735));
#5542 = CARTESIAN_POINT('',(5.497787143782,0.250081324017));
#5543 = CARTESIAN_POINT('',(5.890486225481,0.125040163504));
#5544 = CARTESIAN_POINT('',(6.28318530718,2.84217094304E-14));
#5545 = ( GEOMETRIC_REPRESENTATION_CONTEXT(2) 
PARAMETRIC_REPRESENTATION_CONTEXT() REPRESENTATION_CONTEXT('2D SPACE',''
  ) );
#5546 = ORIENTED_EDGE('',*,*,#5547,.F.);
#5547 = EDGE_CURVE('',#5548,#5507,#5550,.T.);
#5548 = VERTEX_POINT('',#5549);
#5549 = CARTESIAN_POINT('',(73.34230736294,136.27002310281,
    5.832380380939E-16));
#5550 = SURFACE_CURVE('',#5551,(#5556,#5568),.PCURVE_S1.);
#5551 = ELLIPSE('',#5552,4.773132363001,4.7625);
#5552 = AXIS2_PLACEMENT_3D('',#5553,#5554,#5555);
#5553 = CARTESIAN_POINT('',(69.811950246817,139.48240091175,0.));
#5554 = DIRECTION('',(0.67301251351,0.739631094979,0.));
#5555 = DIRECTION('',(0.739631094979,-0.67301251351,0.));
#5556 = PCURVE('',#5257,#5557);
#5557 = DEFINITIONAL_REPRESENTATION('',(#5558),#5567);
#5558 = B_SPLINE_CURVE_WITH_KNOTS('',7,(#5559,#5560,#5561,#5562,#5563,
    #5564,#5565,#5566),.UNSPECIFIED.,.F.,.F.,(8,8),(0.,1.570796326795),
  .PIECEWISE_BEZIER_KNOTS.);
#5559 = CARTESIAN_POINT('',(1.570796326795,4.893333699422));
#5560 = CARTESIAN_POINT('',(1.795195802051,4.893333699422));
#5561 = CARTESIAN_POINT('',(2.019595277307,4.874627407578));
#5562 = CARTESIAN_POINT('',(2.243994752565,4.837217537546));
#5563 = CARTESIAN_POINT('',(2.46839422782,4.78340088988));
#5564 = CARTESIAN_POINT('',(2.692793703077,4.717824291584));
#5565 = CARTESIAN_POINT('',(2.917193178333,4.646373059717));
#5566 = CARTESIAN_POINT('',(3.14159265359,4.574921537715));
#5567 = ( GEOMETRIC_REPRESENTATION_CONTEXT(2) 
PARAMETRIC_REPRESENTATION_CONTEXT() REPRESENTATION_CONTEXT('2D SPACE',''
  ) );
#5568 = PCURVE('',#5529,#5569);
#5569 = DEFINITIONAL_REPRESENTATION('',(#5570),#5579);
#5570 = B_SPLINE_CURVE_WITH_KNOTS('',7,(#5571,#5572,#5573,#5574,#5575,
    #5576,#5577,#5578),.UNSPECIFIED.,.F.,.F.,(8,8),(0.,1.570796326795),
  .PIECEWISE_BEZIER_KNOTS.);
#5571 = CARTESIAN_POINT('',(1.570796326795,-0.318412161707));
#5572 = CARTESIAN_POINT('',(1.795195802051,-0.318412161707));
#5573 = CARTESIAN_POINT('',(2.019595277307,-0.299705869864));
#5574 = CARTESIAN_POINT('',(2.243994752565,-0.262295999831));
#5575 = CARTESIAN_POINT('',(2.46839422782,-0.208479352165));
#5576 = CARTESIAN_POINT('',(2.692793703077,-0.142902753869));
#5577 = CARTESIAN_POINT('',(2.917193178333,-7.145152200225E-02));
#5578 = CARTESIAN_POINT('',(3.14159265359,2.84217094304E-14));
#5579 = ( GEOMETRIC_REPRESENTATION_CONTEXT(2) 
PARAMETRIC_REPRESENTATION_CONTEXT() REPRESENTATION_CONTEXT('2D SPACE',''
  ) );
#5580 = ORIENTED_EDGE('',*,*,#5581,.F.);
#5581 = EDGE_CURVE('',#5485,#5548,#5582,.T.);
#5582 = SURFACE_CURVE('',#5583,(#5588,#5600),.PCURVE_S1.);
#5583 = ELLIPSE('',#5584,4.773132363001,4.7625);
#5584 = AXIS2_PLACEMENT_3D('',#5585,#5586,#5587);
#5585 = CARTESIAN_POINT('',(69.811950246817,139.48240091175,0.));
#5586 = DIRECTION('',(0.67301251351,0.739631094979,0.));
#5587 = DIRECTION('',(0.739631094979,-0.67301251351,0.));
#5588 = PCURVE('',#5257,#5589);
#5589 = DEFINITIONAL_REPRESENTATION('',(#5590),#5599);
#5590 = B_SPLINE_CURVE_WITH_KNOTS('',7,(#5591,#5592,#5593,#5594,#5595,
    #5596,#5597,#5598),.UNSPECIFIED.,.F.,.F.,(8,8),(4.712388980385,
    6.28318530718),.PIECEWISE_BEZIER_KNOTS.);
#5591 = CARTESIAN_POINT('',(1.49195325094E-15,4.574921537715));
#5592 = CARTESIAN_POINT('',(0.224399475256,4.646373059717));
#5593 = CARTESIAN_POINT('',(0.448798950513,4.717824291585));
#5594 = CARTESIAN_POINT('',(0.673198425769,4.783400889879));
#5595 = CARTESIAN_POINT('',(0.897597901026,4.837217537548));
#5596 = CARTESIAN_POINT('',(1.121997376282,4.874627407578));
#5597 = CARTESIAN_POINT('',(1.346396851538,4.893333699422));
#5598 = CARTESIAN_POINT('',(1.570796326795,4.893333699422));
#5599 = ( GEOMETRIC_REPRESENTATION_CONTEXT(2) 
PARAMETRIC_REPRESENTATION_CONTEXT() REPRESENTATION_CONTEXT('2D SPACE',''
  ) );
#5600 = PCURVE('',#5529,#5601);
#5601 = DEFINITIONAL_REPRESENTATION('',(#5602),#5611);
#5602 = B_SPLINE_CURVE_WITH_KNOTS('',7,(#5603,#5604,#5605,#5606,#5607,
    #5608,#5609,#5610),.UNSPECIFIED.,.F.,.F.,(8,8),(4.712388980385,
    6.28318530718),.PIECEWISE_BEZIER_KNOTS.);
#5603 = CARTESIAN_POINT('',(2.98390650188E-15,2.84217094304E-14));
#5604 = CARTESIAN_POINT('',(0.224399475256,-7.145152200225E-02));
#5605 = CARTESIAN_POINT('',(0.448798950513,-0.142902753869));
#5606 = CARTESIAN_POINT('',(0.673198425769,-0.208479352165));
#5607 = CARTESIAN_POINT('',(0.897597901026,-0.262295999831));
#5608 = CARTESIAN_POINT('',(1.121997376282,-0.299705869864));
#5609 = CARTESIAN_POINT('',(1.346396851538,-0.318412161707));
#5610 = CARTESIAN_POINT('',(1.570796326795,-0.318412161707));
#5611 = ( GEOMETRIC_REPRESENTATION_CONTEXT(2) 
PARAMETRIC_REPRESENTATION_CONTEXT() REPRESENTATION_CONTEXT('2D SPACE',''
  ) );
#5612 = ORIENTED_EDGE('',*,*,#5484,.F.);
#5613 = ORIENTED_EDGE('',*,*,#5309,.T.);
#5614 = ORIENTED_EDGE('',*,*,#5275,.T.);
#5615 = ORIENTED_EDGE('',*,*,#5234,.T.);
#5616 = ADVANCED_FACE('',(#5617),#5393,.T.);
#5617 = FACE_BOUND('',#5618,.T.);
#5618 = EDGE_LOOP('',(#5619,#5641,#5682,#5716,#5748,#5749,#5750,#5751));
#5619 = ORIENTED_EDGE('',*,*,#5620,.T.);
#5620 = EDGE_CURVE('',#5349,#5621,#5623,.T.);
#5621 = VERTEX_POINT('',#5622);
#5622 = CARTESIAN_POINT('',(72.658343362935,59.244014138322,4.7625));
#5623 = SEAM_CURVE('',#5624,(#5628,#5634),.PCURVE_S1.);
#5624 = LINE('',#5625,#5626);
#5625 = CARTESIAN_POINT('',(69.811950246817,55.66240091175,4.7625));
#5626 = VECTOR('',#5627,1.);
#5627 = DIRECTION('',(0.622173100162,0.782879705596,0.));
#5628 = PCURVE('',#5393,#5629);
#5629 = DEFINITIONAL_REPRESENTATION('',(#5630),#5633);
#5630 = B_SPLINE_CURVE_WITH_KNOTS('',1,(#5631,#5632),.UNSPECIFIED.,.F.,
  .F.,(2,2),(-1.760704523206,6.335626060921),.PIECEWISE_BEZIER_KNOTS.);
#5631 = CARTESIAN_POINT('',(6.28318530718,-1.760704523206));
#5632 = CARTESIAN_POINT('',(6.28318530718,6.335626060921));
#5633 = ( GEOMETRIC_REPRESENTATION_CONTEXT(2) 
PARAMETRIC_REPRESENTATION_CONTEXT() REPRESENTATION_CONTEXT('2D SPACE',''
  ) );
#5634 = PCURVE('',#5393,#5635);
#5635 = DEFINITIONAL_REPRESENTATION('',(#5636),#5640);
#5636 = LINE('',#5637,#5638);
#5637 = CARTESIAN_POINT('',(0.,0.));
#5638 = VECTOR('',#5639,1.);
#5639 = DIRECTION('',(0.,1.));
#5640 = ( GEOMETRIC_REPRESENTATION_CONTEXT(2) 
PARAMETRIC_REPRESENTATION_CONTEXT() REPRESENTATION_CONTEXT('2D SPACE',''
  ) );
#5641 = ORIENTED_EDGE('',*,*,#5642,.F.);
#5642 = EDGE_CURVE('',#5643,#5621,#5645,.T.);
#5643 = VERTEX_POINT('',#5644);
#5644 = CARTESIAN_POINT('',(72.658343362935,59.244014138322,-4.7625));
#5645 = SURFACE_CURVE('',#5646,(#5651,#5664),.PCURVE_S1.);
#5646 = ELLIPSE('',#5647,4.773132363001,4.7625);
#5647 = AXIS2_PLACEMENT_3D('',#5648,#5649,#5650);
#5648 = CARTESIAN_POINT('',(72.658343362935,59.244014138322,0.));
#5649 = DIRECTION('',(0.568561850734,0.822640518021,0.));
#5650 = DIRECTION('',(0.822640518021,-0.568561850734,0.));
#5651 = PCURVE('',#5393,#5652);
#5652 = DEFINITIONAL_REPRESENTATION('',(#5653),#5663);
#5653 = B_SPLINE_CURVE_WITH_KNOTS('',8,(#5654,#5655,#5656,#5657,#5658,
    #5659,#5660,#5661,#5662),.UNSPECIFIED.,.F.,.F.,(9,9),(1.570796326795
    ,4.712388980385),.PIECEWISE_BEZIER_KNOTS.);
#5654 = CARTESIAN_POINT('',(3.14159265359,4.574921537715));
#5655 = CARTESIAN_POINT('',(3.534291735289,4.449881374211));
#5656 = CARTESIAN_POINT('',(3.926990816988,4.324840213697));
#5657 = CARTESIAN_POINT('',(4.319689898684,4.229193010967));
#5658 = CARTESIAN_POINT('',(4.712388980392,4.19225426466));
#5659 = CARTESIAN_POINT('',(5.105088062083,4.22919301097));
#5660 = CARTESIAN_POINT('',(5.497787143783,4.324840213697));
#5661 = CARTESIAN_POINT('',(5.890486225481,4.449881374211));
#5662 = CARTESIAN_POINT('',(6.28318530718,4.574921537715));
#5663 = ( GEOMETRIC_REPRESENTATION_CONTEXT(2) 
PARAMETRIC_REPRESENTATION_CONTEXT() REPRESENTATION_CONTEXT('2D SPACE',''
  ) );
#5664 = PCURVE('',#5665,#5670);
#5665 = CYLINDRICAL_SURFACE('',#5666,4.7625);
#5666 = AXIS2_PLACEMENT_3D('',#5667,#5668,#5669);
#5667 = CARTESIAN_POINT('',(72.658343362935,59.244014138322,0.));
#5668 = DIRECTION('',(0.512417608074,0.858736394323,0.));
#5669 = DIRECTION('',(9.533889170613E-17,-5.688978267076E-17,1.));
#5670 = DEFINITIONAL_REPRESENTATION('',(#5671),#5681);
#5671 = B_SPLINE_CURVE_WITH_KNOTS('',8,(#5672,#5673,#5674,#5675,#5676,
    #5677,#5678,#5679,#5680),.UNSPECIFIED.,.F.,.F.,(9,9),(1.570796326795
    ,4.712388980385),.PIECEWISE_BEZIER_KNOTS.);
#5672 = CARTESIAN_POINT('',(3.14159265359,0.));
#5673 = CARTESIAN_POINT('',(3.534291735289,0.125040163504));
#5674 = CARTESIAN_POINT('',(3.926990816986,0.250081324018));
#5675 = CARTESIAN_POINT('',(4.319689898692,0.345728526733));
#5676 = CARTESIAN_POINT('',(4.712388980382,0.382667273064));
#5677 = CARTESIAN_POINT('',(5.10508806209,0.345728526734));
#5678 = CARTESIAN_POINT('',(5.497787143781,0.250081324018));
#5679 = CARTESIAN_POINT('',(5.890486225481,0.125040163504));
#5680 = CARTESIAN_POINT('',(6.28318530718,0.));
#5681 = ( GEOMETRIC_REPRESENTATION_CONTEXT(2) 
PARAMETRIC_REPRESENTATION_CONTEXT() REPRESENTATION_CONTEXT('2D SPACE',''
  ) );
#5682 = ORIENTED_EDGE('',*,*,#5683,.F.);
#5683 = EDGE_CURVE('',#5684,#5643,#5686,.T.);
#5684 = VERTEX_POINT('',#5685);
#5685 = CARTESIAN_POINT('',(76.584915442616,56.530193168215,
    5.832380380939E-16));
#5686 = SURFACE_CURVE('',#5687,(#5692,#5704),.PCURVE_S1.);
#5687 = ELLIPSE('',#5688,4.773132363001,4.7625);
#5688 = AXIS2_PLACEMENT_3D('',#5689,#5690,#5691);
#5689 = CARTESIAN_POINT('',(72.658343362935,59.244014138322,0.));
#5690 = DIRECTION('',(0.568561850734,0.822640518021,0.));
#5691 = DIRECTION('',(0.822640518021,-0.568561850734,0.));
#5692 = PCURVE('',#5393,#5693);
#5693 = DEFINITIONAL_REPRESENTATION('',(#5694),#5703);
#5694 = B_SPLINE_CURVE_WITH_KNOTS('',7,(#5695,#5696,#5697,#5698,#5699,
    #5700,#5701,#5702),.UNSPECIFIED.,.F.,.F.,(8,8),(0.,1.570796326795),
  .PIECEWISE_BEZIER_KNOTS.);
#5695 = CARTESIAN_POINT('',(1.570796326795,4.893333699421));
#5696 = CARTESIAN_POINT('',(1.795195802051,4.893333699421));
#5697 = CARTESIAN_POINT('',(2.019595277308,4.874627407579));
#5698 = CARTESIAN_POINT('',(2.243994752565,4.837217537543));
#5699 = CARTESIAN_POINT('',(2.46839422782,4.783400889883));
#5700 = CARTESIAN_POINT('',(2.692793703077,4.717824291583));
#5701 = CARTESIAN_POINT('',(2.917193178333,4.646373059717));
#5702 = CARTESIAN_POINT('',(3.14159265359,4.574921537715));
#5703 = ( GEOMETRIC_REPRESENTATION_CONTEXT(2) 
PARAMETRIC_REPRESENTATION_CONTEXT() REPRESENTATION_CONTEXT('2D SPACE',''
  ) );
#5704 = PCURVE('',#5665,#5705);
#5705 = DEFINITIONAL_REPRESENTATION('',(#5706),#5715);
#5706 = B_SPLINE_CURVE_WITH_KNOTS('',7,(#5707,#5708,#5709,#5710,#5711,
    #5712,#5713,#5714),.UNSPECIFIED.,.F.,.F.,(8,8),(0.,1.570796326795),
  .PIECEWISE_BEZIER_KNOTS.);
#5707 = CARTESIAN_POINT('',(1.570796326795,-0.318412161707));
#5708 = CARTESIAN_POINT('',(1.795195802051,-0.318412161707));
#5709 = CARTESIAN_POINT('',(2.019595277308,-0.299705869864));
#5710 = CARTESIAN_POINT('',(2.243994752564,-0.262295999831));
#5711 = CARTESIAN_POINT('',(2.468394227821,-0.208479352165));
#5712 = CARTESIAN_POINT('',(2.692793703077,-0.142902753869));
#5713 = CARTESIAN_POINT('',(2.917193178333,-7.145152200227E-02));
#5714 = CARTESIAN_POINT('',(3.14159265359,0.));
#5715 = ( GEOMETRIC_REPRESENTATION_CONTEXT(2) 
PARAMETRIC_REPRESENTATION_CONTEXT() REPRESENTATION_CONTEXT('2D SPACE',''
  ) );
#5716 = ORIENTED_EDGE('',*,*,#5717,.F.);
#5717 = EDGE_CURVE('',#5621,#5684,#5718,.T.);
#5718 = SURFACE_CURVE('',#5719,(#5724,#5736),.PCURVE_S1.);
#5719 = ELLIPSE('',#5720,4.773132363001,4.7625);
#5720 = AXIS2_PLACEMENT_3D('',#5721,#5722,#5723);
#5721 = CARTESIAN_POINT('',(72.658343362935,59.244014138322,0.));
#5722 = DIRECTION('',(0.568561850734,0.822640518021,0.));
#5723 = DIRECTION('',(0.822640518021,-0.568561850734,0.));
#5724 = PCURVE('',#5393,#5725);
#5725 = DEFINITIONAL_REPRESENTATION('',(#5726),#5735);
#5726 = B_SPLINE_CURVE_WITH_KNOTS('',7,(#5727,#5728,#5729,#5730,#5731,
    #5732,#5733,#5734),.UNSPECIFIED.,.F.,.F.,(8,8),(4.712388980385,
    6.28318530718),.PIECEWISE_BEZIER_KNOTS.);
#5727 = CARTESIAN_POINT('',(7.459766254699E-16,4.574921537715));
#5728 = CARTESIAN_POINT('',(0.224399475256,4.646373059717));
#5729 = CARTESIAN_POINT('',(0.448798950513,4.717824291584));
#5730 = CARTESIAN_POINT('',(0.67319842577,4.783400889882));
#5731 = CARTESIAN_POINT('',(0.897597901026,4.837217537545));
#5732 = CARTESIAN_POINT('',(1.121997376282,4.874627407579));
#5733 = CARTESIAN_POINT('',(1.346396851538,4.893333699421));
#5734 = CARTESIAN_POINT('',(1.570796326795,4.893333699421));
#5735 = ( GEOMETRIC_REPRESENTATION_CONTEXT(2) 
PARAMETRIC_REPRESENTATION_CONTEXT() REPRESENTATION_CONTEXT('2D SPACE',''
  ) );
#5736 = PCURVE('',#5665,#5737);
#5737 = DEFINITIONAL_REPRESENTATION('',(#5738),#5747);
#5738 = B_SPLINE_CURVE_WITH_KNOTS('',7,(#5739,#5740,#5741,#5742,#5743,
    #5744,#5745,#5746),.UNSPECIFIED.,.F.,.F.,(8,8),(4.712388980385,
    6.28318530718),.PIECEWISE_BEZIER_KNOTS.);
#5739 = CARTESIAN_POINT('',(0.,0.));
#5740 = CARTESIAN_POINT('',(0.224399475256,-7.145152200227E-02));
#5741 = CARTESIAN_POINT('',(0.448798950513,-0.142902753869));
#5742 = CARTESIAN_POINT('',(0.673198425769,-0.208479352165));
#5743 = CARTESIAN_POINT('',(0.897597901026,-0.262295999831));
#5744 = CARTESIAN_POINT('',(1.121997376282,-0.299705869864));
#5745 = CARTESIAN_POINT('',(1.346396851538,-0.318412161707));
#5746 = CARTESIAN_POINT('',(1.570796326795,-0.318412161707));
#5747 = ( GEOMETRIC_REPRESENTATION_CONTEXT(2) 
PARAMETRIC_REPRESENTATION_CONTEXT() REPRESENTATION_CONTEXT('2D SPACE',''
  ) );
#5748 = ORIENTED_EDGE('',*,*,#5620,.F.);
#5749 = ORIENTED_EDGE('',*,*,#5445,.T.);
#5750 = ORIENTED_EDGE('',*,*,#5411,.T.);
#5751 = ORIENTED_EDGE('',*,*,#5370,.T.);
#5752 = ADVANCED_FACE('',(#5753),#5529,.T.);
#5753 = FACE_BOUND('',#5754,.T.);
#5754 = EDGE_LOOP('',(#5755,#5777,#5818,#5852,#5884,#5885,#5886,#5887));
#5755 = ORIENTED_EDGE('',*,*,#5756,.T.);
#5756 = EDGE_CURVE('',#5485,#5757,#5759,.T.);
#5757 = VERTEX_POINT('',#5758);
#5758 = CARTESIAN_POINT('',(72.658343362935,143.06401413832,4.7625));
#5759 = SEAM_CURVE('',#5760,(#5764,#5770),.PCURVE_S1.);
#5760 = LINE('',#5761,#5762);
#5761 = CARTESIAN_POINT('',(69.811950246817,139.48240091175,4.7625));
#5762 = VECTOR('',#5763,1.);
#5763 = DIRECTION('',(0.622173100162,0.782879705596,0.));
#5764 = PCURVE('',#5529,#5765);
#5765 = DEFINITIONAL_REPRESENTATION('',(#5766),#5769);
#5766 = B_SPLINE_CURVE_WITH_KNOTS('',1,(#5767,#5768),.UNSPECIFIED.,.F.,
  .F.,(2,2),(-1.760704523206,6.335626060921),.PIECEWISE_BEZIER_KNOTS.);
#5767 = CARTESIAN_POINT('',(6.28318530718,-1.760704523206));
#5768 = CARTESIAN_POINT('',(6.28318530718,6.335626060921));
#5769 = ( GEOMETRIC_REPRESENTATION_CONTEXT(2) 
PARAMETRIC_REPRESENTATION_CONTEXT() REPRESENTATION_CONTEXT('2D SPACE',''
  ) );
#5770 = PCURVE('',#5529,#5771);
#5771 = DEFINITIONAL_REPRESENTATION('',(#5772),#5776);
#5772 = LINE('',#5773,#5774);
#5773 = CARTESIAN_POINT('',(0.,0.));
#5774 = VECTOR('',#5775,1.);
#5775 = DIRECTION('',(0.,1.));
#5776 = ( GEOMETRIC_REPRESENTATION_CONTEXT(2) 
PARAMETRIC_REPRESENTATION_CONTEXT() REPRESENTATION_CONTEXT('2D SPACE',''
  ) );
#5777 = ORIENTED_EDGE('',*,*,#5778,.F.);
#5778 = EDGE_CURVE('',#5779,#5757,#5781,.T.);
#5779 = VERTEX_POINT('',#5780);
#5780 = CARTESIAN_POINT('',(72.658343362935,143.06401413832,-4.7625));
#5781 = SURFACE_CURVE('',#5782,(#5787,#5800),.PCURVE_S1.);
#5782 = ELLIPSE('',#5783,4.773132363001,4.7625);
#5783 = AXIS2_PLACEMENT_3D('',#5784,#5785,#5786);
#5784 = CARTESIAN_POINT('',(72.658343362935,143.06401413832,0.));
#5785 = DIRECTION('',(0.568561850734,0.822640518021,0.));
#5786 = DIRECTION('',(0.822640518021,-0.568561850734,0.));
#5787 = PCURVE('',#5529,#5788);
#5788 = DEFINITIONAL_REPRESENTATION('',(#5789),#5799);
#5789 = B_SPLINE_CURVE_WITH_KNOTS('',8,(#5790,#5791,#5792,#5793,#5794,
    #5795,#5796,#5797,#5798),.UNSPECIFIED.,.F.,.F.,(9,9),(1.570796326795
    ,4.712388980385),.PIECEWISE_BEZIER_KNOTS.);
#5790 = CARTESIAN_POINT('',(3.14159265359,4.574921537715));
#5791 = CARTESIAN_POINT('',(3.534291735289,4.449881374211));
#5792 = CARTESIAN_POINT('',(3.926990816982,4.324840213691));
#5793 = CARTESIAN_POINT('',(4.319689898691,4.229193010986));
#5794 = CARTESIAN_POINT('',(4.712388980356,4.192254264621));
#5795 = CARTESIAN_POINT('',(5.105088062084,4.229193010988));
#5796 = CARTESIAN_POINT('',(5.497787143777,4.324840213692));
#5797 = CARTESIAN_POINT('',(5.890486225481,4.449881374211));
#5798 = CARTESIAN_POINT('',(6.28318530718,4.574921537715));
#5799 = ( GEOMETRIC_REPRESENTATION_CONTEXT(2) 
PARAMETRIC_REPRESENTATION_CONTEXT() REPRESENTATION_CONTEXT('2D SPACE',''
  ) );
#5800 = PCURVE('',#5801,#5806);
#5801 = CYLINDRICAL_SURFACE('',#5802,4.7625);
#5802 = AXIS2_PLACEMENT_3D('',#5803,#5804,#5805);
#5803 = CARTESIAN_POINT('',(72.658343362935,143.06401413832,0.));
#5804 = DIRECTION('',(0.512417608074,0.858736394323,0.));
#5805 = DIRECTION('',(9.533889170613E-17,-5.688978267076E-17,1.));
#5806 = DEFINITIONAL_REPRESENTATION('',(#5807),#5817);
#5807 = B_SPLINE_CURVE_WITH_KNOTS('',8,(#5808,#5809,#5810,#5811,#5812,
    #5813,#5814,#5815,#5816),.UNSPECIFIED.,.F.,.F.,(9,9),(1.570796326795
    ,4.712388980385),.PIECEWISE_BEZIER_KNOTS.);
#5808 = CARTESIAN_POINT('',(3.14159265359,3.979039320257E-13));
#5809 = CARTESIAN_POINT('',(3.534291735289,0.125040163504));
#5810 = CARTESIAN_POINT('',(3.926990816981,0.250081324017));
#5811 = CARTESIAN_POINT('',(4.319689898694,0.345728526737));
#5812 = CARTESIAN_POINT('',(4.712388980352,0.382667273061));
#5813 = CARTESIAN_POINT('',(5.105088062087,0.345728526736));
#5814 = CARTESIAN_POINT('',(5.497787143776,0.250081324017));
#5815 = CARTESIAN_POINT('',(5.890486225481,0.125040163504));
#5816 = CARTESIAN_POINT('',(6.28318530718,3.979039320257E-13));
#5817 = ( GEOMETRIC_REPRESENTATION_CONTEXT(2) 
PARAMETRIC_REPRESENTATION_CONTEXT() REPRESENTATION_CONTEXT('2D SPACE',''
  ) );
#5818 = ORIENTED_EDGE('',*,*,#5819,.F.);
#5819 = EDGE_CURVE('',#5820,#5779,#5822,.T.);
#5820 = VERTEX_POINT('',#5821);
#5821 = CARTESIAN_POINT('',(76.584915442616,140.35019316821,
    5.832380380939E-16));
#5822 = SURFACE_CURVE('',#5823,(#5828,#5840),.PCURVE_S1.);
#5823 = ELLIPSE('',#5824,4.773132363001,4.7625);
#5824 = AXIS2_PLACEMENT_3D('',#5825,#5826,#5827);
#5825 = CARTESIAN_POINT('',(72.658343362935,143.06401413832,0.));
#5826 = DIRECTION('',(0.568561850734,0.822640518021,0.));
#5827 = DIRECTION('',(0.822640518021,-0.568561850734,0.));
#5828 = PCURVE('',#5529,#5829);
#5829 = DEFINITIONAL_REPRESENTATION('',(#5830),#5839);
#5830 = B_SPLINE_CURVE_WITH_KNOTS('',7,(#5831,#5832,#5833,#5834,#5835,
    #5836,#5837,#5838),.UNSPECIFIED.,.F.,.F.,(8,8),(0.,1.570796326795),
  .PIECEWISE_BEZIER_KNOTS.);
#5831 = CARTESIAN_POINT('',(1.570796326795,4.893333699422));
#5832 = CARTESIAN_POINT('',(1.795195802051,4.893333699422));
#5833 = CARTESIAN_POINT('',(2.019595277308,4.874627407578));
#5834 = CARTESIAN_POINT('',(2.243994752564,4.837217537546));
#5835 = CARTESIAN_POINT('',(2.468394227821,4.78340088988));
#5836 = CARTESIAN_POINT('',(2.692793703077,4.717824291584));
#5837 = CARTESIAN_POINT('',(2.917193178333,4.646373059717));
#5838 = CARTESIAN_POINT('',(3.14159265359,4.574921537715));
#5839 = ( GEOMETRIC_REPRESENTATION_CONTEXT(2) 
PARAMETRIC_REPRESENTATION_CONTEXT() REPRESENTATION_CONTEXT('2D SPACE',''
  ) );
#5840 = PCURVE('',#5801,#5841);
#5841 = DEFINITIONAL_REPRESENTATION('',(#5842),#5851);
#5842 = B_SPLINE_CURVE_WITH_KNOTS('',7,(#5843,#5844,#5845,#5846,#5847,
    #5848,#5849,#5850),.UNSPECIFIED.,.F.,.F.,(8,8),(0.,1.570796326795),
  .PIECEWISE_BEZIER_KNOTS.);
#5843 = CARTESIAN_POINT('',(1.570796326795,-0.318412161706));
#5844 = CARTESIAN_POINT('',(1.795195802051,-0.318412161706));
#5845 = CARTESIAN_POINT('',(2.019595277308,-0.299705869864));
#5846 = CARTESIAN_POINT('',(2.243994752563,-0.26229599983));
#5847 = CARTESIAN_POINT('',(2.468394227822,-0.208479352165));
#5848 = CARTESIAN_POINT('',(2.692793703076,-0.142902753869));
#5849 = CARTESIAN_POINT('',(2.917193178333,-7.145152200186E-02));
#5850 = CARTESIAN_POINT('',(3.14159265359,3.979039320257E-13));
#5851 = ( GEOMETRIC_REPRESENTATION_CONTEXT(2) 
PARAMETRIC_REPRESENTATION_CONTEXT() REPRESENTATION_CONTEXT('2D SPACE',''
  ) );
#5852 = ORIENTED_EDGE('',*,*,#5853,.F.);
#5853 = EDGE_CURVE('',#5757,#5820,#5854,.T.);
#5854 = SURFACE_CURVE('',#5855,(#5860,#5872),.PCURVE_S1.);
#5855 = ELLIPSE('',#5856,4.773132363001,4.7625);
#5856 = AXIS2_PLACEMENT_3D('',#5857,#5858,#5859);
#5857 = CARTESIAN_POINT('',(72.658343362935,143.06401413832,0.));
#5858 = DIRECTION('',(0.568561850734,0.822640518021,0.));
#5859 = DIRECTION('',(0.822640518021,-0.568561850734,0.));
#5860 = PCURVE('',#5529,#5861);
#5861 = DEFINITIONAL_REPRESENTATION('',(#5862),#5871);
#5862 = B_SPLINE_CURVE_WITH_KNOTS('',7,(#5863,#5864,#5865,#5866,#5867,
    #5868,#5869,#5870),.UNSPECIFIED.,.F.,.F.,(8,8),(4.712388980385,
    6.28318530718),.PIECEWISE_BEZIER_KNOTS.);
#5863 = CARTESIAN_POINT('',(-2.6645352591E-15,4.574921537715));
#5864 = CARTESIAN_POINT('',(0.224399475256,4.646373059717));
#5865 = CARTESIAN_POINT('',(0.448798950513,4.717824291584));
#5866 = CARTESIAN_POINT('',(0.673198425769,4.783400889882));
#5867 = CARTESIAN_POINT('',(0.897597901026,4.837217537545));
#5868 = CARTESIAN_POINT('',(1.121997376282,4.874627407579));
#5869 = CARTESIAN_POINT('',(1.346396851538,4.893333699422));
#5870 = CARTESIAN_POINT('',(1.570796326795,4.893333699422));
#5871 = ( GEOMETRIC_REPRESENTATION_CONTEXT(2) 
PARAMETRIC_REPRESENTATION_CONTEXT() REPRESENTATION_CONTEXT('2D SPACE',''
  ) );
#5872 = PCURVE('',#5801,#5873);
#5873 = DEFINITIONAL_REPRESENTATION('',(#5874),#5883);
#5874 = B_SPLINE_CURVE_WITH_KNOTS('',7,(#5875,#5876,#5877,#5878,#5879,
    #5880,#5881,#5882),.UNSPECIFIED.,.F.,.F.,(8,8),(4.712388980385,
    6.28318530718),.PIECEWISE_BEZIER_KNOTS.);
#5875 = CARTESIAN_POINT('',(-2.6645352591E-15,3.979039320257E-13));
#5876 = CARTESIAN_POINT('',(0.224399475256,-7.145152200186E-02));
#5877 = CARTESIAN_POINT('',(0.448798950513,-0.142902753869));
#5878 = CARTESIAN_POINT('',(0.673198425769,-0.208479352165));
#5879 = CARTESIAN_POINT('',(0.897597901026,-0.26229599983));
#5880 = CARTESIAN_POINT('',(1.121997376282,-0.299705869864));
#5881 = CARTESIAN_POINT('',(1.346396851538,-0.318412161706));
#5882 = CARTESIAN_POINT('',(1.570796326795,-0.318412161706));
#5883 = ( GEOMETRIC_REPRESENTATION_CONTEXT(2) 
PARAMETRIC_REPRESENTATION_CONTEXT() REPRESENTATION_CONTEXT('2D SPACE',''
  ) );
#5884 = ORIENTED_EDGE('',*,*,#5756,.F.);
#5885 = ORIENTED_EDGE('',*,*,#5581,.T.);
#5886 = ORIENTED_EDGE('',*,*,#5547,.T.);
#5887 = ORIENTED_EDGE('',*,*,#5506,.T.);
#5888 = ADVANCED_FACE('',(#5889),#5665,.T.);
#5889 = FACE_BOUND('',#5890,.T.);
#5890 = EDGE_LOOP('',(#5891,#5913,#5940,#5941,#5942,#5943));
#5891 = ORIENTED_EDGE('',*,*,#5892,.T.);
#5892 = EDGE_CURVE('',#5621,#5893,#5895,.T.);
#5893 = VERTEX_POINT('',#5894);
#5894 = CARTESIAN_POINT('',(75.002613714419,63.172665763931,4.7625));
#5895 = SEAM_CURVE('',#5896,(#5900,#5906),.PCURVE_S1.);
#5896 = LINE('',#5897,#5898);
#5897 = CARTESIAN_POINT('',(72.658343362935,59.244014138322,4.7625));
#5898 = VECTOR('',#5899,1.);
#5899 = DIRECTION('',(0.512417608074,0.858736394323,0.));
#5900 = PCURVE('',#5665,#5901);
#5901 = DEFINITIONAL_REPRESENTATION('',(#5902),#5905);
#5902 = B_SPLINE_CURVE_WITH_KNOTS('',1,(#5903,#5904),.UNSPECIFIED.,.F.,
  .F.,(2,2),(-1.760704523206,4.574921537715),.PIECEWISE_BEZIER_KNOTS.);
#5903 = CARTESIAN_POINT('',(6.28318530718,-1.760704523206));
#5904 = CARTESIAN_POINT('',(6.28318530718,4.574921537715));
#5905 = ( GEOMETRIC_REPRESENTATION_CONTEXT(2) 
PARAMETRIC_REPRESENTATION_CONTEXT() REPRESENTATION_CONTEXT('2D SPACE',''
  ) );
#5906 = PCURVE('',#5665,#5907);
#5907 = DEFINITIONAL_REPRESENTATION('',(#5908),#5912);
#5908 = LINE('',#5909,#5910);
#5909 = CARTESIAN_POINT('',(0.,0.));
#5910 = VECTOR('',#5911,1.);
#5911 = DIRECTION('',(0.,1.));
#5912 = ( GEOMETRIC_REPRESENTATION_CONTEXT(2) 
PARAMETRIC_REPRESENTATION_CONTEXT() REPRESENTATION_CONTEXT('2D SPACE',''
  ) );
#5913 = ORIENTED_EDGE('',*,*,#5914,.F.);
#5914 = EDGE_CURVE('',#5893,#5893,#5915,.T.);
#5915 = SURFACE_CURVE('',#5916,(#5921,#5928),.PCURVE_S1.);
#5916 = CIRCLE('',#5917,4.7625);
#5917 = AXIS2_PLACEMENT_3D('',#5918,#5919,#5920);
#5918 = CARTESIAN_POINT('',(75.002613714419,63.172665763931,0.));
#5919 = DIRECTION('',(0.512417608074,0.858736394323,2.537080675137E-33)
  );
#5920 = DIRECTION('',(9.533889170613E-17,-5.688978267076E-17,1.));
#5921 = PCURVE('',#5665,#5922);
#5922 = DEFINITIONAL_REPRESENTATION('',(#5923),#5927);
#5923 = LINE('',#5924,#5925);
#5924 = CARTESIAN_POINT('',(0.,4.574921537715));
#5925 = VECTOR('',#5926,1.);
#5926 = DIRECTION('',(1.,0.));
#5927 = ( GEOMETRIC_REPRESENTATION_CONTEXT(2) 
PARAMETRIC_REPRESENTATION_CONTEXT() REPRESENTATION_CONTEXT('2D SPACE',''
  ) );
#5928 = PCURVE('',#5929,#5934);
#5929 = PLANE('',#5930);
#5930 = AXIS2_PLACEMENT_3D('',#5931,#5932,#5933);
#5931 = CARTESIAN_POINT('',(75.002613714419,63.172665763931,
    -1.148506148065E-15));
#5932 = DIRECTION('',(0.512417608074,0.858736394323,0.));
#5933 = DIRECTION('',(0.858736394323,-0.512417608074,0.));
#5934 = DEFINITIONAL_REPRESENTATION('',(#5935),#5939);
#5935 = CIRCLE('',#5936,4.7625);
#5936 = AXIS2_PLACEMENT_2D('',#5937,#5938);
#5937 = CARTESIAN_POINT('',(0.,-1.148506148065E-15));
#5938 = DIRECTION('',(1.110223024625E-16,-1.));
#5939 = ( GEOMETRIC_REPRESENTATION_CONTEXT(2) 
PARAMETRIC_REPRESENTATION_CONTEXT() REPRESENTATION_CONTEXT('2D SPACE',''
  ) );
#5940 = ORIENTED_EDGE('',*,*,#5892,.F.);
#5941 = ORIENTED_EDGE('',*,*,#5717,.T.);
#5942 = ORIENTED_EDGE('',*,*,#5683,.T.);
#5943 = ORIENTED_EDGE('',*,*,#5642,.T.);
#5944 = ADVANCED_FACE('',(#5945),#5801,.T.);
#5945 = FACE_BOUND('',#5946,.T.);
#5946 = EDGE_LOOP('',(#5947,#5969,#5996,#5997,#5998,#5999));
#5947 = ORIENTED_EDGE('',*,*,#5948,.T.);
#5948 = EDGE_CURVE('',#5757,#5949,#5951,.T.);
#5949 = VERTEX_POINT('',#5950);
#5950 = CARTESIAN_POINT('',(75.002613714419,146.99266576393,4.7625));
#5951 = SEAM_CURVE('',#5952,(#5956,#5962),.PCURVE_S1.);
#5952 = LINE('',#5953,#5954);
#5953 = CARTESIAN_POINT('',(72.658343362935,143.06401413832,4.7625));
#5954 = VECTOR('',#5955,1.);
#5955 = DIRECTION('',(0.512417608074,0.858736394323,0.));
#5956 = PCURVE('',#5801,#5957);
#5957 = DEFINITIONAL_REPRESENTATION('',(#5958),#5961);
#5958 = B_SPLINE_CURVE_WITH_KNOTS('',1,(#5959,#5960),.UNSPECIFIED.,.F.,
  .F.,(2,2),(-1.760704523206,4.574921537715),.PIECEWISE_BEZIER_KNOTS.);
#5959 = CARTESIAN_POINT('',(6.28318530718,-1.760704523206));
#5960 = CARTESIAN_POINT('',(6.28318530718,4.574921537715));
#5961 = ( GEOMETRIC_REPRESENTATION_CONTEXT(2) 
PARAMETRIC_REPRESENTATION_CONTEXT() REPRESENTATION_CONTEXT('2D SPACE',''
  ) );
#5962 = PCURVE('',#5801,#5963);
#5963 = DEFINITIONAL_REPRESENTATION('',(#5964),#5968);
#5964 = LINE('',#5965,#5966);
#5965 = CARTESIAN_POINT('',(0.,0.));
#5966 = VECTOR('',#5967,1.);
#5967 = DIRECTION('',(0.,1.));
#5968 = ( GEOMETRIC_REPRESENTATION_CONTEXT(2) 
PARAMETRIC_REPRESENTATION_CONTEXT() REPRESENTATION_CONTEXT('2D SPACE',''
  ) );
#5969 = ORIENTED_EDGE('',*,*,#5970,.F.);
#5970 = EDGE_CURVE('',#5949,#5949,#5971,.T.);
#5971 = SURFACE_CURVE('',#5972,(#5977,#5984),.PCURVE_S1.);
#5972 = CIRCLE('',#5973,4.7625);
#5973 = AXIS2_PLACEMENT_3D('',#5974,#5975,#5976);
#5974 = CARTESIAN_POINT('',(75.002613714419,146.99266576393,0.));
#5975 = DIRECTION('',(0.512417608074,0.858736394323,-1.879984739396E-33)
  );
#5976 = DIRECTION('',(9.533889170613E-17,-5.688978267076E-17,1.));
#5977 = PCURVE('',#5801,#5978);
#5978 = DEFINITIONAL_REPRESENTATION('',(#5979),#5983);
#5979 = LINE('',#5980,#5981);
#5980 = CARTESIAN_POINT('',(0.,4.574921537715));
#5981 = VECTOR('',#5982,1.);
#5982 = DIRECTION('',(1.,0.));
#5983 = ( GEOMETRIC_REPRESENTATION_CONTEXT(2) 
PARAMETRIC_REPRESENTATION_CONTEXT() REPRESENTATION_CONTEXT('2D SPACE',''
  ) );
#5984 = PCURVE('',#5985,#5990);
#5985 = PLANE('',#5986);
#5986 = AXIS2_PLACEMENT_3D('',#5987,#5988,#5989);
#5987 = CARTESIAN_POINT('',(75.002613714419,146.99266576393,
    -4.306898055242E-16));
#5988 = DIRECTION('',(0.512417608074,0.858736394323,0.));
#5989 = DIRECTION('',(0.858736394323,-0.512417608074,0.));
#5990 = DEFINITIONAL_REPRESENTATION('',(#5991),#5995);
#5991 = CIRCLE('',#5992,4.7625);
#5992 = AXIS2_PLACEMENT_2D('',#5993,#5994);
#5993 = CARTESIAN_POINT('',(0.,-4.306898055242E-16));
#5994 = DIRECTION('',(1.110223024625E-16,-1.));
#5995 = ( GEOMETRIC_REPRESENTATION_CONTEXT(2) 
PARAMETRIC_REPRESENTATION_CONTEXT() REPRESENTATION_CONTEXT('2D SPACE',''
  ) );
#5996 = ORIENTED_EDGE('',*,*,#5948,.F.);
#5997 = ORIENTED_EDGE('',*,*,#5853,.T.);
#5998 = ORIENTED_EDGE('',*,*,#5819,.T.);
#5999 = ORIENTED_EDGE('',*,*,#5778,.T.);
#6000 = ADVANCED_FACE('',(#6001),#5929,.T.);
#6001 = FACE_BOUND('',#6002,.T.);
#6002 = EDGE_LOOP('',(#6003));
#6003 = ORIENTED_EDGE('',*,*,#5914,.T.);
#6004 = ADVANCED_FACE('',(#6005),#5985,.T.);
#6005 = FACE_BOUND('',#6006,.T.);
#6006 = EDGE_LOOP('',(#6007));
#6007 = ORIENTED_EDGE('',*,*,#5970,.T.);
#6008 = ( GEOMETRIC_REPRESENTATION_CONTEXT(3) 
GLOBAL_UNCERTAINTY_ASSIGNED_CONTEXT((#6012)) 
GLOBAL_UNIT_ASSIGNED_CONTEXT((#6009,#6010,#6011)) REPRESENTATION_CONTEXT
('Context #1','3D Context with UNIT and UNCERTAINTY') );
#6009 = ( LENGTH_UNIT() NAMED_UNIT(*) SI_UNIT(.MILLI.,.METRE.) );
#6010 = ( NAMED_UNIT(*) PLANE_ANGLE_UNIT() SI_UNIT($,.RADIAN.) );
#6011 = ( NAMED_UNIT(*) SI_UNIT($,.STERADIAN.) SOLID_ANGLE_UNIT() );
#6012 = UNCERTAINTY_MEASURE_WITH_UNIT(LENGTH_MEASURE(1.E-07),#6009,
  'distance_accuracy_value','confusion accuracy');
#6013 = PRODUCT_RELATED_PRODUCT_CATEGORY('part',$,(#7));
ENDSEC;
END-ISO-10303-21;
