ISO-10303-21;
HEADER;
FILE_DESCRIPTION(('Open CASCADE Model'),'2;1');
FILE_NAME('Open CASCADE Shape Model','2026-08-21T10:38:20',('Author'),(
    'Open CASCADE'),'Open CASCADE STEP processor 7.7','Open CASCADE 7.7'
  ,'Unknown');
FILE_SCHEMA(('AUTOMOTIVE_DESIGN { 1 0 10303 214 1 1 1 1 }'));
ENDSEC;
DATA;
#1 = APPLICATION_PROTOCOL_DEFINITION('international standard',
  'automotive_design',2000,#2);
#2 = APPLICATION_CONTEXT(
  'core data for automotive mechanical design processes');
#3 = SHAPE_DEFINITION_REPRESENTATION(#4,#10);
#4 = PRODUCT_DEFINITION_SHAPE('','',#5);
#5 = PRODUCT_DEFINITION('design','',#6,#9);
#6 = PRODUCT_DEFINITION_FORMATION('','',#7);
#7 = PRODUCT('Open CASCADE STEP translator 7.7 3',
  'Open CASCADE STEP translator 7.7 3','',(#8));
#8 = PRODUCT_CONTEXT('',#2,'mechanical');
#9 = PRODUCT_DEFINITION_CONTEXT('part definition',#2,'design');
#10 = ADVANCED_BREP_SHAPE_REPRESENTATION('',(#11,#15),#3920);
#11 = AXIS2_PLACEMENT_3D('',#12,#13,#14);
#12 = CARTESIAN_POINT('',(0.,0.,0.));
#13 = DIRECTION('',(0.,0.,1.));
#14 = DIRECTION('',(1.,0.,-0.));
#15 = MANIFOLD_SOLID_BREP('',#16);
#16 = CLOSED_SHELL('',(#17,#184,#320,#456,#592,#728,#864,#1000,#1136,
    #1272,#1408,#1544,#1680,#1816,#1952,#2088,#2224,#2360,#2496,#2632,
    #2768,#2904,#3040,#3176,#3312,#3448,#3584,#3720,#3856,#3912,#3916));
#17 = ADVANCED_FACE('',(#18),#32,.T.);
#18 = FACE_BOUND('',#19,.T.);
#19 = EDGE_LOOP('',(#20,#49,#90,#124,#156,#157));
#20 = ORIENTED_EDGE('',*,*,#21,.T.);
#21 = EDGE_CURVE('',#22,#24,#26,.T.);
#22 = VERTEX_POINT('',#23);
#23 = CARTESIAN_POINT('',(31.897674418605,57.15,-4.7625));
#24 = VERTEX_POINT('',#25);
#25 = CARTESIAN_POINT('',(31.897674418605,-25.25232558139,-4.7625));
#26 = SEAM_CURVE('',#27,(#31,#42),.PCURVE_S1.);
#27 = LINE('',#28,#29);
#28 = CARTESIAN_POINT('',(31.897674418605,57.15,-4.7625));
#29 = VECTOR('',#30,1.);
#30 = DIRECTION('',(0.,-1.,0.));
#31 = PCURVE('',#32,#37);
#32 = CYLINDRICAL_SURFACE('',#33,4.7625);
#33 = AXIS2_PLACEMENT_3D('',#34,#35,#36);
#34 = CARTESIAN_POINT('',(31.897674418605,57.15,0.));
#35 = DIRECTION('',(0.,-1.,0.));
#36 = DIRECTION('',(0.,0.,-1.));
#37 = DEFINITIONAL_REPRESENTATION('',(#38),#41);
#38 = B_SPLINE_CURVE_WITH_KNOTS('',1,(#39,#40),.UNSPECIFIED.,.F.,.F.,(2,
    2),(0.,83.147015308033),.PIECEWISE_BEZIER_KNOTS.);
#39 = CARTESIAN_POINT('',(6.28318530718,0.));
#40 = CARTESIAN_POINT('',(6.28318530718,83.147015308033));
#41 = ( GEOMETRIC_REPRESENTATION_CONTEXT(2) 
PARAMETRIC_REPRESENTATION_CONTEXT() REPRESENTATION_CONTEXT('2D SPACE',''
  ) );
#42 = PCURVE('',#32,#43);
#43 = DEFINITIONAL_REPRESENTATION('',(#44),#48);
#44 = LINE('',#45,#46);
#45 = CARTESIAN_POINT('',(0.,0.));
#46 = VECTOR('',#47,1.);
#47 = DIRECTION('',(0.,1.));
#48 = ( GEOMETRIC_REPRESENTATION_CONTEXT(2) 
PARAMETRIC_REPRESENTATION_CONTEXT() REPRESENTATION_CONTEXT('2D SPACE',''
  ) );
#49 = ORIENTED_EDGE('',*,*,#50,.F.);
#50 = EDGE_CURVE('',#51,#24,#53,.T.);
#51 = VERTEX_POINT('',#52);
#52 = CARTESIAN_POINT('',(31.897674418605,-25.25232558139,4.7625));
#53 = SURFACE_CURVE('',#54,(#59,#72),.PCURVE_S1.);
#54 = ELLIPSE('',#55,4.764374179103,4.7625);
#55 = AXIS2_PLACEMENT_3D('',#56,#57,#58);
#56 = CARTESIAN_POINT('',(31.897674418605,-25.25232558139,0.));
#57 = DIRECTION('',(-2.804625627587E-02,-0.999606626383,0.));
#58 = DIRECTION('',(0.999606626383,-2.804625627587E-02,0.));
#59 = PCURVE('',#32,#60);
#60 = DEFINITIONAL_REPRESENTATION('',(#61),#71);
#61 = B_SPLINE_CURVE_WITH_KNOTS('',8,(#62,#63,#64,#65,#66,#67,#68,#69,
    #70),.UNSPECIFIED.,.F.,.F.,(9,9),(1.570796326795,4.712388980385),
  .PIECEWISE_BEZIER_KNOTS.);
#62 = CARTESIAN_POINT('',(3.14159265359,82.402325581395));
#63 = CARTESIAN_POINT('',(3.534291735289,82.349852007285));
#64 = CARTESIAN_POINT('',(3.926990816989,82.297378014641));
#65 = CARTESIAN_POINT('',(4.319689898684,82.257239307251));
#66 = CARTESIAN_POINT('',(4.712388980392,82.241737822959));
#67 = CARTESIAN_POINT('',(5.105088062083,82.257239307229));
#68 = CARTESIAN_POINT('',(5.497787143783,82.297378014646));
#69 = CARTESIAN_POINT('',(5.890486225481,82.349852007285));
#70 = CARTESIAN_POINT('',(6.28318530718,82.402325581395));
#71 = ( GEOMETRIC_REPRESENTATION_CONTEXT(2) 
PARAMETRIC_REPRESENTATION_CONTEXT() REPRESENTATION_CONTEXT('2D SPACE',''
  ) );
#72 = PCURVE('',#73,#78);
#73 = CYLINDRICAL_SURFACE('',#74,4.7625);
#74 = AXIS2_PLACEMENT_3D('',#75,#76,#77);
#75 = CARTESIAN_POINT('',(31.897674418605,-25.25232558139,0.));
#76 = DIRECTION('',(-5.607044723719E-02,-0.998426815018,0.));
#77 = DIRECTION('',(-1.108476438436E-16,6.225070152376E-18,-1.));
#78 = DEFINITIONAL_REPRESENTATION('',(#79),#89);
#79 = B_SPLINE_CURVE_WITH_KNOTS('',8,(#80,#81,#82,#83,#84,#85,#86,#87,
    #88),.UNSPECIFIED.,.F.,.F.,(9,9),(1.570796326795,4.712388980385),
  .PIECEWISE_BEZIER_KNOTS.);
#80 = CARTESIAN_POINT('',(3.14159265359,-3.552713678801E-15));
#81 = CARTESIAN_POINT('',(3.534291735289,5.247357411014E-02));
#82 = CARTESIAN_POINT('',(3.926990816987,0.104947566619));
#83 = CARTESIAN_POINT('',(4.319689898688,0.145086274371));
#84 = CARTESIAN_POINT('',(4.712388980388,0.160587757965));
#85 = CARTESIAN_POINT('',(5.105088062086,0.145086274371));
#86 = CARTESIAN_POINT('',(5.497787143783,0.104947566619));
#87 = CARTESIAN_POINT('',(5.890486225481,5.247357411014E-02));
#88 = CARTESIAN_POINT('',(6.28318530718,-3.552713678801E-15));
#89 = ( GEOMETRIC_REPRESENTATION_CONTEXT(2) 
PARAMETRIC_REPRESENTATION_CONTEXT() REPRESENTATION_CONTEXT('2D SPACE',''
  ) );
#90 = ORIENTED_EDGE('',*,*,#91,.F.);
#91 = EDGE_CURVE('',#92,#51,#94,.T.);
#92 = VERTEX_POINT('',#93);
#93 = CARTESIAN_POINT('',(36.660174418605,-25.38594844061,
    -5.832380380939E-16));
#94 = SURFACE_CURVE('',#95,(#100,#112),.PCURVE_S1.);
#95 = ELLIPSE('',#96,4.764374179103,4.7625);
#96 = AXIS2_PLACEMENT_3D('',#97,#98,#99);
#97 = CARTESIAN_POINT('',(31.897674418605,-25.25232558139,0.));
#98 = DIRECTION('',(-2.804625627587E-02,-0.999606626383,0.));
#99 = DIRECTION('',(0.999606626383,-2.804625627587E-02,0.));
#100 = PCURVE('',#32,#101);
#101 = DEFINITIONAL_REPRESENTATION('',(#102),#111);
#102 = B_SPLINE_CURVE_WITH_KNOTS('',7,(#103,#104,#105,#106,#107,#108,
    #109,#110),.UNSPECIFIED.,.F.,.F.,(8,8),(0.,1.570796326795),
  .PIECEWISE_BEZIER_KNOTS.);
#103 = CARTESIAN_POINT('',(1.570796326795,82.535948440617));
#104 = CARTESIAN_POINT('',(1.795195802051,82.535948440617));
#105 = CARTESIAN_POINT('',(2.019595277308,82.528098275001));
#106 = CARTESIAN_POINT('',(2.243994752564,82.512399082604));
#107 = CARTESIAN_POINT('',(2.468394227821,82.489814724309));
#108 = CARTESIAN_POINT('',(2.692793703077,82.462295258625));
#109 = CARTESIAN_POINT('',(2.917193178333,82.432310480887));
#110 = CARTESIAN_POINT('',(3.14159265359,82.402325581395));
#111 = ( GEOMETRIC_REPRESENTATION_CONTEXT(2) 
PARAMETRIC_REPRESENTATION_CONTEXT() REPRESENTATION_CONTEXT('2D SPACE',''
  ) );
#112 = PCURVE('',#73,#113);
#113 = DEFINITIONAL_REPRESENTATION('',(#114),#123);
#114 = B_SPLINE_CURVE_WITH_KNOTS('',7,(#115,#116,#117,#118,#119,#120,
    #121,#122),.UNSPECIFIED.,.F.,.F.,(8,8),(0.,1.570796326795),
  .PIECEWISE_BEZIER_KNOTS.);
#115 = CARTESIAN_POINT('',(1.570796326795,-0.133622859221));
#116 = CARTESIAN_POINT('',(1.795195802051,-0.133622859221));
#117 = CARTESIAN_POINT('',(2.019595277307,-0.125772693612));
#118 = CARTESIAN_POINT('',(2.243994752565,-0.110073501187));
#119 = CARTESIAN_POINT('',(2.46839422782,-8.748914292598E-02));
#120 = CARTESIAN_POINT('',(2.692793703077,-5.996967722669E-02));
#121 = CARTESIAN_POINT('',(2.917193178333,-2.998489949152E-02));
#122 = CARTESIAN_POINT('',(3.14159265359,-3.552713678801E-15));
#123 = ( GEOMETRIC_REPRESENTATION_CONTEXT(2) 
PARAMETRIC_REPRESENTATION_CONTEXT() REPRESENTATION_CONTEXT('2D SPACE',''
  ) );
#124 = ORIENTED_EDGE('',*,*,#125,.F.);
#125 = EDGE_CURVE('',#24,#92,#126,.T.);
#126 = SURFACE_CURVE('',#127,(#132,#144),.PCURVE_S1.);
#127 = ELLIPSE('',#128,4.764374179103,4.7625);
#128 = AXIS2_PLACEMENT_3D('',#129,#130,#131);
#129 = CARTESIAN_POINT('',(31.897674418605,-25.25232558139,0.));
#130 = DIRECTION('',(-2.804625627587E-02,-0.999606626383,0.));
#131 = DIRECTION('',(0.999606626383,-2.804625627587E-02,0.));
#132 = PCURVE('',#32,#133);
#133 = DEFINITIONAL_REPRESENTATION('',(#134),#143);
#134 = B_SPLINE_CURVE_WITH_KNOTS('',7,(#135,#136,#137,#138,#139,#140,
    #141,#142),.UNSPECIFIED.,.F.,.F.,(8,8),(4.712388980385,6.28318530718
    ),.PIECEWISE_BEZIER_KNOTS.);
#135 = CARTESIAN_POINT('',(0.,82.402325581395));
#136 = CARTESIAN_POINT('',(0.224399475256,82.432310480887));
#137 = CARTESIAN_POINT('',(0.448798950513,82.462295258643));
#138 = CARTESIAN_POINT('',(0.67319842577,82.489814724284));
#139 = CARTESIAN_POINT('',(0.897597901025,82.512399082641));
#140 = CARTESIAN_POINT('',(1.121997376282,82.52809827499));
#141 = CARTESIAN_POINT('',(1.346396851538,82.535948440617));
#142 = CARTESIAN_POINT('',(1.570796326795,82.535948440617));
#143 = ( GEOMETRIC_REPRESENTATION_CONTEXT(2) 
PARAMETRIC_REPRESENTATION_CONTEXT() REPRESENTATION_CONTEXT('2D SPACE',''
  ) );
#144 = PCURVE('',#73,#145);
#145 = DEFINITIONAL_REPRESENTATION('',(#146),#155);
#146 = B_SPLINE_CURVE_WITH_KNOTS('',7,(#147,#148,#149,#150,#151,#152,
    #153,#154),.UNSPECIFIED.,.F.,.F.,(8,8),(4.712388980385,6.28318530718
    ),.PIECEWISE_BEZIER_KNOTS.);
#147 = CARTESIAN_POINT('',(0.,-3.552713678801E-15));
#148 = CARTESIAN_POINT('',(0.224399475256,-2.998489949152E-02));
#149 = CARTESIAN_POINT('',(0.448798950513,-5.996967722669E-02));
#150 = CARTESIAN_POINT('',(0.673198425769,-8.748914292596E-02));
#151 = CARTESIAN_POINT('',(0.897597901026,-0.110073501187));
#152 = CARTESIAN_POINT('',(1.121997376282,-0.125772693612));
#153 = CARTESIAN_POINT('',(1.346396851538,-0.133622859221));
#154 = CARTESIAN_POINT('',(1.570796326795,-0.133622859221));
#155 = ( GEOMETRIC_REPRESENTATION_CONTEXT(2) 
PARAMETRIC_REPRESENTATION_CONTEXT() REPRESENTATION_CONTEXT('2D SPACE',''
  ) );
#156 = ORIENTED_EDGE('',*,*,#21,.F.);
#157 = ORIENTED_EDGE('',*,*,#158,.T.);
#158 = EDGE_CURVE('',#22,#22,#159,.T.);
#159 = SURFACE_CURVE('',#160,(#165,#172),.PCURVE_S1.);
#160 = CIRCLE('',#161,4.7625);
#161 = AXIS2_PLACEMENT_3D('',#162,#163,#164);
#162 = CARTESIAN_POINT('',(31.897674418605,57.15,0.));
#163 = DIRECTION('',(0.,-1.,0.));
#164 = DIRECTION('',(0.,0.,-1.));
#165 = PCURVE('',#32,#166);
#166 = DEFINITIONAL_REPRESENTATION('',(#167),#171);
#167 = LINE('',#168,#169);
#168 = CARTESIAN_POINT('',(0.,0.));
#169 = VECTOR('',#170,1.);
#170 = DIRECTION('',(1.,0.));
#171 = ( GEOMETRIC_REPRESENTATION_CONTEXT(2) 
PARAMETRIC_REPRESENTATION_CONTEXT() REPRESENTATION_CONTEXT('2D SPACE',''
  ) );
#172 = PCURVE('',#173,#178);
#173 = PLANE('',#174);
#174 = AXIS2_PLACEMENT_3D('',#175,#176,#177);
#175 = CARTESIAN_POINT('',(31.897674418605,57.15,5.742530740323E-16));
#176 = DIRECTION('',(-0.,-1.,-0.));
#177 = DIRECTION('',(0.,0.,-1.));
#178 = DEFINITIONAL_REPRESENTATION('',(#179),#183);
#179 = CIRCLE('',#180,4.7625);
#180 = AXIS2_PLACEMENT_2D('',#181,#182);
#181 = CARTESIAN_POINT('',(5.742530740323E-16,-3.552713678801E-15));
#182 = DIRECTION('',(1.,0.));
#183 = ( GEOMETRIC_REPRESENTATION_CONTEXT(2) 
PARAMETRIC_REPRESENTATION_CONTEXT() REPRESENTATION_CONTEXT('2D SPACE',''
  ) );
#184 = ADVANCED_FACE('',(#185),#73,.T.);
#185 = FACE_BOUND('',#186,.T.);
#186 = EDGE_LOOP('',(#187,#209,#250,#284,#316,#317,#318,#319));
#187 = ORIENTED_EDGE('',*,*,#188,.T.);
#188 = EDGE_CURVE('',#24,#189,#191,.T.);
#189 = VERTEX_POINT('',#190);
#190 = CARTESIAN_POINT('',(31.697108536967,-28.82373198658,-4.7625));
#191 = SEAM_CURVE('',#192,(#196,#202),.PCURVE_S1.);
#192 = LINE('',#193,#194);
#193 = CARTESIAN_POINT('',(31.897674418605,-25.25232558139,-4.7625));
#194 = VECTOR('',#195,1.);
#195 = DIRECTION('',(-5.607044723719E-02,-0.998426815018,0.));
#196 = PCURVE('',#73,#197);
#197 = DEFINITIONAL_REPRESENTATION('',(#198),#201);
#198 = B_SPLINE_CURVE_WITH_KNOTS('',1,(#199,#200),.UNSPECIFIED.,.F.,.F.,
  (2,2),(-0.744689726637,5.057570818231),.PIECEWISE_BEZIER_KNOTS.);
#199 = CARTESIAN_POINT('',(6.28318530718,-0.744689726637));
#200 = CARTESIAN_POINT('',(6.28318530718,5.057570818231));
#201 = ( GEOMETRIC_REPRESENTATION_CONTEXT(2) 
PARAMETRIC_REPRESENTATION_CONTEXT() REPRESENTATION_CONTEXT('2D SPACE',''
  ) );
#202 = PCURVE('',#73,#203);
#203 = DEFINITIONAL_REPRESENTATION('',(#204),#208);
#204 = LINE('',#205,#206);
#205 = CARTESIAN_POINT('',(0.,0.));
#206 = VECTOR('',#207,1.);
#207 = DIRECTION('',(0.,1.));
#208 = ( GEOMETRIC_REPRESENTATION_CONTEXT(2) 
PARAMETRIC_REPRESENTATION_CONTEXT() REPRESENTATION_CONTEXT('2D SPACE',''
  ) );
#209 = ORIENTED_EDGE('',*,*,#210,.F.);
#210 = EDGE_CURVE('',#211,#189,#213,.T.);
#211 = VERTEX_POINT('',#212);
#212 = CARTESIAN_POINT('',(31.697108536967,-28.82373198658,4.7625));
#213 = SURFACE_CURVE('',#214,(#219,#232),.PCURVE_S1.);
#214 = ELLIPSE('',#215,4.770004098813,4.7625);
#215 = AXIS2_PLACEMENT_3D('',#216,#217,#218);
#216 = CARTESIAN_POINT('',(31.697108536967,-28.82373198658,0.));
#217 = DIRECTION('',(-0.111964476103,-0.993712209893,0.));
#218 = DIRECTION('',(0.993712209893,-0.111964476103,0.));
#219 = PCURVE('',#73,#220);
#220 = DEFINITIONAL_REPRESENTATION('',(#221),#231);
#221 = B_SPLINE_CURVE_WITH_KNOTS('',8,(#222,#223,#224,#225,#226,#227,
    #228,#229,#230),.UNSPECIFIED.,.F.,.F.,(9,9),(1.570796326795,
    4.712388980385),.PIECEWISE_BEZIER_KNOTS.);
#222 = CARTESIAN_POINT('',(3.14159265359,3.577033740955));
#223 = CARTESIAN_POINT('',(3.534291735289,3.472003912024));
#224 = CARTESIAN_POINT('',(3.926990816988,3.366973245634));
#225 = CARTESIAN_POINT('',(4.319689898689,3.286632585021));
#226 = CARTESIAN_POINT('',(4.712388980387,3.255605192697));
#227 = CARTESIAN_POINT('',(5.105088062085,3.286632585019));
#228 = CARTESIAN_POINT('',(5.497787143782,3.366973245635));
#229 = CARTESIAN_POINT('',(5.890486225481,3.472003912024));
#230 = CARTESIAN_POINT('',(6.28318530718,3.577033740955));
#231 = ( GEOMETRIC_REPRESENTATION_CONTEXT(2) 
PARAMETRIC_REPRESENTATION_CONTEXT() REPRESENTATION_CONTEXT('2D SPACE',''
  ) );
#232 = PCURVE('',#233,#238);
#233 = CYLINDRICAL_SURFACE('',#234,4.7625);
#234 = AXIS2_PLACEMENT_3D('',#235,#236,#237);
#235 = CARTESIAN_POINT('',(31.697108536967,-28.82373198658,0.));
#236 = DIRECTION('',(-0.167506223305,-0.985871018518,0.));
#237 = DIRECTION('',(-1.09453670407E-16,1.859692658809E-17,-1.));
#238 = DEFINITIONAL_REPRESENTATION('',(#239),#249);
#239 = B_SPLINE_CURVE_WITH_KNOTS('',8,(#240,#241,#242,#243,#244,#245,
    #246,#247,#248),.UNSPECIFIED.,.F.,.F.,(9,9),(1.570796326795,
    4.712388980385),.PIECEWISE_BEZIER_KNOTS.);
#240 = CARTESIAN_POINT('',(3.14159265359,-7.105427357601E-15));
#241 = CARTESIAN_POINT('',(3.534291735289,0.105029828931));
#242 = CARTESIAN_POINT('',(3.926990816987,0.210060495319));
#243 = CARTESIAN_POINT('',(4.31968989869,0.290401155932));
#244 = CARTESIAN_POINT('',(4.712388980384,0.321428548245));
#245 = CARTESIAN_POINT('',(5.105088062088,0.290401155932));
#246 = CARTESIAN_POINT('',(5.497787143782,0.210060495319));
#247 = CARTESIAN_POINT('',(5.890486225481,0.105029828931));
#248 = CARTESIAN_POINT('',(6.28318530718,-7.105427357601E-15));
#249 = ( GEOMETRIC_REPRESENTATION_CONTEXT(2) 
PARAMETRIC_REPRESENTATION_CONTEXT() REPRESENTATION_CONTEXT('2D SPACE',''
  ) );
#250 = ORIENTED_EDGE('',*,*,#251,.F.);
#251 = EDGE_CURVE('',#252,#211,#254,.T.);
#252 = VERTEX_POINT('',#253);
#253 = CARTESIAN_POINT('',(36.437119851198,-29.35780299652,
    -5.832380380939E-16));
#254 = SURFACE_CURVE('',#255,(#260,#272),.PCURVE_S1.);
#255 = ELLIPSE('',#256,4.770004098813,4.7625);
#256 = AXIS2_PLACEMENT_3D('',#257,#258,#259);
#257 = CARTESIAN_POINT('',(31.697108536967,-28.82373198658,0.));
#258 = DIRECTION('',(-0.111964476103,-0.993712209893,0.));
#259 = DIRECTION('',(0.993712209893,-0.111964476103,0.));
#260 = PCURVE('',#73,#261);
#261 = DEFINITIONAL_REPRESENTATION('',(#262),#271);
#262 = B_SPLINE_CURVE_WITH_KNOTS('',7,(#263,#264,#265,#266,#267,#268,
    #269,#270),.UNSPECIFIED.,.F.,.F.,(8,8),(0.,1.570796326795),
  .PIECEWISE_BEZIER_KNOTS.);
#263 = CARTESIAN_POINT('',(1.570796326795,3.844490004099));
#264 = CARTESIAN_POINT('',(1.795195802051,3.844490004099));
#265 = CARTESIAN_POINT('',(2.019595277307,3.828777303658));
#266 = CARTESIAN_POINT('',(2.243994752565,3.797354182159));
#267 = CARTESIAN_POINT('',(2.46839422782,3.752149880284));
#268 = CARTESIAN_POINT('',(2.692793703077,3.697067587457));
#269 = CARTESIAN_POINT('',(2.917193178333,3.637050786058));
#270 = CARTESIAN_POINT('',(3.14159265359,3.577033740955));
#271 = ( GEOMETRIC_REPRESENTATION_CONTEXT(2) 
PARAMETRIC_REPRESENTATION_CONTEXT() REPRESENTATION_CONTEXT('2D SPACE',''
  ) );
#272 = PCURVE('',#233,#273);
#273 = DEFINITIONAL_REPRESENTATION('',(#274),#283);
#274 = B_SPLINE_CURVE_WITH_KNOTS('',7,(#275,#276,#277,#278,#279,#280,
    #281,#282),.UNSPECIFIED.,.F.,.F.,(8,8),(0.,1.570796326795),
  .PIECEWISE_BEZIER_KNOTS.);
#275 = CARTESIAN_POINT('',(1.570796326795,-0.267456263144));
#276 = CARTESIAN_POINT('',(1.795195802051,-0.267456263144));
#277 = CARTESIAN_POINT('',(2.019595277307,-0.251743562703));
#278 = CARTESIAN_POINT('',(2.243994752565,-0.220320441205));
#279 = CARTESIAN_POINT('',(2.468394227821,-0.175116139327));
#280 = CARTESIAN_POINT('',(2.692793703077,-0.120033846502));
#281 = CARTESIAN_POINT('',(2.917193178333,-6.001704510349E-02));
#282 = CARTESIAN_POINT('',(3.14159265359,-7.105427357601E-15));
#283 = ( GEOMETRIC_REPRESENTATION_CONTEXT(2) 
PARAMETRIC_REPRESENTATION_CONTEXT() REPRESENTATION_CONTEXT('2D SPACE',''
  ) );
#284 = ORIENTED_EDGE('',*,*,#285,.F.);
#285 = EDGE_CURVE('',#189,#252,#286,.T.);
#286 = SURFACE_CURVE('',#287,(#292,#304),.PCURVE_S1.);
#287 = ELLIPSE('',#288,4.770004098813,4.7625);
#288 = AXIS2_PLACEMENT_3D('',#289,#290,#291);
#289 = CARTESIAN_POINT('',(31.697108536967,-28.82373198658,0.));
#290 = DIRECTION('',(-0.111964476103,-0.993712209893,0.));
#291 = DIRECTION('',(0.993712209893,-0.111964476103,0.));
#292 = PCURVE('',#73,#293);
#293 = DEFINITIONAL_REPRESENTATION('',(#294),#303);
#294 = B_SPLINE_CURVE_WITH_KNOTS('',7,(#295,#296,#297,#298,#299,#300,
    #301,#302),.UNSPECIFIED.,.F.,.F.,(8,8),(4.712388980385,6.28318530718
    ),.PIECEWISE_BEZIER_KNOTS.);
#295 = CARTESIAN_POINT('',(0.,3.577033740955));
#296 = CARTESIAN_POINT('',(0.224399475256,3.637050786058));
#297 = CARTESIAN_POINT('',(0.448798950513,3.697067587458));
#298 = CARTESIAN_POINT('',(0.67319842577,3.75214988028));
#299 = CARTESIAN_POINT('',(0.897597901026,3.797354182162));
#300 = CARTESIAN_POINT('',(1.121997376282,3.828777303657));
#301 = CARTESIAN_POINT('',(1.346396851538,3.844490004099));
#302 = CARTESIAN_POINT('',(1.570796326795,3.844490004099));
#303 = ( GEOMETRIC_REPRESENTATION_CONTEXT(2) 
PARAMETRIC_REPRESENTATION_CONTEXT() REPRESENTATION_CONTEXT('2D SPACE',''
  ) );
#304 = PCURVE('',#233,#305);
#305 = DEFINITIONAL_REPRESENTATION('',(#306),#315);
#306 = B_SPLINE_CURVE_WITH_KNOTS('',7,(#307,#308,#309,#310,#311,#312,
    #313,#314),.UNSPECIFIED.,.F.,.F.,(8,8),(4.712388980385,6.28318530718
    ),.PIECEWISE_BEZIER_KNOTS.);
#307 = CARTESIAN_POINT('',(0.,-7.105427357601E-15));
#308 = CARTESIAN_POINT('',(0.224399475256,-6.001704510349E-02));
#309 = CARTESIAN_POINT('',(0.448798950513,-0.120033846502));
#310 = CARTESIAN_POINT('',(0.67319842577,-0.175116139327));
#311 = CARTESIAN_POINT('',(0.897597901026,-0.220320441205));
#312 = CARTESIAN_POINT('',(1.121997376282,-0.251743562703));
#313 = CARTESIAN_POINT('',(1.346396851538,-0.267456263144));
#314 = CARTESIAN_POINT('',(1.570796326795,-0.267456263144));
#315 = ( GEOMETRIC_REPRESENTATION_CONTEXT(2) 
PARAMETRIC_REPRESENTATION_CONTEXT() REPRESENTATION_CONTEXT('2D SPACE',''
  ) );
#316 = ORIENTED_EDGE('',*,*,#188,.F.);
#317 = ORIENTED_EDGE('',*,*,#125,.T.);
#318 = ORIENTED_EDGE('',*,*,#91,.T.);
#319 = ORIENTED_EDGE('',*,*,#50,.T.);
#320 = ADVANCED_FACE('',(#321),#233,.T.);
#321 = FACE_BOUND('',#322,.T.);
#322 = EDGE_LOOP('',(#323,#345,#386,#420,#452,#453,#454,#455));
#323 = ORIENTED_EDGE('',*,*,#324,.T.);
#324 = EDGE_CURVE('',#189,#325,#327,.T.);
#325 = VERTEX_POINT('',#326);
#326 = CARTESIAN_POINT('',(31.097933124386,-32.35022588405,-4.7625));
#327 = SEAM_CURVE('',#328,(#332,#338),.PCURVE_S1.);
#328 = LINE('',#329,#330);
#329 = CARTESIAN_POINT('',(31.697108536967,-28.82373198658,-4.7625));
#330 = VECTOR('',#331,1.);
#331 = DIRECTION('',(-0.167506223305,-0.985871018518,0.));
#332 = PCURVE('',#233,#333);
#333 = DEFINITIONAL_REPRESENTATION('',(#334),#337);
#334 = B_SPLINE_CURVE_WITH_KNOTS('',1,(#335,#336),.UNSPECIFIED.,.F.,.F.,
  (2,2),(-1.480537077276,5.057570818231),.PIECEWISE_BEZIER_KNOTS.);
#335 = CARTESIAN_POINT('',(6.28318530718,-1.480537077276));
#336 = CARTESIAN_POINT('',(6.28318530718,5.057570818231));
#337 = ( GEOMETRIC_REPRESENTATION_CONTEXT(2) 
PARAMETRIC_REPRESENTATION_CONTEXT() REPRESENTATION_CONTEXT('2D SPACE',''
  ) );
#338 = PCURVE('',#233,#339);
#339 = DEFINITIONAL_REPRESENTATION('',(#340),#344);
#340 = LINE('',#341,#342);
#341 = CARTESIAN_POINT('',(0.,0.));
#342 = VECTOR('',#343,1.);
#343 = DIRECTION('',(0.,1.));
#344 = ( GEOMETRIC_REPRESENTATION_CONTEXT(2) 
PARAMETRIC_REPRESENTATION_CONTEXT() REPRESENTATION_CONTEXT('2D SPACE',''
  ) );
#345 = ORIENTED_EDGE('',*,*,#346,.F.);
#346 = EDGE_CURVE('',#347,#325,#349,.T.);
#347 = VERTEX_POINT('',#348);
#348 = CARTESIAN_POINT('',(31.097933124386,-32.35022588405,4.7625));
#349 = SURFACE_CURVE('',#350,(#355,#368),.PCURVE_S1.);
#350 = ELLIPSE('',#351,4.770004098813,4.7625);
#351 = AXIS2_PLACEMENT_3D('',#352,#353,#354);
#352 = CARTESIAN_POINT('',(31.097933124386,-32.35022588405,0.));
#353 = DIRECTION('',(-0.222520933956,-0.974927912182,0.));
#354 = DIRECTION('',(0.974927912182,-0.222520933956,0.));
#355 = PCURVE('',#233,#356);
#356 = DEFINITIONAL_REPRESENTATION('',(#357),#367);
#357 = B_SPLINE_CURVE_WITH_KNOTS('',8,(#358,#359,#360,#361,#362,#363,
    #364,#365,#366),.UNSPECIFIED.,.F.,.F.,(9,9),(1.570796326795,
    4.712388980385),.PIECEWISE_BEZIER_KNOTS.);
#358 = CARTESIAN_POINT('',(3.14159265359,3.577033740955));
#359 = CARTESIAN_POINT('',(3.534291735289,3.472003912024));
#360 = CARTESIAN_POINT('',(3.926990816987,3.366973245635));
#361 = CARTESIAN_POINT('',(4.319689898693,3.286632585016));
#362 = CARTESIAN_POINT('',(4.712388980385,3.255605192715));
#363 = CARTESIAN_POINT('',(5.105088062087,3.286632585019));
#364 = CARTESIAN_POINT('',(5.497787143782,3.366973245635));
#365 = CARTESIAN_POINT('',(5.890486225481,3.472003912024));
#366 = CARTESIAN_POINT('',(6.28318530718,3.577033740955));
#367 = ( GEOMETRIC_REPRESENTATION_CONTEXT(2) 
PARAMETRIC_REPRESENTATION_CONTEXT() REPRESENTATION_CONTEXT('2D SPACE',''
  ) );
#368 = PCURVE('',#369,#374);
#369 = CYLINDRICAL_SURFACE('',#370,4.7625);
#370 = AXIS2_PLACEMENT_3D('',#371,#372,#373);
#371 = CARTESIAN_POINT('',(31.097933124386,-32.35022588405,0.));
#372 = DIRECTION('',(-0.276835511425,-0.960917321945,0.));
#373 = DIRECTION('',(-1.066832535585E-16,3.073491588178E-17,-1.));
#374 = DEFINITIONAL_REPRESENTATION('',(#375),#385);
#375 = B_SPLINE_CURVE_WITH_KNOTS('',8,(#376,#377,#378,#379,#380,#381,
    #382,#383,#384),.UNSPECIFIED.,.F.,.F.,(9,9),(1.570796326795,
    4.712388980385),.PIECEWISE_BEZIER_KNOTS.);
#376 = CARTESIAN_POINT('',(3.14159265359,-3.19744231092E-14));
#377 = CARTESIAN_POINT('',(3.534291735289,0.105029828931));
#378 = CARTESIAN_POINT('',(3.926990816988,0.210060495319));
#379 = CARTESIAN_POINT('',(4.319689898687,0.290401155931));
#380 = CARTESIAN_POINT('',(4.712388980392,0.321428548246));
#381 = CARTESIAN_POINT('',(5.105088062082,0.290401155931));
#382 = CARTESIAN_POINT('',(5.497787143784,0.210060495319));
#383 = CARTESIAN_POINT('',(5.890486225481,0.105029828931));
#384 = CARTESIAN_POINT('',(6.28318530718,-3.19744231092E-14));
#385 = ( GEOMETRIC_REPRESENTATION_CONTEXT(2) 
PARAMETRIC_REPRESENTATION_CONTEXT() REPRESENTATION_CONTEXT('2D SPACE',''
  ) );
#386 = ORIENTED_EDGE('',*,*,#387,.F.);
#387 = EDGE_CURVE('',#388,#347,#390,.T.);
#388 = VERTEX_POINT('',#389);
#389 = CARTESIAN_POINT('',(35.748343261541,-33.4116516511,
    -5.832380380939E-16));
#390 = SURFACE_CURVE('',#391,(#396,#408),.PCURVE_S1.);
#391 = ELLIPSE('',#392,4.770004098813,4.7625);
#392 = AXIS2_PLACEMENT_3D('',#393,#394,#395);
#393 = CARTESIAN_POINT('',(31.097933124386,-32.35022588405,0.));
#394 = DIRECTION('',(-0.222520933956,-0.974927912182,0.));
#395 = DIRECTION('',(0.974927912182,-0.222520933956,0.));
#396 = PCURVE('',#233,#397);
#397 = DEFINITIONAL_REPRESENTATION('',(#398),#407);
#398 = B_SPLINE_CURVE_WITH_KNOTS('',7,(#399,#400,#401,#402,#403,#404,
    #405,#406),.UNSPECIFIED.,.F.,.F.,(8,8),(0.,1.570796326795),
  .PIECEWISE_BEZIER_KNOTS.);
#399 = CARTESIAN_POINT('',(1.570796326795,3.844490004099));
#400 = CARTESIAN_POINT('',(1.795195802051,3.844490004099));
#401 = CARTESIAN_POINT('',(2.019595277308,3.828777303659));
#402 = CARTESIAN_POINT('',(2.243994752565,3.797354182158));
#403 = CARTESIAN_POINT('',(2.46839422782,3.752149880284));
#404 = CARTESIAN_POINT('',(2.692793703077,3.697067587457));
#405 = CARTESIAN_POINT('',(2.917193178333,3.637050786058));
#406 = CARTESIAN_POINT('',(3.14159265359,3.577033740955));
#407 = ( GEOMETRIC_REPRESENTATION_CONTEXT(2) 
PARAMETRIC_REPRESENTATION_CONTEXT() REPRESENTATION_CONTEXT('2D SPACE',''
  ) );
#408 = PCURVE('',#369,#409);
#409 = DEFINITIONAL_REPRESENTATION('',(#410),#419);
#410 = B_SPLINE_CURVE_WITH_KNOTS('',7,(#411,#412,#413,#414,#415,#416,
    #417,#418),.UNSPECIFIED.,.F.,.F.,(8,8),(0.,1.570796326795),
  .PIECEWISE_BEZIER_KNOTS.);
#411 = CARTESIAN_POINT('',(1.570796326795,-0.267456263144));
#412 = CARTESIAN_POINT('',(1.795195802051,-0.267456263144));
#413 = CARTESIAN_POINT('',(2.019595277308,-0.251743562703));
#414 = CARTESIAN_POINT('',(2.243994752565,-0.220320441205));
#415 = CARTESIAN_POINT('',(2.46839422782,-0.175116139327));
#416 = CARTESIAN_POINT('',(2.692793703077,-0.120033846503));
#417 = CARTESIAN_POINT('',(2.917193178333,-6.001704510352E-02));
#418 = CARTESIAN_POINT('',(3.14159265359,-3.19744231092E-14));
#419 = ( GEOMETRIC_REPRESENTATION_CONTEXT(2) 
PARAMETRIC_REPRESENTATION_CONTEXT() REPRESENTATION_CONTEXT('2D SPACE',''
  ) );
#420 = ORIENTED_EDGE('',*,*,#421,.F.);
#421 = EDGE_CURVE('',#325,#388,#422,.T.);
#422 = SURFACE_CURVE('',#423,(#428,#440),.PCURVE_S1.);
#423 = ELLIPSE('',#424,4.770004098813,4.7625);
#424 = AXIS2_PLACEMENT_3D('',#425,#426,#427);
#425 = CARTESIAN_POINT('',(31.097933124386,-32.35022588405,0.));
#426 = DIRECTION('',(-0.222520933956,-0.974927912182,0.));
#427 = DIRECTION('',(0.974927912182,-0.222520933956,0.));
#428 = PCURVE('',#233,#429);
#429 = DEFINITIONAL_REPRESENTATION('',(#430),#439);
#430 = B_SPLINE_CURVE_WITH_KNOTS('',7,(#431,#432,#433,#434,#435,#436,
    #437,#438),.UNSPECIFIED.,.F.,.F.,(8,8),(4.712388980385,6.28318530718
    ),.PIECEWISE_BEZIER_KNOTS.);
#431 = CARTESIAN_POINT('',(0.,3.577033740955));
#432 = CARTESIAN_POINT('',(0.224399475256,3.637050786058));
#433 = CARTESIAN_POINT('',(0.448798950513,3.697067587458));
#434 = CARTESIAN_POINT('',(0.67319842577,3.752149880281));
#435 = CARTESIAN_POINT('',(0.897597901026,3.797354182162));
#436 = CARTESIAN_POINT('',(1.121997376282,3.828777303657));
#437 = CARTESIAN_POINT('',(1.346396851538,3.844490004099));
#438 = CARTESIAN_POINT('',(1.570796326795,3.844490004099));
#439 = ( GEOMETRIC_REPRESENTATION_CONTEXT(2) 
PARAMETRIC_REPRESENTATION_CONTEXT() REPRESENTATION_CONTEXT('2D SPACE',''
  ) );
#440 = PCURVE('',#369,#441);
#441 = DEFINITIONAL_REPRESENTATION('',(#442),#451);
#442 = B_SPLINE_CURVE_WITH_KNOTS('',7,(#443,#444,#445,#446,#447,#448,
    #449,#450),.UNSPECIFIED.,.F.,.F.,(8,8),(4.712388980385,6.28318530718
    ),.PIECEWISE_BEZIER_KNOTS.);
#443 = CARTESIAN_POINT('',(0.,-3.19744231092E-14));
#444 = CARTESIAN_POINT('',(0.224399475256,-6.001704510352E-02));
#445 = CARTESIAN_POINT('',(0.448798950513,-0.120033846503));
#446 = CARTESIAN_POINT('',(0.673198425769,-0.175116139327));
#447 = CARTESIAN_POINT('',(0.897597901026,-0.220320441205));
#448 = CARTESIAN_POINT('',(1.121997376282,-0.251743562703));
#449 = CARTESIAN_POINT('',(1.346396851538,-0.267456263144));
#450 = CARTESIAN_POINT('',(1.570796326795,-0.267456263144));
#451 = ( GEOMETRIC_REPRESENTATION_CONTEXT(2) 
PARAMETRIC_REPRESENTATION_CONTEXT() REPRESENTATION_CONTEXT('2D SPACE',''
  ) );
#452 = ORIENTED_EDGE('',*,*,#324,.F.);
#453 = ORIENTED_EDGE('',*,*,#285,.T.);
#454 = ORIENTED_EDGE('',*,*,#251,.T.);
#455 = ORIENTED_EDGE('',*,*,#210,.T.);
#456 = ADVANCED_FACE('',(#457),#369,.T.);
#457 = FACE_BOUND('',#458,.T.);
#458 = EDGE_LOOP('',(#459,#481,#522,#556,#588,#589,#590,#591));
#459 = ORIENTED_EDGE('',*,*,#460,.T.);
#460 = EDGE_CURVE('',#325,#461,#463,.T.);
#461 = VERTEX_POINT('',#462);
#462 = CARTESIAN_POINT('',(30.107683159325,-35.78745956692,-4.7625));
#463 = SEAM_CURVE('',#464,(#468,#474),.PCURVE_S1.);
#464 = LINE('',#465,#466);
#465 = CARTESIAN_POINT('',(31.097933124386,-32.35022588405,-4.7625));
#466 = VECTOR('',#467,1.);
#467 = DIRECTION('',(-0.276835511425,-0.960917321945,0.));
#468 = PCURVE('',#369,#469);
#469 = DEFINITIONAL_REPRESENTATION('',(#470),#473);
#470 = B_SPLINE_CURVE_WITH_KNOTS('',1,(#471,#472),.UNSPECIFIED.,.F.,.F.,
  (2,2),(-1.480537077276,5.057570818231),.PIECEWISE_BEZIER_KNOTS.);
#471 = CARTESIAN_POINT('',(6.28318530718,-1.480537077276));
#472 = CARTESIAN_POINT('',(6.28318530718,5.057570818231));
#473 = ( GEOMETRIC_REPRESENTATION_CONTEXT(2) 
PARAMETRIC_REPRESENTATION_CONTEXT() REPRESENTATION_CONTEXT('2D SPACE',''
  ) );
#474 = PCURVE('',#369,#475);
#475 = DEFINITIONAL_REPRESENTATION('',(#476),#480);
#476 = LINE('',#477,#478);
#477 = CARTESIAN_POINT('',(0.,0.));
#478 = VECTOR('',#479,1.);
#479 = DIRECTION('',(0.,1.));
#480 = ( GEOMETRIC_REPRESENTATION_CONTEXT(2) 
PARAMETRIC_REPRESENTATION_CONTEXT() REPRESENTATION_CONTEXT('2D SPACE',''
  ) );
#481 = ORIENTED_EDGE('',*,*,#482,.F.);
#482 = EDGE_CURVE('',#483,#461,#485,.T.);
#483 = VERTEX_POINT('',#484);
#484 = CARTESIAN_POINT('',(30.107683159325,-35.78745956692,4.7625));
#485 = SURFACE_CURVE('',#486,(#491,#504),.PCURVE_S1.);
#486 = ELLIPSE('',#487,4.770004098813,4.7625);
#487 = AXIS2_PLACEMENT_3D('',#488,#489,#490);
#488 = CARTESIAN_POINT('',(30.107683159325,-35.78745956692,0.));
#489 = DIRECTION('',(-0.330279061955,-0.943883330308,0.));
#490 = DIRECTION('',(0.943883330308,-0.330279061955,0.));
#491 = PCURVE('',#369,#492);
#492 = DEFINITIONAL_REPRESENTATION('',(#493),#503);
#493 = B_SPLINE_CURVE_WITH_KNOTS('',8,(#494,#495,#496,#497,#498,#499,
    #500,#501,#502),.UNSPECIFIED.,.F.,.F.,(9,9),(1.570796326795,
    4.712388980385),.PIECEWISE_BEZIER_KNOTS.);
#494 = CARTESIAN_POINT('',(3.14159265359,3.577033740955));
#495 = CARTESIAN_POINT('',(3.534291735289,3.472003912024));
#496 = CARTESIAN_POINT('',(3.926990816988,3.366973245637));
#497 = CARTESIAN_POINT('',(4.319689898689,3.286632585011));
#498 = CARTESIAN_POINT('',(4.712388980387,3.255605192714));
#499 = CARTESIAN_POINT('',(5.105088062085,3.286632585013));
#500 = CARTESIAN_POINT('',(5.497787143782,3.366973245638));
#501 = CARTESIAN_POINT('',(5.890486225481,3.472003912024));
#502 = CARTESIAN_POINT('',(6.28318530718,3.577033740955));
#503 = ( GEOMETRIC_REPRESENTATION_CONTEXT(2) 
PARAMETRIC_REPRESENTATION_CONTEXT() REPRESENTATION_CONTEXT('2D SPACE',''
  ) );
#504 = PCURVE('',#505,#510);
#505 = CYLINDRICAL_SURFACE('',#506,4.7625);
#506 = AXIS2_PLACEMENT_3D('',#507,#508,#509);
#507 = CARTESIAN_POINT('',(30.107683159325,-35.78745956692,0.));
#508 = DIRECTION('',(-0.382683432365,-0.923879532511,0.));
#509 = DIRECTION('',(-1.025712328974E-16,4.248639577543E-17,-1.));
#510 = DEFINITIONAL_REPRESENTATION('',(#511),#521);
#511 = B_SPLINE_CURVE_WITH_KNOTS('',8,(#512,#513,#514,#515,#516,#517,
    #518,#519,#520),.UNSPECIFIED.,.F.,.F.,(9,9),(1.570796326795,
    4.712388980385),.PIECEWISE_BEZIER_KNOTS.);
#512 = CARTESIAN_POINT('',(3.14159265359,7.460698725481E-14));
#513 = CARTESIAN_POINT('',(3.534291735289,0.105029828931));
#514 = CARTESIAN_POINT('',(3.926990816988,0.210060495319));
#515 = CARTESIAN_POINT('',(4.319689898688,0.290401155933));
#516 = CARTESIAN_POINT('',(4.712388980392,0.321428548244));
#517 = CARTESIAN_POINT('',(5.105088062084,0.290401155933));
#518 = CARTESIAN_POINT('',(5.497787143783,0.210060495319));
#519 = CARTESIAN_POINT('',(5.890486225481,0.105029828931));
#520 = CARTESIAN_POINT('',(6.28318530718,7.460698725481E-14));
#521 = ( GEOMETRIC_REPRESENTATION_CONTEXT(2) 
PARAMETRIC_REPRESENTATION_CONTEXT() REPRESENTATION_CONTEXT('2D SPACE',''
  ) );
#522 = ORIENTED_EDGE('',*,*,#523,.F.);
#523 = EDGE_CURVE('',#524,#483,#526,.T.);
#524 = VERTEX_POINT('',#525);
#525 = CARTESIAN_POINT('',(34.610010513697,-37.3628920462,
    -5.832380380939E-16));
#526 = SURFACE_CURVE('',#527,(#532,#544),.PCURVE_S1.);
#527 = ELLIPSE('',#528,4.770004098813,4.7625);
#528 = AXIS2_PLACEMENT_3D('',#529,#530,#531);
#529 = CARTESIAN_POINT('',(30.107683159325,-35.78745956692,0.));
#530 = DIRECTION('',(-0.330279061955,-0.943883330308,0.));
#531 = DIRECTION('',(0.943883330308,-0.330279061955,0.));
#532 = PCURVE('',#369,#533);
#533 = DEFINITIONAL_REPRESENTATION('',(#534),#543);
#534 = B_SPLINE_CURVE_WITH_KNOTS('',7,(#535,#536,#537,#538,#539,#540,
    #541,#542),.UNSPECIFIED.,.F.,.F.,(8,8),(0.,1.570796326795),
  .PIECEWISE_BEZIER_KNOTS.);
#535 = CARTESIAN_POINT('',(1.570796326795,3.844490004099));
#536 = CARTESIAN_POINT('',(1.795195802051,3.844490004099));
#537 = CARTESIAN_POINT('',(2.019595277308,3.828777303658));
#538 = CARTESIAN_POINT('',(2.243994752564,3.797354182159));
#539 = CARTESIAN_POINT('',(2.468394227821,3.752149880282));
#540 = CARTESIAN_POINT('',(2.692793703077,3.697067587457));
#541 = CARTESIAN_POINT('',(2.917193178333,3.637050786059));
#542 = CARTESIAN_POINT('',(3.14159265359,3.577033740955));
#543 = ( GEOMETRIC_REPRESENTATION_CONTEXT(2) 
PARAMETRIC_REPRESENTATION_CONTEXT() REPRESENTATION_CONTEXT('2D SPACE',''
  ) );
#544 = PCURVE('',#505,#545);
#545 = DEFINITIONAL_REPRESENTATION('',(#546),#555);
#546 = B_SPLINE_CURVE_WITH_KNOTS('',7,(#547,#548,#549,#550,#551,#552,
    #553,#554),.UNSPECIFIED.,.F.,.F.,(8,8),(0.,1.570796326795),
  .PIECEWISE_BEZIER_KNOTS.);
#547 = CARTESIAN_POINT('',(1.570796326795,-0.267456263144));
#548 = CARTESIAN_POINT('',(1.795195802051,-0.267456263144));
#549 = CARTESIAN_POINT('',(2.019595277307,-0.251743562703));
#550 = CARTESIAN_POINT('',(2.243994752565,-0.220320441205));
#551 = CARTESIAN_POINT('',(2.468394227821,-0.175116139327));
#552 = CARTESIAN_POINT('',(2.692793703077,-0.120033846502));
#553 = CARTESIAN_POINT('',(2.917193178333,-6.001704510341E-02));
#554 = CARTESIAN_POINT('',(3.14159265359,7.460698725481E-14));
#555 = ( GEOMETRIC_REPRESENTATION_CONTEXT(2) 
PARAMETRIC_REPRESENTATION_CONTEXT() REPRESENTATION_CONTEXT('2D SPACE',''
  ) );
#556 = ORIENTED_EDGE('',*,*,#557,.F.);
#557 = EDGE_CURVE('',#461,#524,#558,.T.);
#558 = SURFACE_CURVE('',#559,(#564,#576),.PCURVE_S1.);
#559 = ELLIPSE('',#560,4.770004098813,4.7625);
#560 = AXIS2_PLACEMENT_3D('',#561,#562,#563);
#561 = CARTESIAN_POINT('',(30.107683159325,-35.78745956692,0.));
#562 = DIRECTION('',(-0.330279061955,-0.943883330308,0.));
#563 = DIRECTION('',(0.943883330308,-0.330279061955,0.));
#564 = PCURVE('',#369,#565);
#565 = DEFINITIONAL_REPRESENTATION('',(#566),#575);
#566 = B_SPLINE_CURVE_WITH_KNOTS('',7,(#567,#568,#569,#570,#571,#572,
    #573,#574),.UNSPECIFIED.,.F.,.F.,(8,8),(4.712388980385,6.28318530718
    ),.PIECEWISE_BEZIER_KNOTS.);
#567 = CARTESIAN_POINT('',(1.49195325094E-15,3.577033740955));
#568 = CARTESIAN_POINT('',(0.224399475256,3.637050786059));
#569 = CARTESIAN_POINT('',(0.448798950513,3.697067587458));
#570 = CARTESIAN_POINT('',(0.67319842577,3.752149880282));
#571 = CARTESIAN_POINT('',(0.897597901026,3.79735418216));
#572 = CARTESIAN_POINT('',(1.121997376282,3.828777303658));
#573 = CARTESIAN_POINT('',(1.346396851538,3.844490004099));
#574 = CARTESIAN_POINT('',(1.570796326795,3.844490004099));
#575 = ( GEOMETRIC_REPRESENTATION_CONTEXT(2) 
PARAMETRIC_REPRESENTATION_CONTEXT() REPRESENTATION_CONTEXT('2D SPACE',''
  ) );
#576 = PCURVE('',#505,#577);
#577 = DEFINITIONAL_REPRESENTATION('',(#578),#587);
#578 = B_SPLINE_CURVE_WITH_KNOTS('',7,(#579,#580,#581,#582,#583,#584,
    #585,#586),.UNSPECIFIED.,.F.,.F.,(8,8),(4.712388980385,6.28318530718
    ),.PIECEWISE_BEZIER_KNOTS.);
#579 = CARTESIAN_POINT('',(0.,7.460698725481E-14));
#580 = CARTESIAN_POINT('',(0.224399475256,-6.001704510341E-02));
#581 = CARTESIAN_POINT('',(0.448798950513,-0.120033846502));
#582 = CARTESIAN_POINT('',(0.673198425769,-0.175116139327));
#583 = CARTESIAN_POINT('',(0.897597901026,-0.220320441205));
#584 = CARTESIAN_POINT('',(1.121997376282,-0.251743562703));
#585 = CARTESIAN_POINT('',(1.346396851538,-0.267456263144));
#586 = CARTESIAN_POINT('',(1.570796326795,-0.267456263144));
#587 = ( GEOMETRIC_REPRESENTATION_CONTEXT(2) 
PARAMETRIC_REPRESENTATION_CONTEXT() REPRESENTATION_CONTEXT('2D SPACE',''
  ) );
#588 = ORIENTED_EDGE('',*,*,#460,.F.);
#589 = ORIENTED_EDGE('',*,*,#421,.T.);
#590 = ORIENTED_EDGE('',*,*,#387,.T.);
#591 = ORIENTED_EDGE('',*,*,#346,.T.);
#592 = ADVANCED_FACE('',(#593),#505,.T.);
#593 = FACE_BOUND('',#594,.T.);
#594 = EDGE_LOOP('',(#595,#617,#658,#692,#724,#725,#726,#727));
#595 = ORIENTED_EDGE('',*,*,#596,.T.);
#596 = EDGE_CURVE('',#461,#597,#599,.T.);
#597 = VERTEX_POINT('',#598);
#598 = CARTESIAN_POINT('',(28.73881160965,-39.09220782729,-4.7625));
#599 = SEAM_CURVE('',#600,(#604,#610),.PCURVE_S1.);
#600 = LINE('',#601,#602);
#601 = CARTESIAN_POINT('',(30.107683159325,-35.78745956692,-4.7625));
#602 = VECTOR('',#603,1.);
#603 = DIRECTION('',(-0.382683432365,-0.923879532511,0.));
#604 = PCURVE('',#505,#605);
#605 = DEFINITIONAL_REPRESENTATION('',(#606),#609);
#606 = B_SPLINE_CURVE_WITH_KNOTS('',1,(#607,#608),.UNSPECIFIED.,.F.,.F.,
  (2,2),(-1.480537077276,5.057570818231),.PIECEWISE_BEZIER_KNOTS.);
#607 = CARTESIAN_POINT('',(6.28318530718,-1.480537077276));
#608 = CARTESIAN_POINT('',(6.28318530718,5.057570818231));
#609 = ( GEOMETRIC_REPRESENTATION_CONTEXT(2) 
PARAMETRIC_REPRESENTATION_CONTEXT() REPRESENTATION_CONTEXT('2D SPACE',''
  ) );
#610 = PCURVE('',#505,#611);
#611 = DEFINITIONAL_REPRESENTATION('',(#612),#616);
#612 = LINE('',#613,#614);
#613 = CARTESIAN_POINT('',(0.,0.));
#614 = VECTOR('',#615,1.);
#615 = DIRECTION('',(0.,1.));
#616 = ( GEOMETRIC_REPRESENTATION_CONTEXT(2) 
PARAMETRIC_REPRESENTATION_CONTEXT() REPRESENTATION_CONTEXT('2D SPACE',''
  ) );
#617 = ORIENTED_EDGE('',*,*,#618,.F.);
#618 = EDGE_CURVE('',#619,#597,#621,.T.);
#619 = VERTEX_POINT('',#620);
#620 = CARTESIAN_POINT('',(28.73881160965,-39.09220782729,4.7625));
#621 = SURFACE_CURVE('',#622,(#627,#640),.PCURVE_S1.);
#622 = ELLIPSE('',#623,4.770004098813,4.7625);
#623 = AXIS2_PLACEMENT_3D('',#624,#625,#626);
#624 = CARTESIAN_POINT('',(28.73881160965,-39.09220782729,0.));
#625 = DIRECTION('',(-0.433883739118,-0.900968867902,0.));
#626 = DIRECTION('',(0.900968867902,-0.433883739118,0.));
#627 = PCURVE('',#505,#628);
#628 = DEFINITIONAL_REPRESENTATION('',(#629),#639);
#629 = B_SPLINE_CURVE_WITH_KNOTS('',8,(#630,#631,#632,#633,#634,#635,
    #636,#637,#638),.UNSPECIFIED.,.F.,.F.,(9,9),(1.570796326795,
    4.712388980385),.PIECEWISE_BEZIER_KNOTS.);
#630 = CARTESIAN_POINT('',(3.14159265359,3.577033740955));
#631 = CARTESIAN_POINT('',(3.534291735289,3.472003912024));
#632 = CARTESIAN_POINT('',(3.926990816987,3.366973245632));
#633 = CARTESIAN_POINT('',(4.319689898689,3.286632585025));
#634 = CARTESIAN_POINT('',(4.712388980386,3.255605192689));
#635 = CARTESIAN_POINT('',(5.105088062086,3.286632585027));
#636 = CARTESIAN_POINT('',(5.497787143782,3.366973245631));
#637 = CARTESIAN_POINT('',(5.890486225481,3.472003912024));
#638 = CARTESIAN_POINT('',(6.28318530718,3.577033740955));
#639 = ( GEOMETRIC_REPRESENTATION_CONTEXT(2) 
PARAMETRIC_REPRESENTATION_CONTEXT() REPRESENTATION_CONTEXT('2D SPACE',''
  ) );
#640 = PCURVE('',#641,#646);
#641 = CYLINDRICAL_SURFACE('',#642,4.7625);
#642 = AXIS2_PLACEMENT_3D('',#643,#644,#645);
#643 = CARTESIAN_POINT('',(28.73881160965,-39.09220782729,0.));
#644 = DIRECTION('',(-0.483718887105,-0.875223421909,0.));
#645 = DIRECTION('',(-9.716931946943E-17,5.370358459103E-17,-1.));
#646 = DEFINITIONAL_REPRESENTATION('',(#647),#657);
#647 = B_SPLINE_CURVE_WITH_KNOTS('',8,(#648,#649,#650,#651,#652,#653,
    #654,#655,#656),.UNSPECIFIED.,.F.,.F.,(9,9),(1.570796326795,
    4.712388980385),.PIECEWISE_BEZIER_KNOTS.);
#648 = CARTESIAN_POINT('',(3.14159265359,3.907985046681E-14));
#649 = CARTESIAN_POINT('',(3.534291735289,0.105029828931));
#650 = CARTESIAN_POINT('',(3.926990816988,0.210060495319));
#651 = CARTESIAN_POINT('',(4.319689898686,0.290401155932));
#652 = CARTESIAN_POINT('',(4.71238898039,0.321428548246));
#653 = CARTESIAN_POINT('',(5.105088062082,0.290401155931));
#654 = CARTESIAN_POINT('',(5.497787143783,0.210060495319));
#655 = CARTESIAN_POINT('',(5.890486225481,0.105029828931));
#656 = CARTESIAN_POINT('',(6.28318530718,3.907985046681E-14));
#657 = ( GEOMETRIC_REPRESENTATION_CONTEXT(2) 
PARAMETRIC_REPRESENTATION_CONTEXT() REPRESENTATION_CONTEXT('2D SPACE',''
  ) );
#658 = ORIENTED_EDGE('',*,*,#659,.F.);
#659 = EDGE_CURVE('',#660,#619,#662,.T.);
#660 = VERTEX_POINT('',#661);
#661 = CARTESIAN_POINT('',(33.036436802448,-41.16183504129,
    -5.832380380939E-16));
#662 = SURFACE_CURVE('',#663,(#668,#680),.PCURVE_S1.);
#663 = ELLIPSE('',#664,4.770004098813,4.7625);
#664 = AXIS2_PLACEMENT_3D('',#665,#666,#667);
#665 = CARTESIAN_POINT('',(28.73881160965,-39.09220782729,0.));
#666 = DIRECTION('',(-0.433883739118,-0.900968867902,0.));
#667 = DIRECTION('',(0.900968867902,-0.433883739118,0.));
#668 = PCURVE('',#505,#669);
#669 = DEFINITIONAL_REPRESENTATION('',(#670),#679);
#670 = B_SPLINE_CURVE_WITH_KNOTS('',7,(#671,#672,#673,#674,#675,#676,
    #677,#678),.UNSPECIFIED.,.F.,.F.,(8,8),(0.,1.570796326795),
  .PIECEWISE_BEZIER_KNOTS.);
#671 = CARTESIAN_POINT('',(1.570796326795,3.844490004099));
#672 = CARTESIAN_POINT('',(1.795195802051,3.844490004099));
#673 = CARTESIAN_POINT('',(2.019595277307,3.828777303658));
#674 = CARTESIAN_POINT('',(2.243994752565,3.79735418216));
#675 = CARTESIAN_POINT('',(2.46839422782,3.752149880283));
#676 = CARTESIAN_POINT('',(2.692793703077,3.697067587457));
#677 = CARTESIAN_POINT('',(2.917193178333,3.637050786059));
#678 = CARTESIAN_POINT('',(3.14159265359,3.577033740955));
#679 = ( GEOMETRIC_REPRESENTATION_CONTEXT(2) 
PARAMETRIC_REPRESENTATION_CONTEXT() REPRESENTATION_CONTEXT('2D SPACE',''
  ) );
#680 = PCURVE('',#641,#681);
#681 = DEFINITIONAL_REPRESENTATION('',(#682),#691);
#682 = B_SPLINE_CURVE_WITH_KNOTS('',7,(#683,#684,#685,#686,#687,#688,
    #689,#690),.UNSPECIFIED.,.F.,.F.,(8,8),(0.,1.570796326795),
  .PIECEWISE_BEZIER_KNOTS.);
#683 = CARTESIAN_POINT('',(1.570796326795,-0.267456263144));
#684 = CARTESIAN_POINT('',(1.795195802051,-0.267456263144));
#685 = CARTESIAN_POINT('',(2.019595277307,-0.251743562703));
#686 = CARTESIAN_POINT('',(2.243994752565,-0.220320441205));
#687 = CARTESIAN_POINT('',(2.46839422782,-0.175116139326));
#688 = CARTESIAN_POINT('',(2.692793703077,-0.120033846502));
#689 = CARTESIAN_POINT('',(2.917193178333,-6.001704510344E-02));
#690 = CARTESIAN_POINT('',(3.14159265359,3.907985046681E-14));
#691 = ( GEOMETRIC_REPRESENTATION_CONTEXT(2) 
PARAMETRIC_REPRESENTATION_CONTEXT() REPRESENTATION_CONTEXT('2D SPACE',''
  ) );
#692 = ORIENTED_EDGE('',*,*,#693,.F.);
#693 = EDGE_CURVE('',#597,#660,#694,.T.);
#694 = SURFACE_CURVE('',#695,(#700,#712),.PCURVE_S1.);
#695 = ELLIPSE('',#696,4.770004098813,4.7625);
#696 = AXIS2_PLACEMENT_3D('',#697,#698,#699);
#697 = CARTESIAN_POINT('',(28.73881160965,-39.09220782729,0.));
#698 = DIRECTION('',(-0.433883739118,-0.900968867902,0.));
#699 = DIRECTION('',(0.900968867902,-0.433883739118,0.));
#700 = PCURVE('',#505,#701);
#701 = DEFINITIONAL_REPRESENTATION('',(#702),#711);
#702 = B_SPLINE_CURVE_WITH_KNOTS('',7,(#703,#704,#705,#706,#707,#708,
    #709,#710),.UNSPECIFIED.,.F.,.F.,(8,8),(4.712388980385,6.28318530718
    ),.PIECEWISE_BEZIER_KNOTS.);
#703 = CARTESIAN_POINT('',(0.,3.577033740955));
#704 = CARTESIAN_POINT('',(0.224399475256,3.637050786059));
#705 = CARTESIAN_POINT('',(0.448798950513,3.697067587457));
#706 = CARTESIAN_POINT('',(0.673198425769,3.752149880283));
#707 = CARTESIAN_POINT('',(0.897597901026,3.797354182159));
#708 = CARTESIAN_POINT('',(1.121997376282,3.828777303658));
#709 = CARTESIAN_POINT('',(1.346396851538,3.844490004099));
#710 = CARTESIAN_POINT('',(1.570796326795,3.844490004099));
#711 = ( GEOMETRIC_REPRESENTATION_CONTEXT(2) 
PARAMETRIC_REPRESENTATION_CONTEXT() REPRESENTATION_CONTEXT('2D SPACE',''
  ) );
#712 = PCURVE('',#641,#713);
#713 = DEFINITIONAL_REPRESENTATION('',(#714),#723);
#714 = B_SPLINE_CURVE_WITH_KNOTS('',7,(#715,#716,#717,#718,#719,#720,
    #721,#722),.UNSPECIFIED.,.F.,.F.,(8,8),(4.712388980385,6.28318530718
    ),.PIECEWISE_BEZIER_KNOTS.);
#715 = CARTESIAN_POINT('',(0.,3.907985046681E-14));
#716 = CARTESIAN_POINT('',(0.224399475256,-6.001704510344E-02));
#717 = CARTESIAN_POINT('',(0.448798950513,-0.120033846502));
#718 = CARTESIAN_POINT('',(0.673198425769,-0.175116139327));
#719 = CARTESIAN_POINT('',(0.897597901026,-0.220320441205));
#720 = CARTESIAN_POINT('',(1.121997376282,-0.251743562703));
#721 = CARTESIAN_POINT('',(1.346396851538,-0.267456263144));
#722 = CARTESIAN_POINT('',(1.570796326795,-0.267456263144));
#723 = ( GEOMETRIC_REPRESENTATION_CONTEXT(2) 
PARAMETRIC_REPRESENTATION_CONTEXT() REPRESENTATION_CONTEXT('2D SPACE',''
  ) );
#724 = ORIENTED_EDGE('',*,*,#596,.F.);
#725 = ORIENTED_EDGE('',*,*,#557,.T.);
#726 = ORIENTED_EDGE('',*,*,#523,.T.);
#727 = ORIENTED_EDGE('',*,*,#482,.T.);
#728 = ADVANCED_FACE('',(#729),#641,.T.);
#729 = FACE_BOUND('',#730,.T.);
#730 = EDGE_LOOP('',(#731,#753,#794,#828,#860,#861,#862,#863));
#731 = ORIENTED_EDGE('',*,*,#732,.T.);
#732 = EDGE_CURVE('',#597,#733,#735,.T.);
#733 = VERTEX_POINT('',#734);
#734 = CARTESIAN_POINT('',(27.008532829338,-42.22291153833,-4.7625));
#735 = SEAM_CURVE('',#736,(#740,#746),.PCURVE_S1.);
#736 = LINE('',#737,#738);
#737 = CARTESIAN_POINT('',(28.73881160965,-39.09220782729,-4.7625));
#738 = VECTOR('',#739,1.);
#739 = DIRECTION('',(-0.483718887105,-0.875223421909,0.));
#740 = PCURVE('',#641,#741);
#741 = DEFINITIONAL_REPRESENTATION('',(#742),#745);
#742 = B_SPLINE_CURVE_WITH_KNOTS('',1,(#743,#744),.UNSPECIFIED.,.F.,.F.,
  (2,2),(-1.480537077276,5.057570818231),.PIECEWISE_BEZIER_KNOTS.);
#743 = CARTESIAN_POINT('',(6.28318530718,-1.480537077276));
#744 = CARTESIAN_POINT('',(6.28318530718,5.057570818231));
#745 = ( GEOMETRIC_REPRESENTATION_CONTEXT(2) 
PARAMETRIC_REPRESENTATION_CONTEXT() REPRESENTATION_CONTEXT('2D SPACE',''
  ) );
#746 = PCURVE('',#641,#747);
#747 = DEFINITIONAL_REPRESENTATION('',(#748),#752);
#748 = LINE('',#749,#750);
#749 = CARTESIAN_POINT('',(0.,0.));
#750 = VECTOR('',#751,1.);
#751 = DIRECTION('',(0.,1.));
#752 = ( GEOMETRIC_REPRESENTATION_CONTEXT(2) 
PARAMETRIC_REPRESENTATION_CONTEXT() REPRESENTATION_CONTEXT('2D SPACE',''
  ) );
#753 = ORIENTED_EDGE('',*,*,#754,.F.);
#754 = EDGE_CURVE('',#755,#733,#757,.T.);
#755 = VERTEX_POINT('',#756);
#756 = CARTESIAN_POINT('',(27.008532829338,-42.22291153833,4.7625));
#757 = SURFACE_CURVE('',#758,(#763,#776),.PCURVE_S1.);
#758 = ELLIPSE('',#759,4.770004098813,4.7625);
#759 = AXIS2_PLACEMENT_3D('',#760,#761,#762);
#760 = CARTESIAN_POINT('',(27.008532829338,-42.22291153833,0.));
#761 = DIRECTION('',(-0.532032076515,-0.846724199228,0.));
#762 = DIRECTION('',(0.846724199228,-0.532032076515,0.));
#763 = PCURVE('',#641,#764);
#764 = DEFINITIONAL_REPRESENTATION('',(#765),#775);
#765 = B_SPLINE_CURVE_WITH_KNOTS('',8,(#766,#767,#768,#769,#770,#771,
    #772,#773,#774),.UNSPECIFIED.,.F.,.F.,(9,9),(1.570796326795,
    4.712388980385),.PIECEWISE_BEZIER_KNOTS.);
#766 = CARTESIAN_POINT('',(3.14159265359,3.577033740955));
#767 = CARTESIAN_POINT('',(3.534291735289,3.472003912024));
#768 = CARTESIAN_POINT('',(3.926990816989,3.366973245635));
#769 = CARTESIAN_POINT('',(4.319689898687,3.286632585015));
#770 = CARTESIAN_POINT('',(4.712388980391,3.255605192705));
#771 = CARTESIAN_POINT('',(5.105088062082,3.286632585019));
#772 = CARTESIAN_POINT('',(5.497787143783,3.366973245635));
#773 = CARTESIAN_POINT('',(5.890486225481,3.472003912024));
#774 = CARTESIAN_POINT('',(6.28318530718,3.577033740955));
#775 = ( GEOMETRIC_REPRESENTATION_CONTEXT(2) 
PARAMETRIC_REPRESENTATION_CONTEXT() REPRESENTATION_CONTEXT('2D SPACE',''
  ) );
#776 = PCURVE('',#777,#782);
#777 = CYLINDRICAL_SURFACE('',#778,4.7625);
#778 = AXIS2_PLACEMENT_3D('',#779,#780,#781);
#779 = CARTESIAN_POINT('',(27.008532829338,-42.22291153833,0.));
#780 = DIRECTION('',(-0.57867129618,-0.815560868959,0.));
#781 = DIRECTION('',(-9.054544547019E-17,6.424541967085E-17,-1.));
#782 = DEFINITIONAL_REPRESENTATION('',(#783),#793);
#783 = B_SPLINE_CURVE_WITH_KNOTS('',8,(#784,#785,#786,#787,#788,#789,
    #790,#791,#792),.UNSPECIFIED.,.F.,.F.,(9,9),(1.570796326795,
    4.712388980385),.PIECEWISE_BEZIER_KNOTS.);
#784 = CARTESIAN_POINT('',(3.14159265359,-8.526512829121E-14));
#785 = CARTESIAN_POINT('',(3.534291735289,0.105029828931));
#786 = CARTESIAN_POINT('',(3.926990816987,0.210060495319));
#787 = CARTESIAN_POINT('',(4.319689898689,0.290401155932));
#788 = CARTESIAN_POINT('',(4.712388980385,0.321428548244));
#789 = CARTESIAN_POINT('',(5.105088062087,0.290401155933));
#790 = CARTESIAN_POINT('',(5.497787143782,0.210060495319));
#791 = CARTESIAN_POINT('',(5.890486225481,0.105029828931));
#792 = CARTESIAN_POINT('',(6.28318530718,-8.526512829121E-14));
#793 = ( GEOMETRIC_REPRESENTATION_CONTEXT(2) 
PARAMETRIC_REPRESENTATION_CONTEXT() REPRESENTATION_CONTEXT('2D SPACE',''
  ) );
#794 = ORIENTED_EDGE('',*,*,#795,.F.);
#795 = EDGE_CURVE('',#796,#755,#798,.T.);
#796 = VERTEX_POINT('',#797);
#797 = CARTESIAN_POINT('',(31.047410730221,-44.76070672401,
    -5.832380380939E-16));
#798 = SURFACE_CURVE('',#799,(#804,#816),.PCURVE_S1.);
#799 = ELLIPSE('',#800,4.770004098813,4.7625);
#800 = AXIS2_PLACEMENT_3D('',#801,#802,#803);
#801 = CARTESIAN_POINT('',(27.008532829338,-42.22291153833,0.));
#802 = DIRECTION('',(-0.532032076515,-0.846724199228,0.));
#803 = DIRECTION('',(0.846724199228,-0.532032076515,0.));
#804 = PCURVE('',#641,#805);
#805 = DEFINITIONAL_REPRESENTATION('',(#806),#815);
#806 = B_SPLINE_CURVE_WITH_KNOTS('',7,(#807,#808,#809,#810,#811,#812,
    #813,#814),.UNSPECIFIED.,.F.,.F.,(8,8),(0.,1.570796326795),
  .PIECEWISE_BEZIER_KNOTS.);
#807 = CARTESIAN_POINT('',(1.570796326795,3.844490004099));
#808 = CARTESIAN_POINT('',(1.795195802051,3.844490004099));
#809 = CARTESIAN_POINT('',(2.019595277308,3.828777303658));
#810 = CARTESIAN_POINT('',(2.243994752565,3.79735418216));
#811 = CARTESIAN_POINT('',(2.468394227821,3.752149880281));
#812 = CARTESIAN_POINT('',(2.692793703077,3.697067587457));
#813 = CARTESIAN_POINT('',(2.917193178333,3.637050786058));
#814 = CARTESIAN_POINT('',(3.14159265359,3.577033740955));
#815 = ( GEOMETRIC_REPRESENTATION_CONTEXT(2) 
PARAMETRIC_REPRESENTATION_CONTEXT() REPRESENTATION_CONTEXT('2D SPACE',''
  ) );
#816 = PCURVE('',#777,#817);
#817 = DEFINITIONAL_REPRESENTATION('',(#818),#827);
#818 = B_SPLINE_CURVE_WITH_KNOTS('',7,(#819,#820,#821,#822,#823,#824,
    #825,#826),.UNSPECIFIED.,.F.,.F.,(8,8),(0.,1.570796326795),
  .PIECEWISE_BEZIER_KNOTS.);
#819 = CARTESIAN_POINT('',(1.570796326795,-0.267456263144));
#820 = CARTESIAN_POINT('',(1.795195802051,-0.267456263144));
#821 = CARTESIAN_POINT('',(2.019595277308,-0.251743562703));
#822 = CARTESIAN_POINT('',(2.243994752565,-0.220320441205));
#823 = CARTESIAN_POINT('',(2.468394227821,-0.175116139327));
#824 = CARTESIAN_POINT('',(2.692793703077,-0.120033846502));
#825 = CARTESIAN_POINT('',(2.917193178333,-6.001704510357E-02));
#826 = CARTESIAN_POINT('',(3.14159265359,-8.526512829121E-14));
#827 = ( GEOMETRIC_REPRESENTATION_CONTEXT(2) 
PARAMETRIC_REPRESENTATION_CONTEXT() REPRESENTATION_CONTEXT('2D SPACE',''
  ) );
#828 = ORIENTED_EDGE('',*,*,#829,.F.);
#829 = EDGE_CURVE('',#733,#796,#830,.T.);
#830 = SURFACE_CURVE('',#831,(#836,#848),.PCURVE_S1.);
#831 = ELLIPSE('',#832,4.770004098813,4.7625);
#832 = AXIS2_PLACEMENT_3D('',#833,#834,#835);
#833 = CARTESIAN_POINT('',(27.008532829338,-42.22291153833,0.));
#834 = DIRECTION('',(-0.532032076515,-0.846724199228,0.));
#835 = DIRECTION('',(0.846724199228,-0.532032076515,0.));
#836 = PCURVE('',#641,#837);
#837 = DEFINITIONAL_REPRESENTATION('',(#838),#847);
#838 = B_SPLINE_CURVE_WITH_KNOTS('',7,(#839,#840,#841,#842,#843,#844,
    #845,#846),.UNSPECIFIED.,.F.,.F.,(8,8),(4.712388980385,6.28318530718
    ),.PIECEWISE_BEZIER_KNOTS.);
#839 = CARTESIAN_POINT('',(0.,3.577033740955));
#840 = CARTESIAN_POINT('',(0.224399475256,3.637050786058));
#841 = CARTESIAN_POINT('',(0.448798950513,3.697067587457));
#842 = CARTESIAN_POINT('',(0.67319842577,3.752149880282));
#843 = CARTESIAN_POINT('',(0.897597901025,3.79735418216));
#844 = CARTESIAN_POINT('',(1.121997376282,3.828777303658));
#845 = CARTESIAN_POINT('',(1.346396851538,3.844490004099));
#846 = CARTESIAN_POINT('',(1.570796326795,3.844490004099));
#847 = ( GEOMETRIC_REPRESENTATION_CONTEXT(2) 
PARAMETRIC_REPRESENTATION_CONTEXT() REPRESENTATION_CONTEXT('2D SPACE',''
  ) );
#848 = PCURVE('',#777,#849);
#849 = DEFINITIONAL_REPRESENTATION('',(#850),#859);
#850 = B_SPLINE_CURVE_WITH_KNOTS('',7,(#851,#852,#853,#854,#855,#856,
    #857,#858),.UNSPECIFIED.,.F.,.F.,(8,8),(4.712388980385,6.28318530718
    ),.PIECEWISE_BEZIER_KNOTS.);
#851 = CARTESIAN_POINT('',(0.,-8.526512829121E-14));
#852 = CARTESIAN_POINT('',(0.224399475256,-6.001704510357E-02));
#853 = CARTESIAN_POINT('',(0.448798950513,-0.120033846503));
#854 = CARTESIAN_POINT('',(0.67319842577,-0.175116139327));
#855 = CARTESIAN_POINT('',(0.897597901026,-0.220320441205));
#856 = CARTESIAN_POINT('',(1.121997376282,-0.251743562703));
#857 = CARTESIAN_POINT('',(1.346396851538,-0.267456263144));
#858 = CARTESIAN_POINT('',(1.570796326795,-0.267456263144));
#859 = ( GEOMETRIC_REPRESENTATION_CONTEXT(2) 
PARAMETRIC_REPRESENTATION_CONTEXT() REPRESENTATION_CONTEXT('2D SPACE',''
  ) );
#860 = ORIENTED_EDGE('',*,*,#732,.F.);
#861 = ORIENTED_EDGE('',*,*,#693,.T.);
#862 = ORIENTED_EDGE('',*,*,#659,.T.);
#863 = ORIENTED_EDGE('',*,*,#618,.T.);
#864 = ADVANCED_FACE('',(#865),#777,.T.);
#865 = FACE_BOUND('',#866,.T.);
#866 = EDGE_LOOP('',(#867,#889,#930,#964,#996,#997,#998,#999));
#867 = ORIENTED_EDGE('',*,*,#868,.T.);
#868 = EDGE_CURVE('',#733,#869,#871,.T.);
#869 = VERTEX_POINT('',#870);
#870 = CARTESIAN_POINT('',(24.93860607798,-45.1402002844,-4.7625));
#871 = SEAM_CURVE('',#872,(#876,#882),.PCURVE_S1.);
#872 = LINE('',#873,#874);
#873 = CARTESIAN_POINT('',(27.008532829338,-42.22291153833,-4.7625));
#874 = VECTOR('',#875,1.);
#875 = DIRECTION('',(-0.57867129618,-0.815560868959,0.));
#876 = PCURVE('',#777,#877);
#877 = DEFINITIONAL_REPRESENTATION('',(#878),#881);
#878 = B_SPLINE_CURVE_WITH_KNOTS('',1,(#879,#880),.UNSPECIFIED.,.F.,.F.,
  (2,2),(-1.480537077276,5.057570818231),.PIECEWISE_BEZIER_KNOTS.);
#879 = CARTESIAN_POINT('',(6.28318530718,-1.480537077276));
#880 = CARTESIAN_POINT('',(6.28318530718,5.057570818231));
#881 = ( GEOMETRIC_REPRESENTATION_CONTEXT(2) 
PARAMETRIC_REPRESENTATION_CONTEXT() REPRESENTATION_CONTEXT('2D SPACE',''
  ) );
#882 = PCURVE('',#777,#883);
#883 = DEFINITIONAL_REPRESENTATION('',(#884),#888);
#884 = LINE('',#885,#886);
#885 = CARTESIAN_POINT('',(0.,0.));
#886 = VECTOR('',#887,1.);
#887 = DIRECTION('',(0.,1.));
#888 = ( GEOMETRIC_REPRESENTATION_CONTEXT(2) 
PARAMETRIC_REPRESENTATION_CONTEXT() REPRESENTATION_CONTEXT('2D SPACE',''
  ) );
#889 = ORIENTED_EDGE('',*,*,#890,.F.);
#890 = EDGE_CURVE('',#891,#869,#893,.T.);
#891 = VERTEX_POINT('',#892);
#892 = CARTESIAN_POINT('',(24.93860607798,-45.1402002844,4.7625));
#893 = SURFACE_CURVE('',#894,(#899,#912),.PCURVE_S1.);
#894 = ELLIPSE('',#895,4.770004098813,4.7625);
#895 = AXIS2_PLACEMENT_3D('',#896,#897,#898);
#896 = CARTESIAN_POINT('',(24.93860607798,-45.1402002844,0.));
#897 = DIRECTION('',(-0.623489801859,-0.781831482468,0.));
#898 = DIRECTION('',(0.781831482468,-0.623489801859,0.));
#899 = PCURVE('',#777,#900);
#900 = DEFINITIONAL_REPRESENTATION('',(#901),#911);
#901 = B_SPLINE_CURVE_WITH_KNOTS('',8,(#902,#903,#904,#905,#906,#907,
    #908,#909,#910),.UNSPECIFIED.,.F.,.F.,(9,9),(1.570796326795,
    4.712388980385),.PIECEWISE_BEZIER_KNOTS.);
#902 = CARTESIAN_POINT('',(3.14159265359,3.577033740955));
#903 = CARTESIAN_POINT('',(3.534291735289,3.472003912024));
#904 = CARTESIAN_POINT('',(3.926990816987,3.366973245635));
#905 = CARTESIAN_POINT('',(4.319689898694,3.286632585018));
#906 = CARTESIAN_POINT('',(4.712388980381,3.255605192705));
#907 = CARTESIAN_POINT('',(5.10508806209,3.286632585021));
#908 = CARTESIAN_POINT('',(5.497787143781,3.366973245634));
#909 = CARTESIAN_POINT('',(5.890486225481,3.472003912024));
#910 = CARTESIAN_POINT('',(6.28318530718,3.577033740955));
#911 = ( GEOMETRIC_REPRESENTATION_CONTEXT(2) 
PARAMETRIC_REPRESENTATION_CONTEXT() REPRESENTATION_CONTEXT('2D SPACE',''
  ) );
#912 = PCURVE('',#913,#918);
#913 = CYLINDRICAL_SURFACE('',#914,4.7625);
#914 = AXIS2_PLACEMENT_3D('',#915,#916,#917);
#915 = CARTESIAN_POINT('',(24.93860607798,-45.1402002844,0.));
#916 = DIRECTION('',(-0.666346577952,-0.745642164883,0.));
#917 = DIRECTION('',(-8.278290995846E-17,7.397933132225E-17,-1.));
#918 = DEFINITIONAL_REPRESENTATION('',(#919),#929);
#919 = B_SPLINE_CURVE_WITH_KNOTS('',8,(#920,#921,#922,#923,#924,#925,
    #926,#927,#928),.UNSPECIFIED.,.F.,.F.,(9,9),(1.570796326795,
    4.712388980385),.PIECEWISE_BEZIER_KNOTS.);
#920 = CARTESIAN_POINT('',(3.14159265359,-4.618527782441E-14));
#921 = CARTESIAN_POINT('',(3.534291735289,0.105029828931));
#922 = CARTESIAN_POINT('',(3.926990816989,0.210060495319));
#923 = CARTESIAN_POINT('',(4.319689898686,0.290401155932));
#924 = CARTESIAN_POINT('',(4.712388980394,0.321428548245));
#925 = CARTESIAN_POINT('',(5.105088062082,0.290401155932));
#926 = CARTESIAN_POINT('',(5.497787143783,0.210060495319));
#927 = CARTESIAN_POINT('',(5.890486225481,0.105029828931));
#928 = CARTESIAN_POINT('',(6.28318530718,-4.618527782441E-14));
#929 = ( GEOMETRIC_REPRESENTATION_CONTEXT(2) 
PARAMETRIC_REPRESENTATION_CONTEXT() REPRESENTATION_CONTEXT('2D SPACE',''
  ) );
#930 = ORIENTED_EDGE('',*,*,#931,.F.);
#931 = EDGE_CURVE('',#932,#891,#934,.T.);
#932 = VERTEX_POINT('',#933);
#933 = CARTESIAN_POINT('',(28.667945453934,-48.11424919484,
    -5.832380380939E-16));
#934 = SURFACE_CURVE('',#935,(#940,#952),.PCURVE_S1.);
#935 = ELLIPSE('',#936,4.770004098813,4.7625);
#936 = AXIS2_PLACEMENT_3D('',#937,#938,#939);
#937 = CARTESIAN_POINT('',(24.93860607798,-45.1402002844,0.));
#938 = DIRECTION('',(-0.623489801859,-0.781831482468,0.));
#939 = DIRECTION('',(0.781831482468,-0.623489801859,0.));
#940 = PCURVE('',#777,#941);
#941 = DEFINITIONAL_REPRESENTATION('',(#942),#951);
#942 = B_SPLINE_CURVE_WITH_KNOTS('',7,(#943,#944,#945,#946,#947,#948,
    #949,#950),.UNSPECIFIED.,.F.,.F.,(8,8),(0.,1.570796326795),
  .PIECEWISE_BEZIER_KNOTS.);
#943 = CARTESIAN_POINT('',(1.570796326795,3.844490004099));
#944 = CARTESIAN_POINT('',(1.795195802051,3.844490004099));
#945 = CARTESIAN_POINT('',(2.019595277308,3.828777303658));
#946 = CARTESIAN_POINT('',(2.243994752565,3.797354182161));
#947 = CARTESIAN_POINT('',(2.468394227821,3.752149880282));
#948 = CARTESIAN_POINT('',(2.692793703077,3.697067587457));
#949 = CARTESIAN_POINT('',(2.917193178333,3.637050786058));
#950 = CARTESIAN_POINT('',(3.14159265359,3.577033740955));
#951 = ( GEOMETRIC_REPRESENTATION_CONTEXT(2) 
PARAMETRIC_REPRESENTATION_CONTEXT() REPRESENTATION_CONTEXT('2D SPACE',''
  ) );
#952 = PCURVE('',#913,#953);
#953 = DEFINITIONAL_REPRESENTATION('',(#954),#963);
#954 = B_SPLINE_CURVE_WITH_KNOTS('',7,(#955,#956,#957,#958,#959,#960,
    #961,#962),.UNSPECIFIED.,.F.,.F.,(8,8),(0.,1.570796326795),
  .PIECEWISE_BEZIER_KNOTS.);
#955 = CARTESIAN_POINT('',(1.570796326795,-0.267456263144));
#956 = CARTESIAN_POINT('',(1.795195802051,-0.267456263144));
#957 = CARTESIAN_POINT('',(2.019595277308,-0.251743562703));
#958 = CARTESIAN_POINT('',(2.243994752565,-0.220320441205));
#959 = CARTESIAN_POINT('',(2.46839422782,-0.175116139327));
#960 = CARTESIAN_POINT('',(2.692793703077,-0.120033846502));
#961 = CARTESIAN_POINT('',(2.917193178333,-6.001704510353E-02));
#962 = CARTESIAN_POINT('',(3.14159265359,-4.618527782441E-14));
#963 = ( GEOMETRIC_REPRESENTATION_CONTEXT(2) 
PARAMETRIC_REPRESENTATION_CONTEXT() REPRESENTATION_CONTEXT('2D SPACE',''
  ) );
#964 = ORIENTED_EDGE('',*,*,#965,.F.);
#965 = EDGE_CURVE('',#869,#932,#966,.T.);
#966 = SURFACE_CURVE('',#967,(#972,#984),.PCURVE_S1.);
#967 = ELLIPSE('',#968,4.770004098813,4.7625);
#968 = AXIS2_PLACEMENT_3D('',#969,#970,#971);
#969 = CARTESIAN_POINT('',(24.93860607798,-45.1402002844,0.));
#970 = DIRECTION('',(-0.623489801859,-0.781831482468,0.));
#971 = DIRECTION('',(0.781831482468,-0.623489801859,0.));
#972 = PCURVE('',#777,#973);
#973 = DEFINITIONAL_REPRESENTATION('',(#974),#983);
#974 = B_SPLINE_CURVE_WITH_KNOTS('',7,(#975,#976,#977,#978,#979,#980,
    #981,#982),.UNSPECIFIED.,.F.,.F.,(8,8),(4.712388980385,6.28318530718
    ),.PIECEWISE_BEZIER_KNOTS.);
#975 = CARTESIAN_POINT('',(0.,3.577033740955));
#976 = CARTESIAN_POINT('',(0.224399475256,3.637050786058));
#977 = CARTESIAN_POINT('',(0.448798950513,3.697067587457));
#978 = CARTESIAN_POINT('',(0.673198425769,3.752149880284));
#979 = CARTESIAN_POINT('',(0.897597901026,3.797354182159));
#980 = CARTESIAN_POINT('',(1.121997376282,3.828777303658));
#981 = CARTESIAN_POINT('',(1.346396851538,3.844490004099));
#982 = CARTESIAN_POINT('',(1.570796326795,3.844490004099));
#983 = ( GEOMETRIC_REPRESENTATION_CONTEXT(2) 
PARAMETRIC_REPRESENTATION_CONTEXT() REPRESENTATION_CONTEXT('2D SPACE',''
  ) );
#984 = PCURVE('',#913,#985);
#985 = DEFINITIONAL_REPRESENTATION('',(#986),#995);
#986 = B_SPLINE_CURVE_WITH_KNOTS('',7,(#987,#988,#989,#990,#991,#992,
    #993,#994),.UNSPECIFIED.,.F.,.F.,(8,8),(4.712388980385,6.28318530718
    ),.PIECEWISE_BEZIER_KNOTS.);
#987 = CARTESIAN_POINT('',(0.,-4.618527782441E-14));
#988 = CARTESIAN_POINT('',(0.224399475256,-6.001704510353E-02));
#989 = CARTESIAN_POINT('',(0.448798950513,-0.120033846503));
#990 = CARTESIAN_POINT('',(0.673198425769,-0.175116139327));
#991 = CARTESIAN_POINT('',(0.897597901026,-0.220320441205));
#992 = CARTESIAN_POINT('',(1.121997376282,-0.251743562703));
#993 = CARTESIAN_POINT('',(1.346396851538,-0.267456263144));
#994 = CARTESIAN_POINT('',(1.570796326795,-0.267456263144));
#995 = ( GEOMETRIC_REPRESENTATION_CONTEXT(2) 
PARAMETRIC_REPRESENTATION_CONTEXT() REPRESENTATION_CONTEXT('2D SPACE',''
  ) );
#996 = ORIENTED_EDGE('',*,*,#868,.F.);
#997 = ORIENTED_EDGE('',*,*,#829,.T.);
#998 = ORIENTED_EDGE('',*,*,#795,.T.);
#999 = ORIENTED_EDGE('',*,*,#754,.T.);
#1000 = ADVANCED_FACE('',(#1001),#913,.T.);
#1001 = FACE_BOUND('',#1002,.T.);
#1002 = EDGE_LOOP('',(#1003,#1025,#1066,#1100,#1132,#1133,#1134,#1135));
#1003 = ORIENTED_EDGE('',*,*,#1004,.T.);
#1004 = EDGE_CURVE('',#869,#1005,#1007,.T.);
#1005 = VERTEX_POINT('',#1006);
#1006 = CARTESIAN_POINT('',(22.555061885476,-47.80738746687,-4.7625));
#1007 = SEAM_CURVE('',#1008,(#1012,#1018),.PCURVE_S1.);
#1008 = LINE('',#1009,#1010);
#1009 = CARTESIAN_POINT('',(24.93860607798,-45.1402002844,-4.7625));
#1010 = VECTOR('',#1011,1.);
#1011 = DIRECTION('',(-0.666346577952,-0.745642164883,0.));
#1012 = PCURVE('',#913,#1013);
#1013 = DEFINITIONAL_REPRESENTATION('',(#1014),#1017);
#1014 = B_SPLINE_CURVE_WITH_KNOTS('',1,(#1015,#1016),.UNSPECIFIED.,.F.,
  .F.,(2,2),(-1.480537077276,5.057570818231),.PIECEWISE_BEZIER_KNOTS.);
#1015 = CARTESIAN_POINT('',(6.28318530718,-1.480537077276));
#1016 = CARTESIAN_POINT('',(6.28318530718,5.057570818231));
#1017 = ( GEOMETRIC_REPRESENTATION_CONTEXT(2) 
PARAMETRIC_REPRESENTATION_CONTEXT() REPRESENTATION_CONTEXT('2D SPACE',''
  ) );
#1018 = PCURVE('',#913,#1019);
#1019 = DEFINITIONAL_REPRESENTATION('',(#1020),#1024);
#1020 = LINE('',#1021,#1022);
#1021 = CARTESIAN_POINT('',(0.,0.));
#1022 = VECTOR('',#1023,1.);
#1023 = DIRECTION('',(0.,1.));
#1024 = ( GEOMETRIC_REPRESENTATION_CONTEXT(2) 
PARAMETRIC_REPRESENTATION_CONTEXT() REPRESENTATION_CONTEXT('2D SPACE',''
  ) );
#1025 = ORIENTED_EDGE('',*,*,#1026,.F.);
#1026 = EDGE_CURVE('',#1027,#1005,#1029,.T.);
#1027 = VERTEX_POINT('',#1028);
#1028 = CARTESIAN_POINT('',(22.555061885476,-47.80738746687,4.7625));
#1029 = SURFACE_CURVE('',#1030,(#1035,#1048),.PCURVE_S1.);
#1030 = ELLIPSE('',#1031,4.770004098813,4.7625);
#1031 = AXIS2_PLACEMENT_3D('',#1032,#1033,#1034);
#1032 = CARTESIAN_POINT('',(22.555061885476,-47.80738746687,0.));
#1033 = DIRECTION('',(-0.707106781187,-0.707106781187,0.));
#1034 = DIRECTION('',(0.707106781187,-0.707106781187,0.));
#1035 = PCURVE('',#913,#1036);
#1036 = DEFINITIONAL_REPRESENTATION('',(#1037),#1047);
#1037 = B_SPLINE_CURVE_WITH_KNOTS('',8,(#1038,#1039,#1040,#1041,#1042,
    #1043,#1044,#1045,#1046),.UNSPECIFIED.,.F.,.F.,(9,9),(1.570796326795
    ,4.712388980385),.PIECEWISE_BEZIER_KNOTS.);
#1038 = CARTESIAN_POINT('',(3.14159265359,3.577033740955));
#1039 = CARTESIAN_POINT('',(3.534291735289,3.472003912024));
#1040 = CARTESIAN_POINT('',(3.926990816988,3.366973245637));
#1041 = CARTESIAN_POINT('',(4.319689898687,3.286632585013));
#1042 = CARTESIAN_POINT('',(4.71238898039,3.255605192716));
#1043 = CARTESIAN_POINT('',(5.105088062083,3.286632585011));
#1044 = CARTESIAN_POINT('',(5.497787143783,3.366973245638));
#1045 = CARTESIAN_POINT('',(5.890486225481,3.472003912024));
#1046 = CARTESIAN_POINT('',(6.28318530718,3.577033740955));
#1047 = ( GEOMETRIC_REPRESENTATION_CONTEXT(2) 
PARAMETRIC_REPRESENTATION_CONTEXT() REPRESENTATION_CONTEXT('2D SPACE',''
  ) );
#1048 = PCURVE('',#1049,#1054);
#1049 = CYLINDRICAL_SURFACE('',#1050,4.7625);
#1050 = AXIS2_PLACEMENT_3D('',#1051,#1052,#1053);
#1051 = CARTESIAN_POINT('',(22.555061885476,-47.80738746687,0.));
#1052 = DIRECTION('',(-0.745642164883,-0.666346577952,0.));
#1053 = DIRECTION('',(7.397933132225E-17,-8.278290995846E-17,-1.));
#1054 = DEFINITIONAL_REPRESENTATION('',(#1055),#1065);
#1055 = B_SPLINE_CURVE_WITH_KNOTS('',8,(#1056,#1057,#1058,#1059,#1060,
    #1061,#1062,#1063,#1064),.UNSPECIFIED.,.F.,.F.,(9,9),(1.570796326795
    ,4.712388980385),.PIECEWISE_BEZIER_KNOTS.);
#1056 = CARTESIAN_POINT('',(3.14159265359,-2.13162820728E-14));
#1057 = CARTESIAN_POINT('',(3.534291735289,0.105029828931));
#1058 = CARTESIAN_POINT('',(3.926990816987,0.210060495319));
#1059 = CARTESIAN_POINT('',(4.319689898692,0.290401155931));
#1060 = CARTESIAN_POINT('',(4.712388980387,0.321428548247));
#1061 = CARTESIAN_POINT('',(5.105088062088,0.290401155931));
#1062 = CARTESIAN_POINT('',(5.497787143782,0.210060495319));
#1063 = CARTESIAN_POINT('',(5.890486225481,0.105029828931));
#1064 = CARTESIAN_POINT('',(6.28318530718,-2.13162820728E-14));
#1065 = ( GEOMETRIC_REPRESENTATION_CONTEXT(2) 
PARAMETRIC_REPRESENTATION_CONTEXT() REPRESENTATION_CONTEXT('2D SPACE',''
  ) );
#1066 = ORIENTED_EDGE('',*,*,#1067,.F.);
#1067 = EDGE_CURVE('',#1068,#1027,#1070,.T.);
#1068 = VERTEX_POINT('',#1069);
#1069 = CARTESIAN_POINT('',(25.927964130034,-51.18028971143,
    -5.832380380939E-16));
#1070 = SURFACE_CURVE('',#1071,(#1076,#1088),.PCURVE_S1.);
#1071 = ELLIPSE('',#1072,4.770004098813,4.7625);
#1072 = AXIS2_PLACEMENT_3D('',#1073,#1074,#1075);
#1073 = CARTESIAN_POINT('',(22.555061885476,-47.80738746687,0.));
#1074 = DIRECTION('',(-0.707106781187,-0.707106781187,0.));
#1075 = DIRECTION('',(0.707106781187,-0.707106781187,0.));
#1076 = PCURVE('',#913,#1077);
#1077 = DEFINITIONAL_REPRESENTATION('',(#1078),#1087);
#1078 = B_SPLINE_CURVE_WITH_KNOTS('',7,(#1079,#1080,#1081,#1082,#1083,
    #1084,#1085,#1086),.UNSPECIFIED.,.F.,.F.,(8,8),(0.,1.570796326795),
  .PIECEWISE_BEZIER_KNOTS.);
#1079 = CARTESIAN_POINT('',(1.570796326795,3.844490004099));
#1080 = CARTESIAN_POINT('',(1.795195802051,3.844490004099));
#1081 = CARTESIAN_POINT('',(2.019595277308,3.828777303658));
#1082 = CARTESIAN_POINT('',(2.243994752564,3.797354182158));
#1083 = CARTESIAN_POINT('',(2.468394227821,3.752149880283));
#1084 = CARTESIAN_POINT('',(2.692793703077,3.697067587457));
#1085 = CARTESIAN_POINT('',(2.917193178333,3.637050786058));
#1086 = CARTESIAN_POINT('',(3.14159265359,3.577033740955));
#1087 = ( GEOMETRIC_REPRESENTATION_CONTEXT(2) 
PARAMETRIC_REPRESENTATION_CONTEXT() REPRESENTATION_CONTEXT('2D SPACE',''
  ) );
#1088 = PCURVE('',#1049,#1089);
#1089 = DEFINITIONAL_REPRESENTATION('',(#1090),#1099);
#1090 = B_SPLINE_CURVE_WITH_KNOTS('',7,(#1091,#1092,#1093,#1094,#1095,
    #1096,#1097,#1098),.UNSPECIFIED.,.F.,.F.,(8,8),(0.,1.570796326795),
  .PIECEWISE_BEZIER_KNOTS.);
#1091 = CARTESIAN_POINT('',(1.570796326795,-0.267456263144));
#1092 = CARTESIAN_POINT('',(1.795195802051,-0.267456263144));
#1093 = CARTESIAN_POINT('',(2.019595277308,-0.251743562703));
#1094 = CARTESIAN_POINT('',(2.243994752564,-0.220320441205));
#1095 = CARTESIAN_POINT('',(2.468394227821,-0.175116139327));
#1096 = CARTESIAN_POINT('',(2.692793703077,-0.120033846502));
#1097 = CARTESIAN_POINT('',(2.917193178333,-6.001704510351E-02));
#1098 = CARTESIAN_POINT('',(3.14159265359,-2.13162820728E-14));
#1099 = ( GEOMETRIC_REPRESENTATION_CONTEXT(2) 
PARAMETRIC_REPRESENTATION_CONTEXT() REPRESENTATION_CONTEXT('2D SPACE',''
  ) );
#1100 = ORIENTED_EDGE('',*,*,#1101,.F.);
#1101 = EDGE_CURVE('',#1005,#1068,#1102,.T.);
#1102 = SURFACE_CURVE('',#1103,(#1108,#1120),.PCURVE_S1.);
#1103 = ELLIPSE('',#1104,4.770004098813,4.7625);
#1104 = AXIS2_PLACEMENT_3D('',#1105,#1106,#1107);
#1105 = CARTESIAN_POINT('',(22.555061885476,-47.80738746687,0.));
#1106 = DIRECTION('',(-0.707106781187,-0.707106781187,0.));
#1107 = DIRECTION('',(0.707106781187,-0.707106781187,0.));
#1108 = PCURVE('',#913,#1109);
#1109 = DEFINITIONAL_REPRESENTATION('',(#1110),#1119);
#1110 = B_SPLINE_CURVE_WITH_KNOTS('',7,(#1111,#1112,#1113,#1114,#1115,
    #1116,#1117,#1118),.UNSPECIFIED.,.F.,.F.,(8,8),(4.712388980385,
    6.28318530718),.PIECEWISE_BEZIER_KNOTS.);
#1111 = CARTESIAN_POINT('',(0.,3.577033740955));
#1112 = CARTESIAN_POINT('',(0.224399475256,3.637050786058));
#1113 = CARTESIAN_POINT('',(0.448798950513,3.697067587458));
#1114 = CARTESIAN_POINT('',(0.673198425769,3.752149880282));
#1115 = CARTESIAN_POINT('',(0.897597901026,3.797354182161));
#1116 = CARTESIAN_POINT('',(1.121997376282,3.828777303658));
#1117 = CARTESIAN_POINT('',(1.346396851538,3.844490004099));
#1118 = CARTESIAN_POINT('',(1.570796326795,3.844490004099));
#1119 = ( GEOMETRIC_REPRESENTATION_CONTEXT(2) 
PARAMETRIC_REPRESENTATION_CONTEXT() REPRESENTATION_CONTEXT('2D SPACE',''
  ) );
#1120 = PCURVE('',#1049,#1121);
#1121 = DEFINITIONAL_REPRESENTATION('',(#1122),#1131);
#1122 = B_SPLINE_CURVE_WITH_KNOTS('',7,(#1123,#1124,#1125,#1126,#1127,
    #1128,#1129,#1130),.UNSPECIFIED.,.F.,.F.,(8,8),(4.712388980385,
    6.28318530718),.PIECEWISE_BEZIER_KNOTS.);
#1123 = CARTESIAN_POINT('',(1.49195325094E-15,-2.13162820728E-14));
#1124 = CARTESIAN_POINT('',(0.224399475256,-6.001704510351E-02));
#1125 = CARTESIAN_POINT('',(0.448798950513,-0.120033846502));
#1126 = CARTESIAN_POINT('',(0.673198425769,-0.175116139327));
#1127 = CARTESIAN_POINT('',(0.897597901026,-0.220320441205));
#1128 = CARTESIAN_POINT('',(1.121997376282,-0.251743562703));
#1129 = CARTESIAN_POINT('',(1.346396851538,-0.267456263144));
#1130 = CARTESIAN_POINT('',(1.570796326795,-0.267456263144));
#1131 = ( GEOMETRIC_REPRESENTATION_CONTEXT(2) 
PARAMETRIC_REPRESENTATION_CONTEXT() REPRESENTATION_CONTEXT('2D SPACE',''
  ) );
#1132 = ORIENTED_EDGE('',*,*,#1004,.F.);
#1133 = ORIENTED_EDGE('',*,*,#965,.T.);
#1134 = ORIENTED_EDGE('',*,*,#931,.T.);
#1135 = ORIENTED_EDGE('',*,*,#890,.T.);
#1136 = ADVANCED_FACE('',(#1137),#1049,.T.);
#1137 = FACE_BOUND('',#1138,.T.);
#1138 = EDGE_LOOP('',(#1139,#1161,#1202,#1236,#1268,#1269,#1270,#1271));
#1139 = ORIENTED_EDGE('',*,*,#1140,.T.);
#1140 = EDGE_CURVE('',#1005,#1141,#1143,.T.);
#1141 = VERTEX_POINT('',#1142);
#1142 = CARTESIAN_POINT('',(19.88787470301,-50.19093165937,-4.7625));
#1143 = SEAM_CURVE('',#1144,(#1148,#1154),.PCURVE_S1.);
#1144 = LINE('',#1145,#1146);
#1145 = CARTESIAN_POINT('',(22.555061885476,-47.80738746687,-4.7625));
#1146 = VECTOR('',#1147,1.);
#1147 = DIRECTION('',(-0.745642164883,-0.666346577952,0.));
#1148 = PCURVE('',#1049,#1149);
#1149 = DEFINITIONAL_REPRESENTATION('',(#1150),#1153);
#1150 = B_SPLINE_CURVE_WITH_KNOTS('',1,(#1151,#1152),.UNSPECIFIED.,.F.,
  .F.,(2,2),(-1.480537077276,5.057570818231),.PIECEWISE_BEZIER_KNOTS.);
#1151 = CARTESIAN_POINT('',(6.28318530718,-1.480537077276));
#1152 = CARTESIAN_POINT('',(6.28318530718,5.057570818231));
#1153 = ( GEOMETRIC_REPRESENTATION_CONTEXT(2) 
PARAMETRIC_REPRESENTATION_CONTEXT() REPRESENTATION_CONTEXT('2D SPACE',''
  ) );
#1154 = PCURVE('',#1049,#1155);
#1155 = DEFINITIONAL_REPRESENTATION('',(#1156),#1160);
#1156 = LINE('',#1157,#1158);
#1157 = CARTESIAN_POINT('',(0.,0.));
#1158 = VECTOR('',#1159,1.);
#1159 = DIRECTION('',(0.,1.));
#1160 = ( GEOMETRIC_REPRESENTATION_CONTEXT(2) 
PARAMETRIC_REPRESENTATION_CONTEXT() REPRESENTATION_CONTEXT('2D SPACE',''
  ) );
#1161 = ORIENTED_EDGE('',*,*,#1162,.F.);
#1162 = EDGE_CURVE('',#1163,#1141,#1165,.T.);
#1163 = VERTEX_POINT('',#1164);
#1164 = CARTESIAN_POINT('',(19.88787470301,-50.19093165937,4.7625));
#1165 = SURFACE_CURVE('',#1166,(#1171,#1184),.PCURVE_S1.);
#1166 = ELLIPSE('',#1167,4.770004098813,4.7625);
#1167 = AXIS2_PLACEMENT_3D('',#1168,#1169,#1170);
#1168 = CARTESIAN_POINT('',(19.88787470301,-50.19093165937,0.));
#1169 = DIRECTION('',(-0.781831482468,-0.623489801859,0.));
#1170 = DIRECTION('',(0.623489801859,-0.781831482468,0.));
#1171 = PCURVE('',#1049,#1172);
#1172 = DEFINITIONAL_REPRESENTATION('',(#1173),#1183);
#1173 = B_SPLINE_CURVE_WITH_KNOTS('',8,(#1174,#1175,#1176,#1177,#1178,
    #1179,#1180,#1181,#1182),.UNSPECIFIED.,.F.,.F.,(9,9),(1.570796326795
    ,4.712388980385),.PIECEWISE_BEZIER_KNOTS.);
#1174 = CARTESIAN_POINT('',(3.14159265359,3.577033740955));
#1175 = CARTESIAN_POINT('',(3.534291735289,3.472003912024));
#1176 = CARTESIAN_POINT('',(3.926990816987,3.366973245635));
#1177 = CARTESIAN_POINT('',(4.319689898693,3.286632585016));
#1178 = CARTESIAN_POINT('',(4.712388980381,3.255605192708));
#1179 = CARTESIAN_POINT('',(5.105088062091,3.286632585019));
#1180 = CARTESIAN_POINT('',(5.497787143781,3.366973245636));
#1181 = CARTESIAN_POINT('',(5.890486225481,3.472003912024));
#1182 = CARTESIAN_POINT('',(6.28318530718,3.577033740955));
#1183 = ( GEOMETRIC_REPRESENTATION_CONTEXT(2) 
PARAMETRIC_REPRESENTATION_CONTEXT() REPRESENTATION_CONTEXT('2D SPACE',''
  ) );
#1184 = PCURVE('',#1185,#1190);
#1185 = CYLINDRICAL_SURFACE('',#1186,4.7625);
#1186 = AXIS2_PLACEMENT_3D('',#1187,#1188,#1189);
#1187 = CARTESIAN_POINT('',(19.88787470301,-50.19093165937,0.));
#1188 = DIRECTION('',(-0.815560868959,-0.57867129618,0.));
#1189 = DIRECTION('',(6.424541967085E-17,-9.054544547019E-17,-1.));
#1190 = DEFINITIONAL_REPRESENTATION('',(#1191),#1201);
#1191 = B_SPLINE_CURVE_WITH_KNOTS('',8,(#1192,#1193,#1194,#1195,#1196,
    #1197,#1198,#1199,#1200),.UNSPECIFIED.,.F.,.F.,(9,9),(1.570796326795
    ,4.712388980385),.PIECEWISE_BEZIER_KNOTS.);
#1192 = CARTESIAN_POINT('',(3.14159265359,-1.7763568394E-15));
#1193 = CARTESIAN_POINT('',(3.534291735289,0.105029828931));
#1194 = CARTESIAN_POINT('',(3.926990816988,0.210060495319));
#1195 = CARTESIAN_POINT('',(4.319689898691,0.290401155932));
#1196 = CARTESIAN_POINT('',(4.712388980385,0.321428548245));
#1197 = CARTESIAN_POINT('',(5.105088062086,0.290401155932));
#1198 = CARTESIAN_POINT('',(5.497787143782,0.210060495319));
#1199 = CARTESIAN_POINT('',(5.890486225481,0.105029828931));
#1200 = CARTESIAN_POINT('',(6.28318530718,-1.7763568394E-15));
#1201 = ( GEOMETRIC_REPRESENTATION_CONTEXT(2) 
PARAMETRIC_REPRESENTATION_CONTEXT() REPRESENTATION_CONTEXT('2D SPACE',''
  ) );
#1202 = ORIENTED_EDGE('',*,*,#1203,.F.);
#1203 = EDGE_CURVE('',#1204,#1163,#1206,.T.);
#1204 = VERTEX_POINT('',#1205);
#1205 = CARTESIAN_POINT('',(22.861923613445,-53.92027103532,
    -5.832380380939E-16));
#1206 = SURFACE_CURVE('',#1207,(#1212,#1224),.PCURVE_S1.);
#1207 = ELLIPSE('',#1208,4.770004098813,4.7625);
#1208 = AXIS2_PLACEMENT_3D('',#1209,#1210,#1211);
#1209 = CARTESIAN_POINT('',(19.88787470301,-50.19093165937,0.));
#1210 = DIRECTION('',(-0.781831482468,-0.623489801859,0.));
#1211 = DIRECTION('',(0.623489801859,-0.781831482468,0.));
#1212 = PCURVE('',#1049,#1213);
#1213 = DEFINITIONAL_REPRESENTATION('',(#1214),#1223);
#1214 = B_SPLINE_CURVE_WITH_KNOTS('',7,(#1215,#1216,#1217,#1218,#1219,
    #1220,#1221,#1222),.UNSPECIFIED.,.F.,.F.,(8,8),(0.,1.570796326795),
  .PIECEWISE_BEZIER_KNOTS.);
#1215 = CARTESIAN_POINT('',(1.570796326795,3.844490004099));
#1216 = CARTESIAN_POINT('',(1.795195802051,3.844490004099));
#1217 = CARTESIAN_POINT('',(2.019595277307,3.828777303658));
#1218 = CARTESIAN_POINT('',(2.243994752565,3.79735418216));
#1219 = CARTESIAN_POINT('',(2.46839422782,3.752149880282));
#1220 = CARTESIAN_POINT('',(2.692793703077,3.697067587457));
#1221 = CARTESIAN_POINT('',(2.917193178333,3.637050786058));
#1222 = CARTESIAN_POINT('',(3.14159265359,3.577033740955));
#1223 = ( GEOMETRIC_REPRESENTATION_CONTEXT(2) 
PARAMETRIC_REPRESENTATION_CONTEXT() REPRESENTATION_CONTEXT('2D SPACE',''
  ) );
#1224 = PCURVE('',#1185,#1225);
#1225 = DEFINITIONAL_REPRESENTATION('',(#1226),#1235);
#1226 = B_SPLINE_CURVE_WITH_KNOTS('',7,(#1227,#1228,#1229,#1230,#1231,
    #1232,#1233,#1234),.UNSPECIFIED.,.F.,.F.,(8,8),(0.,1.570796326795),
  .PIECEWISE_BEZIER_KNOTS.);
#1227 = CARTESIAN_POINT('',(1.570796326795,-0.267456263144));
#1228 = CARTESIAN_POINT('',(1.795195802051,-0.267456263144));
#1229 = CARTESIAN_POINT('',(2.019595277308,-0.251743562703));
#1230 = CARTESIAN_POINT('',(2.243994752565,-0.220320441205));
#1231 = CARTESIAN_POINT('',(2.468394227821,-0.175116139327));
#1232 = CARTESIAN_POINT('',(2.692793703077,-0.120033846502));
#1233 = CARTESIAN_POINT('',(2.917193178333,-6.001704510349E-02));
#1234 = CARTESIAN_POINT('',(3.14159265359,-1.7763568394E-15));
#1235 = ( GEOMETRIC_REPRESENTATION_CONTEXT(2) 
PARAMETRIC_REPRESENTATION_CONTEXT() REPRESENTATION_CONTEXT('2D SPACE',''
  ) );
#1236 = ORIENTED_EDGE('',*,*,#1237,.F.);
#1237 = EDGE_CURVE('',#1141,#1204,#1238,.T.);
#1238 = SURFACE_CURVE('',#1239,(#1244,#1256),.PCURVE_S1.);
#1239 = ELLIPSE('',#1240,4.770004098813,4.7625);
#1240 = AXIS2_PLACEMENT_3D('',#1241,#1242,#1243);
#1241 = CARTESIAN_POINT('',(19.88787470301,-50.19093165937,0.));
#1242 = DIRECTION('',(-0.781831482468,-0.623489801859,0.));
#1243 = DIRECTION('',(0.623489801859,-0.781831482468,0.));
#1244 = PCURVE('',#1049,#1245);
#1245 = DEFINITIONAL_REPRESENTATION('',(#1246),#1255);
#1246 = B_SPLINE_CURVE_WITH_KNOTS('',7,(#1247,#1248,#1249,#1250,#1251,
    #1252,#1253,#1254),.UNSPECIFIED.,.F.,.F.,(8,8),(4.712388980385,
    6.28318530718),.PIECEWISE_BEZIER_KNOTS.);
#1247 = CARTESIAN_POINT('',(1.49195325094E-15,3.577033740955));
#1248 = CARTESIAN_POINT('',(0.224399475256,3.637050786058));
#1249 = CARTESIAN_POINT('',(0.448798950513,3.697067587458));
#1250 = CARTESIAN_POINT('',(0.67319842577,3.752149880282));
#1251 = CARTESIAN_POINT('',(0.897597901026,3.79735418216));
#1252 = CARTESIAN_POINT('',(1.121997376282,3.828777303658));
#1253 = CARTESIAN_POINT('',(1.346396851538,3.844490004099));
#1254 = CARTESIAN_POINT('',(1.570796326795,3.844490004099));
#1255 = ( GEOMETRIC_REPRESENTATION_CONTEXT(2) 
PARAMETRIC_REPRESENTATION_CONTEXT() REPRESENTATION_CONTEXT('2D SPACE',''
  ) );
#1256 = PCURVE('',#1185,#1257);
#1257 = DEFINITIONAL_REPRESENTATION('',(#1258),#1267);
#1258 = B_SPLINE_CURVE_WITH_KNOTS('',7,(#1259,#1260,#1261,#1262,#1263,
    #1264,#1265,#1266),.UNSPECIFIED.,.F.,.F.,(8,8),(4.712388980385,
    6.28318530718),.PIECEWISE_BEZIER_KNOTS.);
#1259 = CARTESIAN_POINT('',(1.49195325094E-15,-1.7763568394E-15));
#1260 = CARTESIAN_POINT('',(0.224399475256,-6.001704510349E-02));
#1261 = CARTESIAN_POINT('',(0.448798950513,-0.120033846502));
#1262 = CARTESIAN_POINT('',(0.673198425769,-0.175116139327));
#1263 = CARTESIAN_POINT('',(0.897597901026,-0.220320441205));
#1264 = CARTESIAN_POINT('',(1.121997376282,-0.251743562703));
#1265 = CARTESIAN_POINT('',(1.346396851538,-0.267456263144));
#1266 = CARTESIAN_POINT('',(1.570796326795,-0.267456263144));
#1267 = ( GEOMETRIC_REPRESENTATION_CONTEXT(2) 
PARAMETRIC_REPRESENTATION_CONTEXT() REPRESENTATION_CONTEXT('2D SPACE',''
  ) );
#1268 = ORIENTED_EDGE('',*,*,#1140,.F.);
#1269 = ORIENTED_EDGE('',*,*,#1101,.T.);
#1270 = ORIENTED_EDGE('',*,*,#1067,.T.);
#1271 = ORIENTED_EDGE('',*,*,#1026,.T.);
#1272 = ADVANCED_FACE('',(#1273),#1185,.T.);
#1273 = FACE_BOUND('',#1274,.T.);
#1274 = EDGE_LOOP('',(#1275,#1297,#1338,#1372,#1404,#1405,#1406,#1407));
#1275 = ORIENTED_EDGE('',*,*,#1276,.T.);
#1276 = EDGE_CURVE('',#1141,#1277,#1279,.T.);
#1277 = VERTEX_POINT('',#1278);
#1278 = CARTESIAN_POINT('',(16.97058595694,-52.26085841073,-4.7625));
#1279 = SEAM_CURVE('',#1280,(#1284,#1290),.PCURVE_S1.);
#1280 = LINE('',#1281,#1282);
#1281 = CARTESIAN_POINT('',(19.88787470301,-50.19093165937,-4.7625));
#1282 = VECTOR('',#1283,1.);
#1283 = DIRECTION('',(-0.815560868959,-0.57867129618,0.));
#1284 = PCURVE('',#1185,#1285);
#1285 = DEFINITIONAL_REPRESENTATION('',(#1286),#1289);
#1286 = B_SPLINE_CURVE_WITH_KNOTS('',1,(#1287,#1288),.UNSPECIFIED.,.F.,
  .F.,(2,2),(-1.480537077276,5.057570818231),.PIECEWISE_BEZIER_KNOTS.);
#1287 = CARTESIAN_POINT('',(6.28318530718,-1.480537077276));
#1288 = CARTESIAN_POINT('',(6.28318530718,5.057570818231));
#1289 = ( GEOMETRIC_REPRESENTATION_CONTEXT(2) 
PARAMETRIC_REPRESENTATION_CONTEXT() REPRESENTATION_CONTEXT('2D SPACE',''
  ) );
#1290 = PCURVE('',#1185,#1291);
#1291 = DEFINITIONAL_REPRESENTATION('',(#1292),#1296);
#1292 = LINE('',#1293,#1294);
#1293 = CARTESIAN_POINT('',(0.,0.));
#1294 = VECTOR('',#1295,1.);
#1295 = DIRECTION('',(0.,1.));
#1296 = ( GEOMETRIC_REPRESENTATION_CONTEXT(2) 
PARAMETRIC_REPRESENTATION_CONTEXT() REPRESENTATION_CONTEXT('2D SPACE',''
  ) );
#1297 = ORIENTED_EDGE('',*,*,#1298,.F.);
#1298 = EDGE_CURVE('',#1299,#1277,#1301,.T.);
#1299 = VERTEX_POINT('',#1300);
#1300 = CARTESIAN_POINT('',(16.97058595694,-52.26085841073,4.7625));
#1301 = SURFACE_CURVE('',#1302,(#1307,#1320),.PCURVE_S1.);
#1302 = ELLIPSE('',#1303,4.770004098813,4.7625);
#1303 = AXIS2_PLACEMENT_3D('',#1304,#1305,#1306);
#1304 = CARTESIAN_POINT('',(16.97058595694,-52.26085841073,0.));
#1305 = DIRECTION('',(-0.846724199228,-0.532032076515,0.));
#1306 = DIRECTION('',(0.532032076515,-0.846724199228,0.));
#1307 = PCURVE('',#1185,#1308);
#1308 = DEFINITIONAL_REPRESENTATION('',(#1309),#1319);
#1309 = B_SPLINE_CURVE_WITH_KNOTS('',8,(#1310,#1311,#1312,#1313,#1314,
    #1315,#1316,#1317,#1318),.UNSPECIFIED.,.F.,.F.,(9,9),(1.570796326795
    ,4.712388980385),.PIECEWISE_BEZIER_KNOTS.);
#1310 = CARTESIAN_POINT('',(3.14159265359,3.577033740955));
#1311 = CARTESIAN_POINT('',(3.534291735289,3.472003912024));
#1312 = CARTESIAN_POINT('',(3.926990816987,3.366973245634));
#1313 = CARTESIAN_POINT('',(4.319689898694,3.286632585021));
#1314 = CARTESIAN_POINT('',(4.712388980378,3.255605192695));
#1315 = CARTESIAN_POINT('',(5.105088062091,3.286632585023));
#1316 = CARTESIAN_POINT('',(5.497787143781,3.366973245634));
#1317 = CARTESIAN_POINT('',(5.890486225481,3.472003912024));
#1318 = CARTESIAN_POINT('',(6.28318530718,3.577033740955));
#1319 = ( GEOMETRIC_REPRESENTATION_CONTEXT(2) 
PARAMETRIC_REPRESENTATION_CONTEXT() REPRESENTATION_CONTEXT('2D SPACE',''
  ) );
#1320 = PCURVE('',#1321,#1326);
#1321 = CYLINDRICAL_SURFACE('',#1322,4.7625);
#1322 = AXIS2_PLACEMENT_3D('',#1323,#1324,#1325);
#1323 = CARTESIAN_POINT('',(16.97058595694,-52.26085841073,0.));
#1324 = DIRECTION('',(-0.875223421909,-0.483718887105,0.));
#1325 = DIRECTION('',(5.370358459103E-17,-9.716931946943E-17,-1.));
#1326 = DEFINITIONAL_REPRESENTATION('',(#1327),#1337);
#1327 = B_SPLINE_CURVE_WITH_KNOTS('',8,(#1328,#1329,#1330,#1331,#1332,
    #1333,#1334,#1335,#1336),.UNSPECIFIED.,.F.,.F.,(9,9),(1.570796326795
    ,4.712388980385),.PIECEWISE_BEZIER_KNOTS.);
#1328 = CARTESIAN_POINT('',(3.14159265359,8.704148513061E-14));
#1329 = CARTESIAN_POINT('',(3.534291735289,0.105029828931));
#1330 = CARTESIAN_POINT('',(3.926990816988,0.210060495319));
#1331 = CARTESIAN_POINT('',(4.319689898689,0.290401155932));
#1332 = CARTESIAN_POINT('',(4.712388980385,0.321428548246));
#1333 = CARTESIAN_POINT('',(5.105088062086,0.290401155932));
#1334 = CARTESIAN_POINT('',(5.497787143783,0.210060495319));
#1335 = CARTESIAN_POINT('',(5.890486225481,0.105029828931));
#1336 = CARTESIAN_POINT('',(6.28318530718,8.704148513061E-14));
#1337 = ( GEOMETRIC_REPRESENTATION_CONTEXT(2) 
PARAMETRIC_REPRESENTATION_CONTEXT() REPRESENTATION_CONTEXT('2D SPACE',''
  ) );
#1338 = ORIENTED_EDGE('',*,*,#1339,.F.);
#1339 = EDGE_CURVE('',#1340,#1299,#1342,.T.);
#1340 = VERTEX_POINT('',#1341);
#1341 = CARTESIAN_POINT('',(19.508381142619,-56.29973631161,
    -5.832380380939E-16));
#1342 = SURFACE_CURVE('',#1343,(#1348,#1360),.PCURVE_S1.);
#1343 = ELLIPSE('',#1344,4.770004098813,4.7625);
#1344 = AXIS2_PLACEMENT_3D('',#1345,#1346,#1347);
#1345 = CARTESIAN_POINT('',(16.97058595694,-52.26085841073,0.));
#1346 = DIRECTION('',(-0.846724199228,-0.532032076515,0.));
#1347 = DIRECTION('',(0.532032076515,-0.846724199228,0.));
#1348 = PCURVE('',#1185,#1349);
#1349 = DEFINITIONAL_REPRESENTATION('',(#1350),#1359);
#1350 = B_SPLINE_CURVE_WITH_KNOTS('',7,(#1351,#1352,#1353,#1354,#1355,
    #1356,#1357,#1358),.UNSPECIFIED.,.F.,.F.,(8,8),(0.,1.570796326795),
  .PIECEWISE_BEZIER_KNOTS.);
#1351 = CARTESIAN_POINT('',(1.570796326795,3.844490004099));
#1352 = CARTESIAN_POINT('',(1.795195802051,3.844490004099));
#1353 = CARTESIAN_POINT('',(2.019595277307,3.828777303659));
#1354 = CARTESIAN_POINT('',(2.243994752565,3.797354182158));
#1355 = CARTESIAN_POINT('',(2.46839422782,3.752149880284));
#1356 = CARTESIAN_POINT('',(2.692793703077,3.697067587457));
#1357 = CARTESIAN_POINT('',(2.917193178333,3.637050786059));
#1358 = CARTESIAN_POINT('',(3.14159265359,3.577033740955));
#1359 = ( GEOMETRIC_REPRESENTATION_CONTEXT(2) 
PARAMETRIC_REPRESENTATION_CONTEXT() REPRESENTATION_CONTEXT('2D SPACE',''
  ) );
#1360 = PCURVE('',#1321,#1361);
#1361 = DEFINITIONAL_REPRESENTATION('',(#1362),#1371);
#1362 = B_SPLINE_CURVE_WITH_KNOTS('',7,(#1363,#1364,#1365,#1366,#1367,
    #1368,#1369,#1370),.UNSPECIFIED.,.F.,.F.,(8,8),(0.,1.570796326795),
  .PIECEWISE_BEZIER_KNOTS.);
#1363 = CARTESIAN_POINT('',(1.570796326795,-0.267456263144));
#1364 = CARTESIAN_POINT('',(1.795195802051,-0.267456263144));
#1365 = CARTESIAN_POINT('',(2.019595277308,-0.251743562703));
#1366 = CARTESIAN_POINT('',(2.243994752564,-0.220320441205));
#1367 = CARTESIAN_POINT('',(2.468394227821,-0.175116139326));
#1368 = CARTESIAN_POINT('',(2.692793703077,-0.120033846502));
#1369 = CARTESIAN_POINT('',(2.917193178333,-6.00170451034E-02));
#1370 = CARTESIAN_POINT('',(3.14159265359,8.704148513061E-14));
#1371 = ( GEOMETRIC_REPRESENTATION_CONTEXT(2) 
PARAMETRIC_REPRESENTATION_CONTEXT() REPRESENTATION_CONTEXT('2D SPACE',''
  ) );
#1372 = ORIENTED_EDGE('',*,*,#1373,.F.);
#1373 = EDGE_CURVE('',#1277,#1340,#1374,.T.);
#1374 = SURFACE_CURVE('',#1375,(#1380,#1392),.PCURVE_S1.);
#1375 = ELLIPSE('',#1376,4.770004098813,4.7625);
#1376 = AXIS2_PLACEMENT_3D('',#1377,#1378,#1379);
#1377 = CARTESIAN_POINT('',(16.97058595694,-52.26085841073,0.));
#1378 = DIRECTION('',(-0.846724199228,-0.532032076515,0.));
#1379 = DIRECTION('',(0.532032076515,-0.846724199228,0.));
#1380 = PCURVE('',#1185,#1381);
#1381 = DEFINITIONAL_REPRESENTATION('',(#1382),#1391);
#1382 = B_SPLINE_CURVE_WITH_KNOTS('',7,(#1383,#1384,#1385,#1386,#1387,
    #1388,#1389,#1390),.UNSPECIFIED.,.F.,.F.,(8,8),(4.712388980385,
    6.28318530718),.PIECEWISE_BEZIER_KNOTS.);
#1383 = CARTESIAN_POINT('',(1.49195325094E-15,3.577033740955));
#1384 = CARTESIAN_POINT('',(0.224399475256,3.637050786059));
#1385 = CARTESIAN_POINT('',(0.448798950513,3.697067587457));
#1386 = CARTESIAN_POINT('',(0.673198425769,3.752149880282));
#1387 = CARTESIAN_POINT('',(0.897597901026,3.797354182159));
#1388 = CARTESIAN_POINT('',(1.121997376282,3.828777303658));
#1389 = CARTESIAN_POINT('',(1.346396851538,3.844490004099));
#1390 = CARTESIAN_POINT('',(1.570796326795,3.844490004099));
#1391 = ( GEOMETRIC_REPRESENTATION_CONTEXT(2) 
PARAMETRIC_REPRESENTATION_CONTEXT() REPRESENTATION_CONTEXT('2D SPACE',''
  ) );
#1392 = PCURVE('',#1321,#1393);
#1393 = DEFINITIONAL_REPRESENTATION('',(#1394),#1403);
#1394 = B_SPLINE_CURVE_WITH_KNOTS('',7,(#1395,#1396,#1397,#1398,#1399,
    #1400,#1401,#1402),.UNSPECIFIED.,.F.,.F.,(8,8),(4.712388980385,
    6.28318530718),.PIECEWISE_BEZIER_KNOTS.);
#1395 = CARTESIAN_POINT('',(1.49195325094E-15,8.704148513061E-14));
#1396 = CARTESIAN_POINT('',(0.224399475256,-6.00170451034E-02));
#1397 = CARTESIAN_POINT('',(0.448798950513,-0.120033846502));
#1398 = CARTESIAN_POINT('',(0.67319842577,-0.175116139326));
#1399 = CARTESIAN_POINT('',(0.897597901026,-0.220320441205));
#1400 = CARTESIAN_POINT('',(1.121997376282,-0.251743562703));
#1401 = CARTESIAN_POINT('',(1.346396851538,-0.267456263144));
#1402 = CARTESIAN_POINT('',(1.570796326795,-0.267456263144));
#1403 = ( GEOMETRIC_REPRESENTATION_CONTEXT(2) 
PARAMETRIC_REPRESENTATION_CONTEXT() REPRESENTATION_CONTEXT('2D SPACE',''
  ) );
#1404 = ORIENTED_EDGE('',*,*,#1276,.F.);
#1405 = ORIENTED_EDGE('',*,*,#1237,.T.);
#1406 = ORIENTED_EDGE('',*,*,#1203,.T.);
#1407 = ORIENTED_EDGE('',*,*,#1162,.T.);
#1408 = ADVANCED_FACE('',(#1409),#1321,.T.);
#1409 = FACE_BOUND('',#1410,.T.);
#1410 = EDGE_LOOP('',(#1411,#1433,#1474,#1508,#1540,#1541,#1542,#1543));
#1411 = ORIENTED_EDGE('',*,*,#1412,.T.);
#1412 = EDGE_CURVE('',#1277,#1413,#1415,.T.);
#1413 = VERTEX_POINT('',#1414);
#1414 = CARTESIAN_POINT('',(13.839882245899,-53.99113719104,-4.7625));
#1415 = SEAM_CURVE('',#1416,(#1420,#1426),.PCURVE_S1.);
#1416 = LINE('',#1417,#1418);
#1417 = CARTESIAN_POINT('',(16.97058595694,-52.26085841073,-4.7625));
#1418 = VECTOR('',#1419,1.);
#1419 = DIRECTION('',(-0.875223421909,-0.483718887105,0.));
#1420 = PCURVE('',#1321,#1421);
#1421 = DEFINITIONAL_REPRESENTATION('',(#1422),#1425);
#1422 = B_SPLINE_CURVE_WITH_KNOTS('',1,(#1423,#1424),.UNSPECIFIED.,.F.,
  .F.,(2,2),(-1.480537077276,5.057570818231),.PIECEWISE_BEZIER_KNOTS.);
#1423 = CARTESIAN_POINT('',(6.28318530718,-1.480537077276));
#1424 = CARTESIAN_POINT('',(6.28318530718,5.057570818231));
#1425 = ( GEOMETRIC_REPRESENTATION_CONTEXT(2) 
PARAMETRIC_REPRESENTATION_CONTEXT() REPRESENTATION_CONTEXT('2D SPACE',''
  ) );
#1426 = PCURVE('',#1321,#1427);
#1427 = DEFINITIONAL_REPRESENTATION('',(#1428),#1432);
#1428 = LINE('',#1429,#1430);
#1429 = CARTESIAN_POINT('',(0.,0.));
#1430 = VECTOR('',#1431,1.);
#1431 = DIRECTION('',(0.,1.));
#1432 = ( GEOMETRIC_REPRESENTATION_CONTEXT(2) 
PARAMETRIC_REPRESENTATION_CONTEXT() REPRESENTATION_CONTEXT('2D SPACE',''
  ) );
#1433 = ORIENTED_EDGE('',*,*,#1434,.F.);
#1434 = EDGE_CURVE('',#1435,#1413,#1437,.T.);
#1435 = VERTEX_POINT('',#1436);
#1436 = CARTESIAN_POINT('',(13.839882245899,-53.99113719104,4.7625));
#1437 = SURFACE_CURVE('',#1438,(#1443,#1456),.PCURVE_S1.);
#1438 = ELLIPSE('',#1439,4.770004098813,4.7625);
#1439 = AXIS2_PLACEMENT_3D('',#1440,#1441,#1442);
#1440 = CARTESIAN_POINT('',(13.839882245899,-53.99113719104,0.));
#1441 = DIRECTION('',(-0.900968867902,-0.433883739118,0.));
#1442 = DIRECTION('',(0.433883739118,-0.900968867902,0.));
#1443 = PCURVE('',#1321,#1444);
#1444 = DEFINITIONAL_REPRESENTATION('',(#1445),#1455);
#1445 = B_SPLINE_CURVE_WITH_KNOTS('',8,(#1446,#1447,#1448,#1449,#1450,
    #1451,#1452,#1453,#1454),.UNSPECIFIED.,.F.,.F.,(9,9),(1.570796326795
    ,4.712388980385),.PIECEWISE_BEZIER_KNOTS.);
#1446 = CARTESIAN_POINT('',(3.14159265359,3.577033740955));
#1447 = CARTESIAN_POINT('',(3.534291735289,3.472003912024));
#1448 = CARTESIAN_POINT('',(3.926990816987,3.366973245635));
#1449 = CARTESIAN_POINT('',(4.319689898693,3.286632585012));
#1450 = CARTESIAN_POINT('',(4.712388980384,3.255605192709));
#1451 = CARTESIAN_POINT('',(5.105088062088,3.286632585012));
#1452 = CARTESIAN_POINT('',(5.497787143782,3.366973245636));
#1453 = CARTESIAN_POINT('',(5.890486225481,3.472003912024));
#1454 = CARTESIAN_POINT('',(6.28318530718,3.577033740955));
#1455 = ( GEOMETRIC_REPRESENTATION_CONTEXT(2) 
PARAMETRIC_REPRESENTATION_CONTEXT() REPRESENTATION_CONTEXT('2D SPACE',''
  ) );
#1456 = PCURVE('',#1457,#1462);
#1457 = CYLINDRICAL_SURFACE('',#1458,4.7625);
#1458 = AXIS2_PLACEMENT_3D('',#1459,#1460,#1461);
#1459 = CARTESIAN_POINT('',(13.839882245899,-53.99113719104,0.));
#1460 = DIRECTION('',(-0.923879532511,-0.382683432365,0.));
#1461 = DIRECTION('',(4.248639577543E-17,-1.025712328974E-16,-1.));
#1462 = DEFINITIONAL_REPRESENTATION('',(#1463),#1473);
#1463 = B_SPLINE_CURVE_WITH_KNOTS('',8,(#1464,#1465,#1466,#1467,#1468,
    #1469,#1470,#1471,#1472),.UNSPECIFIED.,.F.,.F.,(9,9),(1.570796326795
    ,4.712388980385),.PIECEWISE_BEZIER_KNOTS.);
#1464 = CARTESIAN_POINT('',(3.14159265359,-7.105427357601E-14));
#1465 = CARTESIAN_POINT('',(3.534291735289,0.105029828931));
#1466 = CARTESIAN_POINT('',(3.926990816988,0.210060495318));
#1467 = CARTESIAN_POINT('',(4.319689898689,0.290401155934));
#1468 = CARTESIAN_POINT('',(4.712388980383,0.321428548242));
#1469 = CARTESIAN_POINT('',(5.105088062087,0.290401155934));
#1470 = CARTESIAN_POINT('',(5.497787143782,0.210060495318));
#1471 = CARTESIAN_POINT('',(5.890486225481,0.105029828931));
#1472 = CARTESIAN_POINT('',(6.28318530718,-7.105427357601E-14));
#1473 = ( GEOMETRIC_REPRESENTATION_CONTEXT(2) 
PARAMETRIC_REPRESENTATION_CONTEXT() REPRESENTATION_CONTEXT('2D SPACE',''
  ) );
#1474 = ORIENTED_EDGE('',*,*,#1475,.F.);
#1475 = EDGE_CURVE('',#1476,#1435,#1478,.T.);
#1476 = VERTEX_POINT('',#1477);
#1477 = CARTESIAN_POINT('',(15.909509459898,-58.28876238384,
    -5.832380380939E-16));
#1478 = SURFACE_CURVE('',#1479,(#1484,#1496),.PCURVE_S1.);
#1479 = ELLIPSE('',#1480,4.770004098813,4.7625);
#1480 = AXIS2_PLACEMENT_3D('',#1481,#1482,#1483);
#1481 = CARTESIAN_POINT('',(13.839882245899,-53.99113719104,0.));
#1482 = DIRECTION('',(-0.900968867902,-0.433883739118,0.));
#1483 = DIRECTION('',(0.433883739118,-0.900968867902,0.));
#1484 = PCURVE('',#1321,#1485);
#1485 = DEFINITIONAL_REPRESENTATION('',(#1486),#1495);
#1486 = B_SPLINE_CURVE_WITH_KNOTS('',7,(#1487,#1488,#1489,#1490,#1491,
    #1492,#1493,#1494),.UNSPECIFIED.,.F.,.F.,(8,8),(0.,1.570796326795),
  .PIECEWISE_BEZIER_KNOTS.);
#1487 = CARTESIAN_POINT('',(1.570796326795,3.844490004099));
#1488 = CARTESIAN_POINT('',(1.795195802051,3.844490004099));
#1489 = CARTESIAN_POINT('',(2.019595277308,3.828777303657));
#1490 = CARTESIAN_POINT('',(2.243994752563,3.797354182161));
#1491 = CARTESIAN_POINT('',(2.468394227822,3.752149880281));
#1492 = CARTESIAN_POINT('',(2.692793703077,3.697067587458));
#1493 = CARTESIAN_POINT('',(2.917193178333,3.637050786058));
#1494 = CARTESIAN_POINT('',(3.14159265359,3.577033740955));
#1495 = ( GEOMETRIC_REPRESENTATION_CONTEXT(2) 
PARAMETRIC_REPRESENTATION_CONTEXT() REPRESENTATION_CONTEXT('2D SPACE',''
  ) );
#1496 = PCURVE('',#1457,#1497);
#1497 = DEFINITIONAL_REPRESENTATION('',(#1498),#1507);
#1498 = B_SPLINE_CURVE_WITH_KNOTS('',7,(#1499,#1500,#1501,#1502,#1503,
    #1504,#1505,#1506),.UNSPECIFIED.,.F.,.F.,(8,8),(0.,1.570796326795),
  .PIECEWISE_BEZIER_KNOTS.);
#1499 = CARTESIAN_POINT('',(1.570796326795,-0.267456263144));
#1500 = CARTESIAN_POINT('',(1.795195802051,-0.267456263144));
#1501 = CARTESIAN_POINT('',(2.019595277308,-0.251743562703));
#1502 = CARTESIAN_POINT('',(2.243994752564,-0.220320441205));
#1503 = CARTESIAN_POINT('',(2.468394227821,-0.175116139327));
#1504 = CARTESIAN_POINT('',(2.692793703077,-0.120033846503));
#1505 = CARTESIAN_POINT('',(2.917193178333,-6.001704510356E-02));
#1506 = CARTESIAN_POINT('',(3.14159265359,-7.105427357601E-14));
#1507 = ( GEOMETRIC_REPRESENTATION_CONTEXT(2) 
PARAMETRIC_REPRESENTATION_CONTEXT() REPRESENTATION_CONTEXT('2D SPACE',''
  ) );
#1508 = ORIENTED_EDGE('',*,*,#1509,.F.);
#1509 = EDGE_CURVE('',#1413,#1476,#1510,.T.);
#1510 = SURFACE_CURVE('',#1511,(#1516,#1528),.PCURVE_S1.);
#1511 = ELLIPSE('',#1512,4.770004098813,4.7625);
#1512 = AXIS2_PLACEMENT_3D('',#1513,#1514,#1515);
#1513 = CARTESIAN_POINT('',(13.839882245899,-53.99113719104,0.));
#1514 = DIRECTION('',(-0.900968867902,-0.433883739118,0.));
#1515 = DIRECTION('',(0.433883739118,-0.900968867902,0.));
#1516 = PCURVE('',#1321,#1517);
#1517 = DEFINITIONAL_REPRESENTATION('',(#1518),#1527);
#1518 = B_SPLINE_CURVE_WITH_KNOTS('',7,(#1519,#1520,#1521,#1522,#1523,
    #1524,#1525,#1526),.UNSPECIFIED.,.F.,.F.,(8,8),(4.712388980385,
    6.28318530718),.PIECEWISE_BEZIER_KNOTS.);
#1519 = CARTESIAN_POINT('',(0.,3.577033740955));
#1520 = CARTESIAN_POINT('',(0.224399475256,3.637050786058));
#1521 = CARTESIAN_POINT('',(0.448798950513,3.697067587457));
#1522 = CARTESIAN_POINT('',(0.673198425769,3.752149880283));
#1523 = CARTESIAN_POINT('',(0.897597901026,3.797354182159));
#1524 = CARTESIAN_POINT('',(1.121997376282,3.828777303658));
#1525 = CARTESIAN_POINT('',(1.346396851538,3.844490004099));
#1526 = CARTESIAN_POINT('',(1.570796326795,3.844490004099));
#1527 = ( GEOMETRIC_REPRESENTATION_CONTEXT(2) 
PARAMETRIC_REPRESENTATION_CONTEXT() REPRESENTATION_CONTEXT('2D SPACE',''
  ) );
#1528 = PCURVE('',#1457,#1529);
#1529 = DEFINITIONAL_REPRESENTATION('',(#1530),#1539);
#1530 = B_SPLINE_CURVE_WITH_KNOTS('',7,(#1531,#1532,#1533,#1534,#1535,
    #1536,#1537,#1538),.UNSPECIFIED.,.F.,.F.,(8,8),(4.712388980385,
    6.28318530718),.PIECEWISE_BEZIER_KNOTS.);
#1531 = CARTESIAN_POINT('',(0.,-7.105427357601E-14));
#1532 = CARTESIAN_POINT('',(0.224399475256,-6.001704510356E-02));
#1533 = CARTESIAN_POINT('',(0.448798950513,-0.120033846503));
#1534 = CARTESIAN_POINT('',(0.673198425769,-0.175116139327));
#1535 = CARTESIAN_POINT('',(0.897597901025,-0.220320441205));
#1536 = CARTESIAN_POINT('',(1.121997376282,-0.251743562703));
#1537 = CARTESIAN_POINT('',(1.346396851538,-0.267456263144));
#1538 = CARTESIAN_POINT('',(1.570796326795,-0.267456263144));
#1539 = ( GEOMETRIC_REPRESENTATION_CONTEXT(2) 
PARAMETRIC_REPRESENTATION_CONTEXT() REPRESENTATION_CONTEXT('2D SPACE',''
  ) );
#1540 = ORIENTED_EDGE('',*,*,#1412,.F.);
#1541 = ORIENTED_EDGE('',*,*,#1373,.T.);
#1542 = ORIENTED_EDGE('',*,*,#1339,.T.);
#1543 = ORIENTED_EDGE('',*,*,#1298,.T.);
#1544 = ADVANCED_FACE('',(#1545),#1457,.T.);
#1545 = FACE_BOUND('',#1546,.T.);
#1546 = EDGE_LOOP('',(#1547,#1569,#1610,#1644,#1676,#1677,#1678,#1679));
#1547 = ORIENTED_EDGE('',*,*,#1548,.T.);
#1548 = EDGE_CURVE('',#1413,#1549,#1551,.T.);
#1549 = VERTEX_POINT('',#1550);
#1550 = CARTESIAN_POINT('',(10.535133985528,-55.36000874072,-4.7625));
#1551 = SEAM_CURVE('',#1552,(#1556,#1562),.PCURVE_S1.);
#1552 = LINE('',#1553,#1554);
#1553 = CARTESIAN_POINT('',(13.839882245899,-53.99113719104,-4.7625));
#1554 = VECTOR('',#1555,1.);
#1555 = DIRECTION('',(-0.923879532511,-0.382683432365,0.));
#1556 = PCURVE('',#1457,#1557);
#1557 = DEFINITIONAL_REPRESENTATION('',(#1558),#1561);
#1558 = B_SPLINE_CURVE_WITH_KNOTS('',1,(#1559,#1560),.UNSPECIFIED.,.F.,
  .F.,(2,2),(-1.480537077276,5.057570818231),.PIECEWISE_BEZIER_KNOTS.);
#1559 = CARTESIAN_POINT('',(6.28318530718,-1.480537077276));
#1560 = CARTESIAN_POINT('',(6.28318530718,5.057570818231));
#1561 = ( GEOMETRIC_REPRESENTATION_CONTEXT(2) 
PARAMETRIC_REPRESENTATION_CONTEXT() REPRESENTATION_CONTEXT('2D SPACE',''
  ) );
#1562 = PCURVE('',#1457,#1563);
#1563 = DEFINITIONAL_REPRESENTATION('',(#1564),#1568);
#1564 = LINE('',#1565,#1566);
#1565 = CARTESIAN_POINT('',(0.,0.));
#1566 = VECTOR('',#1567,1.);
#1567 = DIRECTION('',(0.,1.));
#1568 = ( GEOMETRIC_REPRESENTATION_CONTEXT(2) 
PARAMETRIC_REPRESENTATION_CONTEXT() REPRESENTATION_CONTEXT('2D SPACE',''
  ) );
#1569 = ORIENTED_EDGE('',*,*,#1570,.F.);
#1570 = EDGE_CURVE('',#1571,#1549,#1573,.T.);
#1571 = VERTEX_POINT('',#1572);
#1572 = CARTESIAN_POINT('',(10.535133985528,-55.36000874072,4.7625));
#1573 = SURFACE_CURVE('',#1574,(#1579,#1592),.PCURVE_S1.);
#1574 = ELLIPSE('',#1575,4.770004098813,4.7625);
#1575 = AXIS2_PLACEMENT_3D('',#1576,#1577,#1578);
#1576 = CARTESIAN_POINT('',(10.535133985528,-55.36000874072,0.));
#1577 = DIRECTION('',(-0.943883330308,-0.330279061955,0.));
#1578 = DIRECTION('',(0.330279061955,-0.943883330308,0.));
#1579 = PCURVE('',#1457,#1580);
#1580 = DEFINITIONAL_REPRESENTATION('',(#1581),#1591);
#1581 = B_SPLINE_CURVE_WITH_KNOTS('',8,(#1582,#1583,#1584,#1585,#1586,
    #1587,#1588,#1589,#1590),.UNSPECIFIED.,.F.,.F.,(9,9),(1.570796326795
    ,4.712388980385),.PIECEWISE_BEZIER_KNOTS.);
#1582 = CARTESIAN_POINT('',(3.14159265359,3.577033740955));
#1583 = CARTESIAN_POINT('',(3.534291735289,3.472003912024));
#1584 = CARTESIAN_POINT('',(3.926990816987,3.366973245633));
#1585 = CARTESIAN_POINT('',(4.319689898689,3.286632585026));
#1586 = CARTESIAN_POINT('',(4.712388980385,3.255605192696));
#1587 = CARTESIAN_POINT('',(5.105088062087,3.286632585029));
#1588 = CARTESIAN_POINT('',(5.497787143783,3.366973245632));
#1589 = CARTESIAN_POINT('',(5.890486225481,3.472003912024));
#1590 = CARTESIAN_POINT('',(6.28318530718,3.577033740955));
#1591 = ( GEOMETRIC_REPRESENTATION_CONTEXT(2) 
PARAMETRIC_REPRESENTATION_CONTEXT() REPRESENTATION_CONTEXT('2D SPACE',''
  ) );
#1592 = PCURVE('',#1593,#1598);
#1593 = CYLINDRICAL_SURFACE('',#1594,4.7625);
#1594 = AXIS2_PLACEMENT_3D('',#1595,#1596,#1597);
#1595 = CARTESIAN_POINT('',(10.535133985528,-55.36000874072,0.));
#1596 = DIRECTION('',(-0.960917321945,-0.276835511425,0.));
#1597 = DIRECTION('',(3.073491588177E-17,-1.066832535585E-16,-1.));
#1598 = DEFINITIONAL_REPRESENTATION('',(#1599),#1609);
#1599 = B_SPLINE_CURVE_WITH_KNOTS('',8,(#1600,#1601,#1602,#1603,#1604,
    #1605,#1606,#1607,#1608),.UNSPECIFIED.,.F.,.F.,(9,9),(1.570796326795
    ,4.712388980385),.PIECEWISE_BEZIER_KNOTS.);
#1600 = CARTESIAN_POINT('',(3.14159265359,-8.881784197001E-15));
#1601 = CARTESIAN_POINT('',(3.534291735289,0.105029828931));
#1602 = CARTESIAN_POINT('',(3.926990816987,0.210060495319));
#1603 = CARTESIAN_POINT('',(4.319689898691,0.290401155932));
#1604 = CARTESIAN_POINT('',(4.712388980384,0.321428548246));
#1605 = CARTESIAN_POINT('',(5.105088062087,0.290401155932));
#1606 = CARTESIAN_POINT('',(5.497787143782,0.210060495319));
#1607 = CARTESIAN_POINT('',(5.890486225481,0.105029828931));
#1608 = CARTESIAN_POINT('',(6.28318530718,-8.881784197001E-15));
#1609 = ( GEOMETRIC_REPRESENTATION_CONTEXT(2) 
PARAMETRIC_REPRESENTATION_CONTEXT() REPRESENTATION_CONTEXT('2D SPACE',''
  ) );
#1610 = ORIENTED_EDGE('',*,*,#1611,.F.);
#1611 = EDGE_CURVE('',#1612,#1571,#1614,.T.);
#1612 = VERTEX_POINT('',#1613);
#1613 = CARTESIAN_POINT('',(12.110566464806,-59.86233609509,
    -5.832380380939E-16));
#1614 = SURFACE_CURVE('',#1615,(#1620,#1632),.PCURVE_S1.);
#1615 = ELLIPSE('',#1616,4.770004098813,4.7625);
#1616 = AXIS2_PLACEMENT_3D('',#1617,#1618,#1619);
#1617 = CARTESIAN_POINT('',(10.535133985528,-55.36000874072,0.));
#1618 = DIRECTION('',(-0.943883330308,-0.330279061955,0.));
#1619 = DIRECTION('',(0.330279061955,-0.943883330308,0.));
#1620 = PCURVE('',#1457,#1621);
#1621 = DEFINITIONAL_REPRESENTATION('',(#1622),#1631);
#1622 = B_SPLINE_CURVE_WITH_KNOTS('',7,(#1623,#1624,#1625,#1626,#1627,
    #1628,#1629,#1630),.UNSPECIFIED.,.F.,.F.,(8,8),(0.,1.570796326795),
  .PIECEWISE_BEZIER_KNOTS.);
#1623 = CARTESIAN_POINT('',(1.570796326795,3.844490004099));
#1624 = CARTESIAN_POINT('',(1.795195802051,3.844490004099));
#1625 = CARTESIAN_POINT('',(2.019595277307,3.828777303657));
#1626 = CARTESIAN_POINT('',(2.243994752565,3.797354182161));
#1627 = CARTESIAN_POINT('',(2.46839422782,3.752149880281));
#1628 = CARTESIAN_POINT('',(2.692793703077,3.697067587458));
#1629 = CARTESIAN_POINT('',(2.917193178333,3.637050786058));
#1630 = CARTESIAN_POINT('',(3.14159265359,3.577033740955));
#1631 = ( GEOMETRIC_REPRESENTATION_CONTEXT(2) 
PARAMETRIC_REPRESENTATION_CONTEXT() REPRESENTATION_CONTEXT('2D SPACE',''
  ) );
#1632 = PCURVE('',#1593,#1633);
#1633 = DEFINITIONAL_REPRESENTATION('',(#1634),#1643);
#1634 = B_SPLINE_CURVE_WITH_KNOTS('',7,(#1635,#1636,#1637,#1638,#1639,
    #1640,#1641,#1642),.UNSPECIFIED.,.F.,.F.,(8,8),(0.,1.570796326795),
  .PIECEWISE_BEZIER_KNOTS.);
#1635 = CARTESIAN_POINT('',(1.570796326795,-0.267456263144));
#1636 = CARTESIAN_POINT('',(1.795195802051,-0.267456263144));
#1637 = CARTESIAN_POINT('',(2.019595277308,-0.251743562703));
#1638 = CARTESIAN_POINT('',(2.243994752564,-0.220320441205));
#1639 = CARTESIAN_POINT('',(2.468394227821,-0.175116139327));
#1640 = CARTESIAN_POINT('',(2.692793703077,-0.120033846502));
#1641 = CARTESIAN_POINT('',(2.917193178333,-6.00170451035E-02));
#1642 = CARTESIAN_POINT('',(3.14159265359,-8.881784197001E-15));
#1643 = ( GEOMETRIC_REPRESENTATION_CONTEXT(2) 
PARAMETRIC_REPRESENTATION_CONTEXT() REPRESENTATION_CONTEXT('2D SPACE',''
  ) );
#1644 = ORIENTED_EDGE('',*,*,#1645,.F.);
#1645 = EDGE_CURVE('',#1549,#1612,#1646,.T.);
#1646 = SURFACE_CURVE('',#1647,(#1652,#1664),.PCURVE_S1.);
#1647 = ELLIPSE('',#1648,4.770004098813,4.7625);
#1648 = AXIS2_PLACEMENT_3D('',#1649,#1650,#1651);
#1649 = CARTESIAN_POINT('',(10.535133985528,-55.36000874072,0.));
#1650 = DIRECTION('',(-0.943883330308,-0.330279061955,0.));
#1651 = DIRECTION('',(0.330279061955,-0.943883330308,0.));
#1652 = PCURVE('',#1457,#1653);
#1653 = DEFINITIONAL_REPRESENTATION('',(#1654),#1663);
#1654 = B_SPLINE_CURVE_WITH_KNOTS('',7,(#1655,#1656,#1657,#1658,#1659,
    #1660,#1661,#1662),.UNSPECIFIED.,.F.,.F.,(8,8),(4.712388980385,
    6.28318530718),.PIECEWISE_BEZIER_KNOTS.);
#1655 = CARTESIAN_POINT('',(0.,3.577033740955));
#1656 = CARTESIAN_POINT('',(0.224399475256,3.637050786058));
#1657 = CARTESIAN_POINT('',(0.448798950513,3.697067587457));
#1658 = CARTESIAN_POINT('',(0.67319842577,3.752149880282));
#1659 = CARTESIAN_POINT('',(0.897597901025,3.797354182161));
#1660 = CARTESIAN_POINT('',(1.121997376282,3.828777303658));
#1661 = CARTESIAN_POINT('',(1.346396851538,3.844490004099));
#1662 = CARTESIAN_POINT('',(1.570796326795,3.844490004099));
#1663 = ( GEOMETRIC_REPRESENTATION_CONTEXT(2) 
PARAMETRIC_REPRESENTATION_CONTEXT() REPRESENTATION_CONTEXT('2D SPACE',''
  ) );
#1664 = PCURVE('',#1593,#1665);
#1665 = DEFINITIONAL_REPRESENTATION('',(#1666),#1675);
#1666 = B_SPLINE_CURVE_WITH_KNOTS('',7,(#1667,#1668,#1669,#1670,#1671,
    #1672,#1673,#1674),.UNSPECIFIED.,.F.,.F.,(8,8),(4.712388980385,
    6.28318530718),.PIECEWISE_BEZIER_KNOTS.);
#1667 = CARTESIAN_POINT('',(1.49195325094E-15,-8.881784197001E-15));
#1668 = CARTESIAN_POINT('',(0.224399475256,-6.00170451035E-02));
#1669 = CARTESIAN_POINT('',(0.448798950513,-0.120033846503));
#1670 = CARTESIAN_POINT('',(0.673198425769,-0.175116139327));
#1671 = CARTESIAN_POINT('',(0.897597901026,-0.220320441205));
#1672 = CARTESIAN_POINT('',(1.121997376282,-0.251743562703));
#1673 = CARTESIAN_POINT('',(1.346396851538,-0.267456263144));
#1674 = CARTESIAN_POINT('',(1.570796326795,-0.267456263144));
#1675 = ( GEOMETRIC_REPRESENTATION_CONTEXT(2) 
PARAMETRIC_REPRESENTATION_CONTEXT() REPRESENTATION_CONTEXT('2D SPACE',''
  ) );
#1676 = ORIENTED_EDGE('',*,*,#1548,.F.);
#1677 = ORIENTED_EDGE('',*,*,#1509,.T.);
#1678 = ORIENTED_EDGE('',*,*,#1475,.T.);
#1679 = ORIENTED_EDGE('',*,*,#1434,.T.);
#1680 = ADVANCED_FACE('',(#1681),#1593,.T.);
#1681 = FACE_BOUND('',#1682,.T.);
#1682 = EDGE_LOOP('',(#1683,#1705,#1746,#1780,#1812,#1813,#1814,#1815));
#1683 = ORIENTED_EDGE('',*,*,#1684,.T.);
#1684 = EDGE_CURVE('',#1549,#1685,#1687,.T.);
#1685 = VERTEX_POINT('',#1686);
#1686 = CARTESIAN_POINT('',(7.097900302662,-56.35025870578,-4.7625));
#1687 = SEAM_CURVE('',#1688,(#1692,#1698),.PCURVE_S1.);
#1688 = LINE('',#1689,#1690);
#1689 = CARTESIAN_POINT('',(10.535133985528,-55.36000874072,-4.7625));
#1690 = VECTOR('',#1691,1.);
#1691 = DIRECTION('',(-0.960917321945,-0.276835511425,0.));
#1692 = PCURVE('',#1593,#1693);
#1693 = DEFINITIONAL_REPRESENTATION('',(#1694),#1697);
#1694 = B_SPLINE_CURVE_WITH_KNOTS('',1,(#1695,#1696),.UNSPECIFIED.,.F.,
  .F.,(2,2),(-1.480537077276,5.057570818231),.PIECEWISE_BEZIER_KNOTS.);
#1695 = CARTESIAN_POINT('',(6.28318530718,-1.480537077276));
#1696 = CARTESIAN_POINT('',(6.28318530718,5.057570818231));
#1697 = ( GEOMETRIC_REPRESENTATION_CONTEXT(2) 
PARAMETRIC_REPRESENTATION_CONTEXT() REPRESENTATION_CONTEXT('2D SPACE',''
  ) );
#1698 = PCURVE('',#1593,#1699);
#1699 = DEFINITIONAL_REPRESENTATION('',(#1700),#1704);
#1700 = LINE('',#1701,#1702);
#1701 = CARTESIAN_POINT('',(0.,0.));
#1702 = VECTOR('',#1703,1.);
#1703 = DIRECTION('',(0.,1.));
#1704 = ( GEOMETRIC_REPRESENTATION_CONTEXT(2) 
PARAMETRIC_REPRESENTATION_CONTEXT() REPRESENTATION_CONTEXT('2D SPACE',''
  ) );
#1705 = ORIENTED_EDGE('',*,*,#1706,.F.);
#1706 = EDGE_CURVE('',#1707,#1685,#1709,.T.);
#1707 = VERTEX_POINT('',#1708);
#1708 = CARTESIAN_POINT('',(7.097900302662,-56.35025870578,4.7625));
#1709 = SURFACE_CURVE('',#1710,(#1715,#1728),.PCURVE_S1.);
#1710 = ELLIPSE('',#1711,4.770004098813,4.7625);
#1711 = AXIS2_PLACEMENT_3D('',#1712,#1713,#1714);
#1712 = CARTESIAN_POINT('',(7.097900302662,-56.35025870578,0.));
#1713 = DIRECTION('',(-0.974927912182,-0.222520933956,0.));
#1714 = DIRECTION('',(0.222520933956,-0.974927912182,0.));
#1715 = PCURVE('',#1593,#1716);
#1716 = DEFINITIONAL_REPRESENTATION('',(#1717),#1727);
#1717 = B_SPLINE_CURVE_WITH_KNOTS('',8,(#1718,#1719,#1720,#1721,#1722,
    #1723,#1724,#1725,#1726),.UNSPECIFIED.,.F.,.F.,(9,9),(1.570796326795
    ,4.712388980385),.PIECEWISE_BEZIER_KNOTS.);
#1718 = CARTESIAN_POINT('',(3.14159265359,3.577033740955));
#1719 = CARTESIAN_POINT('',(3.534291735289,3.472003912024));
#1720 = CARTESIAN_POINT('',(3.926990816986,3.366973245629));
#1721 = CARTESIAN_POINT('',(4.319689898693,3.286632585037));
#1722 = CARTESIAN_POINT('',(4.712388980379,3.255605192675));
#1723 = CARTESIAN_POINT('',(5.105088062091,3.286632585041));
#1724 = CARTESIAN_POINT('',(5.497787143781,3.366973245628));
#1725 = CARTESIAN_POINT('',(5.890486225481,3.472003912024));
#1726 = CARTESIAN_POINT('',(6.28318530718,3.577033740955));
#1727 = ( GEOMETRIC_REPRESENTATION_CONTEXT(2) 
PARAMETRIC_REPRESENTATION_CONTEXT() REPRESENTATION_CONTEXT('2D SPACE',''
  ) );
#1728 = PCURVE('',#1729,#1734);
#1729 = CYLINDRICAL_SURFACE('',#1730,4.7625);
#1730 = AXIS2_PLACEMENT_3D('',#1731,#1732,#1733);
#1731 = CARTESIAN_POINT('',(7.097900302662,-56.35025870578,0.));
#1732 = DIRECTION('',(-0.985871018518,-0.167506223305,0.));
#1733 = DIRECTION('',(1.859692658809E-17,-1.09453670407E-16,-1.));
#1734 = DEFINITIONAL_REPRESENTATION('',(#1735),#1745);
#1735 = B_SPLINE_CURVE_WITH_KNOTS('',8,(#1736,#1737,#1738,#1739,#1740,
    #1741,#1742,#1743,#1744),.UNSPECIFIED.,.F.,.F.,(9,9),(1.570796326795
    ,4.712388980385),.PIECEWISE_BEZIER_KNOTS.);
#1736 = CARTESIAN_POINT('',(3.14159265359,1.016964290557E-13));
#1737 = CARTESIAN_POINT('',(3.534291735289,0.105029828931));
#1738 = CARTESIAN_POINT('',(3.926990816988,0.210060495319));
#1739 = CARTESIAN_POINT('',(4.319689898691,0.290401155933));
#1740 = CARTESIAN_POINT('',(4.712388980384,0.321428548244));
#1741 = CARTESIAN_POINT('',(5.105088062087,0.290401155933));
#1742 = CARTESIAN_POINT('',(5.497787143782,0.210060495319));
#1743 = CARTESIAN_POINT('',(5.890486225481,0.105029828931));
#1744 = CARTESIAN_POINT('',(6.28318530718,1.016964290557E-13));
#1745 = ( GEOMETRIC_REPRESENTATION_CONTEXT(2) 
PARAMETRIC_REPRESENTATION_CONTEXT() REPRESENTATION_CONTEXT('2D SPACE',''
  ) );
#1746 = ORIENTED_EDGE('',*,*,#1747,.F.);
#1747 = EDGE_CURVE('',#1748,#1707,#1750,.T.);
#1748 = VERTEX_POINT('',#1749);
#1749 = CARTESIAN_POINT('',(8.159326069706,-61.00066884293,
    -5.832380380939E-16));
#1750 = SURFACE_CURVE('',#1751,(#1756,#1768),.PCURVE_S1.);
#1751 = ELLIPSE('',#1752,4.770004098813,4.7625);
#1752 = AXIS2_PLACEMENT_3D('',#1753,#1754,#1755);
#1753 = CARTESIAN_POINT('',(7.097900302662,-56.35025870578,0.));
#1754 = DIRECTION('',(-0.974927912182,-0.222520933956,0.));
#1755 = DIRECTION('',(0.222520933956,-0.974927912182,0.));
#1756 = PCURVE('',#1593,#1757);
#1757 = DEFINITIONAL_REPRESENTATION('',(#1758),#1767);
#1758 = B_SPLINE_CURVE_WITH_KNOTS('',7,(#1759,#1760,#1761,#1762,#1763,
    #1764,#1765,#1766),.UNSPECIFIED.,.F.,.F.,(8,8),(0.,1.570796326795),
  .PIECEWISE_BEZIER_KNOTS.);
#1759 = CARTESIAN_POINT('',(1.570796326795,3.844490004099));
#1760 = CARTESIAN_POINT('',(1.795195802051,3.844490004099));
#1761 = CARTESIAN_POINT('',(2.019595277307,3.828777303658));
#1762 = CARTESIAN_POINT('',(2.243994752565,3.79735418216));
#1763 = CARTESIAN_POINT('',(2.46839422782,3.752149880282));
#1764 = CARTESIAN_POINT('',(2.692793703077,3.697067587458));
#1765 = CARTESIAN_POINT('',(2.917193178333,3.637050786059));
#1766 = CARTESIAN_POINT('',(3.14159265359,3.577033740955));
#1767 = ( GEOMETRIC_REPRESENTATION_CONTEXT(2) 
PARAMETRIC_REPRESENTATION_CONTEXT() REPRESENTATION_CONTEXT('2D SPACE',''
  ) );
#1768 = PCURVE('',#1729,#1769);
#1769 = DEFINITIONAL_REPRESENTATION('',(#1770),#1779);
#1770 = B_SPLINE_CURVE_WITH_KNOTS('',7,(#1771,#1772,#1773,#1774,#1775,
    #1776,#1777,#1778),.UNSPECIFIED.,.F.,.F.,(8,8),(0.,1.570796326795),
  .PIECEWISE_BEZIER_KNOTS.);
#1771 = CARTESIAN_POINT('',(1.570796326795,-0.267456263144));
#1772 = CARTESIAN_POINT('',(1.795195802051,-0.267456263144));
#1773 = CARTESIAN_POINT('',(2.019595277307,-0.251743562703));
#1774 = CARTESIAN_POINT('',(2.243994752565,-0.220320441205));
#1775 = CARTESIAN_POINT('',(2.46839422782,-0.175116139327));
#1776 = CARTESIAN_POINT('',(2.692793703077,-0.120033846502));
#1777 = CARTESIAN_POINT('',(2.917193178333,-6.001704510339E-02));
#1778 = CARTESIAN_POINT('',(3.14159265359,1.016964290557E-13));
#1779 = ( GEOMETRIC_REPRESENTATION_CONTEXT(2) 
PARAMETRIC_REPRESENTATION_CONTEXT() REPRESENTATION_CONTEXT('2D SPACE',''
  ) );
#1780 = ORIENTED_EDGE('',*,*,#1781,.F.);
#1781 = EDGE_CURVE('',#1685,#1748,#1782,.T.);
#1782 = SURFACE_CURVE('',#1783,(#1788,#1800),.PCURVE_S1.);
#1783 = ELLIPSE('',#1784,4.770004098813,4.7625);
#1784 = AXIS2_PLACEMENT_3D('',#1785,#1786,#1787);
#1785 = CARTESIAN_POINT('',(7.097900302662,-56.35025870578,0.));
#1786 = DIRECTION('',(-0.974927912182,-0.222520933956,0.));
#1787 = DIRECTION('',(0.222520933956,-0.974927912182,0.));
#1788 = PCURVE('',#1593,#1789);
#1789 = DEFINITIONAL_REPRESENTATION('',(#1790),#1799);
#1790 = B_SPLINE_CURVE_WITH_KNOTS('',7,(#1791,#1792,#1793,#1794,#1795,
    #1796,#1797,#1798),.UNSPECIFIED.,.F.,.F.,(8,8),(4.712388980385,
    6.28318530718),.PIECEWISE_BEZIER_KNOTS.);
#1791 = CARTESIAN_POINT('',(1.49195325094E-15,3.577033740955));
#1792 = CARTESIAN_POINT('',(0.224399475256,3.637050786059));
#1793 = CARTESIAN_POINT('',(0.448798950513,3.697067587459));
#1794 = CARTESIAN_POINT('',(0.67319842577,3.752149880278));
#1795 = CARTESIAN_POINT('',(0.897597901025,3.797354182163));
#1796 = CARTESIAN_POINT('',(1.121997376282,3.828777303657));
#1797 = CARTESIAN_POINT('',(1.346396851538,3.844490004099));
#1798 = CARTESIAN_POINT('',(1.570796326795,3.844490004099));
#1799 = ( GEOMETRIC_REPRESENTATION_CONTEXT(2) 
PARAMETRIC_REPRESENTATION_CONTEXT() REPRESENTATION_CONTEXT('2D SPACE',''
  ) );
#1800 = PCURVE('',#1729,#1801);
#1801 = DEFINITIONAL_REPRESENTATION('',(#1802),#1811);
#1802 = B_SPLINE_CURVE_WITH_KNOTS('',7,(#1803,#1804,#1805,#1806,#1807,
    #1808,#1809,#1810),.UNSPECIFIED.,.F.,.F.,(8,8),(4.712388980385,
    6.28318530718),.PIECEWISE_BEZIER_KNOTS.);
#1803 = CARTESIAN_POINT('',(0.,1.016964290557E-13));
#1804 = CARTESIAN_POINT('',(0.224399475256,-6.001704510339E-02));
#1805 = CARTESIAN_POINT('',(0.448798950513,-0.120033846502));
#1806 = CARTESIAN_POINT('',(0.673198425769,-0.175116139327));
#1807 = CARTESIAN_POINT('',(0.897597901026,-0.220320441205));
#1808 = CARTESIAN_POINT('',(1.121997376282,-0.251743562703));
#1809 = CARTESIAN_POINT('',(1.346396851538,-0.267456263144));
#1810 = CARTESIAN_POINT('',(1.570796326795,-0.267456263144));
#1811 = ( GEOMETRIC_REPRESENTATION_CONTEXT(2) 
PARAMETRIC_REPRESENTATION_CONTEXT() REPRESENTATION_CONTEXT('2D SPACE',''
  ) );
#1812 = ORIENTED_EDGE('',*,*,#1684,.F.);
#1813 = ORIENTED_EDGE('',*,*,#1645,.T.);
#1814 = ORIENTED_EDGE('',*,*,#1611,.T.);
#1815 = ORIENTED_EDGE('',*,*,#1570,.T.);
#1816 = ADVANCED_FACE('',(#1817),#1729,.T.);
#1817 = FACE_BOUND('',#1818,.T.);
#1818 = EDGE_LOOP('',(#1819,#1841,#1882,#1916,#1948,#1949,#1950,#1951));
#1819 = ORIENTED_EDGE('',*,*,#1820,.T.);
#1820 = EDGE_CURVE('',#1685,#1821,#1823,.T.);
#1821 = VERTEX_POINT('',#1822);
#1822 = CARTESIAN_POINT('',(3.571406405193,-56.94943411836,-4.7625));
#1823 = SEAM_CURVE('',#1824,(#1828,#1834),.PCURVE_S1.);
#1824 = LINE('',#1825,#1826);
#1825 = CARTESIAN_POINT('',(7.097900302662,-56.35025870578,-4.7625));
#1826 = VECTOR('',#1827,1.);
#1827 = DIRECTION('',(-0.985871018518,-0.167506223305,0.));
#1828 = PCURVE('',#1729,#1829);
#1829 = DEFINITIONAL_REPRESENTATION('',(#1830),#1833);
#1830 = B_SPLINE_CURVE_WITH_KNOTS('',1,(#1831,#1832),.UNSPECIFIED.,.F.,
  .F.,(2,2),(-1.480537077276,5.057570818231),.PIECEWISE_BEZIER_KNOTS.);
#1831 = CARTESIAN_POINT('',(6.28318530718,-1.480537077276));
#1832 = CARTESIAN_POINT('',(6.28318530718,5.057570818231));
#1833 = ( GEOMETRIC_REPRESENTATION_CONTEXT(2) 
PARAMETRIC_REPRESENTATION_CONTEXT() REPRESENTATION_CONTEXT('2D SPACE',''
  ) );
#1834 = PCURVE('',#1729,#1835);
#1835 = DEFINITIONAL_REPRESENTATION('',(#1836),#1840);
#1836 = LINE('',#1837,#1838);
#1837 = CARTESIAN_POINT('',(0.,0.));
#1838 = VECTOR('',#1839,1.);
#1839 = DIRECTION('',(0.,1.));
#1840 = ( GEOMETRIC_REPRESENTATION_CONTEXT(2) 
PARAMETRIC_REPRESENTATION_CONTEXT() REPRESENTATION_CONTEXT('2D SPACE',''
  ) );
#1841 = ORIENTED_EDGE('',*,*,#1842,.F.);
#1842 = EDGE_CURVE('',#1843,#1821,#1845,.T.);
#1843 = VERTEX_POINT('',#1844);
#1844 = CARTESIAN_POINT('',(3.571406405193,-56.94943411836,4.7625));
#1845 = SURFACE_CURVE('',#1846,(#1851,#1864),.PCURVE_S1.);
#1846 = ELLIPSE('',#1847,4.770004098813,4.7625);
#1847 = AXIS2_PLACEMENT_3D('',#1848,#1849,#1850);
#1848 = CARTESIAN_POINT('',(3.571406405193,-56.94943411836,0.));
#1849 = DIRECTION('',(-0.993712209893,-0.111964476103,0.));
#1850 = DIRECTION('',(0.111964476103,-0.993712209893,0.));
#1851 = PCURVE('',#1729,#1852);
#1852 = DEFINITIONAL_REPRESENTATION('',(#1853),#1863);
#1853 = B_SPLINE_CURVE_WITH_KNOTS('',8,(#1854,#1855,#1856,#1857,#1858,
    #1859,#1860,#1861,#1862),.UNSPECIFIED.,.F.,.F.,(9,9),(1.570796326795
    ,4.712388980385),.PIECEWISE_BEZIER_KNOTS.);
#1854 = CARTESIAN_POINT('',(3.14159265359,3.577033740955));
#1855 = CARTESIAN_POINT('',(3.534291735289,3.472003912024));
#1856 = CARTESIAN_POINT('',(3.926990816987,3.36697324563));
#1857 = CARTESIAN_POINT('',(4.319689898692,3.286632585032));
#1858 = CARTESIAN_POINT('',(4.712388980384,3.255605192686));
#1859 = CARTESIAN_POINT('',(5.105088062086,3.286632585034));
#1860 = CARTESIAN_POINT('',(5.497787143782,3.366973245632));
#1861 = CARTESIAN_POINT('',(5.890486225481,3.472003912024));
#1862 = CARTESIAN_POINT('',(6.28318530718,3.577033740955));
#1863 = ( GEOMETRIC_REPRESENTATION_CONTEXT(2) 
PARAMETRIC_REPRESENTATION_CONTEXT() REPRESENTATION_CONTEXT('2D SPACE',''
  ) );
#1864 = PCURVE('',#1865,#1870);
#1865 = CYLINDRICAL_SURFACE('',#1866,4.7625);
#1866 = AXIS2_PLACEMENT_3D('',#1867,#1868,#1869);
#1867 = CARTESIAN_POINT('',(3.571406405193,-56.94943411836,0.));
#1868 = DIRECTION('',(-0.998426815018,-5.607044723719E-02,0.));
#1869 = DIRECTION('',(6.225070152376E-18,-1.108476438436E-16,-1.));
#1870 = DEFINITIONAL_REPRESENTATION('',(#1871),#1881);
#1871 = B_SPLINE_CURVE_WITH_KNOTS('',8,(#1872,#1873,#1874,#1875,#1876,
    #1877,#1878,#1879,#1880),.UNSPECIFIED.,.F.,.F.,(9,9),(1.570796326795
    ,4.712388980385),.PIECEWISE_BEZIER_KNOTS.);
#1872 = CARTESIAN_POINT('',(3.14159265359,8.437694987151E-15));
#1873 = CARTESIAN_POINT('',(3.534291735289,0.105029828931));
#1874 = CARTESIAN_POINT('',(3.926990816989,0.210060495319));
#1875 = CARTESIAN_POINT('',(4.319689898683,0.290401155932));
#1876 = CARTESIAN_POINT('',(4.712388980395,0.321428548246));
#1877 = CARTESIAN_POINT('',(5.105088062079,0.290401155932));
#1878 = CARTESIAN_POINT('',(5.497787143784,0.210060495319));
#1879 = CARTESIAN_POINT('',(5.890486225481,0.105029828931));
#1880 = CARTESIAN_POINT('',(6.28318530718,8.437694987151E-15));
#1881 = ( GEOMETRIC_REPRESENTATION_CONTEXT(2) 
PARAMETRIC_REPRESENTATION_CONTEXT() REPRESENTATION_CONTEXT('2D SPACE',''
  ) );
#1882 = ORIENTED_EDGE('',*,*,#1883,.F.);
#1883 = EDGE_CURVE('',#1884,#1843,#1886,.T.);
#1884 = VERTEX_POINT('',#1885);
#1885 = CARTESIAN_POINT('',(4.105477415127,-61.68944543259,
    -5.832380380939E-16));
#1886 = SURFACE_CURVE('',#1887,(#1892,#1904),.PCURVE_S1.);
#1887 = ELLIPSE('',#1888,4.770004098813,4.7625);
#1888 = AXIS2_PLACEMENT_3D('',#1889,#1890,#1891);
#1889 = CARTESIAN_POINT('',(3.571406405193,-56.94943411836,0.));
#1890 = DIRECTION('',(-0.993712209893,-0.111964476103,0.));
#1891 = DIRECTION('',(0.111964476103,-0.993712209893,0.));
#1892 = PCURVE('',#1729,#1893);
#1893 = DEFINITIONAL_REPRESENTATION('',(#1894),#1903);
#1894 = B_SPLINE_CURVE_WITH_KNOTS('',7,(#1895,#1896,#1897,#1898,#1899,
    #1900,#1901,#1902),.UNSPECIFIED.,.F.,.F.,(8,8),(0.,1.570796326795),
  .PIECEWISE_BEZIER_KNOTS.);
#1895 = CARTESIAN_POINT('',(1.570796326795,3.844490004099));
#1896 = CARTESIAN_POINT('',(1.795195802051,3.844490004099));
#1897 = CARTESIAN_POINT('',(2.019595277308,3.828777303658));
#1898 = CARTESIAN_POINT('',(2.243994752565,3.79735418216));
#1899 = CARTESIAN_POINT('',(2.46839422782,3.752149880282));
#1900 = CARTESIAN_POINT('',(2.692793703077,3.697067587457));
#1901 = CARTESIAN_POINT('',(2.917193178333,3.637050786058));
#1902 = CARTESIAN_POINT('',(3.14159265359,3.577033740955));
#1903 = ( GEOMETRIC_REPRESENTATION_CONTEXT(2) 
PARAMETRIC_REPRESENTATION_CONTEXT() REPRESENTATION_CONTEXT('2D SPACE',''
  ) );
#1904 = PCURVE('',#1865,#1905);
#1905 = DEFINITIONAL_REPRESENTATION('',(#1906),#1915);
#1906 = B_SPLINE_CURVE_WITH_KNOTS('',7,(#1907,#1908,#1909,#1910,#1911,
    #1912,#1913,#1914),.UNSPECIFIED.,.F.,.F.,(8,8),(0.,1.570796326795),
  .PIECEWISE_BEZIER_KNOTS.);
#1907 = CARTESIAN_POINT('',(1.570796326795,-0.267456263144));
#1908 = CARTESIAN_POINT('',(1.795195802051,-0.267456263144));
#1909 = CARTESIAN_POINT('',(2.019595277308,-0.251743562703));
#1910 = CARTESIAN_POINT('',(2.243994752564,-0.220320441205));
#1911 = CARTESIAN_POINT('',(2.468394227822,-0.175116139327));
#1912 = CARTESIAN_POINT('',(2.692793703077,-0.120033846502));
#1913 = CARTESIAN_POINT('',(2.917193178333,-6.001704510348E-02));
#1914 = CARTESIAN_POINT('',(3.14159265359,8.437694987151E-15));
#1915 = ( GEOMETRIC_REPRESENTATION_CONTEXT(2) 
PARAMETRIC_REPRESENTATION_CONTEXT() REPRESENTATION_CONTEXT('2D SPACE',''
  ) );
#1916 = ORIENTED_EDGE('',*,*,#1917,.F.);
#1917 = EDGE_CURVE('',#1821,#1884,#1918,.T.);
#1918 = SURFACE_CURVE('',#1919,(#1924,#1936),.PCURVE_S1.);
#1919 = ELLIPSE('',#1920,4.770004098813,4.7625);
#1920 = AXIS2_PLACEMENT_3D('',#1921,#1922,#1923);
#1921 = CARTESIAN_POINT('',(3.571406405193,-56.94943411836,0.));
#1922 = DIRECTION('',(-0.993712209893,-0.111964476103,0.));
#1923 = DIRECTION('',(0.111964476103,-0.993712209893,0.));
#1924 = PCURVE('',#1729,#1925);
#1925 = DEFINITIONAL_REPRESENTATION('',(#1926),#1935);
#1926 = B_SPLINE_CURVE_WITH_KNOTS('',7,(#1927,#1928,#1929,#1930,#1931,
    #1932,#1933,#1934),.UNSPECIFIED.,.F.,.F.,(8,8),(4.712388980385,
    6.28318530718),.PIECEWISE_BEZIER_KNOTS.);
#1927 = CARTESIAN_POINT('',(0.,3.577033740955));
#1928 = CARTESIAN_POINT('',(0.224399475256,3.637050786058));
#1929 = CARTESIAN_POINT('',(0.448798950513,3.697067587457));
#1930 = CARTESIAN_POINT('',(0.67319842577,3.752149880283));
#1931 = CARTESIAN_POINT('',(0.897597901025,3.797354182158));
#1932 = CARTESIAN_POINT('',(1.121997376282,3.828777303658));
#1933 = CARTESIAN_POINT('',(1.346396851538,3.844490004099));
#1934 = CARTESIAN_POINT('',(1.570796326795,3.844490004099));
#1935 = ( GEOMETRIC_REPRESENTATION_CONTEXT(2) 
PARAMETRIC_REPRESENTATION_CONTEXT() REPRESENTATION_CONTEXT('2D SPACE',''
  ) );
#1936 = PCURVE('',#1865,#1937);
#1937 = DEFINITIONAL_REPRESENTATION('',(#1938),#1947);
#1938 = B_SPLINE_CURVE_WITH_KNOTS('',7,(#1939,#1940,#1941,#1942,#1943,
    #1944,#1945,#1946),.UNSPECIFIED.,.F.,.F.,(8,8),(4.712388980385,
    6.28318530718),.PIECEWISE_BEZIER_KNOTS.);
#1939 = CARTESIAN_POINT('',(0.,8.437694987151E-15));
#1940 = CARTESIAN_POINT('',(0.224399475256,-6.001704510348E-02));
#1941 = CARTESIAN_POINT('',(0.448798950513,-0.120033846502));
#1942 = CARTESIAN_POINT('',(0.673198425769,-0.175116139327));
#1943 = CARTESIAN_POINT('',(0.897597901026,-0.220320441205));
#1944 = CARTESIAN_POINT('',(1.121997376282,-0.251743562703));
#1945 = CARTESIAN_POINT('',(1.346396851538,-0.267456263144));
#1946 = CARTESIAN_POINT('',(1.570796326795,-0.267456263144));
#1947 = ( GEOMETRIC_REPRESENTATION_CONTEXT(2) 
PARAMETRIC_REPRESENTATION_CONTEXT() REPRESENTATION_CONTEXT('2D SPACE',''
  ) );
#1948 = ORIENTED_EDGE('',*,*,#1820,.F.);
#1949 = ORIENTED_EDGE('',*,*,#1781,.T.);
#1950 = ORIENTED_EDGE('',*,*,#1747,.T.);
#1951 = ORIENTED_EDGE('',*,*,#1706,.T.);
#1952 = ADVANCED_FACE('',(#1953),#1865,.T.);
#1953 = FACE_BOUND('',#1954,.T.);
#1954 = EDGE_LOOP('',(#1955,#1977,#2018,#2052,#2084,#2085,#2086,#2087));
#1955 = ORIENTED_EDGE('',*,*,#1956,.T.);
#1956 = EDGE_CURVE('',#1821,#1957,#1959,.T.);
#1957 = VERTEX_POINT('',#1958);
#1958 = CARTESIAN_POINT('',(-4.371197328728E-15,-57.15,-4.7625));
#1959 = SEAM_CURVE('',#1960,(#1964,#1970),.PCURVE_S1.);
#1960 = LINE('',#1961,#1962);
#1961 = CARTESIAN_POINT('',(3.571406405193,-56.94943411836,-4.7625));
#1962 = VECTOR('',#1963,1.);
#1963 = DIRECTION('',(-0.998426815018,-5.607044723719E-02,0.));
#1964 = PCURVE('',#1865,#1965);
#1965 = DEFINITIONAL_REPRESENTATION('',(#1966),#1969);
#1966 = B_SPLINE_CURVE_WITH_KNOTS('',1,(#1967,#1968),.UNSPECIFIED.,.F.,
  .F.,(2,2),(-1.480537077276,5.057570818231),.PIECEWISE_BEZIER_KNOTS.);
#1967 = CARTESIAN_POINT('',(6.28318530718,-1.480537077276));
#1968 = CARTESIAN_POINT('',(6.28318530718,5.057570818231));
#1969 = ( GEOMETRIC_REPRESENTATION_CONTEXT(2) 
PARAMETRIC_REPRESENTATION_CONTEXT() REPRESENTATION_CONTEXT('2D SPACE',''
  ) );
#1970 = PCURVE('',#1865,#1971);
#1971 = DEFINITIONAL_REPRESENTATION('',(#1972),#1976);
#1972 = LINE('',#1973,#1974);
#1973 = CARTESIAN_POINT('',(0.,0.));
#1974 = VECTOR('',#1975,1.);
#1975 = DIRECTION('',(0.,1.));
#1976 = ( GEOMETRIC_REPRESENTATION_CONTEXT(2) 
PARAMETRIC_REPRESENTATION_CONTEXT() REPRESENTATION_CONTEXT('2D SPACE',''
  ) );
#1977 = ORIENTED_EDGE('',*,*,#1978,.F.);
#1978 = EDGE_CURVE('',#1979,#1957,#1981,.T.);
#1979 = VERTEX_POINT('',#1980);
#1980 = CARTESIAN_POINT('',(-6.876167499677E-16,-57.15,4.7625));
#1981 = SURFACE_CURVE('',#1982,(#1987,#2000),.PCURVE_S1.);
#1982 = ELLIPSE('',#1983,4.770004098813,4.7625);
#1983 = AXIS2_PLACEMENT_3D('',#1984,#1985,#1986);
#1984 = CARTESIAN_POINT('',(-8.489026407359E-15,-57.15,0.));
#1985 = DIRECTION('',(-1.,-3.474913633897E-18,0.));
#1986 = DIRECTION('',(3.474913633897E-18,-1.,0.));
#1987 = PCURVE('',#1865,#1988);
#1988 = DEFINITIONAL_REPRESENTATION('',(#1989),#1999);
#1989 = B_SPLINE_CURVE_WITH_KNOTS('',8,(#1990,#1991,#1992,#1993,#1994,
    #1995,#1996,#1997,#1998),.UNSPECIFIED.,.F.,.F.,(9,9),(1.570796326795
    ,4.712388980385),.PIECEWISE_BEZIER_KNOTS.);
#1990 = CARTESIAN_POINT('',(3.14159265359,3.577033740955));
#1991 = CARTESIAN_POINT('',(3.534291735289,3.472003912024));
#1992 = CARTESIAN_POINT('',(3.926990816989,3.366973245633));
#1993 = CARTESIAN_POINT('',(4.319689898684,3.286632585027));
#1994 = CARTESIAN_POINT('',(4.712388980397,3.255605192691));
#1995 = CARTESIAN_POINT('',(5.105088062078,3.28663258503));
#1996 = CARTESIAN_POINT('',(5.497787143785,3.366973245632));
#1997 = CARTESIAN_POINT('',(5.890486225481,3.472003912024));
#1998 = CARTESIAN_POINT('',(6.28318530718,3.577033740955));
#1999 = ( GEOMETRIC_REPRESENTATION_CONTEXT(2) 
PARAMETRIC_REPRESENTATION_CONTEXT() REPRESENTATION_CONTEXT('2D SPACE',''
  ) );
#2000 = PCURVE('',#2001,#2006);
#2001 = CYLINDRICAL_SURFACE('',#2002,4.7625);
#2002 = AXIS2_PLACEMENT_3D('',#2003,#2004,#2005);
#2003 = CARTESIAN_POINT('',(0.,-57.15,0.));
#2004 = DIRECTION('',(-0.998426815018,5.607044723719E-02,0.));
#2005 = DIRECTION('',(-6.225070152376E-18,-1.108476438436E-16,-1.));
#2006 = DEFINITIONAL_REPRESENTATION('',(#2007),#2017);
#2007 = B_SPLINE_CURVE_WITH_KNOTS('',8,(#2008,#2009,#2010,#2011,#2012,
    #2013,#2014,#2015,#2016),.UNSPECIFIED.,.F.,.F.,(9,9),(1.570796326795
    ,4.712388980385),.PIECEWISE_BEZIER_KNOTS.);
#2008 = CARTESIAN_POINT('',(3.14159265359,8.437694987151E-15));
#2009 = CARTESIAN_POINT('',(3.534291735289,0.105029828931));
#2010 = CARTESIAN_POINT('',(3.926990816986,0.210060495319));
#2011 = CARTESIAN_POINT('',(4.319689898693,0.290401155933));
#2012 = CARTESIAN_POINT('',(4.71238898038,0.321428548244));
#2013 = CARTESIAN_POINT('',(5.10508806209,0.290401155933));
#2014 = CARTESIAN_POINT('',(5.497787143781,0.210060495319));
#2015 = CARTESIAN_POINT('',(5.890486225481,0.105029828931));
#2016 = CARTESIAN_POINT('',(6.28318530718,8.437694987151E-15));
#2017 = ( GEOMETRIC_REPRESENTATION_CONTEXT(2) 
PARAMETRIC_REPRESENTATION_CONTEXT() REPRESENTATION_CONTEXT('2D SPACE',''
  ) );
#2018 = ORIENTED_EDGE('',*,*,#2019,.F.);
#2019 = EDGE_CURVE('',#2020,#1979,#2022,.T.);
#2020 = VERTEX_POINT('',#2021);
#2021 = CARTESIAN_POINT('',(-8.472451055082E-15,-61.92000409881,
    -5.832380380939E-16));
#2022 = SURFACE_CURVE('',#2023,(#2028,#2040),.PCURVE_S1.);
#2023 = ELLIPSE('',#2024,4.770004098813,4.7625);
#2024 = AXIS2_PLACEMENT_3D('',#2025,#2026,#2027);
#2025 = CARTESIAN_POINT('',(-8.489026407359E-15,-57.15,0.));
#2026 = DIRECTION('',(-1.,-3.474913633897E-18,0.));
#2027 = DIRECTION('',(3.474913633897E-18,-1.,0.));
#2028 = PCURVE('',#1865,#2029);
#2029 = DEFINITIONAL_REPRESENTATION('',(#2030),#2039);
#2030 = B_SPLINE_CURVE_WITH_KNOTS('',7,(#2031,#2032,#2033,#2034,#2035,
    #2036,#2037,#2038),.UNSPECIFIED.,.F.,.F.,(8,8),(0.,1.570796326795),
  .PIECEWISE_BEZIER_KNOTS.);
#2031 = CARTESIAN_POINT('',(1.570796326795,3.844490004099));
#2032 = CARTESIAN_POINT('',(1.795195802051,3.844490004099));
#2033 = CARTESIAN_POINT('',(2.019595277308,3.828777303658));
#2034 = CARTESIAN_POINT('',(2.243994752564,3.79735418216));
#2035 = CARTESIAN_POINT('',(2.468394227821,3.752149880282));
#2036 = CARTESIAN_POINT('',(2.692793703077,3.697067587457));
#2037 = CARTESIAN_POINT('',(2.917193178333,3.637050786058));
#2038 = CARTESIAN_POINT('',(3.14159265359,3.577033740955));
#2039 = ( GEOMETRIC_REPRESENTATION_CONTEXT(2) 
PARAMETRIC_REPRESENTATION_CONTEXT() REPRESENTATION_CONTEXT('2D SPACE',''
  ) );
#2040 = PCURVE('',#2001,#2041);
#2041 = DEFINITIONAL_REPRESENTATION('',(#2042),#2051);
#2042 = B_SPLINE_CURVE_WITH_KNOTS('',7,(#2043,#2044,#2045,#2046,#2047,
    #2048,#2049,#2050),.UNSPECIFIED.,.F.,.F.,(8,8),(0.,1.570796326795),
  .PIECEWISE_BEZIER_KNOTS.);
#2043 = CARTESIAN_POINT('',(1.570796326795,-0.267456263144));
#2044 = CARTESIAN_POINT('',(1.795195802051,-0.267456263144));
#2045 = CARTESIAN_POINT('',(2.019595277308,-0.251743562703));
#2046 = CARTESIAN_POINT('',(2.243994752564,-0.220320441205));
#2047 = CARTESIAN_POINT('',(2.468394227821,-0.175116139327));
#2048 = CARTESIAN_POINT('',(2.692793703077,-0.120033846502));
#2049 = CARTESIAN_POINT('',(2.917193178333,-6.001704510348E-02));
#2050 = CARTESIAN_POINT('',(3.14159265359,8.437694987151E-15));
#2051 = ( GEOMETRIC_REPRESENTATION_CONTEXT(2) 
PARAMETRIC_REPRESENTATION_CONTEXT() REPRESENTATION_CONTEXT('2D SPACE',''
  ) );
#2052 = ORIENTED_EDGE('',*,*,#2053,.F.);
#2053 = EDGE_CURVE('',#1957,#2020,#2054,.T.);
#2054 = SURFACE_CURVE('',#2055,(#2060,#2072),.PCURVE_S1.);
#2055 = ELLIPSE('',#2056,4.770004098813,4.7625);
#2056 = AXIS2_PLACEMENT_3D('',#2057,#2058,#2059);
#2057 = CARTESIAN_POINT('',(-8.489026407359E-15,-57.15,0.));
#2058 = DIRECTION('',(-1.,-3.474913633897E-18,0.));
#2059 = DIRECTION('',(3.474913633897E-18,-1.,0.));
#2060 = PCURVE('',#1865,#2061);
#2061 = DEFINITIONAL_REPRESENTATION('',(#2062),#2071);
#2062 = B_SPLINE_CURVE_WITH_KNOTS('',7,(#2063,#2064,#2065,#2066,#2067,
    #2068,#2069,#2070),.UNSPECIFIED.,.F.,.F.,(8,8),(4.712388980385,
    6.28318530718),.PIECEWISE_BEZIER_KNOTS.);
#2063 = CARTESIAN_POINT('',(1.49195325094E-15,3.577033740955));
#2064 = CARTESIAN_POINT('',(0.224399475256,3.637050786058));
#2065 = CARTESIAN_POINT('',(0.448798950513,3.697067587458));
#2066 = CARTESIAN_POINT('',(0.67319842577,3.752149880281));
#2067 = CARTESIAN_POINT('',(0.897597901026,3.797354182161));
#2068 = CARTESIAN_POINT('',(1.121997376282,3.828777303658));
#2069 = CARTESIAN_POINT('',(1.346396851538,3.844490004099));
#2070 = CARTESIAN_POINT('',(1.570796326795,3.844490004099));
#2071 = ( GEOMETRIC_REPRESENTATION_CONTEXT(2) 
PARAMETRIC_REPRESENTATION_CONTEXT() REPRESENTATION_CONTEXT('2D SPACE',''
  ) );
#2072 = PCURVE('',#2001,#2073);
#2073 = DEFINITIONAL_REPRESENTATION('',(#2074),#2083);
#2074 = B_SPLINE_CURVE_WITH_KNOTS('',7,(#2075,#2076,#2077,#2078,#2079,
    #2080,#2081,#2082),.UNSPECIFIED.,.F.,.F.,(8,8),(4.712388980385,
    6.28318530718),.PIECEWISE_BEZIER_KNOTS.);
#2075 = CARTESIAN_POINT('',(0.,8.437694987151E-15));
#2076 = CARTESIAN_POINT('',(0.224399475256,-6.001704510348E-02));
#2077 = CARTESIAN_POINT('',(0.448798950513,-0.120033846502));
#2078 = CARTESIAN_POINT('',(0.673198425769,-0.175116139327));
#2079 = CARTESIAN_POINT('',(0.897597901026,-0.220320441205));
#2080 = CARTESIAN_POINT('',(1.121997376282,-0.251743562703));
#2081 = CARTESIAN_POINT('',(1.346396851538,-0.267456263144));
#2082 = CARTESIAN_POINT('',(1.570796326795,-0.267456263144));
#2083 = ( GEOMETRIC_REPRESENTATION_CONTEXT(2) 
PARAMETRIC_REPRESENTATION_CONTEXT() REPRESENTATION_CONTEXT('2D SPACE',''
  ) );
#2084 = ORIENTED_EDGE('',*,*,#1956,.F.);
#2085 = ORIENTED_EDGE('',*,*,#1917,.T.);
#2086 = ORIENTED_EDGE('',*,*,#1883,.T.);
#2087 = ORIENTED_EDGE('',*,*,#1842,.T.);
#2088 = ADVANCED_FACE('',(#2089),#2001,.T.);
#2089 = FACE_BOUND('',#2090,.T.);
#2090 = EDGE_LOOP('',(#2091,#2113,#2154,#2188,#2220,#2221,#2222,#2223));
#2091 = ORIENTED_EDGE('',*,*,#2092,.T.);
#2092 = EDGE_CURVE('',#1957,#2093,#2095,.T.);
#2093 = VERTEX_POINT('',#2094);
#2094 = CARTESIAN_POINT('',(-3.571406405193,-56.94943411836,-4.7625));
#2095 = SEAM_CURVE('',#2096,(#2100,#2106),.PCURVE_S1.);
#2096 = LINE('',#2097,#2098);
#2097 = CARTESIAN_POINT('',(-2.964689660069E-17,-57.15,-4.7625));
#2098 = VECTOR('',#2099,1.);
#2099 = DIRECTION('',(-0.998426815018,5.607044723719E-02,0.));
#2100 = PCURVE('',#2001,#2101);
#2101 = DEFINITIONAL_REPRESENTATION('',(#2102),#2105);
#2102 = B_SPLINE_CURVE_WITH_KNOTS('',1,(#2103,#2104),.UNSPECIFIED.,.F.,
  .F.,(2,2),(-1.480537077276,5.057570818231),.PIECEWISE_BEZIER_KNOTS.);
#2103 = CARTESIAN_POINT('',(6.28318530718,-1.480537077276));
#2104 = CARTESIAN_POINT('',(6.28318530718,5.057570818231));
#2105 = ( GEOMETRIC_REPRESENTATION_CONTEXT(2) 
PARAMETRIC_REPRESENTATION_CONTEXT() REPRESENTATION_CONTEXT('2D SPACE',''
  ) );
#2106 = PCURVE('',#2001,#2107);
#2107 = DEFINITIONAL_REPRESENTATION('',(#2108),#2112);
#2108 = LINE('',#2109,#2110);
#2109 = CARTESIAN_POINT('',(0.,0.));
#2110 = VECTOR('',#2111,1.);
#2111 = DIRECTION('',(0.,1.));
#2112 = ( GEOMETRIC_REPRESENTATION_CONTEXT(2) 
PARAMETRIC_REPRESENTATION_CONTEXT() REPRESENTATION_CONTEXT('2D SPACE',''
  ) );
#2113 = ORIENTED_EDGE('',*,*,#2114,.F.);
#2114 = EDGE_CURVE('',#2115,#2093,#2117,.T.);
#2115 = VERTEX_POINT('',#2116);
#2116 = CARTESIAN_POINT('',(-3.571406405193,-56.94943411836,4.7625));
#2117 = SURFACE_CURVE('',#2118,(#2123,#2136),.PCURVE_S1.);
#2118 = ELLIPSE('',#2119,4.770004098813,4.7625);
#2119 = AXIS2_PLACEMENT_3D('',#2120,#2121,#2122);
#2120 = CARTESIAN_POINT('',(-3.571406405193,-56.94943411836,0.));
#2121 = DIRECTION('',(-0.993712209893,0.111964476103,0.));
#2122 = DIRECTION('',(-0.111964476103,-0.993712209893,0.));
#2123 = PCURVE('',#2001,#2124);
#2124 = DEFINITIONAL_REPRESENTATION('',(#2125),#2135);
#2125 = B_SPLINE_CURVE_WITH_KNOTS('',8,(#2126,#2127,#2128,#2129,#2130,
    #2131,#2132,#2133,#2134),.UNSPECIFIED.,.F.,.F.,(9,9),(1.570796326795
    ,4.712388980385),.PIECEWISE_BEZIER_KNOTS.);
#2126 = CARTESIAN_POINT('',(3.14159265359,3.577033740955));
#2127 = CARTESIAN_POINT('',(3.534291735289,3.472003912024));
#2128 = CARTESIAN_POINT('',(3.926990816993,3.366973245634));
#2129 = CARTESIAN_POINT('',(4.319689898655,3.286632585027));
#2130 = CARTESIAN_POINT('',(4.712388980418,3.255605192702));
#2131 = CARTESIAN_POINT('',(5.105088062055,3.286632585025));
#2132 = CARTESIAN_POINT('',(5.497787143789,3.366973245635));
#2133 = CARTESIAN_POINT('',(5.890486225481,3.472003912024));
#2134 = CARTESIAN_POINT('',(6.28318530718,3.577033740955));
#2135 = ( GEOMETRIC_REPRESENTATION_CONTEXT(2) 
PARAMETRIC_REPRESENTATION_CONTEXT() REPRESENTATION_CONTEXT('2D SPACE',''
  ) );
#2136 = PCURVE('',#2137,#2142);
#2137 = CYLINDRICAL_SURFACE('',#2138,4.7625);
#2138 = AXIS2_PLACEMENT_3D('',#2139,#2140,#2141);
#2139 = CARTESIAN_POINT('',(-3.571406405193,-56.94943411836,0.));
#2140 = DIRECTION('',(-0.985871018518,0.167506223305,0.));
#2141 = DIRECTION('',(-1.859692658809E-17,-1.09453670407E-16,-1.));
#2142 = DEFINITIONAL_REPRESENTATION('',(#2143),#2153);
#2143 = B_SPLINE_CURVE_WITH_KNOTS('',8,(#2144,#2145,#2146,#2147,#2148,
    #2149,#2150,#2151,#2152),.UNSPECIFIED.,.F.,.F.,(9,9),(1.570796326795
    ,4.712388980385),.PIECEWISE_BEZIER_KNOTS.);
#2144 = CARTESIAN_POINT('',(3.14159265359,-8.881784197001E-15));
#2145 = CARTESIAN_POINT('',(3.534291735289,0.105029828931));
#2146 = CARTESIAN_POINT('',(3.926990816986,0.210060495319));
#2147 = CARTESIAN_POINT('',(4.319689898693,0.290401155932));
#2148 = CARTESIAN_POINT('',(4.71238898038,0.321428548245));
#2149 = CARTESIAN_POINT('',(5.10508806209,0.290401155932));
#2150 = CARTESIAN_POINT('',(5.497787143781,0.210060495319));
#2151 = CARTESIAN_POINT('',(5.890486225481,0.105029828931));
#2152 = CARTESIAN_POINT('',(6.28318530718,-8.881784197001E-15));
#2153 = ( GEOMETRIC_REPRESENTATION_CONTEXT(2) 
PARAMETRIC_REPRESENTATION_CONTEXT() REPRESENTATION_CONTEXT('2D SPACE',''
  ) );
#2154 = ORIENTED_EDGE('',*,*,#2155,.F.);
#2155 = EDGE_CURVE('',#2156,#2115,#2158,.T.);
#2156 = VERTEX_POINT('',#2157);
#2157 = CARTESIAN_POINT('',(-4.105477415127,-61.68944543259,
    -5.832380380939E-16));
#2158 = SURFACE_CURVE('',#2159,(#2164,#2176),.PCURVE_S1.);
#2159 = ELLIPSE('',#2160,4.770004098813,4.7625);
#2160 = AXIS2_PLACEMENT_3D('',#2161,#2162,#2163);
#2161 = CARTESIAN_POINT('',(-3.571406405193,-56.94943411836,0.));
#2162 = DIRECTION('',(-0.993712209893,0.111964476103,0.));
#2163 = DIRECTION('',(-0.111964476103,-0.993712209893,0.));
#2164 = PCURVE('',#2001,#2165);
#2165 = DEFINITIONAL_REPRESENTATION('',(#2166),#2175);
#2166 = B_SPLINE_CURVE_WITH_KNOTS('',7,(#2167,#2168,#2169,#2170,#2171,
    #2172,#2173,#2174),.UNSPECIFIED.,.F.,.F.,(8,8),(0.,1.570796326795),
  .PIECEWISE_BEZIER_KNOTS.);
#2167 = CARTESIAN_POINT('',(1.570796326795,3.844490004099));
#2168 = CARTESIAN_POINT('',(1.795195802051,3.844490004099));
#2169 = CARTESIAN_POINT('',(2.019595277308,3.828777303658));
#2170 = CARTESIAN_POINT('',(2.243994752565,3.797354182158));
#2171 = CARTESIAN_POINT('',(2.46839422782,3.752149880285));
#2172 = CARTESIAN_POINT('',(2.692793703077,3.697067587457));
#2173 = CARTESIAN_POINT('',(2.917193178333,3.637050786058));
#2174 = CARTESIAN_POINT('',(3.14159265359,3.577033740955));
#2175 = ( GEOMETRIC_REPRESENTATION_CONTEXT(2) 
PARAMETRIC_REPRESENTATION_CONTEXT() REPRESENTATION_CONTEXT('2D SPACE',''
  ) );
#2176 = PCURVE('',#2137,#2177);
#2177 = DEFINITIONAL_REPRESENTATION('',(#2178),#2187);
#2178 = B_SPLINE_CURVE_WITH_KNOTS('',7,(#2179,#2180,#2181,#2182,#2183,
    #2184,#2185,#2186),.UNSPECIFIED.,.F.,.F.,(8,8),(0.,1.570796326795),
  .PIECEWISE_BEZIER_KNOTS.);
#2179 = CARTESIAN_POINT('',(1.570796326795,-0.267456263144));
#2180 = CARTESIAN_POINT('',(1.795195802051,-0.267456263144));
#2181 = CARTESIAN_POINT('',(2.019595277308,-0.251743562703));
#2182 = CARTESIAN_POINT('',(2.243994752565,-0.220320441205));
#2183 = CARTESIAN_POINT('',(2.46839422782,-0.175116139327));
#2184 = CARTESIAN_POINT('',(2.692793703077,-0.120033846502));
#2185 = CARTESIAN_POINT('',(2.917193178333,-6.00170451035E-02));
#2186 = CARTESIAN_POINT('',(3.14159265359,-8.881784197001E-15));
#2187 = ( GEOMETRIC_REPRESENTATION_CONTEXT(2) 
PARAMETRIC_REPRESENTATION_CONTEXT() REPRESENTATION_CONTEXT('2D SPACE',''
  ) );
#2188 = ORIENTED_EDGE('',*,*,#2189,.F.);
#2189 = EDGE_CURVE('',#2093,#2156,#2190,.T.);
#2190 = SURFACE_CURVE('',#2191,(#2196,#2208),.PCURVE_S1.);
#2191 = ELLIPSE('',#2192,4.770004098813,4.7625);
#2192 = AXIS2_PLACEMENT_3D('',#2193,#2194,#2195);
#2193 = CARTESIAN_POINT('',(-3.571406405193,-56.94943411836,0.));
#2194 = DIRECTION('',(-0.993712209893,0.111964476103,0.));
#2195 = DIRECTION('',(-0.111964476103,-0.993712209893,0.));
#2196 = PCURVE('',#2001,#2197);
#2197 = DEFINITIONAL_REPRESENTATION('',(#2198),#2207);
#2198 = B_SPLINE_CURVE_WITH_KNOTS('',7,(#2199,#2200,#2201,#2202,#2203,
    #2204,#2205,#2206),.UNSPECIFIED.,.F.,.F.,(8,8),(4.712388980385,
    6.28318530718),.PIECEWISE_BEZIER_KNOTS.);
#2199 = CARTESIAN_POINT('',(-1.7763568394E-15,3.577033740955));
#2200 = CARTESIAN_POINT('',(0.224399475256,3.637050786058));
#2201 = CARTESIAN_POINT('',(0.448798950513,3.697067587458));
#2202 = CARTESIAN_POINT('',(0.673198425769,3.752149880281));
#2203 = CARTESIAN_POINT('',(0.897597901026,3.797354182161));
#2204 = CARTESIAN_POINT('',(1.121997376282,3.828777303657));
#2205 = CARTESIAN_POINT('',(1.346396851538,3.844490004099));
#2206 = CARTESIAN_POINT('',(1.570796326795,3.844490004099));
#2207 = ( GEOMETRIC_REPRESENTATION_CONTEXT(2) 
PARAMETRIC_REPRESENTATION_CONTEXT() REPRESENTATION_CONTEXT('2D SPACE',''
  ) );
#2208 = PCURVE('',#2137,#2209);
#2209 = DEFINITIONAL_REPRESENTATION('',(#2210),#2219);
#2210 = B_SPLINE_CURVE_WITH_KNOTS('',7,(#2211,#2212,#2213,#2214,#2215,
    #2216,#2217,#2218),.UNSPECIFIED.,.F.,.F.,(8,8),(4.712388980385,
    6.28318530718),.PIECEWISE_BEZIER_KNOTS.);
#2211 = CARTESIAN_POINT('',(0.,-8.881784197001E-15));
#2212 = CARTESIAN_POINT('',(0.224399475256,-6.00170451035E-02));
#2213 = CARTESIAN_POINT('',(0.448798950513,-0.120033846502));
#2214 = CARTESIAN_POINT('',(0.673198425769,-0.175116139327));
#2215 = CARTESIAN_POINT('',(0.897597901026,-0.220320441205));
#2216 = CARTESIAN_POINT('',(1.121997376282,-0.251743562703));
#2217 = CARTESIAN_POINT('',(1.346396851538,-0.267456263144));
#2218 = CARTESIAN_POINT('',(1.570796326795,-0.267456263144));
#2219 = ( GEOMETRIC_REPRESENTATION_CONTEXT(2) 
PARAMETRIC_REPRESENTATION_CONTEXT() REPRESENTATION_CONTEXT('2D SPACE',''
  ) );
#2220 = ORIENTED_EDGE('',*,*,#2092,.F.);
#2221 = ORIENTED_EDGE('',*,*,#2053,.T.);
#2222 = ORIENTED_EDGE('',*,*,#2019,.T.);
#2223 = ORIENTED_EDGE('',*,*,#1978,.T.);
#2224 = ADVANCED_FACE('',(#2225),#2137,.T.);
#2225 = FACE_BOUND('',#2226,.T.);
#2226 = EDGE_LOOP('',(#2227,#2249,#2290,#2324,#2356,#2357,#2358,#2359));
#2227 = ORIENTED_EDGE('',*,*,#2228,.T.);
#2228 = EDGE_CURVE('',#2093,#2229,#2231,.T.);
#2229 = VERTEX_POINT('',#2230);
#2230 = CARTESIAN_POINT('',(-7.097900302662,-56.35025870578,-4.7625));
#2231 = SEAM_CURVE('',#2232,(#2236,#2242),.PCURVE_S1.);
#2232 = LINE('',#2233,#2234);
#2233 = CARTESIAN_POINT('',(-3.571406405193,-56.94943411836,-4.7625));
#2234 = VECTOR('',#2235,1.);
#2235 = DIRECTION('',(-0.985871018518,0.167506223305,0.));
#2236 = PCURVE('',#2137,#2237);
#2237 = DEFINITIONAL_REPRESENTATION('',(#2238),#2241);
#2238 = B_SPLINE_CURVE_WITH_KNOTS('',1,(#2239,#2240),.UNSPECIFIED.,.F.,
  .F.,(2,2),(-1.480537077276,5.057570818231),.PIECEWISE_BEZIER_KNOTS.);
#2239 = CARTESIAN_POINT('',(6.28318530718,-1.480537077276));
#2240 = CARTESIAN_POINT('',(6.28318530718,5.057570818231));
#2241 = ( GEOMETRIC_REPRESENTATION_CONTEXT(2) 
PARAMETRIC_REPRESENTATION_CONTEXT() REPRESENTATION_CONTEXT('2D SPACE',''
  ) );
#2242 = PCURVE('',#2137,#2243);
#2243 = DEFINITIONAL_REPRESENTATION('',(#2244),#2248);
#2244 = LINE('',#2245,#2246);
#2245 = CARTESIAN_POINT('',(0.,0.));
#2246 = VECTOR('',#2247,1.);
#2247 = DIRECTION('',(0.,1.));
#2248 = ( GEOMETRIC_REPRESENTATION_CONTEXT(2) 
PARAMETRIC_REPRESENTATION_CONTEXT() REPRESENTATION_CONTEXT('2D SPACE',''
  ) );
#2249 = ORIENTED_EDGE('',*,*,#2250,.F.);
#2250 = EDGE_CURVE('',#2251,#2229,#2253,.T.);
#2251 = VERTEX_POINT('',#2252);
#2252 = CARTESIAN_POINT('',(-7.097900302662,-56.35025870578,4.7625));
#2253 = SURFACE_CURVE('',#2254,(#2259,#2272),.PCURVE_S1.);
#2254 = ELLIPSE('',#2255,4.770004098813,4.7625);
#2255 = AXIS2_PLACEMENT_3D('',#2256,#2257,#2258);
#2256 = CARTESIAN_POINT('',(-7.097900302662,-56.35025870578,0.));
#2257 = DIRECTION('',(-0.974927912182,0.222520933956,0.));
#2258 = DIRECTION('',(-0.222520933956,-0.974927912182,0.));
#2259 = PCURVE('',#2137,#2260);
#2260 = DEFINITIONAL_REPRESENTATION('',(#2261),#2271);
#2261 = B_SPLINE_CURVE_WITH_KNOTS('',8,(#2262,#2263,#2264,#2265,#2266,
    #2267,#2268,#2269,#2270),.UNSPECIFIED.,.F.,.F.,(9,9),(1.570796326795
    ,4.712388980385),.PIECEWISE_BEZIER_KNOTS.);
#2262 = CARTESIAN_POINT('',(3.14159265359,3.577033740955));
#2263 = CARTESIAN_POINT('',(3.534291735289,3.472003912024));
#2264 = CARTESIAN_POINT('',(3.926990816987,3.366973245638));
#2265 = CARTESIAN_POINT('',(4.319689898691,3.286632585003));
#2266 = CARTESIAN_POINT('',(4.712388980385,3.25560519272));
#2267 = CARTESIAN_POINT('',(5.105088062085,3.286632585003));
#2268 = CARTESIAN_POINT('',(5.497787143782,3.366973245637));
#2269 = CARTESIAN_POINT('',(5.890486225481,3.472003912024));
#2270 = CARTESIAN_POINT('',(6.28318530718,3.577033740955));
#2271 = ( GEOMETRIC_REPRESENTATION_CONTEXT(2) 
PARAMETRIC_REPRESENTATION_CONTEXT() REPRESENTATION_CONTEXT('2D SPACE',''
  ) );
#2272 = PCURVE('',#2273,#2278);
#2273 = CYLINDRICAL_SURFACE('',#2274,4.7625);
#2274 = AXIS2_PLACEMENT_3D('',#2275,#2276,#2277);
#2275 = CARTESIAN_POINT('',(-7.097900302662,-56.35025870578,0.));
#2276 = DIRECTION('',(-0.960917321945,0.276835511425,0.));
#2277 = DIRECTION('',(-3.073491588177E-17,-1.066832535585E-16,-1.));
#2278 = DEFINITIONAL_REPRESENTATION('',(#2279),#2289);
#2279 = B_SPLINE_CURVE_WITH_KNOTS('',8,(#2280,#2281,#2282,#2283,#2284,
    #2285,#2286,#2287,#2288),.UNSPECIFIED.,.F.,.F.,(9,9),(1.570796326795
    ,4.712388980385),.PIECEWISE_BEZIER_KNOTS.);
#2280 = CARTESIAN_POINT('',(3.14159265359,-5.329070518201E-15));
#2281 = CARTESIAN_POINT('',(3.534291735289,0.105029828931));
#2282 = CARTESIAN_POINT('',(3.92699081699,0.210060495319));
#2283 = CARTESIAN_POINT('',(4.319689898665,0.290401155933));
#2284 = CARTESIAN_POINT('',(4.712388980404,0.321428548245));
#2285 = CARTESIAN_POINT('',(5.105088062059,0.290401155932));
#2286 = CARTESIAN_POINT('',(5.497787143786,0.210060495319));
#2287 = CARTESIAN_POINT('',(5.890486225481,0.105029828931));
#2288 = CARTESIAN_POINT('',(6.28318530718,-5.329070518201E-15));
#2289 = ( GEOMETRIC_REPRESENTATION_CONTEXT(2) 
PARAMETRIC_REPRESENTATION_CONTEXT() REPRESENTATION_CONTEXT('2D SPACE',''
  ) );
#2290 = ORIENTED_EDGE('',*,*,#2291,.F.);
#2291 = EDGE_CURVE('',#2292,#2251,#2294,.T.);
#2292 = VERTEX_POINT('',#2293);
#2293 = CARTESIAN_POINT('',(-8.159326069706,-61.00066884293,
    -5.832380380939E-16));
#2294 = SURFACE_CURVE('',#2295,(#2300,#2312),.PCURVE_S1.);
#2295 = ELLIPSE('',#2296,4.770004098813,4.7625);
#2296 = AXIS2_PLACEMENT_3D('',#2297,#2298,#2299);
#2297 = CARTESIAN_POINT('',(-7.097900302662,-56.35025870578,0.));
#2298 = DIRECTION('',(-0.974927912182,0.222520933956,0.));
#2299 = DIRECTION('',(-0.222520933956,-0.974927912182,0.));
#2300 = PCURVE('',#2137,#2301);
#2301 = DEFINITIONAL_REPRESENTATION('',(#2302),#2311);
#2302 = B_SPLINE_CURVE_WITH_KNOTS('',7,(#2303,#2304,#2305,#2306,#2307,
    #2308,#2309,#2310),.UNSPECIFIED.,.F.,.F.,(8,8),(0.,1.570796326795),
  .PIECEWISE_BEZIER_KNOTS.);
#2303 = CARTESIAN_POINT('',(1.570796326795,3.844490004099));
#2304 = CARTESIAN_POINT('',(1.795195802051,3.844490004099));
#2305 = CARTESIAN_POINT('',(2.019595277308,3.828777303658));
#2306 = CARTESIAN_POINT('',(2.243994752564,3.797354182159));
#2307 = CARTESIAN_POINT('',(2.468394227821,3.752149880283));
#2308 = CARTESIAN_POINT('',(2.692793703077,3.697067587457));
#2309 = CARTESIAN_POINT('',(2.917193178333,3.637050786058));
#2310 = CARTESIAN_POINT('',(3.14159265359,3.577033740955));
#2311 = ( GEOMETRIC_REPRESENTATION_CONTEXT(2) 
PARAMETRIC_REPRESENTATION_CONTEXT() REPRESENTATION_CONTEXT('2D SPACE',''
  ) );
#2312 = PCURVE('',#2273,#2313);
#2313 = DEFINITIONAL_REPRESENTATION('',(#2314),#2323);
#2314 = B_SPLINE_CURVE_WITH_KNOTS('',7,(#2315,#2316,#2317,#2318,#2319,
    #2320,#2321,#2322),.UNSPECIFIED.,.F.,.F.,(8,8),(0.,1.570796326795),
  .PIECEWISE_BEZIER_KNOTS.);
#2315 = CARTESIAN_POINT('',(1.570796326795,-0.267456263144));
#2316 = CARTESIAN_POINT('',(1.795195802051,-0.267456263144));
#2317 = CARTESIAN_POINT('',(2.019595277307,-0.251743562703));
#2318 = CARTESIAN_POINT('',(2.243994752565,-0.220320441205));
#2319 = CARTESIAN_POINT('',(2.46839422782,-0.175116139327));
#2320 = CARTESIAN_POINT('',(2.692793703077,-0.120033846502));
#2321 = CARTESIAN_POINT('',(2.917193178333,-6.001704510349E-02));
#2322 = CARTESIAN_POINT('',(3.14159265359,-5.329070518201E-15));
#2323 = ( GEOMETRIC_REPRESENTATION_CONTEXT(2) 
PARAMETRIC_REPRESENTATION_CONTEXT() REPRESENTATION_CONTEXT('2D SPACE',''
  ) );
#2324 = ORIENTED_EDGE('',*,*,#2325,.F.);
#2325 = EDGE_CURVE('',#2229,#2292,#2326,.T.);
#2326 = SURFACE_CURVE('',#2327,(#2332,#2344),.PCURVE_S1.);
#2327 = ELLIPSE('',#2328,4.770004098813,4.7625);
#2328 = AXIS2_PLACEMENT_3D('',#2329,#2330,#2331);
#2329 = CARTESIAN_POINT('',(-7.097900302662,-56.35025870578,0.));
#2330 = DIRECTION('',(-0.974927912182,0.222520933956,0.));
#2331 = DIRECTION('',(-0.222520933956,-0.974927912182,0.));
#2332 = PCURVE('',#2137,#2333);
#2333 = DEFINITIONAL_REPRESENTATION('',(#2334),#2343);
#2334 = B_SPLINE_CURVE_WITH_KNOTS('',7,(#2335,#2336,#2337,#2338,#2339,
    #2340,#2341,#2342),.UNSPECIFIED.,.F.,.F.,(8,8),(4.712388980385,
    6.28318530718),.PIECEWISE_BEZIER_KNOTS.);
#2335 = CARTESIAN_POINT('',(0.,3.577033740955));
#2336 = CARTESIAN_POINT('',(0.224399475256,3.637050786058));
#2337 = CARTESIAN_POINT('',(0.448798950513,3.697067587458));
#2338 = CARTESIAN_POINT('',(0.673198425769,3.752149880281));
#2339 = CARTESIAN_POINT('',(0.897597901026,3.797354182161));
#2340 = CARTESIAN_POINT('',(1.121997376282,3.828777303658));
#2341 = CARTESIAN_POINT('',(1.346396851538,3.844490004099));
#2342 = CARTESIAN_POINT('',(1.570796326795,3.844490004099));
#2343 = ( GEOMETRIC_REPRESENTATION_CONTEXT(2) 
PARAMETRIC_REPRESENTATION_CONTEXT() REPRESENTATION_CONTEXT('2D SPACE',''
  ) );
#2344 = PCURVE('',#2273,#2345);
#2345 = DEFINITIONAL_REPRESENTATION('',(#2346),#2355);
#2346 = B_SPLINE_CURVE_WITH_KNOTS('',7,(#2347,#2348,#2349,#2350,#2351,
    #2352,#2353,#2354),.UNSPECIFIED.,.F.,.F.,(8,8),(4.712388980385,
    6.28318530718),.PIECEWISE_BEZIER_KNOTS.);
#2347 = CARTESIAN_POINT('',(-1.7763568394E-15,-5.329070518201E-15));
#2348 = CARTESIAN_POINT('',(0.224399475256,-6.001704510349E-02));
#2349 = CARTESIAN_POINT('',(0.448798950513,-0.120033846502));
#2350 = CARTESIAN_POINT('',(0.673198425769,-0.175116139327));
#2351 = CARTESIAN_POINT('',(0.897597901026,-0.220320441205));
#2352 = CARTESIAN_POINT('',(1.121997376282,-0.251743562703));
#2353 = CARTESIAN_POINT('',(1.346396851538,-0.267456263144));
#2354 = CARTESIAN_POINT('',(1.570796326795,-0.267456263144));
#2355 = ( GEOMETRIC_REPRESENTATION_CONTEXT(2) 
PARAMETRIC_REPRESENTATION_CONTEXT() REPRESENTATION_CONTEXT('2D SPACE',''
  ) );
#2356 = ORIENTED_EDGE('',*,*,#2228,.F.);
#2357 = ORIENTED_EDGE('',*,*,#2189,.T.);
#2358 = ORIENTED_EDGE('',*,*,#2155,.T.);
#2359 = ORIENTED_EDGE('',*,*,#2114,.T.);
#2360 = ADVANCED_FACE('',(#2361),#2273,.T.);
#2361 = FACE_BOUND('',#2362,.T.);
#2362 = EDGE_LOOP('',(#2363,#2385,#2426,#2460,#2492,#2493,#2494,#2495));
#2363 = ORIENTED_EDGE('',*,*,#2364,.T.);
#2364 = EDGE_CURVE('',#2229,#2365,#2367,.T.);
#2365 = VERTEX_POINT('',#2366);
#2366 = CARTESIAN_POINT('',(-10.53513398552,-55.36000874072,-4.7625));
#2367 = SEAM_CURVE('',#2368,(#2372,#2378),.PCURVE_S1.);
#2368 = LINE('',#2369,#2370);
#2369 = CARTESIAN_POINT('',(-7.097900302662,-56.35025870578,-4.7625));
#2370 = VECTOR('',#2371,1.);
#2371 = DIRECTION('',(-0.960917321945,0.276835511425,0.));
#2372 = PCURVE('',#2273,#2373);
#2373 = DEFINITIONAL_REPRESENTATION('',(#2374),#2377);
#2374 = B_SPLINE_CURVE_WITH_KNOTS('',1,(#2375,#2376),.UNSPECIFIED.,.F.,
  .F.,(2,2),(-1.480537077276,5.057570818231),.PIECEWISE_BEZIER_KNOTS.);
#2375 = CARTESIAN_POINT('',(6.28318530718,-1.480537077276));
#2376 = CARTESIAN_POINT('',(6.28318530718,5.057570818231));
#2377 = ( GEOMETRIC_REPRESENTATION_CONTEXT(2) 
PARAMETRIC_REPRESENTATION_CONTEXT() REPRESENTATION_CONTEXT('2D SPACE',''
  ) );
#2378 = PCURVE('',#2273,#2379);
#2379 = DEFINITIONAL_REPRESENTATION('',(#2380),#2384);
#2380 = LINE('',#2381,#2382);
#2381 = CARTESIAN_POINT('',(0.,0.));
#2382 = VECTOR('',#2383,1.);
#2383 = DIRECTION('',(0.,1.));
#2384 = ( GEOMETRIC_REPRESENTATION_CONTEXT(2) 
PARAMETRIC_REPRESENTATION_CONTEXT() REPRESENTATION_CONTEXT('2D SPACE',''
  ) );
#2385 = ORIENTED_EDGE('',*,*,#2386,.F.);
#2386 = EDGE_CURVE('',#2387,#2365,#2389,.T.);
#2387 = VERTEX_POINT('',#2388);
#2388 = CARTESIAN_POINT('',(-10.53513398552,-55.36000874072,4.7625));
#2389 = SURFACE_CURVE('',#2390,(#2395,#2408),.PCURVE_S1.);
#2390 = ELLIPSE('',#2391,4.770004098813,4.7625);
#2391 = AXIS2_PLACEMENT_3D('',#2392,#2393,#2394);
#2392 = CARTESIAN_POINT('',(-10.53513398552,-55.36000874072,0.));
#2393 = DIRECTION('',(-0.943883330308,0.330279061955,0.));
#2394 = DIRECTION('',(-0.330279061955,-0.943883330308,0.));
#2395 = PCURVE('',#2273,#2396);
#2396 = DEFINITIONAL_REPRESENTATION('',(#2397),#2407);
#2397 = B_SPLINE_CURVE_WITH_KNOTS('',8,(#2398,#2399,#2400,#2401,#2402,
    #2403,#2404,#2405,#2406),.UNSPECIFIED.,.F.,.F.,(9,9),(1.570796326795
    ,4.712388980385),.PIECEWISE_BEZIER_KNOTS.);
#2398 = CARTESIAN_POINT('',(3.14159265359,3.577033740955));
#2399 = CARTESIAN_POINT('',(3.534291735289,3.472003912024));
#2400 = CARTESIAN_POINT('',(3.926990816984,3.366973245638));
#2401 = CARTESIAN_POINT('',(4.319689898683,3.286632585013));
#2402 = CARTESIAN_POINT('',(4.71238898037,3.255605192725));
#2403 = CARTESIAN_POINT('',(5.105088062084,3.286632585006));
#2404 = CARTESIAN_POINT('',(5.49778714378,3.366973245638));
#2405 = CARTESIAN_POINT('',(5.890486225481,3.472003912024));
#2406 = CARTESIAN_POINT('',(6.28318530718,3.577033740955));
#2407 = ( GEOMETRIC_REPRESENTATION_CONTEXT(2) 
PARAMETRIC_REPRESENTATION_CONTEXT() REPRESENTATION_CONTEXT('2D SPACE',''
  ) );
#2408 = PCURVE('',#2409,#2414);
#2409 = CYLINDRICAL_SURFACE('',#2410,4.7625);
#2410 = AXIS2_PLACEMENT_3D('',#2411,#2412,#2413);
#2411 = CARTESIAN_POINT('',(-10.53513398552,-55.36000874072,0.));
#2412 = DIRECTION('',(-0.923879532511,0.382683432365,0.));
#2413 = DIRECTION('',(-4.248639577543E-17,-1.025712328974E-16,-1.));
#2414 = DEFINITIONAL_REPRESENTATION('',(#2415),#2425);
#2415 = B_SPLINE_CURVE_WITH_KNOTS('',8,(#2416,#2417,#2418,#2419,#2420,
    #2421,#2422,#2423,#2424),.UNSPECIFIED.,.F.,.F.,(9,9),(1.570796326795
    ,4.712388980385),.PIECEWISE_BEZIER_KNOTS.);
#2416 = CARTESIAN_POINT('',(3.14159265359,-1.012523398458E-13));
#2417 = CARTESIAN_POINT('',(3.534291735289,0.105029828931));
#2418 = CARTESIAN_POINT('',(3.926990816987,0.210060495319));
#2419 = CARTESIAN_POINT('',(4.319689898693,0.290401155932));
#2420 = CARTESIAN_POINT('',(4.712388980384,0.321428548244));
#2421 = CARTESIAN_POINT('',(5.105088062088,0.290401155932));
#2422 = CARTESIAN_POINT('',(5.497787143782,0.210060495319));
#2423 = CARTESIAN_POINT('',(5.890486225481,0.105029828931));
#2424 = CARTESIAN_POINT('',(6.28318530718,-1.012523398458E-13));
#2425 = ( GEOMETRIC_REPRESENTATION_CONTEXT(2) 
PARAMETRIC_REPRESENTATION_CONTEXT() REPRESENTATION_CONTEXT('2D SPACE',''
  ) );
#2426 = ORIENTED_EDGE('',*,*,#2427,.F.);
#2427 = EDGE_CURVE('',#2428,#2387,#2430,.T.);
#2428 = VERTEX_POINT('',#2429);
#2429 = CARTESIAN_POINT('',(-12.1105664648,-59.86233609509,
    -5.832380380939E-16));
#2430 = SURFACE_CURVE('',#2431,(#2436,#2448),.PCURVE_S1.);
#2431 = ELLIPSE('',#2432,4.770004098813,4.7625);
#2432 = AXIS2_PLACEMENT_3D('',#2433,#2434,#2435);
#2433 = CARTESIAN_POINT('',(-10.53513398552,-55.36000874072,0.));
#2434 = DIRECTION('',(-0.943883330308,0.330279061955,0.));
#2435 = DIRECTION('',(-0.330279061955,-0.943883330308,0.));
#2436 = PCURVE('',#2273,#2437);
#2437 = DEFINITIONAL_REPRESENTATION('',(#2438),#2447);
#2438 = B_SPLINE_CURVE_WITH_KNOTS('',7,(#2439,#2440,#2441,#2442,#2443,
    #2444,#2445,#2446),.UNSPECIFIED.,.F.,.F.,(8,8),(0.,1.570796326795),
  .PIECEWISE_BEZIER_KNOTS.);
#2439 = CARTESIAN_POINT('',(1.570796326795,3.844490004099));
#2440 = CARTESIAN_POINT('',(1.795195802051,3.844490004099));
#2441 = CARTESIAN_POINT('',(2.019595277308,3.828777303657));
#2442 = CARTESIAN_POINT('',(2.243994752564,3.797354182162));
#2443 = CARTESIAN_POINT('',(2.468394227821,3.75214988028));
#2444 = CARTESIAN_POINT('',(2.692793703077,3.697067587458));
#2445 = CARTESIAN_POINT('',(2.917193178333,3.637050786058));
#2446 = CARTESIAN_POINT('',(3.14159265359,3.577033740955));
#2447 = ( GEOMETRIC_REPRESENTATION_CONTEXT(2) 
PARAMETRIC_REPRESENTATION_CONTEXT() REPRESENTATION_CONTEXT('2D SPACE',''
  ) );
#2448 = PCURVE('',#2409,#2449);
#2449 = DEFINITIONAL_REPRESENTATION('',(#2450),#2459);
#2450 = B_SPLINE_CURVE_WITH_KNOTS('',7,(#2451,#2452,#2453,#2454,#2455,
    #2456,#2457,#2458),.UNSPECIFIED.,.F.,.F.,(8,8),(0.,1.570796326795),
  .PIECEWISE_BEZIER_KNOTS.);
#2451 = CARTESIAN_POINT('',(1.570796326795,-0.267456263144));
#2452 = CARTESIAN_POINT('',(1.795195802051,-0.267456263144));
#2453 = CARTESIAN_POINT('',(2.019595277307,-0.251743562703));
#2454 = CARTESIAN_POINT('',(2.243994752566,-0.220320441205));
#2455 = CARTESIAN_POINT('',(2.468394227819,-0.175116139327));
#2456 = CARTESIAN_POINT('',(2.692793703077,-0.120033846503));
#2457 = CARTESIAN_POINT('',(2.917193178333,-6.001704510359E-02));
#2458 = CARTESIAN_POINT('',(3.14159265359,-1.012523398458E-13));
#2459 = ( GEOMETRIC_REPRESENTATION_CONTEXT(2) 
PARAMETRIC_REPRESENTATION_CONTEXT() REPRESENTATION_CONTEXT('2D SPACE',''
  ) );
#2460 = ORIENTED_EDGE('',*,*,#2461,.F.);
#2461 = EDGE_CURVE('',#2365,#2428,#2462,.T.);
#2462 = SURFACE_CURVE('',#2463,(#2468,#2480),.PCURVE_S1.);
#2463 = ELLIPSE('',#2464,4.770004098813,4.7625);
#2464 = AXIS2_PLACEMENT_3D('',#2465,#2466,#2467);
#2465 = CARTESIAN_POINT('',(-10.53513398552,-55.36000874072,0.));
#2466 = DIRECTION('',(-0.943883330308,0.330279061955,0.));
#2467 = DIRECTION('',(-0.330279061955,-0.943883330308,0.));
#2468 = PCURVE('',#2273,#2469);
#2469 = DEFINITIONAL_REPRESENTATION('',(#2470),#2479);
#2470 = B_SPLINE_CURVE_WITH_KNOTS('',7,(#2471,#2472,#2473,#2474,#2475,
    #2476,#2477,#2478),.UNSPECIFIED.,.F.,.F.,(8,8),(4.712388980385,
    6.28318530718),.PIECEWISE_BEZIER_KNOTS.);
#2471 = CARTESIAN_POINT('',(-2.6645352591E-15,3.577033740955));
#2472 = CARTESIAN_POINT('',(0.224399475256,3.637050786058));
#2473 = CARTESIAN_POINT('',(0.448798950513,3.697067587458));
#2474 = CARTESIAN_POINT('',(0.673198425769,3.752149880281));
#2475 = CARTESIAN_POINT('',(0.897597901026,3.797354182161));
#2476 = CARTESIAN_POINT('',(1.121997376282,3.828777303657));
#2477 = CARTESIAN_POINT('',(1.346396851538,3.844490004099));
#2478 = CARTESIAN_POINT('',(1.570796326795,3.844490004099));
#2479 = ( GEOMETRIC_REPRESENTATION_CONTEXT(2) 
PARAMETRIC_REPRESENTATION_CONTEXT() REPRESENTATION_CONTEXT('2D SPACE',''
  ) );
#2480 = PCURVE('',#2409,#2481);
#2481 = DEFINITIONAL_REPRESENTATION('',(#2482),#2491);
#2482 = B_SPLINE_CURVE_WITH_KNOTS('',7,(#2483,#2484,#2485,#2486,#2487,
    #2488,#2489,#2490),.UNSPECIFIED.,.F.,.F.,(8,8),(4.712388980385,
    6.28318530718),.PIECEWISE_BEZIER_KNOTS.);
#2483 = CARTESIAN_POINT('',(0.,-1.012523398458E-13));
#2484 = CARTESIAN_POINT('',(0.224399475256,-6.001704510359E-02));
#2485 = CARTESIAN_POINT('',(0.448798950513,-0.120033846503));
#2486 = CARTESIAN_POINT('',(0.673198425769,-0.175116139327));
#2487 = CARTESIAN_POINT('',(0.897597901026,-0.220320441205));
#2488 = CARTESIAN_POINT('',(1.121997376282,-0.251743562703));
#2489 = CARTESIAN_POINT('',(1.346396851538,-0.267456263144));
#2490 = CARTESIAN_POINT('',(1.570796326795,-0.267456263144));
#2491 = ( GEOMETRIC_REPRESENTATION_CONTEXT(2) 
PARAMETRIC_REPRESENTATION_CONTEXT() REPRESENTATION_CONTEXT('2D SPACE',''
  ) );
#2492 = ORIENTED_EDGE('',*,*,#2364,.F.);
#2493 = ORIENTED_EDGE('',*,*,#2325,.T.);
#2494 = ORIENTED_EDGE('',*,*,#2291,.T.);
#2495 = ORIENTED_EDGE('',*,*,#2250,.T.);
#2496 = ADVANCED_FACE('',(#2497),#2409,.T.);
#2497 = FACE_BOUND('',#2498,.T.);
#2498 = EDGE_LOOP('',(#2499,#2521,#2562,#2596,#2628,#2629,#2630,#2631));
#2499 = ORIENTED_EDGE('',*,*,#2500,.T.);
#2500 = EDGE_CURVE('',#2365,#2501,#2503,.T.);
#2501 = VERTEX_POINT('',#2502);
#2502 = CARTESIAN_POINT('',(-13.83988224589,-53.99113719104,-4.7625));
#2503 = SEAM_CURVE('',#2504,(#2508,#2514),.PCURVE_S1.);
#2504 = LINE('',#2505,#2506);
#2505 = CARTESIAN_POINT('',(-10.53513398552,-55.36000874072,-4.7625));
#2506 = VECTOR('',#2507,1.);
#2507 = DIRECTION('',(-0.923879532511,0.382683432365,0.));
#2508 = PCURVE('',#2409,#2509);
#2509 = DEFINITIONAL_REPRESENTATION('',(#2510),#2513);
#2510 = B_SPLINE_CURVE_WITH_KNOTS('',1,(#2511,#2512),.UNSPECIFIED.,.F.,
  .F.,(2,2),(-1.480537077276,5.057570818231),.PIECEWISE_BEZIER_KNOTS.);
#2511 = CARTESIAN_POINT('',(6.28318530718,-1.480537077276));
#2512 = CARTESIAN_POINT('',(6.28318530718,5.057570818231));
#2513 = ( GEOMETRIC_REPRESENTATION_CONTEXT(2) 
PARAMETRIC_REPRESENTATION_CONTEXT() REPRESENTATION_CONTEXT('2D SPACE',''
  ) );
#2514 = PCURVE('',#2409,#2515);
#2515 = DEFINITIONAL_REPRESENTATION('',(#2516),#2520);
#2516 = LINE('',#2517,#2518);
#2517 = CARTESIAN_POINT('',(0.,0.));
#2518 = VECTOR('',#2519,1.);
#2519 = DIRECTION('',(0.,1.));
#2520 = ( GEOMETRIC_REPRESENTATION_CONTEXT(2) 
PARAMETRIC_REPRESENTATION_CONTEXT() REPRESENTATION_CONTEXT('2D SPACE',''
  ) );
#2521 = ORIENTED_EDGE('',*,*,#2522,.F.);
#2522 = EDGE_CURVE('',#2523,#2501,#2525,.T.);
#2523 = VERTEX_POINT('',#2524);
#2524 = CARTESIAN_POINT('',(-13.83988224589,-53.99113719104,4.7625));
#2525 = SURFACE_CURVE('',#2526,(#2531,#2544),.PCURVE_S1.);
#2526 = ELLIPSE('',#2527,4.770004098813,4.7625);
#2527 = AXIS2_PLACEMENT_3D('',#2528,#2529,#2530);
#2528 = CARTESIAN_POINT('',(-13.83988224589,-53.99113719104,0.));
#2529 = DIRECTION('',(-0.900968867902,0.433883739118,0.));
#2530 = DIRECTION('',(-0.433883739118,-0.900968867902,0.));
#2531 = PCURVE('',#2409,#2532);
#2532 = DEFINITIONAL_REPRESENTATION('',(#2533),#2543);
#2533 = B_SPLINE_CURVE_WITH_KNOTS('',8,(#2534,#2535,#2536,#2537,#2538,
    #2539,#2540,#2541,#2542),.UNSPECIFIED.,.F.,.F.,(9,9),(1.570796326795
    ,4.712388980385),.PIECEWISE_BEZIER_KNOTS.);
#2534 = CARTESIAN_POINT('',(3.14159265359,3.577033740955));
#2535 = CARTESIAN_POINT('',(3.534291735289,3.472003912024));
#2536 = CARTESIAN_POINT('',(3.926990816986,3.366973245632));
#2537 = CARTESIAN_POINT('',(4.319689898696,3.286632585026));
#2538 = CARTESIAN_POINT('',(4.71238898038,3.255605192695));
#2539 = CARTESIAN_POINT('',(5.105088062091,3.286632585026));
#2540 = CARTESIAN_POINT('',(5.497787143781,3.366973245632));
#2541 = CARTESIAN_POINT('',(5.890486225481,3.472003912024));
#2542 = CARTESIAN_POINT('',(6.28318530718,3.577033740955));
#2543 = ( GEOMETRIC_REPRESENTATION_CONTEXT(2) 
PARAMETRIC_REPRESENTATION_CONTEXT() REPRESENTATION_CONTEXT('2D SPACE',''
  ) );
#2544 = PCURVE('',#2545,#2550);
#2545 = CYLINDRICAL_SURFACE('',#2546,4.7625);
#2546 = AXIS2_PLACEMENT_3D('',#2547,#2548,#2549);
#2547 = CARTESIAN_POINT('',(-13.83988224589,-53.99113719104,0.));
#2548 = DIRECTION('',(-0.875223421909,0.483718887105,0.));
#2549 = DIRECTION('',(-5.370358459103E-17,-9.716931946943E-17,-1.));
#2550 = DEFINITIONAL_REPRESENTATION('',(#2551),#2561);
#2551 = B_SPLINE_CURVE_WITH_KNOTS('',8,(#2552,#2553,#2554,#2555,#2556,
    #2557,#2558,#2559,#2560),.UNSPECIFIED.,.F.,.F.,(9,9),(1.570796326795
    ,4.712388980385),.PIECEWISE_BEZIER_KNOTS.);
#2552 = CARTESIAN_POINT('',(3.14159265359,1.24344978758E-14));
#2553 = CARTESIAN_POINT('',(3.534291735289,0.105029828931));
#2554 = CARTESIAN_POINT('',(3.926990816986,0.210060495319));
#2555 = CARTESIAN_POINT('',(4.319689898694,0.290401155932));
#2556 = CARTESIAN_POINT('',(4.712388980376,0.321428548244));
#2557 = CARTESIAN_POINT('',(5.105088062091,0.290401155933));
#2558 = CARTESIAN_POINT('',(5.497787143781,0.210060495319));
#2559 = CARTESIAN_POINT('',(5.890486225481,0.105029828931));
#2560 = CARTESIAN_POINT('',(6.28318530718,1.24344978758E-14));
#2561 = ( GEOMETRIC_REPRESENTATION_CONTEXT(2) 
PARAMETRIC_REPRESENTATION_CONTEXT() REPRESENTATION_CONTEXT('2D SPACE',''
  ) );
#2562 = ORIENTED_EDGE('',*,*,#2563,.F.);
#2563 = EDGE_CURVE('',#2564,#2523,#2566,.T.);
#2564 = VERTEX_POINT('',#2565);
#2565 = CARTESIAN_POINT('',(-15.90950945989,-58.28876238384,
    -5.832380380939E-16));
#2566 = SURFACE_CURVE('',#2567,(#2572,#2584),.PCURVE_S1.);
#2567 = ELLIPSE('',#2568,4.770004098813,4.7625);
#2568 = AXIS2_PLACEMENT_3D('',#2569,#2570,#2571);
#2569 = CARTESIAN_POINT('',(-13.83988224589,-53.99113719104,0.));
#2570 = DIRECTION('',(-0.900968867902,0.433883739118,0.));
#2571 = DIRECTION('',(-0.433883739118,-0.900968867902,0.));
#2572 = PCURVE('',#2409,#2573);
#2573 = DEFINITIONAL_REPRESENTATION('',(#2574),#2583);
#2574 = B_SPLINE_CURVE_WITH_KNOTS('',7,(#2575,#2576,#2577,#2578,#2579,
    #2580,#2581,#2582),.UNSPECIFIED.,.F.,.F.,(8,8),(0.,1.570796326795),
  .PIECEWISE_BEZIER_KNOTS.);
#2575 = CARTESIAN_POINT('',(1.570796326795,3.844490004099));
#2576 = CARTESIAN_POINT('',(1.795195802051,3.844490004099));
#2577 = CARTESIAN_POINT('',(2.019595277307,3.828777303659));
#2578 = CARTESIAN_POINT('',(2.243994752566,3.797354182157));
#2579 = CARTESIAN_POINT('',(2.468394227819,3.752149880285));
#2580 = CARTESIAN_POINT('',(2.692793703077,3.697067587457));
#2581 = CARTESIAN_POINT('',(2.917193178333,3.637050786058));
#2582 = CARTESIAN_POINT('',(3.14159265359,3.577033740955));
#2583 = ( GEOMETRIC_REPRESENTATION_CONTEXT(2) 
PARAMETRIC_REPRESENTATION_CONTEXT() REPRESENTATION_CONTEXT('2D SPACE',''
  ) );
#2584 = PCURVE('',#2545,#2585);
#2585 = DEFINITIONAL_REPRESENTATION('',(#2586),#2595);
#2586 = B_SPLINE_CURVE_WITH_KNOTS('',7,(#2587,#2588,#2589,#2590,#2591,
    #2592,#2593,#2594),.UNSPECIFIED.,.F.,.F.,(8,8),(0.,1.570796326795),
  .PIECEWISE_BEZIER_KNOTS.);
#2587 = CARTESIAN_POINT('',(1.570796326795,-0.267456263144));
#2588 = CARTESIAN_POINT('',(1.795195802051,-0.267456263144));
#2589 = CARTESIAN_POINT('',(2.019595277308,-0.251743562703));
#2590 = CARTESIAN_POINT('',(2.243994752565,-0.220320441205));
#2591 = CARTESIAN_POINT('',(2.46839422782,-0.175116139327));
#2592 = CARTESIAN_POINT('',(2.692793703077,-0.120033846502));
#2593 = CARTESIAN_POINT('',(2.917193178333,-6.001704510347E-02));
#2594 = CARTESIAN_POINT('',(3.14159265359,1.24344978758E-14));
#2595 = ( GEOMETRIC_REPRESENTATION_CONTEXT(2) 
PARAMETRIC_REPRESENTATION_CONTEXT() REPRESENTATION_CONTEXT('2D SPACE',''
  ) );
#2596 = ORIENTED_EDGE('',*,*,#2597,.F.);
#2597 = EDGE_CURVE('',#2501,#2564,#2598,.T.);
#2598 = SURFACE_CURVE('',#2599,(#2604,#2616),.PCURVE_S1.);
#2599 = ELLIPSE('',#2600,4.770004098813,4.7625);
#2600 = AXIS2_PLACEMENT_3D('',#2601,#2602,#2603);
#2601 = CARTESIAN_POINT('',(-13.83988224589,-53.99113719104,0.));
#2602 = DIRECTION('',(-0.900968867902,0.433883739118,0.));
#2603 = DIRECTION('',(-0.433883739118,-0.900968867902,0.));
#2604 = PCURVE('',#2409,#2605);
#2605 = DEFINITIONAL_REPRESENTATION('',(#2606),#2615);
#2606 = B_SPLINE_CURVE_WITH_KNOTS('',7,(#2607,#2608,#2609,#2610,#2611,
    #2612,#2613,#2614),.UNSPECIFIED.,.F.,.F.,(8,8),(4.712388980385,
    6.28318530718),.PIECEWISE_BEZIER_KNOTS.);
#2607 = CARTESIAN_POINT('',(1.49195325094E-15,3.577033740955));
#2608 = CARTESIAN_POINT('',(0.224399475256,3.637050786058));
#2609 = CARTESIAN_POINT('',(0.448798950513,3.697067587457));
#2610 = CARTESIAN_POINT('',(0.673198425769,3.752149880282));
#2611 = CARTESIAN_POINT('',(0.897597901026,3.79735418216));
#2612 = CARTESIAN_POINT('',(1.121997376282,3.828777303658));
#2613 = CARTESIAN_POINT('',(1.346396851538,3.844490004099));
#2614 = CARTESIAN_POINT('',(1.570796326795,3.844490004099));
#2615 = ( GEOMETRIC_REPRESENTATION_CONTEXT(2) 
PARAMETRIC_REPRESENTATION_CONTEXT() REPRESENTATION_CONTEXT('2D SPACE',''
  ) );
#2616 = PCURVE('',#2545,#2617);
#2617 = DEFINITIONAL_REPRESENTATION('',(#2618),#2627);
#2618 = B_SPLINE_CURVE_WITH_KNOTS('',7,(#2619,#2620,#2621,#2622,#2623,
    #2624,#2625,#2626),.UNSPECIFIED.,.F.,.F.,(8,8),(4.712388980385,
    6.28318530718),.PIECEWISE_BEZIER_KNOTS.);
#2619 = CARTESIAN_POINT('',(0.,1.24344978758E-14));
#2620 = CARTESIAN_POINT('',(0.224399475256,-6.001704510347E-02));
#2621 = CARTESIAN_POINT('',(0.448798950513,-0.120033846502));
#2622 = CARTESIAN_POINT('',(0.673198425769,-0.175116139327));
#2623 = CARTESIAN_POINT('',(0.897597901025,-0.220320441205));
#2624 = CARTESIAN_POINT('',(1.121997376282,-0.251743562703));
#2625 = CARTESIAN_POINT('',(1.346396851538,-0.267456263144));
#2626 = CARTESIAN_POINT('',(1.570796326795,-0.267456263144));
#2627 = ( GEOMETRIC_REPRESENTATION_CONTEXT(2) 
PARAMETRIC_REPRESENTATION_CONTEXT() REPRESENTATION_CONTEXT('2D SPACE',''
  ) );
#2628 = ORIENTED_EDGE('',*,*,#2500,.F.);
#2629 = ORIENTED_EDGE('',*,*,#2461,.T.);
#2630 = ORIENTED_EDGE('',*,*,#2427,.T.);
#2631 = ORIENTED_EDGE('',*,*,#2386,.T.);
#2632 = ADVANCED_FACE('',(#2633),#2545,.T.);
#2633 = FACE_BOUND('',#2634,.T.);
#2634 = EDGE_LOOP('',(#2635,#2657,#2698,#2732,#2764,#2765,#2766,#2767));
#2635 = ORIENTED_EDGE('',*,*,#2636,.T.);
#2636 = EDGE_CURVE('',#2501,#2637,#2639,.T.);
#2637 = VERTEX_POINT('',#2638);
#2638 = CARTESIAN_POINT('',(-16.97058595694,-52.26085841073,-4.7625));
#2639 = SEAM_CURVE('',#2640,(#2644,#2650),.PCURVE_S1.);
#2640 = LINE('',#2641,#2642);
#2641 = CARTESIAN_POINT('',(-13.83988224589,-53.99113719104,-4.7625));
#2642 = VECTOR('',#2643,1.);
#2643 = DIRECTION('',(-0.875223421909,0.483718887105,0.));
#2644 = PCURVE('',#2545,#2645);
#2645 = DEFINITIONAL_REPRESENTATION('',(#2646),#2649);
#2646 = B_SPLINE_CURVE_WITH_KNOTS('',1,(#2647,#2648),.UNSPECIFIED.,.F.,
  .F.,(2,2),(-1.480537077276,5.057570818231),.PIECEWISE_BEZIER_KNOTS.);
#2647 = CARTESIAN_POINT('',(6.28318530718,-1.480537077276));
#2648 = CARTESIAN_POINT('',(6.28318530718,5.057570818231));
#2649 = ( GEOMETRIC_REPRESENTATION_CONTEXT(2) 
PARAMETRIC_REPRESENTATION_CONTEXT() REPRESENTATION_CONTEXT('2D SPACE',''
  ) );
#2650 = PCURVE('',#2545,#2651);
#2651 = DEFINITIONAL_REPRESENTATION('',(#2652),#2656);
#2652 = LINE('',#2653,#2654);
#2653 = CARTESIAN_POINT('',(0.,0.));
#2654 = VECTOR('',#2655,1.);
#2655 = DIRECTION('',(0.,1.));
#2656 = ( GEOMETRIC_REPRESENTATION_CONTEXT(2) 
PARAMETRIC_REPRESENTATION_CONTEXT() REPRESENTATION_CONTEXT('2D SPACE',''
  ) );
#2657 = ORIENTED_EDGE('',*,*,#2658,.F.);
#2658 = EDGE_CURVE('',#2659,#2637,#2661,.T.);
#2659 = VERTEX_POINT('',#2660);
#2660 = CARTESIAN_POINT('',(-16.97058595694,-52.26085841073,4.7625));
#2661 = SURFACE_CURVE('',#2662,(#2667,#2680),.PCURVE_S1.);
#2662 = ELLIPSE('',#2663,4.770004098813,4.7625);
#2663 = AXIS2_PLACEMENT_3D('',#2664,#2665,#2666);
#2664 = CARTESIAN_POINT('',(-16.97058595694,-52.26085841073,0.));
#2665 = DIRECTION('',(-0.846724199228,0.532032076515,0.));
#2666 = DIRECTION('',(-0.532032076515,-0.846724199228,0.));
#2667 = PCURVE('',#2545,#2668);
#2668 = DEFINITIONAL_REPRESENTATION('',(#2669),#2679);
#2669 = B_SPLINE_CURVE_WITH_KNOTS('',8,(#2670,#2671,#2672,#2673,#2674,
    #2675,#2676,#2677,#2678),.UNSPECIFIED.,.F.,.F.,(9,9),(1.570796326795
    ,4.712388980385),.PIECEWISE_BEZIER_KNOTS.);
#2670 = CARTESIAN_POINT('',(3.14159265359,3.577033740955));
#2671 = CARTESIAN_POINT('',(3.534291735289,3.472003912024));
#2672 = CARTESIAN_POINT('',(3.926990816987,3.366973245638));
#2673 = CARTESIAN_POINT('',(4.31968989869,3.28663258501));
#2674 = CARTESIAN_POINT('',(4.712388980384,3.255605192723));
#2675 = CARTESIAN_POINT('',(5.105088062088,3.28663258501));
#2676 = CARTESIAN_POINT('',(5.497787143782,3.366973245638));
#2677 = CARTESIAN_POINT('',(5.890486225481,3.472003912024));
#2678 = CARTESIAN_POINT('',(6.28318530718,3.577033740955));
#2679 = ( GEOMETRIC_REPRESENTATION_CONTEXT(2) 
PARAMETRIC_REPRESENTATION_CONTEXT() REPRESENTATION_CONTEXT('2D SPACE',''
  ) );
#2680 = PCURVE('',#2681,#2686);
#2681 = CYLINDRICAL_SURFACE('',#2682,4.7625);
#2682 = AXIS2_PLACEMENT_3D('',#2683,#2684,#2685);
#2683 = CARTESIAN_POINT('',(-16.97058595694,-52.26085841073,0.));
#2684 = DIRECTION('',(-0.815560868959,0.57867129618,0.));
#2685 = DIRECTION('',(-6.424541967085E-17,-9.054544547019E-17,-1.));
#2686 = DEFINITIONAL_REPRESENTATION('',(#2687),#2697);
#2687 = B_SPLINE_CURVE_WITH_KNOTS('',8,(#2688,#2689,#2690,#2691,#2692,
    #2693,#2694,#2695,#2696),.UNSPECIFIED.,.F.,.F.,(9,9),(1.570796326795
    ,4.712388980385),.PIECEWISE_BEZIER_KNOTS.);
#2688 = CARTESIAN_POINT('',(3.14159265359,9.592326932761E-14));
#2689 = CARTESIAN_POINT('',(3.534291735289,0.105029828931));
#2690 = CARTESIAN_POINT('',(3.926990816987,0.210060495319));
#2691 = CARTESIAN_POINT('',(4.319689898693,0.290401155932));
#2692 = CARTESIAN_POINT('',(4.712388980385,0.321428548245));
#2693 = CARTESIAN_POINT('',(5.105088062089,0.290401155932));
#2694 = CARTESIAN_POINT('',(5.497787143781,0.210060495319));
#2695 = CARTESIAN_POINT('',(5.890486225481,0.105029828931));
#2696 = CARTESIAN_POINT('',(6.28318530718,9.592326932761E-14));
#2697 = ( GEOMETRIC_REPRESENTATION_CONTEXT(2) 
PARAMETRIC_REPRESENTATION_CONTEXT() REPRESENTATION_CONTEXT('2D SPACE',''
  ) );
#2698 = ORIENTED_EDGE('',*,*,#2699,.F.);
#2699 = EDGE_CURVE('',#2700,#2659,#2702,.T.);
#2700 = VERTEX_POINT('',#2701);
#2701 = CARTESIAN_POINT('',(-19.50838114261,-56.29973631161,
    -5.832380380939E-16));
#2702 = SURFACE_CURVE('',#2703,(#2708,#2720),.PCURVE_S1.);
#2703 = ELLIPSE('',#2704,4.770004098813,4.7625);
#2704 = AXIS2_PLACEMENT_3D('',#2705,#2706,#2707);
#2705 = CARTESIAN_POINT('',(-16.97058595694,-52.26085841073,0.));
#2706 = DIRECTION('',(-0.846724199228,0.532032076515,0.));
#2707 = DIRECTION('',(-0.532032076515,-0.846724199228,0.));
#2708 = PCURVE('',#2545,#2709);
#2709 = DEFINITIONAL_REPRESENTATION('',(#2710),#2719);
#2710 = B_SPLINE_CURVE_WITH_KNOTS('',7,(#2711,#2712,#2713,#2714,#2715,
    #2716,#2717,#2718),.UNSPECIFIED.,.F.,.F.,(8,8),(0.,1.570796326795),
  .PIECEWISE_BEZIER_KNOTS.);
#2711 = CARTESIAN_POINT('',(1.570796326795,3.844490004099));
#2712 = CARTESIAN_POINT('',(1.795195802051,3.844490004099));
#2713 = CARTESIAN_POINT('',(2.019595277308,3.828777303658));
#2714 = CARTESIAN_POINT('',(2.243994752564,3.79735418216));
#2715 = CARTESIAN_POINT('',(2.468394227821,3.752149880282));
#2716 = CARTESIAN_POINT('',(2.692793703077,3.697067587457));
#2717 = CARTESIAN_POINT('',(2.917193178333,3.637050786059));
#2718 = CARTESIAN_POINT('',(3.14159265359,3.577033740955));
#2719 = ( GEOMETRIC_REPRESENTATION_CONTEXT(2) 
PARAMETRIC_REPRESENTATION_CONTEXT() REPRESENTATION_CONTEXT('2D SPACE',''
  ) );
#2720 = PCURVE('',#2681,#2721);
#2721 = DEFINITIONAL_REPRESENTATION('',(#2722),#2731);
#2722 = B_SPLINE_CURVE_WITH_KNOTS('',7,(#2723,#2724,#2725,#2726,#2727,
    #2728,#2729,#2730),.UNSPECIFIED.,.F.,.F.,(8,8),(0.,1.570796326795),
  .PIECEWISE_BEZIER_KNOTS.);
#2723 = CARTESIAN_POINT('',(1.570796326795,-0.267456263144));
#2724 = CARTESIAN_POINT('',(1.795195802051,-0.267456263144));
#2725 = CARTESIAN_POINT('',(2.019595277308,-0.251743562703));
#2726 = CARTESIAN_POINT('',(2.243994752564,-0.220320441205));
#2727 = CARTESIAN_POINT('',(2.468394227821,-0.175116139327));
#2728 = CARTESIAN_POINT('',(2.692793703077,-0.120033846502));
#2729 = CARTESIAN_POINT('',(2.917193178333,-6.001704510339E-02));
#2730 = CARTESIAN_POINT('',(3.14159265359,9.592326932761E-14));
#2731 = ( GEOMETRIC_REPRESENTATION_CONTEXT(2) 
PARAMETRIC_REPRESENTATION_CONTEXT() REPRESENTATION_CONTEXT('2D SPACE',''
  ) );
#2732 = ORIENTED_EDGE('',*,*,#2733,.F.);
#2733 = EDGE_CURVE('',#2637,#2700,#2734,.T.);
#2734 = SURFACE_CURVE('',#2735,(#2740,#2752),.PCURVE_S1.);
#2735 = ELLIPSE('',#2736,4.770004098813,4.7625);
#2736 = AXIS2_PLACEMENT_3D('',#2737,#2738,#2739);
#2737 = CARTESIAN_POINT('',(-16.97058595694,-52.26085841073,0.));
#2738 = DIRECTION('',(-0.846724199228,0.532032076515,0.));
#2739 = DIRECTION('',(-0.532032076515,-0.846724199228,0.));
#2740 = PCURVE('',#2545,#2741);
#2741 = DEFINITIONAL_REPRESENTATION('',(#2742),#2751);
#2742 = B_SPLINE_CURVE_WITH_KNOTS('',7,(#2743,#2744,#2745,#2746,#2747,
    #2748,#2749,#2750),.UNSPECIFIED.,.F.,.F.,(8,8),(4.712388980385,
    6.28318530718),.PIECEWISE_BEZIER_KNOTS.);
#2743 = CARTESIAN_POINT('',(0.,3.577033740955));
#2744 = CARTESIAN_POINT('',(0.224399475256,3.637050786059));
#2745 = CARTESIAN_POINT('',(0.448798950513,3.697067587458));
#2746 = CARTESIAN_POINT('',(0.673198425769,3.752149880282));
#2747 = CARTESIAN_POINT('',(0.897597901026,3.79735418216));
#2748 = CARTESIAN_POINT('',(1.121997376282,3.828777303658));
#2749 = CARTESIAN_POINT('',(1.346396851538,3.844490004099));
#2750 = CARTESIAN_POINT('',(1.570796326795,3.844490004099));
#2751 = ( GEOMETRIC_REPRESENTATION_CONTEXT(2) 
PARAMETRIC_REPRESENTATION_CONTEXT() REPRESENTATION_CONTEXT('2D SPACE',''
  ) );
#2752 = PCURVE('',#2681,#2753);
#2753 = DEFINITIONAL_REPRESENTATION('',(#2754),#2763);
#2754 = B_SPLINE_CURVE_WITH_KNOTS('',7,(#2755,#2756,#2757,#2758,#2759,
    #2760,#2761,#2762),.UNSPECIFIED.,.F.,.F.,(8,8),(4.712388980385,
    6.28318530718),.PIECEWISE_BEZIER_KNOTS.);
#2755 = CARTESIAN_POINT('',(0.,9.592326932761E-14));
#2756 = CARTESIAN_POINT('',(0.224399475256,-6.001704510339E-02));
#2757 = CARTESIAN_POINT('',(0.448798950513,-0.120033846502));
#2758 = CARTESIAN_POINT('',(0.67319842577,-0.175116139327));
#2759 = CARTESIAN_POINT('',(0.897597901025,-0.220320441205));
#2760 = CARTESIAN_POINT('',(1.121997376282,-0.251743562703));
#2761 = CARTESIAN_POINT('',(1.346396851538,-0.267456263144));
#2762 = CARTESIAN_POINT('',(1.570796326795,-0.267456263144));
#2763 = ( GEOMETRIC_REPRESENTATION_CONTEXT(2) 
PARAMETRIC_REPRESENTATION_CONTEXT() REPRESENTATION_CONTEXT('2D SPACE',''
  ) );
#2764 = ORIENTED_EDGE('',*,*,#2636,.F.);
#2765 = ORIENTED_EDGE('',*,*,#2597,.T.);
#2766 = ORIENTED_EDGE('',*,*,#2563,.T.);
#2767 = ORIENTED_EDGE('',*,*,#2522,.T.);
#2768 = ADVANCED_FACE('',(#2769),#2681,.T.);
#2769 = FACE_BOUND('',#2770,.T.);
#2770 = EDGE_LOOP('',(#2771,#2793,#2834,#2868,#2900,#2901,#2902,#2903));
#2771 = ORIENTED_EDGE('',*,*,#2772,.T.);
#2772 = EDGE_CURVE('',#2637,#2773,#2775,.T.);
#2773 = VERTEX_POINT('',#2774);
#2774 = CARTESIAN_POINT('',(-19.88787470301,-50.19093165937,-4.7625));
#2775 = SEAM_CURVE('',#2776,(#2780,#2786),.PCURVE_S1.);
#2776 = LINE('',#2777,#2778);
#2777 = CARTESIAN_POINT('',(-16.97058595694,-52.26085841073,-4.7625));
#2778 = VECTOR('',#2779,1.);
#2779 = DIRECTION('',(-0.815560868959,0.57867129618,0.));
#2780 = PCURVE('',#2681,#2781);
#2781 = DEFINITIONAL_REPRESENTATION('',(#2782),#2785);
#2782 = B_SPLINE_CURVE_WITH_KNOTS('',1,(#2783,#2784),.UNSPECIFIED.,.F.,
  .F.,(2,2),(-1.480537077276,5.057570818231),.PIECEWISE_BEZIER_KNOTS.);
#2783 = CARTESIAN_POINT('',(6.28318530718,-1.480537077276));
#2784 = CARTESIAN_POINT('',(6.28318530718,5.057570818231));
#2785 = ( GEOMETRIC_REPRESENTATION_CONTEXT(2) 
PARAMETRIC_REPRESENTATION_CONTEXT() REPRESENTATION_CONTEXT('2D SPACE',''
  ) );
#2786 = PCURVE('',#2681,#2787);
#2787 = DEFINITIONAL_REPRESENTATION('',(#2788),#2792);
#2788 = LINE('',#2789,#2790);
#2789 = CARTESIAN_POINT('',(0.,0.));
#2790 = VECTOR('',#2791,1.);
#2791 = DIRECTION('',(0.,1.));
#2792 = ( GEOMETRIC_REPRESENTATION_CONTEXT(2) 
PARAMETRIC_REPRESENTATION_CONTEXT() REPRESENTATION_CONTEXT('2D SPACE',''
  ) );
#2793 = ORIENTED_EDGE('',*,*,#2794,.F.);
#2794 = EDGE_CURVE('',#2795,#2773,#2797,.T.);
#2795 = VERTEX_POINT('',#2796);
#2796 = CARTESIAN_POINT('',(-19.88787470301,-50.19093165937,4.7625));
#2797 = SURFACE_CURVE('',#2798,(#2803,#2816),.PCURVE_S1.);
#2798 = ELLIPSE('',#2799,4.770004098813,4.7625);
#2799 = AXIS2_PLACEMENT_3D('',#2800,#2801,#2802);
#2800 = CARTESIAN_POINT('',(-19.88787470301,-50.19093165937,0.));
#2801 = DIRECTION('',(-0.781831482468,0.623489801859,0.));
#2802 = DIRECTION('',(-0.623489801859,-0.781831482468,0.));
#2803 = PCURVE('',#2681,#2804);
#2804 = DEFINITIONAL_REPRESENTATION('',(#2805),#2815);
#2805 = B_SPLINE_CURVE_WITH_KNOTS('',8,(#2806,#2807,#2808,#2809,#2810,
    #2811,#2812,#2813,#2814),.UNSPECIFIED.,.F.,.F.,(9,9),(1.570796326795
    ,4.712388980385),.PIECEWISE_BEZIER_KNOTS.);
#2806 = CARTESIAN_POINT('',(3.14159265359,3.577033740955));
#2807 = CARTESIAN_POINT('',(3.534291735289,3.472003912024));
#2808 = CARTESIAN_POINT('',(3.926990816987,3.366973245633));
#2809 = CARTESIAN_POINT('',(4.319689898687,3.286632585026));
#2810 = CARTESIAN_POINT('',(4.712388980387,3.255605192693));
#2811 = CARTESIAN_POINT('',(5.105088062085,3.286632585026));
#2812 = CARTESIAN_POINT('',(5.497787143783,3.366973245633));
#2813 = CARTESIAN_POINT('',(5.890486225481,3.472003912024));
#2814 = CARTESIAN_POINT('',(6.28318530718,3.577033740955));
#2815 = ( GEOMETRIC_REPRESENTATION_CONTEXT(2) 
PARAMETRIC_REPRESENTATION_CONTEXT() REPRESENTATION_CONTEXT('2D SPACE',''
  ) );
#2816 = PCURVE('',#2817,#2822);
#2817 = CYLINDRICAL_SURFACE('',#2818,4.7625);
#2818 = AXIS2_PLACEMENT_3D('',#2819,#2820,#2821);
#2819 = CARTESIAN_POINT('',(-19.88787470301,-50.19093165937,0.));
#2820 = DIRECTION('',(-0.745642164883,0.666346577952,0.));
#2821 = DIRECTION('',(-7.397933132225E-17,-8.278290995846E-17,-1.));
#2822 = DEFINITIONAL_REPRESENTATION('',(#2823),#2833);
#2823 = B_SPLINE_CURVE_WITH_KNOTS('',8,(#2824,#2825,#2826,#2827,#2828,
    #2829,#2830,#2831,#2832),.UNSPECIFIED.,.F.,.F.,(9,9),(1.570796326795
    ,4.712388980385),.PIECEWISE_BEZIER_KNOTS.);
#2824 = CARTESIAN_POINT('',(3.14159265359,-8.171241461241E-14));
#2825 = CARTESIAN_POINT('',(3.534291735289,0.105029828931));
#2826 = CARTESIAN_POINT('',(3.92699081699,0.210060495319));
#2827 = CARTESIAN_POINT('',(4.319689898684,0.290401155933));
#2828 = CARTESIAN_POINT('',(4.712388980398,0.321428548244));
#2829 = CARTESIAN_POINT('',(5.105088062078,0.290401155933));
#2830 = CARTESIAN_POINT('',(5.497787143785,0.210060495319));
#2831 = CARTESIAN_POINT('',(5.890486225481,0.105029828931));
#2832 = CARTESIAN_POINT('',(6.28318530718,-8.171241461241E-14));
#2833 = ( GEOMETRIC_REPRESENTATION_CONTEXT(2) 
PARAMETRIC_REPRESENTATION_CONTEXT() REPRESENTATION_CONTEXT('2D SPACE',''
  ) );
#2834 = ORIENTED_EDGE('',*,*,#2835,.F.);
#2835 = EDGE_CURVE('',#2836,#2795,#2838,.T.);
#2836 = VERTEX_POINT('',#2837);
#2837 = CARTESIAN_POINT('',(-22.86192361344,-53.92027103532,
    -5.832380380939E-16));
#2838 = SURFACE_CURVE('',#2839,(#2844,#2856),.PCURVE_S1.);
#2839 = ELLIPSE('',#2840,4.770004098813,4.7625);
#2840 = AXIS2_PLACEMENT_3D('',#2841,#2842,#2843);
#2841 = CARTESIAN_POINT('',(-19.88787470301,-50.19093165937,0.));
#2842 = DIRECTION('',(-0.781831482468,0.623489801859,0.));
#2843 = DIRECTION('',(-0.623489801859,-0.781831482468,0.));
#2844 = PCURVE('',#2681,#2845);
#2845 = DEFINITIONAL_REPRESENTATION('',(#2846),#2855);
#2846 = B_SPLINE_CURVE_WITH_KNOTS('',7,(#2847,#2848,#2849,#2850,#2851,
    #2852,#2853,#2854),.UNSPECIFIED.,.F.,.F.,(8,8),(0.,1.570796326795),
  .PIECEWISE_BEZIER_KNOTS.);
#2847 = CARTESIAN_POINT('',(1.570796326795,3.844490004099));
#2848 = CARTESIAN_POINT('',(1.795195802051,3.844490004099));
#2849 = CARTESIAN_POINT('',(2.019595277307,3.828777303658));
#2850 = CARTESIAN_POINT('',(2.243994752566,3.797354182157));
#2851 = CARTESIAN_POINT('',(2.468394227819,3.752149880284));
#2852 = CARTESIAN_POINT('',(2.692793703077,3.697067587456));
#2853 = CARTESIAN_POINT('',(2.917193178333,3.637050786058));
#2854 = CARTESIAN_POINT('',(3.14159265359,3.577033740955));
#2855 = ( GEOMETRIC_REPRESENTATION_CONTEXT(2) 
PARAMETRIC_REPRESENTATION_CONTEXT() REPRESENTATION_CONTEXT('2D SPACE',''
  ) );
#2856 = PCURVE('',#2817,#2857);
#2857 = DEFINITIONAL_REPRESENTATION('',(#2858),#2867);
#2858 = B_SPLINE_CURVE_WITH_KNOTS('',7,(#2859,#2860,#2861,#2862,#2863,
    #2864,#2865,#2866),.UNSPECIFIED.,.F.,.F.,(8,8),(0.,1.570796326795),
  .PIECEWISE_BEZIER_KNOTS.);
#2859 = CARTESIAN_POINT('',(1.570796326795,-0.267456263144));
#2860 = CARTESIAN_POINT('',(1.795195802051,-0.267456263144));
#2861 = CARTESIAN_POINT('',(2.019595277308,-0.251743562703));
#2862 = CARTESIAN_POINT('',(2.243994752563,-0.220320441205));
#2863 = CARTESIAN_POINT('',(2.468394227822,-0.175116139327));
#2864 = CARTESIAN_POINT('',(2.692793703077,-0.120033846503));
#2865 = CARTESIAN_POINT('',(2.917193178333,-6.001704510357E-02));
#2866 = CARTESIAN_POINT('',(3.14159265359,-8.171241461241E-14));
#2867 = ( GEOMETRIC_REPRESENTATION_CONTEXT(2) 
PARAMETRIC_REPRESENTATION_CONTEXT() REPRESENTATION_CONTEXT('2D SPACE',''
  ) );
#2868 = ORIENTED_EDGE('',*,*,#2869,.F.);
#2869 = EDGE_CURVE('',#2773,#2836,#2870,.T.);
#2870 = SURFACE_CURVE('',#2871,(#2876,#2888),.PCURVE_S1.);
#2871 = ELLIPSE('',#2872,4.770004098813,4.7625);
#2872 = AXIS2_PLACEMENT_3D('',#2873,#2874,#2875);
#2873 = CARTESIAN_POINT('',(-19.88787470301,-50.19093165937,0.));
#2874 = DIRECTION('',(-0.781831482468,0.623489801859,0.));
#2875 = DIRECTION('',(-0.623489801859,-0.781831482468,0.));
#2876 = PCURVE('',#2681,#2877);
#2877 = DEFINITIONAL_REPRESENTATION('',(#2878),#2887);
#2878 = B_SPLINE_CURVE_WITH_KNOTS('',7,(#2879,#2880,#2881,#2882,#2883,
    #2884,#2885,#2886),.UNSPECIFIED.,.F.,.F.,(8,8),(4.712388980385,
    6.28318530718),.PIECEWISE_BEZIER_KNOTS.);
#2879 = CARTESIAN_POINT('',(0.,3.577033740955));
#2880 = CARTESIAN_POINT('',(0.224399475256,3.637050786058));
#2881 = CARTESIAN_POINT('',(0.448798950513,3.697067587457));
#2882 = CARTESIAN_POINT('',(0.673198425769,3.752149880284));
#2883 = CARTESIAN_POINT('',(0.897597901026,3.797354182158));
#2884 = CARTESIAN_POINT('',(1.121997376282,3.828777303658));
#2885 = CARTESIAN_POINT('',(1.346396851538,3.844490004099));
#2886 = CARTESIAN_POINT('',(1.570796326795,3.844490004099));
#2887 = ( GEOMETRIC_REPRESENTATION_CONTEXT(2) 
PARAMETRIC_REPRESENTATION_CONTEXT() REPRESENTATION_CONTEXT('2D SPACE',''
  ) );
#2888 = PCURVE('',#2817,#2889);
#2889 = DEFINITIONAL_REPRESENTATION('',(#2890),#2899);
#2890 = B_SPLINE_CURVE_WITH_KNOTS('',7,(#2891,#2892,#2893,#2894,#2895,
    #2896,#2897,#2898),.UNSPECIFIED.,.F.,.F.,(8,8),(4.712388980385,
    6.28318530718),.PIECEWISE_BEZIER_KNOTS.);
#2891 = CARTESIAN_POINT('',(0.,-8.171241461241E-14));
#2892 = CARTESIAN_POINT('',(0.224399475256,-6.001704510357E-02));
#2893 = CARTESIAN_POINT('',(0.448798950513,-0.120033846503));
#2894 = CARTESIAN_POINT('',(0.673198425769,-0.175116139327));
#2895 = CARTESIAN_POINT('',(0.897597901026,-0.220320441205));
#2896 = CARTESIAN_POINT('',(1.121997376282,-0.251743562703));
#2897 = CARTESIAN_POINT('',(1.346396851538,-0.267456263144));
#2898 = CARTESIAN_POINT('',(1.570796326795,-0.267456263144));
#2899 = ( GEOMETRIC_REPRESENTATION_CONTEXT(2) 
PARAMETRIC_REPRESENTATION_CONTEXT() REPRESENTATION_CONTEXT('2D SPACE',''
  ) );
#2900 = ORIENTED_EDGE('',*,*,#2772,.F.);
#2901 = ORIENTED_EDGE('',*,*,#2733,.T.);
#2902 = ORIENTED_EDGE('',*,*,#2699,.T.);
#2903 = ORIENTED_EDGE('',*,*,#2658,.T.);
#2904 = ADVANCED_FACE('',(#2905),#2817,.T.);
#2905 = FACE_BOUND('',#2906,.T.);
#2906 = EDGE_LOOP('',(#2907,#2929,#2970,#3004,#3036,#3037,#3038,#3039));
#2907 = ORIENTED_EDGE('',*,*,#2908,.T.);
#2908 = EDGE_CURVE('',#2773,#2909,#2911,.T.);
#2909 = VERTEX_POINT('',#2910);
#2910 = CARTESIAN_POINT('',(-22.55506188547,-47.80738746687,-4.7625));
#2911 = SEAM_CURVE('',#2912,(#2916,#2922),.PCURVE_S1.);
#2912 = LINE('',#2913,#2914);
#2913 = CARTESIAN_POINT('',(-19.88787470301,-50.19093165937,-4.7625));
#2914 = VECTOR('',#2915,1.);
#2915 = DIRECTION('',(-0.745642164883,0.666346577952,0.));
#2916 = PCURVE('',#2817,#2917);
#2917 = DEFINITIONAL_REPRESENTATION('',(#2918),#2921);
#2918 = B_SPLINE_CURVE_WITH_KNOTS('',1,(#2919,#2920),.UNSPECIFIED.,.F.,
  .F.,(2,2),(-1.480537077276,5.057570818231),.PIECEWISE_BEZIER_KNOTS.);
#2919 = CARTESIAN_POINT('',(6.28318530718,-1.480537077276));
#2920 = CARTESIAN_POINT('',(6.28318530718,5.057570818231));
#2921 = ( GEOMETRIC_REPRESENTATION_CONTEXT(2) 
PARAMETRIC_REPRESENTATION_CONTEXT() REPRESENTATION_CONTEXT('2D SPACE',''
  ) );
#2922 = PCURVE('',#2817,#2923);
#2923 = DEFINITIONAL_REPRESENTATION('',(#2924),#2928);
#2924 = LINE('',#2925,#2926);
#2925 = CARTESIAN_POINT('',(0.,0.));
#2926 = VECTOR('',#2927,1.);
#2927 = DIRECTION('',(0.,1.));
#2928 = ( GEOMETRIC_REPRESENTATION_CONTEXT(2) 
PARAMETRIC_REPRESENTATION_CONTEXT() REPRESENTATION_CONTEXT('2D SPACE',''
  ) );
#2929 = ORIENTED_EDGE('',*,*,#2930,.F.);
#2930 = EDGE_CURVE('',#2931,#2909,#2933,.T.);
#2931 = VERTEX_POINT('',#2932);
#2932 = CARTESIAN_POINT('',(-22.55506188547,-47.80738746687,4.7625));
#2933 = SURFACE_CURVE('',#2934,(#2939,#2952),.PCURVE_S1.);
#2934 = ELLIPSE('',#2935,4.770004098813,4.7625);
#2935 = AXIS2_PLACEMENT_3D('',#2936,#2937,#2938);
#2936 = CARTESIAN_POINT('',(-22.55506188547,-47.80738746687,0.));
#2937 = DIRECTION('',(-0.707106781187,0.707106781187,0.));
#2938 = DIRECTION('',(-0.707106781187,-0.707106781187,0.));
#2939 = PCURVE('',#2817,#2940);
#2940 = DEFINITIONAL_REPRESENTATION('',(#2941),#2951);
#2941 = B_SPLINE_CURVE_WITH_KNOTS('',8,(#2942,#2943,#2944,#2945,#2946,
    #2947,#2948,#2949,#2950),.UNSPECIFIED.,.F.,.F.,(9,9),(1.570796326795
    ,4.712388980385),.PIECEWISE_BEZIER_KNOTS.);
#2942 = CARTESIAN_POINT('',(3.14159265359,3.577033740955));
#2943 = CARTESIAN_POINT('',(3.534291735289,3.472003912024));
#2944 = CARTESIAN_POINT('',(3.926990816988,3.366973245635));
#2945 = CARTESIAN_POINT('',(4.319689898687,3.286632585019));
#2946 = CARTESIAN_POINT('',(4.712388980387,3.255605192716));
#2947 = CARTESIAN_POINT('',(5.105088062084,3.286632585016));
#2948 = CARTESIAN_POINT('',(5.497787143783,3.366973245636));
#2949 = CARTESIAN_POINT('',(5.890486225481,3.472003912024));
#2950 = CARTESIAN_POINT('',(6.28318530718,3.577033740955));
#2951 = ( GEOMETRIC_REPRESENTATION_CONTEXT(2) 
PARAMETRIC_REPRESENTATION_CONTEXT() REPRESENTATION_CONTEXT('2D SPACE',''
  ) );
#2952 = PCURVE('',#2953,#2958);
#2953 = CYLINDRICAL_SURFACE('',#2954,4.7625);
#2954 = AXIS2_PLACEMENT_3D('',#2955,#2956,#2957);
#2955 = CARTESIAN_POINT('',(-22.55506188547,-47.80738746687,0.));
#2956 = DIRECTION('',(-0.666346577952,0.745642164883,0.));
#2957 = DIRECTION('',(8.278290995846E-17,7.397933132225E-17,-1.));
#2958 = DEFINITIONAL_REPRESENTATION('',(#2959),#2969);
#2959 = B_SPLINE_CURVE_WITH_KNOTS('',8,(#2960,#2961,#2962,#2963,#2964,
    #2965,#2966,#2967,#2968),.UNSPECIFIED.,.F.,.F.,(9,9),(1.570796326795
    ,4.712388980385),.PIECEWISE_BEZIER_KNOTS.);
#2960 = CARTESIAN_POINT('',(3.14159265359,0.));
#2961 = CARTESIAN_POINT('',(3.534291735289,0.105029828931));
#2962 = CARTESIAN_POINT('',(3.926990816988,0.210060495319));
#2963 = CARTESIAN_POINT('',(4.319689898689,0.290401155933));
#2964 = CARTESIAN_POINT('',(4.712388980386,0.321428548243));
#2965 = CARTESIAN_POINT('',(5.105088062086,0.290401155933));
#2966 = CARTESIAN_POINT('',(5.497787143782,0.210060495319));
#2967 = CARTESIAN_POINT('',(5.890486225481,0.105029828931));
#2968 = CARTESIAN_POINT('',(6.28318530718,0.));
#2969 = ( GEOMETRIC_REPRESENTATION_CONTEXT(2) 
PARAMETRIC_REPRESENTATION_CONTEXT() REPRESENTATION_CONTEXT('2D SPACE',''
  ) );
#2970 = ORIENTED_EDGE('',*,*,#2971,.F.);
#2971 = EDGE_CURVE('',#2972,#2931,#2974,.T.);
#2972 = VERTEX_POINT('',#2973);
#2973 = CARTESIAN_POINT('',(-25.92796413003,-51.18028971143,
    -5.832380380939E-16));
#2974 = SURFACE_CURVE('',#2975,(#2980,#2992),.PCURVE_S1.);
#2975 = ELLIPSE('',#2976,4.770004098813,4.7625);
#2976 = AXIS2_PLACEMENT_3D('',#2977,#2978,#2979);
#2977 = CARTESIAN_POINT('',(-22.55506188547,-47.80738746687,0.));
#2978 = DIRECTION('',(-0.707106781187,0.707106781187,0.));
#2979 = DIRECTION('',(-0.707106781187,-0.707106781187,0.));
#2980 = PCURVE('',#2817,#2981);
#2981 = DEFINITIONAL_REPRESENTATION('',(#2982),#2991);
#2982 = B_SPLINE_CURVE_WITH_KNOTS('',7,(#2983,#2984,#2985,#2986,#2987,
    #2988,#2989,#2990),.UNSPECIFIED.,.F.,.F.,(8,8),(0.,1.570796326795),
  .PIECEWISE_BEZIER_KNOTS.);
#2983 = CARTESIAN_POINT('',(1.570796326795,3.844490004099));
#2984 = CARTESIAN_POINT('',(1.795195802051,3.844490004099));
#2985 = CARTESIAN_POINT('',(2.019595277308,3.828777303658));
#2986 = CARTESIAN_POINT('',(2.243994752564,3.797354182159));
#2987 = CARTESIAN_POINT('',(2.468394227821,3.752149880283));
#2988 = CARTESIAN_POINT('',(2.692793703077,3.697067587457));
#2989 = CARTESIAN_POINT('',(2.917193178333,3.637050786058));
#2990 = CARTESIAN_POINT('',(3.14159265359,3.577033740955));
#2991 = ( GEOMETRIC_REPRESENTATION_CONTEXT(2) 
PARAMETRIC_REPRESENTATION_CONTEXT() REPRESENTATION_CONTEXT('2D SPACE',''
  ) );
#2992 = PCURVE('',#2953,#2993);
#2993 = DEFINITIONAL_REPRESENTATION('',(#2994),#3003);
#2994 = B_SPLINE_CURVE_WITH_KNOTS('',7,(#2995,#2996,#2997,#2998,#2999,
    #3000,#3001,#3002),.UNSPECIFIED.,.F.,.F.,(8,8),(0.,1.570796326795),
  .PIECEWISE_BEZIER_KNOTS.);
#2995 = CARTESIAN_POINT('',(1.570796326795,-0.267456263144));
#2996 = CARTESIAN_POINT('',(1.795195802051,-0.267456263144));
#2997 = CARTESIAN_POINT('',(2.019595277308,-0.251743562703));
#2998 = CARTESIAN_POINT('',(2.243994752564,-0.220320441205));
#2999 = CARTESIAN_POINT('',(2.468394227821,-0.175116139327));
#3000 = CARTESIAN_POINT('',(2.692793703077,-0.120033846502));
#3001 = CARTESIAN_POINT('',(2.917193178333,-6.001704510348E-02));
#3002 = CARTESIAN_POINT('',(3.14159265359,0.));
#3003 = ( GEOMETRIC_REPRESENTATION_CONTEXT(2) 
PARAMETRIC_REPRESENTATION_CONTEXT() REPRESENTATION_CONTEXT('2D SPACE',''
  ) );
#3004 = ORIENTED_EDGE('',*,*,#3005,.F.);
#3005 = EDGE_CURVE('',#2909,#2972,#3006,.T.);
#3006 = SURFACE_CURVE('',#3007,(#3012,#3024),.PCURVE_S1.);
#3007 = ELLIPSE('',#3008,4.770004098813,4.7625);
#3008 = AXIS2_PLACEMENT_3D('',#3009,#3010,#3011);
#3009 = CARTESIAN_POINT('',(-22.55506188547,-47.80738746687,0.));
#3010 = DIRECTION('',(-0.707106781187,0.707106781187,0.));
#3011 = DIRECTION('',(-0.707106781187,-0.707106781187,0.));
#3012 = PCURVE('',#2817,#3013);
#3013 = DEFINITIONAL_REPRESENTATION('',(#3014),#3023);
#3014 = B_SPLINE_CURVE_WITH_KNOTS('',7,(#3015,#3016,#3017,#3018,#3019,
    #3020,#3021,#3022),.UNSPECIFIED.,.F.,.F.,(8,8),(4.712388980385,
    6.28318530718),.PIECEWISE_BEZIER_KNOTS.);
#3015 = CARTESIAN_POINT('',(0.,3.577033740955));
#3016 = CARTESIAN_POINT('',(0.224399475256,3.637050786058));
#3017 = CARTESIAN_POINT('',(0.448798950513,3.697067587458));
#3018 = CARTESIAN_POINT('',(0.673198425769,3.75214988028));
#3019 = CARTESIAN_POINT('',(0.897597901026,3.797354182162));
#3020 = CARTESIAN_POINT('',(1.121997376282,3.828777303657));
#3021 = CARTESIAN_POINT('',(1.346396851538,3.844490004099));
#3022 = CARTESIAN_POINT('',(1.570796326795,3.844490004099));
#3023 = ( GEOMETRIC_REPRESENTATION_CONTEXT(2) 
PARAMETRIC_REPRESENTATION_CONTEXT() REPRESENTATION_CONTEXT('2D SPACE',''
  ) );
#3024 = PCURVE('',#2953,#3025);
#3025 = DEFINITIONAL_REPRESENTATION('',(#3026),#3035);
#3026 = B_SPLINE_CURVE_WITH_KNOTS('',7,(#3027,#3028,#3029,#3030,#3031,
    #3032,#3033,#3034),.UNSPECIFIED.,.F.,.F.,(8,8),(4.712388980385,
    6.28318530718),.PIECEWISE_BEZIER_KNOTS.);
#3027 = CARTESIAN_POINT('',(0.,0.));
#3028 = CARTESIAN_POINT('',(0.224399475256,-6.001704510348E-02));
#3029 = CARTESIAN_POINT('',(0.448798950513,-0.120033846502));
#3030 = CARTESIAN_POINT('',(0.673198425769,-0.175116139327));
#3031 = CARTESIAN_POINT('',(0.897597901026,-0.220320441205));
#3032 = CARTESIAN_POINT('',(1.121997376282,-0.251743562703));
#3033 = CARTESIAN_POINT('',(1.346396851538,-0.267456263144));
#3034 = CARTESIAN_POINT('',(1.570796326795,-0.267456263144));
#3035 = ( GEOMETRIC_REPRESENTATION_CONTEXT(2) 
PARAMETRIC_REPRESENTATION_CONTEXT() REPRESENTATION_CONTEXT('2D SPACE',''
  ) );
#3036 = ORIENTED_EDGE('',*,*,#2908,.F.);
#3037 = ORIENTED_EDGE('',*,*,#2869,.T.);
#3038 = ORIENTED_EDGE('',*,*,#2835,.T.);
#3039 = ORIENTED_EDGE('',*,*,#2794,.T.);
#3040 = ADVANCED_FACE('',(#3041),#2953,.T.);
#3041 = FACE_BOUND('',#3042,.T.);
#3042 = EDGE_LOOP('',(#3043,#3065,#3106,#3140,#3172,#3173,#3174,#3175));
#3043 = ORIENTED_EDGE('',*,*,#3044,.T.);
#3044 = EDGE_CURVE('',#2909,#3045,#3047,.T.);
#3045 = VERTEX_POINT('',#3046);
#3046 = CARTESIAN_POINT('',(-24.93860607798,-45.1402002844,-4.7625));
#3047 = SEAM_CURVE('',#3048,(#3052,#3058),.PCURVE_S1.);
#3048 = LINE('',#3049,#3050);
#3049 = CARTESIAN_POINT('',(-22.55506188547,-47.80738746687,-4.7625));
#3050 = VECTOR('',#3051,1.);
#3051 = DIRECTION('',(-0.666346577952,0.745642164883,0.));
#3052 = PCURVE('',#2953,#3053);
#3053 = DEFINITIONAL_REPRESENTATION('',(#3054),#3057);
#3054 = B_SPLINE_CURVE_WITH_KNOTS('',1,(#3055,#3056),.UNSPECIFIED.,.F.,
  .F.,(2,2),(-1.480537077276,5.057570818231),.PIECEWISE_BEZIER_KNOTS.);
#3055 = CARTESIAN_POINT('',(6.28318530718,-1.480537077276));
#3056 = CARTESIAN_POINT('',(6.28318530718,5.057570818231));
#3057 = ( GEOMETRIC_REPRESENTATION_CONTEXT(2) 
PARAMETRIC_REPRESENTATION_CONTEXT() REPRESENTATION_CONTEXT('2D SPACE',''
  ) );
#3058 = PCURVE('',#2953,#3059);
#3059 = DEFINITIONAL_REPRESENTATION('',(#3060),#3064);
#3060 = LINE('',#3061,#3062);
#3061 = CARTESIAN_POINT('',(0.,0.));
#3062 = VECTOR('',#3063,1.);
#3063 = DIRECTION('',(0.,1.));
#3064 = ( GEOMETRIC_REPRESENTATION_CONTEXT(2) 
PARAMETRIC_REPRESENTATION_CONTEXT() REPRESENTATION_CONTEXT('2D SPACE',''
  ) );
#3065 = ORIENTED_EDGE('',*,*,#3066,.F.);
#3066 = EDGE_CURVE('',#3067,#3045,#3069,.T.);
#3067 = VERTEX_POINT('',#3068);
#3068 = CARTESIAN_POINT('',(-24.93860607798,-45.1402002844,4.7625));
#3069 = SURFACE_CURVE('',#3070,(#3075,#3088),.PCURVE_S1.);
#3070 = ELLIPSE('',#3071,4.770004098813,4.7625);
#3071 = AXIS2_PLACEMENT_3D('',#3072,#3073,#3074);
#3072 = CARTESIAN_POINT('',(-24.93860607798,-45.1402002844,0.));
#3073 = DIRECTION('',(-0.623489801859,0.781831482468,0.));
#3074 = DIRECTION('',(-0.781831482468,-0.623489801859,0.));
#3075 = PCURVE('',#2953,#3076);
#3076 = DEFINITIONAL_REPRESENTATION('',(#3077),#3087);
#3077 = B_SPLINE_CURVE_WITH_KNOTS('',8,(#3078,#3079,#3080,#3081,#3082,
    #3083,#3084,#3085,#3086),.UNSPECIFIED.,.F.,.F.,(9,9),(1.570796326795
    ,4.712388980385),.PIECEWISE_BEZIER_KNOTS.);
#3078 = CARTESIAN_POINT('',(3.14159265359,3.577033740955));
#3079 = CARTESIAN_POINT('',(3.534291735289,3.472003912024));
#3080 = CARTESIAN_POINT('',(3.926990816986,3.366973245637));
#3081 = CARTESIAN_POINT('',(4.319689898694,3.286632585012));
#3082 = CARTESIAN_POINT('',(4.712388980378,3.25560519271));
#3083 = CARTESIAN_POINT('',(5.105088062092,3.286632585008));
#3084 = CARTESIAN_POINT('',(5.497787143781,3.366973245637));
#3085 = CARTESIAN_POINT('',(5.890486225481,3.472003912024));
#3086 = CARTESIAN_POINT('',(6.28318530718,3.577033740955));
#3087 = ( GEOMETRIC_REPRESENTATION_CONTEXT(2) 
PARAMETRIC_REPRESENTATION_CONTEXT() REPRESENTATION_CONTEXT('2D SPACE',''
  ) );
#3088 = PCURVE('',#3089,#3094);
#3089 = CYLINDRICAL_SURFACE('',#3090,4.7625);
#3090 = AXIS2_PLACEMENT_3D('',#3091,#3092,#3093);
#3091 = CARTESIAN_POINT('',(-24.93860607798,-45.1402002844,0.));
#3092 = DIRECTION('',(-0.57867129618,0.815560868959,0.));
#3093 = DIRECTION('',(9.054544547019E-17,6.424541967085E-17,-1.));
#3094 = DEFINITIONAL_REPRESENTATION('',(#3095),#3105);
#3095 = B_SPLINE_CURVE_WITH_KNOTS('',8,(#3096,#3097,#3098,#3099,#3100,
    #3101,#3102,#3103,#3104),.UNSPECIFIED.,.F.,.F.,(9,9),(1.570796326795
    ,4.712388980385),.PIECEWISE_BEZIER_KNOTS.);
#3096 = CARTESIAN_POINT('',(3.14159265359,7.460698725481E-14));
#3097 = CARTESIAN_POINT('',(3.534291735289,0.105029828931));
#3098 = CARTESIAN_POINT('',(3.926990816987,0.210060495319));
#3099 = CARTESIAN_POINT('',(4.319689898672,0.290401155933));
#3100 = CARTESIAN_POINT('',(4.712388980385,0.321428548244));
#3101 = CARTESIAN_POINT('',(5.105088062065,0.290401155933));
#3102 = CARTESIAN_POINT('',(5.497787143782,0.210060495319));
#3103 = CARTESIAN_POINT('',(5.890486225481,0.105029828931));
#3104 = CARTESIAN_POINT('',(6.28318530718,7.460698725481E-14));
#3105 = ( GEOMETRIC_REPRESENTATION_CONTEXT(2) 
PARAMETRIC_REPRESENTATION_CONTEXT() REPRESENTATION_CONTEXT('2D SPACE',''
  ) );
#3106 = ORIENTED_EDGE('',*,*,#3107,.F.);
#3107 = EDGE_CURVE('',#3108,#3067,#3110,.T.);
#3108 = VERTEX_POINT('',#3109);
#3109 = CARTESIAN_POINT('',(-28.66794545393,-48.11424919484,
    -5.832380380939E-16));
#3110 = SURFACE_CURVE('',#3111,(#3116,#3128),.PCURVE_S1.);
#3111 = ELLIPSE('',#3112,4.770004098813,4.7625);
#3112 = AXIS2_PLACEMENT_3D('',#3113,#3114,#3115);
#3113 = CARTESIAN_POINT('',(-24.93860607798,-45.1402002844,0.));
#3114 = DIRECTION('',(-0.623489801859,0.781831482468,0.));
#3115 = DIRECTION('',(-0.781831482468,-0.623489801859,0.));
#3116 = PCURVE('',#2953,#3117);
#3117 = DEFINITIONAL_REPRESENTATION('',(#3118),#3127);
#3118 = B_SPLINE_CURVE_WITH_KNOTS('',7,(#3119,#3120,#3121,#3122,#3123,
    #3124,#3125,#3126),.UNSPECIFIED.,.F.,.F.,(8,8),(0.,1.570796326795),
  .PIECEWISE_BEZIER_KNOTS.);
#3119 = CARTESIAN_POINT('',(1.570796326795,3.844490004099));
#3120 = CARTESIAN_POINT('',(1.795195802051,3.844490004099));
#3121 = CARTESIAN_POINT('',(2.019595277308,3.828777303657));
#3122 = CARTESIAN_POINT('',(2.243994752565,3.797354182161));
#3123 = CARTESIAN_POINT('',(2.46839422782,3.75214988028));
#3124 = CARTESIAN_POINT('',(2.692793703077,3.697067587458));
#3125 = CARTESIAN_POINT('',(2.917193178333,3.637050786059));
#3126 = CARTESIAN_POINT('',(3.14159265359,3.577033740955));
#3127 = ( GEOMETRIC_REPRESENTATION_CONTEXT(2) 
PARAMETRIC_REPRESENTATION_CONTEXT() REPRESENTATION_CONTEXT('2D SPACE',''
  ) );
#3128 = PCURVE('',#3089,#3129);
#3129 = DEFINITIONAL_REPRESENTATION('',(#3130),#3139);
#3130 = B_SPLINE_CURVE_WITH_KNOTS('',7,(#3131,#3132,#3133,#3134,#3135,
    #3136,#3137,#3138),.UNSPECIFIED.,.F.,.F.,(8,8),(0.,1.570796326795),
  .PIECEWISE_BEZIER_KNOTS.);
#3131 = CARTESIAN_POINT('',(1.570796326795,-0.267456263144));
#3132 = CARTESIAN_POINT('',(1.795195802051,-0.267456263144));
#3133 = CARTESIAN_POINT('',(2.019595277307,-0.251743562703));
#3134 = CARTESIAN_POINT('',(2.243994752565,-0.220320441205));
#3135 = CARTESIAN_POINT('',(2.468394227821,-0.175116139327));
#3136 = CARTESIAN_POINT('',(2.692793703077,-0.120033846502));
#3137 = CARTESIAN_POINT('',(2.917193178333,-6.001704510341E-02));
#3138 = CARTESIAN_POINT('',(3.14159265359,7.460698725481E-14));
#3139 = ( GEOMETRIC_REPRESENTATION_CONTEXT(2) 
PARAMETRIC_REPRESENTATION_CONTEXT() REPRESENTATION_CONTEXT('2D SPACE',''
  ) );
#3140 = ORIENTED_EDGE('',*,*,#3141,.F.);
#3141 = EDGE_CURVE('',#3045,#3108,#3142,.T.);
#3142 = SURFACE_CURVE('',#3143,(#3148,#3160),.PCURVE_S1.);
#3143 = ELLIPSE('',#3144,4.770004098813,4.7625);
#3144 = AXIS2_PLACEMENT_3D('',#3145,#3146,#3147);
#3145 = CARTESIAN_POINT('',(-24.93860607798,-45.1402002844,0.));
#3146 = DIRECTION('',(-0.623489801859,0.781831482468,0.));
#3147 = DIRECTION('',(-0.781831482468,-0.623489801859,0.));
#3148 = PCURVE('',#2953,#3149);
#3149 = DEFINITIONAL_REPRESENTATION('',(#3150),#3159);
#3150 = B_SPLINE_CURVE_WITH_KNOTS('',7,(#3151,#3152,#3153,#3154,#3155,
    #3156,#3157,#3158),.UNSPECIFIED.,.F.,.F.,(8,8),(4.712388980385,
    6.28318530718),.PIECEWISE_BEZIER_KNOTS.);
#3151 = CARTESIAN_POINT('',(0.,3.577033740955));
#3152 = CARTESIAN_POINT('',(0.224399475256,3.637050786059));
#3153 = CARTESIAN_POINT('',(0.448798950513,3.697067587457));
#3154 = CARTESIAN_POINT('',(0.673198425769,3.752149880282));
#3155 = CARTESIAN_POINT('',(0.897597901026,3.79735418216));
#3156 = CARTESIAN_POINT('',(1.121997376282,3.828777303658));
#3157 = CARTESIAN_POINT('',(1.346396851538,3.844490004099));
#3158 = CARTESIAN_POINT('',(1.570796326795,3.844490004099));
#3159 = ( GEOMETRIC_REPRESENTATION_CONTEXT(2) 
PARAMETRIC_REPRESENTATION_CONTEXT() REPRESENTATION_CONTEXT('2D SPACE',''
  ) );
#3160 = PCURVE('',#3089,#3161);
#3161 = DEFINITIONAL_REPRESENTATION('',(#3162),#3171);
#3162 = B_SPLINE_CURVE_WITH_KNOTS('',7,(#3163,#3164,#3165,#3166,#3167,
    #3168,#3169,#3170),.UNSPECIFIED.,.F.,.F.,(8,8),(4.712388980385,
    6.28318530718),.PIECEWISE_BEZIER_KNOTS.);
#3163 = CARTESIAN_POINT('',(-1.7763568394E-15,7.460698725481E-14));
#3164 = CARTESIAN_POINT('',(0.224399475256,-6.001704510341E-02));
#3165 = CARTESIAN_POINT('',(0.448798950513,-0.120033846502));
#3166 = CARTESIAN_POINT('',(0.673198425769,-0.175116139326));
#3167 = CARTESIAN_POINT('',(0.897597901026,-0.220320441205));
#3168 = CARTESIAN_POINT('',(1.121997376282,-0.251743562703));
#3169 = CARTESIAN_POINT('',(1.346396851538,-0.267456263144));
#3170 = CARTESIAN_POINT('',(1.570796326795,-0.267456263144));
#3171 = ( GEOMETRIC_REPRESENTATION_CONTEXT(2) 
PARAMETRIC_REPRESENTATION_CONTEXT() REPRESENTATION_CONTEXT('2D SPACE',''
  ) );
#3172 = ORIENTED_EDGE('',*,*,#3044,.F.);
#3173 = ORIENTED_EDGE('',*,*,#3005,.T.);
#3174 = ORIENTED_EDGE('',*,*,#2971,.T.);
#3175 = ORIENTED_EDGE('',*,*,#2930,.T.);
#3176 = ADVANCED_FACE('',(#3177),#3089,.T.);
#3177 = FACE_BOUND('',#3178,.T.);
#3178 = EDGE_LOOP('',(#3179,#3201,#3242,#3276,#3308,#3309,#3310,#3311));
#3179 = ORIENTED_EDGE('',*,*,#3180,.T.);
#3180 = EDGE_CURVE('',#3045,#3181,#3183,.T.);
#3181 = VERTEX_POINT('',#3182);
#3182 = CARTESIAN_POINT('',(-27.00853282933,-42.22291153833,-4.7625));
#3183 = SEAM_CURVE('',#3184,(#3188,#3194),.PCURVE_S1.);
#3184 = LINE('',#3185,#3186);
#3185 = CARTESIAN_POINT('',(-24.93860607798,-45.1402002844,-4.7625));
#3186 = VECTOR('',#3187,1.);
#3187 = DIRECTION('',(-0.57867129618,0.815560868959,0.));
#3188 = PCURVE('',#3089,#3189);
#3189 = DEFINITIONAL_REPRESENTATION('',(#3190),#3193);
#3190 = B_SPLINE_CURVE_WITH_KNOTS('',1,(#3191,#3192),.UNSPECIFIED.,.F.,
  .F.,(2,2),(-1.480537077276,5.057570818231),.PIECEWISE_BEZIER_KNOTS.);
#3191 = CARTESIAN_POINT('',(6.28318530718,-1.480537077276));
#3192 = CARTESIAN_POINT('',(6.28318530718,5.057570818231));
#3193 = ( GEOMETRIC_REPRESENTATION_CONTEXT(2) 
PARAMETRIC_REPRESENTATION_CONTEXT() REPRESENTATION_CONTEXT('2D SPACE',''
  ) );
#3194 = PCURVE('',#3089,#3195);
#3195 = DEFINITIONAL_REPRESENTATION('',(#3196),#3200);
#3196 = LINE('',#3197,#3198);
#3197 = CARTESIAN_POINT('',(0.,0.));
#3198 = VECTOR('',#3199,1.);
#3199 = DIRECTION('',(0.,1.));
#3200 = ( GEOMETRIC_REPRESENTATION_CONTEXT(2) 
PARAMETRIC_REPRESENTATION_CONTEXT() REPRESENTATION_CONTEXT('2D SPACE',''
  ) );
#3201 = ORIENTED_EDGE('',*,*,#3202,.F.);
#3202 = EDGE_CURVE('',#3203,#3181,#3205,.T.);
#3203 = VERTEX_POINT('',#3204);
#3204 = CARTESIAN_POINT('',(-27.00853282933,-42.22291153833,4.7625));
#3205 = SURFACE_CURVE('',#3206,(#3211,#3224),.PCURVE_S1.);
#3206 = ELLIPSE('',#3207,4.770004098813,4.7625);
#3207 = AXIS2_PLACEMENT_3D('',#3208,#3209,#3210);
#3208 = CARTESIAN_POINT('',(-27.00853282933,-42.22291153833,0.));
#3209 = DIRECTION('',(-0.532032076515,0.846724199228,0.));
#3210 = DIRECTION('',(-0.846724199228,-0.532032076515,0.));
#3211 = PCURVE('',#3089,#3212);
#3212 = DEFINITIONAL_REPRESENTATION('',(#3213),#3223);
#3213 = B_SPLINE_CURVE_WITH_KNOTS('',8,(#3214,#3215,#3216,#3217,#3218,
    #3219,#3220,#3221,#3222),.UNSPECIFIED.,.F.,.F.,(9,9),(1.570796326795
    ,4.712388980385),.PIECEWISE_BEZIER_KNOTS.);
#3214 = CARTESIAN_POINT('',(3.14159265359,3.577033740955));
#3215 = CARTESIAN_POINT('',(3.534291735289,3.472003912024));
#3216 = CARTESIAN_POINT('',(3.926990816991,3.366973245632));
#3217 = CARTESIAN_POINT('',(4.319689898663,3.286632585023));
#3218 = CARTESIAN_POINT('',(4.712388980408,3.2556051927));
#3219 = CARTESIAN_POINT('',(5.105088062063,3.286632585028));
#3220 = CARTESIAN_POINT('',(5.497787143787,3.366973245632));
#3221 = CARTESIAN_POINT('',(5.890486225481,3.472003912024));
#3222 = CARTESIAN_POINT('',(6.28318530718,3.577033740955));
#3223 = ( GEOMETRIC_REPRESENTATION_CONTEXT(2) 
PARAMETRIC_REPRESENTATION_CONTEXT() REPRESENTATION_CONTEXT('2D SPACE',''
  ) );
#3224 = PCURVE('',#3225,#3230);
#3225 = CYLINDRICAL_SURFACE('',#3226,4.7625);
#3226 = AXIS2_PLACEMENT_3D('',#3227,#3228,#3229);
#3227 = CARTESIAN_POINT('',(-27.00853282933,-42.22291153833,0.));
#3228 = DIRECTION('',(-0.483718887105,0.875223421909,0.));
#3229 = DIRECTION('',(9.716931946943E-17,5.370358459103E-17,-1.));
#3230 = DEFINITIONAL_REPRESENTATION('',(#3231),#3241);
#3231 = B_SPLINE_CURVE_WITH_KNOTS('',8,(#3232,#3233,#3234,#3235,#3236,
    #3237,#3238,#3239,#3240),.UNSPECIFIED.,.F.,.F.,(9,9),(1.570796326795
    ,4.712388980385),.PIECEWISE_BEZIER_KNOTS.);
#3232 = CARTESIAN_POINT('',(3.14159265359,1.06581410364E-14));
#3233 = CARTESIAN_POINT('',(3.534291735289,0.105029828931));
#3234 = CARTESIAN_POINT('',(3.926990816988,0.210060495319));
#3235 = CARTESIAN_POINT('',(4.319689898689,0.290401155932));
#3236 = CARTESIAN_POINT('',(4.712388980386,0.321428548244));
#3237 = CARTESIAN_POINT('',(5.105088062086,0.290401155932));
#3238 = CARTESIAN_POINT('',(5.497787143782,0.210060495319));
#3239 = CARTESIAN_POINT('',(5.890486225481,0.105029828931));
#3240 = CARTESIAN_POINT('',(6.28318530718,1.06581410364E-14));
#3241 = ( GEOMETRIC_REPRESENTATION_CONTEXT(2) 
PARAMETRIC_REPRESENTATION_CONTEXT() REPRESENTATION_CONTEXT('2D SPACE',''
  ) );
#3242 = ORIENTED_EDGE('',*,*,#3243,.F.);
#3243 = EDGE_CURVE('',#3244,#3203,#3246,.T.);
#3244 = VERTEX_POINT('',#3245);
#3245 = CARTESIAN_POINT('',(-31.04741073022,-44.76070672401,
    -5.832380380939E-16));
#3246 = SURFACE_CURVE('',#3247,(#3252,#3264),.PCURVE_S1.);
#3247 = ELLIPSE('',#3248,4.770004098813,4.7625);
#3248 = AXIS2_PLACEMENT_3D('',#3249,#3250,#3251);
#3249 = CARTESIAN_POINT('',(-27.00853282933,-42.22291153833,0.));
#3250 = DIRECTION('',(-0.532032076515,0.846724199228,0.));
#3251 = DIRECTION('',(-0.846724199228,-0.532032076515,0.));
#3252 = PCURVE('',#3089,#3253);
#3253 = DEFINITIONAL_REPRESENTATION('',(#3254),#3263);
#3254 = B_SPLINE_CURVE_WITH_KNOTS('',7,(#3255,#3256,#3257,#3258,#3259,
    #3260,#3261,#3262),.UNSPECIFIED.,.F.,.F.,(8,8),(0.,1.570796326795),
  .PIECEWISE_BEZIER_KNOTS.);
#3255 = CARTESIAN_POINT('',(1.570796326795,3.844490004099));
#3256 = CARTESIAN_POINT('',(1.795195802051,3.844490004099));
#3257 = CARTESIAN_POINT('',(2.019595277308,3.828777303658));
#3258 = CARTESIAN_POINT('',(2.243994752563,3.797354182159));
#3259 = CARTESIAN_POINT('',(2.468394227822,3.752149880283));
#3260 = CARTESIAN_POINT('',(2.692793703077,3.697067587457));
#3261 = CARTESIAN_POINT('',(2.917193178333,3.637050786059));
#3262 = CARTESIAN_POINT('',(3.14159265359,3.577033740955));
#3263 = ( GEOMETRIC_REPRESENTATION_CONTEXT(2) 
PARAMETRIC_REPRESENTATION_CONTEXT() REPRESENTATION_CONTEXT('2D SPACE',''
  ) );
#3264 = PCURVE('',#3225,#3265);
#3265 = DEFINITIONAL_REPRESENTATION('',(#3266),#3275);
#3266 = B_SPLINE_CURVE_WITH_KNOTS('',7,(#3267,#3268,#3269,#3270,#3271,
    #3272,#3273,#3274),.UNSPECIFIED.,.F.,.F.,(8,8),(0.,1.570796326795),
  .PIECEWISE_BEZIER_KNOTS.);
#3267 = CARTESIAN_POINT('',(1.570796326795,-0.267456263144));
#3268 = CARTESIAN_POINT('',(1.795195802051,-0.267456263144));
#3269 = CARTESIAN_POINT('',(2.019595277307,-0.251743562703));
#3270 = CARTESIAN_POINT('',(2.243994752565,-0.220320441205));
#3271 = CARTESIAN_POINT('',(2.46839422782,-0.175116139327));
#3272 = CARTESIAN_POINT('',(2.692793703077,-0.120033846502));
#3273 = CARTESIAN_POINT('',(2.917193178333,-6.001704510348E-02));
#3274 = CARTESIAN_POINT('',(3.14159265359,1.06581410364E-14));
#3275 = ( GEOMETRIC_REPRESENTATION_CONTEXT(2) 
PARAMETRIC_REPRESENTATION_CONTEXT() REPRESENTATION_CONTEXT('2D SPACE',''
  ) );
#3276 = ORIENTED_EDGE('',*,*,#3277,.F.);
#3277 = EDGE_CURVE('',#3181,#3244,#3278,.T.);
#3278 = SURFACE_CURVE('',#3279,(#3284,#3296),.PCURVE_S1.);
#3279 = ELLIPSE('',#3280,4.770004098813,4.7625);
#3280 = AXIS2_PLACEMENT_3D('',#3281,#3282,#3283);
#3281 = CARTESIAN_POINT('',(-27.00853282933,-42.22291153833,0.));
#3282 = DIRECTION('',(-0.532032076515,0.846724199228,0.));
#3283 = DIRECTION('',(-0.846724199228,-0.532032076515,0.));
#3284 = PCURVE('',#3089,#3285);
#3285 = DEFINITIONAL_REPRESENTATION('',(#3286),#3295);
#3286 = B_SPLINE_CURVE_WITH_KNOTS('',7,(#3287,#3288,#3289,#3290,#3291,
    #3292,#3293,#3294),.UNSPECIFIED.,.F.,.F.,(8,8),(4.712388980385,
    6.28318530718),.PIECEWISE_BEZIER_KNOTS.);
#3287 = CARTESIAN_POINT('',(-1.7763568394E-15,3.577033740955));
#3288 = CARTESIAN_POINT('',(0.224399475256,3.637050786059));
#3289 = CARTESIAN_POINT('',(0.448798950513,3.697067587457));
#3290 = CARTESIAN_POINT('',(0.673198425769,3.752149880284));
#3291 = CARTESIAN_POINT('',(0.897597901026,3.797354182158));
#3292 = CARTESIAN_POINT('',(1.121997376282,3.828777303659));
#3293 = CARTESIAN_POINT('',(1.346396851538,3.844490004099));
#3294 = CARTESIAN_POINT('',(1.570796326795,3.844490004099));
#3295 = ( GEOMETRIC_REPRESENTATION_CONTEXT(2) 
PARAMETRIC_REPRESENTATION_CONTEXT() REPRESENTATION_CONTEXT('2D SPACE',''
  ) );
#3296 = PCURVE('',#3225,#3297);
#3297 = DEFINITIONAL_REPRESENTATION('',(#3298),#3307);
#3298 = B_SPLINE_CURVE_WITH_KNOTS('',7,(#3299,#3300,#3301,#3302,#3303,
    #3304,#3305,#3306),.UNSPECIFIED.,.F.,.F.,(8,8),(4.712388980385,
    6.28318530718),.PIECEWISE_BEZIER_KNOTS.);
#3299 = CARTESIAN_POINT('',(0.,1.06581410364E-14));
#3300 = CARTESIAN_POINT('',(0.224399475256,-6.001704510348E-02));
#3301 = CARTESIAN_POINT('',(0.448798950513,-0.120033846502));
#3302 = CARTESIAN_POINT('',(0.67319842577,-0.175116139327));
#3303 = CARTESIAN_POINT('',(0.897597901026,-0.220320441205));
#3304 = CARTESIAN_POINT('',(1.121997376282,-0.251743562703));
#3305 = CARTESIAN_POINT('',(1.346396851538,-0.267456263144));
#3306 = CARTESIAN_POINT('',(1.570796326795,-0.267456263144));
#3307 = ( GEOMETRIC_REPRESENTATION_CONTEXT(2) 
PARAMETRIC_REPRESENTATION_CONTEXT() REPRESENTATION_CONTEXT('2D SPACE',''
  ) );
#3308 = ORIENTED_EDGE('',*,*,#3180,.F.);
#3309 = ORIENTED_EDGE('',*,*,#3141,.T.);
#3310 = ORIENTED_EDGE('',*,*,#3107,.T.);
#3311 = ORIENTED_EDGE('',*,*,#3066,.T.);
#3312 = ADVANCED_FACE('',(#3313),#3225,.T.);
#3313 = FACE_BOUND('',#3314,.T.);
#3314 = EDGE_LOOP('',(#3315,#3337,#3378,#3412,#3444,#3445,#3446,#3447));
#3315 = ORIENTED_EDGE('',*,*,#3316,.T.);
#3316 = EDGE_CURVE('',#3181,#3317,#3319,.T.);
#3317 = VERTEX_POINT('',#3318);
#3318 = CARTESIAN_POINT('',(-28.73881160965,-39.09220782729,-4.7625));
#3319 = SEAM_CURVE('',#3320,(#3324,#3330),.PCURVE_S1.);
#3320 = LINE('',#3321,#3322);
#3321 = CARTESIAN_POINT('',(-27.00853282933,-42.22291153833,-4.7625));
#3322 = VECTOR('',#3323,1.);
#3323 = DIRECTION('',(-0.483718887105,0.875223421909,0.));
#3324 = PCURVE('',#3225,#3325);
#3325 = DEFINITIONAL_REPRESENTATION('',(#3326),#3329);
#3326 = B_SPLINE_CURVE_WITH_KNOTS('',1,(#3327,#3328),.UNSPECIFIED.,.F.,
  .F.,(2,2),(-1.480537077276,5.057570818231),.PIECEWISE_BEZIER_KNOTS.);
#3327 = CARTESIAN_POINT('',(6.28318530718,-1.480537077276));
#3328 = CARTESIAN_POINT('',(6.28318530718,5.057570818231));
#3329 = ( GEOMETRIC_REPRESENTATION_CONTEXT(2) 
PARAMETRIC_REPRESENTATION_CONTEXT() REPRESENTATION_CONTEXT('2D SPACE',''
  ) );
#3330 = PCURVE('',#3225,#3331);
#3331 = DEFINITIONAL_REPRESENTATION('',(#3332),#3336);
#3332 = LINE('',#3333,#3334);
#3333 = CARTESIAN_POINT('',(0.,0.));
#3334 = VECTOR('',#3335,1.);
#3335 = DIRECTION('',(0.,1.));
#3336 = ( GEOMETRIC_REPRESENTATION_CONTEXT(2) 
PARAMETRIC_REPRESENTATION_CONTEXT() REPRESENTATION_CONTEXT('2D SPACE',''
  ) );
#3337 = ORIENTED_EDGE('',*,*,#3338,.F.);
#3338 = EDGE_CURVE('',#3339,#3317,#3341,.T.);
#3339 = VERTEX_POINT('',#3340);
#3340 = CARTESIAN_POINT('',(-28.73881160965,-39.09220782729,4.7625));
#3341 = SURFACE_CURVE('',#3342,(#3347,#3360),.PCURVE_S1.);
#3342 = ELLIPSE('',#3343,4.770004098813,4.7625);
#3343 = AXIS2_PLACEMENT_3D('',#3344,#3345,#3346);
#3344 = CARTESIAN_POINT('',(-28.73881160965,-39.09220782729,0.));
#3345 = DIRECTION('',(-0.433883739118,0.900968867902,0.));
#3346 = DIRECTION('',(-0.900968867902,-0.433883739118,0.));
#3347 = PCURVE('',#3225,#3348);
#3348 = DEFINITIONAL_REPRESENTATION('',(#3349),#3359);
#3349 = B_SPLINE_CURVE_WITH_KNOTS('',8,(#3350,#3351,#3352,#3353,#3354,
    #3355,#3356,#3357,#3358),.UNSPECIFIED.,.F.,.F.,(9,9),(1.570796326795
    ,4.712388980385),.PIECEWISE_BEZIER_KNOTS.);
#3350 = CARTESIAN_POINT('',(3.14159265359,3.577033740955));
#3351 = CARTESIAN_POINT('',(3.534291735289,3.472003912024));
#3352 = CARTESIAN_POINT('',(3.926990816988,3.366973245633));
#3353 = CARTESIAN_POINT('',(4.319689898689,3.28663258503));
#3354 = CARTESIAN_POINT('',(4.71238898039,3.255605192696));
#3355 = CARTESIAN_POINT('',(5.105088062086,3.28663258503));
#3356 = CARTESIAN_POINT('',(5.497787143782,3.366973245634));
#3357 = CARTESIAN_POINT('',(5.890486225481,3.472003912024));
#3358 = CARTESIAN_POINT('',(6.28318530718,3.577033740955));
#3359 = ( GEOMETRIC_REPRESENTATION_CONTEXT(2) 
PARAMETRIC_REPRESENTATION_CONTEXT() REPRESENTATION_CONTEXT('2D SPACE',''
  ) );
#3360 = PCURVE('',#3361,#3366);
#3361 = CYLINDRICAL_SURFACE('',#3362,4.7625);
#3362 = AXIS2_PLACEMENT_3D('',#3363,#3364,#3365);
#3363 = CARTESIAN_POINT('',(-28.73881160965,-39.09220782729,0.));
#3364 = DIRECTION('',(-0.382683432365,0.923879532511,0.));
#3365 = DIRECTION('',(1.025712328974E-16,4.248639577543E-17,-1.));
#3366 = DEFINITIONAL_REPRESENTATION('',(#3367),#3377);
#3367 = B_SPLINE_CURVE_WITH_KNOTS('',8,(#3368,#3369,#3370,#3371,#3372,
    #3373,#3374,#3375,#3376),.UNSPECIFIED.,.F.,.F.,(9,9),(1.570796326795
    ,4.712388980385),.PIECEWISE_BEZIER_KNOTS.);
#3368 = CARTESIAN_POINT('',(3.14159265359,8.526512829121E-14));
#3369 = CARTESIAN_POINT('',(3.534291735289,0.105029828931));
#3370 = CARTESIAN_POINT('',(3.926990816988,0.210060495319));
#3371 = CARTESIAN_POINT('',(4.319689898687,0.290401155932));
#3372 = CARTESIAN_POINT('',(4.712388980392,0.321428548245));
#3373 = CARTESIAN_POINT('',(5.105088062082,0.290401155933));
#3374 = CARTESIAN_POINT('',(5.497787143784,0.210060495319));
#3375 = CARTESIAN_POINT('',(5.890486225481,0.105029828931));
#3376 = CARTESIAN_POINT('',(6.28318530718,8.526512829121E-14));
#3377 = ( GEOMETRIC_REPRESENTATION_CONTEXT(2) 
PARAMETRIC_REPRESENTATION_CONTEXT() REPRESENTATION_CONTEXT('2D SPACE',''
  ) );
#3378 = ORIENTED_EDGE('',*,*,#3379,.F.);
#3379 = EDGE_CURVE('',#3380,#3339,#3382,.T.);
#3380 = VERTEX_POINT('',#3381);
#3381 = CARTESIAN_POINT('',(-33.03643680244,-41.16183504129,
    -5.832380380939E-16));
#3382 = SURFACE_CURVE('',#3383,(#3388,#3400),.PCURVE_S1.);
#3383 = ELLIPSE('',#3384,4.770004098813,4.7625);
#3384 = AXIS2_PLACEMENT_3D('',#3385,#3386,#3387);
#3385 = CARTESIAN_POINT('',(-28.73881160965,-39.09220782729,0.));
#3386 = DIRECTION('',(-0.433883739118,0.900968867902,0.));
#3387 = DIRECTION('',(-0.900968867902,-0.433883739118,0.));
#3388 = PCURVE('',#3225,#3389);
#3389 = DEFINITIONAL_REPRESENTATION('',(#3390),#3399);
#3390 = B_SPLINE_CURVE_WITH_KNOTS('',7,(#3391,#3392,#3393,#3394,#3395,
    #3396,#3397,#3398),.UNSPECIFIED.,.F.,.F.,(8,8),(0.,1.570796326795),
  .PIECEWISE_BEZIER_KNOTS.);
#3391 = CARTESIAN_POINT('',(1.570796326795,3.844490004099));
#3392 = CARTESIAN_POINT('',(1.795195802051,3.844490004099));
#3393 = CARTESIAN_POINT('',(2.019595277307,3.828777303658));
#3394 = CARTESIAN_POINT('',(2.243994752565,3.797354182161));
#3395 = CARTESIAN_POINT('',(2.46839422782,3.752149880282));
#3396 = CARTESIAN_POINT('',(2.692793703077,3.697067587458));
#3397 = CARTESIAN_POINT('',(2.917193178333,3.637050786059));
#3398 = CARTESIAN_POINT('',(3.14159265359,3.577033740955));
#3399 = ( GEOMETRIC_REPRESENTATION_CONTEXT(2) 
PARAMETRIC_REPRESENTATION_CONTEXT() REPRESENTATION_CONTEXT('2D SPACE',''
  ) );
#3400 = PCURVE('',#3361,#3401);
#3401 = DEFINITIONAL_REPRESENTATION('',(#3402),#3411);
#3402 = B_SPLINE_CURVE_WITH_KNOTS('',7,(#3403,#3404,#3405,#3406,#3407,
    #3408,#3409,#3410),.UNSPECIFIED.,.F.,.F.,(8,8),(0.,1.570796326795),
  .PIECEWISE_BEZIER_KNOTS.);
#3403 = CARTESIAN_POINT('',(1.570796326795,-0.267456263144));
#3404 = CARTESIAN_POINT('',(1.795195802051,-0.267456263144));
#3405 = CARTESIAN_POINT('',(2.019595277308,-0.251743562703));
#3406 = CARTESIAN_POINT('',(2.243994752565,-0.220320441205));
#3407 = CARTESIAN_POINT('',(2.468394227821,-0.175116139327));
#3408 = CARTESIAN_POINT('',(2.692793703077,-0.120033846502));
#3409 = CARTESIAN_POINT('',(2.917193178333,-6.00170451034E-02));
#3410 = CARTESIAN_POINT('',(3.14159265359,8.526512829121E-14));
#3411 = ( GEOMETRIC_REPRESENTATION_CONTEXT(2) 
PARAMETRIC_REPRESENTATION_CONTEXT() REPRESENTATION_CONTEXT('2D SPACE',''
  ) );
#3412 = ORIENTED_EDGE('',*,*,#3413,.F.);
#3413 = EDGE_CURVE('',#3317,#3380,#3414,.T.);
#3414 = SURFACE_CURVE('',#3415,(#3420,#3432),.PCURVE_S1.);
#3415 = ELLIPSE('',#3416,4.770004098813,4.7625);
#3416 = AXIS2_PLACEMENT_3D('',#3417,#3418,#3419);
#3417 = CARTESIAN_POINT('',(-28.73881160965,-39.09220782729,0.));
#3418 = DIRECTION('',(-0.433883739118,0.900968867902,0.));
#3419 = DIRECTION('',(-0.900968867902,-0.433883739118,0.));
#3420 = PCURVE('',#3225,#3421);
#3421 = DEFINITIONAL_REPRESENTATION('',(#3422),#3431);
#3422 = B_SPLINE_CURVE_WITH_KNOTS('',7,(#3423,#3424,#3425,#3426,#3427,
    #3428,#3429,#3430),.UNSPECIFIED.,.F.,.F.,(8,8),(4.712388980385,
    6.28318530718),.PIECEWISE_BEZIER_KNOTS.);
#3423 = CARTESIAN_POINT('',(0.,3.577033740955));
#3424 = CARTESIAN_POINT('',(0.224399475256,3.637050786059));
#3425 = CARTESIAN_POINT('',(0.448798950513,3.697067587458));
#3426 = CARTESIAN_POINT('',(0.67319842577,3.752149880281));
#3427 = CARTESIAN_POINT('',(0.897597901026,3.797354182161));
#3428 = CARTESIAN_POINT('',(1.121997376282,3.828777303657));
#3429 = CARTESIAN_POINT('',(1.346396851538,3.844490004099));
#3430 = CARTESIAN_POINT('',(1.570796326795,3.844490004099));
#3431 = ( GEOMETRIC_REPRESENTATION_CONTEXT(2) 
PARAMETRIC_REPRESENTATION_CONTEXT() REPRESENTATION_CONTEXT('2D SPACE',''
  ) );
#3432 = PCURVE('',#3361,#3433);
#3433 = DEFINITIONAL_REPRESENTATION('',(#3434),#3443);
#3434 = B_SPLINE_CURVE_WITH_KNOTS('',7,(#3435,#3436,#3437,#3438,#3439,
    #3440,#3441,#3442),.UNSPECIFIED.,.F.,.F.,(8,8),(4.712388980385,
    6.28318530718),.PIECEWISE_BEZIER_KNOTS.);
#3435 = CARTESIAN_POINT('',(0.,8.526512829121E-14));
#3436 = CARTESIAN_POINT('',(0.224399475256,-6.00170451034E-02));
#3437 = CARTESIAN_POINT('',(0.448798950513,-0.120033846502));
#3438 = CARTESIAN_POINT('',(0.673198425769,-0.175116139327));
#3439 = CARTESIAN_POINT('',(0.897597901026,-0.220320441205));
#3440 = CARTESIAN_POINT('',(1.121997376282,-0.251743562703));
#3441 = CARTESIAN_POINT('',(1.346396851538,-0.267456263144));
#3442 = CARTESIAN_POINT('',(1.570796326795,-0.267456263144));
#3443 = ( GEOMETRIC_REPRESENTATION_CONTEXT(2) 
PARAMETRIC_REPRESENTATION_CONTEXT() REPRESENTATION_CONTEXT('2D SPACE',''
  ) );
#3444 = ORIENTED_EDGE('',*,*,#3316,.F.);
#3445 = ORIENTED_EDGE('',*,*,#3277,.T.);
#3446 = ORIENTED_EDGE('',*,*,#3243,.T.);
#3447 = ORIENTED_EDGE('',*,*,#3202,.T.);
#3448 = ADVANCED_FACE('',(#3449),#3361,.T.);
#3449 = FACE_BOUND('',#3450,.T.);
#3450 = EDGE_LOOP('',(#3451,#3473,#3514,#3548,#3580,#3581,#3582,#3583));
#3451 = ORIENTED_EDGE('',*,*,#3452,.T.);
#3452 = EDGE_CURVE('',#3317,#3453,#3455,.T.);
#3453 = VERTEX_POINT('',#3454);
#3454 = CARTESIAN_POINT('',(-30.10768315932,-35.78745956692,-4.7625));
#3455 = SEAM_CURVE('',#3456,(#3460,#3466),.PCURVE_S1.);
#3456 = LINE('',#3457,#3458);
#3457 = CARTESIAN_POINT('',(-28.73881160965,-39.09220782729,-4.7625));
#3458 = VECTOR('',#3459,1.);
#3459 = DIRECTION('',(-0.382683432365,0.923879532511,0.));
#3460 = PCURVE('',#3361,#3461);
#3461 = DEFINITIONAL_REPRESENTATION('',(#3462),#3465);
#3462 = B_SPLINE_CURVE_WITH_KNOTS('',1,(#3463,#3464),.UNSPECIFIED.,.F.,
  .F.,(2,2),(-1.480537077276,5.057570818231),.PIECEWISE_BEZIER_KNOTS.);
#3463 = CARTESIAN_POINT('',(6.28318530718,-1.480537077276));
#3464 = CARTESIAN_POINT('',(6.28318530718,5.057570818231));
#3465 = ( GEOMETRIC_REPRESENTATION_CONTEXT(2) 
PARAMETRIC_REPRESENTATION_CONTEXT() REPRESENTATION_CONTEXT('2D SPACE',''
  ) );
#3466 = PCURVE('',#3361,#3467);
#3467 = DEFINITIONAL_REPRESENTATION('',(#3468),#3472);
#3468 = LINE('',#3469,#3470);
#3469 = CARTESIAN_POINT('',(0.,0.));
#3470 = VECTOR('',#3471,1.);
#3471 = DIRECTION('',(0.,1.));
#3472 = ( GEOMETRIC_REPRESENTATION_CONTEXT(2) 
PARAMETRIC_REPRESENTATION_CONTEXT() REPRESENTATION_CONTEXT('2D SPACE',''
  ) );
#3473 = ORIENTED_EDGE('',*,*,#3474,.F.);
#3474 = EDGE_CURVE('',#3475,#3453,#3477,.T.);
#3475 = VERTEX_POINT('',#3476);
#3476 = CARTESIAN_POINT('',(-30.10768315932,-35.78745956692,4.7625));
#3477 = SURFACE_CURVE('',#3478,(#3483,#3496),.PCURVE_S1.);
#3478 = ELLIPSE('',#3479,4.770004098813,4.7625);
#3479 = AXIS2_PLACEMENT_3D('',#3480,#3481,#3482);
#3480 = CARTESIAN_POINT('',(-30.10768315932,-35.78745956692,0.));
#3481 = DIRECTION('',(-0.330279061955,0.943883330308,0.));
#3482 = DIRECTION('',(-0.943883330308,-0.330279061955,0.));
#3483 = PCURVE('',#3361,#3484);
#3484 = DEFINITIONAL_REPRESENTATION('',(#3485),#3495);
#3485 = B_SPLINE_CURVE_WITH_KNOTS('',8,(#3486,#3487,#3488,#3489,#3490,
    #3491,#3492,#3493,#3494),.UNSPECIFIED.,.F.,.F.,(9,9),(1.570796326795
    ,4.712388980385),.PIECEWISE_BEZIER_KNOTS.);
#3486 = CARTESIAN_POINT('',(3.14159265359,3.577033740955));
#3487 = CARTESIAN_POINT('',(3.534291735289,3.472003912024));
#3488 = CARTESIAN_POINT('',(3.926990816987,3.366973245635));
#3489 = CARTESIAN_POINT('',(4.319689898692,3.286632585022));
#3490 = CARTESIAN_POINT('',(4.712388980381,3.255605192698));
#3491 = CARTESIAN_POINT('',(5.105088062089,3.286632585023));
#3492 = CARTESIAN_POINT('',(5.497787143782,3.366973245636));
#3493 = CARTESIAN_POINT('',(5.890486225481,3.472003912024));
#3494 = CARTESIAN_POINT('',(6.28318530718,3.577033740955));
#3495 = ( GEOMETRIC_REPRESENTATION_CONTEXT(2) 
PARAMETRIC_REPRESENTATION_CONTEXT() REPRESENTATION_CONTEXT('2D SPACE',''
  ) );
#3496 = PCURVE('',#3497,#3502);
#3497 = CYLINDRICAL_SURFACE('',#3498,4.7625);
#3498 = AXIS2_PLACEMENT_3D('',#3499,#3500,#3501);
#3499 = CARTESIAN_POINT('',(-30.10768315932,-35.78745956692,0.));
#3500 = DIRECTION('',(-0.276835511425,0.960917321945,0.));
#3501 = DIRECTION('',(1.066832535585E-16,3.073491588178E-17,-1.));
#3502 = DEFINITIONAL_REPRESENTATION('',(#3503),#3513);
#3503 = B_SPLINE_CURVE_WITH_KNOTS('',8,(#3504,#3505,#3506,#3507,#3508,
    #3509,#3510,#3511,#3512),.UNSPECIFIED.,.F.,.F.,(9,9),(1.570796326795
    ,4.712388980385),.PIECEWISE_BEZIER_KNOTS.);
#3504 = CARTESIAN_POINT('',(3.14159265359,-3.907985046681E-14));
#3505 = CARTESIAN_POINT('',(3.534291735289,0.105029828931));
#3506 = CARTESIAN_POINT('',(3.926990816987,0.210060495319));
#3507 = CARTESIAN_POINT('',(4.319689898693,0.290401155931));
#3508 = CARTESIAN_POINT('',(4.712388980386,0.321428548246));
#3509 = CARTESIAN_POINT('',(5.10508806209,0.290401155931));
#3510 = CARTESIAN_POINT('',(5.497787143781,0.210060495319));
#3511 = CARTESIAN_POINT('',(5.890486225481,0.105029828931));
#3512 = CARTESIAN_POINT('',(6.28318530718,-3.907985046681E-14));
#3513 = ( GEOMETRIC_REPRESENTATION_CONTEXT(2) 
PARAMETRIC_REPRESENTATION_CONTEXT() REPRESENTATION_CONTEXT('2D SPACE',''
  ) );
#3514 = ORIENTED_EDGE('',*,*,#3515,.F.);
#3515 = EDGE_CURVE('',#3516,#3475,#3518,.T.);
#3516 = VERTEX_POINT('',#3517);
#3517 = CARTESIAN_POINT('',(-34.61001051369,-37.3628920462,
    -5.832380380939E-16));
#3518 = SURFACE_CURVE('',#3519,(#3524,#3536),.PCURVE_S1.);
#3519 = ELLIPSE('',#3520,4.770004098813,4.7625);
#3520 = AXIS2_PLACEMENT_3D('',#3521,#3522,#3523);
#3521 = CARTESIAN_POINT('',(-30.10768315932,-35.78745956692,0.));
#3522 = DIRECTION('',(-0.330279061955,0.943883330308,0.));
#3523 = DIRECTION('',(-0.943883330308,-0.330279061955,0.));
#3524 = PCURVE('',#3361,#3525);
#3525 = DEFINITIONAL_REPRESENTATION('',(#3526),#3535);
#3526 = B_SPLINE_CURVE_WITH_KNOTS('',7,(#3527,#3528,#3529,#3530,#3531,
    #3532,#3533,#3534),.UNSPECIFIED.,.F.,.F.,(8,8),(0.,1.570796326795),
  .PIECEWISE_BEZIER_KNOTS.);
#3527 = CARTESIAN_POINT('',(1.570796326795,3.844490004099));
#3528 = CARTESIAN_POINT('',(1.795195802051,3.844490004099));
#3529 = CARTESIAN_POINT('',(2.019595277307,3.828777303657));
#3530 = CARTESIAN_POINT('',(2.243994752565,3.797354182162));
#3531 = CARTESIAN_POINT('',(2.46839422782,3.752149880281));
#3532 = CARTESIAN_POINT('',(2.692793703077,3.697067587458));
#3533 = CARTESIAN_POINT('',(2.917193178333,3.637050786058));
#3534 = CARTESIAN_POINT('',(3.14159265359,3.577033740955));
#3535 = ( GEOMETRIC_REPRESENTATION_CONTEXT(2) 
PARAMETRIC_REPRESENTATION_CONTEXT() REPRESENTATION_CONTEXT('2D SPACE',''
  ) );
#3536 = PCURVE('',#3497,#3537);
#3537 = DEFINITIONAL_REPRESENTATION('',(#3538),#3547);
#3538 = B_SPLINE_CURVE_WITH_KNOTS('',7,(#3539,#3540,#3541,#3542,#3543,
    #3544,#3545,#3546),.UNSPECIFIED.,.F.,.F.,(8,8),(0.,1.570796326795),
  .PIECEWISE_BEZIER_KNOTS.);
#3539 = CARTESIAN_POINT('',(1.570796326795,-0.267456263144));
#3540 = CARTESIAN_POINT('',(1.795195802051,-0.267456263144));
#3541 = CARTESIAN_POINT('',(2.019595277308,-0.251743562703));
#3542 = CARTESIAN_POINT('',(2.243994752564,-0.220320441205));
#3543 = CARTESIAN_POINT('',(2.468394227821,-0.175116139327));
#3544 = CARTESIAN_POINT('',(2.692793703077,-0.120033846503));
#3545 = CARTESIAN_POINT('',(2.917193178333,-6.001704510352E-02));
#3546 = CARTESIAN_POINT('',(3.14159265359,-3.907985046681E-14));
#3547 = ( GEOMETRIC_REPRESENTATION_CONTEXT(2) 
PARAMETRIC_REPRESENTATION_CONTEXT() REPRESENTATION_CONTEXT('2D SPACE',''
  ) );
#3548 = ORIENTED_EDGE('',*,*,#3549,.F.);
#3549 = EDGE_CURVE('',#3453,#3516,#3550,.T.);
#3550 = SURFACE_CURVE('',#3551,(#3556,#3568),.PCURVE_S1.);
#3551 = ELLIPSE('',#3552,4.770004098813,4.7625);
#3552 = AXIS2_PLACEMENT_3D('',#3553,#3554,#3555);
#3553 = CARTESIAN_POINT('',(-30.10768315932,-35.78745956692,0.));
#3554 = DIRECTION('',(-0.330279061955,0.943883330308,0.));
#3555 = DIRECTION('',(-0.943883330308,-0.330279061955,0.));
#3556 = PCURVE('',#3361,#3557);
#3557 = DEFINITIONAL_REPRESENTATION('',(#3558),#3567);
#3558 = B_SPLINE_CURVE_WITH_KNOTS('',7,(#3559,#3560,#3561,#3562,#3563,
    #3564,#3565,#3566),.UNSPECIFIED.,.F.,.F.,(8,8),(4.712388980385,
    6.28318530718),.PIECEWISE_BEZIER_KNOTS.);
#3559 = CARTESIAN_POINT('',(0.,3.577033740955));
#3560 = CARTESIAN_POINT('',(0.224399475256,3.637050786058));
#3561 = CARTESIAN_POINT('',(0.448798950513,3.697067587458));
#3562 = CARTESIAN_POINT('',(0.673198425769,3.752149880281));
#3563 = CARTESIAN_POINT('',(0.897597901026,3.797354182161));
#3564 = CARTESIAN_POINT('',(1.121997376282,3.828777303657));
#3565 = CARTESIAN_POINT('',(1.346396851538,3.844490004099));
#3566 = CARTESIAN_POINT('',(1.570796326795,3.844490004099));
#3567 = ( GEOMETRIC_REPRESENTATION_CONTEXT(2) 
PARAMETRIC_REPRESENTATION_CONTEXT() REPRESENTATION_CONTEXT('2D SPACE',''
  ) );
#3568 = PCURVE('',#3497,#3569);
#3569 = DEFINITIONAL_REPRESENTATION('',(#3570),#3579);
#3570 = B_SPLINE_CURVE_WITH_KNOTS('',7,(#3571,#3572,#3573,#3574,#3575,
    #3576,#3577,#3578),.UNSPECIFIED.,.F.,.F.,(8,8),(4.712388980385,
    6.28318530718),.PIECEWISE_BEZIER_KNOTS.);
#3571 = CARTESIAN_POINT('',(0.,-3.907985046681E-14));
#3572 = CARTESIAN_POINT('',(0.224399475256,-6.001704510352E-02));
#3573 = CARTESIAN_POINT('',(0.448798950513,-0.120033846503));
#3574 = CARTESIAN_POINT('',(0.673198425769,-0.175116139327));
#3575 = CARTESIAN_POINT('',(0.897597901026,-0.220320441205));
#3576 = CARTESIAN_POINT('',(1.121997376282,-0.251743562703));
#3577 = CARTESIAN_POINT('',(1.346396851538,-0.267456263144));
#3578 = CARTESIAN_POINT('',(1.570796326795,-0.267456263144));
#3579 = ( GEOMETRIC_REPRESENTATION_CONTEXT(2) 
PARAMETRIC_REPRESENTATION_CONTEXT() REPRESENTATION_CONTEXT('2D SPACE',''
  ) );
#3580 = ORIENTED_EDGE('',*,*,#3452,.F.);
#3581 = ORIENTED_EDGE('',*,*,#3413,.T.);
#3582 = ORIENTED_EDGE('',*,*,#3379,.T.);
#3583 = ORIENTED_EDGE('',*,*,#3338,.T.);
#3584 = ADVANCED_FACE('',(#3585),#3497,.T.);
#3585 = FACE_BOUND('',#3586,.T.);
#3586 = EDGE_LOOP('',(#3587,#3609,#3650,#3684,#3716,#3717,#3718,#3719));
#3587 = ORIENTED_EDGE('',*,*,#3588,.T.);
#3588 = EDGE_CURVE('',#3453,#3589,#3591,.T.);
#3589 = VERTEX_POINT('',#3590);
#3590 = CARTESIAN_POINT('',(-31.09793312438,-32.35022588405,-4.7625));
#3591 = SEAM_CURVE('',#3592,(#3596,#3602),.PCURVE_S1.);
#3592 = LINE('',#3593,#3594);
#3593 = CARTESIAN_POINT('',(-30.10768315932,-35.78745956692,-4.7625));
#3594 = VECTOR('',#3595,1.);
#3595 = DIRECTION('',(-0.276835511425,0.960917321945,0.));
#3596 = PCURVE('',#3497,#3597);
#3597 = DEFINITIONAL_REPRESENTATION('',(#3598),#3601);
#3598 = B_SPLINE_CURVE_WITH_KNOTS('',1,(#3599,#3600),.UNSPECIFIED.,.F.,
  .F.,(2,2),(-1.480537077276,5.057570818231),.PIECEWISE_BEZIER_KNOTS.);
#3599 = CARTESIAN_POINT('',(6.28318530718,-1.480537077276));
#3600 = CARTESIAN_POINT('',(6.28318530718,5.057570818231));
#3601 = ( GEOMETRIC_REPRESENTATION_CONTEXT(2) 
PARAMETRIC_REPRESENTATION_CONTEXT() REPRESENTATION_CONTEXT('2D SPACE',''
  ) );
#3602 = PCURVE('',#3497,#3603);
#3603 = DEFINITIONAL_REPRESENTATION('',(#3604),#3608);
#3604 = LINE('',#3605,#3606);
#3605 = CARTESIAN_POINT('',(0.,0.));
#3606 = VECTOR('',#3607,1.);
#3607 = DIRECTION('',(0.,1.));
#3608 = ( GEOMETRIC_REPRESENTATION_CONTEXT(2) 
PARAMETRIC_REPRESENTATION_CONTEXT() REPRESENTATION_CONTEXT('2D SPACE',''
  ) );
#3609 = ORIENTED_EDGE('',*,*,#3610,.F.);
#3610 = EDGE_CURVE('',#3611,#3589,#3613,.T.);
#3611 = VERTEX_POINT('',#3612);
#3612 = CARTESIAN_POINT('',(-31.09793312438,-32.35022588405,4.7625));
#3613 = SURFACE_CURVE('',#3614,(#3619,#3632),.PCURVE_S1.);
#3614 = ELLIPSE('',#3615,4.770004098813,4.7625);
#3615 = AXIS2_PLACEMENT_3D('',#3616,#3617,#3618);
#3616 = CARTESIAN_POINT('',(-31.09793312438,-32.35022588405,0.));
#3617 = DIRECTION('',(-0.222520933956,0.974927912182,0.));
#3618 = DIRECTION('',(-0.974927912182,-0.222520933956,0.));
#3619 = PCURVE('',#3497,#3620);
#3620 = DEFINITIONAL_REPRESENTATION('',(#3621),#3631);
#3621 = B_SPLINE_CURVE_WITH_KNOTS('',8,(#3622,#3623,#3624,#3625,#3626,
    #3627,#3628,#3629,#3630),.UNSPECIFIED.,.F.,.F.,(9,9),(1.570796326795
    ,4.712388980385),.PIECEWISE_BEZIER_KNOTS.);
#3622 = CARTESIAN_POINT('',(3.14159265359,3.577033740955));
#3623 = CARTESIAN_POINT('',(3.534291735289,3.472003912024));
#3624 = CARTESIAN_POINT('',(3.926990816988,3.366973245636));
#3625 = CARTESIAN_POINT('',(4.319689898689,3.286632585018));
#3626 = CARTESIAN_POINT('',(4.712388980391,3.255605192705));
#3627 = CARTESIAN_POINT('',(5.105088062083,3.28663258502));
#3628 = CARTESIAN_POINT('',(5.497787143782,3.366973245636));
#3629 = CARTESIAN_POINT('',(5.890486225481,3.472003912024));
#3630 = CARTESIAN_POINT('',(6.28318530718,3.577033740955));
#3631 = ( GEOMETRIC_REPRESENTATION_CONTEXT(2) 
PARAMETRIC_REPRESENTATION_CONTEXT() REPRESENTATION_CONTEXT('2D SPACE',''
  ) );
#3632 = PCURVE('',#3633,#3638);
#3633 = CYLINDRICAL_SURFACE('',#3634,4.7625);
#3634 = AXIS2_PLACEMENT_3D('',#3635,#3636,#3637);
#3635 = CARTESIAN_POINT('',(-31.09793312438,-32.35022588405,0.));
#3636 = DIRECTION('',(-0.167506223305,0.985871018518,0.));
#3637 = DIRECTION('',(1.09453670407E-16,1.859692658809E-17,-1.));
#3638 = DEFINITIONAL_REPRESENTATION('',(#3639),#3649);
#3639 = B_SPLINE_CURVE_WITH_KNOTS('',8,(#3640,#3641,#3642,#3643,#3644,
    #3645,#3646,#3647,#3648),.UNSPECIFIED.,.F.,.F.,(9,9),(1.570796326795
    ,4.712388980385),.PIECEWISE_BEZIER_KNOTS.);
#3640 = CARTESIAN_POINT('',(3.14159265359,-7.460698725481E-14));
#3641 = CARTESIAN_POINT('',(3.534291735289,0.105029828931));
#3642 = CARTESIAN_POINT('',(3.926990816988,0.210060495319));
#3643 = CARTESIAN_POINT('',(4.319689898689,0.290401155932));
#3644 = CARTESIAN_POINT('',(4.712388980391,0.321428548245));
#3645 = CARTESIAN_POINT('',(5.105088062083,0.290401155932));
#3646 = CARTESIAN_POINT('',(5.497787143782,0.210060495319));
#3647 = CARTESIAN_POINT('',(5.890486225481,0.105029828931));
#3648 = CARTESIAN_POINT('',(6.28318530718,-7.460698725481E-14));
#3649 = ( GEOMETRIC_REPRESENTATION_CONTEXT(2) 
PARAMETRIC_REPRESENTATION_CONTEXT() REPRESENTATION_CONTEXT('2D SPACE',''
  ) );
#3650 = ORIENTED_EDGE('',*,*,#3651,.F.);
#3651 = EDGE_CURVE('',#3652,#3611,#3654,.T.);
#3652 = VERTEX_POINT('',#3653);
#3653 = CARTESIAN_POINT('',(-35.74834326154,-33.4116516511,
    -5.832380380939E-16));
#3654 = SURFACE_CURVE('',#3655,(#3660,#3672),.PCURVE_S1.);
#3655 = ELLIPSE('',#3656,4.770004098813,4.7625);
#3656 = AXIS2_PLACEMENT_3D('',#3657,#3658,#3659);
#3657 = CARTESIAN_POINT('',(-31.09793312438,-32.35022588405,0.));
#3658 = DIRECTION('',(-0.222520933956,0.974927912182,0.));
#3659 = DIRECTION('',(-0.974927912182,-0.222520933956,0.));
#3660 = PCURVE('',#3497,#3661);
#3661 = DEFINITIONAL_REPRESENTATION('',(#3662),#3671);
#3662 = B_SPLINE_CURVE_WITH_KNOTS('',7,(#3663,#3664,#3665,#3666,#3667,
    #3668,#3669,#3670),.UNSPECIFIED.,.F.,.F.,(8,8),(0.,1.570796326795),
  .PIECEWISE_BEZIER_KNOTS.);
#3663 = CARTESIAN_POINT('',(1.570796326795,3.844490004099));
#3664 = CARTESIAN_POINT('',(1.795195802051,3.844490004099));
#3665 = CARTESIAN_POINT('',(2.019595277307,3.828777303658));
#3666 = CARTESIAN_POINT('',(2.243994752565,3.79735418216));
#3667 = CARTESIAN_POINT('',(2.46839422782,3.752149880283));
#3668 = CARTESIAN_POINT('',(2.692793703077,3.697067587457));
#3669 = CARTESIAN_POINT('',(2.917193178333,3.637050786058));
#3670 = CARTESIAN_POINT('',(3.14159265359,3.577033740955));
#3671 = ( GEOMETRIC_REPRESENTATION_CONTEXT(2) 
PARAMETRIC_REPRESENTATION_CONTEXT() REPRESENTATION_CONTEXT('2D SPACE',''
  ) );
#3672 = PCURVE('',#3633,#3673);
#3673 = DEFINITIONAL_REPRESENTATION('',(#3674),#3683);
#3674 = B_SPLINE_CURVE_WITH_KNOTS('',7,(#3675,#3676,#3677,#3678,#3679,
    #3680,#3681,#3682),.UNSPECIFIED.,.F.,.F.,(8,8),(0.,1.570796326795),
  .PIECEWISE_BEZIER_KNOTS.);
#3675 = CARTESIAN_POINT('',(1.570796326795,-0.267456263144));
#3676 = CARTESIAN_POINT('',(1.795195802051,-0.267456263144));
#3677 = CARTESIAN_POINT('',(2.019595277308,-0.251743562703));
#3678 = CARTESIAN_POINT('',(2.243994752564,-0.220320441205));
#3679 = CARTESIAN_POINT('',(2.468394227821,-0.175116139327));
#3680 = CARTESIAN_POINT('',(2.692793703077,-0.120033846503));
#3681 = CARTESIAN_POINT('',(2.917193178333,-6.001704510356E-02));
#3682 = CARTESIAN_POINT('',(3.14159265359,-7.460698725481E-14));
#3683 = ( GEOMETRIC_REPRESENTATION_CONTEXT(2) 
PARAMETRIC_REPRESENTATION_CONTEXT() REPRESENTATION_CONTEXT('2D SPACE',''
  ) );
#3684 = ORIENTED_EDGE('',*,*,#3685,.F.);
#3685 = EDGE_CURVE('',#3589,#3652,#3686,.T.);
#3686 = SURFACE_CURVE('',#3687,(#3692,#3704),.PCURVE_S1.);
#3687 = ELLIPSE('',#3688,4.770004098813,4.7625);
#3688 = AXIS2_PLACEMENT_3D('',#3689,#3690,#3691);
#3689 = CARTESIAN_POINT('',(-31.09793312438,-32.35022588405,0.));
#3690 = DIRECTION('',(-0.222520933956,0.974927912182,0.));
#3691 = DIRECTION('',(-0.974927912182,-0.222520933956,0.));
#3692 = PCURVE('',#3497,#3693);
#3693 = DEFINITIONAL_REPRESENTATION('',(#3694),#3703);
#3694 = B_SPLINE_CURVE_WITH_KNOTS('',7,(#3695,#3696,#3697,#3698,#3699,
    #3700,#3701,#3702),.UNSPECIFIED.,.F.,.F.,(8,8),(4.712388980385,
    6.28318530718),.PIECEWISE_BEZIER_KNOTS.);
#3695 = CARTESIAN_POINT('',(0.,3.577033740955));
#3696 = CARTESIAN_POINT('',(0.224399475256,3.637050786058));
#3697 = CARTESIAN_POINT('',(0.448798950513,3.697067587458));
#3698 = CARTESIAN_POINT('',(0.673198425769,3.752149880281));
#3699 = CARTESIAN_POINT('',(0.897597901026,3.797354182161));
#3700 = CARTESIAN_POINT('',(1.121997376282,3.828777303658));
#3701 = CARTESIAN_POINT('',(1.346396851538,3.844490004099));
#3702 = CARTESIAN_POINT('',(1.570796326795,3.844490004099));
#3703 = ( GEOMETRIC_REPRESENTATION_CONTEXT(2) 
PARAMETRIC_REPRESENTATION_CONTEXT() REPRESENTATION_CONTEXT('2D SPACE',''
  ) );
#3704 = PCURVE('',#3633,#3705);
#3705 = DEFINITIONAL_REPRESENTATION('',(#3706),#3715);
#3706 = B_SPLINE_CURVE_WITH_KNOTS('',7,(#3707,#3708,#3709,#3710,#3711,
    #3712,#3713,#3714),.UNSPECIFIED.,.F.,.F.,(8,8),(4.712388980385,
    6.28318530718),.PIECEWISE_BEZIER_KNOTS.);
#3707 = CARTESIAN_POINT('',(0.,-7.460698725481E-14));
#3708 = CARTESIAN_POINT('',(0.224399475256,-6.001704510356E-02));
#3709 = CARTESIAN_POINT('',(0.448798950513,-0.120033846503));
#3710 = CARTESIAN_POINT('',(0.673198425769,-0.175116139327));
#3711 = CARTESIAN_POINT('',(0.897597901026,-0.220320441205));
#3712 = CARTESIAN_POINT('',(1.121997376282,-0.251743562703));
#3713 = CARTESIAN_POINT('',(1.346396851538,-0.267456263144));
#3714 = CARTESIAN_POINT('',(1.570796326795,-0.267456263144));
#3715 = ( GEOMETRIC_REPRESENTATION_CONTEXT(2) 
PARAMETRIC_REPRESENTATION_CONTEXT() REPRESENTATION_CONTEXT('2D SPACE',''
  ) );
#3716 = ORIENTED_EDGE('',*,*,#3588,.F.);
#3717 = ORIENTED_EDGE('',*,*,#3549,.T.);
#3718 = ORIENTED_EDGE('',*,*,#3515,.T.);
#3719 = ORIENTED_EDGE('',*,*,#3474,.T.);
#3720 = ADVANCED_FACE('',(#3721),#3633,.T.);
#3721 = FACE_BOUND('',#3722,.T.);
#3722 = EDGE_LOOP('',(#3723,#3745,#3786,#3820,#3852,#3853,#3854,#3855));
#3723 = ORIENTED_EDGE('',*,*,#3724,.T.);
#3724 = EDGE_CURVE('',#3589,#3725,#3727,.T.);
#3725 = VERTEX_POINT('',#3726);
#3726 = CARTESIAN_POINT('',(-31.69710853696,-28.82373198658,-4.7625));
#3727 = SEAM_CURVE('',#3728,(#3732,#3738),.PCURVE_S1.);
#3728 = LINE('',#3729,#3730);
#3729 = CARTESIAN_POINT('',(-31.09793312438,-32.35022588405,-4.7625));
#3730 = VECTOR('',#3731,1.);
#3731 = DIRECTION('',(-0.167506223305,0.985871018518,0.));
#3732 = PCURVE('',#3633,#3733);
#3733 = DEFINITIONAL_REPRESENTATION('',(#3734),#3737);
#3734 = B_SPLINE_CURVE_WITH_KNOTS('',1,(#3735,#3736),.UNSPECIFIED.,.F.,
  .F.,(2,2),(-1.480537077276,5.057570818231),.PIECEWISE_BEZIER_KNOTS.);
#3735 = CARTESIAN_POINT('',(6.28318530718,-1.480537077276));
#3736 = CARTESIAN_POINT('',(6.28318530718,5.057570818231));
#3737 = ( GEOMETRIC_REPRESENTATION_CONTEXT(2) 
PARAMETRIC_REPRESENTATION_CONTEXT() REPRESENTATION_CONTEXT('2D SPACE',''
  ) );
#3738 = PCURVE('',#3633,#3739);
#3739 = DEFINITIONAL_REPRESENTATION('',(#3740),#3744);
#3740 = LINE('',#3741,#3742);
#3741 = CARTESIAN_POINT('',(0.,0.));
#3742 = VECTOR('',#3743,1.);
#3743 = DIRECTION('',(0.,1.));
#3744 = ( GEOMETRIC_REPRESENTATION_CONTEXT(2) 
PARAMETRIC_REPRESENTATION_CONTEXT() REPRESENTATION_CONTEXT('2D SPACE',''
  ) );
#3745 = ORIENTED_EDGE('',*,*,#3746,.F.);
#3746 = EDGE_CURVE('',#3747,#3725,#3749,.T.);
#3747 = VERTEX_POINT('',#3748);
#3748 = CARTESIAN_POINT('',(-31.69710853696,-28.82373198658,4.7625));
#3749 = SURFACE_CURVE('',#3750,(#3755,#3768),.PCURVE_S1.);
#3750 = ELLIPSE('',#3751,4.770004098813,4.7625);
#3751 = AXIS2_PLACEMENT_3D('',#3752,#3753,#3754);
#3752 = CARTESIAN_POINT('',(-31.69710853696,-28.82373198658,0.));
#3753 = DIRECTION('',(-0.111964476103,0.993712209893,0.));
#3754 = DIRECTION('',(-0.993712209893,-0.111964476103,0.));
#3755 = PCURVE('',#3633,#3756);
#3756 = DEFINITIONAL_REPRESENTATION('',(#3757),#3767);
#3757 = B_SPLINE_CURVE_WITH_KNOTS('',8,(#3758,#3759,#3760,#3761,#3762,
    #3763,#3764,#3765,#3766),.UNSPECIFIED.,.F.,.F.,(9,9),(1.570796326795
    ,4.712388980385),.PIECEWISE_BEZIER_KNOTS.);
#3758 = CARTESIAN_POINT('',(3.14159265359,3.577033740955));
#3759 = CARTESIAN_POINT('',(3.534291735289,3.472003912024));
#3760 = CARTESIAN_POINT('',(3.926990816988,3.366973245634));
#3761 = CARTESIAN_POINT('',(4.319689898689,3.286632585025));
#3762 = CARTESIAN_POINT('',(4.712388980387,3.25560519269));
#3763 = CARTESIAN_POINT('',(5.105088062085,3.286632585028));
#3764 = CARTESIAN_POINT('',(5.497787143782,3.366973245632));
#3765 = CARTESIAN_POINT('',(5.890486225481,3.472003912024));
#3766 = CARTESIAN_POINT('',(6.28318530718,3.577033740955));
#3767 = ( GEOMETRIC_REPRESENTATION_CONTEXT(2) 
PARAMETRIC_REPRESENTATION_CONTEXT() REPRESENTATION_CONTEXT('2D SPACE',''
  ) );
#3768 = PCURVE('',#3769,#3774);
#3769 = CYLINDRICAL_SURFACE('',#3770,4.7625);
#3770 = AXIS2_PLACEMENT_3D('',#3771,#3772,#3773);
#3771 = CARTESIAN_POINT('',(-31.69710853696,-28.82373198658,0.));
#3772 = DIRECTION('',(-5.607044723719E-02,0.998426815018,0.));
#3773 = DIRECTION('',(1.108476438436E-16,6.225070152376E-18,-1.));
#3774 = DEFINITIONAL_REPRESENTATION('',(#3775),#3785);
#3775 = B_SPLINE_CURVE_WITH_KNOTS('',8,(#3776,#3777,#3778,#3779,#3780,
    #3781,#3782,#3783,#3784),.UNSPECIFIED.,.F.,.F.,(9,9),(1.570796326795
    ,4.712388980385),.PIECEWISE_BEZIER_KNOTS.);
#3776 = CARTESIAN_POINT('',(3.14159265359,2.84217094304E-14));
#3777 = CARTESIAN_POINT('',(3.534291735289,0.105029828931));
#3778 = CARTESIAN_POINT('',(3.926990816987,0.210060495319));
#3779 = CARTESIAN_POINT('',(4.319689898672,0.290401155932));
#3780 = CARTESIAN_POINT('',(4.712388980385,0.321428548245));
#3781 = CARTESIAN_POINT('',(5.105088062065,0.290401155932));
#3782 = CARTESIAN_POINT('',(5.497787143782,0.210060495319));
#3783 = CARTESIAN_POINT('',(5.890486225481,0.105029828931));
#3784 = CARTESIAN_POINT('',(6.28318530718,2.84217094304E-14));
#3785 = ( GEOMETRIC_REPRESENTATION_CONTEXT(2) 
PARAMETRIC_REPRESENTATION_CONTEXT() REPRESENTATION_CONTEXT('2D SPACE',''
  ) );
#3786 = ORIENTED_EDGE('',*,*,#3787,.F.);
#3787 = EDGE_CURVE('',#3788,#3747,#3790,.T.);
#3788 = VERTEX_POINT('',#3789);
#3789 = CARTESIAN_POINT('',(-36.43711985119,-29.35780299652,
    -5.832380380939E-16));
#3790 = SURFACE_CURVE('',#3791,(#3796,#3808),.PCURVE_S1.);
#3791 = ELLIPSE('',#3792,4.770004098813,4.7625);
#3792 = AXIS2_PLACEMENT_3D('',#3793,#3794,#3795);
#3793 = CARTESIAN_POINT('',(-31.69710853696,-28.82373198658,0.));
#3794 = DIRECTION('',(-0.111964476103,0.993712209893,0.));
#3795 = DIRECTION('',(-0.993712209893,-0.111964476103,0.));
#3796 = PCURVE('',#3633,#3797);
#3797 = DEFINITIONAL_REPRESENTATION('',(#3798),#3807);
#3798 = B_SPLINE_CURVE_WITH_KNOTS('',7,(#3799,#3800,#3801,#3802,#3803,
    #3804,#3805,#3806),.UNSPECIFIED.,.F.,.F.,(8,8),(0.,1.570796326795),
  .PIECEWISE_BEZIER_KNOTS.);
#3799 = CARTESIAN_POINT('',(1.570796326795,3.844490004099));
#3800 = CARTESIAN_POINT('',(1.795195802051,3.844490004099));
#3801 = CARTESIAN_POINT('',(2.019595277307,3.828777303657));
#3802 = CARTESIAN_POINT('',(2.243994752565,3.797354182161));
#3803 = CARTESIAN_POINT('',(2.46839422782,3.752149880281));
#3804 = CARTESIAN_POINT('',(2.692793703077,3.697067587458));
#3805 = CARTESIAN_POINT('',(2.917193178333,3.637050786059));
#3806 = CARTESIAN_POINT('',(3.14159265359,3.577033740955));
#3807 = ( GEOMETRIC_REPRESENTATION_CONTEXT(2) 
PARAMETRIC_REPRESENTATION_CONTEXT() REPRESENTATION_CONTEXT('2D SPACE',''
  ) );
#3808 = PCURVE('',#3769,#3809);
#3809 = DEFINITIONAL_REPRESENTATION('',(#3810),#3819);
#3810 = B_SPLINE_CURVE_WITH_KNOTS('',7,(#3811,#3812,#3813,#3814,#3815,
    #3816,#3817,#3818),.UNSPECIFIED.,.F.,.F.,(8,8),(0.,1.570796326795),
  .PIECEWISE_BEZIER_KNOTS.);
#3811 = CARTESIAN_POINT('',(1.570796326795,-0.267456263144));
#3812 = CARTESIAN_POINT('',(1.795195802051,-0.267456263144));
#3813 = CARTESIAN_POINT('',(2.019595277308,-0.251743562703));
#3814 = CARTESIAN_POINT('',(2.243994752564,-0.220320441205));
#3815 = CARTESIAN_POINT('',(2.468394227821,-0.175116139327));
#3816 = CARTESIAN_POINT('',(2.692793703077,-0.120033846502));
#3817 = CARTESIAN_POINT('',(2.917193178333,-6.001704510346E-02));
#3818 = CARTESIAN_POINT('',(3.14159265359,2.84217094304E-14));
#3819 = ( GEOMETRIC_REPRESENTATION_CONTEXT(2) 
PARAMETRIC_REPRESENTATION_CONTEXT() REPRESENTATION_CONTEXT('2D SPACE',''
  ) );
#3820 = ORIENTED_EDGE('',*,*,#3821,.F.);
#3821 = EDGE_CURVE('',#3725,#3788,#3822,.T.);
#3822 = SURFACE_CURVE('',#3823,(#3828,#3840),.PCURVE_S1.);
#3823 = ELLIPSE('',#3824,4.770004098813,4.7625);
#3824 = AXIS2_PLACEMENT_3D('',#3825,#3826,#3827);
#3825 = CARTESIAN_POINT('',(-31.69710853696,-28.82373198658,0.));
#3826 = DIRECTION('',(-0.111964476103,0.993712209893,0.));
#3827 = DIRECTION('',(-0.993712209893,-0.111964476103,0.));
#3828 = PCURVE('',#3633,#3829);
#3829 = DEFINITIONAL_REPRESENTATION('',(#3830),#3839);
#3830 = B_SPLINE_CURVE_WITH_KNOTS('',7,(#3831,#3832,#3833,#3834,#3835,
    #3836,#3837,#3838),.UNSPECIFIED.,.F.,.F.,(8,8),(4.712388980385,
    6.28318530718),.PIECEWISE_BEZIER_KNOTS.);
#3831 = CARTESIAN_POINT('',(0.,3.577033740955));
#3832 = CARTESIAN_POINT('',(0.224399475256,3.637050786059));
#3833 = CARTESIAN_POINT('',(0.448798950513,3.697067587457));
#3834 = CARTESIAN_POINT('',(0.67319842577,3.752149880284));
#3835 = CARTESIAN_POINT('',(0.897597901026,3.797354182158));
#3836 = CARTESIAN_POINT('',(1.121997376282,3.828777303659));
#3837 = CARTESIAN_POINT('',(1.346396851538,3.844490004099));
#3838 = CARTESIAN_POINT('',(1.570796326795,3.844490004099));
#3839 = ( GEOMETRIC_REPRESENTATION_CONTEXT(2) 
PARAMETRIC_REPRESENTATION_CONTEXT() REPRESENTATION_CONTEXT('2D SPACE',''
  ) );
#3840 = PCURVE('',#3769,#3841);
#3841 = DEFINITIONAL_REPRESENTATION('',(#3842),#3851);
#3842 = B_SPLINE_CURVE_WITH_KNOTS('',7,(#3843,#3844,#3845,#3846,#3847,
    #3848,#3849,#3850),.UNSPECIFIED.,.F.,.F.,(8,8),(4.712388980385,
    6.28318530718),.PIECEWISE_BEZIER_KNOTS.);
#3843 = CARTESIAN_POINT('',(-1.7763568394E-15,2.84217094304E-14));
#3844 = CARTESIAN_POINT('',(0.224399475256,-6.001704510346E-02));
#3845 = CARTESIAN_POINT('',(0.448798950513,-0.120033846502));
#3846 = CARTESIAN_POINT('',(0.673198425769,-0.175116139327));
#3847 = CARTESIAN_POINT('',(0.897597901026,-0.220320441205));
#3848 = CARTESIAN_POINT('',(1.121997376282,-0.251743562703));
#3849 = CARTESIAN_POINT('',(1.346396851538,-0.267456263144));
#3850 = CARTESIAN_POINT('',(1.570796326795,-0.267456263144));
#3851 = ( GEOMETRIC_REPRESENTATION_CONTEXT(2) 
PARAMETRIC_REPRESENTATION_CONTEXT() REPRESENTATION_CONTEXT('2D SPACE',''
  ) );
#3852 = ORIENTED_EDGE('',*,*,#3724,.F.);
#3853 = ORIENTED_EDGE('',*,*,#3685,.T.);
#3854 = ORIENTED_EDGE('',*,*,#3651,.T.);
#3855 = ORIENTED_EDGE('',*,*,#3610,.T.);
#3856 = ADVANCED_FACE('',(#3857),#3769,.T.);
#3857 = FACE_BOUND('',#3858,.T.);
#3858 = EDGE_LOOP('',(#3859,#3881,#3908,#3909,#3910,#3911));
#3859 = ORIENTED_EDGE('',*,*,#3860,.T.);
#3860 = EDGE_CURVE('',#3725,#3861,#3863,.T.);
#3861 = VERTEX_POINT('',#3862);
#3862 = CARTESIAN_POINT('',(-31.8976744186,-25.25232558139,-4.7625));
#3863 = SEAM_CURVE('',#3864,(#3868,#3874),.PCURVE_S1.);
#3864 = LINE('',#3865,#3866);
#3865 = CARTESIAN_POINT('',(-31.69710853696,-28.82373198658,-4.7625));
#3866 = VECTOR('',#3867,1.);
#3867 = DIRECTION('',(-5.607044723719E-02,0.998426815018,0.));
#3868 = PCURVE('',#3769,#3869);
#3869 = DEFINITIONAL_REPRESENTATION('',(#3870),#3873);
#3870 = B_SPLINE_CURVE_WITH_KNOTS('',1,(#3871,#3872),.UNSPECIFIED.,.F.,
  .F.,(2,2),(-1.480537077276,3.577033740955),.PIECEWISE_BEZIER_KNOTS.);
#3871 = CARTESIAN_POINT('',(6.28318530718,-1.480537077276));
#3872 = CARTESIAN_POINT('',(6.28318530718,3.577033740955));
#3873 = ( GEOMETRIC_REPRESENTATION_CONTEXT(2) 
PARAMETRIC_REPRESENTATION_CONTEXT() REPRESENTATION_CONTEXT('2D SPACE',''
  ) );
#3874 = PCURVE('',#3769,#3875);
#3875 = DEFINITIONAL_REPRESENTATION('',(#3876),#3880);
#3876 = LINE('',#3877,#3878);
#3877 = CARTESIAN_POINT('',(0.,0.));
#3878 = VECTOR('',#3879,1.);
#3879 = DIRECTION('',(0.,1.));
#3880 = ( GEOMETRIC_REPRESENTATION_CONTEXT(2) 
PARAMETRIC_REPRESENTATION_CONTEXT() REPRESENTATION_CONTEXT('2D SPACE',''
  ) );
#3881 = ORIENTED_EDGE('',*,*,#3882,.F.);
#3882 = EDGE_CURVE('',#3861,#3861,#3883,.T.);
#3883 = SURFACE_CURVE('',#3884,(#3889,#3896),.PCURVE_S1.);
#3884 = CIRCLE('',#3885,4.7625);
#3885 = AXIS2_PLACEMENT_3D('',#3886,#3887,#3888);
#3886 = CARTESIAN_POINT('',(-31.8976744186,-25.25232558139,0.));
#3887 = DIRECTION('',(-5.607044723719E-02,0.998426815018,
    -8.866273310325E-35));
#3888 = DIRECTION('',(1.108476438436E-16,6.225070152376E-18,-1.));
#3889 = PCURVE('',#3769,#3890);
#3890 = DEFINITIONAL_REPRESENTATION('',(#3891),#3895);
#3891 = LINE('',#3892,#3893);
#3892 = CARTESIAN_POINT('',(0.,3.577033740955));
#3893 = VECTOR('',#3894,1.);
#3894 = DIRECTION('',(1.,0.));
#3895 = ( GEOMETRIC_REPRESENTATION_CONTEXT(2) 
PARAMETRIC_REPRESENTATION_CONTEXT() REPRESENTATION_CONTEXT('2D SPACE',''
  ) );
#3896 = PCURVE('',#3897,#3902);
#3897 = PLANE('',#3898);
#3898 = AXIS2_PLACEMENT_3D('',#3899,#3900,#3901);
#3899 = CARTESIAN_POINT('',(-31.8976744186,-25.25232558139,
    4.306898055242E-16));
#3900 = DIRECTION('',(-5.607044723719E-02,0.998426815018,0.));
#3901 = DIRECTION('',(0.998426815018,5.607044723719E-02,0.));
#3902 = DEFINITIONAL_REPRESENTATION('',(#3903),#3907);
#3903 = CIRCLE('',#3904,4.7625);
#3904 = AXIS2_PLACEMENT_2D('',#3905,#3906);
#3905 = CARTESIAN_POINT('',(0.,4.306898055242E-16));
#3906 = DIRECTION('',(1.110223024625E-16,1.));
#3907 = ( GEOMETRIC_REPRESENTATION_CONTEXT(2) 
PARAMETRIC_REPRESENTATION_CONTEXT() REPRESENTATION_CONTEXT('2D SPACE',''
  ) );
#3908 = ORIENTED_EDGE('',*,*,#3860,.F.);
#3909 = ORIENTED_EDGE('',*,*,#3821,.T.);
#3910 = ORIENTED_EDGE('',*,*,#3787,.T.);
#3911 = ORIENTED_EDGE('',*,*,#3746,.T.);
#3912 = ADVANCED_FACE('',(#3913),#173,.F.);
#3913 = FACE_BOUND('',#3914,.F.);
#3914 = EDGE_LOOP('',(#3915));
#3915 = ORIENTED_EDGE('',*,*,#158,.T.);
#3916 = ADVANCED_FACE('',(#3917),#3897,.T.);
#3917 = FACE_BOUND('',#3918,.T.);
#3918 = EDGE_LOOP('',(#3919));
#3919 = ORIENTED_EDGE('',*,*,#3882,.T.);
#3920 = ( GEOMETRIC_REPRESENTATION_CONTEXT(3) 
GLOBAL_UNCERTAINTY_ASSIGNED_CONTEXT((#3924)) 
GLOBAL_UNIT_ASSIGNED_CONTEXT((#3921,#3922,#3923)) REPRESENTATION_CONTEXT
('Context #1','3D Context with UNIT and UNCERTAINTY') );
#3921 = ( LENGTH_UNIT() NAMED_UNIT(*) SI_UNIT(.MILLI.,.METRE.) );
#3922 = ( NAMED_UNIT(*) PLANE_ANGLE_UNIT() SI_UNIT($,.RADIAN.) );
#3923 = ( NAMED_UNIT(*) SI_UNIT($,.STERADIAN.) SOLID_ANGLE_UNIT() );
#3924 = UNCERTAINTY_MEASURE_WITH_UNIT(LENGTH_MEASURE(1.E-07),#3921,
  'distance_accuracy_value','confusion accuracy');
#3925 = PRODUCT_RELATED_PRODUCT_CATEGORY('part',$,(#7));
ENDSEC;
END-ISO-10303-21;
