ISO-10303-21;
HEADER;
FILE_DESCRIPTION(('Open CASCADE Model'),'2;1');
FILE_NAME('Open CASCADE Shape Model','2026-08-21T10:38:23',('Author'),(
    'Open CASCADE'),'Open CASCADE STEP processor 7.7','Open CASCADE 7.7'
  ,'Unknown');
FILE_SCHEMA(('AUTOMOTIVE_DESIGN { 1 0 10303 214 1 1 1 1 }'));
ENDSEC;
DATA;
#1 = APPLICATION_PROTOCOL_DEFINITION('international standard',
  'automotive_design',2000,#2);
#2 = APPLICATION_CONTEXT(
  'core data for automotive mechanical design processes');
#3 = SHAPE_DEFINITION_REPRESENTATION(#4,#10);
#4 = PRODUCT_DEFINITION_SHAPE('','',#5);
#5 = PRODUCT_DEFINITION('design','',#6,#9);
#6 = PRODUCT_DEFINITION_FORMATION('','',#7);
#7 = PRODUCT('Open CASCADE STEP translator 7.7 11',
  'Open CASCADE STEP translator 7.7 11','',(#8));
#8 = PRODUCT_CONTEXT('',#2,'mechanical');
#9 = PRODUCT_DEFINITION_CONTEXT('part definition',#2,'design');
#10 = ADVANCED_BREP_SHAPE_REPRESENTATION('',(#11,#15),#15013);
#11 = AXIS2_PLACEMENT_3D('',#12,#13,#14);
#12 = CARTESIAN_POINT('',(0.,0.,0.));
#13 = DIRECTION('',(0.,0.,1.));
#14 = DIRECTION('',(1.,0.,-0.));
#15 = MANIFOLD_SOLID_BREP('',#16);
#16 = CLOSED_SHELL('',(#17,#840,#1836,#2052,#2333,#3055,#3099,#3143,
    #3297,#3451,#3600,#3624,#3883,#3932,#4532,#4614,#4747,#4880,#5008,
    #5014,#5927,#6509,#6553,#6577,#7272,#7316,#7449,#7493,#7499,#7602,
    #7777,#7952,#8122,#8272,#8417,#8950,#8994,#9018,#9024,#9048,#9151,
    #9305,#9382,#9485,#9656,#9822,#9846,#9870,#10003,#10136,#10269,
    #10397,#10403,#10427,#10530,#10684,#10833,#10839,#10883,#10986,
    #11161,#11336,#11506,#11512,#11536,#11618,#11747,#11871,#12020,
    #12026,#12032,#12135,#12289,#12366,#12448,#12546,#12628,#12756,
    #12927,#13098,#13264,#13346,#13491,#13573,#13702,#13826,#13924,
    #14090,#14172,#14270,#14300,#14330,#14463,#14591,#14689,#14787,
    #14953,#14983));
#17 = ADVANCED_FACE('',(#18,#459,#586,#713),#33,.T.);
#18 = FACE_BOUND('',#19,.T.);
#19 = EDGE_LOOP('',(#20,#68,#104,#133,#174,#196,#218,#240,#262,#303,#332
    ,#387,#421,#422,#423,#424,#425));
#20 = ORIENTED_EDGE('',*,*,#21,.T.);
#21 = EDGE_CURVE('',#22,#24,#26,.T.);
#22 = VERTEX_POINT('',#23);
#23 = CARTESIAN_POINT('',(-123.6324039545,3.367596045401,3.367596045401)
  );
#24 = VERTEX_POINT('',#25);
#25 = CARTESIAN_POINT('',(-122.2375,4.7625,5.832380380939E-16));
#26 = SURFACE_CURVE('',#27,(#32,#50),.PCURVE_S1.);
#27 = ELLIPSE('',#28,6.735192090802,4.7625);
#28 = AXIS2_PLACEMENT_3D('',#29,#30,#31);
#29 = CARTESIAN_POINT('',(-127.,0.,0.));
#30 = DIRECTION('',(-0.707106781187,0.707106781187,0.));
#31 = DIRECTION('',(0.707106781187,0.707106781187,0.));
#32 = PCURVE('',#33,#38);
#33 = CYLINDRICAL_SURFACE('',#34,4.7625);
#34 = AXIS2_PLACEMENT_3D('',#35,#36,#37);
#35 = CARTESIAN_POINT('',(-127.,0.,0.));
#36 = DIRECTION('',(0.,1.,0.));
#37 = DIRECTION('',(0.,-0.,1.));
#38 = DEFINITIONAL_REPRESENTATION('',(#39),#49);
#39 = B_SPLINE_CURVE_WITH_KNOTS('',8,(#40,#41,#42,#43,#44,#45,#46,#47,
    #48),.UNSPECIFIED.,.F.,.F.,(9,9),(4.712388980385,6.28318530718),
  .PIECEWISE_BEZIER_KNOTS.);
#40 = CARTESIAN_POINT('',(0.,-8.748570571409E-16));
#41 = CARTESIAN_POINT('',(0.196349540849,0.935114688295));
#42 = CARTESIAN_POINT('',(0.392699081699,1.870229598611));
#43 = CARTESIAN_POINT('',(0.589048622547,2.750406906525));
#44 = CARTESIAN_POINT('',(0.785398163396,3.520719799603));
#45 = CARTESIAN_POINT('',(0.981747704247,4.132983445699));
#46 = CARTESIAN_POINT('',(1.178097245096,4.552660554361));
#47 = CARTESIAN_POINT('',(1.374446785946,4.7625));
#48 = CARTESIAN_POINT('',(1.570796326795,4.7625));
#49 = ( GEOMETRIC_REPRESENTATION_CONTEXT(2) 
PARAMETRIC_REPRESENTATION_CONTEXT() REPRESENTATION_CONTEXT('2D SPACE',''
  ) );
#50 = PCURVE('',#51,#56);
#51 = CYLINDRICAL_SURFACE('',#52,4.7625);
#52 = AXIS2_PLACEMENT_3D('',#53,#54,#55);
#53 = CARTESIAN_POINT('',(-127.,0.,0.));
#54 = DIRECTION('',(1.,0.,0.));
#55 = DIRECTION('',(0.,0.,1.));
#56 = DEFINITIONAL_REPRESENTATION('',(#57),#67);
#57 = B_SPLINE_CURVE_WITH_KNOTS('',8,(#58,#59,#60,#61,#62,#63,#64,#65,
    #66),.UNSPECIFIED.,.F.,.F.,(9,9),(4.712388980385,6.28318530718),
  .PIECEWISE_BEZIER_KNOTS.);
#58 = CARTESIAN_POINT('',(6.28318530718,0.));
#59 = CARTESIAN_POINT('',(6.08683576633,0.935114688295));
#60 = CARTESIAN_POINT('',(5.890486225481,1.870229598614));
#61 = CARTESIAN_POINT('',(5.694136684634,2.750406906515));
#62 = CARTESIAN_POINT('',(5.497787143782,3.520719799624));
#63 = CARTESIAN_POINT('',(5.301437602936,4.132983445693));
#64 = CARTESIAN_POINT('',(5.105088062083,4.552660554364));
#65 = CARTESIAN_POINT('',(4.908738521234,4.7625));
#66 = CARTESIAN_POINT('',(4.712388980385,4.7625));
#67 = ( GEOMETRIC_REPRESENTATION_CONTEXT(2) 
PARAMETRIC_REPRESENTATION_CONTEXT() REPRESENTATION_CONTEXT('2D SPACE',''
  ) );
#68 = ORIENTED_EDGE('',*,*,#69,.T.);
#69 = EDGE_CURVE('',#24,#70,#72,.T.);
#70 = VERTEX_POINT('',#71);
#71 = CARTESIAN_POINT('',(-127.,-2.91619019047E-16,-4.7625));
#72 = SURFACE_CURVE('',#73,(#78,#91),.PCURVE_S1.);
#73 = ELLIPSE('',#74,6.735192090802,4.7625);
#74 = AXIS2_PLACEMENT_3D('',#75,#76,#77);
#75 = CARTESIAN_POINT('',(-127.,0.,0.));
#76 = DIRECTION('',(-0.707106781187,0.707106781187,0.));
#77 = DIRECTION('',(0.707106781187,0.707106781187,0.));
#78 = PCURVE('',#33,#79);
#79 = DEFINITIONAL_REPRESENTATION('',(#80),#90);
#80 = B_SPLINE_CURVE_WITH_KNOTS('',8,(#81,#82,#83,#84,#85,#86,#87,#88,
    #89),.UNSPECIFIED.,.F.,.F.,(9,9),(0.,1.570796326795),
  .PIECEWISE_BEZIER_KNOTS.);
#81 = CARTESIAN_POINT('',(1.570796326795,4.7625));
#82 = CARTESIAN_POINT('',(1.767145867644,4.7625));
#83 = CARTESIAN_POINT('',(1.963495408492,4.552660554365));
#84 = CARTESIAN_POINT('',(2.159844949342,4.132983445687));
#85 = CARTESIAN_POINT('',(2.356194490186,3.520719799619));
#86 = CARTESIAN_POINT('',(2.552544031042,2.750406906516));
#87 = CARTESIAN_POINT('',(2.748893571889,1.870229598614));
#88 = CARTESIAN_POINT('',(2.94524311274,0.935114688295));
#89 = CARTESIAN_POINT('',(3.14159265359,2.91619019047E-16));
#90 = ( GEOMETRIC_REPRESENTATION_CONTEXT(2) 
PARAMETRIC_REPRESENTATION_CONTEXT() REPRESENTATION_CONTEXT('2D SPACE',''
  ) );
#91 = PCURVE('',#51,#92);
#92 = DEFINITIONAL_REPRESENTATION('',(#93),#103);
#93 = B_SPLINE_CURVE_WITH_KNOTS('',8,(#94,#95,#96,#97,#98,#99,#100,#101,
    #102),.UNSPECIFIED.,.F.,.F.,(9,9),(0.,1.570796326795),
  .PIECEWISE_BEZIER_KNOTS.);
#94 = CARTESIAN_POINT('',(4.712388980385,4.7625));
#95 = CARTESIAN_POINT('',(4.516039439535,4.7625));
#96 = CARTESIAN_POINT('',(4.319689898684,4.552660554361));
#97 = CARTESIAN_POINT('',(4.123340357829,4.1329834457));
#98 = CARTESIAN_POINT('',(3.926990816986,3.520719799599));
#99 = CARTESIAN_POINT('',(3.730641276128,2.750406906521));
#100 = CARTESIAN_POINT('',(3.534291735288,1.870229598612));
#101 = CARTESIAN_POINT('',(3.337942194439,0.935114688295));
#102 = CARTESIAN_POINT('',(3.14159265359,0.));
#103 = ( GEOMETRIC_REPRESENTATION_CONTEXT(2) 
PARAMETRIC_REPRESENTATION_CONTEXT() REPRESENTATION_CONTEXT('2D SPACE',''
  ) );
#104 = ORIENTED_EDGE('',*,*,#105,.T.);
#105 = EDGE_CURVE('',#70,#106,#108,.T.);
#106 = VERTEX_POINT('',#107);
#107 = CARTESIAN_POINT('',(-131.7625,-7.901993830261E-14,
    1.67754633334E-15));
#108 = SURFACE_CURVE('',#109,(#114,#121),.PCURVE_S1.);
#109 = CIRCLE('',#110,4.7625);
#110 = AXIS2_PLACEMENT_3D('',#111,#112,#113);
#111 = CARTESIAN_POINT('',(-127.,0.,0.));
#112 = DIRECTION('',(0.,1.,0.));
#113 = DIRECTION('',(0.,-0.,1.));
#114 = PCURVE('',#33,#115);
#115 = DEFINITIONAL_REPRESENTATION('',(#116),#120);
#116 = LINE('',#117,#118);
#117 = CARTESIAN_POINT('',(0.,0.));
#118 = VECTOR('',#119,1.);
#119 = DIRECTION('',(1.,0.));
#120 = ( GEOMETRIC_REPRESENTATION_CONTEXT(2) 
PARAMETRIC_REPRESENTATION_CONTEXT() REPRESENTATION_CONTEXT('2D SPACE',''
  ) );
#121 = PCURVE('',#122,#127);
#122 = PLANE('',#123);
#123 = AXIS2_PLACEMENT_3D('',#124,#125,#126);
#124 = CARTESIAN_POINT('',(-127.,0.,-1.435632685081E-16));
#125 = DIRECTION('',(0.,1.,0.));
#126 = DIRECTION('',(0.,-0.,1.));
#127 = DEFINITIONAL_REPRESENTATION('',(#128),#132);
#128 = CIRCLE('',#129,4.7625);
#129 = AXIS2_PLACEMENT_2D('',#130,#131);
#130 = CARTESIAN_POINT('',(1.435632685081E-16,0.));
#131 = DIRECTION('',(1.,0.));
#132 = ( GEOMETRIC_REPRESENTATION_CONTEXT(2) 
PARAMETRIC_REPRESENTATION_CONTEXT() REPRESENTATION_CONTEXT('2D SPACE',''
  ) );
#133 = ORIENTED_EDGE('',*,*,#134,.T.);
#134 = EDGE_CURVE('',#106,#135,#137,.T.);
#135 = VERTEX_POINT('',#136);
#136 = CARTESIAN_POINT('',(-127.,4.7625,4.7625));
#137 = SURFACE_CURVE('',#138,(#143,#156),.PCURVE_S1.);
#138 = ELLIPSE('',#139,6.735192090802,4.7625);
#139 = AXIS2_PLACEMENT_3D('',#140,#141,#142);
#140 = CARTESIAN_POINT('',(-127.,0.,0.));
#141 = DIRECTION('',(0.,0.707106781187,-0.707106781187));
#142 = DIRECTION('',(0.,0.707106781187,0.707106781187));
#143 = PCURVE('',#33,#144);
#144 = DEFINITIONAL_REPRESENTATION('',(#145),#155);
#145 = B_SPLINE_CURVE_WITH_KNOTS('',8,(#146,#147,#148,#149,#150,#151,
    #152,#153,#154),.UNSPECIFIED.,.F.,.F.,(9,9),(4.712388980385,
    6.28318530718),.PIECEWISE_BEZIER_KNOTS.);
#146 = CARTESIAN_POINT('',(4.712388980385,-8.748570571409E-16));
#147 = CARTESIAN_POINT('',(4.908738521234,0.935114688295));
#148 = CARTESIAN_POINT('',(5.105088062083,1.870229598611));
#149 = CARTESIAN_POINT('',(5.301437602934,2.750406906525));
#150 = CARTESIAN_POINT('',(5.49778714378,3.520719799603));
#151 = CARTESIAN_POINT('',(5.694136684633,4.132983445699));
#152 = CARTESIAN_POINT('',(5.890486225481,4.552660554361));
#153 = CARTESIAN_POINT('',(6.08683576633,4.7625));
#154 = CARTESIAN_POINT('',(6.28318530718,4.7625));
#155 = ( GEOMETRIC_REPRESENTATION_CONTEXT(2) 
PARAMETRIC_REPRESENTATION_CONTEXT() REPRESENTATION_CONTEXT('2D SPACE',''
  ) );
#156 = PCURVE('',#157,#162);
#157 = CYLINDRICAL_SURFACE('',#158,4.7625);
#158 = AXIS2_PLACEMENT_3D('',#159,#160,#161);
#159 = CARTESIAN_POINT('',(-127.,0.,0.));
#160 = DIRECTION('',(0.,0.,1.));
#161 = DIRECTION('',(1.,0.,-0.));
#162 = DEFINITIONAL_REPRESENTATION('',(#163),#173);
#163 = B_SPLINE_CURVE_WITH_KNOTS('',8,(#164,#165,#166,#167,#168,#169,
    #170,#171,#172),.UNSPECIFIED.,.F.,.F.,(9,9),(4.712388980385,
    6.28318530718),.PIECEWISE_BEZIER_KNOTS.);
#164 = CARTESIAN_POINT('',(3.14159265359,-8.748570571409E-16));
#165 = CARTESIAN_POINT('',(2.94524311274,0.935114688295));
#166 = CARTESIAN_POINT('',(2.748893571892,1.870229598611));
#167 = CARTESIAN_POINT('',(2.552544031036,2.750406906525));
#168 = CARTESIAN_POINT('',(2.356194490194,3.520719799603));
#169 = CARTESIAN_POINT('',(2.159844949337,4.132983445699));
#170 = CARTESIAN_POINT('',(1.963495408494,4.552660554361));
#171 = CARTESIAN_POINT('',(1.767145867644,4.7625));
#172 = CARTESIAN_POINT('',(1.570796326795,4.7625));
#173 = ( GEOMETRIC_REPRESENTATION_CONTEXT(2) 
PARAMETRIC_REPRESENTATION_CONTEXT() REPRESENTATION_CONTEXT('2D SPACE',''
  ) );
#174 = ORIENTED_EDGE('',*,*,#175,.T.);
#175 = EDGE_CURVE('',#135,#176,#178,.T.);
#176 = VERTEX_POINT('',#177);
#177 = CARTESIAN_POINT('',(-127.,44.45,4.7625));
#178 = SEAM_CURVE('',#179,(#183,#190),.PCURVE_S1.);
#179 = LINE('',#180,#181);
#180 = CARTESIAN_POINT('',(-127.,0.,4.7625));
#181 = VECTOR('',#182,1.);
#182 = DIRECTION('',(0.,1.,0.));
#183 = PCURVE('',#33,#184);
#184 = DEFINITIONAL_REPRESENTATION('',(#185),#189);
#185 = LINE('',#186,#187);
#186 = CARTESIAN_POINT('',(0.,0.));
#187 = VECTOR('',#188,1.);
#188 = DIRECTION('',(0.,1.));
#189 = ( GEOMETRIC_REPRESENTATION_CONTEXT(2) 
PARAMETRIC_REPRESENTATION_CONTEXT() REPRESENTATION_CONTEXT('2D SPACE',''
  ) );
#190 = PCURVE('',#33,#191);
#191 = DEFINITIONAL_REPRESENTATION('',(#192),#195);
#192 = B_SPLINE_CURVE_WITH_KNOTS('',1,(#193,#194),.UNSPECIFIED.,.F.,.F.,
  (2,2),(0.,177.8),.PIECEWISE_BEZIER_KNOTS.);
#193 = CARTESIAN_POINT('',(6.28318530718,0.));
#194 = CARTESIAN_POINT('',(6.28318530718,177.8));
#195 = ( GEOMETRIC_REPRESENTATION_CONTEXT(2) 
PARAMETRIC_REPRESENTATION_CONTEXT() REPRESENTATION_CONTEXT('2D SPACE',''
  ) );
#196 = ORIENTED_EDGE('',*,*,#197,.T.);
#197 = EDGE_CURVE('',#176,#198,#200,.T.);
#198 = VERTEX_POINT('',#199);
#199 = CARTESIAN_POINT('',(-127.,88.9,4.7625));
#200 = SEAM_CURVE('',#201,(#205,#212),.PCURVE_S1.);
#201 = LINE('',#202,#203);
#202 = CARTESIAN_POINT('',(-127.,0.,4.7625));
#203 = VECTOR('',#204,1.);
#204 = DIRECTION('',(0.,1.,0.));
#205 = PCURVE('',#33,#206);
#206 = DEFINITIONAL_REPRESENTATION('',(#207),#211);
#207 = LINE('',#208,#209);
#208 = CARTESIAN_POINT('',(0.,0.));
#209 = VECTOR('',#210,1.);
#210 = DIRECTION('',(0.,1.));
#211 = ( GEOMETRIC_REPRESENTATION_CONTEXT(2) 
PARAMETRIC_REPRESENTATION_CONTEXT() REPRESENTATION_CONTEXT('2D SPACE',''
  ) );
#212 = PCURVE('',#33,#213);
#213 = DEFINITIONAL_REPRESENTATION('',(#214),#217);
#214 = B_SPLINE_CURVE_WITH_KNOTS('',1,(#215,#216),.UNSPECIFIED.,.F.,.F.,
  (2,2),(0.,177.8),.PIECEWISE_BEZIER_KNOTS.);
#215 = CARTESIAN_POINT('',(6.28318530718,0.));
#216 = CARTESIAN_POINT('',(6.28318530718,177.8));
#217 = ( GEOMETRIC_REPRESENTATION_CONTEXT(2) 
PARAMETRIC_REPRESENTATION_CONTEXT() REPRESENTATION_CONTEXT('2D SPACE',''
  ) );
#218 = ORIENTED_EDGE('',*,*,#219,.T.);
#219 = EDGE_CURVE('',#198,#220,#222,.T.);
#220 = VERTEX_POINT('',#221);
#221 = CARTESIAN_POINT('',(-127.,133.35,4.7625));
#222 = SEAM_CURVE('',#223,(#227,#234),.PCURVE_S1.);
#223 = LINE('',#224,#225);
#224 = CARTESIAN_POINT('',(-127.,0.,4.7625));
#225 = VECTOR('',#226,1.);
#226 = DIRECTION('',(0.,1.,0.));
#227 = PCURVE('',#33,#228);
#228 = DEFINITIONAL_REPRESENTATION('',(#229),#233);
#229 = LINE('',#230,#231);
#230 = CARTESIAN_POINT('',(0.,0.));
#231 = VECTOR('',#232,1.);
#232 = DIRECTION('',(0.,1.));
#233 = ( GEOMETRIC_REPRESENTATION_CONTEXT(2) 
PARAMETRIC_REPRESENTATION_CONTEXT() REPRESENTATION_CONTEXT('2D SPACE',''
  ) );
#234 = PCURVE('',#33,#235);
#235 = DEFINITIONAL_REPRESENTATION('',(#236),#239);
#236 = B_SPLINE_CURVE_WITH_KNOTS('',1,(#237,#238),.UNSPECIFIED.,.F.,.F.,
  (2,2),(0.,177.8),.PIECEWISE_BEZIER_KNOTS.);
#237 = CARTESIAN_POINT('',(6.28318530718,0.));
#238 = CARTESIAN_POINT('',(6.28318530718,177.8));
#239 = ( GEOMETRIC_REPRESENTATION_CONTEXT(2) 
PARAMETRIC_REPRESENTATION_CONTEXT() REPRESENTATION_CONTEXT('2D SPACE',''
  ) );
#240 = ORIENTED_EDGE('',*,*,#241,.T.);
#241 = EDGE_CURVE('',#220,#242,#244,.T.);
#242 = VERTEX_POINT('',#243);
#243 = CARTESIAN_POINT('',(-127.,173.0375,4.7625));
#244 = SEAM_CURVE('',#245,(#249,#256),.PCURVE_S1.);
#245 = LINE('',#246,#247);
#246 = CARTESIAN_POINT('',(-127.,0.,4.7625));
#247 = VECTOR('',#248,1.);
#248 = DIRECTION('',(0.,1.,0.));
#249 = PCURVE('',#33,#250);
#250 = DEFINITIONAL_REPRESENTATION('',(#251),#255);
#251 = LINE('',#252,#253);
#252 = CARTESIAN_POINT('',(0.,0.));
#253 = VECTOR('',#254,1.);
#254 = DIRECTION('',(0.,1.));
#255 = ( GEOMETRIC_REPRESENTATION_CONTEXT(2) 
PARAMETRIC_REPRESENTATION_CONTEXT() REPRESENTATION_CONTEXT('2D SPACE',''
  ) );
#256 = PCURVE('',#33,#257);
#257 = DEFINITIONAL_REPRESENTATION('',(#258),#261);
#258 = B_SPLINE_CURVE_WITH_KNOTS('',1,(#259,#260),.UNSPECIFIED.,.F.,.F.,
  (2,2),(0.,177.8),.PIECEWISE_BEZIER_KNOTS.);
#259 = CARTESIAN_POINT('',(6.28318530718,0.));
#260 = CARTESIAN_POINT('',(6.28318530718,177.8));
#261 = ( GEOMETRIC_REPRESENTATION_CONTEXT(2) 
PARAMETRIC_REPRESENTATION_CONTEXT() REPRESENTATION_CONTEXT('2D SPACE',''
  ) );
#262 = ORIENTED_EDGE('',*,*,#263,.F.);
#263 = EDGE_CURVE('',#264,#242,#266,.T.);
#264 = VERTEX_POINT('',#265);
#265 = CARTESIAN_POINT('',(-131.7625,177.8,1.67754633334E-15));
#266 = SURFACE_CURVE('',#267,(#272,#285),.PCURVE_S1.);
#267 = ELLIPSE('',#268,6.735192090802,4.7625);
#268 = AXIS2_PLACEMENT_3D('',#269,#270,#271);
#269 = CARTESIAN_POINT('',(-127.,177.8,0.));
#270 = DIRECTION('',(0.,0.707106781187,0.707106781187));
#271 = DIRECTION('',(0.,0.707106781187,-0.707106781187));
#272 = PCURVE('',#33,#273);
#273 = DEFINITIONAL_REPRESENTATION('',(#274),#284);
#274 = B_SPLINE_CURVE_WITH_KNOTS('',8,(#275,#276,#277,#278,#279,#280,
    #281,#282,#283),.UNSPECIFIED.,.F.,.F.,(9,9),(1.570796326795,
    3.14159265359),.PIECEWISE_BEZIER_KNOTS.);
#275 = CARTESIAN_POINT('',(4.712388980385,177.8));
#276 = CARTESIAN_POINT('',(4.908738521234,176.8648853117));
#277 = CARTESIAN_POINT('',(5.105088062084,175.92977040154));
#278 = CARTESIAN_POINT('',(5.301437602933,175.04959309245));
#279 = CARTESIAN_POINT('',(5.497787143783,174.27928020139));
#280 = CARTESIAN_POINT('',(5.694136684632,173.66701655309));
#281 = CARTESIAN_POINT('',(5.890486225481,173.24733944579));
#282 = CARTESIAN_POINT('',(6.08683576633,173.0375));
#283 = CARTESIAN_POINT('',(6.28318530718,173.0375));
#284 = ( GEOMETRIC_REPRESENTATION_CONTEXT(2) 
PARAMETRIC_REPRESENTATION_CONTEXT() REPRESENTATION_CONTEXT('2D SPACE',''
  ) );
#285 = PCURVE('',#286,#291);
#286 = CYLINDRICAL_SURFACE('',#287,4.7625);
#287 = AXIS2_PLACEMENT_3D('',#288,#289,#290);
#288 = CARTESIAN_POINT('',(-127.,177.8,0.));
#289 = DIRECTION('',(0.,0.,1.));
#290 = DIRECTION('',(1.,0.,-0.));
#291 = DEFINITIONAL_REPRESENTATION('',(#292),#302);
#292 = B_SPLINE_CURVE_WITH_KNOTS('',8,(#293,#294,#295,#296,#297,#298,
    #299,#300,#301),.UNSPECIFIED.,.F.,.F.,(9,9),(1.570796326795,
    3.14159265359),.PIECEWISE_BEZIER_KNOTS.);
#293 = CARTESIAN_POINT('',(3.14159265359,-2.91619019047E-16));
#294 = CARTESIAN_POINT('',(3.337942194439,0.935114688295));
#295 = CARTESIAN_POINT('',(3.534291735287,1.870229598613));
#296 = CARTESIAN_POINT('',(3.730641276135,2.750406906517));
#297 = CARTESIAN_POINT('',(3.926990816972,3.520719799613));
#298 = CARTESIAN_POINT('',(4.123340357837,4.13298344569));
#299 = CARTESIAN_POINT('',(4.319689898683,4.552660554364));
#300 = CARTESIAN_POINT('',(4.516039439535,4.7625));
#301 = CARTESIAN_POINT('',(4.712388980385,4.7625));
#302 = ( GEOMETRIC_REPRESENTATION_CONTEXT(2) 
PARAMETRIC_REPRESENTATION_CONTEXT() REPRESENTATION_CONTEXT('2D SPACE',''
  ) );
#303 = ORIENTED_EDGE('',*,*,#304,.F.);
#304 = EDGE_CURVE('',#305,#264,#307,.T.);
#305 = VERTEX_POINT('',#306);
#306 = CARTESIAN_POINT('',(-127.,177.8,-4.7625));
#307 = SURFACE_CURVE('',#308,(#313,#320),.PCURVE_S1.);
#308 = CIRCLE('',#309,4.7625);
#309 = AXIS2_PLACEMENT_3D('',#310,#311,#312);
#310 = CARTESIAN_POINT('',(-127.,177.8,0.));
#311 = DIRECTION('',(0.,1.,0.));
#312 = DIRECTION('',(0.,-0.,1.));
#313 = PCURVE('',#33,#314);
#314 = DEFINITIONAL_REPRESENTATION('',(#315),#319);
#315 = LINE('',#316,#317);
#316 = CARTESIAN_POINT('',(0.,177.8));
#317 = VECTOR('',#318,1.);
#318 = DIRECTION('',(1.,0.));
#319 = ( GEOMETRIC_REPRESENTATION_CONTEXT(2) 
PARAMETRIC_REPRESENTATION_CONTEXT() REPRESENTATION_CONTEXT('2D SPACE',''
  ) );
#320 = PCURVE('',#321,#326);
#321 = PLANE('',#322);
#322 = AXIS2_PLACEMENT_3D('',#323,#324,#325);
#323 = CARTESIAN_POINT('',(-127.,177.8,-1.435632685081E-16));
#324 = DIRECTION('',(0.,1.,0.));
#325 = DIRECTION('',(0.,-0.,1.));
#326 = DEFINITIONAL_REPRESENTATION('',(#327),#331);
#327 = CIRCLE('',#328,4.7625);
#328 = AXIS2_PLACEMENT_2D('',#329,#330);
#329 = CARTESIAN_POINT('',(1.435632685081E-16,0.));
#330 = DIRECTION('',(1.,0.));
#331 = ( GEOMETRIC_REPRESENTATION_CONTEXT(2) 
PARAMETRIC_REPRESENTATION_CONTEXT() REPRESENTATION_CONTEXT('2D SPACE',''
  ) );
#332 = ORIENTED_EDGE('',*,*,#333,.F.);
#333 = EDGE_CURVE('',#334,#305,#336,.T.);
#334 = VERTEX_POINT('',#335);
#335 = CARTESIAN_POINT('',(-123.6324039545,174.43240395459,
    3.367596045401));
#336 = SURFACE_CURVE('',#337,(#342,#362),.PCURVE_S1.);
#337 = ELLIPSE('',#338,6.735192090802,4.7625);
#338 = AXIS2_PLACEMENT_3D('',#339,#340,#341);
#339 = CARTESIAN_POINT('',(-127.,177.8,0.));
#340 = DIRECTION('',(0.707106781187,0.707106781187,0.));
#341 = DIRECTION('',(-0.707106781187,0.707106781187,0.));
#342 = PCURVE('',#33,#343);
#343 = DEFINITIONAL_REPRESENTATION('',(#344),#361);
#344 = B_SPLINE_CURVE_WITH_KNOTS('',8,(#345,#346,#347,#348,#349,#350,
    #351,#352,#353,#354,#355,#356,#357,#358,#359,#360),.UNSPECIFIED.,.F.
  ,.F.,(9,7,9),(1.570796326795,3.14159265359,4.712388980385),
  .UNSPECIFIED.);
#345 = CARTESIAN_POINT('',(0.,177.8));
#346 = CARTESIAN_POINT('',(0.196349540849,176.8648853117));
#347 = CARTESIAN_POINT('',(0.392699081699,175.92977040154));
#348 = CARTESIAN_POINT('',(0.589048622547,175.04959309245));
#349 = CARTESIAN_POINT('',(0.785398163397,174.27928020139));
#350 = CARTESIAN_POINT('',(0.981747704245,173.66701655309));
#351 = CARTESIAN_POINT('',(1.178097245096,173.24733944579));
#352 = CARTESIAN_POINT('',(1.374446785946,173.0375));
#353 = CARTESIAN_POINT('',(1.767145867644,173.0375));
#354 = CARTESIAN_POINT('',(1.96349540849,173.2473394455));
#355 = CARTESIAN_POINT('',(2.15984494935,173.66701655439));
#356 = CARTESIAN_POINT('',(2.356194490173,174.27928019974));
#357 = CARTESIAN_POINT('',(2.55254403105,175.04959309363));
#358 = CARTESIAN_POINT('',(2.748893571887,175.92977040124));
#359 = CARTESIAN_POINT('',(2.94524311274,176.8648853117));
#360 = CARTESIAN_POINT('',(3.14159265359,177.8));
#361 = ( GEOMETRIC_REPRESENTATION_CONTEXT(2) 
PARAMETRIC_REPRESENTATION_CONTEXT() REPRESENTATION_CONTEXT('2D SPACE',''
  ) );
#362 = PCURVE('',#363,#368);
#363 = CYLINDRICAL_SURFACE('',#364,4.7625);
#364 = AXIS2_PLACEMENT_3D('',#365,#366,#367);
#365 = CARTESIAN_POINT('',(-127.,177.8,0.));
#366 = DIRECTION('',(1.,0.,0.));
#367 = DIRECTION('',(0.,0.,1.));
#368 = DEFINITIONAL_REPRESENTATION('',(#369),#386);
#369 = B_SPLINE_CURVE_WITH_KNOTS('',8,(#370,#371,#372,#373,#374,#375,
    #376,#377,#378,#379,#380,#381,#382,#383,#384,#385),.UNSPECIFIED.,.F.
  ,.F.,(9,7,9),(1.570796326795,3.14159265359,4.712388980385),
  .UNSPECIFIED.);
#370 = CARTESIAN_POINT('',(0.,0.));
#371 = CARTESIAN_POINT('',(0.196349540849,0.935114688295));
#372 = CARTESIAN_POINT('',(0.392699081699,1.870229598614));
#373 = CARTESIAN_POINT('',(0.589048622546,2.750406906515));
#374 = CARTESIAN_POINT('',(0.785398163397,3.520719799624));
#375 = CARTESIAN_POINT('',(0.981747704246,4.132983445693));
#376 = CARTESIAN_POINT('',(1.178097245096,4.552660554364));
#377 = CARTESIAN_POINT('',(1.374446785946,4.7625));
#378 = CARTESIAN_POINT('',(1.767145867644,4.7625));
#379 = CARTESIAN_POINT('',(1.963495408492,4.552660554363));
#380 = CARTESIAN_POINT('',(2.159844949341,4.132983445694));
#381 = CARTESIAN_POINT('',(2.356194490185,3.520719799609));
#382 = CARTESIAN_POINT('',(2.552544031042,2.750406906516));
#383 = CARTESIAN_POINT('',(2.74889357189,1.870229598614));
#384 = CARTESIAN_POINT('',(2.94524311274,0.935114688295));
#385 = CARTESIAN_POINT('',(3.14159265359,0.));
#386 = ( GEOMETRIC_REPRESENTATION_CONTEXT(2) 
PARAMETRIC_REPRESENTATION_CONTEXT() REPRESENTATION_CONTEXT('2D SPACE',''
  ) );
#387 = ORIENTED_EDGE('',*,*,#388,.F.);
#388 = EDGE_CURVE('',#242,#334,#389,.T.);
#389 = SURFACE_CURVE('',#390,(#395,#408),.PCURVE_S1.);
#390 = ELLIPSE('',#391,6.735192090802,4.7625);
#391 = AXIS2_PLACEMENT_3D('',#392,#393,#394);
#392 = CARTESIAN_POINT('',(-127.,177.8,0.));
#393 = DIRECTION('',(0.,0.707106781187,0.707106781187));
#394 = DIRECTION('',(0.,0.707106781187,-0.707106781187));
#395 = PCURVE('',#33,#396);
#396 = DEFINITIONAL_REPRESENTATION('',(#397),#407);
#397 = B_SPLINE_CURVE_WITH_KNOTS('',8,(#398,#399,#400,#401,#402,#403,
    #404,#405,#406),.UNSPECIFIED.,.F.,.F.,(9,9),(3.14159265359,
    4.712388980385),.PIECEWISE_BEZIER_KNOTS.);
#398 = CARTESIAN_POINT('',(0.,173.0375));
#399 = CARTESIAN_POINT('',(0.196349540849,173.0375));
#400 = CARTESIAN_POINT('',(0.392699081698,173.2473394455));
#401 = CARTESIAN_POINT('',(0.58904862255,173.66701655439));
#402 = CARTESIAN_POINT('',(0.785398163394,174.27928019974));
#403 = CARTESIAN_POINT('',(0.981747704249,175.04959309363));
#404 = CARTESIAN_POINT('',(1.178097245095,175.92977040124));
#405 = CARTESIAN_POINT('',(1.374446785946,176.8648853117));
#406 = CARTESIAN_POINT('',(1.570796326795,177.8));
#407 = ( GEOMETRIC_REPRESENTATION_CONTEXT(2) 
PARAMETRIC_REPRESENTATION_CONTEXT() REPRESENTATION_CONTEXT('2D SPACE',''
  ) );
#408 = PCURVE('',#286,#409);
#409 = DEFINITIONAL_REPRESENTATION('',(#410),#420);
#410 = B_SPLINE_CURVE_WITH_KNOTS('',8,(#411,#412,#413,#414,#415,#416,
    #417,#418,#419),.UNSPECIFIED.,.F.,.F.,(9,9),(3.14159265359,
    4.712388980385),.PIECEWISE_BEZIER_KNOTS.);
#411 = CARTESIAN_POINT('',(4.712388980385,4.7625));
#412 = CARTESIAN_POINT('',(4.908738521234,4.7625));
#413 = CARTESIAN_POINT('',(5.105088062083,4.552660554362));
#414 = CARTESIAN_POINT('',(5.301437602937,4.132983445696));
#415 = CARTESIAN_POINT('',(5.497787143779,3.520719799607));
#416 = CARTESIAN_POINT('',(5.694136684635,2.750406906524));
#417 = CARTESIAN_POINT('',(5.890486225481,1.870229598612));
#418 = CARTESIAN_POINT('',(6.08683576633,0.935114688295));
#419 = CARTESIAN_POINT('',(6.28318530718,8.748570571409E-16));
#420 = ( GEOMETRIC_REPRESENTATION_CONTEXT(2) 
PARAMETRIC_REPRESENTATION_CONTEXT() REPRESENTATION_CONTEXT('2D SPACE',''
  ) );
#421 = ORIENTED_EDGE('',*,*,#241,.F.);
#422 = ORIENTED_EDGE('',*,*,#219,.F.);
#423 = ORIENTED_EDGE('',*,*,#197,.F.);
#424 = ORIENTED_EDGE('',*,*,#175,.F.);
#425 = ORIENTED_EDGE('',*,*,#426,.T.);
#426 = EDGE_CURVE('',#135,#22,#427,.T.);
#427 = SURFACE_CURVE('',#428,(#433,#446),.PCURVE_S1.);
#428 = ELLIPSE('',#429,6.735192090802,4.7625);
#429 = AXIS2_PLACEMENT_3D('',#430,#431,#432);
#430 = CARTESIAN_POINT('',(-127.,0.,0.));
#431 = DIRECTION('',(0.,0.707106781187,-0.707106781187));
#432 = DIRECTION('',(0.,0.707106781187,0.707106781187));
#433 = PCURVE('',#33,#434);
#434 = DEFINITIONAL_REPRESENTATION('',(#435),#445);
#435 = B_SPLINE_CURVE_WITH_KNOTS('',8,(#436,#437,#438,#439,#440,#441,
    #442,#443,#444),.UNSPECIFIED.,.F.,.F.,(9,9),(0.,1.570796326795),
  .PIECEWISE_BEZIER_KNOTS.);
#436 = CARTESIAN_POINT('',(0.,4.7625));
#437 = CARTESIAN_POINT('',(0.196349540849,4.7625));
#438 = CARTESIAN_POINT('',(0.392699081699,4.552660554365));
#439 = CARTESIAN_POINT('',(0.589048622546,4.132983445687));
#440 = CARTESIAN_POINT('',(0.785398163397,3.520719799619));
#441 = CARTESIAN_POINT('',(0.981747704247,2.750406906516));
#442 = CARTESIAN_POINT('',(1.178097245096,1.870229598614));
#443 = CARTESIAN_POINT('',(1.374446785946,0.935114688295));
#444 = CARTESIAN_POINT('',(1.570796326795,2.91619019047E-16));
#445 = ( GEOMETRIC_REPRESENTATION_CONTEXT(2) 
PARAMETRIC_REPRESENTATION_CONTEXT() REPRESENTATION_CONTEXT('2D SPACE',''
  ) );
#446 = PCURVE('',#157,#447);
#447 = DEFINITIONAL_REPRESENTATION('',(#448),#458);
#448 = B_SPLINE_CURVE_WITH_KNOTS('',8,(#449,#450,#451,#452,#453,#454,
    #455,#456,#457),.UNSPECIFIED.,.F.,.F.,(9,9),(0.,1.570796326795),
  .PIECEWISE_BEZIER_KNOTS.);
#449 = CARTESIAN_POINT('',(1.570796326795,4.7625));
#450 = CARTESIAN_POINT('',(1.374446785946,4.7625));
#451 = CARTESIAN_POINT('',(1.178097245096,4.552660554365));
#452 = CARTESIAN_POINT('',(0.981747704245,4.132983445687));
#453 = CARTESIAN_POINT('',(0.785398163395,3.520719799619));
#454 = CARTESIAN_POINT('',(0.589048622547,2.750406906516));
#455 = CARTESIAN_POINT('',(0.392699081699,1.870229598614));
#456 = CARTESIAN_POINT('',(0.196349540849,0.935114688295));
#457 = CARTESIAN_POINT('',(6.123233995737E-17,2.91619019047E-16));
#458 = ( GEOMETRIC_REPRESENTATION_CONTEXT(2) 
PARAMETRIC_REPRESENTATION_CONTEXT() REPRESENTATION_CONTEXT('2D SPACE',''
  ) );
#459 = FACE_BOUND('',#460,.T.);
#460 = EDGE_LOOP('',(#461,#516,#552));
#461 = ORIENTED_EDGE('',*,*,#462,.F.);
#462 = EDGE_CURVE('',#176,#463,#465,.T.);
#463 = VERTEX_POINT('',#464);
#464 = CARTESIAN_POINT('',(-127.,44.45,-4.7625));
#465 = SURFACE_CURVE('',#466,(#471,#491),.PCURVE_S1.);
#466 = ELLIPSE('',#467,6.735192090802,4.7625);
#467 = AXIS2_PLACEMENT_3D('',#468,#469,#470);
#468 = CARTESIAN_POINT('',(-127.,44.45,0.));
#469 = DIRECTION('',(0.707106781187,0.707106781187,0.));
#470 = DIRECTION('',(-0.707106781187,0.707106781187,0.));
#471 = PCURVE('',#33,#472);
#472 = DEFINITIONAL_REPRESENTATION('',(#473),#490);
#473 = B_SPLINE_CURVE_WITH_KNOTS('',8,(#474,#475,#476,#477,#478,#479,
    #480,#481,#482,#483,#484,#485,#486,#487,#488,#489),.UNSPECIFIED.,.F.
  ,.F.,(9,7,9),(1.570796326795,3.14159265359,4.712388980385),
  .UNSPECIFIED.);
#474 = CARTESIAN_POINT('',(0.,44.45));
#475 = CARTESIAN_POINT('',(0.196349540849,43.514885311705));
#476 = CARTESIAN_POINT('',(0.392699081699,42.57977040137));
#477 = CARTESIAN_POINT('',(0.589048622547,41.699593093436));
#478 = CARTESIAN_POINT('',(0.785398163397,40.929280200318));
#479 = CARTESIAN_POINT('',(0.981747704245,40.317016554286));
#480 = CARTESIAN_POINT('',(1.178097245096,39.897339445624));
#481 = CARTESIAN_POINT('',(1.374446785946,39.6875));
#482 = CARTESIAN_POINT('',(1.767145867644,39.6875));
#483 = CARTESIAN_POINT('',(1.96349540849,39.897339445608));
#484 = CARTESIAN_POINT('',(2.15984494935,40.317016554271));
#485 = CARTESIAN_POINT('',(2.356194490173,40.929280200282));
#486 = CARTESIAN_POINT('',(2.55254403105,41.699593093434));
#487 = CARTESIAN_POINT('',(2.748893571887,42.579770401355));
#488 = CARTESIAN_POINT('',(2.94524311274,43.514885311705));
#489 = CARTESIAN_POINT('',(3.14159265359,44.45));
#490 = ( GEOMETRIC_REPRESENTATION_CONTEXT(2) 
PARAMETRIC_REPRESENTATION_CONTEXT() REPRESENTATION_CONTEXT('2D SPACE',''
  ) );
#491 = PCURVE('',#492,#497);
#492 = CYLINDRICAL_SURFACE('',#493,4.7625);
#493 = AXIS2_PLACEMENT_3D('',#494,#495,#496);
#494 = CARTESIAN_POINT('',(-127.,44.45,0.));
#495 = DIRECTION('',(1.,0.,0.));
#496 = DIRECTION('',(0.,0.,1.));
#497 = DEFINITIONAL_REPRESENTATION('',(#498),#515);
#498 = B_SPLINE_CURVE_WITH_KNOTS('',8,(#499,#500,#501,#502,#503,#504,
    #505,#506,#507,#508,#509,#510,#511,#512,#513,#514),.UNSPECIFIED.,.F.
  ,.F.,(9,7,9),(1.570796326795,3.14159265359,4.712388980385),
  .UNSPECIFIED.);
#499 = CARTESIAN_POINT('',(0.,0.));
#500 = CARTESIAN_POINT('',(0.196349540849,0.935114688295));
#501 = CARTESIAN_POINT('',(0.392699081699,1.870229598614));
#502 = CARTESIAN_POINT('',(0.589048622545,2.750406906515));
#503 = CARTESIAN_POINT('',(0.7853981634,3.520719799624));
#504 = CARTESIAN_POINT('',(0.981747704244,4.132983445693));
#505 = CARTESIAN_POINT('',(1.178097245096,4.552660554364));
#506 = CARTESIAN_POINT('',(1.374446785946,4.7625));
#507 = CARTESIAN_POINT('',(1.767145867644,4.7625));
#508 = CARTESIAN_POINT('',(1.96349540849,4.552660554363));
#509 = CARTESIAN_POINT('',(2.159844949352,4.132983445694));
#510 = CARTESIAN_POINT('',(2.356194490178,3.520719799609));
#511 = CARTESIAN_POINT('',(2.552544031053,2.750406906516));
#512 = CARTESIAN_POINT('',(2.748893571888,1.870229598614));
#513 = CARTESIAN_POINT('',(2.94524311274,0.935114688295));
#514 = CARTESIAN_POINT('',(3.14159265359,0.));
#515 = ( GEOMETRIC_REPRESENTATION_CONTEXT(2) 
PARAMETRIC_REPRESENTATION_CONTEXT() REPRESENTATION_CONTEXT('2D SPACE',''
  ) );
#516 = ORIENTED_EDGE('',*,*,#517,.T.);
#517 = EDGE_CURVE('',#176,#518,#520,.T.);
#518 = VERTEX_POINT('',#519);
#519 = CARTESIAN_POINT('',(-122.2375,49.2125,5.832380380939E-16));
#520 = SURFACE_CURVE('',#521,(#526,#539),.PCURVE_S1.);
#521 = ELLIPSE('',#522,6.735192090802,4.7625);
#522 = AXIS2_PLACEMENT_3D('',#523,#524,#525);
#523 = CARTESIAN_POINT('',(-127.,44.45,0.));
#524 = DIRECTION('',(-0.707106781187,0.707106781187,0.));
#525 = DIRECTION('',(0.707106781187,0.707106781187,0.));
#526 = PCURVE('',#33,#527);
#527 = DEFINITIONAL_REPRESENTATION('',(#528),#538);
#528 = B_SPLINE_CURVE_WITH_KNOTS('',8,(#529,#530,#531,#532,#533,#534,
    #535,#536,#537),.UNSPECIFIED.,.F.,.F.,(9,9),(4.712388980385,
    6.28318530718),.PIECEWISE_BEZIER_KNOTS.);
#529 = CARTESIAN_POINT('',(0.,44.45));
#530 = CARTESIAN_POINT('',(0.196349540849,45.385114688295));
#531 = CARTESIAN_POINT('',(0.392699081699,46.320229598605));
#532 = CARTESIAN_POINT('',(0.589048622547,47.200406906477));
#533 = CARTESIAN_POINT('',(0.785398163396,47.970719799511));
#534 = CARTESIAN_POINT('',(0.981747704247,48.582983445654));
#535 = CARTESIAN_POINT('',(1.178097245096,49.002660554341));
#536 = CARTESIAN_POINT('',(1.374446785946,49.2125));
#537 = CARTESIAN_POINT('',(1.570796326795,49.2125));
#538 = ( GEOMETRIC_REPRESENTATION_CONTEXT(2) 
PARAMETRIC_REPRESENTATION_CONTEXT() REPRESENTATION_CONTEXT('2D SPACE',''
  ) );
#539 = PCURVE('',#492,#540);
#540 = DEFINITIONAL_REPRESENTATION('',(#541),#551);
#541 = B_SPLINE_CURVE_WITH_KNOTS('',8,(#542,#543,#544,#545,#546,#547,
    #548,#549,#550),.UNSPECIFIED.,.F.,.F.,(9,9),(4.712388980385,
    6.28318530718),.PIECEWISE_BEZIER_KNOTS.);
#542 = CARTESIAN_POINT('',(6.28318530718,0.));
#543 = CARTESIAN_POINT('',(6.08683576633,0.935114688295));
#544 = CARTESIAN_POINT('',(5.890486225481,1.870229598614));
#545 = CARTESIAN_POINT('',(5.694136684631,2.750406906515));
#546 = CARTESIAN_POINT('',(5.497787143784,3.520719799624));
#547 = CARTESIAN_POINT('',(5.301437602933,4.132983445693));
#548 = CARTESIAN_POINT('',(5.105088062084,4.552660554364));
#549 = CARTESIAN_POINT('',(4.908738521234,4.7625));
#550 = CARTESIAN_POINT('',(4.712388980385,4.7625));
#551 = ( GEOMETRIC_REPRESENTATION_CONTEXT(2) 
PARAMETRIC_REPRESENTATION_CONTEXT() REPRESENTATION_CONTEXT('2D SPACE',''
  ) );
#552 = ORIENTED_EDGE('',*,*,#553,.T.);
#553 = EDGE_CURVE('',#518,#463,#554,.T.);
#554 = SURFACE_CURVE('',#555,(#560,#573),.PCURVE_S1.);
#555 = ELLIPSE('',#556,6.735192090802,4.7625);
#556 = AXIS2_PLACEMENT_3D('',#557,#558,#559);
#557 = CARTESIAN_POINT('',(-127.,44.45,0.));
#558 = DIRECTION('',(-0.707106781187,0.707106781187,0.));
#559 = DIRECTION('',(0.707106781187,0.707106781187,0.));
#560 = PCURVE('',#33,#561);
#561 = DEFINITIONAL_REPRESENTATION('',(#562),#572);
#562 = B_SPLINE_CURVE_WITH_KNOTS('',8,(#563,#564,#565,#566,#567,#568,
    #569,#570,#571),.UNSPECIFIED.,.F.,.F.,(9,9),(0.,1.570796326795),
  .PIECEWISE_BEZIER_KNOTS.);
#563 = CARTESIAN_POINT('',(1.570796326795,49.2125));
#564 = CARTESIAN_POINT('',(1.767145867644,49.2125));
#565 = CARTESIAN_POINT('',(1.963495408492,49.002660554336));
#566 = CARTESIAN_POINT('',(2.159844949342,48.582983445679));
#567 = CARTESIAN_POINT('',(2.356194490186,47.970719799396));
#568 = CARTESIAN_POINT('',(2.552544031042,47.200406906502));
#569 = CARTESIAN_POINT('',(2.748893571889,46.320229598595));
#570 = CARTESIAN_POINT('',(2.94524311274,45.385114688295));
#571 = CARTESIAN_POINT('',(3.14159265359,44.45));
#572 = ( GEOMETRIC_REPRESENTATION_CONTEXT(2) 
PARAMETRIC_REPRESENTATION_CONTEXT() REPRESENTATION_CONTEXT('2D SPACE',''
  ) );
#573 = PCURVE('',#492,#574);
#574 = DEFINITIONAL_REPRESENTATION('',(#575),#585);
#575 = B_SPLINE_CURVE_WITH_KNOTS('',8,(#576,#577,#578,#579,#580,#581,
    #582,#583,#584),.UNSPECIFIED.,.F.,.F.,(9,9),(0.,1.570796326795),
  .PIECEWISE_BEZIER_KNOTS.);
#576 = CARTESIAN_POINT('',(4.712388980385,4.7625));
#577 = CARTESIAN_POINT('',(4.516039439535,4.7625));
#578 = CARTESIAN_POINT('',(4.319689898684,4.552660554361));
#579 = CARTESIAN_POINT('',(4.123340357829,4.1329834457));
#580 = CARTESIAN_POINT('',(3.926990816986,3.520719799599));
#581 = CARTESIAN_POINT('',(3.730641276128,2.750406906521));
#582 = CARTESIAN_POINT('',(3.534291735288,1.870229598612));
#583 = CARTESIAN_POINT('',(3.337942194439,0.935114688295));
#584 = CARTESIAN_POINT('',(3.14159265359,0.));
#585 = ( GEOMETRIC_REPRESENTATION_CONTEXT(2) 
PARAMETRIC_REPRESENTATION_CONTEXT() REPRESENTATION_CONTEXT('2D SPACE',''
  ) );
#586 = FACE_BOUND('',#587,.T.);
#587 = EDGE_LOOP('',(#588,#643,#679));
#588 = ORIENTED_EDGE('',*,*,#589,.F.);
#589 = EDGE_CURVE('',#198,#590,#592,.T.);
#590 = VERTEX_POINT('',#591);
#591 = CARTESIAN_POINT('',(-127.,88.9,-4.7625));
#592 = SURFACE_CURVE('',#593,(#598,#618),.PCURVE_S1.);
#593 = ELLIPSE('',#594,6.735192090802,4.7625);
#594 = AXIS2_PLACEMENT_3D('',#595,#596,#597);
#595 = CARTESIAN_POINT('',(-127.,88.9,0.));
#596 = DIRECTION('',(0.707106781187,0.707106781187,0.));
#597 = DIRECTION('',(-0.707106781187,0.707106781187,0.));
#598 = PCURVE('',#33,#599);
#599 = DEFINITIONAL_REPRESENTATION('',(#600),#617);
#600 = B_SPLINE_CURVE_WITH_KNOTS('',8,(#601,#602,#603,#604,#605,#606,
    #607,#608,#609,#610,#611,#612,#613,#614,#615,#616),.UNSPECIFIED.,.F.
  ,.F.,(9,7,9),(1.570796326795,3.14159265359,4.712388980385),
  .UNSPECIFIED.);
#601 = CARTESIAN_POINT('',(0.,88.9));
#602 = CARTESIAN_POINT('',(0.196349540849,87.964885311705));
#603 = CARTESIAN_POINT('',(0.392699081699,87.029770401285));
#604 = CARTESIAN_POINT('',(0.589048622547,86.149593093531));
#605 = CARTESIAN_POINT('',(0.785398163397,85.379280200073));
#606 = CARTESIAN_POINT('',(0.981747704245,84.767016554372));
#607 = CARTESIAN_POINT('',(1.178097245096,84.347339445559));
#608 = CARTESIAN_POINT('',(1.374446785946,84.1375));
#609 = CARTESIAN_POINT('',(1.767145867644,84.1375));
#610 = CARTESIAN_POINT('',(1.96349540849,84.347339445616));
#611 = CARTESIAN_POINT('',(2.15984494935,84.767016554167));
#612 = CARTESIAN_POINT('',(2.356194490173,85.379280200145));
#613 = CARTESIAN_POINT('',(2.55254403105,86.149593093383));
#614 = CARTESIAN_POINT('',(2.748893571887,87.029770401356));
#615 = CARTESIAN_POINT('',(2.94524311274,87.964885311705));
#616 = CARTESIAN_POINT('',(3.14159265359,88.9));
#617 = ( GEOMETRIC_REPRESENTATION_CONTEXT(2) 
PARAMETRIC_REPRESENTATION_CONTEXT() REPRESENTATION_CONTEXT('2D SPACE',''
  ) );
#618 = PCURVE('',#619,#624);
#619 = CYLINDRICAL_SURFACE('',#620,4.7625);
#620 = AXIS2_PLACEMENT_3D('',#621,#622,#623);
#621 = CARTESIAN_POINT('',(-127.,88.9,0.));
#622 = DIRECTION('',(1.,0.,0.));
#623 = DIRECTION('',(0.,0.,1.));
#624 = DEFINITIONAL_REPRESENTATION('',(#625),#642);
#625 = B_SPLINE_CURVE_WITH_KNOTS('',8,(#626,#627,#628,#629,#630,#631,
    #632,#633,#634,#635,#636,#637,#638,#639,#640,#641),.UNSPECIFIED.,.F.
  ,.F.,(9,7,9),(1.570796326795,3.14159265359,4.712388980385),
  .UNSPECIFIED.);
#626 = CARTESIAN_POINT('',(0.,0.));
#627 = CARTESIAN_POINT('',(0.196349540849,0.935114688295));
#628 = CARTESIAN_POINT('',(0.392699081699,1.870229598614));
#629 = CARTESIAN_POINT('',(0.589048622547,2.750406906515));
#630 = CARTESIAN_POINT('',(0.785398163397,3.520719799624));
#631 = CARTESIAN_POINT('',(0.981747704245,4.132983445693));
#632 = CARTESIAN_POINT('',(1.178097245096,4.552660554364));
#633 = CARTESIAN_POINT('',(1.374446785946,4.7625));
#634 = CARTESIAN_POINT('',(1.767145867644,4.7625));
#635 = CARTESIAN_POINT('',(1.96349540849,4.552660554363));
#636 = CARTESIAN_POINT('',(2.15984494935,4.132983445694));
#637 = CARTESIAN_POINT('',(2.356194490173,3.520719799609));
#638 = CARTESIAN_POINT('',(2.55254403105,2.750406906516));
#639 = CARTESIAN_POINT('',(2.748893571887,1.870229598614));
#640 = CARTESIAN_POINT('',(2.94524311274,0.935114688295));
#641 = CARTESIAN_POINT('',(3.14159265359,0.));
#642 = ( GEOMETRIC_REPRESENTATION_CONTEXT(2) 
PARAMETRIC_REPRESENTATION_CONTEXT() REPRESENTATION_CONTEXT('2D SPACE',''
  ) );
#643 = ORIENTED_EDGE('',*,*,#644,.T.);
#644 = EDGE_CURVE('',#198,#645,#647,.T.);
#645 = VERTEX_POINT('',#646);
#646 = CARTESIAN_POINT('',(-122.2375,93.6625,5.832380380939E-16));
#647 = SURFACE_CURVE('',#648,(#653,#666),.PCURVE_S1.);
#648 = ELLIPSE('',#649,6.735192090802,4.7625);
#649 = AXIS2_PLACEMENT_3D('',#650,#651,#652);
#650 = CARTESIAN_POINT('',(-127.,88.9,0.));
#651 = DIRECTION('',(-0.707106781187,0.707106781187,0.));
#652 = DIRECTION('',(0.707106781187,0.707106781187,0.));
#653 = PCURVE('',#33,#654);
#654 = DEFINITIONAL_REPRESENTATION('',(#655),#665);
#655 = B_SPLINE_CURVE_WITH_KNOTS('',8,(#656,#657,#658,#659,#660,#661,
    #662,#663,#664),.UNSPECIFIED.,.F.,.F.,(9,9),(4.712388980385,
    6.28318530718),.PIECEWISE_BEZIER_KNOTS.);
#656 = CARTESIAN_POINT('',(0.,88.9));
#657 = CARTESIAN_POINT('',(0.196349540849,89.835114688295));
#658 = CARTESIAN_POINT('',(0.392699081699,90.770229598624));
#659 = CARTESIAN_POINT('',(0.589048622547,91.650406906341));
#660 = CARTESIAN_POINT('',(0.785398163396,92.42071979969));
#661 = CARTESIAN_POINT('',(0.981747704247,93.032983445501));
#662 = CARTESIAN_POINT('',(1.178097245096,93.452660554342));
#663 = CARTESIAN_POINT('',(1.374446785946,93.6625));
#664 = CARTESIAN_POINT('',(1.570796326795,93.6625));
#665 = ( GEOMETRIC_REPRESENTATION_CONTEXT(2) 
PARAMETRIC_REPRESENTATION_CONTEXT() REPRESENTATION_CONTEXT('2D SPACE',''
  ) );
#666 = PCURVE('',#619,#667);
#667 = DEFINITIONAL_REPRESENTATION('',(#668),#678);
#668 = B_SPLINE_CURVE_WITH_KNOTS('',8,(#669,#670,#671,#672,#673,#674,
    #675,#676,#677),.UNSPECIFIED.,.F.,.F.,(9,9),(4.712388980385,
    6.28318530718),.PIECEWISE_BEZIER_KNOTS.);
#669 = CARTESIAN_POINT('',(6.28318530718,0.));
#670 = CARTESIAN_POINT('',(6.08683576633,0.935114688295));
#671 = CARTESIAN_POINT('',(5.890486225481,1.870229598614));
#672 = CARTESIAN_POINT('',(5.694136684632,2.750406906515));
#673 = CARTESIAN_POINT('',(5.497787143784,3.520719799624));
#674 = CARTESIAN_POINT('',(5.301437602933,4.132983445693));
#675 = CARTESIAN_POINT('',(5.105088062084,4.552660554364));
#676 = CARTESIAN_POINT('',(4.908738521234,4.7625));
#677 = CARTESIAN_POINT('',(4.712388980385,4.7625));
#678 = ( GEOMETRIC_REPRESENTATION_CONTEXT(2) 
PARAMETRIC_REPRESENTATION_CONTEXT() REPRESENTATION_CONTEXT('2D SPACE',''
  ) );
#679 = ORIENTED_EDGE('',*,*,#680,.T.);
#680 = EDGE_CURVE('',#645,#590,#681,.T.);
#681 = SURFACE_CURVE('',#682,(#687,#700),.PCURVE_S1.);
#682 = ELLIPSE('',#683,6.735192090802,4.7625);
#683 = AXIS2_PLACEMENT_3D('',#684,#685,#686);
#684 = CARTESIAN_POINT('',(-127.,88.9,0.));
#685 = DIRECTION('',(-0.707106781187,0.707106781187,0.));
#686 = DIRECTION('',(0.707106781187,0.707106781187,0.));
#687 = PCURVE('',#33,#688);
#688 = DEFINITIONAL_REPRESENTATION('',(#689),#699);
#689 = B_SPLINE_CURVE_WITH_KNOTS('',8,(#690,#691,#692,#693,#694,#695,
    #696,#697,#698),.UNSPECIFIED.,.F.,.F.,(9,9),(0.,1.570796326795),
  .PIECEWISE_BEZIER_KNOTS.);
#690 = CARTESIAN_POINT('',(1.570796326795,93.6625));
#691 = CARTESIAN_POINT('',(1.767145867644,93.6625));
#692 = CARTESIAN_POINT('',(1.963495408492,93.452660554223));
#693 = CARTESIAN_POINT('',(2.159844949342,93.032983445956));
#694 = CARTESIAN_POINT('',(2.356194490186,92.420719798999));
#695 = CARTESIAN_POINT('',(2.552544031042,91.65040690676));
#696 = CARTESIAN_POINT('',(2.748893571889,90.770229598473));
#697 = CARTESIAN_POINT('',(2.94524311274,89.835114688295));
#698 = CARTESIAN_POINT('',(3.14159265359,88.9));
#699 = ( GEOMETRIC_REPRESENTATION_CONTEXT(2) 
PARAMETRIC_REPRESENTATION_CONTEXT() REPRESENTATION_CONTEXT('2D SPACE',''
  ) );
#700 = PCURVE('',#619,#701);
#701 = DEFINITIONAL_REPRESENTATION('',(#702),#712);
#702 = B_SPLINE_CURVE_WITH_KNOTS('',8,(#703,#704,#705,#706,#707,#708,
    #709,#710,#711),.UNSPECIFIED.,.F.,.F.,(9,9),(0.,1.570796326795),
  .PIECEWISE_BEZIER_KNOTS.);
#703 = CARTESIAN_POINT('',(4.712388980385,4.7625));
#704 = CARTESIAN_POINT('',(4.516039439535,4.7625));
#705 = CARTESIAN_POINT('',(4.319689898684,4.552660554361));
#706 = CARTESIAN_POINT('',(4.123340357829,4.1329834457));
#707 = CARTESIAN_POINT('',(3.926990816986,3.520719799599));
#708 = CARTESIAN_POINT('',(3.730641276128,2.750406906521));
#709 = CARTESIAN_POINT('',(3.534291735288,1.870229598612));
#710 = CARTESIAN_POINT('',(3.337942194439,0.935114688295));
#711 = CARTESIAN_POINT('',(3.14159265359,0.));
#712 = ( GEOMETRIC_REPRESENTATION_CONTEXT(2) 
PARAMETRIC_REPRESENTATION_CONTEXT() REPRESENTATION_CONTEXT('2D SPACE',''
  ) );
#713 = FACE_BOUND('',#714,.T.);
#714 = EDGE_LOOP('',(#715,#770,#806));
#715 = ORIENTED_EDGE('',*,*,#716,.F.);
#716 = EDGE_CURVE('',#220,#717,#719,.T.);
#717 = VERTEX_POINT('',#718);
#718 = CARTESIAN_POINT('',(-127.,133.35,-4.7625));
#719 = SURFACE_CURVE('',#720,(#725,#745),.PCURVE_S1.);
#720 = ELLIPSE('',#721,6.735192090802,4.7625);
#721 = AXIS2_PLACEMENT_3D('',#722,#723,#724);
#722 = CARTESIAN_POINT('',(-127.,133.35,0.));
#723 = DIRECTION('',(0.707106781187,0.707106781187,0.));
#724 = DIRECTION('',(-0.707106781187,0.707106781187,0.));
#725 = PCURVE('',#33,#726);
#726 = DEFINITIONAL_REPRESENTATION('',(#727),#744);
#727 = B_SPLINE_CURVE_WITH_KNOTS('',8,(#728,#729,#730,#731,#732,#733,
    #734,#735,#736,#737,#738,#739,#740,#741,#742,#743),.UNSPECIFIED.,.F.
  ,.F.,(9,7,9),(1.570796326795,3.14159265359,4.712388980385),
  .UNSPECIFIED.);
#728 = CARTESIAN_POINT('',(0.,133.35));
#729 = CARTESIAN_POINT('',(0.196349540849,132.4148853117));
#730 = CARTESIAN_POINT('',(0.392699081699,131.47977040139));
#731 = CARTESIAN_POINT('',(0.589048622547,130.59959309341));
#732 = CARTESIAN_POINT('',(0.785398163397,129.82928020024));
#733 = CARTESIAN_POINT('',(0.981747704245,129.21701655417));
#734 = CARTESIAN_POINT('',(1.178097245096,128.79733944563));
#735 = CARTESIAN_POINT('',(1.374446785946,128.5875));
#736 = CARTESIAN_POINT('',(1.767145867644,128.5875));
#737 = CARTESIAN_POINT('',(1.96349540849,128.79733944589));
#738 = CARTESIAN_POINT('',(2.15984494935,129.21701655342));
#739 = CARTESIAN_POINT('',(2.356194490173,129.82928020166));
#740 = CARTESIAN_POINT('',(2.55254403105,130.59959309249));
#741 = CARTESIAN_POINT('',(2.748893571887,131.47977040164));
#742 = CARTESIAN_POINT('',(2.94524311274,132.4148853117));
#743 = CARTESIAN_POINT('',(3.14159265359,133.35));
#744 = ( GEOMETRIC_REPRESENTATION_CONTEXT(2) 
PARAMETRIC_REPRESENTATION_CONTEXT() REPRESENTATION_CONTEXT('2D SPACE',''
  ) );
#745 = PCURVE('',#746,#751);
#746 = CYLINDRICAL_SURFACE('',#747,4.7625);
#747 = AXIS2_PLACEMENT_3D('',#748,#749,#750);
#748 = CARTESIAN_POINT('',(-127.,133.35,0.));
#749 = DIRECTION('',(1.,0.,0.));
#750 = DIRECTION('',(0.,0.,1.));
#751 = DEFINITIONAL_REPRESENTATION('',(#752),#769);
#752 = B_SPLINE_CURVE_WITH_KNOTS('',8,(#753,#754,#755,#756,#757,#758,
    #759,#760,#761,#762,#763,#764,#765,#766,#767,#768),.UNSPECIFIED.,.F.
  ,.F.,(9,7,9),(1.570796326795,3.14159265359,4.712388980385),
  .UNSPECIFIED.);
#753 = CARTESIAN_POINT('',(0.,0.));
#754 = CARTESIAN_POINT('',(0.196349540849,0.935114688295));
#755 = CARTESIAN_POINT('',(0.392699081699,1.870229598614));
#756 = CARTESIAN_POINT('',(0.589048622546,2.750406906515));
#757 = CARTESIAN_POINT('',(0.785398163397,3.520719799624));
#758 = CARTESIAN_POINT('',(0.981747704246,4.132983445693));
#759 = CARTESIAN_POINT('',(1.178097245096,4.552660554364));
#760 = CARTESIAN_POINT('',(1.374446785946,4.7625));
#761 = CARTESIAN_POINT('',(1.767145867644,4.7625));
#762 = CARTESIAN_POINT('',(1.963495408492,4.552660554363));
#763 = CARTESIAN_POINT('',(2.159844949341,4.132983445694));
#764 = CARTESIAN_POINT('',(2.356194490185,3.520719799609));
#765 = CARTESIAN_POINT('',(2.552544031042,2.750406906516));
#766 = CARTESIAN_POINT('',(2.74889357189,1.870229598614));
#767 = CARTESIAN_POINT('',(2.94524311274,0.935114688295));
#768 = CARTESIAN_POINT('',(3.14159265359,0.));
#769 = ( GEOMETRIC_REPRESENTATION_CONTEXT(2) 
PARAMETRIC_REPRESENTATION_CONTEXT() REPRESENTATION_CONTEXT('2D SPACE',''
  ) );
#770 = ORIENTED_EDGE('',*,*,#771,.T.);
#771 = EDGE_CURVE('',#220,#772,#774,.T.);
#772 = VERTEX_POINT('',#773);
#773 = CARTESIAN_POINT('',(-122.2375,138.1125,5.832380380939E-16));
#774 = SURFACE_CURVE('',#775,(#780,#793),.PCURVE_S1.);
#775 = ELLIPSE('',#776,6.735192090802,4.7625);
#776 = AXIS2_PLACEMENT_3D('',#777,#778,#779);
#777 = CARTESIAN_POINT('',(-127.,133.35,0.));
#778 = DIRECTION('',(-0.707106781187,0.707106781187,0.));
#779 = DIRECTION('',(0.707106781187,0.707106781187,0.));
#780 = PCURVE('',#33,#781);
#781 = DEFINITIONAL_REPRESENTATION('',(#782),#792);
#782 = B_SPLINE_CURVE_WITH_KNOTS('',8,(#783,#784,#785,#786,#787,#788,
    #789,#790,#791),.UNSPECIFIED.,.F.,.F.,(9,9),(4.712388980385,
    6.28318530718),.PIECEWISE_BEZIER_KNOTS.);
#783 = CARTESIAN_POINT('',(0.,133.35));
#784 = CARTESIAN_POINT('',(0.196349540849,134.28511468829));
#785 = CARTESIAN_POINT('',(0.392699081699,135.22022959858));
#786 = CARTESIAN_POINT('',(0.589048622547,136.10040690638));
#787 = CARTESIAN_POINT('',(0.785398163396,136.87071979946));
#788 = CARTESIAN_POINT('',(0.981747704247,137.48298344542));
#789 = CARTESIAN_POINT('',(1.178097245096,137.90266055429));
#790 = CARTESIAN_POINT('',(1.374446785946,138.1125));
#791 = CARTESIAN_POINT('',(1.570796326795,138.1125));
#792 = ( GEOMETRIC_REPRESENTATION_CONTEXT(2) 
PARAMETRIC_REPRESENTATION_CONTEXT() REPRESENTATION_CONTEXT('2D SPACE',''
  ) );
#793 = PCURVE('',#746,#794);
#794 = DEFINITIONAL_REPRESENTATION('',(#795),#805);
#795 = B_SPLINE_CURVE_WITH_KNOTS('',8,(#796,#797,#798,#799,#800,#801,
    #802,#803,#804),.UNSPECIFIED.,.F.,.F.,(9,9),(4.712388980385,
    6.28318530718),.PIECEWISE_BEZIER_KNOTS.);
#796 = CARTESIAN_POINT('',(6.28318530718,0.));
#797 = CARTESIAN_POINT('',(6.08683576633,0.935114688295));
#798 = CARTESIAN_POINT('',(5.890486225481,1.870229598614));
#799 = CARTESIAN_POINT('',(5.694136684633,2.750406906515));
#800 = CARTESIAN_POINT('',(5.497787143783,3.520719799624));
#801 = CARTESIAN_POINT('',(5.301437602935,4.132983445693));
#802 = CARTESIAN_POINT('',(5.105088062083,4.552660554364));
#803 = CARTESIAN_POINT('',(4.908738521234,4.7625));
#804 = CARTESIAN_POINT('',(4.712388980385,4.7625));
#805 = ( GEOMETRIC_REPRESENTATION_CONTEXT(2) 
PARAMETRIC_REPRESENTATION_CONTEXT() REPRESENTATION_CONTEXT('2D SPACE',''
  ) );
#806 = ORIENTED_EDGE('',*,*,#807,.T.);
#807 = EDGE_CURVE('',#772,#717,#808,.T.);
#808 = SURFACE_CURVE('',#809,(#814,#827),.PCURVE_S1.);
#809 = ELLIPSE('',#810,6.735192090802,4.7625);
#810 = AXIS2_PLACEMENT_3D('',#811,#812,#813);
#811 = CARTESIAN_POINT('',(-127.,133.35,0.));
#812 = DIRECTION('',(-0.707106781187,0.707106781187,0.));
#813 = DIRECTION('',(0.707106781187,0.707106781187,0.));
#814 = PCURVE('',#33,#815);
#815 = DEFINITIONAL_REPRESENTATION('',(#816),#826);
#816 = B_SPLINE_CURVE_WITH_KNOTS('',8,(#817,#818,#819,#820,#821,#822,
    #823,#824,#825),.UNSPECIFIED.,.F.,.F.,(9,9),(0.,1.570796326795),
  .PIECEWISE_BEZIER_KNOTS.);
#817 = CARTESIAN_POINT('',(1.570796326795,138.1125));
#818 = CARTESIAN_POINT('',(1.767145867644,138.1125));
#819 = CARTESIAN_POINT('',(1.963495408492,137.90266055424));
#820 = CARTESIAN_POINT('',(2.159844949342,137.48298344575));
#821 = CARTESIAN_POINT('',(2.356194490186,136.87071979899));
#822 = CARTESIAN_POINT('',(2.552544031042,136.1004069065));
#823 = CARTESIAN_POINT('',(2.748893571889,135.2202295985));
#824 = CARTESIAN_POINT('',(2.94524311274,134.28511468829));
#825 = CARTESIAN_POINT('',(3.14159265359,133.35));
#826 = ( GEOMETRIC_REPRESENTATION_CONTEXT(2) 
PARAMETRIC_REPRESENTATION_CONTEXT() REPRESENTATION_CONTEXT('2D SPACE',''
  ) );
#827 = PCURVE('',#746,#828);
#828 = DEFINITIONAL_REPRESENTATION('',(#829),#839);
#829 = B_SPLINE_CURVE_WITH_KNOTS('',8,(#830,#831,#832,#833,#834,#835,
    #836,#837,#838),.UNSPECIFIED.,.F.,.F.,(9,9),(0.,1.570796326795),
  .PIECEWISE_BEZIER_KNOTS.);
#830 = CARTESIAN_POINT('',(4.712388980385,4.7625));
#831 = CARTESIAN_POINT('',(4.516039439535,4.7625));
#832 = CARTESIAN_POINT('',(4.319689898684,4.552660554361));
#833 = CARTESIAN_POINT('',(4.123340357839,4.1329834457));
#834 = CARTESIAN_POINT('',(3.926990816974,3.520719799599));
#835 = CARTESIAN_POINT('',(3.730641276137,2.750406906521));
#836 = CARTESIAN_POINT('',(3.534291735287,1.870229598612));
#837 = CARTESIAN_POINT('',(3.337942194439,0.935114688295));
#838 = CARTESIAN_POINT('',(3.14159265359,0.));
#839 = ( GEOMETRIC_REPRESENTATION_CONTEXT(2) 
PARAMETRIC_REPRESENTATION_CONTEXT() REPRESENTATION_CONTEXT('2D SPACE',''
  ) );
#840 = ADVANCED_FACE('',(#841,#1240,#1389,#1538,#1687),#51,.T.);
#841 = FACE_BOUND('',#842,.T.);
#842 = EDGE_LOOP('',(#843,#844,#880,#902,#924,#946,#968,#990,#1031,#1072
    ,#1108,#1137,#1171,#1172,#1173,#1174,#1175,#1176,#1212,#1239));
#843 = ORIENTED_EDGE('',*,*,#21,.F.);
#844 = ORIENTED_EDGE('',*,*,#845,.T.);
#845 = EDGE_CURVE('',#22,#846,#848,.T.);
#846 = VERTEX_POINT('',#847);
#847 = CARTESIAN_POINT('',(-122.2375,0.,4.7625));
#848 = SURFACE_CURVE('',#849,(#854,#867),.PCURVE_S1.);
#849 = ELLIPSE('',#850,6.735192090802,4.7625);
#850 = AXIS2_PLACEMENT_3D('',#851,#852,#853);
#851 = CARTESIAN_POINT('',(-127.,0.,0.));
#852 = DIRECTION('',(0.707106781187,0.,-0.707106781187));
#853 = DIRECTION('',(0.707106781187,0.,0.707106781187));
#854 = PCURVE('',#51,#855);
#855 = DEFINITIONAL_REPRESENTATION('',(#856),#866);
#856 = B_SPLINE_CURVE_WITH_KNOTS('',8,(#857,#858,#859,#860,#861,#862,
    #863,#864,#865),.UNSPECIFIED.,.F.,.F.,(9,9),(4.712388980385,
    6.28318530718),.PIECEWISE_BEZIER_KNOTS.);
#857 = CARTESIAN_POINT('',(4.712388980385,0.));
#858 = CARTESIAN_POINT('',(4.908738521234,0.935114688295));
#859 = CARTESIAN_POINT('',(5.105088062082,1.870229598614));
#860 = CARTESIAN_POINT('',(5.301437602924,2.750406906515));
#861 = CARTESIAN_POINT('',(5.497787143794,3.520719799624));
#862 = CARTESIAN_POINT('',(5.694136684619,4.132983445693));
#863 = CARTESIAN_POINT('',(5.890486225481,4.552660554364));
#864 = CARTESIAN_POINT('',(6.08683576633,4.7625));
#865 = CARTESIAN_POINT('',(6.28318530718,4.7625));
#866 = ( GEOMETRIC_REPRESENTATION_CONTEXT(2) 
PARAMETRIC_REPRESENTATION_CONTEXT() REPRESENTATION_CONTEXT('2D SPACE',''
  ) );
#867 = PCURVE('',#157,#868);
#868 = DEFINITIONAL_REPRESENTATION('',(#869),#879);
#869 = B_SPLINE_CURVE_WITH_KNOTS('',8,(#870,#871,#872,#873,#874,#875,
    #876,#877,#878),.UNSPECIFIED.,.F.,.F.,(9,9),(4.712388980385,
    6.28318530718),.PIECEWISE_BEZIER_KNOTS.);
#870 = CARTESIAN_POINT('',(1.570796326795,-8.748570571409E-16));
#871 = CARTESIAN_POINT('',(1.374446785946,0.935114688295));
#872 = CARTESIAN_POINT('',(1.178097245096,1.870229598611));
#873 = CARTESIAN_POINT('',(0.981747704243,2.750406906525));
#874 = CARTESIAN_POINT('',(0.785398163401,3.520719799603));
#875 = CARTESIAN_POINT('',(0.589048622544,4.132983445699));
#876 = CARTESIAN_POINT('',(0.392699081699,4.552660554361));
#877 = CARTESIAN_POINT('',(0.196349540849,4.7625));
#878 = CARTESIAN_POINT('',(2.449293598295E-16,4.7625));
#879 = ( GEOMETRIC_REPRESENTATION_CONTEXT(2) 
PARAMETRIC_REPRESENTATION_CONTEXT() REPRESENTATION_CONTEXT('2D SPACE',''
  ) );
#880 = ORIENTED_EDGE('',*,*,#881,.T.);
#881 = EDGE_CURVE('',#846,#882,#884,.T.);
#882 = VERTEX_POINT('',#883);
#883 = CARTESIAN_POINT('',(-76.2,0.,4.7625));
#884 = SEAM_CURVE('',#885,(#889,#896),.PCURVE_S1.);
#885 = LINE('',#886,#887);
#886 = CARTESIAN_POINT('',(-127.,0.,4.7625));
#887 = VECTOR('',#888,1.);
#888 = DIRECTION('',(1.,0.,0.));
#889 = PCURVE('',#51,#890);
#890 = DEFINITIONAL_REPRESENTATION('',(#891),#895);
#891 = LINE('',#892,#893);
#892 = CARTESIAN_POINT('',(0.,0.));
#893 = VECTOR('',#894,1.);
#894 = DIRECTION('',(0.,1.));
#895 = ( GEOMETRIC_REPRESENTATION_CONTEXT(2) 
PARAMETRIC_REPRESENTATION_CONTEXT() REPRESENTATION_CONTEXT('2D SPACE',''
  ) );
#896 = PCURVE('',#51,#897);
#897 = DEFINITIONAL_REPRESENTATION('',(#898),#901);
#898 = B_SPLINE_CURVE_WITH_KNOTS('',1,(#899,#900),.UNSPECIFIED.,.F.,.F.,
  (2,2),(0.,254.),.PIECEWISE_BEZIER_KNOTS.);
#899 = CARTESIAN_POINT('',(6.28318530718,0.));
#900 = CARTESIAN_POINT('',(6.28318530718,254.));
#901 = ( GEOMETRIC_REPRESENTATION_CONTEXT(2) 
PARAMETRIC_REPRESENTATION_CONTEXT() REPRESENTATION_CONTEXT('2D SPACE',''
  ) );
#902 = ORIENTED_EDGE('',*,*,#903,.T.);
#903 = EDGE_CURVE('',#882,#904,#906,.T.);
#904 = VERTEX_POINT('',#905);
#905 = CARTESIAN_POINT('',(-25.4,0.,4.7625));
#906 = SEAM_CURVE('',#907,(#911,#918),.PCURVE_S1.);
#907 = LINE('',#908,#909);
#908 = CARTESIAN_POINT('',(-127.,0.,4.7625));
#909 = VECTOR('',#910,1.);
#910 = DIRECTION('',(1.,0.,0.));
#911 = PCURVE('',#51,#912);
#912 = DEFINITIONAL_REPRESENTATION('',(#913),#917);
#913 = LINE('',#914,#915);
#914 = CARTESIAN_POINT('',(0.,0.));
#915 = VECTOR('',#916,1.);
#916 = DIRECTION('',(0.,1.));
#917 = ( GEOMETRIC_REPRESENTATION_CONTEXT(2) 
PARAMETRIC_REPRESENTATION_CONTEXT() REPRESENTATION_CONTEXT('2D SPACE',''
  ) );
#918 = PCURVE('',#51,#919);
#919 = DEFINITIONAL_REPRESENTATION('',(#920),#923);
#920 = B_SPLINE_CURVE_WITH_KNOTS('',1,(#921,#922),.UNSPECIFIED.,.F.,.F.,
  (2,2),(0.,254.),.PIECEWISE_BEZIER_KNOTS.);
#921 = CARTESIAN_POINT('',(6.28318530718,0.));
#922 = CARTESIAN_POINT('',(6.28318530718,254.));
#923 = ( GEOMETRIC_REPRESENTATION_CONTEXT(2) 
PARAMETRIC_REPRESENTATION_CONTEXT() REPRESENTATION_CONTEXT('2D SPACE',''
  ) );
#924 = ORIENTED_EDGE('',*,*,#925,.T.);
#925 = EDGE_CURVE('',#904,#926,#928,.T.);
#926 = VERTEX_POINT('',#927);
#927 = CARTESIAN_POINT('',(25.4,0.,4.7625));
#928 = SEAM_CURVE('',#929,(#933,#940),.PCURVE_S1.);
#929 = LINE('',#930,#931);
#930 = CARTESIAN_POINT('',(-127.,0.,4.7625));
#931 = VECTOR('',#932,1.);
#932 = DIRECTION('',(1.,0.,0.));
#933 = PCURVE('',#51,#934);
#934 = DEFINITIONAL_REPRESENTATION('',(#935),#939);
#935 = LINE('',#936,#937);
#936 = CARTESIAN_POINT('',(0.,0.));
#937 = VECTOR('',#938,1.);
#938 = DIRECTION('',(0.,1.));
#939 = ( GEOMETRIC_REPRESENTATION_CONTEXT(2) 
PARAMETRIC_REPRESENTATION_CONTEXT() REPRESENTATION_CONTEXT('2D SPACE',''
  ) );
#940 = PCURVE('',#51,#941);
#941 = DEFINITIONAL_REPRESENTATION('',(#942),#945);
#942 = B_SPLINE_CURVE_WITH_KNOTS('',1,(#943,#944),.UNSPECIFIED.,.F.,.F.,
  (2,2),(0.,254.),.PIECEWISE_BEZIER_KNOTS.);
#943 = CARTESIAN_POINT('',(6.28318530718,0.));
#944 = CARTESIAN_POINT('',(6.28318530718,254.));
#945 = ( GEOMETRIC_REPRESENTATION_CONTEXT(2) 
PARAMETRIC_REPRESENTATION_CONTEXT() REPRESENTATION_CONTEXT('2D SPACE',''
  ) );
#946 = ORIENTED_EDGE('',*,*,#947,.T.);
#947 = EDGE_CURVE('',#926,#948,#950,.T.);
#948 = VERTEX_POINT('',#949);
#949 = CARTESIAN_POINT('',(76.2,0.,4.7625));
#950 = SEAM_CURVE('',#951,(#955,#962),.PCURVE_S1.);
#951 = LINE('',#952,#953);
#952 = CARTESIAN_POINT('',(-127.,0.,4.7625));
#953 = VECTOR('',#954,1.);
#954 = DIRECTION('',(1.,0.,0.));
#955 = PCURVE('',#51,#956);
#956 = DEFINITIONAL_REPRESENTATION('',(#957),#961);
#957 = LINE('',#958,#959);
#958 = CARTESIAN_POINT('',(0.,0.));
#959 = VECTOR('',#960,1.);
#960 = DIRECTION('',(0.,1.));
#961 = ( GEOMETRIC_REPRESENTATION_CONTEXT(2) 
PARAMETRIC_REPRESENTATION_CONTEXT() REPRESENTATION_CONTEXT('2D SPACE',''
  ) );
#962 = PCURVE('',#51,#963);
#963 = DEFINITIONAL_REPRESENTATION('',(#964),#967);
#964 = B_SPLINE_CURVE_WITH_KNOTS('',1,(#965,#966),.UNSPECIFIED.,.F.,.F.,
  (2,2),(0.,254.),.PIECEWISE_BEZIER_KNOTS.);
#965 = CARTESIAN_POINT('',(6.28318530718,0.));
#966 = CARTESIAN_POINT('',(6.28318530718,254.));
#967 = ( GEOMETRIC_REPRESENTATION_CONTEXT(2) 
PARAMETRIC_REPRESENTATION_CONTEXT() REPRESENTATION_CONTEXT('2D SPACE',''
  ) );
#968 = ORIENTED_EDGE('',*,*,#969,.T.);
#969 = EDGE_CURVE('',#948,#970,#972,.T.);
#970 = VERTEX_POINT('',#971);
#971 = CARTESIAN_POINT('',(122.2375,0.,4.7625));
#972 = SEAM_CURVE('',#973,(#977,#984),.PCURVE_S1.);
#973 = LINE('',#974,#975);
#974 = CARTESIAN_POINT('',(-127.,0.,4.7625));
#975 = VECTOR('',#976,1.);
#976 = DIRECTION('',(1.,0.,0.));
#977 = PCURVE('',#51,#978);
#978 = DEFINITIONAL_REPRESENTATION('',(#979),#983);
#979 = LINE('',#980,#981);
#980 = CARTESIAN_POINT('',(0.,0.));
#981 = VECTOR('',#982,1.);
#982 = DIRECTION('',(0.,1.));
#983 = ( GEOMETRIC_REPRESENTATION_CONTEXT(2) 
PARAMETRIC_REPRESENTATION_CONTEXT() REPRESENTATION_CONTEXT('2D SPACE',''
  ) );
#984 = PCURVE('',#51,#985);
#985 = DEFINITIONAL_REPRESENTATION('',(#986),#989);
#986 = B_SPLINE_CURVE_WITH_KNOTS('',1,(#987,#988),.UNSPECIFIED.,.F.,.F.,
  (2,2),(0.,254.),.PIECEWISE_BEZIER_KNOTS.);
#987 = CARTESIAN_POINT('',(6.28318530718,0.));
#988 = CARTESIAN_POINT('',(6.28318530718,254.));
#989 = ( GEOMETRIC_REPRESENTATION_CONTEXT(2) 
PARAMETRIC_REPRESENTATION_CONTEXT() REPRESENTATION_CONTEXT('2D SPACE',''
  ) );
#990 = ORIENTED_EDGE('',*,*,#991,.F.);
#991 = EDGE_CURVE('',#992,#970,#994,.T.);
#992 = VERTEX_POINT('',#993);
#993 = CARTESIAN_POINT('',(123.63240395459,3.367596045401,3.367596045401
    ));
#994 = SURFACE_CURVE('',#995,(#1000,#1013),.PCURVE_S1.);
#995 = ELLIPSE('',#996,6.735192090802,4.7625);
#996 = AXIS2_PLACEMENT_3D('',#997,#998,#999);
#997 = CARTESIAN_POINT('',(127.,0.,0.));
#998 = DIRECTION('',(0.707106781187,0.,0.707106781187));
#999 = DIRECTION('',(0.707106781187,0.,-0.707106781187));
#1000 = PCURVE('',#51,#1001);
#1001 = DEFINITIONAL_REPRESENTATION('',(#1002),#1012);
#1002 = B_SPLINE_CURVE_WITH_KNOTS('',8,(#1003,#1004,#1005,#1006,#1007,
    #1008,#1009,#1010,#1011),.UNSPECIFIED.,.F.,.F.,(9,9),(1.570796326795
    ,3.14159265359),.PIECEWISE_BEZIER_KNOTS.);
#1003 = CARTESIAN_POINT('',(4.712388980385,254.));
#1004 = CARTESIAN_POINT('',(4.908738521234,253.0648853117));
#1005 = CARTESIAN_POINT('',(5.105088062082,252.12977040148));
#1006 = CARTESIAN_POINT('',(5.301437602924,251.24959309271));
#1007 = CARTESIAN_POINT('',(5.497787143794,250.47928020111));
#1008 = CARTESIAN_POINT('',(5.694136684619,249.86701655334));
#1009 = CARTESIAN_POINT('',(5.890486225481,249.44733944576));
#1010 = CARTESIAN_POINT('',(6.08683576633,249.2375));
#1011 = CARTESIAN_POINT('',(6.28318530718,249.2375));
#1012 = ( GEOMETRIC_REPRESENTATION_CONTEXT(2) 
PARAMETRIC_REPRESENTATION_CONTEXT() REPRESENTATION_CONTEXT('2D SPACE',''
  ) );
#1013 = PCURVE('',#1014,#1019);
#1014 = CYLINDRICAL_SURFACE('',#1015,4.7625);
#1015 = AXIS2_PLACEMENT_3D('',#1016,#1017,#1018);
#1016 = CARTESIAN_POINT('',(127.,0.,0.));
#1017 = DIRECTION('',(0.,0.,1.));
#1018 = DIRECTION('',(1.,0.,-0.));
#1019 = DEFINITIONAL_REPRESENTATION('',(#1020),#1030);
#1020 = B_SPLINE_CURVE_WITH_KNOTS('',8,(#1021,#1022,#1023,#1024,#1025,
    #1026,#1027,#1028,#1029),.UNSPECIFIED.,.F.,.F.,(9,9),(1.570796326795
    ,3.14159265359),.PIECEWISE_BEZIER_KNOTS.);
#1021 = CARTESIAN_POINT('',(1.570796326795,-2.91619019047E-16));
#1022 = CARTESIAN_POINT('',(1.767145867644,0.935114688295));
#1023 = CARTESIAN_POINT('',(1.963495408494,1.870229598613));
#1024 = CARTESIAN_POINT('',(2.159844949336,2.750406906517));
#1025 = CARTESIAN_POINT('',(2.3561944902,3.520719799613));
#1026 = CARTESIAN_POINT('',(2.552544031036,4.13298344569));
#1027 = CARTESIAN_POINT('',(2.748893571892,4.552660554364));
#1028 = CARTESIAN_POINT('',(2.94524311274,4.7625));
#1029 = CARTESIAN_POINT('',(3.14159265359,4.7625));
#1030 = ( GEOMETRIC_REPRESENTATION_CONTEXT(2) 
PARAMETRIC_REPRESENTATION_CONTEXT() REPRESENTATION_CONTEXT('2D SPACE',''
  ) );
#1031 = ORIENTED_EDGE('',*,*,#1032,.F.);
#1032 = EDGE_CURVE('',#1033,#992,#1035,.T.);
#1033 = VERTEX_POINT('',#1034);
#1034 = CARTESIAN_POINT('',(122.2375,4.7625,-5.832380380939E-16));
#1035 = SURFACE_CURVE('',#1036,(#1041,#1054),.PCURVE_S1.);
#1036 = ELLIPSE('',#1037,6.735192090802,4.7625);
#1037 = AXIS2_PLACEMENT_3D('',#1038,#1039,#1040);
#1038 = CARTESIAN_POINT('',(127.,0.,0.));
#1039 = DIRECTION('',(0.707106781187,0.707106781187,0.));
#1040 = DIRECTION('',(-0.707106781187,0.707106781187,0.));
#1041 = PCURVE('',#51,#1042);
#1042 = DEFINITIONAL_REPRESENTATION('',(#1043),#1053);
#1043 = B_SPLINE_CURVE_WITH_KNOTS('',8,(#1044,#1045,#1046,#1047,#1048,
    #1049,#1050,#1051,#1052),.UNSPECIFIED.,.F.,.F.,(9,9),(0.,
    1.570796326795),.PIECEWISE_BEZIER_KNOTS.);
#1044 = CARTESIAN_POINT('',(4.712388980385,249.2375));
#1045 = CARTESIAN_POINT('',(4.908738521234,249.2375));
#1046 = CARTESIAN_POINT('',(5.105088062083,249.44733944572));
#1047 = CARTESIAN_POINT('',(5.301437602936,249.86701655351));
#1048 = CARTESIAN_POINT('',(5.497787143782,250.479280201));
#1049 = CARTESIAN_POINT('',(5.694136684633,251.24959309296));
#1050 = CARTESIAN_POINT('',(5.890486225481,252.12977040144));
#1051 = CARTESIAN_POINT('',(6.08683576633,253.0648853117));
#1052 = CARTESIAN_POINT('',(6.28318530718,254.));
#1053 = ( GEOMETRIC_REPRESENTATION_CONTEXT(2) 
PARAMETRIC_REPRESENTATION_CONTEXT() REPRESENTATION_CONTEXT('2D SPACE',''
  ) );
#1054 = PCURVE('',#1055,#1060);
#1055 = CYLINDRICAL_SURFACE('',#1056,4.7625);
#1056 = AXIS2_PLACEMENT_3D('',#1057,#1058,#1059);
#1057 = CARTESIAN_POINT('',(127.,0.,0.));
#1058 = DIRECTION('',(0.,1.,0.));
#1059 = DIRECTION('',(0.,-0.,1.));
#1060 = DEFINITIONAL_REPRESENTATION('',(#1061),#1071);
#1061 = B_SPLINE_CURVE_WITH_KNOTS('',8,(#1062,#1063,#1064,#1065,#1066,
    #1067,#1068,#1069,#1070),.UNSPECIFIED.,.F.,.F.,(9,9),(0.,
    1.570796326795),.PIECEWISE_BEZIER_KNOTS.);
#1062 = CARTESIAN_POINT('',(4.712388980385,4.7625));
#1063 = CARTESIAN_POINT('',(4.908738521234,4.7625));
#1064 = CARTESIAN_POINT('',(5.105088062083,4.552660554365));
#1065 = CARTESIAN_POINT('',(5.301437602935,4.132983445687));
#1066 = CARTESIAN_POINT('',(5.497787143781,3.520719799619));
#1067 = CARTESIAN_POINT('',(5.694136684634,2.750406906516));
#1068 = CARTESIAN_POINT('',(5.890486225481,1.870229598614));
#1069 = CARTESIAN_POINT('',(6.08683576633,0.935114688295));
#1070 = CARTESIAN_POINT('',(6.28318530718,2.91619019047E-16));
#1071 = ( GEOMETRIC_REPRESENTATION_CONTEXT(2) 
PARAMETRIC_REPRESENTATION_CONTEXT() REPRESENTATION_CONTEXT('2D SPACE',''
  ) );
#1072 = ORIENTED_EDGE('',*,*,#1073,.F.);
#1073 = EDGE_CURVE('',#1074,#1033,#1076,.T.);
#1074 = VERTEX_POINT('',#1075);
#1075 = CARTESIAN_POINT('',(127.,-2.91619019047E-16,-4.7625));
#1076 = SURFACE_CURVE('',#1077,(#1082,#1095),.PCURVE_S1.);
#1077 = ELLIPSE('',#1078,6.735192090802,4.7625);
#1078 = AXIS2_PLACEMENT_3D('',#1079,#1080,#1081);
#1079 = CARTESIAN_POINT('',(127.,0.,0.));
#1080 = DIRECTION('',(0.707106781187,0.707106781187,0.));
#1081 = DIRECTION('',(-0.707106781187,0.707106781187,0.));
#1082 = PCURVE('',#51,#1083);
#1083 = DEFINITIONAL_REPRESENTATION('',(#1084),#1094);
#1084 = B_SPLINE_CURVE_WITH_KNOTS('',8,(#1085,#1086,#1087,#1088,#1089,
    #1090,#1091,#1092,#1093),.UNSPECIFIED.,.F.,.F.,(9,9),(4.712388980385
    ,6.28318530718),.PIECEWISE_BEZIER_KNOTS.);
#1085 = CARTESIAN_POINT('',(3.14159265359,254.));
#1086 = CARTESIAN_POINT('',(3.337942194439,253.0648853117));
#1087 = CARTESIAN_POINT('',(3.534291735287,252.12977040148));
#1088 = CARTESIAN_POINT('',(3.73064127613,251.24959309271));
#1089 = CARTESIAN_POINT('',(3.926990816975,250.47928020111));
#1090 = CARTESIAN_POINT('',(4.123340357832,249.86701655334));
#1091 = CARTESIAN_POINT('',(4.319689898683,249.44733944576));
#1092 = CARTESIAN_POINT('',(4.516039439535,249.2375));
#1093 = CARTESIAN_POINT('',(4.712388980385,249.2375));
#1094 = ( GEOMETRIC_REPRESENTATION_CONTEXT(2) 
PARAMETRIC_REPRESENTATION_CONTEXT() REPRESENTATION_CONTEXT('2D SPACE',''
  ) );
#1095 = PCURVE('',#1055,#1096);
#1096 = DEFINITIONAL_REPRESENTATION('',(#1097),#1107);
#1097 = B_SPLINE_CURVE_WITH_KNOTS('',8,(#1098,#1099,#1100,#1101,#1102,
    #1103,#1104,#1105,#1106),.UNSPECIFIED.,.F.,.F.,(9,9),(4.712388980385
    ,6.28318530718),.PIECEWISE_BEZIER_KNOTS.);
#1098 = CARTESIAN_POINT('',(3.14159265359,-8.748570571409E-16));
#1099 = CARTESIAN_POINT('',(3.337942194439,0.935114688295));
#1100 = CARTESIAN_POINT('',(3.534291735284,1.870229598611));
#1101 = CARTESIAN_POINT('',(3.730641276131,2.750406906525));
#1102 = CARTESIAN_POINT('',(3.926990816972,3.520719799603));
#1103 = CARTESIAN_POINT('',(4.123340357833,4.132983445699));
#1104 = CARTESIAN_POINT('',(4.319689898683,4.552660554361));
#1105 = CARTESIAN_POINT('',(4.516039439535,4.7625));
#1106 = CARTESIAN_POINT('',(4.712388980385,4.7625));
#1107 = ( GEOMETRIC_REPRESENTATION_CONTEXT(2) 
PARAMETRIC_REPRESENTATION_CONTEXT() REPRESENTATION_CONTEXT('2D SPACE',''
  ) );
#1108 = ORIENTED_EDGE('',*,*,#1109,.F.);
#1109 = EDGE_CURVE('',#1110,#1074,#1112,.T.);
#1110 = VERTEX_POINT('',#1111);
#1111 = CARTESIAN_POINT('',(127.,-4.7625,1.458095095235E-16));
#1112 = SURFACE_CURVE('',#1113,(#1118,#1125),.PCURVE_S1.);
#1113 = CIRCLE('',#1114,4.7625);
#1114 = AXIS2_PLACEMENT_3D('',#1115,#1116,#1117);
#1115 = CARTESIAN_POINT('',(127.,0.,0.));
#1116 = DIRECTION('',(1.,0.,-0.));
#1117 = DIRECTION('',(0.,0.,1.));
#1118 = PCURVE('',#51,#1119);
#1119 = DEFINITIONAL_REPRESENTATION('',(#1120),#1124);
#1120 = LINE('',#1121,#1122);
#1121 = CARTESIAN_POINT('',(0.,254.));
#1122 = VECTOR('',#1123,1.);
#1123 = DIRECTION('',(1.,0.));
#1124 = ( GEOMETRIC_REPRESENTATION_CONTEXT(2) 
PARAMETRIC_REPRESENTATION_CONTEXT() REPRESENTATION_CONTEXT('2D SPACE',''
  ) );
#1125 = PCURVE('',#1126,#1131);
#1126 = PLANE('',#1127);
#1127 = AXIS2_PLACEMENT_3D('',#1128,#1129,#1130);
#1128 = CARTESIAN_POINT('',(127.,-9.271385765151E-17,-5.742530740323E-16
    ));
#1129 = DIRECTION('',(1.,0.,0.));
#1130 = DIRECTION('',(-0.,0.,1.));
#1131 = DEFINITIONAL_REPRESENTATION('',(#1132),#1136);
#1132 = CIRCLE('',#1133,4.7625);
#1133 = AXIS2_PLACEMENT_2D('',#1134,#1135);
#1134 = CARTESIAN_POINT('',(5.742530740323E-16,-9.271385765151E-17));
#1135 = DIRECTION('',(1.,0.));
#1136 = ( GEOMETRIC_REPRESENTATION_CONTEXT(2) 
PARAMETRIC_REPRESENTATION_CONTEXT() REPRESENTATION_CONTEXT('2D SPACE',''
  ) );
#1137 = ORIENTED_EDGE('',*,*,#1138,.F.);
#1138 = EDGE_CURVE('',#970,#1110,#1139,.T.);
#1139 = SURFACE_CURVE('',#1140,(#1145,#1158),.PCURVE_S1.);
#1140 = ELLIPSE('',#1141,6.735192090802,4.7625);
#1141 = AXIS2_PLACEMENT_3D('',#1142,#1143,#1144);
#1142 = CARTESIAN_POINT('',(127.,0.,0.));
#1143 = DIRECTION('',(0.707106781187,0.,0.707106781187));
#1144 = DIRECTION('',(0.707106781187,0.,-0.707106781187));
#1145 = PCURVE('',#51,#1146);
#1146 = DEFINITIONAL_REPRESENTATION('',(#1147),#1157);
#1147 = B_SPLINE_CURVE_WITH_KNOTS('',8,(#1148,#1149,#1150,#1151,#1152,
    #1153,#1154,#1155,#1156),.UNSPECIFIED.,.F.,.F.,(9,9),(3.14159265359,
    4.712388980385),.PIECEWISE_BEZIER_KNOTS.);
#1148 = CARTESIAN_POINT('',(-8.881784197001E-16,249.2375));
#1149 = CARTESIAN_POINT('',(0.196349540849,249.2375));
#1150 = CARTESIAN_POINT('',(0.392699081698,249.44733944572));
#1151 = CARTESIAN_POINT('',(0.589048622549,249.86701655351));
#1152 = CARTESIAN_POINT('',(0.785398163392,250.479280201));
#1153 = CARTESIAN_POINT('',(0.981747704249,251.24959309296));
#1154 = CARTESIAN_POINT('',(1.178097245095,252.12977040144));
#1155 = CARTESIAN_POINT('',(1.374446785946,253.0648853117));
#1156 = CARTESIAN_POINT('',(1.570796326795,254.));
#1157 = ( GEOMETRIC_REPRESENTATION_CONTEXT(2) 
PARAMETRIC_REPRESENTATION_CONTEXT() REPRESENTATION_CONTEXT('2D SPACE',''
  ) );
#1158 = PCURVE('',#1014,#1159);
#1159 = DEFINITIONAL_REPRESENTATION('',(#1160),#1170);
#1160 = B_SPLINE_CURVE_WITH_KNOTS('',8,(#1161,#1162,#1163,#1164,#1165,
    #1166,#1167,#1168,#1169),.UNSPECIFIED.,.F.,.F.,(9,9),(3.14159265359,
    4.712388980385),.PIECEWISE_BEZIER_KNOTS.);
#1161 = CARTESIAN_POINT('',(3.14159265359,4.7625));
#1162 = CARTESIAN_POINT('',(3.337942194439,4.7625));
#1163 = CARTESIAN_POINT('',(3.53429173529,4.552660554363));
#1164 = CARTESIAN_POINT('',(3.730641276125,4.132983445693));
#1165 = CARTESIAN_POINT('',(3.926990816999,3.520719799619));
#1166 = CARTESIAN_POINT('',(4.123340357819,2.75040690652));
#1167 = CARTESIAN_POINT('',(4.319689898688,1.870229598613));
#1168 = CARTESIAN_POINT('',(4.516039439535,0.935114688295));
#1169 = CARTESIAN_POINT('',(4.712388980385,8.748570571409E-16));
#1170 = ( GEOMETRIC_REPRESENTATION_CONTEXT(2) 
PARAMETRIC_REPRESENTATION_CONTEXT() REPRESENTATION_CONTEXT('2D SPACE',''
  ) );
#1171 = ORIENTED_EDGE('',*,*,#969,.F.);
#1172 = ORIENTED_EDGE('',*,*,#947,.F.);
#1173 = ORIENTED_EDGE('',*,*,#925,.F.);
#1174 = ORIENTED_EDGE('',*,*,#903,.F.);
#1175 = ORIENTED_EDGE('',*,*,#881,.F.);
#1176 = ORIENTED_EDGE('',*,*,#1177,.T.);
#1177 = EDGE_CURVE('',#846,#1178,#1180,.T.);
#1178 = VERTEX_POINT('',#1179);
#1179 = CARTESIAN_POINT('',(-127.,-4.7625,1.458095095235E-16));
#1180 = SURFACE_CURVE('',#1181,(#1186,#1199),.PCURVE_S1.);
#1181 = ELLIPSE('',#1182,6.735192090802,4.7625);
#1182 = AXIS2_PLACEMENT_3D('',#1183,#1184,#1185);
#1183 = CARTESIAN_POINT('',(-127.,0.,0.));
#1184 = DIRECTION('',(0.707106781187,0.,-0.707106781187));
#1185 = DIRECTION('',(0.707106781187,0.,0.707106781187));
#1186 = PCURVE('',#51,#1187);
#1187 = DEFINITIONAL_REPRESENTATION('',(#1188),#1198);
#1188 = B_SPLINE_CURVE_WITH_KNOTS('',8,(#1189,#1190,#1191,#1192,#1193,
    #1194,#1195,#1196,#1197),.UNSPECIFIED.,.F.,.F.,(9,9),(0.,
    1.570796326795),.PIECEWISE_BEZIER_KNOTS.);
#1189 = CARTESIAN_POINT('',(0.,4.7625));
#1190 = CARTESIAN_POINT('',(0.196349540849,4.7625));
#1191 = CARTESIAN_POINT('',(0.392699081699,4.552660554361));
#1192 = CARTESIAN_POINT('',(0.589048622546,4.1329834457));
#1193 = CARTESIAN_POINT('',(0.785398163397,3.520719799599));
#1194 = CARTESIAN_POINT('',(0.981747704244,2.750406906521));
#1195 = CARTESIAN_POINT('',(1.178097245096,1.870229598612));
#1196 = CARTESIAN_POINT('',(1.374446785946,0.935114688295));
#1197 = CARTESIAN_POINT('',(1.570796326795,0.));
#1198 = ( GEOMETRIC_REPRESENTATION_CONTEXT(2) 
PARAMETRIC_REPRESENTATION_CONTEXT() REPRESENTATION_CONTEXT('2D SPACE',''
  ) );
#1199 = PCURVE('',#157,#1200);
#1200 = DEFINITIONAL_REPRESENTATION('',(#1201),#1211);
#1201 = B_SPLINE_CURVE_WITH_KNOTS('',8,(#1202,#1203,#1204,#1205,#1206,
    #1207,#1208,#1209,#1210),.UNSPECIFIED.,.F.,.F.,(9,9),(0.,
    1.570796326795),.PIECEWISE_BEZIER_KNOTS.);
#1202 = CARTESIAN_POINT('',(6.28318530718,4.7625));
#1203 = CARTESIAN_POINT('',(6.08683576633,4.7625));
#1204 = CARTESIAN_POINT('',(5.89048622548,4.552660554365));
#1205 = CARTESIAN_POINT('',(5.694136684635,4.132983445687));
#1206 = CARTESIAN_POINT('',(5.49778714378,3.520719799619));
#1207 = CARTESIAN_POINT('',(5.301437602935,2.750406906516));
#1208 = CARTESIAN_POINT('',(5.105088062083,1.870229598614));
#1209 = CARTESIAN_POINT('',(4.908738521234,0.935114688295));
#1210 = CARTESIAN_POINT('',(4.712388980385,2.91619019047E-16));
#1211 = ( GEOMETRIC_REPRESENTATION_CONTEXT(2) 
PARAMETRIC_REPRESENTATION_CONTEXT() REPRESENTATION_CONTEXT('2D SPACE',''
  ) );
#1212 = ORIENTED_EDGE('',*,*,#1213,.T.);
#1213 = EDGE_CURVE('',#1178,#70,#1214,.T.);
#1214 = SURFACE_CURVE('',#1215,(#1220,#1227),.PCURVE_S1.);
#1215 = CIRCLE('',#1216,4.7625);
#1216 = AXIS2_PLACEMENT_3D('',#1217,#1218,#1219);
#1217 = CARTESIAN_POINT('',(-127.,0.,0.));
#1218 = DIRECTION('',(1.,0.,-0.));
#1219 = DIRECTION('',(0.,0.,1.));
#1220 = PCURVE('',#51,#1221);
#1221 = DEFINITIONAL_REPRESENTATION('',(#1222),#1226);
#1222 = LINE('',#1223,#1224);
#1223 = CARTESIAN_POINT('',(0.,0.));
#1224 = VECTOR('',#1225,1.);
#1225 = DIRECTION('',(1.,0.));
#1226 = ( GEOMETRIC_REPRESENTATION_CONTEXT(2) 
PARAMETRIC_REPRESENTATION_CONTEXT() REPRESENTATION_CONTEXT('2D SPACE',''
  ) );
#1227 = PCURVE('',#1228,#1233);
#1228 = PLANE('',#1229);
#1229 = AXIS2_PLACEMENT_3D('',#1230,#1231,#1232);
#1230 = CARTESIAN_POINT('',(-127.,-9.271385765151E-17,
    -5.742530740323E-16));
#1231 = DIRECTION('',(1.,0.,0.));
#1232 = DIRECTION('',(-0.,0.,1.));
#1233 = DEFINITIONAL_REPRESENTATION('',(#1234),#1238);
#1234 = CIRCLE('',#1235,4.7625);
#1235 = AXIS2_PLACEMENT_2D('',#1236,#1237);
#1236 = CARTESIAN_POINT('',(5.742530740323E-16,-9.271385765151E-17));
#1237 = DIRECTION('',(1.,0.));
#1238 = ( GEOMETRIC_REPRESENTATION_CONTEXT(2) 
PARAMETRIC_REPRESENTATION_CONTEXT() REPRESENTATION_CONTEXT('2D SPACE',''
  ) );
#1239 = ORIENTED_EDGE('',*,*,#69,.F.);
#1240 = FACE_BOUND('',#1241,.T.);
#1241 = EDGE_LOOP('',(#1242,#1283,#1319,#1355));
#1242 = ORIENTED_EDGE('',*,*,#1243,.F.);
#1243 = EDGE_CURVE('',#882,#1244,#1246,.T.);
#1244 = VERTEX_POINT('',#1245);
#1245 = CARTESIAN_POINT('',(-71.4375,4.7625,5.832380380939E-16));
#1246 = SURFACE_CURVE('',#1247,(#1252,#1265),.PCURVE_S1.);
#1247 = ELLIPSE('',#1248,6.735192090802,4.7625);
#1248 = AXIS2_PLACEMENT_3D('',#1249,#1250,#1251);
#1249 = CARTESIAN_POINT('',(-76.2,0.,0.));
#1250 = DIRECTION('',(-0.707106781187,0.707106781187,0.));
#1251 = DIRECTION('',(0.707106781187,0.707106781187,0.));
#1252 = PCURVE('',#51,#1253);
#1253 = DEFINITIONAL_REPRESENTATION('',(#1254),#1264);
#1254 = B_SPLINE_CURVE_WITH_KNOTS('',8,(#1255,#1256,#1257,#1258,#1259,
    #1260,#1261,#1262,#1263),.UNSPECIFIED.,.F.,.F.,(9,9),(4.712388980385
    ,6.28318530718),.PIECEWISE_BEZIER_KNOTS.);
#1255 = CARTESIAN_POINT('',(6.28318530718,50.8));
#1256 = CARTESIAN_POINT('',(6.08683576633,51.735114688295));
#1257 = CARTESIAN_POINT('',(5.890486225481,52.670229598573));
#1258 = CARTESIAN_POINT('',(5.694136684634,53.550406906545));
#1259 = CARTESIAN_POINT('',(5.497787143782,54.320719799495));
#1260 = CARTESIAN_POINT('',(5.301437602936,54.932983445645));
#1261 = CARTESIAN_POINT('',(5.105088062083,55.352660554329));
#1262 = CARTESIAN_POINT('',(4.908738521234,55.5625));
#1263 = CARTESIAN_POINT('',(4.712388980385,55.5625));
#1264 = ( GEOMETRIC_REPRESENTATION_CONTEXT(2) 
PARAMETRIC_REPRESENTATION_CONTEXT() REPRESENTATION_CONTEXT('2D SPACE',''
  ) );
#1265 = PCURVE('',#1266,#1271);
#1266 = CYLINDRICAL_SURFACE('',#1267,4.7625);
#1267 = AXIS2_PLACEMENT_3D('',#1268,#1269,#1270);
#1268 = CARTESIAN_POINT('',(-76.2,0.,0.));
#1269 = DIRECTION('',(0.,1.,0.));
#1270 = DIRECTION('',(0.,-0.,1.));
#1271 = DEFINITIONAL_REPRESENTATION('',(#1272),#1282);
#1272 = B_SPLINE_CURVE_WITH_KNOTS('',8,(#1273,#1274,#1275,#1276,#1277,
    #1278,#1279,#1280,#1281),.UNSPECIFIED.,.F.,.F.,(9,9),(4.712388980385
    ,6.28318530718),.PIECEWISE_BEZIER_KNOTS.);
#1273 = CARTESIAN_POINT('',(0.,-8.748570571409E-16));
#1274 = CARTESIAN_POINT('',(0.196349540849,0.935114688295));
#1275 = CARTESIAN_POINT('',(0.392699081699,1.870229598611));
#1276 = CARTESIAN_POINT('',(0.589048622547,2.750406906525));
#1277 = CARTESIAN_POINT('',(0.785398163396,3.520719799603));
#1278 = CARTESIAN_POINT('',(0.981747704247,4.132983445699));
#1279 = CARTESIAN_POINT('',(1.178097245096,4.552660554361));
#1280 = CARTESIAN_POINT('',(1.374446785946,4.7625));
#1281 = CARTESIAN_POINT('',(1.570796326795,4.7625));
#1282 = ( GEOMETRIC_REPRESENTATION_CONTEXT(2) 
PARAMETRIC_REPRESENTATION_CONTEXT() REPRESENTATION_CONTEXT('2D SPACE',''
  ) );
#1283 = ORIENTED_EDGE('',*,*,#1284,.F.);
#1284 = EDGE_CURVE('',#1285,#882,#1287,.T.);
#1285 = VERTEX_POINT('',#1286);
#1286 = CARTESIAN_POINT('',(-80.9625,4.7625,-5.832380380939E-16));
#1287 = SURFACE_CURVE('',#1288,(#1293,#1306),.PCURVE_S1.);
#1288 = ELLIPSE('',#1289,6.735192090802,4.7625);
#1289 = AXIS2_PLACEMENT_3D('',#1290,#1291,#1292);
#1290 = CARTESIAN_POINT('',(-76.2,0.,0.));
#1291 = DIRECTION('',(0.707106781187,0.707106781187,0.));
#1292 = DIRECTION('',(-0.707106781187,0.707106781187,0.));
#1293 = PCURVE('',#51,#1294);
#1294 = DEFINITIONAL_REPRESENTATION('',(#1295),#1305);
#1295 = B_SPLINE_CURVE_WITH_KNOTS('',8,(#1296,#1297,#1298,#1299,#1300,
    #1301,#1302,#1303,#1304),.UNSPECIFIED.,.F.,.F.,(9,9),(0.,
    1.570796326795),.PIECEWISE_BEZIER_KNOTS.);
#1296 = CARTESIAN_POINT('',(4.712388980385,46.0375));
#1297 = CARTESIAN_POINT('',(4.908738521234,46.0375));
#1298 = CARTESIAN_POINT('',(5.105088062083,46.247339445626));
#1299 = CARTESIAN_POINT('',(5.301437602936,46.667016554272));
#1300 = CARTESIAN_POINT('',(5.497787143782,47.279280200342));
#1301 = CARTESIAN_POINT('',(5.694136684633,48.049593093435));
#1302 = CARTESIAN_POINT('',(5.890486225481,48.929770401379));
#1303 = CARTESIAN_POINT('',(6.08683576633,49.864885311705));
#1304 = CARTESIAN_POINT('',(6.28318530718,50.8));
#1305 = ( GEOMETRIC_REPRESENTATION_CONTEXT(2) 
PARAMETRIC_REPRESENTATION_CONTEXT() REPRESENTATION_CONTEXT('2D SPACE',''
  ) );
#1306 = PCURVE('',#1266,#1307);
#1307 = DEFINITIONAL_REPRESENTATION('',(#1308),#1318);
#1308 = B_SPLINE_CURVE_WITH_KNOTS('',8,(#1309,#1310,#1311,#1312,#1313,
    #1314,#1315,#1316,#1317),.UNSPECIFIED.,.F.,.F.,(9,9),(0.,
    1.570796326795),.PIECEWISE_BEZIER_KNOTS.);
#1309 = CARTESIAN_POINT('',(4.712388980385,4.7625));
#1310 = CARTESIAN_POINT('',(4.908738521234,4.7625));
#1311 = CARTESIAN_POINT('',(5.105088062083,4.552660554365));
#1312 = CARTESIAN_POINT('',(5.301437602935,4.132983445687));
#1313 = CARTESIAN_POINT('',(5.497787143781,3.520719799619));
#1314 = CARTESIAN_POINT('',(5.694136684634,2.750406906516));
#1315 = CARTESIAN_POINT('',(5.890486225481,1.870229598614));
#1316 = CARTESIAN_POINT('',(6.08683576633,0.935114688295));
#1317 = CARTESIAN_POINT('',(6.28318530718,2.91619019047E-16));
#1318 = ( GEOMETRIC_REPRESENTATION_CONTEXT(2) 
PARAMETRIC_REPRESENTATION_CONTEXT() REPRESENTATION_CONTEXT('2D SPACE',''
  ) );
#1319 = ORIENTED_EDGE('',*,*,#1320,.F.);
#1320 = EDGE_CURVE('',#1321,#1285,#1323,.T.);
#1321 = VERTEX_POINT('',#1322);
#1322 = CARTESIAN_POINT('',(-76.2,0.,-4.7625));
#1323 = SURFACE_CURVE('',#1324,(#1329,#1342),.PCURVE_S1.);
#1324 = ELLIPSE('',#1325,6.735192090802,4.7625);
#1325 = AXIS2_PLACEMENT_3D('',#1326,#1327,#1328);
#1326 = CARTESIAN_POINT('',(-76.2,0.,0.));
#1327 = DIRECTION('',(0.707106781187,0.707106781187,0.));
#1328 = DIRECTION('',(-0.707106781187,0.707106781187,0.));
#1329 = PCURVE('',#51,#1330);
#1330 = DEFINITIONAL_REPRESENTATION('',(#1331),#1341);
#1331 = B_SPLINE_CURVE_WITH_KNOTS('',8,(#1332,#1333,#1334,#1335,#1336,
    #1337,#1338,#1339,#1340),.UNSPECIFIED.,.F.,.F.,(9,9),(4.712388980385
    ,6.28318530718),.PIECEWISE_BEZIER_KNOTS.);
#1332 = CARTESIAN_POINT('',(3.14159265359,50.8));
#1333 = CARTESIAN_POINT('',(3.337942194439,49.864885311705));
#1334 = CARTESIAN_POINT('',(3.534291735287,48.929770401345));
#1335 = CARTESIAN_POINT('',(3.73064127613,48.049593093522));
#1336 = CARTESIAN_POINT('',(3.926990816975,47.279280200216));
#1337 = CARTESIAN_POINT('',(4.123340357832,46.667016554323));
#1338 = CARTESIAN_POINT('',(4.319689898683,46.247339445597));
#1339 = CARTESIAN_POINT('',(4.516039439535,46.0375));
#1340 = CARTESIAN_POINT('',(4.712388980385,46.0375));
#1341 = ( GEOMETRIC_REPRESENTATION_CONTEXT(2) 
PARAMETRIC_REPRESENTATION_CONTEXT() REPRESENTATION_CONTEXT('2D SPACE',''
  ) );
#1342 = PCURVE('',#1266,#1343);
#1343 = DEFINITIONAL_REPRESENTATION('',(#1344),#1354);
#1344 = B_SPLINE_CURVE_WITH_KNOTS('',8,(#1345,#1346,#1347,#1348,#1349,
    #1350,#1351,#1352,#1353),.UNSPECIFIED.,.F.,.F.,(9,9),(4.712388980385
    ,6.28318530718),.PIECEWISE_BEZIER_KNOTS.);
#1345 = CARTESIAN_POINT('',(3.14159265359,-8.748570571409E-16));
#1346 = CARTESIAN_POINT('',(3.337942194439,0.935114688295));
#1347 = CARTESIAN_POINT('',(3.534291735284,1.870229598611));
#1348 = CARTESIAN_POINT('',(3.730641276131,2.750406906525));
#1349 = CARTESIAN_POINT('',(3.926990816972,3.520719799603));
#1350 = CARTESIAN_POINT('',(4.123340357833,4.132983445699));
#1351 = CARTESIAN_POINT('',(4.319689898683,4.552660554361));
#1352 = CARTESIAN_POINT('',(4.516039439535,4.7625));
#1353 = CARTESIAN_POINT('',(4.712388980385,4.7625));
#1354 = ( GEOMETRIC_REPRESENTATION_CONTEXT(2) 
PARAMETRIC_REPRESENTATION_CONTEXT() REPRESENTATION_CONTEXT('2D SPACE',''
  ) );
#1355 = ORIENTED_EDGE('',*,*,#1356,.F.);
#1356 = EDGE_CURVE('',#1244,#1321,#1357,.T.);
#1357 = SURFACE_CURVE('',#1358,(#1363,#1376),.PCURVE_S1.);
#1358 = ELLIPSE('',#1359,6.735192090802,4.7625);
#1359 = AXIS2_PLACEMENT_3D('',#1360,#1361,#1362);
#1360 = CARTESIAN_POINT('',(-76.2,0.,0.));
#1361 = DIRECTION('',(-0.707106781187,0.707106781187,0.));
#1362 = DIRECTION('',(0.707106781187,0.707106781187,0.));
#1363 = PCURVE('',#51,#1364);
#1364 = DEFINITIONAL_REPRESENTATION('',(#1365),#1375);
#1365 = B_SPLINE_CURVE_WITH_KNOTS('',8,(#1366,#1367,#1368,#1369,#1370,
    #1371,#1372,#1373,#1374),.UNSPECIFIED.,.F.,.F.,(9,9),(0.,
    1.570796326795),.PIECEWISE_BEZIER_KNOTS.);
#1366 = CARTESIAN_POINT('',(4.712388980385,55.5625));
#1367 = CARTESIAN_POINT('',(4.516039439535,55.5625));
#1368 = CARTESIAN_POINT('',(4.319689898684,55.352660554336));
#1369 = CARTESIAN_POINT('',(4.123340357829,54.932983445737));
#1370 = CARTESIAN_POINT('',(3.926990816986,54.32071979934));
#1371 = CARTESIAN_POINT('',(3.730641276128,53.550406906591));
#1372 = CARTESIAN_POINT('',(3.534291735288,52.670229598583));
#1373 = CARTESIAN_POINT('',(3.337942194439,51.735114688295));
#1374 = CARTESIAN_POINT('',(3.14159265359,50.8));
#1375 = ( GEOMETRIC_REPRESENTATION_CONTEXT(2) 
PARAMETRIC_REPRESENTATION_CONTEXT() REPRESENTATION_CONTEXT('2D SPACE',''
  ) );
#1376 = PCURVE('',#1266,#1377);
#1377 = DEFINITIONAL_REPRESENTATION('',(#1378),#1388);
#1378 = B_SPLINE_CURVE_WITH_KNOTS('',8,(#1379,#1380,#1381,#1382,#1383,
    #1384,#1385,#1386,#1387),.UNSPECIFIED.,.F.,.F.,(9,9),(0.,
    1.570796326795),.PIECEWISE_BEZIER_KNOTS.);
#1379 = CARTESIAN_POINT('',(1.570796326795,4.7625));
#1380 = CARTESIAN_POINT('',(1.767145867644,4.7625));
#1381 = CARTESIAN_POINT('',(1.963495408492,4.552660554365));
#1382 = CARTESIAN_POINT('',(2.159844949342,4.132983445687));
#1383 = CARTESIAN_POINT('',(2.356194490186,3.520719799619));
#1384 = CARTESIAN_POINT('',(2.552544031042,2.750406906516));
#1385 = CARTESIAN_POINT('',(2.748893571889,1.870229598614));
#1386 = CARTESIAN_POINT('',(2.94524311274,0.935114688295));
#1387 = CARTESIAN_POINT('',(3.14159265359,2.91619019047E-16));
#1388 = ( GEOMETRIC_REPRESENTATION_CONTEXT(2) 
PARAMETRIC_REPRESENTATION_CONTEXT() REPRESENTATION_CONTEXT('2D SPACE',''
  ) );
#1389 = FACE_BOUND('',#1390,.T.);
#1390 = EDGE_LOOP('',(#1391,#1432,#1468,#1504));
#1391 = ORIENTED_EDGE('',*,*,#1392,.F.);
#1392 = EDGE_CURVE('',#904,#1393,#1395,.T.);
#1393 = VERTEX_POINT('',#1394);
#1394 = CARTESIAN_POINT('',(-20.6375,4.7625,5.832380380939E-16));
#1395 = SURFACE_CURVE('',#1396,(#1401,#1414),.PCURVE_S1.);
#1396 = ELLIPSE('',#1397,6.735192090802,4.7625);
#1397 = AXIS2_PLACEMENT_3D('',#1398,#1399,#1400);
#1398 = CARTESIAN_POINT('',(-25.4,0.,0.));
#1399 = DIRECTION('',(-0.707106781187,0.707106781187,0.));
#1400 = DIRECTION('',(0.707106781187,0.707106781187,0.));
#1401 = PCURVE('',#51,#1402);
#1402 = DEFINITIONAL_REPRESENTATION('',(#1403),#1413);
#1403 = B_SPLINE_CURVE_WITH_KNOTS('',8,(#1404,#1405,#1406,#1407,#1408,
    #1409,#1410,#1411,#1412),.UNSPECIFIED.,.F.,.F.,(9,9),(4.712388980385
    ,6.28318530718),.PIECEWISE_BEZIER_KNOTS.);
#1404 = CARTESIAN_POINT('',(6.28318530718,101.6));
#1405 = CARTESIAN_POINT('',(6.08683576633,102.53511468829));
#1406 = CARTESIAN_POINT('',(5.890486225481,103.47022959874));
#1407 = CARTESIAN_POINT('',(5.694136684634,104.35040690568));
#1408 = CARTESIAN_POINT('',(5.497787143782,105.12071980032));
#1409 = CARTESIAN_POINT('',(5.301437602936,105.73298344503));
#1410 = CARTESIAN_POINT('',(5.105088062083,106.1526605545));
#1411 = CARTESIAN_POINT('',(4.908738521234,106.3625));
#1412 = CARTESIAN_POINT('',(4.712388980385,106.3625));
#1413 = ( GEOMETRIC_REPRESENTATION_CONTEXT(2) 
PARAMETRIC_REPRESENTATION_CONTEXT() REPRESENTATION_CONTEXT('2D SPACE',''
  ) );
#1414 = PCURVE('',#1415,#1420);
#1415 = CYLINDRICAL_SURFACE('',#1416,4.7625);
#1416 = AXIS2_PLACEMENT_3D('',#1417,#1418,#1419);
#1417 = CARTESIAN_POINT('',(-25.4,0.,0.));
#1418 = DIRECTION('',(0.,1.,0.));
#1419 = DIRECTION('',(0.,-0.,1.));
#1420 = DEFINITIONAL_REPRESENTATION('',(#1421),#1431);
#1421 = B_SPLINE_CURVE_WITH_KNOTS('',8,(#1422,#1423,#1424,#1425,#1426,
    #1427,#1428,#1429,#1430),.UNSPECIFIED.,.F.,.F.,(9,9),(4.712388980385
    ,6.28318530718),.PIECEWISE_BEZIER_KNOTS.);
#1422 = CARTESIAN_POINT('',(0.,-8.748570571409E-16));
#1423 = CARTESIAN_POINT('',(0.196349540849,0.935114688295));
#1424 = CARTESIAN_POINT('',(0.392699081698,1.870229598611));
#1425 = CARTESIAN_POINT('',(0.589048622549,2.750406906525));
#1426 = CARTESIAN_POINT('',(0.785398163394,3.520719799603));
#1427 = CARTESIAN_POINT('',(0.981747704247,4.132983445699));
#1428 = CARTESIAN_POINT('',(1.178097245096,4.552660554361));
#1429 = CARTESIAN_POINT('',(1.374446785946,4.7625));
#1430 = CARTESIAN_POINT('',(1.570796326795,4.7625));
#1431 = ( GEOMETRIC_REPRESENTATION_CONTEXT(2) 
PARAMETRIC_REPRESENTATION_CONTEXT() REPRESENTATION_CONTEXT('2D SPACE',''
  ) );
#1432 = ORIENTED_EDGE('',*,*,#1433,.F.);
#1433 = EDGE_CURVE('',#1434,#904,#1436,.T.);
#1434 = VERTEX_POINT('',#1435);
#1435 = CARTESIAN_POINT('',(-30.1625,4.7625,-5.832380380939E-16));
#1436 = SURFACE_CURVE('',#1437,(#1442,#1455),.PCURVE_S1.);
#1437 = ELLIPSE('',#1438,6.735192090802,4.7625);
#1438 = AXIS2_PLACEMENT_3D('',#1439,#1440,#1441);
#1439 = CARTESIAN_POINT('',(-25.4,0.,0.));
#1440 = DIRECTION('',(0.707106781187,0.707106781187,0.));
#1441 = DIRECTION('',(-0.707106781187,0.707106781187,0.));
#1442 = PCURVE('',#51,#1443);
#1443 = DEFINITIONAL_REPRESENTATION('',(#1444),#1454);
#1444 = B_SPLINE_CURVE_WITH_KNOTS('',8,(#1445,#1446,#1447,#1448,#1449,
    #1450,#1451,#1452,#1453),.UNSPECIFIED.,.F.,.F.,(9,9),(0.,
    1.570796326795),.PIECEWISE_BEZIER_KNOTS.);
#1445 = CARTESIAN_POINT('',(4.712388980385,96.8375));
#1446 = CARTESIAN_POINT('',(4.908738521234,96.8375));
#1447 = CARTESIAN_POINT('',(5.105088062083,97.047339445533));
#1448 = CARTESIAN_POINT('',(5.301437602936,97.467016554384));
#1449 = CARTESIAN_POINT('',(5.497787143782,98.079280199929));
#1450 = CARTESIAN_POINT('',(5.694136684633,98.849593093509));
#1451 = CARTESIAN_POINT('',(5.890486225481,99.729770401331));
#1452 = CARTESIAN_POINT('',(6.08683576633,100.6648853117));
#1453 = CARTESIAN_POINT('',(6.28318530718,101.6));
#1454 = ( GEOMETRIC_REPRESENTATION_CONTEXT(2) 
PARAMETRIC_REPRESENTATION_CONTEXT() REPRESENTATION_CONTEXT('2D SPACE',''
  ) );
#1455 = PCURVE('',#1415,#1456);
#1456 = DEFINITIONAL_REPRESENTATION('',(#1457),#1467);
#1457 = B_SPLINE_CURVE_WITH_KNOTS('',8,(#1458,#1459,#1460,#1461,#1462,
    #1463,#1464,#1465,#1466),.UNSPECIFIED.,.F.,.F.,(9,9),(0.,
    1.570796326795),.PIECEWISE_BEZIER_KNOTS.);
#1458 = CARTESIAN_POINT('',(4.712388980385,4.7625));
#1459 = CARTESIAN_POINT('',(4.908738521234,4.7625));
#1460 = CARTESIAN_POINT('',(5.105088062084,4.552660554365));
#1461 = CARTESIAN_POINT('',(5.301437602936,4.132983445687));
#1462 = CARTESIAN_POINT('',(5.497787143782,3.520719799619));
#1463 = CARTESIAN_POINT('',(5.694136684633,2.750406906516));
#1464 = CARTESIAN_POINT('',(5.890486225481,1.870229598614));
#1465 = CARTESIAN_POINT('',(6.08683576633,0.935114688295));
#1466 = CARTESIAN_POINT('',(6.28318530718,2.91619019047E-16));
#1467 = ( GEOMETRIC_REPRESENTATION_CONTEXT(2) 
PARAMETRIC_REPRESENTATION_CONTEXT() REPRESENTATION_CONTEXT('2D SPACE',''
  ) );
#1468 = ORIENTED_EDGE('',*,*,#1469,.F.);
#1469 = EDGE_CURVE('',#1470,#1434,#1472,.T.);
#1470 = VERTEX_POINT('',#1471);
#1471 = CARTESIAN_POINT('',(-25.4,0.,-4.7625));
#1472 = SURFACE_CURVE('',#1473,(#1478,#1491),.PCURVE_S1.);
#1473 = ELLIPSE('',#1474,6.735192090802,4.7625);
#1474 = AXIS2_PLACEMENT_3D('',#1475,#1476,#1477);
#1475 = CARTESIAN_POINT('',(-25.4,0.,0.));
#1476 = DIRECTION('',(0.707106781187,0.707106781187,0.));
#1477 = DIRECTION('',(-0.707106781187,0.707106781187,0.));
#1478 = PCURVE('',#51,#1479);
#1479 = DEFINITIONAL_REPRESENTATION('',(#1480),#1490);
#1480 = B_SPLINE_CURVE_WITH_KNOTS('',8,(#1481,#1482,#1483,#1484,#1485,
    #1486,#1487,#1488,#1489),.UNSPECIFIED.,.F.,.F.,(9,9),(4.712388980385
    ,6.28318530718),.PIECEWISE_BEZIER_KNOTS.);
#1481 = CARTESIAN_POINT('',(3.14159265359,101.6));
#1482 = CARTESIAN_POINT('',(3.337942194439,100.6648853117));
#1483 = CARTESIAN_POINT('',(3.534291735287,99.729770401288));
#1484 = CARTESIAN_POINT('',(3.73064127613,98.849593093664));
#1485 = CARTESIAN_POINT('',(3.926990816975,98.079280199716));
#1486 = CARTESIAN_POINT('',(4.123340357832,97.467016554542));
#1487 = CARTESIAN_POINT('',(4.319689898683,97.047339445535));
#1488 = CARTESIAN_POINT('',(4.516039439535,96.8375));
#1489 = CARTESIAN_POINT('',(4.712388980385,96.8375));
#1490 = ( GEOMETRIC_REPRESENTATION_CONTEXT(2) 
PARAMETRIC_REPRESENTATION_CONTEXT() REPRESENTATION_CONTEXT('2D SPACE',''
  ) );
#1491 = PCURVE('',#1415,#1492);
#1492 = DEFINITIONAL_REPRESENTATION('',(#1493),#1503);
#1493 = B_SPLINE_CURVE_WITH_KNOTS('',8,(#1494,#1495,#1496,#1497,#1498,
    #1499,#1500,#1501,#1502),.UNSPECIFIED.,.F.,.F.,(9,9),(4.712388980385
    ,6.28318530718),.PIECEWISE_BEZIER_KNOTS.);
#1494 = CARTESIAN_POINT('',(3.14159265359,-8.748570571409E-16));
#1495 = CARTESIAN_POINT('',(3.337942194439,0.935114688295));
#1496 = CARTESIAN_POINT('',(3.53429173528,1.870229598611));
#1497 = CARTESIAN_POINT('',(3.730641276156,2.750406906525));
#1498 = CARTESIAN_POINT('',(3.926990816946,3.520719799603));
#1499 = CARTESIAN_POINT('',(4.12334035785,4.132983445699));
#1500 = CARTESIAN_POINT('',(4.319689898678,4.552660554361));
#1501 = CARTESIAN_POINT('',(4.516039439535,4.7625));
#1502 = CARTESIAN_POINT('',(4.712388980385,4.7625));
#1503 = ( GEOMETRIC_REPRESENTATION_CONTEXT(2) 
PARAMETRIC_REPRESENTATION_CONTEXT() REPRESENTATION_CONTEXT('2D SPACE',''
  ) );
#1504 = ORIENTED_EDGE('',*,*,#1505,.F.);
#1505 = EDGE_CURVE('',#1393,#1470,#1506,.T.);
#1506 = SURFACE_CURVE('',#1507,(#1512,#1525),.PCURVE_S1.);
#1507 = ELLIPSE('',#1508,6.735192090802,4.7625);
#1508 = AXIS2_PLACEMENT_3D('',#1509,#1510,#1511);
#1509 = CARTESIAN_POINT('',(-25.4,0.,0.));
#1510 = DIRECTION('',(-0.707106781187,0.707106781187,0.));
#1511 = DIRECTION('',(0.707106781187,0.707106781187,0.));
#1512 = PCURVE('',#51,#1513);
#1513 = DEFINITIONAL_REPRESENTATION('',(#1514),#1524);
#1514 = B_SPLINE_CURVE_WITH_KNOTS('',8,(#1515,#1516,#1517,#1518,#1519,
    #1520,#1521,#1522,#1523),.UNSPECIFIED.,.F.,.F.,(9,9),(0.,
    1.570796326795),.PIECEWISE_BEZIER_KNOTS.);
#1515 = CARTESIAN_POINT('',(4.712388980385,106.3625));
#1516 = CARTESIAN_POINT('',(4.516039439535,106.3625));
#1517 = CARTESIAN_POINT('',(4.319689898684,106.15266055427));
#1518 = CARTESIAN_POINT('',(4.123340357829,105.73298344576));
#1519 = CARTESIAN_POINT('',(3.926990816986,105.12071979939));
#1520 = CARTESIAN_POINT('',(3.730641276128,104.3504069064));
#1521 = CARTESIAN_POINT('',(3.534291735288,103.4702295985));
#1522 = CARTESIAN_POINT('',(3.337942194439,102.53511468829));
#1523 = CARTESIAN_POINT('',(3.14159265359,101.6));
#1524 = ( GEOMETRIC_REPRESENTATION_CONTEXT(2) 
PARAMETRIC_REPRESENTATION_CONTEXT() REPRESENTATION_CONTEXT('2D SPACE',''
  ) );
#1525 = PCURVE('',#1415,#1526);
#1526 = DEFINITIONAL_REPRESENTATION('',(#1527),#1537);
#1527 = B_SPLINE_CURVE_WITH_KNOTS('',8,(#1528,#1529,#1530,#1531,#1532,
    #1533,#1534,#1535,#1536),.UNSPECIFIED.,.F.,.F.,(9,9),(0.,
    1.570796326795),.PIECEWISE_BEZIER_KNOTS.);
#1528 = CARTESIAN_POINT('',(1.570796326795,4.7625));
#1529 = CARTESIAN_POINT('',(1.767145867644,4.7625));
#1530 = CARTESIAN_POINT('',(1.96349540849,4.552660554365));
#1531 = CARTESIAN_POINT('',(2.159844949352,4.132983445687));
#1532 = CARTESIAN_POINT('',(2.356194490178,3.520719799619));
#1533 = CARTESIAN_POINT('',(2.552544031053,2.750406906516));
#1534 = CARTESIAN_POINT('',(2.748893571888,1.870229598614));
#1535 = CARTESIAN_POINT('',(2.94524311274,0.935114688295));
#1536 = CARTESIAN_POINT('',(3.14159265359,2.91619019047E-16));
#1537 = ( GEOMETRIC_REPRESENTATION_CONTEXT(2) 
PARAMETRIC_REPRESENTATION_CONTEXT() REPRESENTATION_CONTEXT('2D SPACE',''
  ) );
#1538 = FACE_BOUND('',#1539,.T.);
#1539 = EDGE_LOOP('',(#1540,#1581,#1617,#1653));
#1540 = ORIENTED_EDGE('',*,*,#1541,.F.);
#1541 = EDGE_CURVE('',#926,#1542,#1544,.T.);
#1542 = VERTEX_POINT('',#1543);
#1543 = CARTESIAN_POINT('',(30.1625,4.7625,5.832380380939E-16));
#1544 = SURFACE_CURVE('',#1545,(#1550,#1563),.PCURVE_S1.);
#1545 = ELLIPSE('',#1546,6.735192090802,4.7625);
#1546 = AXIS2_PLACEMENT_3D('',#1547,#1548,#1549);
#1547 = CARTESIAN_POINT('',(25.4,0.,0.));
#1548 = DIRECTION('',(-0.707106781187,0.707106781187,0.));
#1549 = DIRECTION('',(0.707106781187,0.707106781187,0.));
#1550 = PCURVE('',#51,#1551);
#1551 = DEFINITIONAL_REPRESENTATION('',(#1552),#1562);
#1552 = B_SPLINE_CURVE_WITH_KNOTS('',8,(#1553,#1554,#1555,#1556,#1557,
    #1558,#1559,#1560,#1561),.UNSPECIFIED.,.F.,.F.,(9,9),(4.712388980385
    ,6.28318530718),.PIECEWISE_BEZIER_KNOTS.);
#1553 = CARTESIAN_POINT('',(6.28318530718,152.4));
#1554 = CARTESIAN_POINT('',(6.08683576633,153.33511468829));
#1555 = CARTESIAN_POINT('',(5.890486225481,154.2702295985));
#1556 = CARTESIAN_POINT('',(5.694136684634,155.15040690637));
#1557 = CARTESIAN_POINT('',(5.497787143782,155.92071979893));
#1558 = CARTESIAN_POINT('',(5.301437602936,156.53298344566));
#1559 = CARTESIAN_POINT('',(5.105088062083,156.95266055426));
#1560 = CARTESIAN_POINT('',(4.908738521234,157.1625));
#1561 = CARTESIAN_POINT('',(4.712388980385,157.1625));
#1562 = ( GEOMETRIC_REPRESENTATION_CONTEXT(2) 
PARAMETRIC_REPRESENTATION_CONTEXT() REPRESENTATION_CONTEXT('2D SPACE',''
  ) );
#1563 = PCURVE('',#1564,#1569);
#1564 = CYLINDRICAL_SURFACE('',#1565,4.7625);
#1565 = AXIS2_PLACEMENT_3D('',#1566,#1567,#1568);
#1566 = CARTESIAN_POINT('',(25.4,0.,0.));
#1567 = DIRECTION('',(0.,1.,0.));
#1568 = DIRECTION('',(0.,-0.,1.));
#1569 = DEFINITIONAL_REPRESENTATION('',(#1570),#1580);
#1570 = B_SPLINE_CURVE_WITH_KNOTS('',8,(#1571,#1572,#1573,#1574,#1575,
    #1576,#1577,#1578,#1579),.UNSPECIFIED.,.F.,.F.,(9,9),(4.712388980385
    ,6.28318530718),.PIECEWISE_BEZIER_KNOTS.);
#1571 = CARTESIAN_POINT('',(0.,-8.748570571409E-16));
#1572 = CARTESIAN_POINT('',(0.196349540849,0.935114688295));
#1573 = CARTESIAN_POINT('',(0.392699081698,1.870229598611));
#1574 = CARTESIAN_POINT('',(0.589048622549,2.750406906525));
#1575 = CARTESIAN_POINT('',(0.785398163394,3.520719799603));
#1576 = CARTESIAN_POINT('',(0.981747704247,4.132983445699));
#1577 = CARTESIAN_POINT('',(1.178097245096,4.552660554361));
#1578 = CARTESIAN_POINT('',(1.374446785946,4.7625));
#1579 = CARTESIAN_POINT('',(1.570796326795,4.7625));
#1580 = ( GEOMETRIC_REPRESENTATION_CONTEXT(2) 
PARAMETRIC_REPRESENTATION_CONTEXT() REPRESENTATION_CONTEXT('2D SPACE',''
  ) );
#1581 = ORIENTED_EDGE('',*,*,#1582,.F.);
#1582 = EDGE_CURVE('',#1583,#926,#1585,.T.);
#1583 = VERTEX_POINT('',#1584);
#1584 = CARTESIAN_POINT('',(20.6375,4.7625,-5.832380380939E-16));
#1585 = SURFACE_CURVE('',#1586,(#1591,#1604),.PCURVE_S1.);
#1586 = ELLIPSE('',#1587,6.735192090802,4.7625);
#1587 = AXIS2_PLACEMENT_3D('',#1588,#1589,#1590);
#1588 = CARTESIAN_POINT('',(25.4,0.,0.));
#1589 = DIRECTION('',(0.707106781187,0.707106781187,0.));
#1590 = DIRECTION('',(-0.707106781187,0.707106781187,0.));
#1591 = PCURVE('',#51,#1592);
#1592 = DEFINITIONAL_REPRESENTATION('',(#1593),#1603);
#1593 = B_SPLINE_CURVE_WITH_KNOTS('',8,(#1594,#1595,#1596,#1597,#1598,
    #1599,#1600,#1601,#1602),.UNSPECIFIED.,.F.,.F.,(9,9),(0.,
    1.570796326795),.PIECEWISE_BEZIER_KNOTS.);
#1594 = CARTESIAN_POINT('',(4.712388980385,147.6375));
#1595 = CARTESIAN_POINT('',(4.908738521234,147.6375));
#1596 = CARTESIAN_POINT('',(5.105088062083,147.84733944541));
#1597 = CARTESIAN_POINT('',(5.301437602936,148.26701655473));
#1598 = CARTESIAN_POINT('',(5.497787143782,148.87928019943));
#1599 = CARTESIAN_POINT('',(5.694136684633,149.64959309395));
#1600 = CARTESIAN_POINT('',(5.890486225481,150.5297704012));
#1601 = CARTESIAN_POINT('',(6.08683576633,151.4648853117));
#1602 = CARTESIAN_POINT('',(6.28318530718,152.4));
#1603 = ( GEOMETRIC_REPRESENTATION_CONTEXT(2) 
PARAMETRIC_REPRESENTATION_CONTEXT() REPRESENTATION_CONTEXT('2D SPACE',''
  ) );
#1604 = PCURVE('',#1564,#1605);
#1605 = DEFINITIONAL_REPRESENTATION('',(#1606),#1616);
#1606 = B_SPLINE_CURVE_WITH_KNOTS('',8,(#1607,#1608,#1609,#1610,#1611,
    #1612,#1613,#1614,#1615),.UNSPECIFIED.,.F.,.F.,(9,9),(0.,
    1.570796326795),.PIECEWISE_BEZIER_KNOTS.);
#1607 = CARTESIAN_POINT('',(4.712388980385,4.7625));
#1608 = CARTESIAN_POINT('',(4.908738521234,4.7625));
#1609 = CARTESIAN_POINT('',(5.105088062084,4.552660554365));
#1610 = CARTESIAN_POINT('',(5.301437602936,4.132983445687));
#1611 = CARTESIAN_POINT('',(5.497787143782,3.520719799619));
#1612 = CARTESIAN_POINT('',(5.694136684633,2.750406906516));
#1613 = CARTESIAN_POINT('',(5.890486225481,1.870229598614));
#1614 = CARTESIAN_POINT('',(6.08683576633,0.935114688295));
#1615 = CARTESIAN_POINT('',(6.28318530718,2.91619019047E-16));
#1616 = ( GEOMETRIC_REPRESENTATION_CONTEXT(2) 
PARAMETRIC_REPRESENTATION_CONTEXT() REPRESENTATION_CONTEXT('2D SPACE',''
  ) );
#1617 = ORIENTED_EDGE('',*,*,#1618,.F.);
#1618 = EDGE_CURVE('',#1619,#1583,#1621,.T.);
#1619 = VERTEX_POINT('',#1620);
#1620 = CARTESIAN_POINT('',(25.4,0.,-4.7625));
#1621 = SURFACE_CURVE('',#1622,(#1627,#1640),.PCURVE_S1.);
#1622 = ELLIPSE('',#1623,6.735192090802,4.7625);
#1623 = AXIS2_PLACEMENT_3D('',#1624,#1625,#1626);
#1624 = CARTESIAN_POINT('',(25.4,0.,0.));
#1625 = DIRECTION('',(0.707106781187,0.707106781187,0.));
#1626 = DIRECTION('',(-0.707106781187,0.707106781187,0.));
#1627 = PCURVE('',#51,#1628);
#1628 = DEFINITIONAL_REPRESENTATION('',(#1629),#1639);
#1629 = B_SPLINE_CURVE_WITH_KNOTS('',8,(#1630,#1631,#1632,#1633,#1634,
    #1635,#1636,#1637,#1638),.UNSPECIFIED.,.F.,.F.,(9,9),(4.712388980385
    ,6.28318530718),.PIECEWISE_BEZIER_KNOTS.);
#1630 = CARTESIAN_POINT('',(3.14159265359,152.4));
#1631 = CARTESIAN_POINT('',(3.337942194439,151.4648853117));
#1632 = CARTESIAN_POINT('',(3.534291735287,150.52977040112));
#1633 = CARTESIAN_POINT('',(3.73064127613,149.64959309412));
#1634 = CARTESIAN_POINT('',(3.926990816975,148.87928019904));
#1635 = CARTESIAN_POINT('',(4.123340357832,148.26701655495));
#1636 = CARTESIAN_POINT('',(4.319689898683,147.8473394454));
#1637 = CARTESIAN_POINT('',(4.516039439535,147.6375));
#1638 = CARTESIAN_POINT('',(4.712388980385,147.6375));
#1639 = ( GEOMETRIC_REPRESENTATION_CONTEXT(2) 
PARAMETRIC_REPRESENTATION_CONTEXT() REPRESENTATION_CONTEXT('2D SPACE',''
  ) );
#1640 = PCURVE('',#1564,#1641);
#1641 = DEFINITIONAL_REPRESENTATION('',(#1642),#1652);
#1642 = B_SPLINE_CURVE_WITH_KNOTS('',8,(#1643,#1644,#1645,#1646,#1647,
    #1648,#1649,#1650,#1651),.UNSPECIFIED.,.F.,.F.,(9,9),(4.712388980385
    ,6.28318530718),.PIECEWISE_BEZIER_KNOTS.);
#1643 = CARTESIAN_POINT('',(3.14159265359,-8.748570571409E-16));
#1644 = CARTESIAN_POINT('',(3.337942194439,0.935114688295));
#1645 = CARTESIAN_POINT('',(3.53429173528,1.870229598611));
#1646 = CARTESIAN_POINT('',(3.730641276156,2.750406906525));
#1647 = CARTESIAN_POINT('',(3.926990816946,3.520719799603));
#1648 = CARTESIAN_POINT('',(4.12334035785,4.132983445699));
#1649 = CARTESIAN_POINT('',(4.319689898678,4.552660554361));
#1650 = CARTESIAN_POINT('',(4.516039439535,4.7625));
#1651 = CARTESIAN_POINT('',(4.712388980385,4.7625));
#1652 = ( GEOMETRIC_REPRESENTATION_CONTEXT(2) 
PARAMETRIC_REPRESENTATION_CONTEXT() REPRESENTATION_CONTEXT('2D SPACE',''
  ) );
#1653 = ORIENTED_EDGE('',*,*,#1654,.F.);
#1654 = EDGE_CURVE('',#1542,#1619,#1655,.T.);
#1655 = SURFACE_CURVE('',#1656,(#1661,#1674),.PCURVE_S1.);
#1656 = ELLIPSE('',#1657,6.735192090802,4.7625);
#1657 = AXIS2_PLACEMENT_3D('',#1658,#1659,#1660);
#1658 = CARTESIAN_POINT('',(25.4,0.,0.));
#1659 = DIRECTION('',(-0.707106781187,0.707106781187,0.));
#1660 = DIRECTION('',(0.707106781187,0.707106781187,0.));
#1661 = PCURVE('',#51,#1662);
#1662 = DEFINITIONAL_REPRESENTATION('',(#1663),#1673);
#1663 = B_SPLINE_CURVE_WITH_KNOTS('',8,(#1664,#1665,#1666,#1667,#1668,
    #1669,#1670,#1671,#1672),.UNSPECIFIED.,.F.,.F.,(9,9),(0.,
    1.570796326795),.PIECEWISE_BEZIER_KNOTS.);
#1664 = CARTESIAN_POINT('',(4.712388980385,157.1625));
#1665 = CARTESIAN_POINT('',(4.516039439535,157.1625));
#1666 = CARTESIAN_POINT('',(4.319689898684,156.95266055426));
#1667 = CARTESIAN_POINT('',(4.123340357829,156.53298344571));
#1668 = CARTESIAN_POINT('',(3.926990816986,155.9207197989));
#1669 = CARTESIAN_POINT('',(3.730641276128,155.15040690649));
#1670 = CARTESIAN_POINT('',(3.534291735288,154.27022959849));
#1671 = CARTESIAN_POINT('',(3.337942194439,153.33511468829));
#1672 = CARTESIAN_POINT('',(3.14159265359,152.4));
#1673 = ( GEOMETRIC_REPRESENTATION_CONTEXT(2) 
PARAMETRIC_REPRESENTATION_CONTEXT() REPRESENTATION_CONTEXT('2D SPACE',''
  ) );
#1674 = PCURVE('',#1564,#1675);
#1675 = DEFINITIONAL_REPRESENTATION('',(#1676),#1686);
#1676 = B_SPLINE_CURVE_WITH_KNOTS('',8,(#1677,#1678,#1679,#1680,#1681,
    #1682,#1683,#1684,#1685),.UNSPECIFIED.,.F.,.F.,(9,9),(0.,
    1.570796326795),.PIECEWISE_BEZIER_KNOTS.);
#1677 = CARTESIAN_POINT('',(1.570796326795,4.7625));
#1678 = CARTESIAN_POINT('',(1.767145867644,4.7625));
#1679 = CARTESIAN_POINT('',(1.96349540849,4.552660554365));
#1680 = CARTESIAN_POINT('',(2.159844949352,4.132983445687));
#1681 = CARTESIAN_POINT('',(2.356194490178,3.520719799619));
#1682 = CARTESIAN_POINT('',(2.552544031053,2.750406906516));
#1683 = CARTESIAN_POINT('',(2.748893571888,1.870229598614));
#1684 = CARTESIAN_POINT('',(2.94524311274,0.935114688295));
#1685 = CARTESIAN_POINT('',(3.14159265359,2.91619019047E-16));
#1686 = ( GEOMETRIC_REPRESENTATION_CONTEXT(2) 
PARAMETRIC_REPRESENTATION_CONTEXT() REPRESENTATION_CONTEXT('2D SPACE',''
  ) );
#1687 = FACE_BOUND('',#1688,.T.);
#1688 = EDGE_LOOP('',(#1689,#1730,#1766,#1802));
#1689 = ORIENTED_EDGE('',*,*,#1690,.F.);
#1690 = EDGE_CURVE('',#948,#1691,#1693,.T.);
#1691 = VERTEX_POINT('',#1692);
#1692 = CARTESIAN_POINT('',(80.9625,4.7625,5.832380380939E-16));
#1693 = SURFACE_CURVE('',#1694,(#1699,#1712),.PCURVE_S1.);
#1694 = ELLIPSE('',#1695,6.735192090802,4.7625);
#1695 = AXIS2_PLACEMENT_3D('',#1696,#1697,#1698);
#1696 = CARTESIAN_POINT('',(76.2,0.,0.));
#1697 = DIRECTION('',(-0.707106781187,0.707106781187,0.));
#1698 = DIRECTION('',(0.707106781187,0.707106781187,0.));
#1699 = PCURVE('',#51,#1700);
#1700 = DEFINITIONAL_REPRESENTATION('',(#1701),#1711);
#1701 = B_SPLINE_CURVE_WITH_KNOTS('',8,(#1702,#1703,#1704,#1705,#1706,
    #1707,#1708,#1709,#1710),.UNSPECIFIED.,.F.,.F.,(9,9),(4.712388980385
    ,6.28318530718),.PIECEWISE_BEZIER_KNOTS.);
#1702 = CARTESIAN_POINT('',(6.28318530718,203.2));
#1703 = CARTESIAN_POINT('',(6.08683576633,204.13511468829));
#1704 = CARTESIAN_POINT('',(5.890486225481,205.07022959834));
#1705 = CARTESIAN_POINT('',(5.694136684634,205.95040690694));
#1706 = CARTESIAN_POINT('',(5.497787143782,206.72071979832));
#1707 = CARTESIAN_POINT('',(5.301437602936,207.33298344627));
#1708 = CARTESIAN_POINT('',(5.105088062083,207.75266055419));
#1709 = CARTESIAN_POINT('',(4.908738521234,207.9625));
#1710 = CARTESIAN_POINT('',(4.712388980385,207.9625));
#1711 = ( GEOMETRIC_REPRESENTATION_CONTEXT(2) 
PARAMETRIC_REPRESENTATION_CONTEXT() REPRESENTATION_CONTEXT('2D SPACE',''
  ) );
#1712 = PCURVE('',#1713,#1718);
#1713 = CYLINDRICAL_SURFACE('',#1714,4.7625);
#1714 = AXIS2_PLACEMENT_3D('',#1715,#1716,#1717);
#1715 = CARTESIAN_POINT('',(76.2,0.,0.));
#1716 = DIRECTION('',(0.,1.,0.));
#1717 = DIRECTION('',(0.,-0.,1.));
#1718 = DEFINITIONAL_REPRESENTATION('',(#1719),#1729);
#1719 = B_SPLINE_CURVE_WITH_KNOTS('',8,(#1720,#1721,#1722,#1723,#1724,
    #1725,#1726,#1727,#1728),.UNSPECIFIED.,.F.,.F.,(9,9),(4.712388980385
    ,6.28318530718),.PIECEWISE_BEZIER_KNOTS.);
#1720 = CARTESIAN_POINT('',(0.,-8.748570571409E-16));
#1721 = CARTESIAN_POINT('',(0.196349540849,0.935114688295));
#1722 = CARTESIAN_POINT('',(0.392699081699,1.870229598611));
#1723 = CARTESIAN_POINT('',(0.589048622547,2.750406906525));
#1724 = CARTESIAN_POINT('',(0.785398163396,3.520719799603));
#1725 = CARTESIAN_POINT('',(0.981747704247,4.132983445699));
#1726 = CARTESIAN_POINT('',(1.178097245096,4.552660554361));
#1727 = CARTESIAN_POINT('',(1.374446785946,4.7625));
#1728 = CARTESIAN_POINT('',(1.570796326795,4.7625));
#1729 = ( GEOMETRIC_REPRESENTATION_CONTEXT(2) 
PARAMETRIC_REPRESENTATION_CONTEXT() REPRESENTATION_CONTEXT('2D SPACE',''
  ) );
#1730 = ORIENTED_EDGE('',*,*,#1731,.F.);
#1731 = EDGE_CURVE('',#1732,#948,#1734,.T.);
#1732 = VERTEX_POINT('',#1733);
#1733 = CARTESIAN_POINT('',(71.4375,4.7625,-5.832380380939E-16));
#1734 = SURFACE_CURVE('',#1735,(#1740,#1753),.PCURVE_S1.);
#1735 = ELLIPSE('',#1736,6.735192090802,4.7625);
#1736 = AXIS2_PLACEMENT_3D('',#1737,#1738,#1739);
#1737 = CARTESIAN_POINT('',(76.2,0.,0.));
#1738 = DIRECTION('',(0.707106781187,0.707106781187,0.));
#1739 = DIRECTION('',(-0.707106781187,0.707106781187,0.));
#1740 = PCURVE('',#51,#1741);
#1741 = DEFINITIONAL_REPRESENTATION('',(#1742),#1752);
#1742 = B_SPLINE_CURVE_WITH_KNOTS('',8,(#1743,#1744,#1745,#1746,#1747,
    #1748,#1749,#1750,#1751),.UNSPECIFIED.,.F.,.F.,(9,9),(0.,
    1.570796326795),.PIECEWISE_BEZIER_KNOTS.);
#1743 = CARTESIAN_POINT('',(4.712388980385,198.4375));
#1744 = CARTESIAN_POINT('',(4.908738521234,198.4375));
#1745 = CARTESIAN_POINT('',(5.105088062083,198.64733944554));
#1746 = CARTESIAN_POINT('',(5.301437602936,199.06701655399));
#1747 = CARTESIAN_POINT('',(5.497787143782,199.67928019982));
#1748 = CARTESIAN_POINT('',(5.694136684633,200.44959309326));
#1749 = CARTESIAN_POINT('',(5.890486225481,201.32977040133));
#1750 = CARTESIAN_POINT('',(6.08683576633,202.2648853117));
#1751 = CARTESIAN_POINT('',(6.28318530718,203.2));
#1752 = ( GEOMETRIC_REPRESENTATION_CONTEXT(2) 
PARAMETRIC_REPRESENTATION_CONTEXT() REPRESENTATION_CONTEXT('2D SPACE',''
  ) );
#1753 = PCURVE('',#1713,#1754);
#1754 = DEFINITIONAL_REPRESENTATION('',(#1755),#1765);
#1755 = B_SPLINE_CURVE_WITH_KNOTS('',8,(#1756,#1757,#1758,#1759,#1760,
    #1761,#1762,#1763,#1764),.UNSPECIFIED.,.F.,.F.,(9,9),(0.,
    1.570796326795),.PIECEWISE_BEZIER_KNOTS.);
#1756 = CARTESIAN_POINT('',(4.712388980385,4.7625));
#1757 = CARTESIAN_POINT('',(4.908738521234,4.7625));
#1758 = CARTESIAN_POINT('',(5.105088062083,4.552660554365));
#1759 = CARTESIAN_POINT('',(5.301437602935,4.132983445687));
#1760 = CARTESIAN_POINT('',(5.497787143781,3.520719799619));
#1761 = CARTESIAN_POINT('',(5.694136684634,2.750406906516));
#1762 = CARTESIAN_POINT('',(5.890486225481,1.870229598614));
#1763 = CARTESIAN_POINT('',(6.08683576633,0.935114688295));
#1764 = CARTESIAN_POINT('',(6.28318530718,2.91619019047E-16));
#1765 = ( GEOMETRIC_REPRESENTATION_CONTEXT(2) 
PARAMETRIC_REPRESENTATION_CONTEXT() REPRESENTATION_CONTEXT('2D SPACE',''
  ) );
#1766 = ORIENTED_EDGE('',*,*,#1767,.F.);
#1767 = EDGE_CURVE('',#1768,#1732,#1770,.T.);
#1768 = VERTEX_POINT('',#1769);
#1769 = CARTESIAN_POINT('',(76.2,0.,-4.7625));
#1770 = SURFACE_CURVE('',#1771,(#1776,#1789),.PCURVE_S1.);
#1771 = ELLIPSE('',#1772,6.735192090802,4.7625);
#1772 = AXIS2_PLACEMENT_3D('',#1773,#1774,#1775);
#1773 = CARTESIAN_POINT('',(76.2,0.,0.));
#1774 = DIRECTION('',(0.707106781187,0.707106781187,0.));
#1775 = DIRECTION('',(-0.707106781187,0.707106781187,0.));
#1776 = PCURVE('',#51,#1777);
#1777 = DEFINITIONAL_REPRESENTATION('',(#1778),#1788);
#1778 = B_SPLINE_CURVE_WITH_KNOTS('',8,(#1779,#1780,#1781,#1782,#1783,
    #1784,#1785,#1786,#1787),.UNSPECIFIED.,.F.,.F.,(9,9),(4.712388980385
    ,6.28318530718),.PIECEWISE_BEZIER_KNOTS.);
#1779 = CARTESIAN_POINT('',(3.14159265359,203.2));
#1780 = CARTESIAN_POINT('',(3.337942194439,202.2648853117));
#1781 = CARTESIAN_POINT('',(3.534291735287,201.32977040145));
#1782 = CARTESIAN_POINT('',(3.73064127613,200.44959309237));
#1783 = CARTESIAN_POINT('',(3.926990816975,199.6792802011));
#1784 = CARTESIAN_POINT('',(4.123340357832,199.06701655329));
#1785 = CARTESIAN_POINT('',(4.319689898683,198.64733944577));
#1786 = CARTESIAN_POINT('',(4.516039439535,198.4375));
#1787 = CARTESIAN_POINT('',(4.712388980385,198.4375));
#1788 = ( GEOMETRIC_REPRESENTATION_CONTEXT(2) 
PARAMETRIC_REPRESENTATION_CONTEXT() REPRESENTATION_CONTEXT('2D SPACE',''
  ) );
#1789 = PCURVE('',#1713,#1790);
#1790 = DEFINITIONAL_REPRESENTATION('',(#1791),#1801);
#1791 = B_SPLINE_CURVE_WITH_KNOTS('',8,(#1792,#1793,#1794,#1795,#1796,
    #1797,#1798,#1799,#1800),.UNSPECIFIED.,.F.,.F.,(9,9),(4.712388980385
    ,6.28318530718),.PIECEWISE_BEZIER_KNOTS.);
#1792 = CARTESIAN_POINT('',(3.14159265359,-8.748570571409E-16));
#1793 = CARTESIAN_POINT('',(3.337942194439,0.935114688295));
#1794 = CARTESIAN_POINT('',(3.534291735284,1.870229598611));
#1795 = CARTESIAN_POINT('',(3.730641276131,2.750406906525));
#1796 = CARTESIAN_POINT('',(3.926990816972,3.520719799603));
#1797 = CARTESIAN_POINT('',(4.123340357833,4.132983445699));
#1798 = CARTESIAN_POINT('',(4.319689898683,4.552660554361));
#1799 = CARTESIAN_POINT('',(4.516039439535,4.7625));
#1800 = CARTESIAN_POINT('',(4.712388980385,4.7625));
#1801 = ( GEOMETRIC_REPRESENTATION_CONTEXT(2) 
PARAMETRIC_REPRESENTATION_CONTEXT() REPRESENTATION_CONTEXT('2D SPACE',''
  ) );
#1802 = ORIENTED_EDGE('',*,*,#1803,.F.);
#1803 = EDGE_CURVE('',#1691,#1768,#1804,.T.);
#1804 = SURFACE_CURVE('',#1805,(#1810,#1823),.PCURVE_S1.);
#1805 = ELLIPSE('',#1806,6.735192090802,4.7625);
#1806 = AXIS2_PLACEMENT_3D('',#1807,#1808,#1809);
#1807 = CARTESIAN_POINT('',(76.2,0.,0.));
#1808 = DIRECTION('',(-0.707106781187,0.707106781187,0.));
#1809 = DIRECTION('',(0.707106781187,0.707106781187,0.));
#1810 = PCURVE('',#51,#1811);
#1811 = DEFINITIONAL_REPRESENTATION('',(#1812),#1822);
#1812 = B_SPLINE_CURVE_WITH_KNOTS('',8,(#1813,#1814,#1815,#1816,#1817,
    #1818,#1819,#1820,#1821),.UNSPECIFIED.,.F.,.F.,(9,9),(0.,
    1.570796326795),.PIECEWISE_BEZIER_KNOTS.);
#1813 = CARTESIAN_POINT('',(4.712388980385,207.9625));
#1814 = CARTESIAN_POINT('',(4.516039439535,207.9625));
#1815 = CARTESIAN_POINT('',(4.319689898684,207.75266055441));
#1816 = CARTESIAN_POINT('',(4.123340357829,207.33298344468));
#1817 = CARTESIAN_POINT('',(3.926990816986,206.72071980022));
#1818 = CARTESIAN_POINT('',(3.730641276128,205.95040690575));
#1819 = CARTESIAN_POINT('',(3.534291735288,205.07022959868));
#1820 = CARTESIAN_POINT('',(3.337942194439,204.13511468829));
#1821 = CARTESIAN_POINT('',(3.14159265359,203.2));
#1822 = ( GEOMETRIC_REPRESENTATION_CONTEXT(2) 
PARAMETRIC_REPRESENTATION_CONTEXT() REPRESENTATION_CONTEXT('2D SPACE',''
  ) );
#1823 = PCURVE('',#1713,#1824);
#1824 = DEFINITIONAL_REPRESENTATION('',(#1825),#1835);
#1825 = B_SPLINE_CURVE_WITH_KNOTS('',8,(#1826,#1827,#1828,#1829,#1830,
    #1831,#1832,#1833,#1834),.UNSPECIFIED.,.F.,.F.,(9,9),(0.,
    1.570796326795),.PIECEWISE_BEZIER_KNOTS.);
#1826 = CARTESIAN_POINT('',(1.570796326795,4.7625));
#1827 = CARTESIAN_POINT('',(1.767145867644,4.7625));
#1828 = CARTESIAN_POINT('',(1.963495408492,4.552660554365));
#1829 = CARTESIAN_POINT('',(2.159844949342,4.132983445687));
#1830 = CARTESIAN_POINT('',(2.356194490186,3.520719799619));
#1831 = CARTESIAN_POINT('',(2.552544031042,2.750406906516));
#1832 = CARTESIAN_POINT('',(2.748893571889,1.870229598614));
#1833 = CARTESIAN_POINT('',(2.94524311274,0.935114688295));
#1834 = CARTESIAN_POINT('',(3.14159265359,2.91619019047E-16));
#1835 = ( GEOMETRIC_REPRESENTATION_CONTEXT(2) 
PARAMETRIC_REPRESENTATION_CONTEXT() REPRESENTATION_CONTEXT('2D SPACE',''
  ) );
#1836 = ADVANCED_FACE('',(#1837),#157,.T.);
#1837 = FACE_BOUND('',#1838,.T.);
#1838 = EDGE_LOOP('',(#1839,#1840,#1862,#1903,#1932,#1987,#2021,#2022,
    #2023,#2024,#2025));
#1839 = ORIENTED_EDGE('',*,*,#1177,.F.);
#1840 = ORIENTED_EDGE('',*,*,#1841,.T.);
#1841 = EDGE_CURVE('',#846,#1842,#1844,.T.);
#1842 = VERTEX_POINT('',#1843);
#1843 = CARTESIAN_POINT('',(-122.2375,0.,96.8375));
#1844 = SEAM_CURVE('',#1845,(#1849,#1856),.PCURVE_S1.);
#1845 = LINE('',#1846,#1847);
#1846 = CARTESIAN_POINT('',(-122.2375,0.,0.));
#1847 = VECTOR('',#1848,1.);
#1848 = DIRECTION('',(0.,0.,1.));
#1849 = PCURVE('',#157,#1850);
#1850 = DEFINITIONAL_REPRESENTATION('',(#1851),#1855);
#1851 = LINE('',#1852,#1853);
#1852 = CARTESIAN_POINT('',(0.,0.));
#1853 = VECTOR('',#1854,1.);
#1854 = DIRECTION('',(0.,1.));
#1855 = ( GEOMETRIC_REPRESENTATION_CONTEXT(2) 
PARAMETRIC_REPRESENTATION_CONTEXT() REPRESENTATION_CONTEXT('2D SPACE',''
  ) );
#1856 = PCURVE('',#157,#1857);
#1857 = DEFINITIONAL_REPRESENTATION('',(#1858),#1861);
#1858 = B_SPLINE_CURVE_WITH_KNOTS('',1,(#1859,#1860),.UNSPECIFIED.,.F.,
  .F.,(2,2),(0.,101.6),.PIECEWISE_BEZIER_KNOTS.);
#1859 = CARTESIAN_POINT('',(6.28318530718,0.));
#1860 = CARTESIAN_POINT('',(6.28318530718,101.6));
#1861 = ( GEOMETRIC_REPRESENTATION_CONTEXT(2) 
PARAMETRIC_REPRESENTATION_CONTEXT() REPRESENTATION_CONTEXT('2D SPACE',''
  ) );
#1862 = ORIENTED_EDGE('',*,*,#1863,.F.);
#1863 = EDGE_CURVE('',#1864,#1842,#1866,.T.);
#1864 = VERTEX_POINT('',#1865);
#1865 = CARTESIAN_POINT('',(-127.,-4.7625,101.6));
#1866 = SURFACE_CURVE('',#1867,(#1872,#1885),.PCURVE_S1.);
#1867 = ELLIPSE('',#1868,6.735192090802,4.7625);
#1868 = AXIS2_PLACEMENT_3D('',#1869,#1870,#1871);
#1869 = CARTESIAN_POINT('',(-127.,0.,101.6));
#1870 = DIRECTION('',(0.707106781187,0.,0.707106781187));
#1871 = DIRECTION('',(-0.707106781187,0.,0.707106781187));
#1872 = PCURVE('',#157,#1873);
#1873 = DEFINITIONAL_REPRESENTATION('',(#1874),#1884);
#1874 = B_SPLINE_CURVE_WITH_KNOTS('',8,(#1875,#1876,#1877,#1878,#1879,
    #1880,#1881,#1882,#1883),.UNSPECIFIED.,.F.,.F.,(9,9),(1.570796326795
    ,3.14159265359),.PIECEWISE_BEZIER_KNOTS.);
#1875 = CARTESIAN_POINT('',(4.712388980385,101.6));
#1876 = CARTESIAN_POINT('',(4.908738521234,100.6648853117));
#1877 = CARTESIAN_POINT('',(5.105088062082,99.729770401346));
#1878 = CARTESIAN_POINT('',(5.301437602923,98.849593093431));
#1879 = CARTESIAN_POINT('',(5.497787143761,98.079280199949));
#1880 = CARTESIAN_POINT('',(5.694136684626,97.46701655431));
#1881 = CARTESIAN_POINT('',(5.89048622548,97.047339445593));
#1882 = CARTESIAN_POINT('',(6.08683576633,96.8375));
#1883 = CARTESIAN_POINT('',(6.28318530718,96.8375));
#1884 = ( GEOMETRIC_REPRESENTATION_CONTEXT(2) 
PARAMETRIC_REPRESENTATION_CONTEXT() REPRESENTATION_CONTEXT('2D SPACE',''
  ) );
#1885 = PCURVE('',#1886,#1891);
#1886 = CYLINDRICAL_SURFACE('',#1887,4.7625);
#1887 = AXIS2_PLACEMENT_3D('',#1888,#1889,#1890);
#1888 = CARTESIAN_POINT('',(-127.,0.,101.6));
#1889 = DIRECTION('',(1.,0.,0.));
#1890 = DIRECTION('',(0.,0.,1.));
#1891 = DEFINITIONAL_REPRESENTATION('',(#1892),#1902);
#1892 = B_SPLINE_CURVE_WITH_KNOTS('',8,(#1893,#1894,#1895,#1896,#1897,
    #1898,#1899,#1900,#1901),.UNSPECIFIED.,.F.,.F.,(9,9),(1.570796326795
    ,3.14159265359),.PIECEWISE_BEZIER_KNOTS.);
#1893 = CARTESIAN_POINT('',(1.570796326795,0.));
#1894 = CARTESIAN_POINT('',(1.767145867644,0.935114688295));
#1895 = CARTESIAN_POINT('',(1.963495408494,1.870229598617));
#1896 = CARTESIAN_POINT('',(2.159844949336,2.750406906505));
#1897 = CARTESIAN_POINT('',(2.3561944902,3.520719799636));
#1898 = CARTESIAN_POINT('',(2.552544031036,4.132983445675));
#1899 = CARTESIAN_POINT('',(2.748893571892,4.552660554367));
#1900 = CARTESIAN_POINT('',(2.94524311274,4.7625));
#1901 = CARTESIAN_POINT('',(3.14159265359,4.7625));
#1902 = ( GEOMETRIC_REPRESENTATION_CONTEXT(2) 
PARAMETRIC_REPRESENTATION_CONTEXT() REPRESENTATION_CONTEXT('2D SPACE',''
  ) );
#1903 = ORIENTED_EDGE('',*,*,#1904,.F.);
#1904 = EDGE_CURVE('',#1905,#1864,#1907,.T.);
#1905 = VERTEX_POINT('',#1906);
#1906 = CARTESIAN_POINT('',(-131.7625,-7.901993830261E-14,101.6));
#1907 = SURFACE_CURVE('',#1908,(#1913,#1920),.PCURVE_S1.);
#1908 = CIRCLE('',#1909,4.7625);
#1909 = AXIS2_PLACEMENT_3D('',#1910,#1911,#1912);
#1910 = CARTESIAN_POINT('',(-127.,0.,101.6));
#1911 = DIRECTION('',(0.,0.,1.));
#1912 = DIRECTION('',(1.,0.,-0.));
#1913 = PCURVE('',#157,#1914);
#1914 = DEFINITIONAL_REPRESENTATION('',(#1915),#1919);
#1915 = LINE('',#1916,#1917);
#1916 = CARTESIAN_POINT('',(0.,101.6));
#1917 = VECTOR('',#1918,1.);
#1918 = DIRECTION('',(1.,0.));
#1919 = ( GEOMETRIC_REPRESENTATION_CONTEXT(2) 
PARAMETRIC_REPRESENTATION_CONTEXT() REPRESENTATION_CONTEXT('2D SPACE',''
  ) );
#1920 = PCURVE('',#1921,#1926);
#1921 = PLANE('',#1922);
#1922 = AXIS2_PLACEMENT_3D('',#1923,#1924,#1925);
#1923 = CARTESIAN_POINT('',(-127.,6.669669316838E-16,101.6));
#1924 = DIRECTION('',(0.,0.,1.));
#1925 = DIRECTION('',(1.,0.,-0.));
#1926 = DEFINITIONAL_REPRESENTATION('',(#1927),#1931);
#1927 = CIRCLE('',#1928,4.7625);
#1928 = AXIS2_PLACEMENT_2D('',#1929,#1930);
#1929 = CARTESIAN_POINT('',(0.,-6.669669316838E-16));
#1930 = DIRECTION('',(1.,0.));
#1931 = ( GEOMETRIC_REPRESENTATION_CONTEXT(2) 
PARAMETRIC_REPRESENTATION_CONTEXT() REPRESENTATION_CONTEXT('2D SPACE',''
  ) );
#1932 = ORIENTED_EDGE('',*,*,#1933,.F.);
#1933 = EDGE_CURVE('',#1934,#1905,#1936,.T.);
#1934 = VERTEX_POINT('',#1935);
#1935 = CARTESIAN_POINT('',(-123.6324039545,3.367596045401,
    98.232403954599));
#1936 = SURFACE_CURVE('',#1937,(#1942,#1962),.PCURVE_S1.);
#1937 = ELLIPSE('',#1938,6.735192090802,4.7625);
#1938 = AXIS2_PLACEMENT_3D('',#1939,#1940,#1941);
#1939 = CARTESIAN_POINT('',(-127.,0.,101.6));
#1940 = DIRECTION('',(0.,0.707106781187,0.707106781187));
#1941 = DIRECTION('',(0.,-0.707106781187,0.707106781187));
#1942 = PCURVE('',#157,#1943);
#1943 = DEFINITIONAL_REPRESENTATION('',(#1944),#1961);
#1944 = B_SPLINE_CURVE_WITH_KNOTS('',8,(#1945,#1946,#1947,#1948,#1949,
    #1950,#1951,#1952,#1953,#1954,#1955,#1956,#1957,#1958,#1959,#1960),
  .UNSPECIFIED.,.F.,.F.,(9,7,9),(1.570796326795,3.14159265359,
    4.712388980385),.UNSPECIFIED.);
#1945 = CARTESIAN_POINT('',(0.,101.6));
#1946 = CARTESIAN_POINT('',(0.196349540849,100.6648853117));
#1947 = CARTESIAN_POINT('',(0.392699081699,99.729770401346));
#1948 = CARTESIAN_POINT('',(0.589048622544,98.849593093431));
#1949 = CARTESIAN_POINT('',(0.7853981634,98.079280199949));
#1950 = CARTESIAN_POINT('',(0.981747704242,97.46701655431));
#1951 = CARTESIAN_POINT('',(1.178097245097,97.047339445593));
#1952 = CARTESIAN_POINT('',(1.374446785946,96.8375));
#1953 = CARTESIAN_POINT('',(1.767145867644,96.8375));
#1954 = CARTESIAN_POINT('',(1.96349540849,97.04733944558));
#1955 = CARTESIAN_POINT('',(2.159844949345,97.467016554196));
#1956 = CARTESIAN_POINT('',(2.356194490178,98.079280200091));
#1957 = CARTESIAN_POINT('',(2.552544031045,98.849593093444));
#1958 = CARTESIAN_POINT('',(2.748893571888,99.729770401317));
#1959 = CARTESIAN_POINT('',(2.94524311274,100.6648853117));
#1960 = CARTESIAN_POINT('',(3.14159265359,101.6));
#1961 = ( GEOMETRIC_REPRESENTATION_CONTEXT(2) 
PARAMETRIC_REPRESENTATION_CONTEXT() REPRESENTATION_CONTEXT('2D SPACE',''
  ) );
#1962 = PCURVE('',#1963,#1968);
#1963 = CYLINDRICAL_SURFACE('',#1964,4.7625);
#1964 = AXIS2_PLACEMENT_3D('',#1965,#1966,#1967);
#1965 = CARTESIAN_POINT('',(-127.,0.,101.6));
#1966 = DIRECTION('',(0.,1.,0.));
#1967 = DIRECTION('',(0.,-0.,1.));
#1968 = DEFINITIONAL_REPRESENTATION('',(#1969),#1986);
#1969 = B_SPLINE_CURVE_WITH_KNOTS('',8,(#1970,#1971,#1972,#1973,#1974,
    #1975,#1976,#1977,#1978,#1979,#1980,#1981,#1982,#1983,#1984,#1985),
  .UNSPECIFIED.,.F.,.F.,(9,7,9),(1.570796326795,3.14159265359,
    4.712388980385),.UNSPECIFIED.);
#1970 = CARTESIAN_POINT('',(1.570796326795,-2.91619019047E-16));
#1971 = CARTESIAN_POINT('',(1.767145867644,0.935114688295));
#1972 = CARTESIAN_POINT('',(1.963495408492,1.870229598613));
#1973 = CARTESIAN_POINT('',(2.159844949341,2.750406906517));
#1974 = CARTESIAN_POINT('',(2.356194490185,3.520719799613));
#1975 = CARTESIAN_POINT('',(2.552544031042,4.13298344569));
#1976 = CARTESIAN_POINT('',(2.74889357189,4.552660554364));
#1977 = CARTESIAN_POINT('',(2.94524311274,4.7625));
#1978 = CARTESIAN_POINT('',(3.337942194439,4.7625));
#1979 = CARTESIAN_POINT('',(3.534291735287,4.552660554362));
#1980 = CARTESIAN_POINT('',(3.730641276135,4.132983445696));
#1981 = CARTESIAN_POINT('',(3.926990816972,3.520719799607));
#1982 = CARTESIAN_POINT('',(4.123340357837,2.750406906524));
#1983 = CARTESIAN_POINT('',(4.319689898683,1.870229598612));
#1984 = CARTESIAN_POINT('',(4.516039439535,0.935114688295));
#1985 = CARTESIAN_POINT('',(4.712388980385,8.748570571409E-16));
#1986 = ( GEOMETRIC_REPRESENTATION_CONTEXT(2) 
PARAMETRIC_REPRESENTATION_CONTEXT() REPRESENTATION_CONTEXT('2D SPACE',''
  ) );
#1987 = ORIENTED_EDGE('',*,*,#1988,.F.);
#1988 = EDGE_CURVE('',#1842,#1934,#1989,.T.);
#1989 = SURFACE_CURVE('',#1990,(#1995,#2008),.PCURVE_S1.);
#1990 = ELLIPSE('',#1991,6.735192090802,4.7625);
#1991 = AXIS2_PLACEMENT_3D('',#1992,#1993,#1994);
#1992 = CARTESIAN_POINT('',(-127.,0.,101.6));
#1993 = DIRECTION('',(0.707106781187,0.,0.707106781187));
#1994 = DIRECTION('',(-0.707106781187,0.,0.707106781187));
#1995 = PCURVE('',#157,#1996);
#1996 = DEFINITIONAL_REPRESENTATION('',(#1997),#2007);
#1997 = B_SPLINE_CURVE_WITH_KNOTS('',8,(#1998,#1999,#2000,#2001,#2002,
    #2003,#2004,#2005,#2006),.UNSPECIFIED.,.F.,.F.,(9,9),(3.14159265359,
    4.712388980385),.PIECEWISE_BEZIER_KNOTS.);
#1998 = CARTESIAN_POINT('',(-8.881784197001E-16,96.8375));
#1999 = CARTESIAN_POINT('',(0.196349540849,96.8375));
#2000 = CARTESIAN_POINT('',(0.392699081699,97.047339445533));
#2001 = CARTESIAN_POINT('',(0.589048622545,97.467016554384));
#2002 = CARTESIAN_POINT('',(0.785398163399,98.079280199929));
#2003 = CARTESIAN_POINT('',(0.981747704244,98.849593093509));
#2004 = CARTESIAN_POINT('',(1.178097245097,99.729770401331));
#2005 = CARTESIAN_POINT('',(1.374446785946,100.6648853117));
#2006 = CARTESIAN_POINT('',(1.570796326795,101.6));
#2007 = ( GEOMETRIC_REPRESENTATION_CONTEXT(2) 
PARAMETRIC_REPRESENTATION_CONTEXT() REPRESENTATION_CONTEXT('2D SPACE',''
  ) );
#2008 = PCURVE('',#1886,#2009);
#2009 = DEFINITIONAL_REPRESENTATION('',(#2010),#2020);
#2010 = B_SPLINE_CURVE_WITH_KNOTS('',8,(#2011,#2012,#2013,#2014,#2015,
    #2016,#2017,#2018,#2019),.UNSPECIFIED.,.F.,.F.,(9,9),(3.14159265359,
    4.712388980385),.PIECEWISE_BEZIER_KNOTS.);
#2011 = CARTESIAN_POINT('',(3.14159265359,4.7625));
#2012 = CARTESIAN_POINT('',(3.337942194439,4.7625));
#2013 = CARTESIAN_POINT('',(3.53429173529,4.552660554361));
#2014 = CARTESIAN_POINT('',(3.730641276125,4.132983445702));
#2015 = CARTESIAN_POINT('',(3.926990816999,3.520719799608));
#2016 = CARTESIAN_POINT('',(4.123340357819,2.750406906522));
#2017 = CARTESIAN_POINT('',(4.319689898688,1.870229598612));
#2018 = CARTESIAN_POINT('',(4.516039439535,0.935114688295));
#2019 = CARTESIAN_POINT('',(4.712388980385,0.));
#2020 = ( GEOMETRIC_REPRESENTATION_CONTEXT(2) 
PARAMETRIC_REPRESENTATION_CONTEXT() REPRESENTATION_CONTEXT('2D SPACE',''
  ) );
#2021 = ORIENTED_EDGE('',*,*,#1841,.F.);
#2022 = ORIENTED_EDGE('',*,*,#845,.F.);
#2023 = ORIENTED_EDGE('',*,*,#426,.F.);
#2024 = ORIENTED_EDGE('',*,*,#134,.F.);
#2025 = ORIENTED_EDGE('',*,*,#2026,.T.);
#2026 = EDGE_CURVE('',#106,#1178,#2027,.T.);
#2027 = SURFACE_CURVE('',#2028,(#2033,#2040),.PCURVE_S1.);
#2028 = CIRCLE('',#2029,4.7625);
#2029 = AXIS2_PLACEMENT_3D('',#2030,#2031,#2032);
#2030 = CARTESIAN_POINT('',(-127.,0.,0.));
#2031 = DIRECTION('',(0.,0.,1.));
#2032 = DIRECTION('',(1.,0.,-0.));
#2033 = PCURVE('',#157,#2034);
#2034 = DEFINITIONAL_REPRESENTATION('',(#2035),#2039);
#2035 = LINE('',#2036,#2037);
#2036 = CARTESIAN_POINT('',(0.,0.));
#2037 = VECTOR('',#2038,1.);
#2038 = DIRECTION('',(1.,0.));
#2039 = ( GEOMETRIC_REPRESENTATION_CONTEXT(2) 
PARAMETRIC_REPRESENTATION_CONTEXT() REPRESENTATION_CONTEXT('2D SPACE',''
  ) );
#2040 = PCURVE('',#2041,#2046);
#2041 = PLANE('',#2042);
#2042 = AXIS2_PLACEMENT_3D('',#2043,#2044,#2045);
#2043 = CARTESIAN_POINT('',(-127.,6.669669316838E-16,0.));
#2044 = DIRECTION('',(0.,0.,1.));
#2045 = DIRECTION('',(1.,0.,-0.));
#2046 = DEFINITIONAL_REPRESENTATION('',(#2047),#2051);
#2047 = CIRCLE('',#2048,4.7625);
#2048 = AXIS2_PLACEMENT_2D('',#2049,#2050);
#2049 = CARTESIAN_POINT('',(0.,-6.669669316838E-16));
#2050 = DIRECTION('',(1.,0.));
#2051 = ( GEOMETRIC_REPRESENTATION_CONTEXT(2) 
PARAMETRIC_REPRESENTATION_CONTEXT() REPRESENTATION_CONTEXT('2D SPACE',''
  ) );
#2052 = ADVANCED_FACE('',(#2053),#286,.T.);
#2053 = FACE_BOUND('',#2054,.T.);
#2054 = EDGE_LOOP('',(#2055,#2091,#2113,#2154,#2204,#2233,#2267,#2268,
    #2304,#2331,#2332));
#2055 = ORIENTED_EDGE('',*,*,#2056,.F.);
#2056 = EDGE_CURVE('',#2057,#334,#2059,.T.);
#2057 = VERTEX_POINT('',#2058);
#2058 = CARTESIAN_POINT('',(-122.2375,177.8,4.7625));
#2059 = SURFACE_CURVE('',#2060,(#2065,#2078),.PCURVE_S1.);
#2060 = ELLIPSE('',#2061,6.735192090802,4.7625);
#2061 = AXIS2_PLACEMENT_3D('',#2062,#2063,#2064);
#2062 = CARTESIAN_POINT('',(-127.,177.8,0.));
#2063 = DIRECTION('',(0.707106781187,0.,-0.707106781187));
#2064 = DIRECTION('',(0.707106781187,0.,0.707106781187));
#2065 = PCURVE('',#286,#2066);
#2066 = DEFINITIONAL_REPRESENTATION('',(#2067),#2077);
#2067 = B_SPLINE_CURVE_WITH_KNOTS('',8,(#2068,#2069,#2070,#2071,#2072,
    #2073,#2074,#2075,#2076),.UNSPECIFIED.,.F.,.F.,(9,9),(0.,
    1.570796326795),.PIECEWISE_BEZIER_KNOTS.);
#2068 = CARTESIAN_POINT('',(6.28318530718,4.7625));
#2069 = CARTESIAN_POINT('',(6.08683576633,4.7625));
#2070 = CARTESIAN_POINT('',(5.890486225481,4.552660554365));
#2071 = CARTESIAN_POINT('',(5.694136684633,4.132983445687));
#2072 = CARTESIAN_POINT('',(5.497787143784,3.520719799619));
#2073 = CARTESIAN_POINT('',(5.301437602933,2.750406906516));
#2074 = CARTESIAN_POINT('',(5.105088062084,1.870229598614));
#2075 = CARTESIAN_POINT('',(4.908738521234,0.935114688295));
#2076 = CARTESIAN_POINT('',(4.712388980385,2.91619019047E-16));
#2077 = ( GEOMETRIC_REPRESENTATION_CONTEXT(2) 
PARAMETRIC_REPRESENTATION_CONTEXT() REPRESENTATION_CONTEXT('2D SPACE',''
  ) );
#2078 = PCURVE('',#363,#2079);
#2079 = DEFINITIONAL_REPRESENTATION('',(#2080),#2090);
#2080 = B_SPLINE_CURVE_WITH_KNOTS('',8,(#2081,#2082,#2083,#2084,#2085,
    #2086,#2087,#2088,#2089),.UNSPECIFIED.,.F.,.F.,(9,9),(0.,
    1.570796326795),.PIECEWISE_BEZIER_KNOTS.);
#2081 = CARTESIAN_POINT('',(0.,4.7625));
#2082 = CARTESIAN_POINT('',(0.196349540849,4.7625));
#2083 = CARTESIAN_POINT('',(0.392699081699,4.552660554361));
#2084 = CARTESIAN_POINT('',(0.589048622545,4.1329834457));
#2085 = CARTESIAN_POINT('',(0.785398163398,3.520719799599));
#2086 = CARTESIAN_POINT('',(0.981747704246,2.750406906521));
#2087 = CARTESIAN_POINT('',(1.178097245096,1.870229598612));
#2088 = CARTESIAN_POINT('',(1.374446785946,0.935114688295));
#2089 = CARTESIAN_POINT('',(1.570796326795,0.));
#2090 = ( GEOMETRIC_REPRESENTATION_CONTEXT(2) 
PARAMETRIC_REPRESENTATION_CONTEXT() REPRESENTATION_CONTEXT('2D SPACE',''
  ) );
#2091 = ORIENTED_EDGE('',*,*,#2092,.T.);
#2092 = EDGE_CURVE('',#2057,#2093,#2095,.T.);
#2093 = VERTEX_POINT('',#2094);
#2094 = CARTESIAN_POINT('',(-122.2375,177.8,96.8375));
#2095 = SEAM_CURVE('',#2096,(#2100,#2107),.PCURVE_S1.);
#2096 = LINE('',#2097,#2098);
#2097 = CARTESIAN_POINT('',(-122.2375,177.8,0.));
#2098 = VECTOR('',#2099,1.);
#2099 = DIRECTION('',(0.,0.,1.));
#2100 = PCURVE('',#286,#2101);
#2101 = DEFINITIONAL_REPRESENTATION('',(#2102),#2106);
#2102 = LINE('',#2103,#2104);
#2103 = CARTESIAN_POINT('',(0.,0.));
#2104 = VECTOR('',#2105,1.);
#2105 = DIRECTION('',(0.,1.));
#2106 = ( GEOMETRIC_REPRESENTATION_CONTEXT(2) 
PARAMETRIC_REPRESENTATION_CONTEXT() REPRESENTATION_CONTEXT('2D SPACE',''
  ) );
#2107 = PCURVE('',#286,#2108);
#2108 = DEFINITIONAL_REPRESENTATION('',(#2109),#2112);
#2109 = B_SPLINE_CURVE_WITH_KNOTS('',1,(#2110,#2111),.UNSPECIFIED.,.F.,
  .F.,(2,2),(0.,101.6),.PIECEWISE_BEZIER_KNOTS.);
#2110 = CARTESIAN_POINT('',(6.28318530718,0.));
#2111 = CARTESIAN_POINT('',(6.28318530718,101.6));
#2112 = ( GEOMETRIC_REPRESENTATION_CONTEXT(2) 
PARAMETRIC_REPRESENTATION_CONTEXT() REPRESENTATION_CONTEXT('2D SPACE',''
  ) );
#2113 = ORIENTED_EDGE('',*,*,#2114,.F.);
#2114 = EDGE_CURVE('',#2115,#2093,#2117,.T.);
#2115 = VERTEX_POINT('',#2116);
#2116 = CARTESIAN_POINT('',(-123.6324039545,174.43240395459,
    98.232403954599));
#2117 = SURFACE_CURVE('',#2118,(#2123,#2136),.PCURVE_S1.);
#2118 = ELLIPSE('',#2119,6.735192090802,4.7625);
#2119 = AXIS2_PLACEMENT_3D('',#2120,#2121,#2122);
#2120 = CARTESIAN_POINT('',(-127.,177.8,101.6));
#2121 = DIRECTION('',(0.707106781187,0.,0.707106781187));
#2122 = DIRECTION('',(-0.707106781187,0.,0.707106781187));
#2123 = PCURVE('',#286,#2124);
#2124 = DEFINITIONAL_REPRESENTATION('',(#2125),#2135);
#2125 = B_SPLINE_CURVE_WITH_KNOTS('',8,(#2126,#2127,#2128,#2129,#2130,
    #2131,#2132,#2133,#2134),.UNSPECIFIED.,.F.,.F.,(9,9),(1.570796326795
    ,3.14159265359),.PIECEWISE_BEZIER_KNOTS.);
#2126 = CARTESIAN_POINT('',(4.712388980385,101.6));
#2127 = CARTESIAN_POINT('',(4.908738521234,100.6648853117));
#2128 = CARTESIAN_POINT('',(5.105088062082,99.729770401346));
#2129 = CARTESIAN_POINT('',(5.301437602938,98.849593093431));
#2130 = CARTESIAN_POINT('',(5.497787143775,98.079280199949));
#2131 = CARTESIAN_POINT('',(5.694136684637,97.46701655431));
#2132 = CARTESIAN_POINT('',(5.89048622548,97.047339445593));
#2133 = CARTESIAN_POINT('',(6.08683576633,96.8375));
#2134 = CARTESIAN_POINT('',(6.28318530718,96.8375));
#2135 = ( GEOMETRIC_REPRESENTATION_CONTEXT(2) 
PARAMETRIC_REPRESENTATION_CONTEXT() REPRESENTATION_CONTEXT('2D SPACE',''
  ) );
#2136 = PCURVE('',#2137,#2142);
#2137 = CYLINDRICAL_SURFACE('',#2138,4.7625);
#2138 = AXIS2_PLACEMENT_3D('',#2139,#2140,#2141);
#2139 = CARTESIAN_POINT('',(-127.,177.8,101.6));
#2140 = DIRECTION('',(1.,0.,0.));
#2141 = DIRECTION('',(0.,0.,1.));
#2142 = DEFINITIONAL_REPRESENTATION('',(#2143),#2153);
#2143 = B_SPLINE_CURVE_WITH_KNOTS('',8,(#2144,#2145,#2146,#2147,#2148,
    #2149,#2150,#2151,#2152),.UNSPECIFIED.,.F.,.F.,(9,9),(1.570796326795
    ,3.14159265359),.PIECEWISE_BEZIER_KNOTS.);
#2144 = CARTESIAN_POINT('',(1.570796326795,0.));
#2145 = CARTESIAN_POINT('',(1.767145867644,0.935114688295));
#2146 = CARTESIAN_POINT('',(1.963495408492,1.870229598614));
#2147 = CARTESIAN_POINT('',(2.159844949345,2.750406906515));
#2148 = CARTESIAN_POINT('',(2.35619449019,3.520719799624));
#2149 = CARTESIAN_POINT('',(2.552544031042,4.132983445693));
#2150 = CARTESIAN_POINT('',(2.74889357189,4.552660554364));
#2151 = CARTESIAN_POINT('',(2.94524311274,4.7625));
#2152 = CARTESIAN_POINT('',(3.14159265359,4.7625));
#2153 = ( GEOMETRIC_REPRESENTATION_CONTEXT(2) 
PARAMETRIC_REPRESENTATION_CONTEXT() REPRESENTATION_CONTEXT('2D SPACE',''
  ) );
#2154 = ORIENTED_EDGE('',*,*,#2155,.F.);
#2155 = EDGE_CURVE('',#2156,#2115,#2158,.T.);
#2156 = VERTEX_POINT('',#2157);
#2157 = CARTESIAN_POINT('',(-131.7625,177.8,101.6));
#2158 = SURFACE_CURVE('',#2159,(#2164,#2184),.PCURVE_S1.);
#2159 = ELLIPSE('',#2160,6.735192090802,4.7625);
#2160 = AXIS2_PLACEMENT_3D('',#2161,#2162,#2163);
#2161 = CARTESIAN_POINT('',(-127.,177.8,101.6));
#2162 = DIRECTION('',(0.,-0.707106781187,0.707106781187));
#2163 = DIRECTION('',(0.,0.707106781187,0.707106781187));
#2164 = PCURVE('',#286,#2165);
#2165 = DEFINITIONAL_REPRESENTATION('',(#2166),#2183);
#2166 = B_SPLINE_CURVE_WITH_KNOTS('',8,(#2167,#2168,#2169,#2170,#2171,
    #2172,#2173,#2174,#2175,#2176,#2177,#2178,#2179,#2180,#2181,#2182),
  .UNSPECIFIED.,.F.,.F.,(9,7,9),(1.570796326795,3.14159265359,
    4.712388980385),.UNSPECIFIED.);
#2167 = CARTESIAN_POINT('',(3.14159265359,101.6));
#2168 = CARTESIAN_POINT('',(3.337942194439,100.6648853117));
#2169 = CARTESIAN_POINT('',(3.534291735288,99.729770401346));
#2170 = CARTESIAN_POINT('',(3.730641276142,98.849593093431));
#2171 = CARTESIAN_POINT('',(3.926990816991,98.079280199949));
#2172 = CARTESIAN_POINT('',(4.12334035784,97.46701655431));
#2173 = CARTESIAN_POINT('',(4.319689898686,97.047339445593));
#2174 = CARTESIAN_POINT('',(4.516039439535,96.8375));
#2175 = CARTESIAN_POINT('',(4.908738521234,96.8375));
#2176 = CARTESIAN_POINT('',(5.105088062083,97.04733944558));
#2177 = CARTESIAN_POINT('',(5.301437602937,97.467016554196));
#2178 = CARTESIAN_POINT('',(5.497787143779,98.079280200091));
#2179 = CARTESIAN_POINT('',(5.694136684635,98.849593093444));
#2180 = CARTESIAN_POINT('',(5.890486225481,99.729770401317));
#2181 = CARTESIAN_POINT('',(6.08683576633,100.6648853117));
#2182 = CARTESIAN_POINT('',(6.28318530718,101.6));
#2183 = ( GEOMETRIC_REPRESENTATION_CONTEXT(2) 
PARAMETRIC_REPRESENTATION_CONTEXT() REPRESENTATION_CONTEXT('2D SPACE',''
  ) );
#2184 = PCURVE('',#1963,#2185);
#2185 = DEFINITIONAL_REPRESENTATION('',(#2186),#2203);
#2186 = B_SPLINE_CURVE_WITH_KNOTS('',8,(#2187,#2188,#2189,#2190,#2191,
    #2192,#2193,#2194,#2195,#2196,#2197,#2198,#2199,#2200,#2201,#2202),
  .UNSPECIFIED.,.F.,.F.,(9,7,9),(1.570796326795,3.14159265359,
    4.712388980385),.UNSPECIFIED.);
#2187 = CARTESIAN_POINT('',(4.712388980385,177.8));
#2188 = CARTESIAN_POINT('',(4.516039439535,176.8648853117));
#2189 = CARTESIAN_POINT('',(4.319689898686,175.92977040154));
#2190 = CARTESIAN_POINT('',(4.12334035783,175.04959309245));
#2191 = CARTESIAN_POINT('',(3.926990816983,174.27928020139));
#2192 = CARTESIAN_POINT('',(3.730641276128,173.66701655309));
#2193 = CARTESIAN_POINT('',(3.534291735289,173.24733944579));
#2194 = CARTESIAN_POINT('',(3.337942194439,173.0375));
#2195 = CARTESIAN_POINT('',(2.94524311274,173.0375));
#2196 = CARTESIAN_POINT('',(2.748893571893,173.2473394455));
#2197 = CARTESIAN_POINT('',(2.552544031032,173.66701655439));
#2198 = CARTESIAN_POINT('',(2.356194490197,174.27928019974));
#2199 = CARTESIAN_POINT('',(2.159844949333,175.04959309363));
#2200 = CARTESIAN_POINT('',(1.963495408495,175.92977040124));
#2201 = CARTESIAN_POINT('',(1.767145867644,176.8648853117));
#2202 = CARTESIAN_POINT('',(1.570796326795,177.8));
#2203 = ( GEOMETRIC_REPRESENTATION_CONTEXT(2) 
PARAMETRIC_REPRESENTATION_CONTEXT() REPRESENTATION_CONTEXT('2D SPACE',''
  ) );
#2204 = ORIENTED_EDGE('',*,*,#2205,.F.);
#2205 = EDGE_CURVE('',#2206,#2156,#2208,.T.);
#2206 = VERTEX_POINT('',#2207);
#2207 = CARTESIAN_POINT('',(-127.,182.5625,101.6));
#2208 = SURFACE_CURVE('',#2209,(#2214,#2221),.PCURVE_S1.);
#2209 = CIRCLE('',#2210,4.7625);
#2210 = AXIS2_PLACEMENT_3D('',#2211,#2212,#2213);
#2211 = CARTESIAN_POINT('',(-127.,177.8,101.6));
#2212 = DIRECTION('',(0.,0.,1.));
#2213 = DIRECTION('',(1.,0.,-0.));
#2214 = PCURVE('',#286,#2215);
#2215 = DEFINITIONAL_REPRESENTATION('',(#2216),#2220);
#2216 = LINE('',#2217,#2218);
#2217 = CARTESIAN_POINT('',(0.,101.6));
#2218 = VECTOR('',#2219,1.);
#2219 = DIRECTION('',(1.,0.));
#2220 = ( GEOMETRIC_REPRESENTATION_CONTEXT(2) 
PARAMETRIC_REPRESENTATION_CONTEXT() REPRESENTATION_CONTEXT('2D SPACE',''
  ) );
#2221 = PCURVE('',#2222,#2227);
#2222 = PLANE('',#2223);
#2223 = AXIS2_PLACEMENT_3D('',#2224,#2225,#2226);
#2224 = CARTESIAN_POINT('',(-127.,177.8,101.6));
#2225 = DIRECTION('',(0.,0.,1.));
#2226 = DIRECTION('',(1.,0.,-0.));
#2227 = DEFINITIONAL_REPRESENTATION('',(#2228),#2232);
#2228 = CIRCLE('',#2229,4.7625);
#2229 = AXIS2_PLACEMENT_2D('',#2230,#2231);
#2230 = CARTESIAN_POINT('',(0.,-2.84217094304E-14));
#2231 = DIRECTION('',(1.,0.));
#2232 = ( GEOMETRIC_REPRESENTATION_CONTEXT(2) 
PARAMETRIC_REPRESENTATION_CONTEXT() REPRESENTATION_CONTEXT('2D SPACE',''
  ) );
#2233 = ORIENTED_EDGE('',*,*,#2234,.F.);
#2234 = EDGE_CURVE('',#2093,#2206,#2235,.T.);
#2235 = SURFACE_CURVE('',#2236,(#2241,#2254),.PCURVE_S1.);
#2236 = ELLIPSE('',#2237,6.735192090802,4.7625);
#2237 = AXIS2_PLACEMENT_3D('',#2238,#2239,#2240);
#2238 = CARTESIAN_POINT('',(-127.,177.8,101.6));
#2239 = DIRECTION('',(0.707106781187,0.,0.707106781187));
#2240 = DIRECTION('',(-0.707106781187,0.,0.707106781187));
#2241 = PCURVE('',#286,#2242);
#2242 = DEFINITIONAL_REPRESENTATION('',(#2243),#2253);
#2243 = B_SPLINE_CURVE_WITH_KNOTS('',8,(#2244,#2245,#2246,#2247,#2248,
    #2249,#2250,#2251,#2252),.UNSPECIFIED.,.F.,.F.,(9,9),(3.14159265359,
    4.712388980385),.PIECEWISE_BEZIER_KNOTS.);
#2244 = CARTESIAN_POINT('',(0.,96.8375));
#2245 = CARTESIAN_POINT('',(0.196349540849,96.8375));
#2246 = CARTESIAN_POINT('',(0.392699081698,97.04733944558));
#2247 = CARTESIAN_POINT('',(0.589048622549,97.467016554196));
#2248 = CARTESIAN_POINT('',(0.785398163393,98.079280200091));
#2249 = CARTESIAN_POINT('',(0.981747704248,98.849593093444));
#2250 = CARTESIAN_POINT('',(1.178097245095,99.729770401317));
#2251 = CARTESIAN_POINT('',(1.374446785946,100.6648853117));
#2252 = CARTESIAN_POINT('',(1.570796326795,101.6));
#2253 = ( GEOMETRIC_REPRESENTATION_CONTEXT(2) 
PARAMETRIC_REPRESENTATION_CONTEXT() REPRESENTATION_CONTEXT('2D SPACE',''
  ) );
#2254 = PCURVE('',#2137,#2255);
#2255 = DEFINITIONAL_REPRESENTATION('',(#2256),#2266);
#2256 = B_SPLINE_CURVE_WITH_KNOTS('',8,(#2257,#2258,#2259,#2260,#2261,
    #2262,#2263,#2264,#2265),.UNSPECIFIED.,.F.,.F.,(9,9),(3.14159265359,
    4.712388980385),.PIECEWISE_BEZIER_KNOTS.);
#2257 = CARTESIAN_POINT('',(3.14159265359,4.7625));
#2258 = CARTESIAN_POINT('',(3.337942194439,4.7625));
#2259 = CARTESIAN_POINT('',(3.534291735285,4.552660554363));
#2260 = CARTESIAN_POINT('',(3.730641276142,4.132983445694));
#2261 = CARTESIAN_POINT('',(3.926990816972,3.520719799609));
#2262 = CARTESIAN_POINT('',(4.123340357837,2.750406906516));
#2263 = CARTESIAN_POINT('',(4.319689898683,1.870229598614));
#2264 = CARTESIAN_POINT('',(4.516039439535,0.935114688295));
#2265 = CARTESIAN_POINT('',(4.712388980385,0.));
#2266 = ( GEOMETRIC_REPRESENTATION_CONTEXT(2) 
PARAMETRIC_REPRESENTATION_CONTEXT() REPRESENTATION_CONTEXT('2D SPACE',''
  ) );
#2267 = ORIENTED_EDGE('',*,*,#2092,.F.);
#2268 = ORIENTED_EDGE('',*,*,#2269,.F.);
#2269 = EDGE_CURVE('',#2270,#2057,#2272,.T.);
#2270 = VERTEX_POINT('',#2271);
#2271 = CARTESIAN_POINT('',(-127.,182.5625,1.67754633334E-15));
#2272 = SURFACE_CURVE('',#2273,(#2278,#2291),.PCURVE_S1.);
#2273 = ELLIPSE('',#2274,6.735192090802,4.7625);
#2274 = AXIS2_PLACEMENT_3D('',#2275,#2276,#2277);
#2275 = CARTESIAN_POINT('',(-127.,177.8,0.));
#2276 = DIRECTION('',(0.707106781187,0.,-0.707106781187));
#2277 = DIRECTION('',(0.707106781187,0.,0.707106781187));
#2278 = PCURVE('',#286,#2279);
#2279 = DEFINITIONAL_REPRESENTATION('',(#2280),#2290);
#2280 = B_SPLINE_CURVE_WITH_KNOTS('',8,(#2281,#2282,#2283,#2284,#2285,
    #2286,#2287,#2288,#2289),.UNSPECIFIED.,.F.,.F.,(9,9),(4.712388980385
    ,6.28318530718),.PIECEWISE_BEZIER_KNOTS.);
#2281 = CARTESIAN_POINT('',(1.570796326795,-8.748570571409E-16));
#2282 = CARTESIAN_POINT('',(1.374446785946,0.935114688295));
#2283 = CARTESIAN_POINT('',(1.178097245097,1.870229598611));
#2284 = CARTESIAN_POINT('',(0.981747704244,2.750406906525));
#2285 = CARTESIAN_POINT('',(0.785398163399,3.520719799603));
#2286 = CARTESIAN_POINT('',(0.589048622546,4.132983445699));
#2287 = CARTESIAN_POINT('',(0.392699081699,4.552660554361));
#2288 = CARTESIAN_POINT('',(0.196349540849,4.7625));
#2289 = CARTESIAN_POINT('',(0.,4.7625));
#2290 = ( GEOMETRIC_REPRESENTATION_CONTEXT(2) 
PARAMETRIC_REPRESENTATION_CONTEXT() REPRESENTATION_CONTEXT('2D SPACE',''
  ) );
#2291 = PCURVE('',#363,#2292);
#2292 = DEFINITIONAL_REPRESENTATION('',(#2293),#2303);
#2293 = B_SPLINE_CURVE_WITH_KNOTS('',8,(#2294,#2295,#2296,#2297,#2298,
    #2299,#2300,#2301,#2302),.UNSPECIFIED.,.F.,.F.,(9,9),(4.712388980385
    ,6.28318530718),.PIECEWISE_BEZIER_KNOTS.);
#2294 = CARTESIAN_POINT('',(4.712388980385,0.));
#2295 = CARTESIAN_POINT('',(4.908738521234,0.935114688295));
#2296 = CARTESIAN_POINT('',(5.105088062083,1.870229598614));
#2297 = CARTESIAN_POINT('',(5.301437602936,2.750406906515));
#2298 = CARTESIAN_POINT('',(5.497787143783,3.520719799624));
#2299 = CARTESIAN_POINT('',(5.694136684635,4.132983445693));
#2300 = CARTESIAN_POINT('',(5.89048622548,4.552660554364));
#2301 = CARTESIAN_POINT('',(6.08683576633,4.7625));
#2302 = CARTESIAN_POINT('',(6.28318530718,4.7625));
#2303 = ( GEOMETRIC_REPRESENTATION_CONTEXT(2) 
PARAMETRIC_REPRESENTATION_CONTEXT() REPRESENTATION_CONTEXT('2D SPACE',''
  ) );
#2304 = ORIENTED_EDGE('',*,*,#2305,.T.);
#2305 = EDGE_CURVE('',#2270,#264,#2306,.T.);
#2306 = SURFACE_CURVE('',#2307,(#2312,#2319),.PCURVE_S1.);
#2307 = CIRCLE('',#2308,4.7625);
#2308 = AXIS2_PLACEMENT_3D('',#2309,#2310,#2311);
#2309 = CARTESIAN_POINT('',(-127.,177.8,0.));
#2310 = DIRECTION('',(0.,0.,1.));
#2311 = DIRECTION('',(1.,0.,-0.));
#2312 = PCURVE('',#286,#2313);
#2313 = DEFINITIONAL_REPRESENTATION('',(#2314),#2318);
#2314 = LINE('',#2315,#2316);
#2315 = CARTESIAN_POINT('',(0.,0.));
#2316 = VECTOR('',#2317,1.);
#2317 = DIRECTION('',(1.,0.));
#2318 = ( GEOMETRIC_REPRESENTATION_CONTEXT(2) 
PARAMETRIC_REPRESENTATION_CONTEXT() REPRESENTATION_CONTEXT('2D SPACE',''
  ) );
#2319 = PCURVE('',#2320,#2325);
#2320 = PLANE('',#2321);
#2321 = AXIS2_PLACEMENT_3D('',#2322,#2323,#2324);
#2322 = CARTESIAN_POINT('',(-127.,177.8,0.));
#2323 = DIRECTION('',(0.,0.,1.));
#2324 = DIRECTION('',(1.,0.,-0.));
#2325 = DEFINITIONAL_REPRESENTATION('',(#2326),#2330);
#2326 = CIRCLE('',#2327,4.7625);
#2327 = AXIS2_PLACEMENT_2D('',#2328,#2329);
#2328 = CARTESIAN_POINT('',(0.,-2.84217094304E-14));
#2329 = DIRECTION('',(1.,0.));
#2330 = ( GEOMETRIC_REPRESENTATION_CONTEXT(2) 
PARAMETRIC_REPRESENTATION_CONTEXT() REPRESENTATION_CONTEXT('2D SPACE',''
  ) );
#2331 = ORIENTED_EDGE('',*,*,#263,.T.);
#2332 = ORIENTED_EDGE('',*,*,#388,.T.);
#2333 = ADVANCED_FACE('',(#2334,#2635,#2740,#2845,#2950),#363,.T.);
#2334 = FACE_BOUND('',#2335,.T.);
#2335 = EDGE_LOOP('',(#2336,#2337,#2338,#2365,#2366,#2388,#2410,#2432,
    #2454,#2476,#2517,#2546,#2596,#2630,#2631,#2632,#2633,#2634));
#2336 = ORIENTED_EDGE('',*,*,#2056,.T.);
#2337 = ORIENTED_EDGE('',*,*,#333,.T.);
#2338 = ORIENTED_EDGE('',*,*,#2339,.T.);
#2339 = EDGE_CURVE('',#305,#2270,#2340,.T.);
#2340 = SURFACE_CURVE('',#2341,(#2346,#2353),.PCURVE_S1.);
#2341 = CIRCLE('',#2342,4.7625);
#2342 = AXIS2_PLACEMENT_3D('',#2343,#2344,#2345);
#2343 = CARTESIAN_POINT('',(-127.,177.8,0.));
#2344 = DIRECTION('',(1.,0.,-0.));
#2345 = DIRECTION('',(0.,0.,1.));
#2346 = PCURVE('',#363,#2347);
#2347 = DEFINITIONAL_REPRESENTATION('',(#2348),#2352);
#2348 = LINE('',#2349,#2350);
#2349 = CARTESIAN_POINT('',(0.,0.));
#2350 = VECTOR('',#2351,1.);
#2351 = DIRECTION('',(1.,0.));
#2352 = ( GEOMETRIC_REPRESENTATION_CONTEXT(2) 
PARAMETRIC_REPRESENTATION_CONTEXT() REPRESENTATION_CONTEXT('2D SPACE',''
  ) );
#2353 = PCURVE('',#2354,#2359);
#2354 = PLANE('',#2355);
#2355 = AXIS2_PLACEMENT_3D('',#2356,#2357,#2358);
#2356 = CARTESIAN_POINT('',(-127.,177.8,8.613796110485E-16));
#2357 = DIRECTION('',(1.,0.,0.));
#2358 = DIRECTION('',(-0.,0.,1.));
#2359 = DEFINITIONAL_REPRESENTATION('',(#2360),#2364);
#2360 = CIRCLE('',#2361,4.7625);
#2361 = AXIS2_PLACEMENT_2D('',#2362,#2363);
#2362 = CARTESIAN_POINT('',(-8.613796110485E-16,0.));
#2363 = DIRECTION('',(1.,0.));
#2364 = ( GEOMETRIC_REPRESENTATION_CONTEXT(2) 
PARAMETRIC_REPRESENTATION_CONTEXT() REPRESENTATION_CONTEXT('2D SPACE',''
  ) );
#2365 = ORIENTED_EDGE('',*,*,#2269,.T.);
#2366 = ORIENTED_EDGE('',*,*,#2367,.T.);
#2367 = EDGE_CURVE('',#2057,#2368,#2370,.T.);
#2368 = VERTEX_POINT('',#2369);
#2369 = CARTESIAN_POINT('',(-76.2,177.8,4.7625));
#2370 = SEAM_CURVE('',#2371,(#2375,#2382),.PCURVE_S1.);
#2371 = LINE('',#2372,#2373);
#2372 = CARTESIAN_POINT('',(-127.,177.8,4.7625));
#2373 = VECTOR('',#2374,1.);
#2374 = DIRECTION('',(1.,0.,0.));
#2375 = PCURVE('',#363,#2376);
#2376 = DEFINITIONAL_REPRESENTATION('',(#2377),#2381);
#2377 = LINE('',#2378,#2379);
#2378 = CARTESIAN_POINT('',(0.,0.));
#2379 = VECTOR('',#2380,1.);
#2380 = DIRECTION('',(0.,1.));
#2381 = ( GEOMETRIC_REPRESENTATION_CONTEXT(2) 
PARAMETRIC_REPRESENTATION_CONTEXT() REPRESENTATION_CONTEXT('2D SPACE',''
  ) );
#2382 = PCURVE('',#363,#2383);
#2383 = DEFINITIONAL_REPRESENTATION('',(#2384),#2387);
#2384 = B_SPLINE_CURVE_WITH_KNOTS('',1,(#2385,#2386),.UNSPECIFIED.,.F.,
  .F.,(2,2),(0.,254.),.PIECEWISE_BEZIER_KNOTS.);
#2385 = CARTESIAN_POINT('',(6.28318530718,0.));
#2386 = CARTESIAN_POINT('',(6.28318530718,254.));
#2387 = ( GEOMETRIC_REPRESENTATION_CONTEXT(2) 
PARAMETRIC_REPRESENTATION_CONTEXT() REPRESENTATION_CONTEXT('2D SPACE',''
  ) );
#2388 = ORIENTED_EDGE('',*,*,#2389,.T.);
#2389 = EDGE_CURVE('',#2368,#2390,#2392,.T.);
#2390 = VERTEX_POINT('',#2391);
#2391 = CARTESIAN_POINT('',(-25.4,177.8,4.7625));
#2392 = SEAM_CURVE('',#2393,(#2397,#2404),.PCURVE_S1.);
#2393 = LINE('',#2394,#2395);
#2394 = CARTESIAN_POINT('',(-127.,177.8,4.7625));
#2395 = VECTOR('',#2396,1.);
#2396 = DIRECTION('',(1.,0.,0.));
#2397 = PCURVE('',#363,#2398);
#2398 = DEFINITIONAL_REPRESENTATION('',(#2399),#2403);
#2399 = LINE('',#2400,#2401);
#2400 = CARTESIAN_POINT('',(0.,0.));
#2401 = VECTOR('',#2402,1.);
#2402 = DIRECTION('',(0.,1.));
#2403 = ( GEOMETRIC_REPRESENTATION_CONTEXT(2) 
PARAMETRIC_REPRESENTATION_CONTEXT() REPRESENTATION_CONTEXT('2D SPACE',''
  ) );
#2404 = PCURVE('',#363,#2405);
#2405 = DEFINITIONAL_REPRESENTATION('',(#2406),#2409);
#2406 = B_SPLINE_CURVE_WITH_KNOTS('',1,(#2407,#2408),.UNSPECIFIED.,.F.,
  .F.,(2,2),(0.,254.),.PIECEWISE_BEZIER_KNOTS.);
#2407 = CARTESIAN_POINT('',(6.28318530718,0.));
#2408 = CARTESIAN_POINT('',(6.28318530718,254.));
#2409 = ( GEOMETRIC_REPRESENTATION_CONTEXT(2) 
PARAMETRIC_REPRESENTATION_CONTEXT() REPRESENTATION_CONTEXT('2D SPACE',''
  ) );
#2410 = ORIENTED_EDGE('',*,*,#2411,.T.);
#2411 = EDGE_CURVE('',#2390,#2412,#2414,.T.);
#2412 = VERTEX_POINT('',#2413);
#2413 = CARTESIAN_POINT('',(25.4,177.8,4.7625));
#2414 = SEAM_CURVE('',#2415,(#2419,#2426),.PCURVE_S1.);
#2415 = LINE('',#2416,#2417);
#2416 = CARTESIAN_POINT('',(-127.,177.8,4.7625));
#2417 = VECTOR('',#2418,1.);
#2418 = DIRECTION('',(1.,0.,0.));
#2419 = PCURVE('',#363,#2420);
#2420 = DEFINITIONAL_REPRESENTATION('',(#2421),#2425);
#2421 = LINE('',#2422,#2423);
#2422 = CARTESIAN_POINT('',(0.,0.));
#2423 = VECTOR('',#2424,1.);
#2424 = DIRECTION('',(0.,1.));
#2425 = ( GEOMETRIC_REPRESENTATION_CONTEXT(2) 
PARAMETRIC_REPRESENTATION_CONTEXT() REPRESENTATION_CONTEXT('2D SPACE',''
  ) );
#2426 = PCURVE('',#363,#2427);
#2427 = DEFINITIONAL_REPRESENTATION('',(#2428),#2431);
#2428 = B_SPLINE_CURVE_WITH_KNOTS('',1,(#2429,#2430),.UNSPECIFIED.,.F.,
  .F.,(2,2),(0.,254.),.PIECEWISE_BEZIER_KNOTS.);
#2429 = CARTESIAN_POINT('',(6.28318530718,0.));
#2430 = CARTESIAN_POINT('',(6.28318530718,254.));
#2431 = ( GEOMETRIC_REPRESENTATION_CONTEXT(2) 
PARAMETRIC_REPRESENTATION_CONTEXT() REPRESENTATION_CONTEXT('2D SPACE',''
  ) );
#2432 = ORIENTED_EDGE('',*,*,#2433,.T.);
#2433 = EDGE_CURVE('',#2412,#2434,#2436,.T.);
#2434 = VERTEX_POINT('',#2435);
#2435 = CARTESIAN_POINT('',(76.2,177.8,4.7625));
#2436 = SEAM_CURVE('',#2437,(#2441,#2448),.PCURVE_S1.);
#2437 = LINE('',#2438,#2439);
#2438 = CARTESIAN_POINT('',(-127.,177.8,4.7625));
#2439 = VECTOR('',#2440,1.);
#2440 = DIRECTION('',(1.,0.,0.));
#2441 = PCURVE('',#363,#2442);
#2442 = DEFINITIONAL_REPRESENTATION('',(#2443),#2447);
#2443 = LINE('',#2444,#2445);
#2444 = CARTESIAN_POINT('',(0.,0.));
#2445 = VECTOR('',#2446,1.);
#2446 = DIRECTION('',(0.,1.));
#2447 = ( GEOMETRIC_REPRESENTATION_CONTEXT(2) 
PARAMETRIC_REPRESENTATION_CONTEXT() REPRESENTATION_CONTEXT('2D SPACE',''
  ) );
#2448 = PCURVE('',#363,#2449);
#2449 = DEFINITIONAL_REPRESENTATION('',(#2450),#2453);
#2450 = B_SPLINE_CURVE_WITH_KNOTS('',1,(#2451,#2452),.UNSPECIFIED.,.F.,
  .F.,(2,2),(0.,254.),.PIECEWISE_BEZIER_KNOTS.);
#2451 = CARTESIAN_POINT('',(6.28318530718,0.));
#2452 = CARTESIAN_POINT('',(6.28318530718,254.));
#2453 = ( GEOMETRIC_REPRESENTATION_CONTEXT(2) 
PARAMETRIC_REPRESENTATION_CONTEXT() REPRESENTATION_CONTEXT('2D SPACE',''
  ) );
#2454 = ORIENTED_EDGE('',*,*,#2455,.T.);
#2455 = EDGE_CURVE('',#2434,#2456,#2458,.T.);
#2456 = VERTEX_POINT('',#2457);
#2457 = CARTESIAN_POINT('',(122.2375,177.8,4.7625));
#2458 = SEAM_CURVE('',#2459,(#2463,#2470),.PCURVE_S1.);
#2459 = LINE('',#2460,#2461);
#2460 = CARTESIAN_POINT('',(-127.,177.8,4.7625));
#2461 = VECTOR('',#2462,1.);
#2462 = DIRECTION('',(1.,0.,0.));
#2463 = PCURVE('',#363,#2464);
#2464 = DEFINITIONAL_REPRESENTATION('',(#2465),#2469);
#2465 = LINE('',#2466,#2467);
#2466 = CARTESIAN_POINT('',(0.,0.));
#2467 = VECTOR('',#2468,1.);
#2468 = DIRECTION('',(0.,1.));
#2469 = ( GEOMETRIC_REPRESENTATION_CONTEXT(2) 
PARAMETRIC_REPRESENTATION_CONTEXT() REPRESENTATION_CONTEXT('2D SPACE',''
  ) );
#2470 = PCURVE('',#363,#2471);
#2471 = DEFINITIONAL_REPRESENTATION('',(#2472),#2475);
#2472 = B_SPLINE_CURVE_WITH_KNOTS('',1,(#2473,#2474),.UNSPECIFIED.,.F.,
  .F.,(2,2),(0.,254.),.PIECEWISE_BEZIER_KNOTS.);
#2473 = CARTESIAN_POINT('',(6.28318530718,0.));
#2474 = CARTESIAN_POINT('',(6.28318530718,254.));
#2475 = ( GEOMETRIC_REPRESENTATION_CONTEXT(2) 
PARAMETRIC_REPRESENTATION_CONTEXT() REPRESENTATION_CONTEXT('2D SPACE',''
  ) );
#2476 = ORIENTED_EDGE('',*,*,#2477,.F.);
#2477 = EDGE_CURVE('',#2478,#2456,#2480,.T.);
#2478 = VERTEX_POINT('',#2479);
#2479 = CARTESIAN_POINT('',(127.,182.5625,1.67754633334E-15));
#2480 = SURFACE_CURVE('',#2481,(#2486,#2499),.PCURVE_S1.);
#2481 = ELLIPSE('',#2482,6.735192090802,4.7625);
#2482 = AXIS2_PLACEMENT_3D('',#2483,#2484,#2485);
#2483 = CARTESIAN_POINT('',(127.,177.8,0.));
#2484 = DIRECTION('',(0.707106781187,0.,0.707106781187));
#2485 = DIRECTION('',(0.707106781187,0.,-0.707106781187));
#2486 = PCURVE('',#363,#2487);
#2487 = DEFINITIONAL_REPRESENTATION('',(#2488),#2498);
#2488 = B_SPLINE_CURVE_WITH_KNOTS('',8,(#2489,#2490,#2491,#2492,#2493,
    #2494,#2495,#2496,#2497),.UNSPECIFIED.,.F.,.F.,(9,9),(1.570796326795
    ,3.14159265359),.PIECEWISE_BEZIER_KNOTS.);
#2489 = CARTESIAN_POINT('',(4.712388980385,254.));
#2490 = CARTESIAN_POINT('',(4.908738521234,253.0648853117));
#2491 = CARTESIAN_POINT('',(5.105088062083,252.12977040148));
#2492 = CARTESIAN_POINT('',(5.301437602935,251.24959309271));
#2493 = CARTESIAN_POINT('',(5.497787143781,250.47928020111));
#2494 = CARTESIAN_POINT('',(5.694136684634,249.86701655334));
#2495 = CARTESIAN_POINT('',(5.890486225481,249.44733944576));
#2496 = CARTESIAN_POINT('',(6.08683576633,249.2375));
#2497 = CARTESIAN_POINT('',(6.28318530718,249.2375));
#2498 = ( GEOMETRIC_REPRESENTATION_CONTEXT(2) 
PARAMETRIC_REPRESENTATION_CONTEXT() REPRESENTATION_CONTEXT('2D SPACE',''
  ) );
#2499 = PCURVE('',#2500,#2505);
#2500 = CYLINDRICAL_SURFACE('',#2501,4.7625);
#2501 = AXIS2_PLACEMENT_3D('',#2502,#2503,#2504);
#2502 = CARTESIAN_POINT('',(127.,177.8,0.));
#2503 = DIRECTION('',(0.,0.,1.));
#2504 = DIRECTION('',(1.,0.,-0.));
#2505 = DEFINITIONAL_REPRESENTATION('',(#2506),#2516);
#2506 = B_SPLINE_CURVE_WITH_KNOTS('',8,(#2507,#2508,#2509,#2510,#2511,
    #2512,#2513,#2514,#2515),.UNSPECIFIED.,.F.,.F.,(9,9),(1.570796326795
    ,3.14159265359),.PIECEWISE_BEZIER_KNOTS.);
#2507 = CARTESIAN_POINT('',(1.570796326795,-2.91619019047E-16));
#2508 = CARTESIAN_POINT('',(1.767145867644,0.935114688295));
#2509 = CARTESIAN_POINT('',(1.963495408492,1.870229598613));
#2510 = CARTESIAN_POINT('',(2.159844949345,2.750406906517));
#2511 = CARTESIAN_POINT('',(2.35619449019,3.520719799613));
#2512 = CARTESIAN_POINT('',(2.552544031042,4.13298344569));
#2513 = CARTESIAN_POINT('',(2.74889357189,4.552660554364));
#2514 = CARTESIAN_POINT('',(2.94524311274,4.7625));
#2515 = CARTESIAN_POINT('',(3.14159265359,4.7625));
#2516 = ( GEOMETRIC_REPRESENTATION_CONTEXT(2) 
PARAMETRIC_REPRESENTATION_CONTEXT() REPRESENTATION_CONTEXT('2D SPACE',''
  ) );
#2517 = ORIENTED_EDGE('',*,*,#2518,.F.);
#2518 = EDGE_CURVE('',#2519,#2478,#2521,.T.);
#2519 = VERTEX_POINT('',#2520);
#2520 = CARTESIAN_POINT('',(127.,177.8,-4.7625));
#2521 = SURFACE_CURVE('',#2522,(#2527,#2534),.PCURVE_S1.);
#2522 = CIRCLE('',#2523,4.7625);
#2523 = AXIS2_PLACEMENT_3D('',#2524,#2525,#2526);
#2524 = CARTESIAN_POINT('',(127.,177.8,0.));
#2525 = DIRECTION('',(1.,0.,-0.));
#2526 = DIRECTION('',(0.,0.,1.));
#2527 = PCURVE('',#363,#2528);
#2528 = DEFINITIONAL_REPRESENTATION('',(#2529),#2533);
#2529 = LINE('',#2530,#2531);
#2530 = CARTESIAN_POINT('',(0.,254.));
#2531 = VECTOR('',#2532,1.);
#2532 = DIRECTION('',(1.,0.));
#2533 = ( GEOMETRIC_REPRESENTATION_CONTEXT(2) 
PARAMETRIC_REPRESENTATION_CONTEXT() REPRESENTATION_CONTEXT('2D SPACE',''
  ) );
#2534 = PCURVE('',#2535,#2540);
#2535 = PLANE('',#2536);
#2536 = AXIS2_PLACEMENT_3D('',#2537,#2538,#2539);
#2537 = CARTESIAN_POINT('',(127.,177.8,8.613796110485E-16));
#2538 = DIRECTION('',(1.,0.,0.));
#2539 = DIRECTION('',(-0.,0.,1.));
#2540 = DEFINITIONAL_REPRESENTATION('',(#2541),#2545);
#2541 = CIRCLE('',#2542,4.7625);
#2542 = AXIS2_PLACEMENT_2D('',#2543,#2544);
#2543 = CARTESIAN_POINT('',(-8.613796110485E-16,0.));
#2544 = DIRECTION('',(1.,0.));
#2545 = ( GEOMETRIC_REPRESENTATION_CONTEXT(2) 
PARAMETRIC_REPRESENTATION_CONTEXT() REPRESENTATION_CONTEXT('2D SPACE',''
  ) );
#2546 = ORIENTED_EDGE('',*,*,#2547,.T.);
#2547 = EDGE_CURVE('',#2519,#2548,#2550,.T.);
#2548 = VERTEX_POINT('',#2549);
#2549 = CARTESIAN_POINT('',(123.63240395459,174.43240395459,
    3.367596045401));
#2550 = SURFACE_CURVE('',#2551,(#2556,#2576),.PCURVE_S1.);
#2551 = ELLIPSE('',#2552,6.735192090802,4.7625);
#2552 = AXIS2_PLACEMENT_3D('',#2553,#2554,#2555);
#2553 = CARTESIAN_POINT('',(127.,177.8,0.));
#2554 = DIRECTION('',(-0.707106781187,0.707106781187,0.));
#2555 = DIRECTION('',(0.707106781187,0.707106781187,0.));
#2556 = PCURVE('',#363,#2557);
#2557 = DEFINITIONAL_REPRESENTATION('',(#2558),#2575);
#2558 = B_SPLINE_CURVE_WITH_KNOTS('',8,(#2559,#2560,#2561,#2562,#2563,
    #2564,#2565,#2566,#2567,#2568,#2569,#2570,#2571,#2572,#2573,#2574),
  .UNSPECIFIED.,.F.,.F.,(9,7,9),(1.570796326795,3.14159265359,
    4.712388980385),.UNSPECIFIED.);
#2559 = CARTESIAN_POINT('',(3.14159265359,254.));
#2560 = CARTESIAN_POINT('',(2.94524311274,253.0648853117));
#2561 = CARTESIAN_POINT('',(2.748893571891,252.12977040148));
#2562 = CARTESIAN_POINT('',(2.552544031039,251.24959309271));
#2563 = CARTESIAN_POINT('',(2.356194490187,250.47928020111));
#2564 = CARTESIAN_POINT('',(2.159844949341,249.86701655334));
#2565 = CARTESIAN_POINT('',(1.963495408493,249.44733944576));
#2566 = CARTESIAN_POINT('',(1.767145867644,249.2375));
#2567 = CARTESIAN_POINT('',(1.374446785946,249.2375));
#2568 = CARTESIAN_POINT('',(1.178097245097,249.44733944572));
#2569 = CARTESIAN_POINT('',(0.981747704241,249.86701655351));
#2570 = CARTESIAN_POINT('',(0.785398163402,250.479280201));
#2571 = CARTESIAN_POINT('',(0.589048622543,251.24959309296));
#2572 = CARTESIAN_POINT('',(0.3926990817,252.12977040144));
#2573 = CARTESIAN_POINT('',(0.196349540849,253.0648853117));
#2574 = CARTESIAN_POINT('',(0.,254.));
#2575 = ( GEOMETRIC_REPRESENTATION_CONTEXT(2) 
PARAMETRIC_REPRESENTATION_CONTEXT() REPRESENTATION_CONTEXT('2D SPACE',''
  ) );
#2576 = PCURVE('',#1055,#2577);
#2577 = DEFINITIONAL_REPRESENTATION('',(#2578),#2595);
#2578 = B_SPLINE_CURVE_WITH_KNOTS('',8,(#2579,#2580,#2581,#2582,#2583,
    #2584,#2585,#2586,#2587,#2588,#2589,#2590,#2591,#2592,#2593,#2594),
  .UNSPECIFIED.,.F.,.F.,(9,7,9),(1.570796326795,3.14159265359,
    4.712388980385),.UNSPECIFIED.);
#2579 = CARTESIAN_POINT('',(3.14159265359,177.8));
#2580 = CARTESIAN_POINT('',(3.337942194439,176.8648853117));
#2581 = CARTESIAN_POINT('',(3.53429173529,175.92977040154));
#2582 = CARTESIAN_POINT('',(3.730641276134,175.04959309245));
#2583 = CARTESIAN_POINT('',(3.926990817002,174.27928020139));
#2584 = CARTESIAN_POINT('',(4.123340357833,173.66701655309));
#2585 = CARTESIAN_POINT('',(4.319689898688,173.24733944579));
#2586 = CARTESIAN_POINT('',(4.516039439535,173.0375));
#2587 = CARTESIAN_POINT('',(4.908738521234,173.0375));
#2588 = CARTESIAN_POINT('',(5.105088062084,173.2473394455));
#2589 = CARTESIAN_POINT('',(5.301437602932,173.66701655439));
#2590 = CARTESIAN_POINT('',(5.497787143784,174.27928019974));
#2591 = CARTESIAN_POINT('',(5.69413668463,175.04959309363));
#2592 = CARTESIAN_POINT('',(5.890486225481,175.92977040124));
#2593 = CARTESIAN_POINT('',(6.08683576633,176.8648853117));
#2594 = CARTESIAN_POINT('',(6.28318530718,177.8));
#2595 = ( GEOMETRIC_REPRESENTATION_CONTEXT(2) 
PARAMETRIC_REPRESENTATION_CONTEXT() REPRESENTATION_CONTEXT('2D SPACE',''
  ) );
#2596 = ORIENTED_EDGE('',*,*,#2597,.F.);
#2597 = EDGE_CURVE('',#2456,#2548,#2598,.T.);
#2598 = SURFACE_CURVE('',#2599,(#2604,#2617),.PCURVE_S1.);
#2599 = ELLIPSE('',#2600,6.735192090802,4.7625);
#2600 = AXIS2_PLACEMENT_3D('',#2601,#2602,#2603);
#2601 = CARTESIAN_POINT('',(127.,177.8,0.));
#2602 = DIRECTION('',(0.707106781187,0.,0.707106781187));
#2603 = DIRECTION('',(0.707106781187,0.,-0.707106781187));
#2604 = PCURVE('',#363,#2605);
#2605 = DEFINITIONAL_REPRESENTATION('',(#2606),#2616);
#2606 = B_SPLINE_CURVE_WITH_KNOTS('',8,(#2607,#2608,#2609,#2610,#2611,
    #2612,#2613,#2614,#2615),.UNSPECIFIED.,.F.,.F.,(9,9),(3.14159265359,
    4.712388980385),.PIECEWISE_BEZIER_KNOTS.);
#2607 = CARTESIAN_POINT('',(0.,249.2375));
#2608 = CARTESIAN_POINT('',(0.196349540849,249.2375));
#2609 = CARTESIAN_POINT('',(0.392699081698,249.44733944572));
#2610 = CARTESIAN_POINT('',(0.589048622547,249.86701655351));
#2611 = CARTESIAN_POINT('',(0.785398163394,250.479280201));
#2612 = CARTESIAN_POINT('',(0.981747704247,251.24959309296));
#2613 = CARTESIAN_POINT('',(1.178097245096,252.12977040144));
#2614 = CARTESIAN_POINT('',(1.374446785946,253.0648853117));
#2615 = CARTESIAN_POINT('',(1.570796326795,254.));
#2616 = ( GEOMETRIC_REPRESENTATION_CONTEXT(2) 
PARAMETRIC_REPRESENTATION_CONTEXT() REPRESENTATION_CONTEXT('2D SPACE',''
  ) );
#2617 = PCURVE('',#2500,#2618);
#2618 = DEFINITIONAL_REPRESENTATION('',(#2619),#2629);
#2619 = B_SPLINE_CURVE_WITH_KNOTS('',8,(#2620,#2621,#2622,#2623,#2624,
    #2625,#2626,#2627,#2628),.UNSPECIFIED.,.F.,.F.,(9,9),(3.14159265359,
    4.712388980385),.PIECEWISE_BEZIER_KNOTS.);
#2620 = CARTESIAN_POINT('',(3.14159265359,4.7625));
#2621 = CARTESIAN_POINT('',(3.337942194439,4.7625));
#2622 = CARTESIAN_POINT('',(3.534291735285,4.552660554362));
#2623 = CARTESIAN_POINT('',(3.730641276142,4.132983445696));
#2624 = CARTESIAN_POINT('',(3.926990816972,3.520719799607));
#2625 = CARTESIAN_POINT('',(4.123340357837,2.750406906524));
#2626 = CARTESIAN_POINT('',(4.319689898683,1.870229598612));
#2627 = CARTESIAN_POINT('',(4.516039439535,0.935114688295));
#2628 = CARTESIAN_POINT('',(4.712388980385,8.748570571409E-16));
#2629 = ( GEOMETRIC_REPRESENTATION_CONTEXT(2) 
PARAMETRIC_REPRESENTATION_CONTEXT() REPRESENTATION_CONTEXT('2D SPACE',''
  ) );
#2630 = ORIENTED_EDGE('',*,*,#2455,.F.);
#2631 = ORIENTED_EDGE('',*,*,#2433,.F.);
#2632 = ORIENTED_EDGE('',*,*,#2411,.F.);
#2633 = ORIENTED_EDGE('',*,*,#2389,.F.);
#2634 = ORIENTED_EDGE('',*,*,#2367,.F.);
#2635 = FACE_BOUND('',#2636,.T.);
#2636 = EDGE_LOOP('',(#2637,#2692));
#2637 = ORIENTED_EDGE('',*,*,#2638,.T.);
#2638 = EDGE_CURVE('',#2639,#2368,#2641,.T.);
#2639 = VERTEX_POINT('',#2640);
#2640 = CARTESIAN_POINT('',(-76.2,177.8,-4.7625));
#2641 = SURFACE_CURVE('',#2642,(#2647,#2667),.PCURVE_S1.);
#2642 = ELLIPSE('',#2643,6.735192090802,4.7625);
#2643 = AXIS2_PLACEMENT_3D('',#2644,#2645,#2646);
#2644 = CARTESIAN_POINT('',(-76.2,177.8,0.));
#2645 = DIRECTION('',(-0.707106781187,0.707106781187,0.));
#2646 = DIRECTION('',(0.707106781187,0.707106781187,0.));
#2647 = PCURVE('',#363,#2648);
#2648 = DEFINITIONAL_REPRESENTATION('',(#2649),#2666);
#2649 = B_SPLINE_CURVE_WITH_KNOTS('',8,(#2650,#2651,#2652,#2653,#2654,
    #2655,#2656,#2657,#2658,#2659,#2660,#2661,#2662,#2663,#2664,#2665),
  .UNSPECIFIED.,.F.,.F.,(9,7,9),(1.570796326795,3.14159265359,
    4.712388980385),.UNSPECIFIED.);
#2650 = CARTESIAN_POINT('',(3.14159265359,50.8));
#2651 = CARTESIAN_POINT('',(2.94524311274,49.864885311705));
#2652 = CARTESIAN_POINT('',(2.748893571891,48.929770401345));
#2653 = CARTESIAN_POINT('',(2.552544031039,48.049593093522));
#2654 = CARTESIAN_POINT('',(2.356194490187,47.279280200216));
#2655 = CARTESIAN_POINT('',(2.159844949341,46.667016554323));
#2656 = CARTESIAN_POINT('',(1.963495408493,46.247339445597));
#2657 = CARTESIAN_POINT('',(1.767145867644,46.0375));
#2658 = CARTESIAN_POINT('',(1.374446785946,46.0375));
#2659 = CARTESIAN_POINT('',(1.178097245097,46.247339445693));
#2660 = CARTESIAN_POINT('',(0.981747704241,46.667016554003));
#2661 = CARTESIAN_POINT('',(0.785398163402,47.279280200685));
#2662 = CARTESIAN_POINT('',(0.589048622543,48.049593093141));
#2663 = CARTESIAN_POINT('',(0.3926990817,48.929770401423));
#2664 = CARTESIAN_POINT('',(0.196349540849,49.864885311705));
#2665 = CARTESIAN_POINT('',(0.,50.8));
#2666 = ( GEOMETRIC_REPRESENTATION_CONTEXT(2) 
PARAMETRIC_REPRESENTATION_CONTEXT() REPRESENTATION_CONTEXT('2D SPACE',''
  ) );
#2667 = PCURVE('',#2668,#2673);
#2668 = CYLINDRICAL_SURFACE('',#2669,4.7625);
#2669 = AXIS2_PLACEMENT_3D('',#2670,#2671,#2672);
#2670 = CARTESIAN_POINT('',(-76.2,0.,0.));
#2671 = DIRECTION('',(0.,1.,0.));
#2672 = DIRECTION('',(0.,-0.,1.));
#2673 = DEFINITIONAL_REPRESENTATION('',(#2674),#2691);
#2674 = B_SPLINE_CURVE_WITH_KNOTS('',8,(#2675,#2676,#2677,#2678,#2679,
    #2680,#2681,#2682,#2683,#2684,#2685,#2686,#2687,#2688,#2689,#2690),
  .UNSPECIFIED.,.F.,.F.,(9,7,9),(1.570796326795,3.14159265359,
    4.712388980385),.UNSPECIFIED.);
#2675 = CARTESIAN_POINT('',(3.14159265359,177.8));
#2676 = CARTESIAN_POINT('',(3.337942194439,176.8648853117));
#2677 = CARTESIAN_POINT('',(3.53429173529,175.92977040154));
#2678 = CARTESIAN_POINT('',(3.730641276134,175.04959309245));
#2679 = CARTESIAN_POINT('',(3.926990817002,174.27928020139));
#2680 = CARTESIAN_POINT('',(4.123340357833,173.66701655309));
#2681 = CARTESIAN_POINT('',(4.319689898688,173.24733944579));
#2682 = CARTESIAN_POINT('',(4.516039439535,173.0375));
#2683 = CARTESIAN_POINT('',(4.908738521234,173.0375));
#2684 = CARTESIAN_POINT('',(5.105088062084,173.2473394455));
#2685 = CARTESIAN_POINT('',(5.301437602932,173.66701655439));
#2686 = CARTESIAN_POINT('',(5.497787143784,174.27928019974));
#2687 = CARTESIAN_POINT('',(5.69413668463,175.04959309363));
#2688 = CARTESIAN_POINT('',(5.890486225481,175.92977040124));
#2689 = CARTESIAN_POINT('',(6.08683576633,176.8648853117));
#2690 = CARTESIAN_POINT('',(6.28318530718,177.8));
#2691 = ( GEOMETRIC_REPRESENTATION_CONTEXT(2) 
PARAMETRIC_REPRESENTATION_CONTEXT() REPRESENTATION_CONTEXT('2D SPACE',''
  ) );
#2692 = ORIENTED_EDGE('',*,*,#2693,.T.);
#2693 = EDGE_CURVE('',#2368,#2639,#2694,.T.);
#2694 = SURFACE_CURVE('',#2695,(#2700,#2720),.PCURVE_S1.);
#2695 = ELLIPSE('',#2696,6.735192090802,4.7625);
#2696 = AXIS2_PLACEMENT_3D('',#2697,#2698,#2699);
#2697 = CARTESIAN_POINT('',(-76.2,177.8,0.));
#2698 = DIRECTION('',(0.707106781187,0.707106781187,0.));
#2699 = DIRECTION('',(-0.707106781187,0.707106781187,0.));
#2700 = PCURVE('',#363,#2701);
#2701 = DEFINITIONAL_REPRESENTATION('',(#2702),#2719);
#2702 = B_SPLINE_CURVE_WITH_KNOTS('',8,(#2703,#2704,#2705,#2706,#2707,
    #2708,#2709,#2710,#2711,#2712,#2713,#2714,#2715,#2716,#2717,#2718),
  .UNSPECIFIED.,.F.,.F.,(9,7,9),(1.570796326795,3.14159265359,
    4.712388980385),.UNSPECIFIED.);
#2703 = CARTESIAN_POINT('',(0.,50.8));
#2704 = CARTESIAN_POINT('',(0.196349540849,51.735114688295));
#2705 = CARTESIAN_POINT('',(0.392699081699,52.670229598573));
#2706 = CARTESIAN_POINT('',(0.589048622546,53.550406906545));
#2707 = CARTESIAN_POINT('',(0.785398163397,54.320719799495));
#2708 = CARTESIAN_POINT('',(0.981747704246,54.932983445645));
#2709 = CARTESIAN_POINT('',(1.178097245096,55.352660554329));
#2710 = CARTESIAN_POINT('',(1.374446785946,55.5625));
#2711 = CARTESIAN_POINT('',(1.767145867644,55.5625));
#2712 = CARTESIAN_POINT('',(1.963495408492,55.352660554341));
#2713 = CARTESIAN_POINT('',(2.159844949341,54.932983445715));
#2714 = CARTESIAN_POINT('',(2.356194490185,54.320719799375));
#2715 = CARTESIAN_POINT('',(2.552544031042,53.550406906565));
#2716 = CARTESIAN_POINT('',(2.74889357189,52.670229598591));
#2717 = CARTESIAN_POINT('',(2.94524311274,51.735114688295));
#2718 = CARTESIAN_POINT('',(3.14159265359,50.8));
#2719 = ( GEOMETRIC_REPRESENTATION_CONTEXT(2) 
PARAMETRIC_REPRESENTATION_CONTEXT() REPRESENTATION_CONTEXT('2D SPACE',''
  ) );
#2720 = PCURVE('',#2668,#2721);
#2721 = DEFINITIONAL_REPRESENTATION('',(#2722),#2739);
#2722 = B_SPLINE_CURVE_WITH_KNOTS('',8,(#2723,#2724,#2725,#2726,#2727,
    #2728,#2729,#2730,#2731,#2732,#2733,#2734,#2735,#2736,#2737,#2738),
  .UNSPECIFIED.,.F.,.F.,(9,7,9),(1.570796326795,3.14159265359,
    4.712388980385),.UNSPECIFIED.);
#2723 = CARTESIAN_POINT('',(0.,177.8));
#2724 = CARTESIAN_POINT('',(0.196349540849,176.8648853117));
#2725 = CARTESIAN_POINT('',(0.392699081699,175.92977040154));
#2726 = CARTESIAN_POINT('',(0.589048622547,175.04959309245));
#2727 = CARTESIAN_POINT('',(0.785398163397,174.27928020139));
#2728 = CARTESIAN_POINT('',(0.981747704245,173.66701655309));
#2729 = CARTESIAN_POINT('',(1.178097245096,173.24733944579));
#2730 = CARTESIAN_POINT('',(1.374446785946,173.0375));
#2731 = CARTESIAN_POINT('',(1.767145867644,173.0375));
#2732 = CARTESIAN_POINT('',(1.96349540849,173.2473394455));
#2733 = CARTESIAN_POINT('',(2.15984494935,173.66701655439));
#2734 = CARTESIAN_POINT('',(2.356194490173,174.27928019974));
#2735 = CARTESIAN_POINT('',(2.55254403105,175.04959309363));
#2736 = CARTESIAN_POINT('',(2.748893571887,175.92977040124));
#2737 = CARTESIAN_POINT('',(2.94524311274,176.8648853117));
#2738 = CARTESIAN_POINT('',(3.14159265359,177.8));
#2739 = ( GEOMETRIC_REPRESENTATION_CONTEXT(2) 
PARAMETRIC_REPRESENTATION_CONTEXT() REPRESENTATION_CONTEXT('2D SPACE',''
  ) );
#2740 = FACE_BOUND('',#2741,.T.);
#2741 = EDGE_LOOP('',(#2742,#2797));
#2742 = ORIENTED_EDGE('',*,*,#2743,.T.);
#2743 = EDGE_CURVE('',#2744,#2390,#2746,.T.);
#2744 = VERTEX_POINT('',#2745);
#2745 = CARTESIAN_POINT('',(-25.4,177.8,-4.7625));
#2746 = SURFACE_CURVE('',#2747,(#2752,#2772),.PCURVE_S1.);
#2747 = ELLIPSE('',#2748,6.735192090802,4.7625);
#2748 = AXIS2_PLACEMENT_3D('',#2749,#2750,#2751);
#2749 = CARTESIAN_POINT('',(-25.4,177.8,0.));
#2750 = DIRECTION('',(-0.707106781187,0.707106781187,0.));
#2751 = DIRECTION('',(0.707106781187,0.707106781187,0.));
#2752 = PCURVE('',#363,#2753);
#2753 = DEFINITIONAL_REPRESENTATION('',(#2754),#2771);
#2754 = B_SPLINE_CURVE_WITH_KNOTS('',8,(#2755,#2756,#2757,#2758,#2759,
    #2760,#2761,#2762,#2763,#2764,#2765,#2766,#2767,#2768,#2769,#2770),
  .UNSPECIFIED.,.F.,.F.,(9,7,9),(1.570796326795,3.14159265359,
    4.712388980385),.UNSPECIFIED.);
#2755 = CARTESIAN_POINT('',(3.14159265359,101.6));
#2756 = CARTESIAN_POINT('',(2.94524311274,100.6648853117));
#2757 = CARTESIAN_POINT('',(2.748893571891,99.729770401288));
#2758 = CARTESIAN_POINT('',(2.552544031039,98.849593093664));
#2759 = CARTESIAN_POINT('',(2.356194490187,98.079280199716));
#2760 = CARTESIAN_POINT('',(2.159844949341,97.467016554542));
#2761 = CARTESIAN_POINT('',(1.963495408493,97.047339445535));
#2762 = CARTESIAN_POINT('',(1.767145867644,96.8375));
#2763 = CARTESIAN_POINT('',(1.374446785946,96.8375));
#2764 = CARTESIAN_POINT('',(1.178097245097,97.047339445533));
#2765 = CARTESIAN_POINT('',(0.981747704241,97.467016554384));
#2766 = CARTESIAN_POINT('',(0.785398163402,98.079280199929));
#2767 = CARTESIAN_POINT('',(0.589048622543,98.849593093509));
#2768 = CARTESIAN_POINT('',(0.3926990817,99.729770401331));
#2769 = CARTESIAN_POINT('',(0.196349540849,100.6648853117));
#2770 = CARTESIAN_POINT('',(0.,101.6));
#2771 = ( GEOMETRIC_REPRESENTATION_CONTEXT(2) 
PARAMETRIC_REPRESENTATION_CONTEXT() REPRESENTATION_CONTEXT('2D SPACE',''
  ) );
#2772 = PCURVE('',#2773,#2778);
#2773 = CYLINDRICAL_SURFACE('',#2774,4.7625);
#2774 = AXIS2_PLACEMENT_3D('',#2775,#2776,#2777);
#2775 = CARTESIAN_POINT('',(-25.4,0.,0.));
#2776 = DIRECTION('',(0.,1.,0.));
#2777 = DIRECTION('',(0.,-0.,1.));
#2778 = DEFINITIONAL_REPRESENTATION('',(#2779),#2796);
#2779 = B_SPLINE_CURVE_WITH_KNOTS('',8,(#2780,#2781,#2782,#2783,#2784,
    #2785,#2786,#2787,#2788,#2789,#2790,#2791,#2792,#2793,#2794,#2795),
  .UNSPECIFIED.,.F.,.F.,(9,7,9),(1.570796326795,3.14159265359,
    4.712388980385),.UNSPECIFIED.);
#2780 = CARTESIAN_POINT('',(3.14159265359,177.8));
#2781 = CARTESIAN_POINT('',(3.337942194439,176.8648853117));
#2782 = CARTESIAN_POINT('',(3.534291735288,175.92977040154));
#2783 = CARTESIAN_POINT('',(3.730641276146,175.04959309245));
#2784 = CARTESIAN_POINT('',(3.926990816986,174.27928020139));
#2785 = CARTESIAN_POINT('',(4.123340357841,173.66701655309));
#2786 = CARTESIAN_POINT('',(4.319689898685,173.24733944579));
#2787 = CARTESIAN_POINT('',(4.516039439535,173.0375));
#2788 = CARTESIAN_POINT('',(4.908738521234,173.0375));
#2789 = CARTESIAN_POINT('',(5.105088062084,173.2473394455));
#2790 = CARTESIAN_POINT('',(5.301437602935,173.66701655439));
#2791 = CARTESIAN_POINT('',(5.497787143781,174.27928019974));
#2792 = CARTESIAN_POINT('',(5.694136684633,175.04959309363));
#2793 = CARTESIAN_POINT('',(5.890486225481,175.92977040124));
#2794 = CARTESIAN_POINT('',(6.08683576633,176.8648853117));
#2795 = CARTESIAN_POINT('',(6.28318530718,177.8));
#2796 = ( GEOMETRIC_REPRESENTATION_CONTEXT(2) 
PARAMETRIC_REPRESENTATION_CONTEXT() REPRESENTATION_CONTEXT('2D SPACE',''
  ) );
#2797 = ORIENTED_EDGE('',*,*,#2798,.T.);
#2798 = EDGE_CURVE('',#2390,#2744,#2799,.T.);
#2799 = SURFACE_CURVE('',#2800,(#2805,#2825),.PCURVE_S1.);
#2800 = ELLIPSE('',#2801,6.735192090802,4.7625);
#2801 = AXIS2_PLACEMENT_3D('',#2802,#2803,#2804);
#2802 = CARTESIAN_POINT('',(-25.4,177.8,0.));
#2803 = DIRECTION('',(0.707106781187,0.707106781187,0.));
#2804 = DIRECTION('',(-0.707106781187,0.707106781187,0.));
#2805 = PCURVE('',#363,#2806);
#2806 = DEFINITIONAL_REPRESENTATION('',(#2807),#2824);
#2807 = B_SPLINE_CURVE_WITH_KNOTS('',8,(#2808,#2809,#2810,#2811,#2812,
    #2813,#2814,#2815,#2816,#2817,#2818,#2819,#2820,#2821,#2822,#2823),
  .UNSPECIFIED.,.F.,.F.,(9,7,9),(1.570796326795,3.14159265359,
    4.712388980385),.UNSPECIFIED.);
#2808 = CARTESIAN_POINT('',(0.,101.6));
#2809 = CARTESIAN_POINT('',(0.196349540849,102.53511468829));
#2810 = CARTESIAN_POINT('',(0.392699081699,103.47022959874));
#2811 = CARTESIAN_POINT('',(0.589048622546,104.35040690568));
#2812 = CARTESIAN_POINT('',(0.785398163397,105.12071980032));
#2813 = CARTESIAN_POINT('',(0.981747704246,105.73298344503));
#2814 = CARTESIAN_POINT('',(1.178097245096,106.1526605545));
#2815 = CARTESIAN_POINT('',(1.374446785946,106.3625));
#2816 = CARTESIAN_POINT('',(1.767145867644,106.3625));
#2817 = CARTESIAN_POINT('',(1.963495408492,106.15266055427));
#2818 = CARTESIAN_POINT('',(2.159844949341,105.73298344576));
#2819 = CARTESIAN_POINT('',(2.356194490185,105.12071979939));
#2820 = CARTESIAN_POINT('',(2.552544031042,104.3504069064));
#2821 = CARTESIAN_POINT('',(2.74889357189,103.4702295985));
#2822 = CARTESIAN_POINT('',(2.94524311274,102.53511468829));
#2823 = CARTESIAN_POINT('',(3.14159265359,101.6));
#2824 = ( GEOMETRIC_REPRESENTATION_CONTEXT(2) 
PARAMETRIC_REPRESENTATION_CONTEXT() REPRESENTATION_CONTEXT('2D SPACE',''
  ) );
#2825 = PCURVE('',#2773,#2826);
#2826 = DEFINITIONAL_REPRESENTATION('',(#2827),#2844);
#2827 = B_SPLINE_CURVE_WITH_KNOTS('',8,(#2828,#2829,#2830,#2831,#2832,
    #2833,#2834,#2835,#2836,#2837,#2838,#2839,#2840,#2841,#2842,#2843),
  .UNSPECIFIED.,.F.,.F.,(9,7,9),(1.570796326795,3.14159265359,
    4.712388980385),.UNSPECIFIED.);
#2828 = CARTESIAN_POINT('',(0.,177.8));
#2829 = CARTESIAN_POINT('',(0.196349540849,176.8648853117));
#2830 = CARTESIAN_POINT('',(0.392699081699,175.92977040154));
#2831 = CARTESIAN_POINT('',(0.589048622545,175.04959309245));
#2832 = CARTESIAN_POINT('',(0.785398163398,174.27928020139));
#2833 = CARTESIAN_POINT('',(0.981747704244,173.66701655309));
#2834 = CARTESIAN_POINT('',(1.178097245096,173.24733944579));
#2835 = CARTESIAN_POINT('',(1.374446785946,173.0375));
#2836 = CARTESIAN_POINT('',(1.767145867644,173.0375));
#2837 = CARTESIAN_POINT('',(1.96349540849,173.2473394455));
#2838 = CARTESIAN_POINT('',(2.159844949352,173.66701655439));
#2839 = CARTESIAN_POINT('',(2.356194490178,174.27928019974));
#2840 = CARTESIAN_POINT('',(2.552544031053,175.04959309363));
#2841 = CARTESIAN_POINT('',(2.748893571888,175.92977040124));
#2842 = CARTESIAN_POINT('',(2.94524311274,176.8648853117));
#2843 = CARTESIAN_POINT('',(3.14159265359,177.8));
#2844 = ( GEOMETRIC_REPRESENTATION_CONTEXT(2) 
PARAMETRIC_REPRESENTATION_CONTEXT() REPRESENTATION_CONTEXT('2D SPACE',''
  ) );
#2845 = FACE_BOUND('',#2846,.T.);
#2846 = EDGE_LOOP('',(#2847,#2902));
#2847 = ORIENTED_EDGE('',*,*,#2848,.T.);
#2848 = EDGE_CURVE('',#2849,#2412,#2851,.T.);
#2849 = VERTEX_POINT('',#2850);
#2850 = CARTESIAN_POINT('',(25.4,177.8,-4.7625));
#2851 = SURFACE_CURVE('',#2852,(#2857,#2877),.PCURVE_S1.);
#2852 = ELLIPSE('',#2853,6.735192090802,4.7625);
#2853 = AXIS2_PLACEMENT_3D('',#2854,#2855,#2856);
#2854 = CARTESIAN_POINT('',(25.4,177.8,0.));
#2855 = DIRECTION('',(-0.707106781187,0.707106781187,0.));
#2856 = DIRECTION('',(0.707106781187,0.707106781187,0.));
#2857 = PCURVE('',#363,#2858);
#2858 = DEFINITIONAL_REPRESENTATION('',(#2859),#2876);
#2859 = B_SPLINE_CURVE_WITH_KNOTS('',8,(#2860,#2861,#2862,#2863,#2864,
    #2865,#2866,#2867,#2868,#2869,#2870,#2871,#2872,#2873,#2874,#2875),
  .UNSPECIFIED.,.F.,.F.,(9,7,9),(1.570796326795,3.14159265359,
    4.712388980385),.UNSPECIFIED.);
#2860 = CARTESIAN_POINT('',(3.14159265359,152.4));
#2861 = CARTESIAN_POINT('',(2.94524311274,151.4648853117));
#2862 = CARTESIAN_POINT('',(2.748893571891,150.52977040118));
#2863 = CARTESIAN_POINT('',(2.552544031039,149.64959309389));
#2864 = CARTESIAN_POINT('',(2.356194490187,148.8792801995));
#2865 = CARTESIAN_POINT('',(2.159844949341,148.26701655472));
#2866 = CARTESIAN_POINT('',(1.963495408493,147.84733944546));
#2867 = CARTESIAN_POINT('',(1.767145867644,147.6375));
#2868 = CARTESIAN_POINT('',(1.374446785946,147.6375));
#2869 = CARTESIAN_POINT('',(1.178097245097,147.84733944541));
#2870 = CARTESIAN_POINT('',(0.981747704241,148.26701655473));
#2871 = CARTESIAN_POINT('',(0.785398163402,148.87928019943));
#2872 = CARTESIAN_POINT('',(0.589048622543,149.64959309395));
#2873 = CARTESIAN_POINT('',(0.3926990817,150.5297704012));
#2874 = CARTESIAN_POINT('',(0.196349540849,151.4648853117));
#2875 = CARTESIAN_POINT('',(0.,152.4));
#2876 = ( GEOMETRIC_REPRESENTATION_CONTEXT(2) 
PARAMETRIC_REPRESENTATION_CONTEXT() REPRESENTATION_CONTEXT('2D SPACE',''
  ) );
#2877 = PCURVE('',#2878,#2883);
#2878 = CYLINDRICAL_SURFACE('',#2879,4.7625);
#2879 = AXIS2_PLACEMENT_3D('',#2880,#2881,#2882);
#2880 = CARTESIAN_POINT('',(25.4,0.,0.));
#2881 = DIRECTION('',(0.,1.,0.));
#2882 = DIRECTION('',(0.,-0.,1.));
#2883 = DEFINITIONAL_REPRESENTATION('',(#2884),#2901);
#2884 = B_SPLINE_CURVE_WITH_KNOTS('',8,(#2885,#2886,#2887,#2888,#2889,
    #2890,#2891,#2892,#2893,#2894,#2895,#2896,#2897,#2898,#2899,#2900),
  .UNSPECIFIED.,.F.,.F.,(9,7,9),(1.570796326795,3.14159265359,
    4.712388980385),.UNSPECIFIED.);
#2885 = CARTESIAN_POINT('',(3.14159265359,177.8));
#2886 = CARTESIAN_POINT('',(3.337942194439,176.8648853117));
#2887 = CARTESIAN_POINT('',(3.534291735288,175.92977040154));
#2888 = CARTESIAN_POINT('',(3.730641276146,175.04959309245));
#2889 = CARTESIAN_POINT('',(3.926990816986,174.27928020139));
#2890 = CARTESIAN_POINT('',(4.123340357841,173.66701655309));
#2891 = CARTESIAN_POINT('',(4.319689898685,173.24733944579));
#2892 = CARTESIAN_POINT('',(4.516039439535,173.0375));
#2893 = CARTESIAN_POINT('',(4.908738521234,173.0375));
#2894 = CARTESIAN_POINT('',(5.105088062084,173.2473394455));
#2895 = CARTESIAN_POINT('',(5.301437602935,173.66701655439));
#2896 = CARTESIAN_POINT('',(5.497787143781,174.27928019974));
#2897 = CARTESIAN_POINT('',(5.694136684633,175.04959309363));
#2898 = CARTESIAN_POINT('',(5.890486225481,175.92977040124));
#2899 = CARTESIAN_POINT('',(6.08683576633,176.8648853117));
#2900 = CARTESIAN_POINT('',(6.28318530718,177.8));
#2901 = ( GEOMETRIC_REPRESENTATION_CONTEXT(2) 
PARAMETRIC_REPRESENTATION_CONTEXT() REPRESENTATION_CONTEXT('2D SPACE',''
  ) );
#2902 = ORIENTED_EDGE('',*,*,#2903,.T.);
#2903 = EDGE_CURVE('',#2412,#2849,#2904,.T.);
#2904 = SURFACE_CURVE('',#2905,(#2910,#2930),.PCURVE_S1.);
#2905 = ELLIPSE('',#2906,6.735192090802,4.7625);
#2906 = AXIS2_PLACEMENT_3D('',#2907,#2908,#2909);
#2907 = CARTESIAN_POINT('',(25.4,177.8,0.));
#2908 = DIRECTION('',(0.707106781187,0.707106781187,0.));
#2909 = DIRECTION('',(-0.707106781187,0.707106781187,0.));
#2910 = PCURVE('',#363,#2911);
#2911 = DEFINITIONAL_REPRESENTATION('',(#2912),#2929);
#2912 = B_SPLINE_CURVE_WITH_KNOTS('',8,(#2913,#2914,#2915,#2916,#2917,
    #2918,#2919,#2920,#2921,#2922,#2923,#2924,#2925,#2926,#2927,#2928),
  .UNSPECIFIED.,.F.,.F.,(9,7,9),(1.570796326795,3.14159265359,
    4.712388980385),.UNSPECIFIED.);
#2913 = CARTESIAN_POINT('',(0.,152.4));
#2914 = CARTESIAN_POINT('',(0.196349540849,153.33511468829));
#2915 = CARTESIAN_POINT('',(0.392699081699,154.2702295985));
#2916 = CARTESIAN_POINT('',(0.589048622546,155.15040690637));
#2917 = CARTESIAN_POINT('',(0.785398163397,155.92071979893));
#2918 = CARTESIAN_POINT('',(0.981747704246,156.53298344566));
#2919 = CARTESIAN_POINT('',(1.178097245096,156.95266055426));
#2920 = CARTESIAN_POINT('',(1.374446785946,157.1625));
#2921 = CARTESIAN_POINT('',(1.767145867644,157.1625));
#2922 = CARTESIAN_POINT('',(1.963495408492,156.95266055426));
#2923 = CARTESIAN_POINT('',(2.159844949341,156.53298344571));
#2924 = CARTESIAN_POINT('',(2.356194490185,155.9207197989));
#2925 = CARTESIAN_POINT('',(2.552544031042,155.15040690649));
#2926 = CARTESIAN_POINT('',(2.74889357189,154.27022959849));
#2927 = CARTESIAN_POINT('',(2.94524311274,153.33511468829));
#2928 = CARTESIAN_POINT('',(3.14159265359,152.4));
#2929 = ( GEOMETRIC_REPRESENTATION_CONTEXT(2) 
PARAMETRIC_REPRESENTATION_CONTEXT() REPRESENTATION_CONTEXT('2D SPACE',''
  ) );
#2930 = PCURVE('',#2878,#2931);
#2931 = DEFINITIONAL_REPRESENTATION('',(#2932),#2949);
#2932 = B_SPLINE_CURVE_WITH_KNOTS('',8,(#2933,#2934,#2935,#2936,#2937,
    #2938,#2939,#2940,#2941,#2942,#2943,#2944,#2945,#2946,#2947,#2948),
  .UNSPECIFIED.,.F.,.F.,(9,7,9),(1.570796326795,3.14159265359,
    4.712388980385),.UNSPECIFIED.);
#2933 = CARTESIAN_POINT('',(0.,177.8));
#2934 = CARTESIAN_POINT('',(0.196349540849,176.8648853117));
#2935 = CARTESIAN_POINT('',(0.392699081699,175.92977040154));
#2936 = CARTESIAN_POINT('',(0.589048622545,175.04959309245));
#2937 = CARTESIAN_POINT('',(0.785398163398,174.27928020139));
#2938 = CARTESIAN_POINT('',(0.981747704244,173.66701655309));
#2939 = CARTESIAN_POINT('',(1.178097245096,173.24733944579));
#2940 = CARTESIAN_POINT('',(1.374446785946,173.0375));
#2941 = CARTESIAN_POINT('',(1.767145867644,173.0375));
#2942 = CARTESIAN_POINT('',(1.96349540849,173.2473394455));
#2943 = CARTESIAN_POINT('',(2.159844949352,173.66701655439));
#2944 = CARTESIAN_POINT('',(2.356194490178,174.27928019974));
#2945 = CARTESIAN_POINT('',(2.552544031053,175.04959309363));
#2946 = CARTESIAN_POINT('',(2.748893571888,175.92977040124));
#2947 = CARTESIAN_POINT('',(2.94524311274,176.8648853117));
#2948 = CARTESIAN_POINT('',(3.14159265359,177.8));
#2949 = ( GEOMETRIC_REPRESENTATION_CONTEXT(2) 
PARAMETRIC_REPRESENTATION_CONTEXT() REPRESENTATION_CONTEXT('2D SPACE',''
  ) );
#2950 = FACE_BOUND('',#2951,.T.);
#2951 = EDGE_LOOP('',(#2952,#3007));
#2952 = ORIENTED_EDGE('',*,*,#2953,.T.);
#2953 = EDGE_CURVE('',#2954,#2434,#2956,.T.);
#2954 = VERTEX_POINT('',#2955);
#2955 = CARTESIAN_POINT('',(76.2,177.8,-4.7625));
#2956 = SURFACE_CURVE('',#2957,(#2962,#2982),.PCURVE_S1.);
#2957 = ELLIPSE('',#2958,6.735192090802,4.7625);
#2958 = AXIS2_PLACEMENT_3D('',#2959,#2960,#2961);
#2959 = CARTESIAN_POINT('',(76.2,177.8,0.));
#2960 = DIRECTION('',(-0.707106781187,0.707106781187,0.));
#2961 = DIRECTION('',(0.707106781187,0.707106781187,0.));
#2962 = PCURVE('',#363,#2963);
#2963 = DEFINITIONAL_REPRESENTATION('',(#2964),#2981);
#2964 = B_SPLINE_CURVE_WITH_KNOTS('',8,(#2965,#2966,#2967,#2968,#2969,
    #2970,#2971,#2972,#2973,#2974,#2975,#2976,#2977,#2978,#2979,#2980),
  .UNSPECIFIED.,.F.,.F.,(9,7,9),(1.570796326795,3.14159265359,
    4.712388980385),.UNSPECIFIED.);
#2965 = CARTESIAN_POINT('',(3.14159265359,203.2));
#2966 = CARTESIAN_POINT('',(2.94524311274,202.2648853117));
#2967 = CARTESIAN_POINT('',(2.748893571891,201.32977040145));
#2968 = CARTESIAN_POINT('',(2.552544031039,200.44959309237));
#2969 = CARTESIAN_POINT('',(2.356194490187,199.6792802011));
#2970 = CARTESIAN_POINT('',(2.159844949341,199.06701655329));
#2971 = CARTESIAN_POINT('',(1.963495408493,198.64733944577));
#2972 = CARTESIAN_POINT('',(1.767145867644,198.4375));
#2973 = CARTESIAN_POINT('',(1.374446785946,198.4375));
#2974 = CARTESIAN_POINT('',(1.178097245097,198.64733944554));
#2975 = CARTESIAN_POINT('',(0.981747704241,199.06701655399));
#2976 = CARTESIAN_POINT('',(0.785398163402,199.67928019982));
#2977 = CARTESIAN_POINT('',(0.589048622543,200.44959309326));
#2978 = CARTESIAN_POINT('',(0.3926990817,201.32977040133));
#2979 = CARTESIAN_POINT('',(0.196349540849,202.2648853117));
#2980 = CARTESIAN_POINT('',(0.,203.2));
#2981 = ( GEOMETRIC_REPRESENTATION_CONTEXT(2) 
PARAMETRIC_REPRESENTATION_CONTEXT() REPRESENTATION_CONTEXT('2D SPACE',''
  ) );
#2982 = PCURVE('',#2983,#2988);
#2983 = CYLINDRICAL_SURFACE('',#2984,4.7625);
#2984 = AXIS2_PLACEMENT_3D('',#2985,#2986,#2987);
#2985 = CARTESIAN_POINT('',(76.2,0.,0.));
#2986 = DIRECTION('',(0.,1.,0.));
#2987 = DIRECTION('',(0.,-0.,1.));
#2988 = DEFINITIONAL_REPRESENTATION('',(#2989),#3006);
#2989 = B_SPLINE_CURVE_WITH_KNOTS('',8,(#2990,#2991,#2992,#2993,#2994,
    #2995,#2996,#2997,#2998,#2999,#3000,#3001,#3002,#3003,#3004,#3005),
  .UNSPECIFIED.,.F.,.F.,(9,7,9),(1.570796326795,3.14159265359,
    4.712388980385),.UNSPECIFIED.);
#2990 = CARTESIAN_POINT('',(3.14159265359,177.8));
#2991 = CARTESIAN_POINT('',(3.337942194439,176.8648853117));
#2992 = CARTESIAN_POINT('',(3.53429173529,175.92977040154));
#2993 = CARTESIAN_POINT('',(3.730641276134,175.04959309245));
#2994 = CARTESIAN_POINT('',(3.926990817002,174.27928020139));
#2995 = CARTESIAN_POINT('',(4.123340357833,173.66701655309));
#2996 = CARTESIAN_POINT('',(4.319689898688,173.24733944579));
#2997 = CARTESIAN_POINT('',(4.516039439535,173.0375));
#2998 = CARTESIAN_POINT('',(4.908738521234,173.0375));
#2999 = CARTESIAN_POINT('',(5.105088062084,173.2473394455));
#3000 = CARTESIAN_POINT('',(5.301437602932,173.66701655439));
#3001 = CARTESIAN_POINT('',(5.497787143784,174.27928019974));
#3002 = CARTESIAN_POINT('',(5.69413668463,175.04959309363));
#3003 = CARTESIAN_POINT('',(5.890486225481,175.92977040124));
#3004 = CARTESIAN_POINT('',(6.08683576633,176.8648853117));
#3005 = CARTESIAN_POINT('',(6.28318530718,177.8));
#3006 = ( GEOMETRIC_REPRESENTATION_CONTEXT(2) 
PARAMETRIC_REPRESENTATION_CONTEXT() REPRESENTATION_CONTEXT('2D SPACE',''
  ) );
#3007 = ORIENTED_EDGE('',*,*,#3008,.T.);
#3008 = EDGE_CURVE('',#2434,#2954,#3009,.T.);
#3009 = SURFACE_CURVE('',#3010,(#3015,#3035),.PCURVE_S1.);
#3010 = ELLIPSE('',#3011,6.735192090802,4.7625);
#3011 = AXIS2_PLACEMENT_3D('',#3012,#3013,#3014);
#3012 = CARTESIAN_POINT('',(76.2,177.8,0.));
#3013 = DIRECTION('',(0.707106781187,0.707106781187,0.));
#3014 = DIRECTION('',(-0.707106781187,0.707106781187,0.));
#3015 = PCURVE('',#363,#3016);
#3016 = DEFINITIONAL_REPRESENTATION('',(#3017),#3034);
#3017 = B_SPLINE_CURVE_WITH_KNOTS('',8,(#3018,#3019,#3020,#3021,#3022,
    #3023,#3024,#3025,#3026,#3027,#3028,#3029,#3030,#3031,#3032,#3033),
  .UNSPECIFIED.,.F.,.F.,(9,7,9),(1.570796326795,3.14159265359,
    4.712388980385),.UNSPECIFIED.);
#3018 = CARTESIAN_POINT('',(0.,203.2));
#3019 = CARTESIAN_POINT('',(0.196349540849,204.13511468829));
#3020 = CARTESIAN_POINT('',(0.392699081699,205.07022959834));
#3021 = CARTESIAN_POINT('',(0.589048622546,205.95040690694));
#3022 = CARTESIAN_POINT('',(0.785398163397,206.72071979832));
#3023 = CARTESIAN_POINT('',(0.981747704246,207.33298344627));
#3024 = CARTESIAN_POINT('',(1.178097245096,207.75266055419));
#3025 = CARTESIAN_POINT('',(1.374446785946,207.9625));
#3026 = CARTESIAN_POINT('',(1.767145867644,207.9625));
#3027 = CARTESIAN_POINT('',(1.963495408492,207.75266055441));
#3028 = CARTESIAN_POINT('',(2.159844949341,207.33298344468));
#3029 = CARTESIAN_POINT('',(2.356194490185,206.72071980022));
#3030 = CARTESIAN_POINT('',(2.552544031042,205.95040690575));
#3031 = CARTESIAN_POINT('',(2.74889357189,205.07022959868));
#3032 = CARTESIAN_POINT('',(2.94524311274,204.13511468829));
#3033 = CARTESIAN_POINT('',(3.14159265359,203.2));
#3034 = ( GEOMETRIC_REPRESENTATION_CONTEXT(2) 
PARAMETRIC_REPRESENTATION_CONTEXT() REPRESENTATION_CONTEXT('2D SPACE',''
  ) );
#3035 = PCURVE('',#2983,#3036);
#3036 = DEFINITIONAL_REPRESENTATION('',(#3037),#3054);
#3037 = B_SPLINE_CURVE_WITH_KNOTS('',8,(#3038,#3039,#3040,#3041,#3042,
    #3043,#3044,#3045,#3046,#3047,#3048,#3049,#3050,#3051,#3052,#3053),
  .UNSPECIFIED.,.F.,.F.,(9,7,9),(1.570796326795,3.14159265359,
    4.712388980385),.UNSPECIFIED.);
#3038 = CARTESIAN_POINT('',(0.,177.8));
#3039 = CARTESIAN_POINT('',(0.196349540849,176.8648853117));
#3040 = CARTESIAN_POINT('',(0.392699081699,175.92977040154));
#3041 = CARTESIAN_POINT('',(0.589048622547,175.04959309245));
#3042 = CARTESIAN_POINT('',(0.785398163397,174.27928020139));
#3043 = CARTESIAN_POINT('',(0.981747704245,173.66701655309));
#3044 = CARTESIAN_POINT('',(1.178097245096,173.24733944579));
#3045 = CARTESIAN_POINT('',(1.374446785946,173.0375));
#3046 = CARTESIAN_POINT('',(1.767145867644,173.0375));
#3047 = CARTESIAN_POINT('',(1.96349540849,173.2473394455));
#3048 = CARTESIAN_POINT('',(2.15984494935,173.66701655439));
#3049 = CARTESIAN_POINT('',(2.356194490173,174.27928019974));
#3050 = CARTESIAN_POINT('',(2.55254403105,175.04959309363));
#3051 = CARTESIAN_POINT('',(2.748893571887,175.92977040124));
#3052 = CARTESIAN_POINT('',(2.94524311274,176.8648853117));
#3053 = CARTESIAN_POINT('',(3.14159265359,177.8));
#3054 = ( GEOMETRIC_REPRESENTATION_CONTEXT(2) 
PARAMETRIC_REPRESENTATION_CONTEXT() REPRESENTATION_CONTEXT('2D SPACE',''
  ) );
#3055 = ADVANCED_FACE('',(#3056),#321,.T.);
#3056 = FACE_BOUND('',#3057,.T.);
#3057 = EDGE_LOOP('',(#3058,#3079,#3080));
#3058 = ORIENTED_EDGE('',*,*,#3059,.T.);
#3059 = EDGE_CURVE('',#3060,#305,#3062,.T.);
#3060 = VERTEX_POINT('',#3061);
#3061 = CARTESIAN_POINT('',(-127.,177.8,9.197588681298E-24));
#3062 = SURFACE_CURVE('',#3063,(#3067,#3073),.PCURVE_S1.);
#3063 = LINE('',#3064,#3065);
#3064 = CARTESIAN_POINT('',(-127.,177.8,3.589081712702E-16));
#3065 = VECTOR('',#3066,1.);
#3066 = DIRECTION('',(0.,0.,-1.));
#3067 = PCURVE('',#321,#3068);
#3068 = DEFINITIONAL_REPRESENTATION('',(#3069),#3072);
#3069 = B_SPLINE_CURVE_WITH_KNOTS('',1,(#3070,#3071),.UNSPECIFIED.,.F.,
  .F.,(2,2),(-4.7625,4.7625),.PIECEWISE_BEZIER_KNOTS.);
#3070 = CARTESIAN_POINT('',(4.7625,0.));
#3071 = CARTESIAN_POINT('',(-4.7625,0.));
#3072 = ( GEOMETRIC_REPRESENTATION_CONTEXT(2) 
PARAMETRIC_REPRESENTATION_CONTEXT() REPRESENTATION_CONTEXT('2D SPACE',''
  ) );
#3073 = PCURVE('',#2354,#3074);
#3074 = DEFINITIONAL_REPRESENTATION('',(#3075),#3078);
#3075 = B_SPLINE_CURVE_WITH_KNOTS('',1,(#3076,#3077),.UNSPECIFIED.,.F.,
  .F.,(2,2),(-4.7625,4.7625),.PIECEWISE_BEZIER_KNOTS.);
#3076 = CARTESIAN_POINT('',(4.7625,0.));
#3077 = CARTESIAN_POINT('',(-4.7625,0.));
#3078 = ( GEOMETRIC_REPRESENTATION_CONTEXT(2) 
PARAMETRIC_REPRESENTATION_CONTEXT() REPRESENTATION_CONTEXT('2D SPACE',''
  ) );
#3079 = ORIENTED_EDGE('',*,*,#304,.T.);
#3080 = ORIENTED_EDGE('',*,*,#3081,.T.);
#3081 = EDGE_CURVE('',#264,#3060,#3082,.T.);
#3082 = SURFACE_CURVE('',#3083,(#3087,#3093),.PCURVE_S1.);
#3083 = LINE('',#3084,#3085);
#3084 = CARTESIAN_POINT('',(-127.,177.8,0.));
#3085 = VECTOR('',#3086,1.);
#3086 = DIRECTION('',(1.,0.,0.));
#3087 = PCURVE('',#321,#3088);
#3088 = DEFINITIONAL_REPRESENTATION('',(#3089),#3092);
#3089 = B_SPLINE_CURVE_WITH_KNOTS('',1,(#3090,#3091),.UNSPECIFIED.,.F.,
  .F.,(2,2),(-4.7625,5.832380380939E-16),.PIECEWISE_BEZIER_KNOTS.);
#3090 = CARTESIAN_POINT('',(1.435632685081E-16,-4.7625));
#3091 = CARTESIAN_POINT('',(1.435632685081E-16,5.832380380939E-16));
#3092 = ( GEOMETRIC_REPRESENTATION_CONTEXT(2) 
PARAMETRIC_REPRESENTATION_CONTEXT() REPRESENTATION_CONTEXT('2D SPACE',''
  ) );
#3093 = PCURVE('',#2320,#3094);
#3094 = DEFINITIONAL_REPRESENTATION('',(#3095),#3098);
#3095 = B_SPLINE_CURVE_WITH_KNOTS('',1,(#3096,#3097),.UNSPECIFIED.,.F.,
  .F.,(2,2),(-4.7625,5.832380380939E-16),.PIECEWISE_BEZIER_KNOTS.);
#3096 = CARTESIAN_POINT('',(-4.7625,-2.84217094304E-14));
#3097 = CARTESIAN_POINT('',(5.832380380939E-16,-2.84217094304E-14));
#3098 = ( GEOMETRIC_REPRESENTATION_CONTEXT(2) 
PARAMETRIC_REPRESENTATION_CONTEXT() REPRESENTATION_CONTEXT('2D SPACE',''
  ) );
#3099 = ADVANCED_FACE('',(#3100),#122,.F.);
#3100 = FACE_BOUND('',#3101,.F.);
#3101 = EDGE_LOOP('',(#3102,#3123,#3124));
#3102 = ORIENTED_EDGE('',*,*,#3103,.T.);
#3103 = EDGE_CURVE('',#3104,#70,#3106,.T.);
#3104 = VERTEX_POINT('',#3105);
#3105 = CARTESIAN_POINT('',(-127.,0.,-9.197588385475E-24));
#3106 = SURFACE_CURVE('',#3107,(#3111,#3117),.PCURVE_S1.);
#3107 = LINE('',#3108,#3109);
#3108 = CARTESIAN_POINT('',(-127.,0.,-3.589081712702E-16));
#3109 = VECTOR('',#3110,1.);
#3110 = DIRECTION('',(0.,0.,-1.));
#3111 = PCURVE('',#122,#3112);
#3112 = DEFINITIONAL_REPRESENTATION('',(#3113),#3116);
#3113 = B_SPLINE_CURVE_WITH_KNOTS('',1,(#3114,#3115),.UNSPECIFIED.,.F.,
  .F.,(2,2),(-4.7625,4.7625),.PIECEWISE_BEZIER_KNOTS.);
#3114 = CARTESIAN_POINT('',(4.7625,0.));
#3115 = CARTESIAN_POINT('',(-4.7625,0.));
#3116 = ( GEOMETRIC_REPRESENTATION_CONTEXT(2) 
PARAMETRIC_REPRESENTATION_CONTEXT() REPRESENTATION_CONTEXT('2D SPACE',''
  ) );
#3117 = PCURVE('',#1228,#3118);
#3118 = DEFINITIONAL_REPRESENTATION('',(#3119),#3122);
#3119 = B_SPLINE_CURVE_WITH_KNOTS('',1,(#3120,#3121),.UNSPECIFIED.,.F.,
  .F.,(2,2),(-4.7625,4.7625),.PIECEWISE_BEZIER_KNOTS.);
#3120 = CARTESIAN_POINT('',(4.7625,-9.271385765151E-17));
#3121 = CARTESIAN_POINT('',(-4.7625,-9.271385765151E-17));
#3122 = ( GEOMETRIC_REPRESENTATION_CONTEXT(2) 
PARAMETRIC_REPRESENTATION_CONTEXT() REPRESENTATION_CONTEXT('2D SPACE',''
  ) );
#3123 = ORIENTED_EDGE('',*,*,#105,.T.);
#3124 = ORIENTED_EDGE('',*,*,#3125,.T.);
#3125 = EDGE_CURVE('',#106,#3104,#3126,.T.);
#3126 = SURFACE_CURVE('',#3127,(#3131,#3137),.PCURVE_S1.);
#3127 = LINE('',#3128,#3129);
#3128 = CARTESIAN_POINT('',(-127.,0.,0.));
#3129 = VECTOR('',#3130,1.);
#3130 = DIRECTION('',(1.,0.,0.));
#3131 = PCURVE('',#122,#3132);
#3132 = DEFINITIONAL_REPRESENTATION('',(#3133),#3136);
#3133 = B_SPLINE_CURVE_WITH_KNOTS('',1,(#3134,#3135),.UNSPECIFIED.,.F.,
  .F.,(2,2),(-4.7625,5.832380380939E-16),.PIECEWISE_BEZIER_KNOTS.);
#3134 = CARTESIAN_POINT('',(1.435632685081E-16,-4.7625));
#3135 = CARTESIAN_POINT('',(1.435632685081E-16,5.832380380939E-16));
#3136 = ( GEOMETRIC_REPRESENTATION_CONTEXT(2) 
PARAMETRIC_REPRESENTATION_CONTEXT() REPRESENTATION_CONTEXT('2D SPACE',''
  ) );
#3137 = PCURVE('',#2041,#3138);
#3138 = DEFINITIONAL_REPRESENTATION('',(#3139),#3142);
#3139 = B_SPLINE_CURVE_WITH_KNOTS('',1,(#3140,#3141),.UNSPECIFIED.,.F.,
  .F.,(2,2),(-4.7625,5.832380380939E-16),.PIECEWISE_BEZIER_KNOTS.);
#3140 = CARTESIAN_POINT('',(-4.7625,-6.669669316838E-16));
#3141 = CARTESIAN_POINT('',(5.832380380939E-16,-6.669669316838E-16));
#3142 = ( GEOMETRIC_REPRESENTATION_CONTEXT(2) 
PARAMETRIC_REPRESENTATION_CONTEXT() REPRESENTATION_CONTEXT('2D SPACE',''
  ) );
#3143 = ADVANCED_FACE('',(#3144),#492,.T.);
#3144 = FACE_BOUND('',#3145,.T.);
#3145 = EDGE_LOOP('',(#3146,#3147,#3169,#3210,#3246,#3294,#3295,#3296));
#3146 = ORIENTED_EDGE('',*,*,#517,.F.);
#3147 = ORIENTED_EDGE('',*,*,#3148,.T.);
#3148 = EDGE_CURVE('',#176,#3149,#3151,.T.);
#3149 = VERTEX_POINT('',#3150);
#3150 = CARTESIAN_POINT('',(-76.2,44.45,4.7625));
#3151 = SEAM_CURVE('',#3152,(#3156,#3163),.PCURVE_S1.);
#3152 = LINE('',#3153,#3154);
#3153 = CARTESIAN_POINT('',(-127.,44.45,4.7625));
#3154 = VECTOR('',#3155,1.);
#3155 = DIRECTION('',(1.,0.,0.));
#3156 = PCURVE('',#492,#3157);
#3157 = DEFINITIONAL_REPRESENTATION('',(#3158),#3162);
#3158 = LINE('',#3159,#3160);
#3159 = CARTESIAN_POINT('',(0.,0.));
#3160 = VECTOR('',#3161,1.);
#3161 = DIRECTION('',(0.,1.));
#3162 = ( GEOMETRIC_REPRESENTATION_CONTEXT(2) 
PARAMETRIC_REPRESENTATION_CONTEXT() REPRESENTATION_CONTEXT('2D SPACE',''
  ) );
#3163 = PCURVE('',#492,#3164);
#3164 = DEFINITIONAL_REPRESENTATION('',(#3165),#3168);
#3165 = B_SPLINE_CURVE_WITH_KNOTS('',1,(#3166,#3167),.UNSPECIFIED.,.F.,
  .F.,(2,2),(0.,254.),.PIECEWISE_BEZIER_KNOTS.);
#3166 = CARTESIAN_POINT('',(6.28318530718,0.));
#3167 = CARTESIAN_POINT('',(6.28318530718,254.));
#3168 = ( GEOMETRIC_REPRESENTATION_CONTEXT(2) 
PARAMETRIC_REPRESENTATION_CONTEXT() REPRESENTATION_CONTEXT('2D SPACE',''
  ) );
#3169 = ORIENTED_EDGE('',*,*,#3170,.F.);
#3170 = EDGE_CURVE('',#3171,#3149,#3173,.T.);
#3171 = VERTEX_POINT('',#3172);
#3172 = CARTESIAN_POINT('',(-80.9625,49.2125,-5.832380380939E-16));
#3173 = SURFACE_CURVE('',#3174,(#3179,#3192),.PCURVE_S1.);
#3174 = ELLIPSE('',#3175,6.735192090802,4.7625);
#3175 = AXIS2_PLACEMENT_3D('',#3176,#3177,#3178);
#3176 = CARTESIAN_POINT('',(-76.2,44.45,0.));
#3177 = DIRECTION('',(0.707106781187,0.707106781187,0.));
#3178 = DIRECTION('',(-0.707106781187,0.707106781187,0.));
#3179 = PCURVE('',#492,#3180);
#3180 = DEFINITIONAL_REPRESENTATION('',(#3181),#3191);
#3181 = B_SPLINE_CURVE_WITH_KNOTS('',8,(#3182,#3183,#3184,#3185,#3186,
    #3187,#3188,#3189,#3190),.UNSPECIFIED.,.F.,.F.,(9,9),(0.,
    1.570796326795),.PIECEWISE_BEZIER_KNOTS.);
#3182 = CARTESIAN_POINT('',(4.712388980385,46.0375));
#3183 = CARTESIAN_POINT('',(4.908738521234,46.0375));
#3184 = CARTESIAN_POINT('',(5.105088062084,46.247339445626));
#3185 = CARTESIAN_POINT('',(5.301437602932,46.667016554272));
#3186 = CARTESIAN_POINT('',(5.497787143785,47.279280200342));
#3187 = CARTESIAN_POINT('',(5.694136684631,48.049593093435));
#3188 = CARTESIAN_POINT('',(5.890486225482,48.929770401379));
#3189 = CARTESIAN_POINT('',(6.08683576633,49.864885311705));
#3190 = CARTESIAN_POINT('',(6.28318530718,50.8));
#3191 = ( GEOMETRIC_REPRESENTATION_CONTEXT(2) 
PARAMETRIC_REPRESENTATION_CONTEXT() REPRESENTATION_CONTEXT('2D SPACE',''
  ) );
#3192 = PCURVE('',#3193,#3198);
#3193 = CYLINDRICAL_SURFACE('',#3194,4.7625);
#3194 = AXIS2_PLACEMENT_3D('',#3195,#3196,#3197);
#3195 = CARTESIAN_POINT('',(-76.2,0.,0.));
#3196 = DIRECTION('',(0.,1.,0.));
#3197 = DIRECTION('',(0.,-0.,1.));
#3198 = DEFINITIONAL_REPRESENTATION('',(#3199),#3209);
#3199 = B_SPLINE_CURVE_WITH_KNOTS('',8,(#3200,#3201,#3202,#3203,#3204,
    #3205,#3206,#3207,#3208),.UNSPECIFIED.,.F.,.F.,(9,9),(0.,
    1.570796326795),.PIECEWISE_BEZIER_KNOTS.);
#3200 = CARTESIAN_POINT('',(4.712388980385,49.2125));
#3201 = CARTESIAN_POINT('',(4.908738521234,49.2125));
#3202 = CARTESIAN_POINT('',(5.105088062083,49.002660554336));
#3203 = CARTESIAN_POINT('',(5.301437602935,48.582983445679));
#3204 = CARTESIAN_POINT('',(5.497787143781,47.970719799396));
#3205 = CARTESIAN_POINT('',(5.694136684634,47.200406906502));
#3206 = CARTESIAN_POINT('',(5.890486225481,46.320229598595));
#3207 = CARTESIAN_POINT('',(6.08683576633,45.385114688295));
#3208 = CARTESIAN_POINT('',(6.28318530718,44.45));
#3209 = ( GEOMETRIC_REPRESENTATION_CONTEXT(2) 
PARAMETRIC_REPRESENTATION_CONTEXT() REPRESENTATION_CONTEXT('2D SPACE',''
  ) );
#3210 = ORIENTED_EDGE('',*,*,#3211,.F.);
#3211 = EDGE_CURVE('',#3212,#3171,#3214,.T.);
#3212 = VERTEX_POINT('',#3213);
#3213 = CARTESIAN_POINT('',(-76.2,44.45,-4.7625));
#3214 = SURFACE_CURVE('',#3215,(#3220,#3233),.PCURVE_S1.);
#3215 = ELLIPSE('',#3216,6.735192090802,4.7625);
#3216 = AXIS2_PLACEMENT_3D('',#3217,#3218,#3219);
#3217 = CARTESIAN_POINT('',(-76.2,44.45,0.));
#3218 = DIRECTION('',(0.707106781187,0.707106781187,0.));
#3219 = DIRECTION('',(-0.707106781187,0.707106781187,0.));
#3220 = PCURVE('',#492,#3221);
#3221 = DEFINITIONAL_REPRESENTATION('',(#3222),#3232);
#3222 = B_SPLINE_CURVE_WITH_KNOTS('',8,(#3223,#3224,#3225,#3226,#3227,
    #3228,#3229,#3230,#3231),.UNSPECIFIED.,.F.,.F.,(9,9),(4.712388980385
    ,6.28318530718),.PIECEWISE_BEZIER_KNOTS.);
#3223 = CARTESIAN_POINT('',(3.14159265359,50.8));
#3224 = CARTESIAN_POINT('',(3.337942194439,49.864885311705));
#3225 = CARTESIAN_POINT('',(3.53429173528,48.929770401345));
#3226 = CARTESIAN_POINT('',(3.730641276156,48.049593093522));
#3227 = CARTESIAN_POINT('',(3.926990816946,47.279280200216));
#3228 = CARTESIAN_POINT('',(4.12334035785,46.667016554323));
#3229 = CARTESIAN_POINT('',(4.319689898678,46.247339445597));
#3230 = CARTESIAN_POINT('',(4.516039439535,46.0375));
#3231 = CARTESIAN_POINT('',(4.712388980385,46.0375));
#3232 = ( GEOMETRIC_REPRESENTATION_CONTEXT(2) 
PARAMETRIC_REPRESENTATION_CONTEXT() REPRESENTATION_CONTEXT('2D SPACE',''
  ) );
#3233 = PCURVE('',#3193,#3234);
#3234 = DEFINITIONAL_REPRESENTATION('',(#3235),#3245);
#3235 = B_SPLINE_CURVE_WITH_KNOTS('',8,(#3236,#3237,#3238,#3239,#3240,
    #3241,#3242,#3243,#3244),.UNSPECIFIED.,.F.,.F.,(9,9),(4.712388980385
    ,6.28318530718),.PIECEWISE_BEZIER_KNOTS.);
#3236 = CARTESIAN_POINT('',(3.14159265359,44.45));
#3237 = CARTESIAN_POINT('',(3.337942194439,45.385114688295));
#3238 = CARTESIAN_POINT('',(3.534291735284,46.320229598605));
#3239 = CARTESIAN_POINT('',(3.730641276131,47.200406906477));
#3240 = CARTESIAN_POINT('',(3.926990816972,47.970719799511));
#3241 = CARTESIAN_POINT('',(4.123340357833,48.582983445654));
#3242 = CARTESIAN_POINT('',(4.319689898683,49.002660554341));
#3243 = CARTESIAN_POINT('',(4.516039439535,49.2125));
#3244 = CARTESIAN_POINT('',(4.712388980385,49.2125));
#3245 = ( GEOMETRIC_REPRESENTATION_CONTEXT(2) 
PARAMETRIC_REPRESENTATION_CONTEXT() REPRESENTATION_CONTEXT('2D SPACE',''
  ) );
#3246 = ORIENTED_EDGE('',*,*,#3247,.T.);
#3247 = EDGE_CURVE('',#3212,#3149,#3248,.T.);
#3248 = SURFACE_CURVE('',#3249,(#3254,#3274),.PCURVE_S1.);
#3249 = ELLIPSE('',#3250,6.735192090802,4.7625);
#3250 = AXIS2_PLACEMENT_3D('',#3251,#3252,#3253);
#3251 = CARTESIAN_POINT('',(-76.2,44.45,0.));
#3252 = DIRECTION('',(-0.707106781187,0.707106781187,0.));
#3253 = DIRECTION('',(0.707106781187,0.707106781187,0.));
#3254 = PCURVE('',#492,#3255);
#3255 = DEFINITIONAL_REPRESENTATION('',(#3256),#3273);
#3256 = B_SPLINE_CURVE_WITH_KNOTS('',8,(#3257,#3258,#3259,#3260,#3261,
    #3262,#3263,#3264,#3265,#3266,#3267,#3268,#3269,#3270,#3271,#3272),
  .UNSPECIFIED.,.F.,.F.,(9,7,9),(1.570796326795,3.14159265359,
    4.712388980385),.UNSPECIFIED.);
#3257 = CARTESIAN_POINT('',(3.14159265359,50.8));
#3258 = CARTESIAN_POINT('',(2.94524311274,49.864885311705));
#3259 = CARTESIAN_POINT('',(2.748893571891,48.929770401345));
#3260 = CARTESIAN_POINT('',(2.552544031034,48.049593093522));
#3261 = CARTESIAN_POINT('',(2.356194490194,47.279280200216));
#3262 = CARTESIAN_POINT('',(2.159844949338,46.667016554323));
#3263 = CARTESIAN_POINT('',(1.963495408495,46.247339445597));
#3264 = CARTESIAN_POINT('',(1.767145867644,46.0375));
#3265 = CARTESIAN_POINT('',(1.374446785946,46.0375));
#3266 = CARTESIAN_POINT('',(1.178097245096,46.247339445693));
#3267 = CARTESIAN_POINT('',(0.981747704243,46.667016554003));
#3268 = CARTESIAN_POINT('',(0.785398163397,47.279280200685));
#3269 = CARTESIAN_POINT('',(0.589048622546,48.049593093141));
#3270 = CARTESIAN_POINT('',(0.392699081699,48.929770401423));
#3271 = CARTESIAN_POINT('',(0.196349540849,49.864885311705));
#3272 = CARTESIAN_POINT('',(0.,50.8));
#3273 = ( GEOMETRIC_REPRESENTATION_CONTEXT(2) 
PARAMETRIC_REPRESENTATION_CONTEXT() REPRESENTATION_CONTEXT('2D SPACE',''
  ) );
#3274 = PCURVE('',#1266,#3275);
#3275 = DEFINITIONAL_REPRESENTATION('',(#3276),#3293);
#3276 = B_SPLINE_CURVE_WITH_KNOTS('',8,(#3277,#3278,#3279,#3280,#3281,
    #3282,#3283,#3284,#3285,#3286,#3287,#3288,#3289,#3290,#3291,#3292),
  .UNSPECIFIED.,.F.,.F.,(9,7,9),(1.570796326795,3.14159265359,
    4.712388980385),.UNSPECIFIED.);
#3277 = CARTESIAN_POINT('',(3.14159265359,44.45));
#3278 = CARTESIAN_POINT('',(3.337942194439,43.514885311705));
#3279 = CARTESIAN_POINT('',(3.53429173529,42.57977040137));
#3280 = CARTESIAN_POINT('',(3.730641276134,41.699593093436));
#3281 = CARTESIAN_POINT('',(3.926990817002,40.929280200318));
#3282 = CARTESIAN_POINT('',(4.123340357833,40.317016554286));
#3283 = CARTESIAN_POINT('',(4.319689898688,39.897339445624));
#3284 = CARTESIAN_POINT('',(4.516039439535,39.6875));
#3285 = CARTESIAN_POINT('',(4.908738521234,39.6875));
#3286 = CARTESIAN_POINT('',(5.105088062084,39.897339445608));
#3287 = CARTESIAN_POINT('',(5.301437602932,40.317016554271));
#3288 = CARTESIAN_POINT('',(5.497787143784,40.929280200282));
#3289 = CARTESIAN_POINT('',(5.69413668463,41.699593093434));
#3290 = CARTESIAN_POINT('',(5.890486225481,42.579770401355));
#3291 = CARTESIAN_POINT('',(6.08683576633,43.514885311705));
#3292 = CARTESIAN_POINT('',(6.28318530718,44.45));
#3293 = ( GEOMETRIC_REPRESENTATION_CONTEXT(2) 
PARAMETRIC_REPRESENTATION_CONTEXT() REPRESENTATION_CONTEXT('2D SPACE',''
  ) );
#3294 = ORIENTED_EDGE('',*,*,#3148,.F.);
#3295 = ORIENTED_EDGE('',*,*,#462,.T.);
#3296 = ORIENTED_EDGE('',*,*,#553,.F.);
#3297 = ADVANCED_FACE('',(#3298),#619,.T.);
#3298 = FACE_BOUND('',#3299,.T.);
#3299 = EDGE_LOOP('',(#3300,#3301,#3323,#3364,#3400,#3448,#3449,#3450));
#3300 = ORIENTED_EDGE('',*,*,#644,.F.);
#3301 = ORIENTED_EDGE('',*,*,#3302,.T.);
#3302 = EDGE_CURVE('',#198,#3303,#3305,.T.);
#3303 = VERTEX_POINT('',#3304);
#3304 = CARTESIAN_POINT('',(-76.2,88.9,4.7625));
#3305 = SEAM_CURVE('',#3306,(#3310,#3317),.PCURVE_S1.);
#3306 = LINE('',#3307,#3308);
#3307 = CARTESIAN_POINT('',(-127.,88.9,4.7625));
#3308 = VECTOR('',#3309,1.);
#3309 = DIRECTION('',(1.,0.,0.));
#3310 = PCURVE('',#619,#3311);
#3311 = DEFINITIONAL_REPRESENTATION('',(#3312),#3316);
#3312 = LINE('',#3313,#3314);
#3313 = CARTESIAN_POINT('',(0.,0.));
#3314 = VECTOR('',#3315,1.);
#3315 = DIRECTION('',(0.,1.));
#3316 = ( GEOMETRIC_REPRESENTATION_CONTEXT(2) 
PARAMETRIC_REPRESENTATION_CONTEXT() REPRESENTATION_CONTEXT('2D SPACE',''
  ) );
#3317 = PCURVE('',#619,#3318);
#3318 = DEFINITIONAL_REPRESENTATION('',(#3319),#3322);
#3319 = B_SPLINE_CURVE_WITH_KNOTS('',1,(#3320,#3321),.UNSPECIFIED.,.F.,
  .F.,(2,2),(0.,254.),.PIECEWISE_BEZIER_KNOTS.);
#3320 = CARTESIAN_POINT('',(6.28318530718,0.));
#3321 = CARTESIAN_POINT('',(6.28318530718,254.));
#3322 = ( GEOMETRIC_REPRESENTATION_CONTEXT(2) 
PARAMETRIC_REPRESENTATION_CONTEXT() REPRESENTATION_CONTEXT('2D SPACE',''
  ) );
#3323 = ORIENTED_EDGE('',*,*,#3324,.F.);
#3324 = EDGE_CURVE('',#3325,#3303,#3327,.T.);
#3325 = VERTEX_POINT('',#3326);
#3326 = CARTESIAN_POINT('',(-80.9625,93.6625,-5.832380380939E-16));
#3327 = SURFACE_CURVE('',#3328,(#3333,#3346),.PCURVE_S1.);
#3328 = ELLIPSE('',#3329,6.735192090802,4.7625);
#3329 = AXIS2_PLACEMENT_3D('',#3330,#3331,#3332);
#3330 = CARTESIAN_POINT('',(-76.2,88.9,0.));
#3331 = DIRECTION('',(0.707106781187,0.707106781187,0.));
#3332 = DIRECTION('',(-0.707106781187,0.707106781187,0.));
#3333 = PCURVE('',#619,#3334);
#3334 = DEFINITIONAL_REPRESENTATION('',(#3335),#3345);
#3335 = B_SPLINE_CURVE_WITH_KNOTS('',8,(#3336,#3337,#3338,#3339,#3340,
    #3341,#3342,#3343,#3344),.UNSPECIFIED.,.F.,.F.,(9,9),(0.,
    1.570796326795),.PIECEWISE_BEZIER_KNOTS.);
#3336 = CARTESIAN_POINT('',(4.712388980385,46.0375));
#3337 = CARTESIAN_POINT('',(4.908738521234,46.0375));
#3338 = CARTESIAN_POINT('',(5.105088062083,46.247339445626));
#3339 = CARTESIAN_POINT('',(5.301437602935,46.667016554272));
#3340 = CARTESIAN_POINT('',(5.497787143781,47.279280200342));
#3341 = CARTESIAN_POINT('',(5.694136684634,48.049593093435));
#3342 = CARTESIAN_POINT('',(5.890486225481,48.929770401379));
#3343 = CARTESIAN_POINT('',(6.08683576633,49.864885311705));
#3344 = CARTESIAN_POINT('',(6.28318530718,50.8));
#3345 = ( GEOMETRIC_REPRESENTATION_CONTEXT(2) 
PARAMETRIC_REPRESENTATION_CONTEXT() REPRESENTATION_CONTEXT('2D SPACE',''
  ) );
#3346 = PCURVE('',#3347,#3352);
#3347 = CYLINDRICAL_SURFACE('',#3348,4.7625);
#3348 = AXIS2_PLACEMENT_3D('',#3349,#3350,#3351);
#3349 = CARTESIAN_POINT('',(-76.2,0.,0.));
#3350 = DIRECTION('',(0.,1.,0.));
#3351 = DIRECTION('',(0.,-0.,1.));
#3352 = DEFINITIONAL_REPRESENTATION('',(#3353),#3363);
#3353 = B_SPLINE_CURVE_WITH_KNOTS('',8,(#3354,#3355,#3356,#3357,#3358,
    #3359,#3360,#3361,#3362),.UNSPECIFIED.,.F.,.F.,(9,9),(0.,
    1.570796326795),.PIECEWISE_BEZIER_KNOTS.);
#3354 = CARTESIAN_POINT('',(4.712388980385,93.6625));
#3355 = CARTESIAN_POINT('',(4.908738521234,93.6625));
#3356 = CARTESIAN_POINT('',(5.105088062083,93.452660554223));
#3357 = CARTESIAN_POINT('',(5.301437602935,93.032983445956));
#3358 = CARTESIAN_POINT('',(5.497787143781,92.420719798999));
#3359 = CARTESIAN_POINT('',(5.694136684634,91.65040690676));
#3360 = CARTESIAN_POINT('',(5.890486225481,90.770229598473));
#3361 = CARTESIAN_POINT('',(6.08683576633,89.835114688295));
#3362 = CARTESIAN_POINT('',(6.28318530718,88.9));
#3363 = ( GEOMETRIC_REPRESENTATION_CONTEXT(2) 
PARAMETRIC_REPRESENTATION_CONTEXT() REPRESENTATION_CONTEXT('2D SPACE',''
  ) );
#3364 = ORIENTED_EDGE('',*,*,#3365,.F.);
#3365 = EDGE_CURVE('',#3366,#3325,#3368,.T.);
#3366 = VERTEX_POINT('',#3367);
#3367 = CARTESIAN_POINT('',(-76.2,88.9,-4.7625));
#3368 = SURFACE_CURVE('',#3369,(#3374,#3387),.PCURVE_S1.);
#3369 = ELLIPSE('',#3370,6.735192090802,4.7625);
#3370 = AXIS2_PLACEMENT_3D('',#3371,#3372,#3373);
#3371 = CARTESIAN_POINT('',(-76.2,88.9,0.));
#3372 = DIRECTION('',(0.707106781187,0.707106781187,0.));
#3373 = DIRECTION('',(-0.707106781187,0.707106781187,0.));
#3374 = PCURVE('',#619,#3375);
#3375 = DEFINITIONAL_REPRESENTATION('',(#3376),#3386);
#3376 = B_SPLINE_CURVE_WITH_KNOTS('',8,(#3377,#3378,#3379,#3380,#3381,
    #3382,#3383,#3384,#3385),.UNSPECIFIED.,.F.,.F.,(9,9),(4.712388980385
    ,6.28318530718),.PIECEWISE_BEZIER_KNOTS.);
#3377 = CARTESIAN_POINT('',(3.14159265359,50.8));
#3378 = CARTESIAN_POINT('',(3.337942194439,49.864885311705));
#3379 = CARTESIAN_POINT('',(3.534291735284,48.929770401345));
#3380 = CARTESIAN_POINT('',(3.730641276131,48.049593093522));
#3381 = CARTESIAN_POINT('',(3.926990816972,47.279280200216));
#3382 = CARTESIAN_POINT('',(4.123340357833,46.667016554323));
#3383 = CARTESIAN_POINT('',(4.319689898683,46.247339445597));
#3384 = CARTESIAN_POINT('',(4.516039439535,46.0375));
#3385 = CARTESIAN_POINT('',(4.712388980385,46.0375));
#3386 = ( GEOMETRIC_REPRESENTATION_CONTEXT(2) 
PARAMETRIC_REPRESENTATION_CONTEXT() REPRESENTATION_CONTEXT('2D SPACE',''
  ) );
#3387 = PCURVE('',#3347,#3388);
#3388 = DEFINITIONAL_REPRESENTATION('',(#3389),#3399);
#3389 = B_SPLINE_CURVE_WITH_KNOTS('',8,(#3390,#3391,#3392,#3393,#3394,
    #3395,#3396,#3397,#3398),.UNSPECIFIED.,.F.,.F.,(9,9),(4.712388980385
    ,6.28318530718),.PIECEWISE_BEZIER_KNOTS.);
#3390 = CARTESIAN_POINT('',(3.14159265359,88.9));
#3391 = CARTESIAN_POINT('',(3.337942194439,89.835114688295));
#3392 = CARTESIAN_POINT('',(3.534291735284,90.770229598624));
#3393 = CARTESIAN_POINT('',(3.730641276131,91.650406906341));
#3394 = CARTESIAN_POINT('',(3.926990816972,92.42071979969));
#3395 = CARTESIAN_POINT('',(4.123340357833,93.032983445501));
#3396 = CARTESIAN_POINT('',(4.319689898683,93.452660554342));
#3397 = CARTESIAN_POINT('',(4.516039439535,93.6625));
#3398 = CARTESIAN_POINT('',(4.712388980385,93.6625));
#3399 = ( GEOMETRIC_REPRESENTATION_CONTEXT(2) 
PARAMETRIC_REPRESENTATION_CONTEXT() REPRESENTATION_CONTEXT('2D SPACE',''
  ) );
#3400 = ORIENTED_EDGE('',*,*,#3401,.T.);
#3401 = EDGE_CURVE('',#3366,#3303,#3402,.T.);
#3402 = SURFACE_CURVE('',#3403,(#3408,#3428),.PCURVE_S1.);
#3403 = ELLIPSE('',#3404,6.735192090802,4.7625);
#3404 = AXIS2_PLACEMENT_3D('',#3405,#3406,#3407);
#3405 = CARTESIAN_POINT('',(-76.2,88.9,0.));
#3406 = DIRECTION('',(-0.707106781187,0.707106781187,0.));
#3407 = DIRECTION('',(0.707106781187,0.707106781187,0.));
#3408 = PCURVE('',#619,#3409);
#3409 = DEFINITIONAL_REPRESENTATION('',(#3410),#3427);
#3410 = B_SPLINE_CURVE_WITH_KNOTS('',8,(#3411,#3412,#3413,#3414,#3415,
    #3416,#3417,#3418,#3419,#3420,#3421,#3422,#3423,#3424,#3425,#3426),
  .UNSPECIFIED.,.F.,.F.,(9,7,9),(1.570796326795,3.14159265359,
    4.712388980385),.UNSPECIFIED.);
#3411 = CARTESIAN_POINT('',(3.14159265359,50.8));
#3412 = CARTESIAN_POINT('',(2.94524311274,49.864885311705));
#3413 = CARTESIAN_POINT('',(2.748893571891,48.929770401345));
#3414 = CARTESIAN_POINT('',(2.55254403104,48.049593093522));
#3415 = CARTESIAN_POINT('',(2.356194490187,47.279280200216));
#3416 = CARTESIAN_POINT('',(2.159844949341,46.667016554323));
#3417 = CARTESIAN_POINT('',(1.963495408494,46.247339445597));
#3418 = CARTESIAN_POINT('',(1.767145867644,46.0375));
#3419 = CARTESIAN_POINT('',(1.374446785946,46.0375));
#3420 = CARTESIAN_POINT('',(1.178097245096,46.247339445693));
#3421 = CARTESIAN_POINT('',(0.981747704243,46.667016554003));
#3422 = CARTESIAN_POINT('',(0.785398163399,47.279280200685));
#3423 = CARTESIAN_POINT('',(0.589048622546,48.049593093141));
#3424 = CARTESIAN_POINT('',(0.392699081699,48.929770401423));
#3425 = CARTESIAN_POINT('',(0.196349540849,49.864885311705));
#3426 = CARTESIAN_POINT('',(0.,50.8));
#3427 = ( GEOMETRIC_REPRESENTATION_CONTEXT(2) 
PARAMETRIC_REPRESENTATION_CONTEXT() REPRESENTATION_CONTEXT('2D SPACE',''
  ) );
#3428 = PCURVE('',#3193,#3429);
#3429 = DEFINITIONAL_REPRESENTATION('',(#3430),#3447);
#3430 = B_SPLINE_CURVE_WITH_KNOTS('',8,(#3431,#3432,#3433,#3434,#3435,
    #3436,#3437,#3438,#3439,#3440,#3441,#3442,#3443,#3444,#3445,#3446),
  .UNSPECIFIED.,.F.,.F.,(9,7,9),(1.570796326795,3.14159265359,
    4.712388980385),.UNSPECIFIED.);
#3431 = CARTESIAN_POINT('',(3.14159265359,88.9));
#3432 = CARTESIAN_POINT('',(3.337942194439,87.964885311705));
#3433 = CARTESIAN_POINT('',(3.53429173529,87.029770401285));
#3434 = CARTESIAN_POINT('',(3.730641276134,86.149593093531));
#3435 = CARTESIAN_POINT('',(3.926990817002,85.379280200073));
#3436 = CARTESIAN_POINT('',(4.123340357833,84.767016554372));
#3437 = CARTESIAN_POINT('',(4.319689898688,84.347339445559));
#3438 = CARTESIAN_POINT('',(4.516039439535,84.1375));
#3439 = CARTESIAN_POINT('',(4.908738521234,84.1375));
#3440 = CARTESIAN_POINT('',(5.105088062084,84.347339445616));
#3441 = CARTESIAN_POINT('',(5.301437602932,84.767016554167));
#3442 = CARTESIAN_POINT('',(5.497787143784,85.379280200145));
#3443 = CARTESIAN_POINT('',(5.69413668463,86.149593093383));
#3444 = CARTESIAN_POINT('',(5.890486225481,87.029770401356));
#3445 = CARTESIAN_POINT('',(6.08683576633,87.964885311705));
#3446 = CARTESIAN_POINT('',(6.28318530718,88.9));
#3447 = ( GEOMETRIC_REPRESENTATION_CONTEXT(2) 
PARAMETRIC_REPRESENTATION_CONTEXT() REPRESENTATION_CONTEXT('2D SPACE',''
  ) );
#3448 = ORIENTED_EDGE('',*,*,#3302,.F.);
#3449 = ORIENTED_EDGE('',*,*,#589,.T.);
#3450 = ORIENTED_EDGE('',*,*,#680,.F.);
#3451 = ADVANCED_FACE('',(#3452),#746,.T.);
#3452 = FACE_BOUND('',#3453,.T.);
#3453 = EDGE_LOOP('',(#3454,#3455,#3477,#3513,#3549,#3597,#3598,#3599));
#3454 = ORIENTED_EDGE('',*,*,#771,.F.);
#3455 = ORIENTED_EDGE('',*,*,#3456,.T.);
#3456 = EDGE_CURVE('',#220,#3457,#3459,.T.);
#3457 = VERTEX_POINT('',#3458);
#3458 = CARTESIAN_POINT('',(-76.2,133.35,4.7625));
#3459 = SEAM_CURVE('',#3460,(#3464,#3471),.PCURVE_S1.);
#3460 = LINE('',#3461,#3462);
#3461 = CARTESIAN_POINT('',(-127.,133.35,4.7625));
#3462 = VECTOR('',#3463,1.);
#3463 = DIRECTION('',(1.,0.,0.));
#3464 = PCURVE('',#746,#3465);
#3465 = DEFINITIONAL_REPRESENTATION('',(#3466),#3470);
#3466 = LINE('',#3467,#3468);
#3467 = CARTESIAN_POINT('',(0.,0.));
#3468 = VECTOR('',#3469,1.);
#3469 = DIRECTION('',(0.,1.));
#3470 = ( GEOMETRIC_REPRESENTATION_CONTEXT(2) 
PARAMETRIC_REPRESENTATION_CONTEXT() REPRESENTATION_CONTEXT('2D SPACE',''
  ) );
#3471 = PCURVE('',#746,#3472);
#3472 = DEFINITIONAL_REPRESENTATION('',(#3473),#3476);
#3473 = B_SPLINE_CURVE_WITH_KNOTS('',1,(#3474,#3475),.UNSPECIFIED.,.F.,
  .F.,(2,2),(0.,254.),.PIECEWISE_BEZIER_KNOTS.);
#3474 = CARTESIAN_POINT('',(6.28318530718,0.));
#3475 = CARTESIAN_POINT('',(6.28318530718,254.));
#3476 = ( GEOMETRIC_REPRESENTATION_CONTEXT(2) 
PARAMETRIC_REPRESENTATION_CONTEXT() REPRESENTATION_CONTEXT('2D SPACE',''
  ) );
#3477 = ORIENTED_EDGE('',*,*,#3478,.F.);
#3478 = EDGE_CURVE('',#3479,#3457,#3481,.T.);
#3479 = VERTEX_POINT('',#3480);
#3480 = CARTESIAN_POINT('',(-80.9625,138.1125,-5.832380380939E-16));
#3481 = SURFACE_CURVE('',#3482,(#3487,#3500),.PCURVE_S1.);
#3482 = ELLIPSE('',#3483,6.735192090802,4.7625);
#3483 = AXIS2_PLACEMENT_3D('',#3484,#3485,#3486);
#3484 = CARTESIAN_POINT('',(-76.2,133.35,0.));
#3485 = DIRECTION('',(0.707106781187,0.707106781187,0.));
#3486 = DIRECTION('',(-0.707106781187,0.707106781187,0.));
#3487 = PCURVE('',#746,#3488);
#3488 = DEFINITIONAL_REPRESENTATION('',(#3489),#3499);
#3489 = B_SPLINE_CURVE_WITH_KNOTS('',8,(#3490,#3491,#3492,#3493,#3494,
    #3495,#3496,#3497,#3498),.UNSPECIFIED.,.F.,.F.,(9,9),(0.,
    1.570796326795),.PIECEWISE_BEZIER_KNOTS.);
#3490 = CARTESIAN_POINT('',(4.712388980385,46.0375));
#3491 = CARTESIAN_POINT('',(4.908738521234,46.0375));
#3492 = CARTESIAN_POINT('',(5.105088062082,46.247339445626));
#3493 = CARTESIAN_POINT('',(5.301437602939,46.667016554272));
#3494 = CARTESIAN_POINT('',(5.497787143777,47.279280200342));
#3495 = CARTESIAN_POINT('',(5.694136684637,48.049593093435));
#3496 = CARTESIAN_POINT('',(5.89048622548,48.929770401379));
#3497 = CARTESIAN_POINT('',(6.08683576633,49.864885311705));
#3498 = CARTESIAN_POINT('',(6.28318530718,50.8));
#3499 = ( GEOMETRIC_REPRESENTATION_CONTEXT(2) 
PARAMETRIC_REPRESENTATION_CONTEXT() REPRESENTATION_CONTEXT('2D SPACE',''
  ) );
#3500 = PCURVE('',#2668,#3501);
#3501 = DEFINITIONAL_REPRESENTATION('',(#3502),#3512);
#3502 = B_SPLINE_CURVE_WITH_KNOTS('',8,(#3503,#3504,#3505,#3506,#3507,
    #3508,#3509,#3510,#3511),.UNSPECIFIED.,.F.,.F.,(9,9),(0.,
    1.570796326795),.PIECEWISE_BEZIER_KNOTS.);
#3503 = CARTESIAN_POINT('',(4.712388980385,138.1125));
#3504 = CARTESIAN_POINT('',(4.908738521234,138.1125));
#3505 = CARTESIAN_POINT('',(5.105088062083,137.90266055424));
#3506 = CARTESIAN_POINT('',(5.301437602935,137.48298344575));
#3507 = CARTESIAN_POINT('',(5.497787143781,136.87071979899));
#3508 = CARTESIAN_POINT('',(5.694136684634,136.1004069065));
#3509 = CARTESIAN_POINT('',(5.890486225481,135.2202295985));
#3510 = CARTESIAN_POINT('',(6.08683576633,134.28511468829));
#3511 = CARTESIAN_POINT('',(6.28318530718,133.35));
#3512 = ( GEOMETRIC_REPRESENTATION_CONTEXT(2) 
PARAMETRIC_REPRESENTATION_CONTEXT() REPRESENTATION_CONTEXT('2D SPACE',''
  ) );
#3513 = ORIENTED_EDGE('',*,*,#3514,.F.);
#3514 = EDGE_CURVE('',#3515,#3479,#3517,.T.);
#3515 = VERTEX_POINT('',#3516);
#3516 = CARTESIAN_POINT('',(-76.2,133.35,-4.7625));
#3517 = SURFACE_CURVE('',#3518,(#3523,#3536),.PCURVE_S1.);
#3518 = ELLIPSE('',#3519,6.735192090802,4.7625);
#3519 = AXIS2_PLACEMENT_3D('',#3520,#3521,#3522);
#3520 = CARTESIAN_POINT('',(-76.2,133.35,0.));
#3521 = DIRECTION('',(0.707106781187,0.707106781187,0.));
#3522 = DIRECTION('',(-0.707106781187,0.707106781187,0.));
#3523 = PCURVE('',#746,#3524);
#3524 = DEFINITIONAL_REPRESENTATION('',(#3525),#3535);
#3525 = B_SPLINE_CURVE_WITH_KNOTS('',8,(#3526,#3527,#3528,#3529,#3530,
    #3531,#3532,#3533,#3534),.UNSPECIFIED.,.F.,.F.,(9,9),(4.712388980385
    ,6.28318530718),.PIECEWISE_BEZIER_KNOTS.);
#3526 = CARTESIAN_POINT('',(3.14159265359,50.8));
#3527 = CARTESIAN_POINT('',(3.337942194439,49.864885311705));
#3528 = CARTESIAN_POINT('',(3.534291735288,48.929770401345));
#3529 = CARTESIAN_POINT('',(3.730641276134,48.049593093522));
#3530 = CARTESIAN_POINT('',(3.926990816975,47.279280200216));
#3531 = CARTESIAN_POINT('',(4.123340357835,46.667016554323));
#3532 = CARTESIAN_POINT('',(4.319689898684,46.247339445597));
#3533 = CARTESIAN_POINT('',(4.516039439535,46.0375));
#3534 = CARTESIAN_POINT('',(4.712388980385,46.0375));
#3535 = ( GEOMETRIC_REPRESENTATION_CONTEXT(2) 
PARAMETRIC_REPRESENTATION_CONTEXT() REPRESENTATION_CONTEXT('2D SPACE',''
  ) );
#3536 = PCURVE('',#2668,#3537);
#3537 = DEFINITIONAL_REPRESENTATION('',(#3538),#3548);
#3538 = B_SPLINE_CURVE_WITH_KNOTS('',8,(#3539,#3540,#3541,#3542,#3543,
    #3544,#3545,#3546,#3547),.UNSPECIFIED.,.F.,.F.,(9,9),(4.712388980385
    ,6.28318530718),.PIECEWISE_BEZIER_KNOTS.);
#3539 = CARTESIAN_POINT('',(3.14159265359,133.35));
#3540 = CARTESIAN_POINT('',(3.337942194439,134.28511468829));
#3541 = CARTESIAN_POINT('',(3.534291735284,135.22022959858));
#3542 = CARTESIAN_POINT('',(3.730641276131,136.10040690638));
#3543 = CARTESIAN_POINT('',(3.926990816972,136.87071979946));
#3544 = CARTESIAN_POINT('',(4.123340357833,137.48298344542));
#3545 = CARTESIAN_POINT('',(4.319689898683,137.90266055429));
#3546 = CARTESIAN_POINT('',(4.516039439535,138.1125));
#3547 = CARTESIAN_POINT('',(4.712388980385,138.1125));
#3548 = ( GEOMETRIC_REPRESENTATION_CONTEXT(2) 
PARAMETRIC_REPRESENTATION_CONTEXT() REPRESENTATION_CONTEXT('2D SPACE',''
  ) );
#3549 = ORIENTED_EDGE('',*,*,#3550,.T.);
#3550 = EDGE_CURVE('',#3515,#3457,#3551,.T.);
#3551 = SURFACE_CURVE('',#3552,(#3557,#3577),.PCURVE_S1.);
#3552 = ELLIPSE('',#3553,6.735192090802,4.7625);
#3553 = AXIS2_PLACEMENT_3D('',#3554,#3555,#3556);
#3554 = CARTESIAN_POINT('',(-76.2,133.35,0.));
#3555 = DIRECTION('',(-0.707106781187,0.707106781187,0.));
#3556 = DIRECTION('',(0.707106781187,0.707106781187,0.));
#3557 = PCURVE('',#746,#3558);
#3558 = DEFINITIONAL_REPRESENTATION('',(#3559),#3576);
#3559 = B_SPLINE_CURVE_WITH_KNOTS('',8,(#3560,#3561,#3562,#3563,#3564,
    #3565,#3566,#3567,#3568,#3569,#3570,#3571,#3572,#3573,#3574,#3575),
  .UNSPECIFIED.,.F.,.F.,(9,7,9),(1.570796326795,3.14159265359,
    4.712388980385),.UNSPECIFIED.);
#3560 = CARTESIAN_POINT('',(3.14159265359,50.8));
#3561 = CARTESIAN_POINT('',(2.94524311274,49.864885311705));
#3562 = CARTESIAN_POINT('',(2.748893571891,48.929770401345));
#3563 = CARTESIAN_POINT('',(2.552544031039,48.049593093522));
#3564 = CARTESIAN_POINT('',(2.356194490187,47.279280200216));
#3565 = CARTESIAN_POINT('',(2.159844949341,46.667016554323));
#3566 = CARTESIAN_POINT('',(1.963495408493,46.247339445597));
#3567 = CARTESIAN_POINT('',(1.767145867644,46.0375));
#3568 = CARTESIAN_POINT('',(1.374446785946,46.0375));
#3569 = CARTESIAN_POINT('',(1.178097245097,46.247339445693));
#3570 = CARTESIAN_POINT('',(0.981747704241,46.667016554003));
#3571 = CARTESIAN_POINT('',(0.785398163402,47.279280200685));
#3572 = CARTESIAN_POINT('',(0.589048622543,48.049593093141));
#3573 = CARTESIAN_POINT('',(0.3926990817,48.929770401423));
#3574 = CARTESIAN_POINT('',(0.196349540849,49.864885311705));
#3575 = CARTESIAN_POINT('',(0.,50.8));
#3576 = ( GEOMETRIC_REPRESENTATION_CONTEXT(2) 
PARAMETRIC_REPRESENTATION_CONTEXT() REPRESENTATION_CONTEXT('2D SPACE',''
  ) );
#3577 = PCURVE('',#3347,#3578);
#3578 = DEFINITIONAL_REPRESENTATION('',(#3579),#3596);
#3579 = B_SPLINE_CURVE_WITH_KNOTS('',8,(#3580,#3581,#3582,#3583,#3584,
    #3585,#3586,#3587,#3588,#3589,#3590,#3591,#3592,#3593,#3594,#3595),
  .UNSPECIFIED.,.F.,.F.,(9,7,9),(1.570796326795,3.14159265359,
    4.712388980385),.UNSPECIFIED.);
#3580 = CARTESIAN_POINT('',(3.14159265359,133.35));
#3581 = CARTESIAN_POINT('',(3.337942194439,132.4148853117));
#3582 = CARTESIAN_POINT('',(3.53429173529,131.47977040139));
#3583 = CARTESIAN_POINT('',(3.730641276134,130.59959309341));
#3584 = CARTESIAN_POINT('',(3.926990817002,129.82928020024));
#3585 = CARTESIAN_POINT('',(4.123340357833,129.21701655417));
#3586 = CARTESIAN_POINT('',(4.319689898688,128.79733944563));
#3587 = CARTESIAN_POINT('',(4.516039439535,128.5875));
#3588 = CARTESIAN_POINT('',(4.908738521234,128.5875));
#3589 = CARTESIAN_POINT('',(5.105088062084,128.79733944589));
#3590 = CARTESIAN_POINT('',(5.301437602932,129.21701655342));
#3591 = CARTESIAN_POINT('',(5.497787143784,129.82928020166));
#3592 = CARTESIAN_POINT('',(5.69413668463,130.59959309249));
#3593 = CARTESIAN_POINT('',(5.890486225481,131.47977040164));
#3594 = CARTESIAN_POINT('',(6.08683576633,132.4148853117));
#3595 = CARTESIAN_POINT('',(6.28318530718,133.35));
#3596 = ( GEOMETRIC_REPRESENTATION_CONTEXT(2) 
PARAMETRIC_REPRESENTATION_CONTEXT() REPRESENTATION_CONTEXT('2D SPACE',''
  ) );
#3597 = ORIENTED_EDGE('',*,*,#3456,.F.);
#3598 = ORIENTED_EDGE('',*,*,#716,.T.);
#3599 = ORIENTED_EDGE('',*,*,#807,.F.);
#3600 = ADVANCED_FACE('',(#3601),#1228,.F.);
#3601 = FACE_BOUND('',#3602,.F.);
#3602 = EDGE_LOOP('',(#3603,#3604,#3623));
#3603 = ORIENTED_EDGE('',*,*,#3103,.F.);
#3604 = ORIENTED_EDGE('',*,*,#3605,.T.);
#3605 = EDGE_CURVE('',#3104,#1178,#3606,.T.);
#3606 = SURFACE_CURVE('',#3607,(#3611,#3617),.PCURVE_S1.);
#3607 = LINE('',#3608,#3609);
#3608 = CARTESIAN_POINT('',(-127.,2.871265370162E-16,0.));
#3609 = VECTOR('',#3610,1.);
#3610 = DIRECTION('',(0.,-1.,0.));
#3611 = PCURVE('',#1228,#3612);
#3612 = DEFINITIONAL_REPRESENTATION('',(#3613),#3616);
#3613 = B_SPLINE_CURVE_WITH_KNOTS('',1,(#3614,#3615),.UNSPECIFIED.,.F.,
  .F.,(2,2),(2.871265370162E-16,4.7625),.PIECEWISE_BEZIER_KNOTS.);
#3614 = CARTESIAN_POINT('',(5.742530740323E-16,-9.271385765151E-17));
#3615 = CARTESIAN_POINT('',(5.742530740323E-16,4.7625));
#3616 = ( GEOMETRIC_REPRESENTATION_CONTEXT(2) 
PARAMETRIC_REPRESENTATION_CONTEXT() REPRESENTATION_CONTEXT('2D SPACE',''
  ) );
#3617 = PCURVE('',#2041,#3618);
#3618 = DEFINITIONAL_REPRESENTATION('',(#3619),#3622);
#3619 = B_SPLINE_CURVE_WITH_KNOTS('',1,(#3620,#3621),.UNSPECIFIED.,.F.,
  .F.,(2,2),(2.871265370162E-16,4.7625),.PIECEWISE_BEZIER_KNOTS.);
#3620 = CARTESIAN_POINT('',(0.,-6.669669316838E-16));
#3621 = CARTESIAN_POINT('',(0.,-4.7625));
#3622 = ( GEOMETRIC_REPRESENTATION_CONTEXT(2) 
PARAMETRIC_REPRESENTATION_CONTEXT() REPRESENTATION_CONTEXT('2D SPACE',''
  ) );
#3623 = ORIENTED_EDGE('',*,*,#1213,.T.);
#3624 = ADVANCED_FACE('',(#3625),#1014,.T.);
#3625 = FACE_BOUND('',#3626,.T.);
#3626 = EDGE_LOOP('',(#3627,#3628,#3629,#3658,#3680,#3709,#3759,#3812,
    #3813,#3849));
#3627 = ORIENTED_EDGE('',*,*,#991,.T.);
#3628 = ORIENTED_EDGE('',*,*,#1138,.T.);
#3629 = ORIENTED_EDGE('',*,*,#3630,.T.);
#3630 = EDGE_CURVE('',#1110,#3631,#3633,.T.);
#3631 = VERTEX_POINT('',#3632);
#3632 = CARTESIAN_POINT('',(131.7625,-1.166476076188E-15,0.));
#3633 = SURFACE_CURVE('',#3634,(#3639,#3646),.PCURVE_S1.);
#3634 = CIRCLE('',#3635,4.7625);
#3635 = AXIS2_PLACEMENT_3D('',#3636,#3637,#3638);
#3636 = CARTESIAN_POINT('',(127.,0.,0.));
#3637 = DIRECTION('',(0.,0.,1.));
#3638 = DIRECTION('',(1.,0.,-0.));
#3639 = PCURVE('',#1014,#3640);
#3640 = DEFINITIONAL_REPRESENTATION('',(#3641),#3645);
#3641 = LINE('',#3642,#3643);
#3642 = CARTESIAN_POINT('',(0.,0.));
#3643 = VECTOR('',#3644,1.);
#3644 = DIRECTION('',(1.,0.));
#3645 = ( GEOMETRIC_REPRESENTATION_CONTEXT(2) 
PARAMETRIC_REPRESENTATION_CONTEXT() REPRESENTATION_CONTEXT('2D SPACE',''
  ) );
#3646 = PCURVE('',#3647,#3652);
#3647 = PLANE('',#3648);
#3648 = AXIS2_PLACEMENT_3D('',#3649,#3650,#3651);
#3649 = CARTESIAN_POINT('',(127.,-1.944126793646E-16,0.));
#3650 = DIRECTION('',(0.,0.,1.));
#3651 = DIRECTION('',(1.,0.,-0.));
#3652 = DEFINITIONAL_REPRESENTATION('',(#3653),#3657);
#3653 = CIRCLE('',#3654,4.7625);
#3654 = AXIS2_PLACEMENT_2D('',#3655,#3656);
#3655 = CARTESIAN_POINT('',(1.42108547152E-14,1.944126793646E-16));
#3656 = DIRECTION('',(1.,0.));
#3657 = ( GEOMETRIC_REPRESENTATION_CONTEXT(2) 
PARAMETRIC_REPRESENTATION_CONTEXT() REPRESENTATION_CONTEXT('2D SPACE',''
  ) );
#3658 = ORIENTED_EDGE('',*,*,#3659,.T.);
#3659 = EDGE_CURVE('',#3631,#3660,#3662,.T.);
#3660 = VERTEX_POINT('',#3661);
#3661 = CARTESIAN_POINT('',(131.7625,-1.166476076188E-15,101.6));
#3662 = SEAM_CURVE('',#3663,(#3667,#3674),.PCURVE_S1.);
#3663 = LINE('',#3664,#3665);
#3664 = CARTESIAN_POINT('',(131.7625,0.,0.));
#3665 = VECTOR('',#3666,1.);
#3666 = DIRECTION('',(0.,0.,1.));
#3667 = PCURVE('',#1014,#3668);
#3668 = DEFINITIONAL_REPRESENTATION('',(#3669),#3673);
#3669 = LINE('',#3670,#3671);
#3670 = CARTESIAN_POINT('',(0.,0.));
#3671 = VECTOR('',#3672,1.);
#3672 = DIRECTION('',(0.,1.));
#3673 = ( GEOMETRIC_REPRESENTATION_CONTEXT(2) 
PARAMETRIC_REPRESENTATION_CONTEXT() REPRESENTATION_CONTEXT('2D SPACE',''
  ) );
#3674 = PCURVE('',#1014,#3675);
#3675 = DEFINITIONAL_REPRESENTATION('',(#3676),#3679);
#3676 = B_SPLINE_CURVE_WITH_KNOTS('',1,(#3677,#3678),.UNSPECIFIED.,.F.,
  .F.,(2,2),(0.,101.6),.PIECEWISE_BEZIER_KNOTS.);
#3677 = CARTESIAN_POINT('',(6.28318530718,0.));
#3678 = CARTESIAN_POINT('',(6.28318530718,101.6));
#3679 = ( GEOMETRIC_REPRESENTATION_CONTEXT(2) 
PARAMETRIC_REPRESENTATION_CONTEXT() REPRESENTATION_CONTEXT('2D SPACE',''
  ) );
#3680 = ORIENTED_EDGE('',*,*,#3681,.F.);
#3681 = EDGE_CURVE('',#3682,#3660,#3684,.T.);
#3682 = VERTEX_POINT('',#3683);
#3683 = CARTESIAN_POINT('',(127.,-4.7625,101.6));
#3684 = SURFACE_CURVE('',#3685,(#3690,#3697),.PCURVE_S1.);
#3685 = CIRCLE('',#3686,4.7625);
#3686 = AXIS2_PLACEMENT_3D('',#3687,#3688,#3689);
#3687 = CARTESIAN_POINT('',(127.,0.,101.6));
#3688 = DIRECTION('',(0.,0.,1.));
#3689 = DIRECTION('',(1.,0.,-0.));
#3690 = PCURVE('',#1014,#3691);
#3691 = DEFINITIONAL_REPRESENTATION('',(#3692),#3696);
#3692 = LINE('',#3693,#3694);
#3693 = CARTESIAN_POINT('',(0.,101.6));
#3694 = VECTOR('',#3695,1.);
#3695 = DIRECTION('',(1.,0.));
#3696 = ( GEOMETRIC_REPRESENTATION_CONTEXT(2) 
PARAMETRIC_REPRESENTATION_CONTEXT() REPRESENTATION_CONTEXT('2D SPACE',''
  ) );
#3697 = PCURVE('',#3698,#3703);
#3698 = PLANE('',#3699);
#3699 = AXIS2_PLACEMENT_3D('',#3700,#3701,#3702);
#3700 = CARTESIAN_POINT('',(127.,-1.944126793646E-16,101.6));
#3701 = DIRECTION('',(0.,0.,1.));
#3702 = DIRECTION('',(1.,0.,-0.));
#3703 = DEFINITIONAL_REPRESENTATION('',(#3704),#3708);
#3704 = CIRCLE('',#3705,4.7625);
#3705 = AXIS2_PLACEMENT_2D('',#3706,#3707);
#3706 = CARTESIAN_POINT('',(1.42108547152E-14,1.944126793646E-16));
#3707 = DIRECTION('',(1.,0.));
#3708 = ( GEOMETRIC_REPRESENTATION_CONTEXT(2) 
PARAMETRIC_REPRESENTATION_CONTEXT() REPRESENTATION_CONTEXT('2D SPACE',''
  ) );
#3709 = ORIENTED_EDGE('',*,*,#3710,.F.);
#3710 = EDGE_CURVE('',#3711,#3682,#3713,.T.);
#3711 = VERTEX_POINT('',#3712);
#3712 = CARTESIAN_POINT('',(123.63240395459,3.367596045401,
    98.232403954599));
#3713 = SURFACE_CURVE('',#3714,(#3719,#3739),.PCURVE_S1.);
#3714 = ELLIPSE('',#3715,6.735192090802,4.7625);
#3715 = AXIS2_PLACEMENT_3D('',#3716,#3717,#3718);
#3716 = CARTESIAN_POINT('',(127.,0.,101.6));
#3717 = DIRECTION('',(-0.707106781187,0.,0.707106781187));
#3718 = DIRECTION('',(0.707106781187,0.,0.707106781187));
#3719 = PCURVE('',#1014,#3720);
#3720 = DEFINITIONAL_REPRESENTATION('',(#3721),#3738);
#3721 = B_SPLINE_CURVE_WITH_KNOTS('',8,(#3722,#3723,#3724,#3725,#3726,
    #3727,#3728,#3729,#3730,#3731,#3732,#3733,#3734,#3735,#3736,#3737),
  .UNSPECIFIED.,.F.,.F.,(9,7,9),(1.570796326795,3.14159265359,
    4.712388980385),.UNSPECIFIED.);
#3722 = CARTESIAN_POINT('',(1.570796326795,101.6));
#3723 = CARTESIAN_POINT('',(1.767145867644,100.6648853117));
#3724 = CARTESIAN_POINT('',(1.963495408494,99.729770401346));
#3725 = CARTESIAN_POINT('',(2.159844949341,98.849593093431));
#3726 = CARTESIAN_POINT('',(2.356194490197,98.079280199949));
#3727 = CARTESIAN_POINT('',(2.552544031038,97.46701655431));
#3728 = CARTESIAN_POINT('',(2.748893571891,97.047339445593));
#3729 = CARTESIAN_POINT('',(2.94524311274,96.8375));
#3730 = CARTESIAN_POINT('',(3.337942194439,96.8375));
#3731 = CARTESIAN_POINT('',(3.534291735288,97.04733944558));
#3732 = CARTESIAN_POINT('',(3.730641276131,97.467016554196));
#3733 = CARTESIAN_POINT('',(3.926990816987,98.079280200091));
#3734 = CARTESIAN_POINT('',(4.123340357826,98.849593093444));
#3735 = CARTESIAN_POINT('',(4.319689898686,99.729770401317));
#3736 = CARTESIAN_POINT('',(4.516039439535,100.6648853117));
#3737 = CARTESIAN_POINT('',(4.712388980385,101.6));
#3738 = ( GEOMETRIC_REPRESENTATION_CONTEXT(2) 
PARAMETRIC_REPRESENTATION_CONTEXT() REPRESENTATION_CONTEXT('2D SPACE',''
  ) );
#3739 = PCURVE('',#1886,#3740);
#3740 = DEFINITIONAL_REPRESENTATION('',(#3741),#3758);
#3741 = B_SPLINE_CURVE_WITH_KNOTS('',8,(#3742,#3743,#3744,#3745,#3746,
    #3747,#3748,#3749,#3750,#3751,#3752,#3753,#3754,#3755,#3756,#3757),
  .UNSPECIFIED.,.F.,.F.,(9,7,9),(1.570796326795,3.14159265359,
    4.712388980385),.UNSPECIFIED.);
#3742 = CARTESIAN_POINT('',(4.712388980385,254.));
#3743 = CARTESIAN_POINT('',(4.516039439535,253.0648853117));
#3744 = CARTESIAN_POINT('',(4.319689898685,252.12977040148));
#3745 = CARTESIAN_POINT('',(4.123340357833,251.24959309271));
#3746 = CARTESIAN_POINT('',(3.926990816979,250.47928020111));
#3747 = CARTESIAN_POINT('',(3.730641276131,249.86701655334));
#3748 = CARTESIAN_POINT('',(3.534291735288,249.44733944576));
#3749 = CARTESIAN_POINT('',(3.337942194439,249.2375));
#3750 = CARTESIAN_POINT('',(2.94524311274,249.2375));
#3751 = CARTESIAN_POINT('',(2.74889357189,249.44733944572));
#3752 = CARTESIAN_POINT('',(2.552544031038,249.86701655351));
#3753 = CARTESIAN_POINT('',(2.356194490189,250.479280201));
#3754 = CARTESIAN_POINT('',(2.159844949343,251.24959309296));
#3755 = CARTESIAN_POINT('',(1.963495408493,252.12977040144));
#3756 = CARTESIAN_POINT('',(1.767145867644,253.0648853117));
#3757 = CARTESIAN_POINT('',(1.570796326795,254.));
#3758 = ( GEOMETRIC_REPRESENTATION_CONTEXT(2) 
PARAMETRIC_REPRESENTATION_CONTEXT() REPRESENTATION_CONTEXT('2D SPACE',''
  ) );
#3759 = ORIENTED_EDGE('',*,*,#3760,.F.);
#3760 = EDGE_CURVE('',#3660,#3711,#3761,.T.);
#3761 = SURFACE_CURVE('',#3762,(#3767,#3787),.PCURVE_S1.);
#3762 = ELLIPSE('',#3763,6.735192090802,4.7625);
#3763 = AXIS2_PLACEMENT_3D('',#3764,#3765,#3766);
#3764 = CARTESIAN_POINT('',(127.,0.,101.6));
#3765 = DIRECTION('',(0.,0.707106781187,0.707106781187));
#3766 = DIRECTION('',(0.,-0.707106781187,0.707106781187));
#3767 = PCURVE('',#1014,#3768);
#3768 = DEFINITIONAL_REPRESENTATION('',(#3769),#3786);
#3769 = B_SPLINE_CURVE_WITH_KNOTS('',8,(#3770,#3771,#3772,#3773,#3774,
    #3775,#3776,#3777,#3778,#3779,#3780,#3781,#3782,#3783,#3784,#3785),
  .UNSPECIFIED.,.F.,.F.,(9,7,9),(1.570796326795,3.14159265359,
    4.712388980385),.UNSPECIFIED.);
#3770 = CARTESIAN_POINT('',(0.,101.6));
#3771 = CARTESIAN_POINT('',(0.196349540849,100.6648853117));
#3772 = CARTESIAN_POINT('',(0.392699081699,99.729770401346));
#3773 = CARTESIAN_POINT('',(0.589048622547,98.849593093431));
#3774 = CARTESIAN_POINT('',(0.785398163395,98.079280199949));
#3775 = CARTESIAN_POINT('',(0.981747704246,97.46701655431));
#3776 = CARTESIAN_POINT('',(1.178097245096,97.047339445593));
#3777 = CARTESIAN_POINT('',(1.374446785946,96.8375));
#3778 = CARTESIAN_POINT('',(1.767145867644,96.8375));
#3779 = CARTESIAN_POINT('',(1.963495408495,97.04733944558));
#3780 = CARTESIAN_POINT('',(2.159844949336,97.467016554196));
#3781 = CARTESIAN_POINT('',(2.356194490207,98.079280200091));
#3782 = CARTESIAN_POINT('',(2.552544031033,98.849593093444));
#3783 = CARTESIAN_POINT('',(2.748893571893,99.729770401317));
#3784 = CARTESIAN_POINT('',(2.94524311274,100.6648853117));
#3785 = CARTESIAN_POINT('',(3.14159265359,101.6));
#3786 = ( GEOMETRIC_REPRESENTATION_CONTEXT(2) 
PARAMETRIC_REPRESENTATION_CONTEXT() REPRESENTATION_CONTEXT('2D SPACE',''
  ) );
#3787 = PCURVE('',#3788,#3793);
#3788 = CYLINDRICAL_SURFACE('',#3789,4.7625);
#3789 = AXIS2_PLACEMENT_3D('',#3790,#3791,#3792);
#3790 = CARTESIAN_POINT('',(127.,0.,101.6));
#3791 = DIRECTION('',(0.,1.,0.));
#3792 = DIRECTION('',(0.,-0.,1.));
#3793 = DEFINITIONAL_REPRESENTATION('',(#3794),#3811);
#3794 = B_SPLINE_CURVE_WITH_KNOTS('',8,(#3795,#3796,#3797,#3798,#3799,
    #3800,#3801,#3802,#3803,#3804,#3805,#3806,#3807,#3808,#3809,#3810),
  .UNSPECIFIED.,.F.,.F.,(9,7,9),(1.570796326795,3.14159265359,
    4.712388980385),.UNSPECIFIED.);
#3795 = CARTESIAN_POINT('',(1.570796326795,-2.91619019047E-16));
#3796 = CARTESIAN_POINT('',(1.767145867644,0.935114688295));
#3797 = CARTESIAN_POINT('',(1.963495408494,1.870229598613));
#3798 = CARTESIAN_POINT('',(2.159844949341,2.750406906517));
#3799 = CARTESIAN_POINT('',(2.356194490197,3.520719799613));
#3800 = CARTESIAN_POINT('',(2.552544031038,4.13298344569));
#3801 = CARTESIAN_POINT('',(2.748893571891,4.552660554364));
#3802 = CARTESIAN_POINT('',(2.94524311274,4.7625));
#3803 = CARTESIAN_POINT('',(3.337942194439,4.7625));
#3804 = CARTESIAN_POINT('',(3.534291735284,4.552660554362));
#3805 = CARTESIAN_POINT('',(3.730641276133,4.132983445696));
#3806 = CARTESIAN_POINT('',(3.92699081697,3.520719799607));
#3807 = CARTESIAN_POINT('',(4.123340357835,2.750406906524));
#3808 = CARTESIAN_POINT('',(4.319689898682,1.870229598612));
#3809 = CARTESIAN_POINT('',(4.516039439535,0.935114688295));
#3810 = CARTESIAN_POINT('',(4.712388980385,8.748570571409E-16));
#3811 = ( GEOMETRIC_REPRESENTATION_CONTEXT(2) 
PARAMETRIC_REPRESENTATION_CONTEXT() REPRESENTATION_CONTEXT('2D SPACE',''
  ) );
#3812 = ORIENTED_EDGE('',*,*,#3659,.F.);
#3813 = ORIENTED_EDGE('',*,*,#3814,.F.);
#3814 = EDGE_CURVE('',#3815,#3631,#3817,.T.);
#3815 = VERTEX_POINT('',#3816);
#3816 = CARTESIAN_POINT('',(127.,4.7625,4.7625));
#3817 = SURFACE_CURVE('',#3818,(#3823,#3836),.PCURVE_S1.);
#3818 = ELLIPSE('',#3819,6.735192090802,4.7625);
#3819 = AXIS2_PLACEMENT_3D('',#3820,#3821,#3822);
#3820 = CARTESIAN_POINT('',(127.,0.,0.));
#3821 = DIRECTION('',(0.,0.707106781187,-0.707106781187));
#3822 = DIRECTION('',(0.,0.707106781187,0.707106781187));
#3823 = PCURVE('',#1014,#3824);
#3824 = DEFINITIONAL_REPRESENTATION('',(#3825),#3835);
#3825 = B_SPLINE_CURVE_WITH_KNOTS('',8,(#3826,#3827,#3828,#3829,#3830,
    #3831,#3832,#3833,#3834),.UNSPECIFIED.,.F.,.F.,(9,9),(0.,
    1.570796326795),.PIECEWISE_BEZIER_KNOTS.);
#3826 = CARTESIAN_POINT('',(1.570796326795,4.7625));
#3827 = CARTESIAN_POINT('',(1.374446785946,4.7625));
#3828 = CARTESIAN_POINT('',(1.178097245096,4.552660554365));
#3829 = CARTESIAN_POINT('',(0.981747704244,4.132983445687));
#3830 = CARTESIAN_POINT('',(0.785398163396,3.520719799619));
#3831 = CARTESIAN_POINT('',(0.589048622546,2.750406906516));
#3832 = CARTESIAN_POINT('',(0.392699081699,1.870229598614));
#3833 = CARTESIAN_POINT('',(0.196349540849,0.935114688295));
#3834 = CARTESIAN_POINT('',(6.123233995737E-17,2.91619019047E-16));
#3835 = ( GEOMETRIC_REPRESENTATION_CONTEXT(2) 
PARAMETRIC_REPRESENTATION_CONTEXT() REPRESENTATION_CONTEXT('2D SPACE',''
  ) );
#3836 = PCURVE('',#1055,#3837);
#3837 = DEFINITIONAL_REPRESENTATION('',(#3838),#3848);
#3838 = B_SPLINE_CURVE_WITH_KNOTS('',8,(#3839,#3840,#3841,#3842,#3843,
    #3844,#3845,#3846,#3847),.UNSPECIFIED.,.F.,.F.,(9,9),(0.,
    1.570796326795),.PIECEWISE_BEZIER_KNOTS.);
#3839 = CARTESIAN_POINT('',(0.,4.7625));
#3840 = CARTESIAN_POINT('',(0.196349540849,4.7625));
#3841 = CARTESIAN_POINT('',(0.392699081698,4.552660554365));
#3842 = CARTESIAN_POINT('',(0.589048622549,4.132983445687));
#3843 = CARTESIAN_POINT('',(0.785398163392,3.520719799619));
#3844 = CARTESIAN_POINT('',(0.981747704249,2.750406906516));
#3845 = CARTESIAN_POINT('',(1.178097245095,1.870229598614));
#3846 = CARTESIAN_POINT('',(1.374446785946,0.935114688295));
#3847 = CARTESIAN_POINT('',(1.570796326795,2.91619019047E-16));
#3848 = ( GEOMETRIC_REPRESENTATION_CONTEXT(2) 
PARAMETRIC_REPRESENTATION_CONTEXT() REPRESENTATION_CONTEXT('2D SPACE',''
  ) );
#3849 = ORIENTED_EDGE('',*,*,#3850,.F.);
#3850 = EDGE_CURVE('',#992,#3815,#3851,.T.);
#3851 = SURFACE_CURVE('',#3852,(#3857,#3870),.PCURVE_S1.);
#3852 = ELLIPSE('',#3853,6.735192090802,4.7625);
#3853 = AXIS2_PLACEMENT_3D('',#3854,#3855,#3856);
#3854 = CARTESIAN_POINT('',(127.,0.,0.));
#3855 = DIRECTION('',(0.,0.707106781187,-0.707106781187));
#3856 = DIRECTION('',(0.,0.707106781187,0.707106781187));
#3857 = PCURVE('',#1014,#3858);
#3858 = DEFINITIONAL_REPRESENTATION('',(#3859),#3869);
#3859 = B_SPLINE_CURVE_WITH_KNOTS('',8,(#3860,#3861,#3862,#3863,#3864,
    #3865,#3866,#3867,#3868),.UNSPECIFIED.,.F.,.F.,(9,9),(4.712388980385
    ,6.28318530718),.PIECEWISE_BEZIER_KNOTS.);
#3860 = CARTESIAN_POINT('',(3.14159265359,-8.748570571409E-16));
#3861 = CARTESIAN_POINT('',(2.94524311274,0.935114688295));
#3862 = CARTESIAN_POINT('',(2.748893571891,1.870229598611));
#3863 = CARTESIAN_POINT('',(2.552544031037,2.750406906525));
#3864 = CARTESIAN_POINT('',(2.356194490191,3.520719799603));
#3865 = CARTESIAN_POINT('',(2.159844949342,4.132983445699));
#3866 = CARTESIAN_POINT('',(1.963495408494,4.552660554361));
#3867 = CARTESIAN_POINT('',(1.767145867644,4.7625));
#3868 = CARTESIAN_POINT('',(1.570796326795,4.7625));
#3869 = ( GEOMETRIC_REPRESENTATION_CONTEXT(2) 
PARAMETRIC_REPRESENTATION_CONTEXT() REPRESENTATION_CONTEXT('2D SPACE',''
  ) );
#3870 = PCURVE('',#1055,#3871);
#3871 = DEFINITIONAL_REPRESENTATION('',(#3872),#3882);
#3872 = B_SPLINE_CURVE_WITH_KNOTS('',8,(#3873,#3874,#3875,#3876,#3877,
    #3878,#3879,#3880,#3881),.UNSPECIFIED.,.F.,.F.,(9,9),(4.712388980385
    ,6.28318530718),.PIECEWISE_BEZIER_KNOTS.);
#3873 = CARTESIAN_POINT('',(4.712388980385,-8.748570571409E-16));
#3874 = CARTESIAN_POINT('',(4.908738521234,0.935114688295));
#3875 = CARTESIAN_POINT('',(5.105088062084,1.870229598611));
#3876 = CARTESIAN_POINT('',(5.301437602934,2.750406906525));
#3877 = CARTESIAN_POINT('',(5.497787143783,3.520719799603));
#3878 = CARTESIAN_POINT('',(5.694136684633,4.132983445699));
#3879 = CARTESIAN_POINT('',(5.890486225481,4.552660554361));
#3880 = CARTESIAN_POINT('',(6.08683576633,4.7625));
#3881 = CARTESIAN_POINT('',(6.28318530718,4.7625));
#3882 = ( GEOMETRIC_REPRESENTATION_CONTEXT(2) 
PARAMETRIC_REPRESENTATION_CONTEXT() REPRESENTATION_CONTEXT('2D SPACE',''
  ) );
#3883 = ADVANCED_FACE('',(#3884),#1126,.T.);
#3884 = FACE_BOUND('',#3885,.T.);
#3885 = EDGE_LOOP('',(#3886,#3912,#3931));
#3886 = ORIENTED_EDGE('',*,*,#3887,.F.);
#3887 = EDGE_CURVE('',#3888,#1074,#3890,.T.);
#3888 = VERTEX_POINT('',#3889);
#3889 = CARTESIAN_POINT('',(127.,0.,-1.614920250605E-24));
#3890 = SURFACE_CURVE('',#3891,(#3895,#3901),.PCURVE_S1.);
#3891 = LINE('',#3892,#3893);
#3892 = CARTESIAN_POINT('',(127.,0.,1.435632685081E-16));
#3893 = VECTOR('',#3894,1.);
#3894 = DIRECTION('',(0.,0.,-1.));
#3895 = PCURVE('',#1126,#3896);
#3896 = DEFINITIONAL_REPRESENTATION('',(#3897),#3900);
#3897 = B_SPLINE_CURVE_WITH_KNOTS('',1,(#3898,#3899),.UNSPECIFIED.,.F.,
  .F.,(2,2),(-4.7625,4.7625),.PIECEWISE_BEZIER_KNOTS.);
#3898 = CARTESIAN_POINT('',(4.7625,-9.271385765151E-17));
#3899 = CARTESIAN_POINT('',(-4.7625,-9.271385765151E-17));
#3900 = ( GEOMETRIC_REPRESENTATION_CONTEXT(2) 
PARAMETRIC_REPRESENTATION_CONTEXT() REPRESENTATION_CONTEXT('2D SPACE',''
  ) );
#3901 = PCURVE('',#3902,#3907);
#3902 = PLANE('',#3903);
#3903 = AXIS2_PLACEMENT_3D('',#3904,#3905,#3906);
#3904 = CARTESIAN_POINT('',(127.,0.,8.613796110485E-16));
#3905 = DIRECTION('',(0.,1.,0.));
#3906 = DIRECTION('',(0.,-0.,1.));
#3907 = DEFINITIONAL_REPRESENTATION('',(#3908),#3911);
#3908 = B_SPLINE_CURVE_WITH_KNOTS('',1,(#3909,#3910),.UNSPECIFIED.,.F.,
  .F.,(2,2),(-4.7625,4.7625),.PIECEWISE_BEZIER_KNOTS.);
#3909 = CARTESIAN_POINT('',(4.7625,0.));
#3910 = CARTESIAN_POINT('',(-4.7625,0.));
#3911 = ( GEOMETRIC_REPRESENTATION_CONTEXT(2) 
PARAMETRIC_REPRESENTATION_CONTEXT() REPRESENTATION_CONTEXT('2D SPACE',''
  ) );
#3912 = ORIENTED_EDGE('',*,*,#3913,.T.);
#3913 = EDGE_CURVE('',#3888,#1110,#3914,.T.);
#3914 = SURFACE_CURVE('',#3915,(#3919,#3925),.PCURVE_S1.);
#3915 = LINE('',#3916,#3917);
#3916 = CARTESIAN_POINT('',(127.,-1.435632685081E-16,0.));
#3917 = VECTOR('',#3918,1.);
#3918 = DIRECTION('',(0.,-1.,0.));
#3919 = PCURVE('',#1126,#3920);
#3920 = DEFINITIONAL_REPRESENTATION('',(#3921),#3924);
#3921 = B_SPLINE_CURVE_WITH_KNOTS('',1,(#3922,#3923),.UNSPECIFIED.,.F.,
  .F.,(2,2),(-1.435632685081E-16,4.7625),.PIECEWISE_BEZIER_KNOTS.);
#3922 = CARTESIAN_POINT('',(5.742530740323E-16,-9.271385765151E-17));
#3923 = CARTESIAN_POINT('',(5.742530740323E-16,4.7625));
#3924 = ( GEOMETRIC_REPRESENTATION_CONTEXT(2) 
PARAMETRIC_REPRESENTATION_CONTEXT() REPRESENTATION_CONTEXT('2D SPACE',''
  ) );
#3925 = PCURVE('',#3647,#3926);
#3926 = DEFINITIONAL_REPRESENTATION('',(#3927),#3930);
#3927 = B_SPLINE_CURVE_WITH_KNOTS('',1,(#3928,#3929),.UNSPECIFIED.,.F.,
  .F.,(2,2),(-1.435632685081E-16,4.7625),.PIECEWISE_BEZIER_KNOTS.);
#3928 = CARTESIAN_POINT('',(1.42108547152E-14,1.944126793646E-16));
#3929 = CARTESIAN_POINT('',(1.42108547152E-14,-4.7625));
#3930 = ( GEOMETRIC_REPRESENTATION_CONTEXT(2) 
PARAMETRIC_REPRESENTATION_CONTEXT() REPRESENTATION_CONTEXT('2D SPACE',''
  ) );
#3931 = ORIENTED_EDGE('',*,*,#1109,.T.);
#3932 = ADVANCED_FACE('',(#3933,#4151,#4278,#4405),#1055,.T.);
#3933 = FACE_BOUND('',#3934,.T.);
#3934 = EDGE_LOOP('',(#3935,#3957,#3958,#3959,#3960,#3982,#4004,#4026,
    #4048,#4082,#4083,#4112,#4146,#4147,#4148,#4149,#4150));
#3935 = ORIENTED_EDGE('',*,*,#3936,.T.);
#3936 = EDGE_CURVE('',#3631,#1074,#3937,.T.);
#3937 = SURFACE_CURVE('',#3938,(#3943,#3950),.PCURVE_S1.);
#3938 = CIRCLE('',#3939,4.7625);
#3939 = AXIS2_PLACEMENT_3D('',#3940,#3941,#3942);
#3940 = CARTESIAN_POINT('',(127.,0.,0.));
#3941 = DIRECTION('',(0.,1.,0.));
#3942 = DIRECTION('',(0.,-0.,1.));
#3943 = PCURVE('',#1055,#3944);
#3944 = DEFINITIONAL_REPRESENTATION('',(#3945),#3949);
#3945 = LINE('',#3946,#3947);
#3946 = CARTESIAN_POINT('',(0.,0.));
#3947 = VECTOR('',#3948,1.);
#3948 = DIRECTION('',(1.,0.));
#3949 = ( GEOMETRIC_REPRESENTATION_CONTEXT(2) 
PARAMETRIC_REPRESENTATION_CONTEXT() REPRESENTATION_CONTEXT('2D SPACE',''
  ) );
#3950 = PCURVE('',#3902,#3951);
#3951 = DEFINITIONAL_REPRESENTATION('',(#3952),#3956);
#3952 = CIRCLE('',#3953,4.7625);
#3953 = AXIS2_PLACEMENT_2D('',#3954,#3955);
#3954 = CARTESIAN_POINT('',(-8.613796110485E-16,0.));
#3955 = DIRECTION('',(1.,0.));
#3956 = ( GEOMETRIC_REPRESENTATION_CONTEXT(2) 
PARAMETRIC_REPRESENTATION_CONTEXT() REPRESENTATION_CONTEXT('2D SPACE',''
  ) );
#3957 = ORIENTED_EDGE('',*,*,#1073,.T.);
#3958 = ORIENTED_EDGE('',*,*,#1032,.T.);
#3959 = ORIENTED_EDGE('',*,*,#3850,.T.);
#3960 = ORIENTED_EDGE('',*,*,#3961,.T.);
#3961 = EDGE_CURVE('',#3815,#3962,#3964,.T.);
#3962 = VERTEX_POINT('',#3963);
#3963 = CARTESIAN_POINT('',(127.,44.45,4.7625));
#3964 = SEAM_CURVE('',#3965,(#3969,#3976),.PCURVE_S1.);
#3965 = LINE('',#3966,#3967);
#3966 = CARTESIAN_POINT('',(127.,0.,4.7625));
#3967 = VECTOR('',#3968,1.);
#3968 = DIRECTION('',(0.,1.,0.));
#3969 = PCURVE('',#1055,#3970);
#3970 = DEFINITIONAL_REPRESENTATION('',(#3971),#3975);
#3971 = LINE('',#3972,#3973);
#3972 = CARTESIAN_POINT('',(0.,0.));
#3973 = VECTOR('',#3974,1.);
#3974 = DIRECTION('',(0.,1.));
#3975 = ( GEOMETRIC_REPRESENTATION_CONTEXT(2) 
PARAMETRIC_REPRESENTATION_CONTEXT() REPRESENTATION_CONTEXT('2D SPACE',''
  ) );
#3976 = PCURVE('',#1055,#3977);
#3977 = DEFINITIONAL_REPRESENTATION('',(#3978),#3981);
#3978 = B_SPLINE_CURVE_WITH_KNOTS('',1,(#3979,#3980),.UNSPECIFIED.,.F.,
  .F.,(2,2),(0.,177.8),.PIECEWISE_BEZIER_KNOTS.);
#3979 = CARTESIAN_POINT('',(6.28318530718,0.));
#3980 = CARTESIAN_POINT('',(6.28318530718,177.8));
#3981 = ( GEOMETRIC_REPRESENTATION_CONTEXT(2) 
PARAMETRIC_REPRESENTATION_CONTEXT() REPRESENTATION_CONTEXT('2D SPACE',''
  ) );
#3982 = ORIENTED_EDGE('',*,*,#3983,.T.);
#3983 = EDGE_CURVE('',#3962,#3984,#3986,.T.);
#3984 = VERTEX_POINT('',#3985);
#3985 = CARTESIAN_POINT('',(127.,88.9,4.7625));
#3986 = SEAM_CURVE('',#3987,(#3991,#3998),.PCURVE_S1.);
#3987 = LINE('',#3988,#3989);
#3988 = CARTESIAN_POINT('',(127.,0.,4.7625));
#3989 = VECTOR('',#3990,1.);
#3990 = DIRECTION('',(0.,1.,0.));
#3991 = PCURVE('',#1055,#3992);
#3992 = DEFINITIONAL_REPRESENTATION('',(#3993),#3997);
#3993 = LINE('',#3994,#3995);
#3994 = CARTESIAN_POINT('',(0.,0.));
#3995 = VECTOR('',#3996,1.);
#3996 = DIRECTION('',(0.,1.));
#3997 = ( GEOMETRIC_REPRESENTATION_CONTEXT(2) 
PARAMETRIC_REPRESENTATION_CONTEXT() REPRESENTATION_CONTEXT('2D SPACE',''
  ) );
#3998 = PCURVE('',#1055,#3999);
#3999 = DEFINITIONAL_REPRESENTATION('',(#4000),#4003);
#4000 = B_SPLINE_CURVE_WITH_KNOTS('',1,(#4001,#4002),.UNSPECIFIED.,.F.,
  .F.,(2,2),(0.,177.8),.PIECEWISE_BEZIER_KNOTS.);
#4001 = CARTESIAN_POINT('',(6.28318530718,0.));
#4002 = CARTESIAN_POINT('',(6.28318530718,177.8));
#4003 = ( GEOMETRIC_REPRESENTATION_CONTEXT(2) 
PARAMETRIC_REPRESENTATION_CONTEXT() REPRESENTATION_CONTEXT('2D SPACE',''
  ) );
#4004 = ORIENTED_EDGE('',*,*,#4005,.T.);
#4005 = EDGE_CURVE('',#3984,#4006,#4008,.T.);
#4006 = VERTEX_POINT('',#4007);
#4007 = CARTESIAN_POINT('',(127.,133.35,4.7625));
#4008 = SEAM_CURVE('',#4009,(#4013,#4020),.PCURVE_S1.);
#4009 = LINE('',#4010,#4011);
#4010 = CARTESIAN_POINT('',(127.,0.,4.7625));
#4011 = VECTOR('',#4012,1.);
#4012 = DIRECTION('',(0.,1.,0.));
#4013 = PCURVE('',#1055,#4014);
#4014 = DEFINITIONAL_REPRESENTATION('',(#4015),#4019);
#4015 = LINE('',#4016,#4017);
#4016 = CARTESIAN_POINT('',(0.,0.));
#4017 = VECTOR('',#4018,1.);
#4018 = DIRECTION('',(0.,1.));
#4019 = ( GEOMETRIC_REPRESENTATION_CONTEXT(2) 
PARAMETRIC_REPRESENTATION_CONTEXT() REPRESENTATION_CONTEXT('2D SPACE',''
  ) );
#4020 = PCURVE('',#1055,#4021);
#4021 = DEFINITIONAL_REPRESENTATION('',(#4022),#4025);
#4022 = B_SPLINE_CURVE_WITH_KNOTS('',1,(#4023,#4024),.UNSPECIFIED.,.F.,
  .F.,(2,2),(0.,177.8),.PIECEWISE_BEZIER_KNOTS.);
#4023 = CARTESIAN_POINT('',(6.28318530718,0.));
#4024 = CARTESIAN_POINT('',(6.28318530718,177.8));
#4025 = ( GEOMETRIC_REPRESENTATION_CONTEXT(2) 
PARAMETRIC_REPRESENTATION_CONTEXT() REPRESENTATION_CONTEXT('2D SPACE',''
  ) );
#4026 = ORIENTED_EDGE('',*,*,#4027,.T.);
#4027 = EDGE_CURVE('',#4006,#4028,#4030,.T.);
#4028 = VERTEX_POINT('',#4029);
#4029 = CARTESIAN_POINT('',(127.,173.0375,4.7625));
#4030 = SEAM_CURVE('',#4031,(#4035,#4042),.PCURVE_S1.);
#4031 = LINE('',#4032,#4033);
#4032 = CARTESIAN_POINT('',(127.,0.,4.7625));
#4033 = VECTOR('',#4034,1.);
#4034 = DIRECTION('',(0.,1.,0.));
#4035 = PCURVE('',#1055,#4036);
#4036 = DEFINITIONAL_REPRESENTATION('',(#4037),#4041);
#4037 = LINE('',#4038,#4039);
#4038 = CARTESIAN_POINT('',(0.,0.));
#4039 = VECTOR('',#4040,1.);
#4040 = DIRECTION('',(0.,1.));
#4041 = ( GEOMETRIC_REPRESENTATION_CONTEXT(2) 
PARAMETRIC_REPRESENTATION_CONTEXT() REPRESENTATION_CONTEXT('2D SPACE',''
  ) );
#4042 = PCURVE('',#1055,#4043);
#4043 = DEFINITIONAL_REPRESENTATION('',(#4044),#4047);
#4044 = B_SPLINE_CURVE_WITH_KNOTS('',1,(#4045,#4046),.UNSPECIFIED.,.F.,
  .F.,(2,2),(0.,177.8),.PIECEWISE_BEZIER_KNOTS.);
#4045 = CARTESIAN_POINT('',(6.28318530718,0.));
#4046 = CARTESIAN_POINT('',(6.28318530718,177.8));
#4047 = ( GEOMETRIC_REPRESENTATION_CONTEXT(2) 
PARAMETRIC_REPRESENTATION_CONTEXT() REPRESENTATION_CONTEXT('2D SPACE',''
  ) );
#4048 = ORIENTED_EDGE('',*,*,#4049,.F.);
#4049 = EDGE_CURVE('',#2548,#4028,#4050,.T.);
#4050 = SURFACE_CURVE('',#4051,(#4056,#4069),.PCURVE_S1.);
#4051 = ELLIPSE('',#4052,6.735192090802,4.7625);
#4052 = AXIS2_PLACEMENT_3D('',#4053,#4054,#4055);
#4053 = CARTESIAN_POINT('',(127.,177.8,0.));
#4054 = DIRECTION('',(0.,0.707106781187,0.707106781187));
#4055 = DIRECTION('',(0.,0.707106781187,-0.707106781187));
#4056 = PCURVE('',#1055,#4057);
#4057 = DEFINITIONAL_REPRESENTATION('',(#4058),#4068);
#4058 = B_SPLINE_CURVE_WITH_KNOTS('',8,(#4059,#4060,#4061,#4062,#4063,
    #4064,#4065,#4066,#4067),.UNSPECIFIED.,.F.,.F.,(9,9),(1.570796326795
    ,3.14159265359),.PIECEWISE_BEZIER_KNOTS.);
#4059 = CARTESIAN_POINT('',(4.712388980385,177.8));
#4060 = CARTESIAN_POINT('',(4.908738521234,176.8648853117));
#4061 = CARTESIAN_POINT('',(5.105088062083,175.92977040154));
#4062 = CARTESIAN_POINT('',(5.301437602936,175.04959309245));
#4063 = CARTESIAN_POINT('',(5.497787143781,174.27928020139));
#4064 = CARTESIAN_POINT('',(5.694136684635,173.66701655309));
#4065 = CARTESIAN_POINT('',(5.890486225481,173.24733944579));
#4066 = CARTESIAN_POINT('',(6.08683576633,173.0375));
#4067 = CARTESIAN_POINT('',(6.28318530718,173.0375));
#4068 = ( GEOMETRIC_REPRESENTATION_CONTEXT(2) 
PARAMETRIC_REPRESENTATION_CONTEXT() REPRESENTATION_CONTEXT('2D SPACE',''
  ) );
#4069 = PCURVE('',#2500,#4070);
#4070 = DEFINITIONAL_REPRESENTATION('',(#4071),#4081);
#4071 = B_SPLINE_CURVE_WITH_KNOTS('',8,(#4072,#4073,#4074,#4075,#4076,
    #4077,#4078,#4079,#4080),.UNSPECIFIED.,.F.,.F.,(9,9),(1.570796326795
    ,3.14159265359),.PIECEWISE_BEZIER_KNOTS.);
#4072 = CARTESIAN_POINT('',(3.14159265359,-2.91619019047E-16));
#4073 = CARTESIAN_POINT('',(3.337942194439,0.935114688295));
#4074 = CARTESIAN_POINT('',(3.534291735288,1.870229598613));
#4075 = CARTESIAN_POINT('',(3.730641276132,2.750406906517));
#4076 = CARTESIAN_POINT('',(3.926990816984,3.520719799613));
#4077 = CARTESIAN_POINT('',(4.123340357826,4.13298344569));
#4078 = CARTESIAN_POINT('',(4.319689898684,4.552660554364));
#4079 = CARTESIAN_POINT('',(4.516039439535,4.7625));
#4080 = CARTESIAN_POINT('',(4.712388980385,4.7625));
#4081 = ( GEOMETRIC_REPRESENTATION_CONTEXT(2) 
PARAMETRIC_REPRESENTATION_CONTEXT() REPRESENTATION_CONTEXT('2D SPACE',''
  ) );
#4082 = ORIENTED_EDGE('',*,*,#2547,.F.);
#4083 = ORIENTED_EDGE('',*,*,#4084,.F.);
#4084 = EDGE_CURVE('',#4085,#2519,#4087,.T.);
#4085 = VERTEX_POINT('',#4086);
#4086 = CARTESIAN_POINT('',(131.7625,177.8,0.));
#4087 = SURFACE_CURVE('',#4088,(#4093,#4100),.PCURVE_S1.);
#4088 = CIRCLE('',#4089,4.7625);
#4089 = AXIS2_PLACEMENT_3D('',#4090,#4091,#4092);
#4090 = CARTESIAN_POINT('',(127.,177.8,0.));
#4091 = DIRECTION('',(0.,1.,0.));
#4092 = DIRECTION('',(0.,-0.,1.));
#4093 = PCURVE('',#1055,#4094);
#4094 = DEFINITIONAL_REPRESENTATION('',(#4095),#4099);
#4095 = LINE('',#4096,#4097);
#4096 = CARTESIAN_POINT('',(0.,177.8));
#4097 = VECTOR('',#4098,1.);
#4098 = DIRECTION('',(1.,0.));
#4099 = ( GEOMETRIC_REPRESENTATION_CONTEXT(2) 
PARAMETRIC_REPRESENTATION_CONTEXT() REPRESENTATION_CONTEXT('2D SPACE',''
  ) );
#4100 = PCURVE('',#4101,#4106);
#4101 = PLANE('',#4102);
#4102 = AXIS2_PLACEMENT_3D('',#4103,#4104,#4105);
#4103 = CARTESIAN_POINT('',(127.,177.8,8.613796110485E-16));
#4104 = DIRECTION('',(0.,1.,0.));
#4105 = DIRECTION('',(0.,-0.,1.));
#4106 = DEFINITIONAL_REPRESENTATION('',(#4107),#4111);
#4107 = CIRCLE('',#4108,4.7625);
#4108 = AXIS2_PLACEMENT_2D('',#4109,#4110);
#4109 = CARTESIAN_POINT('',(-8.613796110485E-16,0.));
#4110 = DIRECTION('',(1.,0.));
#4111 = ( GEOMETRIC_REPRESENTATION_CONTEXT(2) 
PARAMETRIC_REPRESENTATION_CONTEXT() REPRESENTATION_CONTEXT('2D SPACE',''
  ) );
#4112 = ORIENTED_EDGE('',*,*,#4113,.F.);
#4113 = EDGE_CURVE('',#4028,#4085,#4114,.T.);
#4114 = SURFACE_CURVE('',#4115,(#4120,#4133),.PCURVE_S1.);
#4115 = ELLIPSE('',#4116,6.735192090802,4.7625);
#4116 = AXIS2_PLACEMENT_3D('',#4117,#4118,#4119);
#4117 = CARTESIAN_POINT('',(127.,177.8,0.));
#4118 = DIRECTION('',(0.,0.707106781187,0.707106781187));
#4119 = DIRECTION('',(0.,0.707106781187,-0.707106781187));
#4120 = PCURVE('',#1055,#4121);
#4121 = DEFINITIONAL_REPRESENTATION('',(#4122),#4132);
#4122 = B_SPLINE_CURVE_WITH_KNOTS('',8,(#4123,#4124,#4125,#4126,#4127,
    #4128,#4129,#4130,#4131),.UNSPECIFIED.,.F.,.F.,(9,9),(3.14159265359,
    4.712388980385),.PIECEWISE_BEZIER_KNOTS.);
#4123 = CARTESIAN_POINT('',(0.,173.0375));
#4124 = CARTESIAN_POINT('',(0.196349540849,173.0375));
#4125 = CARTESIAN_POINT('',(0.392699081699,173.2473394455));
#4126 = CARTESIAN_POINT('',(0.589048622546,173.66701655439));
#4127 = CARTESIAN_POINT('',(0.785398163397,174.27928019974));
#4128 = CARTESIAN_POINT('',(0.981747704244,175.04959309363));
#4129 = CARTESIAN_POINT('',(1.178097245096,175.92977040124));
#4130 = CARTESIAN_POINT('',(1.374446785946,176.8648853117));
#4131 = CARTESIAN_POINT('',(1.570796326795,177.8));
#4132 = ( GEOMETRIC_REPRESENTATION_CONTEXT(2) 
PARAMETRIC_REPRESENTATION_CONTEXT() REPRESENTATION_CONTEXT('2D SPACE',''
  ) );
#4133 = PCURVE('',#2500,#4134);
#4134 = DEFINITIONAL_REPRESENTATION('',(#4135),#4145);
#4135 = B_SPLINE_CURVE_WITH_KNOTS('',8,(#4136,#4137,#4138,#4139,#4140,
    #4141,#4142,#4143,#4144),.UNSPECIFIED.,.F.,.F.,(9,9),(3.14159265359,
    4.712388980385),.PIECEWISE_BEZIER_KNOTS.);
#4136 = CARTESIAN_POINT('',(4.712388980385,4.7625));
#4137 = CARTESIAN_POINT('',(4.908738521234,4.7625));
#4138 = CARTESIAN_POINT('',(5.105088062083,4.552660554362));
#4139 = CARTESIAN_POINT('',(5.301437602937,4.132983445696));
#4140 = CARTESIAN_POINT('',(5.497787143777,3.520719799607));
#4141 = CARTESIAN_POINT('',(5.694136684636,2.750406906524));
#4142 = CARTESIAN_POINT('',(5.89048622548,1.870229598612));
#4143 = CARTESIAN_POINT('',(6.08683576633,0.935114688295));
#4144 = CARTESIAN_POINT('',(6.28318530718,8.748570571409E-16));
#4145 = ( GEOMETRIC_REPRESENTATION_CONTEXT(2) 
PARAMETRIC_REPRESENTATION_CONTEXT() REPRESENTATION_CONTEXT('2D SPACE',''
  ) );
#4146 = ORIENTED_EDGE('',*,*,#4027,.F.);
#4147 = ORIENTED_EDGE('',*,*,#4005,.F.);
#4148 = ORIENTED_EDGE('',*,*,#3983,.F.);
#4149 = ORIENTED_EDGE('',*,*,#3961,.F.);
#4150 = ORIENTED_EDGE('',*,*,#3814,.T.);
#4151 = FACE_BOUND('',#4152,.T.);
#4152 = EDGE_LOOP('',(#4153,#4194,#4244));
#4153 = ORIENTED_EDGE('',*,*,#4154,.T.);
#4154 = EDGE_CURVE('',#4155,#3962,#4157,.T.);
#4155 = VERTEX_POINT('',#4156);
#4156 = CARTESIAN_POINT('',(122.2375,49.2125,-5.832380380939E-16));
#4157 = SURFACE_CURVE('',#4158,(#4163,#4176),.PCURVE_S1.);
#4158 = ELLIPSE('',#4159,6.735192090802,4.7625);
#4159 = AXIS2_PLACEMENT_3D('',#4160,#4161,#4162);
#4160 = CARTESIAN_POINT('',(127.,44.45,0.));
#4161 = DIRECTION('',(0.707106781187,0.707106781187,0.));
#4162 = DIRECTION('',(-0.707106781187,0.707106781187,0.));
#4163 = PCURVE('',#1055,#4164);
#4164 = DEFINITIONAL_REPRESENTATION('',(#4165),#4175);
#4165 = B_SPLINE_CURVE_WITH_KNOTS('',8,(#4166,#4167,#4168,#4169,#4170,
    #4171,#4172,#4173,#4174),.UNSPECIFIED.,.F.,.F.,(9,9),(0.,
    1.570796326795),.PIECEWISE_BEZIER_KNOTS.);
#4166 = CARTESIAN_POINT('',(4.712388980385,49.2125));
#4167 = CARTESIAN_POINT('',(4.908738521234,49.2125));
#4168 = CARTESIAN_POINT('',(5.105088062083,49.002660554336));
#4169 = CARTESIAN_POINT('',(5.301437602935,48.582983445679));
#4170 = CARTESIAN_POINT('',(5.497787143781,47.970719799396));
#4171 = CARTESIAN_POINT('',(5.694136684634,47.200406906502));
#4172 = CARTESIAN_POINT('',(5.890486225481,46.320229598595));
#4173 = CARTESIAN_POINT('',(6.08683576633,45.385114688295));
#4174 = CARTESIAN_POINT('',(6.28318530718,44.45));
#4175 = ( GEOMETRIC_REPRESENTATION_CONTEXT(2) 
PARAMETRIC_REPRESENTATION_CONTEXT() REPRESENTATION_CONTEXT('2D SPACE',''
  ) );
#4176 = PCURVE('',#4177,#4182);
#4177 = CYLINDRICAL_SURFACE('',#4178,4.7625);
#4178 = AXIS2_PLACEMENT_3D('',#4179,#4180,#4181);
#4179 = CARTESIAN_POINT('',(-127.,44.45,0.));
#4180 = DIRECTION('',(1.,0.,0.));
#4181 = DIRECTION('',(0.,0.,1.));
#4182 = DEFINITIONAL_REPRESENTATION('',(#4183),#4193);
#4183 = B_SPLINE_CURVE_WITH_KNOTS('',8,(#4184,#4185,#4186,#4187,#4188,
    #4189,#4190,#4191,#4192),.UNSPECIFIED.,.F.,.F.,(9,9),(0.,
    1.570796326795),.PIECEWISE_BEZIER_KNOTS.);
#4184 = CARTESIAN_POINT('',(4.712388980385,249.2375));
#4185 = CARTESIAN_POINT('',(4.908738521234,249.2375));
#4186 = CARTESIAN_POINT('',(5.105088062084,249.44733944572));
#4187 = CARTESIAN_POINT('',(5.301437602932,249.86701655351));
#4188 = CARTESIAN_POINT('',(5.497787143785,250.479280201));
#4189 = CARTESIAN_POINT('',(5.694136684631,251.24959309296));
#4190 = CARTESIAN_POINT('',(5.890486225482,252.12977040144));
#4191 = CARTESIAN_POINT('',(6.08683576633,253.0648853117));
#4192 = CARTESIAN_POINT('',(6.28318530718,254.));
#4193 = ( GEOMETRIC_REPRESENTATION_CONTEXT(2) 
PARAMETRIC_REPRESENTATION_CONTEXT() REPRESENTATION_CONTEXT('2D SPACE',''
  ) );
#4194 = ORIENTED_EDGE('',*,*,#4195,.F.);
#4195 = EDGE_CURVE('',#4196,#3962,#4198,.T.);
#4196 = VERTEX_POINT('',#4197);
#4197 = CARTESIAN_POINT('',(127.,44.45,-4.7625));
#4198 = SURFACE_CURVE('',#4199,(#4204,#4224),.PCURVE_S1.);
#4199 = ELLIPSE('',#4200,6.735192090802,4.7625);
#4200 = AXIS2_PLACEMENT_3D('',#4201,#4202,#4203);
#4201 = CARTESIAN_POINT('',(127.,44.45,0.));
#4202 = DIRECTION('',(-0.707106781187,0.707106781187,0.));
#4203 = DIRECTION('',(0.707106781187,0.707106781187,0.));
#4204 = PCURVE('',#1055,#4205);
#4205 = DEFINITIONAL_REPRESENTATION('',(#4206),#4223);
#4206 = B_SPLINE_CURVE_WITH_KNOTS('',8,(#4207,#4208,#4209,#4210,#4211,
    #4212,#4213,#4214,#4215,#4216,#4217,#4218,#4219,#4220,#4221,#4222),
  .UNSPECIFIED.,.F.,.F.,(9,7,9),(1.570796326795,3.14159265359,
    4.712388980385),.UNSPECIFIED.);
#4207 = CARTESIAN_POINT('',(3.14159265359,44.45));
#4208 = CARTESIAN_POINT('',(3.337942194439,43.514885311705));
#4209 = CARTESIAN_POINT('',(3.53429173529,42.57977040137));
#4210 = CARTESIAN_POINT('',(3.730641276134,41.699593093436));
#4211 = CARTESIAN_POINT('',(3.926990817002,40.929280200318));
#4212 = CARTESIAN_POINT('',(4.123340357833,40.317016554286));
#4213 = CARTESIAN_POINT('',(4.319689898688,39.897339445624));
#4214 = CARTESIAN_POINT('',(4.516039439535,39.6875));
#4215 = CARTESIAN_POINT('',(4.908738521234,39.6875));
#4216 = CARTESIAN_POINT('',(5.105088062084,39.897339445608));
#4217 = CARTESIAN_POINT('',(5.301437602932,40.317016554271));
#4218 = CARTESIAN_POINT('',(5.497787143784,40.929280200282));
#4219 = CARTESIAN_POINT('',(5.69413668463,41.699593093434));
#4220 = CARTESIAN_POINT('',(5.890486225481,42.579770401355));
#4221 = CARTESIAN_POINT('',(6.08683576633,43.514885311705));
#4222 = CARTESIAN_POINT('',(6.28318530718,44.45));
#4223 = ( GEOMETRIC_REPRESENTATION_CONTEXT(2) 
PARAMETRIC_REPRESENTATION_CONTEXT() REPRESENTATION_CONTEXT('2D SPACE',''
  ) );
#4224 = PCURVE('',#4177,#4225);
#4225 = DEFINITIONAL_REPRESENTATION('',(#4226),#4243);
#4226 = B_SPLINE_CURVE_WITH_KNOTS('',8,(#4227,#4228,#4229,#4230,#4231,
    #4232,#4233,#4234,#4235,#4236,#4237,#4238,#4239,#4240,#4241,#4242),
  .UNSPECIFIED.,.F.,.F.,(9,7,9),(1.570796326795,3.14159265359,
    4.712388980385),.UNSPECIFIED.);
#4227 = CARTESIAN_POINT('',(3.14159265359,254.));
#4228 = CARTESIAN_POINT('',(2.94524311274,253.0648853117));
#4229 = CARTESIAN_POINT('',(2.748893571891,252.12977040148));
#4230 = CARTESIAN_POINT('',(2.552544031034,251.24959309271));
#4231 = CARTESIAN_POINT('',(2.356194490194,250.47928020111));
#4232 = CARTESIAN_POINT('',(2.159844949338,249.86701655334));
#4233 = CARTESIAN_POINT('',(1.963495408495,249.44733944576));
#4234 = CARTESIAN_POINT('',(1.767145867644,249.2375));
#4235 = CARTESIAN_POINT('',(1.374446785946,249.2375));
#4236 = CARTESIAN_POINT('',(1.178097245096,249.44733944572));
#4237 = CARTESIAN_POINT('',(0.981747704243,249.86701655351));
#4238 = CARTESIAN_POINT('',(0.785398163397,250.479280201));
#4239 = CARTESIAN_POINT('',(0.589048622546,251.24959309296));
#4240 = CARTESIAN_POINT('',(0.392699081699,252.12977040144));
#4241 = CARTESIAN_POINT('',(0.196349540849,253.0648853117));
#4242 = CARTESIAN_POINT('',(0.,254.));
#4243 = ( GEOMETRIC_REPRESENTATION_CONTEXT(2) 
PARAMETRIC_REPRESENTATION_CONTEXT() REPRESENTATION_CONTEXT('2D SPACE',''
  ) );
#4244 = ORIENTED_EDGE('',*,*,#4245,.T.);
#4245 = EDGE_CURVE('',#4196,#4155,#4246,.T.);
#4246 = SURFACE_CURVE('',#4247,(#4252,#4265),.PCURVE_S1.);
#4247 = ELLIPSE('',#4248,6.735192090802,4.7625);
#4248 = AXIS2_PLACEMENT_3D('',#4249,#4250,#4251);
#4249 = CARTESIAN_POINT('',(127.,44.45,0.));
#4250 = DIRECTION('',(0.707106781187,0.707106781187,0.));
#4251 = DIRECTION('',(-0.707106781187,0.707106781187,0.));
#4252 = PCURVE('',#1055,#4253);
#4253 = DEFINITIONAL_REPRESENTATION('',(#4254),#4264);
#4254 = B_SPLINE_CURVE_WITH_KNOTS('',8,(#4255,#4256,#4257,#4258,#4259,
    #4260,#4261,#4262,#4263),.UNSPECIFIED.,.F.,.F.,(9,9),(4.712388980385
    ,6.28318530718),.PIECEWISE_BEZIER_KNOTS.);
#4255 = CARTESIAN_POINT('',(3.14159265359,44.45));
#4256 = CARTESIAN_POINT('',(3.337942194439,45.385114688295));
#4257 = CARTESIAN_POINT('',(3.534291735284,46.320229598605));
#4258 = CARTESIAN_POINT('',(3.730641276131,47.200406906477));
#4259 = CARTESIAN_POINT('',(3.926990816972,47.970719799511));
#4260 = CARTESIAN_POINT('',(4.123340357833,48.582983445654));
#4261 = CARTESIAN_POINT('',(4.319689898683,49.002660554341));
#4262 = CARTESIAN_POINT('',(4.516039439535,49.2125));
#4263 = CARTESIAN_POINT('',(4.712388980385,49.2125));
#4264 = ( GEOMETRIC_REPRESENTATION_CONTEXT(2) 
PARAMETRIC_REPRESENTATION_CONTEXT() REPRESENTATION_CONTEXT('2D SPACE',''
  ) );
#4265 = PCURVE('',#4177,#4266);
#4266 = DEFINITIONAL_REPRESENTATION('',(#4267),#4277);
#4267 = B_SPLINE_CURVE_WITH_KNOTS('',8,(#4268,#4269,#4270,#4271,#4272,
    #4273,#4274,#4275,#4276),.UNSPECIFIED.,.F.,.F.,(9,9),(4.712388980385
    ,6.28318530718),.PIECEWISE_BEZIER_KNOTS.);
#4268 = CARTESIAN_POINT('',(3.14159265359,254.));
#4269 = CARTESIAN_POINT('',(3.337942194439,253.0648853117));
#4270 = CARTESIAN_POINT('',(3.53429173528,252.12977040148));
#4271 = CARTESIAN_POINT('',(3.730641276156,251.24959309271));
#4272 = CARTESIAN_POINT('',(3.926990816946,250.47928020111));
#4273 = CARTESIAN_POINT('',(4.12334035785,249.86701655334));
#4274 = CARTESIAN_POINT('',(4.319689898678,249.44733944576));
#4275 = CARTESIAN_POINT('',(4.516039439535,249.2375));
#4276 = CARTESIAN_POINT('',(4.712388980385,249.2375));
#4277 = ( GEOMETRIC_REPRESENTATION_CONTEXT(2) 
PARAMETRIC_REPRESENTATION_CONTEXT() REPRESENTATION_CONTEXT('2D SPACE',''
  ) );
#4278 = FACE_BOUND('',#4279,.T.);
#4279 = EDGE_LOOP('',(#4280,#4321,#4371));
#4280 = ORIENTED_EDGE('',*,*,#4281,.T.);
#4281 = EDGE_CURVE('',#4282,#3984,#4284,.T.);
#4282 = VERTEX_POINT('',#4283);
#4283 = CARTESIAN_POINT('',(122.2375,93.6625,-5.832380380939E-16));
#4284 = SURFACE_CURVE('',#4285,(#4290,#4303),.PCURVE_S1.);
#4285 = ELLIPSE('',#4286,6.735192090802,4.7625);
#4286 = AXIS2_PLACEMENT_3D('',#4287,#4288,#4289);
#4287 = CARTESIAN_POINT('',(127.,88.9,0.));
#4288 = DIRECTION('',(0.707106781187,0.707106781187,0.));
#4289 = DIRECTION('',(-0.707106781187,0.707106781187,0.));
#4290 = PCURVE('',#1055,#4291);
#4291 = DEFINITIONAL_REPRESENTATION('',(#4292),#4302);
#4292 = B_SPLINE_CURVE_WITH_KNOTS('',8,(#4293,#4294,#4295,#4296,#4297,
    #4298,#4299,#4300,#4301),.UNSPECIFIED.,.F.,.F.,(9,9),(0.,
    1.570796326795),.PIECEWISE_BEZIER_KNOTS.);
#4293 = CARTESIAN_POINT('',(4.712388980385,93.6625));
#4294 = CARTESIAN_POINT('',(4.908738521234,93.6625));
#4295 = CARTESIAN_POINT('',(5.105088062083,93.452660554223));
#4296 = CARTESIAN_POINT('',(5.301437602935,93.032983445956));
#4297 = CARTESIAN_POINT('',(5.497787143781,92.420719798999));
#4298 = CARTESIAN_POINT('',(5.694136684634,91.65040690676));
#4299 = CARTESIAN_POINT('',(5.890486225481,90.770229598473));
#4300 = CARTESIAN_POINT('',(6.08683576633,89.835114688295));
#4301 = CARTESIAN_POINT('',(6.28318530718,88.9));
#4302 = ( GEOMETRIC_REPRESENTATION_CONTEXT(2) 
PARAMETRIC_REPRESENTATION_CONTEXT() REPRESENTATION_CONTEXT('2D SPACE',''
  ) );
#4303 = PCURVE('',#4304,#4309);
#4304 = CYLINDRICAL_SURFACE('',#4305,4.7625);
#4305 = AXIS2_PLACEMENT_3D('',#4306,#4307,#4308);
#4306 = CARTESIAN_POINT('',(-127.,88.9,0.));
#4307 = DIRECTION('',(1.,0.,0.));
#4308 = DIRECTION('',(0.,0.,1.));
#4309 = DEFINITIONAL_REPRESENTATION('',(#4310),#4320);
#4310 = B_SPLINE_CURVE_WITH_KNOTS('',8,(#4311,#4312,#4313,#4314,#4315,
    #4316,#4317,#4318,#4319),.UNSPECIFIED.,.F.,.F.,(9,9),(0.,
    1.570796326795),.PIECEWISE_BEZIER_KNOTS.);
#4311 = CARTESIAN_POINT('',(4.712388980385,249.2375));
#4312 = CARTESIAN_POINT('',(4.908738521234,249.2375));
#4313 = CARTESIAN_POINT('',(5.105088062083,249.44733944572));
#4314 = CARTESIAN_POINT('',(5.301437602935,249.86701655351));
#4315 = CARTESIAN_POINT('',(5.497787143781,250.479280201));
#4316 = CARTESIAN_POINT('',(5.694136684634,251.24959309296));
#4317 = CARTESIAN_POINT('',(5.890486225481,252.12977040144));
#4318 = CARTESIAN_POINT('',(6.08683576633,253.0648853117));
#4319 = CARTESIAN_POINT('',(6.28318530718,254.));
#4320 = ( GEOMETRIC_REPRESENTATION_CONTEXT(2) 
PARAMETRIC_REPRESENTATION_CONTEXT() REPRESENTATION_CONTEXT('2D SPACE',''
  ) );
#4321 = ORIENTED_EDGE('',*,*,#4322,.F.);
#4322 = EDGE_CURVE('',#4323,#3984,#4325,.T.);
#4323 = VERTEX_POINT('',#4324);
#4324 = CARTESIAN_POINT('',(127.,88.9,-4.7625));
#4325 = SURFACE_CURVE('',#4326,(#4331,#4351),.PCURVE_S1.);
#4326 = ELLIPSE('',#4327,6.735192090802,4.7625);
#4327 = AXIS2_PLACEMENT_3D('',#4328,#4329,#4330);
#4328 = CARTESIAN_POINT('',(127.,88.9,0.));
#4329 = DIRECTION('',(-0.707106781187,0.707106781187,0.));
#4330 = DIRECTION('',(0.707106781187,0.707106781187,0.));
#4331 = PCURVE('',#1055,#4332);
#4332 = DEFINITIONAL_REPRESENTATION('',(#4333),#4350);
#4333 = B_SPLINE_CURVE_WITH_KNOTS('',8,(#4334,#4335,#4336,#4337,#4338,
    #4339,#4340,#4341,#4342,#4343,#4344,#4345,#4346,#4347,#4348,#4349),
  .UNSPECIFIED.,.F.,.F.,(9,7,9),(1.570796326795,3.14159265359,
    4.712388980385),.UNSPECIFIED.);
#4334 = CARTESIAN_POINT('',(3.14159265359,88.9));
#4335 = CARTESIAN_POINT('',(3.337942194439,87.964885311705));
#4336 = CARTESIAN_POINT('',(3.53429173529,87.029770401285));
#4337 = CARTESIAN_POINT('',(3.730641276134,86.149593093531));
#4338 = CARTESIAN_POINT('',(3.926990817002,85.379280200073));
#4339 = CARTESIAN_POINT('',(4.123340357833,84.767016554372));
#4340 = CARTESIAN_POINT('',(4.319689898688,84.347339445559));
#4341 = CARTESIAN_POINT('',(4.516039439535,84.1375));
#4342 = CARTESIAN_POINT('',(4.908738521234,84.1375));
#4343 = CARTESIAN_POINT('',(5.105088062084,84.347339445616));
#4344 = CARTESIAN_POINT('',(5.301437602932,84.767016554167));
#4345 = CARTESIAN_POINT('',(5.497787143784,85.379280200145));
#4346 = CARTESIAN_POINT('',(5.69413668463,86.149593093383));
#4347 = CARTESIAN_POINT('',(5.890486225481,87.029770401356));
#4348 = CARTESIAN_POINT('',(6.08683576633,87.964885311705));
#4349 = CARTESIAN_POINT('',(6.28318530718,88.9));
#4350 = ( GEOMETRIC_REPRESENTATION_CONTEXT(2) 
PARAMETRIC_REPRESENTATION_CONTEXT() REPRESENTATION_CONTEXT('2D SPACE',''
  ) );
#4351 = PCURVE('',#4304,#4352);
#4352 = DEFINITIONAL_REPRESENTATION('',(#4353),#4370);
#4353 = B_SPLINE_CURVE_WITH_KNOTS('',8,(#4354,#4355,#4356,#4357,#4358,
    #4359,#4360,#4361,#4362,#4363,#4364,#4365,#4366,#4367,#4368,#4369),
  .UNSPECIFIED.,.F.,.F.,(9,7,9),(1.570796326795,3.14159265359,
    4.712388980385),.UNSPECIFIED.);
#4354 = CARTESIAN_POINT('',(3.14159265359,254.));
#4355 = CARTESIAN_POINT('',(2.94524311274,253.0648853117));
#4356 = CARTESIAN_POINT('',(2.748893571891,252.12977040148));
#4357 = CARTESIAN_POINT('',(2.55254403104,251.24959309271));
#4358 = CARTESIAN_POINT('',(2.356194490187,250.47928020111));
#4359 = CARTESIAN_POINT('',(2.159844949341,249.86701655334));
#4360 = CARTESIAN_POINT('',(1.963495408494,249.44733944576));
#4361 = CARTESIAN_POINT('',(1.767145867644,249.2375));
#4362 = CARTESIAN_POINT('',(1.374446785946,249.2375));
#4363 = CARTESIAN_POINT('',(1.178097245096,249.44733944572));
#4364 = CARTESIAN_POINT('',(0.981747704243,249.86701655351));
#4365 = CARTESIAN_POINT('',(0.785398163399,250.479280201));
#4366 = CARTESIAN_POINT('',(0.589048622546,251.24959309296));
#4367 = CARTESIAN_POINT('',(0.392699081699,252.12977040144));
#4368 = CARTESIAN_POINT('',(0.196349540849,253.0648853117));
#4369 = CARTESIAN_POINT('',(0.,254.));
#4370 = ( GEOMETRIC_REPRESENTATION_CONTEXT(2) 
PARAMETRIC_REPRESENTATION_CONTEXT() REPRESENTATION_CONTEXT('2D SPACE',''
  ) );
#4371 = ORIENTED_EDGE('',*,*,#4372,.T.);
#4372 = EDGE_CURVE('',#4323,#4282,#4373,.T.);
#4373 = SURFACE_CURVE('',#4374,(#4379,#4392),.PCURVE_S1.);
#4374 = ELLIPSE('',#4375,6.735192090802,4.7625);
#4375 = AXIS2_PLACEMENT_3D('',#4376,#4377,#4378);
#4376 = CARTESIAN_POINT('',(127.,88.9,0.));
#4377 = DIRECTION('',(0.707106781187,0.707106781187,0.));
#4378 = DIRECTION('',(-0.707106781187,0.707106781187,0.));
#4379 = PCURVE('',#1055,#4380);
#4380 = DEFINITIONAL_REPRESENTATION('',(#4381),#4391);
#4381 = B_SPLINE_CURVE_WITH_KNOTS('',8,(#4382,#4383,#4384,#4385,#4386,
    #4387,#4388,#4389,#4390),.UNSPECIFIED.,.F.,.F.,(9,9),(4.712388980385
    ,6.28318530718),.PIECEWISE_BEZIER_KNOTS.);
#4382 = CARTESIAN_POINT('',(3.14159265359,88.9));
#4383 = CARTESIAN_POINT('',(3.337942194439,89.835114688295));
#4384 = CARTESIAN_POINT('',(3.534291735284,90.770229598624));
#4385 = CARTESIAN_POINT('',(3.730641276131,91.650406906341));
#4386 = CARTESIAN_POINT('',(3.926990816972,92.42071979969));
#4387 = CARTESIAN_POINT('',(4.123340357833,93.032983445501));
#4388 = CARTESIAN_POINT('',(4.319689898683,93.452660554342));
#4389 = CARTESIAN_POINT('',(4.516039439535,93.6625));
#4390 = CARTESIAN_POINT('',(4.712388980385,93.6625));
#4391 = ( GEOMETRIC_REPRESENTATION_CONTEXT(2) 
PARAMETRIC_REPRESENTATION_CONTEXT() REPRESENTATION_CONTEXT('2D SPACE',''
  ) );
#4392 = PCURVE('',#4304,#4393);
#4393 = DEFINITIONAL_REPRESENTATION('',(#4394),#4404);
#4394 = B_SPLINE_CURVE_WITH_KNOTS('',8,(#4395,#4396,#4397,#4398,#4399,
    #4400,#4401,#4402,#4403),.UNSPECIFIED.,.F.,.F.,(9,9),(4.712388980385
    ,6.28318530718),.PIECEWISE_BEZIER_KNOTS.);
#4395 = CARTESIAN_POINT('',(3.14159265359,254.));
#4396 = CARTESIAN_POINT('',(3.337942194439,253.0648853117));
#4397 = CARTESIAN_POINT('',(3.534291735284,252.12977040148));
#4398 = CARTESIAN_POINT('',(3.730641276131,251.24959309271));
#4399 = CARTESIAN_POINT('',(3.926990816972,250.47928020111));
#4400 = CARTESIAN_POINT('',(4.123340357833,249.86701655334));
#4401 = CARTESIAN_POINT('',(4.319689898683,249.44733944576));
#4402 = CARTESIAN_POINT('',(4.516039439535,249.2375));
#4403 = CARTESIAN_POINT('',(4.712388980385,249.2375));
#4404 = ( GEOMETRIC_REPRESENTATION_CONTEXT(2) 
PARAMETRIC_REPRESENTATION_CONTEXT() REPRESENTATION_CONTEXT('2D SPACE',''
  ) );
#4405 = FACE_BOUND('',#4406,.T.);
#4406 = EDGE_LOOP('',(#4407,#4448,#4498));
#4407 = ORIENTED_EDGE('',*,*,#4408,.T.);
#4408 = EDGE_CURVE('',#4409,#4006,#4411,.T.);
#4409 = VERTEX_POINT('',#4410);
#4410 = CARTESIAN_POINT('',(122.2375,138.1125,-5.832380380939E-16));
#4411 = SURFACE_CURVE('',#4412,(#4417,#4430),.PCURVE_S1.);
#4412 = ELLIPSE('',#4413,6.735192090802,4.7625);
#4413 = AXIS2_PLACEMENT_3D('',#4414,#4415,#4416);
#4414 = CARTESIAN_POINT('',(127.,133.35,0.));
#4415 = DIRECTION('',(0.707106781187,0.707106781187,0.));
#4416 = DIRECTION('',(-0.707106781187,0.707106781187,0.));
#4417 = PCURVE('',#1055,#4418);
#4418 = DEFINITIONAL_REPRESENTATION('',(#4419),#4429);
#4419 = B_SPLINE_CURVE_WITH_KNOTS('',8,(#4420,#4421,#4422,#4423,#4424,
    #4425,#4426,#4427,#4428),.UNSPECIFIED.,.F.,.F.,(9,9),(0.,
    1.570796326795),.PIECEWISE_BEZIER_KNOTS.);
#4420 = CARTESIAN_POINT('',(4.712388980385,138.1125));
#4421 = CARTESIAN_POINT('',(4.908738521234,138.1125));
#4422 = CARTESIAN_POINT('',(5.105088062083,137.90266055424));
#4423 = CARTESIAN_POINT('',(5.301437602935,137.48298344575));
#4424 = CARTESIAN_POINT('',(5.497787143781,136.87071979899));
#4425 = CARTESIAN_POINT('',(5.694136684634,136.1004069065));
#4426 = CARTESIAN_POINT('',(5.890486225481,135.2202295985));
#4427 = CARTESIAN_POINT('',(6.08683576633,134.28511468829));
#4428 = CARTESIAN_POINT('',(6.28318530718,133.35));
#4429 = ( GEOMETRIC_REPRESENTATION_CONTEXT(2) 
PARAMETRIC_REPRESENTATION_CONTEXT() REPRESENTATION_CONTEXT('2D SPACE',''
  ) );
#4430 = PCURVE('',#4431,#4436);
#4431 = CYLINDRICAL_SURFACE('',#4432,4.7625);
#4432 = AXIS2_PLACEMENT_3D('',#4433,#4434,#4435);
#4433 = CARTESIAN_POINT('',(-127.,133.35,0.));
#4434 = DIRECTION('',(1.,0.,0.));
#4435 = DIRECTION('',(0.,0.,1.));
#4436 = DEFINITIONAL_REPRESENTATION('',(#4437),#4447);
#4437 = B_SPLINE_CURVE_WITH_KNOTS('',8,(#4438,#4439,#4440,#4441,#4442,
    #4443,#4444,#4445,#4446),.UNSPECIFIED.,.F.,.F.,(9,9),(0.,
    1.570796326795),.PIECEWISE_BEZIER_KNOTS.);
#4438 = CARTESIAN_POINT('',(4.712388980385,249.2375));
#4439 = CARTESIAN_POINT('',(4.908738521234,249.2375));
#4440 = CARTESIAN_POINT('',(5.105088062082,249.44733944572));
#4441 = CARTESIAN_POINT('',(5.301437602939,249.86701655351));
#4442 = CARTESIAN_POINT('',(5.497787143777,250.479280201));
#4443 = CARTESIAN_POINT('',(5.694136684637,251.24959309296));
#4444 = CARTESIAN_POINT('',(5.89048622548,252.12977040144));
#4445 = CARTESIAN_POINT('',(6.08683576633,253.0648853117));
#4446 = CARTESIAN_POINT('',(6.28318530718,254.));
#4447 = ( GEOMETRIC_REPRESENTATION_CONTEXT(2) 
PARAMETRIC_REPRESENTATION_CONTEXT() REPRESENTATION_CONTEXT('2D SPACE',''
  ) );
#4448 = ORIENTED_EDGE('',*,*,#4449,.F.);
#4449 = EDGE_CURVE('',#4450,#4006,#4452,.T.);
#4450 = VERTEX_POINT('',#4451);
#4451 = CARTESIAN_POINT('',(127.,133.35,-4.7625));
#4452 = SURFACE_CURVE('',#4453,(#4458,#4478),.PCURVE_S1.);
#4453 = ELLIPSE('',#4454,6.735192090802,4.7625);
#4454 = AXIS2_PLACEMENT_3D('',#4455,#4456,#4457);
#4455 = CARTESIAN_POINT('',(127.,133.35,0.));
#4456 = DIRECTION('',(-0.707106781187,0.707106781187,0.));
#4457 = DIRECTION('',(0.707106781187,0.707106781187,0.));
#4458 = PCURVE('',#1055,#4459);
#4459 = DEFINITIONAL_REPRESENTATION('',(#4460),#4477);
#4460 = B_SPLINE_CURVE_WITH_KNOTS('',8,(#4461,#4462,#4463,#4464,#4465,
    #4466,#4467,#4468,#4469,#4470,#4471,#4472,#4473,#4474,#4475,#4476),
  .UNSPECIFIED.,.F.,.F.,(9,7,9),(1.570796326795,3.14159265359,
    4.712388980385),.UNSPECIFIED.);
#4461 = CARTESIAN_POINT('',(3.14159265359,133.35));
#4462 = CARTESIAN_POINT('',(3.337942194439,132.4148853117));
#4463 = CARTESIAN_POINT('',(3.53429173529,131.47977040139));
#4464 = CARTESIAN_POINT('',(3.730641276134,130.59959309341));
#4465 = CARTESIAN_POINT('',(3.926990817002,129.82928020024));
#4466 = CARTESIAN_POINT('',(4.123340357833,129.21701655417));
#4467 = CARTESIAN_POINT('',(4.319689898688,128.79733944563));
#4468 = CARTESIAN_POINT('',(4.516039439535,128.5875));
#4469 = CARTESIAN_POINT('',(4.908738521234,128.5875));
#4470 = CARTESIAN_POINT('',(5.105088062084,128.79733944589));
#4471 = CARTESIAN_POINT('',(5.301437602932,129.21701655342));
#4472 = CARTESIAN_POINT('',(5.497787143784,129.82928020166));
#4473 = CARTESIAN_POINT('',(5.69413668463,130.59959309249));
#4474 = CARTESIAN_POINT('',(5.890486225481,131.47977040164));
#4475 = CARTESIAN_POINT('',(6.08683576633,132.4148853117));
#4476 = CARTESIAN_POINT('',(6.28318530718,133.35));
#4477 = ( GEOMETRIC_REPRESENTATION_CONTEXT(2) 
PARAMETRIC_REPRESENTATION_CONTEXT() REPRESENTATION_CONTEXT('2D SPACE',''
  ) );
#4478 = PCURVE('',#4431,#4479);
#4479 = DEFINITIONAL_REPRESENTATION('',(#4480),#4497);
#4480 = B_SPLINE_CURVE_WITH_KNOTS('',8,(#4481,#4482,#4483,#4484,#4485,
    #4486,#4487,#4488,#4489,#4490,#4491,#4492,#4493,#4494,#4495,#4496),
  .UNSPECIFIED.,.F.,.F.,(9,7,9),(1.570796326795,3.14159265359,
    4.712388980385),.UNSPECIFIED.);
#4481 = CARTESIAN_POINT('',(3.14159265359,254.));
#4482 = CARTESIAN_POINT('',(2.94524311274,253.0648853117));
#4483 = CARTESIAN_POINT('',(2.748893571891,252.12977040148));
#4484 = CARTESIAN_POINT('',(2.552544031039,251.24959309271));
#4485 = CARTESIAN_POINT('',(2.356194490187,250.47928020111));
#4486 = CARTESIAN_POINT('',(2.159844949341,249.86701655334));
#4487 = CARTESIAN_POINT('',(1.963495408493,249.44733944576));
#4488 = CARTESIAN_POINT('',(1.767145867644,249.2375));
#4489 = CARTESIAN_POINT('',(1.374446785946,249.2375));
#4490 = CARTESIAN_POINT('',(1.178097245097,249.44733944572));
#4491 = CARTESIAN_POINT('',(0.981747704241,249.86701655351));
#4492 = CARTESIAN_POINT('',(0.785398163402,250.479280201));
#4493 = CARTESIAN_POINT('',(0.589048622543,251.24959309296));
#4494 = CARTESIAN_POINT('',(0.3926990817,252.12977040144));
#4495 = CARTESIAN_POINT('',(0.196349540849,253.0648853117));
#4496 = CARTESIAN_POINT('',(0.,254.));
#4497 = ( GEOMETRIC_REPRESENTATION_CONTEXT(2) 
PARAMETRIC_REPRESENTATION_CONTEXT() REPRESENTATION_CONTEXT('2D SPACE',''
  ) );
#4498 = ORIENTED_EDGE('',*,*,#4499,.T.);
#4499 = EDGE_CURVE('',#4450,#4409,#4500,.T.);
#4500 = SURFACE_CURVE('',#4501,(#4506,#4519),.PCURVE_S1.);
#4501 = ELLIPSE('',#4502,6.735192090802,4.7625);
#4502 = AXIS2_PLACEMENT_3D('',#4503,#4504,#4505);
#4503 = CARTESIAN_POINT('',(127.,133.35,0.));
#4504 = DIRECTION('',(0.707106781187,0.707106781187,0.));
#4505 = DIRECTION('',(-0.707106781187,0.707106781187,0.));
#4506 = PCURVE('',#1055,#4507);
#4507 = DEFINITIONAL_REPRESENTATION('',(#4508),#4518);
#4508 = B_SPLINE_CURVE_WITH_KNOTS('',8,(#4509,#4510,#4511,#4512,#4513,
    #4514,#4515,#4516,#4517),.UNSPECIFIED.,.F.,.F.,(9,9),(4.712388980385
    ,6.28318530718),.PIECEWISE_BEZIER_KNOTS.);
#4509 = CARTESIAN_POINT('',(3.14159265359,133.35));
#4510 = CARTESIAN_POINT('',(3.337942194439,134.28511468829));
#4511 = CARTESIAN_POINT('',(3.534291735284,135.22022959858));
#4512 = CARTESIAN_POINT('',(3.730641276131,136.10040690638));
#4513 = CARTESIAN_POINT('',(3.926990816972,136.87071979946));
#4514 = CARTESIAN_POINT('',(4.123340357833,137.48298344542));
#4515 = CARTESIAN_POINT('',(4.319689898683,137.90266055429));
#4516 = CARTESIAN_POINT('',(4.516039439535,138.1125));
#4517 = CARTESIAN_POINT('',(4.712388980385,138.1125));
#4518 = ( GEOMETRIC_REPRESENTATION_CONTEXT(2) 
PARAMETRIC_REPRESENTATION_CONTEXT() REPRESENTATION_CONTEXT('2D SPACE',''
  ) );
#4519 = PCURVE('',#4431,#4520);
#4520 = DEFINITIONAL_REPRESENTATION('',(#4521),#4531);
#4521 = B_SPLINE_CURVE_WITH_KNOTS('',8,(#4522,#4523,#4524,#4525,#4526,
    #4527,#4528,#4529,#4530),.UNSPECIFIED.,.F.,.F.,(9,9),(4.712388980385
    ,6.28318530718),.PIECEWISE_BEZIER_KNOTS.);
#4522 = CARTESIAN_POINT('',(3.14159265359,254.));
#4523 = CARTESIAN_POINT('',(3.337942194439,253.0648853117));
#4524 = CARTESIAN_POINT('',(3.534291735288,252.12977040148));
#4525 = CARTESIAN_POINT('',(3.730641276134,251.24959309271));
#4526 = CARTESIAN_POINT('',(3.926990816975,250.47928020111));
#4527 = CARTESIAN_POINT('',(4.123340357835,249.86701655334));
#4528 = CARTESIAN_POINT('',(4.319689898684,249.44733944576));
#4529 = CARTESIAN_POINT('',(4.516039439535,249.2375));
#4530 = CARTESIAN_POINT('',(4.712388980385,249.2375));
#4531 = ( GEOMETRIC_REPRESENTATION_CONTEXT(2) 
PARAMETRIC_REPRESENTATION_CONTEXT() REPRESENTATION_CONTEXT('2D SPACE',''
  ) );
#4532 = ADVANCED_FACE('',(#4533),#1266,.T.);
#4533 = FACE_BOUND('',#4534,.T.);
#4534 = EDGE_LOOP('',(#4535,#4536,#4537,#4557,#4558,#4611,#4612,#4613));
#4535 = ORIENTED_EDGE('',*,*,#1320,.T.);
#4536 = ORIENTED_EDGE('',*,*,#1284,.T.);
#4537 = ORIENTED_EDGE('',*,*,#4538,.T.);
#4538 = EDGE_CURVE('',#882,#3149,#4539,.T.);
#4539 = SEAM_CURVE('',#4540,(#4544,#4551),.PCURVE_S1.);
#4540 = LINE('',#4541,#4542);
#4541 = CARTESIAN_POINT('',(-76.2,0.,4.7625));
#4542 = VECTOR('',#4543,1.);
#4543 = DIRECTION('',(0.,1.,0.));
#4544 = PCURVE('',#1266,#4545);
#4545 = DEFINITIONAL_REPRESENTATION('',(#4546),#4550);
#4546 = LINE('',#4547,#4548);
#4547 = CARTESIAN_POINT('',(0.,0.));
#4548 = VECTOR('',#4549,1.);
#4549 = DIRECTION('',(0.,1.));
#4550 = ( GEOMETRIC_REPRESENTATION_CONTEXT(2) 
PARAMETRIC_REPRESENTATION_CONTEXT() REPRESENTATION_CONTEXT('2D SPACE',''
  ) );
#4551 = PCURVE('',#1266,#4552);
#4552 = DEFINITIONAL_REPRESENTATION('',(#4553),#4556);
#4553 = B_SPLINE_CURVE_WITH_KNOTS('',1,(#4554,#4555),.UNSPECIFIED.,.F.,
  .F.,(2,2),(0.,177.8),.PIECEWISE_BEZIER_KNOTS.);
#4554 = CARTESIAN_POINT('',(6.28318530718,0.));
#4555 = CARTESIAN_POINT('',(6.28318530718,177.8));
#4556 = ( GEOMETRIC_REPRESENTATION_CONTEXT(2) 
PARAMETRIC_REPRESENTATION_CONTEXT() REPRESENTATION_CONTEXT('2D SPACE',''
  ) );
#4557 = ORIENTED_EDGE('',*,*,#3247,.F.);
#4558 = ORIENTED_EDGE('',*,*,#4559,.F.);
#4559 = EDGE_CURVE('',#3149,#3212,#4560,.T.);
#4560 = SURFACE_CURVE('',#4561,(#4566,#4586),.PCURVE_S1.);
#4561 = ELLIPSE('',#4562,6.735192090802,4.7625);
#4562 = AXIS2_PLACEMENT_3D('',#4563,#4564,#4565);
#4563 = CARTESIAN_POINT('',(-76.2,44.45,0.));
#4564 = DIRECTION('',(0.707106781187,0.707106781187,0.));
#4565 = DIRECTION('',(-0.707106781187,0.707106781187,0.));
#4566 = PCURVE('',#1266,#4567);
#4567 = DEFINITIONAL_REPRESENTATION('',(#4568),#4585);
#4568 = B_SPLINE_CURVE_WITH_KNOTS('',8,(#4569,#4570,#4571,#4572,#4573,
    #4574,#4575,#4576,#4577,#4578,#4579,#4580,#4581,#4582,#4583,#4584),
  .UNSPECIFIED.,.F.,.F.,(9,7,9),(1.570796326795,3.14159265359,
    4.712388980385),.UNSPECIFIED.);
#4569 = CARTESIAN_POINT('',(0.,44.45));
#4570 = CARTESIAN_POINT('',(0.196349540849,43.514885311705));
#4571 = CARTESIAN_POINT('',(0.392699081699,42.57977040137));
#4572 = CARTESIAN_POINT('',(0.589048622547,41.699593093436));
#4573 = CARTESIAN_POINT('',(0.785398163397,40.929280200318));
#4574 = CARTESIAN_POINT('',(0.981747704245,40.317016554286));
#4575 = CARTESIAN_POINT('',(1.178097245096,39.897339445624));
#4576 = CARTESIAN_POINT('',(1.374446785946,39.6875));
#4577 = CARTESIAN_POINT('',(1.767145867644,39.6875));
#4578 = CARTESIAN_POINT('',(1.96349540849,39.897339445608));
#4579 = CARTESIAN_POINT('',(2.15984494935,40.317016554271));
#4580 = CARTESIAN_POINT('',(2.356194490173,40.929280200282));
#4581 = CARTESIAN_POINT('',(2.55254403105,41.699593093434));
#4582 = CARTESIAN_POINT('',(2.748893571887,42.579770401355));
#4583 = CARTESIAN_POINT('',(2.94524311274,43.514885311705));
#4584 = CARTESIAN_POINT('',(3.14159265359,44.45));
#4585 = ( GEOMETRIC_REPRESENTATION_CONTEXT(2) 
PARAMETRIC_REPRESENTATION_CONTEXT() REPRESENTATION_CONTEXT('2D SPACE',''
  ) );
#4586 = PCURVE('',#4587,#4592);
#4587 = CYLINDRICAL_SURFACE('',#4588,4.7625);
#4588 = AXIS2_PLACEMENT_3D('',#4589,#4590,#4591);
#4589 = CARTESIAN_POINT('',(-127.,44.45,0.));
#4590 = DIRECTION('',(1.,0.,0.));
#4591 = DIRECTION('',(0.,0.,1.));
#4592 = DEFINITIONAL_REPRESENTATION('',(#4593),#4610);
#4593 = B_SPLINE_CURVE_WITH_KNOTS('',8,(#4594,#4595,#4596,#4597,#4598,
    #4599,#4600,#4601,#4602,#4603,#4604,#4605,#4606,#4607,#4608,#4609),
  .UNSPECIFIED.,.F.,.F.,(9,7,9),(1.570796326795,3.14159265359,
    4.712388980385),.UNSPECIFIED.);
#4594 = CARTESIAN_POINT('',(0.,50.8));
#4595 = CARTESIAN_POINT('',(0.196349540849,51.735114688295));
#4596 = CARTESIAN_POINT('',(0.392699081699,52.670229598573));
#4597 = CARTESIAN_POINT('',(0.589048622545,53.550406906545));
#4598 = CARTESIAN_POINT('',(0.7853981634,54.320719799495));
#4599 = CARTESIAN_POINT('',(0.981747704244,54.932983445645));
#4600 = CARTESIAN_POINT('',(1.178097245096,55.352660554329));
#4601 = CARTESIAN_POINT('',(1.374446785946,55.5625));
#4602 = CARTESIAN_POINT('',(1.767145867644,55.5625));
#4603 = CARTESIAN_POINT('',(1.96349540849,55.352660554341));
#4604 = CARTESIAN_POINT('',(2.159844949352,54.932983445715));
#4605 = CARTESIAN_POINT('',(2.356194490178,54.320719799375));
#4606 = CARTESIAN_POINT('',(2.552544031053,53.550406906565));
#4607 = CARTESIAN_POINT('',(2.748893571888,52.670229598591));
#4608 = CARTESIAN_POINT('',(2.94524311274,51.735114688295));
#4609 = CARTESIAN_POINT('',(3.14159265359,50.8));
#4610 = ( GEOMETRIC_REPRESENTATION_CONTEXT(2) 
PARAMETRIC_REPRESENTATION_CONTEXT() REPRESENTATION_CONTEXT('2D SPACE',''
  ) );
#4611 = ORIENTED_EDGE('',*,*,#4538,.F.);
#4612 = ORIENTED_EDGE('',*,*,#1243,.T.);
#4613 = ORIENTED_EDGE('',*,*,#1356,.T.);
#4614 = ADVANCED_FACE('',(#4615),#1415,.T.);
#4615 = FACE_BOUND('',#4616,.T.);
#4616 = EDGE_LOOP('',(#4617,#4618,#4619,#4641,#4691,#4744,#4745,#4746));
#4617 = ORIENTED_EDGE('',*,*,#1469,.T.);
#4618 = ORIENTED_EDGE('',*,*,#1433,.T.);
#4619 = ORIENTED_EDGE('',*,*,#4620,.T.);
#4620 = EDGE_CURVE('',#904,#4621,#4623,.T.);
#4621 = VERTEX_POINT('',#4622);
#4622 = CARTESIAN_POINT('',(-25.4,44.45,4.7625));
#4623 = SEAM_CURVE('',#4624,(#4628,#4635),.PCURVE_S1.);
#4624 = LINE('',#4625,#4626);
#4625 = CARTESIAN_POINT('',(-25.4,0.,4.7625));
#4626 = VECTOR('',#4627,1.);
#4627 = DIRECTION('',(0.,1.,0.));
#4628 = PCURVE('',#1415,#4629);
#4629 = DEFINITIONAL_REPRESENTATION('',(#4630),#4634);
#4630 = LINE('',#4631,#4632);
#4631 = CARTESIAN_POINT('',(0.,0.));
#4632 = VECTOR('',#4633,1.);
#4633 = DIRECTION('',(0.,1.));
#4634 = ( GEOMETRIC_REPRESENTATION_CONTEXT(2) 
PARAMETRIC_REPRESENTATION_CONTEXT() REPRESENTATION_CONTEXT('2D SPACE',''
  ) );
#4635 = PCURVE('',#1415,#4636);
#4636 = DEFINITIONAL_REPRESENTATION('',(#4637),#4640);
#4637 = B_SPLINE_CURVE_WITH_KNOTS('',1,(#4638,#4639),.UNSPECIFIED.,.F.,
  .F.,(2,2),(0.,177.8),.PIECEWISE_BEZIER_KNOTS.);
#4638 = CARTESIAN_POINT('',(6.28318530718,0.));
#4639 = CARTESIAN_POINT('',(6.28318530718,177.8));
#4640 = ( GEOMETRIC_REPRESENTATION_CONTEXT(2) 
PARAMETRIC_REPRESENTATION_CONTEXT() REPRESENTATION_CONTEXT('2D SPACE',''
  ) );
#4641 = ORIENTED_EDGE('',*,*,#4642,.F.);
#4642 = EDGE_CURVE('',#4643,#4621,#4645,.T.);
#4643 = VERTEX_POINT('',#4644);
#4644 = CARTESIAN_POINT('',(-25.4,44.45,-4.7625));
#4645 = SURFACE_CURVE('',#4646,(#4651,#4671),.PCURVE_S1.);
#4646 = ELLIPSE('',#4647,6.735192090802,4.7625);
#4647 = AXIS2_PLACEMENT_3D('',#4648,#4649,#4650);
#4648 = CARTESIAN_POINT('',(-25.4,44.45,0.));
#4649 = DIRECTION('',(-0.707106781187,0.707106781187,0.));
#4650 = DIRECTION('',(0.707106781187,0.707106781187,0.));
#4651 = PCURVE('',#1415,#4652);
#4652 = DEFINITIONAL_REPRESENTATION('',(#4653),#4670);
#4653 = B_SPLINE_CURVE_WITH_KNOTS('',8,(#4654,#4655,#4656,#4657,#4658,
    #4659,#4660,#4661,#4662,#4663,#4664,#4665,#4666,#4667,#4668,#4669),
  .UNSPECIFIED.,.F.,.F.,(9,7,9),(1.570796326795,3.14159265359,
    4.712388980385),.UNSPECIFIED.);
#4654 = CARTESIAN_POINT('',(3.14159265359,44.45));
#4655 = CARTESIAN_POINT('',(3.337942194439,43.514885311705));
#4656 = CARTESIAN_POINT('',(3.534291735288,42.57977040137));
#4657 = CARTESIAN_POINT('',(3.730641276146,41.699593093436));
#4658 = CARTESIAN_POINT('',(3.926990816986,40.929280200318));
#4659 = CARTESIAN_POINT('',(4.123340357841,40.317016554286));
#4660 = CARTESIAN_POINT('',(4.319689898685,39.897339445624));
#4661 = CARTESIAN_POINT('',(4.516039439535,39.6875));
#4662 = CARTESIAN_POINT('',(4.908738521234,39.6875));
#4663 = CARTESIAN_POINT('',(5.105088062084,39.897339445608));
#4664 = CARTESIAN_POINT('',(5.301437602935,40.317016554271));
#4665 = CARTESIAN_POINT('',(5.497787143781,40.929280200282));
#4666 = CARTESIAN_POINT('',(5.694136684633,41.699593093434));
#4667 = CARTESIAN_POINT('',(5.890486225481,42.579770401355));
#4668 = CARTESIAN_POINT('',(6.08683576633,43.514885311705));
#4669 = CARTESIAN_POINT('',(6.28318530718,44.45));
#4670 = ( GEOMETRIC_REPRESENTATION_CONTEXT(2) 
PARAMETRIC_REPRESENTATION_CONTEXT() REPRESENTATION_CONTEXT('2D SPACE',''
  ) );
#4671 = PCURVE('',#4587,#4672);
#4672 = DEFINITIONAL_REPRESENTATION('',(#4673),#4690);
#4673 = B_SPLINE_CURVE_WITH_KNOTS('',8,(#4674,#4675,#4676,#4677,#4678,
    #4679,#4680,#4681,#4682,#4683,#4684,#4685,#4686,#4687,#4688,#4689),
  .UNSPECIFIED.,.F.,.F.,(9,7,9),(1.570796326795,3.14159265359,
    4.712388980385),.UNSPECIFIED.);
#4674 = CARTESIAN_POINT('',(3.14159265359,101.6));
#4675 = CARTESIAN_POINT('',(2.94524311274,100.6648853117));
#4676 = CARTESIAN_POINT('',(2.748893571891,99.729770401288));
#4677 = CARTESIAN_POINT('',(2.552544031034,98.849593093664));
#4678 = CARTESIAN_POINT('',(2.356194490194,98.079280199716));
#4679 = CARTESIAN_POINT('',(2.159844949338,97.467016554542));
#4680 = CARTESIAN_POINT('',(1.963495408495,97.047339445535));
#4681 = CARTESIAN_POINT('',(1.767145867644,96.8375));
#4682 = CARTESIAN_POINT('',(1.374446785946,96.8375));
#4683 = CARTESIAN_POINT('',(1.178097245096,97.047339445533));
#4684 = CARTESIAN_POINT('',(0.981747704243,97.467016554384));
#4685 = CARTESIAN_POINT('',(0.785398163397,98.079280199929));
#4686 = CARTESIAN_POINT('',(0.589048622546,98.849593093509));
#4687 = CARTESIAN_POINT('',(0.392699081699,99.729770401331));
#4688 = CARTESIAN_POINT('',(0.196349540849,100.6648853117));
#4689 = CARTESIAN_POINT('',(0.,101.6));
#4690 = ( GEOMETRIC_REPRESENTATION_CONTEXT(2) 
PARAMETRIC_REPRESENTATION_CONTEXT() REPRESENTATION_CONTEXT('2D SPACE',''
  ) );
#4691 = ORIENTED_EDGE('',*,*,#4692,.F.);
#4692 = EDGE_CURVE('',#4621,#4643,#4693,.T.);
#4693 = SURFACE_CURVE('',#4694,(#4699,#4719),.PCURVE_S1.);
#4694 = ELLIPSE('',#4695,6.735192090802,4.7625);
#4695 = AXIS2_PLACEMENT_3D('',#4696,#4697,#4698);
#4696 = CARTESIAN_POINT('',(-25.4,44.45,0.));
#4697 = DIRECTION('',(0.707106781187,0.707106781187,0.));
#4698 = DIRECTION('',(-0.707106781187,0.707106781187,0.));
#4699 = PCURVE('',#1415,#4700);
#4700 = DEFINITIONAL_REPRESENTATION('',(#4701),#4718);
#4701 = B_SPLINE_CURVE_WITH_KNOTS('',8,(#4702,#4703,#4704,#4705,#4706,
    #4707,#4708,#4709,#4710,#4711,#4712,#4713,#4714,#4715,#4716,#4717),
  .UNSPECIFIED.,.F.,.F.,(9,7,9),(1.570796326795,3.14159265359,
    4.712388980385),.UNSPECIFIED.);
#4702 = CARTESIAN_POINT('',(0.,44.45));
#4703 = CARTESIAN_POINT('',(0.196349540849,43.514885311705));
#4704 = CARTESIAN_POINT('',(0.392699081699,42.57977040137));
#4705 = CARTESIAN_POINT('',(0.589048622545,41.699593093436));
#4706 = CARTESIAN_POINT('',(0.785398163398,40.929280200318));
#4707 = CARTESIAN_POINT('',(0.981747704244,40.317016554286));
#4708 = CARTESIAN_POINT('',(1.178097245096,39.897339445624));
#4709 = CARTESIAN_POINT('',(1.374446785946,39.6875));
#4710 = CARTESIAN_POINT('',(1.767145867644,39.6875));
#4711 = CARTESIAN_POINT('',(1.96349540849,39.897339445608));
#4712 = CARTESIAN_POINT('',(2.159844949352,40.317016554271));
#4713 = CARTESIAN_POINT('',(2.356194490178,40.929280200282));
#4714 = CARTESIAN_POINT('',(2.552544031053,41.699593093434));
#4715 = CARTESIAN_POINT('',(2.748893571888,42.579770401355));
#4716 = CARTESIAN_POINT('',(2.94524311274,43.514885311705));
#4717 = CARTESIAN_POINT('',(3.14159265359,44.45));
#4718 = ( GEOMETRIC_REPRESENTATION_CONTEXT(2) 
PARAMETRIC_REPRESENTATION_CONTEXT() REPRESENTATION_CONTEXT('2D SPACE',''
  ) );
#4719 = PCURVE('',#4720,#4725);
#4720 = CYLINDRICAL_SURFACE('',#4721,4.7625);
#4721 = AXIS2_PLACEMENT_3D('',#4722,#4723,#4724);
#4722 = CARTESIAN_POINT('',(-127.,44.45,0.));
#4723 = DIRECTION('',(1.,0.,0.));
#4724 = DIRECTION('',(0.,0.,1.));
#4725 = DEFINITIONAL_REPRESENTATION('',(#4726),#4743);
#4726 = B_SPLINE_CURVE_WITH_KNOTS('',8,(#4727,#4728,#4729,#4730,#4731,
    #4732,#4733,#4734,#4735,#4736,#4737,#4738,#4739,#4740,#4741,#4742),
  .UNSPECIFIED.,.F.,.F.,(9,7,9),(1.570796326795,3.14159265359,
    4.712388980385),.UNSPECIFIED.);
#4727 = CARTESIAN_POINT('',(0.,101.6));
#4728 = CARTESIAN_POINT('',(0.196349540849,102.53511468829));
#4729 = CARTESIAN_POINT('',(0.392699081699,103.47022959874));
#4730 = CARTESIAN_POINT('',(0.589048622545,104.35040690568));
#4731 = CARTESIAN_POINT('',(0.7853981634,105.12071980032));
#4732 = CARTESIAN_POINT('',(0.981747704244,105.73298344503));
#4733 = CARTESIAN_POINT('',(1.178097245096,106.1526605545));
#4734 = CARTESIAN_POINT('',(1.374446785946,106.3625));
#4735 = CARTESIAN_POINT('',(1.767145867644,106.3625));
#4736 = CARTESIAN_POINT('',(1.96349540849,106.15266055427));
#4737 = CARTESIAN_POINT('',(2.159844949352,105.73298344576));
#4738 = CARTESIAN_POINT('',(2.356194490178,105.12071979939));
#4739 = CARTESIAN_POINT('',(2.552544031053,104.3504069064));
#4740 = CARTESIAN_POINT('',(2.748893571888,103.4702295985));
#4741 = CARTESIAN_POINT('',(2.94524311274,102.53511468829));
#4742 = CARTESIAN_POINT('',(3.14159265359,101.6));
#4743 = ( GEOMETRIC_REPRESENTATION_CONTEXT(2) 
PARAMETRIC_REPRESENTATION_CONTEXT() REPRESENTATION_CONTEXT('2D SPACE',''
  ) );
#4744 = ORIENTED_EDGE('',*,*,#4620,.F.);
#4745 = ORIENTED_EDGE('',*,*,#1392,.T.);
#4746 = ORIENTED_EDGE('',*,*,#1505,.T.);
#4747 = ADVANCED_FACE('',(#4748),#1564,.T.);
#4748 = FACE_BOUND('',#4749,.T.);
#4749 = EDGE_LOOP('',(#4750,#4751,#4752,#4774,#4824,#4877,#4878,#4879));
#4750 = ORIENTED_EDGE('',*,*,#1618,.T.);
#4751 = ORIENTED_EDGE('',*,*,#1582,.T.);
#4752 = ORIENTED_EDGE('',*,*,#4753,.T.);
#4753 = EDGE_CURVE('',#926,#4754,#4756,.T.);
#4754 = VERTEX_POINT('',#4755);
#4755 = CARTESIAN_POINT('',(25.4,44.45,4.7625));
#4756 = SEAM_CURVE('',#4757,(#4761,#4768),.PCURVE_S1.);
#4757 = LINE('',#4758,#4759);
#4758 = CARTESIAN_POINT('',(25.4,0.,4.7625));
#4759 = VECTOR('',#4760,1.);
#4760 = DIRECTION('',(0.,1.,0.));
#4761 = PCURVE('',#1564,#4762);
#4762 = DEFINITIONAL_REPRESENTATION('',(#4763),#4767);
#4763 = LINE('',#4764,#4765);
#4764 = CARTESIAN_POINT('',(0.,0.));
#4765 = VECTOR('',#4766,1.);
#4766 = DIRECTION('',(0.,1.));
#4767 = ( GEOMETRIC_REPRESENTATION_CONTEXT(2) 
PARAMETRIC_REPRESENTATION_CONTEXT() REPRESENTATION_CONTEXT('2D SPACE',''
  ) );
#4768 = PCURVE('',#1564,#4769);
#4769 = DEFINITIONAL_REPRESENTATION('',(#4770),#4773);
#4770 = B_SPLINE_CURVE_WITH_KNOTS('',1,(#4771,#4772),.UNSPECIFIED.,.F.,
  .F.,(2,2),(0.,177.8),.PIECEWISE_BEZIER_KNOTS.);
#4771 = CARTESIAN_POINT('',(6.28318530718,0.));
#4772 = CARTESIAN_POINT('',(6.28318530718,177.8));
#4773 = ( GEOMETRIC_REPRESENTATION_CONTEXT(2) 
PARAMETRIC_REPRESENTATION_CONTEXT() REPRESENTATION_CONTEXT('2D SPACE',''
  ) );
#4774 = ORIENTED_EDGE('',*,*,#4775,.F.);
#4775 = EDGE_CURVE('',#4776,#4754,#4778,.T.);
#4776 = VERTEX_POINT('',#4777);
#4777 = CARTESIAN_POINT('',(25.4,44.45,-4.7625));
#4778 = SURFACE_CURVE('',#4779,(#4784,#4804),.PCURVE_S1.);
#4779 = ELLIPSE('',#4780,6.735192090802,4.7625);
#4780 = AXIS2_PLACEMENT_3D('',#4781,#4782,#4783);
#4781 = CARTESIAN_POINT('',(25.4,44.45,0.));
#4782 = DIRECTION('',(-0.707106781187,0.707106781187,0.));
#4783 = DIRECTION('',(0.707106781187,0.707106781187,0.));
#4784 = PCURVE('',#1564,#4785);
#4785 = DEFINITIONAL_REPRESENTATION('',(#4786),#4803);
#4786 = B_SPLINE_CURVE_WITH_KNOTS('',8,(#4787,#4788,#4789,#4790,#4791,
    #4792,#4793,#4794,#4795,#4796,#4797,#4798,#4799,#4800,#4801,#4802),
  .UNSPECIFIED.,.F.,.F.,(9,7,9),(1.570796326795,3.14159265359,
    4.712388980385),.UNSPECIFIED.);
#4787 = CARTESIAN_POINT('',(3.14159265359,44.45));
#4788 = CARTESIAN_POINT('',(3.337942194439,43.514885311705));
#4789 = CARTESIAN_POINT('',(3.534291735288,42.57977040137));
#4790 = CARTESIAN_POINT('',(3.730641276146,41.699593093436));
#4791 = CARTESIAN_POINT('',(3.926990816986,40.929280200318));
#4792 = CARTESIAN_POINT('',(4.123340357841,40.317016554286));
#4793 = CARTESIAN_POINT('',(4.319689898685,39.897339445624));
#4794 = CARTESIAN_POINT('',(4.516039439535,39.6875));
#4795 = CARTESIAN_POINT('',(4.908738521234,39.6875));
#4796 = CARTESIAN_POINT('',(5.105088062084,39.897339445608));
#4797 = CARTESIAN_POINT('',(5.301437602935,40.317016554271));
#4798 = CARTESIAN_POINT('',(5.497787143781,40.929280200282));
#4799 = CARTESIAN_POINT('',(5.694136684633,41.699593093434));
#4800 = CARTESIAN_POINT('',(5.890486225481,42.579770401355));
#4801 = CARTESIAN_POINT('',(6.08683576633,43.514885311705));
#4802 = CARTESIAN_POINT('',(6.28318530718,44.45));
#4803 = ( GEOMETRIC_REPRESENTATION_CONTEXT(2) 
PARAMETRIC_REPRESENTATION_CONTEXT() REPRESENTATION_CONTEXT('2D SPACE',''
  ) );
#4804 = PCURVE('',#4720,#4805);
#4805 = DEFINITIONAL_REPRESENTATION('',(#4806),#4823);
#4806 = B_SPLINE_CURVE_WITH_KNOTS('',8,(#4807,#4808,#4809,#4810,#4811,
    #4812,#4813,#4814,#4815,#4816,#4817,#4818,#4819,#4820,#4821,#4822),
  .UNSPECIFIED.,.F.,.F.,(9,7,9),(1.570796326795,3.14159265359,
    4.712388980385),.UNSPECIFIED.);
#4807 = CARTESIAN_POINT('',(3.14159265359,152.4));
#4808 = CARTESIAN_POINT('',(2.94524311274,151.4648853117));
#4809 = CARTESIAN_POINT('',(2.748893571891,150.52977040118));
#4810 = CARTESIAN_POINT('',(2.552544031034,149.64959309389));
#4811 = CARTESIAN_POINT('',(2.356194490194,148.8792801995));
#4812 = CARTESIAN_POINT('',(2.159844949338,148.26701655472));
#4813 = CARTESIAN_POINT('',(1.963495408495,147.84733944546));
#4814 = CARTESIAN_POINT('',(1.767145867644,147.6375));
#4815 = CARTESIAN_POINT('',(1.374446785946,147.6375));
#4816 = CARTESIAN_POINT('',(1.178097245096,147.84733944541));
#4817 = CARTESIAN_POINT('',(0.981747704243,148.26701655473));
#4818 = CARTESIAN_POINT('',(0.785398163397,148.87928019943));
#4819 = CARTESIAN_POINT('',(0.589048622546,149.64959309395));
#4820 = CARTESIAN_POINT('',(0.392699081699,150.5297704012));
#4821 = CARTESIAN_POINT('',(0.196349540849,151.4648853117));
#4822 = CARTESIAN_POINT('',(0.,152.4));
#4823 = ( GEOMETRIC_REPRESENTATION_CONTEXT(2) 
PARAMETRIC_REPRESENTATION_CONTEXT() REPRESENTATION_CONTEXT('2D SPACE',''
  ) );
#4824 = ORIENTED_EDGE('',*,*,#4825,.F.);
#4825 = EDGE_CURVE('',#4754,#4776,#4826,.T.);
#4826 = SURFACE_CURVE('',#4827,(#4832,#4852),.PCURVE_S1.);
#4827 = ELLIPSE('',#4828,6.735192090802,4.7625);
#4828 = AXIS2_PLACEMENT_3D('',#4829,#4830,#4831);
#4829 = CARTESIAN_POINT('',(25.4,44.45,0.));
#4830 = DIRECTION('',(0.707106781187,0.707106781187,0.));
#4831 = DIRECTION('',(-0.707106781187,0.707106781187,0.));
#4832 = PCURVE('',#1564,#4833);
#4833 = DEFINITIONAL_REPRESENTATION('',(#4834),#4851);
#4834 = B_SPLINE_CURVE_WITH_KNOTS('',8,(#4835,#4836,#4837,#4838,#4839,
    #4840,#4841,#4842,#4843,#4844,#4845,#4846,#4847,#4848,#4849,#4850),
  .UNSPECIFIED.,.F.,.F.,(9,7,9),(1.570796326795,3.14159265359,
    4.712388980385),.UNSPECIFIED.);
#4835 = CARTESIAN_POINT('',(0.,44.45));
#4836 = CARTESIAN_POINT('',(0.196349540849,43.514885311705));
#4837 = CARTESIAN_POINT('',(0.392699081699,42.57977040137));
#4838 = CARTESIAN_POINT('',(0.589048622545,41.699593093436));
#4839 = CARTESIAN_POINT('',(0.785398163398,40.929280200318));
#4840 = CARTESIAN_POINT('',(0.981747704244,40.317016554286));
#4841 = CARTESIAN_POINT('',(1.178097245096,39.897339445624));
#4842 = CARTESIAN_POINT('',(1.374446785946,39.6875));
#4843 = CARTESIAN_POINT('',(1.767145867644,39.6875));
#4844 = CARTESIAN_POINT('',(1.96349540849,39.897339445608));
#4845 = CARTESIAN_POINT('',(2.159844949352,40.317016554271));
#4846 = CARTESIAN_POINT('',(2.356194490178,40.929280200282));
#4847 = CARTESIAN_POINT('',(2.552544031053,41.699593093434));
#4848 = CARTESIAN_POINT('',(2.748893571888,42.579770401355));
#4849 = CARTESIAN_POINT('',(2.94524311274,43.514885311705));
#4850 = CARTESIAN_POINT('',(3.14159265359,44.45));
#4851 = ( GEOMETRIC_REPRESENTATION_CONTEXT(2) 
PARAMETRIC_REPRESENTATION_CONTEXT() REPRESENTATION_CONTEXT('2D SPACE',''
  ) );
#4852 = PCURVE('',#4853,#4858);
#4853 = CYLINDRICAL_SURFACE('',#4854,4.7625);
#4854 = AXIS2_PLACEMENT_3D('',#4855,#4856,#4857);
#4855 = CARTESIAN_POINT('',(-127.,44.45,0.));
#4856 = DIRECTION('',(1.,0.,0.));
#4857 = DIRECTION('',(0.,0.,1.));
#4858 = DEFINITIONAL_REPRESENTATION('',(#4859),#4876);
#4859 = B_SPLINE_CURVE_WITH_KNOTS('',8,(#4860,#4861,#4862,#4863,#4864,
    #4865,#4866,#4867,#4868,#4869,#4870,#4871,#4872,#4873,#4874,#4875),
  .UNSPECIFIED.,.F.,.F.,(9,7,9),(1.570796326795,3.14159265359,
    4.712388980385),.UNSPECIFIED.);
#4860 = CARTESIAN_POINT('',(0.,152.4));
#4861 = CARTESIAN_POINT('',(0.196349540849,153.33511468829));
#4862 = CARTESIAN_POINT('',(0.392699081699,154.2702295985));
#4863 = CARTESIAN_POINT('',(0.589048622545,155.15040690637));
#4864 = CARTESIAN_POINT('',(0.7853981634,155.92071979893));
#4865 = CARTESIAN_POINT('',(0.981747704244,156.53298344566));
#4866 = CARTESIAN_POINT('',(1.178097245096,156.95266055426));
#4867 = CARTESIAN_POINT('',(1.374446785946,157.1625));
#4868 = CARTESIAN_POINT('',(1.767145867644,157.1625));
#4869 = CARTESIAN_POINT('',(1.96349540849,156.95266055426));
#4870 = CARTESIAN_POINT('',(2.159844949352,156.53298344571));
#4871 = CARTESIAN_POINT('',(2.356194490178,155.9207197989));
#4872 = CARTESIAN_POINT('',(2.552544031053,155.15040690649));
#4873 = CARTESIAN_POINT('',(2.748893571888,154.27022959849));
#4874 = CARTESIAN_POINT('',(2.94524311274,153.33511468829));
#4875 = CARTESIAN_POINT('',(3.14159265359,152.4));
#4876 = ( GEOMETRIC_REPRESENTATION_CONTEXT(2) 
PARAMETRIC_REPRESENTATION_CONTEXT() REPRESENTATION_CONTEXT('2D SPACE',''
  ) );
#4877 = ORIENTED_EDGE('',*,*,#4753,.F.);
#4878 = ORIENTED_EDGE('',*,*,#1541,.T.);
#4879 = ORIENTED_EDGE('',*,*,#1654,.T.);
#4880 = ADVANCED_FACE('',(#4881),#1713,.T.);
#4881 = FACE_BOUND('',#4882,.T.);
#4882 = EDGE_LOOP('',(#4883,#4884,#4885,#4907,#4957,#5005,#5006,#5007));
#4883 = ORIENTED_EDGE('',*,*,#1767,.T.);
#4884 = ORIENTED_EDGE('',*,*,#1731,.T.);
#4885 = ORIENTED_EDGE('',*,*,#4886,.T.);
#4886 = EDGE_CURVE('',#948,#4887,#4889,.T.);
#4887 = VERTEX_POINT('',#4888);
#4888 = CARTESIAN_POINT('',(76.2,44.45,4.7625));
#4889 = SEAM_CURVE('',#4890,(#4894,#4901),.PCURVE_S1.);
#4890 = LINE('',#4891,#4892);
#4891 = CARTESIAN_POINT('',(76.2,0.,4.7625));
#4892 = VECTOR('',#4893,1.);
#4893 = DIRECTION('',(0.,1.,0.));
#4894 = PCURVE('',#1713,#4895);
#4895 = DEFINITIONAL_REPRESENTATION('',(#4896),#4900);
#4896 = LINE('',#4897,#4898);
#4897 = CARTESIAN_POINT('',(0.,0.));
#4898 = VECTOR('',#4899,1.);
#4899 = DIRECTION('',(0.,1.));
#4900 = ( GEOMETRIC_REPRESENTATION_CONTEXT(2) 
PARAMETRIC_REPRESENTATION_CONTEXT() REPRESENTATION_CONTEXT('2D SPACE',''
  ) );
#4901 = PCURVE('',#1713,#4902);
#4902 = DEFINITIONAL_REPRESENTATION('',(#4903),#4906);
#4903 = B_SPLINE_CURVE_WITH_KNOTS('',1,(#4904,#4905),.UNSPECIFIED.,.F.,
  .F.,(2,2),(0.,177.8),.PIECEWISE_BEZIER_KNOTS.);
#4904 = CARTESIAN_POINT('',(6.28318530718,0.));
#4905 = CARTESIAN_POINT('',(6.28318530718,177.8));
#4906 = ( GEOMETRIC_REPRESENTATION_CONTEXT(2) 
PARAMETRIC_REPRESENTATION_CONTEXT() REPRESENTATION_CONTEXT('2D SPACE',''
  ) );
#4907 = ORIENTED_EDGE('',*,*,#4908,.F.);
#4908 = EDGE_CURVE('',#4909,#4887,#4911,.T.);
#4909 = VERTEX_POINT('',#4910);
#4910 = CARTESIAN_POINT('',(76.2,44.45,-4.7625));
#4911 = SURFACE_CURVE('',#4912,(#4917,#4937),.PCURVE_S1.);
#4912 = ELLIPSE('',#4913,6.735192090802,4.7625);
#4913 = AXIS2_PLACEMENT_3D('',#4914,#4915,#4916);
#4914 = CARTESIAN_POINT('',(76.2,44.45,0.));
#4915 = DIRECTION('',(-0.707106781187,0.707106781187,0.));
#4916 = DIRECTION('',(0.707106781187,0.707106781187,0.));
#4917 = PCURVE('',#1713,#4918);
#4918 = DEFINITIONAL_REPRESENTATION('',(#4919),#4936);
#4919 = B_SPLINE_CURVE_WITH_KNOTS('',8,(#4920,#4921,#4922,#4923,#4924,
    #4925,#4926,#4927,#4928,#4929,#4930,#4931,#4932,#4933,#4934,#4935),
  .UNSPECIFIED.,.F.,.F.,(9,7,9),(1.570796326795,3.14159265359,
    4.712388980385),.UNSPECIFIED.);
#4920 = CARTESIAN_POINT('',(3.14159265359,44.45));
#4921 = CARTESIAN_POINT('',(3.337942194439,43.514885311705));
#4922 = CARTESIAN_POINT('',(3.53429173529,42.57977040137));
#4923 = CARTESIAN_POINT('',(3.730641276134,41.699593093436));
#4924 = CARTESIAN_POINT('',(3.926990817002,40.929280200318));
#4925 = CARTESIAN_POINT('',(4.123340357833,40.317016554286));
#4926 = CARTESIAN_POINT('',(4.319689898688,39.897339445624));
#4927 = CARTESIAN_POINT('',(4.516039439535,39.6875));
#4928 = CARTESIAN_POINT('',(4.908738521234,39.6875));
#4929 = CARTESIAN_POINT('',(5.105088062084,39.897339445608));
#4930 = CARTESIAN_POINT('',(5.301437602932,40.317016554271));
#4931 = CARTESIAN_POINT('',(5.497787143784,40.929280200282));
#4932 = CARTESIAN_POINT('',(5.69413668463,41.699593093434));
#4933 = CARTESIAN_POINT('',(5.890486225481,42.579770401355));
#4934 = CARTESIAN_POINT('',(6.08683576633,43.514885311705));
#4935 = CARTESIAN_POINT('',(6.28318530718,44.45));
#4936 = ( GEOMETRIC_REPRESENTATION_CONTEXT(2) 
PARAMETRIC_REPRESENTATION_CONTEXT() REPRESENTATION_CONTEXT('2D SPACE',''
  ) );
#4937 = PCURVE('',#4853,#4938);
#4938 = DEFINITIONAL_REPRESENTATION('',(#4939),#4956);
#4939 = B_SPLINE_CURVE_WITH_KNOTS('',8,(#4940,#4941,#4942,#4943,#4944,
    #4945,#4946,#4947,#4948,#4949,#4950,#4951,#4952,#4953,#4954,#4955),
  .UNSPECIFIED.,.F.,.F.,(9,7,9),(1.570796326795,3.14159265359,
    4.712388980385),.UNSPECIFIED.);
#4940 = CARTESIAN_POINT('',(3.14159265359,203.2));
#4941 = CARTESIAN_POINT('',(2.94524311274,202.2648853117));
#4942 = CARTESIAN_POINT('',(2.748893571891,201.32977040145));
#4943 = CARTESIAN_POINT('',(2.552544031034,200.44959309237));
#4944 = CARTESIAN_POINT('',(2.356194490194,199.6792802011));
#4945 = CARTESIAN_POINT('',(2.159844949338,199.06701655329));
#4946 = CARTESIAN_POINT('',(1.963495408495,198.64733944577));
#4947 = CARTESIAN_POINT('',(1.767145867644,198.4375));
#4948 = CARTESIAN_POINT('',(1.374446785946,198.4375));
#4949 = CARTESIAN_POINT('',(1.178097245096,198.64733944554));
#4950 = CARTESIAN_POINT('',(0.981747704243,199.06701655399));
#4951 = CARTESIAN_POINT('',(0.785398163397,199.67928019982));
#4952 = CARTESIAN_POINT('',(0.589048622546,200.44959309326));
#4953 = CARTESIAN_POINT('',(0.392699081699,201.32977040133));
#4954 = CARTESIAN_POINT('',(0.196349540849,202.2648853117));
#4955 = CARTESIAN_POINT('',(0.,203.2));
#4956 = ( GEOMETRIC_REPRESENTATION_CONTEXT(2) 
PARAMETRIC_REPRESENTATION_CONTEXT() REPRESENTATION_CONTEXT('2D SPACE',''
  ) );
#4957 = ORIENTED_EDGE('',*,*,#4958,.F.);
#4958 = EDGE_CURVE('',#4887,#4909,#4959,.T.);
#4959 = SURFACE_CURVE('',#4960,(#4965,#4985),.PCURVE_S1.);
#4960 = ELLIPSE('',#4961,6.735192090802,4.7625);
#4961 = AXIS2_PLACEMENT_3D('',#4962,#4963,#4964);
#4962 = CARTESIAN_POINT('',(76.2,44.45,0.));
#4963 = DIRECTION('',(0.707106781187,0.707106781187,0.));
#4964 = DIRECTION('',(-0.707106781187,0.707106781187,0.));
#4965 = PCURVE('',#1713,#4966);
#4966 = DEFINITIONAL_REPRESENTATION('',(#4967),#4984);
#4967 = B_SPLINE_CURVE_WITH_KNOTS('',8,(#4968,#4969,#4970,#4971,#4972,
    #4973,#4974,#4975,#4976,#4977,#4978,#4979,#4980,#4981,#4982,#4983),
  .UNSPECIFIED.,.F.,.F.,(9,7,9),(1.570796326795,3.14159265359,
    4.712388980385),.UNSPECIFIED.);
#4968 = CARTESIAN_POINT('',(0.,44.45));
#4969 = CARTESIAN_POINT('',(0.196349540849,43.514885311705));
#4970 = CARTESIAN_POINT('',(0.392699081699,42.57977040137));
#4971 = CARTESIAN_POINT('',(0.589048622547,41.699593093436));
#4972 = CARTESIAN_POINT('',(0.785398163397,40.929280200318));
#4973 = CARTESIAN_POINT('',(0.981747704245,40.317016554286));
#4974 = CARTESIAN_POINT('',(1.178097245096,39.897339445624));
#4975 = CARTESIAN_POINT('',(1.374446785946,39.6875));
#4976 = CARTESIAN_POINT('',(1.767145867644,39.6875));
#4977 = CARTESIAN_POINT('',(1.96349540849,39.897339445608));
#4978 = CARTESIAN_POINT('',(2.15984494935,40.317016554271));
#4979 = CARTESIAN_POINT('',(2.356194490173,40.929280200282));
#4980 = CARTESIAN_POINT('',(2.55254403105,41.699593093434));
#4981 = CARTESIAN_POINT('',(2.748893571887,42.579770401355));
#4982 = CARTESIAN_POINT('',(2.94524311274,43.514885311705));
#4983 = CARTESIAN_POINT('',(3.14159265359,44.45));
#4984 = ( GEOMETRIC_REPRESENTATION_CONTEXT(2) 
PARAMETRIC_REPRESENTATION_CONTEXT() REPRESENTATION_CONTEXT('2D SPACE',''
  ) );
#4985 = PCURVE('',#4177,#4986);
#4986 = DEFINITIONAL_REPRESENTATION('',(#4987),#5004);
#4987 = B_SPLINE_CURVE_WITH_KNOTS('',8,(#4988,#4989,#4990,#4991,#4992,
    #4993,#4994,#4995,#4996,#4997,#4998,#4999,#5000,#5001,#5002,#5003),
  .UNSPECIFIED.,.F.,.F.,(9,7,9),(1.570796326795,3.14159265359,
    4.712388980385),.UNSPECIFIED.);
#4988 = CARTESIAN_POINT('',(0.,203.2));
#4989 = CARTESIAN_POINT('',(0.196349540849,204.13511468829));
#4990 = CARTESIAN_POINT('',(0.392699081699,205.07022959834));
#4991 = CARTESIAN_POINT('',(0.589048622545,205.95040690694));
#4992 = CARTESIAN_POINT('',(0.7853981634,206.72071979832));
#4993 = CARTESIAN_POINT('',(0.981747704244,207.33298344627));
#4994 = CARTESIAN_POINT('',(1.178097245096,207.75266055419));
#4995 = CARTESIAN_POINT('',(1.374446785946,207.9625));
#4996 = CARTESIAN_POINT('',(1.767145867644,207.9625));
#4997 = CARTESIAN_POINT('',(1.96349540849,207.75266055441));
#4998 = CARTESIAN_POINT('',(2.159844949352,207.33298344468));
#4999 = CARTESIAN_POINT('',(2.356194490178,206.72071980022));
#5000 = CARTESIAN_POINT('',(2.552544031053,205.95040690575));
#5001 = CARTESIAN_POINT('',(2.748893571888,205.07022959868));
#5002 = CARTESIAN_POINT('',(2.94524311274,204.13511468829));
#5003 = CARTESIAN_POINT('',(3.14159265359,203.2));
#5004 = ( GEOMETRIC_REPRESENTATION_CONTEXT(2) 
PARAMETRIC_REPRESENTATION_CONTEXT() REPRESENTATION_CONTEXT('2D SPACE',''
  ) );
#5005 = ORIENTED_EDGE('',*,*,#4886,.F.);
#5006 = ORIENTED_EDGE('',*,*,#1690,.T.);
#5007 = ORIENTED_EDGE('',*,*,#1803,.T.);
#5008 = ADVANCED_FACE('',(#5009),#2041,.F.);
#5009 = FACE_BOUND('',#5010,.F.);
#5010 = EDGE_LOOP('',(#5011,#5012,#5013));
#5011 = ORIENTED_EDGE('',*,*,#3125,.F.);
#5012 = ORIENTED_EDGE('',*,*,#2026,.T.);
#5013 = ORIENTED_EDGE('',*,*,#3605,.F.);
#5014 = ADVANCED_FACE('',(#5015,#5331,#5480,#5629,#5778),#1886,.T.);
#5015 = FACE_BOUND('',#5016,.T.);
#5016 = EDGE_LOOP('',(#5017,#5055,#5077,#5099,#5121,#5143,#5165,#5201,
    #5235,#5236,#5263,#5264,#5265,#5266,#5267,#5268,#5295,#5296,#5297));
#5017 = ORIENTED_EDGE('',*,*,#5018,.F.);
#5018 = EDGE_CURVE('',#5019,#5021,#5023,.T.);
#5019 = VERTEX_POINT('',#5020);
#5020 = CARTESIAN_POINT('',(-127.,5.832380380939E-16,106.3625));
#5021 = VERTEX_POINT('',#5022);
#5022 = CARTESIAN_POINT('',(-122.2375,4.7625,101.6));
#5023 = SURFACE_CURVE('',#5024,(#5029,#5042),.PCURVE_S1.);
#5024 = ELLIPSE('',#5025,6.735192090802,4.7625);
#5025 = AXIS2_PLACEMENT_3D('',#5026,#5027,#5028);
#5026 = CARTESIAN_POINT('',(-127.,0.,101.6));
#5027 = DIRECTION('',(-0.707106781187,0.707106781187,0.));
#5028 = DIRECTION('',(0.707106781187,0.707106781187,0.));
#5029 = PCURVE('',#1886,#5030);
#5030 = DEFINITIONAL_REPRESENTATION('',(#5031),#5041);
#5031 = B_SPLINE_CURVE_WITH_KNOTS('',8,(#5032,#5033,#5034,#5035,#5036,
    #5037,#5038,#5039,#5040),.UNSPECIFIED.,.F.,.F.,(9,9),(4.712388980385
    ,6.28318530718),.PIECEWISE_BEZIER_KNOTS.);
#5032 = CARTESIAN_POINT('',(6.28318530718,0.));
#5033 = CARTESIAN_POINT('',(6.08683576633,0.935114688295));
#5034 = CARTESIAN_POINT('',(5.890486225481,1.870229598614));
#5035 = CARTESIAN_POINT('',(5.694136684633,2.750406906515));
#5036 = CARTESIAN_POINT('',(5.497787143782,3.520719799624));
#5037 = CARTESIAN_POINT('',(5.301437602933,4.132983445693));
#5038 = CARTESIAN_POINT('',(5.105088062083,4.552660554364));
#5039 = CARTESIAN_POINT('',(4.908738521234,4.7625));
#5040 = CARTESIAN_POINT('',(4.712388980385,4.7625));
#5041 = ( GEOMETRIC_REPRESENTATION_CONTEXT(2) 
PARAMETRIC_REPRESENTATION_CONTEXT() REPRESENTATION_CONTEXT('2D SPACE',''
  ) );
#5042 = PCURVE('',#1963,#5043);
#5043 = DEFINITIONAL_REPRESENTATION('',(#5044),#5054);
#5044 = B_SPLINE_CURVE_WITH_KNOTS('',8,(#5045,#5046,#5047,#5048,#5049,
    #5050,#5051,#5052,#5053),.UNSPECIFIED.,.F.,.F.,(9,9),(4.712388980385
    ,6.28318530718),.PIECEWISE_BEZIER_KNOTS.);
#5045 = CARTESIAN_POINT('',(0.,-8.748570571409E-16));
#5046 = CARTESIAN_POINT('',(0.196349540849,0.935114688295));
#5047 = CARTESIAN_POINT('',(0.392699081699,1.870229598611));
#5048 = CARTESIAN_POINT('',(0.589048622547,2.750406906525));
#5049 = CARTESIAN_POINT('',(0.785398163396,3.520719799603));
#5050 = CARTESIAN_POINT('',(0.981747704245,4.132983445699));
#5051 = CARTESIAN_POINT('',(1.178097245096,4.552660554361));
#5052 = CARTESIAN_POINT('',(1.374446785946,4.7625));
#5053 = CARTESIAN_POINT('',(1.570796326795,4.7625));
#5054 = ( GEOMETRIC_REPRESENTATION_CONTEXT(2) 
PARAMETRIC_REPRESENTATION_CONTEXT() REPRESENTATION_CONTEXT('2D SPACE',''
  ) );
#5055 = ORIENTED_EDGE('',*,*,#5056,.T.);
#5056 = EDGE_CURVE('',#5019,#5057,#5059,.T.);
#5057 = VERTEX_POINT('',#5058);
#5058 = CARTESIAN_POINT('',(-76.2,0.,106.3625));
#5059 = SEAM_CURVE('',#5060,(#5064,#5071),.PCURVE_S1.);
#5060 = LINE('',#5061,#5062);
#5061 = CARTESIAN_POINT('',(-127.,0.,106.3625));
#5062 = VECTOR('',#5063,1.);
#5063 = DIRECTION('',(1.,0.,0.));
#5064 = PCURVE('',#1886,#5065);
#5065 = DEFINITIONAL_REPRESENTATION('',(#5066),#5070);
#5066 = LINE('',#5067,#5068);
#5067 = CARTESIAN_POINT('',(0.,0.));
#5068 = VECTOR('',#5069,1.);
#5069 = DIRECTION('',(0.,1.));
#5070 = ( GEOMETRIC_REPRESENTATION_CONTEXT(2) 
PARAMETRIC_REPRESENTATION_CONTEXT() REPRESENTATION_CONTEXT('2D SPACE',''
  ) );
#5071 = PCURVE('',#1886,#5072);
#5072 = DEFINITIONAL_REPRESENTATION('',(#5073),#5076);
#5073 = B_SPLINE_CURVE_WITH_KNOTS('',1,(#5074,#5075),.UNSPECIFIED.,.F.,
  .F.,(2,2),(0.,254.),.PIECEWISE_BEZIER_KNOTS.);
#5074 = CARTESIAN_POINT('',(6.28318530718,0.));
#5075 = CARTESIAN_POINT('',(6.28318530718,254.));
#5076 = ( GEOMETRIC_REPRESENTATION_CONTEXT(2) 
PARAMETRIC_REPRESENTATION_CONTEXT() REPRESENTATION_CONTEXT('2D SPACE',''
  ) );
#5077 = ORIENTED_EDGE('',*,*,#5078,.T.);
#5078 = EDGE_CURVE('',#5057,#5079,#5081,.T.);
#5079 = VERTEX_POINT('',#5080);
#5080 = CARTESIAN_POINT('',(-25.4,0.,106.3625));
#5081 = SEAM_CURVE('',#5082,(#5086,#5093),.PCURVE_S1.);
#5082 = LINE('',#5083,#5084);
#5083 = CARTESIAN_POINT('',(-127.,0.,106.3625));
#5084 = VECTOR('',#5085,1.);
#5085 = DIRECTION('',(1.,0.,0.));
#5086 = PCURVE('',#1886,#5087);
#5087 = DEFINITIONAL_REPRESENTATION('',(#5088),#5092);
#5088 = LINE('',#5089,#5090);
#5089 = CARTESIAN_POINT('',(0.,0.));
#5090 = VECTOR('',#5091,1.);
#5091 = DIRECTION('',(0.,1.));
#5092 = ( GEOMETRIC_REPRESENTATION_CONTEXT(2) 
PARAMETRIC_REPRESENTATION_CONTEXT() REPRESENTATION_CONTEXT('2D SPACE',''
  ) );
#5093 = PCURVE('',#1886,#5094);
#5094 = DEFINITIONAL_REPRESENTATION('',(#5095),#5098);
#5095 = B_SPLINE_CURVE_WITH_KNOTS('',1,(#5096,#5097),.UNSPECIFIED.,.F.,
  .F.,(2,2),(0.,254.),.PIECEWISE_BEZIER_KNOTS.);
#5096 = CARTESIAN_POINT('',(6.28318530718,0.));
#5097 = CARTESIAN_POINT('',(6.28318530718,254.));
#5098 = ( GEOMETRIC_REPRESENTATION_CONTEXT(2) 
PARAMETRIC_REPRESENTATION_CONTEXT() REPRESENTATION_CONTEXT('2D SPACE',''
  ) );
#5099 = ORIENTED_EDGE('',*,*,#5100,.T.);
#5100 = EDGE_CURVE('',#5079,#5101,#5103,.T.);
#5101 = VERTEX_POINT('',#5102);
#5102 = CARTESIAN_POINT('',(25.4,0.,106.3625));
#5103 = SEAM_CURVE('',#5104,(#5108,#5115),.PCURVE_S1.);
#5104 = LINE('',#5105,#5106);
#5105 = CARTESIAN_POINT('',(-127.,0.,106.3625));
#5106 = VECTOR('',#5107,1.);
#5107 = DIRECTION('',(1.,0.,0.));
#5108 = PCURVE('',#1886,#5109);
#5109 = DEFINITIONAL_REPRESENTATION('',(#5110),#5114);
#5110 = LINE('',#5111,#5112);
#5111 = CARTESIAN_POINT('',(0.,0.));
#5112 = VECTOR('',#5113,1.);
#5113 = DIRECTION('',(0.,1.));
#5114 = ( GEOMETRIC_REPRESENTATION_CONTEXT(2) 
PARAMETRIC_REPRESENTATION_CONTEXT() REPRESENTATION_CONTEXT('2D SPACE',''
  ) );
#5115 = PCURVE('',#1886,#5116);
#5116 = DEFINITIONAL_REPRESENTATION('',(#5117),#5120);
#5117 = B_SPLINE_CURVE_WITH_KNOTS('',1,(#5118,#5119),.UNSPECIFIED.,.F.,
  .F.,(2,2),(0.,254.),.PIECEWISE_BEZIER_KNOTS.);
#5118 = CARTESIAN_POINT('',(6.28318530718,0.));
#5119 = CARTESIAN_POINT('',(6.28318530718,254.));
#5120 = ( GEOMETRIC_REPRESENTATION_CONTEXT(2) 
PARAMETRIC_REPRESENTATION_CONTEXT() REPRESENTATION_CONTEXT('2D SPACE',''
  ) );
#5121 = ORIENTED_EDGE('',*,*,#5122,.T.);
#5122 = EDGE_CURVE('',#5101,#5123,#5125,.T.);
#5123 = VERTEX_POINT('',#5124);
#5124 = CARTESIAN_POINT('',(76.2,0.,106.3625));
#5125 = SEAM_CURVE('',#5126,(#5130,#5137),.PCURVE_S1.);
#5126 = LINE('',#5127,#5128);
#5127 = CARTESIAN_POINT('',(-127.,0.,106.3625));
#5128 = VECTOR('',#5129,1.);
#5129 = DIRECTION('',(1.,0.,0.));
#5130 = PCURVE('',#1886,#5131);
#5131 = DEFINITIONAL_REPRESENTATION('',(#5132),#5136);
#5132 = LINE('',#5133,#5134);
#5133 = CARTESIAN_POINT('',(0.,0.));
#5134 = VECTOR('',#5135,1.);
#5135 = DIRECTION('',(0.,1.));
#5136 = ( GEOMETRIC_REPRESENTATION_CONTEXT(2) 
PARAMETRIC_REPRESENTATION_CONTEXT() REPRESENTATION_CONTEXT('2D SPACE',''
  ) );
#5137 = PCURVE('',#1886,#5138);
#5138 = DEFINITIONAL_REPRESENTATION('',(#5139),#5142);
#5139 = B_SPLINE_CURVE_WITH_KNOTS('',1,(#5140,#5141),.UNSPECIFIED.,.F.,
  .F.,(2,2),(0.,254.),.PIECEWISE_BEZIER_KNOTS.);
#5140 = CARTESIAN_POINT('',(6.28318530718,0.));
#5141 = CARTESIAN_POINT('',(6.28318530718,254.));
#5142 = ( GEOMETRIC_REPRESENTATION_CONTEXT(2) 
PARAMETRIC_REPRESENTATION_CONTEXT() REPRESENTATION_CONTEXT('2D SPACE',''
  ) );
#5143 = ORIENTED_EDGE('',*,*,#5144,.T.);
#5144 = EDGE_CURVE('',#5123,#5145,#5147,.T.);
#5145 = VERTEX_POINT('',#5146);
#5146 = CARTESIAN_POINT('',(127.,5.832380380939E-16,106.3625));
#5147 = SEAM_CURVE('',#5148,(#5152,#5159),.PCURVE_S1.);
#5148 = LINE('',#5149,#5150);
#5149 = CARTESIAN_POINT('',(-127.,0.,106.3625));
#5150 = VECTOR('',#5151,1.);
#5151 = DIRECTION('',(1.,0.,0.));
#5152 = PCURVE('',#1886,#5153);
#5153 = DEFINITIONAL_REPRESENTATION('',(#5154),#5158);
#5154 = LINE('',#5155,#5156);
#5155 = CARTESIAN_POINT('',(0.,0.));
#5156 = VECTOR('',#5157,1.);
#5157 = DIRECTION('',(0.,1.));
#5158 = ( GEOMETRIC_REPRESENTATION_CONTEXT(2) 
PARAMETRIC_REPRESENTATION_CONTEXT() REPRESENTATION_CONTEXT('2D SPACE',''
  ) );
#5159 = PCURVE('',#1886,#5160);
#5160 = DEFINITIONAL_REPRESENTATION('',(#5161),#5164);
#5161 = B_SPLINE_CURVE_WITH_KNOTS('',1,(#5162,#5163),.UNSPECIFIED.,.F.,
  .F.,(2,2),(0.,254.),.PIECEWISE_BEZIER_KNOTS.);
#5162 = CARTESIAN_POINT('',(6.28318530718,0.));
#5163 = CARTESIAN_POINT('',(6.28318530718,254.));
#5164 = ( GEOMETRIC_REPRESENTATION_CONTEXT(2) 
PARAMETRIC_REPRESENTATION_CONTEXT() REPRESENTATION_CONTEXT('2D SPACE',''
  ) );
#5165 = ORIENTED_EDGE('',*,*,#5166,.F.);
#5166 = EDGE_CURVE('',#5167,#5145,#5169,.T.);
#5167 = VERTEX_POINT('',#5168);
#5168 = CARTESIAN_POINT('',(122.2375,4.7625,101.6));
#5169 = SURFACE_CURVE('',#5170,(#5175,#5188),.PCURVE_S1.);
#5170 = ELLIPSE('',#5171,6.735192090802,4.7625);
#5171 = AXIS2_PLACEMENT_3D('',#5172,#5173,#5174);
#5172 = CARTESIAN_POINT('',(127.,0.,101.6));
#5173 = DIRECTION('',(0.707106781187,0.707106781187,0.));
#5174 = DIRECTION('',(-0.707106781187,0.707106781187,0.));
#5175 = PCURVE('',#1886,#5176);
#5176 = DEFINITIONAL_REPRESENTATION('',(#5177),#5187);
#5177 = B_SPLINE_CURVE_WITH_KNOTS('',8,(#5178,#5179,#5180,#5181,#5182,
    #5183,#5184,#5185,#5186),.UNSPECIFIED.,.F.,.F.,(9,9),(0.,
    1.570796326795),.PIECEWISE_BEZIER_KNOTS.);
#5178 = CARTESIAN_POINT('',(4.712388980385,249.2375));
#5179 = CARTESIAN_POINT('',(4.908738521234,249.2375));
#5180 = CARTESIAN_POINT('',(5.105088062082,249.44733944572));
#5181 = CARTESIAN_POINT('',(5.301437602938,249.86701655351));
#5182 = CARTESIAN_POINT('',(5.497787143775,250.479280201));
#5183 = CARTESIAN_POINT('',(5.694136684637,251.24959309296));
#5184 = CARTESIAN_POINT('',(5.89048622548,252.12977040144));
#5185 = CARTESIAN_POINT('',(6.08683576633,253.0648853117));
#5186 = CARTESIAN_POINT('',(6.28318530718,254.));
#5187 = ( GEOMETRIC_REPRESENTATION_CONTEXT(2) 
PARAMETRIC_REPRESENTATION_CONTEXT() REPRESENTATION_CONTEXT('2D SPACE',''
  ) );
#5188 = PCURVE('',#3788,#5189);
#5189 = DEFINITIONAL_REPRESENTATION('',(#5190),#5200);
#5190 = B_SPLINE_CURVE_WITH_KNOTS('',8,(#5191,#5192,#5193,#5194,#5195,
    #5196,#5197,#5198,#5199),.UNSPECIFIED.,.F.,.F.,(9,9),(0.,
    1.570796326795),.PIECEWISE_BEZIER_KNOTS.);
#5191 = CARTESIAN_POINT('',(4.712388980385,4.7625));
#5192 = CARTESIAN_POINT('',(4.908738521234,4.7625));
#5193 = CARTESIAN_POINT('',(5.105088062083,4.552660554365));
#5194 = CARTESIAN_POINT('',(5.301437602938,4.132983445687));
#5195 = CARTESIAN_POINT('',(5.497787143778,3.520719799619));
#5196 = CARTESIAN_POINT('',(5.694136684636,2.750406906516));
#5197 = CARTESIAN_POINT('',(5.89048622548,1.870229598614));
#5198 = CARTESIAN_POINT('',(6.08683576633,0.935114688295));
#5199 = CARTESIAN_POINT('',(6.28318530718,2.91619019047E-16));
#5200 = ( GEOMETRIC_REPRESENTATION_CONTEXT(2) 
PARAMETRIC_REPRESENTATION_CONTEXT() REPRESENTATION_CONTEXT('2D SPACE',''
  ) );
#5201 = ORIENTED_EDGE('',*,*,#5202,.F.);
#5202 = EDGE_CURVE('',#3711,#5167,#5203,.T.);
#5203 = SURFACE_CURVE('',#5204,(#5209,#5222),.PCURVE_S1.);
#5204 = ELLIPSE('',#5205,6.735192090802,4.7625);
#5205 = AXIS2_PLACEMENT_3D('',#5206,#5207,#5208);
#5206 = CARTESIAN_POINT('',(127.,0.,101.6));
#5207 = DIRECTION('',(0.707106781187,0.707106781187,0.));
#5208 = DIRECTION('',(-0.707106781187,0.707106781187,0.));
#5209 = PCURVE('',#1886,#5210);
#5210 = DEFINITIONAL_REPRESENTATION('',(#5211),#5221);
#5211 = B_SPLINE_CURVE_WITH_KNOTS('',8,(#5212,#5213,#5214,#5215,#5216,
    #5217,#5218,#5219,#5220),.UNSPECIFIED.,.F.,.F.,(9,9),(4.712388980385
    ,6.28318530718),.PIECEWISE_BEZIER_KNOTS.);
#5212 = CARTESIAN_POINT('',(3.14159265359,254.));
#5213 = CARTESIAN_POINT('',(3.337942194439,253.0648853117));
#5214 = CARTESIAN_POINT('',(3.534291735288,252.12977040148));
#5215 = CARTESIAN_POINT('',(3.730641276131,251.24959309271));
#5216 = CARTESIAN_POINT('',(3.926990816987,250.47928020111));
#5217 = CARTESIAN_POINT('',(4.123340357826,249.86701655334));
#5218 = CARTESIAN_POINT('',(4.319689898686,249.44733944576));
#5219 = CARTESIAN_POINT('',(4.516039439535,249.2375));
#5220 = CARTESIAN_POINT('',(4.712388980385,249.2375));
#5221 = ( GEOMETRIC_REPRESENTATION_CONTEXT(2) 
PARAMETRIC_REPRESENTATION_CONTEXT() REPRESENTATION_CONTEXT('2D SPACE',''
  ) );
#5222 = PCURVE('',#3788,#5223);
#5223 = DEFINITIONAL_REPRESENTATION('',(#5224),#5234);
#5224 = B_SPLINE_CURVE_WITH_KNOTS('',8,(#5225,#5226,#5227,#5228,#5229,
    #5230,#5231,#5232,#5233),.UNSPECIFIED.,.F.,.F.,(9,9),(4.712388980385
    ,6.28318530718),.PIECEWISE_BEZIER_KNOTS.);
#5225 = CARTESIAN_POINT('',(3.14159265359,-8.748570571409E-16));
#5226 = CARTESIAN_POINT('',(3.337942194439,0.935114688295));
#5227 = CARTESIAN_POINT('',(3.534291735284,1.870229598611));
#5228 = CARTESIAN_POINT('',(3.730641276133,2.750406906525));
#5229 = CARTESIAN_POINT('',(3.92699081697,3.520719799603));
#5230 = CARTESIAN_POINT('',(4.123340357835,4.132983445699));
#5231 = CARTESIAN_POINT('',(4.319689898682,4.552660554361));
#5232 = CARTESIAN_POINT('',(4.516039439535,4.7625));
#5233 = CARTESIAN_POINT('',(4.712388980385,4.7625));
#5234 = ( GEOMETRIC_REPRESENTATION_CONTEXT(2) 
PARAMETRIC_REPRESENTATION_CONTEXT() REPRESENTATION_CONTEXT('2D SPACE',''
  ) );
#5235 = ORIENTED_EDGE('',*,*,#3710,.T.);
#5236 = ORIENTED_EDGE('',*,*,#5237,.F.);
#5237 = EDGE_CURVE('',#5145,#3682,#5238,.T.);
#5238 = SURFACE_CURVE('',#5239,(#5244,#5251),.PCURVE_S1.);
#5239 = CIRCLE('',#5240,4.7625);
#5240 = AXIS2_PLACEMENT_3D('',#5241,#5242,#5243);
#5241 = CARTESIAN_POINT('',(127.,0.,101.6));
#5242 = DIRECTION('',(1.,0.,-0.));
#5243 = DIRECTION('',(0.,0.,1.));
#5244 = PCURVE('',#1886,#5245);
#5245 = DEFINITIONAL_REPRESENTATION('',(#5246),#5250);
#5246 = LINE('',#5247,#5248);
#5247 = CARTESIAN_POINT('',(0.,254.));
#5248 = VECTOR('',#5249,1.);
#5249 = DIRECTION('',(1.,0.));
#5250 = ( GEOMETRIC_REPRESENTATION_CONTEXT(2) 
PARAMETRIC_REPRESENTATION_CONTEXT() REPRESENTATION_CONTEXT('2D SPACE',''
  ) );
#5251 = PCURVE('',#5252,#5257);
#5252 = PLANE('',#5253);
#5253 = AXIS2_PLACEMENT_3D('',#5254,#5255,#5256);
#5254 = CARTESIAN_POINT('',(127.,7.686657533969E-16,101.6));
#5255 = DIRECTION('',(1.,0.,0.));
#5256 = DIRECTION('',(-0.,0.,1.));
#5257 = DEFINITIONAL_REPRESENTATION('',(#5258),#5262);
#5258 = CIRCLE('',#5259,4.7625);
#5259 = AXIS2_PLACEMENT_2D('',#5260,#5261);
#5260 = CARTESIAN_POINT('',(1.42108547152E-14,7.686657533969E-16));
#5261 = DIRECTION('',(1.,0.));
#5262 = ( GEOMETRIC_REPRESENTATION_CONTEXT(2) 
PARAMETRIC_REPRESENTATION_CONTEXT() REPRESENTATION_CONTEXT('2D SPACE',''
  ) );
#5263 = ORIENTED_EDGE('',*,*,#5144,.F.);
#5264 = ORIENTED_EDGE('',*,*,#5122,.F.);
#5265 = ORIENTED_EDGE('',*,*,#5100,.F.);
#5266 = ORIENTED_EDGE('',*,*,#5078,.F.);
#5267 = ORIENTED_EDGE('',*,*,#5056,.F.);
#5268 = ORIENTED_EDGE('',*,*,#5269,.T.);
#5269 = EDGE_CURVE('',#5019,#1864,#5270,.T.);
#5270 = SURFACE_CURVE('',#5271,(#5276,#5283),.PCURVE_S1.);
#5271 = CIRCLE('',#5272,4.7625);
#5272 = AXIS2_PLACEMENT_3D('',#5273,#5274,#5275);
#5273 = CARTESIAN_POINT('',(-127.,0.,101.6));
#5274 = DIRECTION('',(1.,0.,-0.));
#5275 = DIRECTION('',(0.,0.,1.));
#5276 = PCURVE('',#1886,#5277);
#5277 = DEFINITIONAL_REPRESENTATION('',(#5278),#5282);
#5278 = LINE('',#5279,#5280);
#5279 = CARTESIAN_POINT('',(0.,0.));
#5280 = VECTOR('',#5281,1.);
#5281 = DIRECTION('',(1.,0.));
#5282 = ( GEOMETRIC_REPRESENTATION_CONTEXT(2) 
PARAMETRIC_REPRESENTATION_CONTEXT() REPRESENTATION_CONTEXT('2D SPACE',''
  ) );
#5283 = PCURVE('',#5284,#5289);
#5284 = PLANE('',#5285);
#5285 = AXIS2_PLACEMENT_3D('',#5286,#5287,#5288);
#5286 = CARTESIAN_POINT('',(-127.,7.686657533969E-16,101.6));
#5287 = DIRECTION('',(1.,0.,0.));
#5288 = DIRECTION('',(-0.,0.,1.));
#5289 = DEFINITIONAL_REPRESENTATION('',(#5290),#5294);
#5290 = CIRCLE('',#5291,4.7625);
#5291 = AXIS2_PLACEMENT_2D('',#5292,#5293);
#5292 = CARTESIAN_POINT('',(1.42108547152E-14,7.686657533969E-16));
#5293 = DIRECTION('',(1.,0.));
#5294 = ( GEOMETRIC_REPRESENTATION_CONTEXT(2) 
PARAMETRIC_REPRESENTATION_CONTEXT() REPRESENTATION_CONTEXT('2D SPACE',''
  ) );
#5295 = ORIENTED_EDGE('',*,*,#1863,.T.);
#5296 = ORIENTED_EDGE('',*,*,#1988,.T.);
#5297 = ORIENTED_EDGE('',*,*,#5298,.F.);
#5298 = EDGE_CURVE('',#5021,#1934,#5299,.T.);
#5299 = SURFACE_CURVE('',#5300,(#5305,#5318),.PCURVE_S1.);
#5300 = ELLIPSE('',#5301,6.735192090802,4.7625);
#5301 = AXIS2_PLACEMENT_3D('',#5302,#5303,#5304);
#5302 = CARTESIAN_POINT('',(-127.,0.,101.6));
#5303 = DIRECTION('',(-0.707106781187,0.707106781187,0.));
#5304 = DIRECTION('',(0.707106781187,0.707106781187,0.));
#5305 = PCURVE('',#1886,#5306);
#5306 = DEFINITIONAL_REPRESENTATION('',(#5307),#5317);
#5307 = B_SPLINE_CURVE_WITH_KNOTS('',8,(#5308,#5309,#5310,#5311,#5312,
    #5313,#5314,#5315,#5316),.UNSPECIFIED.,.F.,.F.,(9,9),(0.,
    1.570796326795),.PIECEWISE_BEZIER_KNOTS.);
#5308 = CARTESIAN_POINT('',(4.712388980385,4.7625));
#5309 = CARTESIAN_POINT('',(4.516039439535,4.7625));
#5310 = CARTESIAN_POINT('',(4.319689898686,4.552660554361));
#5311 = CARTESIAN_POINT('',(4.123340357829,4.1329834457));
#5312 = CARTESIAN_POINT('',(3.926990816986,3.520719799599));
#5313 = CARTESIAN_POINT('',(3.730641276128,2.750406906521));
#5314 = CARTESIAN_POINT('',(3.534291735289,1.870229598612));
#5315 = CARTESIAN_POINT('',(3.337942194439,0.935114688295));
#5316 = CARTESIAN_POINT('',(3.14159265359,0.));
#5317 = ( GEOMETRIC_REPRESENTATION_CONTEXT(2) 
PARAMETRIC_REPRESENTATION_CONTEXT() REPRESENTATION_CONTEXT('2D SPACE',''
  ) );
#5318 = PCURVE('',#1963,#5319);
#5319 = DEFINITIONAL_REPRESENTATION('',(#5320),#5330);
#5320 = B_SPLINE_CURVE_WITH_KNOTS('',8,(#5321,#5322,#5323,#5324,#5325,
    #5326,#5327,#5328,#5329),.UNSPECIFIED.,.F.,.F.,(9,9),(0.,
    1.570796326795),.PIECEWISE_BEZIER_KNOTS.);
#5321 = CARTESIAN_POINT('',(1.570796326795,4.7625));
#5322 = CARTESIAN_POINT('',(1.767145867644,4.7625));
#5323 = CARTESIAN_POINT('',(1.963495408492,4.552660554365));
#5324 = CARTESIAN_POINT('',(2.159844949342,4.132983445687));
#5325 = CARTESIAN_POINT('',(2.356194490186,3.520719799619));
#5326 = CARTESIAN_POINT('',(2.552544031042,2.750406906516));
#5327 = CARTESIAN_POINT('',(2.748893571889,1.870229598614));
#5328 = CARTESIAN_POINT('',(2.94524311274,0.935114688295));
#5329 = CARTESIAN_POINT('',(3.14159265359,2.91619019047E-16));
#5330 = ( GEOMETRIC_REPRESENTATION_CONTEXT(2) 
PARAMETRIC_REPRESENTATION_CONTEXT() REPRESENTATION_CONTEXT('2D SPACE',''
  ) );
#5331 = FACE_BOUND('',#5332,.T.);
#5332 = EDGE_LOOP('',(#5333,#5374,#5410,#5446));
#5333 = ORIENTED_EDGE('',*,*,#5334,.F.);
#5334 = EDGE_CURVE('',#5057,#5335,#5337,.T.);
#5335 = VERTEX_POINT('',#5336);
#5336 = CARTESIAN_POINT('',(-71.4375,4.7625,101.6));
#5337 = SURFACE_CURVE('',#5338,(#5343,#5356),.PCURVE_S1.);
#5338 = ELLIPSE('',#5339,6.735192090802,4.7625);
#5339 = AXIS2_PLACEMENT_3D('',#5340,#5341,#5342);
#5340 = CARTESIAN_POINT('',(-76.2,0.,101.6));
#5341 = DIRECTION('',(-0.707106781187,0.707106781187,0.));
#5342 = DIRECTION('',(0.707106781187,0.707106781187,0.));
#5343 = PCURVE('',#1886,#5344);
#5344 = DEFINITIONAL_REPRESENTATION('',(#5345),#5355);
#5345 = B_SPLINE_CURVE_WITH_KNOTS('',8,(#5346,#5347,#5348,#5349,#5350,
    #5351,#5352,#5353,#5354),.UNSPECIFIED.,.F.,.F.,(9,9),(4.712388980385
    ,6.28318530718),.PIECEWISE_BEZIER_KNOTS.);
#5346 = CARTESIAN_POINT('',(6.28318530718,50.8));
#5347 = CARTESIAN_POINT('',(6.08683576633,51.735114688295));
#5348 = CARTESIAN_POINT('',(5.890486225481,52.670229598573));
#5349 = CARTESIAN_POINT('',(5.694136684633,53.550406906545));
#5350 = CARTESIAN_POINT('',(5.497787143782,54.320719799495));
#5351 = CARTESIAN_POINT('',(5.301437602933,54.932983445645));
#5352 = CARTESIAN_POINT('',(5.105088062083,55.352660554329));
#5353 = CARTESIAN_POINT('',(4.908738521234,55.5625));
#5354 = CARTESIAN_POINT('',(4.712388980385,55.5625));
#5355 = ( GEOMETRIC_REPRESENTATION_CONTEXT(2) 
PARAMETRIC_REPRESENTATION_CONTEXT() REPRESENTATION_CONTEXT('2D SPACE',''
  ) );
#5356 = PCURVE('',#5357,#5362);
#5357 = CYLINDRICAL_SURFACE('',#5358,4.7625);
#5358 = AXIS2_PLACEMENT_3D('',#5359,#5360,#5361);
#5359 = CARTESIAN_POINT('',(-76.2,0.,101.6));
#5360 = DIRECTION('',(0.,1.,0.));
#5361 = DIRECTION('',(0.,-0.,1.));
#5362 = DEFINITIONAL_REPRESENTATION('',(#5363),#5373);
#5363 = B_SPLINE_CURVE_WITH_KNOTS('',8,(#5364,#5365,#5366,#5367,#5368,
    #5369,#5370,#5371,#5372),.UNSPECIFIED.,.F.,.F.,(9,9),(4.712388980385
    ,6.28318530718),.PIECEWISE_BEZIER_KNOTS.);
#5364 = CARTESIAN_POINT('',(0.,-8.748570571409E-16));
#5365 = CARTESIAN_POINT('',(0.196349540849,0.935114688295));
#5366 = CARTESIAN_POINT('',(0.392699081699,1.870229598611));
#5367 = CARTESIAN_POINT('',(0.589048622547,2.750406906525));
#5368 = CARTESIAN_POINT('',(0.785398163396,3.520719799603));
#5369 = CARTESIAN_POINT('',(0.981747704245,4.132983445699));
#5370 = CARTESIAN_POINT('',(1.178097245096,4.552660554361));
#5371 = CARTESIAN_POINT('',(1.374446785946,4.7625));
#5372 = CARTESIAN_POINT('',(1.570796326795,4.7625));
#5373 = ( GEOMETRIC_REPRESENTATION_CONTEXT(2) 
PARAMETRIC_REPRESENTATION_CONTEXT() REPRESENTATION_CONTEXT('2D SPACE',''
  ) );
#5374 = ORIENTED_EDGE('',*,*,#5375,.F.);
#5375 = EDGE_CURVE('',#5376,#5057,#5378,.T.);
#5376 = VERTEX_POINT('',#5377);
#5377 = CARTESIAN_POINT('',(-80.9625,4.7625,101.6));
#5378 = SURFACE_CURVE('',#5379,(#5384,#5397),.PCURVE_S1.);
#5379 = ELLIPSE('',#5380,6.735192090802,4.7625);
#5380 = AXIS2_PLACEMENT_3D('',#5381,#5382,#5383);
#5381 = CARTESIAN_POINT('',(-76.2,0.,101.6));
#5382 = DIRECTION('',(0.707106781187,0.707106781187,0.));
#5383 = DIRECTION('',(-0.707106781187,0.707106781187,0.));
#5384 = PCURVE('',#1886,#5385);
#5385 = DEFINITIONAL_REPRESENTATION('',(#5386),#5396);
#5386 = B_SPLINE_CURVE_WITH_KNOTS('',8,(#5387,#5388,#5389,#5390,#5391,
    #5392,#5393,#5394,#5395),.UNSPECIFIED.,.F.,.F.,(9,9),(0.,
    1.570796326795),.PIECEWISE_BEZIER_KNOTS.);
#5387 = CARTESIAN_POINT('',(4.712388980385,46.0375));
#5388 = CARTESIAN_POINT('',(4.908738521234,46.0375));
#5389 = CARTESIAN_POINT('',(5.105088062082,46.247339445626));
#5390 = CARTESIAN_POINT('',(5.301437602938,46.667016554272));
#5391 = CARTESIAN_POINT('',(5.497787143775,47.279280200342));
#5392 = CARTESIAN_POINT('',(5.694136684637,48.049593093435));
#5393 = CARTESIAN_POINT('',(5.89048622548,48.929770401379));
#5394 = CARTESIAN_POINT('',(6.08683576633,49.864885311705));
#5395 = CARTESIAN_POINT('',(6.28318530718,50.8));
#5396 = ( GEOMETRIC_REPRESENTATION_CONTEXT(2) 
PARAMETRIC_REPRESENTATION_CONTEXT() REPRESENTATION_CONTEXT('2D SPACE',''
  ) );
#5397 = PCURVE('',#5357,#5398);
#5398 = DEFINITIONAL_REPRESENTATION('',(#5399),#5409);
#5399 = B_SPLINE_CURVE_WITH_KNOTS('',8,(#5400,#5401,#5402,#5403,#5404,
    #5405,#5406,#5407,#5408),.UNSPECIFIED.,.F.,.F.,(9,9),(0.,
    1.570796326795),.PIECEWISE_BEZIER_KNOTS.);
#5400 = CARTESIAN_POINT('',(4.712388980385,4.7625));
#5401 = CARTESIAN_POINT('',(4.908738521234,4.7625));
#5402 = CARTESIAN_POINT('',(5.105088062083,4.552660554365));
#5403 = CARTESIAN_POINT('',(5.301437602938,4.132983445687));
#5404 = CARTESIAN_POINT('',(5.497787143778,3.520719799619));
#5405 = CARTESIAN_POINT('',(5.694136684636,2.750406906516));
#5406 = CARTESIAN_POINT('',(5.89048622548,1.870229598614));
#5407 = CARTESIAN_POINT('',(6.08683576633,0.935114688295));
#5408 = CARTESIAN_POINT('',(6.28318530718,2.91619019047E-16));
#5409 = ( GEOMETRIC_REPRESENTATION_CONTEXT(2) 
PARAMETRIC_REPRESENTATION_CONTEXT() REPRESENTATION_CONTEXT('2D SPACE',''
  ) );
#5410 = ORIENTED_EDGE('',*,*,#5411,.F.);
#5411 = EDGE_CURVE('',#5412,#5376,#5414,.T.);
#5412 = VERTEX_POINT('',#5413);
#5413 = CARTESIAN_POINT('',(-76.2,0.,96.8375));
#5414 = SURFACE_CURVE('',#5415,(#5420,#5433),.PCURVE_S1.);
#5415 = ELLIPSE('',#5416,6.735192090802,4.7625);
#5416 = AXIS2_PLACEMENT_3D('',#5417,#5418,#5419);
#5417 = CARTESIAN_POINT('',(-76.2,0.,101.6));
#5418 = DIRECTION('',(0.707106781187,0.707106781187,0.));
#5419 = DIRECTION('',(-0.707106781187,0.707106781187,0.));
#5420 = PCURVE('',#1886,#5421);
#5421 = DEFINITIONAL_REPRESENTATION('',(#5422),#5432);
#5422 = B_SPLINE_CURVE_WITH_KNOTS('',8,(#5423,#5424,#5425,#5426,#5427,
    #5428,#5429,#5430,#5431),.UNSPECIFIED.,.F.,.F.,(9,9),(4.712388980385
    ,6.28318530718),.PIECEWISE_BEZIER_KNOTS.);
#5423 = CARTESIAN_POINT('',(3.14159265359,50.8));
#5424 = CARTESIAN_POINT('',(3.337942194439,49.864885311705));
#5425 = CARTESIAN_POINT('',(3.534291735288,48.929770401345));
#5426 = CARTESIAN_POINT('',(3.730641276131,48.049593093522));
#5427 = CARTESIAN_POINT('',(3.926990816987,47.279280200216));
#5428 = CARTESIAN_POINT('',(4.123340357826,46.667016554323));
#5429 = CARTESIAN_POINT('',(4.319689898686,46.247339445597));
#5430 = CARTESIAN_POINT('',(4.516039439535,46.0375));
#5431 = CARTESIAN_POINT('',(4.712388980385,46.0375));
#5432 = ( GEOMETRIC_REPRESENTATION_CONTEXT(2) 
PARAMETRIC_REPRESENTATION_CONTEXT() REPRESENTATION_CONTEXT('2D SPACE',''
  ) );
#5433 = PCURVE('',#5357,#5434);
#5434 = DEFINITIONAL_REPRESENTATION('',(#5435),#5445);
#5435 = B_SPLINE_CURVE_WITH_KNOTS('',8,(#5436,#5437,#5438,#5439,#5440,
    #5441,#5442,#5443,#5444),.UNSPECIFIED.,.F.,.F.,(9,9),(4.712388980385
    ,6.28318530718),.PIECEWISE_BEZIER_KNOTS.);
#5436 = CARTESIAN_POINT('',(3.14159265359,-8.748570571409E-16));
#5437 = CARTESIAN_POINT('',(3.337942194439,0.935114688295));
#5438 = CARTESIAN_POINT('',(3.534291735284,1.870229598611));
#5439 = CARTESIAN_POINT('',(3.730641276133,2.750406906525));
#5440 = CARTESIAN_POINT('',(3.92699081697,3.520719799603));
#5441 = CARTESIAN_POINT('',(4.123340357835,4.132983445699));
#5442 = CARTESIAN_POINT('',(4.319689898682,4.552660554361));
#5443 = CARTESIAN_POINT('',(4.516039439535,4.7625));
#5444 = CARTESIAN_POINT('',(4.712388980385,4.7625));
#5445 = ( GEOMETRIC_REPRESENTATION_CONTEXT(2) 
PARAMETRIC_REPRESENTATION_CONTEXT() REPRESENTATION_CONTEXT('2D SPACE',''
  ) );
#5446 = ORIENTED_EDGE('',*,*,#5447,.F.);
#5447 = EDGE_CURVE('',#5335,#5412,#5448,.T.);
#5448 = SURFACE_CURVE('',#5449,(#5454,#5467),.PCURVE_S1.);
#5449 = ELLIPSE('',#5450,6.735192090802,4.7625);
#5450 = AXIS2_PLACEMENT_3D('',#5451,#5452,#5453);
#5451 = CARTESIAN_POINT('',(-76.2,0.,101.6));
#5452 = DIRECTION('',(-0.707106781187,0.707106781187,0.));
#5453 = DIRECTION('',(0.707106781187,0.707106781187,0.));
#5454 = PCURVE('',#1886,#5455);
#5455 = DEFINITIONAL_REPRESENTATION('',(#5456),#5466);
#5456 = B_SPLINE_CURVE_WITH_KNOTS('',8,(#5457,#5458,#5459,#5460,#5461,
    #5462,#5463,#5464,#5465),.UNSPECIFIED.,.F.,.F.,(9,9),(0.,
    1.570796326795),.PIECEWISE_BEZIER_KNOTS.);
#5457 = CARTESIAN_POINT('',(4.712388980385,55.5625));
#5458 = CARTESIAN_POINT('',(4.516039439535,55.5625));
#5459 = CARTESIAN_POINT('',(4.319689898686,55.352660554336));
#5460 = CARTESIAN_POINT('',(4.123340357829,54.932983445737));
#5461 = CARTESIAN_POINT('',(3.926990816986,54.32071979934));
#5462 = CARTESIAN_POINT('',(3.730641276128,53.550406906591));
#5463 = CARTESIAN_POINT('',(3.534291735289,52.670229598583));
#5464 = CARTESIAN_POINT('',(3.337942194439,51.735114688295));
#5465 = CARTESIAN_POINT('',(3.14159265359,50.8));
#5466 = ( GEOMETRIC_REPRESENTATION_CONTEXT(2) 
PARAMETRIC_REPRESENTATION_CONTEXT() REPRESENTATION_CONTEXT('2D SPACE',''
  ) );
#5467 = PCURVE('',#5357,#5468);
#5468 = DEFINITIONAL_REPRESENTATION('',(#5469),#5479);
#5469 = B_SPLINE_CURVE_WITH_KNOTS('',8,(#5470,#5471,#5472,#5473,#5474,
    #5475,#5476,#5477,#5478),.UNSPECIFIED.,.F.,.F.,(9,9),(0.,
    1.570796326795),.PIECEWISE_BEZIER_KNOTS.);
#5470 = CARTESIAN_POINT('',(1.570796326795,4.7625));
#5471 = CARTESIAN_POINT('',(1.767145867644,4.7625));
#5472 = CARTESIAN_POINT('',(1.963495408492,4.552660554365));
#5473 = CARTESIAN_POINT('',(2.159844949342,4.132983445687));
#5474 = CARTESIAN_POINT('',(2.356194490186,3.520719799619));
#5475 = CARTESIAN_POINT('',(2.552544031042,2.750406906516));
#5476 = CARTESIAN_POINT('',(2.748893571889,1.870229598614));
#5477 = CARTESIAN_POINT('',(2.94524311274,0.935114688295));
#5478 = CARTESIAN_POINT('',(3.14159265359,2.91619019047E-16));
#5479 = ( GEOMETRIC_REPRESENTATION_CONTEXT(2) 
PARAMETRIC_REPRESENTATION_CONTEXT() REPRESENTATION_CONTEXT('2D SPACE',''
  ) );
#5480 = FACE_BOUND('',#5481,.T.);
#5481 = EDGE_LOOP('',(#5482,#5523,#5559,#5595));
#5482 = ORIENTED_EDGE('',*,*,#5483,.F.);
#5483 = EDGE_CURVE('',#5079,#5484,#5486,.T.);
#5484 = VERTEX_POINT('',#5485);
#5485 = CARTESIAN_POINT('',(-20.6375,4.7625,101.6));
#5486 = SURFACE_CURVE('',#5487,(#5492,#5505),.PCURVE_S1.);
#5487 = ELLIPSE('',#5488,6.735192090802,4.7625);
#5488 = AXIS2_PLACEMENT_3D('',#5489,#5490,#5491);
#5489 = CARTESIAN_POINT('',(-25.4,0.,101.6));
#5490 = DIRECTION('',(-0.707106781187,0.707106781187,0.));
#5491 = DIRECTION('',(0.707106781187,0.707106781187,0.));
#5492 = PCURVE('',#1886,#5493);
#5493 = DEFINITIONAL_REPRESENTATION('',(#5494),#5504);
#5494 = B_SPLINE_CURVE_WITH_KNOTS('',8,(#5495,#5496,#5497,#5498,#5499,
    #5500,#5501,#5502,#5503),.UNSPECIFIED.,.F.,.F.,(9,9),(4.712388980385
    ,6.28318530718),.PIECEWISE_BEZIER_KNOTS.);
#5495 = CARTESIAN_POINT('',(6.28318530718,101.6));
#5496 = CARTESIAN_POINT('',(6.08683576633,102.53511468829));
#5497 = CARTESIAN_POINT('',(5.890486225481,103.47022959874));
#5498 = CARTESIAN_POINT('',(5.694136684633,104.35040690568));
#5499 = CARTESIAN_POINT('',(5.497787143782,105.12071980032));
#5500 = CARTESIAN_POINT('',(5.301437602933,105.73298344503));
#5501 = CARTESIAN_POINT('',(5.105088062083,106.1526605545));
#5502 = CARTESIAN_POINT('',(4.908738521234,106.3625));
#5503 = CARTESIAN_POINT('',(4.712388980385,106.3625));
#5504 = ( GEOMETRIC_REPRESENTATION_CONTEXT(2) 
PARAMETRIC_REPRESENTATION_CONTEXT() REPRESENTATION_CONTEXT('2D SPACE',''
  ) );
#5505 = PCURVE('',#5506,#5511);
#5506 = CYLINDRICAL_SURFACE('',#5507,4.7625);
#5507 = AXIS2_PLACEMENT_3D('',#5508,#5509,#5510);
#5508 = CARTESIAN_POINT('',(-25.4,0.,101.6));
#5509 = DIRECTION('',(0.,1.,0.));
#5510 = DIRECTION('',(0.,-0.,1.));
#5511 = DEFINITIONAL_REPRESENTATION('',(#5512),#5522);
#5512 = B_SPLINE_CURVE_WITH_KNOTS('',8,(#5513,#5514,#5515,#5516,#5517,
    #5518,#5519,#5520,#5521),.UNSPECIFIED.,.F.,.F.,(9,9),(4.712388980385
    ,6.28318530718),.PIECEWISE_BEZIER_KNOTS.);
#5513 = CARTESIAN_POINT('',(0.,-8.748570571409E-16));
#5514 = CARTESIAN_POINT('',(0.196349540849,0.935114688295));
#5515 = CARTESIAN_POINT('',(0.392699081699,1.870229598611));
#5516 = CARTESIAN_POINT('',(0.589048622547,2.750406906525));
#5517 = CARTESIAN_POINT('',(0.785398163397,3.520719799603));
#5518 = CARTESIAN_POINT('',(0.981747704244,4.132983445699));
#5519 = CARTESIAN_POINT('',(1.178097245096,4.552660554361));
#5520 = CARTESIAN_POINT('',(1.374446785946,4.7625));
#5521 = CARTESIAN_POINT('',(1.570796326795,4.7625));
#5522 = ( GEOMETRIC_REPRESENTATION_CONTEXT(2) 
PARAMETRIC_REPRESENTATION_CONTEXT() REPRESENTATION_CONTEXT('2D SPACE',''
  ) );
#5523 = ORIENTED_EDGE('',*,*,#5524,.F.);
#5524 = EDGE_CURVE('',#5525,#5079,#5527,.T.);
#5525 = VERTEX_POINT('',#5526);
#5526 = CARTESIAN_POINT('',(-30.1625,4.7625,101.6));
#5527 = SURFACE_CURVE('',#5528,(#5533,#5546),.PCURVE_S1.);
#5528 = ELLIPSE('',#5529,6.735192090802,4.7625);
#5529 = AXIS2_PLACEMENT_3D('',#5530,#5531,#5532);
#5530 = CARTESIAN_POINT('',(-25.4,0.,101.6));
#5531 = DIRECTION('',(0.707106781187,0.707106781187,0.));
#5532 = DIRECTION('',(-0.707106781187,0.707106781187,0.));
#5533 = PCURVE('',#1886,#5534);
#5534 = DEFINITIONAL_REPRESENTATION('',(#5535),#5545);
#5535 = B_SPLINE_CURVE_WITH_KNOTS('',8,(#5536,#5537,#5538,#5539,#5540,
    #5541,#5542,#5543,#5544),.UNSPECIFIED.,.F.,.F.,(9,9),(0.,
    1.570796326795),.PIECEWISE_BEZIER_KNOTS.);
#5536 = CARTESIAN_POINT('',(4.712388980385,96.8375));
#5537 = CARTESIAN_POINT('',(4.908738521234,96.8375));
#5538 = CARTESIAN_POINT('',(5.105088062082,97.047339445533));
#5539 = CARTESIAN_POINT('',(5.301437602938,97.467016554384));
#5540 = CARTESIAN_POINT('',(5.497787143775,98.079280199929));
#5541 = CARTESIAN_POINT('',(5.694136684637,98.849593093509));
#5542 = CARTESIAN_POINT('',(5.89048622548,99.729770401331));
#5543 = CARTESIAN_POINT('',(6.08683576633,100.6648853117));
#5544 = CARTESIAN_POINT('',(6.28318530718,101.6));
#5545 = ( GEOMETRIC_REPRESENTATION_CONTEXT(2) 
PARAMETRIC_REPRESENTATION_CONTEXT() REPRESENTATION_CONTEXT('2D SPACE',''
  ) );
#5546 = PCURVE('',#5506,#5547);
#5547 = DEFINITIONAL_REPRESENTATION('',(#5548),#5558);
#5548 = B_SPLINE_CURVE_WITH_KNOTS('',8,(#5549,#5550,#5551,#5552,#5553,
    #5554,#5555,#5556,#5557),.UNSPECIFIED.,.F.,.F.,(9,9),(0.,
    1.570796326795),.PIECEWISE_BEZIER_KNOTS.);
#5549 = CARTESIAN_POINT('',(4.712388980385,4.7625));
#5550 = CARTESIAN_POINT('',(4.908738521234,4.7625));
#5551 = CARTESIAN_POINT('',(5.105088062084,4.552660554365));
#5552 = CARTESIAN_POINT('',(5.301437602931,4.132983445687));
#5553 = CARTESIAN_POINT('',(5.497787143786,3.520719799619));
#5554 = CARTESIAN_POINT('',(5.694136684631,2.750406906516));
#5555 = CARTESIAN_POINT('',(5.890486225481,1.870229598614));
#5556 = CARTESIAN_POINT('',(6.08683576633,0.935114688295));
#5557 = CARTESIAN_POINT('',(6.28318530718,2.91619019047E-16));
#5558 = ( GEOMETRIC_REPRESENTATION_CONTEXT(2) 
PARAMETRIC_REPRESENTATION_CONTEXT() REPRESENTATION_CONTEXT('2D SPACE',''
  ) );
#5559 = ORIENTED_EDGE('',*,*,#5560,.F.);
#5560 = EDGE_CURVE('',#5561,#5525,#5563,.T.);
#5561 = VERTEX_POINT('',#5562);
#5562 = CARTESIAN_POINT('',(-25.4,0.,96.8375));
#5563 = SURFACE_CURVE('',#5564,(#5569,#5582),.PCURVE_S1.);
#5564 = ELLIPSE('',#5565,6.735192090802,4.7625);
#5565 = AXIS2_PLACEMENT_3D('',#5566,#5567,#5568);
#5566 = CARTESIAN_POINT('',(-25.4,0.,101.6));
#5567 = DIRECTION('',(0.707106781187,0.707106781187,0.));
#5568 = DIRECTION('',(-0.707106781187,0.707106781187,0.));
#5569 = PCURVE('',#1886,#5570);
#5570 = DEFINITIONAL_REPRESENTATION('',(#5571),#5581);
#5571 = B_SPLINE_CURVE_WITH_KNOTS('',8,(#5572,#5573,#5574,#5575,#5576,
    #5577,#5578,#5579,#5580),.UNSPECIFIED.,.F.,.F.,(9,9),(4.712388980385
    ,6.28318530718),.PIECEWISE_BEZIER_KNOTS.);
#5572 = CARTESIAN_POINT('',(3.14159265359,101.6));
#5573 = CARTESIAN_POINT('',(3.337942194439,100.6648853117));
#5574 = CARTESIAN_POINT('',(3.534291735288,99.729770401288));
#5575 = CARTESIAN_POINT('',(3.730641276131,98.849593093664));
#5576 = CARTESIAN_POINT('',(3.926990816987,98.079280199716));
#5577 = CARTESIAN_POINT('',(4.123340357826,97.467016554542));
#5578 = CARTESIAN_POINT('',(4.319689898686,97.047339445535));
#5579 = CARTESIAN_POINT('',(4.516039439535,96.8375));
#5580 = CARTESIAN_POINT('',(4.712388980385,96.8375));
#5581 = ( GEOMETRIC_REPRESENTATION_CONTEXT(2) 
PARAMETRIC_REPRESENTATION_CONTEXT() REPRESENTATION_CONTEXT('2D SPACE',''
  ) );
#5582 = PCURVE('',#5506,#5583);
#5583 = DEFINITIONAL_REPRESENTATION('',(#5584),#5594);
#5584 = B_SPLINE_CURVE_WITH_KNOTS('',8,(#5585,#5586,#5587,#5588,#5589,
    #5590,#5591,#5592,#5593),.UNSPECIFIED.,.F.,.F.,(9,9),(4.712388980385
    ,6.28318530718),.PIECEWISE_BEZIER_KNOTS.);
#5585 = CARTESIAN_POINT('',(3.14159265359,-8.748570571409E-16));
#5586 = CARTESIAN_POINT('',(3.337942194439,0.935114688295));
#5587 = CARTESIAN_POINT('',(3.534291735285,1.870229598611));
#5588 = CARTESIAN_POINT('',(3.730641276142,2.750406906525));
#5589 = CARTESIAN_POINT('',(3.926990816972,3.520719799603));
#5590 = CARTESIAN_POINT('',(4.123340357837,4.132983445699));
#5591 = CARTESIAN_POINT('',(4.319689898683,4.552660554361));
#5592 = CARTESIAN_POINT('',(4.516039439535,4.7625));
#5593 = CARTESIAN_POINT('',(4.712388980385,4.7625));
#5594 = ( GEOMETRIC_REPRESENTATION_CONTEXT(2) 
PARAMETRIC_REPRESENTATION_CONTEXT() REPRESENTATION_CONTEXT('2D SPACE',''
  ) );
#5595 = ORIENTED_EDGE('',*,*,#5596,.F.);
#5596 = EDGE_CURVE('',#5484,#5561,#5597,.T.);
#5597 = SURFACE_CURVE('',#5598,(#5603,#5616),.PCURVE_S1.);
#5598 = ELLIPSE('',#5599,6.735192090802,4.7625);
#5599 = AXIS2_PLACEMENT_3D('',#5600,#5601,#5602);
#5600 = CARTESIAN_POINT('',(-25.4,0.,101.6));
#5601 = DIRECTION('',(-0.707106781187,0.707106781187,0.));
#5602 = DIRECTION('',(0.707106781187,0.707106781187,0.));
#5603 = PCURVE('',#1886,#5604);
#5604 = DEFINITIONAL_REPRESENTATION('',(#5605),#5615);
#5605 = B_SPLINE_CURVE_WITH_KNOTS('',8,(#5606,#5607,#5608,#5609,#5610,
    #5611,#5612,#5613,#5614),.UNSPECIFIED.,.F.,.F.,(9,9),(0.,
    1.570796326795),.PIECEWISE_BEZIER_KNOTS.);
#5606 = CARTESIAN_POINT('',(4.712388980385,106.3625));
#5607 = CARTESIAN_POINT('',(4.516039439535,106.3625));
#5608 = CARTESIAN_POINT('',(4.319689898686,106.15266055427));
#5609 = CARTESIAN_POINT('',(4.123340357829,105.73298344576));
#5610 = CARTESIAN_POINT('',(3.926990816986,105.12071979939));
#5611 = CARTESIAN_POINT('',(3.730641276128,104.3504069064));
#5612 = CARTESIAN_POINT('',(3.534291735289,103.4702295985));
#5613 = CARTESIAN_POINT('',(3.337942194439,102.53511468829));
#5614 = CARTESIAN_POINT('',(3.14159265359,101.6));
#5615 = ( GEOMETRIC_REPRESENTATION_CONTEXT(2) 
PARAMETRIC_REPRESENTATION_CONTEXT() REPRESENTATION_CONTEXT('2D SPACE',''
  ) );
#5616 = PCURVE('',#5506,#5617);
#5617 = DEFINITIONAL_REPRESENTATION('',(#5618),#5628);
#5618 = B_SPLINE_CURVE_WITH_KNOTS('',8,(#5619,#5620,#5621,#5622,#5623,
    #5624,#5625,#5626,#5627),.UNSPECIFIED.,.F.,.F.,(9,9),(0.,
    1.570796326795),.PIECEWISE_BEZIER_KNOTS.);
#5619 = CARTESIAN_POINT('',(1.570796326795,4.7625));
#5620 = CARTESIAN_POINT('',(1.767145867644,4.7625));
#5621 = CARTESIAN_POINT('',(1.963495408493,4.552660554365));
#5622 = CARTESIAN_POINT('',(2.159844949337,4.132983445687));
#5623 = CARTESIAN_POINT('',(2.35619449019,3.520719799619));
#5624 = CARTESIAN_POINT('',(2.552544031038,2.750406906516));
#5625 = CARTESIAN_POINT('',(2.748893571891,1.870229598614));
#5626 = CARTESIAN_POINT('',(2.94524311274,0.935114688295));
#5627 = CARTESIAN_POINT('',(3.14159265359,2.91619019047E-16));
#5628 = ( GEOMETRIC_REPRESENTATION_CONTEXT(2) 
PARAMETRIC_REPRESENTATION_CONTEXT() REPRESENTATION_CONTEXT('2D SPACE',''
  ) );
#5629 = FACE_BOUND('',#5630,.T.);
#5630 = EDGE_LOOP('',(#5631,#5672,#5708,#5744));
#5631 = ORIENTED_EDGE('',*,*,#5632,.F.);
#5632 = EDGE_CURVE('',#5101,#5633,#5635,.T.);
#5633 = VERTEX_POINT('',#5634);
#5634 = CARTESIAN_POINT('',(30.1625,4.7625,101.6));
#5635 = SURFACE_CURVE('',#5636,(#5641,#5654),.PCURVE_S1.);
#5636 = ELLIPSE('',#5637,6.735192090802,4.7625);
#5637 = AXIS2_PLACEMENT_3D('',#5638,#5639,#5640);
#5638 = CARTESIAN_POINT('',(25.4,0.,101.6));
#5639 = DIRECTION('',(-0.707106781187,0.707106781187,0.));
#5640 = DIRECTION('',(0.707106781187,0.707106781187,0.));
#5641 = PCURVE('',#1886,#5642);
#5642 = DEFINITIONAL_REPRESENTATION('',(#5643),#5653);
#5643 = B_SPLINE_CURVE_WITH_KNOTS('',8,(#5644,#5645,#5646,#5647,#5648,
    #5649,#5650,#5651,#5652),.UNSPECIFIED.,.F.,.F.,(9,9),(4.712388980385
    ,6.28318530718),.PIECEWISE_BEZIER_KNOTS.);
#5644 = CARTESIAN_POINT('',(6.28318530718,152.4));
#5645 = CARTESIAN_POINT('',(6.08683576633,153.33511468829));
#5646 = CARTESIAN_POINT('',(5.890486225481,154.2702295985));
#5647 = CARTESIAN_POINT('',(5.694136684633,155.15040690637));
#5648 = CARTESIAN_POINT('',(5.497787143782,155.92071979893));
#5649 = CARTESIAN_POINT('',(5.301437602933,156.53298344566));
#5650 = CARTESIAN_POINT('',(5.105088062083,156.95266055426));
#5651 = CARTESIAN_POINT('',(4.908738521234,157.1625));
#5652 = CARTESIAN_POINT('',(4.712388980385,157.1625));
#5653 = ( GEOMETRIC_REPRESENTATION_CONTEXT(2) 
PARAMETRIC_REPRESENTATION_CONTEXT() REPRESENTATION_CONTEXT('2D SPACE',''
  ) );
#5654 = PCURVE('',#5655,#5660);
#5655 = CYLINDRICAL_SURFACE('',#5656,4.7625);
#5656 = AXIS2_PLACEMENT_3D('',#5657,#5658,#5659);
#5657 = CARTESIAN_POINT('',(25.4,0.,101.6));
#5658 = DIRECTION('',(0.,1.,0.));
#5659 = DIRECTION('',(0.,-0.,1.));
#5660 = DEFINITIONAL_REPRESENTATION('',(#5661),#5671);
#5661 = B_SPLINE_CURVE_WITH_KNOTS('',8,(#5662,#5663,#5664,#5665,#5666,
    #5667,#5668,#5669,#5670),.UNSPECIFIED.,.F.,.F.,(9,9),(4.712388980385
    ,6.28318530718),.PIECEWISE_BEZIER_KNOTS.);
#5662 = CARTESIAN_POINT('',(0.,-8.748570571409E-16));
#5663 = CARTESIAN_POINT('',(0.196349540849,0.935114688295));
#5664 = CARTESIAN_POINT('',(0.392699081699,1.870229598611));
#5665 = CARTESIAN_POINT('',(0.589048622547,2.750406906525));
#5666 = CARTESIAN_POINT('',(0.785398163397,3.520719799603));
#5667 = CARTESIAN_POINT('',(0.981747704244,4.132983445699));
#5668 = CARTESIAN_POINT('',(1.178097245096,4.552660554361));
#5669 = CARTESIAN_POINT('',(1.374446785946,4.7625));
#5670 = CARTESIAN_POINT('',(1.570796326795,4.7625));
#5671 = ( GEOMETRIC_REPRESENTATION_CONTEXT(2) 
PARAMETRIC_REPRESENTATION_CONTEXT() REPRESENTATION_CONTEXT('2D SPACE',''
  ) );
#5672 = ORIENTED_EDGE('',*,*,#5673,.F.);
#5673 = EDGE_CURVE('',#5674,#5101,#5676,.T.);
#5674 = VERTEX_POINT('',#5675);
#5675 = CARTESIAN_POINT('',(20.6375,4.7625,101.6));
#5676 = SURFACE_CURVE('',#5677,(#5682,#5695),.PCURVE_S1.);
#5677 = ELLIPSE('',#5678,6.735192090802,4.7625);
#5678 = AXIS2_PLACEMENT_3D('',#5679,#5680,#5681);
#5679 = CARTESIAN_POINT('',(25.4,0.,101.6));
#5680 = DIRECTION('',(0.707106781187,0.707106781187,0.));
#5681 = DIRECTION('',(-0.707106781187,0.707106781187,0.));
#5682 = PCURVE('',#1886,#5683);
#5683 = DEFINITIONAL_REPRESENTATION('',(#5684),#5694);
#5684 = B_SPLINE_CURVE_WITH_KNOTS('',8,(#5685,#5686,#5687,#5688,#5689,
    #5690,#5691,#5692,#5693),.UNSPECIFIED.,.F.,.F.,(9,9),(0.,
    1.570796326795),.PIECEWISE_BEZIER_KNOTS.);
#5685 = CARTESIAN_POINT('',(4.712388980385,147.6375));
#5686 = CARTESIAN_POINT('',(4.908738521234,147.6375));
#5687 = CARTESIAN_POINT('',(5.105088062082,147.84733944541));
#5688 = CARTESIAN_POINT('',(5.301437602938,148.26701655473));
#5689 = CARTESIAN_POINT('',(5.497787143775,148.87928019943));
#5690 = CARTESIAN_POINT('',(5.694136684637,149.64959309395));
#5691 = CARTESIAN_POINT('',(5.89048622548,150.5297704012));
#5692 = CARTESIAN_POINT('',(6.08683576633,151.4648853117));
#5693 = CARTESIAN_POINT('',(6.28318530718,152.4));
#5694 = ( GEOMETRIC_REPRESENTATION_CONTEXT(2) 
PARAMETRIC_REPRESENTATION_CONTEXT() REPRESENTATION_CONTEXT('2D SPACE',''
  ) );
#5695 = PCURVE('',#5655,#5696);
#5696 = DEFINITIONAL_REPRESENTATION('',(#5697),#5707);
#5697 = B_SPLINE_CURVE_WITH_KNOTS('',8,(#5698,#5699,#5700,#5701,#5702,
    #5703,#5704,#5705,#5706),.UNSPECIFIED.,.F.,.F.,(9,9),(0.,
    1.570796326795),.PIECEWISE_BEZIER_KNOTS.);
#5698 = CARTESIAN_POINT('',(4.712388980385,4.7625));
#5699 = CARTESIAN_POINT('',(4.908738521234,4.7625));
#5700 = CARTESIAN_POINT('',(5.105088062084,4.552660554365));
#5701 = CARTESIAN_POINT('',(5.301437602931,4.132983445687));
#5702 = CARTESIAN_POINT('',(5.497787143786,3.520719799619));
#5703 = CARTESIAN_POINT('',(5.694136684631,2.750406906516));
#5704 = CARTESIAN_POINT('',(5.890486225481,1.870229598614));
#5705 = CARTESIAN_POINT('',(6.08683576633,0.935114688295));
#5706 = CARTESIAN_POINT('',(6.28318530718,2.91619019047E-16));
#5707 = ( GEOMETRIC_REPRESENTATION_CONTEXT(2) 
PARAMETRIC_REPRESENTATION_CONTEXT() REPRESENTATION_CONTEXT('2D SPACE',''
  ) );
#5708 = ORIENTED_EDGE('',*,*,#5709,.F.);
#5709 = EDGE_CURVE('',#5710,#5674,#5712,.T.);
#5710 = VERTEX_POINT('',#5711);
#5711 = CARTESIAN_POINT('',(25.4,0.,96.8375));
#5712 = SURFACE_CURVE('',#5713,(#5718,#5731),.PCURVE_S1.);
#5713 = ELLIPSE('',#5714,6.735192090802,4.7625);
#5714 = AXIS2_PLACEMENT_3D('',#5715,#5716,#5717);
#5715 = CARTESIAN_POINT('',(25.4,0.,101.6));
#5716 = DIRECTION('',(0.707106781187,0.707106781187,0.));
#5717 = DIRECTION('',(-0.707106781187,0.707106781187,0.));
#5718 = PCURVE('',#1886,#5719);
#5719 = DEFINITIONAL_REPRESENTATION('',(#5720),#5730);
#5720 = B_SPLINE_CURVE_WITH_KNOTS('',8,(#5721,#5722,#5723,#5724,#5725,
    #5726,#5727,#5728,#5729),.UNSPECIFIED.,.F.,.F.,(9,9),(4.712388980385
    ,6.28318530718),.PIECEWISE_BEZIER_KNOTS.);
#5721 = CARTESIAN_POINT('',(3.14159265359,152.4));
#5722 = CARTESIAN_POINT('',(3.337942194439,151.4648853117));
#5723 = CARTESIAN_POINT('',(3.534291735288,150.52977040112));
#5724 = CARTESIAN_POINT('',(3.730641276131,149.64959309412));
#5725 = CARTESIAN_POINT('',(3.926990816987,148.87928019904));
#5726 = CARTESIAN_POINT('',(4.123340357826,148.26701655495));
#5727 = CARTESIAN_POINT('',(4.319689898686,147.8473394454));
#5728 = CARTESIAN_POINT('',(4.516039439535,147.6375));
#5729 = CARTESIAN_POINT('',(4.712388980385,147.6375));
#5730 = ( GEOMETRIC_REPRESENTATION_CONTEXT(2) 
PARAMETRIC_REPRESENTATION_CONTEXT() REPRESENTATION_CONTEXT('2D SPACE',''
  ) );
#5731 = PCURVE('',#5655,#5732);
#5732 = DEFINITIONAL_REPRESENTATION('',(#5733),#5743);
#5733 = B_SPLINE_CURVE_WITH_KNOTS('',8,(#5734,#5735,#5736,#5737,#5738,
    #5739,#5740,#5741,#5742),.UNSPECIFIED.,.F.,.F.,(9,9),(4.712388980385
    ,6.28318530718),.PIECEWISE_BEZIER_KNOTS.);
#5734 = CARTESIAN_POINT('',(3.14159265359,-8.748570571409E-16));
#5735 = CARTESIAN_POINT('',(3.337942194439,0.935114688295));
#5736 = CARTESIAN_POINT('',(3.534291735285,1.870229598611));
#5737 = CARTESIAN_POINT('',(3.730641276142,2.750406906525));
#5738 = CARTESIAN_POINT('',(3.926990816972,3.520719799603));
#5739 = CARTESIAN_POINT('',(4.123340357837,4.132983445699));
#5740 = CARTESIAN_POINT('',(4.319689898683,4.552660554361));
#5741 = CARTESIAN_POINT('',(4.516039439535,4.7625));
#5742 = CARTESIAN_POINT('',(4.712388980385,4.7625));
#5743 = ( GEOMETRIC_REPRESENTATION_CONTEXT(2) 
PARAMETRIC_REPRESENTATION_CONTEXT() REPRESENTATION_CONTEXT('2D SPACE',''
  ) );
#5744 = ORIENTED_EDGE('',*,*,#5745,.F.);
#5745 = EDGE_CURVE('',#5633,#5710,#5746,.T.);
#5746 = SURFACE_CURVE('',#5747,(#5752,#5765),.PCURVE_S1.);
#5747 = ELLIPSE('',#5748,6.735192090802,4.7625);
#5748 = AXIS2_PLACEMENT_3D('',#5749,#5750,#5751);
#5749 = CARTESIAN_POINT('',(25.4,0.,101.6));
#5750 = DIRECTION('',(-0.707106781187,0.707106781187,0.));
#5751 = DIRECTION('',(0.707106781187,0.707106781187,0.));
#5752 = PCURVE('',#1886,#5753);
#5753 = DEFINITIONAL_REPRESENTATION('',(#5754),#5764);
#5754 = B_SPLINE_CURVE_WITH_KNOTS('',8,(#5755,#5756,#5757,#5758,#5759,
    #5760,#5761,#5762,#5763),.UNSPECIFIED.,.F.,.F.,(9,9),(0.,
    1.570796326795),.PIECEWISE_BEZIER_KNOTS.);
#5755 = CARTESIAN_POINT('',(4.712388980385,157.1625));
#5756 = CARTESIAN_POINT('',(4.516039439535,157.1625));
#5757 = CARTESIAN_POINT('',(4.319689898686,156.95266055426));
#5758 = CARTESIAN_POINT('',(4.123340357829,156.53298344571));
#5759 = CARTESIAN_POINT('',(3.926990816986,155.9207197989));
#5760 = CARTESIAN_POINT('',(3.730641276128,155.15040690649));
#5761 = CARTESIAN_POINT('',(3.534291735289,154.27022959849));
#5762 = CARTESIAN_POINT('',(3.337942194439,153.33511468829));
#5763 = CARTESIAN_POINT('',(3.14159265359,152.4));
#5764 = ( GEOMETRIC_REPRESENTATION_CONTEXT(2) 
PARAMETRIC_REPRESENTATION_CONTEXT() REPRESENTATION_CONTEXT('2D SPACE',''
  ) );
#5765 = PCURVE('',#5655,#5766);
#5766 = DEFINITIONAL_REPRESENTATION('',(#5767),#5777);
#5767 = B_SPLINE_CURVE_WITH_KNOTS('',8,(#5768,#5769,#5770,#5771,#5772,
    #5773,#5774,#5775,#5776),.UNSPECIFIED.,.F.,.F.,(9,9),(0.,
    1.570796326795),.PIECEWISE_BEZIER_KNOTS.);
#5768 = CARTESIAN_POINT('',(1.570796326795,4.7625));
#5769 = CARTESIAN_POINT('',(1.767145867644,4.7625));
#5770 = CARTESIAN_POINT('',(1.963495408493,4.552660554365));
#5771 = CARTESIAN_POINT('',(2.159844949337,4.132983445687));
#5772 = CARTESIAN_POINT('',(2.35619449019,3.520719799619));
#5773 = CARTESIAN_POINT('',(2.552544031038,2.750406906516));
#5774 = CARTESIAN_POINT('',(2.748893571891,1.870229598614));
#5775 = CARTESIAN_POINT('',(2.94524311274,0.935114688295));
#5776 = CARTESIAN_POINT('',(3.14159265359,2.91619019047E-16));
#5777 = ( GEOMETRIC_REPRESENTATION_CONTEXT(2) 
PARAMETRIC_REPRESENTATION_CONTEXT() REPRESENTATION_CONTEXT('2D SPACE',''
  ) );
#5778 = FACE_BOUND('',#5779,.T.);
#5779 = EDGE_LOOP('',(#5780,#5821,#5857,#5893));
#5780 = ORIENTED_EDGE('',*,*,#5781,.F.);
#5781 = EDGE_CURVE('',#5123,#5782,#5784,.T.);
#5782 = VERTEX_POINT('',#5783);
#5783 = CARTESIAN_POINT('',(80.9625,4.7625,101.6));
#5784 = SURFACE_CURVE('',#5785,(#5790,#5803),.PCURVE_S1.);
#5785 = ELLIPSE('',#5786,6.735192090802,4.7625);
#5786 = AXIS2_PLACEMENT_3D('',#5787,#5788,#5789);
#5787 = CARTESIAN_POINT('',(76.2,0.,101.6));
#5788 = DIRECTION('',(-0.707106781187,0.707106781187,0.));
#5789 = DIRECTION('',(0.707106781187,0.707106781187,0.));
#5790 = PCURVE('',#1886,#5791);
#5791 = DEFINITIONAL_REPRESENTATION('',(#5792),#5802);
#5792 = B_SPLINE_CURVE_WITH_KNOTS('',8,(#5793,#5794,#5795,#5796,#5797,
    #5798,#5799,#5800,#5801),.UNSPECIFIED.,.F.,.F.,(9,9),(4.712388980385
    ,6.28318530718),.PIECEWISE_BEZIER_KNOTS.);
#5793 = CARTESIAN_POINT('',(6.28318530718,203.2));
#5794 = CARTESIAN_POINT('',(6.08683576633,204.13511468829));
#5795 = CARTESIAN_POINT('',(5.890486225481,205.07022959834));
#5796 = CARTESIAN_POINT('',(5.694136684633,205.95040690694));
#5797 = CARTESIAN_POINT('',(5.497787143782,206.72071979832));
#5798 = CARTESIAN_POINT('',(5.301437602933,207.33298344627));
#5799 = CARTESIAN_POINT('',(5.105088062083,207.75266055419));
#5800 = CARTESIAN_POINT('',(4.908738521234,207.9625));
#5801 = CARTESIAN_POINT('',(4.712388980385,207.9625));
#5802 = ( GEOMETRIC_REPRESENTATION_CONTEXT(2) 
PARAMETRIC_REPRESENTATION_CONTEXT() REPRESENTATION_CONTEXT('2D SPACE',''
  ) );
#5803 = PCURVE('',#5804,#5809);
#5804 = CYLINDRICAL_SURFACE('',#5805,4.7625);
#5805 = AXIS2_PLACEMENT_3D('',#5806,#5807,#5808);
#5806 = CARTESIAN_POINT('',(76.2,0.,101.6));
#5807 = DIRECTION('',(0.,1.,0.));
#5808 = DIRECTION('',(0.,-0.,1.));
#5809 = DEFINITIONAL_REPRESENTATION('',(#5810),#5820);
#5810 = B_SPLINE_CURVE_WITH_KNOTS('',8,(#5811,#5812,#5813,#5814,#5815,
    #5816,#5817,#5818,#5819),.UNSPECIFIED.,.F.,.F.,(9,9),(4.712388980385
    ,6.28318530718),.PIECEWISE_BEZIER_KNOTS.);
#5811 = CARTESIAN_POINT('',(0.,-8.748570571409E-16));
#5812 = CARTESIAN_POINT('',(0.196349540849,0.935114688295));
#5813 = CARTESIAN_POINT('',(0.392699081699,1.870229598611));
#5814 = CARTESIAN_POINT('',(0.589048622547,2.750406906525));
#5815 = CARTESIAN_POINT('',(0.785398163396,3.520719799603));
#5816 = CARTESIAN_POINT('',(0.981747704245,4.132983445699));
#5817 = CARTESIAN_POINT('',(1.178097245096,4.552660554361));
#5818 = CARTESIAN_POINT('',(1.374446785946,4.7625));
#5819 = CARTESIAN_POINT('',(1.570796326795,4.7625));
#5820 = ( GEOMETRIC_REPRESENTATION_CONTEXT(2) 
PARAMETRIC_REPRESENTATION_CONTEXT() REPRESENTATION_CONTEXT('2D SPACE',''
  ) );
#5821 = ORIENTED_EDGE('',*,*,#5822,.F.);
#5822 = EDGE_CURVE('',#5823,#5123,#5825,.T.);
#5823 = VERTEX_POINT('',#5824);
#5824 = CARTESIAN_POINT('',(71.4375,4.7625,101.6));
#5825 = SURFACE_CURVE('',#5826,(#5831,#5844),.PCURVE_S1.);
#5826 = ELLIPSE('',#5827,6.735192090802,4.7625);
#5827 = AXIS2_PLACEMENT_3D('',#5828,#5829,#5830);
#5828 = CARTESIAN_POINT('',(76.2,0.,101.6));
#5829 = DIRECTION('',(0.707106781187,0.707106781187,0.));
#5830 = DIRECTION('',(-0.707106781187,0.707106781187,0.));
#5831 = PCURVE('',#1886,#5832);
#5832 = DEFINITIONAL_REPRESENTATION('',(#5833),#5843);
#5833 = B_SPLINE_CURVE_WITH_KNOTS('',8,(#5834,#5835,#5836,#5837,#5838,
    #5839,#5840,#5841,#5842),.UNSPECIFIED.,.F.,.F.,(9,9),(0.,
    1.570796326795),.PIECEWISE_BEZIER_KNOTS.);
#5834 = CARTESIAN_POINT('',(4.712388980385,198.4375));
#5835 = CARTESIAN_POINT('',(4.908738521234,198.4375));
#5836 = CARTESIAN_POINT('',(5.105088062082,198.64733944554));
#5837 = CARTESIAN_POINT('',(5.301437602938,199.06701655399));
#5838 = CARTESIAN_POINT('',(5.497787143775,199.67928019982));
#5839 = CARTESIAN_POINT('',(5.694136684637,200.44959309326));
#5840 = CARTESIAN_POINT('',(5.89048622548,201.32977040133));
#5841 = CARTESIAN_POINT('',(6.08683576633,202.2648853117));
#5842 = CARTESIAN_POINT('',(6.28318530718,203.2));
#5843 = ( GEOMETRIC_REPRESENTATION_CONTEXT(2) 
PARAMETRIC_REPRESENTATION_CONTEXT() REPRESENTATION_CONTEXT('2D SPACE',''
  ) );
#5844 = PCURVE('',#5804,#5845);
#5845 = DEFINITIONAL_REPRESENTATION('',(#5846),#5856);
#5846 = B_SPLINE_CURVE_WITH_KNOTS('',8,(#5847,#5848,#5849,#5850,#5851,
    #5852,#5853,#5854,#5855),.UNSPECIFIED.,.F.,.F.,(9,9),(0.,
    1.570796326795),.PIECEWISE_BEZIER_KNOTS.);
#5847 = CARTESIAN_POINT('',(4.712388980385,4.7625));
#5848 = CARTESIAN_POINT('',(4.908738521234,4.7625));
#5849 = CARTESIAN_POINT('',(5.105088062083,4.552660554365));
#5850 = CARTESIAN_POINT('',(5.301437602938,4.132983445687));
#5851 = CARTESIAN_POINT('',(5.497787143778,3.520719799619));
#5852 = CARTESIAN_POINT('',(5.694136684636,2.750406906516));
#5853 = CARTESIAN_POINT('',(5.89048622548,1.870229598614));
#5854 = CARTESIAN_POINT('',(6.08683576633,0.935114688295));
#5855 = CARTESIAN_POINT('',(6.28318530718,2.91619019047E-16));
#5856 = ( GEOMETRIC_REPRESENTATION_CONTEXT(2) 
PARAMETRIC_REPRESENTATION_CONTEXT() REPRESENTATION_CONTEXT('2D SPACE',''
  ) );
#5857 = ORIENTED_EDGE('',*,*,#5858,.F.);
#5858 = EDGE_CURVE('',#5859,#5823,#5861,.T.);
#5859 = VERTEX_POINT('',#5860);
#5860 = CARTESIAN_POINT('',(76.2,0.,96.8375));
#5861 = SURFACE_CURVE('',#5862,(#5867,#5880),.PCURVE_S1.);
#5862 = ELLIPSE('',#5863,6.735192090802,4.7625);
#5863 = AXIS2_PLACEMENT_3D('',#5864,#5865,#5866);
#5864 = CARTESIAN_POINT('',(76.2,0.,101.6));
#5865 = DIRECTION('',(0.707106781187,0.707106781187,0.));
#5866 = DIRECTION('',(-0.707106781187,0.707106781187,0.));
#5867 = PCURVE('',#1886,#5868);
#5868 = DEFINITIONAL_REPRESENTATION('',(#5869),#5879);
#5869 = B_SPLINE_CURVE_WITH_KNOTS('',8,(#5870,#5871,#5872,#5873,#5874,
    #5875,#5876,#5877,#5878),.UNSPECIFIED.,.F.,.F.,(9,9),(4.712388980385
    ,6.28318530718),.PIECEWISE_BEZIER_KNOTS.);
#5870 = CARTESIAN_POINT('',(3.14159265359,203.2));
#5871 = CARTESIAN_POINT('',(3.337942194439,202.2648853117));
#5872 = CARTESIAN_POINT('',(3.534291735288,201.32977040145));
#5873 = CARTESIAN_POINT('',(3.730641276131,200.44959309237));
#5874 = CARTESIAN_POINT('',(3.926990816987,199.6792802011));
#5875 = CARTESIAN_POINT('',(4.123340357826,199.06701655329));
#5876 = CARTESIAN_POINT('',(4.319689898686,198.64733944577));
#5877 = CARTESIAN_POINT('',(4.516039439535,198.4375));
#5878 = CARTESIAN_POINT('',(4.712388980385,198.4375));
#5879 = ( GEOMETRIC_REPRESENTATION_CONTEXT(2) 
PARAMETRIC_REPRESENTATION_CONTEXT() REPRESENTATION_CONTEXT('2D SPACE',''
  ) );
#5880 = PCURVE('',#5804,#5881);
#5881 = DEFINITIONAL_REPRESENTATION('',(#5882),#5892);
#5882 = B_SPLINE_CURVE_WITH_KNOTS('',8,(#5883,#5884,#5885,#5886,#5887,
    #5888,#5889,#5890,#5891),.UNSPECIFIED.,.F.,.F.,(9,9),(4.712388980385
    ,6.28318530718),.PIECEWISE_BEZIER_KNOTS.);
#5883 = CARTESIAN_POINT('',(3.14159265359,-8.748570571409E-16));
#5884 = CARTESIAN_POINT('',(3.337942194439,0.935114688295));
#5885 = CARTESIAN_POINT('',(3.534291735284,1.870229598611));
#5886 = CARTESIAN_POINT('',(3.730641276133,2.750406906525));
#5887 = CARTESIAN_POINT('',(3.92699081697,3.520719799603));
#5888 = CARTESIAN_POINT('',(4.123340357835,4.132983445699));
#5889 = CARTESIAN_POINT('',(4.319689898682,4.552660554361));
#5890 = CARTESIAN_POINT('',(4.516039439535,4.7625));
#5891 = CARTESIAN_POINT('',(4.712388980385,4.7625));
#5892 = ( GEOMETRIC_REPRESENTATION_CONTEXT(2) 
PARAMETRIC_REPRESENTATION_CONTEXT() REPRESENTATION_CONTEXT('2D SPACE',''
  ) );
#5893 = ORIENTED_EDGE('',*,*,#5894,.F.);
#5894 = EDGE_CURVE('',#5782,#5859,#5895,.T.);
#5895 = SURFACE_CURVE('',#5896,(#5901,#5914),.PCURVE_S1.);
#5896 = ELLIPSE('',#5897,6.735192090802,4.7625);
#5897 = AXIS2_PLACEMENT_3D('',#5898,#5899,#5900);
#5898 = CARTESIAN_POINT('',(76.2,0.,101.6));
#5899 = DIRECTION('',(-0.707106781187,0.707106781187,0.));
#5900 = DIRECTION('',(0.707106781187,0.707106781187,0.));
#5901 = PCURVE('',#1886,#5902);
#5902 = DEFINITIONAL_REPRESENTATION('',(#5903),#5913);
#5903 = B_SPLINE_CURVE_WITH_KNOTS('',8,(#5904,#5905,#5906,#5907,#5908,
    #5909,#5910,#5911,#5912),.UNSPECIFIED.,.F.,.F.,(9,9),(0.,
    1.570796326795),.PIECEWISE_BEZIER_KNOTS.);
#5904 = CARTESIAN_POINT('',(4.712388980385,207.9625));
#5905 = CARTESIAN_POINT('',(4.516039439535,207.9625));
#5906 = CARTESIAN_POINT('',(4.319689898686,207.75266055441));
#5907 = CARTESIAN_POINT('',(4.123340357829,207.33298344468));
#5908 = CARTESIAN_POINT('',(3.926990816986,206.72071980022));
#5909 = CARTESIAN_POINT('',(3.730641276128,205.95040690575));
#5910 = CARTESIAN_POINT('',(3.534291735289,205.07022959868));
#5911 = CARTESIAN_POINT('',(3.337942194439,204.13511468829));
#5912 = CARTESIAN_POINT('',(3.14159265359,203.2));
#5913 = ( GEOMETRIC_REPRESENTATION_CONTEXT(2) 
PARAMETRIC_REPRESENTATION_CONTEXT() REPRESENTATION_CONTEXT('2D SPACE',''
  ) );
#5914 = PCURVE('',#5804,#5915);
#5915 = DEFINITIONAL_REPRESENTATION('',(#5916),#5926);
#5916 = B_SPLINE_CURVE_WITH_KNOTS('',8,(#5917,#5918,#5919,#5920,#5921,
    #5922,#5923,#5924,#5925),.UNSPECIFIED.,.F.,.F.,(9,9),(0.,
    1.570796326795),.PIECEWISE_BEZIER_KNOTS.);
#5917 = CARTESIAN_POINT('',(1.570796326795,4.7625));
#5918 = CARTESIAN_POINT('',(1.767145867644,4.7625));
#5919 = CARTESIAN_POINT('',(1.963495408492,4.552660554365));
#5920 = CARTESIAN_POINT('',(2.159844949342,4.132983445687));
#5921 = CARTESIAN_POINT('',(2.356194490186,3.520719799619));
#5922 = CARTESIAN_POINT('',(2.552544031042,2.750406906516));
#5923 = CARTESIAN_POINT('',(2.748893571889,1.870229598614));
#5924 = CARTESIAN_POINT('',(2.94524311274,0.935114688295));
#5925 = CARTESIAN_POINT('',(3.14159265359,2.91619019047E-16));
#5926 = ( GEOMETRIC_REPRESENTATION_CONTEXT(2) 
PARAMETRIC_REPRESENTATION_CONTEXT() REPRESENTATION_CONTEXT('2D SPACE',''
  ) );
#5927 = ADVANCED_FACE('',(#5928,#6128,#6255,#6382),#1963,.T.);
#5928 = FACE_BOUND('',#5929,.T.);
#5929 = EDGE_LOOP('',(#5930,#5957,#5979,#6001,#6023,#6045,#6072,#6073,
    #6121,#6122,#6123,#6124,#6125,#6126,#6127));
#5930 = ORIENTED_EDGE('',*,*,#5931,.T.);
#5931 = EDGE_CURVE('',#1905,#5019,#5932,.T.);
#5932 = SURFACE_CURVE('',#5933,(#5938,#5945),.PCURVE_S1.);
#5933 = CIRCLE('',#5934,4.7625);
#5934 = AXIS2_PLACEMENT_3D('',#5935,#5936,#5937);
#5935 = CARTESIAN_POINT('',(-127.,0.,101.6));
#5936 = DIRECTION('',(0.,1.,0.));
#5937 = DIRECTION('',(0.,-0.,1.));
#5938 = PCURVE('',#1963,#5939);
#5939 = DEFINITIONAL_REPRESENTATION('',(#5940),#5944);
#5940 = LINE('',#5941,#5942);
#5941 = CARTESIAN_POINT('',(0.,0.));
#5942 = VECTOR('',#5943,1.);
#5943 = DIRECTION('',(1.,0.));
#5944 = ( GEOMETRIC_REPRESENTATION_CONTEXT(2) 
PARAMETRIC_REPRESENTATION_CONTEXT() REPRESENTATION_CONTEXT('2D SPACE',''
  ) );
#5945 = PCURVE('',#5946,#5951);
#5946 = PLANE('',#5947);
#5947 = AXIS2_PLACEMENT_3D('',#5948,#5949,#5950);
#5948 = CARTESIAN_POINT('',(-127.,0.,101.6));
#5949 = DIRECTION('',(0.,1.,0.));
#5950 = DIRECTION('',(0.,-0.,1.));
#5951 = DEFINITIONAL_REPRESENTATION('',(#5952),#5956);
#5952 = CIRCLE('',#5953,4.7625);
#5953 = AXIS2_PLACEMENT_2D('',#5954,#5955);
#5954 = CARTESIAN_POINT('',(0.,0.));
#5955 = DIRECTION('',(1.,0.));
#5956 = ( GEOMETRIC_REPRESENTATION_CONTEXT(2) 
PARAMETRIC_REPRESENTATION_CONTEXT() REPRESENTATION_CONTEXT('2D SPACE',''
  ) );
#5957 = ORIENTED_EDGE('',*,*,#5958,.T.);
#5958 = EDGE_CURVE('',#5019,#5959,#5961,.T.);
#5959 = VERTEX_POINT('',#5960);
#5960 = CARTESIAN_POINT('',(-127.,44.45,106.3625));
#5961 = SEAM_CURVE('',#5962,(#5966,#5973),.PCURVE_S1.);
#5962 = LINE('',#5963,#5964);
#5963 = CARTESIAN_POINT('',(-127.,0.,106.3625));
#5964 = VECTOR('',#5965,1.);
#5965 = DIRECTION('',(0.,1.,0.));
#5966 = PCURVE('',#1963,#5967);
#5967 = DEFINITIONAL_REPRESENTATION('',(#5968),#5972);
#5968 = LINE('',#5969,#5970);
#5969 = CARTESIAN_POINT('',(0.,0.));
#5970 = VECTOR('',#5971,1.);
#5971 = DIRECTION('',(0.,1.));
#5972 = ( GEOMETRIC_REPRESENTATION_CONTEXT(2) 
PARAMETRIC_REPRESENTATION_CONTEXT() REPRESENTATION_CONTEXT('2D SPACE',''
  ) );
#5973 = PCURVE('',#1963,#5974);
#5974 = DEFINITIONAL_REPRESENTATION('',(#5975),#5978);
#5975 = B_SPLINE_CURVE_WITH_KNOTS('',1,(#5976,#5977),.UNSPECIFIED.,.F.,
  .F.,(2,2),(0.,177.8),.PIECEWISE_BEZIER_KNOTS.);
#5976 = CARTESIAN_POINT('',(6.28318530718,0.));
#5977 = CARTESIAN_POINT('',(6.28318530718,177.8));
#5978 = ( GEOMETRIC_REPRESENTATION_CONTEXT(2) 
PARAMETRIC_REPRESENTATION_CONTEXT() REPRESENTATION_CONTEXT('2D SPACE',''
  ) );
#5979 = ORIENTED_EDGE('',*,*,#5980,.T.);
#5980 = EDGE_CURVE('',#5959,#5981,#5983,.T.);
#5981 = VERTEX_POINT('',#5982);
#5982 = CARTESIAN_POINT('',(-127.,88.9,106.3625));
#5983 = SEAM_CURVE('',#5984,(#5988,#5995),.PCURVE_S1.);
#5984 = LINE('',#5985,#5986);
#5985 = CARTESIAN_POINT('',(-127.,0.,106.3625));
#5986 = VECTOR('',#5987,1.);
#5987 = DIRECTION('',(0.,1.,0.));
#5988 = PCURVE('',#1963,#5989);
#5989 = DEFINITIONAL_REPRESENTATION('',(#5990),#5994);
#5990 = LINE('',#5991,#5992);
#5991 = CARTESIAN_POINT('',(0.,0.));
#5992 = VECTOR('',#5993,1.);
#5993 = DIRECTION('',(0.,1.));
#5994 = ( GEOMETRIC_REPRESENTATION_CONTEXT(2) 
PARAMETRIC_REPRESENTATION_CONTEXT() REPRESENTATION_CONTEXT('2D SPACE',''
  ) );
#5995 = PCURVE('',#1963,#5996);
#5996 = DEFINITIONAL_REPRESENTATION('',(#5997),#6000);
#5997 = B_SPLINE_CURVE_WITH_KNOTS('',1,(#5998,#5999),.UNSPECIFIED.,.F.,
  .F.,(2,2),(0.,177.8),.PIECEWISE_BEZIER_KNOTS.);
#5998 = CARTESIAN_POINT('',(6.28318530718,0.));
#5999 = CARTESIAN_POINT('',(6.28318530718,177.8));
#6000 = ( GEOMETRIC_REPRESENTATION_CONTEXT(2) 
PARAMETRIC_REPRESENTATION_CONTEXT() REPRESENTATION_CONTEXT('2D SPACE',''
  ) );
#6001 = ORIENTED_EDGE('',*,*,#6002,.T.);
#6002 = EDGE_CURVE('',#5981,#6003,#6005,.T.);
#6003 = VERTEX_POINT('',#6004);
#6004 = CARTESIAN_POINT('',(-127.,133.35,106.3625));
#6005 = SEAM_CURVE('',#6006,(#6010,#6017),.PCURVE_S1.);
#6006 = LINE('',#6007,#6008);
#6007 = CARTESIAN_POINT('',(-127.,0.,106.3625));
#6008 = VECTOR('',#6009,1.);
#6009 = DIRECTION('',(0.,1.,0.));
#6010 = PCURVE('',#1963,#6011);
#6011 = DEFINITIONAL_REPRESENTATION('',(#6012),#6016);
#6012 = LINE('',#6013,#6014);
#6013 = CARTESIAN_POINT('',(0.,0.));
#6014 = VECTOR('',#6015,1.);
#6015 = DIRECTION('',(0.,1.));
#6016 = ( GEOMETRIC_REPRESENTATION_CONTEXT(2) 
PARAMETRIC_REPRESENTATION_CONTEXT() REPRESENTATION_CONTEXT('2D SPACE',''
  ) );
#6017 = PCURVE('',#1963,#6018);
#6018 = DEFINITIONAL_REPRESENTATION('',(#6019),#6022);
#6019 = B_SPLINE_CURVE_WITH_KNOTS('',1,(#6020,#6021),.UNSPECIFIED.,.F.,
  .F.,(2,2),(0.,177.8),.PIECEWISE_BEZIER_KNOTS.);
#6020 = CARTESIAN_POINT('',(6.28318530718,0.));
#6021 = CARTESIAN_POINT('',(6.28318530718,177.8));
#6022 = ( GEOMETRIC_REPRESENTATION_CONTEXT(2) 
PARAMETRIC_REPRESENTATION_CONTEXT() REPRESENTATION_CONTEXT('2D SPACE',''
  ) );
#6023 = ORIENTED_EDGE('',*,*,#6024,.T.);
#6024 = EDGE_CURVE('',#6003,#6025,#6027,.T.);
#6025 = VERTEX_POINT('',#6026);
#6026 = CARTESIAN_POINT('',(-127.,177.8,106.3625));
#6027 = SEAM_CURVE('',#6028,(#6032,#6039),.PCURVE_S1.);
#6028 = LINE('',#6029,#6030);
#6029 = CARTESIAN_POINT('',(-127.,0.,106.3625));
#6030 = VECTOR('',#6031,1.);
#6031 = DIRECTION('',(0.,1.,0.));
#6032 = PCURVE('',#1963,#6033);
#6033 = DEFINITIONAL_REPRESENTATION('',(#6034),#6038);
#6034 = LINE('',#6035,#6036);
#6035 = CARTESIAN_POINT('',(0.,0.));
#6036 = VECTOR('',#6037,1.);
#6037 = DIRECTION('',(0.,1.));
#6038 = ( GEOMETRIC_REPRESENTATION_CONTEXT(2) 
PARAMETRIC_REPRESENTATION_CONTEXT() REPRESENTATION_CONTEXT('2D SPACE',''
  ) );
#6039 = PCURVE('',#1963,#6040);
#6040 = DEFINITIONAL_REPRESENTATION('',(#6041),#6044);
#6041 = B_SPLINE_CURVE_WITH_KNOTS('',1,(#6042,#6043),.UNSPECIFIED.,.F.,
  .F.,(2,2),(0.,177.8),.PIECEWISE_BEZIER_KNOTS.);
#6042 = CARTESIAN_POINT('',(6.28318530718,0.));
#6043 = CARTESIAN_POINT('',(6.28318530718,177.8));
#6044 = ( GEOMETRIC_REPRESENTATION_CONTEXT(2) 
PARAMETRIC_REPRESENTATION_CONTEXT() REPRESENTATION_CONTEXT('2D SPACE',''
  ) );
#6045 = ORIENTED_EDGE('',*,*,#6046,.F.);
#6046 = EDGE_CURVE('',#2156,#6025,#6047,.T.);
#6047 = SURFACE_CURVE('',#6048,(#6053,#6060),.PCURVE_S1.);
#6048 = CIRCLE('',#6049,4.7625);
#6049 = AXIS2_PLACEMENT_3D('',#6050,#6051,#6052);
#6050 = CARTESIAN_POINT('',(-127.,177.8,101.6));
#6051 = DIRECTION('',(0.,1.,0.));
#6052 = DIRECTION('',(0.,-0.,1.));
#6053 = PCURVE('',#1963,#6054);
#6054 = DEFINITIONAL_REPRESENTATION('',(#6055),#6059);
#6055 = LINE('',#6056,#6057);
#6056 = CARTESIAN_POINT('',(0.,177.8));
#6057 = VECTOR('',#6058,1.);
#6058 = DIRECTION('',(1.,0.));
#6059 = ( GEOMETRIC_REPRESENTATION_CONTEXT(2) 
PARAMETRIC_REPRESENTATION_CONTEXT() REPRESENTATION_CONTEXT('2D SPACE',''
  ) );
#6060 = PCURVE('',#6061,#6066);
#6061 = PLANE('',#6062);
#6062 = AXIS2_PLACEMENT_3D('',#6063,#6064,#6065);
#6063 = CARTESIAN_POINT('',(-127.,177.8,101.6));
#6064 = DIRECTION('',(0.,1.,0.));
#6065 = DIRECTION('',(0.,-0.,1.));
#6066 = DEFINITIONAL_REPRESENTATION('',(#6067),#6071);
#6067 = CIRCLE('',#6068,4.7625);
#6068 = AXIS2_PLACEMENT_2D('',#6069,#6070);
#6069 = CARTESIAN_POINT('',(0.,0.));
#6070 = DIRECTION('',(1.,0.));
#6071 = ( GEOMETRIC_REPRESENTATION_CONTEXT(2) 
PARAMETRIC_REPRESENTATION_CONTEXT() REPRESENTATION_CONTEXT('2D SPACE',''
  ) );
#6072 = ORIENTED_EDGE('',*,*,#2155,.T.);
#6073 = ORIENTED_EDGE('',*,*,#6074,.F.);
#6074 = EDGE_CURVE('',#6025,#2115,#6075,.T.);
#6075 = SURFACE_CURVE('',#6076,(#6081,#6101),.PCURVE_S1.);
#6076 = ELLIPSE('',#6077,6.735192090802,4.7625);
#6077 = AXIS2_PLACEMENT_3D('',#6078,#6079,#6080);
#6078 = CARTESIAN_POINT('',(-127.,177.8,101.6));
#6079 = DIRECTION('',(0.707106781187,0.707106781187,0.));
#6080 = DIRECTION('',(-0.707106781187,0.707106781187,0.));
#6081 = PCURVE('',#1963,#6082);
#6082 = DEFINITIONAL_REPRESENTATION('',(#6083),#6100);
#6083 = B_SPLINE_CURVE_WITH_KNOTS('',8,(#6084,#6085,#6086,#6087,#6088,
    #6089,#6090,#6091,#6092,#6093,#6094,#6095,#6096,#6097,#6098,#6099),
  .UNSPECIFIED.,.F.,.F.,(9,7,9),(1.570796326795,3.14159265359,
    4.712388980385),.UNSPECIFIED.);
#6084 = CARTESIAN_POINT('',(0.,177.8));
#6085 = CARTESIAN_POINT('',(0.196349540849,176.8648853117));
#6086 = CARTESIAN_POINT('',(0.392699081698,175.92977040154));
#6087 = CARTESIAN_POINT('',(0.589048622548,175.04959309245));
#6088 = CARTESIAN_POINT('',(0.785398163394,174.27928020139));
#6089 = CARTESIAN_POINT('',(0.981747704247,173.66701655309));
#6090 = CARTESIAN_POINT('',(1.178097245095,173.24733944579));
#6091 = CARTESIAN_POINT('',(1.374446785946,173.0375));
#6092 = CARTESIAN_POINT('',(1.767145867644,173.0375));
#6093 = CARTESIAN_POINT('',(1.96349540849,173.2473394455));
#6094 = CARTESIAN_POINT('',(2.159844949352,173.66701655439));
#6095 = CARTESIAN_POINT('',(2.356194490175,174.27928019974));
#6096 = CARTESIAN_POINT('',(2.552544031049,175.04959309363));
#6097 = CARTESIAN_POINT('',(2.748893571888,175.92977040124));
#6098 = CARTESIAN_POINT('',(2.94524311274,176.8648853117));
#6099 = CARTESIAN_POINT('',(3.14159265359,177.8));
#6100 = ( GEOMETRIC_REPRESENTATION_CONTEXT(2) 
PARAMETRIC_REPRESENTATION_CONTEXT() REPRESENTATION_CONTEXT('2D SPACE',''
  ) );
#6101 = PCURVE('',#2137,#6102);
#6102 = DEFINITIONAL_REPRESENTATION('',(#6103),#6120);
#6103 = B_SPLINE_CURVE_WITH_KNOTS('',8,(#6104,#6105,#6106,#6107,#6108,
    #6109,#6110,#6111,#6112,#6113,#6114,#6115,#6116,#6117,#6118,#6119),
  .UNSPECIFIED.,.F.,.F.,(9,7,9),(1.570796326795,3.14159265359,
    4.712388980385),.UNSPECIFIED.);
#6104 = CARTESIAN_POINT('',(0.,0.));
#6105 = CARTESIAN_POINT('',(0.196349540849,0.935114688295));
#6106 = CARTESIAN_POINT('',(0.392699081699,1.870229598614));
#6107 = CARTESIAN_POINT('',(0.589048622545,2.750406906515));
#6108 = CARTESIAN_POINT('',(0.785398163398,3.520719799624));
#6109 = CARTESIAN_POINT('',(0.981747704245,4.132983445693));
#6110 = CARTESIAN_POINT('',(1.178097245096,4.552660554364));
#6111 = CARTESIAN_POINT('',(1.374446785946,4.7625));
#6112 = CARTESIAN_POINT('',(1.767145867644,4.7625));
#6113 = CARTESIAN_POINT('',(1.963495408494,4.552660554363));
#6114 = CARTESIAN_POINT('',(2.159844949341,4.132983445694));
#6115 = CARTESIAN_POINT('',(2.356194490197,3.520719799609));
#6116 = CARTESIAN_POINT('',(2.552544031038,2.750406906516));
#6117 = CARTESIAN_POINT('',(2.748893571891,1.870229598614));
#6118 = CARTESIAN_POINT('',(2.94524311274,0.935114688295));
#6119 = CARTESIAN_POINT('',(3.14159265359,0.));
#6120 = ( GEOMETRIC_REPRESENTATION_CONTEXT(2) 
PARAMETRIC_REPRESENTATION_CONTEXT() REPRESENTATION_CONTEXT('2D SPACE',''
  ) );
#6121 = ORIENTED_EDGE('',*,*,#6024,.F.);
#6122 = ORIENTED_EDGE('',*,*,#6002,.F.);
#6123 = ORIENTED_EDGE('',*,*,#5980,.F.);
#6124 = ORIENTED_EDGE('',*,*,#5958,.F.);
#6125 = ORIENTED_EDGE('',*,*,#5018,.T.);
#6126 = ORIENTED_EDGE('',*,*,#5298,.T.);
#6127 = ORIENTED_EDGE('',*,*,#1933,.T.);
#6128 = FACE_BOUND('',#6129,.T.);
#6129 = EDGE_LOOP('',(#6130,#6185,#6221));
#6130 = ORIENTED_EDGE('',*,*,#6131,.F.);
#6131 = EDGE_CURVE('',#5959,#6132,#6134,.T.);
#6132 = VERTEX_POINT('',#6133);
#6133 = CARTESIAN_POINT('',(-127.,44.45,96.8375));
#6134 = SURFACE_CURVE('',#6135,(#6140,#6160),.PCURVE_S1.);
#6135 = ELLIPSE('',#6136,6.735192090802,4.7625);
#6136 = AXIS2_PLACEMENT_3D('',#6137,#6138,#6139);
#6137 = CARTESIAN_POINT('',(-127.,44.45,101.6));
#6138 = DIRECTION('',(0.707106781187,0.707106781187,0.));
#6139 = DIRECTION('',(-0.707106781187,0.707106781187,0.));
#6140 = PCURVE('',#1963,#6141);
#6141 = DEFINITIONAL_REPRESENTATION('',(#6142),#6159);
#6142 = B_SPLINE_CURVE_WITH_KNOTS('',8,(#6143,#6144,#6145,#6146,#6147,
    #6148,#6149,#6150,#6151,#6152,#6153,#6154,#6155,#6156,#6157,#6158),
  .UNSPECIFIED.,.F.,.F.,(9,7,9),(1.570796326795,3.14159265359,
    4.712388980385),.UNSPECIFIED.);
#6143 = CARTESIAN_POINT('',(0.,44.45));
#6144 = CARTESIAN_POINT('',(0.196349540849,43.514885311705));
#6145 = CARTESIAN_POINT('',(0.392699081698,42.57977040137));
#6146 = CARTESIAN_POINT('',(0.589048622548,41.699593093436));
#6147 = CARTESIAN_POINT('',(0.785398163394,40.929280200318));
#6148 = CARTESIAN_POINT('',(0.981747704247,40.317016554286));
#6149 = CARTESIAN_POINT('',(1.178097245095,39.897339445624));
#6150 = CARTESIAN_POINT('',(1.374446785946,39.6875));
#6151 = CARTESIAN_POINT('',(1.767145867644,39.6875));
#6152 = CARTESIAN_POINT('',(1.96349540849,39.897339445608));
#6153 = CARTESIAN_POINT('',(2.159844949352,40.317016554271));
#6154 = CARTESIAN_POINT('',(2.356194490175,40.929280200282));
#6155 = CARTESIAN_POINT('',(2.552544031049,41.699593093434));
#6156 = CARTESIAN_POINT('',(2.748893571888,42.579770401355));
#6157 = CARTESIAN_POINT('',(2.94524311274,43.514885311705));
#6158 = CARTESIAN_POINT('',(3.14159265359,44.45));
#6159 = ( GEOMETRIC_REPRESENTATION_CONTEXT(2) 
PARAMETRIC_REPRESENTATION_CONTEXT() REPRESENTATION_CONTEXT('2D SPACE',''
  ) );
#6160 = PCURVE('',#6161,#6166);
#6161 = CYLINDRICAL_SURFACE('',#6162,4.7625);
#6162 = AXIS2_PLACEMENT_3D('',#6163,#6164,#6165);
#6163 = CARTESIAN_POINT('',(-127.,44.45,101.6));
#6164 = DIRECTION('',(1.,0.,0.));
#6165 = DIRECTION('',(0.,0.,1.));
#6166 = DEFINITIONAL_REPRESENTATION('',(#6167),#6184);
#6167 = B_SPLINE_CURVE_WITH_KNOTS('',8,(#6168,#6169,#6170,#6171,#6172,
    #6173,#6174,#6175,#6176,#6177,#6178,#6179,#6180,#6181,#6182,#6183),
  .UNSPECIFIED.,.F.,.F.,(9,7,9),(1.570796326795,3.14159265359,
    4.712388980385),.UNSPECIFIED.);
#6168 = CARTESIAN_POINT('',(0.,0.));
#6169 = CARTESIAN_POINT('',(0.196349540849,0.935114688295));
#6170 = CARTESIAN_POINT('',(0.392699081698,1.870229598614));
#6171 = CARTESIAN_POINT('',(0.589048622547,2.750406906515));
#6172 = CARTESIAN_POINT('',(0.785398163396,3.520719799624));
#6173 = CARTESIAN_POINT('',(0.981747704246,4.132983445693));
#6174 = CARTESIAN_POINT('',(1.178097245096,4.552660554364));
#6175 = CARTESIAN_POINT('',(1.374446785946,4.7625));
#6176 = CARTESIAN_POINT('',(1.767145867644,4.7625));
#6177 = CARTESIAN_POINT('',(1.963495408495,4.552660554363));
#6178 = CARTESIAN_POINT('',(2.159844949336,4.132983445694));
#6179 = CARTESIAN_POINT('',(2.356194490207,3.520719799609));
#6180 = CARTESIAN_POINT('',(2.552544031033,2.750406906516));
#6181 = CARTESIAN_POINT('',(2.748893571893,1.870229598614));
#6182 = CARTESIAN_POINT('',(2.94524311274,0.935114688295));
#6183 = CARTESIAN_POINT('',(3.14159265359,0.));
#6184 = ( GEOMETRIC_REPRESENTATION_CONTEXT(2) 
PARAMETRIC_REPRESENTATION_CONTEXT() REPRESENTATION_CONTEXT('2D SPACE',''
  ) );
#6185 = ORIENTED_EDGE('',*,*,#6186,.T.);
#6186 = EDGE_CURVE('',#5959,#6187,#6189,.T.);
#6187 = VERTEX_POINT('',#6188);
#6188 = CARTESIAN_POINT('',(-122.2375,49.2125,101.6));
#6189 = SURFACE_CURVE('',#6190,(#6195,#6208),.PCURVE_S1.);
#6190 = ELLIPSE('',#6191,6.735192090802,4.7625);
#6191 = AXIS2_PLACEMENT_3D('',#6192,#6193,#6194);
#6192 = CARTESIAN_POINT('',(-127.,44.45,101.6));
#6193 = DIRECTION('',(-0.707106781187,0.707106781187,0.));
#6194 = DIRECTION('',(0.707106781187,0.707106781187,0.));
#6195 = PCURVE('',#1963,#6196);
#6196 = DEFINITIONAL_REPRESENTATION('',(#6197),#6207);
#6197 = B_SPLINE_CURVE_WITH_KNOTS('',8,(#6198,#6199,#6200,#6201,#6202,
    #6203,#6204,#6205,#6206),.UNSPECIFIED.,.F.,.F.,(9,9),(4.712388980385
    ,6.28318530718),.PIECEWISE_BEZIER_KNOTS.);
#6198 = CARTESIAN_POINT('',(0.,44.45));
#6199 = CARTESIAN_POINT('',(0.196349540849,45.385114688295));
#6200 = CARTESIAN_POINT('',(0.392699081699,46.320229598605));
#6201 = CARTESIAN_POINT('',(0.589048622547,47.200406906477));
#6202 = CARTESIAN_POINT('',(0.785398163396,47.970719799511));
#6203 = CARTESIAN_POINT('',(0.981747704245,48.582983445654));
#6204 = CARTESIAN_POINT('',(1.178097245096,49.002660554341));
#6205 = CARTESIAN_POINT('',(1.374446785946,49.2125));
#6206 = CARTESIAN_POINT('',(1.570796326795,49.2125));
#6207 = ( GEOMETRIC_REPRESENTATION_CONTEXT(2) 
PARAMETRIC_REPRESENTATION_CONTEXT() REPRESENTATION_CONTEXT('2D SPACE',''
  ) );
#6208 = PCURVE('',#6161,#6209);
#6209 = DEFINITIONAL_REPRESENTATION('',(#6210),#6220);
#6210 = B_SPLINE_CURVE_WITH_KNOTS('',8,(#6211,#6212,#6213,#6214,#6215,
    #6216,#6217,#6218,#6219),.UNSPECIFIED.,.F.,.F.,(9,9),(4.712388980385
    ,6.28318530718),.PIECEWISE_BEZIER_KNOTS.);
#6211 = CARTESIAN_POINT('',(6.28318530718,0.));
#6212 = CARTESIAN_POINT('',(6.08683576633,0.935114688295));
#6213 = CARTESIAN_POINT('',(5.890486225481,1.870229598614));
#6214 = CARTESIAN_POINT('',(5.694136684631,2.750406906515));
#6215 = CARTESIAN_POINT('',(5.497787143786,3.520719799624));
#6216 = CARTESIAN_POINT('',(5.301437602932,4.132983445693));
#6217 = CARTESIAN_POINT('',(5.105088062084,4.552660554364));
#6218 = CARTESIAN_POINT('',(4.908738521234,4.7625));
#6219 = CARTESIAN_POINT('',(4.712388980385,4.7625));
#6220 = ( GEOMETRIC_REPRESENTATION_CONTEXT(2) 
PARAMETRIC_REPRESENTATION_CONTEXT() REPRESENTATION_CONTEXT('2D SPACE',''
  ) );
#6221 = ORIENTED_EDGE('',*,*,#6222,.T.);
#6222 = EDGE_CURVE('',#6187,#6132,#6223,.T.);
#6223 = SURFACE_CURVE('',#6224,(#6229,#6242),.PCURVE_S1.);
#6224 = ELLIPSE('',#6225,6.735192090802,4.7625);
#6225 = AXIS2_PLACEMENT_3D('',#6226,#6227,#6228);
#6226 = CARTESIAN_POINT('',(-127.,44.45,101.6));
#6227 = DIRECTION('',(-0.707106781187,0.707106781187,0.));
#6228 = DIRECTION('',(0.707106781187,0.707106781187,0.));
#6229 = PCURVE('',#1963,#6230);
#6230 = DEFINITIONAL_REPRESENTATION('',(#6231),#6241);
#6231 = B_SPLINE_CURVE_WITH_KNOTS('',8,(#6232,#6233,#6234,#6235,#6236,
    #6237,#6238,#6239,#6240),.UNSPECIFIED.,.F.,.F.,(9,9),(0.,
    1.570796326795),.PIECEWISE_BEZIER_KNOTS.);
#6232 = CARTESIAN_POINT('',(1.570796326795,49.2125));
#6233 = CARTESIAN_POINT('',(1.767145867644,49.2125));
#6234 = CARTESIAN_POINT('',(1.963495408492,49.002660554336));
#6235 = CARTESIAN_POINT('',(2.159844949342,48.582983445679));
#6236 = CARTESIAN_POINT('',(2.356194490186,47.970719799396));
#6237 = CARTESIAN_POINT('',(2.552544031042,47.200406906502));
#6238 = CARTESIAN_POINT('',(2.748893571889,46.320229598595));
#6239 = CARTESIAN_POINT('',(2.94524311274,45.385114688295));
#6240 = CARTESIAN_POINT('',(3.14159265359,44.45));
#6241 = ( GEOMETRIC_REPRESENTATION_CONTEXT(2) 
PARAMETRIC_REPRESENTATION_CONTEXT() REPRESENTATION_CONTEXT('2D SPACE',''
  ) );
#6242 = PCURVE('',#6161,#6243);
#6243 = DEFINITIONAL_REPRESENTATION('',(#6244),#6254);
#6244 = B_SPLINE_CURVE_WITH_KNOTS('',8,(#6245,#6246,#6247,#6248,#6249,
    #6250,#6251,#6252,#6253),.UNSPECIFIED.,.F.,.F.,(9,9),(0.,
    1.570796326795),.PIECEWISE_BEZIER_KNOTS.);
#6245 = CARTESIAN_POINT('',(4.712388980385,4.7625));
#6246 = CARTESIAN_POINT('',(4.516039439535,4.7625));
#6247 = CARTESIAN_POINT('',(4.319689898686,4.552660554361));
#6248 = CARTESIAN_POINT('',(4.123340357829,4.1329834457));
#6249 = CARTESIAN_POINT('',(3.926990816986,3.520719799599));
#6250 = CARTESIAN_POINT('',(3.730641276128,2.750406906521));
#6251 = CARTESIAN_POINT('',(3.534291735289,1.870229598612));
#6252 = CARTESIAN_POINT('',(3.337942194439,0.935114688295));
#6253 = CARTESIAN_POINT('',(3.14159265359,0.));
#6254 = ( GEOMETRIC_REPRESENTATION_CONTEXT(2) 
PARAMETRIC_REPRESENTATION_CONTEXT() REPRESENTATION_CONTEXT('2D SPACE',''
  ) );
#6255 = FACE_BOUND('',#6256,.T.);
#6256 = EDGE_LOOP('',(#6257,#6312,#6348));
#6257 = ORIENTED_EDGE('',*,*,#6258,.F.);
#6258 = EDGE_CURVE('',#5981,#6259,#6261,.T.);
#6259 = VERTEX_POINT('',#6260);
#6260 = CARTESIAN_POINT('',(-127.,88.9,96.8375));
#6261 = SURFACE_CURVE('',#6262,(#6267,#6287),.PCURVE_S1.);
#6262 = ELLIPSE('',#6263,6.735192090802,4.7625);
#6263 = AXIS2_PLACEMENT_3D('',#6264,#6265,#6266);
#6264 = CARTESIAN_POINT('',(-127.,88.9,101.6));
#6265 = DIRECTION('',(0.707106781187,0.707106781187,0.));
#6266 = DIRECTION('',(-0.707106781187,0.707106781187,0.));
#6267 = PCURVE('',#1963,#6268);
#6268 = DEFINITIONAL_REPRESENTATION('',(#6269),#6286);
#6269 = B_SPLINE_CURVE_WITH_KNOTS('',8,(#6270,#6271,#6272,#6273,#6274,
    #6275,#6276,#6277,#6278,#6279,#6280,#6281,#6282,#6283,#6284,#6285),
  .UNSPECIFIED.,.F.,.F.,(9,7,9),(1.570796326795,3.14159265359,
    4.712388980385),.UNSPECIFIED.);
#6270 = CARTESIAN_POINT('',(0.,88.9));
#6271 = CARTESIAN_POINT('',(0.196349540849,87.964885311705));
#6272 = CARTESIAN_POINT('',(0.392699081698,87.029770401285));
#6273 = CARTESIAN_POINT('',(0.589048622548,86.149593093531));
#6274 = CARTESIAN_POINT('',(0.785398163394,85.379280200073));
#6275 = CARTESIAN_POINT('',(0.981747704247,84.767016554372));
#6276 = CARTESIAN_POINT('',(1.178097245095,84.347339445559));
#6277 = CARTESIAN_POINT('',(1.374446785946,84.1375));
#6278 = CARTESIAN_POINT('',(1.767145867644,84.1375));
#6279 = CARTESIAN_POINT('',(1.96349540849,84.347339445616));
#6280 = CARTESIAN_POINT('',(2.159844949352,84.767016554167));
#6281 = CARTESIAN_POINT('',(2.356194490175,85.379280200145));
#6282 = CARTESIAN_POINT('',(2.552544031049,86.149593093383));
#6283 = CARTESIAN_POINT('',(2.748893571888,87.029770401356));
#6284 = CARTESIAN_POINT('',(2.94524311274,87.964885311705));
#6285 = CARTESIAN_POINT('',(3.14159265359,88.9));
#6286 = ( GEOMETRIC_REPRESENTATION_CONTEXT(2) 
PARAMETRIC_REPRESENTATION_CONTEXT() REPRESENTATION_CONTEXT('2D SPACE',''
  ) );
#6287 = PCURVE('',#6288,#6293);
#6288 = CYLINDRICAL_SURFACE('',#6289,4.7625);
#6289 = AXIS2_PLACEMENT_3D('',#6290,#6291,#6292);
#6290 = CARTESIAN_POINT('',(-127.,88.9,101.6));
#6291 = DIRECTION('',(1.,0.,0.));
#6292 = DIRECTION('',(0.,0.,1.));
#6293 = DEFINITIONAL_REPRESENTATION('',(#6294),#6311);
#6294 = B_SPLINE_CURVE_WITH_KNOTS('',8,(#6295,#6296,#6297,#6298,#6299,
    #6300,#6301,#6302,#6303,#6304,#6305,#6306,#6307,#6308,#6309,#6310),
  .UNSPECIFIED.,.F.,.F.,(9,7,9),(1.570796326795,3.14159265359,
    4.712388980385),.UNSPECIFIED.);
#6295 = CARTESIAN_POINT('',(0.,0.));
#6296 = CARTESIAN_POINT('',(0.196349540849,0.935114688295));
#6297 = CARTESIAN_POINT('',(0.392699081698,1.870229598614));
#6298 = CARTESIAN_POINT('',(0.589048622548,2.750406906515));
#6299 = CARTESIAN_POINT('',(0.785398163394,3.520719799624));
#6300 = CARTESIAN_POINT('',(0.981747704247,4.132983445693));
#6301 = CARTESIAN_POINT('',(1.178097245095,4.552660554364));
#6302 = CARTESIAN_POINT('',(1.374446785946,4.7625));
#6303 = CARTESIAN_POINT('',(1.767145867644,4.7625));
#6304 = CARTESIAN_POINT('',(1.96349540849,4.552660554363));
#6305 = CARTESIAN_POINT('',(2.159844949352,4.132983445694));
#6306 = CARTESIAN_POINT('',(2.356194490175,3.520719799609));
#6307 = CARTESIAN_POINT('',(2.552544031049,2.750406906516));
#6308 = CARTESIAN_POINT('',(2.748893571888,1.870229598614));
#6309 = CARTESIAN_POINT('',(2.94524311274,0.935114688295));
#6310 = CARTESIAN_POINT('',(3.14159265359,0.));
#6311 = ( GEOMETRIC_REPRESENTATION_CONTEXT(2) 
PARAMETRIC_REPRESENTATION_CONTEXT() REPRESENTATION_CONTEXT('2D SPACE',''
  ) );
#6312 = ORIENTED_EDGE('',*,*,#6313,.T.);
#6313 = EDGE_CURVE('',#5981,#6314,#6316,.T.);
#6314 = VERTEX_POINT('',#6315);
#6315 = CARTESIAN_POINT('',(-122.2375,93.6625,101.6));
#6316 = SURFACE_CURVE('',#6317,(#6322,#6335),.PCURVE_S1.);
#6317 = ELLIPSE('',#6318,6.735192090802,4.7625);
#6318 = AXIS2_PLACEMENT_3D('',#6319,#6320,#6321);
#6319 = CARTESIAN_POINT('',(-127.,88.9,101.6));
#6320 = DIRECTION('',(-0.707106781187,0.707106781187,0.));
#6321 = DIRECTION('',(0.707106781187,0.707106781187,0.));
#6322 = PCURVE('',#1963,#6323);
#6323 = DEFINITIONAL_REPRESENTATION('',(#6324),#6334);
#6324 = B_SPLINE_CURVE_WITH_KNOTS('',8,(#6325,#6326,#6327,#6328,#6329,
    #6330,#6331,#6332,#6333),.UNSPECIFIED.,.F.,.F.,(9,9),(4.712388980385
    ,6.28318530718),.PIECEWISE_BEZIER_KNOTS.);
#6325 = CARTESIAN_POINT('',(0.,88.9));
#6326 = CARTESIAN_POINT('',(0.196349540849,89.835114688295));
#6327 = CARTESIAN_POINT('',(0.392699081699,90.770229598624));
#6328 = CARTESIAN_POINT('',(0.589048622547,91.650406906341));
#6329 = CARTESIAN_POINT('',(0.785398163396,92.42071979969));
#6330 = CARTESIAN_POINT('',(0.981747704245,93.032983445501));
#6331 = CARTESIAN_POINT('',(1.178097245096,93.452660554342));
#6332 = CARTESIAN_POINT('',(1.374446785946,93.6625));
#6333 = CARTESIAN_POINT('',(1.570796326795,93.6625));
#6334 = ( GEOMETRIC_REPRESENTATION_CONTEXT(2) 
PARAMETRIC_REPRESENTATION_CONTEXT() REPRESENTATION_CONTEXT('2D SPACE',''
  ) );
#6335 = PCURVE('',#6288,#6336);
#6336 = DEFINITIONAL_REPRESENTATION('',(#6337),#6347);
#6337 = B_SPLINE_CURVE_WITH_KNOTS('',8,(#6338,#6339,#6340,#6341,#6342,
    #6343,#6344,#6345,#6346),.UNSPECIFIED.,.F.,.F.,(9,9),(4.712388980385
    ,6.28318530718),.PIECEWISE_BEZIER_KNOTS.);
#6338 = CARTESIAN_POINT('',(6.28318530718,0.));
#6339 = CARTESIAN_POINT('',(6.08683576633,0.935114688295));
#6340 = CARTESIAN_POINT('',(5.890486225482,1.870229598614));
#6341 = CARTESIAN_POINT('',(5.69413668463,2.750406906515));
#6342 = CARTESIAN_POINT('',(5.497787143786,3.520719799624));
#6343 = CARTESIAN_POINT('',(5.301437602932,4.132983445693));
#6344 = CARTESIAN_POINT('',(5.105088062084,4.552660554364));
#6345 = CARTESIAN_POINT('',(4.908738521234,4.7625));
#6346 = CARTESIAN_POINT('',(4.712388980385,4.7625));
#6347 = ( GEOMETRIC_REPRESENTATION_CONTEXT(2) 
PARAMETRIC_REPRESENTATION_CONTEXT() REPRESENTATION_CONTEXT('2D SPACE',''
  ) );
#6348 = ORIENTED_EDGE('',*,*,#6349,.T.);
#6349 = EDGE_CURVE('',#6314,#6259,#6350,.T.);
#6350 = SURFACE_CURVE('',#6351,(#6356,#6369),.PCURVE_S1.);
#6351 = ELLIPSE('',#6352,6.735192090802,4.7625);
#6352 = AXIS2_PLACEMENT_3D('',#6353,#6354,#6355);
#6353 = CARTESIAN_POINT('',(-127.,88.9,101.6));
#6354 = DIRECTION('',(-0.707106781187,0.707106781187,0.));
#6355 = DIRECTION('',(0.707106781187,0.707106781187,0.));
#6356 = PCURVE('',#1963,#6357);
#6357 = DEFINITIONAL_REPRESENTATION('',(#6358),#6368);
#6358 = B_SPLINE_CURVE_WITH_KNOTS('',8,(#6359,#6360,#6361,#6362,#6363,
    #6364,#6365,#6366,#6367),.UNSPECIFIED.,.F.,.F.,(9,9),(0.,
    1.570796326795),.PIECEWISE_BEZIER_KNOTS.);
#6359 = CARTESIAN_POINT('',(1.570796326795,93.6625));
#6360 = CARTESIAN_POINT('',(1.767145867644,93.6625));
#6361 = CARTESIAN_POINT('',(1.963495408492,93.452660554223));
#6362 = CARTESIAN_POINT('',(2.159844949342,93.032983445956));
#6363 = CARTESIAN_POINT('',(2.356194490186,92.420719798999));
#6364 = CARTESIAN_POINT('',(2.552544031042,91.65040690676));
#6365 = CARTESIAN_POINT('',(2.748893571889,90.770229598473));
#6366 = CARTESIAN_POINT('',(2.94524311274,89.835114688295));
#6367 = CARTESIAN_POINT('',(3.14159265359,88.9));
#6368 = ( GEOMETRIC_REPRESENTATION_CONTEXT(2) 
PARAMETRIC_REPRESENTATION_CONTEXT() REPRESENTATION_CONTEXT('2D SPACE',''
  ) );
#6369 = PCURVE('',#6288,#6370);
#6370 = DEFINITIONAL_REPRESENTATION('',(#6371),#6381);
#6371 = B_SPLINE_CURVE_WITH_KNOTS('',8,(#6372,#6373,#6374,#6375,#6376,
    #6377,#6378,#6379,#6380),.UNSPECIFIED.,.F.,.F.,(9,9),(0.,
    1.570796326795),.PIECEWISE_BEZIER_KNOTS.);
#6372 = CARTESIAN_POINT('',(4.712388980385,4.7625));
#6373 = CARTESIAN_POINT('',(4.516039439535,4.7625));
#6374 = CARTESIAN_POINT('',(4.319689898684,4.552660554361));
#6375 = CARTESIAN_POINT('',(4.123340357829,4.1329834457));
#6376 = CARTESIAN_POINT('',(3.926990816986,3.520719799599));
#6377 = CARTESIAN_POINT('',(3.730641276128,2.750406906521));
#6378 = CARTESIAN_POINT('',(3.534291735288,1.870229598612));
#6379 = CARTESIAN_POINT('',(3.337942194439,0.935114688295));
#6380 = CARTESIAN_POINT('',(3.14159265359,0.));
#6381 = ( GEOMETRIC_REPRESENTATION_CONTEXT(2) 
PARAMETRIC_REPRESENTATION_CONTEXT() REPRESENTATION_CONTEXT('2D SPACE',''
  ) );
#6382 = FACE_BOUND('',#6383,.T.);
#6383 = EDGE_LOOP('',(#6384,#6439,#6475));
#6384 = ORIENTED_EDGE('',*,*,#6385,.F.);
#6385 = EDGE_CURVE('',#6003,#6386,#6388,.T.);
#6386 = VERTEX_POINT('',#6387);
#6387 = CARTESIAN_POINT('',(-127.,133.35,96.8375));
#6388 = SURFACE_CURVE('',#6389,(#6394,#6414),.PCURVE_S1.);
#6389 = ELLIPSE('',#6390,6.735192090802,4.7625);
#6390 = AXIS2_PLACEMENT_3D('',#6391,#6392,#6393);
#6391 = CARTESIAN_POINT('',(-127.,133.35,101.6));
#6392 = DIRECTION('',(0.707106781187,0.707106781187,0.));
#6393 = DIRECTION('',(-0.707106781187,0.707106781187,0.));
#6394 = PCURVE('',#1963,#6395);
#6395 = DEFINITIONAL_REPRESENTATION('',(#6396),#6413);
#6396 = B_SPLINE_CURVE_WITH_KNOTS('',8,(#6397,#6398,#6399,#6400,#6401,
    #6402,#6403,#6404,#6405,#6406,#6407,#6408,#6409,#6410,#6411,#6412),
  .UNSPECIFIED.,.F.,.F.,(9,7,9),(1.570796326795,3.14159265359,
    4.712388980385),.UNSPECIFIED.);
#6397 = CARTESIAN_POINT('',(0.,133.35));
#6398 = CARTESIAN_POINT('',(0.196349540849,132.4148853117));
#6399 = CARTESIAN_POINT('',(0.392699081698,131.47977040139));
#6400 = CARTESIAN_POINT('',(0.589048622548,130.59959309341));
#6401 = CARTESIAN_POINT('',(0.785398163394,129.82928020024));
#6402 = CARTESIAN_POINT('',(0.981747704247,129.21701655417));
#6403 = CARTESIAN_POINT('',(1.178097245095,128.79733944563));
#6404 = CARTESIAN_POINT('',(1.374446785946,128.5875));
#6405 = CARTESIAN_POINT('',(1.767145867644,128.5875));
#6406 = CARTESIAN_POINT('',(1.96349540849,128.79733944589));
#6407 = CARTESIAN_POINT('',(2.159844949352,129.21701655342));
#6408 = CARTESIAN_POINT('',(2.356194490175,129.82928020166));
#6409 = CARTESIAN_POINT('',(2.552544031049,130.59959309249));
#6410 = CARTESIAN_POINT('',(2.748893571888,131.47977040164));
#6411 = CARTESIAN_POINT('',(2.94524311274,132.4148853117));
#6412 = CARTESIAN_POINT('',(3.14159265359,133.35));
#6413 = ( GEOMETRIC_REPRESENTATION_CONTEXT(2) 
PARAMETRIC_REPRESENTATION_CONTEXT() REPRESENTATION_CONTEXT('2D SPACE',''
  ) );
#6414 = PCURVE('',#6415,#6420);
#6415 = CYLINDRICAL_SURFACE('',#6416,4.7625);
#6416 = AXIS2_PLACEMENT_3D('',#6417,#6418,#6419);
#6417 = CARTESIAN_POINT('',(-127.,133.35,101.6));
#6418 = DIRECTION('',(1.,0.,0.));
#6419 = DIRECTION('',(0.,0.,1.));
#6420 = DEFINITIONAL_REPRESENTATION('',(#6421),#6438);
#6421 = B_SPLINE_CURVE_WITH_KNOTS('',8,(#6422,#6423,#6424,#6425,#6426,
    #6427,#6428,#6429,#6430,#6431,#6432,#6433,#6434,#6435,#6436,#6437),
  .UNSPECIFIED.,.F.,.F.,(9,7,9),(1.570796326795,3.14159265359,
    4.712388980385),.UNSPECIFIED.);
#6422 = CARTESIAN_POINT('',(0.,0.));
#6423 = CARTESIAN_POINT('',(0.196349540849,0.935114688295));
#6424 = CARTESIAN_POINT('',(0.392699081699,1.870229598614));
#6425 = CARTESIAN_POINT('',(0.589048622545,2.750406906515));
#6426 = CARTESIAN_POINT('',(0.785398163398,3.520719799624));
#6427 = CARTESIAN_POINT('',(0.981747704245,4.132983445693));
#6428 = CARTESIAN_POINT('',(1.178097245096,4.552660554364));
#6429 = CARTESIAN_POINT('',(1.374446785946,4.7625));
#6430 = CARTESIAN_POINT('',(1.767145867644,4.7625));
#6431 = CARTESIAN_POINT('',(1.963495408494,4.552660554363));
#6432 = CARTESIAN_POINT('',(2.159844949341,4.132983445694));
#6433 = CARTESIAN_POINT('',(2.356194490197,3.520719799609));
#6434 = CARTESIAN_POINT('',(2.552544031038,2.750406906516));
#6435 = CARTESIAN_POINT('',(2.748893571891,1.870229598614));
#6436 = CARTESIAN_POINT('',(2.94524311274,0.935114688295));
#6437 = CARTESIAN_POINT('',(3.14159265359,0.));
#6438 = ( GEOMETRIC_REPRESENTATION_CONTEXT(2) 
PARAMETRIC_REPRESENTATION_CONTEXT() REPRESENTATION_CONTEXT('2D SPACE',''
  ) );
#6439 = ORIENTED_EDGE('',*,*,#6440,.T.);
#6440 = EDGE_CURVE('',#6003,#6441,#6443,.T.);
#6441 = VERTEX_POINT('',#6442);
#6442 = CARTESIAN_POINT('',(-122.2375,138.1125,101.6));
#6443 = SURFACE_CURVE('',#6444,(#6449,#6462),.PCURVE_S1.);
#6444 = ELLIPSE('',#6445,6.735192090802,4.7625);
#6445 = AXIS2_PLACEMENT_3D('',#6446,#6447,#6448);
#6446 = CARTESIAN_POINT('',(-127.,133.35,101.6));
#6447 = DIRECTION('',(-0.707106781187,0.707106781187,0.));
#6448 = DIRECTION('',(0.707106781187,0.707106781187,0.));
#6449 = PCURVE('',#1963,#6450);
#6450 = DEFINITIONAL_REPRESENTATION('',(#6451),#6461);
#6451 = B_SPLINE_CURVE_WITH_KNOTS('',8,(#6452,#6453,#6454,#6455,#6456,
    #6457,#6458,#6459,#6460),.UNSPECIFIED.,.F.,.F.,(9,9),(4.712388980385
    ,6.28318530718),.PIECEWISE_BEZIER_KNOTS.);
#6452 = CARTESIAN_POINT('',(0.,133.35));
#6453 = CARTESIAN_POINT('',(0.196349540849,134.28511468829));
#6454 = CARTESIAN_POINT('',(0.392699081699,135.22022959858));
#6455 = CARTESIAN_POINT('',(0.589048622547,136.10040690638));
#6456 = CARTESIAN_POINT('',(0.785398163396,136.87071979946));
#6457 = CARTESIAN_POINT('',(0.981747704245,137.48298344542));
#6458 = CARTESIAN_POINT('',(1.178097245096,137.90266055429));
#6459 = CARTESIAN_POINT('',(1.374446785946,138.1125));
#6460 = CARTESIAN_POINT('',(1.570796326795,138.1125));
#6461 = ( GEOMETRIC_REPRESENTATION_CONTEXT(2) 
PARAMETRIC_REPRESENTATION_CONTEXT() REPRESENTATION_CONTEXT('2D SPACE',''
  ) );
#6462 = PCURVE('',#6415,#6463);
#6463 = DEFINITIONAL_REPRESENTATION('',(#6464),#6474);
#6464 = B_SPLINE_CURVE_WITH_KNOTS('',8,(#6465,#6466,#6467,#6468,#6469,
    #6470,#6471,#6472,#6473),.UNSPECIFIED.,.F.,.F.,(9,9),(4.712388980385
    ,6.28318530718),.PIECEWISE_BEZIER_KNOTS.);
#6465 = CARTESIAN_POINT('',(6.28318530718,0.));
#6466 = CARTESIAN_POINT('',(6.08683576633,0.935114688295));
#6467 = CARTESIAN_POINT('',(5.890486225482,1.870229598614));
#6468 = CARTESIAN_POINT('',(5.694136684629,2.750406906515));
#6469 = CARTESIAN_POINT('',(5.497787143788,3.520719799624));
#6470 = CARTESIAN_POINT('',(5.301437602931,4.132983445693));
#6471 = CARTESIAN_POINT('',(5.105088062084,4.552660554364));
#6472 = CARTESIAN_POINT('',(4.908738521234,4.7625));
#6473 = CARTESIAN_POINT('',(4.712388980385,4.7625));
#6474 = ( GEOMETRIC_REPRESENTATION_CONTEXT(2) 
PARAMETRIC_REPRESENTATION_CONTEXT() REPRESENTATION_CONTEXT('2D SPACE',''
  ) );
#6475 = ORIENTED_EDGE('',*,*,#6476,.T.);
#6476 = EDGE_CURVE('',#6441,#6386,#6477,.T.);
#6477 = SURFACE_CURVE('',#6478,(#6483,#6496),.PCURVE_S1.);
#6478 = ELLIPSE('',#6479,6.735192090802,4.7625);
#6479 = AXIS2_PLACEMENT_3D('',#6480,#6481,#6482);
#6480 = CARTESIAN_POINT('',(-127.,133.35,101.6));
#6481 = DIRECTION('',(-0.707106781187,0.707106781187,0.));
#6482 = DIRECTION('',(0.707106781187,0.707106781187,0.));
#6483 = PCURVE('',#1963,#6484);
#6484 = DEFINITIONAL_REPRESENTATION('',(#6485),#6495);
#6485 = B_SPLINE_CURVE_WITH_KNOTS('',8,(#6486,#6487,#6488,#6489,#6490,
    #6491,#6492,#6493,#6494),.UNSPECIFIED.,.F.,.F.,(9,9),(0.,
    1.570796326795),.PIECEWISE_BEZIER_KNOTS.);
#6486 = CARTESIAN_POINT('',(1.570796326795,138.1125));
#6487 = CARTESIAN_POINT('',(1.767145867644,138.1125));
#6488 = CARTESIAN_POINT('',(1.963495408492,137.90266055424));
#6489 = CARTESIAN_POINT('',(2.159844949342,137.48298344575));
#6490 = CARTESIAN_POINT('',(2.356194490186,136.87071979899));
#6491 = CARTESIAN_POINT('',(2.552544031042,136.1004069065));
#6492 = CARTESIAN_POINT('',(2.748893571889,135.2202295985));
#6493 = CARTESIAN_POINT('',(2.94524311274,134.28511468829));
#6494 = CARTESIAN_POINT('',(3.14159265359,133.35));
#6495 = ( GEOMETRIC_REPRESENTATION_CONTEXT(2) 
PARAMETRIC_REPRESENTATION_CONTEXT() REPRESENTATION_CONTEXT('2D SPACE',''
  ) );
#6496 = PCURVE('',#6415,#6497);
#6497 = DEFINITIONAL_REPRESENTATION('',(#6498),#6508);
#6498 = B_SPLINE_CURVE_WITH_KNOTS('',8,(#6499,#6500,#6501,#6502,#6503,
    #6504,#6505,#6506,#6507),.UNSPECIFIED.,.F.,.F.,(9,9),(0.,
    1.570796326795),.PIECEWISE_BEZIER_KNOTS.);
#6499 = CARTESIAN_POINT('',(4.712388980385,4.7625));
#6500 = CARTESIAN_POINT('',(4.516039439535,4.7625));
#6501 = CARTESIAN_POINT('',(4.319689898682,4.552660554361));
#6502 = CARTESIAN_POINT('',(4.123340357839,4.1329834457));
#6503 = CARTESIAN_POINT('',(3.926990816974,3.520719799599));
#6504 = CARTESIAN_POINT('',(3.730641276137,2.750406906521));
#6505 = CARTESIAN_POINT('',(3.534291735285,1.870229598612));
#6506 = CARTESIAN_POINT('',(3.337942194439,0.935114688295));
#6507 = CARTESIAN_POINT('',(3.14159265359,0.));
#6508 = ( GEOMETRIC_REPRESENTATION_CONTEXT(2) 
PARAMETRIC_REPRESENTATION_CONTEXT() REPRESENTATION_CONTEXT('2D SPACE',''
  ) );
#6509 = ADVANCED_FACE('',(#6510),#1921,.T.);
#6510 = FACE_BOUND('',#6511,.T.);
#6511 = EDGE_LOOP('',(#6512,#6533,#6534));
#6512 = ORIENTED_EDGE('',*,*,#6513,.T.);
#6513 = EDGE_CURVE('',#6514,#1905,#6516,.T.);
#6514 = VERTEX_POINT('',#6515);
#6515 = CARTESIAN_POINT('',(-127.,0.,101.6));
#6516 = SURFACE_CURVE('',#6517,(#6521,#6527),.PCURVE_S1.);
#6517 = LINE('',#6518,#6519);
#6518 = CARTESIAN_POINT('',(-127.,0.,101.6));
#6519 = VECTOR('',#6520,1.);
#6520 = DIRECTION('',(-1.,0.,0.));
#6521 = PCURVE('',#1921,#6522);
#6522 = DEFINITIONAL_REPRESENTATION('',(#6523),#6526);
#6523 = B_SPLINE_CURVE_WITH_KNOTS('',1,(#6524,#6525),.UNSPECIFIED.,.F.,
  .F.,(2,2),(-4.7625,4.7625),.PIECEWISE_BEZIER_KNOTS.);
#6524 = CARTESIAN_POINT('',(4.7625,-6.669669316838E-16));
#6525 = CARTESIAN_POINT('',(-4.7625,-6.669669316838E-16));
#6526 = ( GEOMETRIC_REPRESENTATION_CONTEXT(2) 
PARAMETRIC_REPRESENTATION_CONTEXT() REPRESENTATION_CONTEXT('2D SPACE',''
  ) );
#6527 = PCURVE('',#5946,#6528);
#6528 = DEFINITIONAL_REPRESENTATION('',(#6529),#6532);
#6529 = B_SPLINE_CURVE_WITH_KNOTS('',1,(#6530,#6531),.UNSPECIFIED.,.F.,
  .F.,(2,2),(-4.7625,4.7625),.PIECEWISE_BEZIER_KNOTS.);
#6530 = CARTESIAN_POINT('',(-1.42108547152E-14,4.7625));
#6531 = CARTESIAN_POINT('',(-1.42108547152E-14,-4.7625));
#6532 = ( GEOMETRIC_REPRESENTATION_CONTEXT(2) 
PARAMETRIC_REPRESENTATION_CONTEXT() REPRESENTATION_CONTEXT('2D SPACE',''
  ) );
#6533 = ORIENTED_EDGE('',*,*,#1904,.T.);
#6534 = ORIENTED_EDGE('',*,*,#6535,.T.);
#6535 = EDGE_CURVE('',#1864,#6514,#6536,.T.);
#6536 = SURFACE_CURVE('',#6537,(#6541,#6547),.PCURVE_S1.);
#6537 = LINE('',#6538,#6539);
#6538 = CARTESIAN_POINT('',(-127.,7.178163425404E-16,101.6));
#6539 = VECTOR('',#6540,1.);
#6540 = DIRECTION('',(0.,1.,0.));
#6541 = PCURVE('',#1921,#6542);
#6542 = DEFINITIONAL_REPRESENTATION('',(#6543),#6546);
#6543 = B_SPLINE_CURVE_WITH_KNOTS('',1,(#6544,#6545),.UNSPECIFIED.,.F.,
  .F.,(2,2),(-4.7625,-1.345783044465E-16),.PIECEWISE_BEZIER_KNOTS.);
#6544 = CARTESIAN_POINT('',(0.,-4.7625));
#6545 = CARTESIAN_POINT('',(0.,-8.372889358989E-17));
#6546 = ( GEOMETRIC_REPRESENTATION_CONTEXT(2) 
PARAMETRIC_REPRESENTATION_CONTEXT() REPRESENTATION_CONTEXT('2D SPACE',''
  ) );
#6547 = PCURVE('',#5284,#6548);
#6548 = DEFINITIONAL_REPRESENTATION('',(#6549),#6552);
#6549 = B_SPLINE_CURVE_WITH_KNOTS('',1,(#6550,#6551),.UNSPECIFIED.,.F.,
  .F.,(2,2),(-4.7625,-1.345783044465E-16),.PIECEWISE_BEZIER_KNOTS.);
#6550 = CARTESIAN_POINT('',(0.,4.7625));
#6551 = CARTESIAN_POINT('',(0.,1.85427715303E-16));
#6552 = ( GEOMETRIC_REPRESENTATION_CONTEXT(2) 
PARAMETRIC_REPRESENTATION_CONTEXT() REPRESENTATION_CONTEXT('2D SPACE',''
  ) );
#6553 = ADVANCED_FACE('',(#6554),#2320,.F.);
#6554 = FACE_BOUND('',#6555,.F.);
#6555 = EDGE_LOOP('',(#6556,#6575,#6576));
#6556 = ORIENTED_EDGE('',*,*,#6557,.F.);
#6557 = EDGE_CURVE('',#2270,#3060,#6558,.T.);
#6558 = SURFACE_CURVE('',#6559,(#6563,#6569),.PCURVE_S1.);
#6559 = LINE('',#6560,#6561);
#6560 = CARTESIAN_POINT('',(-127.,177.8,0.));
#6561 = VECTOR('',#6562,1.);
#6562 = DIRECTION('',(0.,-1.,0.));
#6563 = PCURVE('',#2320,#6564);
#6564 = DEFINITIONAL_REPRESENTATION('',(#6565),#6568);
#6565 = B_SPLINE_CURVE_WITH_KNOTS('',1,(#6566,#6567),.UNSPECIFIED.,.F.,
  .F.,(2,2),(-4.7625,2.90049474685E-14),.PIECEWISE_BEZIER_KNOTS.);
#6566 = CARTESIAN_POINT('',(0.,4.7625));
#6567 = CARTESIAN_POINT('',(0.,-2.90049474685E-14));
#6568 = ( GEOMETRIC_REPRESENTATION_CONTEXT(2) 
PARAMETRIC_REPRESENTATION_CONTEXT() REPRESENTATION_CONTEXT('2D SPACE',''
  ) );
#6569 = PCURVE('',#2354,#6570);
#6570 = DEFINITIONAL_REPRESENTATION('',(#6571),#6574);
#6571 = B_SPLINE_CURVE_WITH_KNOTS('',1,(#6572,#6573),.UNSPECIFIED.,.F.,
  .F.,(2,2),(-4.7625,2.90049474685E-14),.PIECEWISE_BEZIER_KNOTS.);
#6572 = CARTESIAN_POINT('',(-8.613796110485E-16,-4.7625));
#6573 = CARTESIAN_POINT('',(-8.613796110485E-16,5.832380380939E-16));
#6574 = ( GEOMETRIC_REPRESENTATION_CONTEXT(2) 
PARAMETRIC_REPRESENTATION_CONTEXT() REPRESENTATION_CONTEXT('2D SPACE',''
  ) );
#6575 = ORIENTED_EDGE('',*,*,#2305,.T.);
#6576 = ORIENTED_EDGE('',*,*,#3081,.T.);
#6577 = ADVANCED_FACE('',(#6578,#6852,#6957,#7062,#7167),#2137,.T.);
#6578 = FACE_BOUND('',#6579,.T.);
#6579 = EDGE_LOOP('',(#6580,#6607,#6629,#6651,#6673,#6695,#6717,#6746,
    #6796,#6844,#6845,#6846,#6847,#6848,#6849,#6850,#6851));
#6580 = ORIENTED_EDGE('',*,*,#6581,.T.);
#6581 = EDGE_CURVE('',#2206,#6025,#6582,.T.);
#6582 = SURFACE_CURVE('',#6583,(#6588,#6595),.PCURVE_S1.);
#6583 = CIRCLE('',#6584,4.7625);
#6584 = AXIS2_PLACEMENT_3D('',#6585,#6586,#6587);
#6585 = CARTESIAN_POINT('',(-127.,177.8,101.6));
#6586 = DIRECTION('',(1.,0.,-0.));
#6587 = DIRECTION('',(0.,0.,1.));
#6588 = PCURVE('',#2137,#6589);
#6589 = DEFINITIONAL_REPRESENTATION('',(#6590),#6594);
#6590 = LINE('',#6591,#6592);
#6591 = CARTESIAN_POINT('',(0.,0.));
#6592 = VECTOR('',#6593,1.);
#6593 = DIRECTION('',(1.,0.));
#6594 = ( GEOMETRIC_REPRESENTATION_CONTEXT(2) 
PARAMETRIC_REPRESENTATION_CONTEXT() REPRESENTATION_CONTEXT('2D SPACE',''
  ) );
#6595 = PCURVE('',#6596,#6601);
#6596 = PLANE('',#6597);
#6597 = AXIS2_PLACEMENT_3D('',#6598,#6599,#6600);
#6598 = CARTESIAN_POINT('',(-127.,177.8,101.6));
#6599 = DIRECTION('',(1.,0.,0.));
#6600 = DIRECTION('',(-0.,0.,1.));
#6601 = DEFINITIONAL_REPRESENTATION('',(#6602),#6606);
#6602 = CIRCLE('',#6603,4.7625);
#6603 = AXIS2_PLACEMENT_2D('',#6604,#6605);
#6604 = CARTESIAN_POINT('',(0.,2.84217094304E-14));
#6605 = DIRECTION('',(1.,0.));
#6606 = ( GEOMETRIC_REPRESENTATION_CONTEXT(2) 
PARAMETRIC_REPRESENTATION_CONTEXT() REPRESENTATION_CONTEXT('2D SPACE',''
  ) );
#6607 = ORIENTED_EDGE('',*,*,#6608,.T.);
#6608 = EDGE_CURVE('',#6025,#6609,#6611,.T.);
#6609 = VERTEX_POINT('',#6610);
#6610 = CARTESIAN_POINT('',(-76.2,177.8,106.3625));
#6611 = SEAM_CURVE('',#6612,(#6616,#6623),.PCURVE_S1.);
#6612 = LINE('',#6613,#6614);
#6613 = CARTESIAN_POINT('',(-127.,177.8,106.3625));
#6614 = VECTOR('',#6615,1.);
#6615 = DIRECTION('',(1.,0.,0.));
#6616 = PCURVE('',#2137,#6617);
#6617 = DEFINITIONAL_REPRESENTATION('',(#6618),#6622);
#6618 = LINE('',#6619,#6620);
#6619 = CARTESIAN_POINT('',(0.,0.));
#6620 = VECTOR('',#6621,1.);
#6621 = DIRECTION('',(0.,1.));
#6622 = ( GEOMETRIC_REPRESENTATION_CONTEXT(2) 
PARAMETRIC_REPRESENTATION_CONTEXT() REPRESENTATION_CONTEXT('2D SPACE',''
  ) );
#6623 = PCURVE('',#2137,#6624);
#6624 = DEFINITIONAL_REPRESENTATION('',(#6625),#6628);
#6625 = B_SPLINE_CURVE_WITH_KNOTS('',1,(#6626,#6627),.UNSPECIFIED.,.F.,
  .F.,(2,2),(0.,254.),.PIECEWISE_BEZIER_KNOTS.);
#6626 = CARTESIAN_POINT('',(6.28318530718,0.));
#6627 = CARTESIAN_POINT('',(6.28318530718,254.));
#6628 = ( GEOMETRIC_REPRESENTATION_CONTEXT(2) 
PARAMETRIC_REPRESENTATION_CONTEXT() REPRESENTATION_CONTEXT('2D SPACE',''
  ) );
#6629 = ORIENTED_EDGE('',*,*,#6630,.T.);
#6630 = EDGE_CURVE('',#6609,#6631,#6633,.T.);
#6631 = VERTEX_POINT('',#6632);
#6632 = CARTESIAN_POINT('',(-25.4,177.8,106.3625));
#6633 = SEAM_CURVE('',#6634,(#6638,#6645),.PCURVE_S1.);
#6634 = LINE('',#6635,#6636);
#6635 = CARTESIAN_POINT('',(-127.,177.8,106.3625));
#6636 = VECTOR('',#6637,1.);
#6637 = DIRECTION('',(1.,0.,0.));
#6638 = PCURVE('',#2137,#6639);
#6639 = DEFINITIONAL_REPRESENTATION('',(#6640),#6644);
#6640 = LINE('',#6641,#6642);
#6641 = CARTESIAN_POINT('',(0.,0.));
#6642 = VECTOR('',#6643,1.);
#6643 = DIRECTION('',(0.,1.));
#6644 = ( GEOMETRIC_REPRESENTATION_CONTEXT(2) 
PARAMETRIC_REPRESENTATION_CONTEXT() REPRESENTATION_CONTEXT('2D SPACE',''
  ) );
#6645 = PCURVE('',#2137,#6646);
#6646 = DEFINITIONAL_REPRESENTATION('',(#6647),#6650);
#6647 = B_SPLINE_CURVE_WITH_KNOTS('',1,(#6648,#6649),.UNSPECIFIED.,.F.,
  .F.,(2,2),(0.,254.),.PIECEWISE_BEZIER_KNOTS.);
#6648 = CARTESIAN_POINT('',(6.28318530718,0.));
#6649 = CARTESIAN_POINT('',(6.28318530718,254.));
#6650 = ( GEOMETRIC_REPRESENTATION_CONTEXT(2) 
PARAMETRIC_REPRESENTATION_CONTEXT() REPRESENTATION_CONTEXT('2D SPACE',''
  ) );
#6651 = ORIENTED_EDGE('',*,*,#6652,.T.);
#6652 = EDGE_CURVE('',#6631,#6653,#6655,.T.);
#6653 = VERTEX_POINT('',#6654);
#6654 = CARTESIAN_POINT('',(25.4,177.8,106.3625));
#6655 = SEAM_CURVE('',#6656,(#6660,#6667),.PCURVE_S1.);
#6656 = LINE('',#6657,#6658);
#6657 = CARTESIAN_POINT('',(-127.,177.8,106.3625));
#6658 = VECTOR('',#6659,1.);
#6659 = DIRECTION('',(1.,0.,0.));
#6660 = PCURVE('',#2137,#6661);
#6661 = DEFINITIONAL_REPRESENTATION('',(#6662),#6666);
#6662 = LINE('',#6663,#6664);
#6663 = CARTESIAN_POINT('',(0.,0.));
#6664 = VECTOR('',#6665,1.);
#6665 = DIRECTION('',(0.,1.));
#6666 = ( GEOMETRIC_REPRESENTATION_CONTEXT(2) 
PARAMETRIC_REPRESENTATION_CONTEXT() REPRESENTATION_CONTEXT('2D SPACE',''
  ) );
#6667 = PCURVE('',#2137,#6668);
#6668 = DEFINITIONAL_REPRESENTATION('',(#6669),#6672);
#6669 = B_SPLINE_CURVE_WITH_KNOTS('',1,(#6670,#6671),.UNSPECIFIED.,.F.,
  .F.,(2,2),(0.,254.),.PIECEWISE_BEZIER_KNOTS.);
#6670 = CARTESIAN_POINT('',(6.28318530718,0.));
#6671 = CARTESIAN_POINT('',(6.28318530718,254.));
#6672 = ( GEOMETRIC_REPRESENTATION_CONTEXT(2) 
PARAMETRIC_REPRESENTATION_CONTEXT() REPRESENTATION_CONTEXT('2D SPACE',''
  ) );
#6673 = ORIENTED_EDGE('',*,*,#6674,.T.);
#6674 = EDGE_CURVE('',#6653,#6675,#6677,.T.);
#6675 = VERTEX_POINT('',#6676);
#6676 = CARTESIAN_POINT('',(76.2,177.8,106.3625));
#6677 = SEAM_CURVE('',#6678,(#6682,#6689),.PCURVE_S1.);
#6678 = LINE('',#6679,#6680);
#6679 = CARTESIAN_POINT('',(-127.,177.8,106.3625));
#6680 = VECTOR('',#6681,1.);
#6681 = DIRECTION('',(1.,0.,0.));
#6682 = PCURVE('',#2137,#6683);
#6683 = DEFINITIONAL_REPRESENTATION('',(#6684),#6688);
#6684 = LINE('',#6685,#6686);
#6685 = CARTESIAN_POINT('',(0.,0.));
#6686 = VECTOR('',#6687,1.);
#6687 = DIRECTION('',(0.,1.));
#6688 = ( GEOMETRIC_REPRESENTATION_CONTEXT(2) 
PARAMETRIC_REPRESENTATION_CONTEXT() REPRESENTATION_CONTEXT('2D SPACE',''
  ) );
#6689 = PCURVE('',#2137,#6690);
#6690 = DEFINITIONAL_REPRESENTATION('',(#6691),#6694);
#6691 = B_SPLINE_CURVE_WITH_KNOTS('',1,(#6692,#6693),.UNSPECIFIED.,.F.,
  .F.,(2,2),(0.,254.),.PIECEWISE_BEZIER_KNOTS.);
#6692 = CARTESIAN_POINT('',(6.28318530718,0.));
#6693 = CARTESIAN_POINT('',(6.28318530718,254.));
#6694 = ( GEOMETRIC_REPRESENTATION_CONTEXT(2) 
PARAMETRIC_REPRESENTATION_CONTEXT() REPRESENTATION_CONTEXT('2D SPACE',''
  ) );
#6695 = ORIENTED_EDGE('',*,*,#6696,.T.);
#6696 = EDGE_CURVE('',#6675,#6697,#6699,.T.);
#6697 = VERTEX_POINT('',#6698);
#6698 = CARTESIAN_POINT('',(127.,177.8,106.3625));
#6699 = SEAM_CURVE('',#6700,(#6704,#6711),.PCURVE_S1.);
#6700 = LINE('',#6701,#6702);
#6701 = CARTESIAN_POINT('',(-127.,177.8,106.3625));
#6702 = VECTOR('',#6703,1.);
#6703 = DIRECTION('',(1.,0.,0.));
#6704 = PCURVE('',#2137,#6705);
#6705 = DEFINITIONAL_REPRESENTATION('',(#6706),#6710);
#6706 = LINE('',#6707,#6708);
#6707 = CARTESIAN_POINT('',(0.,0.));
#6708 = VECTOR('',#6709,1.);
#6709 = DIRECTION('',(0.,1.));
#6710 = ( GEOMETRIC_REPRESENTATION_CONTEXT(2) 
PARAMETRIC_REPRESENTATION_CONTEXT() REPRESENTATION_CONTEXT('2D SPACE',''
  ) );
#6711 = PCURVE('',#2137,#6712);
#6712 = DEFINITIONAL_REPRESENTATION('',(#6713),#6716);
#6713 = B_SPLINE_CURVE_WITH_KNOTS('',1,(#6714,#6715),.UNSPECIFIED.,.F.,
  .F.,(2,2),(0.,254.),.PIECEWISE_BEZIER_KNOTS.);
#6714 = CARTESIAN_POINT('',(6.28318530718,0.));
#6715 = CARTESIAN_POINT('',(6.28318530718,254.));
#6716 = ( GEOMETRIC_REPRESENTATION_CONTEXT(2) 
PARAMETRIC_REPRESENTATION_CONTEXT() REPRESENTATION_CONTEXT('2D SPACE',''
  ) );
#6717 = ORIENTED_EDGE('',*,*,#6718,.F.);
#6718 = EDGE_CURVE('',#6719,#6697,#6721,.T.);
#6719 = VERTEX_POINT('',#6720);
#6720 = CARTESIAN_POINT('',(127.,182.5625,101.6));
#6721 = SURFACE_CURVE('',#6722,(#6727,#6734),.PCURVE_S1.);
#6722 = CIRCLE('',#6723,4.7625);
#6723 = AXIS2_PLACEMENT_3D('',#6724,#6725,#6726);
#6724 = CARTESIAN_POINT('',(127.,177.8,101.6));
#6725 = DIRECTION('',(1.,0.,-0.));
#6726 = DIRECTION('',(0.,0.,1.));
#6727 = PCURVE('',#2137,#6728);
#6728 = DEFINITIONAL_REPRESENTATION('',(#6729),#6733);
#6729 = LINE('',#6730,#6731);
#6730 = CARTESIAN_POINT('',(0.,254.));
#6731 = VECTOR('',#6732,1.);
#6732 = DIRECTION('',(1.,0.));
#6733 = ( GEOMETRIC_REPRESENTATION_CONTEXT(2) 
PARAMETRIC_REPRESENTATION_CONTEXT() REPRESENTATION_CONTEXT('2D SPACE',''
  ) );
#6734 = PCURVE('',#6735,#6740);
#6735 = PLANE('',#6736);
#6736 = AXIS2_PLACEMENT_3D('',#6737,#6738,#6739);
#6737 = CARTESIAN_POINT('',(127.,177.8,101.6));
#6738 = DIRECTION('',(1.,0.,0.));
#6739 = DIRECTION('',(-0.,0.,1.));
#6740 = DEFINITIONAL_REPRESENTATION('',(#6741),#6745);
#6741 = CIRCLE('',#6742,4.7625);
#6742 = AXIS2_PLACEMENT_2D('',#6743,#6744);
#6743 = CARTESIAN_POINT('',(0.,2.84217094304E-14));
#6744 = DIRECTION('',(1.,0.));
#6745 = ( GEOMETRIC_REPRESENTATION_CONTEXT(2) 
PARAMETRIC_REPRESENTATION_CONTEXT() REPRESENTATION_CONTEXT('2D SPACE',''
  ) );
#6746 = ORIENTED_EDGE('',*,*,#6747,.T.);
#6747 = EDGE_CURVE('',#6719,#6748,#6750,.T.);
#6748 = VERTEX_POINT('',#6749);
#6749 = CARTESIAN_POINT('',(123.63240395459,174.43240395459,
    98.232403954599));
#6750 = SURFACE_CURVE('',#6751,(#6756,#6776),.PCURVE_S1.);
#6751 = ELLIPSE('',#6752,6.735192090802,4.7625);
#6752 = AXIS2_PLACEMENT_3D('',#6753,#6754,#6755);
#6753 = CARTESIAN_POINT('',(127.,177.8,101.6));
#6754 = DIRECTION('',(-0.707106781187,0.,0.707106781187));
#6755 = DIRECTION('',(0.707106781187,0.,0.707106781187));
#6756 = PCURVE('',#2137,#6757);
#6757 = DEFINITIONAL_REPRESENTATION('',(#6758),#6775);
#6758 = B_SPLINE_CURVE_WITH_KNOTS('',8,(#6759,#6760,#6761,#6762,#6763,
    #6764,#6765,#6766,#6767,#6768,#6769,#6770,#6771,#6772,#6773,#6774),
  .UNSPECIFIED.,.F.,.F.,(9,7,9),(1.570796326795,3.14159265359,
    4.712388980385),.UNSPECIFIED.);
#6759 = CARTESIAN_POINT('',(4.712388980385,254.));
#6760 = CARTESIAN_POINT('',(4.516039439535,253.0648853117));
#6761 = CARTESIAN_POINT('',(4.319689898684,252.12977040148));
#6762 = CARTESIAN_POINT('',(4.123340357839,251.24959309271));
#6763 = CARTESIAN_POINT('',(3.926990816974,250.47928020111));
#6764 = CARTESIAN_POINT('',(3.730641276137,249.86701655334));
#6765 = CARTESIAN_POINT('',(3.534291735287,249.44733944576));
#6766 = CARTESIAN_POINT('',(3.337942194439,249.2375));
#6767 = CARTESIAN_POINT('',(2.94524311274,249.2375));
#6768 = CARTESIAN_POINT('',(2.748893571892,249.44733944572));
#6769 = CARTESIAN_POINT('',(2.552544031029,249.86701655351));
#6770 = CARTESIAN_POINT('',(2.356194490206,250.479280201));
#6771 = CARTESIAN_POINT('',(2.159844949334,251.24959309296));
#6772 = CARTESIAN_POINT('',(1.963495408495,252.12977040144));
#6773 = CARTESIAN_POINT('',(1.767145867644,253.0648853117));
#6774 = CARTESIAN_POINT('',(1.570796326795,254.));
#6775 = ( GEOMETRIC_REPRESENTATION_CONTEXT(2) 
PARAMETRIC_REPRESENTATION_CONTEXT() REPRESENTATION_CONTEXT('2D SPACE',''
  ) );
#6776 = PCURVE('',#2500,#6777);
#6777 = DEFINITIONAL_REPRESENTATION('',(#6778),#6795);
#6778 = B_SPLINE_CURVE_WITH_KNOTS('',8,(#6779,#6780,#6781,#6782,#6783,
    #6784,#6785,#6786,#6787,#6788,#6789,#6790,#6791,#6792,#6793,#6794),
  .UNSPECIFIED.,.F.,.F.,(9,7,9),(1.570796326795,3.14159265359,
    4.712388980385),.UNSPECIFIED.);
#6779 = CARTESIAN_POINT('',(1.570796326795,101.6));
#6780 = CARTESIAN_POINT('',(1.767145867644,100.6648853117));
#6781 = CARTESIAN_POINT('',(1.963495408492,99.729770401346));
#6782 = CARTESIAN_POINT('',(2.159844949345,98.849593093431));
#6783 = CARTESIAN_POINT('',(2.35619449019,98.079280199949));
#6784 = CARTESIAN_POINT('',(2.552544031042,97.46701655431));
#6785 = CARTESIAN_POINT('',(2.74889357189,97.047339445593));
#6786 = CARTESIAN_POINT('',(2.94524311274,96.8375));
#6787 = CARTESIAN_POINT('',(3.337942194439,96.8375));
#6788 = CARTESIAN_POINT('',(3.534291735285,97.04733944558));
#6789 = CARTESIAN_POINT('',(3.730641276142,97.467016554196));
#6790 = CARTESIAN_POINT('',(3.926990816972,98.079280200091));
#6791 = CARTESIAN_POINT('',(4.123340357837,98.849593093444));
#6792 = CARTESIAN_POINT('',(4.319689898683,99.729770401317));
#6793 = CARTESIAN_POINT('',(4.516039439535,100.6648853117));
#6794 = CARTESIAN_POINT('',(4.712388980385,101.6));
#6795 = ( GEOMETRIC_REPRESENTATION_CONTEXT(2) 
PARAMETRIC_REPRESENTATION_CONTEXT() REPRESENTATION_CONTEXT('2D SPACE',''
  ) );
#6796 = ORIENTED_EDGE('',*,*,#6797,.T.);
#6797 = EDGE_CURVE('',#6748,#6697,#6798,.T.);
#6798 = SURFACE_CURVE('',#6799,(#6804,#6824),.PCURVE_S1.);
#6799 = ELLIPSE('',#6800,6.735192090802,4.7625);
#6800 = AXIS2_PLACEMENT_3D('',#6801,#6802,#6803);
#6801 = CARTESIAN_POINT('',(127.,177.8,101.6));
#6802 = DIRECTION('',(-0.707106781187,0.707106781187,0.));
#6803 = DIRECTION('',(0.707106781187,0.707106781187,0.));
#6804 = PCURVE('',#2137,#6805);
#6805 = DEFINITIONAL_REPRESENTATION('',(#6806),#6823);
#6806 = B_SPLINE_CURVE_WITH_KNOTS('',8,(#6807,#6808,#6809,#6810,#6811,
    #6812,#6813,#6814,#6815,#6816,#6817,#6818,#6819,#6820,#6821,#6822),
  .UNSPECIFIED.,.F.,.F.,(9,7,9),(1.570796326795,3.14159265359,
    4.712388980385),.UNSPECIFIED.);
#6807 = CARTESIAN_POINT('',(3.14159265359,254.));
#6808 = CARTESIAN_POINT('',(2.94524311274,253.0648853117));
#6809 = CARTESIAN_POINT('',(2.74889357189,252.12977040148));
#6810 = CARTESIAN_POINT('',(2.552544031036,251.24959309271));
#6811 = CARTESIAN_POINT('',(2.356194490188,250.47928020111));
#6812 = CARTESIAN_POINT('',(2.15984494934,249.86701655334));
#6813 = CARTESIAN_POINT('',(1.963495408493,249.44733944576));
#6814 = CARTESIAN_POINT('',(1.767145867644,249.2375));
#6815 = CARTESIAN_POINT('',(1.374446785946,249.2375));
#6816 = CARTESIAN_POINT('',(1.178097245097,249.44733944572));
#6817 = CARTESIAN_POINT('',(0.981747704243,249.86701655351));
#6818 = CARTESIAN_POINT('',(0.785398163401,250.479280201));
#6819 = CARTESIAN_POINT('',(0.589048622545,251.24959309296));
#6820 = CARTESIAN_POINT('',(0.3926990817,252.12977040144));
#6821 = CARTESIAN_POINT('',(0.196349540849,253.0648853117));
#6822 = CARTESIAN_POINT('',(0.,254.));
#6823 = ( GEOMETRIC_REPRESENTATION_CONTEXT(2) 
PARAMETRIC_REPRESENTATION_CONTEXT() REPRESENTATION_CONTEXT('2D SPACE',''
  ) );
#6824 = PCURVE('',#3788,#6825);
#6825 = DEFINITIONAL_REPRESENTATION('',(#6826),#6843);
#6826 = B_SPLINE_CURVE_WITH_KNOTS('',8,(#6827,#6828,#6829,#6830,#6831,
    #6832,#6833,#6834,#6835,#6836,#6837,#6838,#6839,#6840,#6841,#6842),
  .UNSPECIFIED.,.F.,.F.,(9,7,9),(1.570796326795,3.14159265359,
    4.712388980385),.UNSPECIFIED.);
#6827 = CARTESIAN_POINT('',(3.14159265359,177.8));
#6828 = CARTESIAN_POINT('',(3.337942194439,176.8648853117));
#6829 = CARTESIAN_POINT('',(3.53429173529,175.92977040154));
#6830 = CARTESIAN_POINT('',(3.730641276136,175.04959309245));
#6831 = CARTESIAN_POINT('',(3.926990816993,174.27928020139));
#6832 = CARTESIAN_POINT('',(4.123340357835,173.66701655309));
#6833 = CARTESIAN_POINT('',(4.319689898687,173.24733944579));
#6834 = CARTESIAN_POINT('',(4.516039439535,173.0375));
#6835 = CARTESIAN_POINT('',(4.908738521234,173.0375));
#6836 = CARTESIAN_POINT('',(5.105088062083,173.2473394455));
#6837 = CARTESIAN_POINT('',(5.301437602935,173.66701655439));
#6838 = CARTESIAN_POINT('',(5.49778714378,174.27928019974));
#6839 = CARTESIAN_POINT('',(5.694136684634,175.04959309363));
#6840 = CARTESIAN_POINT('',(5.89048622548,175.92977040124));
#6841 = CARTESIAN_POINT('',(6.08683576633,176.8648853117));
#6842 = CARTESIAN_POINT('',(6.28318530718,177.8));
#6843 = ( GEOMETRIC_REPRESENTATION_CONTEXT(2) 
PARAMETRIC_REPRESENTATION_CONTEXT() REPRESENTATION_CONTEXT('2D SPACE',''
  ) );
#6844 = ORIENTED_EDGE('',*,*,#6696,.F.);
#6845 = ORIENTED_EDGE('',*,*,#6674,.F.);
#6846 = ORIENTED_EDGE('',*,*,#6652,.F.);
#6847 = ORIENTED_EDGE('',*,*,#6630,.F.);
#6848 = ORIENTED_EDGE('',*,*,#6608,.F.);
#6849 = ORIENTED_EDGE('',*,*,#6074,.T.);
#6850 = ORIENTED_EDGE('',*,*,#2114,.T.);
#6851 = ORIENTED_EDGE('',*,*,#2234,.T.);
#6852 = FACE_BOUND('',#6853,.T.);
#6853 = EDGE_LOOP('',(#6854,#6909));
#6854 = ORIENTED_EDGE('',*,*,#6855,.T.);
#6855 = EDGE_CURVE('',#6856,#6609,#6858,.T.);
#6856 = VERTEX_POINT('',#6857);
#6857 = CARTESIAN_POINT('',(-76.2,177.8,96.8375));
#6858 = SURFACE_CURVE('',#6859,(#6864,#6884),.PCURVE_S1.);
#6859 = ELLIPSE('',#6860,6.735192090802,4.7625);
#6860 = AXIS2_PLACEMENT_3D('',#6861,#6862,#6863);
#6861 = CARTESIAN_POINT('',(-76.2,177.8,101.6));
#6862 = DIRECTION('',(-0.707106781187,0.707106781187,0.));
#6863 = DIRECTION('',(0.707106781187,0.707106781187,0.));
#6864 = PCURVE('',#2137,#6865);
#6865 = DEFINITIONAL_REPRESENTATION('',(#6866),#6883);
#6866 = B_SPLINE_CURVE_WITH_KNOTS('',8,(#6867,#6868,#6869,#6870,#6871,
    #6872,#6873,#6874,#6875,#6876,#6877,#6878,#6879,#6880,#6881,#6882),
  .UNSPECIFIED.,.F.,.F.,(9,7,9),(1.570796326795,3.14159265359,
    4.712388980385),.UNSPECIFIED.);
#6867 = CARTESIAN_POINT('',(3.14159265359,50.8));
#6868 = CARTESIAN_POINT('',(2.94524311274,49.864885311705));
#6869 = CARTESIAN_POINT('',(2.74889357189,48.929770401345));
#6870 = CARTESIAN_POINT('',(2.552544031036,48.049593093522));
#6871 = CARTESIAN_POINT('',(2.356194490188,47.279280200216));
#6872 = CARTESIAN_POINT('',(2.15984494934,46.667016554323));
#6873 = CARTESIAN_POINT('',(1.963495408493,46.247339445597));
#6874 = CARTESIAN_POINT('',(1.767145867644,46.0375));
#6875 = CARTESIAN_POINT('',(1.374446785946,46.0375));
#6876 = CARTESIAN_POINT('',(1.178097245097,46.247339445693));
#6877 = CARTESIAN_POINT('',(0.981747704243,46.667016554003));
#6878 = CARTESIAN_POINT('',(0.785398163401,47.279280200685));
#6879 = CARTESIAN_POINT('',(0.589048622545,48.049593093141));
#6880 = CARTESIAN_POINT('',(0.3926990817,48.929770401423));
#6881 = CARTESIAN_POINT('',(0.196349540849,49.864885311705));
#6882 = CARTESIAN_POINT('',(0.,50.8));
#6883 = ( GEOMETRIC_REPRESENTATION_CONTEXT(2) 
PARAMETRIC_REPRESENTATION_CONTEXT() REPRESENTATION_CONTEXT('2D SPACE',''
  ) );
#6884 = PCURVE('',#6885,#6890);
#6885 = CYLINDRICAL_SURFACE('',#6886,4.7625);
#6886 = AXIS2_PLACEMENT_3D('',#6887,#6888,#6889);
#6887 = CARTESIAN_POINT('',(-76.2,0.,101.6));
#6888 = DIRECTION('',(0.,1.,0.));
#6889 = DIRECTION('',(0.,-0.,1.));
#6890 = DEFINITIONAL_REPRESENTATION('',(#6891),#6908);
#6891 = B_SPLINE_CURVE_WITH_KNOTS('',8,(#6892,#6893,#6894,#6895,#6896,
    #6897,#6898,#6899,#6900,#6901,#6902,#6903,#6904,#6905,#6906,#6907),
  .UNSPECIFIED.,.F.,.F.,(9,7,9),(1.570796326795,3.14159265359,
    4.712388980385),.UNSPECIFIED.);
#6892 = CARTESIAN_POINT('',(3.14159265359,177.8));
#6893 = CARTESIAN_POINT('',(3.337942194439,176.8648853117));
#6894 = CARTESIAN_POINT('',(3.53429173529,175.92977040154));
#6895 = CARTESIAN_POINT('',(3.730641276136,175.04959309245));
#6896 = CARTESIAN_POINT('',(3.926990816993,174.27928020139));
#6897 = CARTESIAN_POINT('',(4.123340357835,173.66701655309));
#6898 = CARTESIAN_POINT('',(4.319689898687,173.24733944579));
#6899 = CARTESIAN_POINT('',(4.516039439535,173.0375));
#6900 = CARTESIAN_POINT('',(4.908738521234,173.0375));
#6901 = CARTESIAN_POINT('',(5.105088062083,173.2473394455));
#6902 = CARTESIAN_POINT('',(5.301437602935,173.66701655439));
#6903 = CARTESIAN_POINT('',(5.49778714378,174.27928019974));
#6904 = CARTESIAN_POINT('',(5.694136684634,175.04959309363));
#6905 = CARTESIAN_POINT('',(5.89048622548,175.92977040124));
#6906 = CARTESIAN_POINT('',(6.08683576633,176.8648853117));
#6907 = CARTESIAN_POINT('',(6.28318530718,177.8));
#6908 = ( GEOMETRIC_REPRESENTATION_CONTEXT(2) 
PARAMETRIC_REPRESENTATION_CONTEXT() REPRESENTATION_CONTEXT('2D SPACE',''
  ) );
#6909 = ORIENTED_EDGE('',*,*,#6910,.T.);
#6910 = EDGE_CURVE('',#6609,#6856,#6911,.T.);
#6911 = SURFACE_CURVE('',#6912,(#6917,#6937),.PCURVE_S1.);
#6912 = ELLIPSE('',#6913,6.735192090802,4.7625);
#6913 = AXIS2_PLACEMENT_3D('',#6914,#6915,#6916);
#6914 = CARTESIAN_POINT('',(-76.2,177.8,101.6));
#6915 = DIRECTION('',(0.707106781187,0.707106781187,0.));
#6916 = DIRECTION('',(-0.707106781187,0.707106781187,0.));
#6917 = PCURVE('',#2137,#6918);
#6918 = DEFINITIONAL_REPRESENTATION('',(#6919),#6936);
#6919 = B_SPLINE_CURVE_WITH_KNOTS('',8,(#6920,#6921,#6922,#6923,#6924,
    #6925,#6926,#6927,#6928,#6929,#6930,#6931,#6932,#6933,#6934,#6935),
  .UNSPECIFIED.,.F.,.F.,(9,7,9),(1.570796326795,3.14159265359,
    4.712388980385),.UNSPECIFIED.);
#6920 = CARTESIAN_POINT('',(0.,50.8));
#6921 = CARTESIAN_POINT('',(0.196349540849,51.735114688295));
#6922 = CARTESIAN_POINT('',(0.392699081699,52.670229598573));
#6923 = CARTESIAN_POINT('',(0.589048622545,53.550406906545));
#6924 = CARTESIAN_POINT('',(0.785398163398,54.320719799495));
#6925 = CARTESIAN_POINT('',(0.981747704245,54.932983445645));
#6926 = CARTESIAN_POINT('',(1.178097245096,55.352660554329));
#6927 = CARTESIAN_POINT('',(1.374446785946,55.5625));
#6928 = CARTESIAN_POINT('',(1.767145867644,55.5625));
#6929 = CARTESIAN_POINT('',(1.963495408494,55.352660554341));
#6930 = CARTESIAN_POINT('',(2.159844949341,54.932983445715));
#6931 = CARTESIAN_POINT('',(2.356194490197,54.320719799375));
#6932 = CARTESIAN_POINT('',(2.552544031038,53.550406906565));
#6933 = CARTESIAN_POINT('',(2.748893571891,52.670229598591));
#6934 = CARTESIAN_POINT('',(2.94524311274,51.735114688295));
#6935 = CARTESIAN_POINT('',(3.14159265359,50.8));
#6936 = ( GEOMETRIC_REPRESENTATION_CONTEXT(2) 
PARAMETRIC_REPRESENTATION_CONTEXT() REPRESENTATION_CONTEXT('2D SPACE',''
  ) );
#6937 = PCURVE('',#6885,#6938);
#6938 = DEFINITIONAL_REPRESENTATION('',(#6939),#6956);
#6939 = B_SPLINE_CURVE_WITH_KNOTS('',8,(#6940,#6941,#6942,#6943,#6944,
    #6945,#6946,#6947,#6948,#6949,#6950,#6951,#6952,#6953,#6954,#6955),
  .UNSPECIFIED.,.F.,.F.,(9,7,9),(1.570796326795,3.14159265359,
    4.712388980385),.UNSPECIFIED.);
#6940 = CARTESIAN_POINT('',(0.,177.8));
#6941 = CARTESIAN_POINT('',(0.196349540849,176.8648853117));
#6942 = CARTESIAN_POINT('',(0.392699081698,175.92977040154));
#6943 = CARTESIAN_POINT('',(0.589048622548,175.04959309245));
#6944 = CARTESIAN_POINT('',(0.785398163394,174.27928020139));
#6945 = CARTESIAN_POINT('',(0.981747704247,173.66701655309));
#6946 = CARTESIAN_POINT('',(1.178097245095,173.24733944579));
#6947 = CARTESIAN_POINT('',(1.374446785946,173.0375));
#6948 = CARTESIAN_POINT('',(1.767145867644,173.0375));
#6949 = CARTESIAN_POINT('',(1.96349540849,173.2473394455));
#6950 = CARTESIAN_POINT('',(2.159844949352,173.66701655439));
#6951 = CARTESIAN_POINT('',(2.356194490175,174.27928019974));
#6952 = CARTESIAN_POINT('',(2.552544031049,175.04959309363));
#6953 = CARTESIAN_POINT('',(2.748893571888,175.92977040124));
#6954 = CARTESIAN_POINT('',(2.94524311274,176.8648853117));
#6955 = CARTESIAN_POINT('',(3.14159265359,177.8));
#6956 = ( GEOMETRIC_REPRESENTATION_CONTEXT(2) 
PARAMETRIC_REPRESENTATION_CONTEXT() REPRESENTATION_CONTEXT('2D SPACE',''
  ) );
#6957 = FACE_BOUND('',#6958,.T.);
#6958 = EDGE_LOOP('',(#6959,#7014));
#6959 = ORIENTED_EDGE('',*,*,#6960,.T.);
#6960 = EDGE_CURVE('',#6961,#6631,#6963,.T.);
#6961 = VERTEX_POINT('',#6962);
#6962 = CARTESIAN_POINT('',(-25.4,177.8,96.8375));
#6963 = SURFACE_CURVE('',#6964,(#6969,#6989),.PCURVE_S1.);
#6964 = ELLIPSE('',#6965,6.735192090802,4.7625);
#6965 = AXIS2_PLACEMENT_3D('',#6966,#6967,#6968);
#6966 = CARTESIAN_POINT('',(-25.4,177.8,101.6));
#6967 = DIRECTION('',(-0.707106781187,0.707106781187,0.));
#6968 = DIRECTION('',(0.707106781187,0.707106781187,0.));
#6969 = PCURVE('',#2137,#6970);
#6970 = DEFINITIONAL_REPRESENTATION('',(#6971),#6988);
#6971 = B_SPLINE_CURVE_WITH_KNOTS('',8,(#6972,#6973,#6974,#6975,#6976,
    #6977,#6978,#6979,#6980,#6981,#6982,#6983,#6984,#6985,#6986,#6987),
  .UNSPECIFIED.,.F.,.F.,(9,7,9),(1.570796326795,3.14159265359,
    4.712388980385),.UNSPECIFIED.);
#6972 = CARTESIAN_POINT('',(3.14159265359,101.6));
#6973 = CARTESIAN_POINT('',(2.94524311274,100.6648853117));
#6974 = CARTESIAN_POINT('',(2.74889357189,99.729770401288));
#6975 = CARTESIAN_POINT('',(2.552544031036,98.849593093664));
#6976 = CARTESIAN_POINT('',(2.356194490188,98.079280199716));
#6977 = CARTESIAN_POINT('',(2.15984494934,97.467016554542));
#6978 = CARTESIAN_POINT('',(1.963495408493,97.047339445535));
#6979 = CARTESIAN_POINT('',(1.767145867644,96.8375));
#6980 = CARTESIAN_POINT('',(1.374446785946,96.8375));
#6981 = CARTESIAN_POINT('',(1.178097245097,97.047339445533));
#6982 = CARTESIAN_POINT('',(0.981747704243,97.467016554384));
#6983 = CARTESIAN_POINT('',(0.785398163401,98.079280199929));
#6984 = CARTESIAN_POINT('',(0.589048622545,98.849593093509));
#6985 = CARTESIAN_POINT('',(0.3926990817,99.729770401331));
#6986 = CARTESIAN_POINT('',(0.196349540849,100.6648853117));
#6987 = CARTESIAN_POINT('',(0.,101.6));
#6988 = ( GEOMETRIC_REPRESENTATION_CONTEXT(2) 
PARAMETRIC_REPRESENTATION_CONTEXT() REPRESENTATION_CONTEXT('2D SPACE',''
  ) );
#6989 = PCURVE('',#6990,#6995);
#6990 = CYLINDRICAL_SURFACE('',#6991,4.7625);
#6991 = AXIS2_PLACEMENT_3D('',#6992,#6993,#6994);
#6992 = CARTESIAN_POINT('',(-25.4,0.,101.6));
#6993 = DIRECTION('',(0.,1.,0.));
#6994 = DIRECTION('',(0.,-0.,1.));
#6995 = DEFINITIONAL_REPRESENTATION('',(#6996),#7013);
#6996 = B_SPLINE_CURVE_WITH_KNOTS('',8,(#6997,#6998,#6999,#7000,#7001,
    #7002,#7003,#7004,#7005,#7006,#7007,#7008,#7009,#7010,#7011,#7012),
  .UNSPECIFIED.,.F.,.F.,(9,7,9),(1.570796326795,3.14159265359,
    4.712388980385),.UNSPECIFIED.);
#6997 = CARTESIAN_POINT('',(3.14159265359,177.8));
#6998 = CARTESIAN_POINT('',(3.337942194439,176.8648853117));
#6999 = CARTESIAN_POINT('',(3.53429173529,175.92977040154));
#7000 = CARTESIAN_POINT('',(3.730641276142,175.04959309245));
#7001 = CARTESIAN_POINT('',(3.926990816993,174.27928020139));
#7002 = CARTESIAN_POINT('',(4.123340357838,173.66701655309));
#7003 = CARTESIAN_POINT('',(4.319689898687,173.24733944579));
#7004 = CARTESIAN_POINT('',(4.516039439535,173.0375));
#7005 = CARTESIAN_POINT('',(4.908738521234,173.0375));
#7006 = CARTESIAN_POINT('',(5.105088062083,173.2473394455));
#7007 = CARTESIAN_POINT('',(5.301437602938,173.66701655439));
#7008 = CARTESIAN_POINT('',(5.497787143778,174.27928019974));
#7009 = CARTESIAN_POINT('',(5.694136684636,175.04959309363));
#7010 = CARTESIAN_POINT('',(5.89048622548,175.92977040124));
#7011 = CARTESIAN_POINT('',(6.08683576633,176.8648853117));
#7012 = CARTESIAN_POINT('',(6.28318530718,177.8));
#7013 = ( GEOMETRIC_REPRESENTATION_CONTEXT(2) 
PARAMETRIC_REPRESENTATION_CONTEXT() REPRESENTATION_CONTEXT('2D SPACE',''
  ) );
#7014 = ORIENTED_EDGE('',*,*,#7015,.T.);
#7015 = EDGE_CURVE('',#6631,#6961,#7016,.T.);
#7016 = SURFACE_CURVE('',#7017,(#7022,#7042),.PCURVE_S1.);
#7017 = ELLIPSE('',#7018,6.735192090802,4.7625);
#7018 = AXIS2_PLACEMENT_3D('',#7019,#7020,#7021);
#7019 = CARTESIAN_POINT('',(-25.4,177.8,101.6));
#7020 = DIRECTION('',(0.707106781187,0.707106781187,0.));
#7021 = DIRECTION('',(-0.707106781187,0.707106781187,0.));
#7022 = PCURVE('',#2137,#7023);
#7023 = DEFINITIONAL_REPRESENTATION('',(#7024),#7041);
#7024 = B_SPLINE_CURVE_WITH_KNOTS('',8,(#7025,#7026,#7027,#7028,#7029,
    #7030,#7031,#7032,#7033,#7034,#7035,#7036,#7037,#7038,#7039,#7040),
  .UNSPECIFIED.,.F.,.F.,(9,7,9),(1.570796326795,3.14159265359,
    4.712388980385),.UNSPECIFIED.);
#7025 = CARTESIAN_POINT('',(0.,101.6));
#7026 = CARTESIAN_POINT('',(0.196349540849,102.53511468829));
#7027 = CARTESIAN_POINT('',(0.392699081699,103.47022959874));
#7028 = CARTESIAN_POINT('',(0.589048622545,104.35040690568));
#7029 = CARTESIAN_POINT('',(0.785398163398,105.12071980032));
#7030 = CARTESIAN_POINT('',(0.981747704245,105.73298344503));
#7031 = CARTESIAN_POINT('',(1.178097245096,106.1526605545));
#7032 = CARTESIAN_POINT('',(1.374446785946,106.3625));
#7033 = CARTESIAN_POINT('',(1.767145867644,106.3625));
#7034 = CARTESIAN_POINT('',(1.963495408494,106.15266055427));
#7035 = CARTESIAN_POINT('',(2.159844949341,105.73298344576));
#7036 = CARTESIAN_POINT('',(2.356194490197,105.12071979939));
#7037 = CARTESIAN_POINT('',(2.552544031038,104.3504069064));
#7038 = CARTESIAN_POINT('',(2.748893571891,103.4702295985));
#7039 = CARTESIAN_POINT('',(2.94524311274,102.53511468829));
#7040 = CARTESIAN_POINT('',(3.14159265359,101.6));
#7041 = ( GEOMETRIC_REPRESENTATION_CONTEXT(2) 
PARAMETRIC_REPRESENTATION_CONTEXT() REPRESENTATION_CONTEXT('2D SPACE',''
  ) );
#7042 = PCURVE('',#6990,#7043);
#7043 = DEFINITIONAL_REPRESENTATION('',(#7044),#7061);
#7044 = B_SPLINE_CURVE_WITH_KNOTS('',8,(#7045,#7046,#7047,#7048,#7049,
    #7050,#7051,#7052,#7053,#7054,#7055,#7056,#7057,#7058,#7059,#7060),
  .UNSPECIFIED.,.F.,.F.,(9,7,9),(1.570796326795,3.14159265359,
    4.712388980385),.UNSPECIFIED.);
#7045 = CARTESIAN_POINT('',(0.,177.8));
#7046 = CARTESIAN_POINT('',(0.196349540849,176.8648853117));
#7047 = CARTESIAN_POINT('',(0.392699081698,175.92977040154));
#7048 = CARTESIAN_POINT('',(0.589048622547,175.04959309245));
#7049 = CARTESIAN_POINT('',(0.785398163394,174.27928020139));
#7050 = CARTESIAN_POINT('',(0.981747704246,173.66701655309));
#7051 = CARTESIAN_POINT('',(1.178097245096,173.24733944579));
#7052 = CARTESIAN_POINT('',(1.374446785946,173.0375));
#7053 = CARTESIAN_POINT('',(1.767145867644,173.0375));
#7054 = CARTESIAN_POINT('',(1.963495408492,173.2473394455));
#7055 = CARTESIAN_POINT('',(2.159844949345,173.66701655439));
#7056 = CARTESIAN_POINT('',(2.35619449019,174.27928019974));
#7057 = CARTESIAN_POINT('',(2.552544031045,175.04959309363));
#7058 = CARTESIAN_POINT('',(2.74889357189,175.92977040124));
#7059 = CARTESIAN_POINT('',(2.94524311274,176.8648853117));
#7060 = CARTESIAN_POINT('',(3.14159265359,177.8));
#7061 = ( GEOMETRIC_REPRESENTATION_CONTEXT(2) 
PARAMETRIC_REPRESENTATION_CONTEXT() REPRESENTATION_CONTEXT('2D SPACE',''
  ) );
#7062 = FACE_BOUND('',#7063,.T.);
#7063 = EDGE_LOOP('',(#7064,#7119));
#7064 = ORIENTED_EDGE('',*,*,#7065,.T.);
#7065 = EDGE_CURVE('',#7066,#6653,#7068,.T.);
#7066 = VERTEX_POINT('',#7067);
#7067 = CARTESIAN_POINT('',(25.4,177.8,96.8375));
#7068 = SURFACE_CURVE('',#7069,(#7074,#7094),.PCURVE_S1.);
#7069 = ELLIPSE('',#7070,6.735192090802,4.7625);
#7070 = AXIS2_PLACEMENT_3D('',#7071,#7072,#7073);
#7071 = CARTESIAN_POINT('',(25.4,177.8,101.6));
#7072 = DIRECTION('',(-0.707106781187,0.707106781187,0.));
#7073 = DIRECTION('',(0.707106781187,0.707106781187,0.));
#7074 = PCURVE('',#2137,#7075);
#7075 = DEFINITIONAL_REPRESENTATION('',(#7076),#7093);
#7076 = B_SPLINE_CURVE_WITH_KNOTS('',8,(#7077,#7078,#7079,#7080,#7081,
    #7082,#7083,#7084,#7085,#7086,#7087,#7088,#7089,#7090,#7091,#7092),
  .UNSPECIFIED.,.F.,.F.,(9,7,9),(1.570796326795,3.14159265359,
    4.712388980385),.UNSPECIFIED.);
#7077 = CARTESIAN_POINT('',(3.14159265359,152.4));
#7078 = CARTESIAN_POINT('',(2.94524311274,151.4648853117));
#7079 = CARTESIAN_POINT('',(2.74889357189,150.52977040118));
#7080 = CARTESIAN_POINT('',(2.552544031036,149.64959309389));
#7081 = CARTESIAN_POINT('',(2.356194490188,148.8792801995));
#7082 = CARTESIAN_POINT('',(2.15984494934,148.26701655472));
#7083 = CARTESIAN_POINT('',(1.963495408493,147.84733944546));
#7084 = CARTESIAN_POINT('',(1.767145867644,147.6375));
#7085 = CARTESIAN_POINT('',(1.374446785946,147.6375));
#7086 = CARTESIAN_POINT('',(1.178097245097,147.84733944541));
#7087 = CARTESIAN_POINT('',(0.981747704243,148.26701655473));
#7088 = CARTESIAN_POINT('',(0.785398163401,148.87928019943));
#7089 = CARTESIAN_POINT('',(0.589048622545,149.64959309395));
#7090 = CARTESIAN_POINT('',(0.3926990817,150.5297704012));
#7091 = CARTESIAN_POINT('',(0.196349540849,151.4648853117));
#7092 = CARTESIAN_POINT('',(0.,152.4));
#7093 = ( GEOMETRIC_REPRESENTATION_CONTEXT(2) 
PARAMETRIC_REPRESENTATION_CONTEXT() REPRESENTATION_CONTEXT('2D SPACE',''
  ) );
#7094 = PCURVE('',#7095,#7100);
#7095 = CYLINDRICAL_SURFACE('',#7096,4.7625);
#7096 = AXIS2_PLACEMENT_3D('',#7097,#7098,#7099);
#7097 = CARTESIAN_POINT('',(25.4,0.,101.6));
#7098 = DIRECTION('',(0.,1.,0.));
#7099 = DIRECTION('',(0.,-0.,1.));
#7100 = DEFINITIONAL_REPRESENTATION('',(#7101),#7118);
#7101 = B_SPLINE_CURVE_WITH_KNOTS('',8,(#7102,#7103,#7104,#7105,#7106,
    #7107,#7108,#7109,#7110,#7111,#7112,#7113,#7114,#7115,#7116,#7117),
  .UNSPECIFIED.,.F.,.F.,(9,7,9),(1.570796326795,3.14159265359,
    4.712388980385),.UNSPECIFIED.);
#7102 = CARTESIAN_POINT('',(3.14159265359,177.8));
#7103 = CARTESIAN_POINT('',(3.337942194439,176.8648853117));
#7104 = CARTESIAN_POINT('',(3.53429173529,175.92977040154));
#7105 = CARTESIAN_POINT('',(3.730641276142,175.04959309245));
#7106 = CARTESIAN_POINT('',(3.926990816993,174.27928020139));
#7107 = CARTESIAN_POINT('',(4.123340357838,173.66701655309));
#7108 = CARTESIAN_POINT('',(4.319689898687,173.24733944579));
#7109 = CARTESIAN_POINT('',(4.516039439535,173.0375));
#7110 = CARTESIAN_POINT('',(4.908738521234,173.0375));
#7111 = CARTESIAN_POINT('',(5.105088062083,173.2473394455));
#7112 = CARTESIAN_POINT('',(5.301437602938,173.66701655439));
#7113 = CARTESIAN_POINT('',(5.497787143778,174.27928019974));
#7114 = CARTESIAN_POINT('',(5.694136684636,175.04959309363));
#7115 = CARTESIAN_POINT('',(5.89048622548,175.92977040124));
#7116 = CARTESIAN_POINT('',(6.08683576633,176.8648853117));
#7117 = CARTESIAN_POINT('',(6.28318530718,177.8));
#7118 = ( GEOMETRIC_REPRESENTATION_CONTEXT(2) 
PARAMETRIC_REPRESENTATION_CONTEXT() REPRESENTATION_CONTEXT('2D SPACE',''
  ) );
#7119 = ORIENTED_EDGE('',*,*,#7120,.T.);
#7120 = EDGE_CURVE('',#6653,#7066,#7121,.T.);
#7121 = SURFACE_CURVE('',#7122,(#7127,#7147),.PCURVE_S1.);
#7122 = ELLIPSE('',#7123,6.735192090802,4.7625);
#7123 = AXIS2_PLACEMENT_3D('',#7124,#7125,#7126);
#7124 = CARTESIAN_POINT('',(25.4,177.8,101.6));
#7125 = DIRECTION('',(0.707106781187,0.707106781187,0.));
#7126 = DIRECTION('',(-0.707106781187,0.707106781187,0.));
#7127 = PCURVE('',#2137,#7128);
#7128 = DEFINITIONAL_REPRESENTATION('',(#7129),#7146);
#7129 = B_SPLINE_CURVE_WITH_KNOTS('',8,(#7130,#7131,#7132,#7133,#7134,
    #7135,#7136,#7137,#7138,#7139,#7140,#7141,#7142,#7143,#7144,#7145),
  .UNSPECIFIED.,.F.,.F.,(9,7,9),(1.570796326795,3.14159265359,
    4.712388980385),.UNSPECIFIED.);
#7130 = CARTESIAN_POINT('',(0.,152.4));
#7131 = CARTESIAN_POINT('',(0.196349540849,153.33511468829));
#7132 = CARTESIAN_POINT('',(0.392699081699,154.2702295985));
#7133 = CARTESIAN_POINT('',(0.589048622545,155.15040690637));
#7134 = CARTESIAN_POINT('',(0.785398163398,155.92071979893));
#7135 = CARTESIAN_POINT('',(0.981747704245,156.53298344566));
#7136 = CARTESIAN_POINT('',(1.178097245096,156.95266055426));
#7137 = CARTESIAN_POINT('',(1.374446785946,157.1625));
#7138 = CARTESIAN_POINT('',(1.767145867644,157.1625));
#7139 = CARTESIAN_POINT('',(1.963495408494,156.95266055426));
#7140 = CARTESIAN_POINT('',(2.159844949341,156.53298344571));
#7141 = CARTESIAN_POINT('',(2.356194490197,155.9207197989));
#7142 = CARTESIAN_POINT('',(2.552544031038,155.15040690649));
#7143 = CARTESIAN_POINT('',(2.748893571891,154.27022959849));
#7144 = CARTESIAN_POINT('',(2.94524311274,153.33511468829));
#7145 = CARTESIAN_POINT('',(3.14159265359,152.4));
#7146 = ( GEOMETRIC_REPRESENTATION_CONTEXT(2) 
PARAMETRIC_REPRESENTATION_CONTEXT() REPRESENTATION_CONTEXT('2D SPACE',''
  ) );
#7147 = PCURVE('',#7095,#7148);
#7148 = DEFINITIONAL_REPRESENTATION('',(#7149),#7166);
#7149 = B_SPLINE_CURVE_WITH_KNOTS('',8,(#7150,#7151,#7152,#7153,#7154,
    #7155,#7156,#7157,#7158,#7159,#7160,#7161,#7162,#7163,#7164,#7165),
  .UNSPECIFIED.,.F.,.F.,(9,7,9),(1.570796326795,3.14159265359,
    4.712388980385),.UNSPECIFIED.);
#7150 = CARTESIAN_POINT('',(0.,177.8));
#7151 = CARTESIAN_POINT('',(0.196349540849,176.8648853117));
#7152 = CARTESIAN_POINT('',(0.392699081698,175.92977040154));
#7153 = CARTESIAN_POINT('',(0.589048622547,175.04959309245));
#7154 = CARTESIAN_POINT('',(0.785398163394,174.27928020139));
#7155 = CARTESIAN_POINT('',(0.981747704246,173.66701655309));
#7156 = CARTESIAN_POINT('',(1.178097245096,173.24733944579));
#7157 = CARTESIAN_POINT('',(1.374446785946,173.0375));
#7158 = CARTESIAN_POINT('',(1.767145867644,173.0375));
#7159 = CARTESIAN_POINT('',(1.963495408492,173.2473394455));
#7160 = CARTESIAN_POINT('',(2.159844949345,173.66701655439));
#7161 = CARTESIAN_POINT('',(2.35619449019,174.27928019974));
#7162 = CARTESIAN_POINT('',(2.552544031045,175.04959309363));
#7163 = CARTESIAN_POINT('',(2.74889357189,175.92977040124));
#7164 = CARTESIAN_POINT('',(2.94524311274,176.8648853117));
#7165 = CARTESIAN_POINT('',(3.14159265359,177.8));
#7166 = ( GEOMETRIC_REPRESENTATION_CONTEXT(2) 
PARAMETRIC_REPRESENTATION_CONTEXT() REPRESENTATION_CONTEXT('2D SPACE',''
  ) );
#7167 = FACE_BOUND('',#7168,.T.);
#7168 = EDGE_LOOP('',(#7169,#7224));
#7169 = ORIENTED_EDGE('',*,*,#7170,.T.);
#7170 = EDGE_CURVE('',#7171,#6675,#7173,.T.);
#7171 = VERTEX_POINT('',#7172);
#7172 = CARTESIAN_POINT('',(76.2,177.8,96.8375));
#7173 = SURFACE_CURVE('',#7174,(#7179,#7199),.PCURVE_S1.);
#7174 = ELLIPSE('',#7175,6.735192090802,4.7625);
#7175 = AXIS2_PLACEMENT_3D('',#7176,#7177,#7178);
#7176 = CARTESIAN_POINT('',(76.2,177.8,101.6));
#7177 = DIRECTION('',(-0.707106781187,0.707106781187,0.));
#7178 = DIRECTION('',(0.707106781187,0.707106781187,0.));
#7179 = PCURVE('',#2137,#7180);
#7180 = DEFINITIONAL_REPRESENTATION('',(#7181),#7198);
#7181 = B_SPLINE_CURVE_WITH_KNOTS('',8,(#7182,#7183,#7184,#7185,#7186,
    #7187,#7188,#7189,#7190,#7191,#7192,#7193,#7194,#7195,#7196,#7197),
  .UNSPECIFIED.,.F.,.F.,(9,7,9),(1.570796326795,3.14159265359,
    4.712388980385),.UNSPECIFIED.);
#7182 = CARTESIAN_POINT('',(3.14159265359,203.2));
#7183 = CARTESIAN_POINT('',(2.94524311274,202.2648853117));
#7184 = CARTESIAN_POINT('',(2.74889357189,201.32977040145));
#7185 = CARTESIAN_POINT('',(2.552544031036,200.44959309237));
#7186 = CARTESIAN_POINT('',(2.356194490188,199.6792802011));
#7187 = CARTESIAN_POINT('',(2.15984494934,199.06701655329));
#7188 = CARTESIAN_POINT('',(1.963495408493,198.64733944577));
#7189 = CARTESIAN_POINT('',(1.767145867644,198.4375));
#7190 = CARTESIAN_POINT('',(1.374446785946,198.4375));
#7191 = CARTESIAN_POINT('',(1.178097245097,198.64733944554));
#7192 = CARTESIAN_POINT('',(0.981747704243,199.06701655399));
#7193 = CARTESIAN_POINT('',(0.785398163401,199.67928019982));
#7194 = CARTESIAN_POINT('',(0.589048622545,200.44959309326));
#7195 = CARTESIAN_POINT('',(0.3926990817,201.32977040133));
#7196 = CARTESIAN_POINT('',(0.196349540849,202.2648853117));
#7197 = CARTESIAN_POINT('',(0.,203.2));
#7198 = ( GEOMETRIC_REPRESENTATION_CONTEXT(2) 
PARAMETRIC_REPRESENTATION_CONTEXT() REPRESENTATION_CONTEXT('2D SPACE',''
  ) );
#7199 = PCURVE('',#7200,#7205);
#7200 = CYLINDRICAL_SURFACE('',#7201,4.7625);
#7201 = AXIS2_PLACEMENT_3D('',#7202,#7203,#7204);
#7202 = CARTESIAN_POINT('',(76.2,0.,101.6));
#7203 = DIRECTION('',(0.,1.,0.));
#7204 = DIRECTION('',(0.,-0.,1.));
#7205 = DEFINITIONAL_REPRESENTATION('',(#7206),#7223);
#7206 = B_SPLINE_CURVE_WITH_KNOTS('',8,(#7207,#7208,#7209,#7210,#7211,
    #7212,#7213,#7214,#7215,#7216,#7217,#7218,#7219,#7220,#7221,#7222),
  .UNSPECIFIED.,.F.,.F.,(9,7,9),(1.570796326795,3.14159265359,
    4.712388980385),.UNSPECIFIED.);
#7207 = CARTESIAN_POINT('',(3.14159265359,177.8));
#7208 = CARTESIAN_POINT('',(3.337942194439,176.8648853117));
#7209 = CARTESIAN_POINT('',(3.53429173529,175.92977040154));
#7210 = CARTESIAN_POINT('',(3.730641276136,175.04959309245));
#7211 = CARTESIAN_POINT('',(3.926990816993,174.27928020139));
#7212 = CARTESIAN_POINT('',(4.123340357835,173.66701655309));
#7213 = CARTESIAN_POINT('',(4.319689898687,173.24733944579));
#7214 = CARTESIAN_POINT('',(4.516039439535,173.0375));
#7215 = CARTESIAN_POINT('',(4.908738521234,173.0375));
#7216 = CARTESIAN_POINT('',(5.105088062083,173.2473394455));
#7217 = CARTESIAN_POINT('',(5.301437602935,173.66701655439));
#7218 = CARTESIAN_POINT('',(5.49778714378,174.27928019974));
#7219 = CARTESIAN_POINT('',(5.694136684634,175.04959309363));
#7220 = CARTESIAN_POINT('',(5.89048622548,175.92977040124));
#7221 = CARTESIAN_POINT('',(6.08683576633,176.8648853117));
#7222 = CARTESIAN_POINT('',(6.28318530718,177.8));
#7223 = ( GEOMETRIC_REPRESENTATION_CONTEXT(2) 
PARAMETRIC_REPRESENTATION_CONTEXT() REPRESENTATION_CONTEXT('2D SPACE',''
  ) );
#7224 = ORIENTED_EDGE('',*,*,#7225,.T.);
#7225 = EDGE_CURVE('',#6675,#7171,#7226,.T.);
#7226 = SURFACE_CURVE('',#7227,(#7232,#7252),.PCURVE_S1.);
#7227 = ELLIPSE('',#7228,6.735192090802,4.7625);
#7228 = AXIS2_PLACEMENT_3D('',#7229,#7230,#7231);
#7229 = CARTESIAN_POINT('',(76.2,177.8,101.6));
#7230 = DIRECTION('',(0.707106781187,0.707106781187,0.));
#7231 = DIRECTION('',(-0.707106781187,0.707106781187,0.));
#7232 = PCURVE('',#2137,#7233);
#7233 = DEFINITIONAL_REPRESENTATION('',(#7234),#7251);
#7234 = B_SPLINE_CURVE_WITH_KNOTS('',8,(#7235,#7236,#7237,#7238,#7239,
    #7240,#7241,#7242,#7243,#7244,#7245,#7246,#7247,#7248,#7249,#7250),
  .UNSPECIFIED.,.F.,.F.,(9,7,9),(1.570796326795,3.14159265359,
    4.712388980385),.UNSPECIFIED.);
#7235 = CARTESIAN_POINT('',(0.,203.2));
#7236 = CARTESIAN_POINT('',(0.196349540849,204.13511468829));
#7237 = CARTESIAN_POINT('',(0.392699081699,205.07022959834));
#7238 = CARTESIAN_POINT('',(0.589048622545,205.95040690694));
#7239 = CARTESIAN_POINT('',(0.785398163398,206.72071979832));
#7240 = CARTESIAN_POINT('',(0.981747704245,207.33298344627));
#7241 = CARTESIAN_POINT('',(1.178097245096,207.75266055419));
#7242 = CARTESIAN_POINT('',(1.374446785946,207.9625));
#7243 = CARTESIAN_POINT('',(1.767145867644,207.9625));
#7244 = CARTESIAN_POINT('',(1.963495408494,207.75266055441));
#7245 = CARTESIAN_POINT('',(2.159844949341,207.33298344468));
#7246 = CARTESIAN_POINT('',(2.356194490197,206.72071980022));
#7247 = CARTESIAN_POINT('',(2.552544031038,205.95040690575));
#7248 = CARTESIAN_POINT('',(2.748893571891,205.07022959868));
#7249 = CARTESIAN_POINT('',(2.94524311274,204.13511468829));
#7250 = CARTESIAN_POINT('',(3.14159265359,203.2));
#7251 = ( GEOMETRIC_REPRESENTATION_CONTEXT(2) 
PARAMETRIC_REPRESENTATION_CONTEXT() REPRESENTATION_CONTEXT('2D SPACE',''
  ) );
#7252 = PCURVE('',#7200,#7253);
#7253 = DEFINITIONAL_REPRESENTATION('',(#7254),#7271);
#7254 = B_SPLINE_CURVE_WITH_KNOTS('',8,(#7255,#7256,#7257,#7258,#7259,
    #7260,#7261,#7262,#7263,#7264,#7265,#7266,#7267,#7268,#7269,#7270),
  .UNSPECIFIED.,.F.,.F.,(9,7,9),(1.570796326795,3.14159265359,
    4.712388980385),.UNSPECIFIED.);
#7255 = CARTESIAN_POINT('',(0.,177.8));
#7256 = CARTESIAN_POINT('',(0.196349540849,176.8648853117));
#7257 = CARTESIAN_POINT('',(0.392699081698,175.92977040154));
#7258 = CARTESIAN_POINT('',(0.589048622548,175.04959309245));
#7259 = CARTESIAN_POINT('',(0.785398163394,174.27928020139));
#7260 = CARTESIAN_POINT('',(0.981747704247,173.66701655309));
#7261 = CARTESIAN_POINT('',(1.178097245095,173.24733944579));
#7262 = CARTESIAN_POINT('',(1.374446785946,173.0375));
#7263 = CARTESIAN_POINT('',(1.767145867644,173.0375));
#7264 = CARTESIAN_POINT('',(1.96349540849,173.2473394455));
#7265 = CARTESIAN_POINT('',(2.159844949352,173.66701655439));
#7266 = CARTESIAN_POINT('',(2.356194490175,174.27928019974));
#7267 = CARTESIAN_POINT('',(2.552544031049,175.04959309363));
#7268 = CARTESIAN_POINT('',(2.748893571888,175.92977040124));
#7269 = CARTESIAN_POINT('',(2.94524311274,176.8648853117));
#7270 = CARTESIAN_POINT('',(3.14159265359,177.8));
#7271 = ( GEOMETRIC_REPRESENTATION_CONTEXT(2) 
PARAMETRIC_REPRESENTATION_CONTEXT() REPRESENTATION_CONTEXT('2D SPACE',''
  ) );
#7272 = ADVANCED_FACE('',(#7273),#2222,.T.);
#7273 = FACE_BOUND('',#7274,.T.);
#7274 = EDGE_LOOP('',(#7275,#7296,#7315));
#7275 = ORIENTED_EDGE('',*,*,#7276,.F.);
#7276 = EDGE_CURVE('',#7277,#2156,#7279,.T.);
#7277 = VERTEX_POINT('',#7278);
#7278 = CARTESIAN_POINT('',(-127.,177.8,101.6));
#7279 = SURFACE_CURVE('',#7280,(#7284,#7290),.PCURVE_S1.);
#7280 = LINE('',#7281,#7282);
#7281 = CARTESIAN_POINT('',(-127.,177.8,101.6));
#7282 = VECTOR('',#7283,1.);
#7283 = DIRECTION('',(-1.,0.,0.));
#7284 = PCURVE('',#2222,#7285);
#7285 = DEFINITIONAL_REPRESENTATION('',(#7286),#7289);
#7286 = B_SPLINE_CURVE_WITH_KNOTS('',1,(#7287,#7288),.UNSPECIFIED.,.F.,
  .F.,(2,2),(-4.7625,4.7625),.PIECEWISE_BEZIER_KNOTS.);
#7287 = CARTESIAN_POINT('',(4.7625,0.));
#7288 = CARTESIAN_POINT('',(-4.7625,0.));
#7289 = ( GEOMETRIC_REPRESENTATION_CONTEXT(2) 
PARAMETRIC_REPRESENTATION_CONTEXT() REPRESENTATION_CONTEXT('2D SPACE',''
  ) );
#7290 = PCURVE('',#6061,#7291);
#7291 = DEFINITIONAL_REPRESENTATION('',(#7292),#7295);
#7292 = B_SPLINE_CURVE_WITH_KNOTS('',1,(#7293,#7294),.UNSPECIFIED.,.F.,
  .F.,(2,2),(-4.7625,4.7625),.PIECEWISE_BEZIER_KNOTS.);
#7293 = CARTESIAN_POINT('',(1.42108547152E-14,4.7625));
#7294 = CARTESIAN_POINT('',(1.42108547152E-14,-4.7625));
#7295 = ( GEOMETRIC_REPRESENTATION_CONTEXT(2) 
PARAMETRIC_REPRESENTATION_CONTEXT() REPRESENTATION_CONTEXT('2D SPACE',''
  ) );
#7296 = ORIENTED_EDGE('',*,*,#7297,.T.);
#7297 = EDGE_CURVE('',#7277,#2206,#7298,.T.);
#7298 = SURFACE_CURVE('',#7299,(#7303,#7309),.PCURVE_S1.);
#7299 = LINE('',#7300,#7301);
#7300 = CARTESIAN_POINT('',(-127.,177.8,101.6));
#7301 = VECTOR('',#7302,1.);
#7302 = DIRECTION('',(0.,1.,0.));
#7303 = PCURVE('',#2222,#7304);
#7304 = DEFINITIONAL_REPRESENTATION('',(#7305),#7308);
#7305 = B_SPLINE_CURVE_WITH_KNOTS('',1,(#7306,#7307),.UNSPECIFIED.,.F.,
  .F.,(2,2),(-2.84217094304E-14,4.7625),.PIECEWISE_BEZIER_KNOTS.);
#7306 = CARTESIAN_POINT('',(0.,-2.84217094304E-14));
#7307 = CARTESIAN_POINT('',(0.,4.7625));
#7308 = ( GEOMETRIC_REPRESENTATION_CONTEXT(2) 
PARAMETRIC_REPRESENTATION_CONTEXT() REPRESENTATION_CONTEXT('2D SPACE',''
  ) );
#7309 = PCURVE('',#6596,#7310);
#7310 = DEFINITIONAL_REPRESENTATION('',(#7311),#7314);
#7311 = B_SPLINE_CURVE_WITH_KNOTS('',1,(#7312,#7313),.UNSPECIFIED.,.F.,
  .F.,(2,2),(-2.84217094304E-14,4.7625),.PIECEWISE_BEZIER_KNOTS.);
#7312 = CARTESIAN_POINT('',(1.42108547152E-14,2.84217094304E-14));
#7313 = CARTESIAN_POINT('',(1.42108547152E-14,-4.7625));
#7314 = ( GEOMETRIC_REPRESENTATION_CONTEXT(2) 
PARAMETRIC_REPRESENTATION_CONTEXT() REPRESENTATION_CONTEXT('2D SPACE',''
  ) );
#7315 = ORIENTED_EDGE('',*,*,#2205,.T.);
#7316 = ADVANCED_FACE('',(#7317),#2500,.T.);
#7317 = FACE_BOUND('',#7318,.T.);
#7318 = EDGE_LOOP('',(#7319,#7320,#7321,#7322,#7344,#7392,#7393,#7420,
    #7421,#7448));
#7319 = ORIENTED_EDGE('',*,*,#2597,.T.);
#7320 = ORIENTED_EDGE('',*,*,#4049,.T.);
#7321 = ORIENTED_EDGE('',*,*,#4113,.T.);
#7322 = ORIENTED_EDGE('',*,*,#7323,.T.);
#7323 = EDGE_CURVE('',#4085,#7324,#7326,.T.);
#7324 = VERTEX_POINT('',#7325);
#7325 = CARTESIAN_POINT('',(131.7625,177.8,101.6));
#7326 = SEAM_CURVE('',#7327,(#7331,#7338),.PCURVE_S1.);
#7327 = LINE('',#7328,#7329);
#7328 = CARTESIAN_POINT('',(131.7625,177.8,0.));
#7329 = VECTOR('',#7330,1.);
#7330 = DIRECTION('',(0.,0.,1.));
#7331 = PCURVE('',#2500,#7332);
#7332 = DEFINITIONAL_REPRESENTATION('',(#7333),#7337);
#7333 = LINE('',#7334,#7335);
#7334 = CARTESIAN_POINT('',(0.,0.));
#7335 = VECTOR('',#7336,1.);
#7336 = DIRECTION('',(0.,1.));
#7337 = ( GEOMETRIC_REPRESENTATION_CONTEXT(2) 
PARAMETRIC_REPRESENTATION_CONTEXT() REPRESENTATION_CONTEXT('2D SPACE',''
  ) );
#7338 = PCURVE('',#2500,#7339);
#7339 = DEFINITIONAL_REPRESENTATION('',(#7340),#7343);
#7340 = B_SPLINE_CURVE_WITH_KNOTS('',1,(#7341,#7342),.UNSPECIFIED.,.F.,
  .F.,(2,2),(0.,101.6),.PIECEWISE_BEZIER_KNOTS.);
#7341 = CARTESIAN_POINT('',(6.28318530718,0.));
#7342 = CARTESIAN_POINT('',(6.28318530718,101.6));
#7343 = ( GEOMETRIC_REPRESENTATION_CONTEXT(2) 
PARAMETRIC_REPRESENTATION_CONTEXT() REPRESENTATION_CONTEXT('2D SPACE',''
  ) );
#7344 = ORIENTED_EDGE('',*,*,#7345,.F.);
#7345 = EDGE_CURVE('',#6748,#7324,#7346,.T.);
#7346 = SURFACE_CURVE('',#7347,(#7352,#7372),.PCURVE_S1.);
#7347 = ELLIPSE('',#7348,6.735192090802,4.7625);
#7348 = AXIS2_PLACEMENT_3D('',#7349,#7350,#7351);
#7349 = CARTESIAN_POINT('',(127.,177.8,101.6));
#7350 = DIRECTION('',(0.,-0.707106781187,0.707106781187));
#7351 = DIRECTION('',(0.,0.707106781187,0.707106781187));
#7352 = PCURVE('',#2500,#7353);
#7353 = DEFINITIONAL_REPRESENTATION('',(#7354),#7371);
#7354 = B_SPLINE_CURVE_WITH_KNOTS('',8,(#7355,#7356,#7357,#7358,#7359,
    #7360,#7361,#7362,#7363,#7364,#7365,#7366,#7367,#7368,#7369,#7370),
  .UNSPECIFIED.,.F.,.F.,(9,7,9),(1.570796326795,3.14159265359,
    4.712388980385),.UNSPECIFIED.);
#7355 = CARTESIAN_POINT('',(3.14159265359,101.6));
#7356 = CARTESIAN_POINT('',(3.337942194439,100.6648853117));
#7357 = CARTESIAN_POINT('',(3.534291735291,99.729770401346));
#7358 = CARTESIAN_POINT('',(3.730641276138,98.849593093431));
#7359 = CARTESIAN_POINT('',(3.926990817,98.079280199949));
#7360 = CARTESIAN_POINT('',(4.123340357834,97.46701655431));
#7361 = CARTESIAN_POINT('',(4.319689898688,97.047339445593));
#7362 = CARTESIAN_POINT('',(4.516039439535,96.8375));
#7363 = CARTESIAN_POINT('',(4.908738521234,96.8375));
#7364 = CARTESIAN_POINT('',(5.105088062083,97.04733944558));
#7365 = CARTESIAN_POINT('',(5.301437602937,97.467016554196));
#7366 = CARTESIAN_POINT('',(5.497787143777,98.079280200091));
#7367 = CARTESIAN_POINT('',(5.694136684636,98.849593093444));
#7368 = CARTESIAN_POINT('',(5.89048622548,99.729770401317));
#7369 = CARTESIAN_POINT('',(6.08683576633,100.6648853117));
#7370 = CARTESIAN_POINT('',(6.28318530718,101.6));
#7371 = ( GEOMETRIC_REPRESENTATION_CONTEXT(2) 
PARAMETRIC_REPRESENTATION_CONTEXT() REPRESENTATION_CONTEXT('2D SPACE',''
  ) );
#7372 = PCURVE('',#3788,#7373);
#7373 = DEFINITIONAL_REPRESENTATION('',(#7374),#7391);
#7374 = B_SPLINE_CURVE_WITH_KNOTS('',8,(#7375,#7376,#7377,#7378,#7379,
    #7380,#7381,#7382,#7383,#7384,#7385,#7386,#7387,#7388,#7389,#7390),
  .UNSPECIFIED.,.F.,.F.,(9,7,9),(1.570796326795,3.14159265359,
    4.712388980385),.UNSPECIFIED.);
#7375 = CARTESIAN_POINT('',(4.712388980385,177.8));
#7376 = CARTESIAN_POINT('',(4.516039439535,176.8648853117));
#7377 = CARTESIAN_POINT('',(4.319689898692,175.92977040154));
#7378 = CARTESIAN_POINT('',(4.123340357815,175.04959309245));
#7379 = CARTESIAN_POINT('',(3.926990817008,174.27928020139));
#7380 = CARTESIAN_POINT('',(3.730641276113,173.66701655309));
#7381 = CARTESIAN_POINT('',(3.534291735295,173.24733944579));
#7382 = CARTESIAN_POINT('',(3.337942194439,173.0375));
#7383 = CARTESIAN_POINT('',(2.94524311274,173.0375));
#7384 = CARTESIAN_POINT('',(2.748893571891,173.2473394455));
#7385 = CARTESIAN_POINT('',(2.552544031037,173.66701655439));
#7386 = CARTESIAN_POINT('',(2.356194490191,174.27928019974));
#7387 = CARTESIAN_POINT('',(2.159844949342,175.04959309363));
#7388 = CARTESIAN_POINT('',(1.963495408494,175.92977040124));
#7389 = CARTESIAN_POINT('',(1.767145867644,176.8648853117));
#7390 = CARTESIAN_POINT('',(1.570796326795,177.8));
#7391 = ( GEOMETRIC_REPRESENTATION_CONTEXT(2) 
PARAMETRIC_REPRESENTATION_CONTEXT() REPRESENTATION_CONTEXT('2D SPACE',''
  ) );
#7392 = ORIENTED_EDGE('',*,*,#6747,.F.);
#7393 = ORIENTED_EDGE('',*,*,#7394,.F.);
#7394 = EDGE_CURVE('',#7324,#6719,#7395,.T.);
#7395 = SURFACE_CURVE('',#7396,(#7401,#7408),.PCURVE_S1.);
#7396 = CIRCLE('',#7397,4.7625);
#7397 = AXIS2_PLACEMENT_3D('',#7398,#7399,#7400);
#7398 = CARTESIAN_POINT('',(127.,177.8,101.6));
#7399 = DIRECTION('',(0.,0.,1.));
#7400 = DIRECTION('',(1.,0.,-0.));
#7401 = PCURVE('',#2500,#7402);
#7402 = DEFINITIONAL_REPRESENTATION('',(#7403),#7407);
#7403 = LINE('',#7404,#7405);
#7404 = CARTESIAN_POINT('',(0.,101.6));
#7405 = VECTOR('',#7406,1.);
#7406 = DIRECTION('',(1.,0.));
#7407 = ( GEOMETRIC_REPRESENTATION_CONTEXT(2) 
PARAMETRIC_REPRESENTATION_CONTEXT() REPRESENTATION_CONTEXT('2D SPACE',''
  ) );
#7408 = PCURVE('',#7409,#7414);
#7409 = PLANE('',#7410);
#7410 = AXIS2_PLACEMENT_3D('',#7411,#7412,#7413);
#7411 = CARTESIAN_POINT('',(127.,177.8,101.6));
#7412 = DIRECTION('',(0.,0.,1.));
#7413 = DIRECTION('',(1.,0.,-0.));
#7414 = DEFINITIONAL_REPRESENTATION('',(#7415),#7419);
#7415 = CIRCLE('',#7416,4.7625);
#7416 = AXIS2_PLACEMENT_2D('',#7417,#7418);
#7417 = CARTESIAN_POINT('',(1.42108547152E-14,0.));
#7418 = DIRECTION('',(1.,0.));
#7419 = ( GEOMETRIC_REPRESENTATION_CONTEXT(2) 
PARAMETRIC_REPRESENTATION_CONTEXT() REPRESENTATION_CONTEXT('2D SPACE',''
  ) );
#7420 = ORIENTED_EDGE('',*,*,#7323,.F.);
#7421 = ORIENTED_EDGE('',*,*,#7422,.T.);
#7422 = EDGE_CURVE('',#4085,#2478,#7423,.T.);
#7423 = SURFACE_CURVE('',#7424,(#7429,#7436),.PCURVE_S1.);
#7424 = CIRCLE('',#7425,4.7625);
#7425 = AXIS2_PLACEMENT_3D('',#7426,#7427,#7428);
#7426 = CARTESIAN_POINT('',(127.,177.8,0.));
#7427 = DIRECTION('',(0.,0.,1.));
#7428 = DIRECTION('',(1.,0.,-0.));
#7429 = PCURVE('',#2500,#7430);
#7430 = DEFINITIONAL_REPRESENTATION('',(#7431),#7435);
#7431 = LINE('',#7432,#7433);
#7432 = CARTESIAN_POINT('',(0.,0.));
#7433 = VECTOR('',#7434,1.);
#7434 = DIRECTION('',(1.,0.));
#7435 = ( GEOMETRIC_REPRESENTATION_CONTEXT(2) 
PARAMETRIC_REPRESENTATION_CONTEXT() REPRESENTATION_CONTEXT('2D SPACE',''
  ) );
#7436 = PCURVE('',#7437,#7442);
#7437 = PLANE('',#7438);
#7438 = AXIS2_PLACEMENT_3D('',#7439,#7440,#7441);
#7439 = CARTESIAN_POINT('',(127.,177.8,0.));
#7440 = DIRECTION('',(0.,0.,1.));
#7441 = DIRECTION('',(1.,0.,-0.));
#7442 = DEFINITIONAL_REPRESENTATION('',(#7443),#7447);
#7443 = CIRCLE('',#7444,4.7625);
#7444 = AXIS2_PLACEMENT_2D('',#7445,#7446);
#7445 = CARTESIAN_POINT('',(1.42108547152E-14,0.));
#7446 = DIRECTION('',(1.,0.));
#7447 = ( GEOMETRIC_REPRESENTATION_CONTEXT(2) 
PARAMETRIC_REPRESENTATION_CONTEXT() REPRESENTATION_CONTEXT('2D SPACE',''
  ) );
#7448 = ORIENTED_EDGE('',*,*,#2477,.T.);
#7449 = ADVANCED_FACE('',(#7450),#2535,.T.);
#7450 = FACE_BOUND('',#7451,.T.);
#7451 = EDGE_LOOP('',(#7452,#7473,#7474));
#7452 = ORIENTED_EDGE('',*,*,#7453,.T.);
#7453 = EDGE_CURVE('',#7454,#2519,#7456,.T.);
#7454 = VERTEX_POINT('',#7455);
#7455 = CARTESIAN_POINT('',(127.,177.8,-9.689522785528E-24));
#7456 = SURFACE_CURVE('',#7457,(#7461,#7467),.PCURVE_S1.);
#7457 = LINE('',#7458,#7459);
#7458 = CARTESIAN_POINT('',(127.,177.8,8.613796110485E-16));
#7459 = VECTOR('',#7460,1.);
#7460 = DIRECTION('',(0.,0.,-1.));
#7461 = PCURVE('',#2535,#7462);
#7462 = DEFINITIONAL_REPRESENTATION('',(#7463),#7466);
#7463 = B_SPLINE_CURVE_WITH_KNOTS('',1,(#7464,#7465),.UNSPECIFIED.,.F.,
  .F.,(2,2),(-4.7625,4.7625),.PIECEWISE_BEZIER_KNOTS.);
#7464 = CARTESIAN_POINT('',(4.7625,2.84217094304E-14));
#7465 = CARTESIAN_POINT('',(-4.7625,2.84217094304E-14));
#7466 = ( GEOMETRIC_REPRESENTATION_CONTEXT(2) 
PARAMETRIC_REPRESENTATION_CONTEXT() REPRESENTATION_CONTEXT('2D SPACE',''
  ) );
#7467 = PCURVE('',#4101,#7468);
#7468 = DEFINITIONAL_REPRESENTATION('',(#7469),#7472);
#7469 = B_SPLINE_CURVE_WITH_KNOTS('',1,(#7470,#7471),.UNSPECIFIED.,.F.,
  .F.,(2,2),(-4.7625,4.7625),.PIECEWISE_BEZIER_KNOTS.);
#7470 = CARTESIAN_POINT('',(4.7625,0.));
#7471 = CARTESIAN_POINT('',(-4.7625,0.));
#7472 = ( GEOMETRIC_REPRESENTATION_CONTEXT(2) 
PARAMETRIC_REPRESENTATION_CONTEXT() REPRESENTATION_CONTEXT('2D SPACE',''
  ) );
#7473 = ORIENTED_EDGE('',*,*,#2518,.T.);
#7474 = ORIENTED_EDGE('',*,*,#7475,.T.);
#7475 = EDGE_CURVE('',#2478,#7454,#7476,.T.);
#7476 = SURFACE_CURVE('',#7477,(#7481,#7487),.PCURVE_S1.);
#7477 = LINE('',#7478,#7479);
#7478 = CARTESIAN_POINT('',(127.,177.8,0.));
#7479 = VECTOR('',#7480,1.);
#7480 = DIRECTION('',(0.,-1.,0.));
#7481 = PCURVE('',#2535,#7482);
#7482 = DEFINITIONAL_REPRESENTATION('',(#7483),#7486);
#7483 = B_SPLINE_CURVE_WITH_KNOTS('',1,(#7484,#7485),.UNSPECIFIED.,.F.,
  .F.,(2,2),(-4.7625,2.84217094304E-14),.PIECEWISE_BEZIER_KNOTS.);
#7484 = CARTESIAN_POINT('',(-8.613796110485E-16,-4.7625));
#7485 = CARTESIAN_POINT('',(-8.613796110485E-16,2.84217094304E-14));
#7486 = ( GEOMETRIC_REPRESENTATION_CONTEXT(2) 
PARAMETRIC_REPRESENTATION_CONTEXT() REPRESENTATION_CONTEXT('2D SPACE',''
  ) );
#7487 = PCURVE('',#7437,#7488);
#7488 = DEFINITIONAL_REPRESENTATION('',(#7489),#7492);
#7489 = B_SPLINE_CURVE_WITH_KNOTS('',1,(#7490,#7491),.UNSPECIFIED.,.F.,
  .F.,(2,2),(-4.7625,2.84217094304E-14),.PIECEWISE_BEZIER_KNOTS.);
#7490 = CARTESIAN_POINT('',(1.42108547152E-14,4.7625));
#7491 = CARTESIAN_POINT('',(1.42108547152E-14,-2.84217094304E-14));
#7492 = ( GEOMETRIC_REPRESENTATION_CONTEXT(2) 
PARAMETRIC_REPRESENTATION_CONTEXT() REPRESENTATION_CONTEXT('2D SPACE',''
  ) );
#7493 = ADVANCED_FACE('',(#7494),#2354,.F.);
#7494 = FACE_BOUND('',#7495,.F.);
#7495 = EDGE_LOOP('',(#7496,#7497,#7498));
#7496 = ORIENTED_EDGE('',*,*,#3059,.T.);
#7497 = ORIENTED_EDGE('',*,*,#2339,.T.);
#7498 = ORIENTED_EDGE('',*,*,#6557,.T.);
#7499 = ADVANCED_FACE('',(#7500),#2668,.T.);
#7500 = FACE_BOUND('',#7501,.T.);
#7501 = EDGE_LOOP('',(#7502,#7503,#7504,#7524,#7525,#7526,#7527,#7568));
#7502 = ORIENTED_EDGE('',*,*,#3514,.T.);
#7503 = ORIENTED_EDGE('',*,*,#3478,.T.);
#7504 = ORIENTED_EDGE('',*,*,#7505,.T.);
#7505 = EDGE_CURVE('',#3457,#2368,#7506,.T.);
#7506 = SEAM_CURVE('',#7507,(#7511,#7518),.PCURVE_S1.);
#7507 = LINE('',#7508,#7509);
#7508 = CARTESIAN_POINT('',(-76.2,0.,4.7625));
#7509 = VECTOR('',#7510,1.);
#7510 = DIRECTION('',(0.,1.,0.));
#7511 = PCURVE('',#2668,#7512);
#7512 = DEFINITIONAL_REPRESENTATION('',(#7513),#7517);
#7513 = LINE('',#7514,#7515);
#7514 = CARTESIAN_POINT('',(0.,0.));
#7515 = VECTOR('',#7516,1.);
#7516 = DIRECTION('',(0.,1.));
#7517 = ( GEOMETRIC_REPRESENTATION_CONTEXT(2) 
PARAMETRIC_REPRESENTATION_CONTEXT() REPRESENTATION_CONTEXT('2D SPACE',''
  ) );
#7518 = PCURVE('',#2668,#7519);
#7519 = DEFINITIONAL_REPRESENTATION('',(#7520),#7523);
#7520 = B_SPLINE_CURVE_WITH_KNOTS('',1,(#7521,#7522),.UNSPECIFIED.,.F.,
  .F.,(2,2),(0.,177.8),.PIECEWISE_BEZIER_KNOTS.);
#7521 = CARTESIAN_POINT('',(6.28318530718,0.));
#7522 = CARTESIAN_POINT('',(6.28318530718,177.8));
#7523 = ( GEOMETRIC_REPRESENTATION_CONTEXT(2) 
PARAMETRIC_REPRESENTATION_CONTEXT() REPRESENTATION_CONTEXT('2D SPACE',''
  ) );
#7524 = ORIENTED_EDGE('',*,*,#2638,.F.);
#7525 = ORIENTED_EDGE('',*,*,#2693,.F.);
#7526 = ORIENTED_EDGE('',*,*,#7505,.F.);
#7527 = ORIENTED_EDGE('',*,*,#7528,.T.);
#7528 = EDGE_CURVE('',#3457,#7529,#7531,.T.);
#7529 = VERTEX_POINT('',#7530);
#7530 = CARTESIAN_POINT('',(-71.4375,138.1125,5.832380380939E-16));
#7531 = SURFACE_CURVE('',#7532,(#7537,#7550),.PCURVE_S1.);
#7532 = ELLIPSE('',#7533,6.735192090802,4.7625);
#7533 = AXIS2_PLACEMENT_3D('',#7534,#7535,#7536);
#7534 = CARTESIAN_POINT('',(-76.2,133.35,0.));
#7535 = DIRECTION('',(-0.707106781187,0.707106781187,0.));
#7536 = DIRECTION('',(0.707106781187,0.707106781187,0.));
#7537 = PCURVE('',#2668,#7538);
#7538 = DEFINITIONAL_REPRESENTATION('',(#7539),#7549);
#7539 = B_SPLINE_CURVE_WITH_KNOTS('',8,(#7540,#7541,#7542,#7543,#7544,
    #7545,#7546,#7547,#7548),.UNSPECIFIED.,.F.,.F.,(9,9),(4.712388980385
    ,6.28318530718),.PIECEWISE_BEZIER_KNOTS.);
#7540 = CARTESIAN_POINT('',(0.,133.35));
#7541 = CARTESIAN_POINT('',(0.196349540849,134.28511468829));
#7542 = CARTESIAN_POINT('',(0.392699081699,135.22022959858));
#7543 = CARTESIAN_POINT('',(0.589048622547,136.10040690638));
#7544 = CARTESIAN_POINT('',(0.785398163396,136.87071979946));
#7545 = CARTESIAN_POINT('',(0.981747704247,137.48298344542));
#7546 = CARTESIAN_POINT('',(1.178097245096,137.90266055429));
#7547 = CARTESIAN_POINT('',(1.374446785946,138.1125));
#7548 = CARTESIAN_POINT('',(1.570796326795,138.1125));
#7549 = ( GEOMETRIC_REPRESENTATION_CONTEXT(2) 
PARAMETRIC_REPRESENTATION_CONTEXT() REPRESENTATION_CONTEXT('2D SPACE',''
  ) );
#7550 = PCURVE('',#7551,#7556);
#7551 = CYLINDRICAL_SURFACE('',#7552,4.7625);
#7552 = AXIS2_PLACEMENT_3D('',#7553,#7554,#7555);
#7553 = CARTESIAN_POINT('',(-127.,133.35,0.));
#7554 = DIRECTION('',(1.,0.,0.));
#7555 = DIRECTION('',(0.,0.,1.));
#7556 = DEFINITIONAL_REPRESENTATION('',(#7557),#7567);
#7557 = B_SPLINE_CURVE_WITH_KNOTS('',8,(#7558,#7559,#7560,#7561,#7562,
    #7563,#7564,#7565,#7566),.UNSPECIFIED.,.F.,.F.,(9,9),(4.712388980385
    ,6.28318530718),.PIECEWISE_BEZIER_KNOTS.);
#7558 = CARTESIAN_POINT('',(6.28318530718,50.8));
#7559 = CARTESIAN_POINT('',(6.08683576633,51.735114688295));
#7560 = CARTESIAN_POINT('',(5.890486225481,52.670229598573));
#7561 = CARTESIAN_POINT('',(5.694136684633,53.550406906545));
#7562 = CARTESIAN_POINT('',(5.497787143783,54.320719799495));
#7563 = CARTESIAN_POINT('',(5.301437602935,54.932983445645));
#7564 = CARTESIAN_POINT('',(5.105088062083,55.352660554329));
#7565 = CARTESIAN_POINT('',(4.908738521234,55.5625));
#7566 = CARTESIAN_POINT('',(4.712388980385,55.5625));
#7567 = ( GEOMETRIC_REPRESENTATION_CONTEXT(2) 
PARAMETRIC_REPRESENTATION_CONTEXT() REPRESENTATION_CONTEXT('2D SPACE',''
  ) );
#7568 = ORIENTED_EDGE('',*,*,#7569,.T.);
#7569 = EDGE_CURVE('',#7529,#3515,#7570,.T.);
#7570 = SURFACE_CURVE('',#7571,(#7576,#7589),.PCURVE_S1.);
#7571 = ELLIPSE('',#7572,6.735192090802,4.7625);
#7572 = AXIS2_PLACEMENT_3D('',#7573,#7574,#7575);
#7573 = CARTESIAN_POINT('',(-76.2,133.35,0.));
#7574 = DIRECTION('',(-0.707106781187,0.707106781187,0.));
#7575 = DIRECTION('',(0.707106781187,0.707106781187,0.));
#7576 = PCURVE('',#2668,#7577);
#7577 = DEFINITIONAL_REPRESENTATION('',(#7578),#7588);
#7578 = B_SPLINE_CURVE_WITH_KNOTS('',8,(#7579,#7580,#7581,#7582,#7583,
    #7584,#7585,#7586,#7587),.UNSPECIFIED.,.F.,.F.,(9,9),(0.,
    1.570796326795),.PIECEWISE_BEZIER_KNOTS.);
#7579 = CARTESIAN_POINT('',(1.570796326795,138.1125));
#7580 = CARTESIAN_POINT('',(1.767145867644,138.1125));
#7581 = CARTESIAN_POINT('',(1.963495408492,137.90266055424));
#7582 = CARTESIAN_POINT('',(2.159844949342,137.48298344575));
#7583 = CARTESIAN_POINT('',(2.356194490186,136.87071979899));
#7584 = CARTESIAN_POINT('',(2.552544031042,136.1004069065));
#7585 = CARTESIAN_POINT('',(2.748893571889,135.2202295985));
#7586 = CARTESIAN_POINT('',(2.94524311274,134.28511468829));
#7587 = CARTESIAN_POINT('',(3.14159265359,133.35));
#7588 = ( GEOMETRIC_REPRESENTATION_CONTEXT(2) 
PARAMETRIC_REPRESENTATION_CONTEXT() REPRESENTATION_CONTEXT('2D SPACE',''
  ) );
#7589 = PCURVE('',#7551,#7590);
#7590 = DEFINITIONAL_REPRESENTATION('',(#7591),#7601);
#7591 = B_SPLINE_CURVE_WITH_KNOTS('',8,(#7592,#7593,#7594,#7595,#7596,
    #7597,#7598,#7599,#7600),.UNSPECIFIED.,.F.,.F.,(9,9),(0.,
    1.570796326795),.PIECEWISE_BEZIER_KNOTS.);
#7592 = CARTESIAN_POINT('',(4.712388980385,55.5625));
#7593 = CARTESIAN_POINT('',(4.516039439535,55.5625));
#7594 = CARTESIAN_POINT('',(4.319689898684,55.352660554336));
#7595 = CARTESIAN_POINT('',(4.123340357839,54.932983445737));
#7596 = CARTESIAN_POINT('',(3.926990816974,54.32071979934));
#7597 = CARTESIAN_POINT('',(3.730641276137,53.550406906591));
#7598 = CARTESIAN_POINT('',(3.534291735287,52.670229598583));
#7599 = CARTESIAN_POINT('',(3.337942194439,51.735114688295));
#7600 = CARTESIAN_POINT('',(3.14159265359,50.8));
#7601 = ( GEOMETRIC_REPRESENTATION_CONTEXT(2) 
PARAMETRIC_REPRESENTATION_CONTEXT() REPRESENTATION_CONTEXT('2D SPACE',''
  ) );
#7602 = ADVANCED_FACE('',(#7603),#2773,.T.);
#7603 = FACE_BOUND('',#7604,.T.);
#7604 = EDGE_LOOP('',(#7605,#7643,#7679,#7699,#7700,#7701,#7702,#7743));
#7605 = ORIENTED_EDGE('',*,*,#7606,.T.);
#7606 = EDGE_CURVE('',#7607,#7609,#7611,.T.);
#7607 = VERTEX_POINT('',#7608);
#7608 = CARTESIAN_POINT('',(-25.4,133.35,-4.7625));
#7609 = VERTEX_POINT('',#7610);
#7610 = CARTESIAN_POINT('',(-30.1625,138.1125,-5.832380380939E-16));
#7611 = SURFACE_CURVE('',#7612,(#7617,#7630),.PCURVE_S1.);
#7612 = ELLIPSE('',#7613,6.735192090802,4.7625);
#7613 = AXIS2_PLACEMENT_3D('',#7614,#7615,#7616);
#7614 = CARTESIAN_POINT('',(-25.4,133.35,0.));
#7615 = DIRECTION('',(0.707106781187,0.707106781187,0.));
#7616 = DIRECTION('',(-0.707106781187,0.707106781187,0.));
#7617 = PCURVE('',#2773,#7618);
#7618 = DEFINITIONAL_REPRESENTATION('',(#7619),#7629);
#7619 = B_SPLINE_CURVE_WITH_KNOTS('',8,(#7620,#7621,#7622,#7623,#7624,
    #7625,#7626,#7627,#7628),.UNSPECIFIED.,.F.,.F.,(9,9),(4.712388980385
    ,6.28318530718),.PIECEWISE_BEZIER_KNOTS.);
#7620 = CARTESIAN_POINT('',(3.14159265359,133.35));
#7621 = CARTESIAN_POINT('',(3.337942194439,134.28511468829));
#7622 = CARTESIAN_POINT('',(3.53429173528,135.22022959858));
#7623 = CARTESIAN_POINT('',(3.730641276156,136.10040690638));
#7624 = CARTESIAN_POINT('',(3.926990816946,136.87071979946));
#7625 = CARTESIAN_POINT('',(4.12334035785,137.48298344542));
#7626 = CARTESIAN_POINT('',(4.319689898678,137.90266055429));
#7627 = CARTESIAN_POINT('',(4.516039439535,138.1125));
#7628 = CARTESIAN_POINT('',(4.712388980385,138.1125));
#7629 = ( GEOMETRIC_REPRESENTATION_CONTEXT(2) 
PARAMETRIC_REPRESENTATION_CONTEXT() REPRESENTATION_CONTEXT('2D SPACE',''
  ) );
#7630 = PCURVE('',#7551,#7631);
#7631 = DEFINITIONAL_REPRESENTATION('',(#7632),#7642);
#7632 = B_SPLINE_CURVE_WITH_KNOTS('',8,(#7633,#7634,#7635,#7636,#7637,
    #7638,#7639,#7640,#7641),.UNSPECIFIED.,.F.,.F.,(9,9),(4.712388980385
    ,6.28318530718),.PIECEWISE_BEZIER_KNOTS.);
#7633 = CARTESIAN_POINT('',(3.14159265359,101.6));
#7634 = CARTESIAN_POINT('',(3.337942194439,100.6648853117));
#7635 = CARTESIAN_POINT('',(3.534291735288,99.729770401288));
#7636 = CARTESIAN_POINT('',(3.730641276134,98.849593093664));
#7637 = CARTESIAN_POINT('',(3.926990816975,98.079280199716));
#7638 = CARTESIAN_POINT('',(4.123340357835,97.467016554542));
#7639 = CARTESIAN_POINT('',(4.319689898684,97.047339445535));
#7640 = CARTESIAN_POINT('',(4.516039439535,96.8375));
#7641 = CARTESIAN_POINT('',(4.712388980385,96.8375));
#7642 = ( GEOMETRIC_REPRESENTATION_CONTEXT(2) 
PARAMETRIC_REPRESENTATION_CONTEXT() REPRESENTATION_CONTEXT('2D SPACE',''
  ) );
#7643 = ORIENTED_EDGE('',*,*,#7644,.T.);
#7644 = EDGE_CURVE('',#7609,#7645,#7647,.T.);
#7645 = VERTEX_POINT('',#7646);
#7646 = CARTESIAN_POINT('',(-25.4,133.35,4.7625));
#7647 = SURFACE_CURVE('',#7648,(#7653,#7666),.PCURVE_S1.);
#7648 = ELLIPSE('',#7649,6.735192090802,4.7625);
#7649 = AXIS2_PLACEMENT_3D('',#7650,#7651,#7652);
#7650 = CARTESIAN_POINT('',(-25.4,133.35,0.));
#7651 = DIRECTION('',(0.707106781187,0.707106781187,0.));
#7652 = DIRECTION('',(-0.707106781187,0.707106781187,0.));
#7653 = PCURVE('',#2773,#7654);
#7654 = DEFINITIONAL_REPRESENTATION('',(#7655),#7665);
#7655 = B_SPLINE_CURVE_WITH_KNOTS('',8,(#7656,#7657,#7658,#7659,#7660,
    #7661,#7662,#7663,#7664),.UNSPECIFIED.,.F.,.F.,(9,9),(0.,
    1.570796326795),.PIECEWISE_BEZIER_KNOTS.);
#7656 = CARTESIAN_POINT('',(4.712388980385,138.1125));
#7657 = CARTESIAN_POINT('',(4.908738521234,138.1125));
#7658 = CARTESIAN_POINT('',(5.105088062084,137.90266055424));
#7659 = CARTESIAN_POINT('',(5.301437602936,137.48298344575));
#7660 = CARTESIAN_POINT('',(5.497787143782,136.87071979899));
#7661 = CARTESIAN_POINT('',(5.694136684633,136.1004069065));
#7662 = CARTESIAN_POINT('',(5.890486225481,135.2202295985));
#7663 = CARTESIAN_POINT('',(6.08683576633,134.28511468829));
#7664 = CARTESIAN_POINT('',(6.28318530718,133.35));
#7665 = ( GEOMETRIC_REPRESENTATION_CONTEXT(2) 
PARAMETRIC_REPRESENTATION_CONTEXT() REPRESENTATION_CONTEXT('2D SPACE',''
  ) );
#7666 = PCURVE('',#7551,#7667);
#7667 = DEFINITIONAL_REPRESENTATION('',(#7668),#7678);
#7668 = B_SPLINE_CURVE_WITH_KNOTS('',8,(#7669,#7670,#7671,#7672,#7673,
    #7674,#7675,#7676,#7677),.UNSPECIFIED.,.F.,.F.,(9,9),(0.,
    1.570796326795),.PIECEWISE_BEZIER_KNOTS.);
#7669 = CARTESIAN_POINT('',(4.712388980385,96.8375));
#7670 = CARTESIAN_POINT('',(4.908738521234,96.8375));
#7671 = CARTESIAN_POINT('',(5.105088062082,97.047339445533));
#7672 = CARTESIAN_POINT('',(5.301437602939,97.467016554384));
#7673 = CARTESIAN_POINT('',(5.497787143777,98.079280199929));
#7674 = CARTESIAN_POINT('',(5.694136684637,98.849593093509));
#7675 = CARTESIAN_POINT('',(5.89048622548,99.729770401331));
#7676 = CARTESIAN_POINT('',(6.08683576633,100.6648853117));
#7677 = CARTESIAN_POINT('',(6.28318530718,101.6));
#7678 = ( GEOMETRIC_REPRESENTATION_CONTEXT(2) 
PARAMETRIC_REPRESENTATION_CONTEXT() REPRESENTATION_CONTEXT('2D SPACE',''
  ) );
#7679 = ORIENTED_EDGE('',*,*,#7680,.T.);
#7680 = EDGE_CURVE('',#7645,#2390,#7681,.T.);
#7681 = SEAM_CURVE('',#7682,(#7686,#7693),.PCURVE_S1.);
#7682 = LINE('',#7683,#7684);
#7683 = CARTESIAN_POINT('',(-25.4,0.,4.7625));
#7684 = VECTOR('',#7685,1.);
#7685 = DIRECTION('',(0.,1.,0.));
#7686 = PCURVE('',#2773,#7687);
#7687 = DEFINITIONAL_REPRESENTATION('',(#7688),#7692);
#7688 = LINE('',#7689,#7690);
#7689 = CARTESIAN_POINT('',(0.,0.));
#7690 = VECTOR('',#7691,1.);
#7691 = DIRECTION('',(0.,1.));
#7692 = ( GEOMETRIC_REPRESENTATION_CONTEXT(2) 
PARAMETRIC_REPRESENTATION_CONTEXT() REPRESENTATION_CONTEXT('2D SPACE',''
  ) );
#7693 = PCURVE('',#2773,#7694);
#7694 = DEFINITIONAL_REPRESENTATION('',(#7695),#7698);
#7695 = B_SPLINE_CURVE_WITH_KNOTS('',1,(#7696,#7697),.UNSPECIFIED.,.F.,
  .F.,(2,2),(0.,177.8),.PIECEWISE_BEZIER_KNOTS.);
#7696 = CARTESIAN_POINT('',(6.28318530718,0.));
#7697 = CARTESIAN_POINT('',(6.28318530718,177.8));
#7698 = ( GEOMETRIC_REPRESENTATION_CONTEXT(2) 
PARAMETRIC_REPRESENTATION_CONTEXT() REPRESENTATION_CONTEXT('2D SPACE',''
  ) );
#7699 = ORIENTED_EDGE('',*,*,#2743,.F.);
#7700 = ORIENTED_EDGE('',*,*,#2798,.F.);
#7701 = ORIENTED_EDGE('',*,*,#7680,.F.);
#7702 = ORIENTED_EDGE('',*,*,#7703,.T.);
#7703 = EDGE_CURVE('',#7645,#7704,#7706,.T.);
#7704 = VERTEX_POINT('',#7705);
#7705 = CARTESIAN_POINT('',(-20.6375,138.1125,5.832380380939E-16));
#7706 = SURFACE_CURVE('',#7707,(#7712,#7725),.PCURVE_S1.);
#7707 = ELLIPSE('',#7708,6.735192090802,4.7625);
#7708 = AXIS2_PLACEMENT_3D('',#7709,#7710,#7711);
#7709 = CARTESIAN_POINT('',(-25.4,133.35,0.));
#7710 = DIRECTION('',(-0.707106781187,0.707106781187,0.));
#7711 = DIRECTION('',(0.707106781187,0.707106781187,0.));
#7712 = PCURVE('',#2773,#7713);
#7713 = DEFINITIONAL_REPRESENTATION('',(#7714),#7724);
#7714 = B_SPLINE_CURVE_WITH_KNOTS('',8,(#7715,#7716,#7717,#7718,#7719,
    #7720,#7721,#7722,#7723),.UNSPECIFIED.,.F.,.F.,(9,9),(4.712388980385
    ,6.28318530718),.PIECEWISE_BEZIER_KNOTS.);
#7715 = CARTESIAN_POINT('',(0.,133.35));
#7716 = CARTESIAN_POINT('',(0.196349540849,134.28511468829));
#7717 = CARTESIAN_POINT('',(0.392699081698,135.22022959858));
#7718 = CARTESIAN_POINT('',(0.589048622549,136.10040690638));
#7719 = CARTESIAN_POINT('',(0.785398163394,136.87071979946));
#7720 = CARTESIAN_POINT('',(0.981747704247,137.48298344542));
#7721 = CARTESIAN_POINT('',(1.178097245096,137.90266055429));
#7722 = CARTESIAN_POINT('',(1.374446785946,138.1125));
#7723 = CARTESIAN_POINT('',(1.570796326795,138.1125));
#7724 = ( GEOMETRIC_REPRESENTATION_CONTEXT(2) 
PARAMETRIC_REPRESENTATION_CONTEXT() REPRESENTATION_CONTEXT('2D SPACE',''
  ) );
#7725 = PCURVE('',#7726,#7731);
#7726 = CYLINDRICAL_SURFACE('',#7727,4.7625);
#7727 = AXIS2_PLACEMENT_3D('',#7728,#7729,#7730);
#7728 = CARTESIAN_POINT('',(-127.,133.35,0.));
#7729 = DIRECTION('',(1.,0.,0.));
#7730 = DIRECTION('',(0.,0.,1.));
#7731 = DEFINITIONAL_REPRESENTATION('',(#7732),#7742);
#7732 = B_SPLINE_CURVE_WITH_KNOTS('',8,(#7733,#7734,#7735,#7736,#7737,
    #7738,#7739,#7740,#7741),.UNSPECIFIED.,.F.,.F.,(9,9),(4.712388980385
    ,6.28318530718),.PIECEWISE_BEZIER_KNOTS.);
#7733 = CARTESIAN_POINT('',(6.28318530718,101.6));
#7734 = CARTESIAN_POINT('',(6.08683576633,102.53511468829));
#7735 = CARTESIAN_POINT('',(5.890486225481,103.47022959874));
#7736 = CARTESIAN_POINT('',(5.694136684633,104.35040690568));
#7737 = CARTESIAN_POINT('',(5.497787143783,105.12071980032));
#7738 = CARTESIAN_POINT('',(5.301437602935,105.73298344503));
#7739 = CARTESIAN_POINT('',(5.105088062083,106.1526605545));
#7740 = CARTESIAN_POINT('',(4.908738521234,106.3625));
#7741 = CARTESIAN_POINT('',(4.712388980385,106.3625));
#7742 = ( GEOMETRIC_REPRESENTATION_CONTEXT(2) 
PARAMETRIC_REPRESENTATION_CONTEXT() REPRESENTATION_CONTEXT('2D SPACE',''
  ) );
#7743 = ORIENTED_EDGE('',*,*,#7744,.T.);
#7744 = EDGE_CURVE('',#7704,#7607,#7745,.T.);
#7745 = SURFACE_CURVE('',#7746,(#7751,#7764),.PCURVE_S1.);
#7746 = ELLIPSE('',#7747,6.735192090802,4.7625);
#7747 = AXIS2_PLACEMENT_3D('',#7748,#7749,#7750);
#7748 = CARTESIAN_POINT('',(-25.4,133.35,0.));
#7749 = DIRECTION('',(-0.707106781187,0.707106781187,0.));
#7750 = DIRECTION('',(0.707106781187,0.707106781187,0.));
#7751 = PCURVE('',#2773,#7752);
#7752 = DEFINITIONAL_REPRESENTATION('',(#7753),#7763);
#7753 = B_SPLINE_CURVE_WITH_KNOTS('',8,(#7754,#7755,#7756,#7757,#7758,
    #7759,#7760,#7761,#7762),.UNSPECIFIED.,.F.,.F.,(9,9),(0.,
    1.570796326795),.PIECEWISE_BEZIER_KNOTS.);
#7754 = CARTESIAN_POINT('',(1.570796326795,138.1125));
#7755 = CARTESIAN_POINT('',(1.767145867644,138.1125));
#7756 = CARTESIAN_POINT('',(1.96349540849,137.90266055424));
#7757 = CARTESIAN_POINT('',(2.159844949352,137.48298344575));
#7758 = CARTESIAN_POINT('',(2.356194490178,136.87071979899));
#7759 = CARTESIAN_POINT('',(2.552544031053,136.1004069065));
#7760 = CARTESIAN_POINT('',(2.748893571888,135.2202295985));
#7761 = CARTESIAN_POINT('',(2.94524311274,134.28511468829));
#7762 = CARTESIAN_POINT('',(3.14159265359,133.35));
#7763 = ( GEOMETRIC_REPRESENTATION_CONTEXT(2) 
PARAMETRIC_REPRESENTATION_CONTEXT() REPRESENTATION_CONTEXT('2D SPACE',''
  ) );
#7764 = PCURVE('',#7726,#7765);
#7765 = DEFINITIONAL_REPRESENTATION('',(#7766),#7776);
#7766 = B_SPLINE_CURVE_WITH_KNOTS('',8,(#7767,#7768,#7769,#7770,#7771,
    #7772,#7773,#7774,#7775),.UNSPECIFIED.,.F.,.F.,(9,9),(0.,
    1.570796326795),.PIECEWISE_BEZIER_KNOTS.);
#7767 = CARTESIAN_POINT('',(4.712388980385,106.3625));
#7768 = CARTESIAN_POINT('',(4.516039439535,106.3625));
#7769 = CARTESIAN_POINT('',(4.319689898684,106.15266055427));
#7770 = CARTESIAN_POINT('',(4.123340357839,105.73298344576));
#7771 = CARTESIAN_POINT('',(3.926990816974,105.12071979939));
#7772 = CARTESIAN_POINT('',(3.730641276137,104.3504069064));
#7773 = CARTESIAN_POINT('',(3.534291735287,103.4702295985));
#7774 = CARTESIAN_POINT('',(3.337942194439,102.53511468829));
#7775 = CARTESIAN_POINT('',(3.14159265359,101.6));
#7776 = ( GEOMETRIC_REPRESENTATION_CONTEXT(2) 
PARAMETRIC_REPRESENTATION_CONTEXT() REPRESENTATION_CONTEXT('2D SPACE',''
  ) );
#7777 = ADVANCED_FACE('',(#7778),#2878,.T.);
#7778 = FACE_BOUND('',#7779,.T.);
#7779 = EDGE_LOOP('',(#7780,#7818,#7854,#7874,#7875,#7876,#7877,#7918));
#7780 = ORIENTED_EDGE('',*,*,#7781,.T.);
#7781 = EDGE_CURVE('',#7782,#7784,#7786,.T.);
#7782 = VERTEX_POINT('',#7783);
#7783 = CARTESIAN_POINT('',(25.4,133.35,-4.7625));
#7784 = VERTEX_POINT('',#7785);
#7785 = CARTESIAN_POINT('',(20.6375,138.1125,-5.832380380939E-16));
#7786 = SURFACE_CURVE('',#7787,(#7792,#7805),.PCURVE_S1.);
#7787 = ELLIPSE('',#7788,6.735192090802,4.7625);
#7788 = AXIS2_PLACEMENT_3D('',#7789,#7790,#7791);
#7789 = CARTESIAN_POINT('',(25.4,133.35,0.));
#7790 = DIRECTION('',(0.707106781187,0.707106781187,0.));
#7791 = DIRECTION('',(-0.707106781187,0.707106781187,0.));
#7792 = PCURVE('',#2878,#7793);
#7793 = DEFINITIONAL_REPRESENTATION('',(#7794),#7804);
#7794 = B_SPLINE_CURVE_WITH_KNOTS('',8,(#7795,#7796,#7797,#7798,#7799,
    #7800,#7801,#7802,#7803),.UNSPECIFIED.,.F.,.F.,(9,9),(4.712388980385
    ,6.28318530718),.PIECEWISE_BEZIER_KNOTS.);
#7795 = CARTESIAN_POINT('',(3.14159265359,133.35));
#7796 = CARTESIAN_POINT('',(3.337942194439,134.28511468829));
#7797 = CARTESIAN_POINT('',(3.53429173528,135.22022959858));
#7798 = CARTESIAN_POINT('',(3.730641276156,136.10040690638));
#7799 = CARTESIAN_POINT('',(3.926990816946,136.87071979946));
#7800 = CARTESIAN_POINT('',(4.12334035785,137.48298344542));
#7801 = CARTESIAN_POINT('',(4.319689898678,137.90266055429));
#7802 = CARTESIAN_POINT('',(4.516039439535,138.1125));
#7803 = CARTESIAN_POINT('',(4.712388980385,138.1125));
#7804 = ( GEOMETRIC_REPRESENTATION_CONTEXT(2) 
PARAMETRIC_REPRESENTATION_CONTEXT() REPRESENTATION_CONTEXT('2D SPACE',''
  ) );
#7805 = PCURVE('',#7726,#7806);
#7806 = DEFINITIONAL_REPRESENTATION('',(#7807),#7817);
#7807 = B_SPLINE_CURVE_WITH_KNOTS('',8,(#7808,#7809,#7810,#7811,#7812,
    #7813,#7814,#7815,#7816),.UNSPECIFIED.,.F.,.F.,(9,9),(4.712388980385
    ,6.28318530718),.PIECEWISE_BEZIER_KNOTS.);
#7808 = CARTESIAN_POINT('',(3.14159265359,152.4));
#7809 = CARTESIAN_POINT('',(3.337942194439,151.4648853117));
#7810 = CARTESIAN_POINT('',(3.534291735288,150.52977040112));
#7811 = CARTESIAN_POINT('',(3.730641276134,149.64959309412));
#7812 = CARTESIAN_POINT('',(3.926990816975,148.87928019904));
#7813 = CARTESIAN_POINT('',(4.123340357835,148.26701655495));
#7814 = CARTESIAN_POINT('',(4.319689898684,147.8473394454));
#7815 = CARTESIAN_POINT('',(4.516039439535,147.6375));
#7816 = CARTESIAN_POINT('',(4.712388980385,147.6375));
#7817 = ( GEOMETRIC_REPRESENTATION_CONTEXT(2) 
PARAMETRIC_REPRESENTATION_CONTEXT() REPRESENTATION_CONTEXT('2D SPACE',''
  ) );
#7818 = ORIENTED_EDGE('',*,*,#7819,.T.);
#7819 = EDGE_CURVE('',#7784,#7820,#7822,.T.);
#7820 = VERTEX_POINT('',#7821);
#7821 = CARTESIAN_POINT('',(25.4,133.35,4.7625));
#7822 = SURFACE_CURVE('',#7823,(#7828,#7841),.PCURVE_S1.);
#7823 = ELLIPSE('',#7824,6.735192090802,4.7625);
#7824 = AXIS2_PLACEMENT_3D('',#7825,#7826,#7827);
#7825 = CARTESIAN_POINT('',(25.4,133.35,0.));
#7826 = DIRECTION('',(0.707106781187,0.707106781187,0.));
#7827 = DIRECTION('',(-0.707106781187,0.707106781187,0.));
#7828 = PCURVE('',#2878,#7829);
#7829 = DEFINITIONAL_REPRESENTATION('',(#7830),#7840);
#7830 = B_SPLINE_CURVE_WITH_KNOTS('',8,(#7831,#7832,#7833,#7834,#7835,
    #7836,#7837,#7838,#7839),.UNSPECIFIED.,.F.,.F.,(9,9),(0.,
    1.570796326795),.PIECEWISE_BEZIER_KNOTS.);
#7831 = CARTESIAN_POINT('',(4.712388980385,138.1125));
#7832 = CARTESIAN_POINT('',(4.908738521234,138.1125));
#7833 = CARTESIAN_POINT('',(5.105088062084,137.90266055424));
#7834 = CARTESIAN_POINT('',(5.301437602936,137.48298344575));
#7835 = CARTESIAN_POINT('',(5.497787143782,136.87071979899));
#7836 = CARTESIAN_POINT('',(5.694136684633,136.1004069065));
#7837 = CARTESIAN_POINT('',(5.890486225481,135.2202295985));
#7838 = CARTESIAN_POINT('',(6.08683576633,134.28511468829));
#7839 = CARTESIAN_POINT('',(6.28318530718,133.35));
#7840 = ( GEOMETRIC_REPRESENTATION_CONTEXT(2) 
PARAMETRIC_REPRESENTATION_CONTEXT() REPRESENTATION_CONTEXT('2D SPACE',''
  ) );
#7841 = PCURVE('',#7726,#7842);
#7842 = DEFINITIONAL_REPRESENTATION('',(#7843),#7853);
#7843 = B_SPLINE_CURVE_WITH_KNOTS('',8,(#7844,#7845,#7846,#7847,#7848,
    #7849,#7850,#7851,#7852),.UNSPECIFIED.,.F.,.F.,(9,9),(0.,
    1.570796326795),.PIECEWISE_BEZIER_KNOTS.);
#7844 = CARTESIAN_POINT('',(4.712388980385,147.6375));
#7845 = CARTESIAN_POINT('',(4.908738521234,147.6375));
#7846 = CARTESIAN_POINT('',(5.105088062082,147.84733944541));
#7847 = CARTESIAN_POINT('',(5.301437602939,148.26701655473));
#7848 = CARTESIAN_POINT('',(5.497787143777,148.87928019943));
#7849 = CARTESIAN_POINT('',(5.694136684637,149.64959309395));
#7850 = CARTESIAN_POINT('',(5.89048622548,150.5297704012));
#7851 = CARTESIAN_POINT('',(6.08683576633,151.4648853117));
#7852 = CARTESIAN_POINT('',(6.28318530718,152.4));
#7853 = ( GEOMETRIC_REPRESENTATION_CONTEXT(2) 
PARAMETRIC_REPRESENTATION_CONTEXT() REPRESENTATION_CONTEXT('2D SPACE',''
  ) );
#7854 = ORIENTED_EDGE('',*,*,#7855,.T.);
#7855 = EDGE_CURVE('',#7820,#2412,#7856,.T.);
#7856 = SEAM_CURVE('',#7857,(#7861,#7868),.PCURVE_S1.);
#7857 = LINE('',#7858,#7859);
#7858 = CARTESIAN_POINT('',(25.4,0.,4.7625));
#7859 = VECTOR('',#7860,1.);
#7860 = DIRECTION('',(0.,1.,0.));
#7861 = PCURVE('',#2878,#7862);
#7862 = DEFINITIONAL_REPRESENTATION('',(#7863),#7867);
#7863 = LINE('',#7864,#7865);
#7864 = CARTESIAN_POINT('',(0.,0.));
#7865 = VECTOR('',#7866,1.);
#7866 = DIRECTION('',(0.,1.));
#7867 = ( GEOMETRIC_REPRESENTATION_CONTEXT(2) 
PARAMETRIC_REPRESENTATION_CONTEXT() REPRESENTATION_CONTEXT('2D SPACE',''
  ) );
#7868 = PCURVE('',#2878,#7869);
#7869 = DEFINITIONAL_REPRESENTATION('',(#7870),#7873);
#7870 = B_SPLINE_CURVE_WITH_KNOTS('',1,(#7871,#7872),.UNSPECIFIED.,.F.,
  .F.,(2,2),(0.,177.8),.PIECEWISE_BEZIER_KNOTS.);
#7871 = CARTESIAN_POINT('',(6.28318530718,0.));
#7872 = CARTESIAN_POINT('',(6.28318530718,177.8));
#7873 = ( GEOMETRIC_REPRESENTATION_CONTEXT(2) 
PARAMETRIC_REPRESENTATION_CONTEXT() REPRESENTATION_CONTEXT('2D SPACE',''
  ) );
#7874 = ORIENTED_EDGE('',*,*,#2848,.F.);
#7875 = ORIENTED_EDGE('',*,*,#2903,.F.);
#7876 = ORIENTED_EDGE('',*,*,#7855,.F.);
#7877 = ORIENTED_EDGE('',*,*,#7878,.T.);
#7878 = EDGE_CURVE('',#7820,#7879,#7881,.T.);
#7879 = VERTEX_POINT('',#7880);
#7880 = CARTESIAN_POINT('',(30.1625,138.1125,5.832380380939E-16));
#7881 = SURFACE_CURVE('',#7882,(#7887,#7900),.PCURVE_S1.);
#7882 = ELLIPSE('',#7883,6.735192090802,4.7625);
#7883 = AXIS2_PLACEMENT_3D('',#7884,#7885,#7886);
#7884 = CARTESIAN_POINT('',(25.4,133.35,0.));
#7885 = DIRECTION('',(-0.707106781187,0.707106781187,0.));
#7886 = DIRECTION('',(0.707106781187,0.707106781187,0.));
#7887 = PCURVE('',#2878,#7888);
#7888 = DEFINITIONAL_REPRESENTATION('',(#7889),#7899);
#7889 = B_SPLINE_CURVE_WITH_KNOTS('',8,(#7890,#7891,#7892,#7893,#7894,
    #7895,#7896,#7897,#7898),.UNSPECIFIED.,.F.,.F.,(9,9),(4.712388980385
    ,6.28318530718),.PIECEWISE_BEZIER_KNOTS.);
#7890 = CARTESIAN_POINT('',(0.,133.35));
#7891 = CARTESIAN_POINT('',(0.196349540849,134.28511468829));
#7892 = CARTESIAN_POINT('',(0.392699081698,135.22022959858));
#7893 = CARTESIAN_POINT('',(0.589048622549,136.10040690638));
#7894 = CARTESIAN_POINT('',(0.785398163394,136.87071979946));
#7895 = CARTESIAN_POINT('',(0.981747704247,137.48298344542));
#7896 = CARTESIAN_POINT('',(1.178097245096,137.90266055429));
#7897 = CARTESIAN_POINT('',(1.374446785946,138.1125));
#7898 = CARTESIAN_POINT('',(1.570796326795,138.1125));
#7899 = ( GEOMETRIC_REPRESENTATION_CONTEXT(2) 
PARAMETRIC_REPRESENTATION_CONTEXT() REPRESENTATION_CONTEXT('2D SPACE',''
  ) );
#7900 = PCURVE('',#7901,#7906);
#7901 = CYLINDRICAL_SURFACE('',#7902,4.7625);
#7902 = AXIS2_PLACEMENT_3D('',#7903,#7904,#7905);
#7903 = CARTESIAN_POINT('',(-127.,133.35,0.));
#7904 = DIRECTION('',(1.,0.,0.));
#7905 = DIRECTION('',(0.,0.,1.));
#7906 = DEFINITIONAL_REPRESENTATION('',(#7907),#7917);
#7907 = B_SPLINE_CURVE_WITH_KNOTS('',8,(#7908,#7909,#7910,#7911,#7912,
    #7913,#7914,#7915,#7916),.UNSPECIFIED.,.F.,.F.,(9,9),(4.712388980385
    ,6.28318530718),.PIECEWISE_BEZIER_KNOTS.);
#7908 = CARTESIAN_POINT('',(6.28318530718,152.4));
#7909 = CARTESIAN_POINT('',(6.08683576633,153.33511468829));
#7910 = CARTESIAN_POINT('',(5.890486225481,154.2702295985));
#7911 = CARTESIAN_POINT('',(5.694136684633,155.15040690637));
#7912 = CARTESIAN_POINT('',(5.497787143783,155.92071979893));
#7913 = CARTESIAN_POINT('',(5.301437602935,156.53298344566));
#7914 = CARTESIAN_POINT('',(5.105088062083,156.95266055426));
#7915 = CARTESIAN_POINT('',(4.908738521234,157.1625));
#7916 = CARTESIAN_POINT('',(4.712388980385,157.1625));
#7917 = ( GEOMETRIC_REPRESENTATION_CONTEXT(2) 
PARAMETRIC_REPRESENTATION_CONTEXT() REPRESENTATION_CONTEXT('2D SPACE',''
  ) );
#7918 = ORIENTED_EDGE('',*,*,#7919,.T.);
#7919 = EDGE_CURVE('',#7879,#7782,#7920,.T.);
#7920 = SURFACE_CURVE('',#7921,(#7926,#7939),.PCURVE_S1.);
#7921 = ELLIPSE('',#7922,6.735192090802,4.7625);
#7922 = AXIS2_PLACEMENT_3D('',#7923,#7924,#7925);
#7923 = CARTESIAN_POINT('',(25.4,133.35,0.));
#7924 = DIRECTION('',(-0.707106781187,0.707106781187,0.));
#7925 = DIRECTION('',(0.707106781187,0.707106781187,0.));
#7926 = PCURVE('',#2878,#7927);
#7927 = DEFINITIONAL_REPRESENTATION('',(#7928),#7938);
#7928 = B_SPLINE_CURVE_WITH_KNOTS('',8,(#7929,#7930,#7931,#7932,#7933,
    #7934,#7935,#7936,#7937),.UNSPECIFIED.,.F.,.F.,(9,9),(0.,
    1.570796326795),.PIECEWISE_BEZIER_KNOTS.);
#7929 = CARTESIAN_POINT('',(1.570796326795,138.1125));
#7930 = CARTESIAN_POINT('',(1.767145867644,138.1125));
#7931 = CARTESIAN_POINT('',(1.96349540849,137.90266055424));
#7932 = CARTESIAN_POINT('',(2.159844949352,137.48298344575));
#7933 = CARTESIAN_POINT('',(2.356194490178,136.87071979899));
#7934 = CARTESIAN_POINT('',(2.552544031053,136.1004069065));
#7935 = CARTESIAN_POINT('',(2.748893571888,135.2202295985));
#7936 = CARTESIAN_POINT('',(2.94524311274,134.28511468829));
#7937 = CARTESIAN_POINT('',(3.14159265359,133.35));
#7938 = ( GEOMETRIC_REPRESENTATION_CONTEXT(2) 
PARAMETRIC_REPRESENTATION_CONTEXT() REPRESENTATION_CONTEXT('2D SPACE',''
  ) );
#7939 = PCURVE('',#7901,#7940);
#7940 = DEFINITIONAL_REPRESENTATION('',(#7941),#7951);
#7941 = B_SPLINE_CURVE_WITH_KNOTS('',8,(#7942,#7943,#7944,#7945,#7946,
    #7947,#7948,#7949,#7950),.UNSPECIFIED.,.F.,.F.,(9,9),(0.,
    1.570796326795),.PIECEWISE_BEZIER_KNOTS.);
#7942 = CARTESIAN_POINT('',(4.712388980385,157.1625));
#7943 = CARTESIAN_POINT('',(4.516039439535,157.1625));
#7944 = CARTESIAN_POINT('',(4.319689898684,156.95266055426));
#7945 = CARTESIAN_POINT('',(4.123340357839,156.53298344571));
#7946 = CARTESIAN_POINT('',(3.926990816974,155.9207197989));
#7947 = CARTESIAN_POINT('',(3.730641276137,155.15040690649));
#7948 = CARTESIAN_POINT('',(3.534291735287,154.27022959849));
#7949 = CARTESIAN_POINT('',(3.337942194439,153.33511468829));
#7950 = CARTESIAN_POINT('',(3.14159265359,152.4));
#7951 = ( GEOMETRIC_REPRESENTATION_CONTEXT(2) 
PARAMETRIC_REPRESENTATION_CONTEXT() REPRESENTATION_CONTEXT('2D SPACE',''
  ) );
#7952 = ADVANCED_FACE('',(#7953),#2983,.T.);
#7953 = FACE_BOUND('',#7954,.T.);
#7954 = EDGE_LOOP('',(#7955,#7993,#8029,#8049,#8050,#8051,#8052,#8088));
#7955 = ORIENTED_EDGE('',*,*,#7956,.T.);
#7956 = EDGE_CURVE('',#7957,#7959,#7961,.T.);
#7957 = VERTEX_POINT('',#7958);
#7958 = CARTESIAN_POINT('',(76.2,133.35,-4.7625));
#7959 = VERTEX_POINT('',#7960);
#7960 = CARTESIAN_POINT('',(71.4375,138.1125,-5.832380380939E-16));
#7961 = SURFACE_CURVE('',#7962,(#7967,#7980),.PCURVE_S1.);
#7962 = ELLIPSE('',#7963,6.735192090802,4.7625);
#7963 = AXIS2_PLACEMENT_3D('',#7964,#7965,#7966);
#7964 = CARTESIAN_POINT('',(76.2,133.35,0.));
#7965 = DIRECTION('',(0.707106781187,0.707106781187,0.));
#7966 = DIRECTION('',(-0.707106781187,0.707106781187,0.));
#7967 = PCURVE('',#2983,#7968);
#7968 = DEFINITIONAL_REPRESENTATION('',(#7969),#7979);
#7969 = B_SPLINE_CURVE_WITH_KNOTS('',8,(#7970,#7971,#7972,#7973,#7974,
    #7975,#7976,#7977,#7978),.UNSPECIFIED.,.F.,.F.,(9,9),(4.712388980385
    ,6.28318530718),.PIECEWISE_BEZIER_KNOTS.);
#7970 = CARTESIAN_POINT('',(3.14159265359,133.35));
#7971 = CARTESIAN_POINT('',(3.337942194439,134.28511468829));
#7972 = CARTESIAN_POINT('',(3.534291735284,135.22022959858));
#7973 = CARTESIAN_POINT('',(3.730641276131,136.10040690638));
#7974 = CARTESIAN_POINT('',(3.926990816972,136.87071979946));
#7975 = CARTESIAN_POINT('',(4.123340357833,137.48298344542));
#7976 = CARTESIAN_POINT('',(4.319689898683,137.90266055429));
#7977 = CARTESIAN_POINT('',(4.516039439535,138.1125));
#7978 = CARTESIAN_POINT('',(4.712388980385,138.1125));
#7979 = ( GEOMETRIC_REPRESENTATION_CONTEXT(2) 
PARAMETRIC_REPRESENTATION_CONTEXT() REPRESENTATION_CONTEXT('2D SPACE',''
  ) );
#7980 = PCURVE('',#7901,#7981);
#7981 = DEFINITIONAL_REPRESENTATION('',(#7982),#7992);
#7982 = B_SPLINE_CURVE_WITH_KNOTS('',8,(#7983,#7984,#7985,#7986,#7987,
    #7988,#7989,#7990,#7991),.UNSPECIFIED.,.F.,.F.,(9,9),(4.712388980385
    ,6.28318530718),.PIECEWISE_BEZIER_KNOTS.);
#7983 = CARTESIAN_POINT('',(3.14159265359,203.2));
#7984 = CARTESIAN_POINT('',(3.337942194439,202.2648853117));
#7985 = CARTESIAN_POINT('',(3.534291735288,201.32977040145));
#7986 = CARTESIAN_POINT('',(3.730641276134,200.44959309237));
#7987 = CARTESIAN_POINT('',(3.926990816975,199.6792802011));
#7988 = CARTESIAN_POINT('',(4.123340357835,199.06701655329));
#7989 = CARTESIAN_POINT('',(4.319689898684,198.64733944577));
#7990 = CARTESIAN_POINT('',(4.516039439535,198.4375));
#7991 = CARTESIAN_POINT('',(4.712388980385,198.4375));
#7992 = ( GEOMETRIC_REPRESENTATION_CONTEXT(2) 
PARAMETRIC_REPRESENTATION_CONTEXT() REPRESENTATION_CONTEXT('2D SPACE',''
  ) );
#7993 = ORIENTED_EDGE('',*,*,#7994,.T.);
#7994 = EDGE_CURVE('',#7959,#7995,#7997,.T.);
#7995 = VERTEX_POINT('',#7996);
#7996 = CARTESIAN_POINT('',(76.2,133.35,4.7625));
#7997 = SURFACE_CURVE('',#7998,(#8003,#8016),.PCURVE_S1.);
#7998 = ELLIPSE('',#7999,6.735192090802,4.7625);
#7999 = AXIS2_PLACEMENT_3D('',#8000,#8001,#8002);
#8000 = CARTESIAN_POINT('',(76.2,133.35,0.));
#8001 = DIRECTION('',(0.707106781187,0.707106781187,0.));
#8002 = DIRECTION('',(-0.707106781187,0.707106781187,0.));
#8003 = PCURVE('',#2983,#8004);
#8004 = DEFINITIONAL_REPRESENTATION('',(#8005),#8015);
#8005 = B_SPLINE_CURVE_WITH_KNOTS('',8,(#8006,#8007,#8008,#8009,#8010,
    #8011,#8012,#8013,#8014),.UNSPECIFIED.,.F.,.F.,(9,9),(0.,
    1.570796326795),.PIECEWISE_BEZIER_KNOTS.);
#8006 = CARTESIAN_POINT('',(4.712388980385,138.1125));
#8007 = CARTESIAN_POINT('',(4.908738521234,138.1125));
#8008 = CARTESIAN_POINT('',(5.105088062083,137.90266055424));
#8009 = CARTESIAN_POINT('',(5.301437602935,137.48298344575));
#8010 = CARTESIAN_POINT('',(5.497787143781,136.87071979899));
#8011 = CARTESIAN_POINT('',(5.694136684634,136.1004069065));
#8012 = CARTESIAN_POINT('',(5.890486225481,135.2202295985));
#8013 = CARTESIAN_POINT('',(6.08683576633,134.28511468829));
#8014 = CARTESIAN_POINT('',(6.28318530718,133.35));
#8015 = ( GEOMETRIC_REPRESENTATION_CONTEXT(2) 
PARAMETRIC_REPRESENTATION_CONTEXT() REPRESENTATION_CONTEXT('2D SPACE',''
  ) );
#8016 = PCURVE('',#7901,#8017);
#8017 = DEFINITIONAL_REPRESENTATION('',(#8018),#8028);
#8018 = B_SPLINE_CURVE_WITH_KNOTS('',8,(#8019,#8020,#8021,#8022,#8023,
    #8024,#8025,#8026,#8027),.UNSPECIFIED.,.F.,.F.,(9,9),(0.,
    1.570796326795),.PIECEWISE_BEZIER_KNOTS.);
#8019 = CARTESIAN_POINT('',(4.712388980385,198.4375));
#8020 = CARTESIAN_POINT('',(4.908738521234,198.4375));
#8021 = CARTESIAN_POINT('',(5.105088062082,198.64733944554));
#8022 = CARTESIAN_POINT('',(5.301437602939,199.06701655399));
#8023 = CARTESIAN_POINT('',(5.497787143777,199.67928019982));
#8024 = CARTESIAN_POINT('',(5.694136684637,200.44959309326));
#8025 = CARTESIAN_POINT('',(5.89048622548,201.32977040133));
#8026 = CARTESIAN_POINT('',(6.08683576633,202.2648853117));
#8027 = CARTESIAN_POINT('',(6.28318530718,203.2));
#8028 = ( GEOMETRIC_REPRESENTATION_CONTEXT(2) 
PARAMETRIC_REPRESENTATION_CONTEXT() REPRESENTATION_CONTEXT('2D SPACE',''
  ) );
#8029 = ORIENTED_EDGE('',*,*,#8030,.T.);
#8030 = EDGE_CURVE('',#7995,#2434,#8031,.T.);
#8031 = SEAM_CURVE('',#8032,(#8036,#8043),.PCURVE_S1.);
#8032 = LINE('',#8033,#8034);
#8033 = CARTESIAN_POINT('',(76.2,0.,4.7625));
#8034 = VECTOR('',#8035,1.);
#8035 = DIRECTION('',(0.,1.,0.));
#8036 = PCURVE('',#2983,#8037);
#8037 = DEFINITIONAL_REPRESENTATION('',(#8038),#8042);
#8038 = LINE('',#8039,#8040);
#8039 = CARTESIAN_POINT('',(0.,0.));
#8040 = VECTOR('',#8041,1.);
#8041 = DIRECTION('',(0.,1.));
#8042 = ( GEOMETRIC_REPRESENTATION_CONTEXT(2) 
PARAMETRIC_REPRESENTATION_CONTEXT() REPRESENTATION_CONTEXT('2D SPACE',''
  ) );
#8043 = PCURVE('',#2983,#8044);
#8044 = DEFINITIONAL_REPRESENTATION('',(#8045),#8048);
#8045 = B_SPLINE_CURVE_WITH_KNOTS('',1,(#8046,#8047),.UNSPECIFIED.,.F.,
  .F.,(2,2),(0.,177.8),.PIECEWISE_BEZIER_KNOTS.);
#8046 = CARTESIAN_POINT('',(6.28318530718,0.));
#8047 = CARTESIAN_POINT('',(6.28318530718,177.8));
#8048 = ( GEOMETRIC_REPRESENTATION_CONTEXT(2) 
PARAMETRIC_REPRESENTATION_CONTEXT() REPRESENTATION_CONTEXT('2D SPACE',''
  ) );
#8049 = ORIENTED_EDGE('',*,*,#2953,.F.);
#8050 = ORIENTED_EDGE('',*,*,#3008,.F.);
#8051 = ORIENTED_EDGE('',*,*,#8030,.F.);
#8052 = ORIENTED_EDGE('',*,*,#8053,.T.);
#8053 = EDGE_CURVE('',#7995,#8054,#8056,.T.);
#8054 = VERTEX_POINT('',#8055);
#8055 = CARTESIAN_POINT('',(80.9625,138.1125,5.832380380939E-16));
#8056 = SURFACE_CURVE('',#8057,(#8062,#8075),.PCURVE_S1.);
#8057 = ELLIPSE('',#8058,6.735192090802,4.7625);
#8058 = AXIS2_PLACEMENT_3D('',#8059,#8060,#8061);
#8059 = CARTESIAN_POINT('',(76.2,133.35,0.));
#8060 = DIRECTION('',(-0.707106781187,0.707106781187,0.));
#8061 = DIRECTION('',(0.707106781187,0.707106781187,0.));
#8062 = PCURVE('',#2983,#8063);
#8063 = DEFINITIONAL_REPRESENTATION('',(#8064),#8074);
#8064 = B_SPLINE_CURVE_WITH_KNOTS('',8,(#8065,#8066,#8067,#8068,#8069,
    #8070,#8071,#8072,#8073),.UNSPECIFIED.,.F.,.F.,(9,9),(4.712388980385
    ,6.28318530718),.PIECEWISE_BEZIER_KNOTS.);
#8065 = CARTESIAN_POINT('',(0.,133.35));
#8066 = CARTESIAN_POINT('',(0.196349540849,134.28511468829));
#8067 = CARTESIAN_POINT('',(0.392699081699,135.22022959858));
#8068 = CARTESIAN_POINT('',(0.589048622547,136.10040690638));
#8069 = CARTESIAN_POINT('',(0.785398163396,136.87071979946));
#8070 = CARTESIAN_POINT('',(0.981747704247,137.48298344542));
#8071 = CARTESIAN_POINT('',(1.178097245096,137.90266055429));
#8072 = CARTESIAN_POINT('',(1.374446785946,138.1125));
#8073 = CARTESIAN_POINT('',(1.570796326795,138.1125));
#8074 = ( GEOMETRIC_REPRESENTATION_CONTEXT(2) 
PARAMETRIC_REPRESENTATION_CONTEXT() REPRESENTATION_CONTEXT('2D SPACE',''
  ) );
#8075 = PCURVE('',#4431,#8076);
#8076 = DEFINITIONAL_REPRESENTATION('',(#8077),#8087);
#8077 = B_SPLINE_CURVE_WITH_KNOTS('',8,(#8078,#8079,#8080,#8081,#8082,
    #8083,#8084,#8085,#8086),.UNSPECIFIED.,.F.,.F.,(9,9),(4.712388980385
    ,6.28318530718),.PIECEWISE_BEZIER_KNOTS.);
#8078 = CARTESIAN_POINT('',(6.28318530718,203.2));
#8079 = CARTESIAN_POINT('',(6.08683576633,204.13511468829));
#8080 = CARTESIAN_POINT('',(5.890486225481,205.07022959834));
#8081 = CARTESIAN_POINT('',(5.694136684633,205.95040690694));
#8082 = CARTESIAN_POINT('',(5.497787143783,206.72071979832));
#8083 = CARTESIAN_POINT('',(5.301437602935,207.33298344627));
#8084 = CARTESIAN_POINT('',(5.105088062083,207.75266055419));
#8085 = CARTESIAN_POINT('',(4.908738521234,207.9625));
#8086 = CARTESIAN_POINT('',(4.712388980385,207.9625));
#8087 = ( GEOMETRIC_REPRESENTATION_CONTEXT(2) 
PARAMETRIC_REPRESENTATION_CONTEXT() REPRESENTATION_CONTEXT('2D SPACE',''
  ) );
#8088 = ORIENTED_EDGE('',*,*,#8089,.T.);
#8089 = EDGE_CURVE('',#8054,#7957,#8090,.T.);
#8090 = SURFACE_CURVE('',#8091,(#8096,#8109),.PCURVE_S1.);
#8091 = ELLIPSE('',#8092,6.735192090802,4.7625);
#8092 = AXIS2_PLACEMENT_3D('',#8093,#8094,#8095);
#8093 = CARTESIAN_POINT('',(76.2,133.35,0.));
#8094 = DIRECTION('',(-0.707106781187,0.707106781187,0.));
#8095 = DIRECTION('',(0.707106781187,0.707106781187,0.));
#8096 = PCURVE('',#2983,#8097);
#8097 = DEFINITIONAL_REPRESENTATION('',(#8098),#8108);
#8098 = B_SPLINE_CURVE_WITH_KNOTS('',8,(#8099,#8100,#8101,#8102,#8103,
    #8104,#8105,#8106,#8107),.UNSPECIFIED.,.F.,.F.,(9,9),(0.,
    1.570796326795),.PIECEWISE_BEZIER_KNOTS.);
#8099 = CARTESIAN_POINT('',(1.570796326795,138.1125));
#8100 = CARTESIAN_POINT('',(1.767145867644,138.1125));
#8101 = CARTESIAN_POINT('',(1.963495408492,137.90266055424));
#8102 = CARTESIAN_POINT('',(2.159844949342,137.48298344575));
#8103 = CARTESIAN_POINT('',(2.356194490186,136.87071979899));
#8104 = CARTESIAN_POINT('',(2.552544031042,136.1004069065));
#8105 = CARTESIAN_POINT('',(2.748893571889,135.2202295985));
#8106 = CARTESIAN_POINT('',(2.94524311274,134.28511468829));
#8107 = CARTESIAN_POINT('',(3.14159265359,133.35));
#8108 = ( GEOMETRIC_REPRESENTATION_CONTEXT(2) 
PARAMETRIC_REPRESENTATION_CONTEXT() REPRESENTATION_CONTEXT('2D SPACE',''
  ) );
#8109 = PCURVE('',#4431,#8110);
#8110 = DEFINITIONAL_REPRESENTATION('',(#8111),#8121);
#8111 = B_SPLINE_CURVE_WITH_KNOTS('',8,(#8112,#8113,#8114,#8115,#8116,
    #8117,#8118,#8119,#8120),.UNSPECIFIED.,.F.,.F.,(9,9),(0.,
    1.570796326795),.PIECEWISE_BEZIER_KNOTS.);
#8112 = CARTESIAN_POINT('',(4.712388980385,207.9625));
#8113 = CARTESIAN_POINT('',(4.516039439535,207.9625));
#8114 = CARTESIAN_POINT('',(4.319689898684,207.75266055441));
#8115 = CARTESIAN_POINT('',(4.123340357839,207.33298344468));
#8116 = CARTESIAN_POINT('',(3.926990816974,206.72071980022));
#8117 = CARTESIAN_POINT('',(3.730641276137,205.95040690575));
#8118 = CARTESIAN_POINT('',(3.534291735287,205.07022959868));
#8119 = CARTESIAN_POINT('',(3.337942194439,204.13511468829));
#8120 = CARTESIAN_POINT('',(3.14159265359,203.2));
#8121 = ( GEOMETRIC_REPRESENTATION_CONTEXT(2) 
PARAMETRIC_REPRESENTATION_CONTEXT() REPRESENTATION_CONTEXT('2D SPACE',''
  ) );
#8122 = ADVANCED_FACE('',(#8123),#3193,.T.);
#8123 = FACE_BOUND('',#8124,.T.);
#8124 = EDGE_LOOP('',(#8125,#8126,#8127,#8147,#8148,#8201,#8202,#8238));
#8125 = ORIENTED_EDGE('',*,*,#3211,.T.);
#8126 = ORIENTED_EDGE('',*,*,#3170,.T.);
#8127 = ORIENTED_EDGE('',*,*,#8128,.T.);
#8128 = EDGE_CURVE('',#3149,#3303,#8129,.T.);
#8129 = SEAM_CURVE('',#8130,(#8134,#8141),.PCURVE_S1.);
#8130 = LINE('',#8131,#8132);
#8131 = CARTESIAN_POINT('',(-76.2,0.,4.7625));
#8132 = VECTOR('',#8133,1.);
#8133 = DIRECTION('',(0.,1.,0.));
#8134 = PCURVE('',#3193,#8135);
#8135 = DEFINITIONAL_REPRESENTATION('',(#8136),#8140);
#8136 = LINE('',#8137,#8138);
#8137 = CARTESIAN_POINT('',(0.,0.));
#8138 = VECTOR('',#8139,1.);
#8139 = DIRECTION('',(0.,1.));
#8140 = ( GEOMETRIC_REPRESENTATION_CONTEXT(2) 
PARAMETRIC_REPRESENTATION_CONTEXT() REPRESENTATION_CONTEXT('2D SPACE',''
  ) );
#8141 = PCURVE('',#3193,#8142);
#8142 = DEFINITIONAL_REPRESENTATION('',(#8143),#8146);
#8143 = B_SPLINE_CURVE_WITH_KNOTS('',1,(#8144,#8145),.UNSPECIFIED.,.F.,
  .F.,(2,2),(0.,177.8),.PIECEWISE_BEZIER_KNOTS.);
#8144 = CARTESIAN_POINT('',(6.28318530718,0.));
#8145 = CARTESIAN_POINT('',(6.28318530718,177.8));
#8146 = ( GEOMETRIC_REPRESENTATION_CONTEXT(2) 
PARAMETRIC_REPRESENTATION_CONTEXT() REPRESENTATION_CONTEXT('2D SPACE',''
  ) );
#8147 = ORIENTED_EDGE('',*,*,#3401,.F.);
#8148 = ORIENTED_EDGE('',*,*,#8149,.F.);
#8149 = EDGE_CURVE('',#3303,#3366,#8150,.T.);
#8150 = SURFACE_CURVE('',#8151,(#8156,#8176),.PCURVE_S1.);
#8151 = ELLIPSE('',#8152,6.735192090802,4.7625);
#8152 = AXIS2_PLACEMENT_3D('',#8153,#8154,#8155);
#8153 = CARTESIAN_POINT('',(-76.2,88.9,0.));
#8154 = DIRECTION('',(0.707106781187,0.707106781187,0.));
#8155 = DIRECTION('',(-0.707106781187,0.707106781187,0.));
#8156 = PCURVE('',#3193,#8157);
#8157 = DEFINITIONAL_REPRESENTATION('',(#8158),#8175);
#8158 = B_SPLINE_CURVE_WITH_KNOTS('',8,(#8159,#8160,#8161,#8162,#8163,
    #8164,#8165,#8166,#8167,#8168,#8169,#8170,#8171,#8172,#8173,#8174),
  .UNSPECIFIED.,.F.,.F.,(9,7,9),(1.570796326795,3.14159265359,
    4.712388980385),.UNSPECIFIED.);
#8159 = CARTESIAN_POINT('',(0.,88.9));
#8160 = CARTESIAN_POINT('',(0.196349540849,87.964885311705));
#8161 = CARTESIAN_POINT('',(0.392699081699,87.029770401285));
#8162 = CARTESIAN_POINT('',(0.589048622547,86.149593093531));
#8163 = CARTESIAN_POINT('',(0.785398163397,85.379280200073));
#8164 = CARTESIAN_POINT('',(0.981747704245,84.767016554372));
#8165 = CARTESIAN_POINT('',(1.178097245096,84.347339445559));
#8166 = CARTESIAN_POINT('',(1.374446785946,84.1375));
#8167 = CARTESIAN_POINT('',(1.767145867644,84.1375));
#8168 = CARTESIAN_POINT('',(1.96349540849,84.347339445616));
#8169 = CARTESIAN_POINT('',(2.15984494935,84.767016554167));
#8170 = CARTESIAN_POINT('',(2.356194490173,85.379280200145));
#8171 = CARTESIAN_POINT('',(2.55254403105,86.149593093383));
#8172 = CARTESIAN_POINT('',(2.748893571887,87.029770401356));
#8173 = CARTESIAN_POINT('',(2.94524311274,87.964885311705));
#8174 = CARTESIAN_POINT('',(3.14159265359,88.9));
#8175 = ( GEOMETRIC_REPRESENTATION_CONTEXT(2) 
PARAMETRIC_REPRESENTATION_CONTEXT() REPRESENTATION_CONTEXT('2D SPACE',''
  ) );
#8176 = PCURVE('',#8177,#8182);
#8177 = CYLINDRICAL_SURFACE('',#8178,4.7625);
#8178 = AXIS2_PLACEMENT_3D('',#8179,#8180,#8181);
#8179 = CARTESIAN_POINT('',(-127.,88.9,0.));
#8180 = DIRECTION('',(1.,0.,0.));
#8181 = DIRECTION('',(0.,0.,1.));
#8182 = DEFINITIONAL_REPRESENTATION('',(#8183),#8200);
#8183 = B_SPLINE_CURVE_WITH_KNOTS('',8,(#8184,#8185,#8186,#8187,#8188,
    #8189,#8190,#8191,#8192,#8193,#8194,#8195,#8196,#8197,#8198,#8199),
  .UNSPECIFIED.,.F.,.F.,(9,7,9),(1.570796326795,3.14159265359,
    4.712388980385),.UNSPECIFIED.);
#8184 = CARTESIAN_POINT('',(0.,50.8));
#8185 = CARTESIAN_POINT('',(0.196349540849,51.735114688295));
#8186 = CARTESIAN_POINT('',(0.392699081699,52.670229598573));
#8187 = CARTESIAN_POINT('',(0.589048622547,53.550406906545));
#8188 = CARTESIAN_POINT('',(0.785398163397,54.320719799495));
#8189 = CARTESIAN_POINT('',(0.981747704245,54.932983445645));
#8190 = CARTESIAN_POINT('',(1.178097245096,55.352660554329));
#8191 = CARTESIAN_POINT('',(1.374446785946,55.5625));
#8192 = CARTESIAN_POINT('',(1.767145867644,55.5625));
#8193 = CARTESIAN_POINT('',(1.96349540849,55.352660554341));
#8194 = CARTESIAN_POINT('',(2.15984494935,54.932983445715));
#8195 = CARTESIAN_POINT('',(2.356194490173,54.320719799375));
#8196 = CARTESIAN_POINT('',(2.55254403105,53.550406906565));
#8197 = CARTESIAN_POINT('',(2.748893571887,52.670229598591));
#8198 = CARTESIAN_POINT('',(2.94524311274,51.735114688295));
#8199 = CARTESIAN_POINT('',(3.14159265359,50.8));
#8200 = ( GEOMETRIC_REPRESENTATION_CONTEXT(2) 
PARAMETRIC_REPRESENTATION_CONTEXT() REPRESENTATION_CONTEXT('2D SPACE',''
  ) );
#8201 = ORIENTED_EDGE('',*,*,#8128,.F.);
#8202 = ORIENTED_EDGE('',*,*,#8203,.T.);
#8203 = EDGE_CURVE('',#3149,#8204,#8206,.T.);
#8204 = VERTEX_POINT('',#8205);
#8205 = CARTESIAN_POINT('',(-71.4375,49.2125,5.832380380939E-16));
#8206 = SURFACE_CURVE('',#8207,(#8212,#8225),.PCURVE_S1.);
#8207 = ELLIPSE('',#8208,6.735192090802,4.7625);
#8208 = AXIS2_PLACEMENT_3D('',#8209,#8210,#8211);
#8209 = CARTESIAN_POINT('',(-76.2,44.45,0.));
#8210 = DIRECTION('',(-0.707106781187,0.707106781187,0.));
#8211 = DIRECTION('',(0.707106781187,0.707106781187,0.));
#8212 = PCURVE('',#3193,#8213);
#8213 = DEFINITIONAL_REPRESENTATION('',(#8214),#8224);
#8214 = B_SPLINE_CURVE_WITH_KNOTS('',8,(#8215,#8216,#8217,#8218,#8219,
    #8220,#8221,#8222,#8223),.UNSPECIFIED.,.F.,.F.,(9,9),(4.712388980385
    ,6.28318530718),.PIECEWISE_BEZIER_KNOTS.);
#8215 = CARTESIAN_POINT('',(0.,44.45));
#8216 = CARTESIAN_POINT('',(0.196349540849,45.385114688295));
#8217 = CARTESIAN_POINT('',(0.392699081699,46.320229598605));
#8218 = CARTESIAN_POINT('',(0.589048622547,47.200406906477));
#8219 = CARTESIAN_POINT('',(0.785398163396,47.970719799511));
#8220 = CARTESIAN_POINT('',(0.981747704247,48.582983445654));
#8221 = CARTESIAN_POINT('',(1.178097245096,49.002660554341));
#8222 = CARTESIAN_POINT('',(1.374446785946,49.2125));
#8223 = CARTESIAN_POINT('',(1.570796326795,49.2125));
#8224 = ( GEOMETRIC_REPRESENTATION_CONTEXT(2) 
PARAMETRIC_REPRESENTATION_CONTEXT() REPRESENTATION_CONTEXT('2D SPACE',''
  ) );
#8225 = PCURVE('',#4587,#8226);
#8226 = DEFINITIONAL_REPRESENTATION('',(#8227),#8237);
#8227 = B_SPLINE_CURVE_WITH_KNOTS('',8,(#8228,#8229,#8230,#8231,#8232,
    #8233,#8234,#8235,#8236),.UNSPECIFIED.,.F.,.F.,(9,9),(4.712388980385
    ,6.28318530718),.PIECEWISE_BEZIER_KNOTS.);
#8228 = CARTESIAN_POINT('',(6.28318530718,50.8));
#8229 = CARTESIAN_POINT('',(6.08683576633,51.735114688295));
#8230 = CARTESIAN_POINT('',(5.890486225481,52.670229598573));
#8231 = CARTESIAN_POINT('',(5.694136684631,53.550406906545));
#8232 = CARTESIAN_POINT('',(5.497787143784,54.320719799495));
#8233 = CARTESIAN_POINT('',(5.301437602933,54.932983445645));
#8234 = CARTESIAN_POINT('',(5.105088062084,55.352660554329));
#8235 = CARTESIAN_POINT('',(4.908738521234,55.5625));
#8236 = CARTESIAN_POINT('',(4.712388980385,55.5625));
#8237 = ( GEOMETRIC_REPRESENTATION_CONTEXT(2) 
PARAMETRIC_REPRESENTATION_CONTEXT() REPRESENTATION_CONTEXT('2D SPACE',''
  ) );
#8238 = ORIENTED_EDGE('',*,*,#8239,.T.);
#8239 = EDGE_CURVE('',#8204,#3212,#8240,.T.);
#8240 = SURFACE_CURVE('',#8241,(#8246,#8259),.PCURVE_S1.);
#8241 = ELLIPSE('',#8242,6.735192090802,4.7625);
#8242 = AXIS2_PLACEMENT_3D('',#8243,#8244,#8245);
#8243 = CARTESIAN_POINT('',(-76.2,44.45,0.));
#8244 = DIRECTION('',(-0.707106781187,0.707106781187,0.));
#8245 = DIRECTION('',(0.707106781187,0.707106781187,0.));
#8246 = PCURVE('',#3193,#8247);
#8247 = DEFINITIONAL_REPRESENTATION('',(#8248),#8258);
#8248 = B_SPLINE_CURVE_WITH_KNOTS('',8,(#8249,#8250,#8251,#8252,#8253,
    #8254,#8255,#8256,#8257),.UNSPECIFIED.,.F.,.F.,(9,9),(0.,
    1.570796326795),.PIECEWISE_BEZIER_KNOTS.);
#8249 = CARTESIAN_POINT('',(1.570796326795,49.2125));
#8250 = CARTESIAN_POINT('',(1.767145867644,49.2125));
#8251 = CARTESIAN_POINT('',(1.963495408492,49.002660554336));
#8252 = CARTESIAN_POINT('',(2.159844949342,48.582983445679));
#8253 = CARTESIAN_POINT('',(2.356194490186,47.970719799396));
#8254 = CARTESIAN_POINT('',(2.552544031042,47.200406906502));
#8255 = CARTESIAN_POINT('',(2.748893571889,46.320229598595));
#8256 = CARTESIAN_POINT('',(2.94524311274,45.385114688295));
#8257 = CARTESIAN_POINT('',(3.14159265359,44.45));
#8258 = ( GEOMETRIC_REPRESENTATION_CONTEXT(2) 
PARAMETRIC_REPRESENTATION_CONTEXT() REPRESENTATION_CONTEXT('2D SPACE',''
  ) );
#8259 = PCURVE('',#4587,#8260);
#8260 = DEFINITIONAL_REPRESENTATION('',(#8261),#8271);
#8261 = B_SPLINE_CURVE_WITH_KNOTS('',8,(#8262,#8263,#8264,#8265,#8266,
    #8267,#8268,#8269,#8270),.UNSPECIFIED.,.F.,.F.,(9,9),(0.,
    1.570796326795),.PIECEWISE_BEZIER_KNOTS.);
#8262 = CARTESIAN_POINT('',(4.712388980385,55.5625));
#8263 = CARTESIAN_POINT('',(4.516039439535,55.5625));
#8264 = CARTESIAN_POINT('',(4.319689898684,55.352660554336));
#8265 = CARTESIAN_POINT('',(4.123340357829,54.932983445737));
#8266 = CARTESIAN_POINT('',(3.926990816986,54.32071979934));
#8267 = CARTESIAN_POINT('',(3.730641276128,53.550406906591));
#8268 = CARTESIAN_POINT('',(3.534291735288,52.670229598583));
#8269 = CARTESIAN_POINT('',(3.337942194439,51.735114688295));
#8270 = CARTESIAN_POINT('',(3.14159265359,50.8));
#8271 = ( GEOMETRIC_REPRESENTATION_CONTEXT(2) 
PARAMETRIC_REPRESENTATION_CONTEXT() REPRESENTATION_CONTEXT('2D SPACE',''
  ) );
#8272 = ADVANCED_FACE('',(#8273),#3347,.T.);
#8273 = FACE_BOUND('',#8274,.T.);
#8274 = EDGE_LOOP('',(#8275,#8276,#8277,#8297,#8298,#8346,#8347,#8383));
#8275 = ORIENTED_EDGE('',*,*,#3365,.T.);
#8276 = ORIENTED_EDGE('',*,*,#3324,.T.);
#8277 = ORIENTED_EDGE('',*,*,#8278,.T.);
#8278 = EDGE_CURVE('',#3303,#3457,#8279,.T.);
#8279 = SEAM_CURVE('',#8280,(#8284,#8291),.PCURVE_S1.);
#8280 = LINE('',#8281,#8282);
#8281 = CARTESIAN_POINT('',(-76.2,0.,4.7625));
#8282 = VECTOR('',#8283,1.);
#8283 = DIRECTION('',(0.,1.,0.));
#8284 = PCURVE('',#3347,#8285);
#8285 = DEFINITIONAL_REPRESENTATION('',(#8286),#8290);
#8286 = LINE('',#8287,#8288);
#8287 = CARTESIAN_POINT('',(0.,0.));
#8288 = VECTOR('',#8289,1.);
#8289 = DIRECTION('',(0.,1.));
#8290 = ( GEOMETRIC_REPRESENTATION_CONTEXT(2) 
PARAMETRIC_REPRESENTATION_CONTEXT() REPRESENTATION_CONTEXT('2D SPACE',''
  ) );
#8291 = PCURVE('',#3347,#8292);
#8292 = DEFINITIONAL_REPRESENTATION('',(#8293),#8296);
#8293 = B_SPLINE_CURVE_WITH_KNOTS('',1,(#8294,#8295),.UNSPECIFIED.,.F.,
  .F.,(2,2),(0.,177.8),.PIECEWISE_BEZIER_KNOTS.);
#8294 = CARTESIAN_POINT('',(6.28318530718,0.));
#8295 = CARTESIAN_POINT('',(6.28318530718,177.8));
#8296 = ( GEOMETRIC_REPRESENTATION_CONTEXT(2) 
PARAMETRIC_REPRESENTATION_CONTEXT() REPRESENTATION_CONTEXT('2D SPACE',''
  ) );
#8297 = ORIENTED_EDGE('',*,*,#3550,.F.);
#8298 = ORIENTED_EDGE('',*,*,#8299,.F.);
#8299 = EDGE_CURVE('',#3457,#3515,#8300,.T.);
#8300 = SURFACE_CURVE('',#8301,(#8306,#8326),.PCURVE_S1.);
#8301 = ELLIPSE('',#8302,6.735192090802,4.7625);
#8302 = AXIS2_PLACEMENT_3D('',#8303,#8304,#8305);
#8303 = CARTESIAN_POINT('',(-76.2,133.35,0.));
#8304 = DIRECTION('',(0.707106781187,0.707106781187,0.));
#8305 = DIRECTION('',(-0.707106781187,0.707106781187,0.));
#8306 = PCURVE('',#3347,#8307);
#8307 = DEFINITIONAL_REPRESENTATION('',(#8308),#8325);
#8308 = B_SPLINE_CURVE_WITH_KNOTS('',8,(#8309,#8310,#8311,#8312,#8313,
    #8314,#8315,#8316,#8317,#8318,#8319,#8320,#8321,#8322,#8323,#8324),
  .UNSPECIFIED.,.F.,.F.,(9,7,9),(1.570796326795,3.14159265359,
    4.712388980385),.UNSPECIFIED.);
#8309 = CARTESIAN_POINT('',(0.,133.35));
#8310 = CARTESIAN_POINT('',(0.196349540849,132.4148853117));
#8311 = CARTESIAN_POINT('',(0.392699081699,131.47977040139));
#8312 = CARTESIAN_POINT('',(0.589048622547,130.59959309341));
#8313 = CARTESIAN_POINT('',(0.785398163397,129.82928020024));
#8314 = CARTESIAN_POINT('',(0.981747704245,129.21701655417));
#8315 = CARTESIAN_POINT('',(1.178097245096,128.79733944563));
#8316 = CARTESIAN_POINT('',(1.374446785946,128.5875));
#8317 = CARTESIAN_POINT('',(1.767145867644,128.5875));
#8318 = CARTESIAN_POINT('',(1.96349540849,128.79733944589));
#8319 = CARTESIAN_POINT('',(2.15984494935,129.21701655342));
#8320 = CARTESIAN_POINT('',(2.356194490173,129.82928020166));
#8321 = CARTESIAN_POINT('',(2.55254403105,130.59959309249));
#8322 = CARTESIAN_POINT('',(2.748893571887,131.47977040164));
#8323 = CARTESIAN_POINT('',(2.94524311274,132.4148853117));
#8324 = CARTESIAN_POINT('',(3.14159265359,133.35));
#8325 = ( GEOMETRIC_REPRESENTATION_CONTEXT(2) 
PARAMETRIC_REPRESENTATION_CONTEXT() REPRESENTATION_CONTEXT('2D SPACE',''
  ) );
#8326 = PCURVE('',#7551,#8327);
#8327 = DEFINITIONAL_REPRESENTATION('',(#8328),#8345);
#8328 = B_SPLINE_CURVE_WITH_KNOTS('',8,(#8329,#8330,#8331,#8332,#8333,
    #8334,#8335,#8336,#8337,#8338,#8339,#8340,#8341,#8342,#8343,#8344),
  .UNSPECIFIED.,.F.,.F.,(9,7,9),(1.570796326795,3.14159265359,
    4.712388980385),.UNSPECIFIED.);
#8329 = CARTESIAN_POINT('',(0.,50.8));
#8330 = CARTESIAN_POINT('',(0.196349540849,51.735114688295));
#8331 = CARTESIAN_POINT('',(0.392699081699,52.670229598573));
#8332 = CARTESIAN_POINT('',(0.589048622546,53.550406906545));
#8333 = CARTESIAN_POINT('',(0.785398163397,54.320719799495));
#8334 = CARTESIAN_POINT('',(0.981747704246,54.932983445645));
#8335 = CARTESIAN_POINT('',(1.178097245096,55.352660554329));
#8336 = CARTESIAN_POINT('',(1.374446785946,55.5625));
#8337 = CARTESIAN_POINT('',(1.767145867644,55.5625));
#8338 = CARTESIAN_POINT('',(1.963495408492,55.352660554341));
#8339 = CARTESIAN_POINT('',(2.159844949341,54.932983445715));
#8340 = CARTESIAN_POINT('',(2.356194490185,54.320719799375));
#8341 = CARTESIAN_POINT('',(2.552544031042,53.550406906565));
#8342 = CARTESIAN_POINT('',(2.74889357189,52.670229598591));
#8343 = CARTESIAN_POINT('',(2.94524311274,51.735114688295));
#8344 = CARTESIAN_POINT('',(3.14159265359,50.8));
#8345 = ( GEOMETRIC_REPRESENTATION_CONTEXT(2) 
PARAMETRIC_REPRESENTATION_CONTEXT() REPRESENTATION_CONTEXT('2D SPACE',''
  ) );
#8346 = ORIENTED_EDGE('',*,*,#8278,.F.);
#8347 = ORIENTED_EDGE('',*,*,#8348,.T.);
#8348 = EDGE_CURVE('',#3303,#8349,#8351,.T.);
#8349 = VERTEX_POINT('',#8350);
#8350 = CARTESIAN_POINT('',(-71.4375,93.6625,5.832380380939E-16));
#8351 = SURFACE_CURVE('',#8352,(#8357,#8370),.PCURVE_S1.);
#8352 = ELLIPSE('',#8353,6.735192090802,4.7625);
#8353 = AXIS2_PLACEMENT_3D('',#8354,#8355,#8356);
#8354 = CARTESIAN_POINT('',(-76.2,88.9,0.));
#8355 = DIRECTION('',(-0.707106781187,0.707106781187,0.));
#8356 = DIRECTION('',(0.707106781187,0.707106781187,0.));
#8357 = PCURVE('',#3347,#8358);
#8358 = DEFINITIONAL_REPRESENTATION('',(#8359),#8369);
#8359 = B_SPLINE_CURVE_WITH_KNOTS('',8,(#8360,#8361,#8362,#8363,#8364,
    #8365,#8366,#8367,#8368),.UNSPECIFIED.,.F.,.F.,(9,9),(4.712388980385
    ,6.28318530718),.PIECEWISE_BEZIER_KNOTS.);
#8360 = CARTESIAN_POINT('',(0.,88.9));
#8361 = CARTESIAN_POINT('',(0.196349540849,89.835114688295));
#8362 = CARTESIAN_POINT('',(0.392699081699,90.770229598624));
#8363 = CARTESIAN_POINT('',(0.589048622547,91.650406906341));
#8364 = CARTESIAN_POINT('',(0.785398163396,92.42071979969));
#8365 = CARTESIAN_POINT('',(0.981747704247,93.032983445501));
#8366 = CARTESIAN_POINT('',(1.178097245096,93.452660554342));
#8367 = CARTESIAN_POINT('',(1.374446785946,93.6625));
#8368 = CARTESIAN_POINT('',(1.570796326795,93.6625));
#8369 = ( GEOMETRIC_REPRESENTATION_CONTEXT(2) 
PARAMETRIC_REPRESENTATION_CONTEXT() REPRESENTATION_CONTEXT('2D SPACE',''
  ) );
#8370 = PCURVE('',#8177,#8371);
#8371 = DEFINITIONAL_REPRESENTATION('',(#8372),#8382);
#8372 = B_SPLINE_CURVE_WITH_KNOTS('',8,(#8373,#8374,#8375,#8376,#8377,
    #8378,#8379,#8380,#8381),.UNSPECIFIED.,.F.,.F.,(9,9),(4.712388980385
    ,6.28318530718),.PIECEWISE_BEZIER_KNOTS.);
#8373 = CARTESIAN_POINT('',(6.28318530718,50.8));
#8374 = CARTESIAN_POINT('',(6.08683576633,51.735114688295));
#8375 = CARTESIAN_POINT('',(5.890486225481,52.670229598573));
#8376 = CARTESIAN_POINT('',(5.694136684632,53.550406906545));
#8377 = CARTESIAN_POINT('',(5.497787143784,54.320719799495));
#8378 = CARTESIAN_POINT('',(5.301437602933,54.932983445645));
#8379 = CARTESIAN_POINT('',(5.105088062084,55.352660554329));
#8380 = CARTESIAN_POINT('',(4.908738521234,55.5625));
#8381 = CARTESIAN_POINT('',(4.712388980385,55.5625));
#8382 = ( GEOMETRIC_REPRESENTATION_CONTEXT(2) 
PARAMETRIC_REPRESENTATION_CONTEXT() REPRESENTATION_CONTEXT('2D SPACE',''
  ) );
#8383 = ORIENTED_EDGE('',*,*,#8384,.T.);
#8384 = EDGE_CURVE('',#8349,#3366,#8385,.T.);
#8385 = SURFACE_CURVE('',#8386,(#8391,#8404),.PCURVE_S1.);
#8386 = ELLIPSE('',#8387,6.735192090802,4.7625);
#8387 = AXIS2_PLACEMENT_3D('',#8388,#8389,#8390);
#8388 = CARTESIAN_POINT('',(-76.2,88.9,0.));
#8389 = DIRECTION('',(-0.707106781187,0.707106781187,0.));
#8390 = DIRECTION('',(0.707106781187,0.707106781187,0.));
#8391 = PCURVE('',#3347,#8392);
#8392 = DEFINITIONAL_REPRESENTATION('',(#8393),#8403);
#8393 = B_SPLINE_CURVE_WITH_KNOTS('',8,(#8394,#8395,#8396,#8397,#8398,
    #8399,#8400,#8401,#8402),.UNSPECIFIED.,.F.,.F.,(9,9),(0.,
    1.570796326795),.PIECEWISE_BEZIER_KNOTS.);
#8394 = CARTESIAN_POINT('',(1.570796326795,93.6625));
#8395 = CARTESIAN_POINT('',(1.767145867644,93.6625));
#8396 = CARTESIAN_POINT('',(1.963495408492,93.452660554223));
#8397 = CARTESIAN_POINT('',(2.159844949342,93.032983445956));
#8398 = CARTESIAN_POINT('',(2.356194490186,92.420719798999));
#8399 = CARTESIAN_POINT('',(2.552544031042,91.65040690676));
#8400 = CARTESIAN_POINT('',(2.748893571889,90.770229598473));
#8401 = CARTESIAN_POINT('',(2.94524311274,89.835114688295));
#8402 = CARTESIAN_POINT('',(3.14159265359,88.9));
#8403 = ( GEOMETRIC_REPRESENTATION_CONTEXT(2) 
PARAMETRIC_REPRESENTATION_CONTEXT() REPRESENTATION_CONTEXT('2D SPACE',''
  ) );
#8404 = PCURVE('',#8177,#8405);
#8405 = DEFINITIONAL_REPRESENTATION('',(#8406),#8416);
#8406 = B_SPLINE_CURVE_WITH_KNOTS('',8,(#8407,#8408,#8409,#8410,#8411,
    #8412,#8413,#8414,#8415),.UNSPECIFIED.,.F.,.F.,(9,9),(0.,
    1.570796326795),.PIECEWISE_BEZIER_KNOTS.);
#8407 = CARTESIAN_POINT('',(4.712388980385,55.5625));
#8408 = CARTESIAN_POINT('',(4.516039439535,55.5625));
#8409 = CARTESIAN_POINT('',(4.319689898684,55.352660554336));
#8410 = CARTESIAN_POINT('',(4.123340357829,54.932983445737));
#8411 = CARTESIAN_POINT('',(3.926990816986,54.32071979934));
#8412 = CARTESIAN_POINT('',(3.730641276128,53.550406906591));
#8413 = CARTESIAN_POINT('',(3.534291735288,52.670229598583));
#8414 = CARTESIAN_POINT('',(3.337942194439,51.735114688295));
#8415 = CARTESIAN_POINT('',(3.14159265359,50.8));
#8416 = ( GEOMETRIC_REPRESENTATION_CONTEXT(2) 
PARAMETRIC_REPRESENTATION_CONTEXT() REPRESENTATION_CONTEXT('2D SPACE',''
  ) );
#8417 = ADVANCED_FACE('',(#8418,#8569,#8696,#8823),#3788,.T.);
#8418 = FACE_BOUND('',#8419,.T.);
#8419 = EDGE_LOOP('',(#8420,#8447,#8448,#8449,#8450,#8472,#8494,#8516,
    #8536,#8537,#8538,#8565,#8566,#8567,#8568));
#8420 = ORIENTED_EDGE('',*,*,#8421,.T.);
#8421 = EDGE_CURVE('',#5145,#3660,#8422,.T.);
#8422 = SURFACE_CURVE('',#8423,(#8428,#8435),.PCURVE_S1.);
#8423 = CIRCLE('',#8424,4.7625);
#8424 = AXIS2_PLACEMENT_3D('',#8425,#8426,#8427);
#8425 = CARTESIAN_POINT('',(127.,0.,101.6));
#8426 = DIRECTION('',(0.,1.,0.));
#8427 = DIRECTION('',(0.,-0.,1.));
#8428 = PCURVE('',#3788,#8429);
#8429 = DEFINITIONAL_REPRESENTATION('',(#8430),#8434);
#8430 = LINE('',#8431,#8432);
#8431 = CARTESIAN_POINT('',(0.,0.));
#8432 = VECTOR('',#8433,1.);
#8433 = DIRECTION('',(1.,0.));
#8434 = ( GEOMETRIC_REPRESENTATION_CONTEXT(2) 
PARAMETRIC_REPRESENTATION_CONTEXT() REPRESENTATION_CONTEXT('2D SPACE',''
  ) );
#8435 = PCURVE('',#8436,#8441);
#8436 = PLANE('',#8437);
#8437 = AXIS2_PLACEMENT_3D('',#8438,#8439,#8440);
#8438 = CARTESIAN_POINT('',(127.,0.,101.6));
#8439 = DIRECTION('',(0.,1.,0.));
#8440 = DIRECTION('',(0.,-0.,1.));
#8441 = DEFINITIONAL_REPRESENTATION('',(#8442),#8446);
#8442 = CIRCLE('',#8443,4.7625);
#8443 = AXIS2_PLACEMENT_2D('',#8444,#8445);
#8444 = CARTESIAN_POINT('',(0.,0.));
#8445 = DIRECTION('',(1.,0.));
#8446 = ( GEOMETRIC_REPRESENTATION_CONTEXT(2) 
PARAMETRIC_REPRESENTATION_CONTEXT() REPRESENTATION_CONTEXT('2D SPACE',''
  ) );
#8447 = ORIENTED_EDGE('',*,*,#3760,.T.);
#8448 = ORIENTED_EDGE('',*,*,#5202,.T.);
#8449 = ORIENTED_EDGE('',*,*,#5166,.T.);
#8450 = ORIENTED_EDGE('',*,*,#8451,.T.);
#8451 = EDGE_CURVE('',#5145,#8452,#8454,.T.);
#8452 = VERTEX_POINT('',#8453);
#8453 = CARTESIAN_POINT('',(127.,44.45,106.3625));
#8454 = SEAM_CURVE('',#8455,(#8459,#8466),.PCURVE_S1.);
#8455 = LINE('',#8456,#8457);
#8456 = CARTESIAN_POINT('',(127.,0.,106.3625));
#8457 = VECTOR('',#8458,1.);
#8458 = DIRECTION('',(0.,1.,0.));
#8459 = PCURVE('',#3788,#8460);
#8460 = DEFINITIONAL_REPRESENTATION('',(#8461),#8465);
#8461 = LINE('',#8462,#8463);
#8462 = CARTESIAN_POINT('',(0.,0.));
#8463 = VECTOR('',#8464,1.);
#8464 = DIRECTION('',(0.,1.));
#8465 = ( GEOMETRIC_REPRESENTATION_CONTEXT(2) 
PARAMETRIC_REPRESENTATION_CONTEXT() REPRESENTATION_CONTEXT('2D SPACE',''
  ) );
#8466 = PCURVE('',#3788,#8467);
#8467 = DEFINITIONAL_REPRESENTATION('',(#8468),#8471);
#8468 = B_SPLINE_CURVE_WITH_KNOTS('',1,(#8469,#8470),.UNSPECIFIED.,.F.,
  .F.,(2,2),(0.,177.8),.PIECEWISE_BEZIER_KNOTS.);
#8469 = CARTESIAN_POINT('',(6.28318530718,0.));
#8470 = CARTESIAN_POINT('',(6.28318530718,177.8));
#8471 = ( GEOMETRIC_REPRESENTATION_CONTEXT(2) 
PARAMETRIC_REPRESENTATION_CONTEXT() REPRESENTATION_CONTEXT('2D SPACE',''
  ) );
#8472 = ORIENTED_EDGE('',*,*,#8473,.T.);
#8473 = EDGE_CURVE('',#8452,#8474,#8476,.T.);
#8474 = VERTEX_POINT('',#8475);
#8475 = CARTESIAN_POINT('',(127.,88.9,106.3625));
#8476 = SEAM_CURVE('',#8477,(#8481,#8488),.PCURVE_S1.);
#8477 = LINE('',#8478,#8479);
#8478 = CARTESIAN_POINT('',(127.,0.,106.3625));
#8479 = VECTOR('',#8480,1.);
#8480 = DIRECTION('',(0.,1.,0.));
#8481 = PCURVE('',#3788,#8482);
#8482 = DEFINITIONAL_REPRESENTATION('',(#8483),#8487);
#8483 = LINE('',#8484,#8485);
#8484 = CARTESIAN_POINT('',(0.,0.));
#8485 = VECTOR('',#8486,1.);
#8486 = DIRECTION('',(0.,1.));
#8487 = ( GEOMETRIC_REPRESENTATION_CONTEXT(2) 
PARAMETRIC_REPRESENTATION_CONTEXT() REPRESENTATION_CONTEXT('2D SPACE',''
  ) );
#8488 = PCURVE('',#3788,#8489);
#8489 = DEFINITIONAL_REPRESENTATION('',(#8490),#8493);
#8490 = B_SPLINE_CURVE_WITH_KNOTS('',1,(#8491,#8492),.UNSPECIFIED.,.F.,
  .F.,(2,2),(0.,177.8),.PIECEWISE_BEZIER_KNOTS.);
#8491 = CARTESIAN_POINT('',(6.28318530718,0.));
#8492 = CARTESIAN_POINT('',(6.28318530718,177.8));
#8493 = ( GEOMETRIC_REPRESENTATION_CONTEXT(2) 
PARAMETRIC_REPRESENTATION_CONTEXT() REPRESENTATION_CONTEXT('2D SPACE',''
  ) );
#8494 = ORIENTED_EDGE('',*,*,#8495,.T.);
#8495 = EDGE_CURVE('',#8474,#8496,#8498,.T.);
#8496 = VERTEX_POINT('',#8497);
#8497 = CARTESIAN_POINT('',(127.,133.35,106.3625));
#8498 = SEAM_CURVE('',#8499,(#8503,#8510),.PCURVE_S1.);
#8499 = LINE('',#8500,#8501);
#8500 = CARTESIAN_POINT('',(127.,0.,106.3625));
#8501 = VECTOR('',#8502,1.);
#8502 = DIRECTION('',(0.,1.,0.));
#8503 = PCURVE('',#3788,#8504);
#8504 = DEFINITIONAL_REPRESENTATION('',(#8505),#8509);
#8505 = LINE('',#8506,#8507);
#8506 = CARTESIAN_POINT('',(0.,0.));
#8507 = VECTOR('',#8508,1.);
#8508 = DIRECTION('',(0.,1.));
#8509 = ( GEOMETRIC_REPRESENTATION_CONTEXT(2) 
PARAMETRIC_REPRESENTATION_CONTEXT() REPRESENTATION_CONTEXT('2D SPACE',''
  ) );
#8510 = PCURVE('',#3788,#8511);
#8511 = DEFINITIONAL_REPRESENTATION('',(#8512),#8515);
#8512 = B_SPLINE_CURVE_WITH_KNOTS('',1,(#8513,#8514),.UNSPECIFIED.,.F.,
  .F.,(2,2),(0.,177.8),.PIECEWISE_BEZIER_KNOTS.);
#8513 = CARTESIAN_POINT('',(6.28318530718,0.));
#8514 = CARTESIAN_POINT('',(6.28318530718,177.8));
#8515 = ( GEOMETRIC_REPRESENTATION_CONTEXT(2) 
PARAMETRIC_REPRESENTATION_CONTEXT() REPRESENTATION_CONTEXT('2D SPACE',''
  ) );
#8516 = ORIENTED_EDGE('',*,*,#8517,.T.);
#8517 = EDGE_CURVE('',#8496,#6697,#8518,.T.);
#8518 = SEAM_CURVE('',#8519,(#8523,#8530),.PCURVE_S1.);
#8519 = LINE('',#8520,#8521);
#8520 = CARTESIAN_POINT('',(127.,0.,106.3625));
#8521 = VECTOR('',#8522,1.);
#8522 = DIRECTION('',(0.,1.,0.));
#8523 = PCURVE('',#3788,#8524);
#8524 = DEFINITIONAL_REPRESENTATION('',(#8525),#8529);
#8525 = LINE('',#8526,#8527);
#8526 = CARTESIAN_POINT('',(0.,0.));
#8527 = VECTOR('',#8528,1.);
#8528 = DIRECTION('',(0.,1.));
#8529 = ( GEOMETRIC_REPRESENTATION_CONTEXT(2) 
PARAMETRIC_REPRESENTATION_CONTEXT() REPRESENTATION_CONTEXT('2D SPACE',''
  ) );
#8530 = PCURVE('',#3788,#8531);
#8531 = DEFINITIONAL_REPRESENTATION('',(#8532),#8535);
#8532 = B_SPLINE_CURVE_WITH_KNOTS('',1,(#8533,#8534),.UNSPECIFIED.,.F.,
  .F.,(2,2),(0.,177.8),.PIECEWISE_BEZIER_KNOTS.);
#8533 = CARTESIAN_POINT('',(6.28318530718,0.));
#8534 = CARTESIAN_POINT('',(6.28318530718,177.8));
#8535 = ( GEOMETRIC_REPRESENTATION_CONTEXT(2) 
PARAMETRIC_REPRESENTATION_CONTEXT() REPRESENTATION_CONTEXT('2D SPACE',''
  ) );
#8536 = ORIENTED_EDGE('',*,*,#6797,.F.);
#8537 = ORIENTED_EDGE('',*,*,#7345,.T.);
#8538 = ORIENTED_EDGE('',*,*,#8539,.F.);
#8539 = EDGE_CURVE('',#6697,#7324,#8540,.T.);
#8540 = SURFACE_CURVE('',#8541,(#8546,#8553),.PCURVE_S1.);
#8541 = CIRCLE('',#8542,4.7625);
#8542 = AXIS2_PLACEMENT_3D('',#8543,#8544,#8545);
#8543 = CARTESIAN_POINT('',(127.,177.8,101.6));
#8544 = DIRECTION('',(0.,1.,0.));
#8545 = DIRECTION('',(0.,-0.,1.));
#8546 = PCURVE('',#3788,#8547);
#8547 = DEFINITIONAL_REPRESENTATION('',(#8548),#8552);
#8548 = LINE('',#8549,#8550);
#8549 = CARTESIAN_POINT('',(0.,177.8));
#8550 = VECTOR('',#8551,1.);
#8551 = DIRECTION('',(1.,0.));
#8552 = ( GEOMETRIC_REPRESENTATION_CONTEXT(2) 
PARAMETRIC_REPRESENTATION_CONTEXT() REPRESENTATION_CONTEXT('2D SPACE',''
  ) );
#8553 = PCURVE('',#8554,#8559);
#8554 = PLANE('',#8555);
#8555 = AXIS2_PLACEMENT_3D('',#8556,#8557,#8558);
#8556 = CARTESIAN_POINT('',(127.,177.8,101.6));
#8557 = DIRECTION('',(0.,1.,0.));
#8558 = DIRECTION('',(0.,-0.,1.));
#8559 = DEFINITIONAL_REPRESENTATION('',(#8560),#8564);
#8560 = CIRCLE('',#8561,4.7625);
#8561 = AXIS2_PLACEMENT_2D('',#8562,#8563);
#8562 = CARTESIAN_POINT('',(0.,0.));
#8563 = DIRECTION('',(1.,0.));
#8564 = ( GEOMETRIC_REPRESENTATION_CONTEXT(2) 
PARAMETRIC_REPRESENTATION_CONTEXT() REPRESENTATION_CONTEXT('2D SPACE',''
  ) );
#8565 = ORIENTED_EDGE('',*,*,#8517,.F.);
#8566 = ORIENTED_EDGE('',*,*,#8495,.F.);
#8567 = ORIENTED_EDGE('',*,*,#8473,.F.);
#8568 = ORIENTED_EDGE('',*,*,#8451,.F.);
#8569 = FACE_BOUND('',#8570,.T.);
#8570 = EDGE_LOOP('',(#8571,#8612,#8662));
#8571 = ORIENTED_EDGE('',*,*,#8572,.T.);
#8572 = EDGE_CURVE('',#8573,#8452,#8575,.T.);
#8573 = VERTEX_POINT('',#8574);
#8574 = CARTESIAN_POINT('',(122.2375,49.2125,101.6));
#8575 = SURFACE_CURVE('',#8576,(#8581,#8594),.PCURVE_S1.);
#8576 = ELLIPSE('',#8577,6.735192090802,4.7625);
#8577 = AXIS2_PLACEMENT_3D('',#8578,#8579,#8580);
#8578 = CARTESIAN_POINT('',(127.,44.45,101.6));
#8579 = DIRECTION('',(0.707106781187,0.707106781187,0.));
#8580 = DIRECTION('',(-0.707106781187,0.707106781187,0.));
#8581 = PCURVE('',#3788,#8582);
#8582 = DEFINITIONAL_REPRESENTATION('',(#8583),#8593);
#8583 = B_SPLINE_CURVE_WITH_KNOTS('',8,(#8584,#8585,#8586,#8587,#8588,
    #8589,#8590,#8591,#8592),.UNSPECIFIED.,.F.,.F.,(9,9),(0.,
    1.570796326795),.PIECEWISE_BEZIER_KNOTS.);
#8584 = CARTESIAN_POINT('',(4.712388980385,49.2125));
#8585 = CARTESIAN_POINT('',(4.908738521234,49.2125));
#8586 = CARTESIAN_POINT('',(5.105088062083,49.002660554336));
#8587 = CARTESIAN_POINT('',(5.301437602938,48.582983445679));
#8588 = CARTESIAN_POINT('',(5.497787143778,47.970719799396));
#8589 = CARTESIAN_POINT('',(5.694136684636,47.200406906502));
#8590 = CARTESIAN_POINT('',(5.89048622548,46.320229598595));
#8591 = CARTESIAN_POINT('',(6.08683576633,45.385114688295));
#8592 = CARTESIAN_POINT('',(6.28318530718,44.45));
#8593 = ( GEOMETRIC_REPRESENTATION_CONTEXT(2) 
PARAMETRIC_REPRESENTATION_CONTEXT() REPRESENTATION_CONTEXT('2D SPACE',''
  ) );
#8594 = PCURVE('',#8595,#8600);
#8595 = CYLINDRICAL_SURFACE('',#8596,4.7625);
#8596 = AXIS2_PLACEMENT_3D('',#8597,#8598,#8599);
#8597 = CARTESIAN_POINT('',(-127.,44.45,101.6));
#8598 = DIRECTION('',(1.,0.,0.));
#8599 = DIRECTION('',(0.,0.,1.));
#8600 = DEFINITIONAL_REPRESENTATION('',(#8601),#8611);
#8601 = B_SPLINE_CURVE_WITH_KNOTS('',8,(#8602,#8603,#8604,#8605,#8606,
    #8607,#8608,#8609,#8610),.UNSPECIFIED.,.F.,.F.,(9,9),(0.,
    1.570796326795),.PIECEWISE_BEZIER_KNOTS.);
#8602 = CARTESIAN_POINT('',(4.712388980385,249.2375));
#8603 = CARTESIAN_POINT('',(4.908738521234,249.2375));
#8604 = CARTESIAN_POINT('',(5.105088062082,249.44733944572));
#8605 = CARTESIAN_POINT('',(5.301437602938,249.86701655351));
#8606 = CARTESIAN_POINT('',(5.497787143778,250.479280201));
#8607 = CARTESIAN_POINT('',(5.694136684637,251.24959309296));
#8608 = CARTESIAN_POINT('',(5.89048622548,252.12977040144));
#8609 = CARTESIAN_POINT('',(6.08683576633,253.0648853117));
#8610 = CARTESIAN_POINT('',(6.28318530718,254.));
#8611 = ( GEOMETRIC_REPRESENTATION_CONTEXT(2) 
PARAMETRIC_REPRESENTATION_CONTEXT() REPRESENTATION_CONTEXT('2D SPACE',''
  ) );
#8612 = ORIENTED_EDGE('',*,*,#8613,.F.);
#8613 = EDGE_CURVE('',#8614,#8452,#8616,.T.);
#8614 = VERTEX_POINT('',#8615);
#8615 = CARTESIAN_POINT('',(127.,44.45,96.8375));
#8616 = SURFACE_CURVE('',#8617,(#8622,#8642),.PCURVE_S1.);
#8617 = ELLIPSE('',#8618,6.735192090802,4.7625);
#8618 = AXIS2_PLACEMENT_3D('',#8619,#8620,#8621);
#8619 = CARTESIAN_POINT('',(127.,44.45,101.6));
#8620 = DIRECTION('',(-0.707106781187,0.707106781187,0.));
#8621 = DIRECTION('',(0.707106781187,0.707106781187,0.));
#8622 = PCURVE('',#3788,#8623);
#8623 = DEFINITIONAL_REPRESENTATION('',(#8624),#8641);
#8624 = B_SPLINE_CURVE_WITH_KNOTS('',8,(#8625,#8626,#8627,#8628,#8629,
    #8630,#8631,#8632,#8633,#8634,#8635,#8636,#8637,#8638,#8639,#8640),
  .UNSPECIFIED.,.F.,.F.,(9,7,9),(1.570796326795,3.14159265359,
    4.712388980385),.UNSPECIFIED.);
#8625 = CARTESIAN_POINT('',(3.14159265359,44.45));
#8626 = CARTESIAN_POINT('',(3.337942194439,43.514885311705));
#8627 = CARTESIAN_POINT('',(3.53429173529,42.57977040137));
#8628 = CARTESIAN_POINT('',(3.730641276136,41.699593093436));
#8629 = CARTESIAN_POINT('',(3.926990816993,40.929280200318));
#8630 = CARTESIAN_POINT('',(4.123340357835,40.317016554286));
#8631 = CARTESIAN_POINT('',(4.319689898687,39.897339445624));
#8632 = CARTESIAN_POINT('',(4.516039439535,39.6875));
#8633 = CARTESIAN_POINT('',(4.908738521234,39.6875));
#8634 = CARTESIAN_POINT('',(5.105088062083,39.897339445608));
#8635 = CARTESIAN_POINT('',(5.301437602935,40.317016554271));
#8636 = CARTESIAN_POINT('',(5.49778714378,40.929280200282));
#8637 = CARTESIAN_POINT('',(5.694136684634,41.699593093434));
#8638 = CARTESIAN_POINT('',(5.89048622548,42.579770401355));
#8639 = CARTESIAN_POINT('',(6.08683576633,43.514885311705));
#8640 = CARTESIAN_POINT('',(6.28318530718,44.45));
#8641 = ( GEOMETRIC_REPRESENTATION_CONTEXT(2) 
PARAMETRIC_REPRESENTATION_CONTEXT() REPRESENTATION_CONTEXT('2D SPACE',''
  ) );
#8642 = PCURVE('',#8595,#8643);
#8643 = DEFINITIONAL_REPRESENTATION('',(#8644),#8661);
#8644 = B_SPLINE_CURVE_WITH_KNOTS('',8,(#8645,#8646,#8647,#8648,#8649,
    #8650,#8651,#8652,#8653,#8654,#8655,#8656,#8657,#8658,#8659,#8660),
  .UNSPECIFIED.,.F.,.F.,(9,7,9),(1.570796326795,3.14159265359,
    4.712388980385),.UNSPECIFIED.);
#8645 = CARTESIAN_POINT('',(3.14159265359,254.));
#8646 = CARTESIAN_POINT('',(2.94524311274,253.0648853117));
#8647 = CARTESIAN_POINT('',(2.748893571888,252.12977040148));
#8648 = CARTESIAN_POINT('',(2.55254403105,251.24959309271));
#8649 = CARTESIAN_POINT('',(2.356194490177,250.47928020111));
#8650 = CARTESIAN_POINT('',(2.159844949351,249.86701655334));
#8651 = CARTESIAN_POINT('',(1.96349540849,249.44733944576));
#8652 = CARTESIAN_POINT('',(1.767145867644,249.2375));
#8653 = CARTESIAN_POINT('',(1.374446785946,249.2375));
#8654 = CARTESIAN_POINT('',(1.178097245096,249.44733944572));
#8655 = CARTESIAN_POINT('',(0.981747704245,249.86701655351));
#8656 = CARTESIAN_POINT('',(0.785398163398,250.479280201));
#8657 = CARTESIAN_POINT('',(0.589048622546,251.24959309296));
#8658 = CARTESIAN_POINT('',(0.392699081699,252.12977040144));
#8659 = CARTESIAN_POINT('',(0.196349540849,253.0648853117));
#8660 = CARTESIAN_POINT('',(0.,254.));
#8661 = ( GEOMETRIC_REPRESENTATION_CONTEXT(2) 
PARAMETRIC_REPRESENTATION_CONTEXT() REPRESENTATION_CONTEXT('2D SPACE',''
  ) );
#8662 = ORIENTED_EDGE('',*,*,#8663,.T.);
#8663 = EDGE_CURVE('',#8614,#8573,#8664,.T.);
#8664 = SURFACE_CURVE('',#8665,(#8670,#8683),.PCURVE_S1.);
#8665 = ELLIPSE('',#8666,6.735192090802,4.7625);
#8666 = AXIS2_PLACEMENT_3D('',#8667,#8668,#8669);
#8667 = CARTESIAN_POINT('',(127.,44.45,101.6));
#8668 = DIRECTION('',(0.707106781187,0.707106781187,0.));
#8669 = DIRECTION('',(-0.707106781187,0.707106781187,0.));
#8670 = PCURVE('',#3788,#8671);
#8671 = DEFINITIONAL_REPRESENTATION('',(#8672),#8682);
#8672 = B_SPLINE_CURVE_WITH_KNOTS('',8,(#8673,#8674,#8675,#8676,#8677,
    #8678,#8679,#8680,#8681),.UNSPECIFIED.,.F.,.F.,(9,9),(4.712388980385
    ,6.28318530718),.PIECEWISE_BEZIER_KNOTS.);
#8673 = CARTESIAN_POINT('',(3.14159265359,44.45));
#8674 = CARTESIAN_POINT('',(3.337942194439,45.385114688295));
#8675 = CARTESIAN_POINT('',(3.534291735284,46.320229598605));
#8676 = CARTESIAN_POINT('',(3.730641276133,47.200406906477));
#8677 = CARTESIAN_POINT('',(3.92699081697,47.970719799511));
#8678 = CARTESIAN_POINT('',(4.123340357835,48.582983445654));
#8679 = CARTESIAN_POINT('',(4.319689898682,49.002660554341));
#8680 = CARTESIAN_POINT('',(4.516039439535,49.2125));
#8681 = CARTESIAN_POINT('',(4.712388980385,49.2125));
#8682 = ( GEOMETRIC_REPRESENTATION_CONTEXT(2) 
PARAMETRIC_REPRESENTATION_CONTEXT() REPRESENTATION_CONTEXT('2D SPACE',''
  ) );
#8683 = PCURVE('',#8595,#8684);
#8684 = DEFINITIONAL_REPRESENTATION('',(#8685),#8695);
#8685 = B_SPLINE_CURVE_WITH_KNOTS('',8,(#8686,#8687,#8688,#8689,#8690,
    #8691,#8692,#8693,#8694),.UNSPECIFIED.,.F.,.F.,(9,9),(4.712388980385
    ,6.28318530718),.PIECEWISE_BEZIER_KNOTS.);
#8686 = CARTESIAN_POINT('',(3.14159265359,254.));
#8687 = CARTESIAN_POINT('',(3.337942194439,253.0648853117));
#8688 = CARTESIAN_POINT('',(3.534291735285,252.12977040148));
#8689 = CARTESIAN_POINT('',(3.730641276142,251.24959309271));
#8690 = CARTESIAN_POINT('',(3.926990816972,250.47928020111));
#8691 = CARTESIAN_POINT('',(4.123340357837,249.86701655334));
#8692 = CARTESIAN_POINT('',(4.319689898683,249.44733944576));
#8693 = CARTESIAN_POINT('',(4.516039439535,249.2375));
#8694 = CARTESIAN_POINT('',(4.712388980385,249.2375));
#8695 = ( GEOMETRIC_REPRESENTATION_CONTEXT(2) 
PARAMETRIC_REPRESENTATION_CONTEXT() REPRESENTATION_CONTEXT('2D SPACE',''
  ) );
#8696 = FACE_BOUND('',#8697,.T.);
#8697 = EDGE_LOOP('',(#8698,#8739,#8789));
#8698 = ORIENTED_EDGE('',*,*,#8699,.T.);
#8699 = EDGE_CURVE('',#8700,#8474,#8702,.T.);
#8700 = VERTEX_POINT('',#8701);
#8701 = CARTESIAN_POINT('',(122.2375,93.6625,101.6));
#8702 = SURFACE_CURVE('',#8703,(#8708,#8721),.PCURVE_S1.);
#8703 = ELLIPSE('',#8704,6.735192090802,4.7625);
#8704 = AXIS2_PLACEMENT_3D('',#8705,#8706,#8707);
#8705 = CARTESIAN_POINT('',(127.,88.9,101.6));
#8706 = DIRECTION('',(0.707106781187,0.707106781187,0.));
#8707 = DIRECTION('',(-0.707106781187,0.707106781187,0.));
#8708 = PCURVE('',#3788,#8709);
#8709 = DEFINITIONAL_REPRESENTATION('',(#8710),#8720);
#8710 = B_SPLINE_CURVE_WITH_KNOTS('',8,(#8711,#8712,#8713,#8714,#8715,
    #8716,#8717,#8718,#8719),.UNSPECIFIED.,.F.,.F.,(9,9),(0.,
    1.570796326795),.PIECEWISE_BEZIER_KNOTS.);
#8711 = CARTESIAN_POINT('',(4.712388980385,93.6625));
#8712 = CARTESIAN_POINT('',(4.908738521234,93.6625));
#8713 = CARTESIAN_POINT('',(5.105088062083,93.452660554223));
#8714 = CARTESIAN_POINT('',(5.301437602938,93.032983445956));
#8715 = CARTESIAN_POINT('',(5.497787143778,92.420719798999));
#8716 = CARTESIAN_POINT('',(5.694136684636,91.65040690676));
#8717 = CARTESIAN_POINT('',(5.89048622548,90.770229598473));
#8718 = CARTESIAN_POINT('',(6.08683576633,89.835114688295));
#8719 = CARTESIAN_POINT('',(6.28318530718,88.9));
#8720 = ( GEOMETRIC_REPRESENTATION_CONTEXT(2) 
PARAMETRIC_REPRESENTATION_CONTEXT() REPRESENTATION_CONTEXT('2D SPACE',''
  ) );
#8721 = PCURVE('',#8722,#8727);
#8722 = CYLINDRICAL_SURFACE('',#8723,4.7625);
#8723 = AXIS2_PLACEMENT_3D('',#8724,#8725,#8726);
#8724 = CARTESIAN_POINT('',(-127.,88.9,101.6));
#8725 = DIRECTION('',(1.,0.,0.));
#8726 = DIRECTION('',(0.,0.,1.));
#8727 = DEFINITIONAL_REPRESENTATION('',(#8728),#8738);
#8728 = B_SPLINE_CURVE_WITH_KNOTS('',8,(#8729,#8730,#8731,#8732,#8733,
    #8734,#8735,#8736,#8737),.UNSPECIFIED.,.F.,.F.,(9,9),(0.,
    1.570796326795),.PIECEWISE_BEZIER_KNOTS.);
#8729 = CARTESIAN_POINT('',(4.712388980385,249.2375));
#8730 = CARTESIAN_POINT('',(4.908738521234,249.2375));
#8731 = CARTESIAN_POINT('',(5.105088062083,249.44733944572));
#8732 = CARTESIAN_POINT('',(5.301437602938,249.86701655351));
#8733 = CARTESIAN_POINT('',(5.497787143778,250.479280201));
#8734 = CARTESIAN_POINT('',(5.694136684636,251.24959309296));
#8735 = CARTESIAN_POINT('',(5.89048622548,252.12977040144));
#8736 = CARTESIAN_POINT('',(6.08683576633,253.0648853117));
#8737 = CARTESIAN_POINT('',(6.28318530718,254.));
#8738 = ( GEOMETRIC_REPRESENTATION_CONTEXT(2) 
PARAMETRIC_REPRESENTATION_CONTEXT() REPRESENTATION_CONTEXT('2D SPACE',''
  ) );
#8739 = ORIENTED_EDGE('',*,*,#8740,.F.);
#8740 = EDGE_CURVE('',#8741,#8474,#8743,.T.);
#8741 = VERTEX_POINT('',#8742);
#8742 = CARTESIAN_POINT('',(127.,88.9,96.8375));
#8743 = SURFACE_CURVE('',#8744,(#8749,#8769),.PCURVE_S1.);
#8744 = ELLIPSE('',#8745,6.735192090802,4.7625);
#8745 = AXIS2_PLACEMENT_3D('',#8746,#8747,#8748);
#8746 = CARTESIAN_POINT('',(127.,88.9,101.6));
#8747 = DIRECTION('',(-0.707106781187,0.707106781187,0.));
#8748 = DIRECTION('',(0.707106781187,0.707106781187,0.));
#8749 = PCURVE('',#3788,#8750);
#8750 = DEFINITIONAL_REPRESENTATION('',(#8751),#8768);
#8751 = B_SPLINE_CURVE_WITH_KNOTS('',8,(#8752,#8753,#8754,#8755,#8756,
    #8757,#8758,#8759,#8760,#8761,#8762,#8763,#8764,#8765,#8766,#8767),
  .UNSPECIFIED.,.F.,.F.,(9,7,9),(1.570796326795,3.14159265359,
    4.712388980385),.UNSPECIFIED.);
#8752 = CARTESIAN_POINT('',(3.14159265359,88.9));
#8753 = CARTESIAN_POINT('',(3.337942194439,87.964885311705));
#8754 = CARTESIAN_POINT('',(3.53429173529,87.029770401285));
#8755 = CARTESIAN_POINT('',(3.730641276136,86.149593093531));
#8756 = CARTESIAN_POINT('',(3.926990816993,85.379280200073));
#8757 = CARTESIAN_POINT('',(4.123340357835,84.767016554372));
#8758 = CARTESIAN_POINT('',(4.319689898687,84.347339445559));
#8759 = CARTESIAN_POINT('',(4.516039439535,84.1375));
#8760 = CARTESIAN_POINT('',(4.908738521234,84.1375));
#8761 = CARTESIAN_POINT('',(5.105088062083,84.347339445616));
#8762 = CARTESIAN_POINT('',(5.301437602935,84.767016554167));
#8763 = CARTESIAN_POINT('',(5.49778714378,85.379280200145));
#8764 = CARTESIAN_POINT('',(5.694136684634,86.149593093383));
#8765 = CARTESIAN_POINT('',(5.89048622548,87.029770401356));
#8766 = CARTESIAN_POINT('',(6.08683576633,87.964885311705));
#8767 = CARTESIAN_POINT('',(6.28318530718,88.9));
#8768 = ( GEOMETRIC_REPRESENTATION_CONTEXT(2) 
PARAMETRIC_REPRESENTATION_CONTEXT() REPRESENTATION_CONTEXT('2D SPACE',''
  ) );
#8769 = PCURVE('',#8722,#8770);
#8770 = DEFINITIONAL_REPRESENTATION('',(#8771),#8788);
#8771 = B_SPLINE_CURVE_WITH_KNOTS('',8,(#8772,#8773,#8774,#8775,#8776,
    #8777,#8778,#8779,#8780,#8781,#8782,#8783,#8784,#8785,#8786,#8787),
  .UNSPECIFIED.,.F.,.F.,(9,7,9),(1.570796326795,3.14159265359,
    4.712388980385),.UNSPECIFIED.);
#8772 = CARTESIAN_POINT('',(3.14159265359,254.));
#8773 = CARTESIAN_POINT('',(2.94524311274,253.0648853117));
#8774 = CARTESIAN_POINT('',(2.748893571889,252.12977040148));
#8775 = CARTESIAN_POINT('',(2.552544031047,251.24959309271));
#8776 = CARTESIAN_POINT('',(2.35619449018,250.47928020111));
#8777 = CARTESIAN_POINT('',(2.159844949349,249.86701655334));
#8778 = CARTESIAN_POINT('',(1.963495408492,249.44733944576));
#8779 = CARTESIAN_POINT('',(1.767145867644,249.2375));
#8780 = CARTESIAN_POINT('',(1.374446785946,249.2375));
#8781 = CARTESIAN_POINT('',(1.178097245096,249.44733944572));
#8782 = CARTESIAN_POINT('',(0.981747704245,249.86701655351));
#8783 = CARTESIAN_POINT('',(0.785398163396,250.479280201));
#8784 = CARTESIAN_POINT('',(0.589048622546,251.24959309296));
#8785 = CARTESIAN_POINT('',(0.392699081698,252.12977040144));
#8786 = CARTESIAN_POINT('',(0.196349540849,253.0648853117));
#8787 = CARTESIAN_POINT('',(0.,254.));
#8788 = ( GEOMETRIC_REPRESENTATION_CONTEXT(2) 
PARAMETRIC_REPRESENTATION_CONTEXT() REPRESENTATION_CONTEXT('2D SPACE',''
  ) );
#8789 = ORIENTED_EDGE('',*,*,#8790,.T.);
#8790 = EDGE_CURVE('',#8741,#8700,#8791,.T.);
#8791 = SURFACE_CURVE('',#8792,(#8797,#8810),.PCURVE_S1.);
#8792 = ELLIPSE('',#8793,6.735192090802,4.7625);
#8793 = AXIS2_PLACEMENT_3D('',#8794,#8795,#8796);
#8794 = CARTESIAN_POINT('',(127.,88.9,101.6));
#8795 = DIRECTION('',(0.707106781187,0.707106781187,0.));
#8796 = DIRECTION('',(-0.707106781187,0.707106781187,0.));
#8797 = PCURVE('',#3788,#8798);
#8798 = DEFINITIONAL_REPRESENTATION('',(#8799),#8809);
#8799 = B_SPLINE_CURVE_WITH_KNOTS('',8,(#8800,#8801,#8802,#8803,#8804,
    #8805,#8806,#8807,#8808),.UNSPECIFIED.,.F.,.F.,(9,9),(4.712388980385
    ,6.28318530718),.PIECEWISE_BEZIER_KNOTS.);
#8800 = CARTESIAN_POINT('',(3.14159265359,88.9));
#8801 = CARTESIAN_POINT('',(3.337942194439,89.835114688295));
#8802 = CARTESIAN_POINT('',(3.534291735284,90.770229598624));
#8803 = CARTESIAN_POINT('',(3.730641276133,91.650406906341));
#8804 = CARTESIAN_POINT('',(3.92699081697,92.42071979969));
#8805 = CARTESIAN_POINT('',(4.123340357835,93.032983445501));
#8806 = CARTESIAN_POINT('',(4.319689898682,93.452660554342));
#8807 = CARTESIAN_POINT('',(4.516039439535,93.6625));
#8808 = CARTESIAN_POINT('',(4.712388980385,93.6625));
#8809 = ( GEOMETRIC_REPRESENTATION_CONTEXT(2) 
PARAMETRIC_REPRESENTATION_CONTEXT() REPRESENTATION_CONTEXT('2D SPACE',''
  ) );
#8810 = PCURVE('',#8722,#8811);
#8811 = DEFINITIONAL_REPRESENTATION('',(#8812),#8822);
#8812 = B_SPLINE_CURVE_WITH_KNOTS('',8,(#8813,#8814,#8815,#8816,#8817,
    #8818,#8819,#8820,#8821),.UNSPECIFIED.,.F.,.F.,(9,9),(4.712388980385
    ,6.28318530718),.PIECEWISE_BEZIER_KNOTS.);
#8813 = CARTESIAN_POINT('',(3.14159265359,254.));
#8814 = CARTESIAN_POINT('',(3.337942194439,253.0648853117));
#8815 = CARTESIAN_POINT('',(3.534291735284,252.12977040148));
#8816 = CARTESIAN_POINT('',(3.730641276133,251.24959309271));
#8817 = CARTESIAN_POINT('',(3.92699081697,250.47928020111));
#8818 = CARTESIAN_POINT('',(4.123340357835,249.86701655334));
#8819 = CARTESIAN_POINT('',(4.319689898682,249.44733944576));
#8820 = CARTESIAN_POINT('',(4.516039439535,249.2375));
#8821 = CARTESIAN_POINT('',(4.712388980385,249.2375));
#8822 = ( GEOMETRIC_REPRESENTATION_CONTEXT(2) 
PARAMETRIC_REPRESENTATION_CONTEXT() REPRESENTATION_CONTEXT('2D SPACE',''
  ) );
#8823 = FACE_BOUND('',#8824,.T.);
#8824 = EDGE_LOOP('',(#8825,#8866,#8916));
#8825 = ORIENTED_EDGE('',*,*,#8826,.T.);
#8826 = EDGE_CURVE('',#8827,#8496,#8829,.T.);
#8827 = VERTEX_POINT('',#8828);
#8828 = CARTESIAN_POINT('',(122.2375,138.1125,101.6));
#8829 = SURFACE_CURVE('',#8830,(#8835,#8848),.PCURVE_S1.);
#8830 = ELLIPSE('',#8831,6.735192090802,4.7625);
#8831 = AXIS2_PLACEMENT_3D('',#8832,#8833,#8834);
#8832 = CARTESIAN_POINT('',(127.,133.35,101.6));
#8833 = DIRECTION('',(0.707106781187,0.707106781187,0.));
#8834 = DIRECTION('',(-0.707106781187,0.707106781187,0.));
#8835 = PCURVE('',#3788,#8836);
#8836 = DEFINITIONAL_REPRESENTATION('',(#8837),#8847);
#8837 = B_SPLINE_CURVE_WITH_KNOTS('',8,(#8838,#8839,#8840,#8841,#8842,
    #8843,#8844,#8845,#8846),.UNSPECIFIED.,.F.,.F.,(9,9),(0.,
    1.570796326795),.PIECEWISE_BEZIER_KNOTS.);
#8838 = CARTESIAN_POINT('',(4.712388980385,138.1125));
#8839 = CARTESIAN_POINT('',(4.908738521234,138.1125));
#8840 = CARTESIAN_POINT('',(5.105088062083,137.90266055424));
#8841 = CARTESIAN_POINT('',(5.301437602938,137.48298344575));
#8842 = CARTESIAN_POINT('',(5.497787143778,136.87071979899));
#8843 = CARTESIAN_POINT('',(5.694136684636,136.1004069065));
#8844 = CARTESIAN_POINT('',(5.89048622548,135.2202295985));
#8845 = CARTESIAN_POINT('',(6.08683576633,134.28511468829));
#8846 = CARTESIAN_POINT('',(6.28318530718,133.35));
#8847 = ( GEOMETRIC_REPRESENTATION_CONTEXT(2) 
PARAMETRIC_REPRESENTATION_CONTEXT() REPRESENTATION_CONTEXT('2D SPACE',''
  ) );
#8848 = PCURVE('',#8849,#8854);
#8849 = CYLINDRICAL_SURFACE('',#8850,4.7625);
#8850 = AXIS2_PLACEMENT_3D('',#8851,#8852,#8853);
#8851 = CARTESIAN_POINT('',(-127.,133.35,101.6));
#8852 = DIRECTION('',(1.,0.,0.));
#8853 = DIRECTION('',(0.,0.,1.));
#8854 = DEFINITIONAL_REPRESENTATION('',(#8855),#8865);
#8855 = B_SPLINE_CURVE_WITH_KNOTS('',8,(#8856,#8857,#8858,#8859,#8860,
    #8861,#8862,#8863,#8864),.UNSPECIFIED.,.F.,.F.,(9,9),(0.,
    1.570796326795),.PIECEWISE_BEZIER_KNOTS.);
#8856 = CARTESIAN_POINT('',(4.712388980385,249.2375));
#8857 = CARTESIAN_POINT('',(4.908738521234,249.2375));
#8858 = CARTESIAN_POINT('',(5.105088062082,249.44733944572));
#8859 = CARTESIAN_POINT('',(5.301437602939,249.86701655351));
#8860 = CARTESIAN_POINT('',(5.497787143776,250.479280201));
#8861 = CARTESIAN_POINT('',(5.694136684638,251.24959309296));
#8862 = CARTESIAN_POINT('',(5.89048622548,252.12977040144));
#8863 = CARTESIAN_POINT('',(6.08683576633,253.0648853117));
#8864 = CARTESIAN_POINT('',(6.28318530718,254.));
#8865 = ( GEOMETRIC_REPRESENTATION_CONTEXT(2) 
PARAMETRIC_REPRESENTATION_CONTEXT() REPRESENTATION_CONTEXT('2D SPACE',''
  ) );
#8866 = ORIENTED_EDGE('',*,*,#8867,.F.);
#8867 = EDGE_CURVE('',#8868,#8496,#8870,.T.);
#8868 = VERTEX_POINT('',#8869);
#8869 = CARTESIAN_POINT('',(127.,133.35,96.8375));
#8870 = SURFACE_CURVE('',#8871,(#8876,#8896),.PCURVE_S1.);
#8871 = ELLIPSE('',#8872,6.735192090802,4.7625);
#8872 = AXIS2_PLACEMENT_3D('',#8873,#8874,#8875);
#8873 = CARTESIAN_POINT('',(127.,133.35,101.6));
#8874 = DIRECTION('',(-0.707106781187,0.707106781187,0.));
#8875 = DIRECTION('',(0.707106781187,0.707106781187,0.));
#8876 = PCURVE('',#3788,#8877);
#8877 = DEFINITIONAL_REPRESENTATION('',(#8878),#8895);
#8878 = B_SPLINE_CURVE_WITH_KNOTS('',8,(#8879,#8880,#8881,#8882,#8883,
    #8884,#8885,#8886,#8887,#8888,#8889,#8890,#8891,#8892,#8893,#8894),
  .UNSPECIFIED.,.F.,.F.,(9,7,9),(1.570796326795,3.14159265359,
    4.712388980385),.UNSPECIFIED.);
#8879 = CARTESIAN_POINT('',(3.14159265359,133.35));
#8880 = CARTESIAN_POINT('',(3.337942194439,132.4148853117));
#8881 = CARTESIAN_POINT('',(3.53429173529,131.47977040139));
#8882 = CARTESIAN_POINT('',(3.730641276136,130.59959309341));
#8883 = CARTESIAN_POINT('',(3.926990816993,129.82928020024));
#8884 = CARTESIAN_POINT('',(4.123340357835,129.21701655417));
#8885 = CARTESIAN_POINT('',(4.319689898687,128.79733944563));
#8886 = CARTESIAN_POINT('',(4.516039439535,128.5875));
#8887 = CARTESIAN_POINT('',(4.908738521234,128.5875));
#8888 = CARTESIAN_POINT('',(5.105088062083,128.79733944589));
#8889 = CARTESIAN_POINT('',(5.301437602935,129.21701655342));
#8890 = CARTESIAN_POINT('',(5.49778714378,129.82928020166));
#8891 = CARTESIAN_POINT('',(5.694136684634,130.59959309249));
#8892 = CARTESIAN_POINT('',(5.89048622548,131.47977040164));
#8893 = CARTESIAN_POINT('',(6.08683576633,132.4148853117));
#8894 = CARTESIAN_POINT('',(6.28318530718,133.35));
#8895 = ( GEOMETRIC_REPRESENTATION_CONTEXT(2) 
PARAMETRIC_REPRESENTATION_CONTEXT() REPRESENTATION_CONTEXT('2D SPACE',''
  ) );
#8896 = PCURVE('',#8849,#8897);
#8897 = DEFINITIONAL_REPRESENTATION('',(#8898),#8915);
#8898 = B_SPLINE_CURVE_WITH_KNOTS('',8,(#8899,#8900,#8901,#8902,#8903,
    #8904,#8905,#8906,#8907,#8908,#8909,#8910,#8911,#8912,#8913,#8914),
  .UNSPECIFIED.,.F.,.F.,(9,7,9),(1.570796326795,3.14159265359,
    4.712388980385),.UNSPECIFIED.);
#8899 = CARTESIAN_POINT('',(3.14159265359,254.));
#8900 = CARTESIAN_POINT('',(2.94524311274,253.0648853117));
#8901 = CARTESIAN_POINT('',(2.74889357189,252.12977040148));
#8902 = CARTESIAN_POINT('',(2.552544031036,251.24959309271));
#8903 = CARTESIAN_POINT('',(2.356194490188,250.47928020111));
#8904 = CARTESIAN_POINT('',(2.15984494934,249.86701655334));
#8905 = CARTESIAN_POINT('',(1.963495408493,249.44733944576));
#8906 = CARTESIAN_POINT('',(1.767145867644,249.2375));
#8907 = CARTESIAN_POINT('',(1.374446785946,249.2375));
#8908 = CARTESIAN_POINT('',(1.178097245097,249.44733944572));
#8909 = CARTESIAN_POINT('',(0.981747704243,249.86701655351));
#8910 = CARTESIAN_POINT('',(0.785398163401,250.479280201));
#8911 = CARTESIAN_POINT('',(0.589048622545,251.24959309296));
#8912 = CARTESIAN_POINT('',(0.3926990817,252.12977040144));
#8913 = CARTESIAN_POINT('',(0.196349540849,253.0648853117));
#8914 = CARTESIAN_POINT('',(0.,254.));
#8915 = ( GEOMETRIC_REPRESENTATION_CONTEXT(2) 
PARAMETRIC_REPRESENTATION_CONTEXT() REPRESENTATION_CONTEXT('2D SPACE',''
  ) );
#8916 = ORIENTED_EDGE('',*,*,#8917,.T.);
#8917 = EDGE_CURVE('',#8868,#8827,#8918,.T.);
#8918 = SURFACE_CURVE('',#8919,(#8924,#8937),.PCURVE_S1.);
#8919 = ELLIPSE('',#8920,6.735192090802,4.7625);
#8920 = AXIS2_PLACEMENT_3D('',#8921,#8922,#8923);
#8921 = CARTESIAN_POINT('',(127.,133.35,101.6));
#8922 = DIRECTION('',(0.707106781187,0.707106781187,0.));
#8923 = DIRECTION('',(-0.707106781187,0.707106781187,0.));
#8924 = PCURVE('',#3788,#8925);
#8925 = DEFINITIONAL_REPRESENTATION('',(#8926),#8936);
#8926 = B_SPLINE_CURVE_WITH_KNOTS('',8,(#8927,#8928,#8929,#8930,#8931,
    #8932,#8933,#8934,#8935),.UNSPECIFIED.,.F.,.F.,(9,9),(4.712388980385
    ,6.28318530718),.PIECEWISE_BEZIER_KNOTS.);
#8927 = CARTESIAN_POINT('',(3.14159265359,133.35));
#8928 = CARTESIAN_POINT('',(3.337942194439,134.28511468829));
#8929 = CARTESIAN_POINT('',(3.534291735284,135.22022959858));
#8930 = CARTESIAN_POINT('',(3.730641276133,136.10040690638));
#8931 = CARTESIAN_POINT('',(3.92699081697,136.87071979946));
#8932 = CARTESIAN_POINT('',(4.123340357835,137.48298344542));
#8933 = CARTESIAN_POINT('',(4.319689898682,137.90266055429));
#8934 = CARTESIAN_POINT('',(4.516039439535,138.1125));
#8935 = CARTESIAN_POINT('',(4.712388980385,138.1125));
#8936 = ( GEOMETRIC_REPRESENTATION_CONTEXT(2) 
PARAMETRIC_REPRESENTATION_CONTEXT() REPRESENTATION_CONTEXT('2D SPACE',''
  ) );
#8937 = PCURVE('',#8849,#8938);
#8938 = DEFINITIONAL_REPRESENTATION('',(#8939),#8949);
#8939 = B_SPLINE_CURVE_WITH_KNOTS('',8,(#8940,#8941,#8942,#8943,#8944,
    #8945,#8946,#8947,#8948),.UNSPECIFIED.,.F.,.F.,(9,9),(4.712388980385
    ,6.28318530718),.PIECEWISE_BEZIER_KNOTS.);
#8940 = CARTESIAN_POINT('',(3.14159265359,254.));
#8941 = CARTESIAN_POINT('',(3.337942194439,253.0648853117));
#8942 = CARTESIAN_POINT('',(3.534291735285,252.12977040148));
#8943 = CARTESIAN_POINT('',(3.730641276142,251.24959309271));
#8944 = CARTESIAN_POINT('',(3.926990816972,250.47928020111));
#8945 = CARTESIAN_POINT('',(4.123340357837,249.86701655334));
#8946 = CARTESIAN_POINT('',(4.319689898683,249.44733944576));
#8947 = CARTESIAN_POINT('',(4.516039439535,249.2375));
#8948 = CARTESIAN_POINT('',(4.712388980385,249.2375));
#8949 = ( GEOMETRIC_REPRESENTATION_CONTEXT(2) 
PARAMETRIC_REPRESENTATION_CONTEXT() REPRESENTATION_CONTEXT('2D SPACE',''
  ) );
#8950 = ADVANCED_FACE('',(#8951),#3698,.T.);
#8951 = FACE_BOUND('',#8952,.T.);
#8952 = EDGE_LOOP('',(#8953,#8974,#8975));
#8953 = ORIENTED_EDGE('',*,*,#8954,.F.);
#8954 = EDGE_CURVE('',#3682,#8955,#8957,.T.);
#8955 = VERTEX_POINT('',#8956);
#8956 = CARTESIAN_POINT('',(127.,0.,101.6));
#8957 = SURFACE_CURVE('',#8958,(#8962,#8968),.PCURVE_S1.);
#8958 = LINE('',#8959,#8960);
#8959 = CARTESIAN_POINT('',(127.,2.871265370162E-16,101.6));
#8960 = VECTOR('',#8961,1.);
#8961 = DIRECTION('',(0.,1.,0.));
#8962 = PCURVE('',#3698,#8963);
#8963 = DEFINITIONAL_REPRESENTATION('',(#8964),#8967);
#8964 = B_SPLINE_CURVE_WITH_KNOTS('',1,(#8965,#8966),.UNSPECIFIED.,.F.,
  .F.,(2,2),(-4.7625,2.961115010778E-16),.PIECEWISE_BEZIER_KNOTS.);
#8965 = CARTESIAN_POINT('',(1.42108547152E-14,-4.7625));
#8966 = CARTESIAN_POINT('',(1.42108547152E-14,7.776507174586E-16));
#8967 = ( GEOMETRIC_REPRESENTATION_CONTEXT(2) 
PARAMETRIC_REPRESENTATION_CONTEXT() REPRESENTATION_CONTEXT('2D SPACE',''
  ) );
#8968 = PCURVE('',#5252,#8969);
#8969 = DEFINITIONAL_REPRESENTATION('',(#8970),#8973);
#8970 = B_SPLINE_CURVE_WITH_KNOTS('',1,(#8971,#8972),.UNSPECIFIED.,.F.,
  .F.,(2,2),(-4.7625,2.961115010778E-16),.PIECEWISE_BEZIER_KNOTS.);
#8971 = CARTESIAN_POINT('',(1.42108547152E-14,4.7625));
#8972 = CARTESIAN_POINT('',(1.42108547152E-14,1.85427715303E-16));
#8973 = ( GEOMETRIC_REPRESENTATION_CONTEXT(2) 
PARAMETRIC_REPRESENTATION_CONTEXT() REPRESENTATION_CONTEXT('2D SPACE',''
  ) );
#8974 = ORIENTED_EDGE('',*,*,#3681,.T.);
#8975 = ORIENTED_EDGE('',*,*,#8976,.T.);
#8976 = EDGE_CURVE('',#3660,#8955,#8977,.T.);
#8977 = SURFACE_CURVE('',#8978,(#8982,#8988),.PCURVE_S1.);
#8978 = LINE('',#8979,#8980);
#8979 = CARTESIAN_POINT('',(127.,0.,101.6));
#8980 = VECTOR('',#8981,1.);
#8981 = DIRECTION('',(-1.,0.,0.));
#8982 = PCURVE('',#3698,#8983);
#8983 = DEFINITIONAL_REPRESENTATION('',(#8984),#8987);
#8984 = B_SPLINE_CURVE_WITH_KNOTS('',1,(#8985,#8986),.UNSPECIFIED.,.F.,
  .F.,(2,2),(-4.7625,4.7625),.PIECEWISE_BEZIER_KNOTS.);
#8985 = CARTESIAN_POINT('',(4.7625,1.944126793646E-16));
#8986 = CARTESIAN_POINT('',(-4.7625,1.944126793646E-16));
#8987 = ( GEOMETRIC_REPRESENTATION_CONTEXT(2) 
PARAMETRIC_REPRESENTATION_CONTEXT() REPRESENTATION_CONTEXT('2D SPACE',''
  ) );
#8988 = PCURVE('',#8436,#8989);
#8989 = DEFINITIONAL_REPRESENTATION('',(#8990),#8993);
#8990 = B_SPLINE_CURVE_WITH_KNOTS('',1,(#8991,#8992),.UNSPECIFIED.,.F.,
  .F.,(2,2),(-4.7625,4.7625),.PIECEWISE_BEZIER_KNOTS.);
#8991 = CARTESIAN_POINT('',(0.,4.7625));
#8992 = CARTESIAN_POINT('',(0.,-4.7625));
#8993 = ( GEOMETRIC_REPRESENTATION_CONTEXT(2) 
PARAMETRIC_REPRESENTATION_CONTEXT() REPRESENTATION_CONTEXT('2D SPACE',''
  ) );
#8994 = ADVANCED_FACE('',(#8995),#3647,.F.);
#8995 = FACE_BOUND('',#8996,.F.);
#8996 = EDGE_LOOP('',(#8997,#8998,#9017));
#8997 = ORIENTED_EDGE('',*,*,#3630,.T.);
#8998 = ORIENTED_EDGE('',*,*,#8999,.F.);
#8999 = EDGE_CURVE('',#3888,#3631,#9000,.T.);
#9000 = SURFACE_CURVE('',#9001,(#9005,#9011),.PCURVE_S1.);
#9001 = LINE('',#9002,#9003);
#9002 = CARTESIAN_POINT('',(127.,0.,0.));
#9003 = VECTOR('',#9004,1.);
#9004 = DIRECTION('',(1.,0.,0.));
#9005 = PCURVE('',#3647,#9006);
#9006 = DEFINITIONAL_REPRESENTATION('',(#9007),#9010);
#9007 = B_SPLINE_CURVE_WITH_KNOTS('',1,(#9008,#9009),.UNSPECIFIED.,.F.,
  .F.,(2,2),(0.,4.7625),.PIECEWISE_BEZIER_KNOTS.);
#9008 = CARTESIAN_POINT('',(1.42108547152E-14,1.944126793646E-16));
#9009 = CARTESIAN_POINT('',(4.7625,1.944126793646E-16));
#9010 = ( GEOMETRIC_REPRESENTATION_CONTEXT(2) 
PARAMETRIC_REPRESENTATION_CONTEXT() REPRESENTATION_CONTEXT('2D SPACE',''
  ) );
#9011 = PCURVE('',#3902,#9012);
#9012 = DEFINITIONAL_REPRESENTATION('',(#9013),#9016);
#9013 = B_SPLINE_CURVE_WITH_KNOTS('',1,(#9014,#9015),.UNSPECIFIED.,.F.,
  .F.,(2,2),(0.,4.7625),.PIECEWISE_BEZIER_KNOTS.);
#9014 = CARTESIAN_POINT('',(-8.613796110485E-16,0.));
#9015 = CARTESIAN_POINT('',(-8.613796110485E-16,4.7625));
#9016 = ( GEOMETRIC_REPRESENTATION_CONTEXT(2) 
PARAMETRIC_REPRESENTATION_CONTEXT() REPRESENTATION_CONTEXT('2D SPACE',''
  ) );
#9017 = ORIENTED_EDGE('',*,*,#3913,.T.);
#9018 = ADVANCED_FACE('',(#9019),#3902,.F.);
#9019 = FACE_BOUND('',#9020,.F.);
#9020 = EDGE_LOOP('',(#9021,#9022,#9023));
#9021 = ORIENTED_EDGE('',*,*,#3887,.F.);
#9022 = ORIENTED_EDGE('',*,*,#8999,.T.);
#9023 = ORIENTED_EDGE('',*,*,#3936,.T.);
#9024 = ADVANCED_FACE('',(#9025),#4101,.T.);
#9025 = FACE_BOUND('',#9026,.T.);
#9026 = EDGE_LOOP('',(#9027,#9028,#9047));
#9027 = ORIENTED_EDGE('',*,*,#7453,.F.);
#9028 = ORIENTED_EDGE('',*,*,#9029,.T.);
#9029 = EDGE_CURVE('',#7454,#4085,#9030,.T.);
#9030 = SURFACE_CURVE('',#9031,(#9035,#9041),.PCURVE_S1.);
#9031 = LINE('',#9032,#9033);
#9032 = CARTESIAN_POINT('',(127.,177.8,0.));
#9033 = VECTOR('',#9034,1.);
#9034 = DIRECTION('',(1.,0.,0.));
#9035 = PCURVE('',#4101,#9036);
#9036 = DEFINITIONAL_REPRESENTATION('',(#9037),#9040);
#9037 = B_SPLINE_CURVE_WITH_KNOTS('',1,(#9038,#9039),.UNSPECIFIED.,.F.,
  .F.,(2,2),(0.,4.7625),.PIECEWISE_BEZIER_KNOTS.);
#9038 = CARTESIAN_POINT('',(-8.613796110485E-16,0.));
#9039 = CARTESIAN_POINT('',(-8.613796110485E-16,4.7625));
#9040 = ( GEOMETRIC_REPRESENTATION_CONTEXT(2) 
PARAMETRIC_REPRESENTATION_CONTEXT() REPRESENTATION_CONTEXT('2D SPACE',''
  ) );
#9041 = PCURVE('',#7437,#9042);
#9042 = DEFINITIONAL_REPRESENTATION('',(#9043),#9046);
#9043 = B_SPLINE_CURVE_WITH_KNOTS('',1,(#9044,#9045),.UNSPECIFIED.,.F.,
  .F.,(2,2),(0.,4.7625),.PIECEWISE_BEZIER_KNOTS.);
#9044 = CARTESIAN_POINT('',(1.42108547152E-14,-2.84217094304E-14));
#9045 = CARTESIAN_POINT('',(4.7625,-2.84217094304E-14));
#9046 = ( GEOMETRIC_REPRESENTATION_CONTEXT(2) 
PARAMETRIC_REPRESENTATION_CONTEXT() REPRESENTATION_CONTEXT('2D SPACE',''
  ) );
#9047 = ORIENTED_EDGE('',*,*,#4084,.T.);
#9048 = ADVANCED_FACE('',(#9049),#4177,.T.);
#9049 = FACE_BOUND('',#9050,.T.);
#9050 = EDGE_LOOP('',(#9051,#9092,#9112,#9113,#9114,#9115,#9116,#9117));
#9051 = ORIENTED_EDGE('',*,*,#9052,.F.);
#9052 = EDGE_CURVE('',#4887,#9053,#9055,.T.);
#9053 = VERTEX_POINT('',#9054);
#9054 = CARTESIAN_POINT('',(80.9625,49.2125,5.832380380939E-16));
#9055 = SURFACE_CURVE('',#9056,(#9061,#9074),.PCURVE_S1.);
#9056 = ELLIPSE('',#9057,6.735192090802,4.7625);
#9057 = AXIS2_PLACEMENT_3D('',#9058,#9059,#9060);
#9058 = CARTESIAN_POINT('',(76.2,44.45,0.));
#9059 = DIRECTION('',(-0.707106781187,0.707106781187,0.));
#9060 = DIRECTION('',(0.707106781187,0.707106781187,0.));
#9061 = PCURVE('',#4177,#9062);
#9062 = DEFINITIONAL_REPRESENTATION('',(#9063),#9073);
#9063 = B_SPLINE_CURVE_WITH_KNOTS('',8,(#9064,#9065,#9066,#9067,#9068,
    #9069,#9070,#9071,#9072),.UNSPECIFIED.,.F.,.F.,(9,9),(4.712388980385
    ,6.28318530718),.PIECEWISE_BEZIER_KNOTS.);
#9064 = CARTESIAN_POINT('',(6.28318530718,203.2));
#9065 = CARTESIAN_POINT('',(6.08683576633,204.13511468829));
#9066 = CARTESIAN_POINT('',(5.890486225481,205.07022959834));
#9067 = CARTESIAN_POINT('',(5.694136684631,205.95040690694));
#9068 = CARTESIAN_POINT('',(5.497787143784,206.72071979832));
#9069 = CARTESIAN_POINT('',(5.301437602933,207.33298344627));
#9070 = CARTESIAN_POINT('',(5.105088062084,207.75266055419));
#9071 = CARTESIAN_POINT('',(4.908738521234,207.9625));
#9072 = CARTESIAN_POINT('',(4.712388980385,207.9625));
#9073 = ( GEOMETRIC_REPRESENTATION_CONTEXT(2) 
PARAMETRIC_REPRESENTATION_CONTEXT() REPRESENTATION_CONTEXT('2D SPACE',''
  ) );
#9074 = PCURVE('',#9075,#9080);
#9075 = CYLINDRICAL_SURFACE('',#9076,4.7625);
#9076 = AXIS2_PLACEMENT_3D('',#9077,#9078,#9079);
#9077 = CARTESIAN_POINT('',(76.2,0.,0.));
#9078 = DIRECTION('',(0.,1.,0.));
#9079 = DIRECTION('',(0.,-0.,1.));
#9080 = DEFINITIONAL_REPRESENTATION('',(#9081),#9091);
#9081 = B_SPLINE_CURVE_WITH_KNOTS('',8,(#9082,#9083,#9084,#9085,#9086,
    #9087,#9088,#9089,#9090),.UNSPECIFIED.,.F.,.F.,(9,9),(4.712388980385
    ,6.28318530718),.PIECEWISE_BEZIER_KNOTS.);
#9082 = CARTESIAN_POINT('',(0.,44.45));
#9083 = CARTESIAN_POINT('',(0.196349540849,45.385114688295));
#9084 = CARTESIAN_POINT('',(0.392699081699,46.320229598605));
#9085 = CARTESIAN_POINT('',(0.589048622547,47.200406906477));
#9086 = CARTESIAN_POINT('',(0.785398163396,47.970719799511));
#9087 = CARTESIAN_POINT('',(0.981747704247,48.582983445654));
#9088 = CARTESIAN_POINT('',(1.178097245096,49.002660554341));
#9089 = CARTESIAN_POINT('',(1.374446785946,49.2125));
#9090 = CARTESIAN_POINT('',(1.570796326795,49.2125));
#9091 = ( GEOMETRIC_REPRESENTATION_CONTEXT(2) 
PARAMETRIC_REPRESENTATION_CONTEXT() REPRESENTATION_CONTEXT('2D SPACE',''
  ) );
#9092 = ORIENTED_EDGE('',*,*,#9093,.T.);
#9093 = EDGE_CURVE('',#4887,#3962,#9094,.T.);
#9094 = SEAM_CURVE('',#9095,(#9099,#9106),.PCURVE_S1.);
#9095 = LINE('',#9096,#9097);
#9096 = CARTESIAN_POINT('',(-127.,44.45,4.7625));
#9097 = VECTOR('',#9098,1.);
#9098 = DIRECTION('',(1.,0.,0.));
#9099 = PCURVE('',#4177,#9100);
#9100 = DEFINITIONAL_REPRESENTATION('',(#9101),#9105);
#9101 = LINE('',#9102,#9103);
#9102 = CARTESIAN_POINT('',(0.,0.));
#9103 = VECTOR('',#9104,1.);
#9104 = DIRECTION('',(0.,1.));
#9105 = ( GEOMETRIC_REPRESENTATION_CONTEXT(2) 
PARAMETRIC_REPRESENTATION_CONTEXT() REPRESENTATION_CONTEXT('2D SPACE',''
  ) );
#9106 = PCURVE('',#4177,#9107);
#9107 = DEFINITIONAL_REPRESENTATION('',(#9108),#9111);
#9108 = B_SPLINE_CURVE_WITH_KNOTS('',1,(#9109,#9110),.UNSPECIFIED.,.F.,
  .F.,(2,2),(0.,254.),.PIECEWISE_BEZIER_KNOTS.);
#9109 = CARTESIAN_POINT('',(6.28318530718,0.));
#9110 = CARTESIAN_POINT('',(6.28318530718,254.));
#9111 = ( GEOMETRIC_REPRESENTATION_CONTEXT(2) 
PARAMETRIC_REPRESENTATION_CONTEXT() REPRESENTATION_CONTEXT('2D SPACE',''
  ) );
#9112 = ORIENTED_EDGE('',*,*,#4154,.F.);
#9113 = ORIENTED_EDGE('',*,*,#4245,.F.);
#9114 = ORIENTED_EDGE('',*,*,#4195,.T.);
#9115 = ORIENTED_EDGE('',*,*,#9093,.F.);
#9116 = ORIENTED_EDGE('',*,*,#4958,.T.);
#9117 = ORIENTED_EDGE('',*,*,#9118,.F.);
#9118 = EDGE_CURVE('',#9053,#4909,#9119,.T.);
#9119 = SURFACE_CURVE('',#9120,(#9125,#9138),.PCURVE_S1.);
#9120 = ELLIPSE('',#9121,6.735192090802,4.7625);
#9121 = AXIS2_PLACEMENT_3D('',#9122,#9123,#9124);
#9122 = CARTESIAN_POINT('',(76.2,44.45,0.));
#9123 = DIRECTION('',(-0.707106781187,0.707106781187,0.));
#9124 = DIRECTION('',(0.707106781187,0.707106781187,0.));
#9125 = PCURVE('',#4177,#9126);
#9126 = DEFINITIONAL_REPRESENTATION('',(#9127),#9137);
#9127 = B_SPLINE_CURVE_WITH_KNOTS('',8,(#9128,#9129,#9130,#9131,#9132,
    #9133,#9134,#9135,#9136),.UNSPECIFIED.,.F.,.F.,(9,9),(0.,
    1.570796326795),.PIECEWISE_BEZIER_KNOTS.);
#9128 = CARTESIAN_POINT('',(4.712388980385,207.9625));
#9129 = CARTESIAN_POINT('',(4.516039439535,207.9625));
#9130 = CARTESIAN_POINT('',(4.319689898684,207.75266055441));
#9131 = CARTESIAN_POINT('',(4.123340357829,207.33298344468));
#9132 = CARTESIAN_POINT('',(3.926990816986,206.72071980022));
#9133 = CARTESIAN_POINT('',(3.730641276128,205.95040690575));
#9134 = CARTESIAN_POINT('',(3.534291735288,205.07022959868));
#9135 = CARTESIAN_POINT('',(3.337942194439,204.13511468829));
#9136 = CARTESIAN_POINT('',(3.14159265359,203.2));
#9137 = ( GEOMETRIC_REPRESENTATION_CONTEXT(2) 
PARAMETRIC_REPRESENTATION_CONTEXT() REPRESENTATION_CONTEXT('2D SPACE',''
  ) );
#9138 = PCURVE('',#9075,#9139);
#9139 = DEFINITIONAL_REPRESENTATION('',(#9140),#9150);
#9140 = B_SPLINE_CURVE_WITH_KNOTS('',8,(#9141,#9142,#9143,#9144,#9145,
    #9146,#9147,#9148,#9149),.UNSPECIFIED.,.F.,.F.,(9,9),(0.,
    1.570796326795),.PIECEWISE_BEZIER_KNOTS.);
#9141 = CARTESIAN_POINT('',(1.570796326795,49.2125));
#9142 = CARTESIAN_POINT('',(1.767145867644,49.2125));
#9143 = CARTESIAN_POINT('',(1.963495408492,49.002660554336));
#9144 = CARTESIAN_POINT('',(2.159844949342,48.582983445679));
#9145 = CARTESIAN_POINT('',(2.356194490186,47.970719799396));
#9146 = CARTESIAN_POINT('',(2.552544031042,47.200406906502));
#9147 = CARTESIAN_POINT('',(2.748893571889,46.320229598595));
#9148 = CARTESIAN_POINT('',(2.94524311274,45.385114688295));
#9149 = CARTESIAN_POINT('',(3.14159265359,44.45));
#9150 = ( GEOMETRIC_REPRESENTATION_CONTEXT(2) 
PARAMETRIC_REPRESENTATION_CONTEXT() REPRESENTATION_CONTEXT('2D SPACE',''
  ) );
#9151 = ADVANCED_FACE('',(#9152),#4304,.T.);
#9152 = FACE_BOUND('',#9153,.T.);
#9153 = EDGE_LOOP('',(#9154,#9197,#9217,#9218,#9219,#9220,#9221,#9271));
#9154 = ORIENTED_EDGE('',*,*,#9155,.F.);
#9155 = EDGE_CURVE('',#9156,#9158,#9160,.T.);
#9156 = VERTEX_POINT('',#9157);
#9157 = CARTESIAN_POINT('',(76.2,88.9,4.7625));
#9158 = VERTEX_POINT('',#9159);
#9159 = CARTESIAN_POINT('',(80.9625,93.6625,5.832380380939E-16));
#9160 = SURFACE_CURVE('',#9161,(#9166,#9179),.PCURVE_S1.);
#9161 = ELLIPSE('',#9162,6.735192090802,4.7625);
#9162 = AXIS2_PLACEMENT_3D('',#9163,#9164,#9165);
#9163 = CARTESIAN_POINT('',(76.2,88.9,0.));
#9164 = DIRECTION('',(-0.707106781187,0.707106781187,0.));
#9165 = DIRECTION('',(0.707106781187,0.707106781187,0.));
#9166 = PCURVE('',#4304,#9167);
#9167 = DEFINITIONAL_REPRESENTATION('',(#9168),#9178);
#9168 = B_SPLINE_CURVE_WITH_KNOTS('',8,(#9169,#9170,#9171,#9172,#9173,
    #9174,#9175,#9176,#9177),.UNSPECIFIED.,.F.,.F.,(9,9),(4.712388980385
    ,6.28318530718),.PIECEWISE_BEZIER_KNOTS.);
#9169 = CARTESIAN_POINT('',(6.28318530718,203.2));
#9170 = CARTESIAN_POINT('',(6.08683576633,204.13511468829));
#9171 = CARTESIAN_POINT('',(5.890486225481,205.07022959834));
#9172 = CARTESIAN_POINT('',(5.694136684632,205.95040690694));
#9173 = CARTESIAN_POINT('',(5.497787143784,206.72071979832));
#9174 = CARTESIAN_POINT('',(5.301437602933,207.33298344627));
#9175 = CARTESIAN_POINT('',(5.105088062084,207.75266055419));
#9176 = CARTESIAN_POINT('',(4.908738521234,207.9625));
#9177 = CARTESIAN_POINT('',(4.712388980385,207.9625));
#9178 = ( GEOMETRIC_REPRESENTATION_CONTEXT(2) 
PARAMETRIC_REPRESENTATION_CONTEXT() REPRESENTATION_CONTEXT('2D SPACE',''
  ) );
#9179 = PCURVE('',#9180,#9185);
#9180 = CYLINDRICAL_SURFACE('',#9181,4.7625);
#9181 = AXIS2_PLACEMENT_3D('',#9182,#9183,#9184);
#9182 = CARTESIAN_POINT('',(76.2,0.,0.));
#9183 = DIRECTION('',(0.,1.,0.));
#9184 = DIRECTION('',(0.,-0.,1.));
#9185 = DEFINITIONAL_REPRESENTATION('',(#9186),#9196);
#9186 = B_SPLINE_CURVE_WITH_KNOTS('',8,(#9187,#9188,#9189,#9190,#9191,
    #9192,#9193,#9194,#9195),.UNSPECIFIED.,.F.,.F.,(9,9),(4.712388980385
    ,6.28318530718),.PIECEWISE_BEZIER_KNOTS.);
#9187 = CARTESIAN_POINT('',(0.,88.9));
#9188 = CARTESIAN_POINT('',(0.196349540849,89.835114688295));
#9189 = CARTESIAN_POINT('',(0.392699081699,90.770229598624));
#9190 = CARTESIAN_POINT('',(0.589048622547,91.650406906341));
#9191 = CARTESIAN_POINT('',(0.785398163396,92.42071979969));
#9192 = CARTESIAN_POINT('',(0.981747704247,93.032983445501));
#9193 = CARTESIAN_POINT('',(1.178097245096,93.452660554342));
#9194 = CARTESIAN_POINT('',(1.374446785946,93.6625));
#9195 = CARTESIAN_POINT('',(1.570796326795,93.6625));
#9196 = ( GEOMETRIC_REPRESENTATION_CONTEXT(2) 
PARAMETRIC_REPRESENTATION_CONTEXT() REPRESENTATION_CONTEXT('2D SPACE',''
  ) );
#9197 = ORIENTED_EDGE('',*,*,#9198,.T.);
#9198 = EDGE_CURVE('',#9156,#3984,#9199,.T.);
#9199 = SEAM_CURVE('',#9200,(#9204,#9211),.PCURVE_S1.);
#9200 = LINE('',#9201,#9202);
#9201 = CARTESIAN_POINT('',(-127.,88.9,4.7625));
#9202 = VECTOR('',#9203,1.);
#9203 = DIRECTION('',(1.,0.,0.));
#9204 = PCURVE('',#4304,#9205);
#9205 = DEFINITIONAL_REPRESENTATION('',(#9206),#9210);
#9206 = LINE('',#9207,#9208);
#9207 = CARTESIAN_POINT('',(0.,0.));
#9208 = VECTOR('',#9209,1.);
#9209 = DIRECTION('',(0.,1.));
#9210 = ( GEOMETRIC_REPRESENTATION_CONTEXT(2) 
PARAMETRIC_REPRESENTATION_CONTEXT() REPRESENTATION_CONTEXT('2D SPACE',''
  ) );
#9211 = PCURVE('',#4304,#9212);
#9212 = DEFINITIONAL_REPRESENTATION('',(#9213),#9216);
#9213 = B_SPLINE_CURVE_WITH_KNOTS('',1,(#9214,#9215),.UNSPECIFIED.,.F.,
  .F.,(2,2),(0.,254.),.PIECEWISE_BEZIER_KNOTS.);
#9214 = CARTESIAN_POINT('',(6.28318530718,0.));
#9215 = CARTESIAN_POINT('',(6.28318530718,254.));
#9216 = ( GEOMETRIC_REPRESENTATION_CONTEXT(2) 
PARAMETRIC_REPRESENTATION_CONTEXT() REPRESENTATION_CONTEXT('2D SPACE',''
  ) );
#9217 = ORIENTED_EDGE('',*,*,#4281,.F.);
#9218 = ORIENTED_EDGE('',*,*,#4372,.F.);
#9219 = ORIENTED_EDGE('',*,*,#4322,.T.);
#9220 = ORIENTED_EDGE('',*,*,#9198,.F.);
#9221 = ORIENTED_EDGE('',*,*,#9222,.T.);
#9222 = EDGE_CURVE('',#9156,#9223,#9225,.T.);
#9223 = VERTEX_POINT('',#9224);
#9224 = CARTESIAN_POINT('',(76.2,88.9,-4.7625));
#9225 = SURFACE_CURVE('',#9226,(#9231,#9251),.PCURVE_S1.);
#9226 = ELLIPSE('',#9227,6.735192090802,4.7625);
#9227 = AXIS2_PLACEMENT_3D('',#9228,#9229,#9230);
#9228 = CARTESIAN_POINT('',(76.2,88.9,0.));
#9229 = DIRECTION('',(0.707106781187,0.707106781187,0.));
#9230 = DIRECTION('',(-0.707106781187,0.707106781187,0.));
#9231 = PCURVE('',#4304,#9232);
#9232 = DEFINITIONAL_REPRESENTATION('',(#9233),#9250);
#9233 = B_SPLINE_CURVE_WITH_KNOTS('',8,(#9234,#9235,#9236,#9237,#9238,
    #9239,#9240,#9241,#9242,#9243,#9244,#9245,#9246,#9247,#9248,#9249),
  .UNSPECIFIED.,.F.,.F.,(9,7,9),(1.570796326795,3.14159265359,
    4.712388980385),.UNSPECIFIED.);
#9234 = CARTESIAN_POINT('',(0.,203.2));
#9235 = CARTESIAN_POINT('',(0.196349540849,204.13511468829));
#9236 = CARTESIAN_POINT('',(0.392699081699,205.07022959834));
#9237 = CARTESIAN_POINT('',(0.589048622547,205.95040690694));
#9238 = CARTESIAN_POINT('',(0.785398163397,206.72071979832));
#9239 = CARTESIAN_POINT('',(0.981747704245,207.33298344627));
#9240 = CARTESIAN_POINT('',(1.178097245096,207.75266055419));
#9241 = CARTESIAN_POINT('',(1.374446785946,207.9625));
#9242 = CARTESIAN_POINT('',(1.767145867644,207.9625));
#9243 = CARTESIAN_POINT('',(1.96349540849,207.75266055441));
#9244 = CARTESIAN_POINT('',(2.15984494935,207.33298344468));
#9245 = CARTESIAN_POINT('',(2.356194490173,206.72071980022));
#9246 = CARTESIAN_POINT('',(2.55254403105,205.95040690575));
#9247 = CARTESIAN_POINT('',(2.748893571887,205.07022959868));
#9248 = CARTESIAN_POINT('',(2.94524311274,204.13511468829));
#9249 = CARTESIAN_POINT('',(3.14159265359,203.2));
#9250 = ( GEOMETRIC_REPRESENTATION_CONTEXT(2) 
PARAMETRIC_REPRESENTATION_CONTEXT() REPRESENTATION_CONTEXT('2D SPACE',''
  ) );
#9251 = PCURVE('',#9075,#9252);
#9252 = DEFINITIONAL_REPRESENTATION('',(#9253),#9270);
#9253 = B_SPLINE_CURVE_WITH_KNOTS('',8,(#9254,#9255,#9256,#9257,#9258,
    #9259,#9260,#9261,#9262,#9263,#9264,#9265,#9266,#9267,#9268,#9269),
  .UNSPECIFIED.,.F.,.F.,(9,7,9),(1.570796326795,3.14159265359,
    4.712388980385),.UNSPECIFIED.);
#9254 = CARTESIAN_POINT('',(0.,88.9));
#9255 = CARTESIAN_POINT('',(0.196349540849,87.964885311705));
#9256 = CARTESIAN_POINT('',(0.392699081699,87.029770401285));
#9257 = CARTESIAN_POINT('',(0.589048622547,86.149593093531));
#9258 = CARTESIAN_POINT('',(0.785398163397,85.379280200073));
#9259 = CARTESIAN_POINT('',(0.981747704245,84.767016554372));
#9260 = CARTESIAN_POINT('',(1.178097245096,84.347339445559));
#9261 = CARTESIAN_POINT('',(1.374446785946,84.1375));
#9262 = CARTESIAN_POINT('',(1.767145867644,84.1375));
#9263 = CARTESIAN_POINT('',(1.96349540849,84.347339445616));
#9264 = CARTESIAN_POINT('',(2.15984494935,84.767016554167));
#9265 = CARTESIAN_POINT('',(2.356194490173,85.379280200145));
#9266 = CARTESIAN_POINT('',(2.55254403105,86.149593093383));
#9267 = CARTESIAN_POINT('',(2.748893571887,87.029770401356));
#9268 = CARTESIAN_POINT('',(2.94524311274,87.964885311705));
#9269 = CARTESIAN_POINT('',(3.14159265359,88.9));
#9270 = ( GEOMETRIC_REPRESENTATION_CONTEXT(2) 
PARAMETRIC_REPRESENTATION_CONTEXT() REPRESENTATION_CONTEXT('2D SPACE',''
  ) );
#9271 = ORIENTED_EDGE('',*,*,#9272,.F.);
#9272 = EDGE_CURVE('',#9158,#9223,#9273,.T.);
#9273 = SURFACE_CURVE('',#9274,(#9279,#9292),.PCURVE_S1.);
#9274 = ELLIPSE('',#9275,6.735192090802,4.7625);
#9275 = AXIS2_PLACEMENT_3D('',#9276,#9277,#9278);
#9276 = CARTESIAN_POINT('',(76.2,88.9,0.));
#9277 = DIRECTION('',(-0.707106781187,0.707106781187,0.));
#9278 = DIRECTION('',(0.707106781187,0.707106781187,0.));
#9279 = PCURVE('',#4304,#9280);
#9280 = DEFINITIONAL_REPRESENTATION('',(#9281),#9291);
#9281 = B_SPLINE_CURVE_WITH_KNOTS('',8,(#9282,#9283,#9284,#9285,#9286,
    #9287,#9288,#9289,#9290),.UNSPECIFIED.,.F.,.F.,(9,9),(0.,
    1.570796326795),.PIECEWISE_BEZIER_KNOTS.);
#9282 = CARTESIAN_POINT('',(4.712388980385,207.9625));
#9283 = CARTESIAN_POINT('',(4.516039439535,207.9625));
#9284 = CARTESIAN_POINT('',(4.319689898684,207.75266055441));
#9285 = CARTESIAN_POINT('',(4.123340357829,207.33298344468));
#9286 = CARTESIAN_POINT('',(3.926990816986,206.72071980022));
#9287 = CARTESIAN_POINT('',(3.730641276128,205.95040690575));
#9288 = CARTESIAN_POINT('',(3.534291735288,205.07022959868));
#9289 = CARTESIAN_POINT('',(3.337942194439,204.13511468829));
#9290 = CARTESIAN_POINT('',(3.14159265359,203.2));
#9291 = ( GEOMETRIC_REPRESENTATION_CONTEXT(2) 
PARAMETRIC_REPRESENTATION_CONTEXT() REPRESENTATION_CONTEXT('2D SPACE',''
  ) );
#9292 = PCURVE('',#9180,#9293);
#9293 = DEFINITIONAL_REPRESENTATION('',(#9294),#9304);
#9294 = B_SPLINE_CURVE_WITH_KNOTS('',8,(#9295,#9296,#9297,#9298,#9299,
    #9300,#9301,#9302,#9303),.UNSPECIFIED.,.F.,.F.,(9,9),(0.,
    1.570796326795),.PIECEWISE_BEZIER_KNOTS.);
#9295 = CARTESIAN_POINT('',(1.570796326795,93.6625));
#9296 = CARTESIAN_POINT('',(1.767145867644,93.6625));
#9297 = CARTESIAN_POINT('',(1.963495408492,93.452660554223));
#9298 = CARTESIAN_POINT('',(2.159844949342,93.032983445956));
#9299 = CARTESIAN_POINT('',(2.356194490186,92.420719798999));
#9300 = CARTESIAN_POINT('',(2.552544031042,91.65040690676));
#9301 = CARTESIAN_POINT('',(2.748893571889,90.770229598473));
#9302 = CARTESIAN_POINT('',(2.94524311274,89.835114688295));
#9303 = CARTESIAN_POINT('',(3.14159265359,88.9));
#9304 = ( GEOMETRIC_REPRESENTATION_CONTEXT(2) 
PARAMETRIC_REPRESENTATION_CONTEXT() REPRESENTATION_CONTEXT('2D SPACE',''
  ) );
#9305 = ADVANCED_FACE('',(#9306),#4431,.T.);
#9306 = FACE_BOUND('',#9307,.T.);
#9307 = EDGE_LOOP('',(#9308,#9309,#9329,#9330,#9331,#9332,#9333,#9381));
#9308 = ORIENTED_EDGE('',*,*,#8053,.F.);
#9309 = ORIENTED_EDGE('',*,*,#9310,.T.);
#9310 = EDGE_CURVE('',#7995,#4006,#9311,.T.);
#9311 = SEAM_CURVE('',#9312,(#9316,#9323),.PCURVE_S1.);
#9312 = LINE('',#9313,#9314);
#9313 = CARTESIAN_POINT('',(-127.,133.35,4.7625));
#9314 = VECTOR('',#9315,1.);
#9315 = DIRECTION('',(1.,0.,0.));
#9316 = PCURVE('',#4431,#9317);
#9317 = DEFINITIONAL_REPRESENTATION('',(#9318),#9322);
#9318 = LINE('',#9319,#9320);
#9319 = CARTESIAN_POINT('',(0.,0.));
#9320 = VECTOR('',#9321,1.);
#9321 = DIRECTION('',(0.,1.));
#9322 = ( GEOMETRIC_REPRESENTATION_CONTEXT(2) 
PARAMETRIC_REPRESENTATION_CONTEXT() REPRESENTATION_CONTEXT('2D SPACE',''
  ) );
#9323 = PCURVE('',#4431,#9324);
#9324 = DEFINITIONAL_REPRESENTATION('',(#9325),#9328);
#9325 = B_SPLINE_CURVE_WITH_KNOTS('',1,(#9326,#9327),.UNSPECIFIED.,.F.,
  .F.,(2,2),(0.,254.),.PIECEWISE_BEZIER_KNOTS.);
#9326 = CARTESIAN_POINT('',(6.28318530718,0.));
#9327 = CARTESIAN_POINT('',(6.28318530718,254.));
#9328 = ( GEOMETRIC_REPRESENTATION_CONTEXT(2) 
PARAMETRIC_REPRESENTATION_CONTEXT() REPRESENTATION_CONTEXT('2D SPACE',''
  ) );
#9329 = ORIENTED_EDGE('',*,*,#4408,.F.);
#9330 = ORIENTED_EDGE('',*,*,#4499,.F.);
#9331 = ORIENTED_EDGE('',*,*,#4449,.T.);
#9332 = ORIENTED_EDGE('',*,*,#9310,.F.);
#9333 = ORIENTED_EDGE('',*,*,#9334,.T.);
#9334 = EDGE_CURVE('',#7995,#7957,#9335,.T.);
#9335 = SURFACE_CURVE('',#9336,(#9341,#9361),.PCURVE_S1.);
#9336 = ELLIPSE('',#9337,6.735192090802,4.7625);
#9337 = AXIS2_PLACEMENT_3D('',#9338,#9339,#9340);
#9338 = CARTESIAN_POINT('',(76.2,133.35,0.));
#9339 = DIRECTION('',(0.707106781187,0.707106781187,0.));
#9340 = DIRECTION('',(-0.707106781187,0.707106781187,0.));
#9341 = PCURVE('',#4431,#9342);
#9342 = DEFINITIONAL_REPRESENTATION('',(#9343),#9360);
#9343 = B_SPLINE_CURVE_WITH_KNOTS('',8,(#9344,#9345,#9346,#9347,#9348,
    #9349,#9350,#9351,#9352,#9353,#9354,#9355,#9356,#9357,#9358,#9359),
  .UNSPECIFIED.,.F.,.F.,(9,7,9),(1.570796326795,3.14159265359,
    4.712388980385),.UNSPECIFIED.);
#9344 = CARTESIAN_POINT('',(0.,203.2));
#9345 = CARTESIAN_POINT('',(0.196349540849,204.13511468829));
#9346 = CARTESIAN_POINT('',(0.392699081699,205.07022959834));
#9347 = CARTESIAN_POINT('',(0.589048622546,205.95040690694));
#9348 = CARTESIAN_POINT('',(0.785398163397,206.72071979832));
#9349 = CARTESIAN_POINT('',(0.981747704246,207.33298344627));
#9350 = CARTESIAN_POINT('',(1.178097245096,207.75266055419));
#9351 = CARTESIAN_POINT('',(1.374446785946,207.9625));
#9352 = CARTESIAN_POINT('',(1.767145867644,207.9625));
#9353 = CARTESIAN_POINT('',(1.963495408492,207.75266055441));
#9354 = CARTESIAN_POINT('',(2.159844949341,207.33298344468));
#9355 = CARTESIAN_POINT('',(2.356194490185,206.72071980022));
#9356 = CARTESIAN_POINT('',(2.552544031042,205.95040690575));
#9357 = CARTESIAN_POINT('',(2.74889357189,205.07022959868));
#9358 = CARTESIAN_POINT('',(2.94524311274,204.13511468829));
#9359 = CARTESIAN_POINT('',(3.14159265359,203.2));
#9360 = ( GEOMETRIC_REPRESENTATION_CONTEXT(2) 
PARAMETRIC_REPRESENTATION_CONTEXT() REPRESENTATION_CONTEXT('2D SPACE',''
  ) );
#9361 = PCURVE('',#9180,#9362);
#9362 = DEFINITIONAL_REPRESENTATION('',(#9363),#9380);
#9363 = B_SPLINE_CURVE_WITH_KNOTS('',8,(#9364,#9365,#9366,#9367,#9368,
    #9369,#9370,#9371,#9372,#9373,#9374,#9375,#9376,#9377,#9378,#9379),
  .UNSPECIFIED.,.F.,.F.,(9,7,9),(1.570796326795,3.14159265359,
    4.712388980385),.UNSPECIFIED.);
#9364 = CARTESIAN_POINT('',(0.,133.35));
#9365 = CARTESIAN_POINT('',(0.196349540849,132.4148853117));
#9366 = CARTESIAN_POINT('',(0.392699081699,131.47977040139));
#9367 = CARTESIAN_POINT('',(0.589048622547,130.59959309341));
#9368 = CARTESIAN_POINT('',(0.785398163397,129.82928020024));
#9369 = CARTESIAN_POINT('',(0.981747704245,129.21701655417));
#9370 = CARTESIAN_POINT('',(1.178097245096,128.79733944563));
#9371 = CARTESIAN_POINT('',(1.374446785946,128.5875));
#9372 = CARTESIAN_POINT('',(1.767145867644,128.5875));
#9373 = CARTESIAN_POINT('',(1.96349540849,128.79733944589));
#9374 = CARTESIAN_POINT('',(2.15984494935,129.21701655342));
#9375 = CARTESIAN_POINT('',(2.356194490173,129.82928020166));
#9376 = CARTESIAN_POINT('',(2.55254403105,130.59959309249));
#9377 = CARTESIAN_POINT('',(2.748893571887,131.47977040164));
#9378 = CARTESIAN_POINT('',(2.94524311274,132.4148853117));
#9379 = CARTESIAN_POINT('',(3.14159265359,133.35));
#9380 = ( GEOMETRIC_REPRESENTATION_CONTEXT(2) 
PARAMETRIC_REPRESENTATION_CONTEXT() REPRESENTATION_CONTEXT('2D SPACE',''
  ) );
#9381 = ORIENTED_EDGE('',*,*,#8089,.F.);
#9382 = ADVANCED_FACE('',(#9383),#4587,.T.);
#9383 = FACE_BOUND('',#9384,.T.);
#9384 = EDGE_LOOP('',(#9385,#9386,#9406,#9447,#9481,#9482,#9483,#9484));
#9385 = ORIENTED_EDGE('',*,*,#8203,.F.);
#9386 = ORIENTED_EDGE('',*,*,#9387,.T.);
#9387 = EDGE_CURVE('',#3149,#4621,#9388,.T.);
#9388 = SEAM_CURVE('',#9389,(#9393,#9400),.PCURVE_S1.);
#9389 = LINE('',#9390,#9391);
#9390 = CARTESIAN_POINT('',(-127.,44.45,4.7625));
#9391 = VECTOR('',#9392,1.);
#9392 = DIRECTION('',(1.,0.,0.));
#9393 = PCURVE('',#4587,#9394);
#9394 = DEFINITIONAL_REPRESENTATION('',(#9395),#9399);
#9395 = LINE('',#9396,#9397);
#9396 = CARTESIAN_POINT('',(0.,0.));
#9397 = VECTOR('',#9398,1.);
#9398 = DIRECTION('',(0.,1.));
#9399 = ( GEOMETRIC_REPRESENTATION_CONTEXT(2) 
PARAMETRIC_REPRESENTATION_CONTEXT() REPRESENTATION_CONTEXT('2D SPACE',''
  ) );
#9400 = PCURVE('',#4587,#9401);
#9401 = DEFINITIONAL_REPRESENTATION('',(#9402),#9405);
#9402 = B_SPLINE_CURVE_WITH_KNOTS('',1,(#9403,#9404),.UNSPECIFIED.,.F.,
  .F.,(2,2),(0.,254.),.PIECEWISE_BEZIER_KNOTS.);
#9403 = CARTESIAN_POINT('',(6.28318530718,0.));
#9404 = CARTESIAN_POINT('',(6.28318530718,254.));
#9405 = ( GEOMETRIC_REPRESENTATION_CONTEXT(2) 
PARAMETRIC_REPRESENTATION_CONTEXT() REPRESENTATION_CONTEXT('2D SPACE',''
  ) );
#9406 = ORIENTED_EDGE('',*,*,#9407,.F.);
#9407 = EDGE_CURVE('',#9408,#4621,#9410,.T.);
#9408 = VERTEX_POINT('',#9409);
#9409 = CARTESIAN_POINT('',(-30.1625,49.2125,-5.832380380939E-16));
#9410 = SURFACE_CURVE('',#9411,(#9416,#9429),.PCURVE_S1.);
#9411 = ELLIPSE('',#9412,6.735192090802,4.7625);
#9412 = AXIS2_PLACEMENT_3D('',#9413,#9414,#9415);
#9413 = CARTESIAN_POINT('',(-25.4,44.45,0.));
#9414 = DIRECTION('',(0.707106781187,0.707106781187,0.));
#9415 = DIRECTION('',(-0.707106781187,0.707106781187,0.));
#9416 = PCURVE('',#4587,#9417);
#9417 = DEFINITIONAL_REPRESENTATION('',(#9418),#9428);
#9418 = B_SPLINE_CURVE_WITH_KNOTS('',8,(#9419,#9420,#9421,#9422,#9423,
    #9424,#9425,#9426,#9427),.UNSPECIFIED.,.F.,.F.,(9,9),(0.,
    1.570796326795),.PIECEWISE_BEZIER_KNOTS.);
#9419 = CARTESIAN_POINT('',(4.712388980385,96.8375));
#9420 = CARTESIAN_POINT('',(4.908738521234,96.8375));
#9421 = CARTESIAN_POINT('',(5.105088062084,97.047339445533));
#9422 = CARTESIAN_POINT('',(5.301437602932,97.467016554384));
#9423 = CARTESIAN_POINT('',(5.497787143785,98.079280199929));
#9424 = CARTESIAN_POINT('',(5.694136684631,98.849593093509));
#9425 = CARTESIAN_POINT('',(5.890486225482,99.729770401331));
#9426 = CARTESIAN_POINT('',(6.08683576633,100.6648853117));
#9427 = CARTESIAN_POINT('',(6.28318530718,101.6));
#9428 = ( GEOMETRIC_REPRESENTATION_CONTEXT(2) 
PARAMETRIC_REPRESENTATION_CONTEXT() REPRESENTATION_CONTEXT('2D SPACE',''
  ) );
#9429 = PCURVE('',#9430,#9435);
#9430 = CYLINDRICAL_SURFACE('',#9431,4.7625);
#9431 = AXIS2_PLACEMENT_3D('',#9432,#9433,#9434);
#9432 = CARTESIAN_POINT('',(-25.4,0.,0.));
#9433 = DIRECTION('',(0.,1.,0.));
#9434 = DIRECTION('',(0.,-0.,1.));
#9435 = DEFINITIONAL_REPRESENTATION('',(#9436),#9446);
#9436 = B_SPLINE_CURVE_WITH_KNOTS('',8,(#9437,#9438,#9439,#9440,#9441,
    #9442,#9443,#9444,#9445),.UNSPECIFIED.,.F.,.F.,(9,9),(0.,
    1.570796326795),.PIECEWISE_BEZIER_KNOTS.);
#9437 = CARTESIAN_POINT('',(4.712388980385,49.2125));
#9438 = CARTESIAN_POINT('',(4.908738521234,49.2125));
#9439 = CARTESIAN_POINT('',(5.105088062084,49.002660554336));
#9440 = CARTESIAN_POINT('',(5.301437602936,48.582983445679));
#9441 = CARTESIAN_POINT('',(5.497787143782,47.970719799396));
#9442 = CARTESIAN_POINT('',(5.694136684633,47.200406906502));
#9443 = CARTESIAN_POINT('',(5.890486225481,46.320229598595));
#9444 = CARTESIAN_POINT('',(6.08683576633,45.385114688295));
#9445 = CARTESIAN_POINT('',(6.28318530718,44.45));
#9446 = ( GEOMETRIC_REPRESENTATION_CONTEXT(2) 
PARAMETRIC_REPRESENTATION_CONTEXT() REPRESENTATION_CONTEXT('2D SPACE',''
  ) );
#9447 = ORIENTED_EDGE('',*,*,#9448,.F.);
#9448 = EDGE_CURVE('',#4643,#9408,#9449,.T.);
#9449 = SURFACE_CURVE('',#9450,(#9455,#9468),.PCURVE_S1.);
#9450 = ELLIPSE('',#9451,6.735192090802,4.7625);
#9451 = AXIS2_PLACEMENT_3D('',#9452,#9453,#9454);
#9452 = CARTESIAN_POINT('',(-25.4,44.45,0.));
#9453 = DIRECTION('',(0.707106781187,0.707106781187,0.));
#9454 = DIRECTION('',(-0.707106781187,0.707106781187,0.));
#9455 = PCURVE('',#4587,#9456);
#9456 = DEFINITIONAL_REPRESENTATION('',(#9457),#9467);
#9457 = B_SPLINE_CURVE_WITH_KNOTS('',8,(#9458,#9459,#9460,#9461,#9462,
    #9463,#9464,#9465,#9466),.UNSPECIFIED.,.F.,.F.,(9,9),(4.712388980385
    ,6.28318530718),.PIECEWISE_BEZIER_KNOTS.);
#9458 = CARTESIAN_POINT('',(3.14159265359,101.6));
#9459 = CARTESIAN_POINT('',(3.337942194439,100.6648853117));
#9460 = CARTESIAN_POINT('',(3.53429173528,99.729770401288));
#9461 = CARTESIAN_POINT('',(3.730641276156,98.849593093664));
#9462 = CARTESIAN_POINT('',(3.926990816946,98.079280199716));
#9463 = CARTESIAN_POINT('',(4.12334035785,97.467016554542));
#9464 = CARTESIAN_POINT('',(4.319689898678,97.047339445535));
#9465 = CARTESIAN_POINT('',(4.516039439535,96.8375));
#9466 = CARTESIAN_POINT('',(4.712388980385,96.8375));
#9467 = ( GEOMETRIC_REPRESENTATION_CONTEXT(2) 
PARAMETRIC_REPRESENTATION_CONTEXT() REPRESENTATION_CONTEXT('2D SPACE',''
  ) );
#9468 = PCURVE('',#9430,#9469);
#9469 = DEFINITIONAL_REPRESENTATION('',(#9470),#9480);
#9470 = B_SPLINE_CURVE_WITH_KNOTS('',8,(#9471,#9472,#9473,#9474,#9475,
    #9476,#9477,#9478,#9479),.UNSPECIFIED.,.F.,.F.,(9,9),(4.712388980385
    ,6.28318530718),.PIECEWISE_BEZIER_KNOTS.);
#9471 = CARTESIAN_POINT('',(3.14159265359,44.45));
#9472 = CARTESIAN_POINT('',(3.337942194439,45.385114688295));
#9473 = CARTESIAN_POINT('',(3.53429173528,46.320229598605));
#9474 = CARTESIAN_POINT('',(3.730641276156,47.200406906477));
#9475 = CARTESIAN_POINT('',(3.926990816946,47.970719799511));
#9476 = CARTESIAN_POINT('',(4.12334035785,48.582983445654));
#9477 = CARTESIAN_POINT('',(4.319689898678,49.002660554341));
#9478 = CARTESIAN_POINT('',(4.516039439535,49.2125));
#9479 = CARTESIAN_POINT('',(4.712388980385,49.2125));
#9480 = ( GEOMETRIC_REPRESENTATION_CONTEXT(2) 
PARAMETRIC_REPRESENTATION_CONTEXT() REPRESENTATION_CONTEXT('2D SPACE',''
  ) );
#9481 = ORIENTED_EDGE('',*,*,#4642,.T.);
#9482 = ORIENTED_EDGE('',*,*,#9387,.F.);
#9483 = ORIENTED_EDGE('',*,*,#4559,.T.);
#9484 = ORIENTED_EDGE('',*,*,#8239,.F.);
#9485 = ADVANCED_FACE('',(#9486),#4720,.T.);
#9486 = FACE_BOUND('',#9487,.T.);
#9487 = EDGE_LOOP('',(#9488,#9524,#9544,#9585,#9619,#9620,#9621,#9622));
#9488 = ORIENTED_EDGE('',*,*,#9489,.F.);
#9489 = EDGE_CURVE('',#4621,#9490,#9492,.T.);
#9490 = VERTEX_POINT('',#9491);
#9491 = CARTESIAN_POINT('',(-20.6375,49.2125,5.832380380939E-16));
#9492 = SURFACE_CURVE('',#9493,(#9498,#9511),.PCURVE_S1.);
#9493 = ELLIPSE('',#9494,6.735192090802,4.7625);
#9494 = AXIS2_PLACEMENT_3D('',#9495,#9496,#9497);
#9495 = CARTESIAN_POINT('',(-25.4,44.45,0.));
#9496 = DIRECTION('',(-0.707106781187,0.707106781187,0.));
#9497 = DIRECTION('',(0.707106781187,0.707106781187,0.));
#9498 = PCURVE('',#4720,#9499);
#9499 = DEFINITIONAL_REPRESENTATION('',(#9500),#9510);
#9500 = B_SPLINE_CURVE_WITH_KNOTS('',8,(#9501,#9502,#9503,#9504,#9505,
    #9506,#9507,#9508,#9509),.UNSPECIFIED.,.F.,.F.,(9,9),(4.712388980385
    ,6.28318530718),.PIECEWISE_BEZIER_KNOTS.);
#9501 = CARTESIAN_POINT('',(6.28318530718,101.6));
#9502 = CARTESIAN_POINT('',(6.08683576633,102.53511468829));
#9503 = CARTESIAN_POINT('',(5.890486225481,103.47022959874));
#9504 = CARTESIAN_POINT('',(5.694136684631,104.35040690568));
#9505 = CARTESIAN_POINT('',(5.497787143784,105.12071980032));
#9506 = CARTESIAN_POINT('',(5.301437602933,105.73298344503));
#9507 = CARTESIAN_POINT('',(5.105088062084,106.1526605545));
#9508 = CARTESIAN_POINT('',(4.908738521234,106.3625));
#9509 = CARTESIAN_POINT('',(4.712388980385,106.3625));
#9510 = ( GEOMETRIC_REPRESENTATION_CONTEXT(2) 
PARAMETRIC_REPRESENTATION_CONTEXT() REPRESENTATION_CONTEXT('2D SPACE',''
  ) );
#9511 = PCURVE('',#9430,#9512);
#9512 = DEFINITIONAL_REPRESENTATION('',(#9513),#9523);
#9513 = B_SPLINE_CURVE_WITH_KNOTS('',8,(#9514,#9515,#9516,#9517,#9518,
    #9519,#9520,#9521,#9522),.UNSPECIFIED.,.F.,.F.,(9,9),(4.712388980385
    ,6.28318530718),.PIECEWISE_BEZIER_KNOTS.);
#9514 = CARTESIAN_POINT('',(0.,44.45));
#9515 = CARTESIAN_POINT('',(0.196349540849,45.385114688295));
#9516 = CARTESIAN_POINT('',(0.392699081698,46.320229598605));
#9517 = CARTESIAN_POINT('',(0.589048622549,47.200406906477));
#9518 = CARTESIAN_POINT('',(0.785398163394,47.970719799511));
#9519 = CARTESIAN_POINT('',(0.981747704247,48.582983445654));
#9520 = CARTESIAN_POINT('',(1.178097245096,49.002660554341));
#9521 = CARTESIAN_POINT('',(1.374446785946,49.2125));
#9522 = CARTESIAN_POINT('',(1.570796326795,49.2125));
#9523 = ( GEOMETRIC_REPRESENTATION_CONTEXT(2) 
PARAMETRIC_REPRESENTATION_CONTEXT() REPRESENTATION_CONTEXT('2D SPACE',''
  ) );
#9524 = ORIENTED_EDGE('',*,*,#9525,.T.);
#9525 = EDGE_CURVE('',#4621,#4754,#9526,.T.);
#9526 = SEAM_CURVE('',#9527,(#9531,#9538),.PCURVE_S1.);
#9527 = LINE('',#9528,#9529);
#9528 = CARTESIAN_POINT('',(-127.,44.45,4.7625));
#9529 = VECTOR('',#9530,1.);
#9530 = DIRECTION('',(1.,0.,0.));
#9531 = PCURVE('',#4720,#9532);
#9532 = DEFINITIONAL_REPRESENTATION('',(#9533),#9537);
#9533 = LINE('',#9534,#9535);
#9534 = CARTESIAN_POINT('',(0.,0.));
#9535 = VECTOR('',#9536,1.);
#9536 = DIRECTION('',(0.,1.));
#9537 = ( GEOMETRIC_REPRESENTATION_CONTEXT(2) 
PARAMETRIC_REPRESENTATION_CONTEXT() REPRESENTATION_CONTEXT('2D SPACE',''
  ) );
#9538 = PCURVE('',#4720,#9539);
#9539 = DEFINITIONAL_REPRESENTATION('',(#9540),#9543);
#9540 = B_SPLINE_CURVE_WITH_KNOTS('',1,(#9541,#9542),.UNSPECIFIED.,.F.,
  .F.,(2,2),(0.,254.),.PIECEWISE_BEZIER_KNOTS.);
#9541 = CARTESIAN_POINT('',(6.28318530718,0.));
#9542 = CARTESIAN_POINT('',(6.28318530718,254.));
#9543 = ( GEOMETRIC_REPRESENTATION_CONTEXT(2) 
PARAMETRIC_REPRESENTATION_CONTEXT() REPRESENTATION_CONTEXT('2D SPACE',''
  ) );
#9544 = ORIENTED_EDGE('',*,*,#9545,.F.);
#9545 = EDGE_CURVE('',#9546,#4754,#9548,.T.);
#9546 = VERTEX_POINT('',#9547);
#9547 = CARTESIAN_POINT('',(20.6375,49.2125,-5.832380380939E-16));
#9548 = SURFACE_CURVE('',#9549,(#9554,#9567),.PCURVE_S1.);
#9549 = ELLIPSE('',#9550,6.735192090802,4.7625);
#9550 = AXIS2_PLACEMENT_3D('',#9551,#9552,#9553);
#9551 = CARTESIAN_POINT('',(25.4,44.45,0.));
#9552 = DIRECTION('',(0.707106781187,0.707106781187,0.));
#9553 = DIRECTION('',(-0.707106781187,0.707106781187,0.));
#9554 = PCURVE('',#4720,#9555);
#9555 = DEFINITIONAL_REPRESENTATION('',(#9556),#9566);
#9556 = B_SPLINE_CURVE_WITH_KNOTS('',8,(#9557,#9558,#9559,#9560,#9561,
    #9562,#9563,#9564,#9565),.UNSPECIFIED.,.F.,.F.,(9,9),(0.,
    1.570796326795),.PIECEWISE_BEZIER_KNOTS.);
#9557 = CARTESIAN_POINT('',(4.712388980385,147.6375));
#9558 = CARTESIAN_POINT('',(4.908738521234,147.6375));
#9559 = CARTESIAN_POINT('',(5.105088062084,147.84733944541));
#9560 = CARTESIAN_POINT('',(5.301437602932,148.26701655473));
#9561 = CARTESIAN_POINT('',(5.497787143785,148.87928019943));
#9562 = CARTESIAN_POINT('',(5.694136684631,149.64959309395));
#9563 = CARTESIAN_POINT('',(5.890486225482,150.5297704012));
#9564 = CARTESIAN_POINT('',(6.08683576633,151.4648853117));
#9565 = CARTESIAN_POINT('',(6.28318530718,152.4));
#9566 = ( GEOMETRIC_REPRESENTATION_CONTEXT(2) 
PARAMETRIC_REPRESENTATION_CONTEXT() REPRESENTATION_CONTEXT('2D SPACE',''
  ) );
#9567 = PCURVE('',#9568,#9573);
#9568 = CYLINDRICAL_SURFACE('',#9569,4.7625);
#9569 = AXIS2_PLACEMENT_3D('',#9570,#9571,#9572);
#9570 = CARTESIAN_POINT('',(25.4,0.,0.));
#9571 = DIRECTION('',(0.,1.,0.));
#9572 = DIRECTION('',(0.,-0.,1.));
#9573 = DEFINITIONAL_REPRESENTATION('',(#9574),#9584);
#9574 = B_SPLINE_CURVE_WITH_KNOTS('',8,(#9575,#9576,#9577,#9578,#9579,
    #9580,#9581,#9582,#9583),.UNSPECIFIED.,.F.,.F.,(9,9),(0.,
    1.570796326795),.PIECEWISE_BEZIER_KNOTS.);
#9575 = CARTESIAN_POINT('',(4.712388980385,49.2125));
#9576 = CARTESIAN_POINT('',(4.908738521234,49.2125));
#9577 = CARTESIAN_POINT('',(5.105088062084,49.002660554336));
#9578 = CARTESIAN_POINT('',(5.301437602936,48.582983445679));
#9579 = CARTESIAN_POINT('',(5.497787143782,47.970719799396));
#9580 = CARTESIAN_POINT('',(5.694136684633,47.200406906502));
#9581 = CARTESIAN_POINT('',(5.890486225481,46.320229598595));
#9582 = CARTESIAN_POINT('',(6.08683576633,45.385114688295));
#9583 = CARTESIAN_POINT('',(6.28318530718,44.45));
#9584 = ( GEOMETRIC_REPRESENTATION_CONTEXT(2) 
PARAMETRIC_REPRESENTATION_CONTEXT() REPRESENTATION_CONTEXT('2D SPACE',''
  ) );
#9585 = ORIENTED_EDGE('',*,*,#9586,.F.);
#9586 = EDGE_CURVE('',#4776,#9546,#9587,.T.);
#9587 = SURFACE_CURVE('',#9588,(#9593,#9606),.PCURVE_S1.);
#9588 = ELLIPSE('',#9589,6.735192090802,4.7625);
#9589 = AXIS2_PLACEMENT_3D('',#9590,#9591,#9592);
#9590 = CARTESIAN_POINT('',(25.4,44.45,0.));
#9591 = DIRECTION('',(0.707106781187,0.707106781187,0.));
#9592 = DIRECTION('',(-0.707106781187,0.707106781187,0.));
#9593 = PCURVE('',#4720,#9594);
#9594 = DEFINITIONAL_REPRESENTATION('',(#9595),#9605);
#9595 = B_SPLINE_CURVE_WITH_KNOTS('',8,(#9596,#9597,#9598,#9599,#9600,
    #9601,#9602,#9603,#9604),.UNSPECIFIED.,.F.,.F.,(9,9),(4.712388980385
    ,6.28318530718),.PIECEWISE_BEZIER_KNOTS.);
#9596 = CARTESIAN_POINT('',(3.14159265359,152.4));
#9597 = CARTESIAN_POINT('',(3.337942194439,151.4648853117));
#9598 = CARTESIAN_POINT('',(3.53429173528,150.52977040112));
#9599 = CARTESIAN_POINT('',(3.730641276156,149.64959309412));
#9600 = CARTESIAN_POINT('',(3.926990816946,148.87928019904));
#9601 = CARTESIAN_POINT('',(4.12334035785,148.26701655495));
#9602 = CARTESIAN_POINT('',(4.319689898678,147.8473394454));
#9603 = CARTESIAN_POINT('',(4.516039439535,147.6375));
#9604 = CARTESIAN_POINT('',(4.712388980385,147.6375));
#9605 = ( GEOMETRIC_REPRESENTATION_CONTEXT(2) 
PARAMETRIC_REPRESENTATION_CONTEXT() REPRESENTATION_CONTEXT('2D SPACE',''
  ) );
#9606 = PCURVE('',#9568,#9607);
#9607 = DEFINITIONAL_REPRESENTATION('',(#9608),#9618);
#9608 = B_SPLINE_CURVE_WITH_KNOTS('',8,(#9609,#9610,#9611,#9612,#9613,
    #9614,#9615,#9616,#9617),.UNSPECIFIED.,.F.,.F.,(9,9),(4.712388980385
    ,6.28318530718),.PIECEWISE_BEZIER_KNOTS.);
#9609 = CARTESIAN_POINT('',(3.14159265359,44.45));
#9610 = CARTESIAN_POINT('',(3.337942194439,45.385114688295));
#9611 = CARTESIAN_POINT('',(3.53429173528,46.320229598605));
#9612 = CARTESIAN_POINT('',(3.730641276156,47.200406906477));
#9613 = CARTESIAN_POINT('',(3.926990816946,47.970719799511));
#9614 = CARTESIAN_POINT('',(4.12334035785,48.582983445654));
#9615 = CARTESIAN_POINT('',(4.319689898678,49.002660554341));
#9616 = CARTESIAN_POINT('',(4.516039439535,49.2125));
#9617 = CARTESIAN_POINT('',(4.712388980385,49.2125));
#9618 = ( GEOMETRIC_REPRESENTATION_CONTEXT(2) 
PARAMETRIC_REPRESENTATION_CONTEXT() REPRESENTATION_CONTEXT('2D SPACE',''
  ) );
#9619 = ORIENTED_EDGE('',*,*,#4775,.T.);
#9620 = ORIENTED_EDGE('',*,*,#9525,.F.);
#9621 = ORIENTED_EDGE('',*,*,#4692,.T.);
#9622 = ORIENTED_EDGE('',*,*,#9623,.F.);
#9623 = EDGE_CURVE('',#9490,#4643,#9624,.T.);
#9624 = SURFACE_CURVE('',#9625,(#9630,#9643),.PCURVE_S1.);
#9625 = ELLIPSE('',#9626,6.735192090802,4.7625);
#9626 = AXIS2_PLACEMENT_3D('',#9627,#9628,#9629);
#9627 = CARTESIAN_POINT('',(-25.4,44.45,0.));
#9628 = DIRECTION('',(-0.707106781187,0.707106781187,0.));
#9629 = DIRECTION('',(0.707106781187,0.707106781187,0.));
#9630 = PCURVE('',#4720,#9631);
#9631 = DEFINITIONAL_REPRESENTATION('',(#9632),#9642);
#9632 = B_SPLINE_CURVE_WITH_KNOTS('',8,(#9633,#9634,#9635,#9636,#9637,
    #9638,#9639,#9640,#9641),.UNSPECIFIED.,.F.,.F.,(9,9),(0.,
    1.570796326795),.PIECEWISE_BEZIER_KNOTS.);
#9633 = CARTESIAN_POINT('',(4.712388980385,106.3625));
#9634 = CARTESIAN_POINT('',(4.516039439535,106.3625));
#9635 = CARTESIAN_POINT('',(4.319689898684,106.15266055427));
#9636 = CARTESIAN_POINT('',(4.123340357829,105.73298344576));
#9637 = CARTESIAN_POINT('',(3.926990816986,105.12071979939));
#9638 = CARTESIAN_POINT('',(3.730641276128,104.3504069064));
#9639 = CARTESIAN_POINT('',(3.534291735288,103.4702295985));
#9640 = CARTESIAN_POINT('',(3.337942194439,102.53511468829));
#9641 = CARTESIAN_POINT('',(3.14159265359,101.6));
#9642 = ( GEOMETRIC_REPRESENTATION_CONTEXT(2) 
PARAMETRIC_REPRESENTATION_CONTEXT() REPRESENTATION_CONTEXT('2D SPACE',''
  ) );
#9643 = PCURVE('',#9430,#9644);
#9644 = DEFINITIONAL_REPRESENTATION('',(#9645),#9655);
#9645 = B_SPLINE_CURVE_WITH_KNOTS('',8,(#9646,#9647,#9648,#9649,#9650,
    #9651,#9652,#9653,#9654),.UNSPECIFIED.,.F.,.F.,(9,9),(0.,
    1.570796326795),.PIECEWISE_BEZIER_KNOTS.);
#9646 = CARTESIAN_POINT('',(1.570796326795,49.2125));
#9647 = CARTESIAN_POINT('',(1.767145867644,49.2125));
#9648 = CARTESIAN_POINT('',(1.96349540849,49.002660554336));
#9649 = CARTESIAN_POINT('',(2.159844949352,48.582983445679));
#9650 = CARTESIAN_POINT('',(2.356194490178,47.970719799396));
#9651 = CARTESIAN_POINT('',(2.552544031053,47.200406906502));
#9652 = CARTESIAN_POINT('',(2.748893571888,46.320229598595));
#9653 = CARTESIAN_POINT('',(2.94524311274,45.385114688295));
#9654 = CARTESIAN_POINT('',(3.14159265359,44.45));
#9655 = ( GEOMETRIC_REPRESENTATION_CONTEXT(2) 
PARAMETRIC_REPRESENTATION_CONTEXT() REPRESENTATION_CONTEXT('2D SPACE',''
  ) );
#9656 = ADVANCED_FACE('',(#9657),#4853,.T.);
#9657 = FACE_BOUND('',#9658,.T.);
#9658 = EDGE_LOOP('',(#9659,#9695,#9715,#9751,#9785,#9786,#9787,#9788));
#9659 = ORIENTED_EDGE('',*,*,#9660,.F.);
#9660 = EDGE_CURVE('',#4754,#9661,#9663,.T.);
#9661 = VERTEX_POINT('',#9662);
#9662 = CARTESIAN_POINT('',(30.1625,49.2125,5.832380380939E-16));
#9663 = SURFACE_CURVE('',#9664,(#9669,#9682),.PCURVE_S1.);
#9664 = ELLIPSE('',#9665,6.735192090802,4.7625);
#9665 = AXIS2_PLACEMENT_3D('',#9666,#9667,#9668);
#9666 = CARTESIAN_POINT('',(25.4,44.45,0.));
#9667 = DIRECTION('',(-0.707106781187,0.707106781187,0.));
#9668 = DIRECTION('',(0.707106781187,0.707106781187,0.));
#9669 = PCURVE('',#4853,#9670);
#9670 = DEFINITIONAL_REPRESENTATION('',(#9671),#9681);
#9671 = B_SPLINE_CURVE_WITH_KNOTS('',8,(#9672,#9673,#9674,#9675,#9676,
    #9677,#9678,#9679,#9680),.UNSPECIFIED.,.F.,.F.,(9,9),(4.712388980385
    ,6.28318530718),.PIECEWISE_BEZIER_KNOTS.);
#9672 = CARTESIAN_POINT('',(6.28318530718,152.4));
#9673 = CARTESIAN_POINT('',(6.08683576633,153.33511468829));
#9674 = CARTESIAN_POINT('',(5.890486225481,154.2702295985));
#9675 = CARTESIAN_POINT('',(5.694136684631,155.15040690637));
#9676 = CARTESIAN_POINT('',(5.497787143784,155.92071979893));
#9677 = CARTESIAN_POINT('',(5.301437602933,156.53298344566));
#9678 = CARTESIAN_POINT('',(5.105088062084,156.95266055426));
#9679 = CARTESIAN_POINT('',(4.908738521234,157.1625));
#9680 = CARTESIAN_POINT('',(4.712388980385,157.1625));
#9681 = ( GEOMETRIC_REPRESENTATION_CONTEXT(2) 
PARAMETRIC_REPRESENTATION_CONTEXT() REPRESENTATION_CONTEXT('2D SPACE',''
  ) );
#9682 = PCURVE('',#9568,#9683);
#9683 = DEFINITIONAL_REPRESENTATION('',(#9684),#9694);
#9684 = B_SPLINE_CURVE_WITH_KNOTS('',8,(#9685,#9686,#9687,#9688,#9689,
    #9690,#9691,#9692,#9693),.UNSPECIFIED.,.F.,.F.,(9,9),(4.712388980385
    ,6.28318530718),.PIECEWISE_BEZIER_KNOTS.);
#9685 = CARTESIAN_POINT('',(0.,44.45));
#9686 = CARTESIAN_POINT('',(0.196349540849,45.385114688295));
#9687 = CARTESIAN_POINT('',(0.392699081698,46.320229598605));
#9688 = CARTESIAN_POINT('',(0.589048622549,47.200406906477));
#9689 = CARTESIAN_POINT('',(0.785398163394,47.970719799511));
#9690 = CARTESIAN_POINT('',(0.981747704247,48.582983445654));
#9691 = CARTESIAN_POINT('',(1.178097245096,49.002660554341));
#9692 = CARTESIAN_POINT('',(1.374446785946,49.2125));
#9693 = CARTESIAN_POINT('',(1.570796326795,49.2125));
#9694 = ( GEOMETRIC_REPRESENTATION_CONTEXT(2) 
PARAMETRIC_REPRESENTATION_CONTEXT() REPRESENTATION_CONTEXT('2D SPACE',''
  ) );
#9695 = ORIENTED_EDGE('',*,*,#9696,.T.);
#9696 = EDGE_CURVE('',#4754,#4887,#9697,.T.);
#9697 = SEAM_CURVE('',#9698,(#9702,#9709),.PCURVE_S1.);
#9698 = LINE('',#9699,#9700);
#9699 = CARTESIAN_POINT('',(-127.,44.45,4.7625));
#9700 = VECTOR('',#9701,1.);
#9701 = DIRECTION('',(1.,0.,0.));
#9702 = PCURVE('',#4853,#9703);
#9703 = DEFINITIONAL_REPRESENTATION('',(#9704),#9708);
#9704 = LINE('',#9705,#9706);
#9705 = CARTESIAN_POINT('',(0.,0.));
#9706 = VECTOR('',#9707,1.);
#9707 = DIRECTION('',(0.,1.));
#9708 = ( GEOMETRIC_REPRESENTATION_CONTEXT(2) 
PARAMETRIC_REPRESENTATION_CONTEXT() REPRESENTATION_CONTEXT('2D SPACE',''
  ) );
#9709 = PCURVE('',#4853,#9710);
#9710 = DEFINITIONAL_REPRESENTATION('',(#9711),#9714);
#9711 = B_SPLINE_CURVE_WITH_KNOTS('',1,(#9712,#9713),.UNSPECIFIED.,.F.,
  .F.,(2,2),(0.,254.),.PIECEWISE_BEZIER_KNOTS.);
#9712 = CARTESIAN_POINT('',(6.28318530718,0.));
#9713 = CARTESIAN_POINT('',(6.28318530718,254.));
#9714 = ( GEOMETRIC_REPRESENTATION_CONTEXT(2) 
PARAMETRIC_REPRESENTATION_CONTEXT() REPRESENTATION_CONTEXT('2D SPACE',''
  ) );
#9715 = ORIENTED_EDGE('',*,*,#9716,.F.);
#9716 = EDGE_CURVE('',#9717,#4887,#9719,.T.);
#9717 = VERTEX_POINT('',#9718);
#9718 = CARTESIAN_POINT('',(71.4375,49.2125,-5.832380380939E-16));
#9719 = SURFACE_CURVE('',#9720,(#9725,#9738),.PCURVE_S1.);
#9720 = ELLIPSE('',#9721,6.735192090802,4.7625);
#9721 = AXIS2_PLACEMENT_3D('',#9722,#9723,#9724);
#9722 = CARTESIAN_POINT('',(76.2,44.45,0.));
#9723 = DIRECTION('',(0.707106781187,0.707106781187,0.));
#9724 = DIRECTION('',(-0.707106781187,0.707106781187,0.));
#9725 = PCURVE('',#4853,#9726);
#9726 = DEFINITIONAL_REPRESENTATION('',(#9727),#9737);
#9727 = B_SPLINE_CURVE_WITH_KNOTS('',8,(#9728,#9729,#9730,#9731,#9732,
    #9733,#9734,#9735,#9736),.UNSPECIFIED.,.F.,.F.,(9,9),(0.,
    1.570796326795),.PIECEWISE_BEZIER_KNOTS.);
#9728 = CARTESIAN_POINT('',(4.712388980385,198.4375));
#9729 = CARTESIAN_POINT('',(4.908738521234,198.4375));
#9730 = CARTESIAN_POINT('',(5.105088062084,198.64733944554));
#9731 = CARTESIAN_POINT('',(5.301437602932,199.06701655399));
#9732 = CARTESIAN_POINT('',(5.497787143785,199.67928019982));
#9733 = CARTESIAN_POINT('',(5.694136684631,200.44959309326));
#9734 = CARTESIAN_POINT('',(5.890486225482,201.32977040133));
#9735 = CARTESIAN_POINT('',(6.08683576633,202.2648853117));
#9736 = CARTESIAN_POINT('',(6.28318530718,203.2));
#9737 = ( GEOMETRIC_REPRESENTATION_CONTEXT(2) 
PARAMETRIC_REPRESENTATION_CONTEXT() REPRESENTATION_CONTEXT('2D SPACE',''
  ) );
#9738 = PCURVE('',#9075,#9739);
#9739 = DEFINITIONAL_REPRESENTATION('',(#9740),#9750);
#9740 = B_SPLINE_CURVE_WITH_KNOTS('',8,(#9741,#9742,#9743,#9744,#9745,
    #9746,#9747,#9748,#9749),.UNSPECIFIED.,.F.,.F.,(9,9),(0.,
    1.570796326795),.PIECEWISE_BEZIER_KNOTS.);
#9741 = CARTESIAN_POINT('',(4.712388980385,49.2125));
#9742 = CARTESIAN_POINT('',(4.908738521234,49.2125));
#9743 = CARTESIAN_POINT('',(5.105088062083,49.002660554336));
#9744 = CARTESIAN_POINT('',(5.301437602935,48.582983445679));
#9745 = CARTESIAN_POINT('',(5.497787143781,47.970719799396));
#9746 = CARTESIAN_POINT('',(5.694136684634,47.200406906502));
#9747 = CARTESIAN_POINT('',(5.890486225481,46.320229598595));
#9748 = CARTESIAN_POINT('',(6.08683576633,45.385114688295));
#9749 = CARTESIAN_POINT('',(6.28318530718,44.45));
#9750 = ( GEOMETRIC_REPRESENTATION_CONTEXT(2) 
PARAMETRIC_REPRESENTATION_CONTEXT() REPRESENTATION_CONTEXT('2D SPACE',''
  ) );
#9751 = ORIENTED_EDGE('',*,*,#9752,.F.);
#9752 = EDGE_CURVE('',#4909,#9717,#9753,.T.);
#9753 = SURFACE_CURVE('',#9754,(#9759,#9772),.PCURVE_S1.);
#9754 = ELLIPSE('',#9755,6.735192090802,4.7625);
#9755 = AXIS2_PLACEMENT_3D('',#9756,#9757,#9758);
#9756 = CARTESIAN_POINT('',(76.2,44.45,0.));
#9757 = DIRECTION('',(0.707106781187,0.707106781187,0.));
#9758 = DIRECTION('',(-0.707106781187,0.707106781187,0.));
#9759 = PCURVE('',#4853,#9760);
#9760 = DEFINITIONAL_REPRESENTATION('',(#9761),#9771);
#9761 = B_SPLINE_CURVE_WITH_KNOTS('',8,(#9762,#9763,#9764,#9765,#9766,
    #9767,#9768,#9769,#9770),.UNSPECIFIED.,.F.,.F.,(9,9),(4.712388980385
    ,6.28318530718),.PIECEWISE_BEZIER_KNOTS.);
#9762 = CARTESIAN_POINT('',(3.14159265359,203.2));
#9763 = CARTESIAN_POINT('',(3.337942194439,202.2648853117));
#9764 = CARTESIAN_POINT('',(3.53429173528,201.32977040145));
#9765 = CARTESIAN_POINT('',(3.730641276156,200.44959309237));
#9766 = CARTESIAN_POINT('',(3.926990816946,199.6792802011));
#9767 = CARTESIAN_POINT('',(4.12334035785,199.06701655329));
#9768 = CARTESIAN_POINT('',(4.319689898678,198.64733944577));
#9769 = CARTESIAN_POINT('',(4.516039439535,198.4375));
#9770 = CARTESIAN_POINT('',(4.712388980385,198.4375));
#9771 = ( GEOMETRIC_REPRESENTATION_CONTEXT(2) 
PARAMETRIC_REPRESENTATION_CONTEXT() REPRESENTATION_CONTEXT('2D SPACE',''
  ) );
#9772 = PCURVE('',#9075,#9773);
#9773 = DEFINITIONAL_REPRESENTATION('',(#9774),#9784);
#9774 = B_SPLINE_CURVE_WITH_KNOTS('',8,(#9775,#9776,#9777,#9778,#9779,
    #9780,#9781,#9782,#9783),.UNSPECIFIED.,.F.,.F.,(9,9),(4.712388980385
    ,6.28318530718),.PIECEWISE_BEZIER_KNOTS.);
#9775 = CARTESIAN_POINT('',(3.14159265359,44.45));
#9776 = CARTESIAN_POINT('',(3.337942194439,45.385114688295));
#9777 = CARTESIAN_POINT('',(3.534291735284,46.320229598605));
#9778 = CARTESIAN_POINT('',(3.730641276131,47.200406906477));
#9779 = CARTESIAN_POINT('',(3.926990816972,47.970719799511));
#9780 = CARTESIAN_POINT('',(4.123340357833,48.582983445654));
#9781 = CARTESIAN_POINT('',(4.319689898683,49.002660554341));
#9782 = CARTESIAN_POINT('',(4.516039439535,49.2125));
#9783 = CARTESIAN_POINT('',(4.712388980385,49.2125));
#9784 = ( GEOMETRIC_REPRESENTATION_CONTEXT(2) 
PARAMETRIC_REPRESENTATION_CONTEXT() REPRESENTATION_CONTEXT('2D SPACE',''
  ) );
#9785 = ORIENTED_EDGE('',*,*,#4908,.T.);
#9786 = ORIENTED_EDGE('',*,*,#9696,.F.);
#9787 = ORIENTED_EDGE('',*,*,#4825,.T.);
#9788 = ORIENTED_EDGE('',*,*,#9789,.F.);
#9789 = EDGE_CURVE('',#9661,#4776,#9790,.T.);
#9790 = SURFACE_CURVE('',#9791,(#9796,#9809),.PCURVE_S1.);
#9791 = ELLIPSE('',#9792,6.735192090802,4.7625);
#9792 = AXIS2_PLACEMENT_3D('',#9793,#9794,#9795);
#9793 = CARTESIAN_POINT('',(25.4,44.45,0.));
#9794 = DIRECTION('',(-0.707106781187,0.707106781187,0.));
#9795 = DIRECTION('',(0.707106781187,0.707106781187,0.));
#9796 = PCURVE('',#4853,#9797);
#9797 = DEFINITIONAL_REPRESENTATION('',(#9798),#9808);
#9798 = B_SPLINE_CURVE_WITH_KNOTS('',8,(#9799,#9800,#9801,#9802,#9803,
    #9804,#9805,#9806,#9807),.UNSPECIFIED.,.F.,.F.,(9,9),(0.,
    1.570796326795),.PIECEWISE_BEZIER_KNOTS.);
#9799 = CARTESIAN_POINT('',(4.712388980385,157.1625));
#9800 = CARTESIAN_POINT('',(4.516039439535,157.1625));
#9801 = CARTESIAN_POINT('',(4.319689898684,156.95266055426));
#9802 = CARTESIAN_POINT('',(4.123340357829,156.53298344571));
#9803 = CARTESIAN_POINT('',(3.926990816986,155.9207197989));
#9804 = CARTESIAN_POINT('',(3.730641276128,155.15040690649));
#9805 = CARTESIAN_POINT('',(3.534291735288,154.27022959849));
#9806 = CARTESIAN_POINT('',(3.337942194439,153.33511468829));
#9807 = CARTESIAN_POINT('',(3.14159265359,152.4));
#9808 = ( GEOMETRIC_REPRESENTATION_CONTEXT(2) 
PARAMETRIC_REPRESENTATION_CONTEXT() REPRESENTATION_CONTEXT('2D SPACE',''
  ) );
#9809 = PCURVE('',#9568,#9810);
#9810 = DEFINITIONAL_REPRESENTATION('',(#9811),#9821);
#9811 = B_SPLINE_CURVE_WITH_KNOTS('',8,(#9812,#9813,#9814,#9815,#9816,
    #9817,#9818,#9819,#9820),.UNSPECIFIED.,.F.,.F.,(9,9),(0.,
    1.570796326795),.PIECEWISE_BEZIER_KNOTS.);
#9812 = CARTESIAN_POINT('',(1.570796326795,49.2125));
#9813 = CARTESIAN_POINT('',(1.767145867644,49.2125));
#9814 = CARTESIAN_POINT('',(1.96349540849,49.002660554336));
#9815 = CARTESIAN_POINT('',(2.159844949352,48.582983445679));
#9816 = CARTESIAN_POINT('',(2.356194490178,47.970719799396));
#9817 = CARTESIAN_POINT('',(2.552544031053,47.200406906502));
#9818 = CARTESIAN_POINT('',(2.748893571888,46.320229598595));
#9819 = CARTESIAN_POINT('',(2.94524311274,45.385114688295));
#9820 = CARTESIAN_POINT('',(3.14159265359,44.45));
#9821 = ( GEOMETRIC_REPRESENTATION_CONTEXT(2) 
PARAMETRIC_REPRESENTATION_CONTEXT() REPRESENTATION_CONTEXT('2D SPACE',''
  ) );
#9822 = ADVANCED_FACE('',(#9823),#5284,.F.);
#9823 = FACE_BOUND('',#9824,.F.);
#9824 = EDGE_LOOP('',(#9825,#9844,#9845));
#9825 = ORIENTED_EDGE('',*,*,#9826,.F.);
#9826 = EDGE_CURVE('',#5019,#6514,#9827,.T.);
#9827 = SURFACE_CURVE('',#9828,(#9832,#9838),.PCURVE_S1.);
#9828 = LINE('',#9829,#9830);
#9829 = CARTESIAN_POINT('',(-127.,0.,101.6));
#9830 = VECTOR('',#9831,1.);
#9831 = DIRECTION('',(0.,0.,-1.));
#9832 = PCURVE('',#5284,#9833);
#9833 = DEFINITIONAL_REPRESENTATION('',(#9834),#9837);
#9834 = B_SPLINE_CURVE_WITH_KNOTS('',1,(#9835,#9836),.UNSPECIFIED.,.F.,
  .F.,(2,2),(-4.7625,1.42108547152E-14),.PIECEWISE_BEZIER_KNOTS.);
#9835 = CARTESIAN_POINT('',(4.7625,7.686657533969E-16));
#9836 = CARTESIAN_POINT('',(0.,7.686657533969E-16));
#9837 = ( GEOMETRIC_REPRESENTATION_CONTEXT(2) 
PARAMETRIC_REPRESENTATION_CONTEXT() REPRESENTATION_CONTEXT('2D SPACE',''
  ) );
#9838 = PCURVE('',#5946,#9839);
#9839 = DEFINITIONAL_REPRESENTATION('',(#9840),#9843);
#9840 = B_SPLINE_CURVE_WITH_KNOTS('',1,(#9841,#9842),.UNSPECIFIED.,.F.,
  .F.,(2,2),(-4.7625,1.42108547152E-14),.PIECEWISE_BEZIER_KNOTS.);
#9841 = CARTESIAN_POINT('',(4.7625,0.));
#9842 = CARTESIAN_POINT('',(-1.42108547152E-14,0.));
#9843 = ( GEOMETRIC_REPRESENTATION_CONTEXT(2) 
PARAMETRIC_REPRESENTATION_CONTEXT() REPRESENTATION_CONTEXT('2D SPACE',''
  ) );
#9844 = ORIENTED_EDGE('',*,*,#5269,.T.);
#9845 = ORIENTED_EDGE('',*,*,#6535,.T.);
#9846 = ADVANCED_FACE('',(#9847),#5252,.T.);
#9847 = FACE_BOUND('',#9848,.T.);
#9848 = EDGE_LOOP('',(#9849,#9868,#9869));
#9849 = ORIENTED_EDGE('',*,*,#9850,.F.);
#9850 = EDGE_CURVE('',#5145,#8955,#9851,.T.);
#9851 = SURFACE_CURVE('',#9852,(#9856,#9862),.PCURVE_S1.);
#9852 = LINE('',#9853,#9854);
#9853 = CARTESIAN_POINT('',(127.,0.,101.6));
#9854 = VECTOR('',#9855,1.);
#9855 = DIRECTION('',(0.,0.,-1.));
#9856 = PCURVE('',#5252,#9857);
#9857 = DEFINITIONAL_REPRESENTATION('',(#9858),#9861);
#9858 = B_SPLINE_CURVE_WITH_KNOTS('',1,(#9859,#9860),.UNSPECIFIED.,.F.,
  .F.,(2,2),(-4.7625,8.748570571409E-16),.PIECEWISE_BEZIER_KNOTS.);
#9859 = CARTESIAN_POINT('',(4.7625,7.686657533969E-16));
#9860 = CARTESIAN_POINT('',(1.333599765806E-14,7.686657533969E-16));
#9861 = ( GEOMETRIC_REPRESENTATION_CONTEXT(2) 
PARAMETRIC_REPRESENTATION_CONTEXT() REPRESENTATION_CONTEXT('2D SPACE',''
  ) );
#9862 = PCURVE('',#8436,#9863);
#9863 = DEFINITIONAL_REPRESENTATION('',(#9864),#9867);
#9864 = B_SPLINE_CURVE_WITH_KNOTS('',1,(#9865,#9866),.UNSPECIFIED.,.F.,
  .F.,(2,2),(-4.7625,8.748570571409E-16),.PIECEWISE_BEZIER_KNOTS.);
#9865 = CARTESIAN_POINT('',(4.7625,0.));
#9866 = CARTESIAN_POINT('',(-8.748570571409E-16,0.));
#9867 = ( GEOMETRIC_REPRESENTATION_CONTEXT(2) 
PARAMETRIC_REPRESENTATION_CONTEXT() REPRESENTATION_CONTEXT('2D SPACE',''
  ) );
#9868 = ORIENTED_EDGE('',*,*,#5237,.T.);
#9869 = ORIENTED_EDGE('',*,*,#8954,.T.);
#9870 = ADVANCED_FACE('',(#9871),#5357,.T.);
#9871 = FACE_BOUND('',#9872,.T.);
#9872 = EDGE_LOOP('',(#9873,#9874,#9875,#9897,#9947,#10000,#10001,#10002
    ));
#9873 = ORIENTED_EDGE('',*,*,#5411,.T.);
#9874 = ORIENTED_EDGE('',*,*,#5375,.T.);
#9875 = ORIENTED_EDGE('',*,*,#9876,.T.);
#9876 = EDGE_CURVE('',#5057,#9877,#9879,.T.);
#9877 = VERTEX_POINT('',#9878);
#9878 = CARTESIAN_POINT('',(-76.2,44.45,106.3625));
#9879 = SEAM_CURVE('',#9880,(#9884,#9891),.PCURVE_S1.);
#9880 = LINE('',#9881,#9882);
#9881 = CARTESIAN_POINT('',(-76.2,0.,106.3625));
#9882 = VECTOR('',#9883,1.);
#9883 = DIRECTION('',(0.,1.,0.));
#9884 = PCURVE('',#5357,#9885);
#9885 = DEFINITIONAL_REPRESENTATION('',(#9886),#9890);
#9886 = LINE('',#9887,#9888);
#9887 = CARTESIAN_POINT('',(0.,0.));
#9888 = VECTOR('',#9889,1.);
#9889 = DIRECTION('',(0.,1.));
#9890 = ( GEOMETRIC_REPRESENTATION_CONTEXT(2) 
PARAMETRIC_REPRESENTATION_CONTEXT() REPRESENTATION_CONTEXT('2D SPACE',''
  ) );
#9891 = PCURVE('',#5357,#9892);
#9892 = DEFINITIONAL_REPRESENTATION('',(#9893),#9896);
#9893 = B_SPLINE_CURVE_WITH_KNOTS('',1,(#9894,#9895),.UNSPECIFIED.,.F.,
  .F.,(2,2),(0.,177.8),.PIECEWISE_BEZIER_KNOTS.);
#9894 = CARTESIAN_POINT('',(6.28318530718,0.));
#9895 = CARTESIAN_POINT('',(6.28318530718,177.8));
#9896 = ( GEOMETRIC_REPRESENTATION_CONTEXT(2) 
PARAMETRIC_REPRESENTATION_CONTEXT() REPRESENTATION_CONTEXT('2D SPACE',''
  ) );
#9897 = ORIENTED_EDGE('',*,*,#9898,.F.);
#9898 = EDGE_CURVE('',#9899,#9877,#9901,.T.);
#9899 = VERTEX_POINT('',#9900);
#9900 = CARTESIAN_POINT('',(-76.2,44.45,96.8375));
#9901 = SURFACE_CURVE('',#9902,(#9907,#9927),.PCURVE_S1.);
#9902 = ELLIPSE('',#9903,6.735192090802,4.7625);
#9903 = AXIS2_PLACEMENT_3D('',#9904,#9905,#9906);
#9904 = CARTESIAN_POINT('',(-76.2,44.45,101.6));
#9905 = DIRECTION('',(-0.707106781187,0.707106781187,0.));
#9906 = DIRECTION('',(0.707106781187,0.707106781187,0.));
#9907 = PCURVE('',#5357,#9908);
#9908 = DEFINITIONAL_REPRESENTATION('',(#9909),#9926);
#9909 = B_SPLINE_CURVE_WITH_KNOTS('',8,(#9910,#9911,#9912,#9913,#9914,
    #9915,#9916,#9917,#9918,#9919,#9920,#9921,#9922,#9923,#9924,#9925),
  .UNSPECIFIED.,.F.,.F.,(9,7,9),(1.570796326795,3.14159265359,
    4.712388980385),.UNSPECIFIED.);
#9910 = CARTESIAN_POINT('',(3.14159265359,44.45));
#9911 = CARTESIAN_POINT('',(3.337942194439,43.514885311705));
#9912 = CARTESIAN_POINT('',(3.53429173529,42.57977040137));
#9913 = CARTESIAN_POINT('',(3.730641276136,41.699593093436));
#9914 = CARTESIAN_POINT('',(3.926990816993,40.929280200318));
#9915 = CARTESIAN_POINT('',(4.123340357835,40.317016554286));
#9916 = CARTESIAN_POINT('',(4.319689898687,39.897339445624));
#9917 = CARTESIAN_POINT('',(4.516039439535,39.6875));
#9918 = CARTESIAN_POINT('',(4.908738521234,39.6875));
#9919 = CARTESIAN_POINT('',(5.105088062083,39.897339445608));
#9920 = CARTESIAN_POINT('',(5.301437602935,40.317016554271));
#9921 = CARTESIAN_POINT('',(5.49778714378,40.929280200282));
#9922 = CARTESIAN_POINT('',(5.694136684634,41.699593093434));
#9923 = CARTESIAN_POINT('',(5.89048622548,42.579770401355));
#9924 = CARTESIAN_POINT('',(6.08683576633,43.514885311705));
#9925 = CARTESIAN_POINT('',(6.28318530718,44.45));
#9926 = ( GEOMETRIC_REPRESENTATION_CONTEXT(2) 
PARAMETRIC_REPRESENTATION_CONTEXT() REPRESENTATION_CONTEXT('2D SPACE',''
  ) );
#9927 = PCURVE('',#6161,#9928);
#9928 = DEFINITIONAL_REPRESENTATION('',(#9929),#9946);
#9929 = B_SPLINE_CURVE_WITH_KNOTS('',8,(#9930,#9931,#9932,#9933,#9934,
    #9935,#9936,#9937,#9938,#9939,#9940,#9941,#9942,#9943,#9944,#9945),
  .UNSPECIFIED.,.F.,.F.,(9,7,9),(1.570796326795,3.14159265359,
    4.712388980385),.UNSPECIFIED.);
#9930 = CARTESIAN_POINT('',(3.14159265359,50.8));
#9931 = CARTESIAN_POINT('',(2.94524311274,49.864885311705));
#9932 = CARTESIAN_POINT('',(2.748893571888,48.929770401345));
#9933 = CARTESIAN_POINT('',(2.55254403105,48.049593093522));
#9934 = CARTESIAN_POINT('',(2.356194490177,47.279280200216));
#9935 = CARTESIAN_POINT('',(2.159844949351,46.667016554323));
#9936 = CARTESIAN_POINT('',(1.96349540849,46.247339445597));
#9937 = CARTESIAN_POINT('',(1.767145867644,46.0375));
#9938 = CARTESIAN_POINT('',(1.374446785946,46.0375));
#9939 = CARTESIAN_POINT('',(1.178097245096,46.247339445693));
#9940 = CARTESIAN_POINT('',(0.981747704245,46.667016554003));
#9941 = CARTESIAN_POINT('',(0.785398163398,47.279280200685));
#9942 = CARTESIAN_POINT('',(0.589048622546,48.049593093141));
#9943 = CARTESIAN_POINT('',(0.392699081699,48.929770401423));
#9944 = CARTESIAN_POINT('',(0.196349540849,49.864885311705));
#9945 = CARTESIAN_POINT('',(0.,50.8));
#9946 = ( GEOMETRIC_REPRESENTATION_CONTEXT(2) 
PARAMETRIC_REPRESENTATION_CONTEXT() REPRESENTATION_CONTEXT('2D SPACE',''
  ) );
#9947 = ORIENTED_EDGE('',*,*,#9948,.F.);
#9948 = EDGE_CURVE('',#9877,#9899,#9949,.T.);
#9949 = SURFACE_CURVE('',#9950,(#9955,#9975),.PCURVE_S1.);
#9950 = ELLIPSE('',#9951,6.735192090802,4.7625);
#9951 = AXIS2_PLACEMENT_3D('',#9952,#9953,#9954);
#9952 = CARTESIAN_POINT('',(-76.2,44.45,101.6));
#9953 = DIRECTION('',(0.707106781187,0.707106781187,0.));
#9954 = DIRECTION('',(-0.707106781187,0.707106781187,0.));
#9955 = PCURVE('',#5357,#9956);
#9956 = DEFINITIONAL_REPRESENTATION('',(#9957),#9974);
#9957 = B_SPLINE_CURVE_WITH_KNOTS('',8,(#9958,#9959,#9960,#9961,#9962,
    #9963,#9964,#9965,#9966,#9967,#9968,#9969,#9970,#9971,#9972,#9973),
  .UNSPECIFIED.,.F.,.F.,(9,7,9),(1.570796326795,3.14159265359,
    4.712388980385),.UNSPECIFIED.);
#9958 = CARTESIAN_POINT('',(0.,44.45));
#9959 = CARTESIAN_POINT('',(0.196349540849,43.514885311705));
#9960 = CARTESIAN_POINT('',(0.392699081698,42.57977040137));
#9961 = CARTESIAN_POINT('',(0.589048622548,41.699593093436));
#9962 = CARTESIAN_POINT('',(0.785398163394,40.929280200318));
#9963 = CARTESIAN_POINT('',(0.981747704247,40.317016554286));
#9964 = CARTESIAN_POINT('',(1.178097245095,39.897339445624));
#9965 = CARTESIAN_POINT('',(1.374446785946,39.6875));
#9966 = CARTESIAN_POINT('',(1.767145867644,39.6875));
#9967 = CARTESIAN_POINT('',(1.96349540849,39.897339445608));
#9968 = CARTESIAN_POINT('',(2.159844949352,40.317016554271));
#9969 = CARTESIAN_POINT('',(2.356194490175,40.929280200282));
#9970 = CARTESIAN_POINT('',(2.552544031049,41.699593093434));
#9971 = CARTESIAN_POINT('',(2.748893571888,42.579770401355));
#9972 = CARTESIAN_POINT('',(2.94524311274,43.514885311705));
#9973 = CARTESIAN_POINT('',(3.14159265359,44.45));
#9974 = ( GEOMETRIC_REPRESENTATION_CONTEXT(2) 
PARAMETRIC_REPRESENTATION_CONTEXT() REPRESENTATION_CONTEXT('2D SPACE',''
  ) );
#9975 = PCURVE('',#9976,#9981);
#9976 = CYLINDRICAL_SURFACE('',#9977,4.7625);
#9977 = AXIS2_PLACEMENT_3D('',#9978,#9979,#9980);
#9978 = CARTESIAN_POINT('',(-127.,44.45,101.6));
#9979 = DIRECTION('',(1.,0.,0.));
#9980 = DIRECTION('',(0.,0.,1.));
#9981 = DEFINITIONAL_REPRESENTATION('',(#9982),#9999);
#9982 = B_SPLINE_CURVE_WITH_KNOTS('',8,(#9983,#9984,#9985,#9986,#9987,
    #9988,#9989,#9990,#9991,#9992,#9993,#9994,#9995,#9996,#9997,#9998),
  .UNSPECIFIED.,.F.,.F.,(9,7,9),(1.570796326795,3.14159265359,
    4.712388980385),.UNSPECIFIED.);
#9983 = CARTESIAN_POINT('',(0.,50.8));
#9984 = CARTESIAN_POINT('',(0.196349540849,51.735114688295));
#9985 = CARTESIAN_POINT('',(0.392699081698,52.670229598573));
#9986 = CARTESIAN_POINT('',(0.589048622547,53.550406906545));
#9987 = CARTESIAN_POINT('',(0.785398163396,54.320719799495));
#9988 = CARTESIAN_POINT('',(0.981747704246,54.932983445645));
#9989 = CARTESIAN_POINT('',(1.178097245096,55.352660554329));
#9990 = CARTESIAN_POINT('',(1.374446785946,55.5625));
#9991 = CARTESIAN_POINT('',(1.767145867644,55.5625));
#9992 = CARTESIAN_POINT('',(1.963495408495,55.352660554341));
#9993 = CARTESIAN_POINT('',(2.159844949336,54.932983445715));
#9994 = CARTESIAN_POINT('',(2.356194490207,54.320719799375));
#9995 = CARTESIAN_POINT('',(2.552544031033,53.550406906565));
#9996 = CARTESIAN_POINT('',(2.748893571893,52.670229598591));
#9997 = CARTESIAN_POINT('',(2.94524311274,51.735114688295));
#9998 = CARTESIAN_POINT('',(3.14159265359,50.8));
#9999 = ( GEOMETRIC_REPRESENTATION_CONTEXT(2) 
PARAMETRIC_REPRESENTATION_CONTEXT() REPRESENTATION_CONTEXT('2D SPACE',''
  ) );
#10000 = ORIENTED_EDGE('',*,*,#9876,.F.);
#10001 = ORIENTED_EDGE('',*,*,#5334,.T.);
#10002 = ORIENTED_EDGE('',*,*,#5447,.T.);
#10003 = ADVANCED_FACE('',(#10004),#5506,.T.);
#10004 = FACE_BOUND('',#10005,.T.);
#10005 = EDGE_LOOP('',(#10006,#10007,#10008,#10030,#10080,#10133,#10134,
    #10135));
#10006 = ORIENTED_EDGE('',*,*,#5560,.T.);
#10007 = ORIENTED_EDGE('',*,*,#5524,.T.);
#10008 = ORIENTED_EDGE('',*,*,#10009,.T.);
#10009 = EDGE_CURVE('',#5079,#10010,#10012,.T.);
#10010 = VERTEX_POINT('',#10011);
#10011 = CARTESIAN_POINT('',(-25.4,44.45,106.3625));
#10012 = SEAM_CURVE('',#10013,(#10017,#10024),.PCURVE_S1.);
#10013 = LINE('',#10014,#10015);
#10014 = CARTESIAN_POINT('',(-25.4,0.,106.3625));
#10015 = VECTOR('',#10016,1.);
#10016 = DIRECTION('',(0.,1.,0.));
#10017 = PCURVE('',#5506,#10018);
#10018 = DEFINITIONAL_REPRESENTATION('',(#10019),#10023);
#10019 = LINE('',#10020,#10021);
#10020 = CARTESIAN_POINT('',(0.,0.));
#10021 = VECTOR('',#10022,1.);
#10022 = DIRECTION('',(0.,1.));
#10023 = ( GEOMETRIC_REPRESENTATION_CONTEXT(2) 
PARAMETRIC_REPRESENTATION_CONTEXT() REPRESENTATION_CONTEXT('2D SPACE',''
  ) );
#10024 = PCURVE('',#5506,#10025);
#10025 = DEFINITIONAL_REPRESENTATION('',(#10026),#10029);
#10026 = B_SPLINE_CURVE_WITH_KNOTS('',1,(#10027,#10028),.UNSPECIFIED.,
  .F.,.F.,(2,2),(0.,177.8),.PIECEWISE_BEZIER_KNOTS.);
#10027 = CARTESIAN_POINT('',(6.28318530718,0.));
#10028 = CARTESIAN_POINT('',(6.28318530718,177.8));
#10029 = ( GEOMETRIC_REPRESENTATION_CONTEXT(2) 
PARAMETRIC_REPRESENTATION_CONTEXT() REPRESENTATION_CONTEXT('2D SPACE',''
  ) );
#10030 = ORIENTED_EDGE('',*,*,#10031,.F.);
#10031 = EDGE_CURVE('',#10032,#10010,#10034,.T.);
#10032 = VERTEX_POINT('',#10033);
#10033 = CARTESIAN_POINT('',(-25.4,44.45,96.8375));
#10034 = SURFACE_CURVE('',#10035,(#10040,#10060),.PCURVE_S1.);
#10035 = ELLIPSE('',#10036,6.735192090802,4.7625);
#10036 = AXIS2_PLACEMENT_3D('',#10037,#10038,#10039);
#10037 = CARTESIAN_POINT('',(-25.4,44.45,101.6));
#10038 = DIRECTION('',(-0.707106781187,0.707106781187,0.));
#10039 = DIRECTION('',(0.707106781187,0.707106781187,0.));
#10040 = PCURVE('',#5506,#10041);
#10041 = DEFINITIONAL_REPRESENTATION('',(#10042),#10059);
#10042 = B_SPLINE_CURVE_WITH_KNOTS('',8,(#10043,#10044,#10045,#10046,
    #10047,#10048,#10049,#10050,#10051,#10052,#10053,#10054,#10055,
    #10056,#10057,#10058),.UNSPECIFIED.,.F.,.F.,(9,7,9),(1.570796326795,
    3.14159265359,4.712388980385),.UNSPECIFIED.);
#10043 = CARTESIAN_POINT('',(3.14159265359,44.45));
#10044 = CARTESIAN_POINT('',(3.337942194439,43.514885311705));
#10045 = CARTESIAN_POINT('',(3.53429173529,42.57977040137));
#10046 = CARTESIAN_POINT('',(3.730641276142,41.699593093436));
#10047 = CARTESIAN_POINT('',(3.926990816993,40.929280200318));
#10048 = CARTESIAN_POINT('',(4.123340357838,40.317016554286));
#10049 = CARTESIAN_POINT('',(4.319689898687,39.897339445624));
#10050 = CARTESIAN_POINT('',(4.516039439535,39.6875));
#10051 = CARTESIAN_POINT('',(4.908738521234,39.6875));
#10052 = CARTESIAN_POINT('',(5.105088062083,39.897339445608));
#10053 = CARTESIAN_POINT('',(5.301437602938,40.317016554271));
#10054 = CARTESIAN_POINT('',(5.497787143778,40.929280200282));
#10055 = CARTESIAN_POINT('',(5.694136684636,41.699593093434));
#10056 = CARTESIAN_POINT('',(5.89048622548,42.579770401355));
#10057 = CARTESIAN_POINT('',(6.08683576633,43.514885311705));
#10058 = CARTESIAN_POINT('',(6.28318530718,44.45));
#10059 = ( GEOMETRIC_REPRESENTATION_CONTEXT(2) 
PARAMETRIC_REPRESENTATION_CONTEXT() REPRESENTATION_CONTEXT('2D SPACE',''
  ) );
#10060 = PCURVE('',#9976,#10061);
#10061 = DEFINITIONAL_REPRESENTATION('',(#10062),#10079);
#10062 = B_SPLINE_CURVE_WITH_KNOTS('',8,(#10063,#10064,#10065,#10066,
    #10067,#10068,#10069,#10070,#10071,#10072,#10073,#10074,#10075,
    #10076,#10077,#10078),.UNSPECIFIED.,.F.,.F.,(9,7,9),(1.570796326795,
    3.14159265359,4.712388980385),.UNSPECIFIED.);
#10063 = CARTESIAN_POINT('',(3.14159265359,101.6));
#10064 = CARTESIAN_POINT('',(2.94524311274,100.6648853117));
#10065 = CARTESIAN_POINT('',(2.748893571888,99.729770401288));
#10066 = CARTESIAN_POINT('',(2.55254403105,98.849593093664));
#10067 = CARTESIAN_POINT('',(2.356194490177,98.079280199716));
#10068 = CARTESIAN_POINT('',(2.159844949351,97.467016554542));
#10069 = CARTESIAN_POINT('',(1.96349540849,97.047339445535));
#10070 = CARTESIAN_POINT('',(1.767145867644,96.8375));
#10071 = CARTESIAN_POINT('',(1.374446785946,96.8375));
#10072 = CARTESIAN_POINT('',(1.178097245096,97.047339445533));
#10073 = CARTESIAN_POINT('',(0.981747704245,97.467016554384));
#10074 = CARTESIAN_POINT('',(0.785398163398,98.079280199929));
#10075 = CARTESIAN_POINT('',(0.589048622546,98.849593093509));
#10076 = CARTESIAN_POINT('',(0.392699081699,99.729770401331));
#10077 = CARTESIAN_POINT('',(0.196349540849,100.6648853117));
#10078 = CARTESIAN_POINT('',(0.,101.6));
#10079 = ( GEOMETRIC_REPRESENTATION_CONTEXT(2) 
PARAMETRIC_REPRESENTATION_CONTEXT() REPRESENTATION_CONTEXT('2D SPACE',''
  ) );
#10080 = ORIENTED_EDGE('',*,*,#10081,.F.);
#10081 = EDGE_CURVE('',#10010,#10032,#10082,.T.);
#10082 = SURFACE_CURVE('',#10083,(#10088,#10108),.PCURVE_S1.);
#10083 = ELLIPSE('',#10084,6.735192090802,4.7625);
#10084 = AXIS2_PLACEMENT_3D('',#10085,#10086,#10087);
#10085 = CARTESIAN_POINT('',(-25.4,44.45,101.6));
#10086 = DIRECTION('',(0.707106781187,0.707106781187,0.));
#10087 = DIRECTION('',(-0.707106781187,0.707106781187,0.));
#10088 = PCURVE('',#5506,#10089);
#10089 = DEFINITIONAL_REPRESENTATION('',(#10090),#10107);
#10090 = B_SPLINE_CURVE_WITH_KNOTS('',8,(#10091,#10092,#10093,#10094,
    #10095,#10096,#10097,#10098,#10099,#10100,#10101,#10102,#10103,
    #10104,#10105,#10106),.UNSPECIFIED.,.F.,.F.,(9,7,9),(1.570796326795,
    3.14159265359,4.712388980385),.UNSPECIFIED.);
#10091 = CARTESIAN_POINT('',(0.,44.45));
#10092 = CARTESIAN_POINT('',(0.196349540849,43.514885311705));
#10093 = CARTESIAN_POINT('',(0.392699081698,42.57977040137));
#10094 = CARTESIAN_POINT('',(0.589048622547,41.699593093436));
#10095 = CARTESIAN_POINT('',(0.785398163394,40.929280200318));
#10096 = CARTESIAN_POINT('',(0.981747704246,40.317016554286));
#10097 = CARTESIAN_POINT('',(1.178097245096,39.897339445624));
#10098 = CARTESIAN_POINT('',(1.374446785946,39.6875));
#10099 = CARTESIAN_POINT('',(1.767145867644,39.6875));
#10100 = CARTESIAN_POINT('',(1.963495408492,39.897339445608));
#10101 = CARTESIAN_POINT('',(2.159844949345,40.317016554271));
#10102 = CARTESIAN_POINT('',(2.35619449019,40.929280200282));
#10103 = CARTESIAN_POINT('',(2.552544031045,41.699593093434));
#10104 = CARTESIAN_POINT('',(2.74889357189,42.579770401355));
#10105 = CARTESIAN_POINT('',(2.94524311274,43.514885311705));
#10106 = CARTESIAN_POINT('',(3.14159265359,44.45));
#10107 = ( GEOMETRIC_REPRESENTATION_CONTEXT(2) 
PARAMETRIC_REPRESENTATION_CONTEXT() REPRESENTATION_CONTEXT('2D SPACE',''
  ) );
#10108 = PCURVE('',#10109,#10114);
#10109 = CYLINDRICAL_SURFACE('',#10110,4.7625);
#10110 = AXIS2_PLACEMENT_3D('',#10111,#10112,#10113);
#10111 = CARTESIAN_POINT('',(-127.,44.45,101.6));
#10112 = DIRECTION('',(1.,0.,0.));
#10113 = DIRECTION('',(0.,0.,1.));
#10114 = DEFINITIONAL_REPRESENTATION('',(#10115),#10132);
#10115 = B_SPLINE_CURVE_WITH_KNOTS('',8,(#10116,#10117,#10118,#10119,
    #10120,#10121,#10122,#10123,#10124,#10125,#10126,#10127,#10128,
    #10129,#10130,#10131),.UNSPECIFIED.,.F.,.F.,(9,7,9),(1.570796326795,
    3.14159265359,4.712388980385),.UNSPECIFIED.);
#10116 = CARTESIAN_POINT('',(0.,101.6));
#10117 = CARTESIAN_POINT('',(0.196349540849,102.53511468829));
#10118 = CARTESIAN_POINT('',(0.392699081698,103.47022959874));
#10119 = CARTESIAN_POINT('',(0.589048622547,104.35040690568));
#10120 = CARTESIAN_POINT('',(0.785398163396,105.12071980032));
#10121 = CARTESIAN_POINT('',(0.981747704246,105.73298344503));
#10122 = CARTESIAN_POINT('',(1.178097245096,106.1526605545));
#10123 = CARTESIAN_POINT('',(1.374446785946,106.3625));
#10124 = CARTESIAN_POINT('',(1.767145867644,106.3625));
#10125 = CARTESIAN_POINT('',(1.963495408495,106.15266055427));
#10126 = CARTESIAN_POINT('',(2.159844949336,105.73298344576));
#10127 = CARTESIAN_POINT('',(2.356194490207,105.12071979939));
#10128 = CARTESIAN_POINT('',(2.552544031033,104.3504069064));
#10129 = CARTESIAN_POINT('',(2.748893571893,103.4702295985));
#10130 = CARTESIAN_POINT('',(2.94524311274,102.53511468829));
#10131 = CARTESIAN_POINT('',(3.14159265359,101.6));
#10132 = ( GEOMETRIC_REPRESENTATION_CONTEXT(2) 
PARAMETRIC_REPRESENTATION_CONTEXT() REPRESENTATION_CONTEXT('2D SPACE',''
  ) );
#10133 = ORIENTED_EDGE('',*,*,#10009,.F.);
#10134 = ORIENTED_EDGE('',*,*,#5483,.T.);
#10135 = ORIENTED_EDGE('',*,*,#5596,.T.);
#10136 = ADVANCED_FACE('',(#10137),#5655,.T.);
#10137 = FACE_BOUND('',#10138,.T.);
#10138 = EDGE_LOOP('',(#10139,#10140,#10141,#10163,#10213,#10266,#10267,
    #10268));
#10139 = ORIENTED_EDGE('',*,*,#5709,.T.);
#10140 = ORIENTED_EDGE('',*,*,#5673,.T.);
#10141 = ORIENTED_EDGE('',*,*,#10142,.T.);
#10142 = EDGE_CURVE('',#5101,#10143,#10145,.T.);
#10143 = VERTEX_POINT('',#10144);
#10144 = CARTESIAN_POINT('',(25.4,44.45,106.3625));
#10145 = SEAM_CURVE('',#10146,(#10150,#10157),.PCURVE_S1.);
#10146 = LINE('',#10147,#10148);
#10147 = CARTESIAN_POINT('',(25.4,0.,106.3625));
#10148 = VECTOR('',#10149,1.);
#10149 = DIRECTION('',(0.,1.,0.));
#10150 = PCURVE('',#5655,#10151);
#10151 = DEFINITIONAL_REPRESENTATION('',(#10152),#10156);
#10152 = LINE('',#10153,#10154);
#10153 = CARTESIAN_POINT('',(0.,0.));
#10154 = VECTOR('',#10155,1.);
#10155 = DIRECTION('',(0.,1.));
#10156 = ( GEOMETRIC_REPRESENTATION_CONTEXT(2) 
PARAMETRIC_REPRESENTATION_CONTEXT() REPRESENTATION_CONTEXT('2D SPACE',''
  ) );
#10157 = PCURVE('',#5655,#10158);
#10158 = DEFINITIONAL_REPRESENTATION('',(#10159),#10162);
#10159 = B_SPLINE_CURVE_WITH_KNOTS('',1,(#10160,#10161),.UNSPECIFIED.,
  .F.,.F.,(2,2),(0.,177.8),.PIECEWISE_BEZIER_KNOTS.);
#10160 = CARTESIAN_POINT('',(6.28318530718,0.));
#10161 = CARTESIAN_POINT('',(6.28318530718,177.8));
#10162 = ( GEOMETRIC_REPRESENTATION_CONTEXT(2) 
PARAMETRIC_REPRESENTATION_CONTEXT() REPRESENTATION_CONTEXT('2D SPACE',''
  ) );
#10163 = ORIENTED_EDGE('',*,*,#10164,.F.);
#10164 = EDGE_CURVE('',#10165,#10143,#10167,.T.);
#10165 = VERTEX_POINT('',#10166);
#10166 = CARTESIAN_POINT('',(25.4,44.45,96.8375));
#10167 = SURFACE_CURVE('',#10168,(#10173,#10193),.PCURVE_S1.);
#10168 = ELLIPSE('',#10169,6.735192090802,4.7625);
#10169 = AXIS2_PLACEMENT_3D('',#10170,#10171,#10172);
#10170 = CARTESIAN_POINT('',(25.4,44.45,101.6));
#10171 = DIRECTION('',(-0.707106781187,0.707106781187,0.));
#10172 = DIRECTION('',(0.707106781187,0.707106781187,0.));
#10173 = PCURVE('',#5655,#10174);
#10174 = DEFINITIONAL_REPRESENTATION('',(#10175),#10192);
#10175 = B_SPLINE_CURVE_WITH_KNOTS('',8,(#10176,#10177,#10178,#10179,
    #10180,#10181,#10182,#10183,#10184,#10185,#10186,#10187,#10188,
    #10189,#10190,#10191),.UNSPECIFIED.,.F.,.F.,(9,7,9),(1.570796326795,
    3.14159265359,4.712388980385),.UNSPECIFIED.);
#10176 = CARTESIAN_POINT('',(3.14159265359,44.45));
#10177 = CARTESIAN_POINT('',(3.337942194439,43.514885311705));
#10178 = CARTESIAN_POINT('',(3.53429173529,42.57977040137));
#10179 = CARTESIAN_POINT('',(3.730641276142,41.699593093436));
#10180 = CARTESIAN_POINT('',(3.926990816993,40.929280200318));
#10181 = CARTESIAN_POINT('',(4.123340357838,40.317016554286));
#10182 = CARTESIAN_POINT('',(4.319689898687,39.897339445624));
#10183 = CARTESIAN_POINT('',(4.516039439535,39.6875));
#10184 = CARTESIAN_POINT('',(4.908738521234,39.6875));
#10185 = CARTESIAN_POINT('',(5.105088062083,39.897339445608));
#10186 = CARTESIAN_POINT('',(5.301437602938,40.317016554271));
#10187 = CARTESIAN_POINT('',(5.497787143778,40.929280200282));
#10188 = CARTESIAN_POINT('',(5.694136684636,41.699593093434));
#10189 = CARTESIAN_POINT('',(5.89048622548,42.579770401355));
#10190 = CARTESIAN_POINT('',(6.08683576633,43.514885311705));
#10191 = CARTESIAN_POINT('',(6.28318530718,44.45));
#10192 = ( GEOMETRIC_REPRESENTATION_CONTEXT(2) 
PARAMETRIC_REPRESENTATION_CONTEXT() REPRESENTATION_CONTEXT('2D SPACE',''
  ) );
#10193 = PCURVE('',#10109,#10194);
#10194 = DEFINITIONAL_REPRESENTATION('',(#10195),#10212);
#10195 = B_SPLINE_CURVE_WITH_KNOTS('',8,(#10196,#10197,#10198,#10199,
    #10200,#10201,#10202,#10203,#10204,#10205,#10206,#10207,#10208,
    #10209,#10210,#10211),.UNSPECIFIED.,.F.,.F.,(9,7,9),(1.570796326795,
    3.14159265359,4.712388980385),.UNSPECIFIED.);
#10196 = CARTESIAN_POINT('',(3.14159265359,152.4));
#10197 = CARTESIAN_POINT('',(2.94524311274,151.4648853117));
#10198 = CARTESIAN_POINT('',(2.748893571888,150.52977040118));
#10199 = CARTESIAN_POINT('',(2.55254403105,149.64959309389));
#10200 = CARTESIAN_POINT('',(2.356194490177,148.8792801995));
#10201 = CARTESIAN_POINT('',(2.159844949351,148.26701655472));
#10202 = CARTESIAN_POINT('',(1.96349540849,147.84733944546));
#10203 = CARTESIAN_POINT('',(1.767145867644,147.6375));
#10204 = CARTESIAN_POINT('',(1.374446785946,147.6375));
#10205 = CARTESIAN_POINT('',(1.178097245096,147.84733944541));
#10206 = CARTESIAN_POINT('',(0.981747704245,148.26701655473));
#10207 = CARTESIAN_POINT('',(0.785398163398,148.87928019943));
#10208 = CARTESIAN_POINT('',(0.589048622546,149.64959309395));
#10209 = CARTESIAN_POINT('',(0.392699081699,150.5297704012));
#10210 = CARTESIAN_POINT('',(0.196349540849,151.4648853117));
#10211 = CARTESIAN_POINT('',(0.,152.4));
#10212 = ( GEOMETRIC_REPRESENTATION_CONTEXT(2) 
PARAMETRIC_REPRESENTATION_CONTEXT() REPRESENTATION_CONTEXT('2D SPACE',''
  ) );
#10213 = ORIENTED_EDGE('',*,*,#10214,.F.);
#10214 = EDGE_CURVE('',#10143,#10165,#10215,.T.);
#10215 = SURFACE_CURVE('',#10216,(#10221,#10241),.PCURVE_S1.);
#10216 = ELLIPSE('',#10217,6.735192090802,4.7625);
#10217 = AXIS2_PLACEMENT_3D('',#10218,#10219,#10220);
#10218 = CARTESIAN_POINT('',(25.4,44.45,101.6));
#10219 = DIRECTION('',(0.707106781187,0.707106781187,0.));
#10220 = DIRECTION('',(-0.707106781187,0.707106781187,0.));
#10221 = PCURVE('',#5655,#10222);
#10222 = DEFINITIONAL_REPRESENTATION('',(#10223),#10240);
#10223 = B_SPLINE_CURVE_WITH_KNOTS('',8,(#10224,#10225,#10226,#10227,
    #10228,#10229,#10230,#10231,#10232,#10233,#10234,#10235,#10236,
    #10237,#10238,#10239),.UNSPECIFIED.,.F.,.F.,(9,7,9),(1.570796326795,
    3.14159265359,4.712388980385),.UNSPECIFIED.);
#10224 = CARTESIAN_POINT('',(0.,44.45));
#10225 = CARTESIAN_POINT('',(0.196349540849,43.514885311705));
#10226 = CARTESIAN_POINT('',(0.392699081698,42.57977040137));
#10227 = CARTESIAN_POINT('',(0.589048622547,41.699593093436));
#10228 = CARTESIAN_POINT('',(0.785398163394,40.929280200318));
#10229 = CARTESIAN_POINT('',(0.981747704246,40.317016554286));
#10230 = CARTESIAN_POINT('',(1.178097245096,39.897339445624));
#10231 = CARTESIAN_POINT('',(1.374446785946,39.6875));
#10232 = CARTESIAN_POINT('',(1.767145867644,39.6875));
#10233 = CARTESIAN_POINT('',(1.963495408492,39.897339445608));
#10234 = CARTESIAN_POINT('',(2.159844949345,40.317016554271));
#10235 = CARTESIAN_POINT('',(2.35619449019,40.929280200282));
#10236 = CARTESIAN_POINT('',(2.552544031045,41.699593093434));
#10237 = CARTESIAN_POINT('',(2.74889357189,42.579770401355));
#10238 = CARTESIAN_POINT('',(2.94524311274,43.514885311705));
#10239 = CARTESIAN_POINT('',(3.14159265359,44.45));
#10240 = ( GEOMETRIC_REPRESENTATION_CONTEXT(2) 
PARAMETRIC_REPRESENTATION_CONTEXT() REPRESENTATION_CONTEXT('2D SPACE',''
  ) );
#10241 = PCURVE('',#10242,#10247);
#10242 = CYLINDRICAL_SURFACE('',#10243,4.7625);
#10243 = AXIS2_PLACEMENT_3D('',#10244,#10245,#10246);
#10244 = CARTESIAN_POINT('',(-127.,44.45,101.6));
#10245 = DIRECTION('',(1.,0.,0.));
#10246 = DIRECTION('',(0.,0.,1.));
#10247 = DEFINITIONAL_REPRESENTATION('',(#10248),#10265);
#10248 = B_SPLINE_CURVE_WITH_KNOTS('',8,(#10249,#10250,#10251,#10252,
    #10253,#10254,#10255,#10256,#10257,#10258,#10259,#10260,#10261,
    #10262,#10263,#10264),.UNSPECIFIED.,.F.,.F.,(9,7,9),(1.570796326795,
    3.14159265359,4.712388980385),.UNSPECIFIED.);
#10249 = CARTESIAN_POINT('',(0.,152.4));
#10250 = CARTESIAN_POINT('',(0.196349540849,153.33511468829));
#10251 = CARTESIAN_POINT('',(0.392699081698,154.2702295985));
#10252 = CARTESIAN_POINT('',(0.589048622547,155.15040690637));
#10253 = CARTESIAN_POINT('',(0.785398163396,155.92071979893));
#10254 = CARTESIAN_POINT('',(0.981747704246,156.53298344566));
#10255 = CARTESIAN_POINT('',(1.178097245096,156.95266055426));
#10256 = CARTESIAN_POINT('',(1.374446785946,157.1625));
#10257 = CARTESIAN_POINT('',(1.767145867644,157.1625));
#10258 = CARTESIAN_POINT('',(1.963495408495,156.95266055426));
#10259 = CARTESIAN_POINT('',(2.159844949336,156.53298344571));
#10260 = CARTESIAN_POINT('',(2.356194490207,155.9207197989));
#10261 = CARTESIAN_POINT('',(2.552544031033,155.15040690649));
#10262 = CARTESIAN_POINT('',(2.748893571893,154.27022959849));
#10263 = CARTESIAN_POINT('',(2.94524311274,153.33511468829));
#10264 = CARTESIAN_POINT('',(3.14159265359,152.4));
#10265 = ( GEOMETRIC_REPRESENTATION_CONTEXT(2) 
PARAMETRIC_REPRESENTATION_CONTEXT() REPRESENTATION_CONTEXT('2D SPACE',''
  ) );
#10266 = ORIENTED_EDGE('',*,*,#10142,.F.);
#10267 = ORIENTED_EDGE('',*,*,#5632,.T.);
#10268 = ORIENTED_EDGE('',*,*,#5745,.T.);
#10269 = ADVANCED_FACE('',(#10270),#5804,.T.);
#10270 = FACE_BOUND('',#10271,.T.);
#10271 = EDGE_LOOP('',(#10272,#10273,#10274,#10296,#10346,#10394,#10395,
    #10396));
#10272 = ORIENTED_EDGE('',*,*,#5858,.T.);
#10273 = ORIENTED_EDGE('',*,*,#5822,.T.);
#10274 = ORIENTED_EDGE('',*,*,#10275,.T.);
#10275 = EDGE_CURVE('',#5123,#10276,#10278,.T.);
#10276 = VERTEX_POINT('',#10277);
#10277 = CARTESIAN_POINT('',(76.2,44.45,106.3625));
#10278 = SEAM_CURVE('',#10279,(#10283,#10290),.PCURVE_S1.);
#10279 = LINE('',#10280,#10281);
#10280 = CARTESIAN_POINT('',(76.2,0.,106.3625));
#10281 = VECTOR('',#10282,1.);
#10282 = DIRECTION('',(0.,1.,0.));
#10283 = PCURVE('',#5804,#10284);
#10284 = DEFINITIONAL_REPRESENTATION('',(#10285),#10289);
#10285 = LINE('',#10286,#10287);
#10286 = CARTESIAN_POINT('',(0.,0.));
#10287 = VECTOR('',#10288,1.);
#10288 = DIRECTION('',(0.,1.));
#10289 = ( GEOMETRIC_REPRESENTATION_CONTEXT(2) 
PARAMETRIC_REPRESENTATION_CONTEXT() REPRESENTATION_CONTEXT('2D SPACE',''
  ) );
#10290 = PCURVE('',#5804,#10291);
#10291 = DEFINITIONAL_REPRESENTATION('',(#10292),#10295);
#10292 = B_SPLINE_CURVE_WITH_KNOTS('',1,(#10293,#10294),.UNSPECIFIED.,
  .F.,.F.,(2,2),(0.,177.8),.PIECEWISE_BEZIER_KNOTS.);
#10293 = CARTESIAN_POINT('',(6.28318530718,0.));
#10294 = CARTESIAN_POINT('',(6.28318530718,177.8));
#10295 = ( GEOMETRIC_REPRESENTATION_CONTEXT(2) 
PARAMETRIC_REPRESENTATION_CONTEXT() REPRESENTATION_CONTEXT('2D SPACE',''
  ) );
#10296 = ORIENTED_EDGE('',*,*,#10297,.F.);
#10297 = EDGE_CURVE('',#10298,#10276,#10300,.T.);
#10298 = VERTEX_POINT('',#10299);
#10299 = CARTESIAN_POINT('',(76.2,44.45,96.8375));
#10300 = SURFACE_CURVE('',#10301,(#10306,#10326),.PCURVE_S1.);
#10301 = ELLIPSE('',#10302,6.735192090802,4.7625);
#10302 = AXIS2_PLACEMENT_3D('',#10303,#10304,#10305);
#10303 = CARTESIAN_POINT('',(76.2,44.45,101.6));
#10304 = DIRECTION('',(-0.707106781187,0.707106781187,0.));
#10305 = DIRECTION('',(0.707106781187,0.707106781187,0.));
#10306 = PCURVE('',#5804,#10307);
#10307 = DEFINITIONAL_REPRESENTATION('',(#10308),#10325);
#10308 = B_SPLINE_CURVE_WITH_KNOTS('',8,(#10309,#10310,#10311,#10312,
    #10313,#10314,#10315,#10316,#10317,#10318,#10319,#10320,#10321,
    #10322,#10323,#10324),.UNSPECIFIED.,.F.,.F.,(9,7,9),(1.570796326795,
    3.14159265359,4.712388980385),.UNSPECIFIED.);
#10309 = CARTESIAN_POINT('',(3.14159265359,44.45));
#10310 = CARTESIAN_POINT('',(3.337942194439,43.514885311705));
#10311 = CARTESIAN_POINT('',(3.53429173529,42.57977040137));
#10312 = CARTESIAN_POINT('',(3.730641276136,41.699593093436));
#10313 = CARTESIAN_POINT('',(3.926990816993,40.929280200318));
#10314 = CARTESIAN_POINT('',(4.123340357835,40.317016554286));
#10315 = CARTESIAN_POINT('',(4.319689898687,39.897339445624));
#10316 = CARTESIAN_POINT('',(4.516039439535,39.6875));
#10317 = CARTESIAN_POINT('',(4.908738521234,39.6875));
#10318 = CARTESIAN_POINT('',(5.105088062083,39.897339445608));
#10319 = CARTESIAN_POINT('',(5.301437602935,40.317016554271));
#10320 = CARTESIAN_POINT('',(5.49778714378,40.929280200282));
#10321 = CARTESIAN_POINT('',(5.694136684634,41.699593093434));
#10322 = CARTESIAN_POINT('',(5.89048622548,42.579770401355));
#10323 = CARTESIAN_POINT('',(6.08683576633,43.514885311705));
#10324 = CARTESIAN_POINT('',(6.28318530718,44.45));
#10325 = ( GEOMETRIC_REPRESENTATION_CONTEXT(2) 
PARAMETRIC_REPRESENTATION_CONTEXT() REPRESENTATION_CONTEXT('2D SPACE',''
  ) );
#10326 = PCURVE('',#10242,#10327);
#10327 = DEFINITIONAL_REPRESENTATION('',(#10328),#10345);
#10328 = B_SPLINE_CURVE_WITH_KNOTS('',8,(#10329,#10330,#10331,#10332,
    #10333,#10334,#10335,#10336,#10337,#10338,#10339,#10340,#10341,
    #10342,#10343,#10344),.UNSPECIFIED.,.F.,.F.,(9,7,9),(1.570796326795,
    3.14159265359,4.712388980385),.UNSPECIFIED.);
#10329 = CARTESIAN_POINT('',(3.14159265359,203.2));
#10330 = CARTESIAN_POINT('',(2.94524311274,202.2648853117));
#10331 = CARTESIAN_POINT('',(2.748893571888,201.32977040145));
#10332 = CARTESIAN_POINT('',(2.55254403105,200.44959309237));
#10333 = CARTESIAN_POINT('',(2.356194490177,199.6792802011));
#10334 = CARTESIAN_POINT('',(2.159844949351,199.06701655329));
#10335 = CARTESIAN_POINT('',(1.96349540849,198.64733944577));
#10336 = CARTESIAN_POINT('',(1.767145867644,198.4375));
#10337 = CARTESIAN_POINT('',(1.374446785946,198.4375));
#10338 = CARTESIAN_POINT('',(1.178097245096,198.64733944554));
#10339 = CARTESIAN_POINT('',(0.981747704245,199.06701655399));
#10340 = CARTESIAN_POINT('',(0.785398163398,199.67928019982));
#10341 = CARTESIAN_POINT('',(0.589048622546,200.44959309326));
#10342 = CARTESIAN_POINT('',(0.392699081699,201.32977040133));
#10343 = CARTESIAN_POINT('',(0.196349540849,202.2648853117));
#10344 = CARTESIAN_POINT('',(0.,203.2));
#10345 = ( GEOMETRIC_REPRESENTATION_CONTEXT(2) 
PARAMETRIC_REPRESENTATION_CONTEXT() REPRESENTATION_CONTEXT('2D SPACE',''
  ) );
#10346 = ORIENTED_EDGE('',*,*,#10347,.F.);
#10347 = EDGE_CURVE('',#10276,#10298,#10348,.T.);
#10348 = SURFACE_CURVE('',#10349,(#10354,#10374),.PCURVE_S1.);
#10349 = ELLIPSE('',#10350,6.735192090802,4.7625);
#10350 = AXIS2_PLACEMENT_3D('',#10351,#10352,#10353);
#10351 = CARTESIAN_POINT('',(76.2,44.45,101.6));
#10352 = DIRECTION('',(0.707106781187,0.707106781187,0.));
#10353 = DIRECTION('',(-0.707106781187,0.707106781187,0.));
#10354 = PCURVE('',#5804,#10355);
#10355 = DEFINITIONAL_REPRESENTATION('',(#10356),#10373);
#10356 = B_SPLINE_CURVE_WITH_KNOTS('',8,(#10357,#10358,#10359,#10360,
    #10361,#10362,#10363,#10364,#10365,#10366,#10367,#10368,#10369,
    #10370,#10371,#10372),.UNSPECIFIED.,.F.,.F.,(9,7,9),(1.570796326795,
    3.14159265359,4.712388980385),.UNSPECIFIED.);
#10357 = CARTESIAN_POINT('',(0.,44.45));
#10358 = CARTESIAN_POINT('',(0.196349540849,43.514885311705));
#10359 = CARTESIAN_POINT('',(0.392699081698,42.57977040137));
#10360 = CARTESIAN_POINT('',(0.589048622548,41.699593093436));
#10361 = CARTESIAN_POINT('',(0.785398163394,40.929280200318));
#10362 = CARTESIAN_POINT('',(0.981747704247,40.317016554286));
#10363 = CARTESIAN_POINT('',(1.178097245095,39.897339445624));
#10364 = CARTESIAN_POINT('',(1.374446785946,39.6875));
#10365 = CARTESIAN_POINT('',(1.767145867644,39.6875));
#10366 = CARTESIAN_POINT('',(1.96349540849,39.897339445608));
#10367 = CARTESIAN_POINT('',(2.159844949352,40.317016554271));
#10368 = CARTESIAN_POINT('',(2.356194490175,40.929280200282));
#10369 = CARTESIAN_POINT('',(2.552544031049,41.699593093434));
#10370 = CARTESIAN_POINT('',(2.748893571888,42.579770401355));
#10371 = CARTESIAN_POINT('',(2.94524311274,43.514885311705));
#10372 = CARTESIAN_POINT('',(3.14159265359,44.45));
#10373 = ( GEOMETRIC_REPRESENTATION_CONTEXT(2) 
PARAMETRIC_REPRESENTATION_CONTEXT() REPRESENTATION_CONTEXT('2D SPACE',''
  ) );
#10374 = PCURVE('',#8595,#10375);
#10375 = DEFINITIONAL_REPRESENTATION('',(#10376),#10393);
#10376 = B_SPLINE_CURVE_WITH_KNOTS('',8,(#10377,#10378,#10379,#10380,
    #10381,#10382,#10383,#10384,#10385,#10386,#10387,#10388,#10389,
    #10390,#10391,#10392),.UNSPECIFIED.,.F.,.F.,(9,7,9),(1.570796326795,
    3.14159265359,4.712388980385),.UNSPECIFIED.);
#10377 = CARTESIAN_POINT('',(0.,203.2));
#10378 = CARTESIAN_POINT('',(0.196349540849,204.13511468829));
#10379 = CARTESIAN_POINT('',(0.392699081698,205.07022959834));
#10380 = CARTESIAN_POINT('',(0.589048622547,205.95040690694));
#10381 = CARTESIAN_POINT('',(0.785398163396,206.72071979832));
#10382 = CARTESIAN_POINT('',(0.981747704246,207.33298344627));
#10383 = CARTESIAN_POINT('',(1.178097245096,207.75266055419));
#10384 = CARTESIAN_POINT('',(1.374446785946,207.9625));
#10385 = CARTESIAN_POINT('',(1.767145867644,207.9625));
#10386 = CARTESIAN_POINT('',(1.963495408495,207.75266055441));
#10387 = CARTESIAN_POINT('',(2.159844949336,207.33298344468));
#10388 = CARTESIAN_POINT('',(2.356194490207,206.72071980022));
#10389 = CARTESIAN_POINT('',(2.552544031033,205.95040690575));
#10390 = CARTESIAN_POINT('',(2.748893571893,205.07022959868));
#10391 = CARTESIAN_POINT('',(2.94524311274,204.13511468829));
#10392 = CARTESIAN_POINT('',(3.14159265359,203.2));
#10393 = ( GEOMETRIC_REPRESENTATION_CONTEXT(2) 
PARAMETRIC_REPRESENTATION_CONTEXT() REPRESENTATION_CONTEXT('2D SPACE',''
  ) );
#10394 = ORIENTED_EDGE('',*,*,#10275,.F.);
#10395 = ORIENTED_EDGE('',*,*,#5781,.T.);
#10396 = ORIENTED_EDGE('',*,*,#5894,.T.);
#10397 = ADVANCED_FACE('',(#10398),#5946,.F.);
#10398 = FACE_BOUND('',#10399,.F.);
#10399 = EDGE_LOOP('',(#10400,#10401,#10402));
#10400 = ORIENTED_EDGE('',*,*,#6513,.T.);
#10401 = ORIENTED_EDGE('',*,*,#5931,.T.);
#10402 = ORIENTED_EDGE('',*,*,#9826,.T.);
#10403 = ADVANCED_FACE('',(#10404),#6061,.T.);
#10404 = FACE_BOUND('',#10405,.T.);
#10405 = EDGE_LOOP('',(#10406,#10407,#10408));
#10406 = ORIENTED_EDGE('',*,*,#7276,.T.);
#10407 = ORIENTED_EDGE('',*,*,#6046,.T.);
#10408 = ORIENTED_EDGE('',*,*,#10409,.T.);
#10409 = EDGE_CURVE('',#6025,#7277,#10410,.T.);
#10410 = SURFACE_CURVE('',#10411,(#10415,#10421),.PCURVE_S1.);
#10411 = LINE('',#10412,#10413);
#10412 = CARTESIAN_POINT('',(-127.,177.8,101.6));
#10413 = VECTOR('',#10414,1.);
#10414 = DIRECTION('',(0.,0.,-1.));
#10415 = PCURVE('',#6061,#10416);
#10416 = DEFINITIONAL_REPRESENTATION('',(#10417),#10420);
#10417 = B_SPLINE_CURVE_WITH_KNOTS('',1,(#10418,#10419),.UNSPECIFIED.,
  .F.,.F.,(2,2),(-4.7625,8.748570571409E-16),.PIECEWISE_BEZIER_KNOTS.);
#10418 = CARTESIAN_POINT('',(4.7625,0.));
#10419 = CARTESIAN_POINT('',(-8.748570571409E-16,0.));
#10420 = ( GEOMETRIC_REPRESENTATION_CONTEXT(2) 
PARAMETRIC_REPRESENTATION_CONTEXT() REPRESENTATION_CONTEXT('2D SPACE',''
  ) );
#10421 = PCURVE('',#6596,#10422);
#10422 = DEFINITIONAL_REPRESENTATION('',(#10423),#10426);
#10423 = B_SPLINE_CURVE_WITH_KNOTS('',1,(#10424,#10425),.UNSPECIFIED.,
  .F.,.F.,(2,2),(-4.7625,8.748570571409E-16),.PIECEWISE_BEZIER_KNOTS.);
#10424 = CARTESIAN_POINT('',(4.7625,0.));
#10425 = CARTESIAN_POINT('',(-8.748570571409E-16,0.));
#10426 = ( GEOMETRIC_REPRESENTATION_CONTEXT(2) 
PARAMETRIC_REPRESENTATION_CONTEXT() REPRESENTATION_CONTEXT('2D SPACE',''
  ) );
#10427 = ADVANCED_FACE('',(#10428),#6161,.T.);
#10428 = FACE_BOUND('',#10429,.T.);
#10429 = EDGE_LOOP('',(#10430,#10431,#10451,#10492,#10526,#10527,#10528,
    #10529));
#10430 = ORIENTED_EDGE('',*,*,#6186,.F.);
#10431 = ORIENTED_EDGE('',*,*,#10432,.T.);
#10432 = EDGE_CURVE('',#5959,#9877,#10433,.T.);
#10433 = SEAM_CURVE('',#10434,(#10438,#10445),.PCURVE_S1.);
#10434 = LINE('',#10435,#10436);
#10435 = CARTESIAN_POINT('',(-127.,44.45,106.3625));
#10436 = VECTOR('',#10437,1.);
#10437 = DIRECTION('',(1.,0.,0.));
#10438 = PCURVE('',#6161,#10439);
#10439 = DEFINITIONAL_REPRESENTATION('',(#10440),#10444);
#10440 = LINE('',#10441,#10442);
#10441 = CARTESIAN_POINT('',(0.,0.));
#10442 = VECTOR('',#10443,1.);
#10443 = DIRECTION('',(0.,1.));
#10444 = ( GEOMETRIC_REPRESENTATION_CONTEXT(2) 
PARAMETRIC_REPRESENTATION_CONTEXT() REPRESENTATION_CONTEXT('2D SPACE',''
  ) );
#10445 = PCURVE('',#6161,#10446);
#10446 = DEFINITIONAL_REPRESENTATION('',(#10447),#10450);
#10447 = B_SPLINE_CURVE_WITH_KNOTS('',1,(#10448,#10449),.UNSPECIFIED.,
  .F.,.F.,(2,2),(0.,254.),.PIECEWISE_BEZIER_KNOTS.);
#10448 = CARTESIAN_POINT('',(6.28318530718,0.));
#10449 = CARTESIAN_POINT('',(6.28318530718,254.));
#10450 = ( GEOMETRIC_REPRESENTATION_CONTEXT(2) 
PARAMETRIC_REPRESENTATION_CONTEXT() REPRESENTATION_CONTEXT('2D SPACE',''
  ) );
#10451 = ORIENTED_EDGE('',*,*,#10452,.F.);
#10452 = EDGE_CURVE('',#10453,#9877,#10455,.T.);
#10453 = VERTEX_POINT('',#10454);
#10454 = CARTESIAN_POINT('',(-80.9625,49.2125,101.6));
#10455 = SURFACE_CURVE('',#10456,(#10461,#10474),.PCURVE_S1.);
#10456 = ELLIPSE('',#10457,6.735192090802,4.7625);
#10457 = AXIS2_PLACEMENT_3D('',#10458,#10459,#10460);
#10458 = CARTESIAN_POINT('',(-76.2,44.45,101.6));
#10459 = DIRECTION('',(0.707106781187,0.707106781187,0.));
#10460 = DIRECTION('',(-0.707106781187,0.707106781187,0.));
#10461 = PCURVE('',#6161,#10462);
#10462 = DEFINITIONAL_REPRESENTATION('',(#10463),#10473);
#10463 = B_SPLINE_CURVE_WITH_KNOTS('',8,(#10464,#10465,#10466,#10467,
    #10468,#10469,#10470,#10471,#10472),.UNSPECIFIED.,.F.,.F.,(9,9),(0.,
    1.570796326795),.PIECEWISE_BEZIER_KNOTS.);
#10464 = CARTESIAN_POINT('',(4.712388980385,46.0375));
#10465 = CARTESIAN_POINT('',(4.908738521234,46.0375));
#10466 = CARTESIAN_POINT('',(5.105088062082,46.247339445626));
#10467 = CARTESIAN_POINT('',(5.301437602938,46.667016554272));
#10468 = CARTESIAN_POINT('',(5.497787143778,47.279280200342));
#10469 = CARTESIAN_POINT('',(5.694136684637,48.049593093435));
#10470 = CARTESIAN_POINT('',(5.89048622548,48.929770401379));
#10471 = CARTESIAN_POINT('',(6.08683576633,49.864885311705));
#10472 = CARTESIAN_POINT('',(6.28318530718,50.8));
#10473 = ( GEOMETRIC_REPRESENTATION_CONTEXT(2) 
PARAMETRIC_REPRESENTATION_CONTEXT() REPRESENTATION_CONTEXT('2D SPACE',''
  ) );
#10474 = PCURVE('',#10475,#10480);
#10475 = CYLINDRICAL_SURFACE('',#10476,4.7625);
#10476 = AXIS2_PLACEMENT_3D('',#10477,#10478,#10479);
#10477 = CARTESIAN_POINT('',(-76.2,0.,101.6));
#10478 = DIRECTION('',(0.,1.,0.));
#10479 = DIRECTION('',(0.,-0.,1.));
#10480 = DEFINITIONAL_REPRESENTATION('',(#10481),#10491);
#10481 = B_SPLINE_CURVE_WITH_KNOTS('',8,(#10482,#10483,#10484,#10485,
    #10486,#10487,#10488,#10489,#10490),.UNSPECIFIED.,.F.,.F.,(9,9),(0.,
    1.570796326795),.PIECEWISE_BEZIER_KNOTS.);
#10482 = CARTESIAN_POINT('',(4.712388980385,49.2125));
#10483 = CARTESIAN_POINT('',(4.908738521234,49.2125));
#10484 = CARTESIAN_POINT('',(5.105088062083,49.002660554336));
#10485 = CARTESIAN_POINT('',(5.301437602938,48.582983445679));
#10486 = CARTESIAN_POINT('',(5.497787143778,47.970719799396));
#10487 = CARTESIAN_POINT('',(5.694136684636,47.200406906502));
#10488 = CARTESIAN_POINT('',(5.89048622548,46.320229598595));
#10489 = CARTESIAN_POINT('',(6.08683576633,45.385114688295));
#10490 = CARTESIAN_POINT('',(6.28318530718,44.45));
#10491 = ( GEOMETRIC_REPRESENTATION_CONTEXT(2) 
PARAMETRIC_REPRESENTATION_CONTEXT() REPRESENTATION_CONTEXT('2D SPACE',''
  ) );
#10492 = ORIENTED_EDGE('',*,*,#10493,.F.);
#10493 = EDGE_CURVE('',#9899,#10453,#10494,.T.);
#10494 = SURFACE_CURVE('',#10495,(#10500,#10513),.PCURVE_S1.);
#10495 = ELLIPSE('',#10496,6.735192090802,4.7625);
#10496 = AXIS2_PLACEMENT_3D('',#10497,#10498,#10499);
#10497 = CARTESIAN_POINT('',(-76.2,44.45,101.6));
#10498 = DIRECTION('',(0.707106781187,0.707106781187,0.));
#10499 = DIRECTION('',(-0.707106781187,0.707106781187,0.));
#10500 = PCURVE('',#6161,#10501);
#10501 = DEFINITIONAL_REPRESENTATION('',(#10502),#10512);
#10502 = B_SPLINE_CURVE_WITH_KNOTS('',8,(#10503,#10504,#10505,#10506,
    #10507,#10508,#10509,#10510,#10511),.UNSPECIFIED.,.F.,.F.,(9,9),(
    4.712388980385,6.28318530718),.PIECEWISE_BEZIER_KNOTS.);
#10503 = CARTESIAN_POINT('',(3.14159265359,50.8));
#10504 = CARTESIAN_POINT('',(3.337942194439,49.864885311705));
#10505 = CARTESIAN_POINT('',(3.534291735285,48.929770401345));
#10506 = CARTESIAN_POINT('',(3.730641276142,48.049593093522));
#10507 = CARTESIAN_POINT('',(3.926990816972,47.279280200216));
#10508 = CARTESIAN_POINT('',(4.123340357837,46.667016554323));
#10509 = CARTESIAN_POINT('',(4.319689898683,46.247339445597));
#10510 = CARTESIAN_POINT('',(4.516039439535,46.0375));
#10511 = CARTESIAN_POINT('',(4.712388980385,46.0375));
#10512 = ( GEOMETRIC_REPRESENTATION_CONTEXT(2) 
PARAMETRIC_REPRESENTATION_CONTEXT() REPRESENTATION_CONTEXT('2D SPACE',''
  ) );
#10513 = PCURVE('',#10475,#10514);
#10514 = DEFINITIONAL_REPRESENTATION('',(#10515),#10525);
#10515 = B_SPLINE_CURVE_WITH_KNOTS('',8,(#10516,#10517,#10518,#10519,
    #10520,#10521,#10522,#10523,#10524),.UNSPECIFIED.,.F.,.F.,(9,9),(
    4.712388980385,6.28318530718),.PIECEWISE_BEZIER_KNOTS.);
#10516 = CARTESIAN_POINT('',(3.14159265359,44.45));
#10517 = CARTESIAN_POINT('',(3.337942194439,45.385114688295));
#10518 = CARTESIAN_POINT('',(3.534291735284,46.320229598605));
#10519 = CARTESIAN_POINT('',(3.730641276133,47.200406906477));
#10520 = CARTESIAN_POINT('',(3.92699081697,47.970719799511));
#10521 = CARTESIAN_POINT('',(4.123340357835,48.582983445654));
#10522 = CARTESIAN_POINT('',(4.319689898682,49.002660554341));
#10523 = CARTESIAN_POINT('',(4.516039439535,49.2125));
#10524 = CARTESIAN_POINT('',(4.712388980385,49.2125));
#10525 = ( GEOMETRIC_REPRESENTATION_CONTEXT(2) 
PARAMETRIC_REPRESENTATION_CONTEXT() REPRESENTATION_CONTEXT('2D SPACE',''
  ) );
#10526 = ORIENTED_EDGE('',*,*,#9898,.T.);
#10527 = ORIENTED_EDGE('',*,*,#10432,.F.);
#10528 = ORIENTED_EDGE('',*,*,#6131,.T.);
#10529 = ORIENTED_EDGE('',*,*,#6222,.F.);
#10530 = ADVANCED_FACE('',(#10531),#6288,.T.);
#10531 = FACE_BOUND('',#10532,.T.);
#10532 = EDGE_LOOP('',(#10533,#10534,#10556,#10597,#10633,#10681,#10682,
    #10683));
#10533 = ORIENTED_EDGE('',*,*,#6313,.F.);
#10534 = ORIENTED_EDGE('',*,*,#10535,.T.);
#10535 = EDGE_CURVE('',#5981,#10536,#10538,.T.);
#10536 = VERTEX_POINT('',#10537);
#10537 = CARTESIAN_POINT('',(-76.2,88.9,106.3625));
#10538 = SEAM_CURVE('',#10539,(#10543,#10550),.PCURVE_S1.);
#10539 = LINE('',#10540,#10541);
#10540 = CARTESIAN_POINT('',(-127.,88.9,106.3625));
#10541 = VECTOR('',#10542,1.);
#10542 = DIRECTION('',(1.,0.,0.));
#10543 = PCURVE('',#6288,#10544);
#10544 = DEFINITIONAL_REPRESENTATION('',(#10545),#10549);
#10545 = LINE('',#10546,#10547);
#10546 = CARTESIAN_POINT('',(0.,0.));
#10547 = VECTOR('',#10548,1.);
#10548 = DIRECTION('',(0.,1.));
#10549 = ( GEOMETRIC_REPRESENTATION_CONTEXT(2) 
PARAMETRIC_REPRESENTATION_CONTEXT() REPRESENTATION_CONTEXT('2D SPACE',''
  ) );
#10550 = PCURVE('',#6288,#10551);
#10551 = DEFINITIONAL_REPRESENTATION('',(#10552),#10555);
#10552 = B_SPLINE_CURVE_WITH_KNOTS('',1,(#10553,#10554),.UNSPECIFIED.,
  .F.,.F.,(2,2),(0.,254.),.PIECEWISE_BEZIER_KNOTS.);
#10553 = CARTESIAN_POINT('',(6.28318530718,0.));
#10554 = CARTESIAN_POINT('',(6.28318530718,254.));
#10555 = ( GEOMETRIC_REPRESENTATION_CONTEXT(2) 
PARAMETRIC_REPRESENTATION_CONTEXT() REPRESENTATION_CONTEXT('2D SPACE',''
  ) );
#10556 = ORIENTED_EDGE('',*,*,#10557,.F.);
#10557 = EDGE_CURVE('',#10558,#10536,#10560,.T.);
#10558 = VERTEX_POINT('',#10559);
#10559 = CARTESIAN_POINT('',(-80.9625,93.6625,101.6));
#10560 = SURFACE_CURVE('',#10561,(#10566,#10579),.PCURVE_S1.);
#10561 = ELLIPSE('',#10562,6.735192090802,4.7625);
#10562 = AXIS2_PLACEMENT_3D('',#10563,#10564,#10565);
#10563 = CARTESIAN_POINT('',(-76.2,88.9,101.6));
#10564 = DIRECTION('',(0.707106781187,0.707106781187,0.));
#10565 = DIRECTION('',(-0.707106781187,0.707106781187,0.));
#10566 = PCURVE('',#6288,#10567);
#10567 = DEFINITIONAL_REPRESENTATION('',(#10568),#10578);
#10568 = B_SPLINE_CURVE_WITH_KNOTS('',8,(#10569,#10570,#10571,#10572,
    #10573,#10574,#10575,#10576,#10577),.UNSPECIFIED.,.F.,.F.,(9,9),(0.,
    1.570796326795),.PIECEWISE_BEZIER_KNOTS.);
#10569 = CARTESIAN_POINT('',(4.712388980385,46.0375));
#10570 = CARTESIAN_POINT('',(4.908738521234,46.0375));
#10571 = CARTESIAN_POINT('',(5.105088062083,46.247339445626));
#10572 = CARTESIAN_POINT('',(5.301437602938,46.667016554272));
#10573 = CARTESIAN_POINT('',(5.497787143778,47.279280200342));
#10574 = CARTESIAN_POINT('',(5.694136684636,48.049593093435));
#10575 = CARTESIAN_POINT('',(5.89048622548,48.929770401379));
#10576 = CARTESIAN_POINT('',(6.08683576633,49.864885311705));
#10577 = CARTESIAN_POINT('',(6.28318530718,50.8));
#10578 = ( GEOMETRIC_REPRESENTATION_CONTEXT(2) 
PARAMETRIC_REPRESENTATION_CONTEXT() REPRESENTATION_CONTEXT('2D SPACE',''
  ) );
#10579 = PCURVE('',#10580,#10585);
#10580 = CYLINDRICAL_SURFACE('',#10581,4.7625);
#10581 = AXIS2_PLACEMENT_3D('',#10582,#10583,#10584);
#10582 = CARTESIAN_POINT('',(-76.2,0.,101.6));
#10583 = DIRECTION('',(0.,1.,0.));
#10584 = DIRECTION('',(0.,-0.,1.));
#10585 = DEFINITIONAL_REPRESENTATION('',(#10586),#10596);
#10586 = B_SPLINE_CURVE_WITH_KNOTS('',8,(#10587,#10588,#10589,#10590,
    #10591,#10592,#10593,#10594,#10595),.UNSPECIFIED.,.F.,.F.,(9,9),(0.,
    1.570796326795),.PIECEWISE_BEZIER_KNOTS.);
#10587 = CARTESIAN_POINT('',(4.712388980385,93.6625));
#10588 = CARTESIAN_POINT('',(4.908738521234,93.6625));
#10589 = CARTESIAN_POINT('',(5.105088062083,93.452660554223));
#10590 = CARTESIAN_POINT('',(5.301437602938,93.032983445956));
#10591 = CARTESIAN_POINT('',(5.497787143778,92.420719798999));
#10592 = CARTESIAN_POINT('',(5.694136684636,91.65040690676));
#10593 = CARTESIAN_POINT('',(5.89048622548,90.770229598473));
#10594 = CARTESIAN_POINT('',(6.08683576633,89.835114688295));
#10595 = CARTESIAN_POINT('',(6.28318530718,88.9));
#10596 = ( GEOMETRIC_REPRESENTATION_CONTEXT(2) 
PARAMETRIC_REPRESENTATION_CONTEXT() REPRESENTATION_CONTEXT('2D SPACE',''
  ) );
#10597 = ORIENTED_EDGE('',*,*,#10598,.F.);
#10598 = EDGE_CURVE('',#10599,#10558,#10601,.T.);
#10599 = VERTEX_POINT('',#10600);
#10600 = CARTESIAN_POINT('',(-76.2,88.9,96.8375));
#10601 = SURFACE_CURVE('',#10602,(#10607,#10620),.PCURVE_S1.);
#10602 = ELLIPSE('',#10603,6.735192090802,4.7625);
#10603 = AXIS2_PLACEMENT_3D('',#10604,#10605,#10606);
#10604 = CARTESIAN_POINT('',(-76.2,88.9,101.6));
#10605 = DIRECTION('',(0.707106781187,0.707106781187,0.));
#10606 = DIRECTION('',(-0.707106781187,0.707106781187,0.));
#10607 = PCURVE('',#6288,#10608);
#10608 = DEFINITIONAL_REPRESENTATION('',(#10609),#10619);
#10609 = B_SPLINE_CURVE_WITH_KNOTS('',8,(#10610,#10611,#10612,#10613,
    #10614,#10615,#10616,#10617,#10618),.UNSPECIFIED.,.F.,.F.,(9,9),(
    4.712388980385,6.28318530718),.PIECEWISE_BEZIER_KNOTS.);
#10610 = CARTESIAN_POINT('',(3.14159265359,50.8));
#10611 = CARTESIAN_POINT('',(3.337942194439,49.864885311705));
#10612 = CARTESIAN_POINT('',(3.534291735284,48.929770401345));
#10613 = CARTESIAN_POINT('',(3.730641276133,48.049593093522));
#10614 = CARTESIAN_POINT('',(3.92699081697,47.279280200216));
#10615 = CARTESIAN_POINT('',(4.123340357835,46.667016554323));
#10616 = CARTESIAN_POINT('',(4.319689898682,46.247339445597));
#10617 = CARTESIAN_POINT('',(4.516039439535,46.0375));
#10618 = CARTESIAN_POINT('',(4.712388980385,46.0375));
#10619 = ( GEOMETRIC_REPRESENTATION_CONTEXT(2) 
PARAMETRIC_REPRESENTATION_CONTEXT() REPRESENTATION_CONTEXT('2D SPACE',''
  ) );
#10620 = PCURVE('',#10580,#10621);
#10621 = DEFINITIONAL_REPRESENTATION('',(#10622),#10632);
#10622 = B_SPLINE_CURVE_WITH_KNOTS('',8,(#10623,#10624,#10625,#10626,
    #10627,#10628,#10629,#10630,#10631),.UNSPECIFIED.,.F.,.F.,(9,9),(
    4.712388980385,6.28318530718),.PIECEWISE_BEZIER_KNOTS.);
#10623 = CARTESIAN_POINT('',(3.14159265359,88.9));
#10624 = CARTESIAN_POINT('',(3.337942194439,89.835114688295));
#10625 = CARTESIAN_POINT('',(3.534291735284,90.770229598624));
#10626 = CARTESIAN_POINT('',(3.730641276133,91.650406906341));
#10627 = CARTESIAN_POINT('',(3.92699081697,92.42071979969));
#10628 = CARTESIAN_POINT('',(4.123340357835,93.032983445501));
#10629 = CARTESIAN_POINT('',(4.319689898682,93.452660554342));
#10630 = CARTESIAN_POINT('',(4.516039439535,93.6625));
#10631 = CARTESIAN_POINT('',(4.712388980385,93.6625));
#10632 = ( GEOMETRIC_REPRESENTATION_CONTEXT(2) 
PARAMETRIC_REPRESENTATION_CONTEXT() REPRESENTATION_CONTEXT('2D SPACE',''
  ) );
#10633 = ORIENTED_EDGE('',*,*,#10634,.T.);
#10634 = EDGE_CURVE('',#10599,#10536,#10635,.T.);
#10635 = SURFACE_CURVE('',#10636,(#10641,#10661),.PCURVE_S1.);
#10636 = ELLIPSE('',#10637,6.735192090802,4.7625);
#10637 = AXIS2_PLACEMENT_3D('',#10638,#10639,#10640);
#10638 = CARTESIAN_POINT('',(-76.2,88.9,101.6));
#10639 = DIRECTION('',(-0.707106781187,0.707106781187,0.));
#10640 = DIRECTION('',(0.707106781187,0.707106781187,0.));
#10641 = PCURVE('',#6288,#10642);
#10642 = DEFINITIONAL_REPRESENTATION('',(#10643),#10660);
#10643 = B_SPLINE_CURVE_WITH_KNOTS('',8,(#10644,#10645,#10646,#10647,
    #10648,#10649,#10650,#10651,#10652,#10653,#10654,#10655,#10656,
    #10657,#10658,#10659),.UNSPECIFIED.,.F.,.F.,(9,7,9),(1.570796326795,
    3.14159265359,4.712388980385),.UNSPECIFIED.);
#10644 = CARTESIAN_POINT('',(3.14159265359,50.8));
#10645 = CARTESIAN_POINT('',(2.94524311274,49.864885311705));
#10646 = CARTESIAN_POINT('',(2.748893571889,48.929770401345));
#10647 = CARTESIAN_POINT('',(2.552544031047,48.049593093522));
#10648 = CARTESIAN_POINT('',(2.35619449018,47.279280200216));
#10649 = CARTESIAN_POINT('',(2.159844949349,46.667016554323));
#10650 = CARTESIAN_POINT('',(1.963495408492,46.247339445597));
#10651 = CARTESIAN_POINT('',(1.767145867644,46.0375));
#10652 = CARTESIAN_POINT('',(1.374446785946,46.0375));
#10653 = CARTESIAN_POINT('',(1.178097245096,46.247339445693));
#10654 = CARTESIAN_POINT('',(0.981747704245,46.667016554003));
#10655 = CARTESIAN_POINT('',(0.785398163396,47.279280200685));
#10656 = CARTESIAN_POINT('',(0.589048622546,48.049593093141));
#10657 = CARTESIAN_POINT('',(0.392699081698,48.929770401423));
#10658 = CARTESIAN_POINT('',(0.196349540849,49.864885311705));
#10659 = CARTESIAN_POINT('',(0.,50.8));
#10660 = ( GEOMETRIC_REPRESENTATION_CONTEXT(2) 
PARAMETRIC_REPRESENTATION_CONTEXT() REPRESENTATION_CONTEXT('2D SPACE',''
  ) );
#10661 = PCURVE('',#10475,#10662);
#10662 = DEFINITIONAL_REPRESENTATION('',(#10663),#10680);
#10663 = B_SPLINE_CURVE_WITH_KNOTS('',8,(#10664,#10665,#10666,#10667,
    #10668,#10669,#10670,#10671,#10672,#10673,#10674,#10675,#10676,
    #10677,#10678,#10679),.UNSPECIFIED.,.F.,.F.,(9,7,9),(1.570796326795,
    3.14159265359,4.712388980385),.UNSPECIFIED.);
#10664 = CARTESIAN_POINT('',(3.14159265359,88.9));
#10665 = CARTESIAN_POINT('',(3.337942194439,87.964885311705));
#10666 = CARTESIAN_POINT('',(3.53429173529,87.029770401285));
#10667 = CARTESIAN_POINT('',(3.730641276136,86.149593093531));
#10668 = CARTESIAN_POINT('',(3.926990816993,85.379280200073));
#10669 = CARTESIAN_POINT('',(4.123340357835,84.767016554372));
#10670 = CARTESIAN_POINT('',(4.319689898687,84.347339445559));
#10671 = CARTESIAN_POINT('',(4.516039439535,84.1375));
#10672 = CARTESIAN_POINT('',(4.908738521234,84.1375));
#10673 = CARTESIAN_POINT('',(5.105088062083,84.347339445616));
#10674 = CARTESIAN_POINT('',(5.301437602935,84.767016554167));
#10675 = CARTESIAN_POINT('',(5.49778714378,85.379280200145));
#10676 = CARTESIAN_POINT('',(5.694136684634,86.149593093383));
#10677 = CARTESIAN_POINT('',(5.89048622548,87.029770401356));
#10678 = CARTESIAN_POINT('',(6.08683576633,87.964885311705));
#10679 = CARTESIAN_POINT('',(6.28318530718,88.9));
#10680 = ( GEOMETRIC_REPRESENTATION_CONTEXT(2) 
PARAMETRIC_REPRESENTATION_CONTEXT() REPRESENTATION_CONTEXT('2D SPACE',''
  ) );
#10681 = ORIENTED_EDGE('',*,*,#10535,.F.);
#10682 = ORIENTED_EDGE('',*,*,#6258,.T.);
#10683 = ORIENTED_EDGE('',*,*,#6349,.F.);
#10684 = ADVANCED_FACE('',(#10685),#6415,.T.);
#10685 = FACE_BOUND('',#10686,.T.);
#10686 = EDGE_LOOP('',(#10687,#10688,#10710,#10746,#10782,#10830,#10831,
    #10832));
#10687 = ORIENTED_EDGE('',*,*,#6440,.F.);
#10688 = ORIENTED_EDGE('',*,*,#10689,.T.);
#10689 = EDGE_CURVE('',#6003,#10690,#10692,.T.);
#10690 = VERTEX_POINT('',#10691);
#10691 = CARTESIAN_POINT('',(-76.2,133.35,106.3625));
#10692 = SEAM_CURVE('',#10693,(#10697,#10704),.PCURVE_S1.);
#10693 = LINE('',#10694,#10695);
#10694 = CARTESIAN_POINT('',(-127.,133.35,106.3625));
#10695 = VECTOR('',#10696,1.);
#10696 = DIRECTION('',(1.,0.,0.));
#10697 = PCURVE('',#6415,#10698);
#10698 = DEFINITIONAL_REPRESENTATION('',(#10699),#10703);
#10699 = LINE('',#10700,#10701);
#10700 = CARTESIAN_POINT('',(0.,0.));
#10701 = VECTOR('',#10702,1.);
#10702 = DIRECTION('',(0.,1.));
#10703 = ( GEOMETRIC_REPRESENTATION_CONTEXT(2) 
PARAMETRIC_REPRESENTATION_CONTEXT() REPRESENTATION_CONTEXT('2D SPACE',''
  ) );
#10704 = PCURVE('',#6415,#10705);
#10705 = DEFINITIONAL_REPRESENTATION('',(#10706),#10709);
#10706 = B_SPLINE_CURVE_WITH_KNOTS('',1,(#10707,#10708),.UNSPECIFIED.,
  .F.,.F.,(2,2),(0.,254.),.PIECEWISE_BEZIER_KNOTS.);
#10707 = CARTESIAN_POINT('',(6.28318530718,0.));
#10708 = CARTESIAN_POINT('',(6.28318530718,254.));
#10709 = ( GEOMETRIC_REPRESENTATION_CONTEXT(2) 
PARAMETRIC_REPRESENTATION_CONTEXT() REPRESENTATION_CONTEXT('2D SPACE',''
  ) );
#10710 = ORIENTED_EDGE('',*,*,#10711,.F.);
#10711 = EDGE_CURVE('',#10712,#10690,#10714,.T.);
#10712 = VERTEX_POINT('',#10713);
#10713 = CARTESIAN_POINT('',(-80.9625,138.1125,101.6));
#10714 = SURFACE_CURVE('',#10715,(#10720,#10733),.PCURVE_S1.);
#10715 = ELLIPSE('',#10716,6.735192090802,4.7625);
#10716 = AXIS2_PLACEMENT_3D('',#10717,#10718,#10719);
#10717 = CARTESIAN_POINT('',(-76.2,133.35,101.6));
#10718 = DIRECTION('',(0.707106781187,0.707106781187,0.));
#10719 = DIRECTION('',(-0.707106781187,0.707106781187,0.));
#10720 = PCURVE('',#6415,#10721);
#10721 = DEFINITIONAL_REPRESENTATION('',(#10722),#10732);
#10722 = B_SPLINE_CURVE_WITH_KNOTS('',8,(#10723,#10724,#10725,#10726,
    #10727,#10728,#10729,#10730,#10731),.UNSPECIFIED.,.F.,.F.,(9,9),(0.,
    1.570796326795),.PIECEWISE_BEZIER_KNOTS.);
#10723 = CARTESIAN_POINT('',(4.712388980385,46.0375));
#10724 = CARTESIAN_POINT('',(4.908738521234,46.0375));
#10725 = CARTESIAN_POINT('',(5.105088062082,46.247339445626));
#10726 = CARTESIAN_POINT('',(5.301437602939,46.667016554272));
#10727 = CARTESIAN_POINT('',(5.497787143776,47.279280200342));
#10728 = CARTESIAN_POINT('',(5.694136684638,48.049593093435));
#10729 = CARTESIAN_POINT('',(5.89048622548,48.929770401379));
#10730 = CARTESIAN_POINT('',(6.08683576633,49.864885311705));
#10731 = CARTESIAN_POINT('',(6.28318530718,50.8));
#10732 = ( GEOMETRIC_REPRESENTATION_CONTEXT(2) 
PARAMETRIC_REPRESENTATION_CONTEXT() REPRESENTATION_CONTEXT('2D SPACE',''
  ) );
#10733 = PCURVE('',#6885,#10734);
#10734 = DEFINITIONAL_REPRESENTATION('',(#10735),#10745);
#10735 = B_SPLINE_CURVE_WITH_KNOTS('',8,(#10736,#10737,#10738,#10739,
    #10740,#10741,#10742,#10743,#10744),.UNSPECIFIED.,.F.,.F.,(9,9),(0.,
    1.570796326795),.PIECEWISE_BEZIER_KNOTS.);
#10736 = CARTESIAN_POINT('',(4.712388980385,138.1125));
#10737 = CARTESIAN_POINT('',(4.908738521234,138.1125));
#10738 = CARTESIAN_POINT('',(5.105088062083,137.90266055424));
#10739 = CARTESIAN_POINT('',(5.301437602938,137.48298344575));
#10740 = CARTESIAN_POINT('',(5.497787143778,136.87071979899));
#10741 = CARTESIAN_POINT('',(5.694136684636,136.1004069065));
#10742 = CARTESIAN_POINT('',(5.89048622548,135.2202295985));
#10743 = CARTESIAN_POINT('',(6.08683576633,134.28511468829));
#10744 = CARTESIAN_POINT('',(6.28318530718,133.35));
#10745 = ( GEOMETRIC_REPRESENTATION_CONTEXT(2) 
PARAMETRIC_REPRESENTATION_CONTEXT() REPRESENTATION_CONTEXT('2D SPACE',''
  ) );
#10746 = ORIENTED_EDGE('',*,*,#10747,.F.);
#10747 = EDGE_CURVE('',#10748,#10712,#10750,.T.);
#10748 = VERTEX_POINT('',#10749);
#10749 = CARTESIAN_POINT('',(-76.2,133.35,96.8375));
#10750 = SURFACE_CURVE('',#10751,(#10756,#10769),.PCURVE_S1.);
#10751 = ELLIPSE('',#10752,6.735192090802,4.7625);
#10752 = AXIS2_PLACEMENT_3D('',#10753,#10754,#10755);
#10753 = CARTESIAN_POINT('',(-76.2,133.35,101.6));
#10754 = DIRECTION('',(0.707106781187,0.707106781187,0.));
#10755 = DIRECTION('',(-0.707106781187,0.707106781187,0.));
#10756 = PCURVE('',#6415,#10757);
#10757 = DEFINITIONAL_REPRESENTATION('',(#10758),#10768);
#10758 = B_SPLINE_CURVE_WITH_KNOTS('',8,(#10759,#10760,#10761,#10762,
    #10763,#10764,#10765,#10766,#10767),.UNSPECIFIED.,.F.,.F.,(9,9),(
    4.712388980385,6.28318530718),.PIECEWISE_BEZIER_KNOTS.);
#10759 = CARTESIAN_POINT('',(3.14159265359,50.8));
#10760 = CARTESIAN_POINT('',(3.337942194439,49.864885311705));
#10761 = CARTESIAN_POINT('',(3.534291735285,48.929770401345));
#10762 = CARTESIAN_POINT('',(3.730641276142,48.049593093522));
#10763 = CARTESIAN_POINT('',(3.926990816972,47.279280200216));
#10764 = CARTESIAN_POINT('',(4.123340357837,46.667016554323));
#10765 = CARTESIAN_POINT('',(4.319689898683,46.247339445597));
#10766 = CARTESIAN_POINT('',(4.516039439535,46.0375));
#10767 = CARTESIAN_POINT('',(4.712388980385,46.0375));
#10768 = ( GEOMETRIC_REPRESENTATION_CONTEXT(2) 
PARAMETRIC_REPRESENTATION_CONTEXT() REPRESENTATION_CONTEXT('2D SPACE',''
  ) );
#10769 = PCURVE('',#6885,#10770);
#10770 = DEFINITIONAL_REPRESENTATION('',(#10771),#10781);
#10771 = B_SPLINE_CURVE_WITH_KNOTS('',8,(#10772,#10773,#10774,#10775,
    #10776,#10777,#10778,#10779,#10780),.UNSPECIFIED.,.F.,.F.,(9,9),(
    4.712388980385,6.28318530718),.PIECEWISE_BEZIER_KNOTS.);
#10772 = CARTESIAN_POINT('',(3.14159265359,133.35));
#10773 = CARTESIAN_POINT('',(3.337942194439,134.28511468829));
#10774 = CARTESIAN_POINT('',(3.534291735284,135.22022959858));
#10775 = CARTESIAN_POINT('',(3.730641276133,136.10040690638));
#10776 = CARTESIAN_POINT('',(3.92699081697,136.87071979946));
#10777 = CARTESIAN_POINT('',(4.123340357835,137.48298344542));
#10778 = CARTESIAN_POINT('',(4.319689898682,137.90266055429));
#10779 = CARTESIAN_POINT('',(4.516039439535,138.1125));
#10780 = CARTESIAN_POINT('',(4.712388980385,138.1125));
#10781 = ( GEOMETRIC_REPRESENTATION_CONTEXT(2) 
PARAMETRIC_REPRESENTATION_CONTEXT() REPRESENTATION_CONTEXT('2D SPACE',''
  ) );
#10782 = ORIENTED_EDGE('',*,*,#10783,.T.);
#10783 = EDGE_CURVE('',#10748,#10690,#10784,.T.);
#10784 = SURFACE_CURVE('',#10785,(#10790,#10810),.PCURVE_S1.);
#10785 = ELLIPSE('',#10786,6.735192090802,4.7625);
#10786 = AXIS2_PLACEMENT_3D('',#10787,#10788,#10789);
#10787 = CARTESIAN_POINT('',(-76.2,133.35,101.6));
#10788 = DIRECTION('',(-0.707106781187,0.707106781187,0.));
#10789 = DIRECTION('',(0.707106781187,0.707106781187,0.));
#10790 = PCURVE('',#6415,#10791);
#10791 = DEFINITIONAL_REPRESENTATION('',(#10792),#10809);
#10792 = B_SPLINE_CURVE_WITH_KNOTS('',8,(#10793,#10794,#10795,#10796,
    #10797,#10798,#10799,#10800,#10801,#10802,#10803,#10804,#10805,
    #10806,#10807,#10808),.UNSPECIFIED.,.F.,.F.,(9,7,9),(1.570796326795,
    3.14159265359,4.712388980385),.UNSPECIFIED.);
#10793 = CARTESIAN_POINT('',(3.14159265359,50.8));
#10794 = CARTESIAN_POINT('',(2.94524311274,49.864885311705));
#10795 = CARTESIAN_POINT('',(2.74889357189,48.929770401345));
#10796 = CARTESIAN_POINT('',(2.552544031036,48.049593093522));
#10797 = CARTESIAN_POINT('',(2.356194490188,47.279280200216));
#10798 = CARTESIAN_POINT('',(2.15984494934,46.667016554323));
#10799 = CARTESIAN_POINT('',(1.963495408493,46.247339445597));
#10800 = CARTESIAN_POINT('',(1.767145867644,46.0375));
#10801 = CARTESIAN_POINT('',(1.374446785946,46.0375));
#10802 = CARTESIAN_POINT('',(1.178097245097,46.247339445693));
#10803 = CARTESIAN_POINT('',(0.981747704243,46.667016554003));
#10804 = CARTESIAN_POINT('',(0.785398163401,47.279280200685));
#10805 = CARTESIAN_POINT('',(0.589048622545,48.049593093141));
#10806 = CARTESIAN_POINT('',(0.3926990817,48.929770401423));
#10807 = CARTESIAN_POINT('',(0.196349540849,49.864885311705));
#10808 = CARTESIAN_POINT('',(0.,50.8));
#10809 = ( GEOMETRIC_REPRESENTATION_CONTEXT(2) 
PARAMETRIC_REPRESENTATION_CONTEXT() REPRESENTATION_CONTEXT('2D SPACE',''
  ) );
#10810 = PCURVE('',#10580,#10811);
#10811 = DEFINITIONAL_REPRESENTATION('',(#10812),#10829);
#10812 = B_SPLINE_CURVE_WITH_KNOTS('',8,(#10813,#10814,#10815,#10816,
    #10817,#10818,#10819,#10820,#10821,#10822,#10823,#10824,#10825,
    #10826,#10827,#10828),.UNSPECIFIED.,.F.,.F.,(9,7,9),(1.570796326795,
    3.14159265359,4.712388980385),.UNSPECIFIED.);
#10813 = CARTESIAN_POINT('',(3.14159265359,133.35));
#10814 = CARTESIAN_POINT('',(3.337942194439,132.4148853117));
#10815 = CARTESIAN_POINT('',(3.53429173529,131.47977040139));
#10816 = CARTESIAN_POINT('',(3.730641276136,130.59959309341));
#10817 = CARTESIAN_POINT('',(3.926990816993,129.82928020024));
#10818 = CARTESIAN_POINT('',(4.123340357835,129.21701655417));
#10819 = CARTESIAN_POINT('',(4.319689898687,128.79733944563));
#10820 = CARTESIAN_POINT('',(4.516039439535,128.5875));
#10821 = CARTESIAN_POINT('',(4.908738521234,128.5875));
#10822 = CARTESIAN_POINT('',(5.105088062083,128.79733944589));
#10823 = CARTESIAN_POINT('',(5.301437602935,129.21701655342));
#10824 = CARTESIAN_POINT('',(5.49778714378,129.82928020166));
#10825 = CARTESIAN_POINT('',(5.694136684634,130.59959309249));
#10826 = CARTESIAN_POINT('',(5.89048622548,131.47977040164));
#10827 = CARTESIAN_POINT('',(6.08683576633,132.4148853117));
#10828 = CARTESIAN_POINT('',(6.28318530718,133.35));
#10829 = ( GEOMETRIC_REPRESENTATION_CONTEXT(2) 
PARAMETRIC_REPRESENTATION_CONTEXT() REPRESENTATION_CONTEXT('2D SPACE',''
  ) );
#10830 = ORIENTED_EDGE('',*,*,#10689,.F.);
#10831 = ORIENTED_EDGE('',*,*,#6385,.T.);
#10832 = ORIENTED_EDGE('',*,*,#6476,.F.);
#10833 = ADVANCED_FACE('',(#10834),#6596,.F.);
#10834 = FACE_BOUND('',#10835,.F.);
#10835 = EDGE_LOOP('',(#10836,#10837,#10838));
#10836 = ORIENTED_EDGE('',*,*,#6581,.T.);
#10837 = ORIENTED_EDGE('',*,*,#10409,.T.);
#10838 = ORIENTED_EDGE('',*,*,#7297,.T.);
#10839 = ADVANCED_FACE('',(#10840),#6735,.T.);
#10840 = FACE_BOUND('',#10841,.T.);
#10841 = EDGE_LOOP('',(#10842,#10843,#10864));
#10842 = ORIENTED_EDGE('',*,*,#6718,.T.);
#10843 = ORIENTED_EDGE('',*,*,#10844,.T.);
#10844 = EDGE_CURVE('',#6697,#10845,#10847,.T.);
#10845 = VERTEX_POINT('',#10846);
#10846 = CARTESIAN_POINT('',(127.,177.8,101.6));
#10847 = SURFACE_CURVE('',#10848,(#10852,#10858),.PCURVE_S1.);
#10848 = LINE('',#10849,#10850);
#10849 = CARTESIAN_POINT('',(127.,177.8,101.6));
#10850 = VECTOR('',#10851,1.);
#10851 = DIRECTION('',(0.,0.,-1.));
#10852 = PCURVE('',#6735,#10853);
#10853 = DEFINITIONAL_REPRESENTATION('',(#10854),#10857);
#10854 = B_SPLINE_CURVE_WITH_KNOTS('',1,(#10855,#10856),.UNSPECIFIED.,
  .F.,.F.,(2,2),(-4.7625,2.84217094304E-14),.PIECEWISE_BEZIER_KNOTS.);
#10855 = CARTESIAN_POINT('',(4.7625,0.));
#10856 = CARTESIAN_POINT('',(-2.84217094304E-14,0.));
#10857 = ( GEOMETRIC_REPRESENTATION_CONTEXT(2) 
PARAMETRIC_REPRESENTATION_CONTEXT() REPRESENTATION_CONTEXT('2D SPACE',''
  ) );
#10858 = PCURVE('',#8554,#10859);
#10859 = DEFINITIONAL_REPRESENTATION('',(#10860),#10863);
#10860 = B_SPLINE_CURVE_WITH_KNOTS('',1,(#10861,#10862),.UNSPECIFIED.,
  .F.,.F.,(2,2),(-4.7625,2.84217094304E-14),.PIECEWISE_BEZIER_KNOTS.);
#10861 = CARTESIAN_POINT('',(4.7625,0.));
#10862 = CARTESIAN_POINT('',(-2.84217094304E-14,0.));
#10863 = ( GEOMETRIC_REPRESENTATION_CONTEXT(2) 
PARAMETRIC_REPRESENTATION_CONTEXT() REPRESENTATION_CONTEXT('2D SPACE',''
  ) );
#10864 = ORIENTED_EDGE('',*,*,#10865,.T.);
#10865 = EDGE_CURVE('',#10845,#6719,#10866,.T.);
#10866 = SURFACE_CURVE('',#10867,(#10871,#10877),.PCURVE_S1.);
#10867 = LINE('',#10868,#10869);
#10868 = CARTESIAN_POINT('',(127.,177.8,101.6));
#10869 = VECTOR('',#10870,1.);
#10870 = DIRECTION('',(0.,1.,0.));
#10871 = PCURVE('',#6735,#10872);
#10872 = DEFINITIONAL_REPRESENTATION('',(#10873),#10876);
#10873 = B_SPLINE_CURVE_WITH_KNOTS('',1,(#10874,#10875),.UNSPECIFIED.,
  .F.,.F.,(2,2),(-2.84217094304E-14,4.7625),.PIECEWISE_BEZIER_KNOTS.);
#10874 = CARTESIAN_POINT('',(-2.84217094304E-14,2.84217094304E-14));
#10875 = CARTESIAN_POINT('',(-2.84217094304E-14,-4.7625));
#10876 = ( GEOMETRIC_REPRESENTATION_CONTEXT(2) 
PARAMETRIC_REPRESENTATION_CONTEXT() REPRESENTATION_CONTEXT('2D SPACE',''
  ) );
#10877 = PCURVE('',#7409,#10878);
#10878 = DEFINITIONAL_REPRESENTATION('',(#10879),#10882);
#10879 = B_SPLINE_CURVE_WITH_KNOTS('',1,(#10880,#10881),.UNSPECIFIED.,
  .F.,.F.,(2,2),(-2.84217094304E-14,4.7625),.PIECEWISE_BEZIER_KNOTS.);
#10880 = CARTESIAN_POINT('',(1.42108547152E-14,0.));
#10881 = CARTESIAN_POINT('',(1.42108547152E-14,4.7625));
#10882 = ( GEOMETRIC_REPRESENTATION_CONTEXT(2) 
PARAMETRIC_REPRESENTATION_CONTEXT() REPRESENTATION_CONTEXT('2D SPACE',''
  ) );
#10883 = ADVANCED_FACE('',(#10884),#6885,.T.);
#10884 = FACE_BOUND('',#10885,.T.);
#10885 = EDGE_LOOP('',(#10886,#10887,#10888,#10908,#10909,#10910,#10911,
    #10952));
#10886 = ORIENTED_EDGE('',*,*,#10747,.T.);
#10887 = ORIENTED_EDGE('',*,*,#10711,.T.);
#10888 = ORIENTED_EDGE('',*,*,#10889,.T.);
#10889 = EDGE_CURVE('',#10690,#6609,#10890,.T.);
#10890 = SEAM_CURVE('',#10891,(#10895,#10902),.PCURVE_S1.);
#10891 = LINE('',#10892,#10893);
#10892 = CARTESIAN_POINT('',(-76.2,0.,106.3625));
#10893 = VECTOR('',#10894,1.);
#10894 = DIRECTION('',(0.,1.,0.));
#10895 = PCURVE('',#6885,#10896);
#10896 = DEFINITIONAL_REPRESENTATION('',(#10897),#10901);
#10897 = LINE('',#10898,#10899);
#10898 = CARTESIAN_POINT('',(0.,0.));
#10899 = VECTOR('',#10900,1.);
#10900 = DIRECTION('',(0.,1.));
#10901 = ( GEOMETRIC_REPRESENTATION_CONTEXT(2) 
PARAMETRIC_REPRESENTATION_CONTEXT() REPRESENTATION_CONTEXT('2D SPACE',''
  ) );
#10902 = PCURVE('',#6885,#10903);
#10903 = DEFINITIONAL_REPRESENTATION('',(#10904),#10907);
#10904 = B_SPLINE_CURVE_WITH_KNOTS('',1,(#10905,#10906),.UNSPECIFIED.,
  .F.,.F.,(2,2),(0.,177.8),.PIECEWISE_BEZIER_KNOTS.);
#10905 = CARTESIAN_POINT('',(6.28318530718,0.));
#10906 = CARTESIAN_POINT('',(6.28318530718,177.8));
#10907 = ( GEOMETRIC_REPRESENTATION_CONTEXT(2) 
PARAMETRIC_REPRESENTATION_CONTEXT() REPRESENTATION_CONTEXT('2D SPACE',''
  ) );
#10908 = ORIENTED_EDGE('',*,*,#6855,.F.);
#10909 = ORIENTED_EDGE('',*,*,#6910,.F.);
#10910 = ORIENTED_EDGE('',*,*,#10889,.F.);
#10911 = ORIENTED_EDGE('',*,*,#10912,.T.);
#10912 = EDGE_CURVE('',#10690,#10913,#10915,.T.);
#10913 = VERTEX_POINT('',#10914);
#10914 = CARTESIAN_POINT('',(-71.4375,138.1125,101.6));
#10915 = SURFACE_CURVE('',#10916,(#10921,#10934),.PCURVE_S1.);
#10916 = ELLIPSE('',#10917,6.735192090802,4.7625);
#10917 = AXIS2_PLACEMENT_3D('',#10918,#10919,#10920);
#10918 = CARTESIAN_POINT('',(-76.2,133.35,101.6));
#10919 = DIRECTION('',(-0.707106781187,0.707106781187,0.));
#10920 = DIRECTION('',(0.707106781187,0.707106781187,0.));
#10921 = PCURVE('',#6885,#10922);
#10922 = DEFINITIONAL_REPRESENTATION('',(#10923),#10933);
#10923 = B_SPLINE_CURVE_WITH_KNOTS('',8,(#10924,#10925,#10926,#10927,
    #10928,#10929,#10930,#10931,#10932),.UNSPECIFIED.,.F.,.F.,(9,9),(
    4.712388980385,6.28318530718),.PIECEWISE_BEZIER_KNOTS.);
#10924 = CARTESIAN_POINT('',(0.,133.35));
#10925 = CARTESIAN_POINT('',(0.196349540849,134.28511468829));
#10926 = CARTESIAN_POINT('',(0.392699081699,135.22022959858));
#10927 = CARTESIAN_POINT('',(0.589048622547,136.10040690638));
#10928 = CARTESIAN_POINT('',(0.785398163396,136.87071979946));
#10929 = CARTESIAN_POINT('',(0.981747704245,137.48298344542));
#10930 = CARTESIAN_POINT('',(1.178097245096,137.90266055429));
#10931 = CARTESIAN_POINT('',(1.374446785946,138.1125));
#10932 = CARTESIAN_POINT('',(1.570796326795,138.1125));
#10933 = ( GEOMETRIC_REPRESENTATION_CONTEXT(2) 
PARAMETRIC_REPRESENTATION_CONTEXT() REPRESENTATION_CONTEXT('2D SPACE',''
  ) );
#10934 = PCURVE('',#10935,#10940);
#10935 = CYLINDRICAL_SURFACE('',#10936,4.7625);
#10936 = AXIS2_PLACEMENT_3D('',#10937,#10938,#10939);
#10937 = CARTESIAN_POINT('',(-127.,133.35,101.6));
#10938 = DIRECTION('',(1.,0.,0.));
#10939 = DIRECTION('',(0.,0.,1.));
#10940 = DEFINITIONAL_REPRESENTATION('',(#10941),#10951);
#10941 = B_SPLINE_CURVE_WITH_KNOTS('',8,(#10942,#10943,#10944,#10945,
    #10946,#10947,#10948,#10949,#10950),.UNSPECIFIED.,.F.,.F.,(9,9),(
    4.712388980385,6.28318530718),.PIECEWISE_BEZIER_KNOTS.);
#10942 = CARTESIAN_POINT('',(6.28318530718,50.8));
#10943 = CARTESIAN_POINT('',(6.08683576633,51.735114688295));
#10944 = CARTESIAN_POINT('',(5.890486225482,52.670229598573));
#10945 = CARTESIAN_POINT('',(5.694136684629,53.550406906545));
#10946 = CARTESIAN_POINT('',(5.497787143788,54.320719799495));
#10947 = CARTESIAN_POINT('',(5.301437602931,54.932983445645));
#10948 = CARTESIAN_POINT('',(5.105088062084,55.352660554329));
#10949 = CARTESIAN_POINT('',(4.908738521234,55.5625));
#10950 = CARTESIAN_POINT('',(4.712388980385,55.5625));
#10951 = ( GEOMETRIC_REPRESENTATION_CONTEXT(2) 
PARAMETRIC_REPRESENTATION_CONTEXT() REPRESENTATION_CONTEXT('2D SPACE',''
  ) );
#10952 = ORIENTED_EDGE('',*,*,#10953,.T.);
#10953 = EDGE_CURVE('',#10913,#10748,#10954,.T.);
#10954 = SURFACE_CURVE('',#10955,(#10960,#10973),.PCURVE_S1.);
#10955 = ELLIPSE('',#10956,6.735192090802,4.7625);
#10956 = AXIS2_PLACEMENT_3D('',#10957,#10958,#10959);
#10957 = CARTESIAN_POINT('',(-76.2,133.35,101.6));
#10958 = DIRECTION('',(-0.707106781187,0.707106781187,0.));
#10959 = DIRECTION('',(0.707106781187,0.707106781187,0.));
#10960 = PCURVE('',#6885,#10961);
#10961 = DEFINITIONAL_REPRESENTATION('',(#10962),#10972);
#10962 = B_SPLINE_CURVE_WITH_KNOTS('',8,(#10963,#10964,#10965,#10966,
    #10967,#10968,#10969,#10970,#10971),.UNSPECIFIED.,.F.,.F.,(9,9),(0.,
    1.570796326795),.PIECEWISE_BEZIER_KNOTS.);
#10963 = CARTESIAN_POINT('',(1.570796326795,138.1125));
#10964 = CARTESIAN_POINT('',(1.767145867644,138.1125));
#10965 = CARTESIAN_POINT('',(1.963495408492,137.90266055424));
#10966 = CARTESIAN_POINT('',(2.159844949342,137.48298344575));
#10967 = CARTESIAN_POINT('',(2.356194490186,136.87071979899));
#10968 = CARTESIAN_POINT('',(2.552544031042,136.1004069065));
#10969 = CARTESIAN_POINT('',(2.748893571889,135.2202295985));
#10970 = CARTESIAN_POINT('',(2.94524311274,134.28511468829));
#10971 = CARTESIAN_POINT('',(3.14159265359,133.35));
#10972 = ( GEOMETRIC_REPRESENTATION_CONTEXT(2) 
PARAMETRIC_REPRESENTATION_CONTEXT() REPRESENTATION_CONTEXT('2D SPACE',''
  ) );
#10973 = PCURVE('',#10935,#10974);
#10974 = DEFINITIONAL_REPRESENTATION('',(#10975),#10985);
#10975 = B_SPLINE_CURVE_WITH_KNOTS('',8,(#10976,#10977,#10978,#10979,
    #10980,#10981,#10982,#10983,#10984),.UNSPECIFIED.,.F.,.F.,(9,9),(0.,
    1.570796326795),.PIECEWISE_BEZIER_KNOTS.);
#10976 = CARTESIAN_POINT('',(4.712388980385,55.5625));
#10977 = CARTESIAN_POINT('',(4.516039439535,55.5625));
#10978 = CARTESIAN_POINT('',(4.319689898682,55.352660554336));
#10979 = CARTESIAN_POINT('',(4.123340357839,54.932983445737));
#10980 = CARTESIAN_POINT('',(3.926990816974,54.32071979934));
#10981 = CARTESIAN_POINT('',(3.730641276137,53.550406906591));
#10982 = CARTESIAN_POINT('',(3.534291735285,52.670229598583));
#10983 = CARTESIAN_POINT('',(3.337942194439,51.735114688295));
#10984 = CARTESIAN_POINT('',(3.14159265359,50.8));
#10985 = ( GEOMETRIC_REPRESENTATION_CONTEXT(2) 
PARAMETRIC_REPRESENTATION_CONTEXT() REPRESENTATION_CONTEXT('2D SPACE',''
  ) );
#10986 = ADVANCED_FACE('',(#10987),#6990,.T.);
#10987 = FACE_BOUND('',#10988,.T.);
#10988 = EDGE_LOOP('',(#10989,#11027,#11063,#11083,#11084,#11085,#11086,
    #11127));
#10989 = ORIENTED_EDGE('',*,*,#10990,.T.);
#10990 = EDGE_CURVE('',#10991,#10993,#10995,.T.);
#10991 = VERTEX_POINT('',#10992);
#10992 = CARTESIAN_POINT('',(-25.4,133.35,96.8375));
#10993 = VERTEX_POINT('',#10994);
#10994 = CARTESIAN_POINT('',(-30.1625,138.1125,101.6));
#10995 = SURFACE_CURVE('',#10996,(#11001,#11014),.PCURVE_S1.);
#10996 = ELLIPSE('',#10997,6.735192090802,4.7625);
#10997 = AXIS2_PLACEMENT_3D('',#10998,#10999,#11000);
#10998 = CARTESIAN_POINT('',(-25.4,133.35,101.6));
#10999 = DIRECTION('',(0.707106781187,0.707106781187,0.));
#11000 = DIRECTION('',(-0.707106781187,0.707106781187,0.));
#11001 = PCURVE('',#6990,#11002);
#11002 = DEFINITIONAL_REPRESENTATION('',(#11003),#11013);
#11003 = B_SPLINE_CURVE_WITH_KNOTS('',8,(#11004,#11005,#11006,#11007,
    #11008,#11009,#11010,#11011,#11012),.UNSPECIFIED.,.F.,.F.,(9,9),(
    4.712388980385,6.28318530718),.PIECEWISE_BEZIER_KNOTS.);
#11004 = CARTESIAN_POINT('',(3.14159265359,133.35));
#11005 = CARTESIAN_POINT('',(3.337942194439,134.28511468829));
#11006 = CARTESIAN_POINT('',(3.534291735285,135.22022959858));
#11007 = CARTESIAN_POINT('',(3.730641276142,136.10040690638));
#11008 = CARTESIAN_POINT('',(3.926990816972,136.87071979946));
#11009 = CARTESIAN_POINT('',(4.123340357837,137.48298344542));
#11010 = CARTESIAN_POINT('',(4.319689898683,137.90266055429));
#11011 = CARTESIAN_POINT('',(4.516039439535,138.1125));
#11012 = CARTESIAN_POINT('',(4.712388980385,138.1125));
#11013 = ( GEOMETRIC_REPRESENTATION_CONTEXT(2) 
PARAMETRIC_REPRESENTATION_CONTEXT() REPRESENTATION_CONTEXT('2D SPACE',''
  ) );
#11014 = PCURVE('',#10935,#11015);
#11015 = DEFINITIONAL_REPRESENTATION('',(#11016),#11026);
#11016 = B_SPLINE_CURVE_WITH_KNOTS('',8,(#11017,#11018,#11019,#11020,
    #11021,#11022,#11023,#11024,#11025),.UNSPECIFIED.,.F.,.F.,(9,9),(
    4.712388980385,6.28318530718),.PIECEWISE_BEZIER_KNOTS.);
#11017 = CARTESIAN_POINT('',(3.14159265359,101.6));
#11018 = CARTESIAN_POINT('',(3.337942194439,100.6648853117));
#11019 = CARTESIAN_POINT('',(3.534291735285,99.729770401288));
#11020 = CARTESIAN_POINT('',(3.730641276142,98.849593093664));
#11021 = CARTESIAN_POINT('',(3.926990816972,98.079280199716));
#11022 = CARTESIAN_POINT('',(4.123340357837,97.467016554542));
#11023 = CARTESIAN_POINT('',(4.319689898683,97.047339445535));
#11024 = CARTESIAN_POINT('',(4.516039439535,96.8375));
#11025 = CARTESIAN_POINT('',(4.712388980385,96.8375));
#11026 = ( GEOMETRIC_REPRESENTATION_CONTEXT(2) 
PARAMETRIC_REPRESENTATION_CONTEXT() REPRESENTATION_CONTEXT('2D SPACE',''
  ) );
#11027 = ORIENTED_EDGE('',*,*,#11028,.T.);
#11028 = EDGE_CURVE('',#10993,#11029,#11031,.T.);
#11029 = VERTEX_POINT('',#11030);
#11030 = CARTESIAN_POINT('',(-25.4,133.35,106.3625));
#11031 = SURFACE_CURVE('',#11032,(#11037,#11050),.PCURVE_S1.);
#11032 = ELLIPSE('',#11033,6.735192090802,4.7625);
#11033 = AXIS2_PLACEMENT_3D('',#11034,#11035,#11036);
#11034 = CARTESIAN_POINT('',(-25.4,133.35,101.6));
#11035 = DIRECTION('',(0.707106781187,0.707106781187,0.));
#11036 = DIRECTION('',(-0.707106781187,0.707106781187,0.));
#11037 = PCURVE('',#6990,#11038);
#11038 = DEFINITIONAL_REPRESENTATION('',(#11039),#11049);
#11039 = B_SPLINE_CURVE_WITH_KNOTS('',8,(#11040,#11041,#11042,#11043,
    #11044,#11045,#11046,#11047,#11048),.UNSPECIFIED.,.F.,.F.,(9,9),(0.,
    1.570796326795),.PIECEWISE_BEZIER_KNOTS.);
#11040 = CARTESIAN_POINT('',(4.712388980385,138.1125));
#11041 = CARTESIAN_POINT('',(4.908738521234,138.1125));
#11042 = CARTESIAN_POINT('',(5.105088062084,137.90266055424));
#11043 = CARTESIAN_POINT('',(5.301437602931,137.48298344575));
#11044 = CARTESIAN_POINT('',(5.497787143786,136.87071979899));
#11045 = CARTESIAN_POINT('',(5.694136684631,136.1004069065));
#11046 = CARTESIAN_POINT('',(5.890486225481,135.2202295985));
#11047 = CARTESIAN_POINT('',(6.08683576633,134.28511468829));
#11048 = CARTESIAN_POINT('',(6.28318530718,133.35));
#11049 = ( GEOMETRIC_REPRESENTATION_CONTEXT(2) 
PARAMETRIC_REPRESENTATION_CONTEXT() REPRESENTATION_CONTEXT('2D SPACE',''
  ) );
#11050 = PCURVE('',#10935,#11051);
#11051 = DEFINITIONAL_REPRESENTATION('',(#11052),#11062);
#11052 = B_SPLINE_CURVE_WITH_KNOTS('',8,(#11053,#11054,#11055,#11056,
    #11057,#11058,#11059,#11060,#11061),.UNSPECIFIED.,.F.,.F.,(9,9),(0.,
    1.570796326795),.PIECEWISE_BEZIER_KNOTS.);
#11053 = CARTESIAN_POINT('',(4.712388980385,96.8375));
#11054 = CARTESIAN_POINT('',(4.908738521234,96.8375));
#11055 = CARTESIAN_POINT('',(5.105088062082,97.047339445533));
#11056 = CARTESIAN_POINT('',(5.301437602939,97.467016554384));
#11057 = CARTESIAN_POINT('',(5.497787143776,98.079280199929));
#11058 = CARTESIAN_POINT('',(5.694136684638,98.849593093509));
#11059 = CARTESIAN_POINT('',(5.89048622548,99.729770401331));
#11060 = CARTESIAN_POINT('',(6.08683576633,100.6648853117));
#11061 = CARTESIAN_POINT('',(6.28318530718,101.6));
#11062 = ( GEOMETRIC_REPRESENTATION_CONTEXT(2) 
PARAMETRIC_REPRESENTATION_CONTEXT() REPRESENTATION_CONTEXT('2D SPACE',''
  ) );
#11063 = ORIENTED_EDGE('',*,*,#11064,.T.);
#11064 = EDGE_CURVE('',#11029,#6631,#11065,.T.);
#11065 = SEAM_CURVE('',#11066,(#11070,#11077),.PCURVE_S1.);
#11066 = LINE('',#11067,#11068);
#11067 = CARTESIAN_POINT('',(-25.4,0.,106.3625));
#11068 = VECTOR('',#11069,1.);
#11069 = DIRECTION('',(0.,1.,0.));
#11070 = PCURVE('',#6990,#11071);
#11071 = DEFINITIONAL_REPRESENTATION('',(#11072),#11076);
#11072 = LINE('',#11073,#11074);
#11073 = CARTESIAN_POINT('',(0.,0.));
#11074 = VECTOR('',#11075,1.);
#11075 = DIRECTION('',(0.,1.));
#11076 = ( GEOMETRIC_REPRESENTATION_CONTEXT(2) 
PARAMETRIC_REPRESENTATION_CONTEXT() REPRESENTATION_CONTEXT('2D SPACE',''
  ) );
#11077 = PCURVE('',#6990,#11078);
#11078 = DEFINITIONAL_REPRESENTATION('',(#11079),#11082);
#11079 = B_SPLINE_CURVE_WITH_KNOTS('',1,(#11080,#11081),.UNSPECIFIED.,
  .F.,.F.,(2,2),(0.,177.8),.PIECEWISE_BEZIER_KNOTS.);
#11080 = CARTESIAN_POINT('',(6.28318530718,0.));
#11081 = CARTESIAN_POINT('',(6.28318530718,177.8));
#11082 = ( GEOMETRIC_REPRESENTATION_CONTEXT(2) 
PARAMETRIC_REPRESENTATION_CONTEXT() REPRESENTATION_CONTEXT('2D SPACE',''
  ) );
#11083 = ORIENTED_EDGE('',*,*,#6960,.F.);
#11084 = ORIENTED_EDGE('',*,*,#7015,.F.);
#11085 = ORIENTED_EDGE('',*,*,#11064,.F.);
#11086 = ORIENTED_EDGE('',*,*,#11087,.T.);
#11087 = EDGE_CURVE('',#11029,#11088,#11090,.T.);
#11088 = VERTEX_POINT('',#11089);
#11089 = CARTESIAN_POINT('',(-20.6375,138.1125,101.6));
#11090 = SURFACE_CURVE('',#11091,(#11096,#11109),.PCURVE_S1.);
#11091 = ELLIPSE('',#11092,6.735192090802,4.7625);
#11092 = AXIS2_PLACEMENT_3D('',#11093,#11094,#11095);
#11093 = CARTESIAN_POINT('',(-25.4,133.35,101.6));
#11094 = DIRECTION('',(-0.707106781187,0.707106781187,0.));
#11095 = DIRECTION('',(0.707106781187,0.707106781187,0.));
#11096 = PCURVE('',#6990,#11097);
#11097 = DEFINITIONAL_REPRESENTATION('',(#11098),#11108);
#11098 = B_SPLINE_CURVE_WITH_KNOTS('',8,(#11099,#11100,#11101,#11102,
    #11103,#11104,#11105,#11106,#11107),.UNSPECIFIED.,.F.,.F.,(9,9),(
    4.712388980385,6.28318530718),.PIECEWISE_BEZIER_KNOTS.);
#11099 = CARTESIAN_POINT('',(0.,133.35));
#11100 = CARTESIAN_POINT('',(0.196349540849,134.28511468829));
#11101 = CARTESIAN_POINT('',(0.392699081699,135.22022959858));
#11102 = CARTESIAN_POINT('',(0.589048622547,136.10040690638));
#11103 = CARTESIAN_POINT('',(0.785398163397,136.87071979946));
#11104 = CARTESIAN_POINT('',(0.981747704244,137.48298344542));
#11105 = CARTESIAN_POINT('',(1.178097245096,137.90266055429));
#11106 = CARTESIAN_POINT('',(1.374446785946,138.1125));
#11107 = CARTESIAN_POINT('',(1.570796326795,138.1125));
#11108 = ( GEOMETRIC_REPRESENTATION_CONTEXT(2) 
PARAMETRIC_REPRESENTATION_CONTEXT() REPRESENTATION_CONTEXT('2D SPACE',''
  ) );
#11109 = PCURVE('',#11110,#11115);
#11110 = CYLINDRICAL_SURFACE('',#11111,4.7625);
#11111 = AXIS2_PLACEMENT_3D('',#11112,#11113,#11114);
#11112 = CARTESIAN_POINT('',(-127.,133.35,101.6));
#11113 = DIRECTION('',(1.,0.,0.));
#11114 = DIRECTION('',(0.,0.,1.));
#11115 = DEFINITIONAL_REPRESENTATION('',(#11116),#11126);
#11116 = B_SPLINE_CURVE_WITH_KNOTS('',8,(#11117,#11118,#11119,#11120,
    #11121,#11122,#11123,#11124,#11125),.UNSPECIFIED.,.F.,.F.,(9,9),(
    4.712388980385,6.28318530718),.PIECEWISE_BEZIER_KNOTS.);
#11117 = CARTESIAN_POINT('',(6.28318530718,101.6));
#11118 = CARTESIAN_POINT('',(6.08683576633,102.53511468829));
#11119 = CARTESIAN_POINT('',(5.890486225482,103.47022959874));
#11120 = CARTESIAN_POINT('',(5.694136684629,104.35040690568));
#11121 = CARTESIAN_POINT('',(5.497787143788,105.12071980032));
#11122 = CARTESIAN_POINT('',(5.301437602931,105.73298344503));
#11123 = CARTESIAN_POINT('',(5.105088062084,106.1526605545));
#11124 = CARTESIAN_POINT('',(4.908738521234,106.3625));
#11125 = CARTESIAN_POINT('',(4.712388980385,106.3625));
#11126 = ( GEOMETRIC_REPRESENTATION_CONTEXT(2) 
PARAMETRIC_REPRESENTATION_CONTEXT() REPRESENTATION_CONTEXT('2D SPACE',''
  ) );
#11127 = ORIENTED_EDGE('',*,*,#11128,.T.);
#11128 = EDGE_CURVE('',#11088,#10991,#11129,.T.);
#11129 = SURFACE_CURVE('',#11130,(#11135,#11148),.PCURVE_S1.);
#11130 = ELLIPSE('',#11131,6.735192090802,4.7625);
#11131 = AXIS2_PLACEMENT_3D('',#11132,#11133,#11134);
#11132 = CARTESIAN_POINT('',(-25.4,133.35,101.6));
#11133 = DIRECTION('',(-0.707106781187,0.707106781187,0.));
#11134 = DIRECTION('',(0.707106781187,0.707106781187,0.));
#11135 = PCURVE('',#6990,#11136);
#11136 = DEFINITIONAL_REPRESENTATION('',(#11137),#11147);
#11137 = B_SPLINE_CURVE_WITH_KNOTS('',8,(#11138,#11139,#11140,#11141,
    #11142,#11143,#11144,#11145,#11146),.UNSPECIFIED.,.F.,.F.,(9,9),(0.,
    1.570796326795),.PIECEWISE_BEZIER_KNOTS.);
#11138 = CARTESIAN_POINT('',(1.570796326795,138.1125));
#11139 = CARTESIAN_POINT('',(1.767145867644,138.1125));
#11140 = CARTESIAN_POINT('',(1.963495408493,137.90266055424));
#11141 = CARTESIAN_POINT('',(2.159844949337,137.48298344575));
#11142 = CARTESIAN_POINT('',(2.35619449019,136.87071979899));
#11143 = CARTESIAN_POINT('',(2.552544031038,136.1004069065));
#11144 = CARTESIAN_POINT('',(2.748893571891,135.2202295985));
#11145 = CARTESIAN_POINT('',(2.94524311274,134.28511468829));
#11146 = CARTESIAN_POINT('',(3.14159265359,133.35));
#11147 = ( GEOMETRIC_REPRESENTATION_CONTEXT(2) 
PARAMETRIC_REPRESENTATION_CONTEXT() REPRESENTATION_CONTEXT('2D SPACE',''
  ) );
#11148 = PCURVE('',#11110,#11149);
#11149 = DEFINITIONAL_REPRESENTATION('',(#11150),#11160);
#11150 = B_SPLINE_CURVE_WITH_KNOTS('',8,(#11151,#11152,#11153,#11154,
    #11155,#11156,#11157,#11158,#11159),.UNSPECIFIED.,.F.,.F.,(9,9),(0.,
    1.570796326795),.PIECEWISE_BEZIER_KNOTS.);
#11151 = CARTESIAN_POINT('',(4.712388980385,106.3625));
#11152 = CARTESIAN_POINT('',(4.516039439535,106.3625));
#11153 = CARTESIAN_POINT('',(4.319689898682,106.15266055427));
#11154 = CARTESIAN_POINT('',(4.123340357839,105.73298344576));
#11155 = CARTESIAN_POINT('',(3.926990816974,105.12071979939));
#11156 = CARTESIAN_POINT('',(3.730641276137,104.3504069064));
#11157 = CARTESIAN_POINT('',(3.534291735285,103.4702295985));
#11158 = CARTESIAN_POINT('',(3.337942194439,102.53511468829));
#11159 = CARTESIAN_POINT('',(3.14159265359,101.6));
#11160 = ( GEOMETRIC_REPRESENTATION_CONTEXT(2) 
PARAMETRIC_REPRESENTATION_CONTEXT() REPRESENTATION_CONTEXT('2D SPACE',''
  ) );
#11161 = ADVANCED_FACE('',(#11162),#7095,.T.);
#11162 = FACE_BOUND('',#11163,.T.);
#11163 = EDGE_LOOP('',(#11164,#11202,#11238,#11258,#11259,#11260,#11261,
    #11302));
#11164 = ORIENTED_EDGE('',*,*,#11165,.T.);
#11165 = EDGE_CURVE('',#11166,#11168,#11170,.T.);
#11166 = VERTEX_POINT('',#11167);
#11167 = CARTESIAN_POINT('',(25.4,133.35,96.8375));
#11168 = VERTEX_POINT('',#11169);
#11169 = CARTESIAN_POINT('',(20.6375,138.1125,101.6));
#11170 = SURFACE_CURVE('',#11171,(#11176,#11189),.PCURVE_S1.);
#11171 = ELLIPSE('',#11172,6.735192090802,4.7625);
#11172 = AXIS2_PLACEMENT_3D('',#11173,#11174,#11175);
#11173 = CARTESIAN_POINT('',(25.4,133.35,101.6));
#11174 = DIRECTION('',(0.707106781187,0.707106781187,0.));
#11175 = DIRECTION('',(-0.707106781187,0.707106781187,0.));
#11176 = PCURVE('',#7095,#11177);
#11177 = DEFINITIONAL_REPRESENTATION('',(#11178),#11188);
#11178 = B_SPLINE_CURVE_WITH_KNOTS('',8,(#11179,#11180,#11181,#11182,
    #11183,#11184,#11185,#11186,#11187),.UNSPECIFIED.,.F.,.F.,(9,9),(
    4.712388980385,6.28318530718),.PIECEWISE_BEZIER_KNOTS.);
#11179 = CARTESIAN_POINT('',(3.14159265359,133.35));
#11180 = CARTESIAN_POINT('',(3.337942194439,134.28511468829));
#11181 = CARTESIAN_POINT('',(3.534291735285,135.22022959858));
#11182 = CARTESIAN_POINT('',(3.730641276142,136.10040690638));
#11183 = CARTESIAN_POINT('',(3.926990816972,136.87071979946));
#11184 = CARTESIAN_POINT('',(4.123340357837,137.48298344542));
#11185 = CARTESIAN_POINT('',(4.319689898683,137.90266055429));
#11186 = CARTESIAN_POINT('',(4.516039439535,138.1125));
#11187 = CARTESIAN_POINT('',(4.712388980385,138.1125));
#11188 = ( GEOMETRIC_REPRESENTATION_CONTEXT(2) 
PARAMETRIC_REPRESENTATION_CONTEXT() REPRESENTATION_CONTEXT('2D SPACE',''
  ) );
#11189 = PCURVE('',#11110,#11190);
#11190 = DEFINITIONAL_REPRESENTATION('',(#11191),#11201);
#11191 = B_SPLINE_CURVE_WITH_KNOTS('',8,(#11192,#11193,#11194,#11195,
    #11196,#11197,#11198,#11199,#11200),.UNSPECIFIED.,.F.,.F.,(9,9),(
    4.712388980385,6.28318530718),.PIECEWISE_BEZIER_KNOTS.);
#11192 = CARTESIAN_POINT('',(3.14159265359,152.4));
#11193 = CARTESIAN_POINT('',(3.337942194439,151.4648853117));
#11194 = CARTESIAN_POINT('',(3.534291735285,150.52977040112));
#11195 = CARTESIAN_POINT('',(3.730641276142,149.64959309412));
#11196 = CARTESIAN_POINT('',(3.926990816972,148.87928019904));
#11197 = CARTESIAN_POINT('',(4.123340357837,148.26701655495));
#11198 = CARTESIAN_POINT('',(4.319689898683,147.8473394454));
#11199 = CARTESIAN_POINT('',(4.516039439535,147.6375));
#11200 = CARTESIAN_POINT('',(4.712388980385,147.6375));
#11201 = ( GEOMETRIC_REPRESENTATION_CONTEXT(2) 
PARAMETRIC_REPRESENTATION_CONTEXT() REPRESENTATION_CONTEXT('2D SPACE',''
  ) );
#11202 = ORIENTED_EDGE('',*,*,#11203,.T.);
#11203 = EDGE_CURVE('',#11168,#11204,#11206,.T.);
#11204 = VERTEX_POINT('',#11205);
#11205 = CARTESIAN_POINT('',(25.4,133.35,106.3625));
#11206 = SURFACE_CURVE('',#11207,(#11212,#11225),.PCURVE_S1.);
#11207 = ELLIPSE('',#11208,6.735192090802,4.7625);
#11208 = AXIS2_PLACEMENT_3D('',#11209,#11210,#11211);
#11209 = CARTESIAN_POINT('',(25.4,133.35,101.6));
#11210 = DIRECTION('',(0.707106781187,0.707106781187,0.));
#11211 = DIRECTION('',(-0.707106781187,0.707106781187,0.));
#11212 = PCURVE('',#7095,#11213);
#11213 = DEFINITIONAL_REPRESENTATION('',(#11214),#11224);
#11214 = B_SPLINE_CURVE_WITH_KNOTS('',8,(#11215,#11216,#11217,#11218,
    #11219,#11220,#11221,#11222,#11223),.UNSPECIFIED.,.F.,.F.,(9,9),(0.,
    1.570796326795),.PIECEWISE_BEZIER_KNOTS.);
#11215 = CARTESIAN_POINT('',(4.712388980385,138.1125));
#11216 = CARTESIAN_POINT('',(4.908738521234,138.1125));
#11217 = CARTESIAN_POINT('',(5.105088062084,137.90266055424));
#11218 = CARTESIAN_POINT('',(5.301437602931,137.48298344575));
#11219 = CARTESIAN_POINT('',(5.497787143786,136.87071979899));
#11220 = CARTESIAN_POINT('',(5.694136684631,136.1004069065));
#11221 = CARTESIAN_POINT('',(5.890486225481,135.2202295985));
#11222 = CARTESIAN_POINT('',(6.08683576633,134.28511468829));
#11223 = CARTESIAN_POINT('',(6.28318530718,133.35));
#11224 = ( GEOMETRIC_REPRESENTATION_CONTEXT(2) 
PARAMETRIC_REPRESENTATION_CONTEXT() REPRESENTATION_CONTEXT('2D SPACE',''
  ) );
#11225 = PCURVE('',#11110,#11226);
#11226 = DEFINITIONAL_REPRESENTATION('',(#11227),#11237);
#11227 = B_SPLINE_CURVE_WITH_KNOTS('',8,(#11228,#11229,#11230,#11231,
    #11232,#11233,#11234,#11235,#11236),.UNSPECIFIED.,.F.,.F.,(9,9),(0.,
    1.570796326795),.PIECEWISE_BEZIER_KNOTS.);
#11228 = CARTESIAN_POINT('',(4.712388980385,147.6375));
#11229 = CARTESIAN_POINT('',(4.908738521234,147.6375));
#11230 = CARTESIAN_POINT('',(5.105088062082,147.84733944541));
#11231 = CARTESIAN_POINT('',(5.301437602939,148.26701655473));
#11232 = CARTESIAN_POINT('',(5.497787143776,148.87928019943));
#11233 = CARTESIAN_POINT('',(5.694136684638,149.64959309395));
#11234 = CARTESIAN_POINT('',(5.89048622548,150.5297704012));
#11235 = CARTESIAN_POINT('',(6.08683576633,151.4648853117));
#11236 = CARTESIAN_POINT('',(6.28318530718,152.4));
#11237 = ( GEOMETRIC_REPRESENTATION_CONTEXT(2) 
PARAMETRIC_REPRESENTATION_CONTEXT() REPRESENTATION_CONTEXT('2D SPACE',''
  ) );
#11238 = ORIENTED_EDGE('',*,*,#11239,.T.);
#11239 = EDGE_CURVE('',#11204,#6653,#11240,.T.);
#11240 = SEAM_CURVE('',#11241,(#11245,#11252),.PCURVE_S1.);
#11241 = LINE('',#11242,#11243);
#11242 = CARTESIAN_POINT('',(25.4,0.,106.3625));
#11243 = VECTOR('',#11244,1.);
#11244 = DIRECTION('',(0.,1.,0.));
#11245 = PCURVE('',#7095,#11246);
#11246 = DEFINITIONAL_REPRESENTATION('',(#11247),#11251);
#11247 = LINE('',#11248,#11249);
#11248 = CARTESIAN_POINT('',(0.,0.));
#11249 = VECTOR('',#11250,1.);
#11250 = DIRECTION('',(0.,1.));
#11251 = ( GEOMETRIC_REPRESENTATION_CONTEXT(2) 
PARAMETRIC_REPRESENTATION_CONTEXT() REPRESENTATION_CONTEXT('2D SPACE',''
  ) );
#11252 = PCURVE('',#7095,#11253);
#11253 = DEFINITIONAL_REPRESENTATION('',(#11254),#11257);
#11254 = B_SPLINE_CURVE_WITH_KNOTS('',1,(#11255,#11256),.UNSPECIFIED.,
  .F.,.F.,(2,2),(0.,177.8),.PIECEWISE_BEZIER_KNOTS.);
#11255 = CARTESIAN_POINT('',(6.28318530718,0.));
#11256 = CARTESIAN_POINT('',(6.28318530718,177.8));
#11257 = ( GEOMETRIC_REPRESENTATION_CONTEXT(2) 
PARAMETRIC_REPRESENTATION_CONTEXT() REPRESENTATION_CONTEXT('2D SPACE',''
  ) );
#11258 = ORIENTED_EDGE('',*,*,#7065,.F.);
#11259 = ORIENTED_EDGE('',*,*,#7120,.F.);
#11260 = ORIENTED_EDGE('',*,*,#11239,.F.);
#11261 = ORIENTED_EDGE('',*,*,#11262,.T.);
#11262 = EDGE_CURVE('',#11204,#11263,#11265,.T.);
#11263 = VERTEX_POINT('',#11264);
#11264 = CARTESIAN_POINT('',(30.1625,138.1125,101.6));
#11265 = SURFACE_CURVE('',#11266,(#11271,#11284),.PCURVE_S1.);
#11266 = ELLIPSE('',#11267,6.735192090802,4.7625);
#11267 = AXIS2_PLACEMENT_3D('',#11268,#11269,#11270);
#11268 = CARTESIAN_POINT('',(25.4,133.35,101.6));
#11269 = DIRECTION('',(-0.707106781187,0.707106781187,0.));
#11270 = DIRECTION('',(0.707106781187,0.707106781187,0.));
#11271 = PCURVE('',#7095,#11272);
#11272 = DEFINITIONAL_REPRESENTATION('',(#11273),#11283);
#11273 = B_SPLINE_CURVE_WITH_KNOTS('',8,(#11274,#11275,#11276,#11277,
    #11278,#11279,#11280,#11281,#11282),.UNSPECIFIED.,.F.,.F.,(9,9),(
    4.712388980385,6.28318530718),.PIECEWISE_BEZIER_KNOTS.);
#11274 = CARTESIAN_POINT('',(0.,133.35));
#11275 = CARTESIAN_POINT('',(0.196349540849,134.28511468829));
#11276 = CARTESIAN_POINT('',(0.392699081699,135.22022959858));
#11277 = CARTESIAN_POINT('',(0.589048622547,136.10040690638));
#11278 = CARTESIAN_POINT('',(0.785398163397,136.87071979946));
#11279 = CARTESIAN_POINT('',(0.981747704244,137.48298344542));
#11280 = CARTESIAN_POINT('',(1.178097245096,137.90266055429));
#11281 = CARTESIAN_POINT('',(1.374446785946,138.1125));
#11282 = CARTESIAN_POINT('',(1.570796326795,138.1125));
#11283 = ( GEOMETRIC_REPRESENTATION_CONTEXT(2) 
PARAMETRIC_REPRESENTATION_CONTEXT() REPRESENTATION_CONTEXT('2D SPACE',''
  ) );
#11284 = PCURVE('',#11285,#11290);
#11285 = CYLINDRICAL_SURFACE('',#11286,4.7625);
#11286 = AXIS2_PLACEMENT_3D('',#11287,#11288,#11289);
#11287 = CARTESIAN_POINT('',(-127.,133.35,101.6));
#11288 = DIRECTION('',(1.,0.,0.));
#11289 = DIRECTION('',(0.,0.,1.));
#11290 = DEFINITIONAL_REPRESENTATION('',(#11291),#11301);
#11291 = B_SPLINE_CURVE_WITH_KNOTS('',8,(#11292,#11293,#11294,#11295,
    #11296,#11297,#11298,#11299,#11300),.UNSPECIFIED.,.F.,.F.,(9,9),(
    4.712388980385,6.28318530718),.PIECEWISE_BEZIER_KNOTS.);
#11292 = CARTESIAN_POINT('',(6.28318530718,152.4));
#11293 = CARTESIAN_POINT('',(6.08683576633,153.33511468829));
#11294 = CARTESIAN_POINT('',(5.890486225482,154.2702295985));
#11295 = CARTESIAN_POINT('',(5.694136684629,155.15040690637));
#11296 = CARTESIAN_POINT('',(5.497787143788,155.92071979893));
#11297 = CARTESIAN_POINT('',(5.301437602931,156.53298344566));
#11298 = CARTESIAN_POINT('',(5.105088062084,156.95266055426));
#11299 = CARTESIAN_POINT('',(4.908738521234,157.1625));
#11300 = CARTESIAN_POINT('',(4.712388980385,157.1625));
#11301 = ( GEOMETRIC_REPRESENTATION_CONTEXT(2) 
PARAMETRIC_REPRESENTATION_CONTEXT() REPRESENTATION_CONTEXT('2D SPACE',''
  ) );
#11302 = ORIENTED_EDGE('',*,*,#11303,.T.);
#11303 = EDGE_CURVE('',#11263,#11166,#11304,.T.);
#11304 = SURFACE_CURVE('',#11305,(#11310,#11323),.PCURVE_S1.);
#11305 = ELLIPSE('',#11306,6.735192090802,4.7625);
#11306 = AXIS2_PLACEMENT_3D('',#11307,#11308,#11309);
#11307 = CARTESIAN_POINT('',(25.4,133.35,101.6));
#11308 = DIRECTION('',(-0.707106781187,0.707106781187,0.));
#11309 = DIRECTION('',(0.707106781187,0.707106781187,0.));
#11310 = PCURVE('',#7095,#11311);
#11311 = DEFINITIONAL_REPRESENTATION('',(#11312),#11322);
#11312 = B_SPLINE_CURVE_WITH_KNOTS('',8,(#11313,#11314,#11315,#11316,
    #11317,#11318,#11319,#11320,#11321),.UNSPECIFIED.,.F.,.F.,(9,9),(0.,
    1.570796326795),.PIECEWISE_BEZIER_KNOTS.);
#11313 = CARTESIAN_POINT('',(1.570796326795,138.1125));
#11314 = CARTESIAN_POINT('',(1.767145867644,138.1125));
#11315 = CARTESIAN_POINT('',(1.963495408493,137.90266055424));
#11316 = CARTESIAN_POINT('',(2.159844949337,137.48298344575));
#11317 = CARTESIAN_POINT('',(2.35619449019,136.87071979899));
#11318 = CARTESIAN_POINT('',(2.552544031038,136.1004069065));
#11319 = CARTESIAN_POINT('',(2.748893571891,135.2202295985));
#11320 = CARTESIAN_POINT('',(2.94524311274,134.28511468829));
#11321 = CARTESIAN_POINT('',(3.14159265359,133.35));
#11322 = ( GEOMETRIC_REPRESENTATION_CONTEXT(2) 
PARAMETRIC_REPRESENTATION_CONTEXT() REPRESENTATION_CONTEXT('2D SPACE',''
  ) );
#11323 = PCURVE('',#11285,#11324);
#11324 = DEFINITIONAL_REPRESENTATION('',(#11325),#11335);
#11325 = B_SPLINE_CURVE_WITH_KNOTS('',8,(#11326,#11327,#11328,#11329,
    #11330,#11331,#11332,#11333,#11334),.UNSPECIFIED.,.F.,.F.,(9,9),(0.,
    1.570796326795),.PIECEWISE_BEZIER_KNOTS.);
#11326 = CARTESIAN_POINT('',(4.712388980385,157.1625));
#11327 = CARTESIAN_POINT('',(4.516039439535,157.1625));
#11328 = CARTESIAN_POINT('',(4.319689898682,156.95266055426));
#11329 = CARTESIAN_POINT('',(4.123340357839,156.53298344571));
#11330 = CARTESIAN_POINT('',(3.926990816974,155.9207197989));
#11331 = CARTESIAN_POINT('',(3.730641276137,155.15040690649));
#11332 = CARTESIAN_POINT('',(3.534291735285,154.27022959849));
#11333 = CARTESIAN_POINT('',(3.337942194439,153.33511468829));
#11334 = CARTESIAN_POINT('',(3.14159265359,152.4));
#11335 = ( GEOMETRIC_REPRESENTATION_CONTEXT(2) 
PARAMETRIC_REPRESENTATION_CONTEXT() REPRESENTATION_CONTEXT('2D SPACE',''
  ) );
#11336 = ADVANCED_FACE('',(#11337),#7200,.T.);
#11337 = FACE_BOUND('',#11338,.T.);
#11338 = EDGE_LOOP('',(#11339,#11377,#11413,#11433,#11434,#11435,#11436,
    #11472));
#11339 = ORIENTED_EDGE('',*,*,#11340,.T.);
#11340 = EDGE_CURVE('',#11341,#11343,#11345,.T.);
#11341 = VERTEX_POINT('',#11342);
#11342 = CARTESIAN_POINT('',(76.2,133.35,96.8375));
#11343 = VERTEX_POINT('',#11344);
#11344 = CARTESIAN_POINT('',(71.4375,138.1125,101.6));
#11345 = SURFACE_CURVE('',#11346,(#11351,#11364),.PCURVE_S1.);
#11346 = ELLIPSE('',#11347,6.735192090802,4.7625);
#11347 = AXIS2_PLACEMENT_3D('',#11348,#11349,#11350);
#11348 = CARTESIAN_POINT('',(76.2,133.35,101.6));
#11349 = DIRECTION('',(0.707106781187,0.707106781187,0.));
#11350 = DIRECTION('',(-0.707106781187,0.707106781187,0.));
#11351 = PCURVE('',#7200,#11352);
#11352 = DEFINITIONAL_REPRESENTATION('',(#11353),#11363);
#11353 = B_SPLINE_CURVE_WITH_KNOTS('',8,(#11354,#11355,#11356,#11357,
    #11358,#11359,#11360,#11361,#11362),.UNSPECIFIED.,.F.,.F.,(9,9),(
    4.712388980385,6.28318530718),.PIECEWISE_BEZIER_KNOTS.);
#11354 = CARTESIAN_POINT('',(3.14159265359,133.35));
#11355 = CARTESIAN_POINT('',(3.337942194439,134.28511468829));
#11356 = CARTESIAN_POINT('',(3.534291735284,135.22022959858));
#11357 = CARTESIAN_POINT('',(3.730641276133,136.10040690638));
#11358 = CARTESIAN_POINT('',(3.92699081697,136.87071979946));
#11359 = CARTESIAN_POINT('',(4.123340357835,137.48298344542));
#11360 = CARTESIAN_POINT('',(4.319689898682,137.90266055429));
#11361 = CARTESIAN_POINT('',(4.516039439535,138.1125));
#11362 = CARTESIAN_POINT('',(4.712388980385,138.1125));
#11363 = ( GEOMETRIC_REPRESENTATION_CONTEXT(2) 
PARAMETRIC_REPRESENTATION_CONTEXT() REPRESENTATION_CONTEXT('2D SPACE',''
  ) );
#11364 = PCURVE('',#11285,#11365);
#11365 = DEFINITIONAL_REPRESENTATION('',(#11366),#11376);
#11366 = B_SPLINE_CURVE_WITH_KNOTS('',8,(#11367,#11368,#11369,#11370,
    #11371,#11372,#11373,#11374,#11375),.UNSPECIFIED.,.F.,.F.,(9,9),(
    4.712388980385,6.28318530718),.PIECEWISE_BEZIER_KNOTS.);
#11367 = CARTESIAN_POINT('',(3.14159265359,203.2));
#11368 = CARTESIAN_POINT('',(3.337942194439,202.2648853117));
#11369 = CARTESIAN_POINT('',(3.534291735285,201.32977040145));
#11370 = CARTESIAN_POINT('',(3.730641276142,200.44959309237));
#11371 = CARTESIAN_POINT('',(3.926990816972,199.6792802011));
#11372 = CARTESIAN_POINT('',(4.123340357837,199.06701655329));
#11373 = CARTESIAN_POINT('',(4.319689898683,198.64733944577));
#11374 = CARTESIAN_POINT('',(4.516039439535,198.4375));
#11375 = CARTESIAN_POINT('',(4.712388980385,198.4375));
#11376 = ( GEOMETRIC_REPRESENTATION_CONTEXT(2) 
PARAMETRIC_REPRESENTATION_CONTEXT() REPRESENTATION_CONTEXT('2D SPACE',''
  ) );
#11377 = ORIENTED_EDGE('',*,*,#11378,.T.);
#11378 = EDGE_CURVE('',#11343,#11379,#11381,.T.);
#11379 = VERTEX_POINT('',#11380);
#11380 = CARTESIAN_POINT('',(76.2,133.35,106.3625));
#11381 = SURFACE_CURVE('',#11382,(#11387,#11400),.PCURVE_S1.);
#11382 = ELLIPSE('',#11383,6.735192090802,4.7625);
#11383 = AXIS2_PLACEMENT_3D('',#11384,#11385,#11386);
#11384 = CARTESIAN_POINT('',(76.2,133.35,101.6));
#11385 = DIRECTION('',(0.707106781187,0.707106781187,0.));
#11386 = DIRECTION('',(-0.707106781187,0.707106781187,0.));
#11387 = PCURVE('',#7200,#11388);
#11388 = DEFINITIONAL_REPRESENTATION('',(#11389),#11399);
#11389 = B_SPLINE_CURVE_WITH_KNOTS('',8,(#11390,#11391,#11392,#11393,
    #11394,#11395,#11396,#11397,#11398),.UNSPECIFIED.,.F.,.F.,(9,9),(0.,
    1.570796326795),.PIECEWISE_BEZIER_KNOTS.);
#11390 = CARTESIAN_POINT('',(4.712388980385,138.1125));
#11391 = CARTESIAN_POINT('',(4.908738521234,138.1125));
#11392 = CARTESIAN_POINT('',(5.105088062083,137.90266055424));
#11393 = CARTESIAN_POINT('',(5.301437602938,137.48298344575));
#11394 = CARTESIAN_POINT('',(5.497787143778,136.87071979899));
#11395 = CARTESIAN_POINT('',(5.694136684636,136.1004069065));
#11396 = CARTESIAN_POINT('',(5.89048622548,135.2202295985));
#11397 = CARTESIAN_POINT('',(6.08683576633,134.28511468829));
#11398 = CARTESIAN_POINT('',(6.28318530718,133.35));
#11399 = ( GEOMETRIC_REPRESENTATION_CONTEXT(2) 
PARAMETRIC_REPRESENTATION_CONTEXT() REPRESENTATION_CONTEXT('2D SPACE',''
  ) );
#11400 = PCURVE('',#11285,#11401);
#11401 = DEFINITIONAL_REPRESENTATION('',(#11402),#11412);
#11402 = B_SPLINE_CURVE_WITH_KNOTS('',8,(#11403,#11404,#11405,#11406,
    #11407,#11408,#11409,#11410,#11411),.UNSPECIFIED.,.F.,.F.,(9,9),(0.,
    1.570796326795),.PIECEWISE_BEZIER_KNOTS.);
#11403 = CARTESIAN_POINT('',(4.712388980385,198.4375));
#11404 = CARTESIAN_POINT('',(4.908738521234,198.4375));
#11405 = CARTESIAN_POINT('',(5.105088062082,198.64733944554));
#11406 = CARTESIAN_POINT('',(5.301437602939,199.06701655399));
#11407 = CARTESIAN_POINT('',(5.497787143776,199.67928019982));
#11408 = CARTESIAN_POINT('',(5.694136684638,200.44959309326));
#11409 = CARTESIAN_POINT('',(5.89048622548,201.32977040133));
#11410 = CARTESIAN_POINT('',(6.08683576633,202.2648853117));
#11411 = CARTESIAN_POINT('',(6.28318530718,203.2));
#11412 = ( GEOMETRIC_REPRESENTATION_CONTEXT(2) 
PARAMETRIC_REPRESENTATION_CONTEXT() REPRESENTATION_CONTEXT('2D SPACE',''
  ) );
#11413 = ORIENTED_EDGE('',*,*,#11414,.T.);
#11414 = EDGE_CURVE('',#11379,#6675,#11415,.T.);
#11415 = SEAM_CURVE('',#11416,(#11420,#11427),.PCURVE_S1.);
#11416 = LINE('',#11417,#11418);
#11417 = CARTESIAN_POINT('',(76.2,0.,106.3625));
#11418 = VECTOR('',#11419,1.);
#11419 = DIRECTION('',(0.,1.,0.));
#11420 = PCURVE('',#7200,#11421);
#11421 = DEFINITIONAL_REPRESENTATION('',(#11422),#11426);
#11422 = LINE('',#11423,#11424);
#11423 = CARTESIAN_POINT('',(0.,0.));
#11424 = VECTOR('',#11425,1.);
#11425 = DIRECTION('',(0.,1.));
#11426 = ( GEOMETRIC_REPRESENTATION_CONTEXT(2) 
PARAMETRIC_REPRESENTATION_CONTEXT() REPRESENTATION_CONTEXT('2D SPACE',''
  ) );
#11427 = PCURVE('',#7200,#11428);
#11428 = DEFINITIONAL_REPRESENTATION('',(#11429),#11432);
#11429 = B_SPLINE_CURVE_WITH_KNOTS('',1,(#11430,#11431),.UNSPECIFIED.,
  .F.,.F.,(2,2),(0.,177.8),.PIECEWISE_BEZIER_KNOTS.);
#11430 = CARTESIAN_POINT('',(6.28318530718,0.));
#11431 = CARTESIAN_POINT('',(6.28318530718,177.8));
#11432 = ( GEOMETRIC_REPRESENTATION_CONTEXT(2) 
PARAMETRIC_REPRESENTATION_CONTEXT() REPRESENTATION_CONTEXT('2D SPACE',''
  ) );
#11433 = ORIENTED_EDGE('',*,*,#7170,.F.);
#11434 = ORIENTED_EDGE('',*,*,#7225,.F.);
#11435 = ORIENTED_EDGE('',*,*,#11414,.F.);
#11436 = ORIENTED_EDGE('',*,*,#11437,.T.);
#11437 = EDGE_CURVE('',#11379,#11438,#11440,.T.);
#11438 = VERTEX_POINT('',#11439);
#11439 = CARTESIAN_POINT('',(80.9625,138.1125,101.6));
#11440 = SURFACE_CURVE('',#11441,(#11446,#11459),.PCURVE_S1.);
#11441 = ELLIPSE('',#11442,6.735192090802,4.7625);
#11442 = AXIS2_PLACEMENT_3D('',#11443,#11444,#11445);
#11443 = CARTESIAN_POINT('',(76.2,133.35,101.6));
#11444 = DIRECTION('',(-0.707106781187,0.707106781187,0.));
#11445 = DIRECTION('',(0.707106781187,0.707106781187,0.));
#11446 = PCURVE('',#7200,#11447);
#11447 = DEFINITIONAL_REPRESENTATION('',(#11448),#11458);
#11448 = B_SPLINE_CURVE_WITH_KNOTS('',8,(#11449,#11450,#11451,#11452,
    #11453,#11454,#11455,#11456,#11457),.UNSPECIFIED.,.F.,.F.,(9,9),(
    4.712388980385,6.28318530718),.PIECEWISE_BEZIER_KNOTS.);
#11449 = CARTESIAN_POINT('',(0.,133.35));
#11450 = CARTESIAN_POINT('',(0.196349540849,134.28511468829));
#11451 = CARTESIAN_POINT('',(0.392699081699,135.22022959858));
#11452 = CARTESIAN_POINT('',(0.589048622547,136.10040690638));
#11453 = CARTESIAN_POINT('',(0.785398163396,136.87071979946));
#11454 = CARTESIAN_POINT('',(0.981747704245,137.48298344542));
#11455 = CARTESIAN_POINT('',(1.178097245096,137.90266055429));
#11456 = CARTESIAN_POINT('',(1.374446785946,138.1125));
#11457 = CARTESIAN_POINT('',(1.570796326795,138.1125));
#11458 = ( GEOMETRIC_REPRESENTATION_CONTEXT(2) 
PARAMETRIC_REPRESENTATION_CONTEXT() REPRESENTATION_CONTEXT('2D SPACE',''
  ) );
#11459 = PCURVE('',#8849,#11460);
#11460 = DEFINITIONAL_REPRESENTATION('',(#11461),#11471);
#11461 = B_SPLINE_CURVE_WITH_KNOTS('',8,(#11462,#11463,#11464,#11465,
    #11466,#11467,#11468,#11469,#11470),.UNSPECIFIED.,.F.,.F.,(9,9),(
    4.712388980385,6.28318530718),.PIECEWISE_BEZIER_KNOTS.);
#11462 = CARTESIAN_POINT('',(6.28318530718,203.2));
#11463 = CARTESIAN_POINT('',(6.08683576633,204.13511468829));
#11464 = CARTESIAN_POINT('',(5.890486225482,205.07022959834));
#11465 = CARTESIAN_POINT('',(5.694136684629,205.95040690694));
#11466 = CARTESIAN_POINT('',(5.497787143788,206.72071979832));
#11467 = CARTESIAN_POINT('',(5.301437602931,207.33298344627));
#11468 = CARTESIAN_POINT('',(5.105088062084,207.75266055419));
#11469 = CARTESIAN_POINT('',(4.908738521234,207.9625));
#11470 = CARTESIAN_POINT('',(4.712388980385,207.9625));
#11471 = ( GEOMETRIC_REPRESENTATION_CONTEXT(2) 
PARAMETRIC_REPRESENTATION_CONTEXT() REPRESENTATION_CONTEXT('2D SPACE',''
  ) );
#11472 = ORIENTED_EDGE('',*,*,#11473,.T.);
#11473 = EDGE_CURVE('',#11438,#11341,#11474,.T.);
#11474 = SURFACE_CURVE('',#11475,(#11480,#11493),.PCURVE_S1.);
#11475 = ELLIPSE('',#11476,6.735192090802,4.7625);
#11476 = AXIS2_PLACEMENT_3D('',#11477,#11478,#11479);
#11477 = CARTESIAN_POINT('',(76.2,133.35,101.6));
#11478 = DIRECTION('',(-0.707106781187,0.707106781187,0.));
#11479 = DIRECTION('',(0.707106781187,0.707106781187,0.));
#11480 = PCURVE('',#7200,#11481);
#11481 = DEFINITIONAL_REPRESENTATION('',(#11482),#11492);
#11482 = B_SPLINE_CURVE_WITH_KNOTS('',8,(#11483,#11484,#11485,#11486,
    #11487,#11488,#11489,#11490,#11491),.UNSPECIFIED.,.F.,.F.,(9,9),(0.,
    1.570796326795),.PIECEWISE_BEZIER_KNOTS.);
#11483 = CARTESIAN_POINT('',(1.570796326795,138.1125));
#11484 = CARTESIAN_POINT('',(1.767145867644,138.1125));
#11485 = CARTESIAN_POINT('',(1.963495408492,137.90266055424));
#11486 = CARTESIAN_POINT('',(2.159844949342,137.48298344575));
#11487 = CARTESIAN_POINT('',(2.356194490186,136.87071979899));
#11488 = CARTESIAN_POINT('',(2.552544031042,136.1004069065));
#11489 = CARTESIAN_POINT('',(2.748893571889,135.2202295985));
#11490 = CARTESIAN_POINT('',(2.94524311274,134.28511468829));
#11491 = CARTESIAN_POINT('',(3.14159265359,133.35));
#11492 = ( GEOMETRIC_REPRESENTATION_CONTEXT(2) 
PARAMETRIC_REPRESENTATION_CONTEXT() REPRESENTATION_CONTEXT('2D SPACE',''
  ) );
#11493 = PCURVE('',#8849,#11494);
#11494 = DEFINITIONAL_REPRESENTATION('',(#11495),#11505);
#11495 = B_SPLINE_CURVE_WITH_KNOTS('',8,(#11496,#11497,#11498,#11499,
    #11500,#11501,#11502,#11503,#11504),.UNSPECIFIED.,.F.,.F.,(9,9),(0.,
    1.570796326795),.PIECEWISE_BEZIER_KNOTS.);
#11496 = CARTESIAN_POINT('',(4.712388980385,207.9625));
#11497 = CARTESIAN_POINT('',(4.516039439535,207.9625));
#11498 = CARTESIAN_POINT('',(4.319689898682,207.75266055441));
#11499 = CARTESIAN_POINT('',(4.123340357839,207.33298344468));
#11500 = CARTESIAN_POINT('',(3.926990816974,206.72071980022));
#11501 = CARTESIAN_POINT('',(3.730641276137,205.95040690575));
#11502 = CARTESIAN_POINT('',(3.534291735285,205.07022959868));
#11503 = CARTESIAN_POINT('',(3.337942194439,204.13511468829));
#11504 = CARTESIAN_POINT('',(3.14159265359,203.2));
#11505 = ( GEOMETRIC_REPRESENTATION_CONTEXT(2) 
PARAMETRIC_REPRESENTATION_CONTEXT() REPRESENTATION_CONTEXT('2D SPACE',''
  ) );
#11506 = ADVANCED_FACE('',(#11507),#7437,.F.);
#11507 = FACE_BOUND('',#11508,.F.);
#11508 = EDGE_LOOP('',(#11509,#11510,#11511));
#11509 = ORIENTED_EDGE('',*,*,#9029,.T.);
#11510 = ORIENTED_EDGE('',*,*,#7422,.T.);
#11511 = ORIENTED_EDGE('',*,*,#7475,.T.);
#11512 = ADVANCED_FACE('',(#11513),#7409,.T.);
#11513 = FACE_BOUND('',#11514,.T.);
#11514 = EDGE_LOOP('',(#11515,#11534,#11535));
#11515 = ORIENTED_EDGE('',*,*,#11516,.F.);
#11516 = EDGE_CURVE('',#7324,#10845,#11517,.T.);
#11517 = SURFACE_CURVE('',#11518,(#11522,#11528),.PCURVE_S1.);
#11518 = LINE('',#11519,#11520);
#11519 = CARTESIAN_POINT('',(127.,177.8,101.6));
#11520 = VECTOR('',#11521,1.);
#11521 = DIRECTION('',(-1.,0.,0.));
#11522 = PCURVE('',#7409,#11523);
#11523 = DEFINITIONAL_REPRESENTATION('',(#11524),#11527);
#11524 = B_SPLINE_CURVE_WITH_KNOTS('',1,(#11525,#11526),.UNSPECIFIED.,
  .F.,.F.,(2,2),(-4.7625,4.7625),.PIECEWISE_BEZIER_KNOTS.);
#11525 = CARTESIAN_POINT('',(4.7625,2.84217094304E-14));
#11526 = CARTESIAN_POINT('',(-4.7625,2.84217094304E-14));
#11527 = ( GEOMETRIC_REPRESENTATION_CONTEXT(2) 
PARAMETRIC_REPRESENTATION_CONTEXT() REPRESENTATION_CONTEXT('2D SPACE',''
  ) );
#11528 = PCURVE('',#8554,#11529);
#11529 = DEFINITIONAL_REPRESENTATION('',(#11530),#11533);
#11530 = B_SPLINE_CURVE_WITH_KNOTS('',1,(#11531,#11532),.UNSPECIFIED.,
  .F.,.F.,(2,2),(-4.7625,4.7625),.PIECEWISE_BEZIER_KNOTS.);
#11531 = CARTESIAN_POINT('',(-2.84217094304E-14,4.7625));
#11532 = CARTESIAN_POINT('',(-2.84217094304E-14,-4.7625));
#11533 = ( GEOMETRIC_REPRESENTATION_CONTEXT(2) 
PARAMETRIC_REPRESENTATION_CONTEXT() REPRESENTATION_CONTEXT('2D SPACE',''
  ) );
#11534 = ORIENTED_EDGE('',*,*,#7394,.T.);
#11535 = ORIENTED_EDGE('',*,*,#10865,.F.);
#11536 = ADVANCED_FACE('',(#11537),#7551,.T.);
#11537 = FACE_BOUND('',#11538,.T.);
#11538 = EDGE_LOOP('',(#11539,#11540,#11560,#11561,#11562,#11615,#11616,
    #11617));
#11539 = ORIENTED_EDGE('',*,*,#7528,.F.);
#11540 = ORIENTED_EDGE('',*,*,#11541,.T.);
#11541 = EDGE_CURVE('',#3457,#7645,#11542,.T.);
#11542 = SEAM_CURVE('',#11543,(#11547,#11554),.PCURVE_S1.);
#11543 = LINE('',#11544,#11545);
#11544 = CARTESIAN_POINT('',(-127.,133.35,4.7625));
#11545 = VECTOR('',#11546,1.);
#11546 = DIRECTION('',(1.,0.,0.));
#11547 = PCURVE('',#7551,#11548);
#11548 = DEFINITIONAL_REPRESENTATION('',(#11549),#11553);
#11549 = LINE('',#11550,#11551);
#11550 = CARTESIAN_POINT('',(0.,0.));
#11551 = VECTOR('',#11552,1.);
#11552 = DIRECTION('',(0.,1.));
#11553 = ( GEOMETRIC_REPRESENTATION_CONTEXT(2) 
PARAMETRIC_REPRESENTATION_CONTEXT() REPRESENTATION_CONTEXT('2D SPACE',''
  ) );
#11554 = PCURVE('',#7551,#11555);
#11555 = DEFINITIONAL_REPRESENTATION('',(#11556),#11559);
#11556 = B_SPLINE_CURVE_WITH_KNOTS('',1,(#11557,#11558),.UNSPECIFIED.,
  .F.,.F.,(2,2),(0.,254.),.PIECEWISE_BEZIER_KNOTS.);
#11557 = CARTESIAN_POINT('',(6.28318530718,0.));
#11558 = CARTESIAN_POINT('',(6.28318530718,254.));
#11559 = ( GEOMETRIC_REPRESENTATION_CONTEXT(2) 
PARAMETRIC_REPRESENTATION_CONTEXT() REPRESENTATION_CONTEXT('2D SPACE',''
  ) );
#11560 = ORIENTED_EDGE('',*,*,#7644,.F.);
#11561 = ORIENTED_EDGE('',*,*,#7606,.F.);
#11562 = ORIENTED_EDGE('',*,*,#11563,.T.);
#11563 = EDGE_CURVE('',#7607,#7645,#11564,.T.);
#11564 = SURFACE_CURVE('',#11565,(#11570,#11590),.PCURVE_S1.);
#11565 = ELLIPSE('',#11566,6.735192090802,4.7625);
#11566 = AXIS2_PLACEMENT_3D('',#11567,#11568,#11569);
#11567 = CARTESIAN_POINT('',(-25.4,133.35,0.));
#11568 = DIRECTION('',(-0.707106781187,0.707106781187,0.));
#11569 = DIRECTION('',(0.707106781187,0.707106781187,0.));
#11570 = PCURVE('',#7551,#11571);
#11571 = DEFINITIONAL_REPRESENTATION('',(#11572),#11589);
#11572 = B_SPLINE_CURVE_WITH_KNOTS('',8,(#11573,#11574,#11575,#11576,
    #11577,#11578,#11579,#11580,#11581,#11582,#11583,#11584,#11585,
    #11586,#11587,#11588),.UNSPECIFIED.,.F.,.F.,(9,7,9),(1.570796326795,
    3.14159265359,4.712388980385),.UNSPECIFIED.);
#11573 = CARTESIAN_POINT('',(3.14159265359,101.6));
#11574 = CARTESIAN_POINT('',(2.94524311274,100.6648853117));
#11575 = CARTESIAN_POINT('',(2.748893571891,99.729770401288));
#11576 = CARTESIAN_POINT('',(2.552544031039,98.849593093664));
#11577 = CARTESIAN_POINT('',(2.356194490187,98.079280199716));
#11578 = CARTESIAN_POINT('',(2.159844949341,97.467016554542));
#11579 = CARTESIAN_POINT('',(1.963495408493,97.047339445535));
#11580 = CARTESIAN_POINT('',(1.767145867644,96.8375));
#11581 = CARTESIAN_POINT('',(1.374446785946,96.8375));
#11582 = CARTESIAN_POINT('',(1.178097245097,97.047339445533));
#11583 = CARTESIAN_POINT('',(0.981747704241,97.467016554384));
#11584 = CARTESIAN_POINT('',(0.785398163402,98.079280199929));
#11585 = CARTESIAN_POINT('',(0.589048622543,98.849593093509));
#11586 = CARTESIAN_POINT('',(0.3926990817,99.729770401331));
#11587 = CARTESIAN_POINT('',(0.196349540849,100.6648853117));
#11588 = CARTESIAN_POINT('',(0.,101.6));
#11589 = ( GEOMETRIC_REPRESENTATION_CONTEXT(2) 
PARAMETRIC_REPRESENTATION_CONTEXT() REPRESENTATION_CONTEXT('2D SPACE',''
  ) );
#11590 = PCURVE('',#11591,#11596);
#11591 = CYLINDRICAL_SURFACE('',#11592,4.7625);
#11592 = AXIS2_PLACEMENT_3D('',#11593,#11594,#11595);
#11593 = CARTESIAN_POINT('',(-25.4,0.,0.));
#11594 = DIRECTION('',(0.,1.,0.));
#11595 = DIRECTION('',(0.,-0.,1.));
#11596 = DEFINITIONAL_REPRESENTATION('',(#11597),#11614);
#11597 = B_SPLINE_CURVE_WITH_KNOTS('',8,(#11598,#11599,#11600,#11601,
    #11602,#11603,#11604,#11605,#11606,#11607,#11608,#11609,#11610,
    #11611,#11612,#11613),.UNSPECIFIED.,.F.,.F.,(9,7,9),(1.570796326795,
    3.14159265359,4.712388980385),.UNSPECIFIED.);
#11598 = CARTESIAN_POINT('',(3.14159265359,133.35));
#11599 = CARTESIAN_POINT('',(3.337942194439,132.4148853117));
#11600 = CARTESIAN_POINT('',(3.534291735288,131.47977040139));
#11601 = CARTESIAN_POINT('',(3.730641276146,130.59959309341));
#11602 = CARTESIAN_POINT('',(3.926990816986,129.82928020024));
#11603 = CARTESIAN_POINT('',(4.123340357841,129.21701655417));
#11604 = CARTESIAN_POINT('',(4.319689898685,128.79733944563));
#11605 = CARTESIAN_POINT('',(4.516039439535,128.5875));
#11606 = CARTESIAN_POINT('',(4.908738521234,128.5875));
#11607 = CARTESIAN_POINT('',(5.105088062084,128.79733944589));
#11608 = CARTESIAN_POINT('',(5.301437602935,129.21701655342));
#11609 = CARTESIAN_POINT('',(5.497787143781,129.82928020166));
#11610 = CARTESIAN_POINT('',(5.694136684633,130.59959309249));
#11611 = CARTESIAN_POINT('',(5.890486225481,131.47977040164));
#11612 = CARTESIAN_POINT('',(6.08683576633,132.4148853117));
#11613 = CARTESIAN_POINT('',(6.28318530718,133.35));
#11614 = ( GEOMETRIC_REPRESENTATION_CONTEXT(2) 
PARAMETRIC_REPRESENTATION_CONTEXT() REPRESENTATION_CONTEXT('2D SPACE',''
  ) );
#11615 = ORIENTED_EDGE('',*,*,#11541,.F.);
#11616 = ORIENTED_EDGE('',*,*,#8299,.T.);
#11617 = ORIENTED_EDGE('',*,*,#7569,.F.);
#11618 = ADVANCED_FACE('',(#11619),#7726,.T.);
#11619 = FACE_BOUND('',#11620,.T.);
#11620 = EDGE_LOOP('',(#11621,#11622,#11642,#11643,#11644,#11697,#11698,
    #11746));
#11621 = ORIENTED_EDGE('',*,*,#7703,.F.);
#11622 = ORIENTED_EDGE('',*,*,#11623,.T.);
#11623 = EDGE_CURVE('',#7645,#7820,#11624,.T.);
#11624 = SEAM_CURVE('',#11625,(#11629,#11636),.PCURVE_S1.);
#11625 = LINE('',#11626,#11627);
#11626 = CARTESIAN_POINT('',(-127.,133.35,4.7625));
#11627 = VECTOR('',#11628,1.);
#11628 = DIRECTION('',(1.,0.,0.));
#11629 = PCURVE('',#7726,#11630);
#11630 = DEFINITIONAL_REPRESENTATION('',(#11631),#11635);
#11631 = LINE('',#11632,#11633);
#11632 = CARTESIAN_POINT('',(0.,0.));
#11633 = VECTOR('',#11634,1.);
#11634 = DIRECTION('',(0.,1.));
#11635 = ( GEOMETRIC_REPRESENTATION_CONTEXT(2) 
PARAMETRIC_REPRESENTATION_CONTEXT() REPRESENTATION_CONTEXT('2D SPACE',''
  ) );
#11636 = PCURVE('',#7726,#11637);
#11637 = DEFINITIONAL_REPRESENTATION('',(#11638),#11641);
#11638 = B_SPLINE_CURVE_WITH_KNOTS('',1,(#11639,#11640),.UNSPECIFIED.,
  .F.,.F.,(2,2),(0.,254.),.PIECEWISE_BEZIER_KNOTS.);
#11639 = CARTESIAN_POINT('',(6.28318530718,0.));
#11640 = CARTESIAN_POINT('',(6.28318530718,254.));
#11641 = ( GEOMETRIC_REPRESENTATION_CONTEXT(2) 
PARAMETRIC_REPRESENTATION_CONTEXT() REPRESENTATION_CONTEXT('2D SPACE',''
  ) );
#11642 = ORIENTED_EDGE('',*,*,#7819,.F.);
#11643 = ORIENTED_EDGE('',*,*,#7781,.F.);
#11644 = ORIENTED_EDGE('',*,*,#11645,.T.);
#11645 = EDGE_CURVE('',#7782,#7820,#11646,.T.);
#11646 = SURFACE_CURVE('',#11647,(#11652,#11672),.PCURVE_S1.);
#11647 = ELLIPSE('',#11648,6.735192090802,4.7625);
#11648 = AXIS2_PLACEMENT_3D('',#11649,#11650,#11651);
#11649 = CARTESIAN_POINT('',(25.4,133.35,0.));
#11650 = DIRECTION('',(-0.707106781187,0.707106781187,0.));
#11651 = DIRECTION('',(0.707106781187,0.707106781187,0.));
#11652 = PCURVE('',#7726,#11653);
#11653 = DEFINITIONAL_REPRESENTATION('',(#11654),#11671);
#11654 = B_SPLINE_CURVE_WITH_KNOTS('',8,(#11655,#11656,#11657,#11658,
    #11659,#11660,#11661,#11662,#11663,#11664,#11665,#11666,#11667,
    #11668,#11669,#11670),.UNSPECIFIED.,.F.,.F.,(9,7,9),(1.570796326795,
    3.14159265359,4.712388980385),.UNSPECIFIED.);
#11655 = CARTESIAN_POINT('',(3.14159265359,152.4));
#11656 = CARTESIAN_POINT('',(2.94524311274,151.4648853117));
#11657 = CARTESIAN_POINT('',(2.748893571891,150.52977040118));
#11658 = CARTESIAN_POINT('',(2.552544031039,149.64959309389));
#11659 = CARTESIAN_POINT('',(2.356194490187,148.8792801995));
#11660 = CARTESIAN_POINT('',(2.159844949341,148.26701655472));
#11661 = CARTESIAN_POINT('',(1.963495408493,147.84733944546));
#11662 = CARTESIAN_POINT('',(1.767145867644,147.6375));
#11663 = CARTESIAN_POINT('',(1.374446785946,147.6375));
#11664 = CARTESIAN_POINT('',(1.178097245097,147.84733944541));
#11665 = CARTESIAN_POINT('',(0.981747704241,148.26701655473));
#11666 = CARTESIAN_POINT('',(0.785398163402,148.87928019943));
#11667 = CARTESIAN_POINT('',(0.589048622543,149.64959309395));
#11668 = CARTESIAN_POINT('',(0.3926990817,150.5297704012));
#11669 = CARTESIAN_POINT('',(0.196349540849,151.4648853117));
#11670 = CARTESIAN_POINT('',(0.,152.4));
#11671 = ( GEOMETRIC_REPRESENTATION_CONTEXT(2) 
PARAMETRIC_REPRESENTATION_CONTEXT() REPRESENTATION_CONTEXT('2D SPACE',''
  ) );
#11672 = PCURVE('',#11673,#11678);
#11673 = CYLINDRICAL_SURFACE('',#11674,4.7625);
#11674 = AXIS2_PLACEMENT_3D('',#11675,#11676,#11677);
#11675 = CARTESIAN_POINT('',(25.4,0.,0.));
#11676 = DIRECTION('',(0.,1.,0.));
#11677 = DIRECTION('',(0.,-0.,1.));
#11678 = DEFINITIONAL_REPRESENTATION('',(#11679),#11696);
#11679 = B_SPLINE_CURVE_WITH_KNOTS('',8,(#11680,#11681,#11682,#11683,
    #11684,#11685,#11686,#11687,#11688,#11689,#11690,#11691,#11692,
    #11693,#11694,#11695),.UNSPECIFIED.,.F.,.F.,(9,7,9),(1.570796326795,
    3.14159265359,4.712388980385),.UNSPECIFIED.);
#11680 = CARTESIAN_POINT('',(3.14159265359,133.35));
#11681 = CARTESIAN_POINT('',(3.337942194439,132.4148853117));
#11682 = CARTESIAN_POINT('',(3.534291735288,131.47977040139));
#11683 = CARTESIAN_POINT('',(3.730641276146,130.59959309341));
#11684 = CARTESIAN_POINT('',(3.926990816986,129.82928020024));
#11685 = CARTESIAN_POINT('',(4.123340357841,129.21701655417));
#11686 = CARTESIAN_POINT('',(4.319689898685,128.79733944563));
#11687 = CARTESIAN_POINT('',(4.516039439535,128.5875));
#11688 = CARTESIAN_POINT('',(4.908738521234,128.5875));
#11689 = CARTESIAN_POINT('',(5.105088062084,128.79733944589));
#11690 = CARTESIAN_POINT('',(5.301437602935,129.21701655342));
#11691 = CARTESIAN_POINT('',(5.497787143781,129.82928020166));
#11692 = CARTESIAN_POINT('',(5.694136684633,130.59959309249));
#11693 = CARTESIAN_POINT('',(5.890486225481,131.47977040164));
#11694 = CARTESIAN_POINT('',(6.08683576633,132.4148853117));
#11695 = CARTESIAN_POINT('',(6.28318530718,133.35));
#11696 = ( GEOMETRIC_REPRESENTATION_CONTEXT(2) 
PARAMETRIC_REPRESENTATION_CONTEXT() REPRESENTATION_CONTEXT('2D SPACE',''
  ) );
#11697 = ORIENTED_EDGE('',*,*,#11623,.F.);
#11698 = ORIENTED_EDGE('',*,*,#11699,.T.);
#11699 = EDGE_CURVE('',#7645,#7607,#11700,.T.);
#11700 = SURFACE_CURVE('',#11701,(#11706,#11726),.PCURVE_S1.);
#11701 = ELLIPSE('',#11702,6.735192090802,4.7625);
#11702 = AXIS2_PLACEMENT_3D('',#11703,#11704,#11705);
#11703 = CARTESIAN_POINT('',(-25.4,133.35,0.));
#11704 = DIRECTION('',(0.707106781187,0.707106781187,0.));
#11705 = DIRECTION('',(-0.707106781187,0.707106781187,0.));
#11706 = PCURVE('',#7726,#11707);
#11707 = DEFINITIONAL_REPRESENTATION('',(#11708),#11725);
#11708 = B_SPLINE_CURVE_WITH_KNOTS('',8,(#11709,#11710,#11711,#11712,
    #11713,#11714,#11715,#11716,#11717,#11718,#11719,#11720,#11721,
    #11722,#11723,#11724),.UNSPECIFIED.,.F.,.F.,(9,7,9),(1.570796326795,
    3.14159265359,4.712388980385),.UNSPECIFIED.);
#11709 = CARTESIAN_POINT('',(0.,101.6));
#11710 = CARTESIAN_POINT('',(0.196349540849,102.53511468829));
#11711 = CARTESIAN_POINT('',(0.392699081699,103.47022959874));
#11712 = CARTESIAN_POINT('',(0.589048622546,104.35040690568));
#11713 = CARTESIAN_POINT('',(0.785398163397,105.12071980032));
#11714 = CARTESIAN_POINT('',(0.981747704246,105.73298344503));
#11715 = CARTESIAN_POINT('',(1.178097245096,106.1526605545));
#11716 = CARTESIAN_POINT('',(1.374446785946,106.3625));
#11717 = CARTESIAN_POINT('',(1.767145867644,106.3625));
#11718 = CARTESIAN_POINT('',(1.963495408492,106.15266055427));
#11719 = CARTESIAN_POINT('',(2.159844949341,105.73298344576));
#11720 = CARTESIAN_POINT('',(2.356194490185,105.12071979939));
#11721 = CARTESIAN_POINT('',(2.552544031042,104.3504069064));
#11722 = CARTESIAN_POINT('',(2.74889357189,103.4702295985));
#11723 = CARTESIAN_POINT('',(2.94524311274,102.53511468829));
#11724 = CARTESIAN_POINT('',(3.14159265359,101.6));
#11725 = ( GEOMETRIC_REPRESENTATION_CONTEXT(2) 
PARAMETRIC_REPRESENTATION_CONTEXT() REPRESENTATION_CONTEXT('2D SPACE',''
  ) );
#11726 = PCURVE('',#11591,#11727);
#11727 = DEFINITIONAL_REPRESENTATION('',(#11728),#11745);
#11728 = B_SPLINE_CURVE_WITH_KNOTS('',8,(#11729,#11730,#11731,#11732,
    #11733,#11734,#11735,#11736,#11737,#11738,#11739,#11740,#11741,
    #11742,#11743,#11744),.UNSPECIFIED.,.F.,.F.,(9,7,9),(1.570796326795,
    3.14159265359,4.712388980385),.UNSPECIFIED.);
#11729 = CARTESIAN_POINT('',(0.,133.35));
#11730 = CARTESIAN_POINT('',(0.196349540849,132.4148853117));
#11731 = CARTESIAN_POINT('',(0.392699081699,131.47977040139));
#11732 = CARTESIAN_POINT('',(0.589048622545,130.59959309341));
#11733 = CARTESIAN_POINT('',(0.785398163398,129.82928020024));
#11734 = CARTESIAN_POINT('',(0.981747704244,129.21701655417));
#11735 = CARTESIAN_POINT('',(1.178097245096,128.79733944563));
#11736 = CARTESIAN_POINT('',(1.374446785946,128.5875));
#11737 = CARTESIAN_POINT('',(1.767145867644,128.5875));
#11738 = CARTESIAN_POINT('',(1.96349540849,128.79733944589));
#11739 = CARTESIAN_POINT('',(2.159844949352,129.21701655342));
#11740 = CARTESIAN_POINT('',(2.356194490178,129.82928020166));
#11741 = CARTESIAN_POINT('',(2.552544031053,130.59959309249));
#11742 = CARTESIAN_POINT('',(2.748893571888,131.47977040164));
#11743 = CARTESIAN_POINT('',(2.94524311274,132.4148853117));
#11744 = CARTESIAN_POINT('',(3.14159265359,133.35));
#11745 = ( GEOMETRIC_REPRESENTATION_CONTEXT(2) 
PARAMETRIC_REPRESENTATION_CONTEXT() REPRESENTATION_CONTEXT('2D SPACE',''
  ) );
#11746 = ORIENTED_EDGE('',*,*,#7744,.F.);
#11747 = ADVANCED_FACE('',(#11748),#7901,.T.);
#11748 = FACE_BOUND('',#11749,.T.);
#11749 = EDGE_LOOP('',(#11750,#11751,#11771,#11772,#11773,#11821,#11822,
    #11870));
#11750 = ORIENTED_EDGE('',*,*,#7878,.F.);
#11751 = ORIENTED_EDGE('',*,*,#11752,.T.);
#11752 = EDGE_CURVE('',#7820,#7995,#11753,.T.);
#11753 = SEAM_CURVE('',#11754,(#11758,#11765),.PCURVE_S1.);
#11754 = LINE('',#11755,#11756);
#11755 = CARTESIAN_POINT('',(-127.,133.35,4.7625));
#11756 = VECTOR('',#11757,1.);
#11757 = DIRECTION('',(1.,0.,0.));
#11758 = PCURVE('',#7901,#11759);
#11759 = DEFINITIONAL_REPRESENTATION('',(#11760),#11764);
#11760 = LINE('',#11761,#11762);
#11761 = CARTESIAN_POINT('',(0.,0.));
#11762 = VECTOR('',#11763,1.);
#11763 = DIRECTION('',(0.,1.));
#11764 = ( GEOMETRIC_REPRESENTATION_CONTEXT(2) 
PARAMETRIC_REPRESENTATION_CONTEXT() REPRESENTATION_CONTEXT('2D SPACE',''
  ) );
#11765 = PCURVE('',#7901,#11766);
#11766 = DEFINITIONAL_REPRESENTATION('',(#11767),#11770);
#11767 = B_SPLINE_CURVE_WITH_KNOTS('',1,(#11768,#11769),.UNSPECIFIED.,
  .F.,.F.,(2,2),(0.,254.),.PIECEWISE_BEZIER_KNOTS.);
#11768 = CARTESIAN_POINT('',(6.28318530718,0.));
#11769 = CARTESIAN_POINT('',(6.28318530718,254.));
#11770 = ( GEOMETRIC_REPRESENTATION_CONTEXT(2) 
PARAMETRIC_REPRESENTATION_CONTEXT() REPRESENTATION_CONTEXT('2D SPACE',''
  ) );
#11771 = ORIENTED_EDGE('',*,*,#7994,.F.);
#11772 = ORIENTED_EDGE('',*,*,#7956,.F.);
#11773 = ORIENTED_EDGE('',*,*,#11774,.T.);
#11774 = EDGE_CURVE('',#7957,#7995,#11775,.T.);
#11775 = SURFACE_CURVE('',#11776,(#11781,#11801),.PCURVE_S1.);
#11776 = ELLIPSE('',#11777,6.735192090802,4.7625);
#11777 = AXIS2_PLACEMENT_3D('',#11778,#11779,#11780);
#11778 = CARTESIAN_POINT('',(76.2,133.35,0.));
#11779 = DIRECTION('',(-0.707106781187,0.707106781187,0.));
#11780 = DIRECTION('',(0.707106781187,0.707106781187,0.));
#11781 = PCURVE('',#7901,#11782);
#11782 = DEFINITIONAL_REPRESENTATION('',(#11783),#11800);
#11783 = B_SPLINE_CURVE_WITH_KNOTS('',8,(#11784,#11785,#11786,#11787,
    #11788,#11789,#11790,#11791,#11792,#11793,#11794,#11795,#11796,
    #11797,#11798,#11799),.UNSPECIFIED.,.F.,.F.,(9,7,9),(1.570796326795,
    3.14159265359,4.712388980385),.UNSPECIFIED.);
#11784 = CARTESIAN_POINT('',(3.14159265359,203.2));
#11785 = CARTESIAN_POINT('',(2.94524311274,202.2648853117));
#11786 = CARTESIAN_POINT('',(2.748893571891,201.32977040145));
#11787 = CARTESIAN_POINT('',(2.552544031039,200.44959309237));
#11788 = CARTESIAN_POINT('',(2.356194490187,199.6792802011));
#11789 = CARTESIAN_POINT('',(2.159844949341,199.06701655329));
#11790 = CARTESIAN_POINT('',(1.963495408493,198.64733944577));
#11791 = CARTESIAN_POINT('',(1.767145867644,198.4375));
#11792 = CARTESIAN_POINT('',(1.374446785946,198.4375));
#11793 = CARTESIAN_POINT('',(1.178097245097,198.64733944554));
#11794 = CARTESIAN_POINT('',(0.981747704241,199.06701655399));
#11795 = CARTESIAN_POINT('',(0.785398163402,199.67928019982));
#11796 = CARTESIAN_POINT('',(0.589048622543,200.44959309326));
#11797 = CARTESIAN_POINT('',(0.3926990817,201.32977040133));
#11798 = CARTESIAN_POINT('',(0.196349540849,202.2648853117));
#11799 = CARTESIAN_POINT('',(0.,203.2));
#11800 = ( GEOMETRIC_REPRESENTATION_CONTEXT(2) 
PARAMETRIC_REPRESENTATION_CONTEXT() REPRESENTATION_CONTEXT('2D SPACE',''
  ) );
#11801 = PCURVE('',#9180,#11802);
#11802 = DEFINITIONAL_REPRESENTATION('',(#11803),#11820);
#11803 = B_SPLINE_CURVE_WITH_KNOTS('',8,(#11804,#11805,#11806,#11807,
    #11808,#11809,#11810,#11811,#11812,#11813,#11814,#11815,#11816,
    #11817,#11818,#11819),.UNSPECIFIED.,.F.,.F.,(9,7,9),(1.570796326795,
    3.14159265359,4.712388980385),.UNSPECIFIED.);
#11804 = CARTESIAN_POINT('',(3.14159265359,133.35));
#11805 = CARTESIAN_POINT('',(3.337942194439,132.4148853117));
#11806 = CARTESIAN_POINT('',(3.53429173529,131.47977040139));
#11807 = CARTESIAN_POINT('',(3.730641276134,130.59959309341));
#11808 = CARTESIAN_POINT('',(3.926990817002,129.82928020024));
#11809 = CARTESIAN_POINT('',(4.123340357833,129.21701655417));
#11810 = CARTESIAN_POINT('',(4.319689898688,128.79733944563));
#11811 = CARTESIAN_POINT('',(4.516039439535,128.5875));
#11812 = CARTESIAN_POINT('',(4.908738521234,128.5875));
#11813 = CARTESIAN_POINT('',(5.105088062084,128.79733944589));
#11814 = CARTESIAN_POINT('',(5.301437602932,129.21701655342));
#11815 = CARTESIAN_POINT('',(5.497787143784,129.82928020166));
#11816 = CARTESIAN_POINT('',(5.69413668463,130.59959309249));
#11817 = CARTESIAN_POINT('',(5.890486225481,131.47977040164));
#11818 = CARTESIAN_POINT('',(6.08683576633,132.4148853117));
#11819 = CARTESIAN_POINT('',(6.28318530718,133.35));
#11820 = ( GEOMETRIC_REPRESENTATION_CONTEXT(2) 
PARAMETRIC_REPRESENTATION_CONTEXT() REPRESENTATION_CONTEXT('2D SPACE',''
  ) );
#11821 = ORIENTED_EDGE('',*,*,#11752,.F.);
#11822 = ORIENTED_EDGE('',*,*,#11823,.T.);
#11823 = EDGE_CURVE('',#7820,#7782,#11824,.T.);
#11824 = SURFACE_CURVE('',#11825,(#11830,#11850),.PCURVE_S1.);
#11825 = ELLIPSE('',#11826,6.735192090802,4.7625);
#11826 = AXIS2_PLACEMENT_3D('',#11827,#11828,#11829);
#11827 = CARTESIAN_POINT('',(25.4,133.35,0.));
#11828 = DIRECTION('',(0.707106781187,0.707106781187,0.));
#11829 = DIRECTION('',(-0.707106781187,0.707106781187,0.));
#11830 = PCURVE('',#7901,#11831);
#11831 = DEFINITIONAL_REPRESENTATION('',(#11832),#11849);
#11832 = B_SPLINE_CURVE_WITH_KNOTS('',8,(#11833,#11834,#11835,#11836,
    #11837,#11838,#11839,#11840,#11841,#11842,#11843,#11844,#11845,
    #11846,#11847,#11848),.UNSPECIFIED.,.F.,.F.,(9,7,9),(1.570796326795,
    3.14159265359,4.712388980385),.UNSPECIFIED.);
#11833 = CARTESIAN_POINT('',(0.,152.4));
#11834 = CARTESIAN_POINT('',(0.196349540849,153.33511468829));
#11835 = CARTESIAN_POINT('',(0.392699081699,154.2702295985));
#11836 = CARTESIAN_POINT('',(0.589048622546,155.15040690637));
#11837 = CARTESIAN_POINT('',(0.785398163397,155.92071979893));
#11838 = CARTESIAN_POINT('',(0.981747704246,156.53298344566));
#11839 = CARTESIAN_POINT('',(1.178097245096,156.95266055426));
#11840 = CARTESIAN_POINT('',(1.374446785946,157.1625));
#11841 = CARTESIAN_POINT('',(1.767145867644,157.1625));
#11842 = CARTESIAN_POINT('',(1.963495408492,156.95266055426));
#11843 = CARTESIAN_POINT('',(2.159844949341,156.53298344571));
#11844 = CARTESIAN_POINT('',(2.356194490185,155.9207197989));
#11845 = CARTESIAN_POINT('',(2.552544031042,155.15040690649));
#11846 = CARTESIAN_POINT('',(2.74889357189,154.27022959849));
#11847 = CARTESIAN_POINT('',(2.94524311274,153.33511468829));
#11848 = CARTESIAN_POINT('',(3.14159265359,152.4));
#11849 = ( GEOMETRIC_REPRESENTATION_CONTEXT(2) 
PARAMETRIC_REPRESENTATION_CONTEXT() REPRESENTATION_CONTEXT('2D SPACE',''
  ) );
#11850 = PCURVE('',#11673,#11851);
#11851 = DEFINITIONAL_REPRESENTATION('',(#11852),#11869);
#11852 = B_SPLINE_CURVE_WITH_KNOTS('',8,(#11853,#11854,#11855,#11856,
    #11857,#11858,#11859,#11860,#11861,#11862,#11863,#11864,#11865,
    #11866,#11867,#11868),.UNSPECIFIED.,.F.,.F.,(9,7,9),(1.570796326795,
    3.14159265359,4.712388980385),.UNSPECIFIED.);
#11853 = CARTESIAN_POINT('',(0.,133.35));
#11854 = CARTESIAN_POINT('',(0.196349540849,132.4148853117));
#11855 = CARTESIAN_POINT('',(0.392699081699,131.47977040139));
#11856 = CARTESIAN_POINT('',(0.589048622545,130.59959309341));
#11857 = CARTESIAN_POINT('',(0.785398163398,129.82928020024));
#11858 = CARTESIAN_POINT('',(0.981747704244,129.21701655417));
#11859 = CARTESIAN_POINT('',(1.178097245096,128.79733944563));
#11860 = CARTESIAN_POINT('',(1.374446785946,128.5875));
#11861 = CARTESIAN_POINT('',(1.767145867644,128.5875));
#11862 = CARTESIAN_POINT('',(1.96349540849,128.79733944589));
#11863 = CARTESIAN_POINT('',(2.159844949352,129.21701655342));
#11864 = CARTESIAN_POINT('',(2.356194490178,129.82928020166));
#11865 = CARTESIAN_POINT('',(2.552544031053,130.59959309249));
#11866 = CARTESIAN_POINT('',(2.748893571888,131.47977040164));
#11867 = CARTESIAN_POINT('',(2.94524311274,132.4148853117));
#11868 = CARTESIAN_POINT('',(3.14159265359,133.35));
#11869 = ( GEOMETRIC_REPRESENTATION_CONTEXT(2) 
PARAMETRIC_REPRESENTATION_CONTEXT() REPRESENTATION_CONTEXT('2D SPACE',''
  ) );
#11870 = ORIENTED_EDGE('',*,*,#7919,.F.);
#11871 = ADVANCED_FACE('',(#11872),#8177,.T.);
#11872 = FACE_BOUND('',#11873,.T.);
#11873 = EDGE_LOOP('',(#11874,#11875,#11897,#11933,#11969,#12017,#12018,
    #12019));
#11874 = ORIENTED_EDGE('',*,*,#8348,.F.);
#11875 = ORIENTED_EDGE('',*,*,#11876,.T.);
#11876 = EDGE_CURVE('',#3303,#11877,#11879,.T.);
#11877 = VERTEX_POINT('',#11878);
#11878 = CARTESIAN_POINT('',(-25.4,88.9,4.7625));
#11879 = SEAM_CURVE('',#11880,(#11884,#11891),.PCURVE_S1.);
#11880 = LINE('',#11881,#11882);
#11881 = CARTESIAN_POINT('',(-127.,88.9,4.7625));
#11882 = VECTOR('',#11883,1.);
#11883 = DIRECTION('',(1.,0.,0.));
#11884 = PCURVE('',#8177,#11885);
#11885 = DEFINITIONAL_REPRESENTATION('',(#11886),#11890);
#11886 = LINE('',#11887,#11888);
#11887 = CARTESIAN_POINT('',(0.,0.));
#11888 = VECTOR('',#11889,1.);
#11889 = DIRECTION('',(0.,1.));
#11890 = ( GEOMETRIC_REPRESENTATION_CONTEXT(2) 
PARAMETRIC_REPRESENTATION_CONTEXT() REPRESENTATION_CONTEXT('2D SPACE',''
  ) );
#11891 = PCURVE('',#8177,#11892);
#11892 = DEFINITIONAL_REPRESENTATION('',(#11893),#11896);
#11893 = B_SPLINE_CURVE_WITH_KNOTS('',1,(#11894,#11895),.UNSPECIFIED.,
  .F.,.F.,(2,2),(0.,254.),.PIECEWISE_BEZIER_KNOTS.);
#11894 = CARTESIAN_POINT('',(6.28318530718,0.));
#11895 = CARTESIAN_POINT('',(6.28318530718,254.));
#11896 = ( GEOMETRIC_REPRESENTATION_CONTEXT(2) 
PARAMETRIC_REPRESENTATION_CONTEXT() REPRESENTATION_CONTEXT('2D SPACE',''
  ) );
#11897 = ORIENTED_EDGE('',*,*,#11898,.F.);
#11898 = EDGE_CURVE('',#11899,#11877,#11901,.T.);
#11899 = VERTEX_POINT('',#11900);
#11900 = CARTESIAN_POINT('',(-30.1625,93.6625,-5.832380380939E-16));
#11901 = SURFACE_CURVE('',#11902,(#11907,#11920),.PCURVE_S1.);
#11902 = ELLIPSE('',#11903,6.735192090802,4.7625);
#11903 = AXIS2_PLACEMENT_3D('',#11904,#11905,#11906);
#11904 = CARTESIAN_POINT('',(-25.4,88.9,0.));
#11905 = DIRECTION('',(0.707106781187,0.707106781187,0.));
#11906 = DIRECTION('',(-0.707106781187,0.707106781187,0.));
#11907 = PCURVE('',#8177,#11908);
#11908 = DEFINITIONAL_REPRESENTATION('',(#11909),#11919);
#11909 = B_SPLINE_CURVE_WITH_KNOTS('',8,(#11910,#11911,#11912,#11913,
    #11914,#11915,#11916,#11917,#11918),.UNSPECIFIED.,.F.,.F.,(9,9),(0.,
    1.570796326795),.PIECEWISE_BEZIER_KNOTS.);
#11910 = CARTESIAN_POINT('',(4.712388980385,96.8375));
#11911 = CARTESIAN_POINT('',(4.908738521234,96.8375));
#11912 = CARTESIAN_POINT('',(5.105088062083,97.047339445533));
#11913 = CARTESIAN_POINT('',(5.301437602935,97.467016554384));
#11914 = CARTESIAN_POINT('',(5.497787143781,98.079280199929));
#11915 = CARTESIAN_POINT('',(5.694136684634,98.849593093509));
#11916 = CARTESIAN_POINT('',(5.890486225481,99.729770401331));
#11917 = CARTESIAN_POINT('',(6.08683576633,100.6648853117));
#11918 = CARTESIAN_POINT('',(6.28318530718,101.6));
#11919 = ( GEOMETRIC_REPRESENTATION_CONTEXT(2) 
PARAMETRIC_REPRESENTATION_CONTEXT() REPRESENTATION_CONTEXT('2D SPACE',''
  ) );
#11920 = PCURVE('',#11591,#11921);
#11921 = DEFINITIONAL_REPRESENTATION('',(#11922),#11932);
#11922 = B_SPLINE_CURVE_WITH_KNOTS('',8,(#11923,#11924,#11925,#11926,
    #11927,#11928,#11929,#11930,#11931),.UNSPECIFIED.,.F.,.F.,(9,9),(0.,
    1.570796326795),.PIECEWISE_BEZIER_KNOTS.);
#11923 = CARTESIAN_POINT('',(4.712388980385,93.6625));
#11924 = CARTESIAN_POINT('',(4.908738521234,93.6625));
#11925 = CARTESIAN_POINT('',(5.105088062084,93.452660554223));
#11926 = CARTESIAN_POINT('',(5.301437602936,93.032983445956));
#11927 = CARTESIAN_POINT('',(5.497787143782,92.420719798999));
#11928 = CARTESIAN_POINT('',(5.694136684633,91.65040690676));
#11929 = CARTESIAN_POINT('',(5.890486225481,90.770229598473));
#11930 = CARTESIAN_POINT('',(6.08683576633,89.835114688295));
#11931 = CARTESIAN_POINT('',(6.28318530718,88.9));
#11932 = ( GEOMETRIC_REPRESENTATION_CONTEXT(2) 
PARAMETRIC_REPRESENTATION_CONTEXT() REPRESENTATION_CONTEXT('2D SPACE',''
  ) );
#11933 = ORIENTED_EDGE('',*,*,#11934,.F.);
#11934 = EDGE_CURVE('',#11935,#11899,#11937,.T.);
#11935 = VERTEX_POINT('',#11936);
#11936 = CARTESIAN_POINT('',(-25.4,88.9,-4.7625));
#11937 = SURFACE_CURVE('',#11938,(#11943,#11956),.PCURVE_S1.);
#11938 = ELLIPSE('',#11939,6.735192090802,4.7625);
#11939 = AXIS2_PLACEMENT_3D('',#11940,#11941,#11942);
#11940 = CARTESIAN_POINT('',(-25.4,88.9,0.));
#11941 = DIRECTION('',(0.707106781187,0.707106781187,0.));
#11942 = DIRECTION('',(-0.707106781187,0.707106781187,0.));
#11943 = PCURVE('',#8177,#11944);
#11944 = DEFINITIONAL_REPRESENTATION('',(#11945),#11955);
#11945 = B_SPLINE_CURVE_WITH_KNOTS('',8,(#11946,#11947,#11948,#11949,
    #11950,#11951,#11952,#11953,#11954),.UNSPECIFIED.,.F.,.F.,(9,9),(
    4.712388980385,6.28318530718),.PIECEWISE_BEZIER_KNOTS.);
#11946 = CARTESIAN_POINT('',(3.14159265359,101.6));
#11947 = CARTESIAN_POINT('',(3.337942194439,100.6648853117));
#11948 = CARTESIAN_POINT('',(3.534291735284,99.729770401288));
#11949 = CARTESIAN_POINT('',(3.730641276131,98.849593093664));
#11950 = CARTESIAN_POINT('',(3.926990816972,98.079280199716));
#11951 = CARTESIAN_POINT('',(4.123340357833,97.467016554542));
#11952 = CARTESIAN_POINT('',(4.319689898683,97.047339445535));
#11953 = CARTESIAN_POINT('',(4.516039439535,96.8375));
#11954 = CARTESIAN_POINT('',(4.712388980385,96.8375));
#11955 = ( GEOMETRIC_REPRESENTATION_CONTEXT(2) 
PARAMETRIC_REPRESENTATION_CONTEXT() REPRESENTATION_CONTEXT('2D SPACE',''
  ) );
#11956 = PCURVE('',#11591,#11957);
#11957 = DEFINITIONAL_REPRESENTATION('',(#11958),#11968);
#11958 = B_SPLINE_CURVE_WITH_KNOTS('',8,(#11959,#11960,#11961,#11962,
    #11963,#11964,#11965,#11966,#11967),.UNSPECIFIED.,.F.,.F.,(9,9),(
    4.712388980385,6.28318530718),.PIECEWISE_BEZIER_KNOTS.);
#11959 = CARTESIAN_POINT('',(3.14159265359,88.9));
#11960 = CARTESIAN_POINT('',(3.337942194439,89.835114688295));
#11961 = CARTESIAN_POINT('',(3.53429173528,90.770229598624));
#11962 = CARTESIAN_POINT('',(3.730641276156,91.650406906341));
#11963 = CARTESIAN_POINT('',(3.926990816946,92.42071979969));
#11964 = CARTESIAN_POINT('',(4.12334035785,93.032983445501));
#11965 = CARTESIAN_POINT('',(4.319689898678,93.452660554342));
#11966 = CARTESIAN_POINT('',(4.516039439535,93.6625));
#11967 = CARTESIAN_POINT('',(4.712388980385,93.6625));
#11968 = ( GEOMETRIC_REPRESENTATION_CONTEXT(2) 
PARAMETRIC_REPRESENTATION_CONTEXT() REPRESENTATION_CONTEXT('2D SPACE',''
  ) );
#11969 = ORIENTED_EDGE('',*,*,#11970,.T.);
#11970 = EDGE_CURVE('',#11935,#11877,#11971,.T.);
#11971 = SURFACE_CURVE('',#11972,(#11977,#11997),.PCURVE_S1.);
#11972 = ELLIPSE('',#11973,6.735192090802,4.7625);
#11973 = AXIS2_PLACEMENT_3D('',#11974,#11975,#11976);
#11974 = CARTESIAN_POINT('',(-25.4,88.9,0.));
#11975 = DIRECTION('',(-0.707106781187,0.707106781187,0.));
#11976 = DIRECTION('',(0.707106781187,0.707106781187,0.));
#11977 = PCURVE('',#8177,#11978);
#11978 = DEFINITIONAL_REPRESENTATION('',(#11979),#11996);
#11979 = B_SPLINE_CURVE_WITH_KNOTS('',8,(#11980,#11981,#11982,#11983,
    #11984,#11985,#11986,#11987,#11988,#11989,#11990,#11991,#11992,
    #11993,#11994,#11995),.UNSPECIFIED.,.F.,.F.,(9,7,9),(1.570796326795,
    3.14159265359,4.712388980385),.UNSPECIFIED.);
#11980 = CARTESIAN_POINT('',(3.14159265359,101.6));
#11981 = CARTESIAN_POINT('',(2.94524311274,100.6648853117));
#11982 = CARTESIAN_POINT('',(2.748893571891,99.729770401288));
#11983 = CARTESIAN_POINT('',(2.55254403104,98.849593093664));
#11984 = CARTESIAN_POINT('',(2.356194490187,98.079280199716));
#11985 = CARTESIAN_POINT('',(2.159844949341,97.467016554542));
#11986 = CARTESIAN_POINT('',(1.963495408494,97.047339445535));
#11987 = CARTESIAN_POINT('',(1.767145867644,96.8375));
#11988 = CARTESIAN_POINT('',(1.374446785946,96.8375));
#11989 = CARTESIAN_POINT('',(1.178097245096,97.047339445533));
#11990 = CARTESIAN_POINT('',(0.981747704243,97.467016554384));
#11991 = CARTESIAN_POINT('',(0.785398163399,98.079280199929));
#11992 = CARTESIAN_POINT('',(0.589048622546,98.849593093509));
#11993 = CARTESIAN_POINT('',(0.392699081699,99.729770401331));
#11994 = CARTESIAN_POINT('',(0.196349540849,100.6648853117));
#11995 = CARTESIAN_POINT('',(0.,101.6));
#11996 = ( GEOMETRIC_REPRESENTATION_CONTEXT(2) 
PARAMETRIC_REPRESENTATION_CONTEXT() REPRESENTATION_CONTEXT('2D SPACE',''
  ) );
#11997 = PCURVE('',#9430,#11998);
#11998 = DEFINITIONAL_REPRESENTATION('',(#11999),#12016);
#11999 = B_SPLINE_CURVE_WITH_KNOTS('',8,(#12000,#12001,#12002,#12003,
    #12004,#12005,#12006,#12007,#12008,#12009,#12010,#12011,#12012,
    #12013,#12014,#12015),.UNSPECIFIED.,.F.,.F.,(9,7,9),(1.570796326795,
    3.14159265359,4.712388980385),.UNSPECIFIED.);
#12000 = CARTESIAN_POINT('',(3.14159265359,88.9));
#12001 = CARTESIAN_POINT('',(3.337942194439,87.964885311705));
#12002 = CARTESIAN_POINT('',(3.534291735288,87.029770401285));
#12003 = CARTESIAN_POINT('',(3.730641276146,86.149593093531));
#12004 = CARTESIAN_POINT('',(3.926990816986,85.379280200073));
#12005 = CARTESIAN_POINT('',(4.123340357841,84.767016554372));
#12006 = CARTESIAN_POINT('',(4.319689898685,84.347339445559));
#12007 = CARTESIAN_POINT('',(4.516039439535,84.1375));
#12008 = CARTESIAN_POINT('',(4.908738521234,84.1375));
#12009 = CARTESIAN_POINT('',(5.105088062084,84.347339445616));
#12010 = CARTESIAN_POINT('',(5.301437602935,84.767016554167));
#12011 = CARTESIAN_POINT('',(5.497787143781,85.379280200145));
#12012 = CARTESIAN_POINT('',(5.694136684633,86.149593093383));
#12013 = CARTESIAN_POINT('',(5.890486225481,87.029770401356));
#12014 = CARTESIAN_POINT('',(6.08683576633,87.964885311705));
#12015 = CARTESIAN_POINT('',(6.28318530718,88.9));
#12016 = ( GEOMETRIC_REPRESENTATION_CONTEXT(2) 
PARAMETRIC_REPRESENTATION_CONTEXT() REPRESENTATION_CONTEXT('2D SPACE',''
  ) );
#12017 = ORIENTED_EDGE('',*,*,#11876,.F.);
#12018 = ORIENTED_EDGE('',*,*,#8149,.T.);
#12019 = ORIENTED_EDGE('',*,*,#8384,.F.);
#12020 = ADVANCED_FACE('',(#12021),#8436,.F.);
#12021 = FACE_BOUND('',#12022,.F.);
#12022 = EDGE_LOOP('',(#12023,#12024,#12025));
#12023 = ORIENTED_EDGE('',*,*,#9850,.F.);
#12024 = ORIENTED_EDGE('',*,*,#8421,.T.);
#12025 = ORIENTED_EDGE('',*,*,#8976,.T.);
#12026 = ADVANCED_FACE('',(#12027),#8554,.T.);
#12027 = FACE_BOUND('',#12028,.T.);
#12028 = EDGE_LOOP('',(#12029,#12030,#12031));
#12029 = ORIENTED_EDGE('',*,*,#10844,.F.);
#12030 = ORIENTED_EDGE('',*,*,#8539,.T.);
#12031 = ORIENTED_EDGE('',*,*,#11516,.T.);
#12032 = ADVANCED_FACE('',(#12033),#8595,.T.);
#12033 = FACE_BOUND('',#12034,.T.);
#12034 = EDGE_LOOP('',(#12035,#12076,#12096,#12097,#12098,#12099,#12100,
    #12101));
#12035 = ORIENTED_EDGE('',*,*,#12036,.F.);
#12036 = EDGE_CURVE('',#10276,#12037,#12039,.T.);
#12037 = VERTEX_POINT('',#12038);
#12038 = CARTESIAN_POINT('',(80.9625,49.2125,101.6));
#12039 = SURFACE_CURVE('',#12040,(#12045,#12058),.PCURVE_S1.);
#12040 = ELLIPSE('',#12041,6.735192090802,4.7625);
#12041 = AXIS2_PLACEMENT_3D('',#12042,#12043,#12044);
#12042 = CARTESIAN_POINT('',(76.2,44.45,101.6));
#12043 = DIRECTION('',(-0.707106781187,0.707106781187,0.));
#12044 = DIRECTION('',(0.707106781187,0.707106781187,0.));
#12045 = PCURVE('',#8595,#12046);
#12046 = DEFINITIONAL_REPRESENTATION('',(#12047),#12057);
#12047 = B_SPLINE_CURVE_WITH_KNOTS('',8,(#12048,#12049,#12050,#12051,
    #12052,#12053,#12054,#12055,#12056),.UNSPECIFIED.,.F.,.F.,(9,9),(
    4.712388980385,6.28318530718),.PIECEWISE_BEZIER_KNOTS.);
#12048 = CARTESIAN_POINT('',(6.28318530718,203.2));
#12049 = CARTESIAN_POINT('',(6.08683576633,204.13511468829));
#12050 = CARTESIAN_POINT('',(5.890486225481,205.07022959834));
#12051 = CARTESIAN_POINT('',(5.694136684631,205.95040690694));
#12052 = CARTESIAN_POINT('',(5.497787143786,206.72071979832));
#12053 = CARTESIAN_POINT('',(5.301437602932,207.33298344627));
#12054 = CARTESIAN_POINT('',(5.105088062084,207.75266055419));
#12055 = CARTESIAN_POINT('',(4.908738521234,207.9625));
#12056 = CARTESIAN_POINT('',(4.712388980385,207.9625));
#12057 = ( GEOMETRIC_REPRESENTATION_CONTEXT(2) 
PARAMETRIC_REPRESENTATION_CONTEXT() REPRESENTATION_CONTEXT('2D SPACE',''
  ) );
#12058 = PCURVE('',#12059,#12064);
#12059 = CYLINDRICAL_SURFACE('',#12060,4.7625);
#12060 = AXIS2_PLACEMENT_3D('',#12061,#12062,#12063);
#12061 = CARTESIAN_POINT('',(76.2,0.,101.6));
#12062 = DIRECTION('',(0.,1.,0.));
#12063 = DIRECTION('',(0.,-0.,1.));
#12064 = DEFINITIONAL_REPRESENTATION('',(#12065),#12075);
#12065 = B_SPLINE_CURVE_WITH_KNOTS('',8,(#12066,#12067,#12068,#12069,
    #12070,#12071,#12072,#12073,#12074),.UNSPECIFIED.,.F.,.F.,(9,9),(
    4.712388980385,6.28318530718),.PIECEWISE_BEZIER_KNOTS.);
#12066 = CARTESIAN_POINT('',(0.,44.45));
#12067 = CARTESIAN_POINT('',(0.196349540849,45.385114688295));
#12068 = CARTESIAN_POINT('',(0.392699081699,46.320229598605));
#12069 = CARTESIAN_POINT('',(0.589048622547,47.200406906477));
#12070 = CARTESIAN_POINT('',(0.785398163396,47.970719799511));
#12071 = CARTESIAN_POINT('',(0.981747704245,48.582983445654));
#12072 = CARTESIAN_POINT('',(1.178097245096,49.002660554341));
#12073 = CARTESIAN_POINT('',(1.374446785946,49.2125));
#12074 = CARTESIAN_POINT('',(1.570796326795,49.2125));
#12075 = ( GEOMETRIC_REPRESENTATION_CONTEXT(2) 
PARAMETRIC_REPRESENTATION_CONTEXT() REPRESENTATION_CONTEXT('2D SPACE',''
  ) );
#12076 = ORIENTED_EDGE('',*,*,#12077,.T.);
#12077 = EDGE_CURVE('',#10276,#8452,#12078,.T.);
#12078 = SEAM_CURVE('',#12079,(#12083,#12090),.PCURVE_S1.);
#12079 = LINE('',#12080,#12081);
#12080 = CARTESIAN_POINT('',(-127.,44.45,106.3625));
#12081 = VECTOR('',#12082,1.);
#12082 = DIRECTION('',(1.,0.,0.));
#12083 = PCURVE('',#8595,#12084);
#12084 = DEFINITIONAL_REPRESENTATION('',(#12085),#12089);
#12085 = LINE('',#12086,#12087);
#12086 = CARTESIAN_POINT('',(0.,0.));
#12087 = VECTOR('',#12088,1.);
#12088 = DIRECTION('',(0.,1.));
#12089 = ( GEOMETRIC_REPRESENTATION_CONTEXT(2) 
PARAMETRIC_REPRESENTATION_CONTEXT() REPRESENTATION_CONTEXT('2D SPACE',''
  ) );
#12090 = PCURVE('',#8595,#12091);
#12091 = DEFINITIONAL_REPRESENTATION('',(#12092),#12095);
#12092 = B_SPLINE_CURVE_WITH_KNOTS('',1,(#12093,#12094),.UNSPECIFIED.,
  .F.,.F.,(2,2),(0.,254.),.PIECEWISE_BEZIER_KNOTS.);
#12093 = CARTESIAN_POINT('',(6.28318530718,0.));
#12094 = CARTESIAN_POINT('',(6.28318530718,254.));
#12095 = ( GEOMETRIC_REPRESENTATION_CONTEXT(2) 
PARAMETRIC_REPRESENTATION_CONTEXT() REPRESENTATION_CONTEXT('2D SPACE',''
  ) );
#12096 = ORIENTED_EDGE('',*,*,#8572,.F.);
#12097 = ORIENTED_EDGE('',*,*,#8663,.F.);
#12098 = ORIENTED_EDGE('',*,*,#8613,.T.);
#12099 = ORIENTED_EDGE('',*,*,#12077,.F.);
#12100 = ORIENTED_EDGE('',*,*,#10347,.T.);
#12101 = ORIENTED_EDGE('',*,*,#12102,.F.);
#12102 = EDGE_CURVE('',#12037,#10298,#12103,.T.);
#12103 = SURFACE_CURVE('',#12104,(#12109,#12122),.PCURVE_S1.);
#12104 = ELLIPSE('',#12105,6.735192090802,4.7625);
#12105 = AXIS2_PLACEMENT_3D('',#12106,#12107,#12108);
#12106 = CARTESIAN_POINT('',(76.2,44.45,101.6));
#12107 = DIRECTION('',(-0.707106781187,0.707106781187,0.));
#12108 = DIRECTION('',(0.707106781187,0.707106781187,0.));
#12109 = PCURVE('',#8595,#12110);
#12110 = DEFINITIONAL_REPRESENTATION('',(#12111),#12121);
#12111 = B_SPLINE_CURVE_WITH_KNOTS('',8,(#12112,#12113,#12114,#12115,
    #12116,#12117,#12118,#12119,#12120),.UNSPECIFIED.,.F.,.F.,(9,9),(0.,
    1.570796326795),.PIECEWISE_BEZIER_KNOTS.);
#12112 = CARTESIAN_POINT('',(4.712388980385,207.9625));
#12113 = CARTESIAN_POINT('',(4.516039439535,207.9625));
#12114 = CARTESIAN_POINT('',(4.319689898686,207.75266055441));
#12115 = CARTESIAN_POINT('',(4.123340357829,207.33298344468));
#12116 = CARTESIAN_POINT('',(3.926990816986,206.72071980022));
#12117 = CARTESIAN_POINT('',(3.730641276128,205.95040690575));
#12118 = CARTESIAN_POINT('',(3.534291735289,205.07022959868));
#12119 = CARTESIAN_POINT('',(3.337942194439,204.13511468829));
#12120 = CARTESIAN_POINT('',(3.14159265359,203.2));
#12121 = ( GEOMETRIC_REPRESENTATION_CONTEXT(2) 
PARAMETRIC_REPRESENTATION_CONTEXT() REPRESENTATION_CONTEXT('2D SPACE',''
  ) );
#12122 = PCURVE('',#12059,#12123);
#12123 = DEFINITIONAL_REPRESENTATION('',(#12124),#12134);
#12124 = B_SPLINE_CURVE_WITH_KNOTS('',8,(#12125,#12126,#12127,#12128,
    #12129,#12130,#12131,#12132,#12133),.UNSPECIFIED.,.F.,.F.,(9,9),(0.,
    1.570796326795),.PIECEWISE_BEZIER_KNOTS.);
#12125 = CARTESIAN_POINT('',(1.570796326795,49.2125));
#12126 = CARTESIAN_POINT('',(1.767145867644,49.2125));
#12127 = CARTESIAN_POINT('',(1.963495408492,49.002660554336));
#12128 = CARTESIAN_POINT('',(2.159844949342,48.582983445679));
#12129 = CARTESIAN_POINT('',(2.356194490186,47.970719799396));
#12130 = CARTESIAN_POINT('',(2.552544031042,47.200406906502));
#12131 = CARTESIAN_POINT('',(2.748893571889,46.320229598595));
#12132 = CARTESIAN_POINT('',(2.94524311274,45.385114688295));
#12133 = CARTESIAN_POINT('',(3.14159265359,44.45));
#12134 = ( GEOMETRIC_REPRESENTATION_CONTEXT(2) 
PARAMETRIC_REPRESENTATION_CONTEXT() REPRESENTATION_CONTEXT('2D SPACE',''
  ) );
#12135 = ADVANCED_FACE('',(#12136),#8722,.T.);
#12136 = FACE_BOUND('',#12137,.T.);
#12137 = EDGE_LOOP('',(#12138,#12181,#12201,#12202,#12203,#12204,#12205,
    #12255));
#12138 = ORIENTED_EDGE('',*,*,#12139,.F.);
#12139 = EDGE_CURVE('',#12140,#12142,#12144,.T.);
#12140 = VERTEX_POINT('',#12141);
#12141 = CARTESIAN_POINT('',(76.2,88.9,106.3625));
#12142 = VERTEX_POINT('',#12143);
#12143 = CARTESIAN_POINT('',(80.9625,93.6625,101.6));
#12144 = SURFACE_CURVE('',#12145,(#12150,#12163),.PCURVE_S1.);
#12145 = ELLIPSE('',#12146,6.735192090802,4.7625);
#12146 = AXIS2_PLACEMENT_3D('',#12147,#12148,#12149);
#12147 = CARTESIAN_POINT('',(76.2,88.9,101.6));
#12148 = DIRECTION('',(-0.707106781187,0.707106781187,0.));
#12149 = DIRECTION('',(0.707106781187,0.707106781187,0.));
#12150 = PCURVE('',#8722,#12151);
#12151 = DEFINITIONAL_REPRESENTATION('',(#12152),#12162);
#12152 = B_SPLINE_CURVE_WITH_KNOTS('',8,(#12153,#12154,#12155,#12156,
    #12157,#12158,#12159,#12160,#12161),.UNSPECIFIED.,.F.,.F.,(9,9),(
    4.712388980385,6.28318530718),.PIECEWISE_BEZIER_KNOTS.);
#12153 = CARTESIAN_POINT('',(6.28318530718,203.2));
#12154 = CARTESIAN_POINT('',(6.08683576633,204.13511468829));
#12155 = CARTESIAN_POINT('',(5.890486225482,205.07022959834));
#12156 = CARTESIAN_POINT('',(5.69413668463,205.95040690694));
#12157 = CARTESIAN_POINT('',(5.497787143786,206.72071979832));
#12158 = CARTESIAN_POINT('',(5.301437602932,207.33298344627));
#12159 = CARTESIAN_POINT('',(5.105088062084,207.75266055419));
#12160 = CARTESIAN_POINT('',(4.908738521234,207.9625));
#12161 = CARTESIAN_POINT('',(4.712388980385,207.9625));
#12162 = ( GEOMETRIC_REPRESENTATION_CONTEXT(2) 
PARAMETRIC_REPRESENTATION_CONTEXT() REPRESENTATION_CONTEXT('2D SPACE',''
  ) );
#12163 = PCURVE('',#12164,#12169);
#12164 = CYLINDRICAL_SURFACE('',#12165,4.7625);
#12165 = AXIS2_PLACEMENT_3D('',#12166,#12167,#12168);
#12166 = CARTESIAN_POINT('',(76.2,0.,101.6));
#12167 = DIRECTION('',(0.,1.,0.));
#12168 = DIRECTION('',(0.,-0.,1.));
#12169 = DEFINITIONAL_REPRESENTATION('',(#12170),#12180);
#12170 = B_SPLINE_CURVE_WITH_KNOTS('',8,(#12171,#12172,#12173,#12174,
    #12175,#12176,#12177,#12178,#12179),.UNSPECIFIED.,.F.,.F.,(9,9),(
    4.712388980385,6.28318530718),.PIECEWISE_BEZIER_KNOTS.);
#12171 = CARTESIAN_POINT('',(0.,88.9));
#12172 = CARTESIAN_POINT('',(0.196349540849,89.835114688295));
#12173 = CARTESIAN_POINT('',(0.392699081699,90.770229598624));
#12174 = CARTESIAN_POINT('',(0.589048622547,91.650406906341));
#12175 = CARTESIAN_POINT('',(0.785398163396,92.42071979969));
#12176 = CARTESIAN_POINT('',(0.981747704245,93.032983445501));
#12177 = CARTESIAN_POINT('',(1.178097245096,93.452660554342));
#12178 = CARTESIAN_POINT('',(1.374446785946,93.6625));
#12179 = CARTESIAN_POINT('',(1.570796326795,93.6625));
#12180 = ( GEOMETRIC_REPRESENTATION_CONTEXT(2) 
PARAMETRIC_REPRESENTATION_CONTEXT() REPRESENTATION_CONTEXT('2D SPACE',''
  ) );
#12181 = ORIENTED_EDGE('',*,*,#12182,.T.);
#12182 = EDGE_CURVE('',#12140,#8474,#12183,.T.);
#12183 = SEAM_CURVE('',#12184,(#12188,#12195),.PCURVE_S1.);
#12184 = LINE('',#12185,#12186);
#12185 = CARTESIAN_POINT('',(-127.,88.9,106.3625));
#12186 = VECTOR('',#12187,1.);
#12187 = DIRECTION('',(1.,0.,0.));
#12188 = PCURVE('',#8722,#12189);
#12189 = DEFINITIONAL_REPRESENTATION('',(#12190),#12194);
#12190 = LINE('',#12191,#12192);
#12191 = CARTESIAN_POINT('',(0.,0.));
#12192 = VECTOR('',#12193,1.);
#12193 = DIRECTION('',(0.,1.));
#12194 = ( GEOMETRIC_REPRESENTATION_CONTEXT(2) 
PARAMETRIC_REPRESENTATION_CONTEXT() REPRESENTATION_CONTEXT('2D SPACE',''
  ) );
#12195 = PCURVE('',#8722,#12196);
#12196 = DEFINITIONAL_REPRESENTATION('',(#12197),#12200);
#12197 = B_SPLINE_CURVE_WITH_KNOTS('',1,(#12198,#12199),.UNSPECIFIED.,
  .F.,.F.,(2,2),(0.,254.),.PIECEWISE_BEZIER_KNOTS.);
#12198 = CARTESIAN_POINT('',(6.28318530718,0.));
#12199 = CARTESIAN_POINT('',(6.28318530718,254.));
#12200 = ( GEOMETRIC_REPRESENTATION_CONTEXT(2) 
PARAMETRIC_REPRESENTATION_CONTEXT() REPRESENTATION_CONTEXT('2D SPACE',''
  ) );
#12201 = ORIENTED_EDGE('',*,*,#8699,.F.);
#12202 = ORIENTED_EDGE('',*,*,#8790,.F.);
#12203 = ORIENTED_EDGE('',*,*,#8740,.T.);
#12204 = ORIENTED_EDGE('',*,*,#12182,.F.);
#12205 = ORIENTED_EDGE('',*,*,#12206,.T.);
#12206 = EDGE_CURVE('',#12140,#12207,#12209,.T.);
#12207 = VERTEX_POINT('',#12208);
#12208 = CARTESIAN_POINT('',(76.2,88.9,96.8375));
#12209 = SURFACE_CURVE('',#12210,(#12215,#12235),.PCURVE_S1.);
#12210 = ELLIPSE('',#12211,6.735192090802,4.7625);
#12211 = AXIS2_PLACEMENT_3D('',#12212,#12213,#12214);
#12212 = CARTESIAN_POINT('',(76.2,88.9,101.6));
#12213 = DIRECTION('',(0.707106781187,0.707106781187,0.));
#12214 = DIRECTION('',(-0.707106781187,0.707106781187,0.));
#12215 = PCURVE('',#8722,#12216);
#12216 = DEFINITIONAL_REPRESENTATION('',(#12217),#12234);
#12217 = B_SPLINE_CURVE_WITH_KNOTS('',8,(#12218,#12219,#12220,#12221,
    #12222,#12223,#12224,#12225,#12226,#12227,#12228,#12229,#12230,
    #12231,#12232,#12233),.UNSPECIFIED.,.F.,.F.,(9,7,9),(1.570796326795,
    3.14159265359,4.712388980385),.UNSPECIFIED.);
#12218 = CARTESIAN_POINT('',(0.,203.2));
#12219 = CARTESIAN_POINT('',(0.196349540849,204.13511468829));
#12220 = CARTESIAN_POINT('',(0.392699081698,205.07022959834));
#12221 = CARTESIAN_POINT('',(0.589048622548,205.95040690694));
#12222 = CARTESIAN_POINT('',(0.785398163394,206.72071979832));
#12223 = CARTESIAN_POINT('',(0.981747704247,207.33298344627));
#12224 = CARTESIAN_POINT('',(1.178097245095,207.75266055419));
#12225 = CARTESIAN_POINT('',(1.374446785946,207.9625));
#12226 = CARTESIAN_POINT('',(1.767145867644,207.9625));
#12227 = CARTESIAN_POINT('',(1.96349540849,207.75266055441));
#12228 = CARTESIAN_POINT('',(2.159844949352,207.33298344468));
#12229 = CARTESIAN_POINT('',(2.356194490175,206.72071980022));
#12230 = CARTESIAN_POINT('',(2.552544031049,205.95040690575));
#12231 = CARTESIAN_POINT('',(2.748893571888,205.07022959868));
#12232 = CARTESIAN_POINT('',(2.94524311274,204.13511468829));
#12233 = CARTESIAN_POINT('',(3.14159265359,203.2));
#12234 = ( GEOMETRIC_REPRESENTATION_CONTEXT(2) 
PARAMETRIC_REPRESENTATION_CONTEXT() REPRESENTATION_CONTEXT('2D SPACE',''
  ) );
#12235 = PCURVE('',#12059,#12236);
#12236 = DEFINITIONAL_REPRESENTATION('',(#12237),#12254);
#12237 = B_SPLINE_CURVE_WITH_KNOTS('',8,(#12238,#12239,#12240,#12241,
    #12242,#12243,#12244,#12245,#12246,#12247,#12248,#12249,#12250,
    #12251,#12252,#12253),.UNSPECIFIED.,.F.,.F.,(9,7,9),(1.570796326795,
    3.14159265359,4.712388980385),.UNSPECIFIED.);
#12238 = CARTESIAN_POINT('',(0.,88.9));
#12239 = CARTESIAN_POINT('',(0.196349540849,87.964885311705));
#12240 = CARTESIAN_POINT('',(0.392699081698,87.029770401285));
#12241 = CARTESIAN_POINT('',(0.589048622548,86.149593093531));
#12242 = CARTESIAN_POINT('',(0.785398163394,85.379280200073));
#12243 = CARTESIAN_POINT('',(0.981747704247,84.767016554372));
#12244 = CARTESIAN_POINT('',(1.178097245095,84.347339445559));
#12245 = CARTESIAN_POINT('',(1.374446785946,84.1375));
#12246 = CARTESIAN_POINT('',(1.767145867644,84.1375));
#12247 = CARTESIAN_POINT('',(1.96349540849,84.347339445616));
#12248 = CARTESIAN_POINT('',(2.159844949352,84.767016554167));
#12249 = CARTESIAN_POINT('',(2.356194490175,85.379280200145));
#12250 = CARTESIAN_POINT('',(2.552544031049,86.149593093383));
#12251 = CARTESIAN_POINT('',(2.748893571888,87.029770401356));
#12252 = CARTESIAN_POINT('',(2.94524311274,87.964885311705));
#12253 = CARTESIAN_POINT('',(3.14159265359,88.9));
#12254 = ( GEOMETRIC_REPRESENTATION_CONTEXT(2) 
PARAMETRIC_REPRESENTATION_CONTEXT() REPRESENTATION_CONTEXT('2D SPACE',''
  ) );
#12255 = ORIENTED_EDGE('',*,*,#12256,.F.);
#12256 = EDGE_CURVE('',#12142,#12207,#12257,.T.);
#12257 = SURFACE_CURVE('',#12258,(#12263,#12276),.PCURVE_S1.);
#12258 = ELLIPSE('',#12259,6.735192090802,4.7625);
#12259 = AXIS2_PLACEMENT_3D('',#12260,#12261,#12262);
#12260 = CARTESIAN_POINT('',(76.2,88.9,101.6));
#12261 = DIRECTION('',(-0.707106781187,0.707106781187,0.));
#12262 = DIRECTION('',(0.707106781187,0.707106781187,0.));
#12263 = PCURVE('',#8722,#12264);
#12264 = DEFINITIONAL_REPRESENTATION('',(#12265),#12275);
#12265 = B_SPLINE_CURVE_WITH_KNOTS('',8,(#12266,#12267,#12268,#12269,
    #12270,#12271,#12272,#12273,#12274),.UNSPECIFIED.,.F.,.F.,(9,9),(0.,
    1.570796326795),.PIECEWISE_BEZIER_KNOTS.);
#12266 = CARTESIAN_POINT('',(4.712388980385,207.9625));
#12267 = CARTESIAN_POINT('',(4.516039439535,207.9625));
#12268 = CARTESIAN_POINT('',(4.319689898684,207.75266055441));
#12269 = CARTESIAN_POINT('',(4.123340357829,207.33298344468));
#12270 = CARTESIAN_POINT('',(3.926990816986,206.72071980022));
#12271 = CARTESIAN_POINT('',(3.730641276128,205.95040690575));
#12272 = CARTESIAN_POINT('',(3.534291735288,205.07022959868));
#12273 = CARTESIAN_POINT('',(3.337942194439,204.13511468829));
#12274 = CARTESIAN_POINT('',(3.14159265359,203.2));
#12275 = ( GEOMETRIC_REPRESENTATION_CONTEXT(2) 
PARAMETRIC_REPRESENTATION_CONTEXT() REPRESENTATION_CONTEXT('2D SPACE',''
  ) );
#12276 = PCURVE('',#12164,#12277);
#12277 = DEFINITIONAL_REPRESENTATION('',(#12278),#12288);
#12278 = B_SPLINE_CURVE_WITH_KNOTS('',8,(#12279,#12280,#12281,#12282,
    #12283,#12284,#12285,#12286,#12287),.UNSPECIFIED.,.F.,.F.,(9,9),(0.,
    1.570796326795),.PIECEWISE_BEZIER_KNOTS.);
#12279 = CARTESIAN_POINT('',(1.570796326795,93.6625));
#12280 = CARTESIAN_POINT('',(1.767145867644,93.6625));
#12281 = CARTESIAN_POINT('',(1.963495408492,93.452660554223));
#12282 = CARTESIAN_POINT('',(2.159844949342,93.032983445956));
#12283 = CARTESIAN_POINT('',(2.356194490186,92.420719798999));
#12284 = CARTESIAN_POINT('',(2.552544031042,91.65040690676));
#12285 = CARTESIAN_POINT('',(2.748893571889,90.770229598473));
#12286 = CARTESIAN_POINT('',(2.94524311274,89.835114688295));
#12287 = CARTESIAN_POINT('',(3.14159265359,88.9));
#12288 = ( GEOMETRIC_REPRESENTATION_CONTEXT(2) 
PARAMETRIC_REPRESENTATION_CONTEXT() REPRESENTATION_CONTEXT('2D SPACE',''
  ) );
#12289 = ADVANCED_FACE('',(#12290),#8849,.T.);
#12290 = FACE_BOUND('',#12291,.T.);
#12291 = EDGE_LOOP('',(#12292,#12293,#12313,#12314,#12315,#12316,#12317,
    #12365));
#12292 = ORIENTED_EDGE('',*,*,#11437,.F.);
#12293 = ORIENTED_EDGE('',*,*,#12294,.T.);
#12294 = EDGE_CURVE('',#11379,#8496,#12295,.T.);
#12295 = SEAM_CURVE('',#12296,(#12300,#12307),.PCURVE_S1.);
#12296 = LINE('',#12297,#12298);
#12297 = CARTESIAN_POINT('',(-127.,133.35,106.3625));
#12298 = VECTOR('',#12299,1.);
#12299 = DIRECTION('',(1.,0.,0.));
#12300 = PCURVE('',#8849,#12301);
#12301 = DEFINITIONAL_REPRESENTATION('',(#12302),#12306);
#12302 = LINE('',#12303,#12304);
#12303 = CARTESIAN_POINT('',(0.,0.));
#12304 = VECTOR('',#12305,1.);
#12305 = DIRECTION('',(0.,1.));
#12306 = ( GEOMETRIC_REPRESENTATION_CONTEXT(2) 
PARAMETRIC_REPRESENTATION_CONTEXT() REPRESENTATION_CONTEXT('2D SPACE',''
  ) );
#12307 = PCURVE('',#8849,#12308);
#12308 = DEFINITIONAL_REPRESENTATION('',(#12309),#12312);
#12309 = B_SPLINE_CURVE_WITH_KNOTS('',1,(#12310,#12311),.UNSPECIFIED.,
  .F.,.F.,(2,2),(0.,254.),.PIECEWISE_BEZIER_KNOTS.);
#12310 = CARTESIAN_POINT('',(6.28318530718,0.));
#12311 = CARTESIAN_POINT('',(6.28318530718,254.));
#12312 = ( GEOMETRIC_REPRESENTATION_CONTEXT(2) 
PARAMETRIC_REPRESENTATION_CONTEXT() REPRESENTATION_CONTEXT('2D SPACE',''
  ) );
#12313 = ORIENTED_EDGE('',*,*,#8826,.F.);
#12314 = ORIENTED_EDGE('',*,*,#8917,.F.);
#12315 = ORIENTED_EDGE('',*,*,#8867,.T.);
#12316 = ORIENTED_EDGE('',*,*,#12294,.F.);
#12317 = ORIENTED_EDGE('',*,*,#12318,.T.);
#12318 = EDGE_CURVE('',#11379,#11341,#12319,.T.);
#12319 = SURFACE_CURVE('',#12320,(#12325,#12345),.PCURVE_S1.);
#12320 = ELLIPSE('',#12321,6.735192090802,4.7625);
#12321 = AXIS2_PLACEMENT_3D('',#12322,#12323,#12324);
#12322 = CARTESIAN_POINT('',(76.2,133.35,101.6));
#12323 = DIRECTION('',(0.707106781187,0.707106781187,0.));
#12324 = DIRECTION('',(-0.707106781187,0.707106781187,0.));
#12325 = PCURVE('',#8849,#12326);
#12326 = DEFINITIONAL_REPRESENTATION('',(#12327),#12344);
#12327 = B_SPLINE_CURVE_WITH_KNOTS('',8,(#12328,#12329,#12330,#12331,
    #12332,#12333,#12334,#12335,#12336,#12337,#12338,#12339,#12340,
    #12341,#12342,#12343),.UNSPECIFIED.,.F.,.F.,(9,7,9),(1.570796326795,
    3.14159265359,4.712388980385),.UNSPECIFIED.);
#12328 = CARTESIAN_POINT('',(0.,203.2));
#12329 = CARTESIAN_POINT('',(0.196349540849,204.13511468829));
#12330 = CARTESIAN_POINT('',(0.392699081699,205.07022959834));
#12331 = CARTESIAN_POINT('',(0.589048622545,205.95040690694));
#12332 = CARTESIAN_POINT('',(0.785398163398,206.72071979832));
#12333 = CARTESIAN_POINT('',(0.981747704245,207.33298344627));
#12334 = CARTESIAN_POINT('',(1.178097245096,207.75266055419));
#12335 = CARTESIAN_POINT('',(1.374446785946,207.9625));
#12336 = CARTESIAN_POINT('',(1.767145867644,207.9625));
#12337 = CARTESIAN_POINT('',(1.963495408494,207.75266055441));
#12338 = CARTESIAN_POINT('',(2.159844949341,207.33298344468));
#12339 = CARTESIAN_POINT('',(2.356194490197,206.72071980022));
#12340 = CARTESIAN_POINT('',(2.552544031038,205.95040690575));
#12341 = CARTESIAN_POINT('',(2.748893571891,205.07022959868));
#12342 = CARTESIAN_POINT('',(2.94524311274,204.13511468829));
#12343 = CARTESIAN_POINT('',(3.14159265359,203.2));
#12344 = ( GEOMETRIC_REPRESENTATION_CONTEXT(2) 
PARAMETRIC_REPRESENTATION_CONTEXT() REPRESENTATION_CONTEXT('2D SPACE',''
  ) );
#12345 = PCURVE('',#12164,#12346);
#12346 = DEFINITIONAL_REPRESENTATION('',(#12347),#12364);
#12347 = B_SPLINE_CURVE_WITH_KNOTS('',8,(#12348,#12349,#12350,#12351,
    #12352,#12353,#12354,#12355,#12356,#12357,#12358,#12359,#12360,
    #12361,#12362,#12363),.UNSPECIFIED.,.F.,.F.,(9,7,9),(1.570796326795,
    3.14159265359,4.712388980385),.UNSPECIFIED.);
#12348 = CARTESIAN_POINT('',(0.,133.35));
#12349 = CARTESIAN_POINT('',(0.196349540849,132.4148853117));
#12350 = CARTESIAN_POINT('',(0.392699081698,131.47977040139));
#12351 = CARTESIAN_POINT('',(0.589048622548,130.59959309341));
#12352 = CARTESIAN_POINT('',(0.785398163394,129.82928020024));
#12353 = CARTESIAN_POINT('',(0.981747704247,129.21701655417));
#12354 = CARTESIAN_POINT('',(1.178097245095,128.79733944563));
#12355 = CARTESIAN_POINT('',(1.374446785946,128.5875));
#12356 = CARTESIAN_POINT('',(1.767145867644,128.5875));
#12357 = CARTESIAN_POINT('',(1.96349540849,128.79733944589));
#12358 = CARTESIAN_POINT('',(2.159844949352,129.21701655342));
#12359 = CARTESIAN_POINT('',(2.356194490175,129.82928020166));
#12360 = CARTESIAN_POINT('',(2.552544031049,130.59959309249));
#12361 = CARTESIAN_POINT('',(2.748893571888,131.47977040164));
#12362 = CARTESIAN_POINT('',(2.94524311274,132.4148853117));
#12363 = CARTESIAN_POINT('',(3.14159265359,133.35));
#12364 = ( GEOMETRIC_REPRESENTATION_CONTEXT(2) 
PARAMETRIC_REPRESENTATION_CONTEXT() REPRESENTATION_CONTEXT('2D SPACE',''
  ) );
#12365 = ORIENTED_EDGE('',*,*,#11473,.F.);
#12366 = ADVANCED_FACE('',(#12367),#9075,.T.);
#12367 = FACE_BOUND('',#12368,.T.);
#12368 = EDGE_LOOP('',(#12369,#12370,#12371,#12391,#12444,#12445,#12446,
    #12447));
#12369 = ORIENTED_EDGE('',*,*,#9752,.T.);
#12370 = ORIENTED_EDGE('',*,*,#9716,.T.);
#12371 = ORIENTED_EDGE('',*,*,#12372,.T.);
#12372 = EDGE_CURVE('',#4887,#9156,#12373,.T.);
#12373 = SEAM_CURVE('',#12374,(#12378,#12385),.PCURVE_S1.);
#12374 = LINE('',#12375,#12376);
#12375 = CARTESIAN_POINT('',(76.2,0.,4.7625));
#12376 = VECTOR('',#12377,1.);
#12377 = DIRECTION('',(0.,1.,0.));
#12378 = PCURVE('',#9075,#12379);
#12379 = DEFINITIONAL_REPRESENTATION('',(#12380),#12384);
#12380 = LINE('',#12381,#12382);
#12381 = CARTESIAN_POINT('',(0.,0.));
#12382 = VECTOR('',#12383,1.);
#12383 = DIRECTION('',(0.,1.));
#12384 = ( GEOMETRIC_REPRESENTATION_CONTEXT(2) 
PARAMETRIC_REPRESENTATION_CONTEXT() REPRESENTATION_CONTEXT('2D SPACE',''
  ) );
#12385 = PCURVE('',#9075,#12386);
#12386 = DEFINITIONAL_REPRESENTATION('',(#12387),#12390);
#12387 = B_SPLINE_CURVE_WITH_KNOTS('',1,(#12388,#12389),.UNSPECIFIED.,
  .F.,.F.,(2,2),(0.,177.8),.PIECEWISE_BEZIER_KNOTS.);
#12388 = CARTESIAN_POINT('',(6.28318530718,0.));
#12389 = CARTESIAN_POINT('',(6.28318530718,177.8));
#12390 = ( GEOMETRIC_REPRESENTATION_CONTEXT(2) 
PARAMETRIC_REPRESENTATION_CONTEXT() REPRESENTATION_CONTEXT('2D SPACE',''
  ) );
#12391 = ORIENTED_EDGE('',*,*,#12392,.F.);
#12392 = EDGE_CURVE('',#9223,#9156,#12393,.T.);
#12393 = SURFACE_CURVE('',#12394,(#12399,#12419),.PCURVE_S1.);
#12394 = ELLIPSE('',#12395,6.735192090802,4.7625);
#12395 = AXIS2_PLACEMENT_3D('',#12396,#12397,#12398);
#12396 = CARTESIAN_POINT('',(76.2,88.9,0.));
#12397 = DIRECTION('',(-0.707106781187,0.707106781187,0.));
#12398 = DIRECTION('',(0.707106781187,0.707106781187,0.));
#12399 = PCURVE('',#9075,#12400);
#12400 = DEFINITIONAL_REPRESENTATION('',(#12401),#12418);
#12401 = B_SPLINE_CURVE_WITH_KNOTS('',8,(#12402,#12403,#12404,#12405,
    #12406,#12407,#12408,#12409,#12410,#12411,#12412,#12413,#12414,
    #12415,#12416,#12417),.UNSPECIFIED.,.F.,.F.,(9,7,9),(1.570796326795,
    3.14159265359,4.712388980385),.UNSPECIFIED.);
#12402 = CARTESIAN_POINT('',(3.14159265359,88.9));
#12403 = CARTESIAN_POINT('',(3.337942194439,87.964885311705));
#12404 = CARTESIAN_POINT('',(3.53429173529,87.029770401285));
#12405 = CARTESIAN_POINT('',(3.730641276134,86.149593093531));
#12406 = CARTESIAN_POINT('',(3.926990817002,85.379280200073));
#12407 = CARTESIAN_POINT('',(4.123340357833,84.767016554372));
#12408 = CARTESIAN_POINT('',(4.319689898688,84.347339445559));
#12409 = CARTESIAN_POINT('',(4.516039439535,84.1375));
#12410 = CARTESIAN_POINT('',(4.908738521234,84.1375));
#12411 = CARTESIAN_POINT('',(5.105088062084,84.347339445616));
#12412 = CARTESIAN_POINT('',(5.301437602932,84.767016554167));
#12413 = CARTESIAN_POINT('',(5.497787143784,85.379280200145));
#12414 = CARTESIAN_POINT('',(5.69413668463,86.149593093383));
#12415 = CARTESIAN_POINT('',(5.890486225481,87.029770401356));
#12416 = CARTESIAN_POINT('',(6.08683576633,87.964885311705));
#12417 = CARTESIAN_POINT('',(6.28318530718,88.9));
#12418 = ( GEOMETRIC_REPRESENTATION_CONTEXT(2) 
PARAMETRIC_REPRESENTATION_CONTEXT() REPRESENTATION_CONTEXT('2D SPACE',''
  ) );
#12419 = PCURVE('',#12420,#12425);
#12420 = CYLINDRICAL_SURFACE('',#12421,4.7625);
#12421 = AXIS2_PLACEMENT_3D('',#12422,#12423,#12424);
#12422 = CARTESIAN_POINT('',(-127.,88.9,0.));
#12423 = DIRECTION('',(1.,0.,0.));
#12424 = DIRECTION('',(0.,0.,1.));
#12425 = DEFINITIONAL_REPRESENTATION('',(#12426),#12443);
#12426 = B_SPLINE_CURVE_WITH_KNOTS('',8,(#12427,#12428,#12429,#12430,
    #12431,#12432,#12433,#12434,#12435,#12436,#12437,#12438,#12439,
    #12440,#12441,#12442),.UNSPECIFIED.,.F.,.F.,(9,7,9),(1.570796326795,
    3.14159265359,4.712388980385),.UNSPECIFIED.);
#12427 = CARTESIAN_POINT('',(3.14159265359,203.2));
#12428 = CARTESIAN_POINT('',(2.94524311274,202.2648853117));
#12429 = CARTESIAN_POINT('',(2.748893571891,201.32977040145));
#12430 = CARTESIAN_POINT('',(2.55254403104,200.44959309237));
#12431 = CARTESIAN_POINT('',(2.356194490187,199.6792802011));
#12432 = CARTESIAN_POINT('',(2.159844949341,199.06701655329));
#12433 = CARTESIAN_POINT('',(1.963495408494,198.64733944577));
#12434 = CARTESIAN_POINT('',(1.767145867644,198.4375));
#12435 = CARTESIAN_POINT('',(1.374446785946,198.4375));
#12436 = CARTESIAN_POINT('',(1.178097245096,198.64733944554));
#12437 = CARTESIAN_POINT('',(0.981747704243,199.06701655399));
#12438 = CARTESIAN_POINT('',(0.785398163399,199.67928019982));
#12439 = CARTESIAN_POINT('',(0.589048622546,200.44959309326));
#12440 = CARTESIAN_POINT('',(0.392699081699,201.32977040133));
#12441 = CARTESIAN_POINT('',(0.196349540849,202.2648853117));
#12442 = CARTESIAN_POINT('',(0.,203.2));
#12443 = ( GEOMETRIC_REPRESENTATION_CONTEXT(2) 
PARAMETRIC_REPRESENTATION_CONTEXT() REPRESENTATION_CONTEXT('2D SPACE',''
  ) );
#12444 = ORIENTED_EDGE('',*,*,#9222,.F.);
#12445 = ORIENTED_EDGE('',*,*,#12372,.F.);
#12446 = ORIENTED_EDGE('',*,*,#9052,.T.);
#12447 = ORIENTED_EDGE('',*,*,#9118,.T.);
#12448 = ADVANCED_FACE('',(#12449),#9180,.T.);
#12449 = FACE_BOUND('',#12450,.T.);
#12450 = EDGE_LOOP('',(#12451,#12487,#12521,#12541,#12542,#12543,#12544,
    #12545));
#12451 = ORIENTED_EDGE('',*,*,#12452,.T.);
#12452 = EDGE_CURVE('',#9223,#12453,#12455,.T.);
#12453 = VERTEX_POINT('',#12454);
#12454 = CARTESIAN_POINT('',(71.4375,93.6625,-5.832380380939E-16));
#12455 = SURFACE_CURVE('',#12456,(#12461,#12474),.PCURVE_S1.);
#12456 = ELLIPSE('',#12457,6.735192090802,4.7625);
#12457 = AXIS2_PLACEMENT_3D('',#12458,#12459,#12460);
#12458 = CARTESIAN_POINT('',(76.2,88.9,0.));
#12459 = DIRECTION('',(0.707106781187,0.707106781187,0.));
#12460 = DIRECTION('',(-0.707106781187,0.707106781187,0.));
#12461 = PCURVE('',#9180,#12462);
#12462 = DEFINITIONAL_REPRESENTATION('',(#12463),#12473);
#12463 = B_SPLINE_CURVE_WITH_KNOTS('',8,(#12464,#12465,#12466,#12467,
    #12468,#12469,#12470,#12471,#12472),.UNSPECIFIED.,.F.,.F.,(9,9),(
    4.712388980385,6.28318530718),.PIECEWISE_BEZIER_KNOTS.);
#12464 = CARTESIAN_POINT('',(3.14159265359,88.9));
#12465 = CARTESIAN_POINT('',(3.337942194439,89.835114688295));
#12466 = CARTESIAN_POINT('',(3.534291735284,90.770229598624));
#12467 = CARTESIAN_POINT('',(3.730641276131,91.650406906341));
#12468 = CARTESIAN_POINT('',(3.926990816972,92.42071979969));
#12469 = CARTESIAN_POINT('',(4.123340357833,93.032983445501));
#12470 = CARTESIAN_POINT('',(4.319689898683,93.452660554342));
#12471 = CARTESIAN_POINT('',(4.516039439535,93.6625));
#12472 = CARTESIAN_POINT('',(4.712388980385,93.6625));
#12473 = ( GEOMETRIC_REPRESENTATION_CONTEXT(2) 
PARAMETRIC_REPRESENTATION_CONTEXT() REPRESENTATION_CONTEXT('2D SPACE',''
  ) );
#12474 = PCURVE('',#12420,#12475);
#12475 = DEFINITIONAL_REPRESENTATION('',(#12476),#12486);
#12476 = B_SPLINE_CURVE_WITH_KNOTS('',8,(#12477,#12478,#12479,#12480,
    #12481,#12482,#12483,#12484,#12485),.UNSPECIFIED.,.F.,.F.,(9,9),(
    4.712388980385,6.28318530718),.PIECEWISE_BEZIER_KNOTS.);
#12477 = CARTESIAN_POINT('',(3.14159265359,203.2));
#12478 = CARTESIAN_POINT('',(3.337942194439,202.2648853117));
#12479 = CARTESIAN_POINT('',(3.534291735284,201.32977040145));
#12480 = CARTESIAN_POINT('',(3.730641276131,200.44959309237));
#12481 = CARTESIAN_POINT('',(3.926990816972,199.6792802011));
#12482 = CARTESIAN_POINT('',(4.123340357833,199.06701655329));
#12483 = CARTESIAN_POINT('',(4.319689898683,198.64733944577));
#12484 = CARTESIAN_POINT('',(4.516039439535,198.4375));
#12485 = CARTESIAN_POINT('',(4.712388980385,198.4375));
#12486 = ( GEOMETRIC_REPRESENTATION_CONTEXT(2) 
PARAMETRIC_REPRESENTATION_CONTEXT() REPRESENTATION_CONTEXT('2D SPACE',''
  ) );
#12487 = ORIENTED_EDGE('',*,*,#12488,.T.);
#12488 = EDGE_CURVE('',#12453,#9156,#12489,.T.);
#12489 = SURFACE_CURVE('',#12490,(#12495,#12508),.PCURVE_S1.);
#12490 = ELLIPSE('',#12491,6.735192090802,4.7625);
#12491 = AXIS2_PLACEMENT_3D('',#12492,#12493,#12494);
#12492 = CARTESIAN_POINT('',(76.2,88.9,0.));
#12493 = DIRECTION('',(0.707106781187,0.707106781187,0.));
#12494 = DIRECTION('',(-0.707106781187,0.707106781187,0.));
#12495 = PCURVE('',#9180,#12496);
#12496 = DEFINITIONAL_REPRESENTATION('',(#12497),#12507);
#12497 = B_SPLINE_CURVE_WITH_KNOTS('',8,(#12498,#12499,#12500,#12501,
    #12502,#12503,#12504,#12505,#12506),.UNSPECIFIED.,.F.,.F.,(9,9),(0.,
    1.570796326795),.PIECEWISE_BEZIER_KNOTS.);
#12498 = CARTESIAN_POINT('',(4.712388980385,93.6625));
#12499 = CARTESIAN_POINT('',(4.908738521234,93.6625));
#12500 = CARTESIAN_POINT('',(5.105088062083,93.452660554223));
#12501 = CARTESIAN_POINT('',(5.301437602935,93.032983445956));
#12502 = CARTESIAN_POINT('',(5.497787143781,92.420719798999));
#12503 = CARTESIAN_POINT('',(5.694136684634,91.65040690676));
#12504 = CARTESIAN_POINT('',(5.890486225481,90.770229598473));
#12505 = CARTESIAN_POINT('',(6.08683576633,89.835114688295));
#12506 = CARTESIAN_POINT('',(6.28318530718,88.9));
#12507 = ( GEOMETRIC_REPRESENTATION_CONTEXT(2) 
PARAMETRIC_REPRESENTATION_CONTEXT() REPRESENTATION_CONTEXT('2D SPACE',''
  ) );
#12508 = PCURVE('',#12420,#12509);
#12509 = DEFINITIONAL_REPRESENTATION('',(#12510),#12520);
#12510 = B_SPLINE_CURVE_WITH_KNOTS('',8,(#12511,#12512,#12513,#12514,
    #12515,#12516,#12517,#12518,#12519),.UNSPECIFIED.,.F.,.F.,(9,9),(0.,
    1.570796326795),.PIECEWISE_BEZIER_KNOTS.);
#12511 = CARTESIAN_POINT('',(4.712388980385,198.4375));
#12512 = CARTESIAN_POINT('',(4.908738521234,198.4375));
#12513 = CARTESIAN_POINT('',(5.105088062083,198.64733944554));
#12514 = CARTESIAN_POINT('',(5.301437602935,199.06701655399));
#12515 = CARTESIAN_POINT('',(5.497787143781,199.67928019982));
#12516 = CARTESIAN_POINT('',(5.694136684634,200.44959309326));
#12517 = CARTESIAN_POINT('',(5.890486225481,201.32977040133));
#12518 = CARTESIAN_POINT('',(6.08683576633,202.2648853117));
#12519 = CARTESIAN_POINT('',(6.28318530718,203.2));
#12520 = ( GEOMETRIC_REPRESENTATION_CONTEXT(2) 
PARAMETRIC_REPRESENTATION_CONTEXT() REPRESENTATION_CONTEXT('2D SPACE',''
  ) );
#12521 = ORIENTED_EDGE('',*,*,#12522,.T.);
#12522 = EDGE_CURVE('',#9156,#7995,#12523,.T.);
#12523 = SEAM_CURVE('',#12524,(#12528,#12535),.PCURVE_S1.);
#12524 = LINE('',#12525,#12526);
#12525 = CARTESIAN_POINT('',(76.2,0.,4.7625));
#12526 = VECTOR('',#12527,1.);
#12527 = DIRECTION('',(0.,1.,0.));
#12528 = PCURVE('',#9180,#12529);
#12529 = DEFINITIONAL_REPRESENTATION('',(#12530),#12534);
#12530 = LINE('',#12531,#12532);
#12531 = CARTESIAN_POINT('',(0.,0.));
#12532 = VECTOR('',#12533,1.);
#12533 = DIRECTION('',(0.,1.));
#12534 = ( GEOMETRIC_REPRESENTATION_CONTEXT(2) 
PARAMETRIC_REPRESENTATION_CONTEXT() REPRESENTATION_CONTEXT('2D SPACE',''
  ) );
#12535 = PCURVE('',#9180,#12536);
#12536 = DEFINITIONAL_REPRESENTATION('',(#12537),#12540);
#12537 = B_SPLINE_CURVE_WITH_KNOTS('',1,(#12538,#12539),.UNSPECIFIED.,
  .F.,.F.,(2,2),(0.,177.8),.PIECEWISE_BEZIER_KNOTS.);
#12538 = CARTESIAN_POINT('',(6.28318530718,0.));
#12539 = CARTESIAN_POINT('',(6.28318530718,177.8));
#12540 = ( GEOMETRIC_REPRESENTATION_CONTEXT(2) 
PARAMETRIC_REPRESENTATION_CONTEXT() REPRESENTATION_CONTEXT('2D SPACE',''
  ) );
#12541 = ORIENTED_EDGE('',*,*,#11774,.F.);
#12542 = ORIENTED_EDGE('',*,*,#9334,.F.);
#12543 = ORIENTED_EDGE('',*,*,#12522,.F.);
#12544 = ORIENTED_EDGE('',*,*,#9155,.T.);
#12545 = ORIENTED_EDGE('',*,*,#9272,.T.);
#12546 = ADVANCED_FACE('',(#12547),#9430,.T.);
#12547 = FACE_BOUND('',#12548,.T.);
#12548 = EDGE_LOOP('',(#12549,#12550,#12551,#12571,#12572,#12625,#12626,
    #12627));
#12549 = ORIENTED_EDGE('',*,*,#9448,.T.);
#12550 = ORIENTED_EDGE('',*,*,#9407,.T.);
#12551 = ORIENTED_EDGE('',*,*,#12552,.T.);
#12552 = EDGE_CURVE('',#4621,#11877,#12553,.T.);
#12553 = SEAM_CURVE('',#12554,(#12558,#12565),.PCURVE_S1.);
#12554 = LINE('',#12555,#12556);
#12555 = CARTESIAN_POINT('',(-25.4,0.,4.7625));
#12556 = VECTOR('',#12557,1.);
#12557 = DIRECTION('',(0.,1.,0.));
#12558 = PCURVE('',#9430,#12559);
#12559 = DEFINITIONAL_REPRESENTATION('',(#12560),#12564);
#12560 = LINE('',#12561,#12562);
#12561 = CARTESIAN_POINT('',(0.,0.));
#12562 = VECTOR('',#12563,1.);
#12563 = DIRECTION('',(0.,1.));
#12564 = ( GEOMETRIC_REPRESENTATION_CONTEXT(2) 
PARAMETRIC_REPRESENTATION_CONTEXT() REPRESENTATION_CONTEXT('2D SPACE',''
  ) );
#12565 = PCURVE('',#9430,#12566);
#12566 = DEFINITIONAL_REPRESENTATION('',(#12567),#12570);
#12567 = B_SPLINE_CURVE_WITH_KNOTS('',1,(#12568,#12569),.UNSPECIFIED.,
  .F.,.F.,(2,2),(0.,177.8),.PIECEWISE_BEZIER_KNOTS.);
#12568 = CARTESIAN_POINT('',(6.28318530718,0.));
#12569 = CARTESIAN_POINT('',(6.28318530718,177.8));
#12570 = ( GEOMETRIC_REPRESENTATION_CONTEXT(2) 
PARAMETRIC_REPRESENTATION_CONTEXT() REPRESENTATION_CONTEXT('2D SPACE',''
  ) );
#12571 = ORIENTED_EDGE('',*,*,#11970,.F.);
#12572 = ORIENTED_EDGE('',*,*,#12573,.F.);
#12573 = EDGE_CURVE('',#11877,#11935,#12574,.T.);
#12574 = SURFACE_CURVE('',#12575,(#12580,#12600),.PCURVE_S1.);
#12575 = ELLIPSE('',#12576,6.735192090802,4.7625);
#12576 = AXIS2_PLACEMENT_3D('',#12577,#12578,#12579);
#12577 = CARTESIAN_POINT('',(-25.4,88.9,0.));
#12578 = DIRECTION('',(0.707106781187,0.707106781187,0.));
#12579 = DIRECTION('',(-0.707106781187,0.707106781187,0.));
#12580 = PCURVE('',#9430,#12581);
#12581 = DEFINITIONAL_REPRESENTATION('',(#12582),#12599);
#12582 = B_SPLINE_CURVE_WITH_KNOTS('',8,(#12583,#12584,#12585,#12586,
    #12587,#12588,#12589,#12590,#12591,#12592,#12593,#12594,#12595,
    #12596,#12597,#12598),.UNSPECIFIED.,.F.,.F.,(9,7,9),(1.570796326795,
    3.14159265359,4.712388980385),.UNSPECIFIED.);
#12583 = CARTESIAN_POINT('',(0.,88.9));
#12584 = CARTESIAN_POINT('',(0.196349540849,87.964885311705));
#12585 = CARTESIAN_POINT('',(0.392699081699,87.029770401285));
#12586 = CARTESIAN_POINT('',(0.589048622545,86.149593093531));
#12587 = CARTESIAN_POINT('',(0.785398163398,85.379280200073));
#12588 = CARTESIAN_POINT('',(0.981747704244,84.767016554372));
#12589 = CARTESIAN_POINT('',(1.178097245096,84.347339445559));
#12590 = CARTESIAN_POINT('',(1.374446785946,84.1375));
#12591 = CARTESIAN_POINT('',(1.767145867644,84.1375));
#12592 = CARTESIAN_POINT('',(1.96349540849,84.347339445616));
#12593 = CARTESIAN_POINT('',(2.159844949352,84.767016554167));
#12594 = CARTESIAN_POINT('',(2.356194490178,85.379280200145));
#12595 = CARTESIAN_POINT('',(2.552544031053,86.149593093383));
#12596 = CARTESIAN_POINT('',(2.748893571888,87.029770401356));
#12597 = CARTESIAN_POINT('',(2.94524311274,87.964885311705));
#12598 = CARTESIAN_POINT('',(3.14159265359,88.9));
#12599 = ( GEOMETRIC_REPRESENTATION_CONTEXT(2) 
PARAMETRIC_REPRESENTATION_CONTEXT() REPRESENTATION_CONTEXT('2D SPACE',''
  ) );
#12600 = PCURVE('',#12601,#12606);
#12601 = CYLINDRICAL_SURFACE('',#12602,4.7625);
#12602 = AXIS2_PLACEMENT_3D('',#12603,#12604,#12605);
#12603 = CARTESIAN_POINT('',(-127.,88.9,0.));
#12604 = DIRECTION('',(1.,0.,0.));
#12605 = DIRECTION('',(0.,0.,1.));
#12606 = DEFINITIONAL_REPRESENTATION('',(#12607),#12624);
#12607 = B_SPLINE_CURVE_WITH_KNOTS('',8,(#12608,#12609,#12610,#12611,
    #12612,#12613,#12614,#12615,#12616,#12617,#12618,#12619,#12620,
    #12621,#12622,#12623),.UNSPECIFIED.,.F.,.F.,(9,7,9),(1.570796326795,
    3.14159265359,4.712388980385),.UNSPECIFIED.);
#12608 = CARTESIAN_POINT('',(0.,101.6));
#12609 = CARTESIAN_POINT('',(0.196349540849,102.53511468829));
#12610 = CARTESIAN_POINT('',(0.392699081699,103.47022959874));
#12611 = CARTESIAN_POINT('',(0.589048622547,104.35040690568));
#12612 = CARTESIAN_POINT('',(0.785398163397,105.12071980032));
#12613 = CARTESIAN_POINT('',(0.981747704245,105.73298344503));
#12614 = CARTESIAN_POINT('',(1.178097245096,106.1526605545));
#12615 = CARTESIAN_POINT('',(1.374446785946,106.3625));
#12616 = CARTESIAN_POINT('',(1.767145867644,106.3625));
#12617 = CARTESIAN_POINT('',(1.96349540849,106.15266055427));
#12618 = CARTESIAN_POINT('',(2.15984494935,105.73298344576));
#12619 = CARTESIAN_POINT('',(2.356194490173,105.12071979939));
#12620 = CARTESIAN_POINT('',(2.55254403105,104.3504069064));
#12621 = CARTESIAN_POINT('',(2.748893571887,103.4702295985));
#12622 = CARTESIAN_POINT('',(2.94524311274,102.53511468829));
#12623 = CARTESIAN_POINT('',(3.14159265359,101.6));
#12624 = ( GEOMETRIC_REPRESENTATION_CONTEXT(2) 
PARAMETRIC_REPRESENTATION_CONTEXT() REPRESENTATION_CONTEXT('2D SPACE',''
  ) );
#12625 = ORIENTED_EDGE('',*,*,#12552,.F.);
#12626 = ORIENTED_EDGE('',*,*,#9489,.T.);
#12627 = ORIENTED_EDGE('',*,*,#9623,.T.);
#12628 = ADVANCED_FACE('',(#12629),#9568,.T.);
#12629 = FACE_BOUND('',#12630,.T.);
#12630 = EDGE_LOOP('',(#12631,#12632,#12633,#12655,#12705,#12753,#12754,
    #12755));
#12631 = ORIENTED_EDGE('',*,*,#9586,.T.);
#12632 = ORIENTED_EDGE('',*,*,#9545,.T.);
#12633 = ORIENTED_EDGE('',*,*,#12634,.T.);
#12634 = EDGE_CURVE('',#4754,#12635,#12637,.T.);
#12635 = VERTEX_POINT('',#12636);
#12636 = CARTESIAN_POINT('',(25.4,88.9,4.7625));
#12637 = SEAM_CURVE('',#12638,(#12642,#12649),.PCURVE_S1.);
#12638 = LINE('',#12639,#12640);
#12639 = CARTESIAN_POINT('',(25.4,0.,4.7625));
#12640 = VECTOR('',#12641,1.);
#12641 = DIRECTION('',(0.,1.,0.));
#12642 = PCURVE('',#9568,#12643);
#12643 = DEFINITIONAL_REPRESENTATION('',(#12644),#12648);
#12644 = LINE('',#12645,#12646);
#12645 = CARTESIAN_POINT('',(0.,0.));
#12646 = VECTOR('',#12647,1.);
#12647 = DIRECTION('',(0.,1.));
#12648 = ( GEOMETRIC_REPRESENTATION_CONTEXT(2) 
PARAMETRIC_REPRESENTATION_CONTEXT() REPRESENTATION_CONTEXT('2D SPACE',''
  ) );
#12649 = PCURVE('',#9568,#12650);
#12650 = DEFINITIONAL_REPRESENTATION('',(#12651),#12654);
#12651 = B_SPLINE_CURVE_WITH_KNOTS('',1,(#12652,#12653),.UNSPECIFIED.,
  .F.,.F.,(2,2),(0.,177.8),.PIECEWISE_BEZIER_KNOTS.);
#12652 = CARTESIAN_POINT('',(6.28318530718,0.));
#12653 = CARTESIAN_POINT('',(6.28318530718,177.8));
#12654 = ( GEOMETRIC_REPRESENTATION_CONTEXT(2) 
PARAMETRIC_REPRESENTATION_CONTEXT() REPRESENTATION_CONTEXT('2D SPACE',''
  ) );
#12655 = ORIENTED_EDGE('',*,*,#12656,.F.);
#12656 = EDGE_CURVE('',#12657,#12635,#12659,.T.);
#12657 = VERTEX_POINT('',#12658);
#12658 = CARTESIAN_POINT('',(25.4,88.9,-4.7625));
#12659 = SURFACE_CURVE('',#12660,(#12665,#12685),.PCURVE_S1.);
#12660 = ELLIPSE('',#12661,6.735192090802,4.7625);
#12661 = AXIS2_PLACEMENT_3D('',#12662,#12663,#12664);
#12662 = CARTESIAN_POINT('',(25.4,88.9,0.));
#12663 = DIRECTION('',(-0.707106781187,0.707106781187,0.));
#12664 = DIRECTION('',(0.707106781187,0.707106781187,0.));
#12665 = PCURVE('',#9568,#12666);
#12666 = DEFINITIONAL_REPRESENTATION('',(#12667),#12684);
#12667 = B_SPLINE_CURVE_WITH_KNOTS('',8,(#12668,#12669,#12670,#12671,
    #12672,#12673,#12674,#12675,#12676,#12677,#12678,#12679,#12680,
    #12681,#12682,#12683),.UNSPECIFIED.,.F.,.F.,(9,7,9),(1.570796326795,
    3.14159265359,4.712388980385),.UNSPECIFIED.);
#12668 = CARTESIAN_POINT('',(3.14159265359,88.9));
#12669 = CARTESIAN_POINT('',(3.337942194439,87.964885311705));
#12670 = CARTESIAN_POINT('',(3.534291735288,87.029770401285));
#12671 = CARTESIAN_POINT('',(3.730641276146,86.149593093531));
#12672 = CARTESIAN_POINT('',(3.926990816986,85.379280200073));
#12673 = CARTESIAN_POINT('',(4.123340357841,84.767016554372));
#12674 = CARTESIAN_POINT('',(4.319689898685,84.347339445559));
#12675 = CARTESIAN_POINT('',(4.516039439535,84.1375));
#12676 = CARTESIAN_POINT('',(4.908738521234,84.1375));
#12677 = CARTESIAN_POINT('',(5.105088062084,84.347339445616));
#12678 = CARTESIAN_POINT('',(5.301437602935,84.767016554167));
#12679 = CARTESIAN_POINT('',(5.497787143781,85.379280200145));
#12680 = CARTESIAN_POINT('',(5.694136684633,86.149593093383));
#12681 = CARTESIAN_POINT('',(5.890486225481,87.029770401356));
#12682 = CARTESIAN_POINT('',(6.08683576633,87.964885311705));
#12683 = CARTESIAN_POINT('',(6.28318530718,88.9));
#12684 = ( GEOMETRIC_REPRESENTATION_CONTEXT(2) 
PARAMETRIC_REPRESENTATION_CONTEXT() REPRESENTATION_CONTEXT('2D SPACE',''
  ) );
#12685 = PCURVE('',#12601,#12686);
#12686 = DEFINITIONAL_REPRESENTATION('',(#12687),#12704);
#12687 = B_SPLINE_CURVE_WITH_KNOTS('',8,(#12688,#12689,#12690,#12691,
    #12692,#12693,#12694,#12695,#12696,#12697,#12698,#12699,#12700,
    #12701,#12702,#12703),.UNSPECIFIED.,.F.,.F.,(9,7,9),(1.570796326795,
    3.14159265359,4.712388980385),.UNSPECIFIED.);
#12688 = CARTESIAN_POINT('',(3.14159265359,152.4));
#12689 = CARTESIAN_POINT('',(2.94524311274,151.4648853117));
#12690 = CARTESIAN_POINT('',(2.748893571891,150.52977040118));
#12691 = CARTESIAN_POINT('',(2.55254403104,149.64959309389));
#12692 = CARTESIAN_POINT('',(2.356194490187,148.8792801995));
#12693 = CARTESIAN_POINT('',(2.159844949341,148.26701655472));
#12694 = CARTESIAN_POINT('',(1.963495408494,147.84733944546));
#12695 = CARTESIAN_POINT('',(1.767145867644,147.6375));
#12696 = CARTESIAN_POINT('',(1.374446785946,147.6375));
#12697 = CARTESIAN_POINT('',(1.178097245096,147.84733944541));
#12698 = CARTESIAN_POINT('',(0.981747704243,148.26701655473));
#12699 = CARTESIAN_POINT('',(0.785398163399,148.87928019943));
#12700 = CARTESIAN_POINT('',(0.589048622546,149.64959309395));
#12701 = CARTESIAN_POINT('',(0.392699081699,150.5297704012));
#12702 = CARTESIAN_POINT('',(0.196349540849,151.4648853117));
#12703 = CARTESIAN_POINT('',(0.,152.4));
#12704 = ( GEOMETRIC_REPRESENTATION_CONTEXT(2) 
PARAMETRIC_REPRESENTATION_CONTEXT() REPRESENTATION_CONTEXT('2D SPACE',''
  ) );
#12705 = ORIENTED_EDGE('',*,*,#12706,.F.);
#12706 = EDGE_CURVE('',#12635,#12657,#12707,.T.);
#12707 = SURFACE_CURVE('',#12708,(#12713,#12733),.PCURVE_S1.);
#12708 = ELLIPSE('',#12709,6.735192090802,4.7625);
#12709 = AXIS2_PLACEMENT_3D('',#12710,#12711,#12712);
#12710 = CARTESIAN_POINT('',(25.4,88.9,0.));
#12711 = DIRECTION('',(0.707106781187,0.707106781187,0.));
#12712 = DIRECTION('',(-0.707106781187,0.707106781187,0.));
#12713 = PCURVE('',#9568,#12714);
#12714 = DEFINITIONAL_REPRESENTATION('',(#12715),#12732);
#12715 = B_SPLINE_CURVE_WITH_KNOTS('',8,(#12716,#12717,#12718,#12719,
    #12720,#12721,#12722,#12723,#12724,#12725,#12726,#12727,#12728,
    #12729,#12730,#12731),.UNSPECIFIED.,.F.,.F.,(9,7,9),(1.570796326795,
    3.14159265359,4.712388980385),.UNSPECIFIED.);
#12716 = CARTESIAN_POINT('',(0.,88.9));
#12717 = CARTESIAN_POINT('',(0.196349540849,87.964885311705));
#12718 = CARTESIAN_POINT('',(0.392699081699,87.029770401285));
#12719 = CARTESIAN_POINT('',(0.589048622545,86.149593093531));
#12720 = CARTESIAN_POINT('',(0.785398163398,85.379280200073));
#12721 = CARTESIAN_POINT('',(0.981747704244,84.767016554372));
#12722 = CARTESIAN_POINT('',(1.178097245096,84.347339445559));
#12723 = CARTESIAN_POINT('',(1.374446785946,84.1375));
#12724 = CARTESIAN_POINT('',(1.767145867644,84.1375));
#12725 = CARTESIAN_POINT('',(1.96349540849,84.347339445616));
#12726 = CARTESIAN_POINT('',(2.159844949352,84.767016554167));
#12727 = CARTESIAN_POINT('',(2.356194490178,85.379280200145));
#12728 = CARTESIAN_POINT('',(2.552544031053,86.149593093383));
#12729 = CARTESIAN_POINT('',(2.748893571888,87.029770401356));
#12730 = CARTESIAN_POINT('',(2.94524311274,87.964885311705));
#12731 = CARTESIAN_POINT('',(3.14159265359,88.9));
#12732 = ( GEOMETRIC_REPRESENTATION_CONTEXT(2) 
PARAMETRIC_REPRESENTATION_CONTEXT() REPRESENTATION_CONTEXT('2D SPACE',''
  ) );
#12733 = PCURVE('',#12420,#12734);
#12734 = DEFINITIONAL_REPRESENTATION('',(#12735),#12752);
#12735 = B_SPLINE_CURVE_WITH_KNOTS('',8,(#12736,#12737,#12738,#12739,
    #12740,#12741,#12742,#12743,#12744,#12745,#12746,#12747,#12748,
    #12749,#12750,#12751),.UNSPECIFIED.,.F.,.F.,(9,7,9),(1.570796326795,
    3.14159265359,4.712388980385),.UNSPECIFIED.);
#12736 = CARTESIAN_POINT('',(0.,152.4));
#12737 = CARTESIAN_POINT('',(0.196349540849,153.33511468829));
#12738 = CARTESIAN_POINT('',(0.392699081699,154.2702295985));
#12739 = CARTESIAN_POINT('',(0.589048622547,155.15040690637));
#12740 = CARTESIAN_POINT('',(0.785398163397,155.92071979893));
#12741 = CARTESIAN_POINT('',(0.981747704245,156.53298344566));
#12742 = CARTESIAN_POINT('',(1.178097245096,156.95266055426));
#12743 = CARTESIAN_POINT('',(1.374446785946,157.1625));
#12744 = CARTESIAN_POINT('',(1.767145867644,157.1625));
#12745 = CARTESIAN_POINT('',(1.96349540849,156.95266055426));
#12746 = CARTESIAN_POINT('',(2.15984494935,156.53298344571));
#12747 = CARTESIAN_POINT('',(2.356194490173,155.9207197989));
#12748 = CARTESIAN_POINT('',(2.55254403105,155.15040690649));
#12749 = CARTESIAN_POINT('',(2.748893571887,154.27022959849));
#12750 = CARTESIAN_POINT('',(2.94524311274,153.33511468829));
#12751 = CARTESIAN_POINT('',(3.14159265359,152.4));
#12752 = ( GEOMETRIC_REPRESENTATION_CONTEXT(2) 
PARAMETRIC_REPRESENTATION_CONTEXT() REPRESENTATION_CONTEXT('2D SPACE',''
  ) );
#12753 = ORIENTED_EDGE('',*,*,#12634,.F.);
#12754 = ORIENTED_EDGE('',*,*,#9660,.T.);
#12755 = ORIENTED_EDGE('',*,*,#9789,.T.);
#12756 = ADVANCED_FACE('',(#12757),#9976,.T.);
#12757 = FACE_BOUND('',#12758,.T.);
#12758 = EDGE_LOOP('',(#12759,#12795,#12815,#12856,#12890,#12891,#12892,
    #12893));
#12759 = ORIENTED_EDGE('',*,*,#12760,.F.);
#12760 = EDGE_CURVE('',#9877,#12761,#12763,.T.);
#12761 = VERTEX_POINT('',#12762);
#12762 = CARTESIAN_POINT('',(-71.4375,49.2125,101.6));
#12763 = SURFACE_CURVE('',#12764,(#12769,#12782),.PCURVE_S1.);
#12764 = ELLIPSE('',#12765,6.735192090802,4.7625);
#12765 = AXIS2_PLACEMENT_3D('',#12766,#12767,#12768);
#12766 = CARTESIAN_POINT('',(-76.2,44.45,101.6));
#12767 = DIRECTION('',(-0.707106781187,0.707106781187,0.));
#12768 = DIRECTION('',(0.707106781187,0.707106781187,0.));
#12769 = PCURVE('',#9976,#12770);
#12770 = DEFINITIONAL_REPRESENTATION('',(#12771),#12781);
#12771 = B_SPLINE_CURVE_WITH_KNOTS('',8,(#12772,#12773,#12774,#12775,
    #12776,#12777,#12778,#12779,#12780),.UNSPECIFIED.,.F.,.F.,(9,9),(
    4.712388980385,6.28318530718),.PIECEWISE_BEZIER_KNOTS.);
#12772 = CARTESIAN_POINT('',(6.28318530718,50.8));
#12773 = CARTESIAN_POINT('',(6.08683576633,51.735114688295));
#12774 = CARTESIAN_POINT('',(5.890486225481,52.670229598573));
#12775 = CARTESIAN_POINT('',(5.694136684631,53.550406906545));
#12776 = CARTESIAN_POINT('',(5.497787143786,54.320719799495));
#12777 = CARTESIAN_POINT('',(5.301437602932,54.932983445645));
#12778 = CARTESIAN_POINT('',(5.105088062084,55.352660554329));
#12779 = CARTESIAN_POINT('',(4.908738521234,55.5625));
#12780 = CARTESIAN_POINT('',(4.712388980385,55.5625));
#12781 = ( GEOMETRIC_REPRESENTATION_CONTEXT(2) 
PARAMETRIC_REPRESENTATION_CONTEXT() REPRESENTATION_CONTEXT('2D SPACE',''
  ) );
#12782 = PCURVE('',#10475,#12783);
#12783 = DEFINITIONAL_REPRESENTATION('',(#12784),#12794);
#12784 = B_SPLINE_CURVE_WITH_KNOTS('',8,(#12785,#12786,#12787,#12788,
    #12789,#12790,#12791,#12792,#12793),.UNSPECIFIED.,.F.,.F.,(9,9),(
    4.712388980385,6.28318530718),.PIECEWISE_BEZIER_KNOTS.);
#12785 = CARTESIAN_POINT('',(0.,44.45));
#12786 = CARTESIAN_POINT('',(0.196349540849,45.385114688295));
#12787 = CARTESIAN_POINT('',(0.392699081699,46.320229598605));
#12788 = CARTESIAN_POINT('',(0.589048622547,47.200406906477));
#12789 = CARTESIAN_POINT('',(0.785398163396,47.970719799511));
#12790 = CARTESIAN_POINT('',(0.981747704245,48.582983445654));
#12791 = CARTESIAN_POINT('',(1.178097245096,49.002660554341));
#12792 = CARTESIAN_POINT('',(1.374446785946,49.2125));
#12793 = CARTESIAN_POINT('',(1.570796326795,49.2125));
#12794 = ( GEOMETRIC_REPRESENTATION_CONTEXT(2) 
PARAMETRIC_REPRESENTATION_CONTEXT() REPRESENTATION_CONTEXT('2D SPACE',''
  ) );
#12795 = ORIENTED_EDGE('',*,*,#12796,.T.);
#12796 = EDGE_CURVE('',#9877,#10010,#12797,.T.);
#12797 = SEAM_CURVE('',#12798,(#12802,#12809),.PCURVE_S1.);
#12798 = LINE('',#12799,#12800);
#12799 = CARTESIAN_POINT('',(-127.,44.45,106.3625));
#12800 = VECTOR('',#12801,1.);
#12801 = DIRECTION('',(1.,0.,0.));
#12802 = PCURVE('',#9976,#12803);
#12803 = DEFINITIONAL_REPRESENTATION('',(#12804),#12808);
#12804 = LINE('',#12805,#12806);
#12805 = CARTESIAN_POINT('',(0.,0.));
#12806 = VECTOR('',#12807,1.);
#12807 = DIRECTION('',(0.,1.));
#12808 = ( GEOMETRIC_REPRESENTATION_CONTEXT(2) 
PARAMETRIC_REPRESENTATION_CONTEXT() REPRESENTATION_CONTEXT('2D SPACE',''
  ) );
#12809 = PCURVE('',#9976,#12810);
#12810 = DEFINITIONAL_REPRESENTATION('',(#12811),#12814);
#12811 = B_SPLINE_CURVE_WITH_KNOTS('',1,(#12812,#12813),.UNSPECIFIED.,
  .F.,.F.,(2,2),(0.,254.),.PIECEWISE_BEZIER_KNOTS.);
#12812 = CARTESIAN_POINT('',(6.28318530718,0.));
#12813 = CARTESIAN_POINT('',(6.28318530718,254.));
#12814 = ( GEOMETRIC_REPRESENTATION_CONTEXT(2) 
PARAMETRIC_REPRESENTATION_CONTEXT() REPRESENTATION_CONTEXT('2D SPACE',''
  ) );
#12815 = ORIENTED_EDGE('',*,*,#12816,.F.);
#12816 = EDGE_CURVE('',#12817,#10010,#12819,.T.);
#12817 = VERTEX_POINT('',#12818);
#12818 = CARTESIAN_POINT('',(-30.1625,49.2125,101.6));
#12819 = SURFACE_CURVE('',#12820,(#12825,#12838),.PCURVE_S1.);
#12820 = ELLIPSE('',#12821,6.735192090802,4.7625);
#12821 = AXIS2_PLACEMENT_3D('',#12822,#12823,#12824);
#12822 = CARTESIAN_POINT('',(-25.4,44.45,101.6));
#12823 = DIRECTION('',(0.707106781187,0.707106781187,0.));
#12824 = DIRECTION('',(-0.707106781187,0.707106781187,0.));
#12825 = PCURVE('',#9976,#12826);
#12826 = DEFINITIONAL_REPRESENTATION('',(#12827),#12837);
#12827 = B_SPLINE_CURVE_WITH_KNOTS('',8,(#12828,#12829,#12830,#12831,
    #12832,#12833,#12834,#12835,#12836),.UNSPECIFIED.,.F.,.F.,(9,9),(0.,
    1.570796326795),.PIECEWISE_BEZIER_KNOTS.);
#12828 = CARTESIAN_POINT('',(4.712388980385,96.8375));
#12829 = CARTESIAN_POINT('',(4.908738521234,96.8375));
#12830 = CARTESIAN_POINT('',(5.105088062082,97.047339445533));
#12831 = CARTESIAN_POINT('',(5.301437602938,97.467016554384));
#12832 = CARTESIAN_POINT('',(5.497787143778,98.079280199929));
#12833 = CARTESIAN_POINT('',(5.694136684637,98.849593093509));
#12834 = CARTESIAN_POINT('',(5.89048622548,99.729770401331));
#12835 = CARTESIAN_POINT('',(6.08683576633,100.6648853117));
#12836 = CARTESIAN_POINT('',(6.28318530718,101.6));
#12837 = ( GEOMETRIC_REPRESENTATION_CONTEXT(2) 
PARAMETRIC_REPRESENTATION_CONTEXT() REPRESENTATION_CONTEXT('2D SPACE',''
  ) );
#12838 = PCURVE('',#12839,#12844);
#12839 = CYLINDRICAL_SURFACE('',#12840,4.7625);
#12840 = AXIS2_PLACEMENT_3D('',#12841,#12842,#12843);
#12841 = CARTESIAN_POINT('',(-25.4,0.,101.6));
#12842 = DIRECTION('',(0.,1.,0.));
#12843 = DIRECTION('',(0.,-0.,1.));
#12844 = DEFINITIONAL_REPRESENTATION('',(#12845),#12855);
#12845 = B_SPLINE_CURVE_WITH_KNOTS('',8,(#12846,#12847,#12848,#12849,
    #12850,#12851,#12852,#12853,#12854),.UNSPECIFIED.,.F.,.F.,(9,9),(0.,
    1.570796326795),.PIECEWISE_BEZIER_KNOTS.);
#12846 = CARTESIAN_POINT('',(4.712388980385,49.2125));
#12847 = CARTESIAN_POINT('',(4.908738521234,49.2125));
#12848 = CARTESIAN_POINT('',(5.105088062084,49.002660554336));
#12849 = CARTESIAN_POINT('',(5.301437602931,48.582983445679));
#12850 = CARTESIAN_POINT('',(5.497787143786,47.970719799396));
#12851 = CARTESIAN_POINT('',(5.694136684631,47.200406906502));
#12852 = CARTESIAN_POINT('',(5.890486225481,46.320229598595));
#12853 = CARTESIAN_POINT('',(6.08683576633,45.385114688295));
#12854 = CARTESIAN_POINT('',(6.28318530718,44.45));
#12855 = ( GEOMETRIC_REPRESENTATION_CONTEXT(2) 
PARAMETRIC_REPRESENTATION_CONTEXT() REPRESENTATION_CONTEXT('2D SPACE',''
  ) );
#12856 = ORIENTED_EDGE('',*,*,#12857,.F.);
#12857 = EDGE_CURVE('',#10032,#12817,#12858,.T.);
#12858 = SURFACE_CURVE('',#12859,(#12864,#12877),.PCURVE_S1.);
#12859 = ELLIPSE('',#12860,6.735192090802,4.7625);
#12860 = AXIS2_PLACEMENT_3D('',#12861,#12862,#12863);
#12861 = CARTESIAN_POINT('',(-25.4,44.45,101.6));
#12862 = DIRECTION('',(0.707106781187,0.707106781187,0.));
#12863 = DIRECTION('',(-0.707106781187,0.707106781187,0.));
#12864 = PCURVE('',#9976,#12865);
#12865 = DEFINITIONAL_REPRESENTATION('',(#12866),#12876);
#12866 = B_SPLINE_CURVE_WITH_KNOTS('',8,(#12867,#12868,#12869,#12870,
    #12871,#12872,#12873,#12874,#12875),.UNSPECIFIED.,.F.,.F.,(9,9),(
    4.712388980385,6.28318530718),.PIECEWISE_BEZIER_KNOTS.);
#12867 = CARTESIAN_POINT('',(3.14159265359,101.6));
#12868 = CARTESIAN_POINT('',(3.337942194439,100.6648853117));
#12869 = CARTESIAN_POINT('',(3.534291735285,99.729770401288));
#12870 = CARTESIAN_POINT('',(3.730641276142,98.849593093664));
#12871 = CARTESIAN_POINT('',(3.926990816972,98.079280199716));
#12872 = CARTESIAN_POINT('',(4.123340357837,97.467016554542));
#12873 = CARTESIAN_POINT('',(4.319689898683,97.047339445535));
#12874 = CARTESIAN_POINT('',(4.516039439535,96.8375));
#12875 = CARTESIAN_POINT('',(4.712388980385,96.8375));
#12876 = ( GEOMETRIC_REPRESENTATION_CONTEXT(2) 
PARAMETRIC_REPRESENTATION_CONTEXT() REPRESENTATION_CONTEXT('2D SPACE',''
  ) );
#12877 = PCURVE('',#12839,#12878);
#12878 = DEFINITIONAL_REPRESENTATION('',(#12879),#12889);
#12879 = B_SPLINE_CURVE_WITH_KNOTS('',8,(#12880,#12881,#12882,#12883,
    #12884,#12885,#12886,#12887,#12888),.UNSPECIFIED.,.F.,.F.,(9,9),(
    4.712388980385,6.28318530718),.PIECEWISE_BEZIER_KNOTS.);
#12880 = CARTESIAN_POINT('',(3.14159265359,44.45));
#12881 = CARTESIAN_POINT('',(3.337942194439,45.385114688295));
#12882 = CARTESIAN_POINT('',(3.534291735285,46.320229598605));
#12883 = CARTESIAN_POINT('',(3.730641276142,47.200406906477));
#12884 = CARTESIAN_POINT('',(3.926990816972,47.970719799511));
#12885 = CARTESIAN_POINT('',(4.123340357837,48.582983445654));
#12886 = CARTESIAN_POINT('',(4.319689898683,49.002660554341));
#12887 = CARTESIAN_POINT('',(4.516039439535,49.2125));
#12888 = CARTESIAN_POINT('',(4.712388980385,49.2125));
#12889 = ( GEOMETRIC_REPRESENTATION_CONTEXT(2) 
PARAMETRIC_REPRESENTATION_CONTEXT() REPRESENTATION_CONTEXT('2D SPACE',''
  ) );
#12890 = ORIENTED_EDGE('',*,*,#10031,.T.);
#12891 = ORIENTED_EDGE('',*,*,#12796,.F.);
#12892 = ORIENTED_EDGE('',*,*,#9948,.T.);
#12893 = ORIENTED_EDGE('',*,*,#12894,.F.);
#12894 = EDGE_CURVE('',#12761,#9899,#12895,.T.);
#12895 = SURFACE_CURVE('',#12896,(#12901,#12914),.PCURVE_S1.);
#12896 = ELLIPSE('',#12897,6.735192090802,4.7625);
#12897 = AXIS2_PLACEMENT_3D('',#12898,#12899,#12900);
#12898 = CARTESIAN_POINT('',(-76.2,44.45,101.6));
#12899 = DIRECTION('',(-0.707106781187,0.707106781187,0.));
#12900 = DIRECTION('',(0.707106781187,0.707106781187,0.));
#12901 = PCURVE('',#9976,#12902);
#12902 = DEFINITIONAL_REPRESENTATION('',(#12903),#12913);
#12903 = B_SPLINE_CURVE_WITH_KNOTS('',8,(#12904,#12905,#12906,#12907,
    #12908,#12909,#12910,#12911,#12912),.UNSPECIFIED.,.F.,.F.,(9,9),(0.,
    1.570796326795),.PIECEWISE_BEZIER_KNOTS.);
#12904 = CARTESIAN_POINT('',(4.712388980385,55.5625));
#12905 = CARTESIAN_POINT('',(4.516039439535,55.5625));
#12906 = CARTESIAN_POINT('',(4.319689898686,55.352660554336));
#12907 = CARTESIAN_POINT('',(4.123340357829,54.932983445737));
#12908 = CARTESIAN_POINT('',(3.926990816986,54.32071979934));
#12909 = CARTESIAN_POINT('',(3.730641276128,53.550406906591));
#12910 = CARTESIAN_POINT('',(3.534291735289,52.670229598583));
#12911 = CARTESIAN_POINT('',(3.337942194439,51.735114688295));
#12912 = CARTESIAN_POINT('',(3.14159265359,50.8));
#12913 = ( GEOMETRIC_REPRESENTATION_CONTEXT(2) 
PARAMETRIC_REPRESENTATION_CONTEXT() REPRESENTATION_CONTEXT('2D SPACE',''
  ) );
#12914 = PCURVE('',#10475,#12915);
#12915 = DEFINITIONAL_REPRESENTATION('',(#12916),#12926);
#12916 = B_SPLINE_CURVE_WITH_KNOTS('',8,(#12917,#12918,#12919,#12920,
    #12921,#12922,#12923,#12924,#12925),.UNSPECIFIED.,.F.,.F.,(9,9),(0.,
    1.570796326795),.PIECEWISE_BEZIER_KNOTS.);
#12917 = CARTESIAN_POINT('',(1.570796326795,49.2125));
#12918 = CARTESIAN_POINT('',(1.767145867644,49.2125));
#12919 = CARTESIAN_POINT('',(1.963495408492,49.002660554336));
#12920 = CARTESIAN_POINT('',(2.159844949342,48.582983445679));
#12921 = CARTESIAN_POINT('',(2.356194490186,47.970719799396));
#12922 = CARTESIAN_POINT('',(2.552544031042,47.200406906502));
#12923 = CARTESIAN_POINT('',(2.748893571889,46.320229598595));
#12924 = CARTESIAN_POINT('',(2.94524311274,45.385114688295));
#12925 = CARTESIAN_POINT('',(3.14159265359,44.45));
#12926 = ( GEOMETRIC_REPRESENTATION_CONTEXT(2) 
PARAMETRIC_REPRESENTATION_CONTEXT() REPRESENTATION_CONTEXT('2D SPACE',''
  ) );
#12927 = ADVANCED_FACE('',(#12928),#10109,.T.);
#12928 = FACE_BOUND('',#12929,.T.);
#12929 = EDGE_LOOP('',(#12930,#12966,#12986,#13027,#13061,#13062,#13063,
    #13064));
#12930 = ORIENTED_EDGE('',*,*,#12931,.F.);
#12931 = EDGE_CURVE('',#10010,#12932,#12934,.T.);
#12932 = VERTEX_POINT('',#12933);
#12933 = CARTESIAN_POINT('',(-20.6375,49.2125,101.6));
#12934 = SURFACE_CURVE('',#12935,(#12940,#12953),.PCURVE_S1.);
#12935 = ELLIPSE('',#12936,6.735192090802,4.7625);
#12936 = AXIS2_PLACEMENT_3D('',#12937,#12938,#12939);
#12937 = CARTESIAN_POINT('',(-25.4,44.45,101.6));
#12938 = DIRECTION('',(-0.707106781187,0.707106781187,0.));
#12939 = DIRECTION('',(0.707106781187,0.707106781187,0.));
#12940 = PCURVE('',#10109,#12941);
#12941 = DEFINITIONAL_REPRESENTATION('',(#12942),#12952);
#12942 = B_SPLINE_CURVE_WITH_KNOTS('',8,(#12943,#12944,#12945,#12946,
    #12947,#12948,#12949,#12950,#12951),.UNSPECIFIED.,.F.,.F.,(9,9),(
    4.712388980385,6.28318530718),.PIECEWISE_BEZIER_KNOTS.);
#12943 = CARTESIAN_POINT('',(6.28318530718,101.6));
#12944 = CARTESIAN_POINT('',(6.08683576633,102.53511468829));
#12945 = CARTESIAN_POINT('',(5.890486225481,103.47022959874));
#12946 = CARTESIAN_POINT('',(5.694136684631,104.35040690568));
#12947 = CARTESIAN_POINT('',(5.497787143786,105.12071980032));
#12948 = CARTESIAN_POINT('',(5.301437602932,105.73298344503));
#12949 = CARTESIAN_POINT('',(5.105088062084,106.1526605545));
#12950 = CARTESIAN_POINT('',(4.908738521234,106.3625));
#12951 = CARTESIAN_POINT('',(4.712388980385,106.3625));
#12952 = ( GEOMETRIC_REPRESENTATION_CONTEXT(2) 
PARAMETRIC_REPRESENTATION_CONTEXT() REPRESENTATION_CONTEXT('2D SPACE',''
  ) );
#12953 = PCURVE('',#12839,#12954);
#12954 = DEFINITIONAL_REPRESENTATION('',(#12955),#12965);
#12955 = B_SPLINE_CURVE_WITH_KNOTS('',8,(#12956,#12957,#12958,#12959,
    #12960,#12961,#12962,#12963,#12964),.UNSPECIFIED.,.F.,.F.,(9,9),(
    4.712388980385,6.28318530718),.PIECEWISE_BEZIER_KNOTS.);
#12956 = CARTESIAN_POINT('',(0.,44.45));
#12957 = CARTESIAN_POINT('',(0.196349540849,45.385114688295));
#12958 = CARTESIAN_POINT('',(0.392699081699,46.320229598605));
#12959 = CARTESIAN_POINT('',(0.589048622547,47.200406906477));
#12960 = CARTESIAN_POINT('',(0.785398163397,47.970719799511));
#12961 = CARTESIAN_POINT('',(0.981747704244,48.582983445654));
#12962 = CARTESIAN_POINT('',(1.178097245096,49.002660554341));
#12963 = CARTESIAN_POINT('',(1.374446785946,49.2125));
#12964 = CARTESIAN_POINT('',(1.570796326795,49.2125));
#12965 = ( GEOMETRIC_REPRESENTATION_CONTEXT(2) 
PARAMETRIC_REPRESENTATION_CONTEXT() REPRESENTATION_CONTEXT('2D SPACE',''
  ) );
#12966 = ORIENTED_EDGE('',*,*,#12967,.T.);
#12967 = EDGE_CURVE('',#10010,#10143,#12968,.T.);
#12968 = SEAM_CURVE('',#12969,(#12973,#12980),.PCURVE_S1.);
#12969 = LINE('',#12970,#12971);
#12970 = CARTESIAN_POINT('',(-127.,44.45,106.3625));
#12971 = VECTOR('',#12972,1.);
#12972 = DIRECTION('',(1.,0.,0.));
#12973 = PCURVE('',#10109,#12974);
#12974 = DEFINITIONAL_REPRESENTATION('',(#12975),#12979);
#12975 = LINE('',#12976,#12977);
#12976 = CARTESIAN_POINT('',(0.,0.));
#12977 = VECTOR('',#12978,1.);
#12978 = DIRECTION('',(0.,1.));
#12979 = ( GEOMETRIC_REPRESENTATION_CONTEXT(2) 
PARAMETRIC_REPRESENTATION_CONTEXT() REPRESENTATION_CONTEXT('2D SPACE',''
  ) );
#12980 = PCURVE('',#10109,#12981);
#12981 = DEFINITIONAL_REPRESENTATION('',(#12982),#12985);
#12982 = B_SPLINE_CURVE_WITH_KNOTS('',1,(#12983,#12984),.UNSPECIFIED.,
  .F.,.F.,(2,2),(0.,254.),.PIECEWISE_BEZIER_KNOTS.);
#12983 = CARTESIAN_POINT('',(6.28318530718,0.));
#12984 = CARTESIAN_POINT('',(6.28318530718,254.));
#12985 = ( GEOMETRIC_REPRESENTATION_CONTEXT(2) 
PARAMETRIC_REPRESENTATION_CONTEXT() REPRESENTATION_CONTEXT('2D SPACE',''
  ) );
#12986 = ORIENTED_EDGE('',*,*,#12987,.F.);
#12987 = EDGE_CURVE('',#12988,#10143,#12990,.T.);
#12988 = VERTEX_POINT('',#12989);
#12989 = CARTESIAN_POINT('',(20.6375,49.2125,101.6));
#12990 = SURFACE_CURVE('',#12991,(#12996,#13009),.PCURVE_S1.);
#12991 = ELLIPSE('',#12992,6.735192090802,4.7625);
#12992 = AXIS2_PLACEMENT_3D('',#12993,#12994,#12995);
#12993 = CARTESIAN_POINT('',(25.4,44.45,101.6));
#12994 = DIRECTION('',(0.707106781187,0.707106781187,0.));
#12995 = DIRECTION('',(-0.707106781187,0.707106781187,0.));
#12996 = PCURVE('',#10109,#12997);
#12997 = DEFINITIONAL_REPRESENTATION('',(#12998),#13008);
#12998 = B_SPLINE_CURVE_WITH_KNOTS('',8,(#12999,#13000,#13001,#13002,
    #13003,#13004,#13005,#13006,#13007),.UNSPECIFIED.,.F.,.F.,(9,9),(0.,
    1.570796326795),.PIECEWISE_BEZIER_KNOTS.);
#12999 = CARTESIAN_POINT('',(4.712388980385,147.6375));
#13000 = CARTESIAN_POINT('',(4.908738521234,147.6375));
#13001 = CARTESIAN_POINT('',(5.105088062082,147.84733944541));
#13002 = CARTESIAN_POINT('',(5.301437602938,148.26701655473));
#13003 = CARTESIAN_POINT('',(5.497787143778,148.87928019943));
#13004 = CARTESIAN_POINT('',(5.694136684637,149.64959309395));
#13005 = CARTESIAN_POINT('',(5.89048622548,150.5297704012));
#13006 = CARTESIAN_POINT('',(6.08683576633,151.4648853117));
#13007 = CARTESIAN_POINT('',(6.28318530718,152.4));
#13008 = ( GEOMETRIC_REPRESENTATION_CONTEXT(2) 
PARAMETRIC_REPRESENTATION_CONTEXT() REPRESENTATION_CONTEXT('2D SPACE',''
  ) );
#13009 = PCURVE('',#13010,#13015);
#13010 = CYLINDRICAL_SURFACE('',#13011,4.7625);
#13011 = AXIS2_PLACEMENT_3D('',#13012,#13013,#13014);
#13012 = CARTESIAN_POINT('',(25.4,0.,101.6));
#13013 = DIRECTION('',(0.,1.,0.));
#13014 = DIRECTION('',(0.,-0.,1.));
#13015 = DEFINITIONAL_REPRESENTATION('',(#13016),#13026);
#13016 = B_SPLINE_CURVE_WITH_KNOTS('',8,(#13017,#13018,#13019,#13020,
    #13021,#13022,#13023,#13024,#13025),.UNSPECIFIED.,.F.,.F.,(9,9),(0.,
    1.570796326795),.PIECEWISE_BEZIER_KNOTS.);
#13017 = CARTESIAN_POINT('',(4.712388980385,49.2125));
#13018 = CARTESIAN_POINT('',(4.908738521234,49.2125));
#13019 = CARTESIAN_POINT('',(5.105088062084,49.002660554336));
#13020 = CARTESIAN_POINT('',(5.301437602931,48.582983445679));
#13021 = CARTESIAN_POINT('',(5.497787143786,47.970719799396));
#13022 = CARTESIAN_POINT('',(5.694136684631,47.200406906502));
#13023 = CARTESIAN_POINT('',(5.890486225481,46.320229598595));
#13024 = CARTESIAN_POINT('',(6.08683576633,45.385114688295));
#13025 = CARTESIAN_POINT('',(6.28318530718,44.45));
#13026 = ( GEOMETRIC_REPRESENTATION_CONTEXT(2) 
PARAMETRIC_REPRESENTATION_CONTEXT() REPRESENTATION_CONTEXT('2D SPACE',''
  ) );
#13027 = ORIENTED_EDGE('',*,*,#13028,.F.);
#13028 = EDGE_CURVE('',#10165,#12988,#13029,.T.);
#13029 = SURFACE_CURVE('',#13030,(#13035,#13048),.PCURVE_S1.);
#13030 = ELLIPSE('',#13031,6.735192090802,4.7625);
#13031 = AXIS2_PLACEMENT_3D('',#13032,#13033,#13034);
#13032 = CARTESIAN_POINT('',(25.4,44.45,101.6));
#13033 = DIRECTION('',(0.707106781187,0.707106781187,0.));
#13034 = DIRECTION('',(-0.707106781187,0.707106781187,0.));
#13035 = PCURVE('',#10109,#13036);
#13036 = DEFINITIONAL_REPRESENTATION('',(#13037),#13047);
#13037 = B_SPLINE_CURVE_WITH_KNOTS('',8,(#13038,#13039,#13040,#13041,
    #13042,#13043,#13044,#13045,#13046),.UNSPECIFIED.,.F.,.F.,(9,9),(
    4.712388980385,6.28318530718),.PIECEWISE_BEZIER_KNOTS.);
#13038 = CARTESIAN_POINT('',(3.14159265359,152.4));
#13039 = CARTESIAN_POINT('',(3.337942194439,151.4648853117));
#13040 = CARTESIAN_POINT('',(3.534291735285,150.52977040112));
#13041 = CARTESIAN_POINT('',(3.730641276142,149.64959309412));
#13042 = CARTESIAN_POINT('',(3.926990816972,148.87928019904));
#13043 = CARTESIAN_POINT('',(4.123340357837,148.26701655495));
#13044 = CARTESIAN_POINT('',(4.319689898683,147.8473394454));
#13045 = CARTESIAN_POINT('',(4.516039439535,147.6375));
#13046 = CARTESIAN_POINT('',(4.712388980385,147.6375));
#13047 = ( GEOMETRIC_REPRESENTATION_CONTEXT(2) 
PARAMETRIC_REPRESENTATION_CONTEXT() REPRESENTATION_CONTEXT('2D SPACE',''
  ) );
#13048 = PCURVE('',#13010,#13049);
#13049 = DEFINITIONAL_REPRESENTATION('',(#13050),#13060);
#13050 = B_SPLINE_CURVE_WITH_KNOTS('',8,(#13051,#13052,#13053,#13054,
    #13055,#13056,#13057,#13058,#13059),.UNSPECIFIED.,.F.,.F.,(9,9),(
    4.712388980385,6.28318530718),.PIECEWISE_BEZIER_KNOTS.);
#13051 = CARTESIAN_POINT('',(3.14159265359,44.45));
#13052 = CARTESIAN_POINT('',(3.337942194439,45.385114688295));
#13053 = CARTESIAN_POINT('',(3.534291735285,46.320229598605));
#13054 = CARTESIAN_POINT('',(3.730641276142,47.200406906477));
#13055 = CARTESIAN_POINT('',(3.926990816972,47.970719799511));
#13056 = CARTESIAN_POINT('',(4.123340357837,48.582983445654));
#13057 = CARTESIAN_POINT('',(4.319689898683,49.002660554341));
#13058 = CARTESIAN_POINT('',(4.516039439535,49.2125));
#13059 = CARTESIAN_POINT('',(4.712388980385,49.2125));
#13060 = ( GEOMETRIC_REPRESENTATION_CONTEXT(2) 
PARAMETRIC_REPRESENTATION_CONTEXT() REPRESENTATION_CONTEXT('2D SPACE',''
  ) );
#13061 = ORIENTED_EDGE('',*,*,#10164,.T.);
#13062 = ORIENTED_EDGE('',*,*,#12967,.F.);
#13063 = ORIENTED_EDGE('',*,*,#10081,.T.);
#13064 = ORIENTED_EDGE('',*,*,#13065,.F.);
#13065 = EDGE_CURVE('',#12932,#10032,#13066,.T.);
#13066 = SURFACE_CURVE('',#13067,(#13072,#13085),.PCURVE_S1.);
#13067 = ELLIPSE('',#13068,6.735192090802,4.7625);
#13068 = AXIS2_PLACEMENT_3D('',#13069,#13070,#13071);
#13069 = CARTESIAN_POINT('',(-25.4,44.45,101.6));
#13070 = DIRECTION('',(-0.707106781187,0.707106781187,0.));
#13071 = DIRECTION('',(0.707106781187,0.707106781187,0.));
#13072 = PCURVE('',#10109,#13073);
#13073 = DEFINITIONAL_REPRESENTATION('',(#13074),#13084);
#13074 = B_SPLINE_CURVE_WITH_KNOTS('',8,(#13075,#13076,#13077,#13078,
    #13079,#13080,#13081,#13082,#13083),.UNSPECIFIED.,.F.,.F.,(9,9),(0.,
    1.570796326795),.PIECEWISE_BEZIER_KNOTS.);
#13075 = CARTESIAN_POINT('',(4.712388980385,106.3625));
#13076 = CARTESIAN_POINT('',(4.516039439535,106.3625));
#13077 = CARTESIAN_POINT('',(4.319689898686,106.15266055427));
#13078 = CARTESIAN_POINT('',(4.123340357829,105.73298344576));
#13079 = CARTESIAN_POINT('',(3.926990816986,105.12071979939));
#13080 = CARTESIAN_POINT('',(3.730641276128,104.3504069064));
#13081 = CARTESIAN_POINT('',(3.534291735289,103.4702295985));
#13082 = CARTESIAN_POINT('',(3.337942194439,102.53511468829));
#13083 = CARTESIAN_POINT('',(3.14159265359,101.6));
#13084 = ( GEOMETRIC_REPRESENTATION_CONTEXT(2) 
PARAMETRIC_REPRESENTATION_CONTEXT() REPRESENTATION_CONTEXT('2D SPACE',''
  ) );
#13085 = PCURVE('',#12839,#13086);
#13086 = DEFINITIONAL_REPRESENTATION('',(#13087),#13097);
#13087 = B_SPLINE_CURVE_WITH_KNOTS('',8,(#13088,#13089,#13090,#13091,
    #13092,#13093,#13094,#13095,#13096),.UNSPECIFIED.,.F.,.F.,(9,9),(0.,
    1.570796326795),.PIECEWISE_BEZIER_KNOTS.);
#13088 = CARTESIAN_POINT('',(1.570796326795,49.2125));
#13089 = CARTESIAN_POINT('',(1.767145867644,49.2125));
#13090 = CARTESIAN_POINT('',(1.963495408493,49.002660554336));
#13091 = CARTESIAN_POINT('',(2.159844949337,48.582983445679));
#13092 = CARTESIAN_POINT('',(2.35619449019,47.970719799396));
#13093 = CARTESIAN_POINT('',(2.552544031038,47.200406906502));
#13094 = CARTESIAN_POINT('',(2.748893571891,46.320229598595));
#13095 = CARTESIAN_POINT('',(2.94524311274,45.385114688295));
#13096 = CARTESIAN_POINT('',(3.14159265359,44.45));
#13097 = ( GEOMETRIC_REPRESENTATION_CONTEXT(2) 
PARAMETRIC_REPRESENTATION_CONTEXT() REPRESENTATION_CONTEXT('2D SPACE',''
  ) );
#13098 = ADVANCED_FACE('',(#13099),#10242,.T.);
#13099 = FACE_BOUND('',#13100,.T.);
#13100 = EDGE_LOOP('',(#13101,#13137,#13157,#13193,#13227,#13228,#13229,
    #13230));
#13101 = ORIENTED_EDGE('',*,*,#13102,.F.);
#13102 = EDGE_CURVE('',#10143,#13103,#13105,.T.);
#13103 = VERTEX_POINT('',#13104);
#13104 = CARTESIAN_POINT('',(30.1625,49.2125,101.6));
#13105 = SURFACE_CURVE('',#13106,(#13111,#13124),.PCURVE_S1.);
#13106 = ELLIPSE('',#13107,6.735192090802,4.7625);
#13107 = AXIS2_PLACEMENT_3D('',#13108,#13109,#13110);
#13108 = CARTESIAN_POINT('',(25.4,44.45,101.6));
#13109 = DIRECTION('',(-0.707106781187,0.707106781187,0.));
#13110 = DIRECTION('',(0.707106781187,0.707106781187,0.));
#13111 = PCURVE('',#10242,#13112);
#13112 = DEFINITIONAL_REPRESENTATION('',(#13113),#13123);
#13113 = B_SPLINE_CURVE_WITH_KNOTS('',8,(#13114,#13115,#13116,#13117,
    #13118,#13119,#13120,#13121,#13122),.UNSPECIFIED.,.F.,.F.,(9,9),(
    4.712388980385,6.28318530718),.PIECEWISE_BEZIER_KNOTS.);
#13114 = CARTESIAN_POINT('',(6.28318530718,152.4));
#13115 = CARTESIAN_POINT('',(6.08683576633,153.33511468829));
#13116 = CARTESIAN_POINT('',(5.890486225481,154.2702295985));
#13117 = CARTESIAN_POINT('',(5.694136684631,155.15040690637));
#13118 = CARTESIAN_POINT('',(5.497787143786,155.92071979893));
#13119 = CARTESIAN_POINT('',(5.301437602932,156.53298344566));
#13120 = CARTESIAN_POINT('',(5.105088062084,156.95266055426));
#13121 = CARTESIAN_POINT('',(4.908738521234,157.1625));
#13122 = CARTESIAN_POINT('',(4.712388980385,157.1625));
#13123 = ( GEOMETRIC_REPRESENTATION_CONTEXT(2) 
PARAMETRIC_REPRESENTATION_CONTEXT() REPRESENTATION_CONTEXT('2D SPACE',''
  ) );
#13124 = PCURVE('',#13010,#13125);
#13125 = DEFINITIONAL_REPRESENTATION('',(#13126),#13136);
#13126 = B_SPLINE_CURVE_WITH_KNOTS('',8,(#13127,#13128,#13129,#13130,
    #13131,#13132,#13133,#13134,#13135),.UNSPECIFIED.,.F.,.F.,(9,9),(
    4.712388980385,6.28318530718),.PIECEWISE_BEZIER_KNOTS.);
#13127 = CARTESIAN_POINT('',(0.,44.45));
#13128 = CARTESIAN_POINT('',(0.196349540849,45.385114688295));
#13129 = CARTESIAN_POINT('',(0.392699081699,46.320229598605));
#13130 = CARTESIAN_POINT('',(0.589048622547,47.200406906477));
#13131 = CARTESIAN_POINT('',(0.785398163397,47.970719799511));
#13132 = CARTESIAN_POINT('',(0.981747704244,48.582983445654));
#13133 = CARTESIAN_POINT('',(1.178097245096,49.002660554341));
#13134 = CARTESIAN_POINT('',(1.374446785946,49.2125));
#13135 = CARTESIAN_POINT('',(1.570796326795,49.2125));
#13136 = ( GEOMETRIC_REPRESENTATION_CONTEXT(2) 
PARAMETRIC_REPRESENTATION_CONTEXT() REPRESENTATION_CONTEXT('2D SPACE',''
  ) );
#13137 = ORIENTED_EDGE('',*,*,#13138,.T.);
#13138 = EDGE_CURVE('',#10143,#10276,#13139,.T.);
#13139 = SEAM_CURVE('',#13140,(#13144,#13151),.PCURVE_S1.);
#13140 = LINE('',#13141,#13142);
#13141 = CARTESIAN_POINT('',(-127.,44.45,106.3625));
#13142 = VECTOR('',#13143,1.);
#13143 = DIRECTION('',(1.,0.,0.));
#13144 = PCURVE('',#10242,#13145);
#13145 = DEFINITIONAL_REPRESENTATION('',(#13146),#13150);
#13146 = LINE('',#13147,#13148);
#13147 = CARTESIAN_POINT('',(0.,0.));
#13148 = VECTOR('',#13149,1.);
#13149 = DIRECTION('',(0.,1.));
#13150 = ( GEOMETRIC_REPRESENTATION_CONTEXT(2) 
PARAMETRIC_REPRESENTATION_CONTEXT() REPRESENTATION_CONTEXT('2D SPACE',''
  ) );
#13151 = PCURVE('',#10242,#13152);
#13152 = DEFINITIONAL_REPRESENTATION('',(#13153),#13156);
#13153 = B_SPLINE_CURVE_WITH_KNOTS('',1,(#13154,#13155),.UNSPECIFIED.,
  .F.,.F.,(2,2),(0.,254.),.PIECEWISE_BEZIER_KNOTS.);
#13154 = CARTESIAN_POINT('',(6.28318530718,0.));
#13155 = CARTESIAN_POINT('',(6.28318530718,254.));
#13156 = ( GEOMETRIC_REPRESENTATION_CONTEXT(2) 
PARAMETRIC_REPRESENTATION_CONTEXT() REPRESENTATION_CONTEXT('2D SPACE',''
  ) );
#13157 = ORIENTED_EDGE('',*,*,#13158,.F.);
#13158 = EDGE_CURVE('',#13159,#10276,#13161,.T.);
#13159 = VERTEX_POINT('',#13160);
#13160 = CARTESIAN_POINT('',(71.4375,49.2125,101.6));
#13161 = SURFACE_CURVE('',#13162,(#13167,#13180),.PCURVE_S1.);
#13162 = ELLIPSE('',#13163,6.735192090802,4.7625);
#13163 = AXIS2_PLACEMENT_3D('',#13164,#13165,#13166);
#13164 = CARTESIAN_POINT('',(76.2,44.45,101.6));
#13165 = DIRECTION('',(0.707106781187,0.707106781187,0.));
#13166 = DIRECTION('',(-0.707106781187,0.707106781187,0.));
#13167 = PCURVE('',#10242,#13168);
#13168 = DEFINITIONAL_REPRESENTATION('',(#13169),#13179);
#13169 = B_SPLINE_CURVE_WITH_KNOTS('',8,(#13170,#13171,#13172,#13173,
    #13174,#13175,#13176,#13177,#13178),.UNSPECIFIED.,.F.,.F.,(9,9),(0.,
    1.570796326795),.PIECEWISE_BEZIER_KNOTS.);
#13170 = CARTESIAN_POINT('',(4.712388980385,198.4375));
#13171 = CARTESIAN_POINT('',(4.908738521234,198.4375));
#13172 = CARTESIAN_POINT('',(5.105088062082,198.64733944554));
#13173 = CARTESIAN_POINT('',(5.301437602938,199.06701655399));
#13174 = CARTESIAN_POINT('',(5.497787143778,199.67928019982));
#13175 = CARTESIAN_POINT('',(5.694136684637,200.44959309326));
#13176 = CARTESIAN_POINT('',(5.89048622548,201.32977040133));
#13177 = CARTESIAN_POINT('',(6.08683576633,202.2648853117));
#13178 = CARTESIAN_POINT('',(6.28318530718,203.2));
#13179 = ( GEOMETRIC_REPRESENTATION_CONTEXT(2) 
PARAMETRIC_REPRESENTATION_CONTEXT() REPRESENTATION_CONTEXT('2D SPACE',''
  ) );
#13180 = PCURVE('',#12059,#13181);
#13181 = DEFINITIONAL_REPRESENTATION('',(#13182),#13192);
#13182 = B_SPLINE_CURVE_WITH_KNOTS('',8,(#13183,#13184,#13185,#13186,
    #13187,#13188,#13189,#13190,#13191),.UNSPECIFIED.,.F.,.F.,(9,9),(0.,
    1.570796326795),.PIECEWISE_BEZIER_KNOTS.);
#13183 = CARTESIAN_POINT('',(4.712388980385,49.2125));
#13184 = CARTESIAN_POINT('',(4.908738521234,49.2125));
#13185 = CARTESIAN_POINT('',(5.105088062083,49.002660554336));
#13186 = CARTESIAN_POINT('',(5.301437602938,48.582983445679));
#13187 = CARTESIAN_POINT('',(5.497787143778,47.970719799396));
#13188 = CARTESIAN_POINT('',(5.694136684636,47.200406906502));
#13189 = CARTESIAN_POINT('',(5.89048622548,46.320229598595));
#13190 = CARTESIAN_POINT('',(6.08683576633,45.385114688295));
#13191 = CARTESIAN_POINT('',(6.28318530718,44.45));
#13192 = ( GEOMETRIC_REPRESENTATION_CONTEXT(2) 
PARAMETRIC_REPRESENTATION_CONTEXT() REPRESENTATION_CONTEXT('2D SPACE',''
  ) );
#13193 = ORIENTED_EDGE('',*,*,#13194,.F.);
#13194 = EDGE_CURVE('',#10298,#13159,#13195,.T.);
#13195 = SURFACE_CURVE('',#13196,(#13201,#13214),.PCURVE_S1.);
#13196 = ELLIPSE('',#13197,6.735192090802,4.7625);
#13197 = AXIS2_PLACEMENT_3D('',#13198,#13199,#13200);
#13198 = CARTESIAN_POINT('',(76.2,44.45,101.6));
#13199 = DIRECTION('',(0.707106781187,0.707106781187,0.));
#13200 = DIRECTION('',(-0.707106781187,0.707106781187,0.));
#13201 = PCURVE('',#10242,#13202);
#13202 = DEFINITIONAL_REPRESENTATION('',(#13203),#13213);
#13203 = B_SPLINE_CURVE_WITH_KNOTS('',8,(#13204,#13205,#13206,#13207,
    #13208,#13209,#13210,#13211,#13212),.UNSPECIFIED.,.F.,.F.,(9,9),(
    4.712388980385,6.28318530718),.PIECEWISE_BEZIER_KNOTS.);
#13204 = CARTESIAN_POINT('',(3.14159265359,203.2));
#13205 = CARTESIAN_POINT('',(3.337942194439,202.2648853117));
#13206 = CARTESIAN_POINT('',(3.534291735285,201.32977040145));
#13207 = CARTESIAN_POINT('',(3.730641276142,200.44959309237));
#13208 = CARTESIAN_POINT('',(3.926990816972,199.6792802011));
#13209 = CARTESIAN_POINT('',(4.123340357837,199.06701655329));
#13210 = CARTESIAN_POINT('',(4.319689898683,198.64733944577));
#13211 = CARTESIAN_POINT('',(4.516039439535,198.4375));
#13212 = CARTESIAN_POINT('',(4.712388980385,198.4375));
#13213 = ( GEOMETRIC_REPRESENTATION_CONTEXT(2) 
PARAMETRIC_REPRESENTATION_CONTEXT() REPRESENTATION_CONTEXT('2D SPACE',''
  ) );
#13214 = PCURVE('',#12059,#13215);
#13215 = DEFINITIONAL_REPRESENTATION('',(#13216),#13226);
#13216 = B_SPLINE_CURVE_WITH_KNOTS('',8,(#13217,#13218,#13219,#13220,
    #13221,#13222,#13223,#13224,#13225),.UNSPECIFIED.,.F.,.F.,(9,9),(
    4.712388980385,6.28318530718),.PIECEWISE_BEZIER_KNOTS.);
#13217 = CARTESIAN_POINT('',(3.14159265359,44.45));
#13218 = CARTESIAN_POINT('',(3.337942194439,45.385114688295));
#13219 = CARTESIAN_POINT('',(3.534291735284,46.320229598605));
#13220 = CARTESIAN_POINT('',(3.730641276133,47.200406906477));
#13221 = CARTESIAN_POINT('',(3.92699081697,47.970719799511));
#13222 = CARTESIAN_POINT('',(4.123340357835,48.582983445654));
#13223 = CARTESIAN_POINT('',(4.319689898682,49.002660554341));
#13224 = CARTESIAN_POINT('',(4.516039439535,49.2125));
#13225 = CARTESIAN_POINT('',(4.712388980385,49.2125));
#13226 = ( GEOMETRIC_REPRESENTATION_CONTEXT(2) 
PARAMETRIC_REPRESENTATION_CONTEXT() REPRESENTATION_CONTEXT('2D SPACE',''
  ) );
#13227 = ORIENTED_EDGE('',*,*,#10297,.T.);
#13228 = ORIENTED_EDGE('',*,*,#13138,.F.);
#13229 = ORIENTED_EDGE('',*,*,#10214,.T.);
#13230 = ORIENTED_EDGE('',*,*,#13231,.F.);
#13231 = EDGE_CURVE('',#13103,#10165,#13232,.T.);
#13232 = SURFACE_CURVE('',#13233,(#13238,#13251),.PCURVE_S1.);
#13233 = ELLIPSE('',#13234,6.735192090802,4.7625);
#13234 = AXIS2_PLACEMENT_3D('',#13235,#13236,#13237);
#13235 = CARTESIAN_POINT('',(25.4,44.45,101.6));
#13236 = DIRECTION('',(-0.707106781187,0.707106781187,0.));
#13237 = DIRECTION('',(0.707106781187,0.707106781187,0.));
#13238 = PCURVE('',#10242,#13239);
#13239 = DEFINITIONAL_REPRESENTATION('',(#13240),#13250);
#13240 = B_SPLINE_CURVE_WITH_KNOTS('',8,(#13241,#13242,#13243,#13244,
    #13245,#13246,#13247,#13248,#13249),.UNSPECIFIED.,.F.,.F.,(9,9),(0.,
    1.570796326795),.PIECEWISE_BEZIER_KNOTS.);
#13241 = CARTESIAN_POINT('',(4.712388980385,157.1625));
#13242 = CARTESIAN_POINT('',(4.516039439535,157.1625));
#13243 = CARTESIAN_POINT('',(4.319689898686,156.95266055426));
#13244 = CARTESIAN_POINT('',(4.123340357829,156.53298344571));
#13245 = CARTESIAN_POINT('',(3.926990816986,155.9207197989));
#13246 = CARTESIAN_POINT('',(3.730641276128,155.15040690649));
#13247 = CARTESIAN_POINT('',(3.534291735289,154.27022959849));
#13248 = CARTESIAN_POINT('',(3.337942194439,153.33511468829));
#13249 = CARTESIAN_POINT('',(3.14159265359,152.4));
#13250 = ( GEOMETRIC_REPRESENTATION_CONTEXT(2) 
PARAMETRIC_REPRESENTATION_CONTEXT() REPRESENTATION_CONTEXT('2D SPACE',''
  ) );
#13251 = PCURVE('',#13010,#13252);
#13252 = DEFINITIONAL_REPRESENTATION('',(#13253),#13263);
#13253 = B_SPLINE_CURVE_WITH_KNOTS('',8,(#13254,#13255,#13256,#13257,
    #13258,#13259,#13260,#13261,#13262),.UNSPECIFIED.,.F.,.F.,(9,9),(0.,
    1.570796326795),.PIECEWISE_BEZIER_KNOTS.);
#13254 = CARTESIAN_POINT('',(1.570796326795,49.2125));
#13255 = CARTESIAN_POINT('',(1.767145867644,49.2125));
#13256 = CARTESIAN_POINT('',(1.963495408493,49.002660554336));
#13257 = CARTESIAN_POINT('',(2.159844949337,48.582983445679));
#13258 = CARTESIAN_POINT('',(2.35619449019,47.970719799396));
#13259 = CARTESIAN_POINT('',(2.552544031038,47.200406906502));
#13260 = CARTESIAN_POINT('',(2.748893571891,46.320229598595));
#13261 = CARTESIAN_POINT('',(2.94524311274,45.385114688295));
#13262 = CARTESIAN_POINT('',(3.14159265359,44.45));
#13263 = ( GEOMETRIC_REPRESENTATION_CONTEXT(2) 
PARAMETRIC_REPRESENTATION_CONTEXT() REPRESENTATION_CONTEXT('2D SPACE',''
  ) );
#13264 = ADVANCED_FACE('',(#13265),#10475,.T.);
#13265 = FACE_BOUND('',#13266,.T.);
#13266 = EDGE_LOOP('',(#13267,#13268,#13269,#13289,#13290,#13343,#13344,
    #13345));
#13267 = ORIENTED_EDGE('',*,*,#10493,.T.);
#13268 = ORIENTED_EDGE('',*,*,#10452,.T.);
#13269 = ORIENTED_EDGE('',*,*,#13270,.T.);
#13270 = EDGE_CURVE('',#9877,#10536,#13271,.T.);
#13271 = SEAM_CURVE('',#13272,(#13276,#13283),.PCURVE_S1.);
#13272 = LINE('',#13273,#13274);
#13273 = CARTESIAN_POINT('',(-76.2,0.,106.3625));
#13274 = VECTOR('',#13275,1.);
#13275 = DIRECTION('',(0.,1.,0.));
#13276 = PCURVE('',#10475,#13277);
#13277 = DEFINITIONAL_REPRESENTATION('',(#13278),#13282);
#13278 = LINE('',#13279,#13280);
#13279 = CARTESIAN_POINT('',(0.,0.));
#13280 = VECTOR('',#13281,1.);
#13281 = DIRECTION('',(0.,1.));
#13282 = ( GEOMETRIC_REPRESENTATION_CONTEXT(2) 
PARAMETRIC_REPRESENTATION_CONTEXT() REPRESENTATION_CONTEXT('2D SPACE',''
  ) );
#13283 = PCURVE('',#10475,#13284);
#13284 = DEFINITIONAL_REPRESENTATION('',(#13285),#13288);
#13285 = B_SPLINE_CURVE_WITH_KNOTS('',1,(#13286,#13287),.UNSPECIFIED.,
  .F.,.F.,(2,2),(0.,177.8),.PIECEWISE_BEZIER_KNOTS.);
#13286 = CARTESIAN_POINT('',(6.28318530718,0.));
#13287 = CARTESIAN_POINT('',(6.28318530718,177.8));
#13288 = ( GEOMETRIC_REPRESENTATION_CONTEXT(2) 
PARAMETRIC_REPRESENTATION_CONTEXT() REPRESENTATION_CONTEXT('2D SPACE',''
  ) );
#13289 = ORIENTED_EDGE('',*,*,#10634,.F.);
#13290 = ORIENTED_EDGE('',*,*,#13291,.F.);
#13291 = EDGE_CURVE('',#10536,#10599,#13292,.T.);
#13292 = SURFACE_CURVE('',#13293,(#13298,#13318),.PCURVE_S1.);
#13293 = ELLIPSE('',#13294,6.735192090802,4.7625);
#13294 = AXIS2_PLACEMENT_3D('',#13295,#13296,#13297);
#13295 = CARTESIAN_POINT('',(-76.2,88.9,101.6));
#13296 = DIRECTION('',(0.707106781187,0.707106781187,0.));
#13297 = DIRECTION('',(-0.707106781187,0.707106781187,0.));
#13298 = PCURVE('',#10475,#13299);
#13299 = DEFINITIONAL_REPRESENTATION('',(#13300),#13317);
#13300 = B_SPLINE_CURVE_WITH_KNOTS('',8,(#13301,#13302,#13303,#13304,
    #13305,#13306,#13307,#13308,#13309,#13310,#13311,#13312,#13313,
    #13314,#13315,#13316),.UNSPECIFIED.,.F.,.F.,(9,7,9),(1.570796326795,
    3.14159265359,4.712388980385),.UNSPECIFIED.);
#13301 = CARTESIAN_POINT('',(0.,88.9));
#13302 = CARTESIAN_POINT('',(0.196349540849,87.964885311705));
#13303 = CARTESIAN_POINT('',(0.392699081698,87.029770401285));
#13304 = CARTESIAN_POINT('',(0.589048622548,86.149593093531));
#13305 = CARTESIAN_POINT('',(0.785398163394,85.379280200073));
#13306 = CARTESIAN_POINT('',(0.981747704247,84.767016554372));
#13307 = CARTESIAN_POINT('',(1.178097245095,84.347339445559));
#13308 = CARTESIAN_POINT('',(1.374446785946,84.1375));
#13309 = CARTESIAN_POINT('',(1.767145867644,84.1375));
#13310 = CARTESIAN_POINT('',(1.96349540849,84.347339445616));
#13311 = CARTESIAN_POINT('',(2.159844949352,84.767016554167));
#13312 = CARTESIAN_POINT('',(2.356194490175,85.379280200145));
#13313 = CARTESIAN_POINT('',(2.552544031049,86.149593093383));
#13314 = CARTESIAN_POINT('',(2.748893571888,87.029770401356));
#13315 = CARTESIAN_POINT('',(2.94524311274,87.964885311705));
#13316 = CARTESIAN_POINT('',(3.14159265359,88.9));
#13317 = ( GEOMETRIC_REPRESENTATION_CONTEXT(2) 
PARAMETRIC_REPRESENTATION_CONTEXT() REPRESENTATION_CONTEXT('2D SPACE',''
  ) );
#13318 = PCURVE('',#13319,#13324);
#13319 = CYLINDRICAL_SURFACE('',#13320,4.7625);
#13320 = AXIS2_PLACEMENT_3D('',#13321,#13322,#13323);
#13321 = CARTESIAN_POINT('',(-127.,88.9,101.6));
#13322 = DIRECTION('',(1.,0.,0.));
#13323 = DIRECTION('',(0.,0.,1.));
#13324 = DEFINITIONAL_REPRESENTATION('',(#13325),#13342);
#13325 = B_SPLINE_CURVE_WITH_KNOTS('',8,(#13326,#13327,#13328,#13329,
    #13330,#13331,#13332,#13333,#13334,#13335,#13336,#13337,#13338,
    #13339,#13340,#13341),.UNSPECIFIED.,.F.,.F.,(9,7,9),(1.570796326795,
    3.14159265359,4.712388980385),.UNSPECIFIED.);
#13326 = CARTESIAN_POINT('',(0.,50.8));
#13327 = CARTESIAN_POINT('',(0.196349540849,51.735114688295));
#13328 = CARTESIAN_POINT('',(0.392699081698,52.670229598573));
#13329 = CARTESIAN_POINT('',(0.589048622548,53.550406906545));
#13330 = CARTESIAN_POINT('',(0.785398163394,54.320719799495));
#13331 = CARTESIAN_POINT('',(0.981747704247,54.932983445645));
#13332 = CARTESIAN_POINT('',(1.178097245095,55.352660554329));
#13333 = CARTESIAN_POINT('',(1.374446785946,55.5625));
#13334 = CARTESIAN_POINT('',(1.767145867644,55.5625));
#13335 = CARTESIAN_POINT('',(1.96349540849,55.352660554341));
#13336 = CARTESIAN_POINT('',(2.159844949352,54.932983445715));
#13337 = CARTESIAN_POINT('',(2.356194490175,54.320719799375));
#13338 = CARTESIAN_POINT('',(2.552544031049,53.550406906565));
#13339 = CARTESIAN_POINT('',(2.748893571888,52.670229598591));
#13340 = CARTESIAN_POINT('',(2.94524311274,51.735114688295));
#13341 = CARTESIAN_POINT('',(3.14159265359,50.8));
#13342 = ( GEOMETRIC_REPRESENTATION_CONTEXT(2) 
PARAMETRIC_REPRESENTATION_CONTEXT() REPRESENTATION_CONTEXT('2D SPACE',''
  ) );
#13343 = ORIENTED_EDGE('',*,*,#13270,.F.);
#13344 = ORIENTED_EDGE('',*,*,#12760,.T.);
#13345 = ORIENTED_EDGE('',*,*,#12894,.T.);
#13346 = ADVANCED_FACE('',(#13347),#10580,.T.);
#13347 = FACE_BOUND('',#13348,.T.);
#13348 = EDGE_LOOP('',(#13349,#13350,#13351,#13371,#13372,#13420,#13421,
    #13457));
#13349 = ORIENTED_EDGE('',*,*,#10598,.T.);
#13350 = ORIENTED_EDGE('',*,*,#10557,.T.);
#13351 = ORIENTED_EDGE('',*,*,#13352,.T.);
#13352 = EDGE_CURVE('',#10536,#10690,#13353,.T.);
#13353 = SEAM_CURVE('',#13354,(#13358,#13365),.PCURVE_S1.);
#13354 = LINE('',#13355,#13356);
#13355 = CARTESIAN_POINT('',(-76.2,0.,106.3625));
#13356 = VECTOR('',#13357,1.);
#13357 = DIRECTION('',(0.,1.,0.));
#13358 = PCURVE('',#10580,#13359);
#13359 = DEFINITIONAL_REPRESENTATION('',(#13360),#13364);
#13360 = LINE('',#13361,#13362);
#13361 = CARTESIAN_POINT('',(0.,0.));
#13362 = VECTOR('',#13363,1.);
#13363 = DIRECTION('',(0.,1.));
#13364 = ( GEOMETRIC_REPRESENTATION_CONTEXT(2) 
PARAMETRIC_REPRESENTATION_CONTEXT() REPRESENTATION_CONTEXT('2D SPACE',''
  ) );
#13365 = PCURVE('',#10580,#13366);
#13366 = DEFINITIONAL_REPRESENTATION('',(#13367),#13370);
#13367 = B_SPLINE_CURVE_WITH_KNOTS('',1,(#13368,#13369),.UNSPECIFIED.,
  .F.,.F.,(2,2),(0.,177.8),.PIECEWISE_BEZIER_KNOTS.);
#13368 = CARTESIAN_POINT('',(6.28318530718,0.));
#13369 = CARTESIAN_POINT('',(6.28318530718,177.8));
#13370 = ( GEOMETRIC_REPRESENTATION_CONTEXT(2) 
PARAMETRIC_REPRESENTATION_CONTEXT() REPRESENTATION_CONTEXT('2D SPACE',''
  ) );
#13371 = ORIENTED_EDGE('',*,*,#10783,.F.);
#13372 = ORIENTED_EDGE('',*,*,#13373,.F.);
#13373 = EDGE_CURVE('',#10690,#10748,#13374,.T.);
#13374 = SURFACE_CURVE('',#13375,(#13380,#13400),.PCURVE_S1.);
#13375 = ELLIPSE('',#13376,6.735192090802,4.7625);
#13376 = AXIS2_PLACEMENT_3D('',#13377,#13378,#13379);
#13377 = CARTESIAN_POINT('',(-76.2,133.35,101.6));
#13378 = DIRECTION('',(0.707106781187,0.707106781187,0.));
#13379 = DIRECTION('',(-0.707106781187,0.707106781187,0.));
#13380 = PCURVE('',#10580,#13381);
#13381 = DEFINITIONAL_REPRESENTATION('',(#13382),#13399);
#13382 = B_SPLINE_CURVE_WITH_KNOTS('',8,(#13383,#13384,#13385,#13386,
    #13387,#13388,#13389,#13390,#13391,#13392,#13393,#13394,#13395,
    #13396,#13397,#13398),.UNSPECIFIED.,.F.,.F.,(9,7,9),(1.570796326795,
    3.14159265359,4.712388980385),.UNSPECIFIED.);
#13383 = CARTESIAN_POINT('',(0.,133.35));
#13384 = CARTESIAN_POINT('',(0.196349540849,132.4148853117));
#13385 = CARTESIAN_POINT('',(0.392699081698,131.47977040139));
#13386 = CARTESIAN_POINT('',(0.589048622548,130.59959309341));
#13387 = CARTESIAN_POINT('',(0.785398163394,129.82928020024));
#13388 = CARTESIAN_POINT('',(0.981747704247,129.21701655417));
#13389 = CARTESIAN_POINT('',(1.178097245095,128.79733944563));
#13390 = CARTESIAN_POINT('',(1.374446785946,128.5875));
#13391 = CARTESIAN_POINT('',(1.767145867644,128.5875));
#13392 = CARTESIAN_POINT('',(1.96349540849,128.79733944589));
#13393 = CARTESIAN_POINT('',(2.159844949352,129.21701655342));
#13394 = CARTESIAN_POINT('',(2.356194490175,129.82928020166));
#13395 = CARTESIAN_POINT('',(2.552544031049,130.59959309249));
#13396 = CARTESIAN_POINT('',(2.748893571888,131.47977040164));
#13397 = CARTESIAN_POINT('',(2.94524311274,132.4148853117));
#13398 = CARTESIAN_POINT('',(3.14159265359,133.35));
#13399 = ( GEOMETRIC_REPRESENTATION_CONTEXT(2) 
PARAMETRIC_REPRESENTATION_CONTEXT() REPRESENTATION_CONTEXT('2D SPACE',''
  ) );
#13400 = PCURVE('',#10935,#13401);
#13401 = DEFINITIONAL_REPRESENTATION('',(#13402),#13419);
#13402 = B_SPLINE_CURVE_WITH_KNOTS('',8,(#13403,#13404,#13405,#13406,
    #13407,#13408,#13409,#13410,#13411,#13412,#13413,#13414,#13415,
    #13416,#13417,#13418),.UNSPECIFIED.,.F.,.F.,(9,7,9),(1.570796326795,
    3.14159265359,4.712388980385),.UNSPECIFIED.);
#13403 = CARTESIAN_POINT('',(0.,50.8));
#13404 = CARTESIAN_POINT('',(0.196349540849,51.735114688295));
#13405 = CARTESIAN_POINT('',(0.392699081699,52.670229598573));
#13406 = CARTESIAN_POINT('',(0.589048622545,53.550406906545));
#13407 = CARTESIAN_POINT('',(0.785398163398,54.320719799495));
#13408 = CARTESIAN_POINT('',(0.981747704245,54.932983445645));
#13409 = CARTESIAN_POINT('',(1.178097245096,55.352660554329));
#13410 = CARTESIAN_POINT('',(1.374446785946,55.5625));
#13411 = CARTESIAN_POINT('',(1.767145867644,55.5625));
#13412 = CARTESIAN_POINT('',(1.963495408494,55.352660554341));
#13413 = CARTESIAN_POINT('',(2.159844949341,54.932983445715));
#13414 = CARTESIAN_POINT('',(2.356194490197,54.320719799375));
#13415 = CARTESIAN_POINT('',(2.552544031038,53.550406906565));
#13416 = CARTESIAN_POINT('',(2.748893571891,52.670229598591));
#13417 = CARTESIAN_POINT('',(2.94524311274,51.735114688295));
#13418 = CARTESIAN_POINT('',(3.14159265359,50.8));
#13419 = ( GEOMETRIC_REPRESENTATION_CONTEXT(2) 
PARAMETRIC_REPRESENTATION_CONTEXT() REPRESENTATION_CONTEXT('2D SPACE',''
  ) );
#13420 = ORIENTED_EDGE('',*,*,#13352,.F.);
#13421 = ORIENTED_EDGE('',*,*,#13422,.T.);
#13422 = EDGE_CURVE('',#10536,#13423,#13425,.T.);
#13423 = VERTEX_POINT('',#13424);
#13424 = CARTESIAN_POINT('',(-71.4375,93.6625,101.6));
#13425 = SURFACE_CURVE('',#13426,(#13431,#13444),.PCURVE_S1.);
#13426 = ELLIPSE('',#13427,6.735192090802,4.7625);
#13427 = AXIS2_PLACEMENT_3D('',#13428,#13429,#13430);
#13428 = CARTESIAN_POINT('',(-76.2,88.9,101.6));
#13429 = DIRECTION('',(-0.707106781187,0.707106781187,0.));
#13430 = DIRECTION('',(0.707106781187,0.707106781187,0.));
#13431 = PCURVE('',#10580,#13432);
#13432 = DEFINITIONAL_REPRESENTATION('',(#13433),#13443);
#13433 = B_SPLINE_CURVE_WITH_KNOTS('',8,(#13434,#13435,#13436,#13437,
    #13438,#13439,#13440,#13441,#13442),.UNSPECIFIED.,.F.,.F.,(9,9),(
    4.712388980385,6.28318530718),.PIECEWISE_BEZIER_KNOTS.);
#13434 = CARTESIAN_POINT('',(0.,88.9));
#13435 = CARTESIAN_POINT('',(0.196349540849,89.835114688295));
#13436 = CARTESIAN_POINT('',(0.392699081699,90.770229598624));
#13437 = CARTESIAN_POINT('',(0.589048622547,91.650406906341));
#13438 = CARTESIAN_POINT('',(0.785398163396,92.42071979969));
#13439 = CARTESIAN_POINT('',(0.981747704245,93.032983445501));
#13440 = CARTESIAN_POINT('',(1.178097245096,93.452660554342));
#13441 = CARTESIAN_POINT('',(1.374446785946,93.6625));
#13442 = CARTESIAN_POINT('',(1.570796326795,93.6625));
#13443 = ( GEOMETRIC_REPRESENTATION_CONTEXT(2) 
PARAMETRIC_REPRESENTATION_CONTEXT() REPRESENTATION_CONTEXT('2D SPACE',''
  ) );
#13444 = PCURVE('',#13319,#13445);
#13445 = DEFINITIONAL_REPRESENTATION('',(#13446),#13456);
#13446 = B_SPLINE_CURVE_WITH_KNOTS('',8,(#13447,#13448,#13449,#13450,
    #13451,#13452,#13453,#13454,#13455),.UNSPECIFIED.,.F.,.F.,(9,9),(
    4.712388980385,6.28318530718),.PIECEWISE_BEZIER_KNOTS.);
#13447 = CARTESIAN_POINT('',(6.28318530718,50.8));
#13448 = CARTESIAN_POINT('',(6.08683576633,51.735114688295));
#13449 = CARTESIAN_POINT('',(5.890486225482,52.670229598573));
#13450 = CARTESIAN_POINT('',(5.69413668463,53.550406906545));
#13451 = CARTESIAN_POINT('',(5.497787143786,54.320719799495));
#13452 = CARTESIAN_POINT('',(5.301437602932,54.932983445645));
#13453 = CARTESIAN_POINT('',(5.105088062084,55.352660554329));
#13454 = CARTESIAN_POINT('',(4.908738521234,55.5625));
#13455 = CARTESIAN_POINT('',(4.712388980385,55.5625));
#13456 = ( GEOMETRIC_REPRESENTATION_CONTEXT(2) 
PARAMETRIC_REPRESENTATION_CONTEXT() REPRESENTATION_CONTEXT('2D SPACE',''
  ) );
#13457 = ORIENTED_EDGE('',*,*,#13458,.T.);
#13458 = EDGE_CURVE('',#13423,#10599,#13459,.T.);
#13459 = SURFACE_CURVE('',#13460,(#13465,#13478),.PCURVE_S1.);
#13460 = ELLIPSE('',#13461,6.735192090802,4.7625);
#13461 = AXIS2_PLACEMENT_3D('',#13462,#13463,#13464);
#13462 = CARTESIAN_POINT('',(-76.2,88.9,101.6));
#13463 = DIRECTION('',(-0.707106781187,0.707106781187,0.));
#13464 = DIRECTION('',(0.707106781187,0.707106781187,0.));
#13465 = PCURVE('',#10580,#13466);
#13466 = DEFINITIONAL_REPRESENTATION('',(#13467),#13477);
#13467 = B_SPLINE_CURVE_WITH_KNOTS('',8,(#13468,#13469,#13470,#13471,
    #13472,#13473,#13474,#13475,#13476),.UNSPECIFIED.,.F.,.F.,(9,9),(0.,
    1.570796326795),.PIECEWISE_BEZIER_KNOTS.);
#13468 = CARTESIAN_POINT('',(1.570796326795,93.6625));
#13469 = CARTESIAN_POINT('',(1.767145867644,93.6625));
#13470 = CARTESIAN_POINT('',(1.963495408492,93.452660554223));
#13471 = CARTESIAN_POINT('',(2.159844949342,93.032983445956));
#13472 = CARTESIAN_POINT('',(2.356194490186,92.420719798999));
#13473 = CARTESIAN_POINT('',(2.552544031042,91.65040690676));
#13474 = CARTESIAN_POINT('',(2.748893571889,90.770229598473));
#13475 = CARTESIAN_POINT('',(2.94524311274,89.835114688295));
#13476 = CARTESIAN_POINT('',(3.14159265359,88.9));
#13477 = ( GEOMETRIC_REPRESENTATION_CONTEXT(2) 
PARAMETRIC_REPRESENTATION_CONTEXT() REPRESENTATION_CONTEXT('2D SPACE',''
  ) );
#13478 = PCURVE('',#13319,#13479);
#13479 = DEFINITIONAL_REPRESENTATION('',(#13480),#13490);
#13480 = B_SPLINE_CURVE_WITH_KNOTS('',8,(#13481,#13482,#13483,#13484,
    #13485,#13486,#13487,#13488,#13489),.UNSPECIFIED.,.F.,.F.,(9,9),(0.,
    1.570796326795),.PIECEWISE_BEZIER_KNOTS.);
#13481 = CARTESIAN_POINT('',(4.712388980385,55.5625));
#13482 = CARTESIAN_POINT('',(4.516039439535,55.5625));
#13483 = CARTESIAN_POINT('',(4.319689898684,55.352660554336));
#13484 = CARTESIAN_POINT('',(4.123340357829,54.932983445737));
#13485 = CARTESIAN_POINT('',(3.926990816986,54.32071979934));
#13486 = CARTESIAN_POINT('',(3.730641276128,53.550406906591));
#13487 = CARTESIAN_POINT('',(3.534291735288,52.670229598583));
#13488 = CARTESIAN_POINT('',(3.337942194439,51.735114688295));
#13489 = CARTESIAN_POINT('',(3.14159265359,50.8));
#13490 = ( GEOMETRIC_REPRESENTATION_CONTEXT(2) 
PARAMETRIC_REPRESENTATION_CONTEXT() REPRESENTATION_CONTEXT('2D SPACE',''
  ) );
#13491 = ADVANCED_FACE('',(#13492),#10935,.T.);
#13492 = FACE_BOUND('',#13493,.T.);
#13493 = EDGE_LOOP('',(#13494,#13495,#13515,#13516,#13517,#13570,#13571,
    #13572));
#13494 = ORIENTED_EDGE('',*,*,#10912,.F.);
#13495 = ORIENTED_EDGE('',*,*,#13496,.T.);
#13496 = EDGE_CURVE('',#10690,#11029,#13497,.T.);
#13497 = SEAM_CURVE('',#13498,(#13502,#13509),.PCURVE_S1.);
#13498 = LINE('',#13499,#13500);
#13499 = CARTESIAN_POINT('',(-127.,133.35,106.3625));
#13500 = VECTOR('',#13501,1.);
#13501 = DIRECTION('',(1.,0.,0.));
#13502 = PCURVE('',#10935,#13503);
#13503 = DEFINITIONAL_REPRESENTATION('',(#13504),#13508);
#13504 = LINE('',#13505,#13506);
#13505 = CARTESIAN_POINT('',(0.,0.));
#13506 = VECTOR('',#13507,1.);
#13507 = DIRECTION('',(0.,1.));
#13508 = ( GEOMETRIC_REPRESENTATION_CONTEXT(2) 
PARAMETRIC_REPRESENTATION_CONTEXT() REPRESENTATION_CONTEXT('2D SPACE',''
  ) );
#13509 = PCURVE('',#10935,#13510);
#13510 = DEFINITIONAL_REPRESENTATION('',(#13511),#13514);
#13511 = B_SPLINE_CURVE_WITH_KNOTS('',1,(#13512,#13513),.UNSPECIFIED.,
  .F.,.F.,(2,2),(0.,254.),.PIECEWISE_BEZIER_KNOTS.);
#13512 = CARTESIAN_POINT('',(6.28318530718,0.));
#13513 = CARTESIAN_POINT('',(6.28318530718,254.));
#13514 = ( GEOMETRIC_REPRESENTATION_CONTEXT(2) 
PARAMETRIC_REPRESENTATION_CONTEXT() REPRESENTATION_CONTEXT('2D SPACE',''
  ) );
#13515 = ORIENTED_EDGE('',*,*,#11028,.F.);
#13516 = ORIENTED_EDGE('',*,*,#10990,.F.);
#13517 = ORIENTED_EDGE('',*,*,#13518,.T.);
#13518 = EDGE_CURVE('',#10991,#11029,#13519,.T.);
#13519 = SURFACE_CURVE('',#13520,(#13525,#13545),.PCURVE_S1.);
#13520 = ELLIPSE('',#13521,6.735192090802,4.7625);
#13521 = AXIS2_PLACEMENT_3D('',#13522,#13523,#13524);
#13522 = CARTESIAN_POINT('',(-25.4,133.35,101.6));
#13523 = DIRECTION('',(-0.707106781187,0.707106781187,0.));
#13524 = DIRECTION('',(0.707106781187,0.707106781187,0.));
#13525 = PCURVE('',#10935,#13526);
#13526 = DEFINITIONAL_REPRESENTATION('',(#13527),#13544);
#13527 = B_SPLINE_CURVE_WITH_KNOTS('',8,(#13528,#13529,#13530,#13531,
    #13532,#13533,#13534,#13535,#13536,#13537,#13538,#13539,#13540,
    #13541,#13542,#13543),.UNSPECIFIED.,.F.,.F.,(9,7,9),(1.570796326795,
    3.14159265359,4.712388980385),.UNSPECIFIED.);
#13528 = CARTESIAN_POINT('',(3.14159265359,101.6));
#13529 = CARTESIAN_POINT('',(2.94524311274,100.6648853117));
#13530 = CARTESIAN_POINT('',(2.74889357189,99.729770401288));
#13531 = CARTESIAN_POINT('',(2.552544031036,98.849593093664));
#13532 = CARTESIAN_POINT('',(2.356194490188,98.079280199716));
#13533 = CARTESIAN_POINT('',(2.15984494934,97.467016554542));
#13534 = CARTESIAN_POINT('',(1.963495408493,97.047339445535));
#13535 = CARTESIAN_POINT('',(1.767145867644,96.8375));
#13536 = CARTESIAN_POINT('',(1.374446785946,96.8375));
#13537 = CARTESIAN_POINT('',(1.178097245097,97.047339445533));
#13538 = CARTESIAN_POINT('',(0.981747704243,97.467016554384));
#13539 = CARTESIAN_POINT('',(0.785398163401,98.079280199929));
#13540 = CARTESIAN_POINT('',(0.589048622545,98.849593093509));
#13541 = CARTESIAN_POINT('',(0.3926990817,99.729770401331));
#13542 = CARTESIAN_POINT('',(0.196349540849,100.6648853117));
#13543 = CARTESIAN_POINT('',(0.,101.6));
#13544 = ( GEOMETRIC_REPRESENTATION_CONTEXT(2) 
PARAMETRIC_REPRESENTATION_CONTEXT() REPRESENTATION_CONTEXT('2D SPACE',''
  ) );
#13545 = PCURVE('',#13546,#13551);
#13546 = CYLINDRICAL_SURFACE('',#13547,4.7625);
#13547 = AXIS2_PLACEMENT_3D('',#13548,#13549,#13550);
#13548 = CARTESIAN_POINT('',(-25.4,0.,101.6));
#13549 = DIRECTION('',(0.,1.,0.));
#13550 = DIRECTION('',(0.,-0.,1.));
#13551 = DEFINITIONAL_REPRESENTATION('',(#13552),#13569);
#13552 = B_SPLINE_CURVE_WITH_KNOTS('',8,(#13553,#13554,#13555,#13556,
    #13557,#13558,#13559,#13560,#13561,#13562,#13563,#13564,#13565,
    #13566,#13567,#13568),.UNSPECIFIED.,.F.,.F.,(9,7,9),(1.570796326795,
    3.14159265359,4.712388980385),.UNSPECIFIED.);
#13553 = CARTESIAN_POINT('',(3.14159265359,133.35));
#13554 = CARTESIAN_POINT('',(3.337942194439,132.4148853117));
#13555 = CARTESIAN_POINT('',(3.53429173529,131.47977040139));
#13556 = CARTESIAN_POINT('',(3.730641276142,130.59959309341));
#13557 = CARTESIAN_POINT('',(3.926990816993,129.82928020024));
#13558 = CARTESIAN_POINT('',(4.123340357838,129.21701655417));
#13559 = CARTESIAN_POINT('',(4.319689898687,128.79733944563));
#13560 = CARTESIAN_POINT('',(4.516039439535,128.5875));
#13561 = CARTESIAN_POINT('',(4.908738521234,128.5875));
#13562 = CARTESIAN_POINT('',(5.105088062083,128.79733944589));
#13563 = CARTESIAN_POINT('',(5.301437602938,129.21701655342));
#13564 = CARTESIAN_POINT('',(5.497787143778,129.82928020166));
#13565 = CARTESIAN_POINT('',(5.694136684636,130.59959309249));
#13566 = CARTESIAN_POINT('',(5.89048622548,131.47977040164));
#13567 = CARTESIAN_POINT('',(6.08683576633,132.4148853117));
#13568 = CARTESIAN_POINT('',(6.28318530718,133.35));
#13569 = ( GEOMETRIC_REPRESENTATION_CONTEXT(2) 
PARAMETRIC_REPRESENTATION_CONTEXT() REPRESENTATION_CONTEXT('2D SPACE',''
  ) );
#13570 = ORIENTED_EDGE('',*,*,#13496,.F.);
#13571 = ORIENTED_EDGE('',*,*,#13373,.T.);
#13572 = ORIENTED_EDGE('',*,*,#10953,.F.);
#13573 = ADVANCED_FACE('',(#13574),#11110,.T.);
#13574 = FACE_BOUND('',#13575,.T.);
#13575 = EDGE_LOOP('',(#13576,#13577,#13597,#13598,#13599,#13652,#13653,
    #13701));
#13576 = ORIENTED_EDGE('',*,*,#11087,.F.);
#13577 = ORIENTED_EDGE('',*,*,#13578,.T.);
#13578 = EDGE_CURVE('',#11029,#11204,#13579,.T.);
#13579 = SEAM_CURVE('',#13580,(#13584,#13591),.PCURVE_S1.);
#13580 = LINE('',#13581,#13582);
#13581 = CARTESIAN_POINT('',(-127.,133.35,106.3625));
#13582 = VECTOR('',#13583,1.);
#13583 = DIRECTION('',(1.,0.,0.));
#13584 = PCURVE('',#11110,#13585);
#13585 = DEFINITIONAL_REPRESENTATION('',(#13586),#13590);
#13586 = LINE('',#13587,#13588);
#13587 = CARTESIAN_POINT('',(0.,0.));
#13588 = VECTOR('',#13589,1.);
#13589 = DIRECTION('',(0.,1.));
#13590 = ( GEOMETRIC_REPRESENTATION_CONTEXT(2) 
PARAMETRIC_REPRESENTATION_CONTEXT() REPRESENTATION_CONTEXT('2D SPACE',''
  ) );
#13591 = PCURVE('',#11110,#13592);
#13592 = DEFINITIONAL_REPRESENTATION('',(#13593),#13596);
#13593 = B_SPLINE_CURVE_WITH_KNOTS('',1,(#13594,#13595),.UNSPECIFIED.,
  .F.,.F.,(2,2),(0.,254.),.PIECEWISE_BEZIER_KNOTS.);
#13594 = CARTESIAN_POINT('',(6.28318530718,0.));
#13595 = CARTESIAN_POINT('',(6.28318530718,254.));
#13596 = ( GEOMETRIC_REPRESENTATION_CONTEXT(2) 
PARAMETRIC_REPRESENTATION_CONTEXT() REPRESENTATION_CONTEXT('2D SPACE',''
  ) );
#13597 = ORIENTED_EDGE('',*,*,#11203,.F.);
#13598 = ORIENTED_EDGE('',*,*,#11165,.F.);
#13599 = ORIENTED_EDGE('',*,*,#13600,.T.);
#13600 = EDGE_CURVE('',#11166,#11204,#13601,.T.);
#13601 = SURFACE_CURVE('',#13602,(#13607,#13627),.PCURVE_S1.);
#13602 = ELLIPSE('',#13603,6.735192090802,4.7625);
#13603 = AXIS2_PLACEMENT_3D('',#13604,#13605,#13606);
#13604 = CARTESIAN_POINT('',(25.4,133.35,101.6));
#13605 = DIRECTION('',(-0.707106781187,0.707106781187,0.));
#13606 = DIRECTION('',(0.707106781187,0.707106781187,0.));
#13607 = PCURVE('',#11110,#13608);
#13608 = DEFINITIONAL_REPRESENTATION('',(#13609),#13626);
#13609 = B_SPLINE_CURVE_WITH_KNOTS('',8,(#13610,#13611,#13612,#13613,
    #13614,#13615,#13616,#13617,#13618,#13619,#13620,#13621,#13622,
    #13623,#13624,#13625),.UNSPECIFIED.,.F.,.F.,(9,7,9),(1.570796326795,
    3.14159265359,4.712388980385),.UNSPECIFIED.);
#13610 = CARTESIAN_POINT('',(3.14159265359,152.4));
#13611 = CARTESIAN_POINT('',(2.94524311274,151.4648853117));
#13612 = CARTESIAN_POINT('',(2.74889357189,150.52977040118));
#13613 = CARTESIAN_POINT('',(2.552544031036,149.64959309389));
#13614 = CARTESIAN_POINT('',(2.356194490188,148.8792801995));
#13615 = CARTESIAN_POINT('',(2.15984494934,148.26701655472));
#13616 = CARTESIAN_POINT('',(1.963495408493,147.84733944546));
#13617 = CARTESIAN_POINT('',(1.767145867644,147.6375));
#13618 = CARTESIAN_POINT('',(1.374446785946,147.6375));
#13619 = CARTESIAN_POINT('',(1.178097245097,147.84733944541));
#13620 = CARTESIAN_POINT('',(0.981747704243,148.26701655473));
#13621 = CARTESIAN_POINT('',(0.785398163401,148.87928019943));
#13622 = CARTESIAN_POINT('',(0.589048622545,149.64959309395));
#13623 = CARTESIAN_POINT('',(0.3926990817,150.5297704012));
#13624 = CARTESIAN_POINT('',(0.196349540849,151.4648853117));
#13625 = CARTESIAN_POINT('',(0.,152.4));
#13626 = ( GEOMETRIC_REPRESENTATION_CONTEXT(2) 
PARAMETRIC_REPRESENTATION_CONTEXT() REPRESENTATION_CONTEXT('2D SPACE',''
  ) );
#13627 = PCURVE('',#13628,#13633);
#13628 = CYLINDRICAL_SURFACE('',#13629,4.7625);
#13629 = AXIS2_PLACEMENT_3D('',#13630,#13631,#13632);
#13630 = CARTESIAN_POINT('',(25.4,0.,101.6));
#13631 = DIRECTION('',(0.,1.,0.));
#13632 = DIRECTION('',(0.,-0.,1.));
#13633 = DEFINITIONAL_REPRESENTATION('',(#13634),#13651);
#13634 = B_SPLINE_CURVE_WITH_KNOTS('',8,(#13635,#13636,#13637,#13638,
    #13639,#13640,#13641,#13642,#13643,#13644,#13645,#13646,#13647,
    #13648,#13649,#13650),.UNSPECIFIED.,.F.,.F.,(9,7,9),(1.570796326795,
    3.14159265359,4.712388980385),.UNSPECIFIED.);
#13635 = CARTESIAN_POINT('',(3.14159265359,133.35));
#13636 = CARTESIAN_POINT('',(3.337942194439,132.4148853117));
#13637 = CARTESIAN_POINT('',(3.53429173529,131.47977040139));
#13638 = CARTESIAN_POINT('',(3.730641276142,130.59959309341));
#13639 = CARTESIAN_POINT('',(3.926990816993,129.82928020024));
#13640 = CARTESIAN_POINT('',(4.123340357838,129.21701655417));
#13641 = CARTESIAN_POINT('',(4.319689898687,128.79733944563));
#13642 = CARTESIAN_POINT('',(4.516039439535,128.5875));
#13643 = CARTESIAN_POINT('',(4.908738521234,128.5875));
#13644 = CARTESIAN_POINT('',(5.105088062083,128.79733944589));
#13645 = CARTESIAN_POINT('',(5.301437602938,129.21701655342));
#13646 = CARTESIAN_POINT('',(5.497787143778,129.82928020166));
#13647 = CARTESIAN_POINT('',(5.694136684636,130.59959309249));
#13648 = CARTESIAN_POINT('',(5.89048622548,131.47977040164));
#13649 = CARTESIAN_POINT('',(6.08683576633,132.4148853117));
#13650 = CARTESIAN_POINT('',(6.28318530718,133.35));
#13651 = ( GEOMETRIC_REPRESENTATION_CONTEXT(2) 
PARAMETRIC_REPRESENTATION_CONTEXT() REPRESENTATION_CONTEXT('2D SPACE',''
  ) );
#13652 = ORIENTED_EDGE('',*,*,#13578,.F.);
#13653 = ORIENTED_EDGE('',*,*,#13654,.T.);
#13654 = EDGE_CURVE('',#11029,#10991,#13655,.T.);
#13655 = SURFACE_CURVE('',#13656,(#13661,#13681),.PCURVE_S1.);
#13656 = ELLIPSE('',#13657,6.735192090802,4.7625);
#13657 = AXIS2_PLACEMENT_3D('',#13658,#13659,#13660);
#13658 = CARTESIAN_POINT('',(-25.4,133.35,101.6));
#13659 = DIRECTION('',(0.707106781187,0.707106781187,0.));
#13660 = DIRECTION('',(-0.707106781187,0.707106781187,0.));
#13661 = PCURVE('',#11110,#13662);
#13662 = DEFINITIONAL_REPRESENTATION('',(#13663),#13680);
#13663 = B_SPLINE_CURVE_WITH_KNOTS('',8,(#13664,#13665,#13666,#13667,
    #13668,#13669,#13670,#13671,#13672,#13673,#13674,#13675,#13676,
    #13677,#13678,#13679),.UNSPECIFIED.,.F.,.F.,(9,7,9),(1.570796326795,
    3.14159265359,4.712388980385),.UNSPECIFIED.);
#13664 = CARTESIAN_POINT('',(0.,101.6));
#13665 = CARTESIAN_POINT('',(0.196349540849,102.53511468829));
#13666 = CARTESIAN_POINT('',(0.392699081699,103.47022959874));
#13667 = CARTESIAN_POINT('',(0.589048622545,104.35040690568));
#13668 = CARTESIAN_POINT('',(0.785398163398,105.12071980032));
#13669 = CARTESIAN_POINT('',(0.981747704245,105.73298344503));
#13670 = CARTESIAN_POINT('',(1.178097245096,106.1526605545));
#13671 = CARTESIAN_POINT('',(1.374446785946,106.3625));
#13672 = CARTESIAN_POINT('',(1.767145867644,106.3625));
#13673 = CARTESIAN_POINT('',(1.963495408494,106.15266055427));
#13674 = CARTESIAN_POINT('',(2.159844949341,105.73298344576));
#13675 = CARTESIAN_POINT('',(2.356194490197,105.12071979939));
#13676 = CARTESIAN_POINT('',(2.552544031038,104.3504069064));
#13677 = CARTESIAN_POINT('',(2.748893571891,103.4702295985));
#13678 = CARTESIAN_POINT('',(2.94524311274,102.53511468829));
#13679 = CARTESIAN_POINT('',(3.14159265359,101.6));
#13680 = ( GEOMETRIC_REPRESENTATION_CONTEXT(2) 
PARAMETRIC_REPRESENTATION_CONTEXT() REPRESENTATION_CONTEXT('2D SPACE',''
  ) );
#13681 = PCURVE('',#13546,#13682);
#13682 = DEFINITIONAL_REPRESENTATION('',(#13683),#13700);
#13683 = B_SPLINE_CURVE_WITH_KNOTS('',8,(#13684,#13685,#13686,#13687,
    #13688,#13689,#13690,#13691,#13692,#13693,#13694,#13695,#13696,
    #13697,#13698,#13699),.UNSPECIFIED.,.F.,.F.,(9,7,9),(1.570796326795,
    3.14159265359,4.712388980385),.UNSPECIFIED.);
#13684 = CARTESIAN_POINT('',(0.,133.35));
#13685 = CARTESIAN_POINT('',(0.196349540849,132.4148853117));
#13686 = CARTESIAN_POINT('',(0.392699081698,131.47977040139));
#13687 = CARTESIAN_POINT('',(0.589048622547,130.59959309341));
#13688 = CARTESIAN_POINT('',(0.785398163394,129.82928020024));
#13689 = CARTESIAN_POINT('',(0.981747704246,129.21701655417));
#13690 = CARTESIAN_POINT('',(1.178097245096,128.79733944563));
#13691 = CARTESIAN_POINT('',(1.374446785946,128.5875));
#13692 = CARTESIAN_POINT('',(1.767145867644,128.5875));
#13693 = CARTESIAN_POINT('',(1.963495408492,128.79733944589));
#13694 = CARTESIAN_POINT('',(2.159844949345,129.21701655342));
#13695 = CARTESIAN_POINT('',(2.35619449019,129.82928020166));
#13696 = CARTESIAN_POINT('',(2.552544031045,130.59959309249));
#13697 = CARTESIAN_POINT('',(2.74889357189,131.47977040164));
#13698 = CARTESIAN_POINT('',(2.94524311274,132.4148853117));
#13699 = CARTESIAN_POINT('',(3.14159265359,133.35));
#13700 = ( GEOMETRIC_REPRESENTATION_CONTEXT(2) 
PARAMETRIC_REPRESENTATION_CONTEXT() REPRESENTATION_CONTEXT('2D SPACE',''
  ) );
#13701 = ORIENTED_EDGE('',*,*,#11128,.F.);
#13702 = ADVANCED_FACE('',(#13703),#11285,.T.);
#13703 = FACE_BOUND('',#13704,.T.);
#13704 = EDGE_LOOP('',(#13705,#13706,#13726,#13727,#13728,#13776,#13777,
    #13825));
#13705 = ORIENTED_EDGE('',*,*,#11262,.F.);
#13706 = ORIENTED_EDGE('',*,*,#13707,.T.);
#13707 = EDGE_CURVE('',#11204,#11379,#13708,.T.);
#13708 = SEAM_CURVE('',#13709,(#13713,#13720),.PCURVE_S1.);
#13709 = LINE('',#13710,#13711);
#13710 = CARTESIAN_POINT('',(-127.,133.35,106.3625));
#13711 = VECTOR('',#13712,1.);
#13712 = DIRECTION('',(1.,0.,0.));
#13713 = PCURVE('',#11285,#13714);
#13714 = DEFINITIONAL_REPRESENTATION('',(#13715),#13719);
#13715 = LINE('',#13716,#13717);
#13716 = CARTESIAN_POINT('',(0.,0.));
#13717 = VECTOR('',#13718,1.);
#13718 = DIRECTION('',(0.,1.));
#13719 = ( GEOMETRIC_REPRESENTATION_CONTEXT(2) 
PARAMETRIC_REPRESENTATION_CONTEXT() REPRESENTATION_CONTEXT('2D SPACE',''
  ) );
#13720 = PCURVE('',#11285,#13721);
#13721 = DEFINITIONAL_REPRESENTATION('',(#13722),#13725);
#13722 = B_SPLINE_CURVE_WITH_KNOTS('',1,(#13723,#13724),.UNSPECIFIED.,
  .F.,.F.,(2,2),(0.,254.),.PIECEWISE_BEZIER_KNOTS.);
#13723 = CARTESIAN_POINT('',(6.28318530718,0.));
#13724 = CARTESIAN_POINT('',(6.28318530718,254.));
#13725 = ( GEOMETRIC_REPRESENTATION_CONTEXT(2) 
PARAMETRIC_REPRESENTATION_CONTEXT() REPRESENTATION_CONTEXT('2D SPACE',''
  ) );
#13726 = ORIENTED_EDGE('',*,*,#11378,.F.);
#13727 = ORIENTED_EDGE('',*,*,#11340,.F.);
#13728 = ORIENTED_EDGE('',*,*,#13729,.T.);
#13729 = EDGE_CURVE('',#11341,#11379,#13730,.T.);
#13730 = SURFACE_CURVE('',#13731,(#13736,#13756),.PCURVE_S1.);
#13731 = ELLIPSE('',#13732,6.735192090802,4.7625);
#13732 = AXIS2_PLACEMENT_3D('',#13733,#13734,#13735);
#13733 = CARTESIAN_POINT('',(76.2,133.35,101.6));
#13734 = DIRECTION('',(-0.707106781187,0.707106781187,0.));
#13735 = DIRECTION('',(0.707106781187,0.707106781187,0.));
#13736 = PCURVE('',#11285,#13737);
#13737 = DEFINITIONAL_REPRESENTATION('',(#13738),#13755);
#13738 = B_SPLINE_CURVE_WITH_KNOTS('',8,(#13739,#13740,#13741,#13742,
    #13743,#13744,#13745,#13746,#13747,#13748,#13749,#13750,#13751,
    #13752,#13753,#13754),.UNSPECIFIED.,.F.,.F.,(9,7,9),(1.570796326795,
    3.14159265359,4.712388980385),.UNSPECIFIED.);
#13739 = CARTESIAN_POINT('',(3.14159265359,203.2));
#13740 = CARTESIAN_POINT('',(2.94524311274,202.2648853117));
#13741 = CARTESIAN_POINT('',(2.74889357189,201.32977040145));
#13742 = CARTESIAN_POINT('',(2.552544031036,200.44959309237));
#13743 = CARTESIAN_POINT('',(2.356194490188,199.6792802011));
#13744 = CARTESIAN_POINT('',(2.15984494934,199.06701655329));
#13745 = CARTESIAN_POINT('',(1.963495408493,198.64733944577));
#13746 = CARTESIAN_POINT('',(1.767145867644,198.4375));
#13747 = CARTESIAN_POINT('',(1.374446785946,198.4375));
#13748 = CARTESIAN_POINT('',(1.178097245097,198.64733944554));
#13749 = CARTESIAN_POINT('',(0.981747704243,199.06701655399));
#13750 = CARTESIAN_POINT('',(0.785398163401,199.67928019982));
#13751 = CARTESIAN_POINT('',(0.589048622545,200.44959309326));
#13752 = CARTESIAN_POINT('',(0.3926990817,201.32977040133));
#13753 = CARTESIAN_POINT('',(0.196349540849,202.2648853117));
#13754 = CARTESIAN_POINT('',(0.,203.2));
#13755 = ( GEOMETRIC_REPRESENTATION_CONTEXT(2) 
PARAMETRIC_REPRESENTATION_CONTEXT() REPRESENTATION_CONTEXT('2D SPACE',''
  ) );
#13756 = PCURVE('',#12164,#13757);
#13757 = DEFINITIONAL_REPRESENTATION('',(#13758),#13775);
#13758 = B_SPLINE_CURVE_WITH_KNOTS('',8,(#13759,#13760,#13761,#13762,
    #13763,#13764,#13765,#13766,#13767,#13768,#13769,#13770,#13771,
    #13772,#13773,#13774),.UNSPECIFIED.,.F.,.F.,(9,7,9),(1.570796326795,
    3.14159265359,4.712388980385),.UNSPECIFIED.);
#13759 = CARTESIAN_POINT('',(3.14159265359,133.35));
#13760 = CARTESIAN_POINT('',(3.337942194439,132.4148853117));
#13761 = CARTESIAN_POINT('',(3.53429173529,131.47977040139));
#13762 = CARTESIAN_POINT('',(3.730641276136,130.59959309341));
#13763 = CARTESIAN_POINT('',(3.926990816993,129.82928020024));
#13764 = CARTESIAN_POINT('',(4.123340357835,129.21701655417));
#13765 = CARTESIAN_POINT('',(4.319689898687,128.79733944563));
#13766 = CARTESIAN_POINT('',(4.516039439535,128.5875));
#13767 = CARTESIAN_POINT('',(4.908738521234,128.5875));
#13768 = CARTESIAN_POINT('',(5.105088062083,128.79733944589));
#13769 = CARTESIAN_POINT('',(5.301437602935,129.21701655342));
#13770 = CARTESIAN_POINT('',(5.49778714378,129.82928020166));
#13771 = CARTESIAN_POINT('',(5.694136684634,130.59959309249));
#13772 = CARTESIAN_POINT('',(5.89048622548,131.47977040164));
#13773 = CARTESIAN_POINT('',(6.08683576633,132.4148853117));
#13774 = CARTESIAN_POINT('',(6.28318530718,133.35));
#13775 = ( GEOMETRIC_REPRESENTATION_CONTEXT(2) 
PARAMETRIC_REPRESENTATION_CONTEXT() REPRESENTATION_CONTEXT('2D SPACE',''
  ) );
#13776 = ORIENTED_EDGE('',*,*,#13707,.F.);
#13777 = ORIENTED_EDGE('',*,*,#13778,.T.);
#13778 = EDGE_CURVE('',#11204,#11166,#13779,.T.);
#13779 = SURFACE_CURVE('',#13780,(#13785,#13805),.PCURVE_S1.);
#13780 = ELLIPSE('',#13781,6.735192090802,4.7625);
#13781 = AXIS2_PLACEMENT_3D('',#13782,#13783,#13784);
#13782 = CARTESIAN_POINT('',(25.4,133.35,101.6));
#13783 = DIRECTION('',(0.707106781187,0.707106781187,0.));
#13784 = DIRECTION('',(-0.707106781187,0.707106781187,0.));
#13785 = PCURVE('',#11285,#13786);
#13786 = DEFINITIONAL_REPRESENTATION('',(#13787),#13804);
#13787 = B_SPLINE_CURVE_WITH_KNOTS('',8,(#13788,#13789,#13790,#13791,
    #13792,#13793,#13794,#13795,#13796,#13797,#13798,#13799,#13800,
    #13801,#13802,#13803),.UNSPECIFIED.,.F.,.F.,(9,7,9),(1.570796326795,
    3.14159265359,4.712388980385),.UNSPECIFIED.);
#13788 = CARTESIAN_POINT('',(0.,152.4));
#13789 = CARTESIAN_POINT('',(0.196349540849,153.33511468829));
#13790 = CARTESIAN_POINT('',(0.392699081699,154.2702295985));
#13791 = CARTESIAN_POINT('',(0.589048622545,155.15040690637));
#13792 = CARTESIAN_POINT('',(0.785398163398,155.92071979893));
#13793 = CARTESIAN_POINT('',(0.981747704245,156.53298344566));
#13794 = CARTESIAN_POINT('',(1.178097245096,156.95266055426));
#13795 = CARTESIAN_POINT('',(1.374446785946,157.1625));
#13796 = CARTESIAN_POINT('',(1.767145867644,157.1625));
#13797 = CARTESIAN_POINT('',(1.963495408494,156.95266055426));
#13798 = CARTESIAN_POINT('',(2.159844949341,156.53298344571));
#13799 = CARTESIAN_POINT('',(2.356194490197,155.9207197989));
#13800 = CARTESIAN_POINT('',(2.552544031038,155.15040690649));
#13801 = CARTESIAN_POINT('',(2.748893571891,154.27022959849));
#13802 = CARTESIAN_POINT('',(2.94524311274,153.33511468829));
#13803 = CARTESIAN_POINT('',(3.14159265359,152.4));
#13804 = ( GEOMETRIC_REPRESENTATION_CONTEXT(2) 
PARAMETRIC_REPRESENTATION_CONTEXT() REPRESENTATION_CONTEXT('2D SPACE',''
  ) );
#13805 = PCURVE('',#13628,#13806);
#13806 = DEFINITIONAL_REPRESENTATION('',(#13807),#13824);
#13807 = B_SPLINE_CURVE_WITH_KNOTS('',8,(#13808,#13809,#13810,#13811,
    #13812,#13813,#13814,#13815,#13816,#13817,#13818,#13819,#13820,
    #13821,#13822,#13823),.UNSPECIFIED.,.F.,.F.,(9,7,9),(1.570796326795,
    3.14159265359,4.712388980385),.UNSPECIFIED.);
#13808 = CARTESIAN_POINT('',(0.,133.35));
#13809 = CARTESIAN_POINT('',(0.196349540849,132.4148853117));
#13810 = CARTESIAN_POINT('',(0.392699081698,131.47977040139));
#13811 = CARTESIAN_POINT('',(0.589048622547,130.59959309341));
#13812 = CARTESIAN_POINT('',(0.785398163394,129.82928020024));
#13813 = CARTESIAN_POINT('',(0.981747704246,129.21701655417));
#13814 = CARTESIAN_POINT('',(1.178097245096,128.79733944563));
#13815 = CARTESIAN_POINT('',(1.374446785946,128.5875));
#13816 = CARTESIAN_POINT('',(1.767145867644,128.5875));
#13817 = CARTESIAN_POINT('',(1.963495408492,128.79733944589));
#13818 = CARTESIAN_POINT('',(2.159844949345,129.21701655342));
#13819 = CARTESIAN_POINT('',(2.35619449019,129.82928020166));
#13820 = CARTESIAN_POINT('',(2.552544031045,130.59959309249));
#13821 = CARTESIAN_POINT('',(2.74889357189,131.47977040164));
#13822 = CARTESIAN_POINT('',(2.94524311274,132.4148853117));
#13823 = CARTESIAN_POINT('',(3.14159265359,133.35));
#13824 = ( GEOMETRIC_REPRESENTATION_CONTEXT(2) 
PARAMETRIC_REPRESENTATION_CONTEXT() REPRESENTATION_CONTEXT('2D SPACE',''
  ) );
#13825 = ORIENTED_EDGE('',*,*,#11303,.F.);
#13826 = ADVANCED_FACE('',(#13827),#11591,.T.);
#13827 = FACE_BOUND('',#13828,.T.);
#13828 = EDGE_LOOP('',(#13829,#13830,#13831,#13851,#13852,#13853,#13854,
    #13890));
#13829 = ORIENTED_EDGE('',*,*,#11934,.T.);
#13830 = ORIENTED_EDGE('',*,*,#11898,.T.);
#13831 = ORIENTED_EDGE('',*,*,#13832,.T.);
#13832 = EDGE_CURVE('',#11877,#7645,#13833,.T.);
#13833 = SEAM_CURVE('',#13834,(#13838,#13845),.PCURVE_S1.);
#13834 = LINE('',#13835,#13836);
#13835 = CARTESIAN_POINT('',(-25.4,0.,4.7625));
#13836 = VECTOR('',#13837,1.);
#13837 = DIRECTION('',(0.,1.,0.));
#13838 = PCURVE('',#11591,#13839);
#13839 = DEFINITIONAL_REPRESENTATION('',(#13840),#13844);
#13840 = LINE('',#13841,#13842);
#13841 = CARTESIAN_POINT('',(0.,0.));
#13842 = VECTOR('',#13843,1.);
#13843 = DIRECTION('',(0.,1.));
#13844 = ( GEOMETRIC_REPRESENTATION_CONTEXT(2) 
PARAMETRIC_REPRESENTATION_CONTEXT() REPRESENTATION_CONTEXT('2D SPACE',''
  ) );
#13845 = PCURVE('',#11591,#13846);
#13846 = DEFINITIONAL_REPRESENTATION('',(#13847),#13850);
#13847 = B_SPLINE_CURVE_WITH_KNOTS('',1,(#13848,#13849),.UNSPECIFIED.,
  .F.,.F.,(2,2),(0.,177.8),.PIECEWISE_BEZIER_KNOTS.);
#13848 = CARTESIAN_POINT('',(6.28318530718,0.));
#13849 = CARTESIAN_POINT('',(6.28318530718,177.8));
#13850 = ( GEOMETRIC_REPRESENTATION_CONTEXT(2) 
PARAMETRIC_REPRESENTATION_CONTEXT() REPRESENTATION_CONTEXT('2D SPACE',''
  ) );
#13851 = ORIENTED_EDGE('',*,*,#11563,.F.);
#13852 = ORIENTED_EDGE('',*,*,#11699,.F.);
#13853 = ORIENTED_EDGE('',*,*,#13832,.F.);
#13854 = ORIENTED_EDGE('',*,*,#13855,.T.);
#13855 = EDGE_CURVE('',#11877,#13856,#13858,.T.);
#13856 = VERTEX_POINT('',#13857);
#13857 = CARTESIAN_POINT('',(-20.6375,93.6625,5.832380380939E-16));
#13858 = SURFACE_CURVE('',#13859,(#13864,#13877),.PCURVE_S1.);
#13859 = ELLIPSE('',#13860,6.735192090802,4.7625);
#13860 = AXIS2_PLACEMENT_3D('',#13861,#13862,#13863);
#13861 = CARTESIAN_POINT('',(-25.4,88.9,0.));
#13862 = DIRECTION('',(-0.707106781187,0.707106781187,0.));
#13863 = DIRECTION('',(0.707106781187,0.707106781187,0.));
#13864 = PCURVE('',#11591,#13865);
#13865 = DEFINITIONAL_REPRESENTATION('',(#13866),#13876);
#13866 = B_SPLINE_CURVE_WITH_KNOTS('',8,(#13867,#13868,#13869,#13870,
    #13871,#13872,#13873,#13874,#13875),.UNSPECIFIED.,.F.,.F.,(9,9),(
    4.712388980385,6.28318530718),.PIECEWISE_BEZIER_KNOTS.);
#13867 = CARTESIAN_POINT('',(0.,88.9));
#13868 = CARTESIAN_POINT('',(0.196349540849,89.835114688295));
#13869 = CARTESIAN_POINT('',(0.392699081698,90.770229598624));
#13870 = CARTESIAN_POINT('',(0.589048622549,91.650406906341));
#13871 = CARTESIAN_POINT('',(0.785398163394,92.42071979969));
#13872 = CARTESIAN_POINT('',(0.981747704247,93.032983445501));
#13873 = CARTESIAN_POINT('',(1.178097245096,93.452660554342));
#13874 = CARTESIAN_POINT('',(1.374446785946,93.6625));
#13875 = CARTESIAN_POINT('',(1.570796326795,93.6625));
#13876 = ( GEOMETRIC_REPRESENTATION_CONTEXT(2) 
PARAMETRIC_REPRESENTATION_CONTEXT() REPRESENTATION_CONTEXT('2D SPACE',''
  ) );
#13877 = PCURVE('',#12601,#13878);
#13878 = DEFINITIONAL_REPRESENTATION('',(#13879),#13889);
#13879 = B_SPLINE_CURVE_WITH_KNOTS('',8,(#13880,#13881,#13882,#13883,
    #13884,#13885,#13886,#13887,#13888),.UNSPECIFIED.,.F.,.F.,(9,9),(
    4.712388980385,6.28318530718),.PIECEWISE_BEZIER_KNOTS.);
#13880 = CARTESIAN_POINT('',(6.28318530718,101.6));
#13881 = CARTESIAN_POINT('',(6.08683576633,102.53511468829));
#13882 = CARTESIAN_POINT('',(5.890486225481,103.47022959874));
#13883 = CARTESIAN_POINT('',(5.694136684632,104.35040690568));
#13884 = CARTESIAN_POINT('',(5.497787143784,105.12071980032));
#13885 = CARTESIAN_POINT('',(5.301437602933,105.73298344503));
#13886 = CARTESIAN_POINT('',(5.105088062084,106.1526605545));
#13887 = CARTESIAN_POINT('',(4.908738521234,106.3625));
#13888 = CARTESIAN_POINT('',(4.712388980385,106.3625));
#13889 = ( GEOMETRIC_REPRESENTATION_CONTEXT(2) 
PARAMETRIC_REPRESENTATION_CONTEXT() REPRESENTATION_CONTEXT('2D SPACE',''
  ) );
#13890 = ORIENTED_EDGE('',*,*,#13891,.T.);
#13891 = EDGE_CURVE('',#13856,#11935,#13892,.T.);
#13892 = SURFACE_CURVE('',#13893,(#13898,#13911),.PCURVE_S1.);
#13893 = ELLIPSE('',#13894,6.735192090802,4.7625);
#13894 = AXIS2_PLACEMENT_3D('',#13895,#13896,#13897);
#13895 = CARTESIAN_POINT('',(-25.4,88.9,0.));
#13896 = DIRECTION('',(-0.707106781187,0.707106781187,0.));
#13897 = DIRECTION('',(0.707106781187,0.707106781187,0.));
#13898 = PCURVE('',#11591,#13899);
#13899 = DEFINITIONAL_REPRESENTATION('',(#13900),#13910);
#13900 = B_SPLINE_CURVE_WITH_KNOTS('',8,(#13901,#13902,#13903,#13904,
    #13905,#13906,#13907,#13908,#13909),.UNSPECIFIED.,.F.,.F.,(9,9),(0.,
    1.570796326795),.PIECEWISE_BEZIER_KNOTS.);
#13901 = CARTESIAN_POINT('',(1.570796326795,93.6625));
#13902 = CARTESIAN_POINT('',(1.767145867644,93.6625));
#13903 = CARTESIAN_POINT('',(1.96349540849,93.452660554223));
#13904 = CARTESIAN_POINT('',(2.159844949352,93.032983445956));
#13905 = CARTESIAN_POINT('',(2.356194490178,92.420719798999));
#13906 = CARTESIAN_POINT('',(2.552544031053,91.65040690676));
#13907 = CARTESIAN_POINT('',(2.748893571888,90.770229598473));
#13908 = CARTESIAN_POINT('',(2.94524311274,89.835114688295));
#13909 = CARTESIAN_POINT('',(3.14159265359,88.9));
#13910 = ( GEOMETRIC_REPRESENTATION_CONTEXT(2) 
PARAMETRIC_REPRESENTATION_CONTEXT() REPRESENTATION_CONTEXT('2D SPACE',''
  ) );
#13911 = PCURVE('',#12601,#13912);
#13912 = DEFINITIONAL_REPRESENTATION('',(#13913),#13923);
#13913 = B_SPLINE_CURVE_WITH_KNOTS('',8,(#13914,#13915,#13916,#13917,
    #13918,#13919,#13920,#13921,#13922),.UNSPECIFIED.,.F.,.F.,(9,9),(0.,
    1.570796326795),.PIECEWISE_BEZIER_KNOTS.);
#13914 = CARTESIAN_POINT('',(4.712388980385,106.3625));
#13915 = CARTESIAN_POINT('',(4.516039439535,106.3625));
#13916 = CARTESIAN_POINT('',(4.319689898684,106.15266055427));
#13917 = CARTESIAN_POINT('',(4.123340357829,105.73298344576));
#13918 = CARTESIAN_POINT('',(3.926990816986,105.12071979939));
#13919 = CARTESIAN_POINT('',(3.730641276128,104.3504069064));
#13920 = CARTESIAN_POINT('',(3.534291735288,103.4702295985));
#13921 = CARTESIAN_POINT('',(3.337942194439,102.53511468829));
#13922 = CARTESIAN_POINT('',(3.14159265359,101.6));
#13923 = ( GEOMETRIC_REPRESENTATION_CONTEXT(2) 
PARAMETRIC_REPRESENTATION_CONTEXT() REPRESENTATION_CONTEXT('2D SPACE',''
  ) );
#13924 = ADVANCED_FACE('',(#13925),#11673,.T.);
#13925 = FACE_BOUND('',#13926,.T.);
#13926 = EDGE_LOOP('',(#13927,#13963,#13997,#14017,#14018,#14019,#14020,
    #14056));
#13927 = ORIENTED_EDGE('',*,*,#13928,.T.);
#13928 = EDGE_CURVE('',#12657,#13929,#13931,.T.);
#13929 = VERTEX_POINT('',#13930);
#13930 = CARTESIAN_POINT('',(20.6375,93.6625,-5.832380380939E-16));
#13931 = SURFACE_CURVE('',#13932,(#13937,#13950),.PCURVE_S1.);
#13932 = ELLIPSE('',#13933,6.735192090802,4.7625);
#13933 = AXIS2_PLACEMENT_3D('',#13934,#13935,#13936);
#13934 = CARTESIAN_POINT('',(25.4,88.9,0.));
#13935 = DIRECTION('',(0.707106781187,0.707106781187,0.));
#13936 = DIRECTION('',(-0.707106781187,0.707106781187,0.));
#13937 = PCURVE('',#11673,#13938);
#13938 = DEFINITIONAL_REPRESENTATION('',(#13939),#13949);
#13939 = B_SPLINE_CURVE_WITH_KNOTS('',8,(#13940,#13941,#13942,#13943,
    #13944,#13945,#13946,#13947,#13948),.UNSPECIFIED.,.F.,.F.,(9,9),(
    4.712388980385,6.28318530718),.PIECEWISE_BEZIER_KNOTS.);
#13940 = CARTESIAN_POINT('',(3.14159265359,88.9));
#13941 = CARTESIAN_POINT('',(3.337942194439,89.835114688295));
#13942 = CARTESIAN_POINT('',(3.53429173528,90.770229598624));
#13943 = CARTESIAN_POINT('',(3.730641276156,91.650406906341));
#13944 = CARTESIAN_POINT('',(3.926990816946,92.42071979969));
#13945 = CARTESIAN_POINT('',(4.12334035785,93.032983445501));
#13946 = CARTESIAN_POINT('',(4.319689898678,93.452660554342));
#13947 = CARTESIAN_POINT('',(4.516039439535,93.6625));
#13948 = CARTESIAN_POINT('',(4.712388980385,93.6625));
#13949 = ( GEOMETRIC_REPRESENTATION_CONTEXT(2) 
PARAMETRIC_REPRESENTATION_CONTEXT() REPRESENTATION_CONTEXT('2D SPACE',''
  ) );
#13950 = PCURVE('',#12601,#13951);
#13951 = DEFINITIONAL_REPRESENTATION('',(#13952),#13962);
#13952 = B_SPLINE_CURVE_WITH_KNOTS('',8,(#13953,#13954,#13955,#13956,
    #13957,#13958,#13959,#13960,#13961),.UNSPECIFIED.,.F.,.F.,(9,9),(
    4.712388980385,6.28318530718),.PIECEWISE_BEZIER_KNOTS.);
#13953 = CARTESIAN_POINT('',(3.14159265359,152.4));
#13954 = CARTESIAN_POINT('',(3.337942194439,151.4648853117));
#13955 = CARTESIAN_POINT('',(3.534291735284,150.52977040112));
#13956 = CARTESIAN_POINT('',(3.730641276131,149.64959309412));
#13957 = CARTESIAN_POINT('',(3.926990816972,148.87928019904));
#13958 = CARTESIAN_POINT('',(4.123340357833,148.26701655495));
#13959 = CARTESIAN_POINT('',(4.319689898683,147.8473394454));
#13960 = CARTESIAN_POINT('',(4.516039439535,147.6375));
#13961 = CARTESIAN_POINT('',(4.712388980385,147.6375));
#13962 = ( GEOMETRIC_REPRESENTATION_CONTEXT(2) 
PARAMETRIC_REPRESENTATION_CONTEXT() REPRESENTATION_CONTEXT('2D SPACE',''
  ) );
#13963 = ORIENTED_EDGE('',*,*,#13964,.T.);
#13964 = EDGE_CURVE('',#13929,#12635,#13965,.T.);
#13965 = SURFACE_CURVE('',#13966,(#13971,#13984),.PCURVE_S1.);
#13966 = ELLIPSE('',#13967,6.735192090802,4.7625);
#13967 = AXIS2_PLACEMENT_3D('',#13968,#13969,#13970);
#13968 = CARTESIAN_POINT('',(25.4,88.9,0.));
#13969 = DIRECTION('',(0.707106781187,0.707106781187,0.));
#13970 = DIRECTION('',(-0.707106781187,0.707106781187,0.));
#13971 = PCURVE('',#11673,#13972);
#13972 = DEFINITIONAL_REPRESENTATION('',(#13973),#13983);
#13973 = B_SPLINE_CURVE_WITH_KNOTS('',8,(#13974,#13975,#13976,#13977,
    #13978,#13979,#13980,#13981,#13982),.UNSPECIFIED.,.F.,.F.,(9,9),(0.,
    1.570796326795),.PIECEWISE_BEZIER_KNOTS.);
#13974 = CARTESIAN_POINT('',(4.712388980385,93.6625));
#13975 = CARTESIAN_POINT('',(4.908738521234,93.6625));
#13976 = CARTESIAN_POINT('',(5.105088062084,93.452660554223));
#13977 = CARTESIAN_POINT('',(5.301437602936,93.032983445956));
#13978 = CARTESIAN_POINT('',(5.497787143782,92.420719798999));
#13979 = CARTESIAN_POINT('',(5.694136684633,91.65040690676));
#13980 = CARTESIAN_POINT('',(5.890486225481,90.770229598473));
#13981 = CARTESIAN_POINT('',(6.08683576633,89.835114688295));
#13982 = CARTESIAN_POINT('',(6.28318530718,88.9));
#13983 = ( GEOMETRIC_REPRESENTATION_CONTEXT(2) 
PARAMETRIC_REPRESENTATION_CONTEXT() REPRESENTATION_CONTEXT('2D SPACE',''
  ) );
#13984 = PCURVE('',#12601,#13985);
#13985 = DEFINITIONAL_REPRESENTATION('',(#13986),#13996);
#13986 = B_SPLINE_CURVE_WITH_KNOTS('',8,(#13987,#13988,#13989,#13990,
    #13991,#13992,#13993,#13994,#13995),.UNSPECIFIED.,.F.,.F.,(9,9),(0.,
    1.570796326795),.PIECEWISE_BEZIER_KNOTS.);
#13987 = CARTESIAN_POINT('',(4.712388980385,147.6375));
#13988 = CARTESIAN_POINT('',(4.908738521234,147.6375));
#13989 = CARTESIAN_POINT('',(5.105088062083,147.84733944541));
#13990 = CARTESIAN_POINT('',(5.301437602935,148.26701655473));
#13991 = CARTESIAN_POINT('',(5.497787143781,148.87928019943));
#13992 = CARTESIAN_POINT('',(5.694136684634,149.64959309395));
#13993 = CARTESIAN_POINT('',(5.890486225481,150.5297704012));
#13994 = CARTESIAN_POINT('',(6.08683576633,151.4648853117));
#13995 = CARTESIAN_POINT('',(6.28318530718,152.4));
#13996 = ( GEOMETRIC_REPRESENTATION_CONTEXT(2) 
PARAMETRIC_REPRESENTATION_CONTEXT() REPRESENTATION_CONTEXT('2D SPACE',''
  ) );
#13997 = ORIENTED_EDGE('',*,*,#13998,.T.);
#13998 = EDGE_CURVE('',#12635,#7820,#13999,.T.);
#13999 = SEAM_CURVE('',#14000,(#14004,#14011),.PCURVE_S1.);
#14000 = LINE('',#14001,#14002);
#14001 = CARTESIAN_POINT('',(25.4,0.,4.7625));
#14002 = VECTOR('',#14003,1.);
#14003 = DIRECTION('',(0.,1.,0.));
#14004 = PCURVE('',#11673,#14005);
#14005 = DEFINITIONAL_REPRESENTATION('',(#14006),#14010);
#14006 = LINE('',#14007,#14008);
#14007 = CARTESIAN_POINT('',(0.,0.));
#14008 = VECTOR('',#14009,1.);
#14009 = DIRECTION('',(0.,1.));
#14010 = ( GEOMETRIC_REPRESENTATION_CONTEXT(2) 
PARAMETRIC_REPRESENTATION_CONTEXT() REPRESENTATION_CONTEXT('2D SPACE',''
  ) );
#14011 = PCURVE('',#11673,#14012);
#14012 = DEFINITIONAL_REPRESENTATION('',(#14013),#14016);
#14013 = B_SPLINE_CURVE_WITH_KNOTS('',1,(#14014,#14015),.UNSPECIFIED.,
  .F.,.F.,(2,2),(0.,177.8),.PIECEWISE_BEZIER_KNOTS.);
#14014 = CARTESIAN_POINT('',(6.28318530718,0.));
#14015 = CARTESIAN_POINT('',(6.28318530718,177.8));
#14016 = ( GEOMETRIC_REPRESENTATION_CONTEXT(2) 
PARAMETRIC_REPRESENTATION_CONTEXT() REPRESENTATION_CONTEXT('2D SPACE',''
  ) );
#14017 = ORIENTED_EDGE('',*,*,#11645,.F.);
#14018 = ORIENTED_EDGE('',*,*,#11823,.F.);
#14019 = ORIENTED_EDGE('',*,*,#13998,.F.);
#14020 = ORIENTED_EDGE('',*,*,#14021,.T.);
#14021 = EDGE_CURVE('',#12635,#14022,#14024,.T.);
#14022 = VERTEX_POINT('',#14023);
#14023 = CARTESIAN_POINT('',(30.1625,93.6625,5.832380380939E-16));
#14024 = SURFACE_CURVE('',#14025,(#14030,#14043),.PCURVE_S1.);
#14025 = ELLIPSE('',#14026,6.735192090802,4.7625);
#14026 = AXIS2_PLACEMENT_3D('',#14027,#14028,#14029);
#14027 = CARTESIAN_POINT('',(25.4,88.9,0.));
#14028 = DIRECTION('',(-0.707106781187,0.707106781187,0.));
#14029 = DIRECTION('',(0.707106781187,0.707106781187,0.));
#14030 = PCURVE('',#11673,#14031);
#14031 = DEFINITIONAL_REPRESENTATION('',(#14032),#14042);
#14032 = B_SPLINE_CURVE_WITH_KNOTS('',8,(#14033,#14034,#14035,#14036,
    #14037,#14038,#14039,#14040,#14041),.UNSPECIFIED.,.F.,.F.,(9,9),(
    4.712388980385,6.28318530718),.PIECEWISE_BEZIER_KNOTS.);
#14033 = CARTESIAN_POINT('',(0.,88.9));
#14034 = CARTESIAN_POINT('',(0.196349540849,89.835114688295));
#14035 = CARTESIAN_POINT('',(0.392699081698,90.770229598624));
#14036 = CARTESIAN_POINT('',(0.589048622549,91.650406906341));
#14037 = CARTESIAN_POINT('',(0.785398163394,92.42071979969));
#14038 = CARTESIAN_POINT('',(0.981747704247,93.032983445501));
#14039 = CARTESIAN_POINT('',(1.178097245096,93.452660554342));
#14040 = CARTESIAN_POINT('',(1.374446785946,93.6625));
#14041 = CARTESIAN_POINT('',(1.570796326795,93.6625));
#14042 = ( GEOMETRIC_REPRESENTATION_CONTEXT(2) 
PARAMETRIC_REPRESENTATION_CONTEXT() REPRESENTATION_CONTEXT('2D SPACE',''
  ) );
#14043 = PCURVE('',#12420,#14044);
#14044 = DEFINITIONAL_REPRESENTATION('',(#14045),#14055);
#14045 = B_SPLINE_CURVE_WITH_KNOTS('',8,(#14046,#14047,#14048,#14049,
    #14050,#14051,#14052,#14053,#14054),.UNSPECIFIED.,.F.,.F.,(9,9),(
    4.712388980385,6.28318530718),.PIECEWISE_BEZIER_KNOTS.);
#14046 = CARTESIAN_POINT('',(6.28318530718,152.4));
#14047 = CARTESIAN_POINT('',(6.08683576633,153.33511468829));
#14048 = CARTESIAN_POINT('',(5.890486225481,154.2702295985));
#14049 = CARTESIAN_POINT('',(5.694136684632,155.15040690637));
#14050 = CARTESIAN_POINT('',(5.497787143784,155.92071979893));
#14051 = CARTESIAN_POINT('',(5.301437602933,156.53298344566));
#14052 = CARTESIAN_POINT('',(5.105088062084,156.95266055426));
#14053 = CARTESIAN_POINT('',(4.908738521234,157.1625));
#14054 = CARTESIAN_POINT('',(4.712388980385,157.1625));
#14055 = ( GEOMETRIC_REPRESENTATION_CONTEXT(2) 
PARAMETRIC_REPRESENTATION_CONTEXT() REPRESENTATION_CONTEXT('2D SPACE',''
  ) );
#14056 = ORIENTED_EDGE('',*,*,#14057,.T.);
#14057 = EDGE_CURVE('',#14022,#12657,#14058,.T.);
#14058 = SURFACE_CURVE('',#14059,(#14064,#14077),.PCURVE_S1.);
#14059 = ELLIPSE('',#14060,6.735192090802,4.7625);
#14060 = AXIS2_PLACEMENT_3D('',#14061,#14062,#14063);
#14061 = CARTESIAN_POINT('',(25.4,88.9,0.));
#14062 = DIRECTION('',(-0.707106781187,0.707106781187,0.));
#14063 = DIRECTION('',(0.707106781187,0.707106781187,0.));
#14064 = PCURVE('',#11673,#14065);
#14065 = DEFINITIONAL_REPRESENTATION('',(#14066),#14076);
#14066 = B_SPLINE_CURVE_WITH_KNOTS('',8,(#14067,#14068,#14069,#14070,
    #14071,#14072,#14073,#14074,#14075),.UNSPECIFIED.,.F.,.F.,(9,9),(0.,
    1.570796326795),.PIECEWISE_BEZIER_KNOTS.);
#14067 = CARTESIAN_POINT('',(1.570796326795,93.6625));
#14068 = CARTESIAN_POINT('',(1.767145867644,93.6625));
#14069 = CARTESIAN_POINT('',(1.96349540849,93.452660554223));
#14070 = CARTESIAN_POINT('',(2.159844949352,93.032983445956));
#14071 = CARTESIAN_POINT('',(2.356194490178,92.420719798999));
#14072 = CARTESIAN_POINT('',(2.552544031053,91.65040690676));
#14073 = CARTESIAN_POINT('',(2.748893571888,90.770229598473));
#14074 = CARTESIAN_POINT('',(2.94524311274,89.835114688295));
#14075 = CARTESIAN_POINT('',(3.14159265359,88.9));
#14076 = ( GEOMETRIC_REPRESENTATION_CONTEXT(2) 
PARAMETRIC_REPRESENTATION_CONTEXT() REPRESENTATION_CONTEXT('2D SPACE',''
  ) );
#14077 = PCURVE('',#12420,#14078);
#14078 = DEFINITIONAL_REPRESENTATION('',(#14079),#14089);
#14079 = B_SPLINE_CURVE_WITH_KNOTS('',8,(#14080,#14081,#14082,#14083,
    #14084,#14085,#14086,#14087,#14088),.UNSPECIFIED.,.F.,.F.,(9,9),(0.,
    1.570796326795),.PIECEWISE_BEZIER_KNOTS.);
#14080 = CARTESIAN_POINT('',(4.712388980385,157.1625));
#14081 = CARTESIAN_POINT('',(4.516039439535,157.1625));
#14082 = CARTESIAN_POINT('',(4.319689898684,156.95266055426));
#14083 = CARTESIAN_POINT('',(4.123340357829,156.53298344571));
#14084 = CARTESIAN_POINT('',(3.926990816986,155.9207197989));
#14085 = CARTESIAN_POINT('',(3.730641276128,155.15040690649));
#14086 = CARTESIAN_POINT('',(3.534291735288,154.27022959849));
#14087 = CARTESIAN_POINT('',(3.337942194439,153.33511468829));
#14088 = CARTESIAN_POINT('',(3.14159265359,152.4));
#14089 = ( GEOMETRIC_REPRESENTATION_CONTEXT(2) 
PARAMETRIC_REPRESENTATION_CONTEXT() REPRESENTATION_CONTEXT('2D SPACE',''
  ) );
#14090 = ADVANCED_FACE('',(#14091),#12059,.T.);
#14091 = FACE_BOUND('',#14092,.T.);
#14092 = EDGE_LOOP('',(#14093,#14094,#14095,#14115,#14168,#14169,#14170,
    #14171));
#14093 = ORIENTED_EDGE('',*,*,#13194,.T.);
#14094 = ORIENTED_EDGE('',*,*,#13158,.T.);
#14095 = ORIENTED_EDGE('',*,*,#14096,.T.);
#14096 = EDGE_CURVE('',#10276,#12140,#14097,.T.);
#14097 = SEAM_CURVE('',#14098,(#14102,#14109),.PCURVE_S1.);
#14098 = LINE('',#14099,#14100);
#14099 = CARTESIAN_POINT('',(76.2,0.,106.3625));
#14100 = VECTOR('',#14101,1.);
#14101 = DIRECTION('',(0.,1.,0.));
#14102 = PCURVE('',#12059,#14103);
#14103 = DEFINITIONAL_REPRESENTATION('',(#14104),#14108);
#14104 = LINE('',#14105,#14106);
#14105 = CARTESIAN_POINT('',(0.,0.));
#14106 = VECTOR('',#14107,1.);
#14107 = DIRECTION('',(0.,1.));
#14108 = ( GEOMETRIC_REPRESENTATION_CONTEXT(2) 
PARAMETRIC_REPRESENTATION_CONTEXT() REPRESENTATION_CONTEXT('2D SPACE',''
  ) );
#14109 = PCURVE('',#12059,#14110);
#14110 = DEFINITIONAL_REPRESENTATION('',(#14111),#14114);
#14111 = B_SPLINE_CURVE_WITH_KNOTS('',1,(#14112,#14113),.UNSPECIFIED.,
  .F.,.F.,(2,2),(0.,177.8),.PIECEWISE_BEZIER_KNOTS.);
#14112 = CARTESIAN_POINT('',(6.28318530718,0.));
#14113 = CARTESIAN_POINT('',(6.28318530718,177.8));
#14114 = ( GEOMETRIC_REPRESENTATION_CONTEXT(2) 
PARAMETRIC_REPRESENTATION_CONTEXT() REPRESENTATION_CONTEXT('2D SPACE',''
  ) );
#14115 = ORIENTED_EDGE('',*,*,#14116,.F.);
#14116 = EDGE_CURVE('',#12207,#12140,#14117,.T.);
#14117 = SURFACE_CURVE('',#14118,(#14123,#14143),.PCURVE_S1.);
#14118 = ELLIPSE('',#14119,6.735192090802,4.7625);
#14119 = AXIS2_PLACEMENT_3D('',#14120,#14121,#14122);
#14120 = CARTESIAN_POINT('',(76.2,88.9,101.6));
#14121 = DIRECTION('',(-0.707106781187,0.707106781187,0.));
#14122 = DIRECTION('',(0.707106781187,0.707106781187,0.));
#14123 = PCURVE('',#12059,#14124);
#14124 = DEFINITIONAL_REPRESENTATION('',(#14125),#14142);
#14125 = B_SPLINE_CURVE_WITH_KNOTS('',8,(#14126,#14127,#14128,#14129,
    #14130,#14131,#14132,#14133,#14134,#14135,#14136,#14137,#14138,
    #14139,#14140,#14141),.UNSPECIFIED.,.F.,.F.,(9,7,9),(1.570796326795,
    3.14159265359,4.712388980385),.UNSPECIFIED.);
#14126 = CARTESIAN_POINT('',(3.14159265359,88.9));
#14127 = CARTESIAN_POINT('',(3.337942194439,87.964885311705));
#14128 = CARTESIAN_POINT('',(3.53429173529,87.029770401285));
#14129 = CARTESIAN_POINT('',(3.730641276136,86.149593093531));
#14130 = CARTESIAN_POINT('',(3.926990816993,85.379280200073));
#14131 = CARTESIAN_POINT('',(4.123340357835,84.767016554372));
#14132 = CARTESIAN_POINT('',(4.319689898687,84.347339445559));
#14133 = CARTESIAN_POINT('',(4.516039439535,84.1375));
#14134 = CARTESIAN_POINT('',(4.908738521234,84.1375));
#14135 = CARTESIAN_POINT('',(5.105088062083,84.347339445616));
#14136 = CARTESIAN_POINT('',(5.301437602935,84.767016554167));
#14137 = CARTESIAN_POINT('',(5.49778714378,85.379280200145));
#14138 = CARTESIAN_POINT('',(5.694136684634,86.149593093383));
#14139 = CARTESIAN_POINT('',(5.89048622548,87.029770401356));
#14140 = CARTESIAN_POINT('',(6.08683576633,87.964885311705));
#14141 = CARTESIAN_POINT('',(6.28318530718,88.9));
#14142 = ( GEOMETRIC_REPRESENTATION_CONTEXT(2) 
PARAMETRIC_REPRESENTATION_CONTEXT() REPRESENTATION_CONTEXT('2D SPACE',''
  ) );
#14143 = PCURVE('',#14144,#14149);
#14144 = CYLINDRICAL_SURFACE('',#14145,4.7625);
#14145 = AXIS2_PLACEMENT_3D('',#14146,#14147,#14148);
#14146 = CARTESIAN_POINT('',(-127.,88.9,101.6));
#14147 = DIRECTION('',(1.,0.,0.));
#14148 = DIRECTION('',(0.,0.,1.));
#14149 = DEFINITIONAL_REPRESENTATION('',(#14150),#14167);
#14150 = B_SPLINE_CURVE_WITH_KNOTS('',8,(#14151,#14152,#14153,#14154,
    #14155,#14156,#14157,#14158,#14159,#14160,#14161,#14162,#14163,
    #14164,#14165,#14166),.UNSPECIFIED.,.F.,.F.,(9,7,9),(1.570796326795,
    3.14159265359,4.712388980385),.UNSPECIFIED.);
#14151 = CARTESIAN_POINT('',(3.14159265359,203.2));
#14152 = CARTESIAN_POINT('',(2.94524311274,202.2648853117));
#14153 = CARTESIAN_POINT('',(2.748893571889,201.32977040145));
#14154 = CARTESIAN_POINT('',(2.552544031047,200.44959309237));
#14155 = CARTESIAN_POINT('',(2.35619449018,199.6792802011));
#14156 = CARTESIAN_POINT('',(2.159844949349,199.06701655329));
#14157 = CARTESIAN_POINT('',(1.963495408492,198.64733944577));
#14158 = CARTESIAN_POINT('',(1.767145867644,198.4375));
#14159 = CARTESIAN_POINT('',(1.374446785946,198.4375));
#14160 = CARTESIAN_POINT('',(1.178097245096,198.64733944554));
#14161 = CARTESIAN_POINT('',(0.981747704245,199.06701655399));
#14162 = CARTESIAN_POINT('',(0.785398163396,199.67928019982));
#14163 = CARTESIAN_POINT('',(0.589048622546,200.44959309326));
#14164 = CARTESIAN_POINT('',(0.392699081698,201.32977040133));
#14165 = CARTESIAN_POINT('',(0.196349540849,202.2648853117));
#14166 = CARTESIAN_POINT('',(0.,203.2));
#14167 = ( GEOMETRIC_REPRESENTATION_CONTEXT(2) 
PARAMETRIC_REPRESENTATION_CONTEXT() REPRESENTATION_CONTEXT('2D SPACE',''
  ) );
#14168 = ORIENTED_EDGE('',*,*,#12206,.F.);
#14169 = ORIENTED_EDGE('',*,*,#14096,.F.);
#14170 = ORIENTED_EDGE('',*,*,#12036,.T.);
#14171 = ORIENTED_EDGE('',*,*,#12102,.T.);
#14172 = ADVANCED_FACE('',(#14173),#12164,.T.);
#14173 = FACE_BOUND('',#14174,.T.);
#14174 = EDGE_LOOP('',(#14175,#14211,#14245,#14265,#14266,#14267,#14268,
    #14269));
#14175 = ORIENTED_EDGE('',*,*,#14176,.T.);
#14176 = EDGE_CURVE('',#12207,#14177,#14179,.T.);
#14177 = VERTEX_POINT('',#14178);
#14178 = CARTESIAN_POINT('',(71.4375,93.6625,101.6));
#14179 = SURFACE_CURVE('',#14180,(#14185,#14198),.PCURVE_S1.);
#14180 = ELLIPSE('',#14181,6.735192090802,4.7625);
#14181 = AXIS2_PLACEMENT_3D('',#14182,#14183,#14184);
#14182 = CARTESIAN_POINT('',(76.2,88.9,101.6));
#14183 = DIRECTION('',(0.707106781187,0.707106781187,0.));
#14184 = DIRECTION('',(-0.707106781187,0.707106781187,0.));
#14185 = PCURVE('',#12164,#14186);
#14186 = DEFINITIONAL_REPRESENTATION('',(#14187),#14197);
#14187 = B_SPLINE_CURVE_WITH_KNOTS('',8,(#14188,#14189,#14190,#14191,
    #14192,#14193,#14194,#14195,#14196),.UNSPECIFIED.,.F.,.F.,(9,9),(
    4.712388980385,6.28318530718),.PIECEWISE_BEZIER_KNOTS.);
#14188 = CARTESIAN_POINT('',(3.14159265359,88.9));
#14189 = CARTESIAN_POINT('',(3.337942194439,89.835114688295));
#14190 = CARTESIAN_POINT('',(3.534291735284,90.770229598624));
#14191 = CARTESIAN_POINT('',(3.730641276133,91.650406906341));
#14192 = CARTESIAN_POINT('',(3.92699081697,92.42071979969));
#14193 = CARTESIAN_POINT('',(4.123340357835,93.032983445501));
#14194 = CARTESIAN_POINT('',(4.319689898682,93.452660554342));
#14195 = CARTESIAN_POINT('',(4.516039439535,93.6625));
#14196 = CARTESIAN_POINT('',(4.712388980385,93.6625));
#14197 = ( GEOMETRIC_REPRESENTATION_CONTEXT(2) 
PARAMETRIC_REPRESENTATION_CONTEXT() REPRESENTATION_CONTEXT('2D SPACE',''
  ) );
#14198 = PCURVE('',#14144,#14199);
#14199 = DEFINITIONAL_REPRESENTATION('',(#14200),#14210);
#14200 = B_SPLINE_CURVE_WITH_KNOTS('',8,(#14201,#14202,#14203,#14204,
    #14205,#14206,#14207,#14208,#14209),.UNSPECIFIED.,.F.,.F.,(9,9),(
    4.712388980385,6.28318530718),.PIECEWISE_BEZIER_KNOTS.);
#14201 = CARTESIAN_POINT('',(3.14159265359,203.2));
#14202 = CARTESIAN_POINT('',(3.337942194439,202.2648853117));
#14203 = CARTESIAN_POINT('',(3.534291735284,201.32977040145));
#14204 = CARTESIAN_POINT('',(3.730641276133,200.44959309237));
#14205 = CARTESIAN_POINT('',(3.92699081697,199.6792802011));
#14206 = CARTESIAN_POINT('',(4.123340357835,199.06701655329));
#14207 = CARTESIAN_POINT('',(4.319689898682,198.64733944577));
#14208 = CARTESIAN_POINT('',(4.516039439535,198.4375));
#14209 = CARTESIAN_POINT('',(4.712388980385,198.4375));
#14210 = ( GEOMETRIC_REPRESENTATION_CONTEXT(2) 
PARAMETRIC_REPRESENTATION_CONTEXT() REPRESENTATION_CONTEXT('2D SPACE',''
  ) );
#14211 = ORIENTED_EDGE('',*,*,#14212,.T.);
#14212 = EDGE_CURVE('',#14177,#12140,#14213,.T.);
#14213 = SURFACE_CURVE('',#14214,(#14219,#14232),.PCURVE_S1.);
#14214 = ELLIPSE('',#14215,6.735192090802,4.7625);
#14215 = AXIS2_PLACEMENT_3D('',#14216,#14217,#14218);
#14216 = CARTESIAN_POINT('',(76.2,88.9,101.6));
#14217 = DIRECTION('',(0.707106781187,0.707106781187,0.));
#14218 = DIRECTION('',(-0.707106781187,0.707106781187,0.));
#14219 = PCURVE('',#12164,#14220);
#14220 = DEFINITIONAL_REPRESENTATION('',(#14221),#14231);
#14221 = B_SPLINE_CURVE_WITH_KNOTS('',8,(#14222,#14223,#14224,#14225,
    #14226,#14227,#14228,#14229,#14230),.UNSPECIFIED.,.F.,.F.,(9,9),(0.,
    1.570796326795),.PIECEWISE_BEZIER_KNOTS.);
#14222 = CARTESIAN_POINT('',(4.712388980385,93.6625));
#14223 = CARTESIAN_POINT('',(4.908738521234,93.6625));
#14224 = CARTESIAN_POINT('',(5.105088062083,93.452660554223));
#14225 = CARTESIAN_POINT('',(5.301437602938,93.032983445956));
#14226 = CARTESIAN_POINT('',(5.497787143778,92.420719798999));
#14227 = CARTESIAN_POINT('',(5.694136684636,91.65040690676));
#14228 = CARTESIAN_POINT('',(5.89048622548,90.770229598473));
#14229 = CARTESIAN_POINT('',(6.08683576633,89.835114688295));
#14230 = CARTESIAN_POINT('',(6.28318530718,88.9));
#14231 = ( GEOMETRIC_REPRESENTATION_CONTEXT(2) 
PARAMETRIC_REPRESENTATION_CONTEXT() REPRESENTATION_CONTEXT('2D SPACE',''
  ) );
#14232 = PCURVE('',#14144,#14233);
#14233 = DEFINITIONAL_REPRESENTATION('',(#14234),#14244);
#14234 = B_SPLINE_CURVE_WITH_KNOTS('',8,(#14235,#14236,#14237,#14238,
    #14239,#14240,#14241,#14242,#14243),.UNSPECIFIED.,.F.,.F.,(9,9),(0.,
    1.570796326795),.PIECEWISE_BEZIER_KNOTS.);
#14235 = CARTESIAN_POINT('',(4.712388980385,198.4375));
#14236 = CARTESIAN_POINT('',(4.908738521234,198.4375));
#14237 = CARTESIAN_POINT('',(5.105088062083,198.64733944554));
#14238 = CARTESIAN_POINT('',(5.301437602938,199.06701655399));
#14239 = CARTESIAN_POINT('',(5.497787143778,199.67928019982));
#14240 = CARTESIAN_POINT('',(5.694136684636,200.44959309326));
#14241 = CARTESIAN_POINT('',(5.89048622548,201.32977040133));
#14242 = CARTESIAN_POINT('',(6.08683576633,202.2648853117));
#14243 = CARTESIAN_POINT('',(6.28318530718,203.2));
#14244 = ( GEOMETRIC_REPRESENTATION_CONTEXT(2) 
PARAMETRIC_REPRESENTATION_CONTEXT() REPRESENTATION_CONTEXT('2D SPACE',''
  ) );
#14245 = ORIENTED_EDGE('',*,*,#14246,.T.);
#14246 = EDGE_CURVE('',#12140,#11379,#14247,.T.);
#14247 = SEAM_CURVE('',#14248,(#14252,#14259),.PCURVE_S1.);
#14248 = LINE('',#14249,#14250);
#14249 = CARTESIAN_POINT('',(76.2,0.,106.3625));
#14250 = VECTOR('',#14251,1.);
#14251 = DIRECTION('',(0.,1.,0.));
#14252 = PCURVE('',#12164,#14253);
#14253 = DEFINITIONAL_REPRESENTATION('',(#14254),#14258);
#14254 = LINE('',#14255,#14256);
#14255 = CARTESIAN_POINT('',(0.,0.));
#14256 = VECTOR('',#14257,1.);
#14257 = DIRECTION('',(0.,1.));
#14258 = ( GEOMETRIC_REPRESENTATION_CONTEXT(2) 
PARAMETRIC_REPRESENTATION_CONTEXT() REPRESENTATION_CONTEXT('2D SPACE',''
  ) );
#14259 = PCURVE('',#12164,#14260);
#14260 = DEFINITIONAL_REPRESENTATION('',(#14261),#14264);
#14261 = B_SPLINE_CURVE_WITH_KNOTS('',1,(#14262,#14263),.UNSPECIFIED.,
  .F.,.F.,(2,2),(0.,177.8),.PIECEWISE_BEZIER_KNOTS.);
#14262 = CARTESIAN_POINT('',(6.28318530718,0.));
#14263 = CARTESIAN_POINT('',(6.28318530718,177.8));
#14264 = ( GEOMETRIC_REPRESENTATION_CONTEXT(2) 
PARAMETRIC_REPRESENTATION_CONTEXT() REPRESENTATION_CONTEXT('2D SPACE',''
  ) );
#14265 = ORIENTED_EDGE('',*,*,#13729,.F.);
#14266 = ORIENTED_EDGE('',*,*,#12318,.F.);
#14267 = ORIENTED_EDGE('',*,*,#14246,.F.);
#14268 = ORIENTED_EDGE('',*,*,#12139,.T.);
#14269 = ORIENTED_EDGE('',*,*,#12256,.T.);
#14270 = ADVANCED_FACE('',(#14271),#12420,.T.);
#14271 = FACE_BOUND('',#14272,.T.);
#14272 = EDGE_LOOP('',(#14273,#14274,#14294,#14295,#14296,#14297,#14298,
    #14299));
#14273 = ORIENTED_EDGE('',*,*,#14021,.F.);
#14274 = ORIENTED_EDGE('',*,*,#14275,.T.);
#14275 = EDGE_CURVE('',#12635,#9156,#14276,.T.);
#14276 = SEAM_CURVE('',#14277,(#14281,#14288),.PCURVE_S1.);
#14277 = LINE('',#14278,#14279);
#14278 = CARTESIAN_POINT('',(-127.,88.9,4.7625));
#14279 = VECTOR('',#14280,1.);
#14280 = DIRECTION('',(1.,0.,0.));
#14281 = PCURVE('',#12420,#14282);
#14282 = DEFINITIONAL_REPRESENTATION('',(#14283),#14287);
#14283 = LINE('',#14284,#14285);
#14284 = CARTESIAN_POINT('',(0.,0.));
#14285 = VECTOR('',#14286,1.);
#14286 = DIRECTION('',(0.,1.));
#14287 = ( GEOMETRIC_REPRESENTATION_CONTEXT(2) 
PARAMETRIC_REPRESENTATION_CONTEXT() REPRESENTATION_CONTEXT('2D SPACE',''
  ) );
#14288 = PCURVE('',#12420,#14289);
#14289 = DEFINITIONAL_REPRESENTATION('',(#14290),#14293);
#14290 = B_SPLINE_CURVE_WITH_KNOTS('',1,(#14291,#14292),.UNSPECIFIED.,
  .F.,.F.,(2,2),(0.,254.),.PIECEWISE_BEZIER_KNOTS.);
#14291 = CARTESIAN_POINT('',(6.28318530718,0.));
#14292 = CARTESIAN_POINT('',(6.28318530718,254.));
#14293 = ( GEOMETRIC_REPRESENTATION_CONTEXT(2) 
PARAMETRIC_REPRESENTATION_CONTEXT() REPRESENTATION_CONTEXT('2D SPACE',''
  ) );
#14294 = ORIENTED_EDGE('',*,*,#12488,.F.);
#14295 = ORIENTED_EDGE('',*,*,#12452,.F.);
#14296 = ORIENTED_EDGE('',*,*,#12392,.T.);
#14297 = ORIENTED_EDGE('',*,*,#14275,.F.);
#14298 = ORIENTED_EDGE('',*,*,#12706,.T.);
#14299 = ORIENTED_EDGE('',*,*,#14057,.F.);
#14300 = ADVANCED_FACE('',(#14301),#12601,.T.);
#14301 = FACE_BOUND('',#14302,.T.);
#14302 = EDGE_LOOP('',(#14303,#14304,#14324,#14325,#14326,#14327,#14328,
    #14329));
#14303 = ORIENTED_EDGE('',*,*,#13855,.F.);
#14304 = ORIENTED_EDGE('',*,*,#14305,.T.);
#14305 = EDGE_CURVE('',#11877,#12635,#14306,.T.);
#14306 = SEAM_CURVE('',#14307,(#14311,#14318),.PCURVE_S1.);
#14307 = LINE('',#14308,#14309);
#14308 = CARTESIAN_POINT('',(-127.,88.9,4.7625));
#14309 = VECTOR('',#14310,1.);
#14310 = DIRECTION('',(1.,0.,0.));
#14311 = PCURVE('',#12601,#14312);
#14312 = DEFINITIONAL_REPRESENTATION('',(#14313),#14317);
#14313 = LINE('',#14314,#14315);
#14314 = CARTESIAN_POINT('',(0.,0.));
#14315 = VECTOR('',#14316,1.);
#14316 = DIRECTION('',(0.,1.));
#14317 = ( GEOMETRIC_REPRESENTATION_CONTEXT(2) 
PARAMETRIC_REPRESENTATION_CONTEXT() REPRESENTATION_CONTEXT('2D SPACE',''
  ) );
#14318 = PCURVE('',#12601,#14319);
#14319 = DEFINITIONAL_REPRESENTATION('',(#14320),#14323);
#14320 = B_SPLINE_CURVE_WITH_KNOTS('',1,(#14321,#14322),.UNSPECIFIED.,
  .F.,.F.,(2,2),(0.,254.),.PIECEWISE_BEZIER_KNOTS.);
#14321 = CARTESIAN_POINT('',(6.28318530718,0.));
#14322 = CARTESIAN_POINT('',(6.28318530718,254.));
#14323 = ( GEOMETRIC_REPRESENTATION_CONTEXT(2) 
PARAMETRIC_REPRESENTATION_CONTEXT() REPRESENTATION_CONTEXT('2D SPACE',''
  ) );
#14324 = ORIENTED_EDGE('',*,*,#13964,.F.);
#14325 = ORIENTED_EDGE('',*,*,#13928,.F.);
#14326 = ORIENTED_EDGE('',*,*,#12656,.T.);
#14327 = ORIENTED_EDGE('',*,*,#14305,.F.);
#14328 = ORIENTED_EDGE('',*,*,#12573,.T.);
#14329 = ORIENTED_EDGE('',*,*,#13891,.F.);
#14330 = ADVANCED_FACE('',(#14331),#12839,.T.);
#14331 = FACE_BOUND('',#14332,.T.);
#14332 = EDGE_LOOP('',(#14333,#14334,#14335,#14357,#14407,#14460,#14461,
    #14462));
#14333 = ORIENTED_EDGE('',*,*,#12857,.T.);
#14334 = ORIENTED_EDGE('',*,*,#12816,.T.);
#14335 = ORIENTED_EDGE('',*,*,#14336,.T.);
#14336 = EDGE_CURVE('',#10010,#14337,#14339,.T.);
#14337 = VERTEX_POINT('',#14338);
#14338 = CARTESIAN_POINT('',(-25.4,88.9,106.3625));
#14339 = SEAM_CURVE('',#14340,(#14344,#14351),.PCURVE_S1.);
#14340 = LINE('',#14341,#14342);
#14341 = CARTESIAN_POINT('',(-25.4,0.,106.3625));
#14342 = VECTOR('',#14343,1.);
#14343 = DIRECTION('',(0.,1.,0.));
#14344 = PCURVE('',#12839,#14345);
#14345 = DEFINITIONAL_REPRESENTATION('',(#14346),#14350);
#14346 = LINE('',#14347,#14348);
#14347 = CARTESIAN_POINT('',(0.,0.));
#14348 = VECTOR('',#14349,1.);
#14349 = DIRECTION('',(0.,1.));
#14350 = ( GEOMETRIC_REPRESENTATION_CONTEXT(2) 
PARAMETRIC_REPRESENTATION_CONTEXT() REPRESENTATION_CONTEXT('2D SPACE',''
  ) );
#14351 = PCURVE('',#12839,#14352);
#14352 = DEFINITIONAL_REPRESENTATION('',(#14353),#14356);
#14353 = B_SPLINE_CURVE_WITH_KNOTS('',1,(#14354,#14355),.UNSPECIFIED.,
  .F.,.F.,(2,2),(0.,177.8),.PIECEWISE_BEZIER_KNOTS.);
#14354 = CARTESIAN_POINT('',(6.28318530718,0.));
#14355 = CARTESIAN_POINT('',(6.28318530718,177.8));
#14356 = ( GEOMETRIC_REPRESENTATION_CONTEXT(2) 
PARAMETRIC_REPRESENTATION_CONTEXT() REPRESENTATION_CONTEXT('2D SPACE',''
  ) );
#14357 = ORIENTED_EDGE('',*,*,#14358,.F.);
#14358 = EDGE_CURVE('',#14359,#14337,#14361,.T.);
#14359 = VERTEX_POINT('',#14360);
#14360 = CARTESIAN_POINT('',(-25.4,88.9,96.8375));
#14361 = SURFACE_CURVE('',#14362,(#14367,#14387),.PCURVE_S1.);
#14362 = ELLIPSE('',#14363,6.735192090802,4.7625);
#14363 = AXIS2_PLACEMENT_3D('',#14364,#14365,#14366);
#14364 = CARTESIAN_POINT('',(-25.4,88.9,101.6));
#14365 = DIRECTION('',(-0.707106781187,0.707106781187,0.));
#14366 = DIRECTION('',(0.707106781187,0.707106781187,0.));
#14367 = PCURVE('',#12839,#14368);
#14368 = DEFINITIONAL_REPRESENTATION('',(#14369),#14386);
#14369 = B_SPLINE_CURVE_WITH_KNOTS('',8,(#14370,#14371,#14372,#14373,
    #14374,#14375,#14376,#14377,#14378,#14379,#14380,#14381,#14382,
    #14383,#14384,#14385),.UNSPECIFIED.,.F.,.F.,(9,7,9),(1.570796326795,
    3.14159265359,4.712388980385),.UNSPECIFIED.);
#14370 = CARTESIAN_POINT('',(3.14159265359,88.9));
#14371 = CARTESIAN_POINT('',(3.337942194439,87.964885311705));
#14372 = CARTESIAN_POINT('',(3.53429173529,87.029770401285));
#14373 = CARTESIAN_POINT('',(3.730641276142,86.149593093531));
#14374 = CARTESIAN_POINT('',(3.926990816993,85.379280200073));
#14375 = CARTESIAN_POINT('',(4.123340357838,84.767016554372));
#14376 = CARTESIAN_POINT('',(4.319689898687,84.347339445559));
#14377 = CARTESIAN_POINT('',(4.516039439535,84.1375));
#14378 = CARTESIAN_POINT('',(4.908738521234,84.1375));
#14379 = CARTESIAN_POINT('',(5.105088062083,84.347339445616));
#14380 = CARTESIAN_POINT('',(5.301437602938,84.767016554167));
#14381 = CARTESIAN_POINT('',(5.497787143778,85.379280200145));
#14382 = CARTESIAN_POINT('',(5.694136684636,86.149593093383));
#14383 = CARTESIAN_POINT('',(5.89048622548,87.029770401356));
#14384 = CARTESIAN_POINT('',(6.08683576633,87.964885311705));
#14385 = CARTESIAN_POINT('',(6.28318530718,88.9));
#14386 = ( GEOMETRIC_REPRESENTATION_CONTEXT(2) 
PARAMETRIC_REPRESENTATION_CONTEXT() REPRESENTATION_CONTEXT('2D SPACE',''
  ) );
#14387 = PCURVE('',#13319,#14388);
#14388 = DEFINITIONAL_REPRESENTATION('',(#14389),#14406);
#14389 = B_SPLINE_CURVE_WITH_KNOTS('',8,(#14390,#14391,#14392,#14393,
    #14394,#14395,#14396,#14397,#14398,#14399,#14400,#14401,#14402,
    #14403,#14404,#14405),.UNSPECIFIED.,.F.,.F.,(9,7,9),(1.570796326795,
    3.14159265359,4.712388980385),.UNSPECIFIED.);
#14390 = CARTESIAN_POINT('',(3.14159265359,101.6));
#14391 = CARTESIAN_POINT('',(2.94524311274,100.6648853117));
#14392 = CARTESIAN_POINT('',(2.748893571889,99.729770401288));
#14393 = CARTESIAN_POINT('',(2.552544031047,98.849593093664));
#14394 = CARTESIAN_POINT('',(2.35619449018,98.079280199716));
#14395 = CARTESIAN_POINT('',(2.159844949349,97.467016554542));
#14396 = CARTESIAN_POINT('',(1.963495408492,97.047339445535));
#14397 = CARTESIAN_POINT('',(1.767145867644,96.8375));
#14398 = CARTESIAN_POINT('',(1.374446785946,96.8375));
#14399 = CARTESIAN_POINT('',(1.178097245096,97.047339445533));
#14400 = CARTESIAN_POINT('',(0.981747704245,97.467016554384));
#14401 = CARTESIAN_POINT('',(0.785398163396,98.079280199929));
#14402 = CARTESIAN_POINT('',(0.589048622546,98.849593093509));
#14403 = CARTESIAN_POINT('',(0.392699081698,99.729770401331));
#14404 = CARTESIAN_POINT('',(0.196349540849,100.6648853117));
#14405 = CARTESIAN_POINT('',(0.,101.6));
#14406 = ( GEOMETRIC_REPRESENTATION_CONTEXT(2) 
PARAMETRIC_REPRESENTATION_CONTEXT() REPRESENTATION_CONTEXT('2D SPACE',''
  ) );
#14407 = ORIENTED_EDGE('',*,*,#14408,.F.);
#14408 = EDGE_CURVE('',#14337,#14359,#14409,.T.);
#14409 = SURFACE_CURVE('',#14410,(#14415,#14435),.PCURVE_S1.);
#14410 = ELLIPSE('',#14411,6.735192090802,4.7625);
#14411 = AXIS2_PLACEMENT_3D('',#14412,#14413,#14414);
#14412 = CARTESIAN_POINT('',(-25.4,88.9,101.6));
#14413 = DIRECTION('',(0.707106781187,0.707106781187,0.));
#14414 = DIRECTION('',(-0.707106781187,0.707106781187,0.));
#14415 = PCURVE('',#12839,#14416);
#14416 = DEFINITIONAL_REPRESENTATION('',(#14417),#14434);
#14417 = B_SPLINE_CURVE_WITH_KNOTS('',8,(#14418,#14419,#14420,#14421,
    #14422,#14423,#14424,#14425,#14426,#14427,#14428,#14429,#14430,
    #14431,#14432,#14433),.UNSPECIFIED.,.F.,.F.,(9,7,9),(1.570796326795,
    3.14159265359,4.712388980385),.UNSPECIFIED.);
#14418 = CARTESIAN_POINT('',(0.,88.9));
#14419 = CARTESIAN_POINT('',(0.196349540849,87.964885311705));
#14420 = CARTESIAN_POINT('',(0.392699081698,87.029770401285));
#14421 = CARTESIAN_POINT('',(0.589048622547,86.149593093531));
#14422 = CARTESIAN_POINT('',(0.785398163394,85.379280200073));
#14423 = CARTESIAN_POINT('',(0.981747704246,84.767016554372));
#14424 = CARTESIAN_POINT('',(1.178097245096,84.347339445559));
#14425 = CARTESIAN_POINT('',(1.374446785946,84.1375));
#14426 = CARTESIAN_POINT('',(1.767145867644,84.1375));
#14427 = CARTESIAN_POINT('',(1.963495408492,84.347339445616));
#14428 = CARTESIAN_POINT('',(2.159844949345,84.767016554167));
#14429 = CARTESIAN_POINT('',(2.35619449019,85.379280200145));
#14430 = CARTESIAN_POINT('',(2.552544031045,86.149593093383));
#14431 = CARTESIAN_POINT('',(2.74889357189,87.029770401356));
#14432 = CARTESIAN_POINT('',(2.94524311274,87.964885311705));
#14433 = CARTESIAN_POINT('',(3.14159265359,88.9));
#14434 = ( GEOMETRIC_REPRESENTATION_CONTEXT(2) 
PARAMETRIC_REPRESENTATION_CONTEXT() REPRESENTATION_CONTEXT('2D SPACE',''
  ) );
#14435 = PCURVE('',#14436,#14441);
#14436 = CYLINDRICAL_SURFACE('',#14437,4.7625);
#14437 = AXIS2_PLACEMENT_3D('',#14438,#14439,#14440);
#14438 = CARTESIAN_POINT('',(-127.,88.9,101.6));
#14439 = DIRECTION('',(1.,0.,0.));
#14440 = DIRECTION('',(0.,0.,1.));
#14441 = DEFINITIONAL_REPRESENTATION('',(#14442),#14459);
#14442 = B_SPLINE_CURVE_WITH_KNOTS('',8,(#14443,#14444,#14445,#14446,
    #14447,#14448,#14449,#14450,#14451,#14452,#14453,#14454,#14455,
    #14456,#14457,#14458),.UNSPECIFIED.,.F.,.F.,(9,7,9),(1.570796326795,
    3.14159265359,4.712388980385),.UNSPECIFIED.);
#14443 = CARTESIAN_POINT('',(0.,101.6));
#14444 = CARTESIAN_POINT('',(0.196349540849,102.53511468829));
#14445 = CARTESIAN_POINT('',(0.392699081698,103.47022959874));
#14446 = CARTESIAN_POINT('',(0.589048622548,104.35040690568));
#14447 = CARTESIAN_POINT('',(0.785398163394,105.12071980032));
#14448 = CARTESIAN_POINT('',(0.981747704247,105.73298344503));
#14449 = CARTESIAN_POINT('',(1.178097245095,106.1526605545));
#14450 = CARTESIAN_POINT('',(1.374446785946,106.3625));
#14451 = CARTESIAN_POINT('',(1.767145867644,106.3625));
#14452 = CARTESIAN_POINT('',(1.96349540849,106.15266055427));
#14453 = CARTESIAN_POINT('',(2.159844949352,105.73298344576));
#14454 = CARTESIAN_POINT('',(2.356194490175,105.12071979939));
#14455 = CARTESIAN_POINT('',(2.552544031049,104.3504069064));
#14456 = CARTESIAN_POINT('',(2.748893571888,103.4702295985));
#14457 = CARTESIAN_POINT('',(2.94524311274,102.53511468829));
#14458 = CARTESIAN_POINT('',(3.14159265359,101.6));
#14459 = ( GEOMETRIC_REPRESENTATION_CONTEXT(2) 
PARAMETRIC_REPRESENTATION_CONTEXT() REPRESENTATION_CONTEXT('2D SPACE',''
  ) );
#14460 = ORIENTED_EDGE('',*,*,#14336,.F.);
#14461 = ORIENTED_EDGE('',*,*,#12931,.T.);
#14462 = ORIENTED_EDGE('',*,*,#13065,.T.);
#14463 = ADVANCED_FACE('',(#14464),#13010,.T.);
#14464 = FACE_BOUND('',#14465,.T.);
#14465 = EDGE_LOOP('',(#14466,#14467,#14468,#14490,#14540,#14588,#14589,
    #14590));
#14466 = ORIENTED_EDGE('',*,*,#13028,.T.);
#14467 = ORIENTED_EDGE('',*,*,#12987,.T.);
#14468 = ORIENTED_EDGE('',*,*,#14469,.T.);
#14469 = EDGE_CURVE('',#10143,#14470,#14472,.T.);
#14470 = VERTEX_POINT('',#14471);
#14471 = CARTESIAN_POINT('',(25.4,88.9,106.3625));
#14472 = SEAM_CURVE('',#14473,(#14477,#14484),.PCURVE_S1.);
#14473 = LINE('',#14474,#14475);
#14474 = CARTESIAN_POINT('',(25.4,0.,106.3625));
#14475 = VECTOR('',#14476,1.);
#14476 = DIRECTION('',(0.,1.,0.));
#14477 = PCURVE('',#13010,#14478);
#14478 = DEFINITIONAL_REPRESENTATION('',(#14479),#14483);
#14479 = LINE('',#14480,#14481);
#14480 = CARTESIAN_POINT('',(0.,0.));
#14481 = VECTOR('',#14482,1.);
#14482 = DIRECTION('',(0.,1.));
#14483 = ( GEOMETRIC_REPRESENTATION_CONTEXT(2) 
PARAMETRIC_REPRESENTATION_CONTEXT() REPRESENTATION_CONTEXT('2D SPACE',''
  ) );
#14484 = PCURVE('',#13010,#14485);
#14485 = DEFINITIONAL_REPRESENTATION('',(#14486),#14489);
#14486 = B_SPLINE_CURVE_WITH_KNOTS('',1,(#14487,#14488),.UNSPECIFIED.,
  .F.,.F.,(2,2),(0.,177.8),.PIECEWISE_BEZIER_KNOTS.);
#14487 = CARTESIAN_POINT('',(6.28318530718,0.));
#14488 = CARTESIAN_POINT('',(6.28318530718,177.8));
#14489 = ( GEOMETRIC_REPRESENTATION_CONTEXT(2) 
PARAMETRIC_REPRESENTATION_CONTEXT() REPRESENTATION_CONTEXT('2D SPACE',''
  ) );
#14490 = ORIENTED_EDGE('',*,*,#14491,.F.);
#14491 = EDGE_CURVE('',#14492,#14470,#14494,.T.);
#14492 = VERTEX_POINT('',#14493);
#14493 = CARTESIAN_POINT('',(25.4,88.9,96.8375));
#14494 = SURFACE_CURVE('',#14495,(#14500,#14520),.PCURVE_S1.);
#14495 = ELLIPSE('',#14496,6.735192090802,4.7625);
#14496 = AXIS2_PLACEMENT_3D('',#14497,#14498,#14499);
#14497 = CARTESIAN_POINT('',(25.4,88.9,101.6));
#14498 = DIRECTION('',(-0.707106781187,0.707106781187,0.));
#14499 = DIRECTION('',(0.707106781187,0.707106781187,0.));
#14500 = PCURVE('',#13010,#14501);
#14501 = DEFINITIONAL_REPRESENTATION('',(#14502),#14519);
#14502 = B_SPLINE_CURVE_WITH_KNOTS('',8,(#14503,#14504,#14505,#14506,
    #14507,#14508,#14509,#14510,#14511,#14512,#14513,#14514,#14515,
    #14516,#14517,#14518),.UNSPECIFIED.,.F.,.F.,(9,7,9),(1.570796326795,
    3.14159265359,4.712388980385),.UNSPECIFIED.);
#14503 = CARTESIAN_POINT('',(3.14159265359,88.9));
#14504 = CARTESIAN_POINT('',(3.337942194439,87.964885311705));
#14505 = CARTESIAN_POINT('',(3.53429173529,87.029770401285));
#14506 = CARTESIAN_POINT('',(3.730641276142,86.149593093531));
#14507 = CARTESIAN_POINT('',(3.926990816993,85.379280200073));
#14508 = CARTESIAN_POINT('',(4.123340357838,84.767016554372));
#14509 = CARTESIAN_POINT('',(4.319689898687,84.347339445559));
#14510 = CARTESIAN_POINT('',(4.516039439535,84.1375));
#14511 = CARTESIAN_POINT('',(4.908738521234,84.1375));
#14512 = CARTESIAN_POINT('',(5.105088062083,84.347339445616));
#14513 = CARTESIAN_POINT('',(5.301437602938,84.767016554167));
#14514 = CARTESIAN_POINT('',(5.497787143778,85.379280200145));
#14515 = CARTESIAN_POINT('',(5.694136684636,86.149593093383));
#14516 = CARTESIAN_POINT('',(5.89048622548,87.029770401356));
#14517 = CARTESIAN_POINT('',(6.08683576633,87.964885311705));
#14518 = CARTESIAN_POINT('',(6.28318530718,88.9));
#14519 = ( GEOMETRIC_REPRESENTATION_CONTEXT(2) 
PARAMETRIC_REPRESENTATION_CONTEXT() REPRESENTATION_CONTEXT('2D SPACE',''
  ) );
#14520 = PCURVE('',#14436,#14521);
#14521 = DEFINITIONAL_REPRESENTATION('',(#14522),#14539);
#14522 = B_SPLINE_CURVE_WITH_KNOTS('',8,(#14523,#14524,#14525,#14526,
    #14527,#14528,#14529,#14530,#14531,#14532,#14533,#14534,#14535,
    #14536,#14537,#14538),.UNSPECIFIED.,.F.,.F.,(9,7,9),(1.570796326795,
    3.14159265359,4.712388980385),.UNSPECIFIED.);
#14523 = CARTESIAN_POINT('',(3.14159265359,152.4));
#14524 = CARTESIAN_POINT('',(2.94524311274,151.4648853117));
#14525 = CARTESIAN_POINT('',(2.748893571889,150.52977040118));
#14526 = CARTESIAN_POINT('',(2.552544031047,149.64959309389));
#14527 = CARTESIAN_POINT('',(2.35619449018,148.8792801995));
#14528 = CARTESIAN_POINT('',(2.159844949349,148.26701655472));
#14529 = CARTESIAN_POINT('',(1.963495408492,147.84733944546));
#14530 = CARTESIAN_POINT('',(1.767145867644,147.6375));
#14531 = CARTESIAN_POINT('',(1.374446785946,147.6375));
#14532 = CARTESIAN_POINT('',(1.178097245096,147.84733944541));
#14533 = CARTESIAN_POINT('',(0.981747704245,148.26701655473));
#14534 = CARTESIAN_POINT('',(0.785398163396,148.87928019943));
#14535 = CARTESIAN_POINT('',(0.589048622546,149.64959309395));
#14536 = CARTESIAN_POINT('',(0.392699081698,150.5297704012));
#14537 = CARTESIAN_POINT('',(0.196349540849,151.4648853117));
#14538 = CARTESIAN_POINT('',(0.,152.4));
#14539 = ( GEOMETRIC_REPRESENTATION_CONTEXT(2) 
PARAMETRIC_REPRESENTATION_CONTEXT() REPRESENTATION_CONTEXT('2D SPACE',''
  ) );
#14540 = ORIENTED_EDGE('',*,*,#14541,.F.);
#14541 = EDGE_CURVE('',#14470,#14492,#14542,.T.);
#14542 = SURFACE_CURVE('',#14543,(#14548,#14568),.PCURVE_S1.);
#14543 = ELLIPSE('',#14544,6.735192090802,4.7625);
#14544 = AXIS2_PLACEMENT_3D('',#14545,#14546,#14547);
#14545 = CARTESIAN_POINT('',(25.4,88.9,101.6));
#14546 = DIRECTION('',(0.707106781187,0.707106781187,0.));
#14547 = DIRECTION('',(-0.707106781187,0.707106781187,0.));
#14548 = PCURVE('',#13010,#14549);
#14549 = DEFINITIONAL_REPRESENTATION('',(#14550),#14567);
#14550 = B_SPLINE_CURVE_WITH_KNOTS('',8,(#14551,#14552,#14553,#14554,
    #14555,#14556,#14557,#14558,#14559,#14560,#14561,#14562,#14563,
    #14564,#14565,#14566),.UNSPECIFIED.,.F.,.F.,(9,7,9),(1.570796326795,
    3.14159265359,4.712388980385),.UNSPECIFIED.);
#14551 = CARTESIAN_POINT('',(0.,88.9));
#14552 = CARTESIAN_POINT('',(0.196349540849,87.964885311705));
#14553 = CARTESIAN_POINT('',(0.392699081698,87.029770401285));
#14554 = CARTESIAN_POINT('',(0.589048622547,86.149593093531));
#14555 = CARTESIAN_POINT('',(0.785398163394,85.379280200073));
#14556 = CARTESIAN_POINT('',(0.981747704246,84.767016554372));
#14557 = CARTESIAN_POINT('',(1.178097245096,84.347339445559));
#14558 = CARTESIAN_POINT('',(1.374446785946,84.1375));
#14559 = CARTESIAN_POINT('',(1.767145867644,84.1375));
#14560 = CARTESIAN_POINT('',(1.963495408492,84.347339445616));
#14561 = CARTESIAN_POINT('',(2.159844949345,84.767016554167));
#14562 = CARTESIAN_POINT('',(2.35619449019,85.379280200145));
#14563 = CARTESIAN_POINT('',(2.552544031045,86.149593093383));
#14564 = CARTESIAN_POINT('',(2.74889357189,87.029770401356));
#14565 = CARTESIAN_POINT('',(2.94524311274,87.964885311705));
#14566 = CARTESIAN_POINT('',(3.14159265359,88.9));
#14567 = ( GEOMETRIC_REPRESENTATION_CONTEXT(2) 
PARAMETRIC_REPRESENTATION_CONTEXT() REPRESENTATION_CONTEXT('2D SPACE',''
  ) );
#14568 = PCURVE('',#14144,#14569);
#14569 = DEFINITIONAL_REPRESENTATION('',(#14570),#14587);
#14570 = B_SPLINE_CURVE_WITH_KNOTS('',8,(#14571,#14572,#14573,#14574,
    #14575,#14576,#14577,#14578,#14579,#14580,#14581,#14582,#14583,
    #14584,#14585,#14586),.UNSPECIFIED.,.F.,.F.,(9,7,9),(1.570796326795,
    3.14159265359,4.712388980385),.UNSPECIFIED.);
#14571 = CARTESIAN_POINT('',(0.,152.4));
#14572 = CARTESIAN_POINT('',(0.196349540849,153.33511468829));
#14573 = CARTESIAN_POINT('',(0.392699081698,154.2702295985));
#14574 = CARTESIAN_POINT('',(0.589048622548,155.15040690637));
#14575 = CARTESIAN_POINT('',(0.785398163394,155.92071979893));
#14576 = CARTESIAN_POINT('',(0.981747704247,156.53298344566));
#14577 = CARTESIAN_POINT('',(1.178097245095,156.95266055426));
#14578 = CARTESIAN_POINT('',(1.374446785946,157.1625));
#14579 = CARTESIAN_POINT('',(1.767145867644,157.1625));
#14580 = CARTESIAN_POINT('',(1.96349540849,156.95266055426));
#14581 = CARTESIAN_POINT('',(2.159844949352,156.53298344571));
#14582 = CARTESIAN_POINT('',(2.356194490175,155.9207197989));
#14583 = CARTESIAN_POINT('',(2.552544031049,155.15040690649));
#14584 = CARTESIAN_POINT('',(2.748893571888,154.27022959849));
#14585 = CARTESIAN_POINT('',(2.94524311274,153.33511468829));
#14586 = CARTESIAN_POINT('',(3.14159265359,152.4));
#14587 = ( GEOMETRIC_REPRESENTATION_CONTEXT(2) 
PARAMETRIC_REPRESENTATION_CONTEXT() REPRESENTATION_CONTEXT('2D SPACE',''
  ) );
#14588 = ORIENTED_EDGE('',*,*,#14469,.F.);
#14589 = ORIENTED_EDGE('',*,*,#13102,.T.);
#14590 = ORIENTED_EDGE('',*,*,#13231,.T.);
#14591 = ADVANCED_FACE('',(#14592),#13319,.T.);
#14592 = FACE_BOUND('',#14593,.T.);
#14593 = EDGE_LOOP('',(#14594,#14595,#14615,#14651,#14685,#14686,#14687,
    #14688));
#14594 = ORIENTED_EDGE('',*,*,#13422,.F.);
#14595 = ORIENTED_EDGE('',*,*,#14596,.T.);
#14596 = EDGE_CURVE('',#10536,#14337,#14597,.T.);
#14597 = SEAM_CURVE('',#14598,(#14602,#14609),.PCURVE_S1.);
#14598 = LINE('',#14599,#14600);
#14599 = CARTESIAN_POINT('',(-127.,88.9,106.3625));
#14600 = VECTOR('',#14601,1.);
#14601 = DIRECTION('',(1.,0.,0.));
#14602 = PCURVE('',#13319,#14603);
#14603 = DEFINITIONAL_REPRESENTATION('',(#14604),#14608);
#14604 = LINE('',#14605,#14606);
#14605 = CARTESIAN_POINT('',(0.,0.));
#14606 = VECTOR('',#14607,1.);
#14607 = DIRECTION('',(0.,1.));
#14608 = ( GEOMETRIC_REPRESENTATION_CONTEXT(2) 
PARAMETRIC_REPRESENTATION_CONTEXT() REPRESENTATION_CONTEXT('2D SPACE',''
  ) );
#14609 = PCURVE('',#13319,#14610);
#14610 = DEFINITIONAL_REPRESENTATION('',(#14611),#14614);
#14611 = B_SPLINE_CURVE_WITH_KNOTS('',1,(#14612,#14613),.UNSPECIFIED.,
  .F.,.F.,(2,2),(0.,254.),.PIECEWISE_BEZIER_KNOTS.);
#14612 = CARTESIAN_POINT('',(6.28318530718,0.));
#14613 = CARTESIAN_POINT('',(6.28318530718,254.));
#14614 = ( GEOMETRIC_REPRESENTATION_CONTEXT(2) 
PARAMETRIC_REPRESENTATION_CONTEXT() REPRESENTATION_CONTEXT('2D SPACE',''
  ) );
#14615 = ORIENTED_EDGE('',*,*,#14616,.F.);
#14616 = EDGE_CURVE('',#14617,#14337,#14619,.T.);
#14617 = VERTEX_POINT('',#14618);
#14618 = CARTESIAN_POINT('',(-30.1625,93.6625,101.6));
#14619 = SURFACE_CURVE('',#14620,(#14625,#14638),.PCURVE_S1.);
#14620 = ELLIPSE('',#14621,6.735192090802,4.7625);
#14621 = AXIS2_PLACEMENT_3D('',#14622,#14623,#14624);
#14622 = CARTESIAN_POINT('',(-25.4,88.9,101.6));
#14623 = DIRECTION('',(0.707106781187,0.707106781187,0.));
#14624 = DIRECTION('',(-0.707106781187,0.707106781187,0.));
#14625 = PCURVE('',#13319,#14626);
#14626 = DEFINITIONAL_REPRESENTATION('',(#14627),#14637);
#14627 = B_SPLINE_CURVE_WITH_KNOTS('',8,(#14628,#14629,#14630,#14631,
    #14632,#14633,#14634,#14635,#14636),.UNSPECIFIED.,.F.,.F.,(9,9),(0.,
    1.570796326795),.PIECEWISE_BEZIER_KNOTS.);
#14628 = CARTESIAN_POINT('',(4.712388980385,96.8375));
#14629 = CARTESIAN_POINT('',(4.908738521234,96.8375));
#14630 = CARTESIAN_POINT('',(5.105088062083,97.047339445533));
#14631 = CARTESIAN_POINT('',(5.301437602938,97.467016554384));
#14632 = CARTESIAN_POINT('',(5.497787143778,98.079280199929));
#14633 = CARTESIAN_POINT('',(5.694136684636,98.849593093509));
#14634 = CARTESIAN_POINT('',(5.89048622548,99.729770401331));
#14635 = CARTESIAN_POINT('',(6.08683576633,100.6648853117));
#14636 = CARTESIAN_POINT('',(6.28318530718,101.6));
#14637 = ( GEOMETRIC_REPRESENTATION_CONTEXT(2) 
PARAMETRIC_REPRESENTATION_CONTEXT() REPRESENTATION_CONTEXT('2D SPACE',''
  ) );
#14638 = PCURVE('',#13546,#14639);
#14639 = DEFINITIONAL_REPRESENTATION('',(#14640),#14650);
#14640 = B_SPLINE_CURVE_WITH_KNOTS('',8,(#14641,#14642,#14643,#14644,
    #14645,#14646,#14647,#14648,#14649),.UNSPECIFIED.,.F.,.F.,(9,9),(0.,
    1.570796326795),.PIECEWISE_BEZIER_KNOTS.);
#14641 = CARTESIAN_POINT('',(4.712388980385,93.6625));
#14642 = CARTESIAN_POINT('',(4.908738521234,93.6625));
#14643 = CARTESIAN_POINT('',(5.105088062084,93.452660554223));
#14644 = CARTESIAN_POINT('',(5.301437602931,93.032983445956));
#14645 = CARTESIAN_POINT('',(5.497787143786,92.420719798999));
#14646 = CARTESIAN_POINT('',(5.694136684631,91.65040690676));
#14647 = CARTESIAN_POINT('',(5.890486225481,90.770229598473));
#14648 = CARTESIAN_POINT('',(6.08683576633,89.835114688295));
#14649 = CARTESIAN_POINT('',(6.28318530718,88.9));
#14650 = ( GEOMETRIC_REPRESENTATION_CONTEXT(2) 
PARAMETRIC_REPRESENTATION_CONTEXT() REPRESENTATION_CONTEXT('2D SPACE',''
  ) );
#14651 = ORIENTED_EDGE('',*,*,#14652,.F.);
#14652 = EDGE_CURVE('',#14359,#14617,#14653,.T.);
#14653 = SURFACE_CURVE('',#14654,(#14659,#14672),.PCURVE_S1.);
#14654 = ELLIPSE('',#14655,6.735192090802,4.7625);
#14655 = AXIS2_PLACEMENT_3D('',#14656,#14657,#14658);
#14656 = CARTESIAN_POINT('',(-25.4,88.9,101.6));
#14657 = DIRECTION('',(0.707106781187,0.707106781187,0.));
#14658 = DIRECTION('',(-0.707106781187,0.707106781187,0.));
#14659 = PCURVE('',#13319,#14660);
#14660 = DEFINITIONAL_REPRESENTATION('',(#14661),#14671);
#14661 = B_SPLINE_CURVE_WITH_KNOTS('',8,(#14662,#14663,#14664,#14665,
    #14666,#14667,#14668,#14669,#14670),.UNSPECIFIED.,.F.,.F.,(9,9),(
    4.712388980385,6.28318530718),.PIECEWISE_BEZIER_KNOTS.);
#14662 = CARTESIAN_POINT('',(3.14159265359,101.6));
#14663 = CARTESIAN_POINT('',(3.337942194439,100.6648853117));
#14664 = CARTESIAN_POINT('',(3.534291735284,99.729770401288));
#14665 = CARTESIAN_POINT('',(3.730641276133,98.849593093664));
#14666 = CARTESIAN_POINT('',(3.92699081697,98.079280199716));
#14667 = CARTESIAN_POINT('',(4.123340357835,97.467016554542));
#14668 = CARTESIAN_POINT('',(4.319689898682,97.047339445535));
#14669 = CARTESIAN_POINT('',(4.516039439535,96.8375));
#14670 = CARTESIAN_POINT('',(4.712388980385,96.8375));
#14671 = ( GEOMETRIC_REPRESENTATION_CONTEXT(2) 
PARAMETRIC_REPRESENTATION_CONTEXT() REPRESENTATION_CONTEXT('2D SPACE',''
  ) );
#14672 = PCURVE('',#13546,#14673);
#14673 = DEFINITIONAL_REPRESENTATION('',(#14674),#14684);
#14674 = B_SPLINE_CURVE_WITH_KNOTS('',8,(#14675,#14676,#14677,#14678,
    #14679,#14680,#14681,#14682,#14683),.UNSPECIFIED.,.F.,.F.,(9,9),(
    4.712388980385,6.28318530718),.PIECEWISE_BEZIER_KNOTS.);
#14675 = CARTESIAN_POINT('',(3.14159265359,88.9));
#14676 = CARTESIAN_POINT('',(3.337942194439,89.835114688295));
#14677 = CARTESIAN_POINT('',(3.534291735285,90.770229598624));
#14678 = CARTESIAN_POINT('',(3.730641276142,91.650406906341));
#14679 = CARTESIAN_POINT('',(3.926990816972,92.42071979969));
#14680 = CARTESIAN_POINT('',(4.123340357837,93.032983445501));
#14681 = CARTESIAN_POINT('',(4.319689898683,93.452660554342));
#14682 = CARTESIAN_POINT('',(4.516039439535,93.6625));
#14683 = CARTESIAN_POINT('',(4.712388980385,93.6625));
#14684 = ( GEOMETRIC_REPRESENTATION_CONTEXT(2) 
PARAMETRIC_REPRESENTATION_CONTEXT() REPRESENTATION_CONTEXT('2D SPACE',''
  ) );
#14685 = ORIENTED_EDGE('',*,*,#14358,.T.);
#14686 = ORIENTED_EDGE('',*,*,#14596,.F.);
#14687 = ORIENTED_EDGE('',*,*,#13291,.T.);
#14688 = ORIENTED_EDGE('',*,*,#13458,.F.);
#14689 = ADVANCED_FACE('',(#14690),#13546,.T.);
#14690 = FACE_BOUND('',#14691,.T.);
#14691 = EDGE_LOOP('',(#14692,#14693,#14694,#14714,#14715,#14716,#14717,
    #14753));
#14692 = ORIENTED_EDGE('',*,*,#14652,.T.);
#14693 = ORIENTED_EDGE('',*,*,#14616,.T.);
#14694 = ORIENTED_EDGE('',*,*,#14695,.T.);
#14695 = EDGE_CURVE('',#14337,#11029,#14696,.T.);
#14696 = SEAM_CURVE('',#14697,(#14701,#14708),.PCURVE_S1.);
#14697 = LINE('',#14698,#14699);
#14698 = CARTESIAN_POINT('',(-25.4,0.,106.3625));
#14699 = VECTOR('',#14700,1.);
#14700 = DIRECTION('',(0.,1.,0.));
#14701 = PCURVE('',#13546,#14702);
#14702 = DEFINITIONAL_REPRESENTATION('',(#14703),#14707);
#14703 = LINE('',#14704,#14705);
#14704 = CARTESIAN_POINT('',(0.,0.));
#14705 = VECTOR('',#14706,1.);
#14706 = DIRECTION('',(0.,1.));
#14707 = ( GEOMETRIC_REPRESENTATION_CONTEXT(2) 
PARAMETRIC_REPRESENTATION_CONTEXT() REPRESENTATION_CONTEXT('2D SPACE',''
  ) );
#14708 = PCURVE('',#13546,#14709);
#14709 = DEFINITIONAL_REPRESENTATION('',(#14710),#14713);
#14710 = B_SPLINE_CURVE_WITH_KNOTS('',1,(#14711,#14712),.UNSPECIFIED.,
  .F.,.F.,(2,2),(0.,177.8),.PIECEWISE_BEZIER_KNOTS.);
#14711 = CARTESIAN_POINT('',(6.28318530718,0.));
#14712 = CARTESIAN_POINT('',(6.28318530718,177.8));
#14713 = ( GEOMETRIC_REPRESENTATION_CONTEXT(2) 
PARAMETRIC_REPRESENTATION_CONTEXT() REPRESENTATION_CONTEXT('2D SPACE',''
  ) );
#14714 = ORIENTED_EDGE('',*,*,#13518,.F.);
#14715 = ORIENTED_EDGE('',*,*,#13654,.F.);
#14716 = ORIENTED_EDGE('',*,*,#14695,.F.);
#14717 = ORIENTED_EDGE('',*,*,#14718,.T.);
#14718 = EDGE_CURVE('',#14337,#14719,#14721,.T.);
#14719 = VERTEX_POINT('',#14720);
#14720 = CARTESIAN_POINT('',(-20.6375,93.6625,101.6));
#14721 = SURFACE_CURVE('',#14722,(#14727,#14740),.PCURVE_S1.);
#14722 = ELLIPSE('',#14723,6.735192090802,4.7625);
#14723 = AXIS2_PLACEMENT_3D('',#14724,#14725,#14726);
#14724 = CARTESIAN_POINT('',(-25.4,88.9,101.6));
#14725 = DIRECTION('',(-0.707106781187,0.707106781187,0.));
#14726 = DIRECTION('',(0.707106781187,0.707106781187,0.));
#14727 = PCURVE('',#13546,#14728);
#14728 = DEFINITIONAL_REPRESENTATION('',(#14729),#14739);
#14729 = B_SPLINE_CURVE_WITH_KNOTS('',8,(#14730,#14731,#14732,#14733,
    #14734,#14735,#14736,#14737,#14738),.UNSPECIFIED.,.F.,.F.,(9,9),(
    4.712388980385,6.28318530718),.PIECEWISE_BEZIER_KNOTS.);
#14730 = CARTESIAN_POINT('',(0.,88.9));
#14731 = CARTESIAN_POINT('',(0.196349540849,89.835114688295));
#14732 = CARTESIAN_POINT('',(0.392699081699,90.770229598624));
#14733 = CARTESIAN_POINT('',(0.589048622547,91.650406906341));
#14734 = CARTESIAN_POINT('',(0.785398163397,92.42071979969));
#14735 = CARTESIAN_POINT('',(0.981747704244,93.032983445501));
#14736 = CARTESIAN_POINT('',(1.178097245096,93.452660554342));
#14737 = CARTESIAN_POINT('',(1.374446785946,93.6625));
#14738 = CARTESIAN_POINT('',(1.570796326795,93.6625));
#14739 = ( GEOMETRIC_REPRESENTATION_CONTEXT(2) 
PARAMETRIC_REPRESENTATION_CONTEXT() REPRESENTATION_CONTEXT('2D SPACE',''
  ) );
#14740 = PCURVE('',#14436,#14741);
#14741 = DEFINITIONAL_REPRESENTATION('',(#14742),#14752);
#14742 = B_SPLINE_CURVE_WITH_KNOTS('',8,(#14743,#14744,#14745,#14746,
    #14747,#14748,#14749,#14750,#14751),.UNSPECIFIED.,.F.,.F.,(9,9),(
    4.712388980385,6.28318530718),.PIECEWISE_BEZIER_KNOTS.);
#14743 = CARTESIAN_POINT('',(6.28318530718,101.6));
#14744 = CARTESIAN_POINT('',(6.08683576633,102.53511468829));
#14745 = CARTESIAN_POINT('',(5.890486225482,103.47022959874));
#14746 = CARTESIAN_POINT('',(5.69413668463,104.35040690568));
#14747 = CARTESIAN_POINT('',(5.497787143786,105.12071980032));
#14748 = CARTESIAN_POINT('',(5.301437602932,105.73298344503));
#14749 = CARTESIAN_POINT('',(5.105088062084,106.1526605545));
#14750 = CARTESIAN_POINT('',(4.908738521234,106.3625));
#14751 = CARTESIAN_POINT('',(4.712388980385,106.3625));
#14752 = ( GEOMETRIC_REPRESENTATION_CONTEXT(2) 
PARAMETRIC_REPRESENTATION_CONTEXT() REPRESENTATION_CONTEXT('2D SPACE',''
  ) );
#14753 = ORIENTED_EDGE('',*,*,#14754,.T.);
#14754 = EDGE_CURVE('',#14719,#14359,#14755,.T.);
#14755 = SURFACE_CURVE('',#14756,(#14761,#14774),.PCURVE_S1.);
#14756 = ELLIPSE('',#14757,6.735192090802,4.7625);
#14757 = AXIS2_PLACEMENT_3D('',#14758,#14759,#14760);
#14758 = CARTESIAN_POINT('',(-25.4,88.9,101.6));
#14759 = DIRECTION('',(-0.707106781187,0.707106781187,0.));
#14760 = DIRECTION('',(0.707106781187,0.707106781187,0.));
#14761 = PCURVE('',#13546,#14762);
#14762 = DEFINITIONAL_REPRESENTATION('',(#14763),#14773);
#14763 = B_SPLINE_CURVE_WITH_KNOTS('',8,(#14764,#14765,#14766,#14767,
    #14768,#14769,#14770,#14771,#14772),.UNSPECIFIED.,.F.,.F.,(9,9),(0.,
    1.570796326795),.PIECEWISE_BEZIER_KNOTS.);
#14764 = CARTESIAN_POINT('',(1.570796326795,93.6625));
#14765 = CARTESIAN_POINT('',(1.767145867644,93.6625));
#14766 = CARTESIAN_POINT('',(1.963495408493,93.452660554223));
#14767 = CARTESIAN_POINT('',(2.159844949337,93.032983445956));
#14768 = CARTESIAN_POINT('',(2.35619449019,92.420719798999));
#14769 = CARTESIAN_POINT('',(2.552544031038,91.65040690676));
#14770 = CARTESIAN_POINT('',(2.748893571891,90.770229598473));
#14771 = CARTESIAN_POINT('',(2.94524311274,89.835114688295));
#14772 = CARTESIAN_POINT('',(3.14159265359,88.9));
#14773 = ( GEOMETRIC_REPRESENTATION_CONTEXT(2) 
PARAMETRIC_REPRESENTATION_CONTEXT() REPRESENTATION_CONTEXT('2D SPACE',''
  ) );
#14774 = PCURVE('',#14436,#14775);
#14775 = DEFINITIONAL_REPRESENTATION('',(#14776),#14786);
#14776 = B_SPLINE_CURVE_WITH_KNOTS('',8,(#14777,#14778,#14779,#14780,
    #14781,#14782,#14783,#14784,#14785),.UNSPECIFIED.,.F.,.F.,(9,9),(0.,
    1.570796326795),.PIECEWISE_BEZIER_KNOTS.);
#14777 = CARTESIAN_POINT('',(4.712388980385,106.3625));
#14778 = CARTESIAN_POINT('',(4.516039439535,106.3625));
#14779 = CARTESIAN_POINT('',(4.319689898684,106.15266055427));
#14780 = CARTESIAN_POINT('',(4.123340357829,105.73298344576));
#14781 = CARTESIAN_POINT('',(3.926990816986,105.12071979939));
#14782 = CARTESIAN_POINT('',(3.730641276128,104.3504069064));
#14783 = CARTESIAN_POINT('',(3.534291735288,103.4702295985));
#14784 = CARTESIAN_POINT('',(3.337942194439,102.53511468829));
#14785 = CARTESIAN_POINT('',(3.14159265359,101.6));
#14786 = ( GEOMETRIC_REPRESENTATION_CONTEXT(2) 
PARAMETRIC_REPRESENTATION_CONTEXT() REPRESENTATION_CONTEXT('2D SPACE',''
  ) );
#14787 = ADVANCED_FACE('',(#14788),#13628,.T.);
#14788 = FACE_BOUND('',#14789,.T.);
#14789 = EDGE_LOOP('',(#14790,#14826,#14860,#14880,#14881,#14882,#14883,
    #14919));
#14790 = ORIENTED_EDGE('',*,*,#14791,.T.);
#14791 = EDGE_CURVE('',#14492,#14792,#14794,.T.);
#14792 = VERTEX_POINT('',#14793);
#14793 = CARTESIAN_POINT('',(20.6375,93.6625,101.6));
#14794 = SURFACE_CURVE('',#14795,(#14800,#14813),.PCURVE_S1.);
#14795 = ELLIPSE('',#14796,6.735192090802,4.7625);
#14796 = AXIS2_PLACEMENT_3D('',#14797,#14798,#14799);
#14797 = CARTESIAN_POINT('',(25.4,88.9,101.6));
#14798 = DIRECTION('',(0.707106781187,0.707106781187,0.));
#14799 = DIRECTION('',(-0.707106781187,0.707106781187,0.));
#14800 = PCURVE('',#13628,#14801);
#14801 = DEFINITIONAL_REPRESENTATION('',(#14802),#14812);
#14802 = B_SPLINE_CURVE_WITH_KNOTS('',8,(#14803,#14804,#14805,#14806,
    #14807,#14808,#14809,#14810,#14811),.UNSPECIFIED.,.F.,.F.,(9,9),(
    4.712388980385,6.28318530718),.PIECEWISE_BEZIER_KNOTS.);
#14803 = CARTESIAN_POINT('',(3.14159265359,88.9));
#14804 = CARTESIAN_POINT('',(3.337942194439,89.835114688295));
#14805 = CARTESIAN_POINT('',(3.534291735285,90.770229598624));
#14806 = CARTESIAN_POINT('',(3.730641276142,91.650406906341));
#14807 = CARTESIAN_POINT('',(3.926990816972,92.42071979969));
#14808 = CARTESIAN_POINT('',(4.123340357837,93.032983445501));
#14809 = CARTESIAN_POINT('',(4.319689898683,93.452660554342));
#14810 = CARTESIAN_POINT('',(4.516039439535,93.6625));
#14811 = CARTESIAN_POINT('',(4.712388980385,93.6625));
#14812 = ( GEOMETRIC_REPRESENTATION_CONTEXT(2) 
PARAMETRIC_REPRESENTATION_CONTEXT() REPRESENTATION_CONTEXT('2D SPACE',''
  ) );
#14813 = PCURVE('',#14436,#14814);
#14814 = DEFINITIONAL_REPRESENTATION('',(#14815),#14825);
#14815 = B_SPLINE_CURVE_WITH_KNOTS('',8,(#14816,#14817,#14818,#14819,
    #14820,#14821,#14822,#14823,#14824),.UNSPECIFIED.,.F.,.F.,(9,9),(
    4.712388980385,6.28318530718),.PIECEWISE_BEZIER_KNOTS.);
#14816 = CARTESIAN_POINT('',(3.14159265359,152.4));
#14817 = CARTESIAN_POINT('',(3.337942194439,151.4648853117));
#14818 = CARTESIAN_POINT('',(3.534291735284,150.52977040112));
#14819 = CARTESIAN_POINT('',(3.730641276133,149.64959309412));
#14820 = CARTESIAN_POINT('',(3.92699081697,148.87928019904));
#14821 = CARTESIAN_POINT('',(4.123340357835,148.26701655495));
#14822 = CARTESIAN_POINT('',(4.319689898682,147.8473394454));
#14823 = CARTESIAN_POINT('',(4.516039439535,147.6375));
#14824 = CARTESIAN_POINT('',(4.712388980385,147.6375));
#14825 = ( GEOMETRIC_REPRESENTATION_CONTEXT(2) 
PARAMETRIC_REPRESENTATION_CONTEXT() REPRESENTATION_CONTEXT('2D SPACE',''
  ) );
#14826 = ORIENTED_EDGE('',*,*,#14827,.T.);
#14827 = EDGE_CURVE('',#14792,#14470,#14828,.T.);
#14828 = SURFACE_CURVE('',#14829,(#14834,#14847),.PCURVE_S1.);
#14829 = ELLIPSE('',#14830,6.735192090802,4.7625);
#14830 = AXIS2_PLACEMENT_3D('',#14831,#14832,#14833);
#14831 = CARTESIAN_POINT('',(25.4,88.9,101.6));
#14832 = DIRECTION('',(0.707106781187,0.707106781187,0.));
#14833 = DIRECTION('',(-0.707106781187,0.707106781187,0.));
#14834 = PCURVE('',#13628,#14835);
#14835 = DEFINITIONAL_REPRESENTATION('',(#14836),#14846);
#14836 = B_SPLINE_CURVE_WITH_KNOTS('',8,(#14837,#14838,#14839,#14840,
    #14841,#14842,#14843,#14844,#14845),.UNSPECIFIED.,.F.,.F.,(9,9),(0.,
    1.570796326795),.PIECEWISE_BEZIER_KNOTS.);
#14837 = CARTESIAN_POINT('',(4.712388980385,93.6625));
#14838 = CARTESIAN_POINT('',(4.908738521234,93.6625));
#14839 = CARTESIAN_POINT('',(5.105088062084,93.452660554223));
#14840 = CARTESIAN_POINT('',(5.301437602931,93.032983445956));
#14841 = CARTESIAN_POINT('',(5.497787143786,92.420719798999));
#14842 = CARTESIAN_POINT('',(5.694136684631,91.65040690676));
#14843 = CARTESIAN_POINT('',(5.890486225481,90.770229598473));
#14844 = CARTESIAN_POINT('',(6.08683576633,89.835114688295));
#14845 = CARTESIAN_POINT('',(6.28318530718,88.9));
#14846 = ( GEOMETRIC_REPRESENTATION_CONTEXT(2) 
PARAMETRIC_REPRESENTATION_CONTEXT() REPRESENTATION_CONTEXT('2D SPACE',''
  ) );
#14847 = PCURVE('',#14436,#14848);
#14848 = DEFINITIONAL_REPRESENTATION('',(#14849),#14859);
#14849 = B_SPLINE_CURVE_WITH_KNOTS('',8,(#14850,#14851,#14852,#14853,
    #14854,#14855,#14856,#14857,#14858),.UNSPECIFIED.,.F.,.F.,(9,9),(0.,
    1.570796326795),.PIECEWISE_BEZIER_KNOTS.);
#14850 = CARTESIAN_POINT('',(4.712388980385,147.6375));
#14851 = CARTESIAN_POINT('',(4.908738521234,147.6375));
#14852 = CARTESIAN_POINT('',(5.105088062083,147.84733944541));
#14853 = CARTESIAN_POINT('',(5.301437602938,148.26701655473));
#14854 = CARTESIAN_POINT('',(5.497787143778,148.87928019943));
#14855 = CARTESIAN_POINT('',(5.694136684636,149.64959309395));
#14856 = CARTESIAN_POINT('',(5.89048622548,150.5297704012));
#14857 = CARTESIAN_POINT('',(6.08683576633,151.4648853117));
#14858 = CARTESIAN_POINT('',(6.28318530718,152.4));
#14859 = ( GEOMETRIC_REPRESENTATION_CONTEXT(2) 
PARAMETRIC_REPRESENTATION_CONTEXT() REPRESENTATION_CONTEXT('2D SPACE',''
  ) );
#14860 = ORIENTED_EDGE('',*,*,#14861,.T.);
#14861 = EDGE_CURVE('',#14470,#11204,#14862,.T.);
#14862 = SEAM_CURVE('',#14863,(#14867,#14874),.PCURVE_S1.);
#14863 = LINE('',#14864,#14865);
#14864 = CARTESIAN_POINT('',(25.4,0.,106.3625));
#14865 = VECTOR('',#14866,1.);
#14866 = DIRECTION('',(0.,1.,0.));
#14867 = PCURVE('',#13628,#14868);
#14868 = DEFINITIONAL_REPRESENTATION('',(#14869),#14873);
#14869 = LINE('',#14870,#14871);
#14870 = CARTESIAN_POINT('',(0.,0.));
#14871 = VECTOR('',#14872,1.);
#14872 = DIRECTION('',(0.,1.));
#14873 = ( GEOMETRIC_REPRESENTATION_CONTEXT(2) 
PARAMETRIC_REPRESENTATION_CONTEXT() REPRESENTATION_CONTEXT('2D SPACE',''
  ) );
#14874 = PCURVE('',#13628,#14875);
#14875 = DEFINITIONAL_REPRESENTATION('',(#14876),#14879);
#14876 = B_SPLINE_CURVE_WITH_KNOTS('',1,(#14877,#14878),.UNSPECIFIED.,
  .F.,.F.,(2,2),(0.,177.8),.PIECEWISE_BEZIER_KNOTS.);
#14877 = CARTESIAN_POINT('',(6.28318530718,0.));
#14878 = CARTESIAN_POINT('',(6.28318530718,177.8));
#14879 = ( GEOMETRIC_REPRESENTATION_CONTEXT(2) 
PARAMETRIC_REPRESENTATION_CONTEXT() REPRESENTATION_CONTEXT('2D SPACE',''
  ) );
#14880 = ORIENTED_EDGE('',*,*,#13600,.F.);
#14881 = ORIENTED_EDGE('',*,*,#13778,.F.);
#14882 = ORIENTED_EDGE('',*,*,#14861,.F.);
#14883 = ORIENTED_EDGE('',*,*,#14884,.T.);
#14884 = EDGE_CURVE('',#14470,#14885,#14887,.T.);
#14885 = VERTEX_POINT('',#14886);
#14886 = CARTESIAN_POINT('',(30.1625,93.6625,101.6));
#14887 = SURFACE_CURVE('',#14888,(#14893,#14906),.PCURVE_S1.);
#14888 = ELLIPSE('',#14889,6.735192090802,4.7625);
#14889 = AXIS2_PLACEMENT_3D('',#14890,#14891,#14892);
#14890 = CARTESIAN_POINT('',(25.4,88.9,101.6));
#14891 = DIRECTION('',(-0.707106781187,0.707106781187,0.));
#14892 = DIRECTION('',(0.707106781187,0.707106781187,0.));
#14893 = PCURVE('',#13628,#14894);
#14894 = DEFINITIONAL_REPRESENTATION('',(#14895),#14905);
#14895 = B_SPLINE_CURVE_WITH_KNOTS('',8,(#14896,#14897,#14898,#14899,
    #14900,#14901,#14902,#14903,#14904),.UNSPECIFIED.,.F.,.F.,(9,9),(
    4.712388980385,6.28318530718),.PIECEWISE_BEZIER_KNOTS.);
#14896 = CARTESIAN_POINT('',(0.,88.9));
#14897 = CARTESIAN_POINT('',(0.196349540849,89.835114688295));
#14898 = CARTESIAN_POINT('',(0.392699081699,90.770229598624));
#14899 = CARTESIAN_POINT('',(0.589048622547,91.650406906341));
#14900 = CARTESIAN_POINT('',(0.785398163397,92.42071979969));
#14901 = CARTESIAN_POINT('',(0.981747704244,93.032983445501));
#14902 = CARTESIAN_POINT('',(1.178097245096,93.452660554342));
#14903 = CARTESIAN_POINT('',(1.374446785946,93.6625));
#14904 = CARTESIAN_POINT('',(1.570796326795,93.6625));
#14905 = ( GEOMETRIC_REPRESENTATION_CONTEXT(2) 
PARAMETRIC_REPRESENTATION_CONTEXT() REPRESENTATION_CONTEXT('2D SPACE',''
  ) );
#14906 = PCURVE('',#14144,#14907);
#14907 = DEFINITIONAL_REPRESENTATION('',(#14908),#14918);
#14908 = B_SPLINE_CURVE_WITH_KNOTS('',8,(#14909,#14910,#14911,#14912,
    #14913,#14914,#14915,#14916,#14917),.UNSPECIFIED.,.F.,.F.,(9,9),(
    4.712388980385,6.28318530718),.PIECEWISE_BEZIER_KNOTS.);
#14909 = CARTESIAN_POINT('',(6.28318530718,152.4));
#14910 = CARTESIAN_POINT('',(6.08683576633,153.33511468829));
#14911 = CARTESIAN_POINT('',(5.890486225482,154.2702295985));
#14912 = CARTESIAN_POINT('',(5.69413668463,155.15040690637));
#14913 = CARTESIAN_POINT('',(5.497787143786,155.92071979893));
#14914 = CARTESIAN_POINT('',(5.301437602932,156.53298344566));
#14915 = CARTESIAN_POINT('',(5.105088062084,156.95266055426));
#14916 = CARTESIAN_POINT('',(4.908738521234,157.1625));
#14917 = CARTESIAN_POINT('',(4.712388980385,157.1625));
#14918 = ( GEOMETRIC_REPRESENTATION_CONTEXT(2) 
PARAMETRIC_REPRESENTATION_CONTEXT() REPRESENTATION_CONTEXT('2D SPACE',''
  ) );
#14919 = ORIENTED_EDGE('',*,*,#14920,.T.);
#14920 = EDGE_CURVE('',#14885,#14492,#14921,.T.);
#14921 = SURFACE_CURVE('',#14922,(#14927,#14940),.PCURVE_S1.);
#14922 = ELLIPSE('',#14923,6.735192090802,4.7625);
#14923 = AXIS2_PLACEMENT_3D('',#14924,#14925,#14926);
#14924 = CARTESIAN_POINT('',(25.4,88.9,101.6));
#14925 = DIRECTION('',(-0.707106781187,0.707106781187,0.));
#14926 = DIRECTION('',(0.707106781187,0.707106781187,0.));
#14927 = PCURVE('',#13628,#14928);
#14928 = DEFINITIONAL_REPRESENTATION('',(#14929),#14939);
#14929 = B_SPLINE_CURVE_WITH_KNOTS('',8,(#14930,#14931,#14932,#14933,
    #14934,#14935,#14936,#14937,#14938),.UNSPECIFIED.,.F.,.F.,(9,9),(0.,
    1.570796326795),.PIECEWISE_BEZIER_KNOTS.);
#14930 = CARTESIAN_POINT('',(1.570796326795,93.6625));
#14931 = CARTESIAN_POINT('',(1.767145867644,93.6625));
#14932 = CARTESIAN_POINT('',(1.963495408493,93.452660554223));
#14933 = CARTESIAN_POINT('',(2.159844949337,93.032983445956));
#14934 = CARTESIAN_POINT('',(2.35619449019,92.420719798999));
#14935 = CARTESIAN_POINT('',(2.552544031038,91.65040690676));
#14936 = CARTESIAN_POINT('',(2.748893571891,90.770229598473));
#14937 = CARTESIAN_POINT('',(2.94524311274,89.835114688295));
#14938 = CARTESIAN_POINT('',(3.14159265359,88.9));
#14939 = ( GEOMETRIC_REPRESENTATION_CONTEXT(2) 
PARAMETRIC_REPRESENTATION_CONTEXT() REPRESENTATION_CONTEXT('2D SPACE',''
  ) );
#14940 = PCURVE('',#14144,#14941);
#14941 = DEFINITIONAL_REPRESENTATION('',(#14942),#14952);
#14942 = B_SPLINE_CURVE_WITH_KNOTS('',8,(#14943,#14944,#14945,#14946,
    #14947,#14948,#14949,#14950,#14951),.UNSPECIFIED.,.F.,.F.,(9,9),(0.,
    1.570796326795),.PIECEWISE_BEZIER_KNOTS.);
#14943 = CARTESIAN_POINT('',(4.712388980385,157.1625));
#14944 = CARTESIAN_POINT('',(4.516039439535,157.1625));
#14945 = CARTESIAN_POINT('',(4.319689898684,156.95266055426));
#14946 = CARTESIAN_POINT('',(4.123340357829,156.53298344571));
#14947 = CARTESIAN_POINT('',(3.926990816986,155.9207197989));
#14948 = CARTESIAN_POINT('',(3.730641276128,155.15040690649));
#14949 = CARTESIAN_POINT('',(3.534291735288,154.27022959849));
#14950 = CARTESIAN_POINT('',(3.337942194439,153.33511468829));
#14951 = CARTESIAN_POINT('',(3.14159265359,152.4));
#14952 = ( GEOMETRIC_REPRESENTATION_CONTEXT(2) 
PARAMETRIC_REPRESENTATION_CONTEXT() REPRESENTATION_CONTEXT('2D SPACE',''
  ) );
#14953 = ADVANCED_FACE('',(#14954),#14144,.T.);
#14954 = FACE_BOUND('',#14955,.T.);
#14955 = EDGE_LOOP('',(#14956,#14957,#14977,#14978,#14979,#14980,#14981,
    #14982));
#14956 = ORIENTED_EDGE('',*,*,#14884,.F.);
#14957 = ORIENTED_EDGE('',*,*,#14958,.T.);
#14958 = EDGE_CURVE('',#14470,#12140,#14959,.T.);
#14959 = SEAM_CURVE('',#14960,(#14964,#14971),.PCURVE_S1.);
#14960 = LINE('',#14961,#14962);
#14961 = CARTESIAN_POINT('',(-127.,88.9,106.3625));
#14962 = VECTOR('',#14963,1.);
#14963 = DIRECTION('',(1.,0.,0.));
#14964 = PCURVE('',#14144,#14965);
#14965 = DEFINITIONAL_REPRESENTATION('',(#14966),#14970);
#14966 = LINE('',#14967,#14968);
#14967 = CARTESIAN_POINT('',(0.,0.));
#14968 = VECTOR('',#14969,1.);
#14969 = DIRECTION('',(0.,1.));
#14970 = ( GEOMETRIC_REPRESENTATION_CONTEXT(2) 
PARAMETRIC_REPRESENTATION_CONTEXT() REPRESENTATION_CONTEXT('2D SPACE',''
  ) );
#14971 = PCURVE('',#14144,#14972);
#14972 = DEFINITIONAL_REPRESENTATION('',(#14973),#14976);
#14973 = B_SPLINE_CURVE_WITH_KNOTS('',1,(#14974,#14975),.UNSPECIFIED.,
  .F.,.F.,(2,2),(0.,254.),.PIECEWISE_BEZIER_KNOTS.);
#14974 = CARTESIAN_POINT('',(6.28318530718,0.));
#14975 = CARTESIAN_POINT('',(6.28318530718,254.));
#14976 = ( GEOMETRIC_REPRESENTATION_CONTEXT(2) 
PARAMETRIC_REPRESENTATION_CONTEXT() REPRESENTATION_CONTEXT('2D SPACE',''
  ) );
#14977 = ORIENTED_EDGE('',*,*,#14212,.F.);
#14978 = ORIENTED_EDGE('',*,*,#14176,.F.);
#14979 = ORIENTED_EDGE('',*,*,#14116,.T.);
#14980 = ORIENTED_EDGE('',*,*,#14958,.F.);
#14981 = ORIENTED_EDGE('',*,*,#14541,.T.);
#14982 = ORIENTED_EDGE('',*,*,#14920,.F.);
#14983 = ADVANCED_FACE('',(#14984),#14436,.T.);
#14984 = FACE_BOUND('',#14985,.T.);
#14985 = EDGE_LOOP('',(#14986,#14987,#15007,#15008,#15009,#15010,#15011,
    #15012));
#14986 = ORIENTED_EDGE('',*,*,#14718,.F.);
#14987 = ORIENTED_EDGE('',*,*,#14988,.T.);
#14988 = EDGE_CURVE('',#14337,#14470,#14989,.T.);
#14989 = SEAM_CURVE('',#14990,(#14994,#15001),.PCURVE_S1.);
#14990 = LINE('',#14991,#14992);
#14991 = CARTESIAN_POINT('',(-127.,88.9,106.3625));
#14992 = VECTOR('',#14993,1.);
#14993 = DIRECTION('',(1.,0.,0.));
#14994 = PCURVE('',#14436,#14995);
#14995 = DEFINITIONAL_REPRESENTATION('',(#14996),#15000);
#14996 = LINE('',#14997,#14998);
#14997 = CARTESIAN_POINT('',(0.,0.));
#14998 = VECTOR('',#14999,1.);
#14999 = DIRECTION('',(0.,1.));
#15000 = ( GEOMETRIC_REPRESENTATION_CONTEXT(2) 
PARAMETRIC_REPRESENTATION_CONTEXT() REPRESENTATION_CONTEXT('2D SPACE',''
  ) );
#15001 = PCURVE('',#14436,#15002);
#15002 = DEFINITIONAL_REPRESENTATION('',(#15003),#15006);
#15003 = B_SPLINE_CURVE_WITH_KNOTS('',1,(#15004,#15005),.UNSPECIFIED.,
  .F.,.F.,(2,2),(0.,254.),.PIECEWISE_BEZIER_KNOTS.);
#15004 = CARTESIAN_POINT('',(6.28318530718,0.));
#15005 = CARTESIAN_POINT('',(6.28318530718,254.));
#15006 = ( GEOMETRIC_REPRESENTATION_CONTEXT(2) 
PARAMETRIC_REPRESENTATION_CONTEXT() REPRESENTATION_CONTEXT('2D SPACE',''
  ) );
#15007 = ORIENTED_EDGE('',*,*,#14827,.F.);
#15008 = ORIENTED_EDGE('',*,*,#14791,.F.);
#15009 = ORIENTED_EDGE('',*,*,#14491,.T.);
#15010 = ORIENTED_EDGE('',*,*,#14988,.F.);
#15011 = ORIENTED_EDGE('',*,*,#14408,.T.);
#15012 = ORIENTED_EDGE('',*,*,#14754,.F.);
#15013 = ( GEOMETRIC_REPRESENTATION_CONTEXT(3) 
GLOBAL_UNCERTAINTY_ASSIGNED_CONTEXT((#15017)) 
GLOBAL_UNIT_ASSIGNED_CONTEXT((#15014,#15015,#15016)) 
REPRESENTATION_CONTEXT('Context #1',
  '3D Context with UNIT and UNCERTAINTY') );
#15014 = ( LENGTH_UNIT() NAMED_UNIT(*) SI_UNIT(.MILLI.,.METRE.) );
#15015 = ( NAMED_UNIT(*) PLANE_ANGLE_UNIT() SI_UNIT($,.RADIAN.) );
#15016 = ( NAMED_UNIT(*) SI_UNIT($,.STERADIAN.) SOLID_ANGLE_UNIT() );
#15017 = UNCERTAINTY_MEASURE_WITH_UNIT(LENGTH_MEASURE(1.E-07),#15014,
  'distance_accuracy_value','confusion accuracy');
#15018 = PRODUCT_RELATED_PRODUCT_CATEGORY('part',$,(#7));
ENDSEC;
END-ISO-10303-21;
