ISO-10303-21;
HEADER;
FILE_DESCRIPTION(('Open CASCADE Model'),'2;1');
FILE_NAME('Open CASCADE Shape Model','2026-08-21T10:38:21',('Author'),(
    'Open CASCADE'),'Open CASCADE STEP processor 7.7','Open CASCADE 7.7'
  ,'Unknown');
FILE_SCHEMA(('AUTOMOTIVE_DESIGN { 1 0 10303 214 1 1 1 1 }'));
ENDSEC;
DATA;
#1 = APPLICATION_PROTOCOL_DEFINITION('international standard',
  'automotive_design',2000,#2);
#2 = APPLICATION_CONTEXT(
  'core data for automotive mechanical design processes');
#3 = SHAPE_DEFINITION_REPRESENTATION(#4,#10);
#4 = PRODUCT_DEFINITION_SHAPE('','',#5);
#5 = PRODUCT_DEFINITION('design','',#6,#9);
#6 = PRODUCT_DEFINITION_FORMATION('','',#7);
#7 = PRODUCT('Open CASCADE STEP translator 7.7 7',
  'Open CASCADE STEP translator 7.7 7','',(#8));
#8 = PRODUCT_CONTEXT('',#2,'mechanical');
#9 = PRODUCT_DEFINITION_CONTEXT('part definition',#2,'design');
#10 = ADVANCED_BREP_SHAPE_REPRESENTATION('',(#11,#15),#6870);
#11 = AXIS2_PLACEMENT_3D('',#12,#13,#14);
#12 = CARTESIAN_POINT('',(0.,0.,0.));
#13 = DIRECTION('',(0.,0.,1.));
#14 = DIRECTION('',(1.,0.,-0.));
#15 = MANIFOLD_SOLID_BREP('',#16);
#16 = CLOSED_SHELL('',(#17,#264,#400,#536,#672,#808,#944,#1080,#1216,
    #1352,#1488,#1624,#1760,#1896,#2032,#2168,#2304,#2440,#2576,#2712,
    #2848,#2984,#3120,#3265,#3401,#3602,#3738,#3874,#3981,#4117,#4253,
    #4257,#4261,#4397,#4533,#4669,#4805,#4941,#5077,#5213,#5349,#5485,
    #5621,#5757,#5893,#6029,#6165,#6301,#6437,#6573,#6709,#6840));
#17 = ADVANCED_FACE('',(#18),#32,.T.);
#18 = FACE_BOUND('',#19,.T.);
#19 = EDGE_LOOP('',(#20,#49,#88,#124,#156,#157,#196,#232));
#20 = ORIENTED_EDGE('',*,*,#21,.T.);
#21 = EDGE_CURVE('',#22,#24,#26,.T.);
#22 = VERTEX_POINT('',#23);
#23 = CARTESIAN_POINT('',(60.65271875722,55.88,0.));
#24 = VERTEX_POINT('',#25);
#25 = CARTESIAN_POINT('',(60.133826340196,63.796768427173,0.));
#26 = SEAM_CURVE('',#27,(#31,#42),.PCURVE_S1.);
#27 = LINE('',#28,#29);
#28 = CARTESIAN_POINT('',(60.632303121924,56.191482402959,0.));
#29 = VECTOR('',#30,1.);
#30 = DIRECTION('',(-6.540312923014E-02,0.997858923239,0.));
#31 = PCURVE('',#32,#37);
#32 = CYLINDRICAL_SURFACE('',#33,4.7625);
#33 = AXIS2_PLACEMENT_3D('',#34,#35,#36);
#34 = CARTESIAN_POINT('',(55.88,55.88,0.));
#35 = DIRECTION('',(-6.540312923014E-02,0.997858923239,0.));
#36 = DIRECTION('',(0.997858923239,6.540312923014E-02,0.));
#37 = DEFINITIONAL_REPRESENTATION('',(#38),#41);
#38 = B_SPLINE_CURVE_WITH_KNOTS('',1,(#39,#40),.UNSPECIFIED.,.F.,.F.,(2,
    2),(-1.726277771592,9.035731494353),.PIECEWISE_BEZIER_KNOTS.);
#39 = CARTESIAN_POINT('',(6.28318530718,-1.726277771592));
#40 = CARTESIAN_POINT('',(6.28318530718,9.035731494353));
#41 = ( GEOMETRIC_REPRESENTATION_CONTEXT(2) 
PARAMETRIC_REPRESENTATION_CONTEXT() REPRESENTATION_CONTEXT('2D SPACE',''
  ) );
#42 = PCURVE('',#32,#43);
#43 = DEFINITIONAL_REPRESENTATION('',(#44),#48);
#44 = LINE('',#45,#46);
#45 = CARTESIAN_POINT('',(0.,0.));
#46 = VECTOR('',#47,1.);
#47 = DIRECTION('',(0.,1.));
#48 = ( GEOMETRIC_REPRESENTATION_CONTEXT(2) 
PARAMETRIC_REPRESENTATION_CONTEXT() REPRESENTATION_CONTEXT('2D SPACE',''
  ) );
#49 = ORIENTED_EDGE('',*,*,#50,.F.);
#50 = EDGE_CURVE('',#51,#24,#53,.T.);
#51 = VERTEX_POINT('',#52);
#52 = CARTESIAN_POINT('',(55.401938853569,63.173803621256,4.7625));
#53 = SURFACE_CURVE('',#54,(#59,#71),.PCURVE_S1.);
#54 = ELLIPSE('',#55,4.77271875722,4.7625);
#55 = AXIS2_PLACEMENT_3D('',#56,#57,#58);
#56 = CARTESIAN_POINT('',(55.401938853569,63.173803621256,0.));
#57 = DIRECTION('',(-0.13052619222,0.991444861374,0.));
#58 = DIRECTION('',(0.991444861374,0.13052619222,0.));
#59 = PCURVE('',#32,#60);
#60 = DEFINITIONAL_REPRESENTATION('',(#61),#70);
#61 = B_SPLINE_CURVE_WITH_KNOTS('',7,(#62,#63,#64,#65,#66,#67,#68,#69),
  .UNSPECIFIED.,.F.,.F.,(8,8),(4.712388980385,6.28318530718),
  .PIECEWISE_BEZIER_KNOTS.);
#62 = CARTESIAN_POINT('',(4.712388980385,7.309453722761));
#63 = CARTESIAN_POINT('',(4.936788455641,7.37950018539));
#64 = CARTESIAN_POINT('',(5.161187930898,7.449546363589));
#65 = CARTESIAN_POINT('',(5.385587406153,7.513833430022));
#66 = CARTESIAN_POINT('',(5.609986881411,7.566591799531));
#67 = CARTESIAN_POINT('',(5.834386356667,7.603266022691));
#68 = CARTESIAN_POINT('',(6.058785831923,7.621604464418));
#69 = CARTESIAN_POINT('',(6.28318530718,7.621604464418));
#70 = ( GEOMETRIC_REPRESENTATION_CONTEXT(2) 
PARAMETRIC_REPRESENTATION_CONTEXT() REPRESENTATION_CONTEXT('2D SPACE',''
  ) );
#71 = PCURVE('',#72,#77);
#72 = CYLINDRICAL_SURFACE('',#73,4.7625);
#73 = AXIS2_PLACEMENT_3D('',#74,#75,#76);
#74 = CARTESIAN_POINT('',(55.401938853569,63.173803621256,0.));
#75 = DIRECTION('',(-0.195090322016,0.980785280403,0.));
#76 = DIRECTION('',(0.980785280403,0.195090322016,0.));
#77 = DEFINITIONAL_REPRESENTATION('',(#78),#87);
#78 = B_SPLINE_CURVE_WITH_KNOTS('',7,(#79,#80,#81,#82,#83,#84,#85,#86),
  .UNSPECIFIED.,.F.,.F.,(8,8),(4.712388980385,6.28318530718),
  .PIECEWISE_BEZIER_KNOTS.);
#79 = CARTESIAN_POINT('',(4.712388980385,-1.42108547152E-13));
#80 = CARTESIAN_POINT('',(4.936788455641,-7.0046462629E-02));
#81 = CARTESIAN_POINT('',(5.161187930898,-0.140092640828));
#82 = CARTESIAN_POINT('',(5.385587406153,-0.204379707263));
#83 = CARTESIAN_POINT('',(5.609986881411,-0.257138076769));
#84 = CARTESIAN_POINT('',(5.834386356667,-0.293812299931));
#85 = CARTESIAN_POINT('',(6.058785831923,-0.312150741658));
#86 = CARTESIAN_POINT('',(6.28318530718,-0.312150741658));
#87 = ( GEOMETRIC_REPRESENTATION_CONTEXT(2) 
PARAMETRIC_REPRESENTATION_CONTEXT() REPRESENTATION_CONTEXT('2D SPACE',''
  ) );
#88 = ORIENTED_EDGE('',*,*,#89,.F.);
#89 = EDGE_CURVE('',#90,#51,#92,.T.);
#90 = VERTEX_POINT('',#91);
#91 = CARTESIAN_POINT('',(55.401938853569,63.173803621256,-4.7625));
#92 = SURFACE_CURVE('',#93,(#98,#111),.PCURVE_S1.);
#93 = ELLIPSE('',#94,4.77271875722,4.7625);
#94 = AXIS2_PLACEMENT_3D('',#95,#96,#97);
#95 = CARTESIAN_POINT('',(55.401938853569,63.173803621256,0.));
#96 = DIRECTION('',(-0.13052619222,0.991444861374,0.));
#97 = DIRECTION('',(0.991444861374,0.13052619222,0.));
#98 = PCURVE('',#32,#99);
#99 = DEFINITIONAL_REPRESENTATION('',(#100),#110);
#100 = B_SPLINE_CURVE_WITH_KNOTS('',8,(#101,#102,#103,#104,#105,#106,
    #107,#108,#109),.UNSPECIFIED.,.F.,.F.,(9,9),(1.570796326795,
    4.712388980385),.PIECEWISE_BEZIER_KNOTS.);
#101 = CARTESIAN_POINT('',(1.570796326795,7.309453722761));
#102 = CARTESIAN_POINT('',(1.963495408494,7.18687241316));
#103 = CARTESIAN_POINT('',(2.356194490189,7.064290126151));
#104 = CARTESIAN_POINT('',(2.7488935719,6.970523779083));
#105 = CARTESIAN_POINT('',(3.141592653569,6.934311415187));
#106 = CARTESIAN_POINT('',(3.534291735296,6.970523779079));
#107 = CARTESIAN_POINT('',(3.926990816983,7.06429012615));
#108 = CARTESIAN_POINT('',(4.319689898686,7.18687241316));
#109 = CARTESIAN_POINT('',(4.712388980385,7.309453722761));
#110 = ( GEOMETRIC_REPRESENTATION_CONTEXT(2) 
PARAMETRIC_REPRESENTATION_CONTEXT() REPRESENTATION_CONTEXT('2D SPACE',''
  ) );
#111 = PCURVE('',#72,#112);
#112 = DEFINITIONAL_REPRESENTATION('',(#113),#123);
#113 = B_SPLINE_CURVE_WITH_KNOTS('',8,(#114,#115,#116,#117,#118,#119,
    #120,#121,#122),.UNSPECIFIED.,.F.,.F.,(9,9),(1.570796326795,
    4.712388980385),.PIECEWISE_BEZIER_KNOTS.);
#114 = CARTESIAN_POINT('',(1.570796326795,-1.42108547152E-13));
#115 = CARTESIAN_POINT('',(1.963495408494,0.1225813096));
#116 = CARTESIAN_POINT('',(2.356194490188,0.245163596604));
#117 = CARTESIAN_POINT('',(2.748893571901,0.338929943675));
#118 = CARTESIAN_POINT('',(3.141592653561,0.375142307549));
#119 = CARTESIAN_POINT('',(3.5342917353,0.338929943675));
#120 = CARTESIAN_POINT('',(3.926990816982,0.245163596604));
#121 = CARTESIAN_POINT('',(4.319689898686,0.1225813096));
#122 = CARTESIAN_POINT('',(4.712388980385,-1.42108547152E-13));
#123 = ( GEOMETRIC_REPRESENTATION_CONTEXT(2) 
PARAMETRIC_REPRESENTATION_CONTEXT() REPRESENTATION_CONTEXT('2D SPACE',''
  ) );
#124 = ORIENTED_EDGE('',*,*,#125,.F.);
#125 = EDGE_CURVE('',#24,#90,#126,.T.);
#126 = SURFACE_CURVE('',#127,(#132,#144),.PCURVE_S1.);
#127 = ELLIPSE('',#128,4.77271875722,4.7625);
#128 = AXIS2_PLACEMENT_3D('',#129,#130,#131);
#129 = CARTESIAN_POINT('',(55.401938853569,63.173803621256,0.));
#130 = DIRECTION('',(-0.13052619222,0.991444861374,0.));
#131 = DIRECTION('',(0.991444861374,0.13052619222,0.));
#132 = PCURVE('',#32,#133);
#133 = DEFINITIONAL_REPRESENTATION('',(#134),#143);
#134 = B_SPLINE_CURVE_WITH_KNOTS('',7,(#135,#136,#137,#138,#139,#140,
    #141,#142),.UNSPECIFIED.,.F.,.F.,(8,8),(0.,1.570796326795),
  .PIECEWISE_BEZIER_KNOTS.);
#135 = CARTESIAN_POINT('',(0.,7.621604464418));
#136 = CARTESIAN_POINT('',(0.224399475256,7.621604464418));
#137 = CARTESIAN_POINT('',(0.448798950513,7.60326602269));
#138 = CARTESIAN_POINT('',(0.673198425769,7.566591799532));
#139 = CARTESIAN_POINT('',(0.897597901026,7.513833430021));
#140 = CARTESIAN_POINT('',(1.121997376282,7.44954636359));
#141 = CARTESIAN_POINT('',(1.346396851538,7.37950018539));
#142 = CARTESIAN_POINT('',(1.570796326795,7.309453722761));
#143 = ( GEOMETRIC_REPRESENTATION_CONTEXT(2) 
PARAMETRIC_REPRESENTATION_CONTEXT() REPRESENTATION_CONTEXT('2D SPACE',''
  ) );
#144 = PCURVE('',#72,#145);
#145 = DEFINITIONAL_REPRESENTATION('',(#146),#155);
#146 = B_SPLINE_CURVE_WITH_KNOTS('',7,(#147,#148,#149,#150,#151,#152,
    #153,#154),.UNSPECIFIED.,.F.,.F.,(8,8),(0.,1.570796326795),
  .PIECEWISE_BEZIER_KNOTS.);
#147 = CARTESIAN_POINT('',(0.,-0.312150741658));
#148 = CARTESIAN_POINT('',(0.224399475256,-0.312150741658));
#149 = CARTESIAN_POINT('',(0.448798950513,-0.293812299931));
#150 = CARTESIAN_POINT('',(0.673198425769,-0.257138076769));
#151 = CARTESIAN_POINT('',(0.897597901025,-0.204379707263));
#152 = CARTESIAN_POINT('',(1.121997376282,-0.140092640828));
#153 = CARTESIAN_POINT('',(1.346396851538,-7.0046462629E-02));
#154 = CARTESIAN_POINT('',(1.570796326795,-1.42108547152E-13));
#155 = ( GEOMETRIC_REPRESENTATION_CONTEXT(2) 
PARAMETRIC_REPRESENTATION_CONTEXT() REPRESENTATION_CONTEXT('2D SPACE',''
  ) );
#156 = ORIENTED_EDGE('',*,*,#21,.F.);
#157 = ORIENTED_EDGE('',*,*,#158,.T.);
#158 = EDGE_CURVE('',#22,#159,#161,.T.);
#159 = VERTEX_POINT('',#160);
#160 = CARTESIAN_POINT('',(55.88,55.88,-4.7625));
#161 = SURFACE_CURVE('',#162,(#167,#179),.PCURVE_S1.);
#162 = ELLIPSE('',#163,4.77271875722,4.7625);
#163 = AXIS2_PLACEMENT_3D('',#164,#165,#166);
#164 = CARTESIAN_POINT('',(55.88,55.88,0.));
#165 = DIRECTION('',(-0.,1.,0.));
#166 = DIRECTION('',(1.,0.,0.));
#167 = PCURVE('',#32,#168);
#168 = DEFINITIONAL_REPRESENTATION('',(#169),#178);
#169 = B_SPLINE_CURVE_WITH_KNOTS('',7,(#170,#171,#172,#173,#174,#175,
    #176,#177),.UNSPECIFIED.,.F.,.F.,(8,8),(0.,1.570796326795),
  .PIECEWISE_BEZIER_KNOTS.);
#170 = CARTESIAN_POINT('',(0.,-0.312150741657));
#171 = CARTESIAN_POINT('',(0.224399475256,-0.312150741657));
#172 = CARTESIAN_POINT('',(0.448798950513,-0.293812299931));
#173 = CARTESIAN_POINT('',(0.673198425769,-0.257138076768));
#174 = CARTESIAN_POINT('',(0.897597901026,-0.204379707263));
#175 = CARTESIAN_POINT('',(1.121997376282,-0.140092640828));
#176 = CARTESIAN_POINT('',(1.346396851538,-7.004646262872E-02));
#177 = CARTESIAN_POINT('',(1.570796326795,1.42108547152E-13));
#178 = ( GEOMETRIC_REPRESENTATION_CONTEXT(2) 
PARAMETRIC_REPRESENTATION_CONTEXT() REPRESENTATION_CONTEXT('2D SPACE',''
  ) );
#179 = PCURVE('',#180,#185);
#180 = CYLINDRICAL_SURFACE('',#181,4.7625);
#181 = AXIS2_PLACEMENT_3D('',#182,#183,#184);
#182 = CARTESIAN_POINT('',(55.401938853569,48.586196378744,0.));
#183 = DIRECTION('',(6.540312923014E-02,0.997858923239,0.));
#184 = DIRECTION('',(0.997858923239,-6.540312923014E-02,0.));
#185 = DEFINITIONAL_REPRESENTATION('',(#186),#195);
#186 = B_SPLINE_CURVE_WITH_KNOTS('',7,(#187,#188,#189,#190,#191,#192,
    #193,#194),.UNSPECIFIED.,.F.,.F.,(8,8),(0.,1.570796326795),
  .PIECEWISE_BEZIER_KNOTS.);
#187 = CARTESIAN_POINT('',(0.,7.621604464418));
#188 = CARTESIAN_POINT('',(0.224399475256,7.621604464418));
#189 = CARTESIAN_POINT('',(0.448798950513,7.60326602269));
#190 = CARTESIAN_POINT('',(0.673198425769,7.566591799533));
#191 = CARTESIAN_POINT('',(0.897597901026,7.513833430021));
#192 = CARTESIAN_POINT('',(1.121997376282,7.44954636359));
#193 = CARTESIAN_POINT('',(1.346396851538,7.37950018539));
#194 = CARTESIAN_POINT('',(1.570796326795,7.309453722761));
#195 = ( GEOMETRIC_REPRESENTATION_CONTEXT(2) 
PARAMETRIC_REPRESENTATION_CONTEXT() REPRESENTATION_CONTEXT('2D SPACE',''
  ) );
#196 = ORIENTED_EDGE('',*,*,#197,.T.);
#197 = EDGE_CURVE('',#159,#198,#200,.T.);
#198 = VERTEX_POINT('',#199);
#199 = CARTESIAN_POINT('',(55.88,55.88,4.7625));
#200 = SURFACE_CURVE('',#201,(#206,#219),.PCURVE_S1.);
#201 = ELLIPSE('',#202,4.77271875722,4.7625);
#202 = AXIS2_PLACEMENT_3D('',#203,#204,#205);
#203 = CARTESIAN_POINT('',(55.88,55.88,0.));
#204 = DIRECTION('',(-0.,1.,0.));
#205 = DIRECTION('',(1.,0.,0.));
#206 = PCURVE('',#32,#207);
#207 = DEFINITIONAL_REPRESENTATION('',(#208),#218);
#208 = B_SPLINE_CURVE_WITH_KNOTS('',8,(#209,#210,#211,#212,#213,#214,
    #215,#216,#217),.UNSPECIFIED.,.F.,.F.,(9,9),(1.570796326795,
    4.712388980385),.PIECEWISE_BEZIER_KNOTS.);
#209 = CARTESIAN_POINT('',(1.570796326795,1.42108547152E-13));
#210 = CARTESIAN_POINT('',(1.963495408494,0.122581309601));
#211 = CARTESIAN_POINT('',(2.356194490187,0.245163596605));
#212 = CARTESIAN_POINT('',(2.748893571906,0.338929943674));
#213 = CARTESIAN_POINT('',(3.141592653557,0.375142307549));
#214 = CARTESIAN_POINT('',(3.534291735307,0.338929943674));
#215 = CARTESIAN_POINT('',(3.92699081698,0.245163596605));
#216 = CARTESIAN_POINT('',(4.319689898686,0.122581309601));
#217 = CARTESIAN_POINT('',(4.712388980385,1.42108547152E-13));
#218 = ( GEOMETRIC_REPRESENTATION_CONTEXT(2) 
PARAMETRIC_REPRESENTATION_CONTEXT() REPRESENTATION_CONTEXT('2D SPACE',''
  ) );
#219 = PCURVE('',#180,#220);
#220 = DEFINITIONAL_REPRESENTATION('',(#221),#231);
#221 = B_SPLINE_CURVE_WITH_KNOTS('',8,(#222,#223,#224,#225,#226,#227,
    #228,#229,#230),.UNSPECIFIED.,.F.,.F.,(9,9),(1.570796326795,
    4.712388980385),.PIECEWISE_BEZIER_KNOTS.);
#222 = CARTESIAN_POINT('',(1.570796326795,7.309453722761));
#223 = CARTESIAN_POINT('',(1.963495408494,7.18687241316));
#224 = CARTESIAN_POINT('',(2.356194490188,7.064290126155));
#225 = CARTESIAN_POINT('',(2.748893571899,6.970523779088));
#226 = CARTESIAN_POINT('',(3.141592653567,6.934311415196));
#227 = CARTESIAN_POINT('',(3.5342917353,6.970523779072));
#228 = CARTESIAN_POINT('',(3.926990816982,7.064290126155));
#229 = CARTESIAN_POINT('',(4.319689898686,7.18687241316));
#230 = CARTESIAN_POINT('',(4.712388980385,7.309453722761));
#231 = ( GEOMETRIC_REPRESENTATION_CONTEXT(2) 
PARAMETRIC_REPRESENTATION_CONTEXT() REPRESENTATION_CONTEXT('2D SPACE',''
  ) );
#232 = ORIENTED_EDGE('',*,*,#233,.T.);
#233 = EDGE_CURVE('',#198,#22,#234,.T.);
#234 = SURFACE_CURVE('',#235,(#240,#252),.PCURVE_S1.);
#235 = ELLIPSE('',#236,4.77271875722,4.7625);
#236 = AXIS2_PLACEMENT_3D('',#237,#238,#239);
#237 = CARTESIAN_POINT('',(55.88,55.88,0.));
#238 = DIRECTION('',(-0.,1.,0.));
#239 = DIRECTION('',(1.,0.,0.));
#240 = PCURVE('',#32,#241);
#241 = DEFINITIONAL_REPRESENTATION('',(#242),#251);
#242 = B_SPLINE_CURVE_WITH_KNOTS('',7,(#243,#244,#245,#246,#247,#248,
    #249,#250),.UNSPECIFIED.,.F.,.F.,(8,8),(4.712388980385,6.28318530718
    ),.PIECEWISE_BEZIER_KNOTS.);
#243 = CARTESIAN_POINT('',(4.712388980385,1.42108547152E-13));
#244 = CARTESIAN_POINT('',(4.936788455641,-7.004646262872E-02));
#245 = CARTESIAN_POINT('',(5.161187930898,-0.140092640828));
#246 = CARTESIAN_POINT('',(5.385587406153,-0.204379707263));
#247 = CARTESIAN_POINT('',(5.609986881411,-0.257138076768));
#248 = CARTESIAN_POINT('',(5.834386356667,-0.293812299931));
#249 = CARTESIAN_POINT('',(6.058785831923,-0.312150741657));
#250 = CARTESIAN_POINT('',(6.28318530718,-0.312150741657));
#251 = ( GEOMETRIC_REPRESENTATION_CONTEXT(2) 
PARAMETRIC_REPRESENTATION_CONTEXT() REPRESENTATION_CONTEXT('2D SPACE',''
  ) );
#252 = PCURVE('',#180,#253);
#253 = DEFINITIONAL_REPRESENTATION('',(#254),#263);
#254 = B_SPLINE_CURVE_WITH_KNOTS('',7,(#255,#256,#257,#258,#259,#260,
    #261,#262),.UNSPECIFIED.,.F.,.F.,(8,8),(4.712388980385,6.28318530718
    ),.PIECEWISE_BEZIER_KNOTS.);
#255 = CARTESIAN_POINT('',(4.712388980385,7.309453722761));
#256 = CARTESIAN_POINT('',(4.936788455641,7.37950018539));
#257 = CARTESIAN_POINT('',(5.161187930897,7.449546363591));
#258 = CARTESIAN_POINT('',(5.385587406154,7.513833430019));
#259 = CARTESIAN_POINT('',(5.609986881411,7.566591799536));
#260 = CARTESIAN_POINT('',(5.834386356667,7.60326602269));
#261 = CARTESIAN_POINT('',(6.058785831923,7.621604464418));
#262 = CARTESIAN_POINT('',(6.28318530718,7.621604464418));
#263 = ( GEOMETRIC_REPRESENTATION_CONTEXT(2) 
PARAMETRIC_REPRESENTATION_CONTEXT() REPRESENTATION_CONTEXT('2D SPACE',''
  ) );
#264 = ADVANCED_FACE('',(#265),#180,.T.);
#265 = FACE_BOUND('',#266,.T.);
#266 = EDGE_LOOP('',(#267,#289,#290,#291,#292,#293,#332,#368));
#267 = ORIENTED_EDGE('',*,*,#268,.T.);
#268 = EDGE_CURVE('',#269,#22,#271,.T.);
#269 = VERTEX_POINT('',#270);
#270 = CARTESIAN_POINT('',(60.133826340196,47.963231572826,0.));
#271 = SEAM_CURVE('',#272,(#276,#282),.PCURVE_S1.);
#272 = LINE('',#273,#274);
#273 = CARTESIAN_POINT('',(60.154241975492,48.274713975785,0.));
#274 = VECTOR('',#275,1.);
#275 = DIRECTION('',(6.540312923014E-02,0.997858923239,0.));
#276 = PCURVE('',#180,#277);
#277 = DEFINITIONAL_REPRESENTATION('',(#278),#281);
#278 = B_SPLINE_CURVE_WITH_KNOTS('',1,(#279,#280),.UNSPECIFIED.,.F.,.F.,
  (2,2),(-1.726277771592,9.035731494353),.PIECEWISE_BEZIER_KNOTS.);
#279 = CARTESIAN_POINT('',(6.28318530718,-1.726277771592));
#280 = CARTESIAN_POINT('',(6.28318530718,9.035731494353));
#281 = ( GEOMETRIC_REPRESENTATION_CONTEXT(2) 
PARAMETRIC_REPRESENTATION_CONTEXT() REPRESENTATION_CONTEXT('2D SPACE',''
  ) );
#282 = PCURVE('',#180,#283);
#283 = DEFINITIONAL_REPRESENTATION('',(#284),#288);
#284 = LINE('',#285,#286);
#285 = CARTESIAN_POINT('',(0.,0.));
#286 = VECTOR('',#287,1.);
#287 = DIRECTION('',(0.,1.));
#288 = ( GEOMETRIC_REPRESENTATION_CONTEXT(2) 
PARAMETRIC_REPRESENTATION_CONTEXT() REPRESENTATION_CONTEXT('2D SPACE',''
  ) );
#289 = ORIENTED_EDGE('',*,*,#233,.F.);
#290 = ORIENTED_EDGE('',*,*,#197,.F.);
#291 = ORIENTED_EDGE('',*,*,#158,.F.);
#292 = ORIENTED_EDGE('',*,*,#268,.F.);
#293 = ORIENTED_EDGE('',*,*,#294,.T.);
#294 = EDGE_CURVE('',#269,#295,#297,.T.);
#295 = VERTEX_POINT('',#296);
#296 = CARTESIAN_POINT('',(55.401938853569,48.586196378743,-4.7625));
#297 = SURFACE_CURVE('',#298,(#303,#315),.PCURVE_S1.);
#298 = ELLIPSE('',#299,4.77271875722,4.7625);
#299 = AXIS2_PLACEMENT_3D('',#300,#301,#302);
#300 = CARTESIAN_POINT('',(55.401938853569,48.586196378743,0.));
#301 = DIRECTION('',(0.13052619222,0.991444861374,0.));
#302 = DIRECTION('',(0.991444861374,-0.13052619222,0.));
#303 = PCURVE('',#180,#304);
#304 = DEFINITIONAL_REPRESENTATION('',(#305),#314);
#305 = B_SPLINE_CURVE_WITH_KNOTS('',7,(#306,#307,#308,#309,#310,#311,
    #312,#313),.UNSPECIFIED.,.F.,.F.,(8,8),(0.,1.570796326795),
  .PIECEWISE_BEZIER_KNOTS.);
#306 = CARTESIAN_POINT('',(0.,-0.312150741658));
#307 = CARTESIAN_POINT('',(0.224399475256,-0.312150741658));
#308 = CARTESIAN_POINT('',(0.448798950513,-0.293812299931));
#309 = CARTESIAN_POINT('',(0.673198425769,-0.257138076769));
#310 = CARTESIAN_POINT('',(0.897597901026,-0.204379707263));
#311 = CARTESIAN_POINT('',(1.121997376282,-0.140092640828));
#312 = CARTESIAN_POINT('',(1.346396851538,-7.004646262889E-02));
#313 = CARTESIAN_POINT('',(1.570796326795,-2.84217094304E-14));
#314 = ( GEOMETRIC_REPRESENTATION_CONTEXT(2) 
PARAMETRIC_REPRESENTATION_CONTEXT() REPRESENTATION_CONTEXT('2D SPACE',''
  ) );
#315 = PCURVE('',#316,#321);
#316 = CYLINDRICAL_SURFACE('',#317,4.7625);
#317 = AXIS2_PLACEMENT_3D('',#318,#319,#320);
#318 = CARTESIAN_POINT('',(53.975935173033,41.417191759671,0.));
#319 = DIRECTION('',(0.195090322016,0.980785280403,0.));
#320 = DIRECTION('',(0.980785280403,-0.195090322016,0.));
#321 = DEFINITIONAL_REPRESENTATION('',(#322),#331);
#322 = B_SPLINE_CURVE_WITH_KNOTS('',7,(#323,#324,#325,#326,#327,#328,
    #329,#330),.UNSPECIFIED.,.F.,.F.,(8,8),(0.,1.570796326795),
  .PIECEWISE_BEZIER_KNOTS.);
#323 = CARTESIAN_POINT('',(0.,7.621604464418));
#324 = CARTESIAN_POINT('',(0.224399475256,7.621604464418));
#325 = CARTESIAN_POINT('',(0.448798950513,7.603266022692));
#326 = CARTESIAN_POINT('',(0.673198425769,7.566591799527));
#327 = CARTESIAN_POINT('',(0.897597901026,7.513833430026));
#328 = CARTESIAN_POINT('',(1.121997376282,7.449546363588));
#329 = CARTESIAN_POINT('',(1.346396851538,7.37950018539));
#330 = CARTESIAN_POINT('',(1.570796326795,7.309453722761));
#331 = ( GEOMETRIC_REPRESENTATION_CONTEXT(2) 
PARAMETRIC_REPRESENTATION_CONTEXT() REPRESENTATION_CONTEXT('2D SPACE',''
  ) );
#332 = ORIENTED_EDGE('',*,*,#333,.T.);
#333 = EDGE_CURVE('',#295,#334,#336,.T.);
#334 = VERTEX_POINT('',#335);
#335 = CARTESIAN_POINT('',(55.401938853569,48.586196378743,4.7625));
#336 = SURFACE_CURVE('',#337,(#342,#355),.PCURVE_S1.);
#337 = ELLIPSE('',#338,4.77271875722,4.7625);
#338 = AXIS2_PLACEMENT_3D('',#339,#340,#341);
#339 = CARTESIAN_POINT('',(55.401938853569,48.586196378743,0.));
#340 = DIRECTION('',(0.13052619222,0.991444861374,0.));
#341 = DIRECTION('',(0.991444861374,-0.13052619222,0.));
#342 = PCURVE('',#180,#343);
#343 = DEFINITIONAL_REPRESENTATION('',(#344),#354);
#344 = B_SPLINE_CURVE_WITH_KNOTS('',8,(#345,#346,#347,#348,#349,#350,
    #351,#352,#353),.UNSPECIFIED.,.F.,.F.,(9,9),(1.570796326795,
    4.712388980385),.PIECEWISE_BEZIER_KNOTS.);
#345 = CARTESIAN_POINT('',(1.570796326795,-2.84217094304E-14));
#346 = CARTESIAN_POINT('',(1.963495408494,0.1225813096));
#347 = CARTESIAN_POINT('',(2.35619449019,0.245163596605));
#348 = CARTESIAN_POINT('',(2.748893571897,0.338929943674));
#349 = CARTESIAN_POINT('',(3.141592653568,0.37514230755));
#350 = CARTESIAN_POINT('',(3.534291735292,0.338929943674));
#351 = CARTESIAN_POINT('',(3.926990816984,0.245163596605));
#352 = CARTESIAN_POINT('',(4.319689898686,0.1225813096));
#353 = CARTESIAN_POINT('',(4.712388980385,-2.84217094304E-14));
#354 = ( GEOMETRIC_REPRESENTATION_CONTEXT(2) 
PARAMETRIC_REPRESENTATION_CONTEXT() REPRESENTATION_CONTEXT('2D SPACE',''
  ) );
#355 = PCURVE('',#316,#356);
#356 = DEFINITIONAL_REPRESENTATION('',(#357),#367);
#357 = B_SPLINE_CURVE_WITH_KNOTS('',8,(#358,#359,#360,#361,#362,#363,
    #364,#365,#366),.UNSPECIFIED.,.F.,.F.,(9,9),(1.570796326795,
    4.712388980385),.PIECEWISE_BEZIER_KNOTS.);
#358 = CARTESIAN_POINT('',(1.570796326795,7.309453722761));
#359 = CARTESIAN_POINT('',(1.963495408494,7.18687241316));
#360 = CARTESIAN_POINT('',(2.356194490186,7.064290126143));
#361 = CARTESIAN_POINT('',(2.748893571906,6.970523779122));
#362 = CARTESIAN_POINT('',(3.141592653552,6.934311415149));
#363 = CARTESIAN_POINT('',(3.534291735307,6.970523779119));
#364 = CARTESIAN_POINT('',(3.92699081698,7.064290126146));
#365 = CARTESIAN_POINT('',(4.319689898686,7.18687241316));
#366 = CARTESIAN_POINT('',(4.712388980385,7.309453722761));
#367 = ( GEOMETRIC_REPRESENTATION_CONTEXT(2) 
PARAMETRIC_REPRESENTATION_CONTEXT() REPRESENTATION_CONTEXT('2D SPACE',''
  ) );
#368 = ORIENTED_EDGE('',*,*,#369,.T.);
#369 = EDGE_CURVE('',#334,#269,#370,.T.);
#370 = SURFACE_CURVE('',#371,(#376,#388),.PCURVE_S1.);
#371 = ELLIPSE('',#372,4.77271875722,4.7625);
#372 = AXIS2_PLACEMENT_3D('',#373,#374,#375);
#373 = CARTESIAN_POINT('',(55.401938853569,48.586196378743,0.));
#374 = DIRECTION('',(0.13052619222,0.991444861374,0.));
#375 = DIRECTION('',(0.991444861374,-0.13052619222,0.));
#376 = PCURVE('',#180,#377);
#377 = DEFINITIONAL_REPRESENTATION('',(#378),#387);
#378 = B_SPLINE_CURVE_WITH_KNOTS('',7,(#379,#380,#381,#382,#383,#384,
    #385,#386),.UNSPECIFIED.,.F.,.F.,(8,8),(4.712388980385,6.28318530718
    ),.PIECEWISE_BEZIER_KNOTS.);
#379 = CARTESIAN_POINT('',(4.712388980385,-2.84217094304E-14));
#380 = CARTESIAN_POINT('',(4.936788455641,-7.004646262889E-02));
#381 = CARTESIAN_POINT('',(5.161187930897,-0.140092640828));
#382 = CARTESIAN_POINT('',(5.385587406154,-0.204379707263));
#383 = CARTESIAN_POINT('',(5.609986881411,-0.257138076768));
#384 = CARTESIAN_POINT('',(5.834386356667,-0.293812299931));
#385 = CARTESIAN_POINT('',(6.058785831923,-0.312150741658));
#386 = CARTESIAN_POINT('',(6.28318530718,-0.312150741658));
#387 = ( GEOMETRIC_REPRESENTATION_CONTEXT(2) 
PARAMETRIC_REPRESENTATION_CONTEXT() REPRESENTATION_CONTEXT('2D SPACE',''
  ) );
#388 = PCURVE('',#316,#389);
#389 = DEFINITIONAL_REPRESENTATION('',(#390),#399);
#390 = B_SPLINE_CURVE_WITH_KNOTS('',7,(#391,#392,#393,#394,#395,#396,
    #397,#398),.UNSPECIFIED.,.F.,.F.,(8,8),(4.712388980385,6.28318530718
    ),.PIECEWISE_BEZIER_KNOTS.);
#391 = CARTESIAN_POINT('',(4.712388980385,7.309453722761));
#392 = CARTESIAN_POINT('',(4.936788455641,7.37950018539));
#393 = CARTESIAN_POINT('',(5.161187930898,7.449546363589));
#394 = CARTESIAN_POINT('',(5.385587406154,7.513833430025));
#395 = CARTESIAN_POINT('',(5.609986881412,7.56659179953));
#396 = CARTESIAN_POINT('',(5.834386356666,7.603266022692));
#397 = CARTESIAN_POINT('',(6.058785831923,7.621604464418));
#398 = CARTESIAN_POINT('',(6.28318530718,7.621604464418));
#399 = ( GEOMETRIC_REPRESENTATION_CONTEXT(2) 
PARAMETRIC_REPRESENTATION_CONTEXT() REPRESENTATION_CONTEXT('2D SPACE',''
  ) );
#400 = ADVANCED_FACE('',(#401),#72,.T.);
#401 = FACE_BOUND('',#402,.T.);
#402 = EDGE_LOOP('',(#403,#425,#464,#500,#532,#533,#534,#535));
#403 = ORIENTED_EDGE('',*,*,#404,.T.);
#404 = EDGE_CURVE('',#24,#405,#407,.T.);
#405 = VERTEX_POINT('',#406);
#406 = CARTESIAN_POINT('',(58.586027482246,71.578078751616,0.));
#407 = SEAM_CURVE('',#408,(#412,#418),.PCURVE_S1.);
#408 = LINE('',#409,#410);
#409 = CARTESIAN_POINT('',(60.072928751489,64.102921279858,0.));
#410 = VECTOR('',#411,1.);
#411 = DIRECTION('',(-0.195090322016,0.980785280403,0.));
#412 = PCURVE('',#72,#413);
#413 = DEFINITIONAL_REPRESENTATION('',(#414),#417);
#414 = B_SPLINE_CURVE_WITH_KNOTS('',1,(#415,#416),.UNSPECIFIED.,.F.,.F.,
  (2,2),(-1.726277771592,9.035731494353),.PIECEWISE_BEZIER_KNOTS.);
#415 = CARTESIAN_POINT('',(6.28318530718,-1.726277771592));
#416 = CARTESIAN_POINT('',(6.28318530718,9.035731494353));
#417 = ( GEOMETRIC_REPRESENTATION_CONTEXT(2) 
PARAMETRIC_REPRESENTATION_CONTEXT() REPRESENTATION_CONTEXT('2D SPACE',''
  ) );
#418 = PCURVE('',#72,#419);
#419 = DEFINITIONAL_REPRESENTATION('',(#420),#424);
#420 = LINE('',#421,#422);
#421 = CARTESIAN_POINT('',(0.,0.));
#422 = VECTOR('',#423,1.);
#423 = DIRECTION('',(0.,1.));
#424 = ( GEOMETRIC_REPRESENTATION_CONTEXT(2) 
PARAMETRIC_REPRESENTATION_CONTEXT() REPRESENTATION_CONTEXT('2D SPACE',''
  ) );
#425 = ORIENTED_EDGE('',*,*,#426,.F.);
#426 = EDGE_CURVE('',#427,#405,#429,.T.);
#427 = VERTEX_POINT('',#428);
#428 = CARTESIAN_POINT('',(53.975935173033,70.342808240329,4.7625));
#429 = SURFACE_CURVE('',#430,(#435,#447),.PCURVE_S1.);
#430 = ELLIPSE('',#431,4.77271875722,4.7625);
#431 = AXIS2_PLACEMENT_3D('',#432,#433,#434);
#432 = CARTESIAN_POINT('',(53.975935173033,70.342808240329,0.));
#433 = DIRECTION('',(-0.258819045103,0.965925826289,0.));
#434 = DIRECTION('',(0.965925826289,0.258819045103,0.));
#435 = PCURVE('',#72,#436);
#436 = DEFINITIONAL_REPRESENTATION('',(#437),#446);
#437 = B_SPLINE_CURVE_WITH_KNOTS('',7,(#438,#439,#440,#441,#442,#443,
    #444,#445),.UNSPECIFIED.,.F.,.F.,(8,8),(4.712388980385,6.28318530718
    ),.PIECEWISE_BEZIER_KNOTS.);
#438 = CARTESIAN_POINT('',(4.712388980385,7.309453722761));
#439 = CARTESIAN_POINT('',(4.936788455641,7.37950018539));
#440 = CARTESIAN_POINT('',(5.161187930898,7.44954636359));
#441 = CARTESIAN_POINT('',(5.385587406153,7.513833430022));
#442 = CARTESIAN_POINT('',(5.609986881412,7.566591799531));
#443 = CARTESIAN_POINT('',(5.834386356666,7.603266022691));
#444 = CARTESIAN_POINT('',(6.058785831923,7.621604464418));
#445 = CARTESIAN_POINT('',(6.28318530718,7.621604464418));
#446 = ( GEOMETRIC_REPRESENTATION_CONTEXT(2) 
PARAMETRIC_REPRESENTATION_CONTEXT() REPRESENTATION_CONTEXT('2D SPACE',''
  ) );
#447 = PCURVE('',#448,#453);
#448 = CYLINDRICAL_SURFACE('',#449,4.7625);
#449 = AXIS2_PLACEMENT_3D('',#450,#451,#452);
#450 = CARTESIAN_POINT('',(53.975935173033,70.342808240329,0.));
#451 = DIRECTION('',(-0.321439465303,0.946930129495,0.));
#452 = DIRECTION('',(0.946930129495,0.321439465303,0.));
#453 = DEFINITIONAL_REPRESENTATION('',(#454),#463);
#454 = B_SPLINE_CURVE_WITH_KNOTS('',7,(#455,#456,#457,#458,#459,#460,
    #461,#462),.UNSPECIFIED.,.F.,.F.,(8,8),(4.712388980385,6.28318530718
    ),.PIECEWISE_BEZIER_KNOTS.);
#455 = CARTESIAN_POINT('',(4.712388980385,3.552713678801E-14));
#456 = CARTESIAN_POINT('',(4.936788455641,-7.004646262883E-02));
#457 = CARTESIAN_POINT('',(5.161187930897,-0.140092640828));
#458 = CARTESIAN_POINT('',(5.385587406155,-0.204379707263));
#459 = CARTESIAN_POINT('',(5.60998688141,-0.257138076769));
#460 = CARTESIAN_POINT('',(5.834386356667,-0.293812299931));
#461 = CARTESIAN_POINT('',(6.058785831923,-0.312150741658));
#462 = CARTESIAN_POINT('',(6.28318530718,-0.312150741658));
#463 = ( GEOMETRIC_REPRESENTATION_CONTEXT(2) 
PARAMETRIC_REPRESENTATION_CONTEXT() REPRESENTATION_CONTEXT('2D SPACE',''
  ) );
#464 = ORIENTED_EDGE('',*,*,#465,.F.);
#465 = EDGE_CURVE('',#466,#427,#468,.T.);
#466 = VERTEX_POINT('',#467);
#467 = CARTESIAN_POINT('',(53.975935173033,70.342808240329,-4.7625));
#468 = SURFACE_CURVE('',#469,(#474,#487),.PCURVE_S1.);
#469 = ELLIPSE('',#470,4.77271875722,4.7625);
#470 = AXIS2_PLACEMENT_3D('',#471,#472,#473);
#471 = CARTESIAN_POINT('',(53.975935173033,70.342808240329,0.));
#472 = DIRECTION('',(-0.258819045103,0.965925826289,0.));
#473 = DIRECTION('',(0.965925826289,0.258819045103,0.));
#474 = PCURVE('',#72,#475);
#475 = DEFINITIONAL_REPRESENTATION('',(#476),#486);
#476 = B_SPLINE_CURVE_WITH_KNOTS('',8,(#477,#478,#479,#480,#481,#482,
    #483,#484,#485),.UNSPECIFIED.,.F.,.F.,(9,9),(1.570796326795,
    4.712388980385),.PIECEWISE_BEZIER_KNOTS.);
#477 = CARTESIAN_POINT('',(1.570796326795,7.309453722761));
#478 = CARTESIAN_POINT('',(1.963495408494,7.18687241316));
#479 = CARTESIAN_POINT('',(2.356194490188,7.064290126145));
#480 = CARTESIAN_POINT('',(2.748893571903,6.970523779106));
#481 = CARTESIAN_POINT('',(3.141592653559,6.934311415156));
#482 = CARTESIAN_POINT('',(3.5342917353,6.970523779109));
#483 = CARTESIAN_POINT('',(3.926990816982,7.064290126147));
#484 = CARTESIAN_POINT('',(4.319689898686,7.18687241316));
#485 = CARTESIAN_POINT('',(4.712388980385,7.309453722761));
#486 = ( GEOMETRIC_REPRESENTATION_CONTEXT(2) 
PARAMETRIC_REPRESENTATION_CONTEXT() REPRESENTATION_CONTEXT('2D SPACE',''
  ) );
#487 = PCURVE('',#448,#488);
#488 = DEFINITIONAL_REPRESENTATION('',(#489),#499);
#489 = B_SPLINE_CURVE_WITH_KNOTS('',8,(#490,#491,#492,#493,#494,#495,
    #496,#497,#498),.UNSPECIFIED.,.F.,.F.,(9,9),(1.570796326795,
    4.712388980385),.PIECEWISE_BEZIER_KNOTS.);
#490 = CARTESIAN_POINT('',(1.570796326795,3.552713678801E-14));
#491 = CARTESIAN_POINT('',(1.963495408494,0.122581309601));
#492 = CARTESIAN_POINT('',(2.356194490188,0.245163596605));
#493 = CARTESIAN_POINT('',(2.748893571903,0.338929943674));
#494 = CARTESIAN_POINT('',(3.141592653559,0.37514230755));
#495 = CARTESIAN_POINT('',(3.5342917353,0.338929943674));
#496 = CARTESIAN_POINT('',(3.926990816982,0.245163596605));
#497 = CARTESIAN_POINT('',(4.319689898686,0.122581309601));
#498 = CARTESIAN_POINT('',(4.712388980385,3.552713678801E-14));
#499 = ( GEOMETRIC_REPRESENTATION_CONTEXT(2) 
PARAMETRIC_REPRESENTATION_CONTEXT() REPRESENTATION_CONTEXT('2D SPACE',''
  ) );
#500 = ORIENTED_EDGE('',*,*,#501,.F.);
#501 = EDGE_CURVE('',#405,#466,#502,.T.);
#502 = SURFACE_CURVE('',#503,(#508,#520),.PCURVE_S1.);
#503 = ELLIPSE('',#504,4.77271875722,4.7625);
#504 = AXIS2_PLACEMENT_3D('',#505,#506,#507);
#505 = CARTESIAN_POINT('',(53.975935173033,70.342808240329,0.));
#506 = DIRECTION('',(-0.258819045103,0.965925826289,0.));
#507 = DIRECTION('',(0.965925826289,0.258819045103,0.));
#508 = PCURVE('',#72,#509);
#509 = DEFINITIONAL_REPRESENTATION('',(#510),#519);
#510 = B_SPLINE_CURVE_WITH_KNOTS('',7,(#511,#512,#513,#514,#515,#516,
    #517,#518),.UNSPECIFIED.,.F.,.F.,(8,8),(0.,1.570796326795),
  .PIECEWISE_BEZIER_KNOTS.);
#511 = CARTESIAN_POINT('',(0.,7.621604464418));
#512 = CARTESIAN_POINT('',(0.224399475256,7.621604464418));
#513 = CARTESIAN_POINT('',(0.448798950513,7.603266022691));
#514 = CARTESIAN_POINT('',(0.673198425769,7.566591799529));
#515 = CARTESIAN_POINT('',(0.897597901026,7.513833430023));
#516 = CARTESIAN_POINT('',(1.121997376282,7.449546363589));
#517 = CARTESIAN_POINT('',(1.346396851538,7.37950018539));
#518 = CARTESIAN_POINT('',(1.570796326795,7.309453722761));
#519 = ( GEOMETRIC_REPRESENTATION_CONTEXT(2) 
PARAMETRIC_REPRESENTATION_CONTEXT() REPRESENTATION_CONTEXT('2D SPACE',''
  ) );
#520 = PCURVE('',#448,#521);
#521 = DEFINITIONAL_REPRESENTATION('',(#522),#531);
#522 = B_SPLINE_CURVE_WITH_KNOTS('',7,(#523,#524,#525,#526,#527,#528,
    #529,#530),.UNSPECIFIED.,.F.,.F.,(8,8),(0.,1.570796326795),
  .PIECEWISE_BEZIER_KNOTS.);
#523 = CARTESIAN_POINT('',(0.,-0.312150741658));
#524 = CARTESIAN_POINT('',(0.224399475256,-0.312150741658));
#525 = CARTESIAN_POINT('',(0.448798950513,-0.293812299931));
#526 = CARTESIAN_POINT('',(0.673198425769,-0.257138076769));
#527 = CARTESIAN_POINT('',(0.897597901026,-0.204379707263));
#528 = CARTESIAN_POINT('',(1.121997376282,-0.140092640828));
#529 = CARTESIAN_POINT('',(1.346396851538,-7.004646262883E-02));
#530 = CARTESIAN_POINT('',(1.570796326795,3.552713678801E-14));
#531 = ( GEOMETRIC_REPRESENTATION_CONTEXT(2) 
PARAMETRIC_REPRESENTATION_CONTEXT() REPRESENTATION_CONTEXT('2D SPACE',''
  ) );
#532 = ORIENTED_EDGE('',*,*,#404,.F.);
#533 = ORIENTED_EDGE('',*,*,#125,.T.);
#534 = ORIENTED_EDGE('',*,*,#89,.T.);
#535 = ORIENTED_EDGE('',*,*,#50,.T.);
#536 = ADVANCED_FACE('',(#537),#316,.T.);
#537 = FACE_BOUND('',#538,.T.);
#538 = EDGE_LOOP('',(#539,#561,#562,#563,#564,#565,#604,#640));
#539 = ORIENTED_EDGE('',*,*,#540,.T.);
#540 = EDGE_CURVE('',#541,#269,#543,.T.);
#541 = VERTEX_POINT('',#542);
#542 = CARTESIAN_POINT('',(58.586027482246,40.181921248385,0.));
#543 = SEAM_CURVE('',#544,(#548,#554),.PCURVE_S1.);
#544 = LINE('',#545,#546);
#545 = CARTESIAN_POINT('',(58.646925070954,40.488074101069,0.));
#546 = VECTOR('',#547,1.);
#547 = DIRECTION('',(0.195090322016,0.980785280403,0.));
#548 = PCURVE('',#316,#549);
#549 = DEFINITIONAL_REPRESENTATION('',(#550),#553);
#550 = B_SPLINE_CURVE_WITH_KNOTS('',1,(#551,#552),.UNSPECIFIED.,.F.,.F.,
  (2,2),(-1.726277771592,9.035731494353),.PIECEWISE_BEZIER_KNOTS.);
#551 = CARTESIAN_POINT('',(6.28318530718,-1.726277771592));
#552 = CARTESIAN_POINT('',(6.28318530718,9.035731494353));
#553 = ( GEOMETRIC_REPRESENTATION_CONTEXT(2) 
PARAMETRIC_REPRESENTATION_CONTEXT() REPRESENTATION_CONTEXT('2D SPACE',''
  ) );
#554 = PCURVE('',#316,#555);
#555 = DEFINITIONAL_REPRESENTATION('',(#556),#560);
#556 = LINE('',#557,#558);
#557 = CARTESIAN_POINT('',(0.,0.));
#558 = VECTOR('',#559,1.);
#559 = DIRECTION('',(0.,1.));
#560 = ( GEOMETRIC_REPRESENTATION_CONTEXT(2) 
PARAMETRIC_REPRESENTATION_CONTEXT() REPRESENTATION_CONTEXT('2D SPACE',''
  ) );
#561 = ORIENTED_EDGE('',*,*,#369,.F.);
#562 = ORIENTED_EDGE('',*,*,#333,.F.);
#563 = ORIENTED_EDGE('',*,*,#294,.F.);
#564 = ORIENTED_EDGE('',*,*,#540,.F.);
#565 = ORIENTED_EDGE('',*,*,#566,.T.);
#566 = EDGE_CURVE('',#541,#567,#569,.T.);
#567 = VERTEX_POINT('',#568);
#568 = CARTESIAN_POINT('',(53.975935173033,41.417191759671,-4.7625));
#569 = SURFACE_CURVE('',#570,(#575,#587),.PCURVE_S1.);
#570 = ELLIPSE('',#571,4.77271875722,4.7625);
#571 = AXIS2_PLACEMENT_3D('',#572,#573,#574);
#572 = CARTESIAN_POINT('',(53.975935173033,41.417191759671,0.));
#573 = DIRECTION('',(0.258819045103,0.965925826289,0.));
#574 = DIRECTION('',(0.965925826289,-0.258819045103,0.));
#575 = PCURVE('',#316,#576);
#576 = DEFINITIONAL_REPRESENTATION('',(#577),#586);
#577 = B_SPLINE_CURVE_WITH_KNOTS('',7,(#578,#579,#580,#581,#582,#583,
    #584,#585),.UNSPECIFIED.,.F.,.F.,(8,8),(0.,1.570796326795),
  .PIECEWISE_BEZIER_KNOTS.);
#578 = CARTESIAN_POINT('',(0.,-0.312150741658));
#579 = CARTESIAN_POINT('',(0.224399475256,-0.312150741658));
#580 = CARTESIAN_POINT('',(0.448798950513,-0.293812299931));
#581 = CARTESIAN_POINT('',(0.673198425769,-0.257138076769));
#582 = CARTESIAN_POINT('',(0.897597901026,-0.204379707263));
#583 = CARTESIAN_POINT('',(1.121997376282,-0.140092640828));
#584 = CARTESIAN_POINT('',(1.346396851538,-7.004646262889E-02));
#585 = CARTESIAN_POINT('',(1.570796326795,-2.84217094304E-14));
#586 = ( GEOMETRIC_REPRESENTATION_CONTEXT(2) 
PARAMETRIC_REPRESENTATION_CONTEXT() REPRESENTATION_CONTEXT('2D SPACE',''
  ) );
#587 = PCURVE('',#588,#593);
#588 = CYLINDRICAL_SURFACE('',#589,4.7625);
#589 = AXIS2_PLACEMENT_3D('',#590,#591,#592);
#590 = CARTESIAN_POINT('',(51.626388276731,34.495649799439,0.));
#591 = DIRECTION('',(0.321439465303,0.946930129495,0.));
#592 = DIRECTION('',(0.946930129495,-0.321439465303,0.));
#593 = DEFINITIONAL_REPRESENTATION('',(#594),#603);
#594 = B_SPLINE_CURVE_WITH_KNOTS('',7,(#595,#596,#597,#598,#599,#600,
    #601,#602),.UNSPECIFIED.,.F.,.F.,(8,8),(0.,1.570796326795),
  .PIECEWISE_BEZIER_KNOTS.);
#595 = CARTESIAN_POINT('',(0.,7.621604464418));
#596 = CARTESIAN_POINT('',(0.224399475256,7.621604464418));
#597 = CARTESIAN_POINT('',(0.448798950513,7.603266022693));
#598 = CARTESIAN_POINT('',(0.673198425769,7.566591799526));
#599 = CARTESIAN_POINT('',(0.897597901026,7.513833430028));
#600 = CARTESIAN_POINT('',(1.121997376282,7.449546363588));
#601 = CARTESIAN_POINT('',(1.346396851538,7.37950018539));
#602 = CARTESIAN_POINT('',(1.570796326795,7.309453722761));
#603 = ( GEOMETRIC_REPRESENTATION_CONTEXT(2) 
PARAMETRIC_REPRESENTATION_CONTEXT() REPRESENTATION_CONTEXT('2D SPACE',''
  ) );
#604 = ORIENTED_EDGE('',*,*,#605,.T.);
#605 = EDGE_CURVE('',#567,#606,#608,.T.);
#606 = VERTEX_POINT('',#607);
#607 = CARTESIAN_POINT('',(53.975935173033,41.417191759671,4.7625));
#608 = SURFACE_CURVE('',#609,(#614,#627),.PCURVE_S1.);
#609 = ELLIPSE('',#610,4.77271875722,4.7625);
#610 = AXIS2_PLACEMENT_3D('',#611,#612,#613);
#611 = CARTESIAN_POINT('',(53.975935173033,41.417191759671,0.));
#612 = DIRECTION('',(0.258819045103,0.965925826289,0.));
#613 = DIRECTION('',(0.965925826289,-0.258819045103,0.));
#614 = PCURVE('',#316,#615);
#615 = DEFINITIONAL_REPRESENTATION('',(#616),#626);
#616 = B_SPLINE_CURVE_WITH_KNOTS('',8,(#617,#618,#619,#620,#621,#622,
    #623,#624,#625),.UNSPECIFIED.,.F.,.F.,(9,9),(1.570796326795,
    4.712388980385),.PIECEWISE_BEZIER_KNOTS.);
#617 = CARTESIAN_POINT('',(1.570796326795,-2.84217094304E-14));
#618 = CARTESIAN_POINT('',(1.963495408494,0.1225813096));
#619 = CARTESIAN_POINT('',(2.356194490185,0.245163596605));
#620 = CARTESIAN_POINT('',(2.748893571912,0.338929943674));
#621 = CARTESIAN_POINT('',(3.141592653545,0.375142307551));
#622 = CARTESIAN_POINT('',(3.534291735312,0.338929943673));
#623 = CARTESIAN_POINT('',(3.926990816979,0.245163596605));
#624 = CARTESIAN_POINT('',(4.319689898686,0.1225813096));
#625 = CARTESIAN_POINT('',(4.712388980385,-2.84217094304E-14));
#626 = ( GEOMETRIC_REPRESENTATION_CONTEXT(2) 
PARAMETRIC_REPRESENTATION_CONTEXT() REPRESENTATION_CONTEXT('2D SPACE',''
  ) );
#627 = PCURVE('',#588,#628);
#628 = DEFINITIONAL_REPRESENTATION('',(#629),#639);
#629 = B_SPLINE_CURVE_WITH_KNOTS('',8,(#630,#631,#632,#633,#634,#635,
    #636,#637,#638),.UNSPECIFIED.,.F.,.F.,(9,9),(1.570796326795,
    4.712388980385),.PIECEWISE_BEZIER_KNOTS.);
#630 = CARTESIAN_POINT('',(1.570796326795,7.309453722761));
#631 = CARTESIAN_POINT('',(1.963495408494,7.18687241316));
#632 = CARTESIAN_POINT('',(2.356194490189,7.064290126145));
#633 = CARTESIAN_POINT('',(2.748893571899,6.970523779113));
#634 = CARTESIAN_POINT('',(3.141592653566,6.934311415163));
#635 = CARTESIAN_POINT('',(3.534291735294,6.970523779112));
#636 = CARTESIAN_POINT('',(3.926990816983,7.064290126144));
#637 = CARTESIAN_POINT('',(4.319689898686,7.18687241316));
#638 = CARTESIAN_POINT('',(4.712388980385,7.309453722761));
#639 = ( GEOMETRIC_REPRESENTATION_CONTEXT(2) 
PARAMETRIC_REPRESENTATION_CONTEXT() REPRESENTATION_CONTEXT('2D SPACE',''
  ) );
#640 = ORIENTED_EDGE('',*,*,#641,.T.);
#641 = EDGE_CURVE('',#606,#541,#642,.T.);
#642 = SURFACE_CURVE('',#643,(#648,#660),.PCURVE_S1.);
#643 = ELLIPSE('',#644,4.77271875722,4.7625);
#644 = AXIS2_PLACEMENT_3D('',#645,#646,#647);
#645 = CARTESIAN_POINT('',(53.975935173033,41.417191759671,0.));
#646 = DIRECTION('',(0.258819045103,0.965925826289,0.));
#647 = DIRECTION('',(0.965925826289,-0.258819045103,0.));
#648 = PCURVE('',#316,#649);
#649 = DEFINITIONAL_REPRESENTATION('',(#650),#659);
#650 = B_SPLINE_CURVE_WITH_KNOTS('',7,(#651,#652,#653,#654,#655,#656,
    #657,#658),.UNSPECIFIED.,.F.,.F.,(8,8),(4.712388980385,6.28318530718
    ),.PIECEWISE_BEZIER_KNOTS.);
#651 = CARTESIAN_POINT('',(4.712388980385,-2.84217094304E-14));
#652 = CARTESIAN_POINT('',(4.936788455641,-7.004646262889E-02));
#653 = CARTESIAN_POINT('',(5.161187930897,-0.140092640828));
#654 = CARTESIAN_POINT('',(5.385587406157,-0.204379707263));
#655 = CARTESIAN_POINT('',(5.609986881409,-0.257138076769));
#656 = CARTESIAN_POINT('',(5.834386356667,-0.293812299931));
#657 = CARTESIAN_POINT('',(6.058785831923,-0.312150741658));
#658 = CARTESIAN_POINT('',(6.28318530718,-0.312150741658));
#659 = ( GEOMETRIC_REPRESENTATION_CONTEXT(2) 
PARAMETRIC_REPRESENTATION_CONTEXT() REPRESENTATION_CONTEXT('2D SPACE',''
  ) );
#660 = PCURVE('',#588,#661);
#661 = DEFINITIONAL_REPRESENTATION('',(#662),#671);
#662 = B_SPLINE_CURVE_WITH_KNOTS('',7,(#663,#664,#665,#666,#667,#668,
    #669,#670),.UNSPECIFIED.,.F.,.F.,(8,8),(4.712388980385,6.28318530718
    ),.PIECEWISE_BEZIER_KNOTS.);
#663 = CARTESIAN_POINT('',(4.712388980385,7.309453722761));
#664 = CARTESIAN_POINT('',(4.936788455641,7.37950018539));
#665 = CARTESIAN_POINT('',(5.161187930898,7.449546363587));
#666 = CARTESIAN_POINT('',(5.385587406154,7.513833430031));
#667 = CARTESIAN_POINT('',(5.609986881412,7.566591799525));
#668 = CARTESIAN_POINT('',(5.834386356666,7.603266022693));
#669 = CARTESIAN_POINT('',(6.058785831923,7.621604464418));
#670 = CARTESIAN_POINT('',(6.28318530718,7.621604464418));
#671 = ( GEOMETRIC_REPRESENTATION_CONTEXT(2) 
PARAMETRIC_REPRESENTATION_CONTEXT() REPRESENTATION_CONTEXT('2D SPACE',''
  ) );
#672 = ADVANCED_FACE('',(#673),#448,.T.);
#673 = FACE_BOUND('',#674,.T.);
#674 = EDGE_LOOP('',(#675,#697,#736,#772,#804,#805,#806,#807));
#675 = ORIENTED_EDGE('',*,*,#676,.T.);
#676 = EDGE_CURVE('',#405,#677,#679,.T.);
#677 = VERTEX_POINT('',#678);
#678 = CARTESIAN_POINT('',(56.035805450959,79.090790596287,0.));
#679 = SEAM_CURVE('',#680,(#684,#690),.PCURVE_S1.);
#680 = LINE('',#681,#682);
#681 = CARTESIAN_POINT('',(58.485689914754,71.873663693835,0.));
#682 = VECTOR('',#683,1.);
#683 = DIRECTION('',(-0.321439465303,0.946930129495,0.));
#684 = PCURVE('',#448,#685);
#685 = DEFINITIONAL_REPRESENTATION('',(#686),#689);
#686 = B_SPLINE_CURVE_WITH_KNOTS('',1,(#687,#688),.UNSPECIFIED.,.F.,.F.,
  (2,2),(-1.726277771592,9.035731494353),.PIECEWISE_BEZIER_KNOTS.);
#687 = CARTESIAN_POINT('',(6.28318530718,-1.726277771592));
#688 = CARTESIAN_POINT('',(6.28318530718,9.035731494353));
#689 = ( GEOMETRIC_REPRESENTATION_CONTEXT(2) 
PARAMETRIC_REPRESENTATION_CONTEXT() REPRESENTATION_CONTEXT('2D SPACE',''
  ) );
#690 = PCURVE('',#448,#691);
#691 = DEFINITIONAL_REPRESENTATION('',(#692),#696);
#692 = LINE('',#693,#694);
#693 = CARTESIAN_POINT('',(0.,0.));
#694 = VECTOR('',#695,1.);
#695 = DIRECTION('',(0.,1.));
#696 = ( GEOMETRIC_REPRESENTATION_CONTEXT(2) 
PARAMETRIC_REPRESENTATION_CONTEXT() REPRESENTATION_CONTEXT('2D SPACE',''
  ) );
#697 = ORIENTED_EDGE('',*,*,#698,.F.);
#698 = EDGE_CURVE('',#699,#677,#701,.T.);
#699 = VERTEX_POINT('',#700);
#700 = CARTESIAN_POINT('',(51.626388276731,77.264350200561,4.7625));
#701 = SURFACE_CURVE('',#702,(#707,#719),.PCURVE_S1.);
#702 = ELLIPSE('',#703,4.77271875722,4.7625);
#703 = AXIS2_PLACEMENT_3D('',#704,#705,#706);
#704 = CARTESIAN_POINT('',(51.626388276731,77.264350200561,0.));
#705 = DIRECTION('',(-0.382683432365,0.923879532511,0.));
#706 = DIRECTION('',(0.923879532511,0.382683432365,0.));
#707 = PCURVE('',#448,#708);
#708 = DEFINITIONAL_REPRESENTATION('',(#709),#718);
#709 = B_SPLINE_CURVE_WITH_KNOTS('',7,(#710,#711,#712,#713,#714,#715,
    #716,#717),.UNSPECIFIED.,.F.,.F.,(8,8),(4.712388980385,6.28318530718
    ),.PIECEWISE_BEZIER_KNOTS.);
#710 = CARTESIAN_POINT('',(4.712388980385,7.309453722761));
#711 = CARTESIAN_POINT('',(4.936788455641,7.37950018539));
#712 = CARTESIAN_POINT('',(5.161187930898,7.449546363589));
#713 = CARTESIAN_POINT('',(5.385587406154,7.513833430022));
#714 = CARTESIAN_POINT('',(5.60998688141,7.566591799532));
#715 = CARTESIAN_POINT('',(5.834386356667,7.603266022691));
#716 = CARTESIAN_POINT('',(6.058785831923,7.621604464419));
#717 = CARTESIAN_POINT('',(6.28318530718,7.621604464419));
#718 = ( GEOMETRIC_REPRESENTATION_CONTEXT(2) 
PARAMETRIC_REPRESENTATION_CONTEXT() REPRESENTATION_CONTEXT('2D SPACE',''
  ) );
#719 = PCURVE('',#720,#725);
#720 = CYLINDRICAL_SURFACE('',#721,4.7625);
#721 = AXIS2_PLACEMENT_3D('',#722,#723,#724);
#722 = CARTESIAN_POINT('',(51.626388276731,77.264350200561,0.));
#723 = DIRECTION('',(-0.442288690219,0.896872741533,0.));
#724 = DIRECTION('',(0.896872741533,0.442288690219,0.));
#725 = DEFINITIONAL_REPRESENTATION('',(#726),#735);
#726 = B_SPLINE_CURVE_WITH_KNOTS('',7,(#727,#728,#729,#730,#731,#732,
    #733,#734),.UNSPECIFIED.,.F.,.F.,(8,8),(4.712388980385,6.28318530718
    ),.PIECEWISE_BEZIER_KNOTS.);
#727 = CARTESIAN_POINT('',(4.712388980385,1.918465386552E-13));
#728 = CARTESIAN_POINT('',(4.936788455641,-7.004646262867E-02));
#729 = CARTESIAN_POINT('',(5.161187930898,-0.140092640828));
#730 = CARTESIAN_POINT('',(5.385587406152,-0.204379707263));
#731 = CARTESIAN_POINT('',(5.609986881412,-0.257138076768));
#732 = CARTESIAN_POINT('',(5.834386356666,-0.293812299931));
#733 = CARTESIAN_POINT('',(6.058785831923,-0.312150741657));
#734 = CARTESIAN_POINT('',(6.28318530718,-0.312150741657));
#735 = ( GEOMETRIC_REPRESENTATION_CONTEXT(2) 
PARAMETRIC_REPRESENTATION_CONTEXT() REPRESENTATION_CONTEXT('2D SPACE',''
  ) );
#736 = ORIENTED_EDGE('',*,*,#737,.F.);
#737 = EDGE_CURVE('',#738,#699,#740,.T.);
#738 = VERTEX_POINT('',#739);
#739 = CARTESIAN_POINT('',(51.626388276731,77.264350200561,-4.7625));
#740 = SURFACE_CURVE('',#741,(#746,#759),.PCURVE_S1.);
#741 = ELLIPSE('',#742,4.77271875722,4.7625);
#742 = AXIS2_PLACEMENT_3D('',#743,#744,#745);
#743 = CARTESIAN_POINT('',(51.626388276731,77.264350200561,0.));
#744 = DIRECTION('',(-0.382683432365,0.923879532511,0.));
#745 = DIRECTION('',(0.923879532511,0.382683432365,0.));
#746 = PCURVE('',#448,#747);
#747 = DEFINITIONAL_REPRESENTATION('',(#748),#758);
#748 = B_SPLINE_CURVE_WITH_KNOTS('',8,(#749,#750,#751,#752,#753,#754,
    #755,#756,#757),.UNSPECIFIED.,.F.,.F.,(9,9),(1.570796326795,
    4.712388980385),.PIECEWISE_BEZIER_KNOTS.);
#749 = CARTESIAN_POINT('',(1.570796326795,7.309453722761));
#750 = CARTESIAN_POINT('',(1.963495408494,7.18687241316));
#751 = CARTESIAN_POINT('',(2.356194490189,7.06429012615));
#752 = CARTESIAN_POINT('',(2.748893571895,6.970523779084));
#753 = CARTESIAN_POINT('',(3.141592653574,6.934311415182));
#754 = CARTESIAN_POINT('',(3.534291735294,6.970523779095));
#755 = CARTESIAN_POINT('',(3.926990816983,7.064290126149));
#756 = CARTESIAN_POINT('',(4.319689898686,7.18687241316));
#757 = CARTESIAN_POINT('',(4.712388980385,7.309453722761));
#758 = ( GEOMETRIC_REPRESENTATION_CONTEXT(2) 
PARAMETRIC_REPRESENTATION_CONTEXT() REPRESENTATION_CONTEXT('2D SPACE',''
  ) );
#759 = PCURVE('',#720,#760);
#760 = DEFINITIONAL_REPRESENTATION('',(#761),#771);
#761 = B_SPLINE_CURVE_WITH_KNOTS('',8,(#762,#763,#764,#765,#766,#767,
    #768,#769,#770),.UNSPECIFIED.,.F.,.F.,(9,9),(1.570796326795,
    4.712388980385),.PIECEWISE_BEZIER_KNOTS.);
#762 = CARTESIAN_POINT('',(1.570796326795,1.918465386552E-13));
#763 = CARTESIAN_POINT('',(1.963495408494,0.122581309601));
#764 = CARTESIAN_POINT('',(2.35619449019,0.245163596605));
#765 = CARTESIAN_POINT('',(2.748893571894,0.338929943673));
#766 = CARTESIAN_POINT('',(3.141592653576,0.375142307551));
#767 = CARTESIAN_POINT('',(3.534291735292,0.338929943674));
#768 = CARTESIAN_POINT('',(3.926990816984,0.245163596605));
#769 = CARTESIAN_POINT('',(4.319689898686,0.122581309601));
#770 = CARTESIAN_POINT('',(4.712388980385,1.918465386552E-13));
#771 = ( GEOMETRIC_REPRESENTATION_CONTEXT(2) 
PARAMETRIC_REPRESENTATION_CONTEXT() REPRESENTATION_CONTEXT('2D SPACE',''
  ) );
#772 = ORIENTED_EDGE('',*,*,#773,.F.);
#773 = EDGE_CURVE('',#677,#738,#774,.T.);
#774 = SURFACE_CURVE('',#775,(#780,#792),.PCURVE_S1.);
#775 = ELLIPSE('',#776,4.77271875722,4.7625);
#776 = AXIS2_PLACEMENT_3D('',#777,#778,#779);
#777 = CARTESIAN_POINT('',(51.626388276731,77.264350200561,0.));
#778 = DIRECTION('',(-0.382683432365,0.923879532511,0.));
#779 = DIRECTION('',(0.923879532511,0.382683432365,0.));
#780 = PCURVE('',#448,#781);
#781 = DEFINITIONAL_REPRESENTATION('',(#782),#791);
#782 = B_SPLINE_CURVE_WITH_KNOTS('',7,(#783,#784,#785,#786,#787,#788,
    #789,#790),.UNSPECIFIED.,.F.,.F.,(8,8),(0.,1.570796326795),
  .PIECEWISE_BEZIER_KNOTS.);
#783 = CARTESIAN_POINT('',(0.,7.621604464419));
#784 = CARTESIAN_POINT('',(0.224399475256,7.621604464419));
#785 = CARTESIAN_POINT('',(0.448798950513,7.603266022693));
#786 = CARTESIAN_POINT('',(0.673198425769,7.566591799528));
#787 = CARTESIAN_POINT('',(0.897597901026,7.513833430026));
#788 = CARTESIAN_POINT('',(1.121997376282,7.449546363588));
#789 = CARTESIAN_POINT('',(1.346396851538,7.37950018539));
#790 = CARTESIAN_POINT('',(1.570796326795,7.309453722761));
#791 = ( GEOMETRIC_REPRESENTATION_CONTEXT(2) 
PARAMETRIC_REPRESENTATION_CONTEXT() REPRESENTATION_CONTEXT('2D SPACE',''
  ) );
#792 = PCURVE('',#720,#793);
#793 = DEFINITIONAL_REPRESENTATION('',(#794),#803);
#794 = B_SPLINE_CURVE_WITH_KNOTS('',7,(#795,#796,#797,#798,#799,#800,
    #801,#802),.UNSPECIFIED.,.F.,.F.,(8,8),(0.,1.570796326795),
  .PIECEWISE_BEZIER_KNOTS.);
#795 = CARTESIAN_POINT('',(0.,-0.312150741657));
#796 = CARTESIAN_POINT('',(0.224399475256,-0.312150741657));
#797 = CARTESIAN_POINT('',(0.448798950513,-0.293812299931));
#798 = CARTESIAN_POINT('',(0.673198425769,-0.257138076769));
#799 = CARTESIAN_POINT('',(0.897597901025,-0.204379707263));
#800 = CARTESIAN_POINT('',(1.121997376282,-0.140092640828));
#801 = CARTESIAN_POINT('',(1.346396851538,-7.004646262867E-02));
#802 = CARTESIAN_POINT('',(1.570796326795,1.918465386552E-13));
#803 = ( GEOMETRIC_REPRESENTATION_CONTEXT(2) 
PARAMETRIC_REPRESENTATION_CONTEXT() REPRESENTATION_CONTEXT('2D SPACE',''
  ) );
#804 = ORIENTED_EDGE('',*,*,#676,.F.);
#805 = ORIENTED_EDGE('',*,*,#501,.T.);
#806 = ORIENTED_EDGE('',*,*,#465,.T.);
#807 = ORIENTED_EDGE('',*,*,#426,.T.);
#808 = ADVANCED_FACE('',(#809),#588,.T.);
#809 = FACE_BOUND('',#810,.T.);
#810 = EDGE_LOOP('',(#811,#833,#834,#835,#836,#837,#876,#912));
#811 = ORIENTED_EDGE('',*,*,#812,.T.);
#812 = EDGE_CURVE('',#813,#541,#815,.T.);
#813 = VERTEX_POINT('',#814);
#814 = CARTESIAN_POINT('',(56.035805450959,32.669209403713,0.));
#815 = SEAM_CURVE('',#816,(#820,#826),.PCURVE_S1.);
#816 = LINE('',#817,#818);
#817 = CARTESIAN_POINT('',(56.136143018451,32.964794345932,0.));
#818 = VECTOR('',#819,1.);
#819 = DIRECTION('',(0.321439465303,0.946930129495,0.));
#820 = PCURVE('',#588,#821);
#821 = DEFINITIONAL_REPRESENTATION('',(#822),#825);
#822 = B_SPLINE_CURVE_WITH_KNOTS('',1,(#823,#824),.UNSPECIFIED.,.F.,.F.,
  (2,2),(-1.726277771592,9.035731494353),.PIECEWISE_BEZIER_KNOTS.);
#823 = CARTESIAN_POINT('',(6.28318530718,-1.726277771592));
#824 = CARTESIAN_POINT('',(6.28318530718,9.035731494353));
#825 = ( GEOMETRIC_REPRESENTATION_CONTEXT(2) 
PARAMETRIC_REPRESENTATION_CONTEXT() REPRESENTATION_CONTEXT('2D SPACE',''
  ) );
#826 = PCURVE('',#588,#827);
#827 = DEFINITIONAL_REPRESENTATION('',(#828),#832);
#828 = LINE('',#829,#830);
#829 = CARTESIAN_POINT('',(0.,0.));
#830 = VECTOR('',#831,1.);
#831 = DIRECTION('',(0.,1.));
#832 = ( GEOMETRIC_REPRESENTATION_CONTEXT(2) 
PARAMETRIC_REPRESENTATION_CONTEXT() REPRESENTATION_CONTEXT('2D SPACE',''
  ) );
#833 = ORIENTED_EDGE('',*,*,#641,.F.);
#834 = ORIENTED_EDGE('',*,*,#605,.F.);
#835 = ORIENTED_EDGE('',*,*,#566,.F.);
#836 = ORIENTED_EDGE('',*,*,#812,.F.);
#837 = ORIENTED_EDGE('',*,*,#838,.T.);
#838 = EDGE_CURVE('',#813,#839,#841,.T.);
#839 = VERTEX_POINT('',#840);
#840 = CARTESIAN_POINT('',(51.626388276731,34.495649799439,-4.7625));
#841 = SURFACE_CURVE('',#842,(#847,#859),.PCURVE_S1.);
#842 = ELLIPSE('',#843,4.77271875722,4.7625);
#843 = AXIS2_PLACEMENT_3D('',#844,#845,#846);
#844 = CARTESIAN_POINT('',(51.626388276731,34.495649799439,0.));
#845 = DIRECTION('',(0.382683432365,0.923879532511,0.));
#846 = DIRECTION('',(0.923879532511,-0.382683432365,0.));
#847 = PCURVE('',#588,#848);
#848 = DEFINITIONAL_REPRESENTATION('',(#849),#858);
#849 = B_SPLINE_CURVE_WITH_KNOTS('',7,(#850,#851,#852,#853,#854,#855,
    #856,#857),.UNSPECIFIED.,.F.,.F.,(8,8),(0.,1.570796326795),
  .PIECEWISE_BEZIER_KNOTS.);
#850 = CARTESIAN_POINT('',(0.,-0.312150741658));
#851 = CARTESIAN_POINT('',(0.224399475256,-0.312150741658));
#852 = CARTESIAN_POINT('',(0.448798950513,-0.293812299931));
#853 = CARTESIAN_POINT('',(0.673198425769,-0.257138076768));
#854 = CARTESIAN_POINT('',(0.897597901026,-0.204379707263));
#855 = CARTESIAN_POINT('',(1.121997376282,-0.140092640828));
#856 = CARTESIAN_POINT('',(1.346396851538,-7.004646262886E-02));
#857 = CARTESIAN_POINT('',(1.570796326795,0.));
#858 = ( GEOMETRIC_REPRESENTATION_CONTEXT(2) 
PARAMETRIC_REPRESENTATION_CONTEXT() REPRESENTATION_CONTEXT('2D SPACE',''
  ) );
#859 = PCURVE('',#860,#865);
#860 = CYLINDRICAL_SURFACE('',#861,4.7625);
#861 = AXIS2_PLACEMENT_3D('',#862,#863,#864);
#862 = CARTESIAN_POINT('',(48.393499563474,27.94,0.));
#863 = DIRECTION('',(0.442288690219,0.896872741533,0.));
#864 = DIRECTION('',(0.896872741533,-0.442288690219,0.));
#865 = DEFINITIONAL_REPRESENTATION('',(#866),#875);
#866 = B_SPLINE_CURVE_WITH_KNOTS('',7,(#867,#868,#869,#870,#871,#872,
    #873,#874),.UNSPECIFIED.,.F.,.F.,(8,8),(0.,1.570796326795),
  .PIECEWISE_BEZIER_KNOTS.);
#867 = CARTESIAN_POINT('',(0.,7.621604464418));
#868 = CARTESIAN_POINT('',(0.224399475256,7.621604464418));
#869 = CARTESIAN_POINT('',(0.448798950513,7.603266022692));
#870 = CARTESIAN_POINT('',(0.673198425769,7.566591799529));
#871 = CARTESIAN_POINT('',(0.897597901026,7.513833430024));
#872 = CARTESIAN_POINT('',(1.121997376282,7.449546363588));
#873 = CARTESIAN_POINT('',(1.346396851538,7.37950018539));
#874 = CARTESIAN_POINT('',(1.570796326795,7.309453722761));
#875 = ( GEOMETRIC_REPRESENTATION_CONTEXT(2) 
PARAMETRIC_REPRESENTATION_CONTEXT() REPRESENTATION_CONTEXT('2D SPACE',''
  ) );
#876 = ORIENTED_EDGE('',*,*,#877,.T.);
#877 = EDGE_CURVE('',#839,#878,#880,.T.);
#878 = VERTEX_POINT('',#879);
#879 = CARTESIAN_POINT('',(51.626388276731,34.495649799439,4.7625));
#880 = SURFACE_CURVE('',#881,(#886,#899),.PCURVE_S1.);
#881 = ELLIPSE('',#882,4.77271875722,4.7625);
#882 = AXIS2_PLACEMENT_3D('',#883,#884,#885);
#883 = CARTESIAN_POINT('',(51.626388276731,34.495649799439,0.));
#884 = DIRECTION('',(0.382683432365,0.923879532511,0.));
#885 = DIRECTION('',(0.923879532511,-0.382683432365,0.));
#886 = PCURVE('',#588,#887);
#887 = DEFINITIONAL_REPRESENTATION('',(#888),#898);
#888 = B_SPLINE_CURVE_WITH_KNOTS('',8,(#889,#890,#891,#892,#893,#894,
    #895,#896,#897),.UNSPECIFIED.,.F.,.F.,(9,9),(1.570796326795,
    4.712388980385),.PIECEWISE_BEZIER_KNOTS.);
#889 = CARTESIAN_POINT('',(1.570796326795,0.));
#890 = CARTESIAN_POINT('',(1.963495408494,0.122581309601));
#891 = CARTESIAN_POINT('',(2.356194490187,0.245163596605));
#892 = CARTESIAN_POINT('',(2.74889357191,0.338929943672));
#893 = CARTESIAN_POINT('',(3.14159265355,0.375142307553));
#894 = CARTESIAN_POINT('',(3.534291735307,0.338929943672));
#895 = CARTESIAN_POINT('',(3.92699081698,0.245163596605));
#896 = CARTESIAN_POINT('',(4.319689898686,0.122581309601));
#897 = CARTESIAN_POINT('',(4.712388980385,0.));
#898 = ( GEOMETRIC_REPRESENTATION_CONTEXT(2) 
PARAMETRIC_REPRESENTATION_CONTEXT() REPRESENTATION_CONTEXT('2D SPACE',''
  ) );
#899 = PCURVE('',#860,#900);
#900 = DEFINITIONAL_REPRESENTATION('',(#901),#911);
#901 = B_SPLINE_CURVE_WITH_KNOTS('',8,(#902,#903,#904,#905,#906,#907,
    #908,#909,#910),.UNSPECIFIED.,.F.,.F.,(9,9),(1.570796326795,
    4.712388980385),.PIECEWISE_BEZIER_KNOTS.);
#902 = CARTESIAN_POINT('',(1.570796326795,7.309453722761));
#903 = CARTESIAN_POINT('',(1.963495408494,7.18687241316));
#904 = CARTESIAN_POINT('',(2.35619449019,7.064290126157));
#905 = CARTESIAN_POINT('',(2.748893571894,6.970523779068));
#906 = CARTESIAN_POINT('',(3.141592653576,6.934311415203));
#907 = CARTESIAN_POINT('',(3.534291735292,6.970523779062));
#908 = CARTESIAN_POINT('',(3.926990816984,7.064290126156));
#909 = CARTESIAN_POINT('',(4.319689898686,7.18687241316));
#910 = CARTESIAN_POINT('',(4.712388980385,7.309453722761));
#911 = ( GEOMETRIC_REPRESENTATION_CONTEXT(2) 
PARAMETRIC_REPRESENTATION_CONTEXT() REPRESENTATION_CONTEXT('2D SPACE',''
  ) );
#912 = ORIENTED_EDGE('',*,*,#913,.T.);
#913 = EDGE_CURVE('',#878,#813,#914,.T.);
#914 = SURFACE_CURVE('',#915,(#920,#932),.PCURVE_S1.);
#915 = ELLIPSE('',#916,4.77271875722,4.7625);
#916 = AXIS2_PLACEMENT_3D('',#917,#918,#919);
#917 = CARTESIAN_POINT('',(51.626388276731,34.495649799439,0.));
#918 = DIRECTION('',(0.382683432365,0.923879532511,0.));
#919 = DIRECTION('',(0.923879532511,-0.382683432365,0.));
#920 = PCURVE('',#588,#921);
#921 = DEFINITIONAL_REPRESENTATION('',(#922),#931);
#922 = B_SPLINE_CURVE_WITH_KNOTS('',7,(#923,#924,#925,#926,#927,#928,
    #929,#930),.UNSPECIFIED.,.F.,.F.,(8,8),(4.712388980385,6.28318530718
    ),.PIECEWISE_BEZIER_KNOTS.);
#923 = CARTESIAN_POINT('',(4.712388980385,0.));
#924 = CARTESIAN_POINT('',(4.936788455641,-7.004646262886E-02));
#925 = CARTESIAN_POINT('',(5.161187930898,-0.140092640828));
#926 = CARTESIAN_POINT('',(5.385587406153,-0.204379707263));
#927 = CARTESIAN_POINT('',(5.609986881411,-0.257138076768));
#928 = CARTESIAN_POINT('',(5.834386356667,-0.293812299931));
#929 = CARTESIAN_POINT('',(6.058785831923,-0.312150741658));
#930 = CARTESIAN_POINT('',(6.28318530718,-0.312150741658));
#931 = ( GEOMETRIC_REPRESENTATION_CONTEXT(2) 
PARAMETRIC_REPRESENTATION_CONTEXT() REPRESENTATION_CONTEXT('2D SPACE',''
  ) );
#932 = PCURVE('',#860,#933);
#933 = DEFINITIONAL_REPRESENTATION('',(#934),#943);
#934 = B_SPLINE_CURVE_WITH_KNOTS('',7,(#935,#936,#937,#938,#939,#940,
    #941,#942),.UNSPECIFIED.,.F.,.F.,(8,8),(4.712388980385,6.28318530718
    ),.PIECEWISE_BEZIER_KNOTS.);
#935 = CARTESIAN_POINT('',(4.712388980385,7.309453722761));
#936 = CARTESIAN_POINT('',(4.936788455641,7.37950018539));
#937 = CARTESIAN_POINT('',(5.161187930898,7.44954636359));
#938 = CARTESIAN_POINT('',(5.385587406153,7.51383343002));
#939 = CARTESIAN_POINT('',(5.609986881412,7.566591799534));
#940 = CARTESIAN_POINT('',(5.834386356666,7.60326602269));
#941 = CARTESIAN_POINT('',(6.058785831923,7.621604464418));
#942 = CARTESIAN_POINT('',(6.28318530718,7.621604464418));
#943 = ( GEOMETRIC_REPRESENTATION_CONTEXT(2) 
PARAMETRIC_REPRESENTATION_CONTEXT() REPRESENTATION_CONTEXT('2D SPACE',''
  ) );
#944 = ADVANCED_FACE('',(#945),#720,.T.);
#945 = FACE_BOUND('',#946,.T.);
#946 = EDGE_LOOP('',(#947,#969,#1008,#1044,#1076,#1077,#1078,#1079));
#947 = ORIENTED_EDGE('',*,*,#948,.T.);
#948 = EDGE_CURVE('',#677,#949,#951,.T.);
#949 = VERTEX_POINT('',#950);
#950 = CARTESIAN_POINT('',(52.526795252345,86.20635937861,0.));
#951 = SEAM_CURVE('',#952,(#956,#962),.PCURVE_S1.);
#952 = LINE('',#953,#954);
#953 = CARTESIAN_POINT('',(55.89774470828,79.370750087729,0.));
#954 = VECTOR('',#955,1.);
#955 = DIRECTION('',(-0.442288690219,0.896872741533,0.));
#956 = PCURVE('',#720,#957);
#957 = DEFINITIONAL_REPRESENTATION('',(#958),#961);
#958 = B_SPLINE_CURVE_WITH_KNOTS('',1,(#959,#960),.UNSPECIFIED.,.F.,.F.,
  (2,2),(-1.726277771592,9.035731494353),.PIECEWISE_BEZIER_KNOTS.);
#959 = CARTESIAN_POINT('',(6.28318530718,-1.726277771592));
#960 = CARTESIAN_POINT('',(6.28318530718,9.035731494353));
#961 = ( GEOMETRIC_REPRESENTATION_CONTEXT(2) 
PARAMETRIC_REPRESENTATION_CONTEXT() REPRESENTATION_CONTEXT('2D SPACE',''
  ) );
#962 = PCURVE('',#720,#963);
#963 = DEFINITIONAL_REPRESENTATION('',(#964),#968);
#964 = LINE('',#965,#966);
#965 = CARTESIAN_POINT('',(0.,0.));
#966 = VECTOR('',#967,1.);
#967 = DIRECTION('',(0.,1.));
#968 = ( GEOMETRIC_REPRESENTATION_CONTEXT(2) 
PARAMETRIC_REPRESENTATION_CONTEXT() REPRESENTATION_CONTEXT('2D SPACE',''
  ) );
#969 = ORIENTED_EDGE('',*,*,#970,.F.);
#970 = EDGE_CURVE('',#971,#949,#973,.T.);
#971 = VERTEX_POINT('',#972);
#972 = CARTESIAN_POINT('',(48.393499563474,83.82,4.7625));
#973 = SURFACE_CURVE('',#974,(#979,#991),.PCURVE_S1.);
#974 = ELLIPSE('',#975,4.77271875722,4.7625);
#975 = AXIS2_PLACEMENT_3D('',#976,#977,#978);
#976 = CARTESIAN_POINT('',(48.393499563474,83.82,0.));
#977 = DIRECTION('',(-0.5,0.866025403784,0.));
#978 = DIRECTION('',(0.866025403784,0.5,0.));
#979 = PCURVE('',#720,#980);
#980 = DEFINITIONAL_REPRESENTATION('',(#981),#990);
#981 = B_SPLINE_CURVE_WITH_KNOTS('',7,(#982,#983,#984,#985,#986,#987,
    #988,#989),.UNSPECIFIED.,.F.,.F.,(8,8),(4.712388980385,6.28318530718
    ),.PIECEWISE_BEZIER_KNOTS.);
#982 = CARTESIAN_POINT('',(4.712388980385,7.309453722761));
#983 = CARTESIAN_POINT('',(4.936788455641,7.37950018539));
#984 = CARTESIAN_POINT('',(5.161187930898,7.449546363589));
#985 = CARTESIAN_POINT('',(5.385587406154,7.513833430025));
#986 = CARTESIAN_POINT('',(5.609986881411,7.566591799529));
#987 = CARTESIAN_POINT('',(5.834386356667,7.603266022692));
#988 = CARTESIAN_POINT('',(6.058785831923,7.621604464418));
#989 = CARTESIAN_POINT('',(6.28318530718,7.621604464418));
#990 = ( GEOMETRIC_REPRESENTATION_CONTEXT(2) 
PARAMETRIC_REPRESENTATION_CONTEXT() REPRESENTATION_CONTEXT('2D SPACE',''
  ) );
#991 = PCURVE('',#992,#997);
#992 = CYLINDRICAL_SURFACE('',#993,4.7625);
#993 = AXIS2_PLACEMENT_3D('',#994,#995,#996);
#994 = CARTESIAN_POINT('',(48.393499563474,83.82,0.));
#995 = DIRECTION('',(-0.55557023302,0.831469612303,0.));
#996 = DIRECTION('',(0.831469612303,0.55557023302,0.));
#997 = DEFINITIONAL_REPRESENTATION('',(#998),#1007);
#998 = B_SPLINE_CURVE_WITH_KNOTS('',7,(#999,#1000,#1001,#1002,#1003,
    #1004,#1005,#1006),.UNSPECIFIED.,.F.,.F.,(8,8),(4.712388980385,
    6.28318530718),.PIECEWISE_BEZIER_KNOTS.);
#999 = CARTESIAN_POINT('',(4.712388980385,-2.13162820728E-14));
#1000 = CARTESIAN_POINT('',(4.936788455641,-7.004646262888E-02));
#1001 = CARTESIAN_POINT('',(5.161187930897,-0.140092640828));
#1002 = CARTESIAN_POINT('',(5.385587406154,-0.204379707263));
#1003 = CARTESIAN_POINT('',(5.609986881411,-0.257138076769));
#1004 = CARTESIAN_POINT('',(5.834386356667,-0.293812299931));
#1005 = CARTESIAN_POINT('',(6.058785831923,-0.312150741658));
#1006 = CARTESIAN_POINT('',(6.28318530718,-0.312150741658));
#1007 = ( GEOMETRIC_REPRESENTATION_CONTEXT(2) 
PARAMETRIC_REPRESENTATION_CONTEXT() REPRESENTATION_CONTEXT('2D SPACE',''
  ) );
#1008 = ORIENTED_EDGE('',*,*,#1009,.F.);
#1009 = EDGE_CURVE('',#1010,#971,#1012,.T.);
#1010 = VERTEX_POINT('',#1011);
#1011 = CARTESIAN_POINT('',(48.393499563474,83.82,-4.7625));
#1012 = SURFACE_CURVE('',#1013,(#1018,#1031),.PCURVE_S1.);
#1013 = ELLIPSE('',#1014,4.77271875722,4.7625);
#1014 = AXIS2_PLACEMENT_3D('',#1015,#1016,#1017);
#1015 = CARTESIAN_POINT('',(48.393499563474,83.82,0.));
#1016 = DIRECTION('',(-0.5,0.866025403784,0.));
#1017 = DIRECTION('',(0.866025403784,0.5,0.));
#1018 = PCURVE('',#720,#1019);
#1019 = DEFINITIONAL_REPRESENTATION('',(#1020),#1030);
#1020 = B_SPLINE_CURVE_WITH_KNOTS('',8,(#1021,#1022,#1023,#1024,#1025,
    #1026,#1027,#1028,#1029),.UNSPECIFIED.,.F.,.F.,(9,9),(1.570796326795
    ,4.712388980385),.PIECEWISE_BEZIER_KNOTS.);
#1021 = CARTESIAN_POINT('',(1.570796326795,7.309453722761));
#1022 = CARTESIAN_POINT('',(1.963495408494,7.18687241316));
#1023 = CARTESIAN_POINT('',(2.356194490187,7.064290126149));
#1024 = CARTESIAN_POINT('',(2.748893571903,6.970523779097));
#1025 = CARTESIAN_POINT('',(3.141592653569,6.934311415168));
#1026 = CARTESIAN_POINT('',(3.534291735303,6.97052377909));
#1027 = CARTESIAN_POINT('',(3.926990816981,7.064290126149));
#1028 = CARTESIAN_POINT('',(4.319689898686,7.18687241316));
#1029 = CARTESIAN_POINT('',(4.712388980385,7.309453722761));
#1030 = ( GEOMETRIC_REPRESENTATION_CONTEXT(2) 
PARAMETRIC_REPRESENTATION_CONTEXT() REPRESENTATION_CONTEXT('2D SPACE',''
  ) );
#1031 = PCURVE('',#992,#1032);
#1032 = DEFINITIONAL_REPRESENTATION('',(#1033),#1043);
#1033 = B_SPLINE_CURVE_WITH_KNOTS('',8,(#1034,#1035,#1036,#1037,#1038,
    #1039,#1040,#1041,#1042),.UNSPECIFIED.,.F.,.F.,(9,9),(1.570796326795
    ,4.712388980385),.PIECEWISE_BEZIER_KNOTS.);
#1034 = CARTESIAN_POINT('',(1.570796326795,-2.13162820728E-14));
#1035 = CARTESIAN_POINT('',(1.963495408494,0.1225813096));
#1036 = CARTESIAN_POINT('',(2.356194490188,0.245163596605));
#1037 = CARTESIAN_POINT('',(2.748893571899,0.338929943674));
#1038 = CARTESIAN_POINT('',(3.141592653567,0.37514230755));
#1039 = CARTESIAN_POINT('',(3.5342917353,0.338929943674));
#1040 = CARTESIAN_POINT('',(3.926990816982,0.245163596605));
#1041 = CARTESIAN_POINT('',(4.319689898686,0.1225813096));
#1042 = CARTESIAN_POINT('',(4.712388980385,-2.13162820728E-14));
#1043 = ( GEOMETRIC_REPRESENTATION_CONTEXT(2) 
PARAMETRIC_REPRESENTATION_CONTEXT() REPRESENTATION_CONTEXT('2D SPACE',''
  ) );
#1044 = ORIENTED_EDGE('',*,*,#1045,.F.);
#1045 = EDGE_CURVE('',#949,#1010,#1046,.T.);
#1046 = SURFACE_CURVE('',#1047,(#1052,#1064),.PCURVE_S1.);
#1047 = ELLIPSE('',#1048,4.77271875722,4.7625);
#1048 = AXIS2_PLACEMENT_3D('',#1049,#1050,#1051);
#1049 = CARTESIAN_POINT('',(48.393499563474,83.82,0.));
#1050 = DIRECTION('',(-0.5,0.866025403784,0.));
#1051 = DIRECTION('',(0.866025403784,0.5,0.));
#1052 = PCURVE('',#720,#1053);
#1053 = DEFINITIONAL_REPRESENTATION('',(#1054),#1063);
#1054 = B_SPLINE_CURVE_WITH_KNOTS('',7,(#1055,#1056,#1057,#1058,#1059,
    #1060,#1061,#1062),.UNSPECIFIED.,.F.,.F.,(8,8),(0.,1.570796326795),
  .PIECEWISE_BEZIER_KNOTS.);
#1055 = CARTESIAN_POINT('',(0.,7.621604464418));
#1056 = CARTESIAN_POINT('',(0.224399475256,7.621604464418));
#1057 = CARTESIAN_POINT('',(0.448798950513,7.603266022691));
#1058 = CARTESIAN_POINT('',(0.673198425769,7.566591799532));
#1059 = CARTESIAN_POINT('',(0.897597901026,7.513833430022));
#1060 = CARTESIAN_POINT('',(1.121997376282,7.449546363589));
#1061 = CARTESIAN_POINT('',(1.346396851538,7.37950018539));
#1062 = CARTESIAN_POINT('',(1.570796326795,7.309453722761));
#1063 = ( GEOMETRIC_REPRESENTATION_CONTEXT(2) 
PARAMETRIC_REPRESENTATION_CONTEXT() REPRESENTATION_CONTEXT('2D SPACE',''
  ) );
#1064 = PCURVE('',#992,#1065);
#1065 = DEFINITIONAL_REPRESENTATION('',(#1066),#1075);
#1066 = B_SPLINE_CURVE_WITH_KNOTS('',7,(#1067,#1068,#1069,#1070,#1071,
    #1072,#1073,#1074),.UNSPECIFIED.,.F.,.F.,(8,8),(0.,1.570796326795),
  .PIECEWISE_BEZIER_KNOTS.);
#1067 = CARTESIAN_POINT('',(0.,-0.312150741658));
#1068 = CARTESIAN_POINT('',(0.224399475256,-0.312150741658));
#1069 = CARTESIAN_POINT('',(0.448798950513,-0.293812299931));
#1070 = CARTESIAN_POINT('',(0.673198425769,-0.257138076769));
#1071 = CARTESIAN_POINT('',(0.897597901026,-0.204379707263));
#1072 = CARTESIAN_POINT('',(1.121997376282,-0.140092640828));
#1073 = CARTESIAN_POINT('',(1.346396851538,-7.004646262888E-02));
#1074 = CARTESIAN_POINT('',(1.570796326795,-2.13162820728E-14));
#1075 = ( GEOMETRIC_REPRESENTATION_CONTEXT(2) 
PARAMETRIC_REPRESENTATION_CONTEXT() REPRESENTATION_CONTEXT('2D SPACE',''
  ) );
#1076 = ORIENTED_EDGE('',*,*,#948,.F.);
#1077 = ORIENTED_EDGE('',*,*,#773,.T.);
#1078 = ORIENTED_EDGE('',*,*,#737,.T.);
#1079 = ORIENTED_EDGE('',*,*,#698,.T.);
#1080 = ADVANCED_FACE('',(#1081),#860,.T.);
#1081 = FACE_BOUND('',#1082,.T.);
#1082 = EDGE_LOOP('',(#1083,#1105,#1106,#1107,#1108,#1109,#1148,#1184));
#1083 = ORIENTED_EDGE('',*,*,#1084,.T.);
#1084 = EDGE_CURVE('',#1085,#813,#1087,.T.);
#1085 = VERTEX_POINT('',#1086);
#1086 = CARTESIAN_POINT('',(52.526795252345,25.55364062139,0.));
#1087 = SEAM_CURVE('',#1088,(#1092,#1098),.PCURVE_S1.);
#1088 = LINE('',#1089,#1090);
#1089 = CARTESIAN_POINT('',(52.664855995024,25.833600112832,0.));
#1090 = VECTOR('',#1091,1.);
#1091 = DIRECTION('',(0.442288690219,0.896872741533,0.));
#1092 = PCURVE('',#860,#1093);
#1093 = DEFINITIONAL_REPRESENTATION('',(#1094),#1097);
#1094 = B_SPLINE_CURVE_WITH_KNOTS('',1,(#1095,#1096),.UNSPECIFIED.,.F.,
  .F.,(2,2),(-1.726277771592,9.035731494353),.PIECEWISE_BEZIER_KNOTS.);
#1095 = CARTESIAN_POINT('',(6.28318530718,-1.726277771592));
#1096 = CARTESIAN_POINT('',(6.28318530718,9.035731494353));
#1097 = ( GEOMETRIC_REPRESENTATION_CONTEXT(2) 
PARAMETRIC_REPRESENTATION_CONTEXT() REPRESENTATION_CONTEXT('2D SPACE',''
  ) );
#1098 = PCURVE('',#860,#1099);
#1099 = DEFINITIONAL_REPRESENTATION('',(#1100),#1104);
#1100 = LINE('',#1101,#1102);
#1101 = CARTESIAN_POINT('',(0.,0.));
#1102 = VECTOR('',#1103,1.);
#1103 = DIRECTION('',(0.,1.));
#1104 = ( GEOMETRIC_REPRESENTATION_CONTEXT(2) 
PARAMETRIC_REPRESENTATION_CONTEXT() REPRESENTATION_CONTEXT('2D SPACE',''
  ) );
#1105 = ORIENTED_EDGE('',*,*,#913,.F.);
#1106 = ORIENTED_EDGE('',*,*,#877,.F.);
#1107 = ORIENTED_EDGE('',*,*,#838,.F.);
#1108 = ORIENTED_EDGE('',*,*,#1084,.F.);
#1109 = ORIENTED_EDGE('',*,*,#1110,.T.);
#1110 = EDGE_CURVE('',#1085,#1111,#1113,.T.);
#1111 = VERTEX_POINT('',#1112);
#1112 = CARTESIAN_POINT('',(48.393499563474,27.94,-4.7625));
#1113 = SURFACE_CURVE('',#1114,(#1119,#1131),.PCURVE_S1.);
#1114 = ELLIPSE('',#1115,4.77271875722,4.7625);
#1115 = AXIS2_PLACEMENT_3D('',#1116,#1117,#1118);
#1116 = CARTESIAN_POINT('',(48.393499563474,27.94,0.));
#1117 = DIRECTION('',(0.5,0.866025403784,0.));
#1118 = DIRECTION('',(0.866025403784,-0.5,0.));
#1119 = PCURVE('',#860,#1120);
#1120 = DEFINITIONAL_REPRESENTATION('',(#1121),#1130);
#1121 = B_SPLINE_CURVE_WITH_KNOTS('',7,(#1122,#1123,#1124,#1125,#1126,
    #1127,#1128,#1129),.UNSPECIFIED.,.F.,.F.,(8,8),(0.,1.570796326795),
  .PIECEWISE_BEZIER_KNOTS.);
#1122 = CARTESIAN_POINT('',(0.,-0.312150741657));
#1123 = CARTESIAN_POINT('',(0.224399475256,-0.312150741657));
#1124 = CARTESIAN_POINT('',(0.448798950513,-0.293812299931));
#1125 = CARTESIAN_POINT('',(0.673198425769,-0.257138076768));
#1126 = CARTESIAN_POINT('',(0.897597901026,-0.204379707263));
#1127 = CARTESIAN_POINT('',(1.121997376282,-0.140092640828));
#1128 = CARTESIAN_POINT('',(1.346396851538,-7.004646262876E-02));
#1129 = CARTESIAN_POINT('',(1.570796326795,9.947598300641E-14));
#1130 = ( GEOMETRIC_REPRESENTATION_CONTEXT(2) 
PARAMETRIC_REPRESENTATION_CONTEXT() REPRESENTATION_CONTEXT('2D SPACE',''
  ) );
#1131 = PCURVE('',#1132,#1137);
#1132 = CYLINDRICAL_SURFACE('',#1133,4.7625);
#1133 = AXIS2_PLACEMENT_3D('',#1134,#1135,#1136);
#1134 = CARTESIAN_POINT('',(44.332584655474,21.862411346993,0.));
#1135 = DIRECTION('',(0.55557023302,0.831469612303,0.));
#1136 = DIRECTION('',(0.831469612303,-0.55557023302,0.));
#1137 = DEFINITIONAL_REPRESENTATION('',(#1138),#1147);
#1138 = B_SPLINE_CURVE_WITH_KNOTS('',7,(#1139,#1140,#1141,#1142,#1143,
    #1144,#1145,#1146),.UNSPECIFIED.,.F.,.F.,(8,8),(0.,1.570796326795),
  .PIECEWISE_BEZIER_KNOTS.);
#1139 = CARTESIAN_POINT('',(0.,7.621604464418));
#1140 = CARTESIAN_POINT('',(0.224399475256,7.621604464418));
#1141 = CARTESIAN_POINT('',(0.448798950513,7.603266022692));
#1142 = CARTESIAN_POINT('',(0.673198425769,7.566591799529));
#1143 = CARTESIAN_POINT('',(0.897597901026,7.513833430027));
#1144 = CARTESIAN_POINT('',(1.121997376282,7.449546363588));
#1145 = CARTESIAN_POINT('',(1.346396851538,7.37950018539));
#1146 = CARTESIAN_POINT('',(1.570796326795,7.309453722761));
#1147 = ( GEOMETRIC_REPRESENTATION_CONTEXT(2) 
PARAMETRIC_REPRESENTATION_CONTEXT() REPRESENTATION_CONTEXT('2D SPACE',''
  ) );
#1148 = ORIENTED_EDGE('',*,*,#1149,.T.);
#1149 = EDGE_CURVE('',#1111,#1150,#1152,.T.);
#1150 = VERTEX_POINT('',#1151);
#1151 = CARTESIAN_POINT('',(48.393499563474,27.94,4.7625));
#1152 = SURFACE_CURVE('',#1153,(#1158,#1171),.PCURVE_S1.);
#1153 = ELLIPSE('',#1154,4.77271875722,4.7625);
#1154 = AXIS2_PLACEMENT_3D('',#1155,#1156,#1157);
#1155 = CARTESIAN_POINT('',(48.393499563474,27.94,0.));
#1156 = DIRECTION('',(0.5,0.866025403784,0.));
#1157 = DIRECTION('',(0.866025403784,-0.5,0.));
#1158 = PCURVE('',#860,#1159);
#1159 = DEFINITIONAL_REPRESENTATION('',(#1160),#1170);
#1160 = B_SPLINE_CURVE_WITH_KNOTS('',8,(#1161,#1162,#1163,#1164,#1165,
    #1166,#1167,#1168,#1169),.UNSPECIFIED.,.F.,.F.,(9,9),(1.570796326795
    ,4.712388980385),.PIECEWISE_BEZIER_KNOTS.);
#1161 = CARTESIAN_POINT('',(1.570796326795,9.947598300641E-14));
#1162 = CARTESIAN_POINT('',(1.963495408494,0.122581309601));
#1163 = CARTESIAN_POINT('',(2.356194490185,0.245163596605));
#1164 = CARTESIAN_POINT('',(2.748893571908,0.338929943674));
#1165 = CARTESIAN_POINT('',(3.141592653552,0.375142307549));
#1166 = CARTESIAN_POINT('',(3.534291735312,0.338929943674));
#1167 = CARTESIAN_POINT('',(3.926990816979,0.245163596605));
#1168 = CARTESIAN_POINT('',(4.319689898686,0.122581309601));
#1169 = CARTESIAN_POINT('',(4.712388980385,9.947598300641E-14));
#1170 = ( GEOMETRIC_REPRESENTATION_CONTEXT(2) 
PARAMETRIC_REPRESENTATION_CONTEXT() REPRESENTATION_CONTEXT('2D SPACE',''
  ) );
#1171 = PCURVE('',#1132,#1172);
#1172 = DEFINITIONAL_REPRESENTATION('',(#1173),#1183);
#1173 = B_SPLINE_CURVE_WITH_KNOTS('',8,(#1174,#1175,#1176,#1177,#1178,
    #1179,#1180,#1181,#1182),.UNSPECIFIED.,.F.,.F.,(9,9),(1.570796326795
    ,4.712388980385),.PIECEWISE_BEZIER_KNOTS.);
#1174 = CARTESIAN_POINT('',(1.570796326795,7.309453722761));
#1175 = CARTESIAN_POINT('',(1.963495408494,7.18687241316));
#1176 = CARTESIAN_POINT('',(2.35619449019,7.06429012615));
#1177 = CARTESIAN_POINT('',(2.748893571894,6.970523779079));
#1178 = CARTESIAN_POINT('',(3.141592653576,6.9343114152));
#1179 = CARTESIAN_POINT('',(3.534291735292,6.97052377908));
#1180 = CARTESIAN_POINT('',(3.926990816984,7.06429012615));
#1181 = CARTESIAN_POINT('',(4.319689898686,7.18687241316));
#1182 = CARTESIAN_POINT('',(4.712388980385,7.309453722761));
#1183 = ( GEOMETRIC_REPRESENTATION_CONTEXT(2) 
PARAMETRIC_REPRESENTATION_CONTEXT() REPRESENTATION_CONTEXT('2D SPACE',''
  ) );
#1184 = ORIENTED_EDGE('',*,*,#1185,.T.);
#1185 = EDGE_CURVE('',#1150,#1085,#1186,.T.);
#1186 = SURFACE_CURVE('',#1187,(#1192,#1204),.PCURVE_S1.);
#1187 = ELLIPSE('',#1188,4.77271875722,4.7625);
#1188 = AXIS2_PLACEMENT_3D('',#1189,#1190,#1191);
#1189 = CARTESIAN_POINT('',(48.393499563474,27.94,0.));
#1190 = DIRECTION('',(0.5,0.866025403784,0.));
#1191 = DIRECTION('',(0.866025403784,-0.5,0.));
#1192 = PCURVE('',#860,#1193);
#1193 = DEFINITIONAL_REPRESENTATION('',(#1194),#1203);
#1194 = B_SPLINE_CURVE_WITH_KNOTS('',7,(#1195,#1196,#1197,#1198,#1199,
    #1200,#1201,#1202),.UNSPECIFIED.,.F.,.F.,(8,8),(4.712388980385,
    6.28318530718),.PIECEWISE_BEZIER_KNOTS.);
#1195 = CARTESIAN_POINT('',(4.712388980385,9.947598300641E-14));
#1196 = CARTESIAN_POINT('',(4.936788455641,-7.004646262876E-02));
#1197 = CARTESIAN_POINT('',(5.161187930898,-0.140092640828));
#1198 = CARTESIAN_POINT('',(5.385587406152,-0.204379707263));
#1199 = CARTESIAN_POINT('',(5.609986881412,-0.257138076768));
#1200 = CARTESIAN_POINT('',(5.834386356666,-0.293812299931));
#1201 = CARTESIAN_POINT('',(6.058785831923,-0.312150741657));
#1202 = CARTESIAN_POINT('',(6.28318530718,-0.312150741657));
#1203 = ( GEOMETRIC_REPRESENTATION_CONTEXT(2) 
PARAMETRIC_REPRESENTATION_CONTEXT() REPRESENTATION_CONTEXT('2D SPACE',''
  ) );
#1204 = PCURVE('',#1132,#1205);
#1205 = DEFINITIONAL_REPRESENTATION('',(#1206),#1215);
#1206 = B_SPLINE_CURVE_WITH_KNOTS('',7,(#1207,#1208,#1209,#1210,#1211,
    #1212,#1213,#1214),.UNSPECIFIED.,.F.,.F.,(8,8),(4.712388980385,
    6.28318530718),.PIECEWISE_BEZIER_KNOTS.);
#1207 = CARTESIAN_POINT('',(4.712388980385,7.309453722761));
#1208 = CARTESIAN_POINT('',(4.936788455641,7.37950018539));
#1209 = CARTESIAN_POINT('',(5.161187930897,7.449546363588));
#1210 = CARTESIAN_POINT('',(5.385587406155,7.513833430027));
#1211 = CARTESIAN_POINT('',(5.60998688141,7.566591799529));
#1212 = CARTESIAN_POINT('',(5.834386356667,7.603266022693));
#1213 = CARTESIAN_POINT('',(6.058785831923,7.621604464418));
#1214 = CARTESIAN_POINT('',(6.28318530718,7.621604464418));
#1215 = ( GEOMETRIC_REPRESENTATION_CONTEXT(2) 
PARAMETRIC_REPRESENTATION_CONTEXT() REPRESENTATION_CONTEXT('2D SPACE',''
  ) );
#1216 = ADVANCED_FACE('',(#1217),#992,.T.);
#1217 = FACE_BOUND('',#1218,.T.);
#1218 = EDGE_LOOP('',(#1219,#1241,#1280,#1316,#1348,#1349,#1350,#1351));
#1219 = ORIENTED_EDGE('',*,*,#1220,.T.);
#1220 = EDGE_CURVE('',#949,#1221,#1223,.T.);
#1221 = VERTEX_POINT('',#1222);
#1222 = CARTESIAN_POINT('',(48.119037023785,92.803035743909,0.));
#1223 = SEAM_CURVE('',#1224,(#1228,#1234),.PCURVE_S1.);
#1224 = LINE('',#1225,#1226);
#1225 = CARTESIAN_POINT('',(52.353373592065,86.465903234756,0.));
#1226 = VECTOR('',#1227,1.);
#1227 = DIRECTION('',(-0.55557023302,0.831469612303,0.));
#1228 = PCURVE('',#992,#1229);
#1229 = DEFINITIONAL_REPRESENTATION('',(#1230),#1233);
#1230 = B_SPLINE_CURVE_WITH_KNOTS('',1,(#1231,#1232),.UNSPECIFIED.,.F.,
  .F.,(2,2),(-1.726277771592,9.035731494353),.PIECEWISE_BEZIER_KNOTS.);
#1231 = CARTESIAN_POINT('',(6.28318530718,-1.726277771592));
#1232 = CARTESIAN_POINT('',(6.28318530718,9.035731494353));
#1233 = ( GEOMETRIC_REPRESENTATION_CONTEXT(2) 
PARAMETRIC_REPRESENTATION_CONTEXT() REPRESENTATION_CONTEXT('2D SPACE',''
  ) );
#1234 = PCURVE('',#992,#1235);
#1235 = DEFINITIONAL_REPRESENTATION('',(#1236),#1240);
#1236 = LINE('',#1237,#1238);
#1237 = CARTESIAN_POINT('',(0.,0.));
#1238 = VECTOR('',#1239,1.);
#1239 = DIRECTION('',(0.,1.));
#1240 = ( GEOMETRIC_REPRESENTATION_CONTEXT(2) 
PARAMETRIC_REPRESENTATION_CONTEXT() REPRESENTATION_CONTEXT('2D SPACE',''
  ) );
#1241 = ORIENTED_EDGE('',*,*,#1242,.F.);
#1242 = EDGE_CURVE('',#1243,#1221,#1245,.T.);
#1243 = VERTEX_POINT('',#1244);
#1244 = CARTESIAN_POINT('',(44.332584655474,89.897588653007,4.7625));
#1245 = SURFACE_CURVE('',#1246,(#1251,#1263),.PCURVE_S1.);
#1246 = ELLIPSE('',#1247,4.77271875722,4.7625);
#1247 = AXIS2_PLACEMENT_3D('',#1248,#1249,#1250);
#1248 = CARTESIAN_POINT('',(44.332584655474,89.897588653007,0.));
#1249 = DIRECTION('',(-0.608761429009,0.793353340291,0.));
#1250 = DIRECTION('',(0.793353340291,0.608761429009,0.));
#1251 = PCURVE('',#992,#1252);
#1252 = DEFINITIONAL_REPRESENTATION('',(#1253),#1262);
#1253 = B_SPLINE_CURVE_WITH_KNOTS('',7,(#1254,#1255,#1256,#1257,#1258,
    #1259,#1260,#1261),.UNSPECIFIED.,.F.,.F.,(8,8),(4.712388980385,
    6.28318530718),.PIECEWISE_BEZIER_KNOTS.);
#1254 = CARTESIAN_POINT('',(4.712388980385,7.309453722761));
#1255 = CARTESIAN_POINT('',(4.936788455641,7.37950018539));
#1256 = CARTESIAN_POINT('',(5.161187930897,7.449546363589));
#1257 = CARTESIAN_POINT('',(5.385587406158,7.513833430024));
#1258 = CARTESIAN_POINT('',(5.609986881408,7.566591799531));
#1259 = CARTESIAN_POINT('',(5.834386356668,7.603266022692));
#1260 = CARTESIAN_POINT('',(6.058785831923,7.621604464418));
#1261 = CARTESIAN_POINT('',(6.28318530718,7.621604464418));
#1262 = ( GEOMETRIC_REPRESENTATION_CONTEXT(2) 
PARAMETRIC_REPRESENTATION_CONTEXT() REPRESENTATION_CONTEXT('2D SPACE',''
  ) );
#1263 = PCURVE('',#1264,#1269);
#1264 = CYLINDRICAL_SURFACE('',#1265,4.7625);
#1265 = AXIS2_PLACEMENT_3D('',#1266,#1267,#1268);
#1266 = CARTESIAN_POINT('',(44.332584655474,89.897588653007,0.));
#1267 = DIRECTION('',(-0.6593458151,0.751839807479,0.));
#1268 = DIRECTION('',(0.751839807479,0.6593458151,0.));
#1269 = DEFINITIONAL_REPRESENTATION('',(#1270),#1279);
#1270 = B_SPLINE_CURVE_WITH_KNOTS('',7,(#1271,#1272,#1273,#1274,#1275,
    #1276,#1277,#1278),.UNSPECIFIED.,.F.,.F.,(8,8),(4.712388980385,
    6.28318530718),.PIECEWISE_BEZIER_KNOTS.);
#1271 = CARTESIAN_POINT('',(4.712388980385,1.42108547152E-13));
#1272 = CARTESIAN_POINT('',(4.936788455641,-7.004646262872E-02));
#1273 = CARTESIAN_POINT('',(5.161187930897,-0.140092640828));
#1274 = CARTESIAN_POINT('',(5.385587406156,-0.204379707263));
#1275 = CARTESIAN_POINT('',(5.60998688141,-0.257138076769));
#1276 = CARTESIAN_POINT('',(5.834386356667,-0.293812299931));
#1277 = CARTESIAN_POINT('',(6.058785831923,-0.312150741657));
#1278 = CARTESIAN_POINT('',(6.28318530718,-0.312150741657));
#1279 = ( GEOMETRIC_REPRESENTATION_CONTEXT(2) 
PARAMETRIC_REPRESENTATION_CONTEXT() REPRESENTATION_CONTEXT('2D SPACE',''
  ) );
#1280 = ORIENTED_EDGE('',*,*,#1281,.F.);
#1281 = EDGE_CURVE('',#1282,#1243,#1284,.T.);
#1282 = VERTEX_POINT('',#1283);
#1283 = CARTESIAN_POINT('',(44.332584655474,89.897588653007,-4.7625));
#1284 = SURFACE_CURVE('',#1285,(#1290,#1303),.PCURVE_S1.);
#1285 = ELLIPSE('',#1286,4.77271875722,4.7625);
#1286 = AXIS2_PLACEMENT_3D('',#1287,#1288,#1289);
#1287 = CARTESIAN_POINT('',(44.332584655474,89.897588653007,0.));
#1288 = DIRECTION('',(-0.608761429009,0.793353340291,0.));
#1289 = DIRECTION('',(0.793353340291,0.608761429009,0.));
#1290 = PCURVE('',#992,#1291);
#1291 = DEFINITIONAL_REPRESENTATION('',(#1292),#1302);
#1292 = B_SPLINE_CURVE_WITH_KNOTS('',8,(#1293,#1294,#1295,#1296,#1297,
    #1298,#1299,#1300,#1301),.UNSPECIFIED.,.F.,.F.,(9,9),(1.570796326795
    ,4.712388980385),.PIECEWISE_BEZIER_KNOTS.);
#1293 = CARTESIAN_POINT('',(1.570796326795,7.309453722761));
#1294 = CARTESIAN_POINT('',(1.963495408494,7.18687241316));
#1295 = CARTESIAN_POINT('',(2.356194490188,7.064290126148));
#1296 = CARTESIAN_POINT('',(2.748893571903,6.970523779095));
#1297 = CARTESIAN_POINT('',(3.141592653559,6.93431141518));
#1298 = CARTESIAN_POINT('',(3.5342917353,6.970523779088));
#1299 = CARTESIAN_POINT('',(3.926990816982,7.064290126145));
#1300 = CARTESIAN_POINT('',(4.319689898686,7.18687241316));
#1301 = CARTESIAN_POINT('',(4.712388980385,7.309453722761));
#1302 = ( GEOMETRIC_REPRESENTATION_CONTEXT(2) 
PARAMETRIC_REPRESENTATION_CONTEXT() REPRESENTATION_CONTEXT('2D SPACE',''
  ) );
#1303 = PCURVE('',#1264,#1304);
#1304 = DEFINITIONAL_REPRESENTATION('',(#1305),#1315);
#1305 = B_SPLINE_CURVE_WITH_KNOTS('',8,(#1306,#1307,#1308,#1309,#1310,
    #1311,#1312,#1313,#1314),.UNSPECIFIED.,.F.,.F.,(9,9),(1.570796326795
    ,4.712388980385),.PIECEWISE_BEZIER_KNOTS.);
#1306 = CARTESIAN_POINT('',(1.570796326795,1.42108547152E-13));
#1307 = CARTESIAN_POINT('',(1.963495408494,0.122581309601));
#1308 = CARTESIAN_POINT('',(2.356194490187,0.245163596604));
#1309 = CARTESIAN_POINT('',(2.748893571908,0.338929943675));
#1310 = CARTESIAN_POINT('',(3.141592653552,0.375142307548));
#1311 = CARTESIAN_POINT('',(3.534291735305,0.338929943675));
#1312 = CARTESIAN_POINT('',(3.926990816981,0.245163596605));
#1313 = CARTESIAN_POINT('',(4.319689898686,0.122581309601));
#1314 = CARTESIAN_POINT('',(4.712388980385,1.42108547152E-13));
#1315 = ( GEOMETRIC_REPRESENTATION_CONTEXT(2) 
PARAMETRIC_REPRESENTATION_CONTEXT() REPRESENTATION_CONTEXT('2D SPACE',''
  ) );
#1316 = ORIENTED_EDGE('',*,*,#1317,.F.);
#1317 = EDGE_CURVE('',#1221,#1282,#1318,.T.);
#1318 = SURFACE_CURVE('',#1319,(#1324,#1336),.PCURVE_S1.);
#1319 = ELLIPSE('',#1320,4.77271875722,4.7625);
#1320 = AXIS2_PLACEMENT_3D('',#1321,#1322,#1323);
#1321 = CARTESIAN_POINT('',(44.332584655474,89.897588653007,0.));
#1322 = DIRECTION('',(-0.608761429009,0.793353340291,0.));
#1323 = DIRECTION('',(0.793353340291,0.608761429009,0.));
#1324 = PCURVE('',#992,#1325);
#1325 = DEFINITIONAL_REPRESENTATION('',(#1326),#1335);
#1326 = B_SPLINE_CURVE_WITH_KNOTS('',7,(#1327,#1328,#1329,#1330,#1331,
    #1332,#1333,#1334),.UNSPECIFIED.,.F.,.F.,(8,8),(0.,1.570796326795),
  .PIECEWISE_BEZIER_KNOTS.);
#1327 = CARTESIAN_POINT('',(0.,7.621604464418));
#1328 = CARTESIAN_POINT('',(0.224399475256,7.621604464418));
#1329 = CARTESIAN_POINT('',(0.448798950513,7.603266022689));
#1330 = CARTESIAN_POINT('',(0.67319842577,7.566591799538));
#1331 = CARTESIAN_POINT('',(0.897597901025,7.513833430018));
#1332 = CARTESIAN_POINT('',(1.121997376282,7.449546363591));
#1333 = CARTESIAN_POINT('',(1.346396851538,7.37950018539));
#1334 = CARTESIAN_POINT('',(1.570796326795,7.309453722761));
#1335 = ( GEOMETRIC_REPRESENTATION_CONTEXT(2) 
PARAMETRIC_REPRESENTATION_CONTEXT() REPRESENTATION_CONTEXT('2D SPACE',''
  ) );
#1336 = PCURVE('',#1264,#1337);
#1337 = DEFINITIONAL_REPRESENTATION('',(#1338),#1347);
#1338 = B_SPLINE_CURVE_WITH_KNOTS('',7,(#1339,#1340,#1341,#1342,#1343,
    #1344,#1345,#1346),.UNSPECIFIED.,.F.,.F.,(8,8),(0.,1.570796326795),
  .PIECEWISE_BEZIER_KNOTS.);
#1339 = CARTESIAN_POINT('',(0.,-0.312150741657));
#1340 = CARTESIAN_POINT('',(0.224399475256,-0.312150741657));
#1341 = CARTESIAN_POINT('',(0.448798950513,-0.293812299931));
#1342 = CARTESIAN_POINT('',(0.673198425769,-0.257138076769));
#1343 = CARTESIAN_POINT('',(0.897597901025,-0.204379707263));
#1344 = CARTESIAN_POINT('',(1.121997376282,-0.140092640828));
#1345 = CARTESIAN_POINT('',(1.346396851538,-7.004646262872E-02));
#1346 = CARTESIAN_POINT('',(1.570796326795,1.42108547152E-13));
#1347 = ( GEOMETRIC_REPRESENTATION_CONTEXT(2) 
PARAMETRIC_REPRESENTATION_CONTEXT() REPRESENTATION_CONTEXT('2D SPACE',''
  ) );
#1348 = ORIENTED_EDGE('',*,*,#1220,.F.);
#1349 = ORIENTED_EDGE('',*,*,#1045,.T.);
#1350 = ORIENTED_EDGE('',*,*,#1009,.T.);
#1351 = ORIENTED_EDGE('',*,*,#970,.T.);
#1352 = ADVANCED_FACE('',(#1353),#1132,.T.);
#1353 = FACE_BOUND('',#1354,.T.);
#1354 = EDGE_LOOP('',(#1355,#1377,#1378,#1379,#1380,#1381,#1420,#1456));
#1355 = ORIENTED_EDGE('',*,*,#1356,.T.);
#1356 = EDGE_CURVE('',#1357,#1085,#1359,.T.);
#1357 = VERTEX_POINT('',#1358);
#1358 = CARTESIAN_POINT('',(48.119037023785,18.956964256091,0.));
#1359 = SEAM_CURVE('',#1360,(#1364,#1370),.PCURVE_S1.);
#1360 = LINE('',#1361,#1362);
#1361 = CARTESIAN_POINT('',(48.292458684065,19.216508112237,0.));
#1362 = VECTOR('',#1363,1.);
#1363 = DIRECTION('',(0.55557023302,0.831469612303,0.));
#1364 = PCURVE('',#1132,#1365);
#1365 = DEFINITIONAL_REPRESENTATION('',(#1366),#1369);
#1366 = B_SPLINE_CURVE_WITH_KNOTS('',1,(#1367,#1368),.UNSPECIFIED.,.F.,
  .F.,(2,2),(-1.726277771592,9.035731494353),.PIECEWISE_BEZIER_KNOTS.);
#1367 = CARTESIAN_POINT('',(6.28318530718,-1.726277771592));
#1368 = CARTESIAN_POINT('',(6.28318530718,9.035731494353));
#1369 = ( GEOMETRIC_REPRESENTATION_CONTEXT(2) 
PARAMETRIC_REPRESENTATION_CONTEXT() REPRESENTATION_CONTEXT('2D SPACE',''
  ) );
#1370 = PCURVE('',#1132,#1371);
#1371 = DEFINITIONAL_REPRESENTATION('',(#1372),#1376);
#1372 = LINE('',#1373,#1374);
#1373 = CARTESIAN_POINT('',(0.,0.));
#1374 = VECTOR('',#1375,1.);
#1375 = DIRECTION('',(0.,1.));
#1376 = ( GEOMETRIC_REPRESENTATION_CONTEXT(2) 
PARAMETRIC_REPRESENTATION_CONTEXT() REPRESENTATION_CONTEXT('2D SPACE',''
  ) );
#1377 = ORIENTED_EDGE('',*,*,#1185,.F.);
#1378 = ORIENTED_EDGE('',*,*,#1149,.F.);
#1379 = ORIENTED_EDGE('',*,*,#1110,.F.);
#1380 = ORIENTED_EDGE('',*,*,#1356,.F.);
#1381 = ORIENTED_EDGE('',*,*,#1382,.T.);
#1382 = EDGE_CURVE('',#1357,#1383,#1385,.T.);
#1383 = VERTEX_POINT('',#1384);
#1384 = CARTESIAN_POINT('',(44.332584655474,21.862411346993,-4.7625));
#1385 = SURFACE_CURVE('',#1386,(#1391,#1403),.PCURVE_S1.);
#1386 = ELLIPSE('',#1387,4.77271875722,4.7625);
#1387 = AXIS2_PLACEMENT_3D('',#1388,#1389,#1390);
#1388 = CARTESIAN_POINT('',(44.332584655474,21.862411346993,0.));
#1389 = DIRECTION('',(0.608761429009,0.793353340291,0.));
#1390 = DIRECTION('',(0.793353340291,-0.608761429009,0.));
#1391 = PCURVE('',#1132,#1392);
#1392 = DEFINITIONAL_REPRESENTATION('',(#1393),#1402);
#1393 = B_SPLINE_CURVE_WITH_KNOTS('',7,(#1394,#1395,#1396,#1397,#1398,
    #1399,#1400,#1401),.UNSPECIFIED.,.F.,.F.,(8,8),(0.,1.570796326795),
  .PIECEWISE_BEZIER_KNOTS.);
#1394 = CARTESIAN_POINT('',(0.,-0.312150741658));
#1395 = CARTESIAN_POINT('',(0.224399475256,-0.312150741658));
#1396 = CARTESIAN_POINT('',(0.448798950513,-0.293812299931));
#1397 = CARTESIAN_POINT('',(0.673198425769,-0.257138076768));
#1398 = CARTESIAN_POINT('',(0.897597901026,-0.204379707263));
#1399 = CARTESIAN_POINT('',(1.121997376282,-0.140092640828));
#1400 = CARTESIAN_POINT('',(1.346396851538,-7.004646262885E-02));
#1401 = CARTESIAN_POINT('',(1.570796326795,1.42108547152E-14));
#1402 = ( GEOMETRIC_REPRESENTATION_CONTEXT(2) 
PARAMETRIC_REPRESENTATION_CONTEXT() REPRESENTATION_CONTEXT('2D SPACE',''
  ) );
#1403 = PCURVE('',#1404,#1409);
#1404 = CYLINDRICAL_SURFACE('',#1405,4.7625);
#1405 = AXIS2_PLACEMENT_3D('',#1406,#1407,#1408);
#1406 = CARTESIAN_POINT('',(39.513126932704,16.366873067296,0.));
#1407 = DIRECTION('',(0.6593458151,0.751839807479,0.));
#1408 = DIRECTION('',(0.751839807479,-0.6593458151,0.));
#1409 = DEFINITIONAL_REPRESENTATION('',(#1410),#1419);
#1410 = B_SPLINE_CURVE_WITH_KNOTS('',7,(#1411,#1412,#1413,#1414,#1415,
    #1416,#1417,#1418),.UNSPECIFIED.,.F.,.F.,(8,8),(0.,1.570796326795),
  .PIECEWISE_BEZIER_KNOTS.);
#1411 = CARTESIAN_POINT('',(0.,7.621604464418));
#1412 = CARTESIAN_POINT('',(0.224399475256,7.621604464418));
#1413 = CARTESIAN_POINT('',(0.448798950513,7.603266022692));
#1414 = CARTESIAN_POINT('',(0.67319842577,7.566591799531));
#1415 = CARTESIAN_POINT('',(0.897597901025,7.513833430025));
#1416 = CARTESIAN_POINT('',(1.121997376282,7.449546363589));
#1417 = CARTESIAN_POINT('',(1.346396851538,7.37950018539));
#1418 = CARTESIAN_POINT('',(1.570796326795,7.309453722761));
#1419 = ( GEOMETRIC_REPRESENTATION_CONTEXT(2) 
PARAMETRIC_REPRESENTATION_CONTEXT() REPRESENTATION_CONTEXT('2D SPACE',''
  ) );
#1420 = ORIENTED_EDGE('',*,*,#1421,.T.);
#1421 = EDGE_CURVE('',#1383,#1422,#1424,.T.);
#1422 = VERTEX_POINT('',#1423);
#1423 = CARTESIAN_POINT('',(44.332584655474,21.862411346993,4.7625));
#1424 = SURFACE_CURVE('',#1425,(#1430,#1443),.PCURVE_S1.);
#1425 = ELLIPSE('',#1426,4.77271875722,4.7625);
#1426 = AXIS2_PLACEMENT_3D('',#1427,#1428,#1429);
#1427 = CARTESIAN_POINT('',(44.332584655474,21.862411346993,0.));
#1428 = DIRECTION('',(0.608761429009,0.793353340291,0.));
#1429 = DIRECTION('',(0.793353340291,-0.608761429009,0.));
#1430 = PCURVE('',#1132,#1431);
#1431 = DEFINITIONAL_REPRESENTATION('',(#1432),#1442);
#1432 = B_SPLINE_CURVE_WITH_KNOTS('',8,(#1433,#1434,#1435,#1436,#1437,
    #1438,#1439,#1440,#1441),.UNSPECIFIED.,.F.,.F.,(9,9),(1.570796326795
    ,4.712388980385),.PIECEWISE_BEZIER_KNOTS.);
#1433 = CARTESIAN_POINT('',(1.570796326795,1.42108547152E-14));
#1434 = CARTESIAN_POINT('',(1.963495408494,0.122581309601));
#1435 = CARTESIAN_POINT('',(2.356194490189,0.245163596605));
#1436 = CARTESIAN_POINT('',(2.748893571896,0.338929943674));
#1437 = CARTESIAN_POINT('',(3.141592653569,0.37514230755));
#1438 = CARTESIAN_POINT('',(3.534291735289,0.338929943674));
#1439 = CARTESIAN_POINT('',(3.926990816985,0.245163596605));
#1440 = CARTESIAN_POINT('',(4.319689898686,0.122581309601));
#1441 = CARTESIAN_POINT('',(4.712388980385,1.42108547152E-14));
#1442 = ( GEOMETRIC_REPRESENTATION_CONTEXT(2) 
PARAMETRIC_REPRESENTATION_CONTEXT() REPRESENTATION_CONTEXT('2D SPACE',''
  ) );
#1443 = PCURVE('',#1404,#1444);
#1444 = DEFINITIONAL_REPRESENTATION('',(#1445),#1455);
#1445 = B_SPLINE_CURVE_WITH_KNOTS('',8,(#1446,#1447,#1448,#1449,#1450,
    #1451,#1452,#1453,#1454),.UNSPECIFIED.,.F.,.F.,(9,9),(1.570796326795
    ,4.712388980385),.PIECEWISE_BEZIER_KNOTS.);
#1446 = CARTESIAN_POINT('',(1.570796326795,7.309453722761));
#1447 = CARTESIAN_POINT('',(1.963495408494,7.18687241316));
#1448 = CARTESIAN_POINT('',(2.356194490189,7.064290126152));
#1449 = CARTESIAN_POINT('',(2.748893571896,6.970523779082));
#1450 = CARTESIAN_POINT('',(3.141592653569,6.934311415183));
#1451 = CARTESIAN_POINT('',(3.534291735289,6.970523779082));
#1452 = CARTESIAN_POINT('',(3.926990816985,7.064290126152));
#1453 = CARTESIAN_POINT('',(4.319689898686,7.18687241316));
#1454 = CARTESIAN_POINT('',(4.712388980385,7.309453722761));
#1455 = ( GEOMETRIC_REPRESENTATION_CONTEXT(2) 
PARAMETRIC_REPRESENTATION_CONTEXT() REPRESENTATION_CONTEXT('2D SPACE',''
  ) );
#1456 = ORIENTED_EDGE('',*,*,#1457,.T.);
#1457 = EDGE_CURVE('',#1422,#1357,#1458,.T.);
#1458 = SURFACE_CURVE('',#1459,(#1464,#1476),.PCURVE_S1.);
#1459 = ELLIPSE('',#1460,4.77271875722,4.7625);
#1460 = AXIS2_PLACEMENT_3D('',#1461,#1462,#1463);
#1461 = CARTESIAN_POINT('',(44.332584655474,21.862411346993,0.));
#1462 = DIRECTION('',(0.608761429009,0.793353340291,0.));
#1463 = DIRECTION('',(0.793353340291,-0.608761429009,0.));
#1464 = PCURVE('',#1132,#1465);
#1465 = DEFINITIONAL_REPRESENTATION('',(#1466),#1475);
#1466 = B_SPLINE_CURVE_WITH_KNOTS('',7,(#1467,#1468,#1469,#1470,#1471,
    #1472,#1473,#1474),.UNSPECIFIED.,.F.,.F.,(8,8),(4.712388980385,
    6.28318530718),.PIECEWISE_BEZIER_KNOTS.);
#1467 = CARTESIAN_POINT('',(4.712388980385,1.42108547152E-14));
#1468 = CARTESIAN_POINT('',(4.936788455641,-7.004646262885E-02));
#1469 = CARTESIAN_POINT('',(5.161187930898,-0.140092640828));
#1470 = CARTESIAN_POINT('',(5.385587406153,-0.204379707263));
#1471 = CARTESIAN_POINT('',(5.609986881412,-0.257138076768));
#1472 = CARTESIAN_POINT('',(5.834386356667,-0.293812299931));
#1473 = CARTESIAN_POINT('',(6.058785831923,-0.312150741658));
#1474 = CARTESIAN_POINT('',(6.28318530718,-0.312150741658));
#1475 = ( GEOMETRIC_REPRESENTATION_CONTEXT(2) 
PARAMETRIC_REPRESENTATION_CONTEXT() REPRESENTATION_CONTEXT('2D SPACE',''
  ) );
#1476 = PCURVE('',#1404,#1477);
#1477 = DEFINITIONAL_REPRESENTATION('',(#1478),#1487);
#1478 = B_SPLINE_CURVE_WITH_KNOTS('',7,(#1479,#1480,#1481,#1482,#1483,
    #1484,#1485,#1486),.UNSPECIFIED.,.F.,.F.,(8,8),(4.712388980385,
    6.28318530718),.PIECEWISE_BEZIER_KNOTS.);
#1479 = CARTESIAN_POINT('',(4.712388980385,7.309453722761));
#1480 = CARTESIAN_POINT('',(4.936788455641,7.37950018539));
#1481 = CARTESIAN_POINT('',(5.161187930898,7.449546363589));
#1482 = CARTESIAN_POINT('',(5.385587406153,7.513833430023));
#1483 = CARTESIAN_POINT('',(5.609986881412,7.566591799532));
#1484 = CARTESIAN_POINT('',(5.834386356667,7.603266022691));
#1485 = CARTESIAN_POINT('',(6.058785831923,7.621604464418));
#1486 = CARTESIAN_POINT('',(6.28318530718,7.621604464418));
#1487 = ( GEOMETRIC_REPRESENTATION_CONTEXT(2) 
PARAMETRIC_REPRESENTATION_CONTEXT() REPRESENTATION_CONTEXT('2D SPACE',''
  ) );
#1488 = ADVANCED_FACE('',(#1489),#1264,.T.);
#1489 = FACE_BOUND('',#1490,.T.);
#1490 = EDGE_LOOP('',(#1491,#1513,#1552,#1588,#1620,#1621,#1622,#1623));
#1491 = ORIENTED_EDGE('',*,*,#1492,.T.);
#1492 = EDGE_CURVE('',#1221,#1493,#1495,.T.);
#1493 = VERTEX_POINT('',#1494);
#1494 = CARTESIAN_POINT('',(42.887948730631,98.767948730631,
    2.91619019047E-16));
#1495 = SEAM_CURVE('',#1496,(#1500,#1506),.PCURVE_S1.);
#1496 = LINE('',#1497,#1498);
#1497 = CARTESIAN_POINT('',(47.913221738593,93.037723097421,0.));
#1498 = VECTOR('',#1499,1.);
#1499 = DIRECTION('',(-0.6593458151,0.751839807479,0.));
#1500 = PCURVE('',#1264,#1501);
#1501 = DEFINITIONAL_REPRESENTATION('',(#1502),#1505);
#1502 = B_SPLINE_CURVE_WITH_KNOTS('',1,(#1503,#1504),.UNSPECIFIED.,.F.,
  .F.,(2,2),(-1.726277771592,9.035731494353),.PIECEWISE_BEZIER_KNOTS.);
#1503 = CARTESIAN_POINT('',(6.28318530718,-1.726277771592));
#1504 = CARTESIAN_POINT('',(6.28318530718,9.035731494353));
#1505 = ( GEOMETRIC_REPRESENTATION_CONTEXT(2) 
PARAMETRIC_REPRESENTATION_CONTEXT() REPRESENTATION_CONTEXT('2D SPACE',''
  ) );
#1506 = PCURVE('',#1264,#1507);
#1507 = DEFINITIONAL_REPRESENTATION('',(#1508),#1512);
#1508 = LINE('',#1509,#1510);
#1509 = CARTESIAN_POINT('',(0.,0.));
#1510 = VECTOR('',#1511,1.);
#1511 = DIRECTION('',(0.,1.));
#1512 = ( GEOMETRIC_REPRESENTATION_CONTEXT(2) 
PARAMETRIC_REPRESENTATION_CONTEXT() REPRESENTATION_CONTEXT('2D SPACE',''
  ) );
#1513 = ORIENTED_EDGE('',*,*,#1514,.F.);
#1514 = EDGE_CURVE('',#1515,#1493,#1517,.T.);
#1515 = VERTEX_POINT('',#1516);
#1516 = CARTESIAN_POINT('',(39.513126932704,95.393126932704,4.7625));
#1517 = SURFACE_CURVE('',#1518,(#1523,#1535),.PCURVE_S1.);
#1518 = ELLIPSE('',#1519,4.77271875722,4.7625);
#1519 = AXIS2_PLACEMENT_3D('',#1520,#1521,#1522);
#1520 = CARTESIAN_POINT('',(39.513126932704,95.393126932704,0.));
#1521 = DIRECTION('',(-0.707106781187,0.707106781187,0.));
#1522 = DIRECTION('',(0.707106781187,0.707106781187,0.));
#1523 = PCURVE('',#1264,#1524);
#1524 = DEFINITIONAL_REPRESENTATION('',(#1525),#1534);
#1525 = B_SPLINE_CURVE_WITH_KNOTS('',7,(#1526,#1527,#1528,#1529,#1530,
    #1531,#1532,#1533),.UNSPECIFIED.,.F.,.F.,(8,8),(4.712388980385,
    6.28318530718),.PIECEWISE_BEZIER_KNOTS.);
#1526 = CARTESIAN_POINT('',(4.712388980385,7.309453722761));
#1527 = CARTESIAN_POINT('',(4.936788455641,7.37950018539));
#1528 = CARTESIAN_POINT('',(5.161187930897,7.449546363589));
#1529 = CARTESIAN_POINT('',(5.385587406155,7.513833430027));
#1530 = CARTESIAN_POINT('',(5.60998688141,7.566591799529));
#1531 = CARTESIAN_POINT('',(5.834386356667,7.603266022692));
#1532 = CARTESIAN_POINT('',(6.058785831923,7.621604464418));
#1533 = CARTESIAN_POINT('',(6.28318530718,7.621604464418));
#1534 = ( GEOMETRIC_REPRESENTATION_CONTEXT(2) 
PARAMETRIC_REPRESENTATION_CONTEXT() REPRESENTATION_CONTEXT('2D SPACE',''
  ) );
#1535 = PCURVE('',#1536,#1541);
#1536 = CYLINDRICAL_SURFACE('',#1537,4.7625);
#1537 = AXIS2_PLACEMENT_3D('',#1538,#1539,#1540);
#1538 = CARTESIAN_POINT('',(39.513126932704,95.393126932704,0.));
#1539 = DIRECTION('',(-0.751839807479,0.6593458151,0.));
#1540 = DIRECTION('',(0.6593458151,0.751839807479,1.224646799147E-16));
#1541 = DEFINITIONAL_REPRESENTATION('',(#1542),#1551);
#1542 = B_SPLINE_CURVE_WITH_KNOTS('',7,(#1543,#1544,#1545,#1546,#1547,
    #1548,#1549,#1550),.UNSPECIFIED.,.F.,.F.,(8,8),(4.712388980385,
    6.28318530718),.PIECEWISE_BEZIER_KNOTS.);
#1543 = CARTESIAN_POINT('',(4.712388980385,9.947598300641E-14));
#1544 = CARTESIAN_POINT('',(4.936788455641,-7.004646262876E-02));
#1545 = CARTESIAN_POINT('',(5.161187930897,-0.140092640828));
#1546 = CARTESIAN_POINT('',(5.385587406154,-0.204379707263));
#1547 = CARTESIAN_POINT('',(5.609986881411,-0.257138076768));
#1548 = CARTESIAN_POINT('',(5.834386356667,-0.293812299931));
#1549 = CARTESIAN_POINT('',(6.058785831923,-0.312150741657));
#1550 = CARTESIAN_POINT('',(6.28318530718,-0.312150741657));
#1551 = ( GEOMETRIC_REPRESENTATION_CONTEXT(2) 
PARAMETRIC_REPRESENTATION_CONTEXT() REPRESENTATION_CONTEXT('2D SPACE',''
  ) );
#1552 = ORIENTED_EDGE('',*,*,#1553,.F.);
#1553 = EDGE_CURVE('',#1554,#1515,#1556,.T.);
#1554 = VERTEX_POINT('',#1555);
#1555 = CARTESIAN_POINT('',(39.513126932704,95.393126932704,-4.7625));
#1556 = SURFACE_CURVE('',#1557,(#1562,#1575),.PCURVE_S1.);
#1557 = ELLIPSE('',#1558,4.77271875722,4.7625);
#1558 = AXIS2_PLACEMENT_3D('',#1559,#1560,#1561);
#1559 = CARTESIAN_POINT('',(39.513126932704,95.393126932704,0.));
#1560 = DIRECTION('',(-0.707106781187,0.707106781187,0.));
#1561 = DIRECTION('',(0.707106781187,0.707106781187,0.));
#1562 = PCURVE('',#1264,#1563);
#1563 = DEFINITIONAL_REPRESENTATION('',(#1564),#1574);
#1564 = B_SPLINE_CURVE_WITH_KNOTS('',8,(#1565,#1566,#1567,#1568,#1569,
    #1570,#1571,#1572,#1573),.UNSPECIFIED.,.F.,.F.,(9,9),(1.570796326795
    ,4.712388980385),.PIECEWISE_BEZIER_KNOTS.);
#1565 = CARTESIAN_POINT('',(1.570796326795,7.309453722761));
#1566 = CARTESIAN_POINT('',(1.963495408494,7.18687241316));
#1567 = CARTESIAN_POINT('',(2.35619449019,7.064290126158));
#1568 = CARTESIAN_POINT('',(2.748893571894,6.970523779068));
#1569 = CARTESIAN_POINT('',(3.141592653576,6.934311415235));
#1570 = CARTESIAN_POINT('',(3.534291735292,6.970523779072));
#1571 = CARTESIAN_POINT('',(3.926990816984,7.064290126157));
#1572 = CARTESIAN_POINT('',(4.319689898686,7.18687241316));
#1573 = CARTESIAN_POINT('',(4.712388980385,7.309453722761));
#1574 = ( GEOMETRIC_REPRESENTATION_CONTEXT(2) 
PARAMETRIC_REPRESENTATION_CONTEXT() REPRESENTATION_CONTEXT('2D SPACE',''
  ) );
#1575 = PCURVE('',#1536,#1576);
#1576 = DEFINITIONAL_REPRESENTATION('',(#1577),#1587);
#1577 = B_SPLINE_CURVE_WITH_KNOTS('',8,(#1578,#1579,#1580,#1581,#1582,
    #1583,#1584,#1585,#1586),.UNSPECIFIED.,.F.,.F.,(9,9),(1.570796326795
    ,4.712388980385),.PIECEWISE_BEZIER_KNOTS.);
#1578 = CARTESIAN_POINT('',(1.570796326795,9.947598300641E-14));
#1579 = CARTESIAN_POINT('',(1.963495408494,0.122581309601));
#1580 = CARTESIAN_POINT('',(2.356194490188,0.245163596605));
#1581 = CARTESIAN_POINT('',(2.7488935719,0.338929943674));
#1582 = CARTESIAN_POINT('',(3.141592653569,0.37514230755));
#1583 = CARTESIAN_POINT('',(3.534291735293,0.338929943674));
#1584 = CARTESIAN_POINT('',(3.926990816983,0.245163596605));
#1585 = CARTESIAN_POINT('',(4.319689898686,0.122581309601));
#1586 = CARTESIAN_POINT('',(4.712388980385,9.947598300641E-14));
#1587 = ( GEOMETRIC_REPRESENTATION_CONTEXT(2) 
PARAMETRIC_REPRESENTATION_CONTEXT() REPRESENTATION_CONTEXT('2D SPACE',''
  ) );
#1588 = ORIENTED_EDGE('',*,*,#1589,.F.);
#1589 = EDGE_CURVE('',#1493,#1554,#1590,.T.);
#1590 = SURFACE_CURVE('',#1591,(#1596,#1608),.PCURVE_S1.);
#1591 = ELLIPSE('',#1592,4.77271875722,4.7625);
#1592 = AXIS2_PLACEMENT_3D('',#1593,#1594,#1595);
#1593 = CARTESIAN_POINT('',(39.513126932704,95.393126932704,0.));
#1594 = DIRECTION('',(-0.707106781187,0.707106781187,0.));
#1595 = DIRECTION('',(0.707106781187,0.707106781187,0.));
#1596 = PCURVE('',#1264,#1597);
#1597 = DEFINITIONAL_REPRESENTATION('',(#1598),#1607);
#1598 = B_SPLINE_CURVE_WITH_KNOTS('',7,(#1599,#1600,#1601,#1602,#1603,
    #1604,#1605,#1606),.UNSPECIFIED.,.F.,.F.,(8,8),(0.,1.570796326795),
  .PIECEWISE_BEZIER_KNOTS.);
#1599 = CARTESIAN_POINT('',(0.,7.621604464418));
#1600 = CARTESIAN_POINT('',(0.224399475256,7.621604464418));
#1601 = CARTESIAN_POINT('',(0.448798950513,7.603266022691));
#1602 = CARTESIAN_POINT('',(0.673198425769,7.566591799531));
#1603 = CARTESIAN_POINT('',(0.897597901026,7.513833430023));
#1604 = CARTESIAN_POINT('',(1.121997376282,7.44954636359));
#1605 = CARTESIAN_POINT('',(1.346396851538,7.37950018539));
#1606 = CARTESIAN_POINT('',(1.570796326795,7.309453722761));
#1607 = ( GEOMETRIC_REPRESENTATION_CONTEXT(2) 
PARAMETRIC_REPRESENTATION_CONTEXT() REPRESENTATION_CONTEXT('2D SPACE',''
  ) );
#1608 = PCURVE('',#1536,#1609);
#1609 = DEFINITIONAL_REPRESENTATION('',(#1610),#1619);
#1610 = B_SPLINE_CURVE_WITH_KNOTS('',7,(#1611,#1612,#1613,#1614,#1615,
    #1616,#1617,#1618),.UNSPECIFIED.,.F.,.F.,(8,8),(0.,1.570796326795),
  .PIECEWISE_BEZIER_KNOTS.);
#1611 = CARTESIAN_POINT('',(1.224646799147E-16,-0.312150741657));
#1612 = CARTESIAN_POINT('',(0.224399475256,-0.312150741657));
#1613 = CARTESIAN_POINT('',(0.448798950513,-0.293812299931));
#1614 = CARTESIAN_POINT('',(0.673198425769,-0.257138076768));
#1615 = CARTESIAN_POINT('',(0.897597901026,-0.204379707263));
#1616 = CARTESIAN_POINT('',(1.121997376282,-0.140092640828));
#1617 = CARTESIAN_POINT('',(1.346396851538,-7.004646262876E-02));
#1618 = CARTESIAN_POINT('',(1.570796326795,9.947598300641E-14));
#1619 = ( GEOMETRIC_REPRESENTATION_CONTEXT(2) 
PARAMETRIC_REPRESENTATION_CONTEXT() REPRESENTATION_CONTEXT('2D SPACE',''
  ) );
#1620 = ORIENTED_EDGE('',*,*,#1492,.F.);
#1621 = ORIENTED_EDGE('',*,*,#1317,.T.);
#1622 = ORIENTED_EDGE('',*,*,#1281,.T.);
#1623 = ORIENTED_EDGE('',*,*,#1242,.T.);
#1624 = ADVANCED_FACE('',(#1625),#1404,.T.);
#1625 = FACE_BOUND('',#1626,.T.);
#1626 = EDGE_LOOP('',(#1627,#1649,#1650,#1651,#1652,#1653,#1692,#1728));
#1627 = ORIENTED_EDGE('',*,*,#1628,.T.);
#1628 = EDGE_CURVE('',#1629,#1357,#1631,.T.);
#1629 = VERTEX_POINT('',#1630);
#1630 = CARTESIAN_POINT('',(42.887948730631,12.992051269369,
    2.91619019047E-16));
#1631 = SEAM_CURVE('',#1632,(#1636,#1642),.PCURVE_S1.);
#1632 = LINE('',#1633,#1634);
#1633 = CARTESIAN_POINT('',(43.093764015823,13.226738622882,0.));
#1634 = VECTOR('',#1635,1.);
#1635 = DIRECTION('',(0.6593458151,0.751839807479,0.));
#1636 = PCURVE('',#1404,#1637);
#1637 = DEFINITIONAL_REPRESENTATION('',(#1638),#1641);
#1638 = B_SPLINE_CURVE_WITH_KNOTS('',1,(#1639,#1640),.UNSPECIFIED.,.F.,
  .F.,(2,2),(-1.726277771592,9.035731494353),.PIECEWISE_BEZIER_KNOTS.);
#1639 = CARTESIAN_POINT('',(6.28318530718,-1.726277771592));
#1640 = CARTESIAN_POINT('',(6.28318530718,9.035731494353));
#1641 = ( GEOMETRIC_REPRESENTATION_CONTEXT(2) 
PARAMETRIC_REPRESENTATION_CONTEXT() REPRESENTATION_CONTEXT('2D SPACE',''
  ) );
#1642 = PCURVE('',#1404,#1643);
#1643 = DEFINITIONAL_REPRESENTATION('',(#1644),#1648);
#1644 = LINE('',#1645,#1646);
#1645 = CARTESIAN_POINT('',(0.,0.));
#1646 = VECTOR('',#1647,1.);
#1647 = DIRECTION('',(0.,1.));
#1648 = ( GEOMETRIC_REPRESENTATION_CONTEXT(2) 
PARAMETRIC_REPRESENTATION_CONTEXT() REPRESENTATION_CONTEXT('2D SPACE',''
  ) );
#1649 = ORIENTED_EDGE('',*,*,#1457,.F.);
#1650 = ORIENTED_EDGE('',*,*,#1421,.F.);
#1651 = ORIENTED_EDGE('',*,*,#1382,.F.);
#1652 = ORIENTED_EDGE('',*,*,#1628,.F.);
#1653 = ORIENTED_EDGE('',*,*,#1654,.T.);
#1654 = EDGE_CURVE('',#1629,#1655,#1657,.T.);
#1655 = VERTEX_POINT('',#1656);
#1656 = CARTESIAN_POINT('',(39.513126932704,16.366873067296,-4.7625));
#1657 = SURFACE_CURVE('',#1658,(#1663,#1675),.PCURVE_S1.);
#1658 = ELLIPSE('',#1659,4.77271875722,4.7625);
#1659 = AXIS2_PLACEMENT_3D('',#1660,#1661,#1662);
#1660 = CARTESIAN_POINT('',(39.513126932704,16.366873067296,0.));
#1661 = DIRECTION('',(0.707106781187,0.707106781187,0.));
#1662 = DIRECTION('',(0.707106781187,-0.707106781187,0.));
#1663 = PCURVE('',#1404,#1664);
#1664 = DEFINITIONAL_REPRESENTATION('',(#1665),#1674);
#1665 = B_SPLINE_CURVE_WITH_KNOTS('',7,(#1666,#1667,#1668,#1669,#1670,
    #1671,#1672,#1673),.UNSPECIFIED.,.F.,.F.,(8,8),(0.,1.570796326795),
  .PIECEWISE_BEZIER_KNOTS.);
#1666 = CARTESIAN_POINT('',(0.,-0.312150741658));
#1667 = CARTESIAN_POINT('',(0.224399475256,-0.312150741658));
#1668 = CARTESIAN_POINT('',(0.448798950513,-0.293812299931));
#1669 = CARTESIAN_POINT('',(0.673198425769,-0.257138076769));
#1670 = CARTESIAN_POINT('',(0.897597901026,-0.204379707263));
#1671 = CARTESIAN_POINT('',(1.121997376282,-0.140092640828));
#1672 = CARTESIAN_POINT('',(1.346396851538,-7.004646262897E-02));
#1673 = CARTESIAN_POINT('',(1.570796326795,-1.06581410364E-13));
#1674 = ( GEOMETRIC_REPRESENTATION_CONTEXT(2) 
PARAMETRIC_REPRESENTATION_CONTEXT() REPRESENTATION_CONTEXT('2D SPACE',''
  ) );
#1675 = PCURVE('',#1676,#1681);
#1676 = CYLINDRICAL_SURFACE('',#1677,4.7625);
#1677 = AXIS2_PLACEMENT_3D('',#1678,#1679,#1680);
#1678 = CARTESIAN_POINT('',(34.017588653007,11.547415344526,0.));
#1679 = DIRECTION('',(0.751839807479,0.6593458151,0.));
#1680 = DIRECTION('',(0.6593458151,-0.751839807479,1.224646799147E-16));
#1681 = DEFINITIONAL_REPRESENTATION('',(#1682),#1691);
#1682 = B_SPLINE_CURVE_WITH_KNOTS('',7,(#1683,#1684,#1685,#1686,#1687,
    #1688,#1689,#1690),.UNSPECIFIED.,.F.,.F.,(8,8),(0.,1.570796326795),
  .PIECEWISE_BEZIER_KNOTS.);
#1683 = CARTESIAN_POINT('',(1.224646799147E-16,7.621604464418));
#1684 = CARTESIAN_POINT('',(0.224399475256,7.621604464418));
#1685 = CARTESIAN_POINT('',(0.448798950513,7.60326602269));
#1686 = CARTESIAN_POINT('',(0.673198425769,7.566591799535));
#1687 = CARTESIAN_POINT('',(0.897597901026,7.513833430019));
#1688 = CARTESIAN_POINT('',(1.121997376282,7.44954636359));
#1689 = CARTESIAN_POINT('',(1.346396851538,7.37950018539));
#1690 = CARTESIAN_POINT('',(1.570796326795,7.309453722761));
#1691 = ( GEOMETRIC_REPRESENTATION_CONTEXT(2) 
PARAMETRIC_REPRESENTATION_CONTEXT() REPRESENTATION_CONTEXT('2D SPACE',''
  ) );
#1692 = ORIENTED_EDGE('',*,*,#1693,.T.);
#1693 = EDGE_CURVE('',#1655,#1694,#1696,.T.);
#1694 = VERTEX_POINT('',#1695);
#1695 = CARTESIAN_POINT('',(39.513126932704,16.366873067296,4.7625));
#1696 = SURFACE_CURVE('',#1697,(#1702,#1715),.PCURVE_S1.);
#1697 = ELLIPSE('',#1698,4.77271875722,4.7625);
#1698 = AXIS2_PLACEMENT_3D('',#1699,#1700,#1701);
#1699 = CARTESIAN_POINT('',(39.513126932704,16.366873067296,0.));
#1700 = DIRECTION('',(0.707106781187,0.707106781187,0.));
#1701 = DIRECTION('',(0.707106781187,-0.707106781187,0.));
#1702 = PCURVE('',#1404,#1703);
#1703 = DEFINITIONAL_REPRESENTATION('',(#1704),#1714);
#1704 = B_SPLINE_CURVE_WITH_KNOTS('',8,(#1705,#1706,#1707,#1708,#1709,
    #1710,#1711,#1712,#1713),.UNSPECIFIED.,.F.,.F.,(9,9),(1.570796326795
    ,4.712388980385),.PIECEWISE_BEZIER_KNOTS.);
#1705 = CARTESIAN_POINT('',(1.570796326795,-1.06581410364E-13));
#1706 = CARTESIAN_POINT('',(1.963495408494,0.1225813096));
#1707 = CARTESIAN_POINT('',(2.35619449019,0.245163596605));
#1708 = CARTESIAN_POINT('',(2.748893571892,0.338929943674));
#1709 = CARTESIAN_POINT('',(3.141592653574,0.37514230755));
#1710 = CARTESIAN_POINT('',(3.534291735285,0.338929943674));
#1711 = CARTESIAN_POINT('',(3.926990816986,0.245163596604));
#1712 = CARTESIAN_POINT('',(4.319689898686,0.1225813096));
#1713 = CARTESIAN_POINT('',(4.712388980385,-1.06581410364E-13));
#1714 = ( GEOMETRIC_REPRESENTATION_CONTEXT(2) 
PARAMETRIC_REPRESENTATION_CONTEXT() REPRESENTATION_CONTEXT('2D SPACE',''
  ) );
#1715 = PCURVE('',#1676,#1716);
#1716 = DEFINITIONAL_REPRESENTATION('',(#1717),#1727);
#1717 = B_SPLINE_CURVE_WITH_KNOTS('',8,(#1718,#1719,#1720,#1721,#1722,
    #1723,#1724,#1725,#1726),.UNSPECIFIED.,.F.,.F.,(9,9),(1.570796326795
    ,4.712388980385),.PIECEWISE_BEZIER_KNOTS.);
#1718 = CARTESIAN_POINT('',(1.570796326795,7.309453722761));
#1719 = CARTESIAN_POINT('',(1.963495408494,7.18687241316));
#1720 = CARTESIAN_POINT('',(2.35619449019,7.064290126151));
#1721 = CARTESIAN_POINT('',(2.748893571892,6.970523779096));
#1722 = CARTESIAN_POINT('',(3.141592653574,6.934311415187));
#1723 = CARTESIAN_POINT('',(3.534291735285,6.970523779086));
#1724 = CARTESIAN_POINT('',(3.926990816986,7.064290126153));
#1725 = CARTESIAN_POINT('',(4.319689898686,7.18687241316));
#1726 = CARTESIAN_POINT('',(4.712388980385,7.309453722761));
#1727 = ( GEOMETRIC_REPRESENTATION_CONTEXT(2) 
PARAMETRIC_REPRESENTATION_CONTEXT() REPRESENTATION_CONTEXT('2D SPACE',''
  ) );
#1728 = ORIENTED_EDGE('',*,*,#1729,.T.);
#1729 = EDGE_CURVE('',#1694,#1629,#1730,.T.);
#1730 = SURFACE_CURVE('',#1731,(#1736,#1748),.PCURVE_S1.);
#1731 = ELLIPSE('',#1732,4.77271875722,4.7625);
#1732 = AXIS2_PLACEMENT_3D('',#1733,#1734,#1735);
#1733 = CARTESIAN_POINT('',(39.513126932704,16.366873067296,0.));
#1734 = DIRECTION('',(0.707106781187,0.707106781187,0.));
#1735 = DIRECTION('',(0.707106781187,-0.707106781187,0.));
#1736 = PCURVE('',#1404,#1737);
#1737 = DEFINITIONAL_REPRESENTATION('',(#1738),#1747);
#1738 = B_SPLINE_CURVE_WITH_KNOTS('',7,(#1739,#1740,#1741,#1742,#1743,
    #1744,#1745,#1746),.UNSPECIFIED.,.F.,.F.,(8,8),(4.712388980385,
    6.28318530718),.PIECEWISE_BEZIER_KNOTS.);
#1739 = CARTESIAN_POINT('',(4.712388980385,-1.06581410364E-13));
#1740 = CARTESIAN_POINT('',(4.936788455641,-7.004646262897E-02));
#1741 = CARTESIAN_POINT('',(5.161187930898,-0.140092640828));
#1742 = CARTESIAN_POINT('',(5.385587406152,-0.204379707263));
#1743 = CARTESIAN_POINT('',(5.609986881413,-0.257138076769));
#1744 = CARTESIAN_POINT('',(5.834386356666,-0.293812299931));
#1745 = CARTESIAN_POINT('',(6.058785831923,-0.312150741658));
#1746 = CARTESIAN_POINT('',(6.28318530718,-0.312150741658));
#1747 = ( GEOMETRIC_REPRESENTATION_CONTEXT(2) 
PARAMETRIC_REPRESENTATION_CONTEXT() REPRESENTATION_CONTEXT('2D SPACE',''
  ) );
#1748 = PCURVE('',#1676,#1749);
#1749 = DEFINITIONAL_REPRESENTATION('',(#1750),#1759);
#1750 = B_SPLINE_CURVE_WITH_KNOTS('',7,(#1751,#1752,#1753,#1754,#1755,
    #1756,#1757,#1758),.UNSPECIFIED.,.F.,.F.,(8,8),(4.712388980385,
    6.28318530718),.PIECEWISE_BEZIER_KNOTS.);
#1751 = CARTESIAN_POINT('',(4.712388980385,7.309453722761));
#1752 = CARTESIAN_POINT('',(4.936788455641,7.37950018539));
#1753 = CARTESIAN_POINT('',(5.161187930898,7.449546363587));
#1754 = CARTESIAN_POINT('',(5.385587406153,7.513833430029));
#1755 = CARTESIAN_POINT('',(5.609986881412,7.566591799525));
#1756 = CARTESIAN_POINT('',(5.834386356667,7.603266022693));
#1757 = CARTESIAN_POINT('',(6.058785831923,7.621604464418));
#1758 = CARTESIAN_POINT('',(6.28318530718,7.621604464418));
#1759 = ( GEOMETRIC_REPRESENTATION_CONTEXT(2) 
PARAMETRIC_REPRESENTATION_CONTEXT() REPRESENTATION_CONTEXT('2D SPACE',''
  ) );
#1760 = ADVANCED_FACE('',(#1761),#1536,.T.);
#1761 = FACE_BOUND('',#1762,.T.);
#1762 = EDGE_LOOP('',(#1763,#1785,#1824,#1860,#1892,#1893,#1894,#1895));
#1763 = ORIENTED_EDGE('',*,*,#1764,.T.);
#1764 = EDGE_CURVE('',#1493,#1765,#1767,.T.);
#1765 = VERTEX_POINT('',#1766);
#1766 = CARTESIAN_POINT('',(36.923035743909,103.99903702378,
    5.832380380939E-16));
#1767 = SEAM_CURVE('',#1768,(#1772,#1778),.PCURVE_S1.);
#1768 = LINE('',#1769,#1770);
#1769 = CARTESIAN_POINT('',(42.653261377118,98.973764015823,
    5.832380380939E-16));
#1770 = VECTOR('',#1771,1.);
#1771 = DIRECTION('',(-0.751839807479,0.6593458151,0.));
#1772 = PCURVE('',#1536,#1773);
#1773 = DEFINITIONAL_REPRESENTATION('',(#1774),#1777);
#1774 = B_SPLINE_CURVE_WITH_KNOTS('',1,(#1775,#1776),.UNSPECIFIED.,.F.,
  .F.,(2,2),(-1.726277771592,9.035731494353),.PIECEWISE_BEZIER_KNOTS.);
#1775 = CARTESIAN_POINT('',(6.28318530718,-1.726277771592));
#1776 = CARTESIAN_POINT('',(6.28318530718,9.035731494353));
#1777 = ( GEOMETRIC_REPRESENTATION_CONTEXT(2) 
PARAMETRIC_REPRESENTATION_CONTEXT() REPRESENTATION_CONTEXT('2D SPACE',''
  ) );
#1778 = PCURVE('',#1536,#1779);
#1779 = DEFINITIONAL_REPRESENTATION('',(#1780),#1784);
#1780 = LINE('',#1781,#1782);
#1781 = CARTESIAN_POINT('',(0.,0.));
#1782 = VECTOR('',#1783,1.);
#1783 = DIRECTION('',(0.,1.));
#1784 = ( GEOMETRIC_REPRESENTATION_CONTEXT(2) 
PARAMETRIC_REPRESENTATION_CONTEXT() REPRESENTATION_CONTEXT('2D SPACE',''
  ) );
#1785 = ORIENTED_EDGE('',*,*,#1786,.F.);
#1786 = EDGE_CURVE('',#1787,#1765,#1789,.T.);
#1787 = VERTEX_POINT('',#1788);
#1788 = CARTESIAN_POINT('',(34.017588653007,100.21258465547,4.7625));
#1789 = SURFACE_CURVE('',#1790,(#1795,#1807),.PCURVE_S1.);
#1790 = ELLIPSE('',#1791,4.77271875722,4.7625);
#1791 = AXIS2_PLACEMENT_3D('',#1792,#1793,#1794);
#1792 = CARTESIAN_POINT('',(34.017588653007,100.21258465547,0.));
#1793 = DIRECTION('',(-0.793353340291,0.608761429009,0.));
#1794 = DIRECTION('',(0.608761429009,0.793353340291,0.));
#1795 = PCURVE('',#1536,#1796);
#1796 = DEFINITIONAL_REPRESENTATION('',(#1797),#1806);
#1797 = B_SPLINE_CURVE_WITH_KNOTS('',7,(#1798,#1799,#1800,#1801,#1802,
    #1803,#1804,#1805),.UNSPECIFIED.,.F.,.F.,(8,8),(4.712388980385,
    6.28318530718),.PIECEWISE_BEZIER_KNOTS.);
#1798 = CARTESIAN_POINT('',(4.712388980385,7.309453722761));
#1799 = CARTESIAN_POINT('',(4.936788455641,7.37950018539));
#1800 = CARTESIAN_POINT('',(5.161187930896,7.449546363589));
#1801 = CARTESIAN_POINT('',(5.385587406157,7.513833430026));
#1802 = CARTESIAN_POINT('',(5.609986881408,7.566591799529));
#1803 = CARTESIAN_POINT('',(5.834386356668,7.603266022692));
#1804 = CARTESIAN_POINT('',(6.058785831923,7.621604464419));
#1805 = CARTESIAN_POINT('',(6.28318530718,7.621604464419));
#1806 = ( GEOMETRIC_REPRESENTATION_CONTEXT(2) 
PARAMETRIC_REPRESENTATION_CONTEXT() REPRESENTATION_CONTEXT('2D SPACE',''
  ) );
#1807 = PCURVE('',#1808,#1813);
#1808 = CYLINDRICAL_SURFACE('',#1809,4.7625);
#1809 = AXIS2_PLACEMENT_3D('',#1810,#1811,#1812);
#1810 = CARTESIAN_POINT('',(34.017588653007,100.21258465547,0.));
#1811 = DIRECTION('',(-0.831469612303,0.55557023302,0.));
#1812 = DIRECTION('',(0.55557023302,0.831469612303,1.224646799147E-16));
#1813 = DEFINITIONAL_REPRESENTATION('',(#1814),#1823);
#1814 = B_SPLINE_CURVE_WITH_KNOTS('',7,(#1815,#1816,#1817,#1818,#1819,
    #1820,#1821,#1822),.UNSPECIFIED.,.F.,.F.,(8,8),(4.712388980385,
    6.28318530718),.PIECEWISE_BEZIER_KNOTS.);
#1815 = CARTESIAN_POINT('',(4.712388980385,1.740829702612E-13));
#1816 = CARTESIAN_POINT('',(4.936788455641,-7.004646262868E-02));
#1817 = CARTESIAN_POINT('',(5.161187930897,-0.140092640828));
#1818 = CARTESIAN_POINT('',(5.385587406156,-0.204379707263));
#1819 = CARTESIAN_POINT('',(5.609986881409,-0.257138076768));
#1820 = CARTESIAN_POINT('',(5.834386356668,-0.293812299931));
#1821 = CARTESIAN_POINT('',(6.058785831923,-0.312150741657));
#1822 = CARTESIAN_POINT('',(6.28318530718,-0.312150741657));
#1823 = ( GEOMETRIC_REPRESENTATION_CONTEXT(2) 
PARAMETRIC_REPRESENTATION_CONTEXT() REPRESENTATION_CONTEXT('2D SPACE',''
  ) );
#1824 = ORIENTED_EDGE('',*,*,#1825,.F.);
#1825 = EDGE_CURVE('',#1826,#1787,#1828,.T.);
#1826 = VERTEX_POINT('',#1827);
#1827 = CARTESIAN_POINT('',(34.017588653007,100.21258465547,-4.7625));
#1828 = SURFACE_CURVE('',#1829,(#1834,#1847),.PCURVE_S1.);
#1829 = ELLIPSE('',#1830,4.77271875722,4.7625);
#1830 = AXIS2_PLACEMENT_3D('',#1831,#1832,#1833);
#1831 = CARTESIAN_POINT('',(34.017588653007,100.21258465547,0.));
#1832 = DIRECTION('',(-0.793353340291,0.608761429009,0.));
#1833 = DIRECTION('',(0.608761429009,0.793353340291,0.));
#1834 = PCURVE('',#1536,#1835);
#1835 = DEFINITIONAL_REPRESENTATION('',(#1836),#1846);
#1836 = B_SPLINE_CURVE_WITH_KNOTS('',8,(#1837,#1838,#1839,#1840,#1841,
    #1842,#1843,#1844,#1845),.UNSPECIFIED.,.F.,.F.,(9,9),(1.570796326795
    ,4.712388980385),.PIECEWISE_BEZIER_KNOTS.);
#1837 = CARTESIAN_POINT('',(1.570796326795,7.309453722761));
#1838 = CARTESIAN_POINT('',(1.963495408494,7.18687241316));
#1839 = CARTESIAN_POINT('',(2.35619449019,7.064290126155));
#1840 = CARTESIAN_POINT('',(2.748893571894,6.970523779071));
#1841 = CARTESIAN_POINT('',(3.141592653576,6.934311415206));
#1842 = CARTESIAN_POINT('',(3.534291735291,6.97052377906));
#1843 = CARTESIAN_POINT('',(3.926990816984,7.064290126155));
#1844 = CARTESIAN_POINT('',(4.319689898686,7.18687241316));
#1845 = CARTESIAN_POINT('',(4.712388980385,7.309453722761));
#1846 = ( GEOMETRIC_REPRESENTATION_CONTEXT(2) 
PARAMETRIC_REPRESENTATION_CONTEXT() REPRESENTATION_CONTEXT('2D SPACE',''
  ) );
#1847 = PCURVE('',#1808,#1848);
#1848 = DEFINITIONAL_REPRESENTATION('',(#1849),#1859);
#1849 = B_SPLINE_CURVE_WITH_KNOTS('',8,(#1850,#1851,#1852,#1853,#1854,
    #1855,#1856,#1857,#1858),.UNSPECIFIED.,.F.,.F.,(9,9),(1.570796326795
    ,4.712388980385),.PIECEWISE_BEZIER_KNOTS.);
#1850 = CARTESIAN_POINT('',(1.570796326795,1.740829702612E-13));
#1851 = CARTESIAN_POINT('',(1.963495408494,0.122581309601));
#1852 = CARTESIAN_POINT('',(2.35619449019,0.245163596605));
#1853 = CARTESIAN_POINT('',(2.748893571894,0.338929943675));
#1854 = CARTESIAN_POINT('',(3.141592653576,0.37514230755));
#1855 = CARTESIAN_POINT('',(3.534291735291,0.338929943675));
#1856 = CARTESIAN_POINT('',(3.926990816984,0.245163596605));
#1857 = CARTESIAN_POINT('',(4.319689898686,0.122581309601));
#1858 = CARTESIAN_POINT('',(4.712388980385,1.740829702612E-13));
#1859 = ( GEOMETRIC_REPRESENTATION_CONTEXT(2) 
PARAMETRIC_REPRESENTATION_CONTEXT() REPRESENTATION_CONTEXT('2D SPACE',''
  ) );
#1860 = ORIENTED_EDGE('',*,*,#1861,.F.);
#1861 = EDGE_CURVE('',#1765,#1826,#1862,.T.);
#1862 = SURFACE_CURVE('',#1863,(#1868,#1880),.PCURVE_S1.);
#1863 = ELLIPSE('',#1864,4.77271875722,4.7625);
#1864 = AXIS2_PLACEMENT_3D('',#1865,#1866,#1867);
#1865 = CARTESIAN_POINT('',(34.017588653007,100.21258465547,0.));
#1866 = DIRECTION('',(-0.793353340291,0.608761429009,0.));
#1867 = DIRECTION('',(0.608761429009,0.793353340291,0.));
#1868 = PCURVE('',#1536,#1869);
#1869 = DEFINITIONAL_REPRESENTATION('',(#1870),#1879);
#1870 = B_SPLINE_CURVE_WITH_KNOTS('',7,(#1871,#1872,#1873,#1874,#1875,
    #1876,#1877,#1878),.UNSPECIFIED.,.F.,.F.,(8,8),(0.,1.570796326795),
  .PIECEWISE_BEZIER_KNOTS.);
#1871 = CARTESIAN_POINT('',(1.224646799147E-16,7.621604464419));
#1872 = CARTESIAN_POINT('',(0.224399475256,7.621604464419));
#1873 = CARTESIAN_POINT('',(0.448798950513,7.603266022693));
#1874 = CARTESIAN_POINT('',(0.673198425769,7.566591799526));
#1875 = CARTESIAN_POINT('',(0.897597901026,7.513833430027));
#1876 = CARTESIAN_POINT('',(1.121997376282,7.449546363588));
#1877 = CARTESIAN_POINT('',(1.346396851538,7.37950018539));
#1878 = CARTESIAN_POINT('',(1.570796326795,7.309453722761));
#1879 = ( GEOMETRIC_REPRESENTATION_CONTEXT(2) 
PARAMETRIC_REPRESENTATION_CONTEXT() REPRESENTATION_CONTEXT('2D SPACE',''
  ) );
#1880 = PCURVE('',#1808,#1881);
#1881 = DEFINITIONAL_REPRESENTATION('',(#1882),#1891);
#1882 = B_SPLINE_CURVE_WITH_KNOTS('',7,(#1883,#1884,#1885,#1886,#1887,
    #1888,#1889,#1890),.UNSPECIFIED.,.F.,.F.,(8,8),(0.,1.570796326795),
  .PIECEWISE_BEZIER_KNOTS.);
#1883 = CARTESIAN_POINT('',(1.224646799147E-16,-0.312150741657));
#1884 = CARTESIAN_POINT('',(0.224399475256,-0.312150741657));
#1885 = CARTESIAN_POINT('',(0.448798950513,-0.293812299931));
#1886 = CARTESIAN_POINT('',(0.67319842577,-0.257138076768));
#1887 = CARTESIAN_POINT('',(0.897597901025,-0.204379707263));
#1888 = CARTESIAN_POINT('',(1.121997376282,-0.140092640828));
#1889 = CARTESIAN_POINT('',(1.346396851538,-7.004646262868E-02));
#1890 = CARTESIAN_POINT('',(1.570796326795,1.740829702612E-13));
#1891 = ( GEOMETRIC_REPRESENTATION_CONTEXT(2) 
PARAMETRIC_REPRESENTATION_CONTEXT() REPRESENTATION_CONTEXT('2D SPACE',''
  ) );
#1892 = ORIENTED_EDGE('',*,*,#1764,.F.);
#1893 = ORIENTED_EDGE('',*,*,#1589,.T.);
#1894 = ORIENTED_EDGE('',*,*,#1553,.T.);
#1895 = ORIENTED_EDGE('',*,*,#1514,.T.);
#1896 = ADVANCED_FACE('',(#1897),#1676,.T.);
#1897 = FACE_BOUND('',#1898,.T.);
#1898 = EDGE_LOOP('',(#1899,#1921,#1922,#1923,#1924,#1925,#1964,#2000));
#1899 = ORIENTED_EDGE('',*,*,#1900,.T.);
#1900 = EDGE_CURVE('',#1901,#1629,#1903,.T.);
#1901 = VERTEX_POINT('',#1902);
#1902 = CARTESIAN_POINT('',(36.923035743909,7.760962976215,
    5.832380380939E-16));
#1903 = SEAM_CURVE('',#1904,(#1908,#1914),.PCURVE_S1.);
#1904 = LINE('',#1905,#1906);
#1905 = CARTESIAN_POINT('',(37.157723097421,7.966778261407,
    5.832380380939E-16));
#1906 = VECTOR('',#1907,1.);
#1907 = DIRECTION('',(0.751839807479,0.6593458151,0.));
#1908 = PCURVE('',#1676,#1909);
#1909 = DEFINITIONAL_REPRESENTATION('',(#1910),#1913);
#1910 = B_SPLINE_CURVE_WITH_KNOTS('',1,(#1911,#1912),.UNSPECIFIED.,.F.,
  .F.,(2,2),(-1.726277771592,9.035731494353),.PIECEWISE_BEZIER_KNOTS.);
#1911 = CARTESIAN_POINT('',(6.28318530718,-1.726277771592));
#1912 = CARTESIAN_POINT('',(6.28318530718,9.035731494353));
#1913 = ( GEOMETRIC_REPRESENTATION_CONTEXT(2) 
PARAMETRIC_REPRESENTATION_CONTEXT() REPRESENTATION_CONTEXT('2D SPACE',''
  ) );
#1914 = PCURVE('',#1676,#1915);
#1915 = DEFINITIONAL_REPRESENTATION('',(#1916),#1920);
#1916 = LINE('',#1917,#1918);
#1917 = CARTESIAN_POINT('',(0.,0.));
#1918 = VECTOR('',#1919,1.);
#1919 = DIRECTION('',(0.,1.));
#1920 = ( GEOMETRIC_REPRESENTATION_CONTEXT(2) 
PARAMETRIC_REPRESENTATION_CONTEXT() REPRESENTATION_CONTEXT('2D SPACE',''
  ) );
#1921 = ORIENTED_EDGE('',*,*,#1729,.F.);
#1922 = ORIENTED_EDGE('',*,*,#1693,.F.);
#1923 = ORIENTED_EDGE('',*,*,#1654,.F.);
#1924 = ORIENTED_EDGE('',*,*,#1900,.F.);
#1925 = ORIENTED_EDGE('',*,*,#1926,.T.);
#1926 = EDGE_CURVE('',#1901,#1927,#1929,.T.);
#1927 = VERTEX_POINT('',#1928);
#1928 = CARTESIAN_POINT('',(34.017588653007,11.547415344526,-4.7625));
#1929 = SURFACE_CURVE('',#1930,(#1935,#1947),.PCURVE_S1.);
#1930 = ELLIPSE('',#1931,4.77271875722,4.7625);
#1931 = AXIS2_PLACEMENT_3D('',#1932,#1933,#1934);
#1932 = CARTESIAN_POINT('',(34.017588653007,11.547415344526,0.));
#1933 = DIRECTION('',(0.793353340291,0.608761429009,0.));
#1934 = DIRECTION('',(0.608761429009,-0.793353340291,0.));
#1935 = PCURVE('',#1676,#1936);
#1936 = DEFINITIONAL_REPRESENTATION('',(#1937),#1946);
#1937 = B_SPLINE_CURVE_WITH_KNOTS('',7,(#1938,#1939,#1940,#1941,#1942,
    #1943,#1944,#1945),.UNSPECIFIED.,.F.,.F.,(8,8),(0.,1.570796326795),
  .PIECEWISE_BEZIER_KNOTS.);
#1938 = CARTESIAN_POINT('',(1.224646799147E-16,-0.312150741658));
#1939 = CARTESIAN_POINT('',(0.224399475256,-0.312150741658));
#1940 = CARTESIAN_POINT('',(0.448798950513,-0.293812299931));
#1941 = CARTESIAN_POINT('',(0.673198425769,-0.257138076769));
#1942 = CARTESIAN_POINT('',(0.897597901026,-0.204379707263));
#1943 = CARTESIAN_POINT('',(1.121997376282,-0.140092640828));
#1944 = CARTESIAN_POINT('',(1.346396851538,-7.004646262884E-02));
#1945 = CARTESIAN_POINT('',(1.570796326795,2.13162820728E-14));
#1946 = ( GEOMETRIC_REPRESENTATION_CONTEXT(2) 
PARAMETRIC_REPRESENTATION_CONTEXT() REPRESENTATION_CONTEXT('2D SPACE',''
  ) );
#1947 = PCURVE('',#1948,#1953);
#1948 = CYLINDRICAL_SURFACE('',#1949,4.7625);
#1949 = AXIS2_PLACEMENT_3D('',#1950,#1951,#1952);
#1950 = CARTESIAN_POINT('',(27.94,7.486500436526,0.));
#1951 = DIRECTION('',(0.831469612303,0.55557023302,0.));
#1952 = DIRECTION('',(0.55557023302,-0.831469612303,1.224646799147E-16)
  );
#1953 = DEFINITIONAL_REPRESENTATION('',(#1954),#1963);
#1954 = B_SPLINE_CURVE_WITH_KNOTS('',7,(#1955,#1956,#1957,#1958,#1959,
    #1960,#1961,#1962),.UNSPECIFIED.,.F.,.F.,(8,8),(0.,1.570796326795),
  .PIECEWISE_BEZIER_KNOTS.);
#1955 = CARTESIAN_POINT('',(1.224646799147E-16,7.621604464418));
#1956 = CARTESIAN_POINT('',(0.224399475256,7.621604464418));
#1957 = CARTESIAN_POINT('',(0.448798950513,7.603266022692));
#1958 = CARTESIAN_POINT('',(0.673198425769,7.566591799531));
#1959 = CARTESIAN_POINT('',(0.897597901026,7.513833430024));
#1960 = CARTESIAN_POINT('',(1.121997376282,7.449546363589));
#1961 = CARTESIAN_POINT('',(1.346396851538,7.37950018539));
#1962 = CARTESIAN_POINT('',(1.570796326795,7.309453722761));
#1963 = ( GEOMETRIC_REPRESENTATION_CONTEXT(2) 
PARAMETRIC_REPRESENTATION_CONTEXT() REPRESENTATION_CONTEXT('2D SPACE',''
  ) );
#1964 = ORIENTED_EDGE('',*,*,#1965,.T.);
#1965 = EDGE_CURVE('',#1927,#1966,#1968,.T.);
#1966 = VERTEX_POINT('',#1967);
#1967 = CARTESIAN_POINT('',(34.017588653007,11.547415344526,4.7625));
#1968 = SURFACE_CURVE('',#1969,(#1974,#1987),.PCURVE_S1.);
#1969 = ELLIPSE('',#1970,4.77271875722,4.7625);
#1970 = AXIS2_PLACEMENT_3D('',#1971,#1972,#1973);
#1971 = CARTESIAN_POINT('',(34.017588653007,11.547415344526,0.));
#1972 = DIRECTION('',(0.793353340291,0.608761429009,0.));
#1973 = DIRECTION('',(0.608761429009,-0.793353340291,0.));
#1974 = PCURVE('',#1676,#1975);
#1975 = DEFINITIONAL_REPRESENTATION('',(#1976),#1986);
#1976 = B_SPLINE_CURVE_WITH_KNOTS('',8,(#1977,#1978,#1979,#1980,#1981,
    #1982,#1983,#1984,#1985),.UNSPECIFIED.,.F.,.F.,(9,9),(1.570796326795
    ,4.712388980385),.PIECEWISE_BEZIER_KNOTS.);
#1977 = CARTESIAN_POINT('',(1.570796326795,2.13162820728E-14));
#1978 = CARTESIAN_POINT('',(1.963495408494,0.122581309601));
#1979 = CARTESIAN_POINT('',(2.35619449019,0.245163596605));
#1980 = CARTESIAN_POINT('',(2.748893571894,0.338929943674));
#1981 = CARTESIAN_POINT('',(3.141592653576,0.37514230755));
#1982 = CARTESIAN_POINT('',(3.534291735292,0.338929943674));
#1983 = CARTESIAN_POINT('',(3.926990816984,0.245163596605));
#1984 = CARTESIAN_POINT('',(4.319689898686,0.122581309601));
#1985 = CARTESIAN_POINT('',(4.712388980385,2.13162820728E-14));
#1986 = ( GEOMETRIC_REPRESENTATION_CONTEXT(2) 
PARAMETRIC_REPRESENTATION_CONTEXT() REPRESENTATION_CONTEXT('2D SPACE',''
  ) );
#1987 = PCURVE('',#1948,#1988);
#1988 = DEFINITIONAL_REPRESENTATION('',(#1989),#1999);
#1989 = B_SPLINE_CURVE_WITH_KNOTS('',8,(#1990,#1991,#1992,#1993,#1994,
    #1995,#1996,#1997,#1998),.UNSPECIFIED.,.F.,.F.,(9,9),(1.570796326795
    ,4.712388980385),.PIECEWISE_BEZIER_KNOTS.);
#1990 = CARTESIAN_POINT('',(1.570796326795,7.309453722761));
#1991 = CARTESIAN_POINT('',(1.963495408494,7.18687241316));
#1992 = CARTESIAN_POINT('',(2.356194490188,7.064290126155));
#1993 = CARTESIAN_POINT('',(2.748893571897,6.97052377907));
#1994 = CARTESIAN_POINT('',(3.141592653568,6.934311415206));
#1995 = CARTESIAN_POINT('',(3.5342917353,6.970523779071));
#1996 = CARTESIAN_POINT('',(3.926990816982,7.064290126154));
#1997 = CARTESIAN_POINT('',(4.319689898686,7.18687241316));
#1998 = CARTESIAN_POINT('',(4.712388980385,7.309453722761));
#1999 = ( GEOMETRIC_REPRESENTATION_CONTEXT(2) 
PARAMETRIC_REPRESENTATION_CONTEXT() REPRESENTATION_CONTEXT('2D SPACE',''
  ) );
#2000 = ORIENTED_EDGE('',*,*,#2001,.T.);
#2001 = EDGE_CURVE('',#1966,#1901,#2002,.T.);
#2002 = SURFACE_CURVE('',#2003,(#2008,#2020),.PCURVE_S1.);
#2003 = ELLIPSE('',#2004,4.77271875722,4.7625);
#2004 = AXIS2_PLACEMENT_3D('',#2005,#2006,#2007);
#2005 = CARTESIAN_POINT('',(34.017588653007,11.547415344526,0.));
#2006 = DIRECTION('',(0.793353340291,0.608761429009,0.));
#2007 = DIRECTION('',(0.608761429009,-0.793353340291,0.));
#2008 = PCURVE('',#1676,#2009);
#2009 = DEFINITIONAL_REPRESENTATION('',(#2010),#2019);
#2010 = B_SPLINE_CURVE_WITH_KNOTS('',7,(#2011,#2012,#2013,#2014,#2015,
    #2016,#2017,#2018),.UNSPECIFIED.,.F.,.F.,(8,8),(4.712388980385,
    6.28318530718),.PIECEWISE_BEZIER_KNOTS.);
#2011 = CARTESIAN_POINT('',(4.712388980385,2.13162820728E-14));
#2012 = CARTESIAN_POINT('',(4.936788455641,-7.004646262884E-02));
#2013 = CARTESIAN_POINT('',(5.161187930898,-0.140092640828));
#2014 = CARTESIAN_POINT('',(5.385587406153,-0.204379707263));
#2015 = CARTESIAN_POINT('',(5.609986881412,-0.257138076769));
#2016 = CARTESIAN_POINT('',(5.834386356667,-0.293812299931));
#2017 = CARTESIAN_POINT('',(6.058785831923,-0.312150741658));
#2018 = CARTESIAN_POINT('',(6.28318530718,-0.312150741658));
#2019 = ( GEOMETRIC_REPRESENTATION_CONTEXT(2) 
PARAMETRIC_REPRESENTATION_CONTEXT() REPRESENTATION_CONTEXT('2D SPACE',''
  ) );
#2020 = PCURVE('',#1948,#2021);
#2021 = DEFINITIONAL_REPRESENTATION('',(#2022),#2031);
#2022 = B_SPLINE_CURVE_WITH_KNOTS('',7,(#2023,#2024,#2025,#2026,#2027,
    #2028,#2029,#2030),.UNSPECIFIED.,.F.,.F.,(8,8),(4.712388980385,
    6.28318530718),.PIECEWISE_BEZIER_KNOTS.);
#2023 = CARTESIAN_POINT('',(4.712388980385,7.309453722761));
#2024 = CARTESIAN_POINT('',(4.936788455641,7.37950018539));
#2025 = CARTESIAN_POINT('',(5.161187930897,7.449546363589));
#2026 = CARTESIAN_POINT('',(5.385587406155,7.513833430023));
#2027 = CARTESIAN_POINT('',(5.609986881411,7.56659179953));
#2028 = CARTESIAN_POINT('',(5.834386356667,7.603266022691));
#2029 = CARTESIAN_POINT('',(6.058785831923,7.621604464418));
#2030 = CARTESIAN_POINT('',(6.28318530718,7.621604464418));
#2031 = ( GEOMETRIC_REPRESENTATION_CONTEXT(2) 
PARAMETRIC_REPRESENTATION_CONTEXT() REPRESENTATION_CONTEXT('2D SPACE',''
  ) );
#2032 = ADVANCED_FACE('',(#2033),#1808,.T.);
#2033 = FACE_BOUND('',#2034,.T.);
#2034 = EDGE_LOOP('',(#2035,#2057,#2096,#2132,#2164,#2165,#2166,#2167));
#2035 = ORIENTED_EDGE('',*,*,#2036,.T.);
#2036 = EDGE_CURVE('',#1765,#2037,#2039,.T.);
#2037 = VERTEX_POINT('',#2038);
#2038 = CARTESIAN_POINT('',(30.32635937861,108.40679525234,
    5.832380380939E-16));
#2039 = SEAM_CURVE('',#2040,(#2044,#2050),.PCURVE_S1.);
#2040 = LINE('',#2041,#2042);
#2041 = CARTESIAN_POINT('',(36.663491887763,104.17245868406,
    5.832380380939E-16));
#2042 = VECTOR('',#2043,1.);
#2043 = DIRECTION('',(-0.831469612303,0.55557023302,0.));
#2044 = PCURVE('',#1808,#2045);
#2045 = DEFINITIONAL_REPRESENTATION('',(#2046),#2049);
#2046 = B_SPLINE_CURVE_WITH_KNOTS('',1,(#2047,#2048),.UNSPECIFIED.,.F.,
  .F.,(2,2),(-1.726277771592,9.035731494353),.PIECEWISE_BEZIER_KNOTS.);
#2047 = CARTESIAN_POINT('',(6.28318530718,-1.726277771592));
#2048 = CARTESIAN_POINT('',(6.28318530718,9.035731494353));
#2049 = ( GEOMETRIC_REPRESENTATION_CONTEXT(2) 
PARAMETRIC_REPRESENTATION_CONTEXT() REPRESENTATION_CONTEXT('2D SPACE',''
  ) );
#2050 = PCURVE('',#1808,#2051);
#2051 = DEFINITIONAL_REPRESENTATION('',(#2052),#2056);
#2052 = LINE('',#2053,#2054);
#2053 = CARTESIAN_POINT('',(0.,0.));
#2054 = VECTOR('',#2055,1.);
#2055 = DIRECTION('',(0.,1.));
#2056 = ( GEOMETRIC_REPRESENTATION_CONTEXT(2) 
PARAMETRIC_REPRESENTATION_CONTEXT() REPRESENTATION_CONTEXT('2D SPACE',''
  ) );
#2057 = ORIENTED_EDGE('',*,*,#2058,.F.);
#2058 = EDGE_CURVE('',#2059,#2037,#2061,.T.);
#2059 = VERTEX_POINT('',#2060);
#2060 = CARTESIAN_POINT('',(27.94,104.27349956347,4.7625));
#2061 = SURFACE_CURVE('',#2062,(#2067,#2079),.PCURVE_S1.);
#2062 = ELLIPSE('',#2063,4.77271875722,4.7625);
#2063 = AXIS2_PLACEMENT_3D('',#2064,#2065,#2066);
#2064 = CARTESIAN_POINT('',(27.94,104.27349956347,0.));
#2065 = DIRECTION('',(-0.866025403784,0.5,0.));
#2066 = DIRECTION('',(0.5,0.866025403784,0.));
#2067 = PCURVE('',#1808,#2068);
#2068 = DEFINITIONAL_REPRESENTATION('',(#2069),#2078);
#2069 = B_SPLINE_CURVE_WITH_KNOTS('',7,(#2070,#2071,#2072,#2073,#2074,
    #2075,#2076,#2077),.UNSPECIFIED.,.F.,.F.,(8,8),(4.712388980385,
    6.28318530718),.PIECEWISE_BEZIER_KNOTS.);
#2070 = CARTESIAN_POINT('',(4.712388980385,7.309453722761));
#2071 = CARTESIAN_POINT('',(4.936788455641,7.379500185389));
#2072 = CARTESIAN_POINT('',(5.161187930898,7.44954636359));
#2073 = CARTESIAN_POINT('',(5.385587406154,7.51383343002));
#2074 = CARTESIAN_POINT('',(5.609986881411,7.566591799535));
#2075 = CARTESIAN_POINT('',(5.834386356667,7.60326602269));
#2076 = CARTESIAN_POINT('',(6.058785831923,7.621604464418));
#2077 = CARTESIAN_POINT('',(6.28318530718,7.621604464418));
#2078 = ( GEOMETRIC_REPRESENTATION_CONTEXT(2) 
PARAMETRIC_REPRESENTATION_CONTEXT() REPRESENTATION_CONTEXT('2D SPACE',''
  ) );
#2079 = PCURVE('',#2080,#2085);
#2080 = CYLINDRICAL_SURFACE('',#2081,4.7625);
#2081 = AXIS2_PLACEMENT_3D('',#2082,#2083,#2084);
#2082 = CARTESIAN_POINT('',(27.94,104.27349956347,0.));
#2083 = DIRECTION('',(-0.896872741533,0.442288690219,0.));
#2084 = DIRECTION('',(0.442288690219,0.896872741533,1.224646799147E-16)
  );
#2085 = DEFINITIONAL_REPRESENTATION('',(#2086),#2095);
#2086 = B_SPLINE_CURVE_WITH_KNOTS('',7,(#2087,#2088,#2089,#2090,#2091,
    #2092,#2093,#2094),.UNSPECIFIED.,.F.,.F.,(8,8),(4.712388980385,
    6.28318530718),.PIECEWISE_BEZIER_KNOTS.);
#2087 = CARTESIAN_POINT('',(4.712388980385,-2.30926389122E-13));
#2088 = CARTESIAN_POINT('',(4.936788455641,-7.004646262909E-02));
#2089 = CARTESIAN_POINT('',(5.161187930897,-0.140092640828));
#2090 = CARTESIAN_POINT('',(5.385587406155,-0.204379707263));
#2091 = CARTESIAN_POINT('',(5.60998688141,-0.257138076769));
#2092 = CARTESIAN_POINT('',(5.834386356667,-0.293812299931));
#2093 = CARTESIAN_POINT('',(6.058785831923,-0.312150741658));
#2094 = CARTESIAN_POINT('',(6.28318530718,-0.312150741658));
#2095 = ( GEOMETRIC_REPRESENTATION_CONTEXT(2) 
PARAMETRIC_REPRESENTATION_CONTEXT() REPRESENTATION_CONTEXT('2D SPACE',''
  ) );
#2096 = ORIENTED_EDGE('',*,*,#2097,.F.);
#2097 = EDGE_CURVE('',#2098,#2059,#2100,.T.);
#2098 = VERTEX_POINT('',#2099);
#2099 = CARTESIAN_POINT('',(27.94,104.27349956347,-4.7625));
#2100 = SURFACE_CURVE('',#2101,(#2106,#2119),.PCURVE_S1.);
#2101 = ELLIPSE('',#2102,4.77271875722,4.7625);
#2102 = AXIS2_PLACEMENT_3D('',#2103,#2104,#2105);
#2103 = CARTESIAN_POINT('',(27.94,104.27349956347,0.));
#2104 = DIRECTION('',(-0.866025403784,0.5,0.));
#2105 = DIRECTION('',(0.5,0.866025403784,0.));
#2106 = PCURVE('',#1808,#2107);
#2107 = DEFINITIONAL_REPRESENTATION('',(#2108),#2118);
#2108 = B_SPLINE_CURVE_WITH_KNOTS('',8,(#2109,#2110,#2111,#2112,#2113,
    #2114,#2115,#2116,#2117),.UNSPECIFIED.,.F.,.F.,(9,9),(1.570796326795
    ,4.712388980385),.PIECEWISE_BEZIER_KNOTS.);
#2109 = CARTESIAN_POINT('',(1.570796326795,7.309453722761));
#2110 = CARTESIAN_POINT('',(1.963495408494,7.18687241316));
#2111 = CARTESIAN_POINT('',(2.356194490188,7.064290126153));
#2112 = CARTESIAN_POINT('',(2.748893571899,6.97052377908));
#2113 = CARTESIAN_POINT('',(3.141592653567,6.934311415217));
#2114 = CARTESIAN_POINT('',(3.5342917353,6.970523779077));
#2115 = CARTESIAN_POINT('',(3.926990816982,7.064290126154));
#2116 = CARTESIAN_POINT('',(4.319689898686,7.18687241316));
#2117 = CARTESIAN_POINT('',(4.712388980385,7.309453722761));
#2118 = ( GEOMETRIC_REPRESENTATION_CONTEXT(2) 
PARAMETRIC_REPRESENTATION_CONTEXT() REPRESENTATION_CONTEXT('2D SPACE',''
  ) );
#2119 = PCURVE('',#2080,#2120);
#2120 = DEFINITIONAL_REPRESENTATION('',(#2121),#2131);
#2121 = B_SPLINE_CURVE_WITH_KNOTS('',8,(#2122,#2123,#2124,#2125,#2126,
    #2127,#2128,#2129,#2130),.UNSPECIFIED.,.F.,.F.,(9,9),(1.570796326795
    ,4.712388980385),.PIECEWISE_BEZIER_KNOTS.);
#2122 = CARTESIAN_POINT('',(1.570796326795,-2.30926389122E-13));
#2123 = CARTESIAN_POINT('',(1.963495408494,0.1225813096));
#2124 = CARTESIAN_POINT('',(2.356194490186,0.245163596604));
#2125 = CARTESIAN_POINT('',(2.748893571906,0.338929943674));
#2126 = CARTESIAN_POINT('',(3.141592653552,0.375142307549));
#2127 = CARTESIAN_POINT('',(3.534291735307,0.338929943674));
#2128 = CARTESIAN_POINT('',(3.92699081698,0.245163596604));
#2129 = CARTESIAN_POINT('',(4.319689898686,0.1225813096));
#2130 = CARTESIAN_POINT('',(4.712388980385,-2.30926389122E-13));
#2131 = ( GEOMETRIC_REPRESENTATION_CONTEXT(2) 
PARAMETRIC_REPRESENTATION_CONTEXT() REPRESENTATION_CONTEXT('2D SPACE',''
  ) );
#2132 = ORIENTED_EDGE('',*,*,#2133,.F.);
#2133 = EDGE_CURVE('',#2037,#2098,#2134,.T.);
#2134 = SURFACE_CURVE('',#2135,(#2140,#2152),.PCURVE_S1.);
#2135 = ELLIPSE('',#2136,4.77271875722,4.7625);
#2136 = AXIS2_PLACEMENT_3D('',#2137,#2138,#2139);
#2137 = CARTESIAN_POINT('',(27.94,104.27349956347,0.));
#2138 = DIRECTION('',(-0.866025403784,0.5,0.));
#2139 = DIRECTION('',(0.5,0.866025403784,0.));
#2140 = PCURVE('',#1808,#2141);
#2141 = DEFINITIONAL_REPRESENTATION('',(#2142),#2151);
#2142 = B_SPLINE_CURVE_WITH_KNOTS('',7,(#2143,#2144,#2145,#2146,#2147,
    #2148,#2149,#2150),.UNSPECIFIED.,.F.,.F.,(8,8),(0.,1.570796326795),
  .PIECEWISE_BEZIER_KNOTS.);
#2143 = CARTESIAN_POINT('',(1.224646799147E-16,7.621604464418));
#2144 = CARTESIAN_POINT('',(0.224399475256,7.621604464418));
#2145 = CARTESIAN_POINT('',(0.448798950513,7.603266022691));
#2146 = CARTESIAN_POINT('',(0.67319842577,7.566591799531));
#2147 = CARTESIAN_POINT('',(0.897597901025,7.513833430022));
#2148 = CARTESIAN_POINT('',(1.121997376282,7.449546363589));
#2149 = CARTESIAN_POINT('',(1.346396851538,7.379500185389));
#2150 = CARTESIAN_POINT('',(1.570796326795,7.309453722761));
#2151 = ( GEOMETRIC_REPRESENTATION_CONTEXT(2) 
PARAMETRIC_REPRESENTATION_CONTEXT() REPRESENTATION_CONTEXT('2D SPACE',''
  ) );
#2152 = PCURVE('',#2080,#2153);
#2153 = DEFINITIONAL_REPRESENTATION('',(#2154),#2163);
#2154 = B_SPLINE_CURVE_WITH_KNOTS('',7,(#2155,#2156,#2157,#2158,#2159,
    #2160,#2161,#2162),.UNSPECIFIED.,.F.,.F.,(8,8),(0.,1.570796326795),
  .PIECEWISE_BEZIER_KNOTS.);
#2155 = CARTESIAN_POINT('',(1.224646799147E-16,-0.312150741658));
#2156 = CARTESIAN_POINT('',(0.224399475256,-0.312150741658));
#2157 = CARTESIAN_POINT('',(0.448798950513,-0.293812299931));
#2158 = CARTESIAN_POINT('',(0.673198425769,-0.257138076769));
#2159 = CARTESIAN_POINT('',(0.897597901026,-0.204379707263));
#2160 = CARTESIAN_POINT('',(1.121997376282,-0.140092640828));
#2161 = CARTESIAN_POINT('',(1.346396851538,-7.004646262909E-02));
#2162 = CARTESIAN_POINT('',(1.570796326795,-2.30926389122E-13));
#2163 = ( GEOMETRIC_REPRESENTATION_CONTEXT(2) 
PARAMETRIC_REPRESENTATION_CONTEXT() REPRESENTATION_CONTEXT('2D SPACE',''
  ) );
#2164 = ORIENTED_EDGE('',*,*,#2036,.F.);
#2165 = ORIENTED_EDGE('',*,*,#1861,.T.);
#2166 = ORIENTED_EDGE('',*,*,#1825,.T.);
#2167 = ORIENTED_EDGE('',*,*,#1786,.T.);
#2168 = ADVANCED_FACE('',(#2169),#1948,.T.);
#2169 = FACE_BOUND('',#2170,.T.);
#2170 = EDGE_LOOP('',(#2171,#2193,#2194,#2195,#2196,#2197,#2236,#2272));
#2171 = ORIENTED_EDGE('',*,*,#2172,.T.);
#2172 = EDGE_CURVE('',#2173,#1901,#2175,.T.);
#2173 = VERTEX_POINT('',#2174);
#2174 = CARTESIAN_POINT('',(30.32635937861,3.353204747655,
    5.832380380939E-16));
#2175 = SEAM_CURVE('',#2176,(#2180,#2186),.PCURVE_S1.);
#2176 = LINE('',#2177,#2178);
#2177 = CARTESIAN_POINT('',(30.585903234756,3.526626407935,
    5.832380380939E-16));
#2178 = VECTOR('',#2179,1.);
#2179 = DIRECTION('',(0.831469612303,0.55557023302,0.));
#2180 = PCURVE('',#1948,#2181);
#2181 = DEFINITIONAL_REPRESENTATION('',(#2182),#2185);
#2182 = B_SPLINE_CURVE_WITH_KNOTS('',1,(#2183,#2184),.UNSPECIFIED.,.F.,
  .F.,(2,2),(-1.726277771592,9.035731494353),.PIECEWISE_BEZIER_KNOTS.);
#2183 = CARTESIAN_POINT('',(6.28318530718,-1.726277771592));
#2184 = CARTESIAN_POINT('',(6.28318530718,9.035731494353));
#2185 = ( GEOMETRIC_REPRESENTATION_CONTEXT(2) 
PARAMETRIC_REPRESENTATION_CONTEXT() REPRESENTATION_CONTEXT('2D SPACE',''
  ) );
#2186 = PCURVE('',#1948,#2187);
#2187 = DEFINITIONAL_REPRESENTATION('',(#2188),#2192);
#2188 = LINE('',#2189,#2190);
#2189 = CARTESIAN_POINT('',(0.,0.));
#2190 = VECTOR('',#2191,1.);
#2191 = DIRECTION('',(0.,1.));
#2192 = ( GEOMETRIC_REPRESENTATION_CONTEXT(2) 
PARAMETRIC_REPRESENTATION_CONTEXT() REPRESENTATION_CONTEXT('2D SPACE',''
  ) );
#2193 = ORIENTED_EDGE('',*,*,#2001,.F.);
#2194 = ORIENTED_EDGE('',*,*,#1965,.F.);
#2195 = ORIENTED_EDGE('',*,*,#1926,.F.);
#2196 = ORIENTED_EDGE('',*,*,#2172,.F.);
#2197 = ORIENTED_EDGE('',*,*,#2198,.T.);
#2198 = EDGE_CURVE('',#2173,#2199,#2201,.T.);
#2199 = VERTEX_POINT('',#2200);
#2200 = CARTESIAN_POINT('',(27.94,7.486500436526,-4.7625));
#2201 = SURFACE_CURVE('',#2202,(#2207,#2219),.PCURVE_S1.);
#2202 = ELLIPSE('',#2203,4.77271875722,4.7625);
#2203 = AXIS2_PLACEMENT_3D('',#2204,#2205,#2206);
#2204 = CARTESIAN_POINT('',(27.94,7.486500436526,0.));
#2205 = DIRECTION('',(0.866025403784,0.5,0.));
#2206 = DIRECTION('',(0.5,-0.866025403784,0.));
#2207 = PCURVE('',#1948,#2208);
#2208 = DEFINITIONAL_REPRESENTATION('',(#2209),#2218);
#2209 = B_SPLINE_CURVE_WITH_KNOTS('',7,(#2210,#2211,#2212,#2213,#2214,
    #2215,#2216,#2217),.UNSPECIFIED.,.F.,.F.,(8,8),(0.,1.570796326795),
  .PIECEWISE_BEZIER_KNOTS.);
#2210 = CARTESIAN_POINT('',(1.224646799147E-16,-0.312150741658));
#2211 = CARTESIAN_POINT('',(0.224399475256,-0.312150741658));
#2212 = CARTESIAN_POINT('',(0.448798950513,-0.293812299931));
#2213 = CARTESIAN_POINT('',(0.673198425769,-0.257138076768));
#2214 = CARTESIAN_POINT('',(0.897597901025,-0.204379707263));
#2215 = CARTESIAN_POINT('',(1.121997376282,-0.140092640828));
#2216 = CARTESIAN_POINT('',(1.346396851538,-7.00464626289E-02));
#2217 = CARTESIAN_POINT('',(1.570796326795,-3.552713678801E-14));
#2218 = ( GEOMETRIC_REPRESENTATION_CONTEXT(2) 
PARAMETRIC_REPRESENTATION_CONTEXT() REPRESENTATION_CONTEXT('2D SPACE',''
  ) );
#2219 = PCURVE('',#2220,#2225);
#2220 = CYLINDRICAL_SURFACE('',#2221,4.7625);
#2221 = AXIS2_PLACEMENT_3D('',#2222,#2223,#2224);
#2222 = CARTESIAN_POINT('',(21.384350200561,4.253611723269,0.));
#2223 = DIRECTION('',(0.896872741533,0.442288690219,0.));
#2224 = DIRECTION('',(0.442288690219,-0.896872741533,1.224646799147E-16)
  );
#2225 = DEFINITIONAL_REPRESENTATION('',(#2226),#2235);
#2226 = B_SPLINE_CURVE_WITH_KNOTS('',7,(#2227,#2228,#2229,#2230,#2231,
    #2232,#2233,#2234),.UNSPECIFIED.,.F.,.F.,(8,8),(0.,1.570796326795),
  .PIECEWISE_BEZIER_KNOTS.);
#2227 = CARTESIAN_POINT('',(1.224646799147E-16,7.621604464418));
#2228 = CARTESIAN_POINT('',(0.224399475256,7.621604464418));
#2229 = CARTESIAN_POINT('',(0.448798950513,7.603266022692));
#2230 = CARTESIAN_POINT('',(0.673198425769,7.566591799528));
#2231 = CARTESIAN_POINT('',(0.897597901026,7.513833430026));
#2232 = CARTESIAN_POINT('',(1.121997376282,7.449546363588));
#2233 = CARTESIAN_POINT('',(1.346396851538,7.37950018539));
#2234 = CARTESIAN_POINT('',(1.570796326795,7.309453722761));
#2235 = ( GEOMETRIC_REPRESENTATION_CONTEXT(2) 
PARAMETRIC_REPRESENTATION_CONTEXT() REPRESENTATION_CONTEXT('2D SPACE',''
  ) );
#2236 = ORIENTED_EDGE('',*,*,#2237,.T.);
#2237 = EDGE_CURVE('',#2199,#2238,#2240,.T.);
#2238 = VERTEX_POINT('',#2239);
#2239 = CARTESIAN_POINT('',(27.94,7.486500436526,4.7625));
#2240 = SURFACE_CURVE('',#2241,(#2246,#2259),.PCURVE_S1.);
#2241 = ELLIPSE('',#2242,4.77271875722,4.7625);
#2242 = AXIS2_PLACEMENT_3D('',#2243,#2244,#2245);
#2243 = CARTESIAN_POINT('',(27.94,7.486500436526,0.));
#2244 = DIRECTION('',(0.866025403784,0.5,0.));
#2245 = DIRECTION('',(0.5,-0.866025403784,0.));
#2246 = PCURVE('',#1948,#2247);
#2247 = DEFINITIONAL_REPRESENTATION('',(#2248),#2258);
#2248 = B_SPLINE_CURVE_WITH_KNOTS('',8,(#2249,#2250,#2251,#2252,#2253,
    #2254,#2255,#2256,#2257),.UNSPECIFIED.,.F.,.F.,(9,9),(1.570796326795
    ,4.712388980385),.PIECEWISE_BEZIER_KNOTS.);
#2249 = CARTESIAN_POINT('',(1.570796326795,-3.552713678801E-14));
#2250 = CARTESIAN_POINT('',(1.963495408494,0.1225813096));
#2251 = CARTESIAN_POINT('',(2.35619449019,0.245163596605));
#2252 = CARTESIAN_POINT('',(2.748893571892,0.338929943673));
#2253 = CARTESIAN_POINT('',(3.141592653574,0.375142307551));
#2254 = CARTESIAN_POINT('',(3.534291735285,0.338929943673));
#2255 = CARTESIAN_POINT('',(3.926990816986,0.245163596605));
#2256 = CARTESIAN_POINT('',(4.319689898686,0.1225813096));
#2257 = CARTESIAN_POINT('',(4.712388980385,-3.552713678801E-14));
#2258 = ( GEOMETRIC_REPRESENTATION_CONTEXT(2) 
PARAMETRIC_REPRESENTATION_CONTEXT() REPRESENTATION_CONTEXT('2D SPACE',''
  ) );
#2259 = PCURVE('',#2220,#2260);
#2260 = DEFINITIONAL_REPRESENTATION('',(#2261),#2271);
#2261 = B_SPLINE_CURVE_WITH_KNOTS('',8,(#2262,#2263,#2264,#2265,#2266,
    #2267,#2268,#2269,#2270),.UNSPECIFIED.,.F.,.F.,(9,9),(1.570796326795
    ,4.712388980385),.PIECEWISE_BEZIER_KNOTS.);
#2262 = CARTESIAN_POINT('',(1.570796326795,7.309453722761));
#2263 = CARTESIAN_POINT('',(1.963495408494,7.18687241316));
#2264 = CARTESIAN_POINT('',(2.35619449019,7.064290126151));
#2265 = CARTESIAN_POINT('',(2.748893571892,6.970523779095));
#2266 = CARTESIAN_POINT('',(3.141592653574,6.934311415186));
#2267 = CARTESIAN_POINT('',(3.534291735285,6.970523779085));
#2268 = CARTESIAN_POINT('',(3.926990816986,7.064290126152));
#2269 = CARTESIAN_POINT('',(4.319689898686,7.18687241316));
#2270 = CARTESIAN_POINT('',(4.712388980385,7.309453722761));
#2271 = ( GEOMETRIC_REPRESENTATION_CONTEXT(2) 
PARAMETRIC_REPRESENTATION_CONTEXT() REPRESENTATION_CONTEXT('2D SPACE',''
  ) );
#2272 = ORIENTED_EDGE('',*,*,#2273,.T.);
#2273 = EDGE_CURVE('',#2238,#2173,#2274,.T.);
#2274 = SURFACE_CURVE('',#2275,(#2280,#2292),.PCURVE_S1.);
#2275 = ELLIPSE('',#2276,4.77271875722,4.7625);
#2276 = AXIS2_PLACEMENT_3D('',#2277,#2278,#2279);
#2277 = CARTESIAN_POINT('',(27.94,7.486500436526,0.));
#2278 = DIRECTION('',(0.866025403784,0.5,0.));
#2279 = DIRECTION('',(0.5,-0.866025403784,0.));
#2280 = PCURVE('',#1948,#2281);
#2281 = DEFINITIONAL_REPRESENTATION('',(#2282),#2291);
#2282 = B_SPLINE_CURVE_WITH_KNOTS('',7,(#2283,#2284,#2285,#2286,#2287,
    #2288,#2289,#2290),.UNSPECIFIED.,.F.,.F.,(8,8),(4.712388980385,
    6.28318530718),.PIECEWISE_BEZIER_KNOTS.);
#2283 = CARTESIAN_POINT('',(4.712388980385,-3.552713678801E-14));
#2284 = CARTESIAN_POINT('',(4.936788455641,-7.00464626289E-02));
#2285 = CARTESIAN_POINT('',(5.161187930897,-0.140092640828));
#2286 = CARTESIAN_POINT('',(5.385587406154,-0.204379707263));
#2287 = CARTESIAN_POINT('',(5.609986881411,-0.257138076768));
#2288 = CARTESIAN_POINT('',(5.834386356667,-0.293812299931));
#2289 = CARTESIAN_POINT('',(6.058785831923,-0.312150741658));
#2290 = CARTESIAN_POINT('',(6.28318530718,-0.312150741658));
#2291 = ( GEOMETRIC_REPRESENTATION_CONTEXT(2) 
PARAMETRIC_REPRESENTATION_CONTEXT() REPRESENTATION_CONTEXT('2D SPACE',''
  ) );
#2292 = PCURVE('',#2220,#2293);
#2293 = DEFINITIONAL_REPRESENTATION('',(#2294),#2303);
#2294 = B_SPLINE_CURVE_WITH_KNOTS('',7,(#2295,#2296,#2297,#2298,#2299,
    #2300,#2301,#2302),.UNSPECIFIED.,.F.,.F.,(8,8),(4.712388980385,
    6.28318530718),.PIECEWISE_BEZIER_KNOTS.);
#2295 = CARTESIAN_POINT('',(4.712388980385,7.309453722761));
#2296 = CARTESIAN_POINT('',(4.936788455641,7.37950018539));
#2297 = CARTESIAN_POINT('',(5.161187930898,7.449546363589));
#2298 = CARTESIAN_POINT('',(5.385587406153,7.513833430023));
#2299 = CARTESIAN_POINT('',(5.609986881411,7.566591799531));
#2300 = CARTESIAN_POINT('',(5.834386356667,7.603266022691));
#2301 = CARTESIAN_POINT('',(6.058785831923,7.621604464418));
#2302 = CARTESIAN_POINT('',(6.28318530718,7.621604464418));
#2303 = ( GEOMETRIC_REPRESENTATION_CONTEXT(2) 
PARAMETRIC_REPRESENTATION_CONTEXT() REPRESENTATION_CONTEXT('2D SPACE',''
  ) );
#2304 = ADVANCED_FACE('',(#2305),#2080,.T.);
#2305 = FACE_BOUND('',#2306,.T.);
#2306 = EDGE_LOOP('',(#2307,#2329,#2368,#2404,#2436,#2437,#2438,#2439));
#2307 = ORIENTED_EDGE('',*,*,#2308,.T.);
#2308 = EDGE_CURVE('',#2037,#2309,#2311,.T.);
#2309 = VERTEX_POINT('',#2310);
#2310 = CARTESIAN_POINT('',(23.210790596287,111.91580545095,
    5.832380380939E-16));
#2311 = SEAM_CURVE('',#2312,(#2316,#2322),.PCURVE_S1.);
#2312 = LINE('',#2313,#2314);
#2313 = CARTESIAN_POINT('',(30.046399887168,108.54485599502,
    5.832380380939E-16));
#2314 = VECTOR('',#2315,1.);
#2315 = DIRECTION('',(-0.896872741533,0.442288690219,0.));
#2316 = PCURVE('',#2080,#2317);
#2317 = DEFINITIONAL_REPRESENTATION('',(#2318),#2321);
#2318 = B_SPLINE_CURVE_WITH_KNOTS('',1,(#2319,#2320),.UNSPECIFIED.,.F.,
  .F.,(2,2),(-1.726277771592,9.035731494353),.PIECEWISE_BEZIER_KNOTS.);
#2319 = CARTESIAN_POINT('',(6.28318530718,-1.726277771592));
#2320 = CARTESIAN_POINT('',(6.28318530718,9.035731494353));
#2321 = ( GEOMETRIC_REPRESENTATION_CONTEXT(2) 
PARAMETRIC_REPRESENTATION_CONTEXT() REPRESENTATION_CONTEXT('2D SPACE',''
  ) );
#2322 = PCURVE('',#2080,#2323);
#2323 = DEFINITIONAL_REPRESENTATION('',(#2324),#2328);
#2324 = LINE('',#2325,#2326);
#2325 = CARTESIAN_POINT('',(0.,0.));
#2326 = VECTOR('',#2327,1.);
#2327 = DIRECTION('',(0.,1.));
#2328 = ( GEOMETRIC_REPRESENTATION_CONTEXT(2) 
PARAMETRIC_REPRESENTATION_CONTEXT() REPRESENTATION_CONTEXT('2D SPACE',''
  ) );
#2329 = ORIENTED_EDGE('',*,*,#2330,.F.);
#2330 = EDGE_CURVE('',#2331,#2309,#2333,.T.);
#2331 = VERTEX_POINT('',#2332);
#2332 = CARTESIAN_POINT('',(21.384350200561,107.50638827673,4.7625));
#2333 = SURFACE_CURVE('',#2334,(#2339,#2351),.PCURVE_S1.);
#2334 = ELLIPSE('',#2335,4.77271875722,4.7625);
#2335 = AXIS2_PLACEMENT_3D('',#2336,#2337,#2338);
#2336 = CARTESIAN_POINT('',(21.384350200561,107.50638827673,0.));
#2337 = DIRECTION('',(-0.923879532511,0.382683432365,0.));
#2338 = DIRECTION('',(0.382683432365,0.923879532511,0.));
#2339 = PCURVE('',#2080,#2340);
#2340 = DEFINITIONAL_REPRESENTATION('',(#2341),#2350);
#2341 = B_SPLINE_CURVE_WITH_KNOTS('',7,(#2342,#2343,#2344,#2345,#2346,
    #2347,#2348,#2349),.UNSPECIFIED.,.F.,.F.,(8,8),(4.712388980385,
    6.28318530718),.PIECEWISE_BEZIER_KNOTS.);
#2342 = CARTESIAN_POINT('',(4.712388980385,7.309453722761));
#2343 = CARTESIAN_POINT('',(4.936788455641,7.37950018539));
#2344 = CARTESIAN_POINT('',(5.161187930897,7.449546363589));
#2345 = CARTESIAN_POINT('',(5.385587406155,7.513833430024));
#2346 = CARTESIAN_POINT('',(5.60998688141,7.566591799531));
#2347 = CARTESIAN_POINT('',(5.834386356667,7.603266022691));
#2348 = CARTESIAN_POINT('',(6.058785831923,7.621604464418));
#2349 = CARTESIAN_POINT('',(6.28318530718,7.621604464418));
#2350 = ( GEOMETRIC_REPRESENTATION_CONTEXT(2) 
PARAMETRIC_REPRESENTATION_CONTEXT() REPRESENTATION_CONTEXT('2D SPACE',''
  ) );
#2351 = PCURVE('',#2352,#2357);
#2352 = CYLINDRICAL_SURFACE('',#2353,4.7625);
#2353 = AXIS2_PLACEMENT_3D('',#2354,#2355,#2356);
#2354 = CARTESIAN_POINT('',(21.384350200561,107.50638827673,0.));
#2355 = DIRECTION('',(-0.946930129495,0.321439465303,0.));
#2356 = DIRECTION('',(0.321439465303,0.946930129495,1.224646799147E-16)
  );
#2357 = DEFINITIONAL_REPRESENTATION('',(#2358),#2367);
#2358 = B_SPLINE_CURVE_WITH_KNOTS('',7,(#2359,#2360,#2361,#2362,#2363,
    #2364,#2365,#2366),.UNSPECIFIED.,.F.,.F.,(8,8),(4.712388980385,
    6.28318530718),.PIECEWISE_BEZIER_KNOTS.);
#2359 = CARTESIAN_POINT('',(4.712388980385,3.01980662698E-14));
#2360 = CARTESIAN_POINT('',(4.936788455641,-7.004646262883E-02));
#2361 = CARTESIAN_POINT('',(5.161187930898,-0.140092640828));
#2362 = CARTESIAN_POINT('',(5.385587406154,-0.204379707263));
#2363 = CARTESIAN_POINT('',(5.609986881411,-0.257138076768));
#2364 = CARTESIAN_POINT('',(5.834386356667,-0.293812299931));
#2365 = CARTESIAN_POINT('',(6.058785831923,-0.312150741658));
#2366 = CARTESIAN_POINT('',(6.28318530718,-0.312150741658));
#2367 = ( GEOMETRIC_REPRESENTATION_CONTEXT(2) 
PARAMETRIC_REPRESENTATION_CONTEXT() REPRESENTATION_CONTEXT('2D SPACE',''
  ) );
#2368 = ORIENTED_EDGE('',*,*,#2369,.F.);
#2369 = EDGE_CURVE('',#2370,#2331,#2372,.T.);
#2370 = VERTEX_POINT('',#2371);
#2371 = CARTESIAN_POINT('',(21.384350200561,107.50638827673,-4.7625));
#2372 = SURFACE_CURVE('',#2373,(#2378,#2391),.PCURVE_S1.);
#2373 = ELLIPSE('',#2374,4.77271875722,4.7625);
#2374 = AXIS2_PLACEMENT_3D('',#2375,#2376,#2377);
#2375 = CARTESIAN_POINT('',(21.384350200561,107.50638827673,0.));
#2376 = DIRECTION('',(-0.923879532511,0.382683432365,0.));
#2377 = DIRECTION('',(0.382683432365,0.923879532511,0.));
#2378 = PCURVE('',#2080,#2379);
#2379 = DEFINITIONAL_REPRESENTATION('',(#2380),#2390);
#2380 = B_SPLINE_CURVE_WITH_KNOTS('',8,(#2381,#2382,#2383,#2384,#2385,
    #2386,#2387,#2388,#2389),.UNSPECIFIED.,.F.,.F.,(9,9),(1.570796326795
    ,4.712388980385),.PIECEWISE_BEZIER_KNOTS.);
#2381 = CARTESIAN_POINT('',(1.570796326795,7.309453722761));
#2382 = CARTESIAN_POINT('',(1.963495408494,7.18687241316));
#2383 = CARTESIAN_POINT('',(2.356194490187,7.064290126157));
#2384 = CARTESIAN_POINT('',(2.748893571907,6.970523779071));
#2385 = CARTESIAN_POINT('',(3.141592653554,6.934311415207));
#2386 = CARTESIAN_POINT('',(3.534291735311,6.970523779078));
#2387 = CARTESIAN_POINT('',(3.926990816981,7.064290126156));
#2388 = CARTESIAN_POINT('',(4.319689898686,7.18687241316));
#2389 = CARTESIAN_POINT('',(4.712388980385,7.309453722761));
#2390 = ( GEOMETRIC_REPRESENTATION_CONTEXT(2) 
PARAMETRIC_REPRESENTATION_CONTEXT() REPRESENTATION_CONTEXT('2D SPACE',''
  ) );
#2391 = PCURVE('',#2352,#2392);
#2392 = DEFINITIONAL_REPRESENTATION('',(#2393),#2403);
#2393 = B_SPLINE_CURVE_WITH_KNOTS('',8,(#2394,#2395,#2396,#2397,#2398,
    #2399,#2400,#2401,#2402),.UNSPECIFIED.,.F.,.F.,(9,9),(1.570796326795
    ,4.712388980385),.PIECEWISE_BEZIER_KNOTS.);
#2394 = CARTESIAN_POINT('',(1.570796326795,3.01980662698E-14));
#2395 = CARTESIAN_POINT('',(1.963495408494,0.122581309601));
#2396 = CARTESIAN_POINT('',(2.356194490189,0.245163596605));
#2397 = CARTESIAN_POINT('',(2.748893571897,0.338929943674));
#2398 = CARTESIAN_POINT('',(3.141592653574,0.37514230755));
#2399 = CARTESIAN_POINT('',(3.534291735296,0.338929943674));
#2400 = CARTESIAN_POINT('',(3.926990816983,0.245163596605));
#2401 = CARTESIAN_POINT('',(4.319689898686,0.122581309601));
#2402 = CARTESIAN_POINT('',(4.712388980385,3.01980662698E-14));
#2403 = ( GEOMETRIC_REPRESENTATION_CONTEXT(2) 
PARAMETRIC_REPRESENTATION_CONTEXT() REPRESENTATION_CONTEXT('2D SPACE',''
  ) );
#2404 = ORIENTED_EDGE('',*,*,#2405,.F.);
#2405 = EDGE_CURVE('',#2309,#2370,#2406,.T.);
#2406 = SURFACE_CURVE('',#2407,(#2412,#2424),.PCURVE_S1.);
#2407 = ELLIPSE('',#2408,4.77271875722,4.7625);
#2408 = AXIS2_PLACEMENT_3D('',#2409,#2410,#2411);
#2409 = CARTESIAN_POINT('',(21.384350200561,107.50638827673,0.));
#2410 = DIRECTION('',(-0.923879532511,0.382683432365,0.));
#2411 = DIRECTION('',(0.382683432365,0.923879532511,0.));
#2412 = PCURVE('',#2080,#2413);
#2413 = DEFINITIONAL_REPRESENTATION('',(#2414),#2423);
#2414 = B_SPLINE_CURVE_WITH_KNOTS('',7,(#2415,#2416,#2417,#2418,#2419,
    #2420,#2421,#2422),.UNSPECIFIED.,.F.,.F.,(8,8),(0.,1.570796326795),
  .PIECEWISE_BEZIER_KNOTS.);
#2415 = CARTESIAN_POINT('',(1.224646799147E-16,7.621604464418));
#2416 = CARTESIAN_POINT('',(0.224399475256,7.621604464418));
#2417 = CARTESIAN_POINT('',(0.448798950513,7.603266022692));
#2418 = CARTESIAN_POINT('',(0.673198425769,7.566591799529));
#2419 = CARTESIAN_POINT('',(0.897597901026,7.513833430027));
#2420 = CARTESIAN_POINT('',(1.121997376282,7.449546363588));
#2421 = CARTESIAN_POINT('',(1.346396851538,7.37950018539));
#2422 = CARTESIAN_POINT('',(1.570796326795,7.309453722761));
#2423 = ( GEOMETRIC_REPRESENTATION_CONTEXT(2) 
PARAMETRIC_REPRESENTATION_CONTEXT() REPRESENTATION_CONTEXT('2D SPACE',''
  ) );
#2424 = PCURVE('',#2352,#2425);
#2425 = DEFINITIONAL_REPRESENTATION('',(#2426),#2435);
#2426 = B_SPLINE_CURVE_WITH_KNOTS('',7,(#2427,#2428,#2429,#2430,#2431,
    #2432,#2433,#2434),.UNSPECIFIED.,.F.,.F.,(8,8),(0.,1.570796326795),
  .PIECEWISE_BEZIER_KNOTS.);
#2427 = CARTESIAN_POINT('',(1.224646799147E-16,-0.312150741658));
#2428 = CARTESIAN_POINT('',(0.224399475256,-0.312150741658));
#2429 = CARTESIAN_POINT('',(0.448798950513,-0.293812299931));
#2430 = CARTESIAN_POINT('',(0.673198425769,-0.257138076768));
#2431 = CARTESIAN_POINT('',(0.897597901026,-0.204379707263));
#2432 = CARTESIAN_POINT('',(1.121997376282,-0.140092640828));
#2433 = CARTESIAN_POINT('',(1.346396851538,-7.004646262883E-02));
#2434 = CARTESIAN_POINT('',(1.570796326795,3.01980662698E-14));
#2435 = ( GEOMETRIC_REPRESENTATION_CONTEXT(2) 
PARAMETRIC_REPRESENTATION_CONTEXT() REPRESENTATION_CONTEXT('2D SPACE',''
  ) );
#2436 = ORIENTED_EDGE('',*,*,#2308,.F.);
#2437 = ORIENTED_EDGE('',*,*,#2133,.T.);
#2438 = ORIENTED_EDGE('',*,*,#2097,.T.);
#2439 = ORIENTED_EDGE('',*,*,#2058,.T.);
#2440 = ADVANCED_FACE('',(#2441),#2220,.T.);
#2441 = FACE_BOUND('',#2442,.T.);
#2442 = EDGE_LOOP('',(#2443,#2465,#2466,#2467,#2468,#2469,#2508,#2544));
#2443 = ORIENTED_EDGE('',*,*,#2444,.T.);
#2444 = EDGE_CURVE('',#2445,#2173,#2447,.T.);
#2445 = VERTEX_POINT('',#2446);
#2446 = CARTESIAN_POINT('',(23.210790596287,-0.155805450959,
    5.832380380939E-16));
#2447 = SEAM_CURVE('',#2448,(#2452,#2458),.PCURVE_S1.);
#2448 = LINE('',#2449,#2450);
#2449 = CARTESIAN_POINT('',(23.490750087729,-1.774470828013E-02,
    5.832380380939E-16));
#2450 = VECTOR('',#2451,1.);
#2451 = DIRECTION('',(0.896872741533,0.442288690219,0.));
#2452 = PCURVE('',#2220,#2453);
#2453 = DEFINITIONAL_REPRESENTATION('',(#2454),#2457);
#2454 = B_SPLINE_CURVE_WITH_KNOTS('',1,(#2455,#2456),.UNSPECIFIED.,.F.,
  .F.,(2,2),(-1.726277771592,9.035731494353),.PIECEWISE_BEZIER_KNOTS.);
#2455 = CARTESIAN_POINT('',(6.28318530718,-1.726277771592));
#2456 = CARTESIAN_POINT('',(6.28318530718,9.035731494353));
#2457 = ( GEOMETRIC_REPRESENTATION_CONTEXT(2) 
PARAMETRIC_REPRESENTATION_CONTEXT() REPRESENTATION_CONTEXT('2D SPACE',''
  ) );
#2458 = PCURVE('',#2220,#2459);
#2459 = DEFINITIONAL_REPRESENTATION('',(#2460),#2464);
#2460 = LINE('',#2461,#2462);
#2461 = CARTESIAN_POINT('',(0.,0.));
#2462 = VECTOR('',#2463,1.);
#2463 = DIRECTION('',(0.,1.));
#2464 = ( GEOMETRIC_REPRESENTATION_CONTEXT(2) 
PARAMETRIC_REPRESENTATION_CONTEXT() REPRESENTATION_CONTEXT('2D SPACE',''
  ) );
#2465 = ORIENTED_EDGE('',*,*,#2273,.F.);
#2466 = ORIENTED_EDGE('',*,*,#2237,.F.);
#2467 = ORIENTED_EDGE('',*,*,#2198,.F.);
#2468 = ORIENTED_EDGE('',*,*,#2444,.F.);
#2469 = ORIENTED_EDGE('',*,*,#2470,.T.);
#2470 = EDGE_CURVE('',#2445,#2471,#2473,.T.);
#2471 = VERTEX_POINT('',#2472);
#2472 = CARTESIAN_POINT('',(21.384350200561,4.253611723269,-4.7625));
#2473 = SURFACE_CURVE('',#2474,(#2479,#2491),.PCURVE_S1.);
#2474 = ELLIPSE('',#2475,4.77271875722,4.7625);
#2475 = AXIS2_PLACEMENT_3D('',#2476,#2477,#2478);
#2476 = CARTESIAN_POINT('',(21.384350200561,4.253611723269,0.));
#2477 = DIRECTION('',(0.923879532511,0.382683432365,0.));
#2478 = DIRECTION('',(0.382683432365,-0.923879532511,0.));
#2479 = PCURVE('',#2220,#2480);
#2480 = DEFINITIONAL_REPRESENTATION('',(#2481),#2490);
#2481 = B_SPLINE_CURVE_WITH_KNOTS('',7,(#2482,#2483,#2484,#2485,#2486,
    #2487,#2488,#2489),.UNSPECIFIED.,.F.,.F.,(8,8),(0.,1.570796326795),
  .PIECEWISE_BEZIER_KNOTS.);
#2482 = CARTESIAN_POINT('',(1.224646799147E-16,-0.312150741658));
#2483 = CARTESIAN_POINT('',(0.224399475256,-0.312150741658));
#2484 = CARTESIAN_POINT('',(0.448798950513,-0.293812299931));
#2485 = CARTESIAN_POINT('',(0.673198425769,-0.257138076768));
#2486 = CARTESIAN_POINT('',(0.897597901026,-0.204379707263));
#2487 = CARTESIAN_POINT('',(1.121997376282,-0.140092640828));
#2488 = CARTESIAN_POINT('',(1.346396851538,-7.004646262887E-02));
#2489 = CARTESIAN_POINT('',(1.570796326795,-1.06581410364E-14));
#2490 = ( GEOMETRIC_REPRESENTATION_CONTEXT(2) 
PARAMETRIC_REPRESENTATION_CONTEXT() REPRESENTATION_CONTEXT('2D SPACE',''
  ) );
#2491 = PCURVE('',#2492,#2497);
#2492 = CYLINDRICAL_SURFACE('',#2493,4.7625);
#2493 = AXIS2_PLACEMENT_3D('',#2494,#2495,#2496);
#2494 = CARTESIAN_POINT('',(14.462808240329,1.904064826967,0.));
#2495 = DIRECTION('',(0.946930129495,0.321439465303,0.));
#2496 = DIRECTION('',(0.321439465303,-0.946930129495,1.224646799147E-16)
  );
#2497 = DEFINITIONAL_REPRESENTATION('',(#2498),#2507);
#2498 = B_SPLINE_CURVE_WITH_KNOTS('',7,(#2499,#2500,#2501,#2502,#2503,
    #2504,#2505,#2506),.UNSPECIFIED.,.F.,.F.,(8,8),(0.,1.570796326795),
  .PIECEWISE_BEZIER_KNOTS.);
#2499 = CARTESIAN_POINT('',(1.224646799147E-16,7.621604464418));
#2500 = CARTESIAN_POINT('',(0.224399475256,7.621604464418));
#2501 = CARTESIAN_POINT('',(0.448798950513,7.603266022692));
#2502 = CARTESIAN_POINT('',(0.673198425769,7.56659179953));
#2503 = CARTESIAN_POINT('',(0.897597901026,7.513833430023));
#2504 = CARTESIAN_POINT('',(1.121997376282,7.449546363589));
#2505 = CARTESIAN_POINT('',(1.346396851538,7.37950018539));
#2506 = CARTESIAN_POINT('',(1.570796326795,7.309453722761));
#2507 = ( GEOMETRIC_REPRESENTATION_CONTEXT(2) 
PARAMETRIC_REPRESENTATION_CONTEXT() REPRESENTATION_CONTEXT('2D SPACE',''
  ) );
#2508 = ORIENTED_EDGE('',*,*,#2509,.T.);
#2509 = EDGE_CURVE('',#2471,#2510,#2512,.T.);
#2510 = VERTEX_POINT('',#2511);
#2511 = CARTESIAN_POINT('',(21.384350200561,4.253611723269,4.7625));
#2512 = SURFACE_CURVE('',#2513,(#2518,#2531),.PCURVE_S1.);
#2513 = ELLIPSE('',#2514,4.77271875722,4.7625);
#2514 = AXIS2_PLACEMENT_3D('',#2515,#2516,#2517);
#2515 = CARTESIAN_POINT('',(21.384350200561,4.253611723269,0.));
#2516 = DIRECTION('',(0.923879532511,0.382683432365,0.));
#2517 = DIRECTION('',(0.382683432365,-0.923879532511,0.));
#2518 = PCURVE('',#2220,#2519);
#2519 = DEFINITIONAL_REPRESENTATION('',(#2520),#2530);
#2520 = B_SPLINE_CURVE_WITH_KNOTS('',8,(#2521,#2522,#2523,#2524,#2525,
    #2526,#2527,#2528,#2529),.UNSPECIFIED.,.F.,.F.,(9,9),(1.570796326795
    ,4.712388980385),.PIECEWISE_BEZIER_KNOTS.);
#2521 = CARTESIAN_POINT('',(1.570796326795,-1.06581410364E-14));
#2522 = CARTESIAN_POINT('',(1.963495408494,0.1225813096));
#2523 = CARTESIAN_POINT('',(2.35619449019,0.245163596604));
#2524 = CARTESIAN_POINT('',(2.748893571892,0.338929943675));
#2525 = CARTESIAN_POINT('',(3.141592653574,0.375142307548));
#2526 = CARTESIAN_POINT('',(3.534291735285,0.338929943675));
#2527 = CARTESIAN_POINT('',(3.926990816986,0.245163596604));
#2528 = CARTESIAN_POINT('',(4.319689898686,0.1225813096));
#2529 = CARTESIAN_POINT('',(4.712388980385,-1.06581410364E-14));
#2530 = ( GEOMETRIC_REPRESENTATION_CONTEXT(2) 
PARAMETRIC_REPRESENTATION_CONTEXT() REPRESENTATION_CONTEXT('2D SPACE',''
  ) );
#2531 = PCURVE('',#2492,#2532);
#2532 = DEFINITIONAL_REPRESENTATION('',(#2533),#2543);
#2533 = B_SPLINE_CURVE_WITH_KNOTS('',8,(#2534,#2535,#2536,#2537,#2538,
    #2539,#2540,#2541,#2542),.UNSPECIFIED.,.F.,.F.,(9,9),(1.570796326795
    ,4.712388980385),.PIECEWISE_BEZIER_KNOTS.);
#2534 = CARTESIAN_POINT('',(1.570796326795,7.309453722761));
#2535 = CARTESIAN_POINT('',(1.963495408494,7.18687241316));
#2536 = CARTESIAN_POINT('',(2.356194490188,7.064290126158));
#2537 = CARTESIAN_POINT('',(2.748893571899,6.970523779066));
#2538 = CARTESIAN_POINT('',(3.141592653567,6.934311415213));
#2539 = CARTESIAN_POINT('',(3.5342917353,6.970523779073));
#2540 = CARTESIAN_POINT('',(3.926990816982,7.064290126158));
#2541 = CARTESIAN_POINT('',(4.319689898686,7.18687241316));
#2542 = CARTESIAN_POINT('',(4.712388980385,7.309453722761));
#2543 = ( GEOMETRIC_REPRESENTATION_CONTEXT(2) 
PARAMETRIC_REPRESENTATION_CONTEXT() REPRESENTATION_CONTEXT('2D SPACE',''
  ) );
#2544 = ORIENTED_EDGE('',*,*,#2545,.T.);
#2545 = EDGE_CURVE('',#2510,#2445,#2546,.T.);
#2546 = SURFACE_CURVE('',#2547,(#2552,#2564),.PCURVE_S1.);
#2547 = ELLIPSE('',#2548,4.77271875722,4.7625);
#2548 = AXIS2_PLACEMENT_3D('',#2549,#2550,#2551);
#2549 = CARTESIAN_POINT('',(21.384350200561,4.253611723269,0.));
#2550 = DIRECTION('',(0.923879532511,0.382683432365,0.));
#2551 = DIRECTION('',(0.382683432365,-0.923879532511,0.));
#2552 = PCURVE('',#2220,#2553);
#2553 = DEFINITIONAL_REPRESENTATION('',(#2554),#2563);
#2554 = B_SPLINE_CURVE_WITH_KNOTS('',7,(#2555,#2556,#2557,#2558,#2559,
    #2560,#2561,#2562),.UNSPECIFIED.,.F.,.F.,(8,8),(4.712388980385,
    6.28318530718),.PIECEWISE_BEZIER_KNOTS.);
#2555 = CARTESIAN_POINT('',(4.712388980385,-1.06581410364E-14));
#2556 = CARTESIAN_POINT('',(4.936788455641,-7.004646262887E-02));
#2557 = CARTESIAN_POINT('',(5.161187930898,-0.140092640828));
#2558 = CARTESIAN_POINT('',(5.385587406153,-0.204379707263));
#2559 = CARTESIAN_POINT('',(5.609986881411,-0.257138076769));
#2560 = CARTESIAN_POINT('',(5.834386356667,-0.293812299931));
#2561 = CARTESIAN_POINT('',(6.058785831923,-0.312150741658));
#2562 = CARTESIAN_POINT('',(6.28318530718,-0.312150741658));
#2563 = ( GEOMETRIC_REPRESENTATION_CONTEXT(2) 
PARAMETRIC_REPRESENTATION_CONTEXT() REPRESENTATION_CONTEXT('2D SPACE',''
  ) );
#2564 = PCURVE('',#2492,#2565);
#2565 = DEFINITIONAL_REPRESENTATION('',(#2566),#2575);
#2566 = B_SPLINE_CURVE_WITH_KNOTS('',7,(#2567,#2568,#2569,#2570,#2571,
    #2572,#2573,#2574),.UNSPECIFIED.,.F.,.F.,(8,8),(4.712388980385,
    6.28318530718),.PIECEWISE_BEZIER_KNOTS.);
#2567 = CARTESIAN_POINT('',(4.712388980385,7.309453722761));
#2568 = CARTESIAN_POINT('',(4.936788455641,7.37950018539));
#2569 = CARTESIAN_POINT('',(5.161187930898,7.449546363587));
#2570 = CARTESIAN_POINT('',(5.385587406153,7.513833430031));
#2571 = CARTESIAN_POINT('',(5.609986881411,7.566591799523));
#2572 = CARTESIAN_POINT('',(5.834386356667,7.603266022694));
#2573 = CARTESIAN_POINT('',(6.058785831923,7.621604464418));
#2574 = CARTESIAN_POINT('',(6.28318530718,7.621604464418));
#2575 = ( GEOMETRIC_REPRESENTATION_CONTEXT(2) 
PARAMETRIC_REPRESENTATION_CONTEXT() REPRESENTATION_CONTEXT('2D SPACE',''
  ) );
#2576 = ADVANCED_FACE('',(#2577),#2352,.T.);
#2577 = FACE_BOUND('',#2578,.T.);
#2578 = EDGE_LOOP('',(#2579,#2601,#2640,#2676,#2708,#2709,#2710,#2711));
#2579 = ORIENTED_EDGE('',*,*,#2580,.T.);
#2580 = EDGE_CURVE('',#2309,#2581,#2583,.T.);
#2581 = VERTEX_POINT('',#2582);
#2582 = CARTESIAN_POINT('',(15.698078751615,114.46602748224,
    5.832380380939E-16));
#2583 = SEAM_CURVE('',#2584,(#2588,#2594),.PCURVE_S1.);
#2584 = LINE('',#2585,#2586);
#2585 = CARTESIAN_POINT('',(22.915205654068,112.01614301845,
    5.832380380939E-16));
#2586 = VECTOR('',#2587,1.);
#2587 = DIRECTION('',(-0.946930129495,0.321439465303,0.));
#2588 = PCURVE('',#2352,#2589);
#2589 = DEFINITIONAL_REPRESENTATION('',(#2590),#2593);
#2590 = B_SPLINE_CURVE_WITH_KNOTS('',1,(#2591,#2592),.UNSPECIFIED.,.F.,
  .F.,(2,2),(-1.726277771592,9.035731494353),.PIECEWISE_BEZIER_KNOTS.);
#2591 = CARTESIAN_POINT('',(6.28318530718,-1.726277771592));
#2592 = CARTESIAN_POINT('',(6.28318530718,9.035731494353));
#2593 = ( GEOMETRIC_REPRESENTATION_CONTEXT(2) 
PARAMETRIC_REPRESENTATION_CONTEXT() REPRESENTATION_CONTEXT('2D SPACE',''
  ) );
#2594 = PCURVE('',#2352,#2595);
#2595 = DEFINITIONAL_REPRESENTATION('',(#2596),#2600);
#2596 = LINE('',#2597,#2598);
#2597 = CARTESIAN_POINT('',(0.,0.));
#2598 = VECTOR('',#2599,1.);
#2599 = DIRECTION('',(0.,1.));
#2600 = ( GEOMETRIC_REPRESENTATION_CONTEXT(2) 
PARAMETRIC_REPRESENTATION_CONTEXT() REPRESENTATION_CONTEXT('2D SPACE',''
  ) );
#2601 = ORIENTED_EDGE('',*,*,#2602,.F.);
#2602 = EDGE_CURVE('',#2603,#2581,#2605,.T.);
#2603 = VERTEX_POINT('',#2604);
#2604 = CARTESIAN_POINT('',(14.462808240329,109.85593517303,4.7625));
#2605 = SURFACE_CURVE('',#2606,(#2611,#2623),.PCURVE_S1.);
#2606 = ELLIPSE('',#2607,4.77271875722,4.7625);
#2607 = AXIS2_PLACEMENT_3D('',#2608,#2609,#2610);
#2608 = CARTESIAN_POINT('',(14.462808240329,109.85593517303,0.));
#2609 = DIRECTION('',(-0.965925826289,0.258819045103,0.));
#2610 = DIRECTION('',(0.258819045103,0.965925826289,0.));
#2611 = PCURVE('',#2352,#2612);
#2612 = DEFINITIONAL_REPRESENTATION('',(#2613),#2622);
#2613 = B_SPLINE_CURVE_WITH_KNOTS('',7,(#2614,#2615,#2616,#2617,#2618,
    #2619,#2620,#2621),.UNSPECIFIED.,.F.,.F.,(8,8),(4.712388980385,
    6.28318530718),.PIECEWISE_BEZIER_KNOTS.);
#2614 = CARTESIAN_POINT('',(4.712388980385,7.309453722761));
#2615 = CARTESIAN_POINT('',(4.936788455641,7.37950018539));
#2616 = CARTESIAN_POINT('',(5.161187930898,7.449546363588));
#2617 = CARTESIAN_POINT('',(5.385587406153,7.513833430027));
#2618 = CARTESIAN_POINT('',(5.609986881411,7.566591799528));
#2619 = CARTESIAN_POINT('',(5.834386356667,7.603266022693));
#2620 = CARTESIAN_POINT('',(6.058785831923,7.621604464418));
#2621 = CARTESIAN_POINT('',(6.28318530718,7.621604464418));
#2622 = ( GEOMETRIC_REPRESENTATION_CONTEXT(2) 
PARAMETRIC_REPRESENTATION_CONTEXT() REPRESENTATION_CONTEXT('2D SPACE',''
  ) );
#2623 = PCURVE('',#2624,#2629);
#2624 = CYLINDRICAL_SURFACE('',#2625,4.7625);
#2625 = AXIS2_PLACEMENT_3D('',#2626,#2627,#2628);
#2626 = CARTESIAN_POINT('',(14.462808240329,109.85593517303,0.));
#2627 = DIRECTION('',(-0.980785280403,0.195090322016,0.));
#2628 = DIRECTION('',(0.195090322016,0.980785280403,1.224646799147E-16)
  );
#2629 = DEFINITIONAL_REPRESENTATION('',(#2630),#2639);
#2630 = B_SPLINE_CURVE_WITH_KNOTS('',7,(#2631,#2632,#2633,#2634,#2635,
    #2636,#2637,#2638),.UNSPECIFIED.,.F.,.F.,(8,8),(4.712388980385,
    6.28318530718),.PIECEWISE_BEZIER_KNOTS.);
#2631 = CARTESIAN_POINT('',(4.712388980385,1.376676550535E-13));
#2632 = CARTESIAN_POINT('',(4.936788455641,-7.004646262872E-02));
#2633 = CARTESIAN_POINT('',(5.161187930898,-0.140092640828));
#2634 = CARTESIAN_POINT('',(5.385587406153,-0.204379707263));
#2635 = CARTESIAN_POINT('',(5.609986881411,-0.257138076768));
#2636 = CARTESIAN_POINT('',(5.834386356667,-0.293812299931));
#2637 = CARTESIAN_POINT('',(6.058785831923,-0.312150741657));
#2638 = CARTESIAN_POINT('',(6.28318530718,-0.312150741657));
#2639 = ( GEOMETRIC_REPRESENTATION_CONTEXT(2) 
PARAMETRIC_REPRESENTATION_CONTEXT() REPRESENTATION_CONTEXT('2D SPACE',''
  ) );
#2640 = ORIENTED_EDGE('',*,*,#2641,.F.);
#2641 = EDGE_CURVE('',#2642,#2603,#2644,.T.);
#2642 = VERTEX_POINT('',#2643);
#2643 = CARTESIAN_POINT('',(14.462808240329,109.85593517303,-4.7625));
#2644 = SURFACE_CURVE('',#2645,(#2650,#2663),.PCURVE_S1.);
#2645 = ELLIPSE('',#2646,4.77271875722,4.7625);
#2646 = AXIS2_PLACEMENT_3D('',#2647,#2648,#2649);
#2647 = CARTESIAN_POINT('',(14.462808240329,109.85593517303,0.));
#2648 = DIRECTION('',(-0.965925826289,0.258819045103,0.));
#2649 = DIRECTION('',(0.258819045103,0.965925826289,0.));
#2650 = PCURVE('',#2352,#2651);
#2651 = DEFINITIONAL_REPRESENTATION('',(#2652),#2662);
#2652 = B_SPLINE_CURVE_WITH_KNOTS('',8,(#2653,#2654,#2655,#2656,#2657,
    #2658,#2659,#2660,#2661),.UNSPECIFIED.,.F.,.F.,(9,9),(1.570796326795
    ,4.712388980385),.PIECEWISE_BEZIER_KNOTS.);
#2653 = CARTESIAN_POINT('',(1.570796326795,7.309453722761));
#2654 = CARTESIAN_POINT('',(1.963495408494,7.18687241316));
#2655 = CARTESIAN_POINT('',(2.35619449019,7.064290126151));
#2656 = CARTESIAN_POINT('',(2.748893571895,6.970523779108));
#2657 = CARTESIAN_POINT('',(3.141592653575,6.934311415185));
#2658 = CARTESIAN_POINT('',(3.53429173529,6.970523779104));
#2659 = CARTESIAN_POINT('',(3.926990816985,7.06429012615));
#2660 = CARTESIAN_POINT('',(4.319689898686,7.18687241316));
#2661 = CARTESIAN_POINT('',(4.712388980385,7.309453722761));
#2662 = ( GEOMETRIC_REPRESENTATION_CONTEXT(2) 
PARAMETRIC_REPRESENTATION_CONTEXT() REPRESENTATION_CONTEXT('2D SPACE',''
  ) );
#2663 = PCURVE('',#2624,#2664);
#2664 = DEFINITIONAL_REPRESENTATION('',(#2665),#2675);
#2665 = B_SPLINE_CURVE_WITH_KNOTS('',8,(#2666,#2667,#2668,#2669,#2670,
    #2671,#2672,#2673,#2674),.UNSPECIFIED.,.F.,.F.,(9,9),(1.570796326795
    ,4.712388980385),.PIECEWISE_BEZIER_KNOTS.);
#2666 = CARTESIAN_POINT('',(1.570796326795,1.376676550535E-13));
#2667 = CARTESIAN_POINT('',(1.963495408494,0.122581309601));
#2668 = CARTESIAN_POINT('',(2.356194490185,0.245163596605));
#2669 = CARTESIAN_POINT('',(2.748893571908,0.338929943673));
#2670 = CARTESIAN_POINT('',(3.141592653552,0.375142307552));
#2671 = CARTESIAN_POINT('',(3.534291735312,0.338929943673));
#2672 = CARTESIAN_POINT('',(3.926990816979,0.245163596605));
#2673 = CARTESIAN_POINT('',(4.319689898686,0.122581309601));
#2674 = CARTESIAN_POINT('',(4.712388980385,1.376676550535E-13));
#2675 = ( GEOMETRIC_REPRESENTATION_CONTEXT(2) 
PARAMETRIC_REPRESENTATION_CONTEXT() REPRESENTATION_CONTEXT('2D SPACE',''
  ) );
#2676 = ORIENTED_EDGE('',*,*,#2677,.F.);
#2677 = EDGE_CURVE('',#2581,#2642,#2678,.T.);
#2678 = SURFACE_CURVE('',#2679,(#2684,#2696),.PCURVE_S1.);
#2679 = ELLIPSE('',#2680,4.77271875722,4.7625);
#2680 = AXIS2_PLACEMENT_3D('',#2681,#2682,#2683);
#2681 = CARTESIAN_POINT('',(14.462808240329,109.85593517303,0.));
#2682 = DIRECTION('',(-0.965925826289,0.258819045103,0.));
#2683 = DIRECTION('',(0.258819045103,0.965925826289,0.));
#2684 = PCURVE('',#2352,#2685);
#2685 = DEFINITIONAL_REPRESENTATION('',(#2686),#2695);
#2686 = B_SPLINE_CURVE_WITH_KNOTS('',7,(#2687,#2688,#2689,#2690,#2691,
    #2692,#2693,#2694),.UNSPECIFIED.,.F.,.F.,(8,8),(0.,1.570796326795),
  .PIECEWISE_BEZIER_KNOTS.);
#2687 = CARTESIAN_POINT('',(1.224646799147E-16,7.621604464418));
#2688 = CARTESIAN_POINT('',(0.224399475256,7.621604464418));
#2689 = CARTESIAN_POINT('',(0.448798950513,7.603266022691));
#2690 = CARTESIAN_POINT('',(0.673198425769,7.566591799532));
#2691 = CARTESIAN_POINT('',(0.897597901026,7.513833430022));
#2692 = CARTESIAN_POINT('',(1.121997376282,7.44954636359));
#2693 = CARTESIAN_POINT('',(1.346396851538,7.37950018539));
#2694 = CARTESIAN_POINT('',(1.570796326795,7.309453722761));
#2695 = ( GEOMETRIC_REPRESENTATION_CONTEXT(2) 
PARAMETRIC_REPRESENTATION_CONTEXT() REPRESENTATION_CONTEXT('2D SPACE',''
  ) );
#2696 = PCURVE('',#2624,#2697);
#2697 = DEFINITIONAL_REPRESENTATION('',(#2698),#2707);
#2698 = B_SPLINE_CURVE_WITH_KNOTS('',7,(#2699,#2700,#2701,#2702,#2703,
    #2704,#2705,#2706),.UNSPECIFIED.,.F.,.F.,(8,8),(0.,1.570796326795),
  .PIECEWISE_BEZIER_KNOTS.);
#2699 = CARTESIAN_POINT('',(1.224646799147E-16,-0.312150741657));
#2700 = CARTESIAN_POINT('',(0.224399475256,-0.312150741657));
#2701 = CARTESIAN_POINT('',(0.448798950513,-0.293812299931));
#2702 = CARTESIAN_POINT('',(0.673198425769,-0.257138076768));
#2703 = CARTESIAN_POINT('',(0.897597901026,-0.204379707263));
#2704 = CARTESIAN_POINT('',(1.121997376282,-0.140092640828));
#2705 = CARTESIAN_POINT('',(1.346396851538,-7.004646262872E-02));
#2706 = CARTESIAN_POINT('',(1.570796326795,1.376676550535E-13));
#2707 = ( GEOMETRIC_REPRESENTATION_CONTEXT(2) 
PARAMETRIC_REPRESENTATION_CONTEXT() REPRESENTATION_CONTEXT('2D SPACE',''
  ) );
#2708 = ORIENTED_EDGE('',*,*,#2580,.F.);
#2709 = ORIENTED_EDGE('',*,*,#2405,.T.);
#2710 = ORIENTED_EDGE('',*,*,#2369,.T.);
#2711 = ORIENTED_EDGE('',*,*,#2330,.T.);
#2712 = ADVANCED_FACE('',(#2713),#2492,.T.);
#2713 = FACE_BOUND('',#2714,.T.);
#2714 = EDGE_LOOP('',(#2715,#2737,#2738,#2739,#2740,#2741,#2780,#2816));
#2715 = ORIENTED_EDGE('',*,*,#2716,.T.);
#2716 = EDGE_CURVE('',#2717,#2445,#2719,.T.);
#2717 = VERTEX_POINT('',#2718);
#2718 = CARTESIAN_POINT('',(15.698078751615,-2.706027482246,
    5.832380380939E-16));
#2719 = SEAM_CURVE('',#2720,(#2724,#2730),.PCURVE_S1.);
#2720 = LINE('',#2721,#2722);
#2721 = CARTESIAN_POINT('',(15.993663693835,-2.605689914754,
    5.832380380939E-16));
#2722 = VECTOR('',#2723,1.);
#2723 = DIRECTION('',(0.946930129495,0.321439465303,0.));
#2724 = PCURVE('',#2492,#2725);
#2725 = DEFINITIONAL_REPRESENTATION('',(#2726),#2729);
#2726 = B_SPLINE_CURVE_WITH_KNOTS('',1,(#2727,#2728),.UNSPECIFIED.,.F.,
  .F.,(2,2),(-1.726277771592,9.035731494353),.PIECEWISE_BEZIER_KNOTS.);
#2727 = CARTESIAN_POINT('',(6.28318530718,-1.726277771592));
#2728 = CARTESIAN_POINT('',(6.28318530718,9.035731494353));
#2729 = ( GEOMETRIC_REPRESENTATION_CONTEXT(2) 
PARAMETRIC_REPRESENTATION_CONTEXT() REPRESENTATION_CONTEXT('2D SPACE',''
  ) );
#2730 = PCURVE('',#2492,#2731);
#2731 = DEFINITIONAL_REPRESENTATION('',(#2732),#2736);
#2732 = LINE('',#2733,#2734);
#2733 = CARTESIAN_POINT('',(0.,0.));
#2734 = VECTOR('',#2735,1.);
#2735 = DIRECTION('',(0.,1.));
#2736 = ( GEOMETRIC_REPRESENTATION_CONTEXT(2) 
PARAMETRIC_REPRESENTATION_CONTEXT() REPRESENTATION_CONTEXT('2D SPACE',''
  ) );
#2737 = ORIENTED_EDGE('',*,*,#2545,.F.);
#2738 = ORIENTED_EDGE('',*,*,#2509,.F.);
#2739 = ORIENTED_EDGE('',*,*,#2470,.F.);
#2740 = ORIENTED_EDGE('',*,*,#2716,.F.);
#2741 = ORIENTED_EDGE('',*,*,#2742,.T.);
#2742 = EDGE_CURVE('',#2717,#2743,#2745,.T.);
#2743 = VERTEX_POINT('',#2744);
#2744 = CARTESIAN_POINT('',(14.462808240329,1.904064826967,-4.7625));
#2745 = SURFACE_CURVE('',#2746,(#2751,#2763),.PCURVE_S1.);
#2746 = ELLIPSE('',#2747,4.77271875722,4.7625);
#2747 = AXIS2_PLACEMENT_3D('',#2748,#2749,#2750);
#2748 = CARTESIAN_POINT('',(14.462808240329,1.904064826967,0.));
#2749 = DIRECTION('',(0.965925826289,0.258819045103,0.));
#2750 = DIRECTION('',(0.258819045103,-0.965925826289,0.));
#2751 = PCURVE('',#2492,#2752);
#2752 = DEFINITIONAL_REPRESENTATION('',(#2753),#2762);
#2753 = B_SPLINE_CURVE_WITH_KNOTS('',7,(#2754,#2755,#2756,#2757,#2758,
    #2759,#2760,#2761),.UNSPECIFIED.,.F.,.F.,(8,8),(0.,1.570796326795),
  .PIECEWISE_BEZIER_KNOTS.);
#2754 = CARTESIAN_POINT('',(1.224646799147E-16,-0.312150741658));
#2755 = CARTESIAN_POINT('',(0.224399475256,-0.312150741658));
#2756 = CARTESIAN_POINT('',(0.448798950513,-0.293812299931));
#2757 = CARTESIAN_POINT('',(0.673198425769,-0.257138076768));
#2758 = CARTESIAN_POINT('',(0.897597901026,-0.204379707263));
#2759 = CARTESIAN_POINT('',(1.121997376282,-0.140092640828));
#2760 = CARTESIAN_POINT('',(1.346396851538,-7.004646262886E-02));
#2761 = CARTESIAN_POINT('',(1.570796326795,3.552713678801E-15));
#2762 = ( GEOMETRIC_REPRESENTATION_CONTEXT(2) 
PARAMETRIC_REPRESENTATION_CONTEXT() REPRESENTATION_CONTEXT('2D SPACE',''
  ) );
#2763 = PCURVE('',#2764,#2769);
#2764 = CYLINDRICAL_SURFACE('',#2765,4.7625);
#2765 = AXIS2_PLACEMENT_3D('',#2766,#2767,#2768);
#2766 = CARTESIAN_POINT('',(7.293803621256,0.478061146431,0.));
#2767 = DIRECTION('',(0.980785280403,0.195090322016,0.));
#2768 = DIRECTION('',(0.195090322016,-0.980785280403,1.224646799147E-16)
  );
#2769 = DEFINITIONAL_REPRESENTATION('',(#2770),#2779);
#2770 = B_SPLINE_CURVE_WITH_KNOTS('',7,(#2771,#2772,#2773,#2774,#2775,
    #2776,#2777,#2778),.UNSPECIFIED.,.F.,.F.,(8,8),(0.,1.570796326795),
  .PIECEWISE_BEZIER_KNOTS.);
#2771 = CARTESIAN_POINT('',(1.224646799147E-16,7.621604464418));
#2772 = CARTESIAN_POINT('',(0.224399475256,7.621604464418));
#2773 = CARTESIAN_POINT('',(0.448798950513,7.603266022693));
#2774 = CARTESIAN_POINT('',(0.673198425769,7.566591799526));
#2775 = CARTESIAN_POINT('',(0.897597901026,7.513833430027));
#2776 = CARTESIAN_POINT('',(1.121997376282,7.449546363587));
#2777 = CARTESIAN_POINT('',(1.346396851538,7.37950018539));
#2778 = CARTESIAN_POINT('',(1.570796326795,7.309453722761));
#2779 = ( GEOMETRIC_REPRESENTATION_CONTEXT(2) 
PARAMETRIC_REPRESENTATION_CONTEXT() REPRESENTATION_CONTEXT('2D SPACE',''
  ) );
#2780 = ORIENTED_EDGE('',*,*,#2781,.T.);
#2781 = EDGE_CURVE('',#2743,#2782,#2784,.T.);
#2782 = VERTEX_POINT('',#2783);
#2783 = CARTESIAN_POINT('',(14.462808240329,1.904064826967,4.7625));
#2784 = SURFACE_CURVE('',#2785,(#2790,#2803),.PCURVE_S1.);
#2785 = ELLIPSE('',#2786,4.77271875722,4.7625);
#2786 = AXIS2_PLACEMENT_3D('',#2787,#2788,#2789);
#2787 = CARTESIAN_POINT('',(14.462808240329,1.904064826967,0.));
#2788 = DIRECTION('',(0.965925826289,0.258819045103,0.));
#2789 = DIRECTION('',(0.258819045103,-0.965925826289,0.));
#2790 = PCURVE('',#2492,#2791);
#2791 = DEFINITIONAL_REPRESENTATION('',(#2792),#2802);
#2792 = B_SPLINE_CURVE_WITH_KNOTS('',8,(#2793,#2794,#2795,#2796,#2797,
    #2798,#2799,#2800,#2801),.UNSPECIFIED.,.F.,.F.,(9,9),(1.570796326795
    ,4.712388980385),.PIECEWISE_BEZIER_KNOTS.);
#2793 = CARTESIAN_POINT('',(1.570796326795,3.552713678801E-15));
#2794 = CARTESIAN_POINT('',(1.963495408494,0.122581309601));
#2795 = CARTESIAN_POINT('',(2.35619449019,0.245163596605));
#2796 = CARTESIAN_POINT('',(2.748893571892,0.338929943674));
#2797 = CARTESIAN_POINT('',(3.141592653574,0.37514230755));
#2798 = CARTESIAN_POINT('',(3.534291735285,0.338929943674));
#2799 = CARTESIAN_POINT('',(3.926990816986,0.245163596605));
#2800 = CARTESIAN_POINT('',(4.319689898686,0.122581309601));
#2801 = CARTESIAN_POINT('',(4.712388980385,5.329070518201E-15));
#2802 = ( GEOMETRIC_REPRESENTATION_CONTEXT(2) 
PARAMETRIC_REPRESENTATION_CONTEXT() REPRESENTATION_CONTEXT('2D SPACE',''
  ) );
#2803 = PCURVE('',#2764,#2804);
#2804 = DEFINITIONAL_REPRESENTATION('',(#2805),#2815);
#2805 = B_SPLINE_CURVE_WITH_KNOTS('',8,(#2806,#2807,#2808,#2809,#2810,
    #2811,#2812,#2813,#2814),.UNSPECIFIED.,.F.,.F.,(9,9),(1.570796326795
    ,4.712388980385),.PIECEWISE_BEZIER_KNOTS.);
#2806 = CARTESIAN_POINT('',(1.570796326795,7.309453722761));
#2807 = CARTESIAN_POINT('',(1.963495408494,7.18687241316));
#2808 = CARTESIAN_POINT('',(2.356194490189,7.06429012616));
#2809 = CARTESIAN_POINT('',(2.748893571897,6.970523779059));
#2810 = CARTESIAN_POINT('',(3.141592653567,6.934311415241));
#2811 = CARTESIAN_POINT('',(3.53429173529,6.97052377905));
#2812 = CARTESIAN_POINT('',(3.926990816984,7.064290126159));
#2813 = CARTESIAN_POINT('',(4.319689898686,7.18687241316));
#2814 = CARTESIAN_POINT('',(4.712388980385,7.309453722761));
#2815 = ( GEOMETRIC_REPRESENTATION_CONTEXT(2) 
PARAMETRIC_REPRESENTATION_CONTEXT() REPRESENTATION_CONTEXT('2D SPACE',''
  ) );
#2816 = ORIENTED_EDGE('',*,*,#2817,.T.);
#2817 = EDGE_CURVE('',#2782,#2717,#2818,.T.);
#2818 = SURFACE_CURVE('',#2819,(#2824,#2836),.PCURVE_S1.);
#2819 = ELLIPSE('',#2820,4.77271875722,4.7625);
#2820 = AXIS2_PLACEMENT_3D('',#2821,#2822,#2823);
#2821 = CARTESIAN_POINT('',(14.462808240329,1.904064826967,0.));
#2822 = DIRECTION('',(0.965925826289,0.258819045103,0.));
#2823 = DIRECTION('',(0.258819045103,-0.965925826289,0.));
#2824 = PCURVE('',#2492,#2825);
#2825 = DEFINITIONAL_REPRESENTATION('',(#2826),#2835);
#2826 = B_SPLINE_CURVE_WITH_KNOTS('',7,(#2827,#2828,#2829,#2830,#2831,
    #2832,#2833,#2834),.UNSPECIFIED.,.F.,.F.,(8,8),(4.712388980385,
    6.28318530718),.PIECEWISE_BEZIER_KNOTS.);
#2827 = CARTESIAN_POINT('',(4.712388980385,5.329070518201E-15));
#2828 = CARTESIAN_POINT('',(4.936788455641,-7.004646262885E-02));
#2829 = CARTESIAN_POINT('',(5.161187930898,-0.140092640828));
#2830 = CARTESIAN_POINT('',(5.385587406153,-0.204379707263));
#2831 = CARTESIAN_POINT('',(5.609986881411,-0.257138076768));
#2832 = CARTESIAN_POINT('',(5.834386356667,-0.293812299931));
#2833 = CARTESIAN_POINT('',(6.058785831923,-0.312150741658));
#2834 = CARTESIAN_POINT('',(6.28318530718,-0.312150741658));
#2835 = ( GEOMETRIC_REPRESENTATION_CONTEXT(2) 
PARAMETRIC_REPRESENTATION_CONTEXT() REPRESENTATION_CONTEXT('2D SPACE',''
  ) );
#2836 = PCURVE('',#2764,#2837);
#2837 = DEFINITIONAL_REPRESENTATION('',(#2838),#2847);
#2838 = B_SPLINE_CURVE_WITH_KNOTS('',7,(#2839,#2840,#2841,#2842,#2843,
    #2844,#2845,#2846),.UNSPECIFIED.,.F.,.F.,(8,8),(4.712388980385,
    6.28318530718),.PIECEWISE_BEZIER_KNOTS.);
#2839 = CARTESIAN_POINT('',(4.712388980385,7.309453722761));
#2840 = CARTESIAN_POINT('',(4.936788455641,7.37950018539));
#2841 = CARTESIAN_POINT('',(5.161187930898,7.449546363588));
#2842 = CARTESIAN_POINT('',(5.385587406153,7.513833430025));
#2843 = CARTESIAN_POINT('',(5.609986881411,7.566591799528));
#2844 = CARTESIAN_POINT('',(5.834386356667,7.603266022693));
#2845 = CARTESIAN_POINT('',(6.058785831923,7.621604464418));
#2846 = CARTESIAN_POINT('',(6.28318530718,7.621604464418));
#2847 = ( GEOMETRIC_REPRESENTATION_CONTEXT(2) 
PARAMETRIC_REPRESENTATION_CONTEXT() REPRESENTATION_CONTEXT('2D SPACE',''
  ) );
#2848 = ADVANCED_FACE('',(#2849),#2624,.T.);
#2849 = FACE_BOUND('',#2850,.T.);
#2850 = EDGE_LOOP('',(#2851,#2873,#2912,#2948,#2980,#2981,#2982,#2983));
#2851 = ORIENTED_EDGE('',*,*,#2852,.T.);
#2852 = EDGE_CURVE('',#2581,#2853,#2855,.T.);
#2853 = VERTEX_POINT('',#2854);
#2854 = CARTESIAN_POINT('',(7.916768427174,116.01382634019,
    5.832380380939E-16));
#2855 = SEAM_CURVE('',#2856,(#2860,#2866),.PCURVE_S1.);
#2856 = LINE('',#2857,#2858);
#2857 = CARTESIAN_POINT('',(15.391925898931,114.52692507095,
    5.832380380939E-16));
#2858 = VECTOR('',#2859,1.);
#2859 = DIRECTION('',(-0.980785280403,0.195090322016,0.));
#2860 = PCURVE('',#2624,#2861);
#2861 = DEFINITIONAL_REPRESENTATION('',(#2862),#2865);
#2862 = B_SPLINE_CURVE_WITH_KNOTS('',1,(#2863,#2864),.UNSPECIFIED.,.F.,
  .F.,(2,2),(-1.726277771592,9.035731494353),.PIECEWISE_BEZIER_KNOTS.);
#2863 = CARTESIAN_POINT('',(6.28318530718,-1.726277771592));
#2864 = CARTESIAN_POINT('',(6.28318530718,9.035731494353));
#2865 = ( GEOMETRIC_REPRESENTATION_CONTEXT(2) 
PARAMETRIC_REPRESENTATION_CONTEXT() REPRESENTATION_CONTEXT('2D SPACE',''
  ) );
#2866 = PCURVE('',#2624,#2867);
#2867 = DEFINITIONAL_REPRESENTATION('',(#2868),#2872);
#2868 = LINE('',#2869,#2870);
#2869 = CARTESIAN_POINT('',(0.,0.));
#2870 = VECTOR('',#2871,1.);
#2871 = DIRECTION('',(0.,1.));
#2872 = ( GEOMETRIC_REPRESENTATION_CONTEXT(2) 
PARAMETRIC_REPRESENTATION_CONTEXT() REPRESENTATION_CONTEXT('2D SPACE',''
  ) );
#2873 = ORIENTED_EDGE('',*,*,#2874,.F.);
#2874 = EDGE_CURVE('',#2875,#2853,#2877,.T.);
#2875 = VERTEX_POINT('',#2876);
#2876 = CARTESIAN_POINT('',(7.293803621257,111.28193885356,4.7625));
#2877 = SURFACE_CURVE('',#2878,(#2883,#2895),.PCURVE_S1.);
#2878 = ELLIPSE('',#2879,4.77271875722,4.7625);
#2879 = AXIS2_PLACEMENT_3D('',#2880,#2881,#2882);
#2880 = CARTESIAN_POINT('',(7.293803621257,111.28193885356,0.));
#2881 = DIRECTION('',(-0.991444861374,0.13052619222,0.));
#2882 = DIRECTION('',(0.13052619222,0.991444861374,0.));
#2883 = PCURVE('',#2624,#2884);
#2884 = DEFINITIONAL_REPRESENTATION('',(#2885),#2894);
#2885 = B_SPLINE_CURVE_WITH_KNOTS('',7,(#2886,#2887,#2888,#2889,#2890,
    #2891,#2892,#2893),.UNSPECIFIED.,.F.,.F.,(8,8),(4.712388980385,
    6.28318530718),.PIECEWISE_BEZIER_KNOTS.);
#2886 = CARTESIAN_POINT('',(4.712388980385,7.309453722761));
#2887 = CARTESIAN_POINT('',(4.936788455641,7.37950018539));
#2888 = CARTESIAN_POINT('',(5.161187930898,7.449546363588));
#2889 = CARTESIAN_POINT('',(5.385587406153,7.513833430025));
#2890 = CARTESIAN_POINT('',(5.609986881411,7.566591799528));
#2891 = CARTESIAN_POINT('',(5.834386356667,7.603266022692));
#2892 = CARTESIAN_POINT('',(6.058785831923,7.621604464418));
#2893 = CARTESIAN_POINT('',(6.28318530718,7.621604464418));
#2894 = ( GEOMETRIC_REPRESENTATION_CONTEXT(2) 
PARAMETRIC_REPRESENTATION_CONTEXT() REPRESENTATION_CONTEXT('2D SPACE',''
  ) );
#2895 = PCURVE('',#2896,#2901);
#2896 = CYLINDRICAL_SURFACE('',#2897,4.7625);
#2897 = AXIS2_PLACEMENT_3D('',#2898,#2899,#2900);
#2898 = CARTESIAN_POINT('',(7.293803621256,111.28193885356,0.));
#2899 = DIRECTION('',(-0.997858923239,6.540312923015E-02,0.));
#2900 = DIRECTION('',(6.540312923015E-02,0.997858923239,
    1.224646799147E-16));
#2901 = DEFINITIONAL_REPRESENTATION('',(#2902),#2911);
#2902 = B_SPLINE_CURVE_WITH_KNOTS('',7,(#2903,#2904,#2905,#2906,#2907,
    #2908,#2909,#2910),.UNSPECIFIED.,.F.,.F.,(8,8),(4.712388980385,
    6.28318530718),.PIECEWISE_BEZIER_KNOTS.);
#2903 = CARTESIAN_POINT('',(4.712388980385,-9.394533672173E-14));
#2904 = CARTESIAN_POINT('',(4.936788455641,-7.004646262895E-02));
#2905 = CARTESIAN_POINT('',(5.161187930898,-0.140092640828));
#2906 = CARTESIAN_POINT('',(5.385587406154,-0.204379707263));
#2907 = CARTESIAN_POINT('',(5.609986881411,-0.257138076769));
#2908 = CARTESIAN_POINT('',(5.834386356667,-0.293812299931));
#2909 = CARTESIAN_POINT('',(6.058785831923,-0.312150741658));
#2910 = CARTESIAN_POINT('',(6.28318530718,-0.312150741658));
#2911 = ( GEOMETRIC_REPRESENTATION_CONTEXT(2) 
PARAMETRIC_REPRESENTATION_CONTEXT() REPRESENTATION_CONTEXT('2D SPACE',''
  ) );
#2912 = ORIENTED_EDGE('',*,*,#2913,.F.);
#2913 = EDGE_CURVE('',#2914,#2875,#2916,.T.);
#2914 = VERTEX_POINT('',#2915);
#2915 = CARTESIAN_POINT('',(7.293803621257,111.28193885356,-4.7625));
#2916 = SURFACE_CURVE('',#2917,(#2922,#2935),.PCURVE_S1.);
#2917 = ELLIPSE('',#2918,4.77271875722,4.7625);
#2918 = AXIS2_PLACEMENT_3D('',#2919,#2920,#2921);
#2919 = CARTESIAN_POINT('',(7.293803621257,111.28193885356,0.));
#2920 = DIRECTION('',(-0.991444861374,0.13052619222,0.));
#2921 = DIRECTION('',(0.13052619222,0.991444861374,0.));
#2922 = PCURVE('',#2624,#2923);
#2923 = DEFINITIONAL_REPRESENTATION('',(#2924),#2934);
#2924 = B_SPLINE_CURVE_WITH_KNOTS('',8,(#2925,#2926,#2927,#2928,#2929,
    #2930,#2931,#2932,#2933),.UNSPECIFIED.,.F.,.F.,(9,9),(1.570796326795
    ,4.712388980385),.PIECEWISE_BEZIER_KNOTS.);
#2925 = CARTESIAN_POINT('',(1.570796326795,7.309453722761));
#2926 = CARTESIAN_POINT('',(1.963495408494,7.18687241316));
#2927 = CARTESIAN_POINT('',(2.356194490188,7.064290126154));
#2928 = CARTESIAN_POINT('',(2.748893571899,6.970523779075));
#2929 = CARTESIAN_POINT('',(3.141592653567,6.934311415187));
#2930 = CARTESIAN_POINT('',(3.5342917353,6.970523779077));
#2931 = CARTESIAN_POINT('',(3.926990816982,7.064290126153));
#2932 = CARTESIAN_POINT('',(4.319689898686,7.18687241316));
#2933 = CARTESIAN_POINT('',(4.712388980385,7.309453722761));
#2934 = ( GEOMETRIC_REPRESENTATION_CONTEXT(2) 
PARAMETRIC_REPRESENTATION_CONTEXT() REPRESENTATION_CONTEXT('2D SPACE',''
  ) );
#2935 = PCURVE('',#2896,#2936);
#2936 = DEFINITIONAL_REPRESENTATION('',(#2937),#2947);
#2937 = B_SPLINE_CURVE_WITH_KNOTS('',8,(#2938,#2939,#2940,#2941,#2942,
    #2943,#2944,#2945,#2946),.UNSPECIFIED.,.F.,.F.,(9,9),(1.570796326795
    ,4.712388980385),.PIECEWISE_BEZIER_KNOTS.);
#2938 = CARTESIAN_POINT('',(1.570796326795,-9.394533672173E-14));
#2939 = CARTESIAN_POINT('',(1.963495408494,0.1225813096));
#2940 = CARTESIAN_POINT('',(2.356194490191,0.245163596604));
#2941 = CARTESIAN_POINT('',(2.748893571891,0.338929943674));
#2942 = CARTESIAN_POINT('',(3.141592653585,0.37514230755));
#2943 = CARTESIAN_POINT('',(3.534291735286,0.338929943674));
#2944 = CARTESIAN_POINT('',(3.926990816986,0.245163596604));
#2945 = CARTESIAN_POINT('',(4.319689898686,0.1225813096));
#2946 = CARTESIAN_POINT('',(4.712388980385,-9.394533672173E-14));
#2947 = ( GEOMETRIC_REPRESENTATION_CONTEXT(2) 
PARAMETRIC_REPRESENTATION_CONTEXT() REPRESENTATION_CONTEXT('2D SPACE',''
  ) );
#2948 = ORIENTED_EDGE('',*,*,#2949,.F.);
#2949 = EDGE_CURVE('',#2853,#2914,#2950,.T.);
#2950 = SURFACE_CURVE('',#2951,(#2956,#2968),.PCURVE_S1.);
#2951 = ELLIPSE('',#2952,4.77271875722,4.7625);
#2952 = AXIS2_PLACEMENT_3D('',#2953,#2954,#2955);
#2953 = CARTESIAN_POINT('',(7.293803621257,111.28193885356,0.));
#2954 = DIRECTION('',(-0.991444861374,0.13052619222,0.));
#2955 = DIRECTION('',(0.13052619222,0.991444861374,0.));
#2956 = PCURVE('',#2624,#2957);
#2957 = DEFINITIONAL_REPRESENTATION('',(#2958),#2967);
#2958 = B_SPLINE_CURVE_WITH_KNOTS('',7,(#2959,#2960,#2961,#2962,#2963,
    #2964,#2965,#2966),.UNSPECIFIED.,.F.,.F.,(8,8),(0.,1.570796326795),
  .PIECEWISE_BEZIER_KNOTS.);
#2959 = CARTESIAN_POINT('',(1.224646799147E-16,7.621604464418));
#2960 = CARTESIAN_POINT('',(0.224399475256,7.621604464418));
#2961 = CARTESIAN_POINT('',(0.448798950513,7.603266022693));
#2962 = CARTESIAN_POINT('',(0.673198425769,7.566591799526));
#2963 = CARTESIAN_POINT('',(0.897597901026,7.513833430027));
#2964 = CARTESIAN_POINT('',(1.121997376282,7.449546363587));
#2965 = CARTESIAN_POINT('',(1.346396851538,7.37950018539));
#2966 = CARTESIAN_POINT('',(1.570796326795,7.309453722761));
#2967 = ( GEOMETRIC_REPRESENTATION_CONTEXT(2) 
PARAMETRIC_REPRESENTATION_CONTEXT() REPRESENTATION_CONTEXT('2D SPACE',''
  ) );
#2968 = PCURVE('',#2896,#2969);
#2969 = DEFINITIONAL_REPRESENTATION('',(#2970),#2979);
#2970 = B_SPLINE_CURVE_WITH_KNOTS('',7,(#2971,#2972,#2973,#2974,#2975,
    #2976,#2977,#2978),.UNSPECIFIED.,.F.,.F.,(8,8),(0.,1.570796326795),
  .PIECEWISE_BEZIER_KNOTS.);
#2971 = CARTESIAN_POINT('',(1.224646799147E-16,-0.312150741658));
#2972 = CARTESIAN_POINT('',(0.224399475256,-0.312150741658));
#2973 = CARTESIAN_POINT('',(0.448798950513,-0.293812299931));
#2974 = CARTESIAN_POINT('',(0.673198425769,-0.257138076768));
#2975 = CARTESIAN_POINT('',(0.897597901026,-0.204379707263));
#2976 = CARTESIAN_POINT('',(1.121997376282,-0.140092640828));
#2977 = CARTESIAN_POINT('',(1.346396851538,-7.004646262895E-02));
#2978 = CARTESIAN_POINT('',(1.570796326795,-9.394533672173E-14));
#2979 = ( GEOMETRIC_REPRESENTATION_CONTEXT(2) 
PARAMETRIC_REPRESENTATION_CONTEXT() REPRESENTATION_CONTEXT('2D SPACE',''
  ) );
#2980 = ORIENTED_EDGE('',*,*,#2852,.F.);
#2981 = ORIENTED_EDGE('',*,*,#2677,.T.);
#2982 = ORIENTED_EDGE('',*,*,#2641,.T.);
#2983 = ORIENTED_EDGE('',*,*,#2602,.T.);
#2984 = ADVANCED_FACE('',(#2985),#2764,.T.);
#2985 = FACE_BOUND('',#2986,.T.);
#2986 = EDGE_LOOP('',(#2987,#3009,#3010,#3011,#3012,#3013,#3052,#3088));
#2987 = ORIENTED_EDGE('',*,*,#2988,.T.);
#2988 = EDGE_CURVE('',#2989,#2717,#2991,.T.);
#2989 = VERTEX_POINT('',#2990);
#2990 = CARTESIAN_POINT('',(7.916768427174,-4.253826340196,
    5.832380380939E-16));
#2991 = SEAM_CURVE('',#2992,(#2996,#3002),.PCURVE_S1.);
#2992 = LINE('',#2993,#2994);
#2993 = CARTESIAN_POINT('',(8.222921279858,-4.192928751489,
    5.832380380939E-16));
#2994 = VECTOR('',#2995,1.);
#2995 = DIRECTION('',(0.980785280403,0.195090322016,0.));
#2996 = PCURVE('',#2764,#2997);
#2997 = DEFINITIONAL_REPRESENTATION('',(#2998),#3001);
#2998 = B_SPLINE_CURVE_WITH_KNOTS('',1,(#2999,#3000),.UNSPECIFIED.,.F.,
  .F.,(2,2),(-1.726277771592,9.035731494353),.PIECEWISE_BEZIER_KNOTS.);
#2999 = CARTESIAN_POINT('',(6.28318530718,-1.726277771592));
#3000 = CARTESIAN_POINT('',(6.28318530718,9.035731494353));
#3001 = ( GEOMETRIC_REPRESENTATION_CONTEXT(2) 
PARAMETRIC_REPRESENTATION_CONTEXT() REPRESENTATION_CONTEXT('2D SPACE',''
  ) );
#3002 = PCURVE('',#2764,#3003);
#3003 = DEFINITIONAL_REPRESENTATION('',(#3004),#3008);
#3004 = LINE('',#3005,#3006);
#3005 = CARTESIAN_POINT('',(0.,0.));
#3006 = VECTOR('',#3007,1.);
#3007 = DIRECTION('',(0.,1.));
#3008 = ( GEOMETRIC_REPRESENTATION_CONTEXT(2) 
PARAMETRIC_REPRESENTATION_CONTEXT() REPRESENTATION_CONTEXT('2D SPACE',''
  ) );
#3009 = ORIENTED_EDGE('',*,*,#2817,.F.);
#3010 = ORIENTED_EDGE('',*,*,#2781,.F.);
#3011 = ORIENTED_EDGE('',*,*,#2742,.F.);
#3012 = ORIENTED_EDGE('',*,*,#2988,.F.);
#3013 = ORIENTED_EDGE('',*,*,#3014,.T.);
#3014 = EDGE_CURVE('',#2989,#3015,#3017,.T.);
#3015 = VERTEX_POINT('',#3016);
#3016 = CARTESIAN_POINT('',(7.293803621256,0.478061146431,-4.7625));
#3017 = SURFACE_CURVE('',#3018,(#3023,#3035),.PCURVE_S1.);
#3018 = ELLIPSE('',#3019,4.77271875722,4.7625);
#3019 = AXIS2_PLACEMENT_3D('',#3020,#3021,#3022);
#3020 = CARTESIAN_POINT('',(7.293803621256,0.478061146431,0.));
#3021 = DIRECTION('',(0.991444861374,0.13052619222,0.));
#3022 = DIRECTION('',(0.13052619222,-0.991444861374,0.));
#3023 = PCURVE('',#2764,#3024);
#3024 = DEFINITIONAL_REPRESENTATION('',(#3025),#3034);
#3025 = B_SPLINE_CURVE_WITH_KNOTS('',7,(#3026,#3027,#3028,#3029,#3030,
    #3031,#3032,#3033),.UNSPECIFIED.,.F.,.F.,(8,8),(0.,1.570796326795),
  .PIECEWISE_BEZIER_KNOTS.);
#3026 = CARTESIAN_POINT('',(1.224646799147E-16,-0.312150741658));
#3027 = CARTESIAN_POINT('',(0.224399475256,-0.312150741658));
#3028 = CARTESIAN_POINT('',(0.448798950513,-0.293812299931));
#3029 = CARTESIAN_POINT('',(0.673198425769,-0.257138076768));
#3030 = CARTESIAN_POINT('',(0.897597901026,-0.204379707263));
#3031 = CARTESIAN_POINT('',(1.121997376282,-0.140092640828));
#3032 = CARTESIAN_POINT('',(1.346396851538,-7.004646262886E-02));
#3033 = CARTESIAN_POINT('',(1.570796326795,-8.881784197001E-16));
#3034 = ( GEOMETRIC_REPRESENTATION_CONTEXT(2) 
PARAMETRIC_REPRESENTATION_CONTEXT() REPRESENTATION_CONTEXT('2D SPACE',''
  ) );
#3035 = PCURVE('',#3036,#3041);
#3036 = CYLINDRICAL_SURFACE('',#3037,4.7625);
#3037 = AXIS2_PLACEMENT_3D('',#3038,#3039,#3040);
#3038 = CARTESIAN_POINT('',(-1.026498947045E-14,0.,0.));
#3039 = DIRECTION('',(0.997858923239,6.540312923014E-02,0.));
#3040 = DIRECTION('',(6.540312923014E-02,-0.997858923239,
    1.224646799147E-16));
#3041 = DEFINITIONAL_REPRESENTATION('',(#3042),#3051);
#3042 = B_SPLINE_CURVE_WITH_KNOTS('',7,(#3043,#3044,#3045,#3046,#3047,
    #3048,#3049,#3050),.UNSPECIFIED.,.F.,.F.,(8,8),(0.,1.570796326795),
  .PIECEWISE_BEZIER_KNOTS.);
#3043 = CARTESIAN_POINT('',(1.224646799147E-16,7.621604464418));
#3044 = CARTESIAN_POINT('',(0.224399475256,7.621604464418));
#3045 = CARTESIAN_POINT('',(0.448798950513,7.603266022692));
#3046 = CARTESIAN_POINT('',(0.673198425769,7.566591799529));
#3047 = CARTESIAN_POINT('',(0.897597901026,7.513833430024));
#3048 = CARTESIAN_POINT('',(1.121997376282,7.449546363589));
#3049 = CARTESIAN_POINT('',(1.346396851538,7.37950018539));
#3050 = CARTESIAN_POINT('',(1.570796326795,7.309453722761));
#3051 = ( GEOMETRIC_REPRESENTATION_CONTEXT(2) 
PARAMETRIC_REPRESENTATION_CONTEXT() REPRESENTATION_CONTEXT('2D SPACE',''
  ) );
#3052 = ORIENTED_EDGE('',*,*,#3053,.T.);
#3053 = EDGE_CURVE('',#3015,#3054,#3056,.T.);
#3054 = VERTEX_POINT('',#3055);
#3055 = CARTESIAN_POINT('',(7.293803621256,0.478061146431,4.7625));
#3056 = SURFACE_CURVE('',#3057,(#3062,#3075),.PCURVE_S1.);
#3057 = ELLIPSE('',#3058,4.77271875722,4.7625);
#3058 = AXIS2_PLACEMENT_3D('',#3059,#3060,#3061);
#3059 = CARTESIAN_POINT('',(7.293803621256,0.478061146431,0.));
#3060 = DIRECTION('',(0.991444861374,0.13052619222,0.));
#3061 = DIRECTION('',(0.13052619222,-0.991444861374,0.));
#3062 = PCURVE('',#2764,#3063);
#3063 = DEFINITIONAL_REPRESENTATION('',(#3064),#3074);
#3064 = B_SPLINE_CURVE_WITH_KNOTS('',8,(#3065,#3066,#3067,#3068,#3069,
    #3070,#3071,#3072,#3073),.UNSPECIFIED.,.F.,.F.,(9,9),(1.570796326795
    ,4.712388980385),.PIECEWISE_BEZIER_KNOTS.);
#3065 = CARTESIAN_POINT('',(1.570796326795,-8.881784197001E-16));
#3066 = CARTESIAN_POINT('',(1.963495408494,0.122581309601));
#3067 = CARTESIAN_POINT('',(2.356194490189,0.245163596604));
#3068 = CARTESIAN_POINT('',(2.748893571897,0.338929943675));
#3069 = CARTESIAN_POINT('',(3.141592653567,0.37514230755));
#3070 = CARTESIAN_POINT('',(3.534291735298,0.338929943675));
#3071 = CARTESIAN_POINT('',(3.926990816983,0.245163596604));
#3072 = CARTESIAN_POINT('',(4.319689898686,0.122581309601));
#3073 = CARTESIAN_POINT('',(4.712388980385,-8.881784197001E-16));
#3074 = ( GEOMETRIC_REPRESENTATION_CONTEXT(2) 
PARAMETRIC_REPRESENTATION_CONTEXT() REPRESENTATION_CONTEXT('2D SPACE',''
  ) );
#3075 = PCURVE('',#3036,#3076);
#3076 = DEFINITIONAL_REPRESENTATION('',(#3077),#3087);
#3077 = B_SPLINE_CURVE_WITH_KNOTS('',8,(#3078,#3079,#3080,#3081,#3082,
    #3083,#3084,#3085,#3086),.UNSPECIFIED.,.F.,.F.,(9,9),(1.570796326795
    ,4.712388980385),.PIECEWISE_BEZIER_KNOTS.);
#3078 = CARTESIAN_POINT('',(1.570796326795,7.309453722761));
#3079 = CARTESIAN_POINT('',(1.963495408494,7.18687241316));
#3080 = CARTESIAN_POINT('',(2.35619449019,7.064290126145));
#3081 = CARTESIAN_POINT('',(2.748893571892,6.970523779116));
#3082 = CARTESIAN_POINT('',(3.141592653574,6.934311415139));
#3083 = CARTESIAN_POINT('',(3.534291735292,6.970523779124));
#3084 = CARTESIAN_POINT('',(3.926990816984,7.064290126146));
#3085 = CARTESIAN_POINT('',(4.319689898686,7.18687241316));
#3086 = CARTESIAN_POINT('',(4.712388980385,7.309453722761));
#3087 = ( GEOMETRIC_REPRESENTATION_CONTEXT(2) 
PARAMETRIC_REPRESENTATION_CONTEXT() REPRESENTATION_CONTEXT('2D SPACE',''
  ) );
#3088 = ORIENTED_EDGE('',*,*,#3089,.T.);
#3089 = EDGE_CURVE('',#3054,#2989,#3090,.T.);
#3090 = SURFACE_CURVE('',#3091,(#3096,#3108),.PCURVE_S1.);
#3091 = ELLIPSE('',#3092,4.77271875722,4.7625);
#3092 = AXIS2_PLACEMENT_3D('',#3093,#3094,#3095);
#3093 = CARTESIAN_POINT('',(7.293803621256,0.478061146431,0.));
#3094 = DIRECTION('',(0.991444861374,0.13052619222,0.));
#3095 = DIRECTION('',(0.13052619222,-0.991444861374,0.));
#3096 = PCURVE('',#2764,#3097);
#3097 = DEFINITIONAL_REPRESENTATION('',(#3098),#3107);
#3098 = B_SPLINE_CURVE_WITH_KNOTS('',7,(#3099,#3100,#3101,#3102,#3103,
    #3104,#3105,#3106),.UNSPECIFIED.,.F.,.F.,(8,8),(4.712388980385,
    6.28318530718),.PIECEWISE_BEZIER_KNOTS.);
#3099 = CARTESIAN_POINT('',(4.712388980385,-8.881784197001E-16));
#3100 = CARTESIAN_POINT('',(4.936788455641,-7.004646262886E-02));
#3101 = CARTESIAN_POINT('',(5.161187930898,-0.140092640828));
#3102 = CARTESIAN_POINT('',(5.385587406153,-0.204379707263));
#3103 = CARTESIAN_POINT('',(5.609986881411,-0.257138076768));
#3104 = CARTESIAN_POINT('',(5.834386356667,-0.293812299931));
#3105 = CARTESIAN_POINT('',(6.058785831923,-0.312150741658));
#3106 = CARTESIAN_POINT('',(6.28318530718,-0.312150741658));
#3107 = ( GEOMETRIC_REPRESENTATION_CONTEXT(2) 
PARAMETRIC_REPRESENTATION_CONTEXT() REPRESENTATION_CONTEXT('2D SPACE',''
  ) );
#3108 = PCURVE('',#3036,#3109);
#3109 = DEFINITIONAL_REPRESENTATION('',(#3110),#3119);
#3110 = B_SPLINE_CURVE_WITH_KNOTS('',7,(#3111,#3112,#3113,#3114,#3115,
    #3116,#3117,#3118),.UNSPECIFIED.,.F.,.F.,(8,8),(4.712388980385,
    6.28318530718),.PIECEWISE_BEZIER_KNOTS.);
#3111 = CARTESIAN_POINT('',(4.712388980385,7.309453722761));
#3112 = CARTESIAN_POINT('',(4.936788455641,7.37950018539));
#3113 = CARTESIAN_POINT('',(5.161187930898,7.449546363587));
#3114 = CARTESIAN_POINT('',(5.385587406153,7.513833430027));
#3115 = CARTESIAN_POINT('',(5.609986881411,7.566591799526));
#3116 = CARTESIAN_POINT('',(5.834386356667,7.603266022693));
#3117 = CARTESIAN_POINT('',(6.058785831923,7.621604464418));
#3118 = CARTESIAN_POINT('',(6.28318530718,7.621604464418));
#3119 = ( GEOMETRIC_REPRESENTATION_CONTEXT(2) 
PARAMETRIC_REPRESENTATION_CONTEXT() REPRESENTATION_CONTEXT('2D SPACE',''
  ) );
#3120 = ADVANCED_FACE('',(#3121),#2896,.T.);
#3121 = FACE_BOUND('',#3122,.T.);
#3122 = EDGE_LOOP('',(#3123,#3124,#3146,#3187,#3228,#3262,#3263,#3264));
#3123 = ORIENTED_EDGE('',*,*,#2874,.T.);
#3124 = ORIENTED_EDGE('',*,*,#3125,.T.);
#3125 = EDGE_CURVE('',#2853,#3126,#3128,.T.);
#3126 = VERTEX_POINT('',#3127);
#3127 = CARTESIAN_POINT('',(4.7625,116.22056801556,5.832380380939E-16));
#3128 = SEAM_CURVE('',#3129,(#3133,#3140),.PCURVE_S1.);
#3129 = LINE('',#3130,#3131);
#3130 = CARTESIAN_POINT('',(7.605286024215,116.03424197549,
    5.832380380939E-16));
#3131 = VECTOR('',#3132,1.);
#3132 = DIRECTION('',(-0.997858923239,6.540312923015E-02,0.));
#3133 = PCURVE('',#2896,#3134);
#3134 = DEFINITIONAL_REPRESENTATION('',(#3135),#3139);
#3135 = LINE('',#3136,#3137);
#3136 = CARTESIAN_POINT('',(0.,0.));
#3137 = VECTOR('',#3138,1.);
#3138 = DIRECTION('',(0.,1.));
#3139 = ( GEOMETRIC_REPRESENTATION_CONTEXT(2) 
PARAMETRIC_REPRESENTATION_CONTEXT() REPRESENTATION_CONTEXT('2D SPACE',''
  ) );
#3140 = PCURVE('',#2896,#3141);
#3141 = DEFINITIONAL_REPRESENTATION('',(#3142),#3145);
#3142 = B_SPLINE_CURVE_WITH_KNOTS('',1,(#3143,#3144),.UNSPECIFIED.,.F.,
  .F.,(2,2),(-1.726277771592,9.035731494353),.PIECEWISE_BEZIER_KNOTS.);
#3143 = CARTESIAN_POINT('',(6.28318530718,-1.726277771592));
#3144 = CARTESIAN_POINT('',(6.28318530718,9.035731494353));
#3145 = ( GEOMETRIC_REPRESENTATION_CONTEXT(2) 
PARAMETRIC_REPRESENTATION_CONTEXT() REPRESENTATION_CONTEXT('2D SPACE',''
  ) );
#3146 = ORIENTED_EDGE('',*,*,#3147,.F.);
#3147 = EDGE_CURVE('',#3148,#3126,#3150,.T.);
#3148 = VERTEX_POINT('',#3149);
#3149 = CARTESIAN_POINT('',(1.001728236253E-13,111.76,4.7625));
#3150 = SURFACE_CURVE('',#3151,(#3156,#3169),.PCURVE_S1.);
#3151 = ELLIPSE('',#3152,6.525187604311,4.7625);
#3152 = AXIS2_PLACEMENT_3D('',#3153,#3154,#3155);
#3153 = CARTESIAN_POINT('',(4.284260482654E-17,111.76,0.));
#3154 = DIRECTION('',(-0.683592302023,0.729864072698,0.));
#3155 = DIRECTION('',(-0.729864072698,-0.683592302023,0.));
#3156 = PCURVE('',#2896,#3157);
#3157 = DEFINITIONAL_REPRESENTATION('',(#3158),#3168);
#3158 = B_SPLINE_CURVE_WITH_KNOTS('',8,(#3159,#3160,#3161,#3162,#3163,
    #3164,#3165,#3166,#3167),.UNSPECIFIED.,.F.,.F.,(9,9),(1.570796167002
    ,3.14159265359),.PIECEWISE_BEZIER_KNOTS.);
#3159 = CARTESIAN_POINT('',(4.712388820592,7.309454435529));
#3160 = CARTESIAN_POINT('',(4.908738381415,6.43362386465));
#3161 = CARTESIAN_POINT('',(5.105087942244,5.557793054418));
#3162 = CARTESIAN_POINT('',(5.301437503025,4.733416908193));
#3163 = CARTESIAN_POINT('',(5.497787063911,4.011940018069));
#3164 = CARTESIAN_POINT('',(5.694136624678,3.438492421871));
#3165 = CARTESIAN_POINT('',(5.890486185537,3.045421835292));
#3166 = CARTESIAN_POINT('',(6.086835746356,2.848885707199));
#3167 = CARTESIAN_POINT('',(6.28318530718,2.848885707199));
#3168 = ( GEOMETRIC_REPRESENTATION_CONTEXT(2) 
PARAMETRIC_REPRESENTATION_CONTEXT() REPRESENTATION_CONTEXT('2D SPACE',''
  ) );
#3169 = PCURVE('',#3170,#3175);
#3170 = CYLINDRICAL_SURFACE('',#3171,4.7625);
#3171 = AXIS2_PLACEMENT_3D('',#3172,#3173,#3174);
#3172 = CARTESIAN_POINT('',(0.,111.76,0.));
#3173 = DIRECTION('',(0.,1.,0.));
#3174 = DIRECTION('',(0.,-0.,1.));
#3175 = DEFINITIONAL_REPRESENTATION('',(#3176),#3186);
#3176 = B_SPLINE_CURVE_WITH_KNOTS('',8,(#3177,#3178,#3179,#3180,#3181,
    #3182,#3183,#3184,#3185),.UNSPECIFIED.,.F.,.F.,(9,9),(1.570796167002
    ,3.14159265359),.PIECEWISE_BEZIER_KNOTS.);
#3177 = CARTESIAN_POINT('',(-1.59793079213E-07,-7.127678713914E-07));
#3178 = CARTESIAN_POINT('',(0.19634940103,0.875829858111));
#3179 = CARTESIAN_POINT('',(0.392698961853,1.751660668343));
#3180 = CARTESIAN_POINT('',(0.589048522678,2.576036814553));
#3181 = CARTESIAN_POINT('',(0.785398083499,3.297513704695));
#3182 = CARTESIAN_POINT('',(0.981747644324,3.870961300875));
#3183 = CARTESIAN_POINT('',(1.178097205147,4.264031887467));
#3184 = CARTESIAN_POINT('',(1.374446765971,4.460568015562));
#3185 = CARTESIAN_POINT('',(1.570796326795,4.460568015562));
#3186 = ( GEOMETRIC_REPRESENTATION_CONTEXT(2) 
PARAMETRIC_REPRESENTATION_CONTEXT() REPRESENTATION_CONTEXT('2D SPACE',''
  ) );
#3187 = ORIENTED_EDGE('',*,*,#3188,.F.);
#3188 = EDGE_CURVE('',#3189,#3148,#3191,.T.);
#3189 = VERTEX_POINT('',#3190);
#3190 = CARTESIAN_POINT('',(2.096884105919E-13,111.76,-4.7625));
#3191 = SURFACE_CURVE('',#3192,(#3197,#3210),.PCURVE_S1.);
#3192 = ELLIPSE('',#3193,4.77271875722,4.7625);
#3193 = AXIS2_PLACEMENT_3D('',#3194,#3195,#3196);
#3194 = CARTESIAN_POINT('',(2.030002209942E-13,111.76,0.));
#3195 = DIRECTION('',(-1.,-6.953782485992E-18,0.));
#3196 = DIRECTION('',(-6.953782485992E-18,1.,0.));
#3197 = PCURVE('',#2896,#3198);
#3198 = DEFINITIONAL_REPRESENTATION('',(#3199),#3209);
#3199 = B_SPLINE_CURVE_WITH_KNOTS('',8,(#3200,#3201,#3202,#3203,#3204,
    #3205,#3206,#3207,#3208),.UNSPECIFIED.,.F.,.F.,(9,9),(1.570796326795
    ,4.712388980385),.PIECEWISE_BEZIER_KNOTS.);
#3200 = CARTESIAN_POINT('',(1.570796326795,7.309453722761));
#3201 = CARTESIAN_POINT('',(1.963495408494,7.18687241316));
#3202 = CARTESIAN_POINT('',(2.35619449019,7.064290126155));
#3203 = CARTESIAN_POINT('',(2.748893571894,6.970523779073));
#3204 = CARTESIAN_POINT('',(3.141592653576,6.934311415234));
#3205 = CARTESIAN_POINT('',(3.534291735292,6.970523779064));
#3206 = CARTESIAN_POINT('',(3.926990816984,7.064290126155));
#3207 = CARTESIAN_POINT('',(4.319689898686,7.18687241316));
#3208 = CARTESIAN_POINT('',(4.712388980385,7.309453722761));
#3209 = ( GEOMETRIC_REPRESENTATION_CONTEXT(2) 
PARAMETRIC_REPRESENTATION_CONTEXT() REPRESENTATION_CONTEXT('2D SPACE',''
  ) );
#3210 = PCURVE('',#3211,#3216);
#3211 = CYLINDRICAL_SURFACE('',#3212,4.7625);
#3212 = AXIS2_PLACEMENT_3D('',#3213,#3214,#3215);
#3213 = CARTESIAN_POINT('',(3.421663156818E-15,111.76,0.));
#3214 = DIRECTION('',(-0.997858923239,-6.540312923015E-02,0.));
#3215 = DIRECTION('',(-6.540312923015E-02,0.997858923239,
    1.224646799147E-16));
#3216 = DEFINITIONAL_REPRESENTATION('',(#3217),#3227);
#3217 = B_SPLINE_CURVE_WITH_KNOTS('',8,(#3218,#3219,#3220,#3221,#3222,
    #3223,#3224,#3225,#3226),.UNSPECIFIED.,.F.,.F.,(9,9),(1.570796326795
    ,4.712388980385),.PIECEWISE_BEZIER_KNOTS.);
#3218 = CARTESIAN_POINT('',(1.570796326795,-1.998401444325E-13));
#3219 = CARTESIAN_POINT('',(1.963495408494,0.1225813096));
#3220 = CARTESIAN_POINT('',(2.356194490189,0.245163596604));
#3221 = CARTESIAN_POINT('',(2.748893571896,0.338929943675));
#3222 = CARTESIAN_POINT('',(3.141592653569,0.375142307549));
#3223 = CARTESIAN_POINT('',(3.534291735296,0.338929943675));
#3224 = CARTESIAN_POINT('',(3.926990816983,0.245163596604));
#3225 = CARTESIAN_POINT('',(4.319689898686,0.1225813096));
#3226 = CARTESIAN_POINT('',(4.712388980385,-1.998401444325E-13));
#3227 = ( GEOMETRIC_REPRESENTATION_CONTEXT(2) 
PARAMETRIC_REPRESENTATION_CONTEXT() REPRESENTATION_CONTEXT('2D SPACE',''
  ) );
#3228 = ORIENTED_EDGE('',*,*,#3229,.F.);
#3229 = EDGE_CURVE('',#3126,#3189,#3230,.T.);
#3230 = SURFACE_CURVE('',#3231,(#3236,#3249),.PCURVE_S1.);
#3231 = ELLIPSE('',#3232,6.525187604311,4.7625);
#3232 = AXIS2_PLACEMENT_3D('',#3233,#3234,#3235);
#3233 = CARTESIAN_POINT('',(4.284260482654E-17,111.76,0.));
#3234 = DIRECTION('',(-0.683592302023,0.729864072698,0.));
#3235 = DIRECTION('',(-0.729864072698,-0.683592302023,0.));
#3236 = PCURVE('',#2896,#3237);
#3237 = DEFINITIONAL_REPRESENTATION('',(#3238),#3248);
#3238 = B_SPLINE_CURVE_WITH_KNOTS('',8,(#3239,#3240,#3241,#3242,#3243,
    #3244,#3245,#3246,#3247),.UNSPECIFIED.,.F.,.F.,(9,9),(3.14159265359,
    4.712388980385),.PIECEWISE_BEZIER_KNOTS.);
#3239 = CARTESIAN_POINT('',(-8.881784197001E-16,2.848885707199));
#3240 = CARTESIAN_POINT('',(0.196349540849,2.848885707199));
#3241 = CARTESIAN_POINT('',(0.392699081699,3.045421795299));
#3242 = CARTESIAN_POINT('',(0.589048622545,3.438492301942));
#3243 = CARTESIAN_POINT('',(0.785398163399,4.011939784687));
#3244 = CARTESIAN_POINT('',(0.981747704246,4.733416541251));
#3245 = CARTESIAN_POINT('',(1.178097245096,5.557792551242));
#3246 = CARTESIAN_POINT('',(1.374446785946,6.433623240978));
#3247 = CARTESIAN_POINT('',(1.570796326795,7.309453722761));
#3248 = ( GEOMETRIC_REPRESENTATION_CONTEXT(2) 
PARAMETRIC_REPRESENTATION_CONTEXT() REPRESENTATION_CONTEXT('2D SPACE',''
  ) );
#3249 = PCURVE('',#3170,#3250);
#3250 = DEFINITIONAL_REPRESENTATION('',(#3251),#3261);
#3251 = B_SPLINE_CURVE_WITH_KNOTS('',8,(#3252,#3253,#3254,#3255,#3256,
    #3257,#3258,#3259,#3260),.UNSPECIFIED.,.F.,.F.,(9,9),(3.14159265359,
    4.712388980385),.PIECEWISE_BEZIER_KNOTS.);
#3252 = CARTESIAN_POINT('',(1.570796326795,4.460568015562));
#3253 = CARTESIAN_POINT('',(1.767145867644,4.460568015562));
#3254 = CARTESIAN_POINT('',(1.963495408491,4.264031927452));
#3255 = CARTESIAN_POINT('',(2.159844949345,3.87096142084));
#3256 = CARTESIAN_POINT('',(2.356194490178,3.297513938032));
#3257 = CARTESIAN_POINT('',(2.552544031046,2.576037181529));
#3258 = CARTESIAN_POINT('',(2.748893571888,1.751661171511));
#3259 = CARTESIAN_POINT('',(2.94524311274,0.875830481783));
#3260 = CARTESIAN_POINT('',(3.14159265359,2.84217094304E-14));
#3261 = ( GEOMETRIC_REPRESENTATION_CONTEXT(2) 
PARAMETRIC_REPRESENTATION_CONTEXT() REPRESENTATION_CONTEXT('2D SPACE',''
  ) );
#3262 = ORIENTED_EDGE('',*,*,#3125,.F.);
#3263 = ORIENTED_EDGE('',*,*,#2949,.T.);
#3264 = ORIENTED_EDGE('',*,*,#2913,.T.);
#3265 = ADVANCED_FACE('',(#3266),#3036,.T.);
#3266 = FACE_BOUND('',#3267,.T.);
#3267 = EDGE_LOOP('',(#3268,#3290,#3291,#3292,#3293,#3294,#3333,#3369));
#3268 = ORIENTED_EDGE('',*,*,#3269,.T.);
#3269 = EDGE_CURVE('',#3270,#2989,#3272,.T.);
#3270 = VERTEX_POINT('',#3271);
#3271 = CARTESIAN_POINT('',(4.307785959824E-14,-4.77271875722,
    5.832380380939E-16));
#3272 = SEAM_CURVE('',#3273,(#3277,#3283),.PCURVE_S1.);
#3273 = LINE('',#3274,#3275);
#3274 = CARTESIAN_POINT('',(0.311482402959,-4.752303121924,
    5.832380380939E-16));
#3275 = VECTOR('',#3276,1.);
#3276 = DIRECTION('',(0.997858923239,6.540312923014E-02,0.));
#3277 = PCURVE('',#3036,#3278);
#3278 = DEFINITIONAL_REPRESENTATION('',(#3279),#3282);
#3279 = B_SPLINE_CURVE_WITH_KNOTS('',1,(#3280,#3281),.UNSPECIFIED.,.F.,
  .F.,(2,2),(-1.726277771592,9.035731494353),.PIECEWISE_BEZIER_KNOTS.);
#3280 = CARTESIAN_POINT('',(6.28318530718,-1.726277771592));
#3281 = CARTESIAN_POINT('',(6.28318530718,9.035731494353));
#3282 = ( GEOMETRIC_REPRESENTATION_CONTEXT(2) 
PARAMETRIC_REPRESENTATION_CONTEXT() REPRESENTATION_CONTEXT('2D SPACE',''
  ) );
#3283 = PCURVE('',#3036,#3284);
#3284 = DEFINITIONAL_REPRESENTATION('',(#3285),#3289);
#3285 = LINE('',#3286,#3287);
#3286 = CARTESIAN_POINT('',(0.,0.));
#3287 = VECTOR('',#3288,1.);
#3288 = DIRECTION('',(0.,1.));
#3289 = ( GEOMETRIC_REPRESENTATION_CONTEXT(2) 
PARAMETRIC_REPRESENTATION_CONTEXT() REPRESENTATION_CONTEXT('2D SPACE',''
  ) );
#3290 = ORIENTED_EDGE('',*,*,#3089,.F.);
#3291 = ORIENTED_EDGE('',*,*,#3053,.F.);
#3292 = ORIENTED_EDGE('',*,*,#3014,.F.);
#3293 = ORIENTED_EDGE('',*,*,#3269,.F.);
#3294 = ORIENTED_EDGE('',*,*,#3295,.T.);
#3295 = EDGE_CURVE('',#3270,#3296,#3298,.T.);
#3296 = VERTEX_POINT('',#3297);
#3297 = CARTESIAN_POINT('',(-1.484944518247E-14,-1.914781110216E-18,
    -4.7625));
#3298 = SURFACE_CURVE('',#3299,(#3304,#3316),.PCURVE_S1.);
#3299 = ELLIPSE('',#3300,4.77271875722,4.7625);
#3300 = AXIS2_PLACEMENT_3D('',#3301,#3302,#3303);
#3301 = CARTESIAN_POINT('',(-8.161255584824E-15,1.442075876213E-16,0.));
#3302 = DIRECTION('',(1.,-7.510085084871E-16,0.));
#3303 = DIRECTION('',(-7.510085084871E-16,-1.,0.));
#3304 = PCURVE('',#3036,#3305);
#3305 = DEFINITIONAL_REPRESENTATION('',(#3306),#3315);
#3306 = B_SPLINE_CURVE_WITH_KNOTS('',7,(#3307,#3308,#3309,#3310,#3311,
    #3312,#3313,#3314),.UNSPECIFIED.,.F.,.F.,(8,8),(0.,1.570796326795),
  .PIECEWISE_BEZIER_KNOTS.);
#3307 = CARTESIAN_POINT('',(1.224646799147E-16,-0.312150741658));
#3308 = CARTESIAN_POINT('',(0.224399475256,-0.312150741658));
#3309 = CARTESIAN_POINT('',(0.448798950513,-0.293812299931));
#3310 = CARTESIAN_POINT('',(0.673198425769,-0.257138076768));
#3311 = CARTESIAN_POINT('',(0.897597901026,-0.204379707263));
#3312 = CARTESIAN_POINT('',(1.121997376282,-0.140092640828));
#3313 = CARTESIAN_POINT('',(1.346396851538,-7.004646262886E-02));
#3314 = CARTESIAN_POINT('',(1.570796326795,2.089547537053E-15));
#3315 = ( GEOMETRIC_REPRESENTATION_CONTEXT(2) 
PARAMETRIC_REPRESENTATION_CONTEXT() REPRESENTATION_CONTEXT('2D SPACE',''
  ) );
#3316 = PCURVE('',#3317,#3322);
#3317 = CYLINDRICAL_SURFACE('',#3318,4.7625);
#3318 = AXIS2_PLACEMENT_3D('',#3319,#3320,#3321);
#3319 = CARTESIAN_POINT('',(-7.293803621256,0.478061146431,0.));
#3320 = DIRECTION('',(0.997858923239,-6.540312923014E-02,0.));
#3321 = DIRECTION('',(-6.540312923014E-02,-0.997858923239,
    1.224646799147E-16));
#3322 = DEFINITIONAL_REPRESENTATION('',(#3323),#3332);
#3323 = B_SPLINE_CURVE_WITH_KNOTS('',7,(#3324,#3325,#3326,#3327,#3328,
    #3329,#3330,#3331),.UNSPECIFIED.,.F.,.F.,(8,8),(0.,1.570796326795),
  .PIECEWISE_BEZIER_KNOTS.);
#3324 = CARTESIAN_POINT('',(1.224646799147E-16,7.621604464418));
#3325 = CARTESIAN_POINT('',(0.224399475256,7.621604464418));
#3326 = CARTESIAN_POINT('',(0.448798950513,7.603266022693));
#3327 = CARTESIAN_POINT('',(0.673198425769,7.566591799524));
#3328 = CARTESIAN_POINT('',(0.897597901026,7.51383343003));
#3329 = CARTESIAN_POINT('',(1.121997376282,7.449546363587));
#3330 = CARTESIAN_POINT('',(1.346396851538,7.37950018539));
#3331 = CARTESIAN_POINT('',(1.570796326795,7.309453722761));
#3332 = ( GEOMETRIC_REPRESENTATION_CONTEXT(2) 
PARAMETRIC_REPRESENTATION_CONTEXT() REPRESENTATION_CONTEXT('2D SPACE',''
  ) );
#3333 = ORIENTED_EDGE('',*,*,#3334,.T.);
#3334 = EDGE_CURVE('',#3296,#3335,#3337,.T.);
#3335 = VERTEX_POINT('',#3336);
#3336 = CARTESIAN_POINT('',(-5.931859052276E-15,5.825746938157E-16,
    4.7625));
#3337 = SURFACE_CURVE('',#3338,(#3343,#3356),.PCURVE_S1.);
#3338 = ELLIPSE('',#3339,4.77271875722,4.7625);
#3339 = AXIS2_PLACEMENT_3D('',#3340,#3341,#3342);
#3340 = CARTESIAN_POINT('',(-8.161255584824E-15,1.442075876213E-16,0.));
#3341 = DIRECTION('',(1.,-7.510085084871E-16,0.));
#3342 = DIRECTION('',(-7.510085084871E-16,-1.,0.));
#3343 = PCURVE('',#3036,#3344);
#3344 = DEFINITIONAL_REPRESENTATION('',(#3345),#3355);
#3345 = B_SPLINE_CURVE_WITH_KNOTS('',8,(#3346,#3347,#3348,#3349,#3350,
    #3351,#3352,#3353,#3354),.UNSPECIFIED.,.F.,.F.,(9,9),(1.570796326795
    ,4.712388980385),.PIECEWISE_BEZIER_KNOTS.);
#3346 = CARTESIAN_POINT('',(1.570796326795,2.089547537053E-15));
#3347 = CARTESIAN_POINT('',(1.963495408494,0.122581309601));
#3348 = CARTESIAN_POINT('',(2.35619449019,0.245163596605));
#3349 = CARTESIAN_POINT('',(2.748893571892,0.338929943674));
#3350 = CARTESIAN_POINT('',(3.141592653574,0.37514230755));
#3351 = CARTESIAN_POINT('',(3.534291735292,0.338929943674));
#3352 = CARTESIAN_POINT('',(3.926990816984,0.245163596605));
#3353 = CARTESIAN_POINT('',(4.319689898686,0.122581309601));
#3354 = CARTESIAN_POINT('',(4.712388980385,2.166002418377E-15));
#3355 = ( GEOMETRIC_REPRESENTATION_CONTEXT(2) 
PARAMETRIC_REPRESENTATION_CONTEXT() REPRESENTATION_CONTEXT('2D SPACE',''
  ) );
#3356 = PCURVE('',#3317,#3357);
#3357 = DEFINITIONAL_REPRESENTATION('',(#3358),#3368);
#3358 = B_SPLINE_CURVE_WITH_KNOTS('',8,(#3359,#3360,#3361,#3362,#3363,
    #3364,#3365,#3366,#3367),.UNSPECIFIED.,.F.,.F.,(9,9),(1.570796326795
    ,4.712388980385),.PIECEWISE_BEZIER_KNOTS.);
#3359 = CARTESIAN_POINT('',(1.570796326795,7.309453722761));
#3360 = CARTESIAN_POINT('',(1.963495408494,7.18687241316));
#3361 = CARTESIAN_POINT('',(2.35619449019,7.064290126152));
#3362 = CARTESIAN_POINT('',(2.748893571892,6.970523779089));
#3363 = CARTESIAN_POINT('',(3.141592653574,6.934311415206));
#3364 = CARTESIAN_POINT('',(3.534291735292,6.970523779082));
#3365 = CARTESIAN_POINT('',(3.926990816984,7.064290126156));
#3366 = CARTESIAN_POINT('',(4.319689898686,7.18687241316));
#3367 = CARTESIAN_POINT('',(4.712388980385,7.309453722761));
#3368 = ( GEOMETRIC_REPRESENTATION_CONTEXT(2) 
PARAMETRIC_REPRESENTATION_CONTEXT() REPRESENTATION_CONTEXT('2D SPACE',''
  ) );
#3369 = ORIENTED_EDGE('',*,*,#3370,.T.);
#3370 = EDGE_CURVE('',#3335,#3270,#3371,.T.);
#3371 = SURFACE_CURVE('',#3372,(#3377,#3389),.PCURVE_S1.);
#3372 = ELLIPSE('',#3373,4.77271875722,4.7625);
#3373 = AXIS2_PLACEMENT_3D('',#3374,#3375,#3376);
#3374 = CARTESIAN_POINT('',(-8.161255584824E-15,1.442075876213E-16,0.));
#3375 = DIRECTION('',(1.,-7.510085084871E-16,0.));
#3376 = DIRECTION('',(-7.510085084871E-16,-1.,0.));
#3377 = PCURVE('',#3036,#3378);
#3378 = DEFINITIONAL_REPRESENTATION('',(#3379),#3388);
#3379 = B_SPLINE_CURVE_WITH_KNOTS('',7,(#3380,#3381,#3382,#3383,#3384,
    #3385,#3386,#3387),.UNSPECIFIED.,.F.,.F.,(8,8),(4.712388980385,
    6.28318530718),.PIECEWISE_BEZIER_KNOTS.);
#3380 = CARTESIAN_POINT('',(4.712388980385,2.166002418377E-15));
#3381 = CARTESIAN_POINT('',(4.936788455641,-7.004646262886E-02));
#3382 = CARTESIAN_POINT('',(5.161187930898,-0.140092640828));
#3383 = CARTESIAN_POINT('',(5.385587406153,-0.204379707263));
#3384 = CARTESIAN_POINT('',(5.609986881411,-0.257138076769));
#3385 = CARTESIAN_POINT('',(5.834386356667,-0.293812299931));
#3386 = CARTESIAN_POINT('',(6.058785831923,-0.312150741658));
#3387 = CARTESIAN_POINT('',(6.28318530718,-0.312150741658));
#3388 = ( GEOMETRIC_REPRESENTATION_CONTEXT(2) 
PARAMETRIC_REPRESENTATION_CONTEXT() REPRESENTATION_CONTEXT('2D SPACE',''
  ) );
#3389 = PCURVE('',#3317,#3390);
#3390 = DEFINITIONAL_REPRESENTATION('',(#3391),#3400);
#3391 = B_SPLINE_CURVE_WITH_KNOTS('',7,(#3392,#3393,#3394,#3395,#3396,
    #3397,#3398,#3399),.UNSPECIFIED.,.F.,.F.,(8,8),(4.712388980385,
    6.28318530718),.PIECEWISE_BEZIER_KNOTS.);
#3392 = CARTESIAN_POINT('',(4.712388980385,7.309453722761));
#3393 = CARTESIAN_POINT('',(4.936788455641,7.37950018539));
#3394 = CARTESIAN_POINT('',(5.161187930898,7.449546363589));
#3395 = CARTESIAN_POINT('',(5.385587406153,7.513833430024));
#3396 = CARTESIAN_POINT('',(5.609986881411,7.56659179953));
#3397 = CARTESIAN_POINT('',(5.834386356667,7.603266022691));
#3398 = CARTESIAN_POINT('',(6.058785831923,7.621604464418));
#3399 = CARTESIAN_POINT('',(6.28318530718,7.621604464418));
#3400 = ( GEOMETRIC_REPRESENTATION_CONTEXT(2) 
PARAMETRIC_REPRESENTATION_CONTEXT() REPRESENTATION_CONTEXT('2D SPACE',''
  ) );
#3401 = ADVANCED_FACE('',(#3402),#3170,.T.);
#3402 = FACE_BOUND('',#3403,.T.);
#3403 = EDGE_LOOP('',(#3404,#3426,#3427,#3428,#3464,#3498,#3499,#3554));
#3404 = ORIENTED_EDGE('',*,*,#3405,.F.);
#3405 = EDGE_CURVE('',#3148,#3406,#3408,.T.);
#3406 = VERTEX_POINT('',#3407);
#3407 = CARTESIAN_POINT('',(-1.166476076188E-15,172.72,4.7625));
#3408 = SEAM_CURVE('',#3409,(#3413,#3420),.PCURVE_S1.);
#3409 = LINE('',#3410,#3411);
#3410 = CARTESIAN_POINT('',(0.,111.76,4.7625));
#3411 = VECTOR('',#3412,1.);
#3412 = DIRECTION('',(0.,1.,0.));
#3413 = PCURVE('',#3170,#3414);
#3414 = DEFINITIONAL_REPRESENTATION('',(#3415),#3419);
#3415 = LINE('',#3416,#3417);
#3416 = CARTESIAN_POINT('',(0.,0.));
#3417 = VECTOR('',#3418,1.);
#3418 = DIRECTION('',(0.,1.));
#3419 = ( GEOMETRIC_REPRESENTATION_CONTEXT(2) 
PARAMETRIC_REPRESENTATION_CONTEXT() REPRESENTATION_CONTEXT('2D SPACE',''
  ) );
#3420 = PCURVE('',#3170,#3421);
#3421 = DEFINITIONAL_REPRESENTATION('',(#3422),#3425);
#3422 = B_SPLINE_CURVE_WITH_KNOTS('',1,(#3423,#3424),.UNSPECIFIED.,.F.,
  .F.,(2,2),(0.,60.96),.PIECEWISE_BEZIER_KNOTS.);
#3423 = CARTESIAN_POINT('',(6.28318530718,0.));
#3424 = CARTESIAN_POINT('',(6.28318530718,60.96));
#3425 = ( GEOMETRIC_REPRESENTATION_CONTEXT(2) 
PARAMETRIC_REPRESENTATION_CONTEXT() REPRESENTATION_CONTEXT('2D SPACE',''
  ) );
#3426 = ORIENTED_EDGE('',*,*,#3147,.T.);
#3427 = ORIENTED_EDGE('',*,*,#3229,.T.);
#3428 = ORIENTED_EDGE('',*,*,#3429,.F.);
#3429 = EDGE_CURVE('',#3430,#3189,#3432,.T.);
#3430 = VERTEX_POINT('',#3431);
#3431 = CARTESIAN_POINT('',(-4.7625,116.22056801556,5.832380380939E-16)
  );
#3432 = SURFACE_CURVE('',#3433,(#3438,#3451),.PCURVE_S1.);
#3433 = ELLIPSE('',#3434,6.525187604311,4.7625);
#3434 = AXIS2_PLACEMENT_3D('',#3435,#3436,#3437);
#3435 = CARTESIAN_POINT('',(-5.360459174778E-32,111.76,0.));
#3436 = DIRECTION('',(-0.683592302023,-0.729864072698,0.));
#3437 = DIRECTION('',(-0.729864072698,0.683592302023,0.));
#3438 = PCURVE('',#3170,#3439);
#3439 = DEFINITIONAL_REPRESENTATION('',(#3440),#3450);
#3440 = B_SPLINE_CURVE_WITH_KNOTS('',8,(#3441,#3442,#3443,#3444,#3445,
    #3446,#3447,#3448,#3449),.UNSPECIFIED.,.F.,.F.,(9,9),(0.,
    1.570796326795),.PIECEWISE_BEZIER_KNOTS.);
#3441 = CARTESIAN_POINT('',(4.712388980385,4.460568015562));
#3442 = CARTESIAN_POINT('',(4.516039439535,4.460568015562));
#3443 = CARTESIAN_POINT('',(4.319689898684,4.264031927452));
#3444 = CARTESIAN_POINT('',(4.123340357829,3.870961420835));
#3445 = CARTESIAN_POINT('',(3.926990816986,3.297513938031));
#3446 = CARTESIAN_POINT('',(3.730641276128,2.576037181526));
#3447 = CARTESIAN_POINT('',(3.534291735288,1.751661171512));
#3448 = CARTESIAN_POINT('',(3.337942194439,0.875830481783));
#3449 = CARTESIAN_POINT('',(3.14159265359,0.));
#3450 = ( GEOMETRIC_REPRESENTATION_CONTEXT(2) 
PARAMETRIC_REPRESENTATION_CONTEXT() REPRESENTATION_CONTEXT('2D SPACE',''
  ) );
#3451 = PCURVE('',#3211,#3452);
#3452 = DEFINITIONAL_REPRESENTATION('',(#3453),#3463);
#3453 = B_SPLINE_CURVE_WITH_KNOTS('',8,(#3454,#3455,#3456,#3457,#3458,
    #3459,#3460,#3461,#3462),.UNSPECIFIED.,.F.,.F.,(9,9),(0.,
    1.570796326795),.PIECEWISE_BEZIER_KNOTS.);
#3454 = CARTESIAN_POINT('',(1.224646799147E-16,4.460568015562));
#3455 = CARTESIAN_POINT('',(0.196349540849,4.460568015562));
#3456 = CARTESIAN_POINT('',(0.392699081698,4.264031927456));
#3457 = CARTESIAN_POINT('',(0.589048622549,3.870961420828));
#3458 = CARTESIAN_POINT('',(0.785398163394,3.297513938031));
#3459 = CARTESIAN_POINT('',(0.981747704248,2.576037181519));
#3460 = CARTESIAN_POINT('',(1.178097245095,1.751661171512));
#3461 = CARTESIAN_POINT('',(1.374446785946,0.875830481783));
#3462 = CARTESIAN_POINT('',(1.570796326795,3.552713678801E-15));
#3463 = ( GEOMETRIC_REPRESENTATION_CONTEXT(2) 
PARAMETRIC_REPRESENTATION_CONTEXT() REPRESENTATION_CONTEXT('2D SPACE',''
  ) );
#3464 = ORIENTED_EDGE('',*,*,#3465,.F.);
#3465 = EDGE_CURVE('',#3148,#3430,#3466,.T.);
#3466 = SURFACE_CURVE('',#3467,(#3472,#3485),.PCURVE_S1.);
#3467 = ELLIPSE('',#3468,6.525187604311,4.7625);
#3468 = AXIS2_PLACEMENT_3D('',#3469,#3470,#3471);
#3469 = CARTESIAN_POINT('',(-5.360459174778E-32,111.76,0.));
#3470 = DIRECTION('',(-0.683592302023,-0.729864072698,0.));
#3471 = DIRECTION('',(-0.729864072698,0.683592302023,0.));
#3472 = PCURVE('',#3170,#3473);
#3473 = DEFINITIONAL_REPRESENTATION('',(#3474),#3484);
#3474 = B_SPLINE_CURVE_WITH_KNOTS('',8,(#3475,#3476,#3477,#3478,#3479,
    #3480,#3481,#3482,#3483),.UNSPECIFIED.,.F.,.F.,(9,9),(4.712388820592
    ,6.28318530718),.PIECEWISE_BEZIER_KNOTS.);
#3475 = CARTESIAN_POINT('',(6.283185466973,-7.127678856023E-07));
#3476 = CARTESIAN_POINT('',(6.086835906149,0.875829858111));
#3477 = CARTESIAN_POINT('',(5.890486345326,1.751660668341));
#3478 = CARTESIAN_POINT('',(5.694136784504,2.576036814555));
#3479 = CARTESIAN_POINT('',(5.49778722368,3.297513704691));
#3480 = CARTESIAN_POINT('',(5.301437662856,3.870961300877));
#3481 = CARTESIAN_POINT('',(5.105088102032,4.264031887468));
#3482 = CARTESIAN_POINT('',(4.908738541208,4.460568015562));
#3483 = CARTESIAN_POINT('',(4.712388980385,4.460568015562));
#3484 = ( GEOMETRIC_REPRESENTATION_CONTEXT(2) 
PARAMETRIC_REPRESENTATION_CONTEXT() REPRESENTATION_CONTEXT('2D SPACE',''
  ) );
#3485 = PCURVE('',#3211,#3486);
#3486 = DEFINITIONAL_REPRESENTATION('',(#3487),#3497);
#3487 = B_SPLINE_CURVE_WITH_KNOTS('',8,(#3488,#3489,#3490,#3491,#3492,
    #3493,#3494,#3495,#3496),.UNSPECIFIED.,.F.,.F.,(9,9),(4.712388820592
    ,6.28318530718),.PIECEWISE_BEZIER_KNOTS.);
#3488 = CARTESIAN_POINT('',(4.712388820592,-7.12767879385E-07));
#3489 = CARTESIAN_POINT('',(4.908738381415,0.875829858111));
#3490 = CARTESIAN_POINT('',(5.105087942242,1.751660668344));
#3491 = CARTESIAN_POINT('',(5.301437503035,2.576036814551));
#3492 = CARTESIAN_POINT('',(5.497787063903,3.297513704692));
#3493 = CARTESIAN_POINT('',(5.69413662469,3.870961300872));
#3494 = CARTESIAN_POINT('',(5.890486185536,4.264031887468));
#3495 = CARTESIAN_POINT('',(6.086835746356,4.460568015562));
#3496 = CARTESIAN_POINT('',(6.28318530718,4.460568015562));
#3497 = ( GEOMETRIC_REPRESENTATION_CONTEXT(2) 
PARAMETRIC_REPRESENTATION_CONTEXT() REPRESENTATION_CONTEXT('2D SPACE',''
  ) );
#3498 = ORIENTED_EDGE('',*,*,#3405,.T.);
#3499 = ORIENTED_EDGE('',*,*,#3500,.F.);
#3500 = EDGE_CURVE('',#3501,#3406,#3503,.T.);
#3501 = VERTEX_POINT('',#3502);
#3502 = CARTESIAN_POINT('',(5.832380380939E-16,172.72,-4.7625));
#3503 = SURFACE_CURVE('',#3504,(#3509,#3529),.PCURVE_S1.);
#3504 = ELLIPSE('',#3505,6.735192090802,4.7625);
#3505 = AXIS2_PLACEMENT_3D('',#3506,#3507,#3508);
#3506 = CARTESIAN_POINT('',(0.,172.72,0.));
#3507 = DIRECTION('',(-0.707106781187,0.707106781187,0.));
#3508 = DIRECTION('',(0.707106781187,0.707106781187,0.));
#3509 = PCURVE('',#3170,#3510);
#3510 = DEFINITIONAL_REPRESENTATION('',(#3511),#3528);
#3511 = B_SPLINE_CURVE_WITH_KNOTS('',8,(#3512,#3513,#3514,#3515,#3516,
    #3517,#3518,#3519,#3520,#3521,#3522,#3523,#3524,#3525,#3526,#3527),
  .UNSPECIFIED.,.F.,.F.,(9,7,9),(1.570796326795,3.14159265359,
    4.712388980385),.UNSPECIFIED.);
#3512 = CARTESIAN_POINT('',(3.14159265359,60.96));
#3513 = CARTESIAN_POINT('',(3.337942194439,60.024885311705));
#3514 = CARTESIAN_POINT('',(3.534291735286,59.08977040137));
#3515 = CARTESIAN_POINT('',(3.730641276141,58.209593093407));
#3516 = CARTESIAN_POINT('',(3.926990816975,57.439280200406));
#3517 = CARTESIAN_POINT('',(4.123340357835,56.827016554239));
#3518 = CARTESIAN_POINT('',(4.319689898684,56.407339445616));
#3519 = CARTESIAN_POINT('',(4.516039439535,56.1975));
#3520 = CARTESIAN_POINT('',(4.908738521234,56.1975));
#3521 = CARTESIAN_POINT('',(5.10508806208,56.407339445575));
#3522 = CARTESIAN_POINT('',(5.301437602931,56.827016554344));
#3523 = CARTESIAN_POINT('',(5.49778714378,57.439280200282));
#3524 = CARTESIAN_POINT('',(5.694136684627,58.209593093503));
#3525 = CARTESIAN_POINT('',(5.890486225479,59.089770401333));
#3526 = CARTESIAN_POINT('',(6.08683576633,60.024885311705));
#3527 = CARTESIAN_POINT('',(6.28318530718,60.96));
#3528 = ( GEOMETRIC_REPRESENTATION_CONTEXT(2) 
PARAMETRIC_REPRESENTATION_CONTEXT() REPRESENTATION_CONTEXT('2D SPACE',''
  ) );
#3529 = PCURVE('',#3530,#3535);
#3530 = CYLINDRICAL_SURFACE('',#3531,4.7625);
#3531 = AXIS2_PLACEMENT_3D('',#3532,#3533,#3534);
#3532 = CARTESIAN_POINT('',(-27.94,172.72,0.));
#3533 = DIRECTION('',(1.,0.,0.));
#3534 = DIRECTION('',(0.,0.,1.));
#3535 = DEFINITIONAL_REPRESENTATION('',(#3536),#3553);
#3536 = B_SPLINE_CURVE_WITH_KNOTS('',8,(#3537,#3538,#3539,#3540,#3541,
    #3542,#3543,#3544,#3545,#3546,#3547,#3548,#3549,#3550,#3551,#3552),
  .UNSPECIFIED.,.F.,.F.,(9,7,9),(1.570796326795,3.14159265359,
    4.712388980385),.UNSPECIFIED.);
#3537 = CARTESIAN_POINT('',(3.14159265359,27.94));
#3538 = CARTESIAN_POINT('',(2.94524311274,27.004885311705));
#3539 = CARTESIAN_POINT('',(2.748893571891,26.069770401365));
#3540 = CARTESIAN_POINT('',(2.552544031039,25.189593093504));
#3541 = CARTESIAN_POINT('',(2.356194490187,24.41928020024));
#3542 = CARTESIAN_POINT('',(2.159844949341,23.807016554324));
#3543 = CARTESIAN_POINT('',(1.963495408493,23.387339445606));
#3544 = CARTESIAN_POINT('',(1.767145867644,23.1775));
#3545 = CARTESIAN_POINT('',(1.374446785946,23.1775));
#3546 = CARTESIAN_POINT('',(1.178097245097,23.38733944561));
#3547 = CARTESIAN_POINT('',(0.981747704241,23.807016554312));
#3548 = CARTESIAN_POINT('',(0.785398163402,24.41928020022));
#3549 = CARTESIAN_POINT('',(0.589048622543,25.189593093509));
#3550 = CARTESIAN_POINT('',(0.3926990817,26.069770401355));
#3551 = CARTESIAN_POINT('',(0.196349540849,27.004885311705));
#3552 = CARTESIAN_POINT('',(0.,27.94));
#3553 = ( GEOMETRIC_REPRESENTATION_CONTEXT(2) 
PARAMETRIC_REPRESENTATION_CONTEXT() REPRESENTATION_CONTEXT('2D SPACE',''
  ) );
#3554 = ORIENTED_EDGE('',*,*,#3555,.F.);
#3555 = EDGE_CURVE('',#3406,#3501,#3556,.T.);
#3556 = SURFACE_CURVE('',#3557,(#3562,#3582),.PCURVE_S1.);
#3557 = ELLIPSE('',#3558,6.735192090802,4.7625);
#3558 = AXIS2_PLACEMENT_3D('',#3559,#3560,#3561);
#3559 = CARTESIAN_POINT('',(0.,172.72,0.));
#3560 = DIRECTION('',(0.707106781187,0.707106781187,0.));
#3561 = DIRECTION('',(-0.707106781187,0.707106781187,0.));
#3562 = PCURVE('',#3170,#3563);
#3563 = DEFINITIONAL_REPRESENTATION('',(#3564),#3581);
#3564 = B_SPLINE_CURVE_WITH_KNOTS('',8,(#3565,#3566,#3567,#3568,#3569,
    #3570,#3571,#3572,#3573,#3574,#3575,#3576,#3577,#3578,#3579,#3580),
  .UNSPECIFIED.,.F.,.F.,(9,7,9),(1.570796326795,3.14159265359,
    4.712388980385),.UNSPECIFIED.);
#3565 = CARTESIAN_POINT('',(0.,60.96));
#3566 = CARTESIAN_POINT('',(0.196349540849,60.024885311705));
#3567 = CARTESIAN_POINT('',(0.392699081699,59.08977040137));
#3568 = CARTESIAN_POINT('',(0.589048622545,58.209593093407));
#3569 = CARTESIAN_POINT('',(0.785398163398,57.439280200406));
#3570 = CARTESIAN_POINT('',(0.981747704244,56.827016554239));
#3571 = CARTESIAN_POINT('',(1.178097245096,56.407339445616));
#3572 = CARTESIAN_POINT('',(1.374446785946,56.1975));
#3573 = CARTESIAN_POINT('',(1.767145867644,56.1975));
#3574 = CARTESIAN_POINT('',(1.963495408492,56.407339445575));
#3575 = CARTESIAN_POINT('',(2.159844949347,56.827016554344));
#3576 = CARTESIAN_POINT('',(2.356194490185,57.439280200282));
#3577 = CARTESIAN_POINT('',(2.552544031047,58.209593093503));
#3578 = CARTESIAN_POINT('',(2.748893571889,59.089770401333));
#3579 = CARTESIAN_POINT('',(2.94524311274,60.024885311705));
#3580 = CARTESIAN_POINT('',(3.14159265359,60.96));
#3581 = ( GEOMETRIC_REPRESENTATION_CONTEXT(2) 
PARAMETRIC_REPRESENTATION_CONTEXT() REPRESENTATION_CONTEXT('2D SPACE',''
  ) );
#3582 = PCURVE('',#3530,#3583);
#3583 = DEFINITIONAL_REPRESENTATION('',(#3584),#3601);
#3584 = B_SPLINE_CURVE_WITH_KNOTS('',8,(#3585,#3586,#3587,#3588,#3589,
    #3590,#3591,#3592,#3593,#3594,#3595,#3596,#3597,#3598,#3599,#3600),
  .UNSPECIFIED.,.F.,.F.,(9,7,9),(1.570796326795,3.14159265359,
    4.712388980385),.UNSPECIFIED.);
#3585 = CARTESIAN_POINT('',(0.,27.94));
#3586 = CARTESIAN_POINT('',(0.196349540849,28.875114688295));
#3587 = CARTESIAN_POINT('',(0.392699081699,29.810229598643));
#3588 = CARTESIAN_POINT('',(0.589048622546,30.690406906296));
#3589 = CARTESIAN_POINT('',(0.785398163397,31.460719799825));
#3590 = CARTESIAN_POINT('',(0.981747704246,32.072983445494));
#3591 = CARTESIAN_POINT('',(1.178097245096,32.4926605544));
#3592 = CARTESIAN_POINT('',(1.374446785946,32.7025));
#3593 = CARTESIAN_POINT('',(1.767145867644,32.7025));
#3594 = CARTESIAN_POINT('',(1.963495408492,32.492660554367));
#3595 = CARTESIAN_POINT('',(2.159844949341,32.072983445587));
#3596 = CARTESIAN_POINT('',(2.356194490185,31.460719799681));
#3597 = CARTESIAN_POINT('',(2.552544031042,30.690406906438));
#3598 = CARTESIAN_POINT('',(2.74889357189,29.810229598618));
#3599 = CARTESIAN_POINT('',(2.94524311274,28.875114688295));
#3600 = CARTESIAN_POINT('',(3.14159265359,27.94));
#3601 = ( GEOMETRIC_REPRESENTATION_CONTEXT(2) 
PARAMETRIC_REPRESENTATION_CONTEXT() REPRESENTATION_CONTEXT('2D SPACE',''
  ) );
#3602 = ADVANCED_FACE('',(#3603),#3211,.T.);
#3603 = FACE_BOUND('',#3604,.T.);
#3604 = EDGE_LOOP('',(#3605,#3606,#3628,#3667,#3703,#3735,#3736,#3737));
#3605 = ORIENTED_EDGE('',*,*,#3465,.T.);
#3606 = ORIENTED_EDGE('',*,*,#3607,.T.);
#3607 = EDGE_CURVE('',#3430,#3608,#3610,.T.);
#3608 = VERTEX_POINT('',#3609);
#3609 = CARTESIAN_POINT('',(-7.916768427174,116.01382634019,
    5.832380380939E-16));
#3610 = SEAM_CURVE('',#3611,(#3615,#3622),.PCURVE_S1.);
#3611 = LINE('',#3612,#3613);
#3612 = CARTESIAN_POINT('',(-0.311482402959,116.51230312192,
    5.832380380939E-16));
#3613 = VECTOR('',#3614,1.);
#3614 = DIRECTION('',(-0.997858923239,-6.540312923015E-02,0.));
#3615 = PCURVE('',#3211,#3616);
#3616 = DEFINITIONAL_REPRESENTATION('',(#3617),#3621);
#3617 = LINE('',#3618,#3619);
#3618 = CARTESIAN_POINT('',(0.,0.));
#3619 = VECTOR('',#3620,1.);
#3620 = DIRECTION('',(0.,1.));
#3621 = ( GEOMETRIC_REPRESENTATION_CONTEXT(2) 
PARAMETRIC_REPRESENTATION_CONTEXT() REPRESENTATION_CONTEXT('2D SPACE',''
  ) );
#3622 = PCURVE('',#3211,#3623);
#3623 = DEFINITIONAL_REPRESENTATION('',(#3624),#3627);
#3624 = B_SPLINE_CURVE_WITH_KNOTS('',1,(#3625,#3626),.UNSPECIFIED.,.F.,
  .F.,(2,2),(-1.726277771592,9.035731494353),.PIECEWISE_BEZIER_KNOTS.);
#3625 = CARTESIAN_POINT('',(6.28318530718,-1.726277771592));
#3626 = CARTESIAN_POINT('',(6.28318530718,9.035731494353));
#3627 = ( GEOMETRIC_REPRESENTATION_CONTEXT(2) 
PARAMETRIC_REPRESENTATION_CONTEXT() REPRESENTATION_CONTEXT('2D SPACE',''
  ) );
#3628 = ORIENTED_EDGE('',*,*,#3629,.F.);
#3629 = EDGE_CURVE('',#3630,#3608,#3632,.T.);
#3630 = VERTEX_POINT('',#3631);
#3631 = CARTESIAN_POINT('',(-7.293803621257,111.28193885356,4.7625));
#3632 = SURFACE_CURVE('',#3633,(#3638,#3650),.PCURVE_S1.);
#3633 = ELLIPSE('',#3634,4.77271875722,4.7625);
#3634 = AXIS2_PLACEMENT_3D('',#3635,#3636,#3637);
#3635 = CARTESIAN_POINT('',(-7.293803621257,111.28193885356,0.));
#3636 = DIRECTION('',(-0.991444861374,-0.13052619222,0.));
#3637 = DIRECTION('',(-0.13052619222,0.991444861374,0.));
#3638 = PCURVE('',#3211,#3639);
#3639 = DEFINITIONAL_REPRESENTATION('',(#3640),#3649);
#3640 = B_SPLINE_CURVE_WITH_KNOTS('',7,(#3641,#3642,#3643,#3644,#3645,
    #3646,#3647,#3648),.UNSPECIFIED.,.F.,.F.,(8,8),(4.712388980385,
    6.28318530718),.PIECEWISE_BEZIER_KNOTS.);
#3641 = CARTESIAN_POINT('',(4.712388980385,7.309453722761));
#3642 = CARTESIAN_POINT('',(4.936788455641,7.37950018539));
#3643 = CARTESIAN_POINT('',(5.161187930897,7.449546363588));
#3644 = CARTESIAN_POINT('',(5.385587406155,7.513833430027));
#3645 = CARTESIAN_POINT('',(5.609986881409,7.566591799528));
#3646 = CARTESIAN_POINT('',(5.834386356667,7.603266022693));
#3647 = CARTESIAN_POINT('',(6.058785831923,7.621604464419));
#3648 = CARTESIAN_POINT('',(6.28318530718,7.621604464419));
#3649 = ( GEOMETRIC_REPRESENTATION_CONTEXT(2) 
PARAMETRIC_REPRESENTATION_CONTEXT() REPRESENTATION_CONTEXT('2D SPACE',''
  ) );
#3650 = PCURVE('',#3651,#3656);
#3651 = CYLINDRICAL_SURFACE('',#3652,4.7625);
#3652 = AXIS2_PLACEMENT_3D('',#3653,#3654,#3655);
#3653 = CARTESIAN_POINT('',(-7.293803621256,111.28193885356,0.));
#3654 = DIRECTION('',(-0.980785280403,-0.195090322016,0.));
#3655 = DIRECTION('',(-0.195090322016,0.980785280403,1.224646799147E-16)
  );
#3656 = DEFINITIONAL_REPRESENTATION('',(#3657),#3666);
#3657 = B_SPLINE_CURVE_WITH_KNOTS('',7,(#3658,#3659,#3660,#3661,#3662,
    #3663,#3664,#3665),.UNSPECIFIED.,.F.,.F.,(8,8),(4.712388980385,
    6.28318530718),.PIECEWISE_BEZIER_KNOTS.);
#3658 = CARTESIAN_POINT('',(4.712388980385,2.007283228522E-13));
#3659 = CARTESIAN_POINT('',(4.936788455641,-7.004646262866E-02));
#3660 = CARTESIAN_POINT('',(5.161187930897,-0.140092640828));
#3661 = CARTESIAN_POINT('',(5.385587406155,-0.204379707263));
#3662 = CARTESIAN_POINT('',(5.60998688141,-0.257138076768));
#3663 = CARTESIAN_POINT('',(5.834386356667,-0.293812299931));
#3664 = CARTESIAN_POINT('',(6.058785831923,-0.312150741657));
#3665 = CARTESIAN_POINT('',(6.28318530718,-0.312150741657));
#3666 = ( GEOMETRIC_REPRESENTATION_CONTEXT(2) 
PARAMETRIC_REPRESENTATION_CONTEXT() REPRESENTATION_CONTEXT('2D SPACE',''
  ) );
#3667 = ORIENTED_EDGE('',*,*,#3668,.F.);
#3668 = EDGE_CURVE('',#3669,#3630,#3671,.T.);
#3669 = VERTEX_POINT('',#3670);
#3670 = CARTESIAN_POINT('',(-7.293803621257,111.28193885356,-4.7625));
#3671 = SURFACE_CURVE('',#3672,(#3677,#3690),.PCURVE_S1.);
#3672 = ELLIPSE('',#3673,4.77271875722,4.7625);
#3673 = AXIS2_PLACEMENT_3D('',#3674,#3675,#3676);
#3674 = CARTESIAN_POINT('',(-7.293803621257,111.28193885356,0.));
#3675 = DIRECTION('',(-0.991444861374,-0.13052619222,0.));
#3676 = DIRECTION('',(-0.13052619222,0.991444861374,0.));
#3677 = PCURVE('',#3211,#3678);
#3678 = DEFINITIONAL_REPRESENTATION('',(#3679),#3689);
#3679 = B_SPLINE_CURVE_WITH_KNOTS('',8,(#3680,#3681,#3682,#3683,#3684,
    #3685,#3686,#3687,#3688),.UNSPECIFIED.,.F.,.F.,(9,9),(1.570796326795
    ,4.712388980385),.PIECEWISE_BEZIER_KNOTS.);
#3680 = CARTESIAN_POINT('',(1.570796326795,7.309453722761));
#3681 = CARTESIAN_POINT('',(1.963495408494,7.18687241316));
#3682 = CARTESIAN_POINT('',(2.35619449019,7.064290126155));
#3683 = CARTESIAN_POINT('',(2.748893571896,6.970523779069));
#3684 = CARTESIAN_POINT('',(3.141592653576,6.934311415214));
#3685 = CARTESIAN_POINT('',(3.534291735292,6.970523779078));
#3686 = CARTESIAN_POINT('',(3.926990816984,7.064290126154));
#3687 = CARTESIAN_POINT('',(4.319689898686,7.18687241316));
#3688 = CARTESIAN_POINT('',(4.712388980385,7.309453722761));
#3689 = ( GEOMETRIC_REPRESENTATION_CONTEXT(2) 
PARAMETRIC_REPRESENTATION_CONTEXT() REPRESENTATION_CONTEXT('2D SPACE',''
  ) );
#3690 = PCURVE('',#3651,#3691);
#3691 = DEFINITIONAL_REPRESENTATION('',(#3692),#3702);
#3692 = B_SPLINE_CURVE_WITH_KNOTS('',8,(#3693,#3694,#3695,#3696,#3697,
    #3698,#3699,#3700,#3701),.UNSPECIFIED.,.F.,.F.,(9,9),(1.570796326795
    ,4.712388980385),.PIECEWISE_BEZIER_KNOTS.);
#3693 = CARTESIAN_POINT('',(1.570796326795,2.007283228522E-13));
#3694 = CARTESIAN_POINT('',(1.963495408494,0.122581309601));
#3695 = CARTESIAN_POINT('',(2.356194490189,0.245163596605));
#3696 = CARTESIAN_POINT('',(2.748893571897,0.338929943674));
#3697 = CARTESIAN_POINT('',(3.141592653566,0.375142307551));
#3698 = CARTESIAN_POINT('',(3.534291735296,0.338929943674));
#3699 = CARTESIAN_POINT('',(3.926990816983,0.245163596605));
#3700 = CARTESIAN_POINT('',(4.319689898686,0.122581309601));
#3701 = CARTESIAN_POINT('',(4.712388980385,2.007283228522E-13));
#3702 = ( GEOMETRIC_REPRESENTATION_CONTEXT(2) 
PARAMETRIC_REPRESENTATION_CONTEXT() REPRESENTATION_CONTEXT('2D SPACE',''
  ) );
#3703 = ORIENTED_EDGE('',*,*,#3704,.F.);
#3704 = EDGE_CURVE('',#3608,#3669,#3705,.T.);
#3705 = SURFACE_CURVE('',#3706,(#3711,#3723),.PCURVE_S1.);
#3706 = ELLIPSE('',#3707,4.77271875722,4.7625);
#3707 = AXIS2_PLACEMENT_3D('',#3708,#3709,#3710);
#3708 = CARTESIAN_POINT('',(-7.293803621257,111.28193885356,0.));
#3709 = DIRECTION('',(-0.991444861374,-0.13052619222,0.));
#3710 = DIRECTION('',(-0.13052619222,0.991444861374,0.));
#3711 = PCURVE('',#3211,#3712);
#3712 = DEFINITIONAL_REPRESENTATION('',(#3713),#3722);
#3713 = B_SPLINE_CURVE_WITH_KNOTS('',7,(#3714,#3715,#3716,#3717,#3718,
    #3719,#3720,#3721),.UNSPECIFIED.,.F.,.F.,(8,8),(0.,1.570796326795),
  .PIECEWISE_BEZIER_KNOTS.);
#3714 = CARTESIAN_POINT('',(1.224646799147E-16,7.621604464419));
#3715 = CARTESIAN_POINT('',(0.224399475256,7.621604464419));
#3716 = CARTESIAN_POINT('',(0.448798950513,7.603266022694));
#3717 = CARTESIAN_POINT('',(0.67319842577,7.566591799524));
#3718 = CARTESIAN_POINT('',(0.897597901026,7.51383343003));
#3719 = CARTESIAN_POINT('',(1.121997376282,7.449546363587));
#3720 = CARTESIAN_POINT('',(1.346396851538,7.37950018539));
#3721 = CARTESIAN_POINT('',(1.570796326795,7.309453722761));
#3722 = ( GEOMETRIC_REPRESENTATION_CONTEXT(2) 
PARAMETRIC_REPRESENTATION_CONTEXT() REPRESENTATION_CONTEXT('2D SPACE',''
  ) );
#3723 = PCURVE('',#3651,#3724);
#3724 = DEFINITIONAL_REPRESENTATION('',(#3725),#3734);
#3725 = B_SPLINE_CURVE_WITH_KNOTS('',7,(#3726,#3727,#3728,#3729,#3730,
    #3731,#3732,#3733),.UNSPECIFIED.,.F.,.F.,(8,8),(0.,1.570796326795),
  .PIECEWISE_BEZIER_KNOTS.);
#3726 = CARTESIAN_POINT('',(1.224646799147E-16,-0.312150741657));
#3727 = CARTESIAN_POINT('',(0.224399475256,-0.312150741657));
#3728 = CARTESIAN_POINT('',(0.448798950513,-0.293812299931));
#3729 = CARTESIAN_POINT('',(0.673198425769,-0.257138076768));
#3730 = CARTESIAN_POINT('',(0.897597901025,-0.204379707263));
#3731 = CARTESIAN_POINT('',(1.121997376282,-0.140092640828));
#3732 = CARTESIAN_POINT('',(1.346396851538,-7.004646262866E-02));
#3733 = CARTESIAN_POINT('',(1.570796326795,2.007283228522E-13));
#3734 = ( GEOMETRIC_REPRESENTATION_CONTEXT(2) 
PARAMETRIC_REPRESENTATION_CONTEXT() REPRESENTATION_CONTEXT('2D SPACE',''
  ) );
#3735 = ORIENTED_EDGE('',*,*,#3607,.F.);
#3736 = ORIENTED_EDGE('',*,*,#3429,.T.);
#3737 = ORIENTED_EDGE('',*,*,#3188,.T.);
#3738 = ADVANCED_FACE('',(#3739),#3317,.T.);
#3739 = FACE_BOUND('',#3740,.T.);
#3740 = EDGE_LOOP('',(#3741,#3763,#3764,#3765,#3766,#3767,#3806,#3842));
#3741 = ORIENTED_EDGE('',*,*,#3742,.T.);
#3742 = EDGE_CURVE('',#3743,#3270,#3745,.T.);
#3743 = VERTEX_POINT('',#3744);
#3744 = CARTESIAN_POINT('',(-7.916768427174,-4.253826340196,
    5.832380380939E-16));
#3745 = SEAM_CURVE('',#3746,(#3750,#3756),.PCURVE_S1.);
#3746 = LINE('',#3747,#3748);
#3747 = CARTESIAN_POINT('',(-7.605286024215,-4.274241975492,
    5.832380380939E-16));
#3748 = VECTOR('',#3749,1.);
#3749 = DIRECTION('',(0.997858923239,-6.540312923014E-02,0.));
#3750 = PCURVE('',#3317,#3751);
#3751 = DEFINITIONAL_REPRESENTATION('',(#3752),#3755);
#3752 = B_SPLINE_CURVE_WITH_KNOTS('',1,(#3753,#3754),.UNSPECIFIED.,.F.,
  .F.,(2,2),(-1.726277771592,9.035731494353),.PIECEWISE_BEZIER_KNOTS.);
#3753 = CARTESIAN_POINT('',(6.28318530718,-1.726277771592));
#3754 = CARTESIAN_POINT('',(6.28318530718,9.035731494353));
#3755 = ( GEOMETRIC_REPRESENTATION_CONTEXT(2) 
PARAMETRIC_REPRESENTATION_CONTEXT() REPRESENTATION_CONTEXT('2D SPACE',''
  ) );
#3756 = PCURVE('',#3317,#3757);
#3757 = DEFINITIONAL_REPRESENTATION('',(#3758),#3762);
#3758 = LINE('',#3759,#3760);
#3759 = CARTESIAN_POINT('',(0.,0.));
#3760 = VECTOR('',#3761,1.);
#3761 = DIRECTION('',(0.,1.));
#3762 = ( GEOMETRIC_REPRESENTATION_CONTEXT(2) 
PARAMETRIC_REPRESENTATION_CONTEXT() REPRESENTATION_CONTEXT('2D SPACE',''
  ) );
#3763 = ORIENTED_EDGE('',*,*,#3370,.F.);
#3764 = ORIENTED_EDGE('',*,*,#3334,.F.);
#3765 = ORIENTED_EDGE('',*,*,#3295,.F.);
#3766 = ORIENTED_EDGE('',*,*,#3742,.F.);
#3767 = ORIENTED_EDGE('',*,*,#3768,.T.);
#3768 = EDGE_CURVE('',#3743,#3769,#3771,.T.);
#3769 = VERTEX_POINT('',#3770);
#3770 = CARTESIAN_POINT('',(-7.293803621257,0.478061146431,-4.7625));
#3771 = SURFACE_CURVE('',#3772,(#3777,#3789),.PCURVE_S1.);
#3772 = ELLIPSE('',#3773,4.77271875722,4.7625);
#3773 = AXIS2_PLACEMENT_3D('',#3774,#3775,#3776);
#3774 = CARTESIAN_POINT('',(-7.293803621256,0.478061146431,0.));
#3775 = DIRECTION('',(0.991444861374,-0.13052619222,0.));
#3776 = DIRECTION('',(-0.13052619222,-0.991444861374,0.));
#3777 = PCURVE('',#3317,#3778);
#3778 = DEFINITIONAL_REPRESENTATION('',(#3779),#3788);
#3779 = B_SPLINE_CURVE_WITH_KNOTS('',7,(#3780,#3781,#3782,#3783,#3784,
    #3785,#3786,#3787),.UNSPECIFIED.,.F.,.F.,(8,8),(0.,1.570796326795),
  .PIECEWISE_BEZIER_KNOTS.);
#3780 = CARTESIAN_POINT('',(1.224646799147E-16,-0.312150741658));
#3781 = CARTESIAN_POINT('',(0.224399475256,-0.312150741658));
#3782 = CARTESIAN_POINT('',(0.448798950513,-0.293812299931));
#3783 = CARTESIAN_POINT('',(0.673198425769,-0.257138076769));
#3784 = CARTESIAN_POINT('',(0.897597901026,-0.204379707263));
#3785 = CARTESIAN_POINT('',(1.121997376282,-0.140092640828));
#3786 = CARTESIAN_POINT('',(1.346396851538,-7.004646262887E-02));
#3787 = CARTESIAN_POINT('',(1.570796326795,-7.105427357601E-15));
#3788 = ( GEOMETRIC_REPRESENTATION_CONTEXT(2) 
PARAMETRIC_REPRESENTATION_CONTEXT() REPRESENTATION_CONTEXT('2D SPACE',''
  ) );
#3789 = PCURVE('',#3790,#3795);
#3790 = CYLINDRICAL_SURFACE('',#3791,4.7625);
#3791 = AXIS2_PLACEMENT_3D('',#3792,#3793,#3794);
#3792 = CARTESIAN_POINT('',(-14.46280824032,1.904064826967,0.));
#3793 = DIRECTION('',(0.980785280403,-0.195090322016,0.));
#3794 = DIRECTION('',(-0.195090322016,-0.980785280403,1.224646799147E-16
    ));
#3795 = DEFINITIONAL_REPRESENTATION('',(#3796),#3805);
#3796 = B_SPLINE_CURVE_WITH_KNOTS('',7,(#3797,#3798,#3799,#3800,#3801,
    #3802,#3803,#3804),.UNSPECIFIED.,.F.,.F.,(8,8),(0.,1.570796326795),
  .PIECEWISE_BEZIER_KNOTS.);
#3797 = CARTESIAN_POINT('',(1.224646799147E-16,7.621604464418));
#3798 = CARTESIAN_POINT('',(0.224399475256,7.621604464418));
#3799 = CARTESIAN_POINT('',(0.448798950513,7.603266022691));
#3800 = CARTESIAN_POINT('',(0.673198425769,7.566591799531));
#3801 = CARTESIAN_POINT('',(0.897597901026,7.513833430023));
#3802 = CARTESIAN_POINT('',(1.121997376282,7.449546363589));
#3803 = CARTESIAN_POINT('',(1.346396851538,7.37950018539));
#3804 = CARTESIAN_POINT('',(1.570796326795,7.309453722761));
#3805 = ( GEOMETRIC_REPRESENTATION_CONTEXT(2) 
PARAMETRIC_REPRESENTATION_CONTEXT() REPRESENTATION_CONTEXT('2D SPACE',''
  ) );
#3806 = ORIENTED_EDGE('',*,*,#3807,.T.);
#3807 = EDGE_CURVE('',#3769,#3808,#3810,.T.);
#3808 = VERTEX_POINT('',#3809);
#3809 = CARTESIAN_POINT('',(-7.293803621256,0.478061146431,4.7625));
#3810 = SURFACE_CURVE('',#3811,(#3816,#3829),.PCURVE_S1.);
#3811 = ELLIPSE('',#3812,4.77271875722,4.7625);
#3812 = AXIS2_PLACEMENT_3D('',#3813,#3814,#3815);
#3813 = CARTESIAN_POINT('',(-7.293803621256,0.478061146431,0.));
#3814 = DIRECTION('',(0.991444861374,-0.13052619222,0.));
#3815 = DIRECTION('',(-0.13052619222,-0.991444861374,0.));
#3816 = PCURVE('',#3317,#3817);
#3817 = DEFINITIONAL_REPRESENTATION('',(#3818),#3828);
#3818 = B_SPLINE_CURVE_WITH_KNOTS('',8,(#3819,#3820,#3821,#3822,#3823,
    #3824,#3825,#3826,#3827),.UNSPECIFIED.,.F.,.F.,(9,9),(1.570796326795
    ,4.712388980385),.PIECEWISE_BEZIER_KNOTS.);
#3819 = CARTESIAN_POINT('',(1.570796326795,-7.105427357601E-15));
#3820 = CARTESIAN_POINT('',(1.963495408494,0.1225813096));
#3821 = CARTESIAN_POINT('',(2.356194490189,0.245163596604));
#3822 = CARTESIAN_POINT('',(2.748893571897,0.338929943675));
#3823 = CARTESIAN_POINT('',(3.141592653567,0.375142307549));
#3824 = CARTESIAN_POINT('',(3.53429173529,0.338929943675));
#3825 = CARTESIAN_POINT('',(3.926990816984,0.245163596604));
#3826 = CARTESIAN_POINT('',(4.319689898686,0.1225813096));
#3827 = CARTESIAN_POINT('',(4.712388980385,-7.105427357601E-15));
#3828 = ( GEOMETRIC_REPRESENTATION_CONTEXT(2) 
PARAMETRIC_REPRESENTATION_CONTEXT() REPRESENTATION_CONTEXT('2D SPACE',''
  ) );
#3829 = PCURVE('',#3790,#3830);
#3830 = DEFINITIONAL_REPRESENTATION('',(#3831),#3841);
#3831 = B_SPLINE_CURVE_WITH_KNOTS('',8,(#3832,#3833,#3834,#3835,#3836,
    #3837,#3838,#3839,#3840),.UNSPECIFIED.,.F.,.F.,(9,9),(1.570796326795
    ,4.712388980385),.PIECEWISE_BEZIER_KNOTS.);
#3832 = CARTESIAN_POINT('',(1.570796326795,7.309453722761));
#3833 = CARTESIAN_POINT('',(1.963495408494,7.18687241316));
#3834 = CARTESIAN_POINT('',(2.356194490189,7.064290126154));
#3835 = CARTESIAN_POINT('',(2.748893571897,6.970523779071));
#3836 = CARTESIAN_POINT('',(3.141592653567,6.9343114152));
#3837 = CARTESIAN_POINT('',(3.53429173529,6.970523779074));
#3838 = CARTESIAN_POINT('',(3.926990816984,7.064290126155));
#3839 = CARTESIAN_POINT('',(4.319689898686,7.18687241316));
#3840 = CARTESIAN_POINT('',(4.712388980385,7.309453722761));
#3841 = ( GEOMETRIC_REPRESENTATION_CONTEXT(2) 
PARAMETRIC_REPRESENTATION_CONTEXT() REPRESENTATION_CONTEXT('2D SPACE',''
  ) );
#3842 = ORIENTED_EDGE('',*,*,#3843,.T.);
#3843 = EDGE_CURVE('',#3808,#3743,#3844,.T.);
#3844 = SURFACE_CURVE('',#3845,(#3850,#3862),.PCURVE_S1.);
#3845 = ELLIPSE('',#3846,4.77271875722,4.7625);
#3846 = AXIS2_PLACEMENT_3D('',#3847,#3848,#3849);
#3847 = CARTESIAN_POINT('',(-7.293803621256,0.478061146431,0.));
#3848 = DIRECTION('',(0.991444861374,-0.13052619222,0.));
#3849 = DIRECTION('',(-0.13052619222,-0.991444861374,0.));
#3850 = PCURVE('',#3317,#3851);
#3851 = DEFINITIONAL_REPRESENTATION('',(#3852),#3861);
#3852 = B_SPLINE_CURVE_WITH_KNOTS('',7,(#3853,#3854,#3855,#3856,#3857,
    #3858,#3859,#3860),.UNSPECIFIED.,.F.,.F.,(8,8),(4.712388980385,
    6.28318530718),.PIECEWISE_BEZIER_KNOTS.);
#3853 = CARTESIAN_POINT('',(4.712388980385,-7.105427357601E-15));
#3854 = CARTESIAN_POINT('',(4.936788455641,-7.004646262887E-02));
#3855 = CARTESIAN_POINT('',(5.161187930898,-0.140092640828));
#3856 = CARTESIAN_POINT('',(5.385587406153,-0.204379707263));
#3857 = CARTESIAN_POINT('',(5.609986881411,-0.257138076768));
#3858 = CARTESIAN_POINT('',(5.834386356667,-0.293812299931));
#3859 = CARTESIAN_POINT('',(6.058785831923,-0.312150741658));
#3860 = CARTESIAN_POINT('',(6.28318530718,-0.312150741658));
#3861 = ( GEOMETRIC_REPRESENTATION_CONTEXT(2) 
PARAMETRIC_REPRESENTATION_CONTEXT() REPRESENTATION_CONTEXT('2D SPACE',''
  ) );
#3862 = PCURVE('',#3790,#3863);
#3863 = DEFINITIONAL_REPRESENTATION('',(#3864),#3873);
#3864 = B_SPLINE_CURVE_WITH_KNOTS('',7,(#3865,#3866,#3867,#3868,#3869,
    #3870,#3871,#3872),.UNSPECIFIED.,.F.,.F.,(8,8),(4.712388980385,
    6.28318530718),.PIECEWISE_BEZIER_KNOTS.);
#3865 = CARTESIAN_POINT('',(4.712388980385,7.309453722761));
#3866 = CARTESIAN_POINT('',(4.936788455641,7.37950018539));
#3867 = CARTESIAN_POINT('',(5.161187930898,7.44954636359));
#3868 = CARTESIAN_POINT('',(5.385587406153,7.513833430022));
#3869 = CARTESIAN_POINT('',(5.609986881411,7.566591799532));
#3870 = CARTESIAN_POINT('',(5.834386356667,7.603266022691));
#3871 = CARTESIAN_POINT('',(6.058785831923,7.621604464418));
#3872 = CARTESIAN_POINT('',(6.28318530718,7.621604464418));
#3873 = ( GEOMETRIC_REPRESENTATION_CONTEXT(2) 
PARAMETRIC_REPRESENTATION_CONTEXT() REPRESENTATION_CONTEXT('2D SPACE',''
  ) );
#3874 = ADVANCED_FACE('',(#3875,#3977),#3530,.T.);
#3875 = FACE_BOUND('',#3876,.T.);
#3876 = EDGE_LOOP('',(#3877,#3906,#3926,#3948,#3975,#3976));
#3877 = ORIENTED_EDGE('',*,*,#3878,.T.);
#3878 = EDGE_CURVE('',#3879,#3879,#3881,.T.);
#3879 = VERTEX_POINT('',#3880);
#3880 = CARTESIAN_POINT('',(-27.94,172.72,4.7625));
#3881 = SURFACE_CURVE('',#3882,(#3887,#3894),.PCURVE_S1.);
#3882 = CIRCLE('',#3883,4.7625);
#3883 = AXIS2_PLACEMENT_3D('',#3884,#3885,#3886);
#3884 = CARTESIAN_POINT('',(-27.94,172.72,0.));
#3885 = DIRECTION('',(1.,0.,-0.));
#3886 = DIRECTION('',(0.,0.,1.));
#3887 = PCURVE('',#3530,#3888);
#3888 = DEFINITIONAL_REPRESENTATION('',(#3889),#3893);
#3889 = LINE('',#3890,#3891);
#3890 = CARTESIAN_POINT('',(0.,0.));
#3891 = VECTOR('',#3892,1.);
#3892 = DIRECTION('',(1.,0.));
#3893 = ( GEOMETRIC_REPRESENTATION_CONTEXT(2) 
PARAMETRIC_REPRESENTATION_CONTEXT() REPRESENTATION_CONTEXT('2D SPACE',''
  ) );
#3894 = PCURVE('',#3895,#3900);
#3895 = PLANE('',#3896);
#3896 = AXIS2_PLACEMENT_3D('',#3897,#3898,#3899);
#3897 = CARTESIAN_POINT('',(-27.94,172.72,8.613796110485E-16));
#3898 = DIRECTION('',(1.,0.,0.));
#3899 = DIRECTION('',(-0.,0.,1.));
#3900 = DEFINITIONAL_REPRESENTATION('',(#3901),#3905);
#3901 = CIRCLE('',#3902,4.7625);
#3902 = AXIS2_PLACEMENT_2D('',#3903,#3904);
#3903 = CARTESIAN_POINT('',(-8.613796110485E-16,0.));
#3904 = DIRECTION('',(1.,0.));
#3905 = ( GEOMETRIC_REPRESENTATION_CONTEXT(2) 
PARAMETRIC_REPRESENTATION_CONTEXT() REPRESENTATION_CONTEXT('2D SPACE',''
  ) );
#3906 = ORIENTED_EDGE('',*,*,#3907,.T.);
#3907 = EDGE_CURVE('',#3879,#3406,#3908,.T.);
#3908 = SEAM_CURVE('',#3909,(#3913,#3920),.PCURVE_S1.);
#3909 = LINE('',#3910,#3911);
#3910 = CARTESIAN_POINT('',(-27.94,172.72,4.7625));
#3911 = VECTOR('',#3912,1.);
#3912 = DIRECTION('',(1.,0.,0.));
#3913 = PCURVE('',#3530,#3914);
#3914 = DEFINITIONAL_REPRESENTATION('',(#3915),#3919);
#3915 = LINE('',#3916,#3917);
#3916 = CARTESIAN_POINT('',(0.,0.));
#3917 = VECTOR('',#3918,1.);
#3918 = DIRECTION('',(0.,1.));
#3919 = ( GEOMETRIC_REPRESENTATION_CONTEXT(2) 
PARAMETRIC_REPRESENTATION_CONTEXT() REPRESENTATION_CONTEXT('2D SPACE',''
  ) );
#3920 = PCURVE('',#3530,#3921);
#3921 = DEFINITIONAL_REPRESENTATION('',(#3922),#3925);
#3922 = B_SPLINE_CURVE_WITH_KNOTS('',1,(#3923,#3924),.UNSPECIFIED.,.F.,
  .F.,(2,2),(0.,55.88),.PIECEWISE_BEZIER_KNOTS.);
#3923 = CARTESIAN_POINT('',(6.28318530718,0.));
#3924 = CARTESIAN_POINT('',(6.28318530718,55.88));
#3925 = ( GEOMETRIC_REPRESENTATION_CONTEXT(2) 
PARAMETRIC_REPRESENTATION_CONTEXT() REPRESENTATION_CONTEXT('2D SPACE',''
  ) );
#3926 = ORIENTED_EDGE('',*,*,#3927,.T.);
#3927 = EDGE_CURVE('',#3406,#3928,#3930,.T.);
#3928 = VERTEX_POINT('',#3929);
#3929 = CARTESIAN_POINT('',(27.94,172.72,4.7625));
#3930 = SEAM_CURVE('',#3931,(#3935,#3942),.PCURVE_S1.);
#3931 = LINE('',#3932,#3933);
#3932 = CARTESIAN_POINT('',(-27.94,172.72,4.7625));
#3933 = VECTOR('',#3934,1.);
#3934 = DIRECTION('',(1.,0.,0.));
#3935 = PCURVE('',#3530,#3936);
#3936 = DEFINITIONAL_REPRESENTATION('',(#3937),#3941);
#3937 = LINE('',#3938,#3939);
#3938 = CARTESIAN_POINT('',(0.,0.));
#3939 = VECTOR('',#3940,1.);
#3940 = DIRECTION('',(0.,1.));
#3941 = ( GEOMETRIC_REPRESENTATION_CONTEXT(2) 
PARAMETRIC_REPRESENTATION_CONTEXT() REPRESENTATION_CONTEXT('2D SPACE',''
  ) );
#3942 = PCURVE('',#3530,#3943);
#3943 = DEFINITIONAL_REPRESENTATION('',(#3944),#3947);
#3944 = B_SPLINE_CURVE_WITH_KNOTS('',1,(#3945,#3946),.UNSPECIFIED.,.F.,
  .F.,(2,2),(0.,55.88),.PIECEWISE_BEZIER_KNOTS.);
#3945 = CARTESIAN_POINT('',(6.28318530718,0.));
#3946 = CARTESIAN_POINT('',(6.28318530718,55.88));
#3947 = ( GEOMETRIC_REPRESENTATION_CONTEXT(2) 
PARAMETRIC_REPRESENTATION_CONTEXT() REPRESENTATION_CONTEXT('2D SPACE',''
  ) );
#3948 = ORIENTED_EDGE('',*,*,#3949,.F.);
#3949 = EDGE_CURVE('',#3928,#3928,#3950,.T.);
#3950 = SURFACE_CURVE('',#3951,(#3956,#3963),.PCURVE_S1.);
#3951 = CIRCLE('',#3952,4.7625);
#3952 = AXIS2_PLACEMENT_3D('',#3953,#3954,#3955);
#3953 = CARTESIAN_POINT('',(27.94,172.72,0.));
#3954 = DIRECTION('',(1.,0.,-0.));
#3955 = DIRECTION('',(0.,0.,1.));
#3956 = PCURVE('',#3530,#3957);
#3957 = DEFINITIONAL_REPRESENTATION('',(#3958),#3962);
#3958 = LINE('',#3959,#3960);
#3959 = CARTESIAN_POINT('',(0.,55.88));
#3960 = VECTOR('',#3961,1.);
#3961 = DIRECTION('',(1.,0.));
#3962 = ( GEOMETRIC_REPRESENTATION_CONTEXT(2) 
PARAMETRIC_REPRESENTATION_CONTEXT() REPRESENTATION_CONTEXT('2D SPACE',''
  ) );
#3963 = PCURVE('',#3964,#3969);
#3964 = PLANE('',#3965);
#3965 = AXIS2_PLACEMENT_3D('',#3966,#3967,#3968);
#3966 = CARTESIAN_POINT('',(27.94,172.72,8.613796110485E-16));
#3967 = DIRECTION('',(1.,0.,0.));
#3968 = DIRECTION('',(-0.,0.,1.));
#3969 = DEFINITIONAL_REPRESENTATION('',(#3970),#3974);
#3970 = CIRCLE('',#3971,4.7625);
#3971 = AXIS2_PLACEMENT_2D('',#3972,#3973);
#3972 = CARTESIAN_POINT('',(-8.613796110485E-16,0.));
#3973 = DIRECTION('',(1.,0.));
#3974 = ( GEOMETRIC_REPRESENTATION_CONTEXT(2) 
PARAMETRIC_REPRESENTATION_CONTEXT() REPRESENTATION_CONTEXT('2D SPACE',''
  ) );
#3975 = ORIENTED_EDGE('',*,*,#3927,.F.);
#3976 = ORIENTED_EDGE('',*,*,#3907,.F.);
#3977 = FACE_BOUND('',#3978,.T.);
#3978 = EDGE_LOOP('',(#3979,#3980));
#3979 = ORIENTED_EDGE('',*,*,#3500,.T.);
#3980 = ORIENTED_EDGE('',*,*,#3555,.T.);
#3981 = ADVANCED_FACE('',(#3982),#3651,.T.);
#3982 = FACE_BOUND('',#3983,.T.);
#3983 = EDGE_LOOP('',(#3984,#4006,#4045,#4081,#4113,#4114,#4115,#4116));
#3984 = ORIENTED_EDGE('',*,*,#3985,.T.);
#3985 = EDGE_CURVE('',#3608,#3986,#3988,.T.);
#3986 = VERTEX_POINT('',#3987);
#3987 = CARTESIAN_POINT('',(-15.69807875161,114.46602748224,
    5.832380380939E-16));
#3988 = SEAM_CURVE('',#3989,(#3993,#3999),.PCURVE_S1.);
#3989 = LINE('',#3990,#3991);
#3990 = CARTESIAN_POINT('',(-8.222921279858,115.95292875148,
    5.832380380939E-16));
#3991 = VECTOR('',#3992,1.);
#3992 = DIRECTION('',(-0.980785280403,-0.195090322016,0.));
#3993 = PCURVE('',#3651,#3994);
#3994 = DEFINITIONAL_REPRESENTATION('',(#3995),#3998);
#3995 = B_SPLINE_CURVE_WITH_KNOTS('',1,(#3996,#3997),.UNSPECIFIED.,.F.,
  .F.,(2,2),(-1.726277771592,9.035731494353),.PIECEWISE_BEZIER_KNOTS.);
#3996 = CARTESIAN_POINT('',(6.28318530718,-1.726277771592));
#3997 = CARTESIAN_POINT('',(6.28318530718,9.035731494353));
#3998 = ( GEOMETRIC_REPRESENTATION_CONTEXT(2) 
PARAMETRIC_REPRESENTATION_CONTEXT() REPRESENTATION_CONTEXT('2D SPACE',''
  ) );
#3999 = PCURVE('',#3651,#4000);
#4000 = DEFINITIONAL_REPRESENTATION('',(#4001),#4005);
#4001 = LINE('',#4002,#4003);
#4002 = CARTESIAN_POINT('',(0.,0.));
#4003 = VECTOR('',#4004,1.);
#4004 = DIRECTION('',(0.,1.));
#4005 = ( GEOMETRIC_REPRESENTATION_CONTEXT(2) 
PARAMETRIC_REPRESENTATION_CONTEXT() REPRESENTATION_CONTEXT('2D SPACE',''
  ) );
#4006 = ORIENTED_EDGE('',*,*,#4007,.F.);
#4007 = EDGE_CURVE('',#4008,#3986,#4010,.T.);
#4008 = VERTEX_POINT('',#4009);
#4009 = CARTESIAN_POINT('',(-14.46280824032,109.85593517303,4.7625));
#4010 = SURFACE_CURVE('',#4011,(#4016,#4028),.PCURVE_S1.);
#4011 = ELLIPSE('',#4012,4.77271875722,4.7625);
#4012 = AXIS2_PLACEMENT_3D('',#4013,#4014,#4015);
#4013 = CARTESIAN_POINT('',(-14.46280824032,109.85593517303,0.));
#4014 = DIRECTION('',(-0.965925826289,-0.258819045103,0.));
#4015 = DIRECTION('',(-0.258819045103,0.965925826289,0.));
#4016 = PCURVE('',#3651,#4017);
#4017 = DEFINITIONAL_REPRESENTATION('',(#4018),#4027);
#4018 = B_SPLINE_CURVE_WITH_KNOTS('',7,(#4019,#4020,#4021,#4022,#4023,
    #4024,#4025,#4026),.UNSPECIFIED.,.F.,.F.,(8,8),(4.712388980385,
    6.28318530718),.PIECEWISE_BEZIER_KNOTS.);
#4019 = CARTESIAN_POINT('',(4.712388980385,7.309453722761));
#4020 = CARTESIAN_POINT('',(4.936788455641,7.37950018539));
#4021 = CARTESIAN_POINT('',(5.161187930897,7.44954636359));
#4022 = CARTESIAN_POINT('',(5.385587406155,7.513833430021));
#4023 = CARTESIAN_POINT('',(5.60998688141,7.566591799532));
#4024 = CARTESIAN_POINT('',(5.834386356667,7.603266022691));
#4025 = CARTESIAN_POINT('',(6.058785831923,7.621604464418));
#4026 = CARTESIAN_POINT('',(6.28318530718,7.621604464418));
#4027 = ( GEOMETRIC_REPRESENTATION_CONTEXT(2) 
PARAMETRIC_REPRESENTATION_CONTEXT() REPRESENTATION_CONTEXT('2D SPACE',''
  ) );
#4028 = PCURVE('',#4029,#4034);
#4029 = CYLINDRICAL_SURFACE('',#4030,4.7625);
#4030 = AXIS2_PLACEMENT_3D('',#4031,#4032,#4033);
#4031 = CARTESIAN_POINT('',(-14.46280824032,109.85593517303,0.));
#4032 = DIRECTION('',(-0.946930129495,-0.321439465303,0.));
#4033 = DIRECTION('',(-0.321439465303,0.946930129495,1.224646799147E-16)
  );
#4034 = DEFINITIONAL_REPRESENTATION('',(#4035),#4044);
#4035 = B_SPLINE_CURVE_WITH_KNOTS('',7,(#4036,#4037,#4038,#4039,#4040,
    #4041,#4042,#4043),.UNSPECIFIED.,.F.,.F.,(8,8),(4.712388980385,
    6.28318530718),.PIECEWISE_BEZIER_KNOTS.);
#4036 = CARTESIAN_POINT('',(4.712388980385,1.24344978758E-13));
#4037 = CARTESIAN_POINT('',(4.936788455641,-7.004646262873E-02));
#4038 = CARTESIAN_POINT('',(5.161187930897,-0.140092640828));
#4039 = CARTESIAN_POINT('',(5.385587406155,-0.204379707263));
#4040 = CARTESIAN_POINT('',(5.609986881409,-0.257138076768));
#4041 = CARTESIAN_POINT('',(5.834386356667,-0.293812299931));
#4042 = CARTESIAN_POINT('',(6.058785831923,-0.312150741657));
#4043 = CARTESIAN_POINT('',(6.28318530718,-0.312150741657));
#4044 = ( GEOMETRIC_REPRESENTATION_CONTEXT(2) 
PARAMETRIC_REPRESENTATION_CONTEXT() REPRESENTATION_CONTEXT('2D SPACE',''
  ) );
#4045 = ORIENTED_EDGE('',*,*,#4046,.F.);
#4046 = EDGE_CURVE('',#4047,#4008,#4049,.T.);
#4047 = VERTEX_POINT('',#4048);
#4048 = CARTESIAN_POINT('',(-14.46280824032,109.85593517303,-4.7625));
#4049 = SURFACE_CURVE('',#4050,(#4055,#4068),.PCURVE_S1.);
#4050 = ELLIPSE('',#4051,4.77271875722,4.7625);
#4051 = AXIS2_PLACEMENT_3D('',#4052,#4053,#4054);
#4052 = CARTESIAN_POINT('',(-14.46280824032,109.85593517303,0.));
#4053 = DIRECTION('',(-0.965925826289,-0.258819045103,0.));
#4054 = DIRECTION('',(-0.258819045103,0.965925826289,0.));
#4055 = PCURVE('',#3651,#4056);
#4056 = DEFINITIONAL_REPRESENTATION('',(#4057),#4067);
#4057 = B_SPLINE_CURVE_WITH_KNOTS('',8,(#4058,#4059,#4060,#4061,#4062,
    #4063,#4064,#4065,#4066),.UNSPECIFIED.,.F.,.F.,(9,9),(1.570796326795
    ,4.712388980385),.PIECEWISE_BEZIER_KNOTS.);
#4058 = CARTESIAN_POINT('',(1.570796326795,7.309453722761));
#4059 = CARTESIAN_POINT('',(1.963495408494,7.18687241316));
#4060 = CARTESIAN_POINT('',(2.356194490189,7.06429012615));
#4061 = CARTESIAN_POINT('',(2.748893571899,6.970523779112));
#4062 = CARTESIAN_POINT('',(3.141592653569,6.934311415189));
#4063 = CARTESIAN_POINT('',(3.534291735295,6.970523779108));
#4064 = CARTESIAN_POINT('',(3.926990816983,7.064290126148));
#4065 = CARTESIAN_POINT('',(4.319689898686,7.18687241316));
#4066 = CARTESIAN_POINT('',(4.712388980385,7.309453722761));
#4067 = ( GEOMETRIC_REPRESENTATION_CONTEXT(2) 
PARAMETRIC_REPRESENTATION_CONTEXT() REPRESENTATION_CONTEXT('2D SPACE',''
  ) );
#4068 = PCURVE('',#4029,#4069);
#4069 = DEFINITIONAL_REPRESENTATION('',(#4070),#4080);
#4070 = B_SPLINE_CURVE_WITH_KNOTS('',8,(#4071,#4072,#4073,#4074,#4075,
    #4076,#4077,#4078,#4079),.UNSPECIFIED.,.F.,.F.,(9,9),(1.570796326795
    ,4.712388980385),.PIECEWISE_BEZIER_KNOTS.);
#4071 = CARTESIAN_POINT('',(1.570796326795,1.24344978758E-13));
#4072 = CARTESIAN_POINT('',(1.963495408494,0.122581309601));
#4073 = CARTESIAN_POINT('',(2.356194490189,0.245163596605));
#4074 = CARTESIAN_POINT('',(2.7488935719,0.338929943673));
#4075 = CARTESIAN_POINT('',(3.141592653569,0.375142307551));
#4076 = CARTESIAN_POINT('',(3.534291735296,0.338929943673));
#4077 = CARTESIAN_POINT('',(3.926990816983,0.245163596605));
#4078 = CARTESIAN_POINT('',(4.319689898686,0.122581309601));
#4079 = CARTESIAN_POINT('',(4.712388980385,1.24344978758E-13));
#4080 = ( GEOMETRIC_REPRESENTATION_CONTEXT(2) 
PARAMETRIC_REPRESENTATION_CONTEXT() REPRESENTATION_CONTEXT('2D SPACE',''
  ) );
#4081 = ORIENTED_EDGE('',*,*,#4082,.F.);
#4082 = EDGE_CURVE('',#3986,#4047,#4083,.T.);
#4083 = SURFACE_CURVE('',#4084,(#4089,#4101),.PCURVE_S1.);
#4084 = ELLIPSE('',#4085,4.77271875722,4.7625);
#4085 = AXIS2_PLACEMENT_3D('',#4086,#4087,#4088);
#4086 = CARTESIAN_POINT('',(-14.46280824032,109.85593517303,0.));
#4087 = DIRECTION('',(-0.965925826289,-0.258819045103,0.));
#4088 = DIRECTION('',(-0.258819045103,0.965925826289,0.));
#4089 = PCURVE('',#3651,#4090);
#4090 = DEFINITIONAL_REPRESENTATION('',(#4091),#4100);
#4091 = B_SPLINE_CURVE_WITH_KNOTS('',7,(#4092,#4093,#4094,#4095,#4096,
    #4097,#4098,#4099),.UNSPECIFIED.,.F.,.F.,(8,8),(0.,1.570796326795),
  .PIECEWISE_BEZIER_KNOTS.);
#4092 = CARTESIAN_POINT('',(1.224646799147E-16,7.621604464418));
#4093 = CARTESIAN_POINT('',(0.224399475256,7.621604464418));
#4094 = CARTESIAN_POINT('',(0.448798950513,7.603266022692));
#4095 = CARTESIAN_POINT('',(0.67319842577,7.566591799529));
#4096 = CARTESIAN_POINT('',(0.897597901026,7.513833430025));
#4097 = CARTESIAN_POINT('',(1.121997376282,7.449546363589));
#4098 = CARTESIAN_POINT('',(1.346396851538,7.37950018539));
#4099 = CARTESIAN_POINT('',(1.570796326795,7.309453722761));
#4100 = ( GEOMETRIC_REPRESENTATION_CONTEXT(2) 
PARAMETRIC_REPRESENTATION_CONTEXT() REPRESENTATION_CONTEXT('2D SPACE',''
  ) );
#4101 = PCURVE('',#4029,#4102);
#4102 = DEFINITIONAL_REPRESENTATION('',(#4103),#4112);
#4103 = B_SPLINE_CURVE_WITH_KNOTS('',7,(#4104,#4105,#4106,#4107,#4108,
    #4109,#4110,#4111),.UNSPECIFIED.,.F.,.F.,(8,8),(0.,1.570796326795),
  .PIECEWISE_BEZIER_KNOTS.);
#4104 = CARTESIAN_POINT('',(1.224646799147E-16,-0.312150741657));
#4105 = CARTESIAN_POINT('',(0.224399475256,-0.312150741657));
#4106 = CARTESIAN_POINT('',(0.448798950513,-0.293812299931));
#4107 = CARTESIAN_POINT('',(0.67319842577,-0.257138076768));
#4108 = CARTESIAN_POINT('',(0.897597901026,-0.204379707263));
#4109 = CARTESIAN_POINT('',(1.121997376282,-0.140092640828));
#4110 = CARTESIAN_POINT('',(1.346396851538,-7.004646262873E-02));
#4111 = CARTESIAN_POINT('',(1.570796326795,1.24344978758E-13));
#4112 = ( GEOMETRIC_REPRESENTATION_CONTEXT(2) 
PARAMETRIC_REPRESENTATION_CONTEXT() REPRESENTATION_CONTEXT('2D SPACE',''
  ) );
#4113 = ORIENTED_EDGE('',*,*,#3985,.F.);
#4114 = ORIENTED_EDGE('',*,*,#3704,.T.);
#4115 = ORIENTED_EDGE('',*,*,#3668,.T.);
#4116 = ORIENTED_EDGE('',*,*,#3629,.T.);
#4117 = ADVANCED_FACE('',(#4118),#3790,.T.);
#4118 = FACE_BOUND('',#4119,.T.);
#4119 = EDGE_LOOP('',(#4120,#4142,#4143,#4144,#4145,#4146,#4185,#4221));
#4120 = ORIENTED_EDGE('',*,*,#4121,.T.);
#4121 = EDGE_CURVE('',#4122,#3743,#4124,.T.);
#4122 = VERTEX_POINT('',#4123);
#4123 = CARTESIAN_POINT('',(-15.69807875161,-2.706027482246,
    5.832380380939E-16));
#4124 = SEAM_CURVE('',#4125,(#4129,#4135),.PCURVE_S1.);
#4125 = LINE('',#4126,#4127);
#4126 = CARTESIAN_POINT('',(-15.39192589893,-2.766925070954,
    5.832380380939E-16));
#4127 = VECTOR('',#4128,1.);
#4128 = DIRECTION('',(0.980785280403,-0.195090322016,0.));
#4129 = PCURVE('',#3790,#4130);
#4130 = DEFINITIONAL_REPRESENTATION('',(#4131),#4134);
#4131 = B_SPLINE_CURVE_WITH_KNOTS('',1,(#4132,#4133),.UNSPECIFIED.,.F.,
  .F.,(2,2),(-1.726277771592,9.035731494353),.PIECEWISE_BEZIER_KNOTS.);
#4132 = CARTESIAN_POINT('',(6.28318530718,-1.726277771592));
#4133 = CARTESIAN_POINT('',(6.28318530718,9.035731494353));
#4134 = ( GEOMETRIC_REPRESENTATION_CONTEXT(2) 
PARAMETRIC_REPRESENTATION_CONTEXT() REPRESENTATION_CONTEXT('2D SPACE',''
  ) );
#4135 = PCURVE('',#3790,#4136);
#4136 = DEFINITIONAL_REPRESENTATION('',(#4137),#4141);
#4137 = LINE('',#4138,#4139);
#4138 = CARTESIAN_POINT('',(0.,0.));
#4139 = VECTOR('',#4140,1.);
#4140 = DIRECTION('',(0.,1.));
#4141 = ( GEOMETRIC_REPRESENTATION_CONTEXT(2) 
PARAMETRIC_REPRESENTATION_CONTEXT() REPRESENTATION_CONTEXT('2D SPACE',''
  ) );
#4142 = ORIENTED_EDGE('',*,*,#3843,.F.);
#4143 = ORIENTED_EDGE('',*,*,#3807,.F.);
#4144 = ORIENTED_EDGE('',*,*,#3768,.F.);
#4145 = ORIENTED_EDGE('',*,*,#4121,.F.);
#4146 = ORIENTED_EDGE('',*,*,#4147,.T.);
#4147 = EDGE_CURVE('',#4122,#4148,#4150,.T.);
#4148 = VERTEX_POINT('',#4149);
#4149 = CARTESIAN_POINT('',(-14.46280824032,1.904064826967,-4.7625));
#4150 = SURFACE_CURVE('',#4151,(#4156,#4168),.PCURVE_S1.);
#4151 = ELLIPSE('',#4152,4.77271875722,4.7625);
#4152 = AXIS2_PLACEMENT_3D('',#4153,#4154,#4155);
#4153 = CARTESIAN_POINT('',(-14.46280824032,1.904064826967,0.));
#4154 = DIRECTION('',(0.965925826289,-0.258819045103,0.));
#4155 = DIRECTION('',(-0.258819045103,-0.965925826289,0.));
#4156 = PCURVE('',#3790,#4157);
#4157 = DEFINITIONAL_REPRESENTATION('',(#4158),#4167);
#4158 = B_SPLINE_CURVE_WITH_KNOTS('',7,(#4159,#4160,#4161,#4162,#4163,
    #4164,#4165,#4166),.UNSPECIFIED.,.F.,.F.,(8,8),(0.,1.570796326795),
  .PIECEWISE_BEZIER_KNOTS.);
#4159 = CARTESIAN_POINT('',(1.224646799147E-16,-0.312150741658));
#4160 = CARTESIAN_POINT('',(0.224399475256,-0.312150741658));
#4161 = CARTESIAN_POINT('',(0.448798950513,-0.293812299931));
#4162 = CARTESIAN_POINT('',(0.67319842577,-0.257138076769));
#4163 = CARTESIAN_POINT('',(0.897597901025,-0.204379707263));
#4164 = CARTESIAN_POINT('',(1.121997376282,-0.140092640828));
#4165 = CARTESIAN_POINT('',(1.346396851538,-7.004646262886E-02));
#4166 = CARTESIAN_POINT('',(1.570796326795,-3.552713678801E-15));
#4167 = ( GEOMETRIC_REPRESENTATION_CONTEXT(2) 
PARAMETRIC_REPRESENTATION_CONTEXT() REPRESENTATION_CONTEXT('2D SPACE',''
  ) );
#4168 = PCURVE('',#4169,#4174);
#4169 = CYLINDRICAL_SURFACE('',#4170,4.7625);
#4170 = AXIS2_PLACEMENT_3D('',#4171,#4172,#4173);
#4171 = CARTESIAN_POINT('',(-21.38435020056,4.253611723269,0.));
#4172 = DIRECTION('',(0.946930129495,-0.321439465303,0.));
#4173 = DIRECTION('',(-0.321439465303,-0.946930129495,1.224646799147E-16
    ));
#4174 = DEFINITIONAL_REPRESENTATION('',(#4175),#4184);
#4175 = B_SPLINE_CURVE_WITH_KNOTS('',7,(#4176,#4177,#4178,#4179,#4180,
    #4181,#4182,#4183),.UNSPECIFIED.,.F.,.F.,(8,8),(0.,1.570796326795),
  .PIECEWISE_BEZIER_KNOTS.);
#4176 = CARTESIAN_POINT('',(1.224646799147E-16,7.621604464418));
#4177 = CARTESIAN_POINT('',(0.224399475256,7.621604464418));
#4178 = CARTESIAN_POINT('',(0.448798950513,7.603266022693));
#4179 = CARTESIAN_POINT('',(0.673198425769,7.566591799527));
#4180 = CARTESIAN_POINT('',(0.897597901026,7.513833430027));
#4181 = CARTESIAN_POINT('',(1.121997376282,7.449546363588));
#4182 = CARTESIAN_POINT('',(1.346396851538,7.37950018539));
#4183 = CARTESIAN_POINT('',(1.570796326795,7.309453722761));
#4184 = ( GEOMETRIC_REPRESENTATION_CONTEXT(2) 
PARAMETRIC_REPRESENTATION_CONTEXT() REPRESENTATION_CONTEXT('2D SPACE',''
  ) );
#4185 = ORIENTED_EDGE('',*,*,#4186,.T.);
#4186 = EDGE_CURVE('',#4148,#4187,#4189,.T.);
#4187 = VERTEX_POINT('',#4188);
#4188 = CARTESIAN_POINT('',(-14.46280824032,1.904064826967,4.7625));
#4189 = SURFACE_CURVE('',#4190,(#4195,#4208),.PCURVE_S1.);
#4190 = ELLIPSE('',#4191,4.77271875722,4.7625);
#4191 = AXIS2_PLACEMENT_3D('',#4192,#4193,#4194);
#4192 = CARTESIAN_POINT('',(-14.46280824032,1.904064826967,0.));
#4193 = DIRECTION('',(0.965925826289,-0.258819045103,0.));
#4194 = DIRECTION('',(-0.258819045103,-0.965925826289,0.));
#4195 = PCURVE('',#3790,#4196);
#4196 = DEFINITIONAL_REPRESENTATION('',(#4197),#4207);
#4197 = B_SPLINE_CURVE_WITH_KNOTS('',8,(#4198,#4199,#4200,#4201,#4202,
    #4203,#4204,#4205,#4206),.UNSPECIFIED.,.F.,.F.,(9,9),(1.570796326795
    ,4.712388980385),.PIECEWISE_BEZIER_KNOTS.);
#4198 = CARTESIAN_POINT('',(1.570796326795,-3.552713678801E-15));
#4199 = CARTESIAN_POINT('',(1.963495408494,0.122581309601));
#4200 = CARTESIAN_POINT('',(2.356194490189,0.245163596604));
#4201 = CARTESIAN_POINT('',(2.748893571897,0.338929943674));
#4202 = CARTESIAN_POINT('',(3.141592653567,0.37514230755));
#4203 = CARTESIAN_POINT('',(3.53429173529,0.338929943674));
#4204 = CARTESIAN_POINT('',(3.926990816984,0.245163596605));
#4205 = CARTESIAN_POINT('',(4.319689898686,0.122581309601));
#4206 = CARTESIAN_POINT('',(4.712388980385,-3.552713678801E-15));
#4207 = ( GEOMETRIC_REPRESENTATION_CONTEXT(2) 
PARAMETRIC_REPRESENTATION_CONTEXT() REPRESENTATION_CONTEXT('2D SPACE',''
  ) );
#4208 = PCURVE('',#4169,#4209);
#4209 = DEFINITIONAL_REPRESENTATION('',(#4210),#4220);
#4210 = B_SPLINE_CURVE_WITH_KNOTS('',8,(#4211,#4212,#4213,#4214,#4215,
    #4216,#4217,#4218,#4219),.UNSPECIFIED.,.F.,.F.,(9,9),(1.570796326795
    ,4.712388980385),.PIECEWISE_BEZIER_KNOTS.);
#4211 = CARTESIAN_POINT('',(1.570796326795,7.309453722761));
#4212 = CARTESIAN_POINT('',(1.963495408494,7.18687241316));
#4213 = CARTESIAN_POINT('',(2.35619449019,7.064290126151));
#4214 = CARTESIAN_POINT('',(2.748893571892,6.970523779094));
#4215 = CARTESIAN_POINT('',(3.141592653574,6.934311415194));
#4216 = CARTESIAN_POINT('',(3.534291735285,6.970523779089));
#4217 = CARTESIAN_POINT('',(3.926990816986,7.064290126149));
#4218 = CARTESIAN_POINT('',(4.319689898686,7.18687241316));
#4219 = CARTESIAN_POINT('',(4.712388980385,7.309453722761));
#4220 = ( GEOMETRIC_REPRESENTATION_CONTEXT(2) 
PARAMETRIC_REPRESENTATION_CONTEXT() REPRESENTATION_CONTEXT('2D SPACE',''
  ) );
#4221 = ORIENTED_EDGE('',*,*,#4222,.T.);
#4222 = EDGE_CURVE('',#4187,#4122,#4223,.T.);
#4223 = SURFACE_CURVE('',#4224,(#4229,#4241),.PCURVE_S1.);
#4224 = ELLIPSE('',#4225,4.77271875722,4.7625);
#4225 = AXIS2_PLACEMENT_3D('',#4226,#4227,#4228);
#4226 = CARTESIAN_POINT('',(-14.46280824032,1.904064826967,0.));
#4227 = DIRECTION('',(0.965925826289,-0.258819045103,0.));
#4228 = DIRECTION('',(-0.258819045103,-0.965925826289,0.));
#4229 = PCURVE('',#3790,#4230);
#4230 = DEFINITIONAL_REPRESENTATION('',(#4231),#4240);
#4231 = B_SPLINE_CURVE_WITH_KNOTS('',7,(#4232,#4233,#4234,#4235,#4236,
    #4237,#4238,#4239),.UNSPECIFIED.,.F.,.F.,(8,8),(4.712388980385,
    6.28318530718),.PIECEWISE_BEZIER_KNOTS.);
#4232 = CARTESIAN_POINT('',(4.712388980385,-3.552713678801E-15));
#4233 = CARTESIAN_POINT('',(4.936788455641,-7.004646262886E-02));
#4234 = CARTESIAN_POINT('',(5.161187930898,-0.140092640828));
#4235 = CARTESIAN_POINT('',(5.385587406153,-0.204379707263));
#4236 = CARTESIAN_POINT('',(5.609986881411,-0.257138076768));
#4237 = CARTESIAN_POINT('',(5.834386356667,-0.293812299931));
#4238 = CARTESIAN_POINT('',(6.058785831923,-0.312150741658));
#4239 = CARTESIAN_POINT('',(6.28318530718,-0.312150741658));
#4240 = ( GEOMETRIC_REPRESENTATION_CONTEXT(2) 
PARAMETRIC_REPRESENTATION_CONTEXT() REPRESENTATION_CONTEXT('2D SPACE',''
  ) );
#4241 = PCURVE('',#4169,#4242);
#4242 = DEFINITIONAL_REPRESENTATION('',(#4243),#4252);
#4243 = B_SPLINE_CURVE_WITH_KNOTS('',7,(#4244,#4245,#4246,#4247,#4248,
    #4249,#4250,#4251),.UNSPECIFIED.,.F.,.F.,(8,8),(4.712388980385,
    6.28318530718),.PIECEWISE_BEZIER_KNOTS.);
#4244 = CARTESIAN_POINT('',(4.712388980385,7.309453722761));
#4245 = CARTESIAN_POINT('',(4.936788455641,7.37950018539));
#4246 = CARTESIAN_POINT('',(5.161187930898,7.449546363589));
#4247 = CARTESIAN_POINT('',(5.385587406153,7.513833430022));
#4248 = CARTESIAN_POINT('',(5.609986881411,7.566591799532));
#4249 = CARTESIAN_POINT('',(5.834386356667,7.603266022691));
#4250 = CARTESIAN_POINT('',(6.058785831923,7.621604464418));
#4251 = CARTESIAN_POINT('',(6.28318530718,7.621604464418));
#4252 = ( GEOMETRIC_REPRESENTATION_CONTEXT(2) 
PARAMETRIC_REPRESENTATION_CONTEXT() REPRESENTATION_CONTEXT('2D SPACE',''
  ) );
#4253 = ADVANCED_FACE('',(#4254),#3895,.F.);
#4254 = FACE_BOUND('',#4255,.F.);
#4255 = EDGE_LOOP('',(#4256));
#4256 = ORIENTED_EDGE('',*,*,#3878,.T.);
#4257 = ADVANCED_FACE('',(#4258),#3964,.T.);
#4258 = FACE_BOUND('',#4259,.T.);
#4259 = EDGE_LOOP('',(#4260));
#4260 = ORIENTED_EDGE('',*,*,#3949,.T.);
#4261 = ADVANCED_FACE('',(#4262),#4029,.T.);
#4262 = FACE_BOUND('',#4263,.T.);
#4263 = EDGE_LOOP('',(#4264,#4286,#4325,#4361,#4393,#4394,#4395,#4396));
#4264 = ORIENTED_EDGE('',*,*,#4265,.T.);
#4265 = EDGE_CURVE('',#3986,#4266,#4268,.T.);
#4266 = VERTEX_POINT('',#4267);
#4267 = CARTESIAN_POINT('',(-23.21079059628,111.91580545095,
    5.832380380939E-16));
#4268 = SEAM_CURVE('',#4269,(#4273,#4279),.PCURVE_S1.);
#4269 = LINE('',#4270,#4271);
#4270 = CARTESIAN_POINT('',(-15.99366369383,114.36568991475,
    5.832380380939E-16));
#4271 = VECTOR('',#4272,1.);
#4272 = DIRECTION('',(-0.946930129495,-0.321439465303,0.));
#4273 = PCURVE('',#4029,#4274);
#4274 = DEFINITIONAL_REPRESENTATION('',(#4275),#4278);
#4275 = B_SPLINE_CURVE_WITH_KNOTS('',1,(#4276,#4277),.UNSPECIFIED.,.F.,
  .F.,(2,2),(-1.726277771592,9.035731494353),.PIECEWISE_BEZIER_KNOTS.);
#4276 = CARTESIAN_POINT('',(6.28318530718,-1.726277771592));
#4277 = CARTESIAN_POINT('',(6.28318530718,9.035731494353));
#4278 = ( GEOMETRIC_REPRESENTATION_CONTEXT(2) 
PARAMETRIC_REPRESENTATION_CONTEXT() REPRESENTATION_CONTEXT('2D SPACE',''
  ) );
#4279 = PCURVE('',#4029,#4280);
#4280 = DEFINITIONAL_REPRESENTATION('',(#4281),#4285);
#4281 = LINE('',#4282,#4283);
#4282 = CARTESIAN_POINT('',(0.,0.));
#4283 = VECTOR('',#4284,1.);
#4284 = DIRECTION('',(0.,1.));
#4285 = ( GEOMETRIC_REPRESENTATION_CONTEXT(2) 
PARAMETRIC_REPRESENTATION_CONTEXT() REPRESENTATION_CONTEXT('2D SPACE',''
  ) );
#4286 = ORIENTED_EDGE('',*,*,#4287,.F.);
#4287 = EDGE_CURVE('',#4288,#4266,#4290,.T.);
#4288 = VERTEX_POINT('',#4289);
#4289 = CARTESIAN_POINT('',(-21.38435020056,107.50638827673,4.7625));
#4290 = SURFACE_CURVE('',#4291,(#4296,#4308),.PCURVE_S1.);
#4291 = ELLIPSE('',#4292,4.77271875722,4.7625);
#4292 = AXIS2_PLACEMENT_3D('',#4293,#4294,#4295);
#4293 = CARTESIAN_POINT('',(-21.38435020056,107.50638827673,0.));
#4294 = DIRECTION('',(-0.923879532511,-0.382683432365,0.));
#4295 = DIRECTION('',(-0.382683432365,0.923879532511,0.));
#4296 = PCURVE('',#4029,#4297);
#4297 = DEFINITIONAL_REPRESENTATION('',(#4298),#4307);
#4298 = B_SPLINE_CURVE_WITH_KNOTS('',7,(#4299,#4300,#4301,#4302,#4303,
    #4304,#4305,#4306),.UNSPECIFIED.,.F.,.F.,(8,8),(4.712388980385,
    6.28318530718),.PIECEWISE_BEZIER_KNOTS.);
#4299 = CARTESIAN_POINT('',(4.712388980385,7.309453722761));
#4300 = CARTESIAN_POINT('',(4.936788455641,7.379500185389));
#4301 = CARTESIAN_POINT('',(5.161187930898,7.449546363589));
#4302 = CARTESIAN_POINT('',(5.385587406153,7.513833430023));
#4303 = CARTESIAN_POINT('',(5.609986881412,7.56659179953));
#4304 = CARTESIAN_POINT('',(5.834386356666,7.603266022691));
#4305 = CARTESIAN_POINT('',(6.058785831923,7.621604464418));
#4306 = CARTESIAN_POINT('',(6.28318530718,7.621604464418));
#4307 = ( GEOMETRIC_REPRESENTATION_CONTEXT(2) 
PARAMETRIC_REPRESENTATION_CONTEXT() REPRESENTATION_CONTEXT('2D SPACE',''
  ) );
#4308 = PCURVE('',#4309,#4314);
#4309 = CYLINDRICAL_SURFACE('',#4310,4.7625);
#4310 = AXIS2_PLACEMENT_3D('',#4311,#4312,#4313);
#4311 = CARTESIAN_POINT('',(-21.38435020056,107.50638827673,0.));
#4312 = DIRECTION('',(-0.896872741533,-0.442288690219,0.));
#4313 = DIRECTION('',(-0.442288690219,0.896872741533,1.224646799147E-16)
  );
#4314 = DEFINITIONAL_REPRESENTATION('',(#4315),#4324);
#4315 = B_SPLINE_CURVE_WITH_KNOTS('',7,(#4316,#4317,#4318,#4319,#4320,
    #4321,#4322,#4323),.UNSPECIFIED.,.F.,.F.,(8,8),(4.712388980385,
    6.28318530718),.PIECEWISE_BEZIER_KNOTS.);
#4316 = CARTESIAN_POINT('',(4.712388980385,-2.167155344068E-13));
#4317 = CARTESIAN_POINT('',(4.936788455641,-7.004646262908E-02));
#4318 = CARTESIAN_POINT('',(5.161187930897,-0.140092640828));
#4319 = CARTESIAN_POINT('',(5.385587406154,-0.204379707263));
#4320 = CARTESIAN_POINT('',(5.60998688141,-0.257138076769));
#4321 = CARTESIAN_POINT('',(5.834386356667,-0.293812299931));
#4322 = CARTESIAN_POINT('',(6.058785831923,-0.312150741658));
#4323 = CARTESIAN_POINT('',(6.28318530718,-0.312150741658));
#4324 = ( GEOMETRIC_REPRESENTATION_CONTEXT(2) 
PARAMETRIC_REPRESENTATION_CONTEXT() REPRESENTATION_CONTEXT('2D SPACE',''
  ) );
#4325 = ORIENTED_EDGE('',*,*,#4326,.F.);
#4326 = EDGE_CURVE('',#4327,#4288,#4329,.T.);
#4327 = VERTEX_POINT('',#4328);
#4328 = CARTESIAN_POINT('',(-21.38435020056,107.50638827673,-4.7625));
#4329 = SURFACE_CURVE('',#4330,(#4335,#4348),.PCURVE_S1.);
#4330 = ELLIPSE('',#4331,4.77271875722,4.7625);
#4331 = AXIS2_PLACEMENT_3D('',#4332,#4333,#4334);
#4332 = CARTESIAN_POINT('',(-21.38435020056,107.50638827673,0.));
#4333 = DIRECTION('',(-0.923879532511,-0.382683432365,0.));
#4334 = DIRECTION('',(-0.382683432365,0.923879532511,0.));
#4335 = PCURVE('',#4029,#4336);
#4336 = DEFINITIONAL_REPRESENTATION('',(#4337),#4347);
#4337 = B_SPLINE_CURVE_WITH_KNOTS('',8,(#4338,#4339,#4340,#4341,#4342,
    #4343,#4344,#4345,#4346),.UNSPECIFIED.,.F.,.F.,(9,9),(1.570796326795
    ,4.712388980385),.PIECEWISE_BEZIER_KNOTS.);
#4338 = CARTESIAN_POINT('',(1.570796326795,7.309453722761));
#4339 = CARTESIAN_POINT('',(1.963495408494,7.18687241316));
#4340 = CARTESIAN_POINT('',(2.356194490189,7.064290126158));
#4341 = CARTESIAN_POINT('',(2.748893571898,6.970523779068));
#4342 = CARTESIAN_POINT('',(3.141592653571,6.934311415226));
#4343 = CARTESIAN_POINT('',(3.534291735295,6.970523779068));
#4344 = CARTESIAN_POINT('',(3.926990816983,7.064290126157));
#4345 = CARTESIAN_POINT('',(4.319689898686,7.18687241316));
#4346 = CARTESIAN_POINT('',(4.712388980385,7.309453722761));
#4347 = ( GEOMETRIC_REPRESENTATION_CONTEXT(2) 
PARAMETRIC_REPRESENTATION_CONTEXT() REPRESENTATION_CONTEXT('2D SPACE',''
  ) );
#4348 = PCURVE('',#4309,#4349);
#4349 = DEFINITIONAL_REPRESENTATION('',(#4350),#4360);
#4350 = B_SPLINE_CURVE_WITH_KNOTS('',8,(#4351,#4352,#4353,#4354,#4355,
    #4356,#4357,#4358,#4359),.UNSPECIFIED.,.F.,.F.,(9,9),(1.570796326795
    ,4.712388980385),.PIECEWISE_BEZIER_KNOTS.);
#4351 = CARTESIAN_POINT('',(1.570796326795,-2.167155344068E-13));
#4352 = CARTESIAN_POINT('',(1.963495408494,0.1225813096));
#4353 = CARTESIAN_POINT('',(2.356194490189,0.245163596605));
#4354 = CARTESIAN_POINT('',(2.748893571897,0.338929943673));
#4355 = CARTESIAN_POINT('',(3.141592653566,0.375142307551));
#4356 = CARTESIAN_POINT('',(3.53429173529,0.338929943673));
#4357 = CARTESIAN_POINT('',(3.926990816984,0.245163596605));
#4358 = CARTESIAN_POINT('',(4.319689898686,0.1225813096));
#4359 = CARTESIAN_POINT('',(4.712388980385,-2.167155344068E-13));
#4360 = ( GEOMETRIC_REPRESENTATION_CONTEXT(2) 
PARAMETRIC_REPRESENTATION_CONTEXT() REPRESENTATION_CONTEXT('2D SPACE',''
  ) );
#4361 = ORIENTED_EDGE('',*,*,#4362,.F.);
#4362 = EDGE_CURVE('',#4266,#4327,#4363,.T.);
#4363 = SURFACE_CURVE('',#4364,(#4369,#4381),.PCURVE_S1.);
#4364 = ELLIPSE('',#4365,4.77271875722,4.7625);
#4365 = AXIS2_PLACEMENT_3D('',#4366,#4367,#4368);
#4366 = CARTESIAN_POINT('',(-21.38435020056,107.50638827673,0.));
#4367 = DIRECTION('',(-0.923879532511,-0.382683432365,0.));
#4368 = DIRECTION('',(-0.382683432365,0.923879532511,0.));
#4369 = PCURVE('',#4029,#4370);
#4370 = DEFINITIONAL_REPRESENTATION('',(#4371),#4380);
#4371 = B_SPLINE_CURVE_WITH_KNOTS('',7,(#4372,#4373,#4374,#4375,#4376,
    #4377,#4378,#4379),.UNSPECIFIED.,.F.,.F.,(8,8),(0.,1.570796326795),
  .PIECEWISE_BEZIER_KNOTS.);
#4372 = CARTESIAN_POINT('',(1.224646799147E-16,7.621604464418));
#4373 = CARTESIAN_POINT('',(0.224399475256,7.621604464418));
#4374 = CARTESIAN_POINT('',(0.448798950513,7.603266022691));
#4375 = CARTESIAN_POINT('',(0.673198425769,7.56659179953));
#4376 = CARTESIAN_POINT('',(0.897597901026,7.513833430023));
#4377 = CARTESIAN_POINT('',(1.121997376282,7.449546363589));
#4378 = CARTESIAN_POINT('',(1.346396851538,7.379500185389));
#4379 = CARTESIAN_POINT('',(1.570796326795,7.309453722761));
#4380 = ( GEOMETRIC_REPRESENTATION_CONTEXT(2) 
PARAMETRIC_REPRESENTATION_CONTEXT() REPRESENTATION_CONTEXT('2D SPACE',''
  ) );
#4381 = PCURVE('',#4309,#4382);
#4382 = DEFINITIONAL_REPRESENTATION('',(#4383),#4392);
#4383 = B_SPLINE_CURVE_WITH_KNOTS('',7,(#4384,#4385,#4386,#4387,#4388,
    #4389,#4390,#4391),.UNSPECIFIED.,.F.,.F.,(8,8),(0.,1.570796326795),
  .PIECEWISE_BEZIER_KNOTS.);
#4384 = CARTESIAN_POINT('',(1.224646799147E-16,-0.312150741658));
#4385 = CARTESIAN_POINT('',(0.224399475256,-0.312150741658));
#4386 = CARTESIAN_POINT('',(0.448798950513,-0.293812299931));
#4387 = CARTESIAN_POINT('',(0.673198425769,-0.257138076769));
#4388 = CARTESIAN_POINT('',(0.897597901026,-0.204379707263));
#4389 = CARTESIAN_POINT('',(1.121997376282,-0.140092640828));
#4390 = CARTESIAN_POINT('',(1.346396851538,-7.004646262908E-02));
#4391 = CARTESIAN_POINT('',(1.570796326795,-2.167155344068E-13));
#4392 = ( GEOMETRIC_REPRESENTATION_CONTEXT(2) 
PARAMETRIC_REPRESENTATION_CONTEXT() REPRESENTATION_CONTEXT('2D SPACE',''
  ) );
#4393 = ORIENTED_EDGE('',*,*,#4265,.F.);
#4394 = ORIENTED_EDGE('',*,*,#4082,.T.);
#4395 = ORIENTED_EDGE('',*,*,#4046,.T.);
#4396 = ORIENTED_EDGE('',*,*,#4007,.T.);
#4397 = ADVANCED_FACE('',(#4398),#4169,.T.);
#4398 = FACE_BOUND('',#4399,.T.);
#4399 = EDGE_LOOP('',(#4400,#4422,#4423,#4424,#4425,#4426,#4465,#4501));
#4400 = ORIENTED_EDGE('',*,*,#4401,.T.);
#4401 = EDGE_CURVE('',#4402,#4122,#4404,.T.);
#4402 = VERTEX_POINT('',#4403);
#4403 = CARTESIAN_POINT('',(-23.21079059628,-0.155805450959,
    5.832380380939E-16));
#4404 = SEAM_CURVE('',#4405,(#4409,#4415),.PCURVE_S1.);
#4405 = LINE('',#4406,#4407);
#4406 = CARTESIAN_POINT('',(-22.91520565406,-0.256143018451,
    5.832380380939E-16));
#4407 = VECTOR('',#4408,1.);
#4408 = DIRECTION('',(0.946930129495,-0.321439465303,0.));
#4409 = PCURVE('',#4169,#4410);
#4410 = DEFINITIONAL_REPRESENTATION('',(#4411),#4414);
#4411 = B_SPLINE_CURVE_WITH_KNOTS('',1,(#4412,#4413),.UNSPECIFIED.,.F.,
  .F.,(2,2),(-1.726277771592,9.035731494353),.PIECEWISE_BEZIER_KNOTS.);
#4412 = CARTESIAN_POINT('',(6.28318530718,-1.726277771592));
#4413 = CARTESIAN_POINT('',(6.28318530718,9.035731494353));
#4414 = ( GEOMETRIC_REPRESENTATION_CONTEXT(2) 
PARAMETRIC_REPRESENTATION_CONTEXT() REPRESENTATION_CONTEXT('2D SPACE',''
  ) );
#4415 = PCURVE('',#4169,#4416);
#4416 = DEFINITIONAL_REPRESENTATION('',(#4417),#4421);
#4417 = LINE('',#4418,#4419);
#4418 = CARTESIAN_POINT('',(0.,0.));
#4419 = VECTOR('',#4420,1.);
#4420 = DIRECTION('',(0.,1.));
#4421 = ( GEOMETRIC_REPRESENTATION_CONTEXT(2) 
PARAMETRIC_REPRESENTATION_CONTEXT() REPRESENTATION_CONTEXT('2D SPACE',''
  ) );
#4422 = ORIENTED_EDGE('',*,*,#4222,.F.);
#4423 = ORIENTED_EDGE('',*,*,#4186,.F.);
#4424 = ORIENTED_EDGE('',*,*,#4147,.F.);
#4425 = ORIENTED_EDGE('',*,*,#4401,.F.);
#4426 = ORIENTED_EDGE('',*,*,#4427,.T.);
#4427 = EDGE_CURVE('',#4402,#4428,#4430,.T.);
#4428 = VERTEX_POINT('',#4429);
#4429 = CARTESIAN_POINT('',(-21.38435020056,4.253611723269,-4.7625));
#4430 = SURFACE_CURVE('',#4431,(#4436,#4448),.PCURVE_S1.);
#4431 = ELLIPSE('',#4432,4.77271875722,4.7625);
#4432 = AXIS2_PLACEMENT_3D('',#4433,#4434,#4435);
#4433 = CARTESIAN_POINT('',(-21.38435020056,4.253611723269,0.));
#4434 = DIRECTION('',(0.923879532511,-0.382683432365,0.));
#4435 = DIRECTION('',(-0.382683432365,-0.923879532511,0.));
#4436 = PCURVE('',#4169,#4437);
#4437 = DEFINITIONAL_REPRESENTATION('',(#4438),#4447);
#4438 = B_SPLINE_CURVE_WITH_KNOTS('',7,(#4439,#4440,#4441,#4442,#4443,
    #4444,#4445,#4446),.UNSPECIFIED.,.F.,.F.,(8,8),(0.,1.570796326795),
  .PIECEWISE_BEZIER_KNOTS.);
#4439 = CARTESIAN_POINT('',(1.224646799147E-16,-0.312150741658));
#4440 = CARTESIAN_POINT('',(0.224399475256,-0.312150741658));
#4441 = CARTESIAN_POINT('',(0.448798950513,-0.293812299931));
#4442 = CARTESIAN_POINT('',(0.673198425769,-0.257138076769));
#4443 = CARTESIAN_POINT('',(0.897597901026,-0.204379707263));
#4444 = CARTESIAN_POINT('',(1.121997376282,-0.140092640828));
#4445 = CARTESIAN_POINT('',(1.346396851538,-7.004646262882E-02));
#4446 = CARTESIAN_POINT('',(1.570796326795,3.552713678801E-14));
#4447 = ( GEOMETRIC_REPRESENTATION_CONTEXT(2) 
PARAMETRIC_REPRESENTATION_CONTEXT() REPRESENTATION_CONTEXT('2D SPACE',''
  ) );
#4448 = PCURVE('',#4449,#4454);
#4449 = CYLINDRICAL_SURFACE('',#4450,4.7625);
#4450 = AXIS2_PLACEMENT_3D('',#4451,#4452,#4453);
#4451 = CARTESIAN_POINT('',(-27.94,7.486500436526,0.));
#4452 = DIRECTION('',(0.896872741533,-0.442288690219,0.));
#4453 = DIRECTION('',(-0.442288690219,-0.896872741533,1.224646799147E-16
    ));
#4454 = DEFINITIONAL_REPRESENTATION('',(#4455),#4464);
#4455 = B_SPLINE_CURVE_WITH_KNOTS('',7,(#4456,#4457,#4458,#4459,#4460,
    #4461,#4462,#4463),.UNSPECIFIED.,.F.,.F.,(8,8),(0.,1.570796326795),
  .PIECEWISE_BEZIER_KNOTS.);
#4456 = CARTESIAN_POINT('',(1.224646799147E-16,7.621604464418));
#4457 = CARTESIAN_POINT('',(0.224399475256,7.621604464418));
#4458 = CARTESIAN_POINT('',(0.448798950513,7.603266022693));
#4459 = CARTESIAN_POINT('',(0.673198425769,7.566591799526));
#4460 = CARTESIAN_POINT('',(0.897597901025,7.513833430029));
#4461 = CARTESIAN_POINT('',(1.121997376282,7.449546363588));
#4462 = CARTESIAN_POINT('',(1.346396851538,7.37950018539));
#4463 = CARTESIAN_POINT('',(1.570796326795,7.309453722761));
#4464 = ( GEOMETRIC_REPRESENTATION_CONTEXT(2) 
PARAMETRIC_REPRESENTATION_CONTEXT() REPRESENTATION_CONTEXT('2D SPACE',''
  ) );
#4465 = ORIENTED_EDGE('',*,*,#4466,.T.);
#4466 = EDGE_CURVE('',#4428,#4467,#4469,.T.);
#4467 = VERTEX_POINT('',#4468);
#4468 = CARTESIAN_POINT('',(-21.38435020056,4.253611723269,4.7625));
#4469 = SURFACE_CURVE('',#4470,(#4475,#4488),.PCURVE_S1.);
#4470 = ELLIPSE('',#4471,4.77271875722,4.7625);
#4471 = AXIS2_PLACEMENT_3D('',#4472,#4473,#4474);
#4472 = CARTESIAN_POINT('',(-21.38435020056,4.253611723269,0.));
#4473 = DIRECTION('',(0.923879532511,-0.382683432365,0.));
#4474 = DIRECTION('',(-0.382683432365,-0.923879532511,0.));
#4475 = PCURVE('',#4169,#4476);
#4476 = DEFINITIONAL_REPRESENTATION('',(#4477),#4487);
#4477 = B_SPLINE_CURVE_WITH_KNOTS('',8,(#4478,#4479,#4480,#4481,#4482,
    #4483,#4484,#4485,#4486),.UNSPECIFIED.,.F.,.F.,(9,9),(1.570796326795
    ,4.712388980385),.PIECEWISE_BEZIER_KNOTS.);
#4478 = CARTESIAN_POINT('',(1.570796326795,3.552713678801E-14));
#4479 = CARTESIAN_POINT('',(1.963495408494,0.122581309601));
#4480 = CARTESIAN_POINT('',(2.356194490186,0.245163596605));
#4481 = CARTESIAN_POINT('',(2.748893571903,0.338929943674));
#4482 = CARTESIAN_POINT('',(3.141592653559,0.375142307549));
#4483 = CARTESIAN_POINT('',(3.534291735307,0.338929943674));
#4484 = CARTESIAN_POINT('',(3.92699081698,0.245163596605));
#4485 = CARTESIAN_POINT('',(4.319689898686,0.122581309601));
#4486 = CARTESIAN_POINT('',(4.712388980385,3.552713678801E-14));
#4487 = ( GEOMETRIC_REPRESENTATION_CONTEXT(2) 
PARAMETRIC_REPRESENTATION_CONTEXT() REPRESENTATION_CONTEXT('2D SPACE',''
  ) );
#4488 = PCURVE('',#4449,#4489);
#4489 = DEFINITIONAL_REPRESENTATION('',(#4490),#4500);
#4490 = B_SPLINE_CURVE_WITH_KNOTS('',8,(#4491,#4492,#4493,#4494,#4495,
    #4496,#4497,#4498,#4499),.UNSPECIFIED.,.F.,.F.,(9,9),(1.570796326795
    ,4.712388980385),.PIECEWISE_BEZIER_KNOTS.);
#4491 = CARTESIAN_POINT('',(1.570796326795,7.309453722761));
#4492 = CARTESIAN_POINT('',(1.963495408494,7.18687241316));
#4493 = CARTESIAN_POINT('',(2.356194490187,7.064290126151));
#4494 = CARTESIAN_POINT('',(2.748893571905,6.970523779075));
#4495 = CARTESIAN_POINT('',(3.141592653559,6.9343114152));
#4496 = CARTESIAN_POINT('',(3.534291735305,6.970523779069));
#4497 = CARTESIAN_POINT('',(3.926990816981,7.064290126153));
#4498 = CARTESIAN_POINT('',(4.319689898686,7.18687241316));
#4499 = CARTESIAN_POINT('',(4.712388980385,7.309453722761));
#4500 = ( GEOMETRIC_REPRESENTATION_CONTEXT(2) 
PARAMETRIC_REPRESENTATION_CONTEXT() REPRESENTATION_CONTEXT('2D SPACE',''
  ) );
#4501 = ORIENTED_EDGE('',*,*,#4502,.T.);
#4502 = EDGE_CURVE('',#4467,#4402,#4503,.T.);
#4503 = SURFACE_CURVE('',#4504,(#4509,#4521),.PCURVE_S1.);
#4504 = ELLIPSE('',#4505,4.77271875722,4.7625);
#4505 = AXIS2_PLACEMENT_3D('',#4506,#4507,#4508);
#4506 = CARTESIAN_POINT('',(-21.38435020056,4.253611723269,0.));
#4507 = DIRECTION('',(0.923879532511,-0.382683432365,0.));
#4508 = DIRECTION('',(-0.382683432365,-0.923879532511,0.));
#4509 = PCURVE('',#4169,#4510);
#4510 = DEFINITIONAL_REPRESENTATION('',(#4511),#4520);
#4511 = B_SPLINE_CURVE_WITH_KNOTS('',7,(#4512,#4513,#4514,#4515,#4516,
    #4517,#4518,#4519),.UNSPECIFIED.,.F.,.F.,(8,8),(4.712388980385,
    6.28318530718),.PIECEWISE_BEZIER_KNOTS.);
#4512 = CARTESIAN_POINT('',(4.712388980385,3.552713678801E-14));
#4513 = CARTESIAN_POINT('',(4.936788455641,-7.004646262882E-02));
#4514 = CARTESIAN_POINT('',(5.161187930898,-0.140092640828));
#4515 = CARTESIAN_POINT('',(5.385587406153,-0.204379707263));
#4516 = CARTESIAN_POINT('',(5.609986881411,-0.257138076768));
#4517 = CARTESIAN_POINT('',(5.834386356667,-0.293812299931));
#4518 = CARTESIAN_POINT('',(6.058785831923,-0.312150741658));
#4519 = CARTESIAN_POINT('',(6.28318530718,-0.312150741658));
#4520 = ( GEOMETRIC_REPRESENTATION_CONTEXT(2) 
PARAMETRIC_REPRESENTATION_CONTEXT() REPRESENTATION_CONTEXT('2D SPACE',''
  ) );
#4521 = PCURVE('',#4449,#4522);
#4522 = DEFINITIONAL_REPRESENTATION('',(#4523),#4532);
#4523 = B_SPLINE_CURVE_WITH_KNOTS('',7,(#4524,#4525,#4526,#4527,#4528,
    #4529,#4530,#4531),.UNSPECIFIED.,.F.,.F.,(8,8),(4.712388980385,
    6.28318530718),.PIECEWISE_BEZIER_KNOTS.);
#4524 = CARTESIAN_POINT('',(4.712388980385,7.309453722761));
#4525 = CARTESIAN_POINT('',(4.936788455641,7.37950018539));
#4526 = CARTESIAN_POINT('',(5.161187930898,7.449546363589));
#4527 = CARTESIAN_POINT('',(5.385587406153,7.513833430024));
#4528 = CARTESIAN_POINT('',(5.609986881411,7.566591799529));
#4529 = CARTESIAN_POINT('',(5.834386356667,7.603266022692));
#4530 = CARTESIAN_POINT('',(6.058785831923,7.621604464418));
#4531 = CARTESIAN_POINT('',(6.28318530718,7.621604464418));
#4532 = ( GEOMETRIC_REPRESENTATION_CONTEXT(2) 
PARAMETRIC_REPRESENTATION_CONTEXT() REPRESENTATION_CONTEXT('2D SPACE',''
  ) );
#4533 = ADVANCED_FACE('',(#4534),#4309,.T.);
#4534 = FACE_BOUND('',#4535,.T.);
#4535 = EDGE_LOOP('',(#4536,#4558,#4597,#4633,#4665,#4666,#4667,#4668));
#4536 = ORIENTED_EDGE('',*,*,#4537,.T.);
#4537 = EDGE_CURVE('',#4266,#4538,#4540,.T.);
#4538 = VERTEX_POINT('',#4539);
#4539 = CARTESIAN_POINT('',(-30.32635937861,108.40679525234,
    5.832380380939E-16));
#4540 = SEAM_CURVE('',#4541,(#4545,#4551),.PCURVE_S1.);
#4541 = LINE('',#4542,#4543);
#4542 = CARTESIAN_POINT('',(-23.49075008772,111.77774470828,
    5.832380380939E-16));
#4543 = VECTOR('',#4544,1.);
#4544 = DIRECTION('',(-0.896872741533,-0.442288690219,0.));
#4545 = PCURVE('',#4309,#4546);
#4546 = DEFINITIONAL_REPRESENTATION('',(#4547),#4550);
#4547 = B_SPLINE_CURVE_WITH_KNOTS('',1,(#4548,#4549),.UNSPECIFIED.,.F.,
  .F.,(2,2),(-1.726277771592,9.035731494353),.PIECEWISE_BEZIER_KNOTS.);
#4548 = CARTESIAN_POINT('',(6.28318530718,-1.726277771592));
#4549 = CARTESIAN_POINT('',(6.28318530718,9.035731494353));
#4550 = ( GEOMETRIC_REPRESENTATION_CONTEXT(2) 
PARAMETRIC_REPRESENTATION_CONTEXT() REPRESENTATION_CONTEXT('2D SPACE',''
  ) );
#4551 = PCURVE('',#4309,#4552);
#4552 = DEFINITIONAL_REPRESENTATION('',(#4553),#4557);
#4553 = LINE('',#4554,#4555);
#4554 = CARTESIAN_POINT('',(0.,0.));
#4555 = VECTOR('',#4556,1.);
#4556 = DIRECTION('',(0.,1.));
#4557 = ( GEOMETRIC_REPRESENTATION_CONTEXT(2) 
PARAMETRIC_REPRESENTATION_CONTEXT() REPRESENTATION_CONTEXT('2D SPACE',''
  ) );
#4558 = ORIENTED_EDGE('',*,*,#4559,.F.);
#4559 = EDGE_CURVE('',#4560,#4538,#4562,.T.);
#4560 = VERTEX_POINT('',#4561);
#4561 = CARTESIAN_POINT('',(-27.94,104.27349956347,4.7625));
#4562 = SURFACE_CURVE('',#4563,(#4568,#4580),.PCURVE_S1.);
#4563 = ELLIPSE('',#4564,4.77271875722,4.7625);
#4564 = AXIS2_PLACEMENT_3D('',#4565,#4566,#4567);
#4565 = CARTESIAN_POINT('',(-27.94,104.27349956347,0.));
#4566 = DIRECTION('',(-0.866025403784,-0.5,0.));
#4567 = DIRECTION('',(-0.5,0.866025403784,0.));
#4568 = PCURVE('',#4309,#4569);
#4569 = DEFINITIONAL_REPRESENTATION('',(#4570),#4579);
#4570 = B_SPLINE_CURVE_WITH_KNOTS('',7,(#4571,#4572,#4573,#4574,#4575,
    #4576,#4577,#4578),.UNSPECIFIED.,.F.,.F.,(8,8),(4.712388980385,
    6.28318530718),.PIECEWISE_BEZIER_KNOTS.);
#4571 = CARTESIAN_POINT('',(4.712388980385,7.309453722761));
#4572 = CARTESIAN_POINT('',(4.936788455641,7.37950018539));
#4573 = CARTESIAN_POINT('',(5.161187930898,7.449546363587));
#4574 = CARTESIAN_POINT('',(5.385587406152,7.513833430027));
#4575 = CARTESIAN_POINT('',(5.609986881412,7.566591799526));
#4576 = CARTESIAN_POINT('',(5.834386356666,7.603266022693));
#4577 = CARTESIAN_POINT('',(6.058785831923,7.621604464418));
#4578 = CARTESIAN_POINT('',(6.28318530718,7.621604464418));
#4579 = ( GEOMETRIC_REPRESENTATION_CONTEXT(2) 
PARAMETRIC_REPRESENTATION_CONTEXT() REPRESENTATION_CONTEXT('2D SPACE',''
  ) );
#4580 = PCURVE('',#4581,#4586);
#4581 = CYLINDRICAL_SURFACE('',#4582,4.7625);
#4582 = AXIS2_PLACEMENT_3D('',#4583,#4584,#4585);
#4583 = CARTESIAN_POINT('',(-27.94,104.27349956347,0.));
#4584 = DIRECTION('',(-0.831469612303,-0.55557023302,0.));
#4585 = DIRECTION('',(-0.55557023302,0.831469612303,1.224646799147E-16)
  );
#4586 = DEFINITIONAL_REPRESENTATION('',(#4587),#4596);
#4587 = B_SPLINE_CURVE_WITH_KNOTS('',7,(#4588,#4589,#4590,#4591,#4592,
    #4593,#4594,#4595),.UNSPECIFIED.,.F.,.F.,(8,8),(4.712388980385,
    6.28318530718),.PIECEWISE_BEZIER_KNOTS.);
#4588 = CARTESIAN_POINT('',(4.712388980385,-4.973799150321E-14));
#4589 = CARTESIAN_POINT('',(4.936788455641,-7.004646262891E-02));
#4590 = CARTESIAN_POINT('',(5.161187930897,-0.140092640828));
#4591 = CARTESIAN_POINT('',(5.385587406154,-0.204379707263));
#4592 = CARTESIAN_POINT('',(5.60998688141,-0.257138076768));
#4593 = CARTESIAN_POINT('',(5.834386356667,-0.293812299931));
#4594 = CARTESIAN_POINT('',(6.058785831923,-0.312150741658));
#4595 = CARTESIAN_POINT('',(6.28318530718,-0.312150741658));
#4596 = ( GEOMETRIC_REPRESENTATION_CONTEXT(2) 
PARAMETRIC_REPRESENTATION_CONTEXT() REPRESENTATION_CONTEXT('2D SPACE',''
  ) );
#4597 = ORIENTED_EDGE('',*,*,#4598,.F.);
#4598 = EDGE_CURVE('',#4599,#4560,#4601,.T.);
#4599 = VERTEX_POINT('',#4600);
#4600 = CARTESIAN_POINT('',(-27.94,104.27349956347,-4.7625));
#4601 = SURFACE_CURVE('',#4602,(#4607,#4620),.PCURVE_S1.);
#4602 = ELLIPSE('',#4603,4.77271875722,4.7625);
#4603 = AXIS2_PLACEMENT_3D('',#4604,#4605,#4606);
#4604 = CARTESIAN_POINT('',(-27.94,104.27349956347,0.));
#4605 = DIRECTION('',(-0.866025403784,-0.5,0.));
#4606 = DIRECTION('',(-0.5,0.866025403784,0.));
#4607 = PCURVE('',#4309,#4608);
#4608 = DEFINITIONAL_REPRESENTATION('',(#4609),#4619);
#4609 = B_SPLINE_CURVE_WITH_KNOTS('',8,(#4610,#4611,#4612,#4613,#4614,
    #4615,#4616,#4617,#4618),.UNSPECIFIED.,.F.,.F.,(9,9),(1.570796326795
    ,4.712388980385),.PIECEWISE_BEZIER_KNOTS.);
#4610 = CARTESIAN_POINT('',(1.570796326795,7.309453722761));
#4611 = CARTESIAN_POINT('',(1.963495408494,7.18687241316));
#4612 = CARTESIAN_POINT('',(2.356194490186,7.064290126155));
#4613 = CARTESIAN_POINT('',(2.748893571906,6.970523779078));
#4614 = CARTESIAN_POINT('',(3.141592653552,6.9343114152));
#4615 = CARTESIAN_POINT('',(3.534291735307,6.970523779071));
#4616 = CARTESIAN_POINT('',(3.92699081698,7.064290126158));
#4617 = CARTESIAN_POINT('',(4.319689898686,7.18687241316));
#4618 = CARTESIAN_POINT('',(4.712388980385,7.309453722761));
#4619 = ( GEOMETRIC_REPRESENTATION_CONTEXT(2) 
PARAMETRIC_REPRESENTATION_CONTEXT() REPRESENTATION_CONTEXT('2D SPACE',''
  ) );
#4620 = PCURVE('',#4581,#4621);
#4621 = DEFINITIONAL_REPRESENTATION('',(#4622),#4632);
#4622 = B_SPLINE_CURVE_WITH_KNOTS('',8,(#4623,#4624,#4625,#4626,#4627,
    #4628,#4629,#4630,#4631),.UNSPECIFIED.,.F.,.F.,(9,9),(1.570796326795
    ,4.712388980385),.PIECEWISE_BEZIER_KNOTS.);
#4623 = CARTESIAN_POINT('',(1.570796326795,-4.973799150321E-14));
#4624 = CARTESIAN_POINT('',(1.963495408494,0.1225813096));
#4625 = CARTESIAN_POINT('',(2.356194490189,0.245163596605));
#4626 = CARTESIAN_POINT('',(2.748893571898,0.338929943674));
#4627 = CARTESIAN_POINT('',(3.141592653571,0.375142307551));
#4628 = CARTESIAN_POINT('',(3.534291735295,0.338929943673));
#4629 = CARTESIAN_POINT('',(3.926990816983,0.245163596605));
#4630 = CARTESIAN_POINT('',(4.319689898686,0.1225813096));
#4631 = CARTESIAN_POINT('',(4.712388980385,-4.973799150321E-14));
#4632 = ( GEOMETRIC_REPRESENTATION_CONTEXT(2) 
PARAMETRIC_REPRESENTATION_CONTEXT() REPRESENTATION_CONTEXT('2D SPACE',''
  ) );
#4633 = ORIENTED_EDGE('',*,*,#4634,.F.);
#4634 = EDGE_CURVE('',#4538,#4599,#4635,.T.);
#4635 = SURFACE_CURVE('',#4636,(#4641,#4653),.PCURVE_S1.);
#4636 = ELLIPSE('',#4637,4.77271875722,4.7625);
#4637 = AXIS2_PLACEMENT_3D('',#4638,#4639,#4640);
#4638 = CARTESIAN_POINT('',(-27.94,104.27349956347,0.));
#4639 = DIRECTION('',(-0.866025403784,-0.5,0.));
#4640 = DIRECTION('',(-0.5,0.866025403784,0.));
#4641 = PCURVE('',#4309,#4642);
#4642 = DEFINITIONAL_REPRESENTATION('',(#4643),#4652);
#4643 = B_SPLINE_CURVE_WITH_KNOTS('',7,(#4644,#4645,#4646,#4647,#4648,
    #4649,#4650,#4651),.UNSPECIFIED.,.F.,.F.,(8,8),(0.,1.570796326795),
  .PIECEWISE_BEZIER_KNOTS.);
#4644 = CARTESIAN_POINT('',(1.224646799147E-16,7.621604464418));
#4645 = CARTESIAN_POINT('',(0.224399475256,7.621604464418));
#4646 = CARTESIAN_POINT('',(0.448798950513,7.603266022692));
#4647 = CARTESIAN_POINT('',(0.673198425769,7.56659179953));
#4648 = CARTESIAN_POINT('',(0.897597901026,7.513833430023));
#4649 = CARTESIAN_POINT('',(1.121997376282,7.44954636359));
#4650 = CARTESIAN_POINT('',(1.346396851538,7.37950018539));
#4651 = CARTESIAN_POINT('',(1.570796326795,7.309453722761));
#4652 = ( GEOMETRIC_REPRESENTATION_CONTEXT(2) 
PARAMETRIC_REPRESENTATION_CONTEXT() REPRESENTATION_CONTEXT('2D SPACE',''
  ) );
#4653 = PCURVE('',#4581,#4654);
#4654 = DEFINITIONAL_REPRESENTATION('',(#4655),#4664);
#4655 = B_SPLINE_CURVE_WITH_KNOTS('',7,(#4656,#4657,#4658,#4659,#4660,
    #4661,#4662,#4663),.UNSPECIFIED.,.F.,.F.,(8,8),(0.,1.570796326795),
  .PIECEWISE_BEZIER_KNOTS.);
#4656 = CARTESIAN_POINT('',(1.224646799147E-16,-0.312150741658));
#4657 = CARTESIAN_POINT('',(0.224399475256,-0.312150741658));
#4658 = CARTESIAN_POINT('',(0.448798950513,-0.293812299931));
#4659 = CARTESIAN_POINT('',(0.673198425769,-0.257138076768));
#4660 = CARTESIAN_POINT('',(0.897597901026,-0.204379707263));
#4661 = CARTESIAN_POINT('',(1.121997376282,-0.140092640828));
#4662 = CARTESIAN_POINT('',(1.346396851538,-7.004646262891E-02));
#4663 = CARTESIAN_POINT('',(1.570796326795,-4.973799150321E-14));
#4664 = ( GEOMETRIC_REPRESENTATION_CONTEXT(2) 
PARAMETRIC_REPRESENTATION_CONTEXT() REPRESENTATION_CONTEXT('2D SPACE',''
  ) );
#4665 = ORIENTED_EDGE('',*,*,#4537,.F.);
#4666 = ORIENTED_EDGE('',*,*,#4362,.T.);
#4667 = ORIENTED_EDGE('',*,*,#4326,.T.);
#4668 = ORIENTED_EDGE('',*,*,#4287,.T.);
#4669 = ADVANCED_FACE('',(#4670),#4449,.T.);
#4670 = FACE_BOUND('',#4671,.T.);
#4671 = EDGE_LOOP('',(#4672,#4694,#4695,#4696,#4697,#4698,#4737,#4773));
#4672 = ORIENTED_EDGE('',*,*,#4673,.T.);
#4673 = EDGE_CURVE('',#4674,#4402,#4676,.T.);
#4674 = VERTEX_POINT('',#4675);
#4675 = CARTESIAN_POINT('',(-30.32635937861,3.353204747655,
    5.832380380939E-16));
#4676 = SEAM_CURVE('',#4677,(#4681,#4687),.PCURVE_S1.);
#4677 = LINE('',#4678,#4679);
#4678 = CARTESIAN_POINT('',(-30.04639988716,3.215144004976,
    5.832380380939E-16));
#4679 = VECTOR('',#4680,1.);
#4680 = DIRECTION('',(0.896872741533,-0.442288690219,0.));
#4681 = PCURVE('',#4449,#4682);
#4682 = DEFINITIONAL_REPRESENTATION('',(#4683),#4686);
#4683 = B_SPLINE_CURVE_WITH_KNOTS('',1,(#4684,#4685),.UNSPECIFIED.,.F.,
  .F.,(2,2),(-1.726277771592,9.035731494353),.PIECEWISE_BEZIER_KNOTS.);
#4684 = CARTESIAN_POINT('',(6.28318530718,-1.726277771592));
#4685 = CARTESIAN_POINT('',(6.28318530718,9.035731494353));
#4686 = ( GEOMETRIC_REPRESENTATION_CONTEXT(2) 
PARAMETRIC_REPRESENTATION_CONTEXT() REPRESENTATION_CONTEXT('2D SPACE',''
  ) );
#4687 = PCURVE('',#4449,#4688);
#4688 = DEFINITIONAL_REPRESENTATION('',(#4689),#4693);
#4689 = LINE('',#4690,#4691);
#4690 = CARTESIAN_POINT('',(0.,0.));
#4691 = VECTOR('',#4692,1.);
#4692 = DIRECTION('',(0.,1.));
#4693 = ( GEOMETRIC_REPRESENTATION_CONTEXT(2) 
PARAMETRIC_REPRESENTATION_CONTEXT() REPRESENTATION_CONTEXT('2D SPACE',''
  ) );
#4694 = ORIENTED_EDGE('',*,*,#4502,.F.);
#4695 = ORIENTED_EDGE('',*,*,#4466,.F.);
#4696 = ORIENTED_EDGE('',*,*,#4427,.F.);
#4697 = ORIENTED_EDGE('',*,*,#4673,.F.);
#4698 = ORIENTED_EDGE('',*,*,#4699,.T.);
#4699 = EDGE_CURVE('',#4674,#4700,#4702,.T.);
#4700 = VERTEX_POINT('',#4701);
#4701 = CARTESIAN_POINT('',(-27.94,7.486500436526,-4.7625));
#4702 = SURFACE_CURVE('',#4703,(#4708,#4720),.PCURVE_S1.);
#4703 = ELLIPSE('',#4704,4.77271875722,4.7625);
#4704 = AXIS2_PLACEMENT_3D('',#4705,#4706,#4707);
#4705 = CARTESIAN_POINT('',(-27.94,7.486500436526,0.));
#4706 = DIRECTION('',(0.866025403784,-0.5,0.));
#4707 = DIRECTION('',(-0.5,-0.866025403784,0.));
#4708 = PCURVE('',#4449,#4709);
#4709 = DEFINITIONAL_REPRESENTATION('',(#4710),#4719);
#4710 = B_SPLINE_CURVE_WITH_KNOTS('',7,(#4711,#4712,#4713,#4714,#4715,
    #4716,#4717,#4718),.UNSPECIFIED.,.F.,.F.,(8,8),(0.,1.570796326795),
  .PIECEWISE_BEZIER_KNOTS.);
#4711 = CARTESIAN_POINT('',(1.224646799147E-16,-0.312150741658));
#4712 = CARTESIAN_POINT('',(0.224399475256,-0.312150741658));
#4713 = CARTESIAN_POINT('',(0.448798950513,-0.293812299931));
#4714 = CARTESIAN_POINT('',(0.673198425769,-0.257138076768));
#4715 = CARTESIAN_POINT('',(0.897597901026,-0.204379707263));
#4716 = CARTESIAN_POINT('',(1.121997376282,-0.140092640828));
#4717 = CARTESIAN_POINT('',(1.346396851538,-7.004646262894E-02));
#4718 = CARTESIAN_POINT('',(1.570796326795,-7.460698725481E-14));
#4719 = ( GEOMETRIC_REPRESENTATION_CONTEXT(2) 
PARAMETRIC_REPRESENTATION_CONTEXT() REPRESENTATION_CONTEXT('2D SPACE',''
  ) );
#4720 = PCURVE('',#4721,#4726);
#4721 = CYLINDRICAL_SURFACE('',#4722,4.7625);
#4722 = AXIS2_PLACEMENT_3D('',#4723,#4724,#4725);
#4723 = CARTESIAN_POINT('',(-34.017588653,11.547415344526,0.));
#4724 = DIRECTION('',(0.831469612303,-0.55557023302,0.));
#4725 = DIRECTION('',(-0.55557023302,-0.831469612303,1.224646799147E-16)
  );
#4726 = DEFINITIONAL_REPRESENTATION('',(#4727),#4736);
#4727 = B_SPLINE_CURVE_WITH_KNOTS('',7,(#4728,#4729,#4730,#4731,#4732,
    #4733,#4734,#4735),.UNSPECIFIED.,.F.,.F.,(8,8),(0.,1.570796326795),
  .PIECEWISE_BEZIER_KNOTS.);
#4728 = CARTESIAN_POINT('',(1.224646799147E-16,7.621604464418));
#4729 = CARTESIAN_POINT('',(0.224399475256,7.621604464418));
#4730 = CARTESIAN_POINT('',(0.448798950513,7.603266022691));
#4731 = CARTESIAN_POINT('',(0.673198425769,7.566591799533));
#4732 = CARTESIAN_POINT('',(0.897597901025,7.513833430021));
#4733 = CARTESIAN_POINT('',(1.121997376282,7.44954636359));
#4734 = CARTESIAN_POINT('',(1.346396851538,7.37950018539));
#4735 = CARTESIAN_POINT('',(1.570796326795,7.309453722761));
#4736 = ( GEOMETRIC_REPRESENTATION_CONTEXT(2) 
PARAMETRIC_REPRESENTATION_CONTEXT() REPRESENTATION_CONTEXT('2D SPACE',''
  ) );
#4737 = ORIENTED_EDGE('',*,*,#4738,.T.);
#4738 = EDGE_CURVE('',#4700,#4739,#4741,.T.);
#4739 = VERTEX_POINT('',#4740);
#4740 = CARTESIAN_POINT('',(-27.94,7.486500436526,4.7625));
#4741 = SURFACE_CURVE('',#4742,(#4747,#4760),.PCURVE_S1.);
#4742 = ELLIPSE('',#4743,4.77271875722,4.7625);
#4743 = AXIS2_PLACEMENT_3D('',#4744,#4745,#4746);
#4744 = CARTESIAN_POINT('',(-27.94,7.486500436526,0.));
#4745 = DIRECTION('',(0.866025403784,-0.5,0.));
#4746 = DIRECTION('',(-0.5,-0.866025403784,0.));
#4747 = PCURVE('',#4449,#4748);
#4748 = DEFINITIONAL_REPRESENTATION('',(#4749),#4759);
#4749 = B_SPLINE_CURVE_WITH_KNOTS('',8,(#4750,#4751,#4752,#4753,#4754,
    #4755,#4756,#4757,#4758),.UNSPECIFIED.,.F.,.F.,(9,9),(1.570796326795
    ,4.712388980385),.PIECEWISE_BEZIER_KNOTS.);
#4750 = CARTESIAN_POINT('',(1.570796326795,-7.460698725481E-14));
#4751 = CARTESIAN_POINT('',(1.963495408494,0.1225813096));
#4752 = CARTESIAN_POINT('',(2.356194490187,0.245163596605));
#4753 = CARTESIAN_POINT('',(2.748893571901,0.338929943673));
#4754 = CARTESIAN_POINT('',(3.141592653559,0.375142307552));
#4755 = CARTESIAN_POINT('',(3.534291735298,0.338929943672));
#4756 = CARTESIAN_POINT('',(3.926990816983,0.245163596605));
#4757 = CARTESIAN_POINT('',(4.319689898686,0.1225813096));
#4758 = CARTESIAN_POINT('',(4.712388980385,-7.460698725481E-14));
#4759 = ( GEOMETRIC_REPRESENTATION_CONTEXT(2) 
PARAMETRIC_REPRESENTATION_CONTEXT() REPRESENTATION_CONTEXT('2D SPACE',''
  ) );
#4760 = PCURVE('',#4721,#4761);
#4761 = DEFINITIONAL_REPRESENTATION('',(#4762),#4772);
#4762 = B_SPLINE_CURVE_WITH_KNOTS('',8,(#4763,#4764,#4765,#4766,#4767,
    #4768,#4769,#4770,#4771),.UNSPECIFIED.,.F.,.F.,(9,9),(1.570796326795
    ,4.712388980385),.PIECEWISE_BEZIER_KNOTS.);
#4763 = CARTESIAN_POINT('',(1.570796326795,7.309453722761));
#4764 = CARTESIAN_POINT('',(1.963495408494,7.18687241316));
#4765 = CARTESIAN_POINT('',(2.35619449019,7.064290126152));
#4766 = CARTESIAN_POINT('',(2.748893571894,6.970523779092));
#4767 = CARTESIAN_POINT('',(3.141592653576,6.934311415181));
#4768 = CARTESIAN_POINT('',(3.534291735292,6.970523779094));
#4769 = CARTESIAN_POINT('',(3.926990816984,7.064290126152));
#4770 = CARTESIAN_POINT('',(4.319689898686,7.18687241316));
#4771 = CARTESIAN_POINT('',(4.712388980385,7.309453722761));
#4772 = ( GEOMETRIC_REPRESENTATION_CONTEXT(2) 
PARAMETRIC_REPRESENTATION_CONTEXT() REPRESENTATION_CONTEXT('2D SPACE',''
  ) );
#4773 = ORIENTED_EDGE('',*,*,#4774,.T.);
#4774 = EDGE_CURVE('',#4739,#4674,#4775,.T.);
#4775 = SURFACE_CURVE('',#4776,(#4781,#4793),.PCURVE_S1.);
#4776 = ELLIPSE('',#4777,4.77271875722,4.7625);
#4777 = AXIS2_PLACEMENT_3D('',#4778,#4779,#4780);
#4778 = CARTESIAN_POINT('',(-27.94,7.486500436526,0.));
#4779 = DIRECTION('',(0.866025403784,-0.5,0.));
#4780 = DIRECTION('',(-0.5,-0.866025403784,0.));
#4781 = PCURVE('',#4449,#4782);
#4782 = DEFINITIONAL_REPRESENTATION('',(#4783),#4792);
#4783 = B_SPLINE_CURVE_WITH_KNOTS('',7,(#4784,#4785,#4786,#4787,#4788,
    #4789,#4790,#4791),.UNSPECIFIED.,.F.,.F.,(8,8),(4.712388980385,
    6.28318530718),.PIECEWISE_BEZIER_KNOTS.);
#4784 = CARTESIAN_POINT('',(4.712388980385,-7.460698725481E-14));
#4785 = CARTESIAN_POINT('',(4.936788455641,-7.004646262894E-02));
#4786 = CARTESIAN_POINT('',(5.161187930898,-0.140092640828));
#4787 = CARTESIAN_POINT('',(5.385587406154,-0.204379707263));
#4788 = CARTESIAN_POINT('',(5.609986881412,-0.257138076768));
#4789 = CARTESIAN_POINT('',(5.834386356666,-0.293812299931));
#4790 = CARTESIAN_POINT('',(6.058785831923,-0.312150741658));
#4791 = CARTESIAN_POINT('',(6.28318530718,-0.312150741658));
#4792 = ( GEOMETRIC_REPRESENTATION_CONTEXT(2) 
PARAMETRIC_REPRESENTATION_CONTEXT() REPRESENTATION_CONTEXT('2D SPACE',''
  ) );
#4793 = PCURVE('',#4721,#4794);
#4794 = DEFINITIONAL_REPRESENTATION('',(#4795),#4804);
#4795 = B_SPLINE_CURVE_WITH_KNOTS('',7,(#4796,#4797,#4798,#4799,#4800,
    #4801,#4802,#4803),.UNSPECIFIED.,.F.,.F.,(8,8),(4.712388980385,
    6.28318530718),.PIECEWISE_BEZIER_KNOTS.);
#4796 = CARTESIAN_POINT('',(4.712388980385,7.309453722761));
#4797 = CARTESIAN_POINT('',(4.936788455641,7.37950018539));
#4798 = CARTESIAN_POINT('',(5.161187930897,7.449546363588));
#4799 = CARTESIAN_POINT('',(5.385587406155,7.513833430025));
#4800 = CARTESIAN_POINT('',(5.609986881411,7.566591799528));
#4801 = CARTESIAN_POINT('',(5.834386356667,7.603266022692));
#4802 = CARTESIAN_POINT('',(6.058785831923,7.621604464418));
#4803 = CARTESIAN_POINT('',(6.28318530718,7.621604464418));
#4804 = ( GEOMETRIC_REPRESENTATION_CONTEXT(2) 
PARAMETRIC_REPRESENTATION_CONTEXT() REPRESENTATION_CONTEXT('2D SPACE',''
  ) );
#4805 = ADVANCED_FACE('',(#4806),#4581,.T.);
#4806 = FACE_BOUND('',#4807,.T.);
#4807 = EDGE_LOOP('',(#4808,#4830,#4869,#4905,#4937,#4938,#4939,#4940));
#4808 = ORIENTED_EDGE('',*,*,#4809,.T.);
#4809 = EDGE_CURVE('',#4538,#4810,#4812,.T.);
#4810 = VERTEX_POINT('',#4811);
#4811 = CARTESIAN_POINT('',(-36.9230357439,103.99903702378,
    5.832380380939E-16));
#4812 = SEAM_CURVE('',#4813,(#4817,#4823),.PCURVE_S1.);
#4813 = LINE('',#4814,#4815);
#4814 = CARTESIAN_POINT('',(-30.58590323475,108.23337359206,
    5.832380380939E-16));
#4815 = VECTOR('',#4816,1.);
#4816 = DIRECTION('',(-0.831469612303,-0.55557023302,0.));
#4817 = PCURVE('',#4581,#4818);
#4818 = DEFINITIONAL_REPRESENTATION('',(#4819),#4822);
#4819 = B_SPLINE_CURVE_WITH_KNOTS('',1,(#4820,#4821),.UNSPECIFIED.,.F.,
  .F.,(2,2),(-1.726277771592,9.035731494353),.PIECEWISE_BEZIER_KNOTS.);
#4820 = CARTESIAN_POINT('',(6.28318530718,-1.726277771592));
#4821 = CARTESIAN_POINT('',(6.28318530718,9.035731494353));
#4822 = ( GEOMETRIC_REPRESENTATION_CONTEXT(2) 
PARAMETRIC_REPRESENTATION_CONTEXT() REPRESENTATION_CONTEXT('2D SPACE',''
  ) );
#4823 = PCURVE('',#4581,#4824);
#4824 = DEFINITIONAL_REPRESENTATION('',(#4825),#4829);
#4825 = LINE('',#4826,#4827);
#4826 = CARTESIAN_POINT('',(0.,0.));
#4827 = VECTOR('',#4828,1.);
#4828 = DIRECTION('',(0.,1.));
#4829 = ( GEOMETRIC_REPRESENTATION_CONTEXT(2) 
PARAMETRIC_REPRESENTATION_CONTEXT() REPRESENTATION_CONTEXT('2D SPACE',''
  ) );
#4830 = ORIENTED_EDGE('',*,*,#4831,.F.);
#4831 = EDGE_CURVE('',#4832,#4810,#4834,.T.);
#4832 = VERTEX_POINT('',#4833);
#4833 = CARTESIAN_POINT('',(-34.017588653,100.21258465547,4.7625));
#4834 = SURFACE_CURVE('',#4835,(#4840,#4852),.PCURVE_S1.);
#4835 = ELLIPSE('',#4836,4.77271875722,4.7625);
#4836 = AXIS2_PLACEMENT_3D('',#4837,#4838,#4839);
#4837 = CARTESIAN_POINT('',(-34.017588653,100.21258465547,0.));
#4838 = DIRECTION('',(-0.793353340291,-0.608761429009,0.));
#4839 = DIRECTION('',(-0.608761429009,0.793353340291,0.));
#4840 = PCURVE('',#4581,#4841);
#4841 = DEFINITIONAL_REPRESENTATION('',(#4842),#4851);
#4842 = B_SPLINE_CURVE_WITH_KNOTS('',7,(#4843,#4844,#4845,#4846,#4847,
    #4848,#4849,#4850),.UNSPECIFIED.,.F.,.F.,(8,8),(4.712388980385,
    6.28318530718),.PIECEWISE_BEZIER_KNOTS.);
#4843 = CARTESIAN_POINT('',(4.712388980385,7.309453722761));
#4844 = CARTESIAN_POINT('',(4.936788455641,7.379500185389));
#4845 = CARTESIAN_POINT('',(5.161187930898,7.449546363589));
#4846 = CARTESIAN_POINT('',(5.385587406154,7.513833430025));
#4847 = CARTESIAN_POINT('',(5.609986881411,7.56659179953));
#4848 = CARTESIAN_POINT('',(5.834386356667,7.603266022692));
#4849 = CARTESIAN_POINT('',(6.058785831923,7.621604464418));
#4850 = CARTESIAN_POINT('',(6.28318530718,7.621604464418));
#4851 = ( GEOMETRIC_REPRESENTATION_CONTEXT(2) 
PARAMETRIC_REPRESENTATION_CONTEXT() REPRESENTATION_CONTEXT('2D SPACE',''
  ) );
#4852 = PCURVE('',#4853,#4858);
#4853 = CYLINDRICAL_SURFACE('',#4854,4.7625);
#4854 = AXIS2_PLACEMENT_3D('',#4855,#4856,#4857);
#4855 = CARTESIAN_POINT('',(-34.017588653,100.21258465547,0.));
#4856 = DIRECTION('',(-0.751839807479,-0.6593458151,0.));
#4857 = DIRECTION('',(-0.6593458151,0.751839807479,1.224646799147E-16));
#4858 = DEFINITIONAL_REPRESENTATION('',(#4859),#4868);
#4859 = B_SPLINE_CURVE_WITH_KNOTS('',7,(#4860,#4861,#4862,#4863,#4864,
    #4865,#4866,#4867),.UNSPECIFIED.,.F.,.F.,(8,8),(4.712388980385,
    6.28318530718),.PIECEWISE_BEZIER_KNOTS.);
#4860 = CARTESIAN_POINT('',(4.712388980385,-2.629008122312E-13));
#4861 = CARTESIAN_POINT('',(4.936788455641,-7.004646262912E-02));
#4862 = CARTESIAN_POINT('',(5.161187930897,-0.140092640828));
#4863 = CARTESIAN_POINT('',(5.385587406155,-0.204379707264));
#4864 = CARTESIAN_POINT('',(5.60998688141,-0.257138076769));
#4865 = CARTESIAN_POINT('',(5.834386356667,-0.293812299931));
#4866 = CARTESIAN_POINT('',(6.058785831923,-0.312150741658));
#4867 = CARTESIAN_POINT('',(6.28318530718,-0.312150741658));
#4868 = ( GEOMETRIC_REPRESENTATION_CONTEXT(2) 
PARAMETRIC_REPRESENTATION_CONTEXT() REPRESENTATION_CONTEXT('2D SPACE',''
  ) );
#4869 = ORIENTED_EDGE('',*,*,#4870,.F.);
#4870 = EDGE_CURVE('',#4871,#4832,#4873,.T.);
#4871 = VERTEX_POINT('',#4872);
#4872 = CARTESIAN_POINT('',(-34.017588653,100.21258465547,-4.7625));
#4873 = SURFACE_CURVE('',#4874,(#4879,#4892),.PCURVE_S1.);
#4874 = ELLIPSE('',#4875,4.77271875722,4.7625);
#4875 = AXIS2_PLACEMENT_3D('',#4876,#4877,#4878);
#4876 = CARTESIAN_POINT('',(-34.017588653,100.21258465547,0.));
#4877 = DIRECTION('',(-0.793353340291,-0.608761429009,0.));
#4878 = DIRECTION('',(-0.608761429009,0.793353340291,0.));
#4879 = PCURVE('',#4581,#4880);
#4880 = DEFINITIONAL_REPRESENTATION('',(#4881),#4891);
#4881 = B_SPLINE_CURVE_WITH_KNOTS('',8,(#4882,#4883,#4884,#4885,#4886,
    #4887,#4888,#4889,#4890),.UNSPECIFIED.,.F.,.F.,(9,9),(1.570796326795
    ,4.712388980385),.PIECEWISE_BEZIER_KNOTS.);
#4882 = CARTESIAN_POINT('',(1.570796326795,7.309453722761));
#4883 = CARTESIAN_POINT('',(1.963495408494,7.18687241316));
#4884 = CARTESIAN_POINT('',(2.356194490188,7.064290126156));
#4885 = CARTESIAN_POINT('',(2.748893571899,6.970523779073));
#4886 = CARTESIAN_POINT('',(3.141592653567,6.934311415215));
#4887 = CARTESIAN_POINT('',(3.5342917353,6.970523779077));
#4888 = CARTESIAN_POINT('',(3.926990816982,7.064290126157));
#4889 = CARTESIAN_POINT('',(4.319689898686,7.18687241316));
#4890 = CARTESIAN_POINT('',(4.712388980385,7.309453722761));
#4891 = ( GEOMETRIC_REPRESENTATION_CONTEXT(2) 
PARAMETRIC_REPRESENTATION_CONTEXT() REPRESENTATION_CONTEXT('2D SPACE',''
  ) );
#4892 = PCURVE('',#4853,#4893);
#4893 = DEFINITIONAL_REPRESENTATION('',(#4894),#4904);
#4894 = B_SPLINE_CURVE_WITH_KNOTS('',8,(#4895,#4896,#4897,#4898,#4899,
    #4900,#4901,#4902,#4903),.UNSPECIFIED.,.F.,.F.,(9,9),(1.570796326795
    ,4.712388980385),.PIECEWISE_BEZIER_KNOTS.);
#4895 = CARTESIAN_POINT('',(1.570796326795,-2.629008122312E-13));
#4896 = CARTESIAN_POINT('',(1.963495408494,0.1225813096));
#4897 = CARTESIAN_POINT('',(2.356194490188,0.245163596604));
#4898 = CARTESIAN_POINT('',(2.748893571898,0.338929943674));
#4899 = CARTESIAN_POINT('',(3.141592653571,0.375142307549));
#4900 = CARTESIAN_POINT('',(3.534291735297,0.338929943674));
#4901 = CARTESIAN_POINT('',(3.926990816983,0.245163596604));
#4902 = CARTESIAN_POINT('',(4.319689898686,0.1225813096));
#4903 = CARTESIAN_POINT('',(4.712388980385,-2.629008122312E-13));
#4904 = ( GEOMETRIC_REPRESENTATION_CONTEXT(2) 
PARAMETRIC_REPRESENTATION_CONTEXT() REPRESENTATION_CONTEXT('2D SPACE',''
  ) );
#4905 = ORIENTED_EDGE('',*,*,#4906,.F.);
#4906 = EDGE_CURVE('',#4810,#4871,#4907,.T.);
#4907 = SURFACE_CURVE('',#4908,(#4913,#4925),.PCURVE_S1.);
#4908 = ELLIPSE('',#4909,4.77271875722,4.7625);
#4909 = AXIS2_PLACEMENT_3D('',#4910,#4911,#4912);
#4910 = CARTESIAN_POINT('',(-34.017588653,100.21258465547,0.));
#4911 = DIRECTION('',(-0.793353340291,-0.608761429009,0.));
#4912 = DIRECTION('',(-0.608761429009,0.793353340291,0.));
#4913 = PCURVE('',#4581,#4914);
#4914 = DEFINITIONAL_REPRESENTATION('',(#4915),#4924);
#4915 = B_SPLINE_CURVE_WITH_KNOTS('',7,(#4916,#4917,#4918,#4919,#4920,
    #4921,#4922,#4923),.UNSPECIFIED.,.F.,.F.,(8,8),(0.,1.570796326795),
  .PIECEWISE_BEZIER_KNOTS.);
#4916 = CARTESIAN_POINT('',(1.224646799147E-16,7.621604464418));
#4917 = CARTESIAN_POINT('',(0.224399475256,7.621604464418));
#4918 = CARTESIAN_POINT('',(0.448798950513,7.603266022692));
#4919 = CARTESIAN_POINT('',(0.67319842577,7.566591799528));
#4920 = CARTESIAN_POINT('',(0.897597901025,7.513833430026));
#4921 = CARTESIAN_POINT('',(1.121997376282,7.449546363588));
#4922 = CARTESIAN_POINT('',(1.346396851538,7.379500185389));
#4923 = CARTESIAN_POINT('',(1.570796326795,7.309453722761));
#4924 = ( GEOMETRIC_REPRESENTATION_CONTEXT(2) 
PARAMETRIC_REPRESENTATION_CONTEXT() REPRESENTATION_CONTEXT('2D SPACE',''
  ) );
#4925 = PCURVE('',#4853,#4926);
#4926 = DEFINITIONAL_REPRESENTATION('',(#4927),#4936);
#4927 = B_SPLINE_CURVE_WITH_KNOTS('',7,(#4928,#4929,#4930,#4931,#4932,
    #4933,#4934,#4935),.UNSPECIFIED.,.F.,.F.,(8,8),(0.,1.570796326795),
  .PIECEWISE_BEZIER_KNOTS.);
#4928 = CARTESIAN_POINT('',(1.224646799147E-16,-0.312150741658));
#4929 = CARTESIAN_POINT('',(0.224399475256,-0.312150741658));
#4930 = CARTESIAN_POINT('',(0.448798950513,-0.293812299931));
#4931 = CARTESIAN_POINT('',(0.673198425769,-0.257138076769));
#4932 = CARTESIAN_POINT('',(0.897597901026,-0.204379707264));
#4933 = CARTESIAN_POINT('',(1.121997376282,-0.140092640828));
#4934 = CARTESIAN_POINT('',(1.346396851538,-7.004646262912E-02));
#4935 = CARTESIAN_POINT('',(1.570796326795,-2.629008122312E-13));
#4936 = ( GEOMETRIC_REPRESENTATION_CONTEXT(2) 
PARAMETRIC_REPRESENTATION_CONTEXT() REPRESENTATION_CONTEXT('2D SPACE',''
  ) );
#4937 = ORIENTED_EDGE('',*,*,#4809,.F.);
#4938 = ORIENTED_EDGE('',*,*,#4634,.T.);
#4939 = ORIENTED_EDGE('',*,*,#4598,.T.);
#4940 = ORIENTED_EDGE('',*,*,#4559,.T.);
#4941 = ADVANCED_FACE('',(#4942),#4721,.T.);
#4942 = FACE_BOUND('',#4943,.T.);
#4943 = EDGE_LOOP('',(#4944,#4966,#4967,#4968,#4969,#4970,#5009,#5045));
#4944 = ORIENTED_EDGE('',*,*,#4945,.T.);
#4945 = EDGE_CURVE('',#4946,#4674,#4948,.T.);
#4946 = VERTEX_POINT('',#4947);
#4947 = CARTESIAN_POINT('',(-36.9230357439,7.760962976215,
    5.832380380939E-16));
#4948 = SEAM_CURVE('',#4949,(#4953,#4959),.PCURVE_S1.);
#4949 = LINE('',#4950,#4951);
#4950 = CARTESIAN_POINT('',(-36.66349188776,7.587541315935,
    5.832380380939E-16));
#4951 = VECTOR('',#4952,1.);
#4952 = DIRECTION('',(0.831469612303,-0.55557023302,0.));
#4953 = PCURVE('',#4721,#4954);
#4954 = DEFINITIONAL_REPRESENTATION('',(#4955),#4958);
#4955 = B_SPLINE_CURVE_WITH_KNOTS('',1,(#4956,#4957),.UNSPECIFIED.,.F.,
  .F.,(2,2),(-1.726277771592,9.035731494353),.PIECEWISE_BEZIER_KNOTS.);
#4956 = CARTESIAN_POINT('',(6.28318530718,-1.726277771592));
#4957 = CARTESIAN_POINT('',(6.28318530718,9.035731494353));
#4958 = ( GEOMETRIC_REPRESENTATION_CONTEXT(2) 
PARAMETRIC_REPRESENTATION_CONTEXT() REPRESENTATION_CONTEXT('2D SPACE',''
  ) );
#4959 = PCURVE('',#4721,#4960);
#4960 = DEFINITIONAL_REPRESENTATION('',(#4961),#4965);
#4961 = LINE('',#4962,#4963);
#4962 = CARTESIAN_POINT('',(0.,0.));
#4963 = VECTOR('',#4964,1.);
#4964 = DIRECTION('',(0.,1.));
#4965 = ( GEOMETRIC_REPRESENTATION_CONTEXT(2) 
PARAMETRIC_REPRESENTATION_CONTEXT() REPRESENTATION_CONTEXT('2D SPACE',''
  ) );
#4966 = ORIENTED_EDGE('',*,*,#4774,.F.);
#4967 = ORIENTED_EDGE('',*,*,#4738,.F.);
#4968 = ORIENTED_EDGE('',*,*,#4699,.F.);
#4969 = ORIENTED_EDGE('',*,*,#4945,.F.);
#4970 = ORIENTED_EDGE('',*,*,#4971,.T.);
#4971 = EDGE_CURVE('',#4946,#4972,#4974,.T.);
#4972 = VERTEX_POINT('',#4973);
#4973 = CARTESIAN_POINT('',(-34.017588653,11.547415344526,-4.7625));
#4974 = SURFACE_CURVE('',#4975,(#4980,#4992),.PCURVE_S1.);
#4975 = ELLIPSE('',#4976,4.77271875722,4.7625);
#4976 = AXIS2_PLACEMENT_3D('',#4977,#4978,#4979);
#4977 = CARTESIAN_POINT('',(-34.017588653,11.547415344526,0.));
#4978 = DIRECTION('',(0.793353340291,-0.608761429009,0.));
#4979 = DIRECTION('',(-0.608761429009,-0.793353340291,0.));
#4980 = PCURVE('',#4721,#4981);
#4981 = DEFINITIONAL_REPRESENTATION('',(#4982),#4991);
#4982 = B_SPLINE_CURVE_WITH_KNOTS('',7,(#4983,#4984,#4985,#4986,#4987,
    #4988,#4989,#4990),.UNSPECIFIED.,.F.,.F.,(8,8),(0.,1.570796326795),
  .PIECEWISE_BEZIER_KNOTS.);
#4983 = CARTESIAN_POINT('',(1.224646799147E-16,-0.312150741657));
#4984 = CARTESIAN_POINT('',(0.224399475256,-0.312150741657));
#4985 = CARTESIAN_POINT('',(0.448798950513,-0.293812299931));
#4986 = CARTESIAN_POINT('',(0.673198425769,-0.257138076768));
#4987 = CARTESIAN_POINT('',(0.897597901026,-0.204379707263));
#4988 = CARTESIAN_POINT('',(1.121997376282,-0.140092640828));
#4989 = CARTESIAN_POINT('',(1.346396851538,-7.004646262876E-02));
#4990 = CARTESIAN_POINT('',(1.570796326795,9.947598300641E-14));
#4991 = ( GEOMETRIC_REPRESENTATION_CONTEXT(2) 
PARAMETRIC_REPRESENTATION_CONTEXT() REPRESENTATION_CONTEXT('2D SPACE',''
  ) );
#4992 = PCURVE('',#4993,#4998);
#4993 = CYLINDRICAL_SURFACE('',#4994,4.7625);
#4994 = AXIS2_PLACEMENT_3D('',#4995,#4996,#4997);
#4995 = CARTESIAN_POINT('',(-39.5131269327,16.366873067296,0.));
#4996 = DIRECTION('',(0.751839807479,-0.6593458151,0.));
#4997 = DIRECTION('',(-0.6593458151,-0.751839807479,1.224646799147E-16)
  );
#4998 = DEFINITIONAL_REPRESENTATION('',(#4999),#5008);
#4999 = B_SPLINE_CURVE_WITH_KNOTS('',7,(#5000,#5001,#5002,#5003,#5004,
    #5005,#5006,#5007),.UNSPECIFIED.,.F.,.F.,(8,8),(0.,1.570796326795),
  .PIECEWISE_BEZIER_KNOTS.);
#5000 = CARTESIAN_POINT('',(1.224646799147E-16,7.621604464418));
#5001 = CARTESIAN_POINT('',(0.224399475256,7.621604464418));
#5002 = CARTESIAN_POINT('',(0.448798950513,7.60326602269));
#5003 = CARTESIAN_POINT('',(0.673198425769,7.566591799534));
#5004 = CARTESIAN_POINT('',(0.897597901026,7.51383343002));
#5005 = CARTESIAN_POINT('',(1.121997376282,7.44954636359));
#5006 = CARTESIAN_POINT('',(1.346396851538,7.37950018539));
#5007 = CARTESIAN_POINT('',(1.570796326795,7.309453722761));
#5008 = ( GEOMETRIC_REPRESENTATION_CONTEXT(2) 
PARAMETRIC_REPRESENTATION_CONTEXT() REPRESENTATION_CONTEXT('2D SPACE',''
  ) );
#5009 = ORIENTED_EDGE('',*,*,#5010,.T.);
#5010 = EDGE_CURVE('',#4972,#5011,#5013,.T.);
#5011 = VERTEX_POINT('',#5012);
#5012 = CARTESIAN_POINT('',(-34.017588653,11.547415344526,4.7625));
#5013 = SURFACE_CURVE('',#5014,(#5019,#5032),.PCURVE_S1.);
#5014 = ELLIPSE('',#5015,4.77271875722,4.7625);
#5015 = AXIS2_PLACEMENT_3D('',#5016,#5017,#5018);
#5016 = CARTESIAN_POINT('',(-34.017588653,11.547415344526,0.));
#5017 = DIRECTION('',(0.793353340291,-0.608761429009,0.));
#5018 = DIRECTION('',(-0.608761429009,-0.793353340291,0.));
#5019 = PCURVE('',#4721,#5020);
#5020 = DEFINITIONAL_REPRESENTATION('',(#5021),#5031);
#5021 = B_SPLINE_CURVE_WITH_KNOTS('',8,(#5022,#5023,#5024,#5025,#5026,
    #5027,#5028,#5029,#5030),.UNSPECIFIED.,.F.,.F.,(9,9),(1.570796326795
    ,4.712388980385),.PIECEWISE_BEZIER_KNOTS.);
#5022 = CARTESIAN_POINT('',(1.570796326795,9.947598300641E-14));
#5023 = CARTESIAN_POINT('',(1.963495408494,0.122581309601));
#5024 = CARTESIAN_POINT('',(2.356194490188,0.245163596605));
#5025 = CARTESIAN_POINT('',(2.748893571896,0.338929943674));
#5026 = CARTESIAN_POINT('',(3.141592653569,0.37514230755));
#5027 = CARTESIAN_POINT('',(3.534291735293,0.338929943674));
#5028 = CARTESIAN_POINT('',(3.926990816983,0.245163596605));
#5029 = CARTESIAN_POINT('',(4.319689898686,0.122581309601));
#5030 = CARTESIAN_POINT('',(4.712388980385,9.947598300641E-14));
#5031 = ( GEOMETRIC_REPRESENTATION_CONTEXT(2) 
PARAMETRIC_REPRESENTATION_CONTEXT() REPRESENTATION_CONTEXT('2D SPACE',''
  ) );
#5032 = PCURVE('',#4993,#5033);
#5033 = DEFINITIONAL_REPRESENTATION('',(#5034),#5044);
#5034 = B_SPLINE_CURVE_WITH_KNOTS('',8,(#5035,#5036,#5037,#5038,#5039,
    #5040,#5041,#5042,#5043),.UNSPECIFIED.,.F.,.F.,(9,9),(1.570796326795
    ,4.712388980385),.PIECEWISE_BEZIER_KNOTS.);
#5035 = CARTESIAN_POINT('',(1.570796326795,7.309453722761));
#5036 = CARTESIAN_POINT('',(1.963495408494,7.18687241316));
#5037 = CARTESIAN_POINT('',(2.356194490189,7.064290126152));
#5038 = CARTESIAN_POINT('',(2.748893571896,6.970523779091));
#5039 = CARTESIAN_POINT('',(3.141592653569,6.934311415208));
#5040 = CARTESIAN_POINT('',(3.534291735296,6.970523779081));
#5041 = CARTESIAN_POINT('',(3.926990816983,7.064290126155));
#5042 = CARTESIAN_POINT('',(4.319689898686,7.18687241316));
#5043 = CARTESIAN_POINT('',(4.712388980385,7.309453722761));
#5044 = ( GEOMETRIC_REPRESENTATION_CONTEXT(2) 
PARAMETRIC_REPRESENTATION_CONTEXT() REPRESENTATION_CONTEXT('2D SPACE',''
  ) );
#5045 = ORIENTED_EDGE('',*,*,#5046,.T.);
#5046 = EDGE_CURVE('',#5011,#4946,#5047,.T.);
#5047 = SURFACE_CURVE('',#5048,(#5053,#5065),.PCURVE_S1.);
#5048 = ELLIPSE('',#5049,4.77271875722,4.7625);
#5049 = AXIS2_PLACEMENT_3D('',#5050,#5051,#5052);
#5050 = CARTESIAN_POINT('',(-34.017588653,11.547415344526,0.));
#5051 = DIRECTION('',(0.793353340291,-0.608761429009,0.));
#5052 = DIRECTION('',(-0.608761429009,-0.793353340291,0.));
#5053 = PCURVE('',#4721,#5054);
#5054 = DEFINITIONAL_REPRESENTATION('',(#5055),#5064);
#5055 = B_SPLINE_CURVE_WITH_KNOTS('',7,(#5056,#5057,#5058,#5059,#5060,
    #5061,#5062,#5063),.UNSPECIFIED.,.F.,.F.,(8,8),(4.712388980385,
    6.28318530718),.PIECEWISE_BEZIER_KNOTS.);
#5056 = CARTESIAN_POINT('',(4.712388980385,9.947598300641E-14));
#5057 = CARTESIAN_POINT('',(4.936788455641,-7.004646262876E-02));
#5058 = CARTESIAN_POINT('',(5.161187930897,-0.140092640828));
#5059 = CARTESIAN_POINT('',(5.385587406154,-0.204379707263));
#5060 = CARTESIAN_POINT('',(5.609986881411,-0.257138076768));
#5061 = CARTESIAN_POINT('',(5.834386356667,-0.293812299931));
#5062 = CARTESIAN_POINT('',(6.058785831923,-0.312150741657));
#5063 = CARTESIAN_POINT('',(6.28318530718,-0.312150741657));
#5064 = ( GEOMETRIC_REPRESENTATION_CONTEXT(2) 
PARAMETRIC_REPRESENTATION_CONTEXT() REPRESENTATION_CONTEXT('2D SPACE',''
  ) );
#5065 = PCURVE('',#4993,#5066);
#5066 = DEFINITIONAL_REPRESENTATION('',(#5067),#5076);
#5067 = B_SPLINE_CURVE_WITH_KNOTS('',7,(#5068,#5069,#5070,#5071,#5072,
    #5073,#5074,#5075),.UNSPECIFIED.,.F.,.F.,(8,8),(4.712388980385,
    6.28318530718),.PIECEWISE_BEZIER_KNOTS.);
#5068 = CARTESIAN_POINT('',(4.712388980385,7.309453722761));
#5069 = CARTESIAN_POINT('',(4.936788455641,7.37950018539));
#5070 = CARTESIAN_POINT('',(5.161187930897,7.449546363589));
#5071 = CARTESIAN_POINT('',(5.385587406154,7.513833430024));
#5072 = CARTESIAN_POINT('',(5.609986881411,7.56659179953));
#5073 = CARTESIAN_POINT('',(5.834386356667,7.603266022692));
#5074 = CARTESIAN_POINT('',(6.058785831923,7.621604464418));
#5075 = CARTESIAN_POINT('',(6.28318530718,7.621604464418));
#5076 = ( GEOMETRIC_REPRESENTATION_CONTEXT(2) 
PARAMETRIC_REPRESENTATION_CONTEXT() REPRESENTATION_CONTEXT('2D SPACE',''
  ) );
#5077 = ADVANCED_FACE('',(#5078),#4853,.T.);
#5078 = FACE_BOUND('',#5079,.T.);
#5079 = EDGE_LOOP('',(#5080,#5102,#5141,#5177,#5209,#5210,#5211,#5212));
#5080 = ORIENTED_EDGE('',*,*,#5081,.T.);
#5081 = EDGE_CURVE('',#4810,#5082,#5084,.T.);
#5082 = VERTEX_POINT('',#5083);
#5083 = CARTESIAN_POINT('',(-42.88794873063,98.767948730631,
    2.91619019047E-16));
#5084 = SEAM_CURVE('',#5085,(#5089,#5095),.PCURVE_S1.);
#5085 = LINE('',#5086,#5087);
#5086 = CARTESIAN_POINT('',(-37.15772309742,103.79322173859,
    5.832380380939E-16));
#5087 = VECTOR('',#5088,1.);
#5088 = DIRECTION('',(-0.751839807479,-0.6593458151,0.));
#5089 = PCURVE('',#4853,#5090);
#5090 = DEFINITIONAL_REPRESENTATION('',(#5091),#5094);
#5091 = B_SPLINE_CURVE_WITH_KNOTS('',1,(#5092,#5093),.UNSPECIFIED.,.F.,
  .F.,(2,2),(-1.726277771592,9.035731494353),.PIECEWISE_BEZIER_KNOTS.);
#5092 = CARTESIAN_POINT('',(6.28318530718,-1.726277771592));
#5093 = CARTESIAN_POINT('',(6.28318530718,9.035731494353));
#5094 = ( GEOMETRIC_REPRESENTATION_CONTEXT(2) 
PARAMETRIC_REPRESENTATION_CONTEXT() REPRESENTATION_CONTEXT('2D SPACE',''
  ) );
#5095 = PCURVE('',#4853,#5096);
#5096 = DEFINITIONAL_REPRESENTATION('',(#5097),#5101);
#5097 = LINE('',#5098,#5099);
#5098 = CARTESIAN_POINT('',(0.,0.));
#5099 = VECTOR('',#5100,1.);
#5100 = DIRECTION('',(0.,1.));
#5101 = ( GEOMETRIC_REPRESENTATION_CONTEXT(2) 
PARAMETRIC_REPRESENTATION_CONTEXT() REPRESENTATION_CONTEXT('2D SPACE',''
  ) );
#5102 = ORIENTED_EDGE('',*,*,#5103,.F.);
#5103 = EDGE_CURVE('',#5104,#5082,#5106,.T.);
#5104 = VERTEX_POINT('',#5105);
#5105 = CARTESIAN_POINT('',(-39.5131269327,95.393126932704,4.7625));
#5106 = SURFACE_CURVE('',#5107,(#5112,#5124),.PCURVE_S1.);
#5107 = ELLIPSE('',#5108,4.77271875722,4.7625);
#5108 = AXIS2_PLACEMENT_3D('',#5109,#5110,#5111);
#5109 = CARTESIAN_POINT('',(-39.5131269327,95.393126932704,0.));
#5110 = DIRECTION('',(-0.707106781187,-0.707106781187,0.));
#5111 = DIRECTION('',(-0.707106781187,0.707106781187,0.));
#5112 = PCURVE('',#4853,#5113);
#5113 = DEFINITIONAL_REPRESENTATION('',(#5114),#5123);
#5114 = B_SPLINE_CURVE_WITH_KNOTS('',7,(#5115,#5116,#5117,#5118,#5119,
    #5120,#5121,#5122),.UNSPECIFIED.,.F.,.F.,(8,8),(4.712388980385,
    6.28318530718),.PIECEWISE_BEZIER_KNOTS.);
#5115 = CARTESIAN_POINT('',(4.712388980385,7.309453722761));
#5116 = CARTESIAN_POINT('',(4.936788455641,7.37950018539));
#5117 = CARTESIAN_POINT('',(5.161187930897,7.449546363588));
#5118 = CARTESIAN_POINT('',(5.385587406154,7.513833430026));
#5119 = CARTESIAN_POINT('',(5.609986881412,7.566591799527));
#5120 = CARTESIAN_POINT('',(5.834386356667,7.603266022692));
#5121 = CARTESIAN_POINT('',(6.058785831923,7.621604464418));
#5122 = CARTESIAN_POINT('',(6.28318530718,7.621604464418));
#5123 = ( GEOMETRIC_REPRESENTATION_CONTEXT(2) 
PARAMETRIC_REPRESENTATION_CONTEXT() REPRESENTATION_CONTEXT('2D SPACE',''
  ) );
#5124 = PCURVE('',#5125,#5130);
#5125 = CYLINDRICAL_SURFACE('',#5126,4.7625);
#5126 = AXIS2_PLACEMENT_3D('',#5127,#5128,#5129);
#5127 = CARTESIAN_POINT('',(-39.5131269327,95.393126932704,0.));
#5128 = DIRECTION('',(-0.6593458151,-0.751839807479,0.));
#5129 = DIRECTION('',(-0.751839807479,0.6593458151,0.));
#5130 = DEFINITIONAL_REPRESENTATION('',(#5131),#5140);
#5131 = B_SPLINE_CURVE_WITH_KNOTS('',7,(#5132,#5133,#5134,#5135,#5136,
    #5137,#5138,#5139),.UNSPECIFIED.,.F.,.F.,(8,8),(4.712388980385,
    6.28318530718),.PIECEWISE_BEZIER_KNOTS.);
#5132 = CARTESIAN_POINT('',(4.712388980385,-1.207922650792E-13));
#5133 = CARTESIAN_POINT('',(4.936788455641,-7.004646262898E-02));
#5134 = CARTESIAN_POINT('',(5.161187930898,-0.140092640828));
#5135 = CARTESIAN_POINT('',(5.385587406153,-0.204379707263));
#5136 = CARTESIAN_POINT('',(5.609986881412,-0.257138076769));
#5137 = CARTESIAN_POINT('',(5.834386356666,-0.293812299931));
#5138 = CARTESIAN_POINT('',(6.058785831923,-0.312150741658));
#5139 = CARTESIAN_POINT('',(6.28318530718,-0.312150741658));
#5140 = ( GEOMETRIC_REPRESENTATION_CONTEXT(2) 
PARAMETRIC_REPRESENTATION_CONTEXT() REPRESENTATION_CONTEXT('2D SPACE',''
  ) );
#5141 = ORIENTED_EDGE('',*,*,#5142,.F.);
#5142 = EDGE_CURVE('',#5143,#5104,#5145,.T.);
#5143 = VERTEX_POINT('',#5144);
#5144 = CARTESIAN_POINT('',(-39.5131269327,95.393126932704,-4.7625));
#5145 = SURFACE_CURVE('',#5146,(#5151,#5164),.PCURVE_S1.);
#5146 = ELLIPSE('',#5147,4.77271875722,4.7625);
#5147 = AXIS2_PLACEMENT_3D('',#5148,#5149,#5150);
#5148 = CARTESIAN_POINT('',(-39.5131269327,95.393126932704,0.));
#5149 = DIRECTION('',(-0.707106781187,-0.707106781187,0.));
#5150 = DIRECTION('',(-0.707106781187,0.707106781187,0.));
#5151 = PCURVE('',#4853,#5152);
#5152 = DEFINITIONAL_REPRESENTATION('',(#5153),#5163);
#5153 = B_SPLINE_CURVE_WITH_KNOTS('',8,(#5154,#5155,#5156,#5157,#5158,
    #5159,#5160,#5161,#5162),.UNSPECIFIED.,.F.,.F.,(9,9),(1.570796326795
    ,4.712388980385),.PIECEWISE_BEZIER_KNOTS.);
#5154 = CARTESIAN_POINT('',(1.570796326795,7.309453722761));
#5155 = CARTESIAN_POINT('',(1.963495408494,7.18687241316));
#5156 = CARTESIAN_POINT('',(2.356194490188,7.064290126154));
#5157 = CARTESIAN_POINT('',(2.748893571902,6.970523779081));
#5158 = CARTESIAN_POINT('',(3.141592653564,6.934311415204));
#5159 = CARTESIAN_POINT('',(3.534291735302,6.970523779076));
#5160 = CARTESIAN_POINT('',(3.926990816982,7.064290126151));
#5161 = CARTESIAN_POINT('',(4.319689898686,7.18687241316));
#5162 = CARTESIAN_POINT('',(4.712388980385,7.309453722761));
#5163 = ( GEOMETRIC_REPRESENTATION_CONTEXT(2) 
PARAMETRIC_REPRESENTATION_CONTEXT() REPRESENTATION_CONTEXT('2D SPACE',''
  ) );
#5164 = PCURVE('',#5125,#5165);
#5165 = DEFINITIONAL_REPRESENTATION('',(#5166),#5176);
#5166 = B_SPLINE_CURVE_WITH_KNOTS('',8,(#5167,#5168,#5169,#5170,#5171,
    #5172,#5173,#5174,#5175),.UNSPECIFIED.,.F.,.F.,(9,9),(1.570796326795
    ,4.712388980385),.PIECEWISE_BEZIER_KNOTS.);
#5167 = CARTESIAN_POINT('',(1.570796326795,-1.207922650792E-13));
#5168 = CARTESIAN_POINT('',(1.963495408494,0.1225813096));
#5169 = CARTESIAN_POINT('',(2.356194490188,0.245163596605));
#5170 = CARTESIAN_POINT('',(2.748893571899,0.338929943674));
#5171 = CARTESIAN_POINT('',(3.141592653567,0.37514230755));
#5172 = CARTESIAN_POINT('',(3.5342917353,0.338929943674));
#5173 = CARTESIAN_POINT('',(3.926990816982,0.245163596604));
#5174 = CARTESIAN_POINT('',(4.319689898686,0.1225813096));
#5175 = CARTESIAN_POINT('',(4.712388980385,-1.207922650792E-13));
#5176 = ( GEOMETRIC_REPRESENTATION_CONTEXT(2) 
PARAMETRIC_REPRESENTATION_CONTEXT() REPRESENTATION_CONTEXT('2D SPACE',''
  ) );
#5177 = ORIENTED_EDGE('',*,*,#5178,.F.);
#5178 = EDGE_CURVE('',#5082,#5143,#5179,.T.);
#5179 = SURFACE_CURVE('',#5180,(#5185,#5197),.PCURVE_S1.);
#5180 = ELLIPSE('',#5181,4.77271875722,4.7625);
#5181 = AXIS2_PLACEMENT_3D('',#5182,#5183,#5184);
#5182 = CARTESIAN_POINT('',(-39.5131269327,95.393126932704,0.));
#5183 = DIRECTION('',(-0.707106781187,-0.707106781187,0.));
#5184 = DIRECTION('',(-0.707106781187,0.707106781187,0.));
#5185 = PCURVE('',#4853,#5186);
#5186 = DEFINITIONAL_REPRESENTATION('',(#5187),#5196);
#5187 = B_SPLINE_CURVE_WITH_KNOTS('',7,(#5188,#5189,#5190,#5191,#5192,
    #5193,#5194,#5195),.UNSPECIFIED.,.F.,.F.,(8,8),(0.,1.570796326795),
  .PIECEWISE_BEZIER_KNOTS.);
#5188 = CARTESIAN_POINT('',(1.224646799147E-16,7.621604464418));
#5189 = CARTESIAN_POINT('',(0.224399475256,7.621604464418));
#5190 = CARTESIAN_POINT('',(0.448798950513,7.603266022691));
#5191 = CARTESIAN_POINT('',(0.673198425769,7.56659179953));
#5192 = CARTESIAN_POINT('',(0.897597901026,7.513833430024));
#5193 = CARTESIAN_POINT('',(1.121997376282,7.449546363588));
#5194 = CARTESIAN_POINT('',(1.346396851538,7.37950018539));
#5195 = CARTESIAN_POINT('',(1.570796326795,7.309453722761));
#5196 = ( GEOMETRIC_REPRESENTATION_CONTEXT(2) 
PARAMETRIC_REPRESENTATION_CONTEXT() REPRESENTATION_CONTEXT('2D SPACE',''
  ) );
#5197 = PCURVE('',#5125,#5198);
#5198 = DEFINITIONAL_REPRESENTATION('',(#5199),#5208);
#5199 = B_SPLINE_CURVE_WITH_KNOTS('',7,(#5200,#5201,#5202,#5203,#5204,
    #5205,#5206,#5207),.UNSPECIFIED.,.F.,.F.,(8,8),(0.,1.570796326795),
  .PIECEWISE_BEZIER_KNOTS.);
#5200 = CARTESIAN_POINT('',(0.,-0.312150741658));
#5201 = CARTESIAN_POINT('',(0.224399475256,-0.312150741658));
#5202 = CARTESIAN_POINT('',(0.448798950513,-0.293812299931));
#5203 = CARTESIAN_POINT('',(0.673198425769,-0.257138076769));
#5204 = CARTESIAN_POINT('',(0.897597901025,-0.204379707263));
#5205 = CARTESIAN_POINT('',(1.121997376282,-0.140092640828));
#5206 = CARTESIAN_POINT('',(1.346396851538,-7.004646262898E-02));
#5207 = CARTESIAN_POINT('',(1.570796326795,-1.207922650792E-13));
#5208 = ( GEOMETRIC_REPRESENTATION_CONTEXT(2) 
PARAMETRIC_REPRESENTATION_CONTEXT() REPRESENTATION_CONTEXT('2D SPACE',''
  ) );
#5209 = ORIENTED_EDGE('',*,*,#5081,.F.);
#5210 = ORIENTED_EDGE('',*,*,#4906,.T.);
#5211 = ORIENTED_EDGE('',*,*,#4870,.T.);
#5212 = ORIENTED_EDGE('',*,*,#4831,.T.);
#5213 = ADVANCED_FACE('',(#5214),#4993,.T.);
#5214 = FACE_BOUND('',#5215,.T.);
#5215 = EDGE_LOOP('',(#5216,#5238,#5239,#5240,#5241,#5242,#5281,#5317));
#5216 = ORIENTED_EDGE('',*,*,#5217,.T.);
#5217 = EDGE_CURVE('',#5218,#4946,#5220,.T.);
#5218 = VERTEX_POINT('',#5219);
#5219 = CARTESIAN_POINT('',(-42.88794873063,12.992051269369,
    2.91619019047E-16));
#5220 = SEAM_CURVE('',#5221,(#5225,#5231),.PCURVE_S1.);
#5221 = LINE('',#5222,#5223);
#5222 = CARTESIAN_POINT('',(-42.65326137711,12.786235984177,
    5.832380380939E-16));
#5223 = VECTOR('',#5224,1.);
#5224 = DIRECTION('',(0.751839807479,-0.6593458151,0.));
#5225 = PCURVE('',#4993,#5226);
#5226 = DEFINITIONAL_REPRESENTATION('',(#5227),#5230);
#5227 = B_SPLINE_CURVE_WITH_KNOTS('',1,(#5228,#5229),.UNSPECIFIED.,.F.,
  .F.,(2,2),(-1.726277771592,9.035731494353),.PIECEWISE_BEZIER_KNOTS.);
#5228 = CARTESIAN_POINT('',(6.28318530718,-1.726277771592));
#5229 = CARTESIAN_POINT('',(6.28318530718,9.035731494353));
#5230 = ( GEOMETRIC_REPRESENTATION_CONTEXT(2) 
PARAMETRIC_REPRESENTATION_CONTEXT() REPRESENTATION_CONTEXT('2D SPACE',''
  ) );
#5231 = PCURVE('',#4993,#5232);
#5232 = DEFINITIONAL_REPRESENTATION('',(#5233),#5237);
#5233 = LINE('',#5234,#5235);
#5234 = CARTESIAN_POINT('',(0.,0.));
#5235 = VECTOR('',#5236,1.);
#5236 = DIRECTION('',(0.,1.));
#5237 = ( GEOMETRIC_REPRESENTATION_CONTEXT(2) 
PARAMETRIC_REPRESENTATION_CONTEXT() REPRESENTATION_CONTEXT('2D SPACE',''
  ) );
#5238 = ORIENTED_EDGE('',*,*,#5046,.F.);
#5239 = ORIENTED_EDGE('',*,*,#5010,.F.);
#5240 = ORIENTED_EDGE('',*,*,#4971,.F.);
#5241 = ORIENTED_EDGE('',*,*,#5217,.F.);
#5242 = ORIENTED_EDGE('',*,*,#5243,.T.);
#5243 = EDGE_CURVE('',#5218,#5244,#5246,.T.);
#5244 = VERTEX_POINT('',#5245);
#5245 = CARTESIAN_POINT('',(-39.5131269327,16.366873067296,-4.7625));
#5246 = SURFACE_CURVE('',#5247,(#5252,#5264),.PCURVE_S1.);
#5247 = ELLIPSE('',#5248,4.77271875722,4.7625);
#5248 = AXIS2_PLACEMENT_3D('',#5249,#5250,#5251);
#5249 = CARTESIAN_POINT('',(-39.5131269327,16.366873067296,0.));
#5250 = DIRECTION('',(0.707106781187,-0.707106781187,0.));
#5251 = DIRECTION('',(-0.707106781187,-0.707106781187,0.));
#5252 = PCURVE('',#4993,#5253);
#5253 = DEFINITIONAL_REPRESENTATION('',(#5254),#5263);
#5254 = B_SPLINE_CURVE_WITH_KNOTS('',7,(#5255,#5256,#5257,#5258,#5259,
    #5260,#5261,#5262),.UNSPECIFIED.,.F.,.F.,(8,8),(0.,1.570796326795),
  .PIECEWISE_BEZIER_KNOTS.);
#5255 = CARTESIAN_POINT('',(1.224646799147E-16,-0.312150741658));
#5256 = CARTESIAN_POINT('',(0.224399475256,-0.312150741658));
#5257 = CARTESIAN_POINT('',(0.448798950513,-0.293812299931));
#5258 = CARTESIAN_POINT('',(0.673198425769,-0.257138076768));
#5259 = CARTESIAN_POINT('',(0.897597901026,-0.204379707263));
#5260 = CARTESIAN_POINT('',(1.121997376282,-0.140092640828));
#5261 = CARTESIAN_POINT('',(1.346396851538,-7.004646262881E-02));
#5262 = CARTESIAN_POINT('',(1.570796326795,4.973799150321E-14));
#5263 = ( GEOMETRIC_REPRESENTATION_CONTEXT(2) 
PARAMETRIC_REPRESENTATION_CONTEXT() REPRESENTATION_CONTEXT('2D SPACE',''
  ) );
#5264 = PCURVE('',#5265,#5270);
#5265 = CYLINDRICAL_SURFACE('',#5266,4.7625);
#5266 = AXIS2_PLACEMENT_3D('',#5267,#5268,#5269);
#5267 = CARTESIAN_POINT('',(-44.33258465547,21.862411346993,0.));
#5268 = DIRECTION('',(0.6593458151,-0.751839807479,0.));
#5269 = DIRECTION('',(-0.751839807479,-0.6593458151,0.));
#5270 = DEFINITIONAL_REPRESENTATION('',(#5271),#5280);
#5271 = B_SPLINE_CURVE_WITH_KNOTS('',7,(#5272,#5273,#5274,#5275,#5276,
    #5277,#5278,#5279),.UNSPECIFIED.,.F.,.F.,(8,8),(0.,1.570796326795),
  .PIECEWISE_BEZIER_KNOTS.);
#5272 = CARTESIAN_POINT('',(0.,7.621604464418));
#5273 = CARTESIAN_POINT('',(0.224399475256,7.621604464418));
#5274 = CARTESIAN_POINT('',(0.448798950513,7.60326602269));
#5275 = CARTESIAN_POINT('',(0.673198425769,7.566591799532));
#5276 = CARTESIAN_POINT('',(0.897597901026,7.513833430022));
#5277 = CARTESIAN_POINT('',(1.121997376282,7.44954636359));
#5278 = CARTESIAN_POINT('',(1.346396851538,7.37950018539));
#5279 = CARTESIAN_POINT('',(1.570796326795,7.309453722761));
#5280 = ( GEOMETRIC_REPRESENTATION_CONTEXT(2) 
PARAMETRIC_REPRESENTATION_CONTEXT() REPRESENTATION_CONTEXT('2D SPACE',''
  ) );
#5281 = ORIENTED_EDGE('',*,*,#5282,.T.);
#5282 = EDGE_CURVE('',#5244,#5283,#5285,.T.);
#5283 = VERTEX_POINT('',#5284);
#5284 = CARTESIAN_POINT('',(-39.5131269327,16.366873067296,4.7625));
#5285 = SURFACE_CURVE('',#5286,(#5291,#5304),.PCURVE_S1.);
#5286 = ELLIPSE('',#5287,4.77271875722,4.7625);
#5287 = AXIS2_PLACEMENT_3D('',#5288,#5289,#5290);
#5288 = CARTESIAN_POINT('',(-39.5131269327,16.366873067296,0.));
#5289 = DIRECTION('',(0.707106781187,-0.707106781187,0.));
#5290 = DIRECTION('',(-0.707106781187,-0.707106781187,0.));
#5291 = PCURVE('',#4993,#5292);
#5292 = DEFINITIONAL_REPRESENTATION('',(#5293),#5303);
#5293 = B_SPLINE_CURVE_WITH_KNOTS('',8,(#5294,#5295,#5296,#5297,#5298,
    #5299,#5300,#5301,#5302),.UNSPECIFIED.,.F.,.F.,(9,9),(1.570796326795
    ,4.712388980385),.PIECEWISE_BEZIER_KNOTS.);
#5294 = CARTESIAN_POINT('',(1.570796326795,4.973799150321E-14));
#5295 = CARTESIAN_POINT('',(1.963495408494,0.122581309601));
#5296 = CARTESIAN_POINT('',(2.356194490189,0.245163596605));
#5297 = CARTESIAN_POINT('',(2.748893571897,0.338929943674));
#5298 = CARTESIAN_POINT('',(3.141592653567,0.375142307551));
#5299 = CARTESIAN_POINT('',(3.534291735298,0.338929943673));
#5300 = CARTESIAN_POINT('',(3.926990816983,0.245163596605));
#5301 = CARTESIAN_POINT('',(4.319689898686,0.122581309601));
#5302 = CARTESIAN_POINT('',(4.712388980385,4.973799150321E-14));
#5303 = ( GEOMETRIC_REPRESENTATION_CONTEXT(2) 
PARAMETRIC_REPRESENTATION_CONTEXT() REPRESENTATION_CONTEXT('2D SPACE',''
  ) );
#5304 = PCURVE('',#5265,#5305);
#5305 = DEFINITIONAL_REPRESENTATION('',(#5306),#5316);
#5306 = B_SPLINE_CURVE_WITH_KNOTS('',8,(#5307,#5308,#5309,#5310,#5311,
    #5312,#5313,#5314,#5315),.UNSPECIFIED.,.F.,.F.,(9,9),(1.570796326795
    ,4.712388980385),.PIECEWISE_BEZIER_KNOTS.);
#5307 = CARTESIAN_POINT('',(1.570796326795,7.309453722761));
#5308 = CARTESIAN_POINT('',(1.963495408494,7.18687241316));
#5309 = CARTESIAN_POINT('',(2.35619449019,7.06429012615));
#5310 = CARTESIAN_POINT('',(2.748893571892,6.970523779089));
#5311 = CARTESIAN_POINT('',(3.141592653574,6.934311415176));
#5312 = CARTESIAN_POINT('',(3.534291735285,6.970523779095));
#5313 = CARTESIAN_POINT('',(3.926990816986,7.06429012615));
#5314 = CARTESIAN_POINT('',(4.319689898686,7.18687241316));
#5315 = CARTESIAN_POINT('',(4.712388980385,7.309453722761));
#5316 = ( GEOMETRIC_REPRESENTATION_CONTEXT(2) 
PARAMETRIC_REPRESENTATION_CONTEXT() REPRESENTATION_CONTEXT('2D SPACE',''
  ) );
#5317 = ORIENTED_EDGE('',*,*,#5318,.T.);
#5318 = EDGE_CURVE('',#5283,#5218,#5319,.T.);
#5319 = SURFACE_CURVE('',#5320,(#5325,#5337),.PCURVE_S1.);
#5320 = ELLIPSE('',#5321,4.77271875722,4.7625);
#5321 = AXIS2_PLACEMENT_3D('',#5322,#5323,#5324);
#5322 = CARTESIAN_POINT('',(-39.5131269327,16.366873067296,0.));
#5323 = DIRECTION('',(0.707106781187,-0.707106781187,0.));
#5324 = DIRECTION('',(-0.707106781187,-0.707106781187,0.));
#5325 = PCURVE('',#4993,#5326);
#5326 = DEFINITIONAL_REPRESENTATION('',(#5327),#5336);
#5327 = B_SPLINE_CURVE_WITH_KNOTS('',7,(#5328,#5329,#5330,#5331,#5332,
    #5333,#5334,#5335),.UNSPECIFIED.,.F.,.F.,(8,8),(4.712388980385,
    6.28318530718),.PIECEWISE_BEZIER_KNOTS.);
#5328 = CARTESIAN_POINT('',(4.712388980385,4.973799150321E-14));
#5329 = CARTESIAN_POINT('',(4.936788455641,-7.004646262881E-02));
#5330 = CARTESIAN_POINT('',(5.161187930898,-0.140092640828));
#5331 = CARTESIAN_POINT('',(5.385587406153,-0.204379707263));
#5332 = CARTESIAN_POINT('',(5.609986881411,-0.257138076768));
#5333 = CARTESIAN_POINT('',(5.834386356667,-0.293812299931));
#5334 = CARTESIAN_POINT('',(6.058785831923,-0.312150741658));
#5335 = CARTESIAN_POINT('',(6.28318530718,-0.312150741658));
#5336 = ( GEOMETRIC_REPRESENTATION_CONTEXT(2) 
PARAMETRIC_REPRESENTATION_CONTEXT() REPRESENTATION_CONTEXT('2D SPACE',''
  ) );
#5337 = PCURVE('',#5265,#5338);
#5338 = DEFINITIONAL_REPRESENTATION('',(#5339),#5348);
#5339 = B_SPLINE_CURVE_WITH_KNOTS('',7,(#5340,#5341,#5342,#5343,#5344,
    #5345,#5346,#5347),.UNSPECIFIED.,.F.,.F.,(8,8),(4.712388980385,
    6.28318530718),.PIECEWISE_BEZIER_KNOTS.);
#5340 = CARTESIAN_POINT('',(4.712388980385,7.309453722761));
#5341 = CARTESIAN_POINT('',(4.936788455641,7.37950018539));
#5342 = CARTESIAN_POINT('',(5.161187930897,7.449546363588));
#5343 = CARTESIAN_POINT('',(5.385587406155,7.513833430027));
#5344 = CARTESIAN_POINT('',(5.60998688141,7.566591799528));
#5345 = CARTESIAN_POINT('',(5.834386356667,7.603266022692));
#5346 = CARTESIAN_POINT('',(6.058785831923,7.621604464418));
#5347 = CARTESIAN_POINT('',(6.28318530718,7.621604464418));
#5348 = ( GEOMETRIC_REPRESENTATION_CONTEXT(2) 
PARAMETRIC_REPRESENTATION_CONTEXT() REPRESENTATION_CONTEXT('2D SPACE',''
  ) );
#5349 = ADVANCED_FACE('',(#5350),#5125,.T.);
#5350 = FACE_BOUND('',#5351,.T.);
#5351 = EDGE_LOOP('',(#5352,#5374,#5413,#5449,#5481,#5482,#5483,#5484));
#5352 = ORIENTED_EDGE('',*,*,#5353,.T.);
#5353 = EDGE_CURVE('',#5082,#5354,#5356,.T.);
#5354 = VERTEX_POINT('',#5355);
#5355 = CARTESIAN_POINT('',(-48.11903702378,92.803035743909,0.));
#5356 = SEAM_CURVE('',#5357,(#5361,#5367),.PCURVE_S1.);
#5357 = LINE('',#5358,#5359);
#5358 = CARTESIAN_POINT('',(-43.09376401582,98.533261377118,0.));
#5359 = VECTOR('',#5360,1.);
#5360 = DIRECTION('',(-0.6593458151,-0.751839807479,0.));
#5361 = PCURVE('',#5125,#5362);
#5362 = DEFINITIONAL_REPRESENTATION('',(#5363),#5366);
#5363 = B_SPLINE_CURVE_WITH_KNOTS('',1,(#5364,#5365),.UNSPECIFIED.,.F.,
  .F.,(2,2),(-1.726277771592,9.035731494353),.PIECEWISE_BEZIER_KNOTS.);
#5364 = CARTESIAN_POINT('',(6.28318530718,-1.726277771592));
#5365 = CARTESIAN_POINT('',(6.28318530718,9.035731494353));
#5366 = ( GEOMETRIC_REPRESENTATION_CONTEXT(2) 
PARAMETRIC_REPRESENTATION_CONTEXT() REPRESENTATION_CONTEXT('2D SPACE',''
  ) );
#5367 = PCURVE('',#5125,#5368);
#5368 = DEFINITIONAL_REPRESENTATION('',(#5369),#5373);
#5369 = LINE('',#5370,#5371);
#5370 = CARTESIAN_POINT('',(0.,0.));
#5371 = VECTOR('',#5372,1.);
#5372 = DIRECTION('',(0.,1.));
#5373 = ( GEOMETRIC_REPRESENTATION_CONTEXT(2) 
PARAMETRIC_REPRESENTATION_CONTEXT() REPRESENTATION_CONTEXT('2D SPACE',''
  ) );
#5374 = ORIENTED_EDGE('',*,*,#5375,.F.);
#5375 = EDGE_CURVE('',#5376,#5354,#5378,.T.);
#5376 = VERTEX_POINT('',#5377);
#5377 = CARTESIAN_POINT('',(-44.33258465547,89.897588653007,4.7625));
#5378 = SURFACE_CURVE('',#5379,(#5384,#5396),.PCURVE_S1.);
#5379 = ELLIPSE('',#5380,4.77271875722,4.7625);
#5380 = AXIS2_PLACEMENT_3D('',#5381,#5382,#5383);
#5381 = CARTESIAN_POINT('',(-44.33258465547,89.897588653007,0.));
#5382 = DIRECTION('',(-0.608761429009,-0.793353340291,0.));
#5383 = DIRECTION('',(-0.793353340291,0.608761429009,0.));
#5384 = PCURVE('',#5125,#5385);
#5385 = DEFINITIONAL_REPRESENTATION('',(#5386),#5395);
#5386 = B_SPLINE_CURVE_WITH_KNOTS('',7,(#5387,#5388,#5389,#5390,#5391,
    #5392,#5393,#5394),.UNSPECIFIED.,.F.,.F.,(8,8),(4.712388980385,
    6.28318530718),.PIECEWISE_BEZIER_KNOTS.);
#5387 = CARTESIAN_POINT('',(4.712388980385,7.309453722761));
#5388 = CARTESIAN_POINT('',(4.936788455641,7.37950018539));
#5389 = CARTESIAN_POINT('',(5.161187930898,7.449546363589));
#5390 = CARTESIAN_POINT('',(5.385587406153,7.513833430024));
#5391 = CARTESIAN_POINT('',(5.609986881412,7.566591799531));
#5392 = CARTESIAN_POINT('',(5.834386356666,7.603266022691));
#5393 = CARTESIAN_POINT('',(6.058785831923,7.621604464418));
#5394 = CARTESIAN_POINT('',(6.28318530718,7.621604464418));
#5395 = ( GEOMETRIC_REPRESENTATION_CONTEXT(2) 
PARAMETRIC_REPRESENTATION_CONTEXT() REPRESENTATION_CONTEXT('2D SPACE',''
  ) );
#5396 = PCURVE('',#5397,#5402);
#5397 = CYLINDRICAL_SURFACE('',#5398,4.7625);
#5398 = AXIS2_PLACEMENT_3D('',#5399,#5400,#5401);
#5399 = CARTESIAN_POINT('',(-44.33258465547,89.897588653007,0.));
#5400 = DIRECTION('',(-0.55557023302,-0.831469612303,0.));
#5401 = DIRECTION('',(-0.831469612303,0.55557023302,0.));
#5402 = DEFINITIONAL_REPRESENTATION('',(#5403),#5412);
#5403 = B_SPLINE_CURVE_WITH_KNOTS('',7,(#5404,#5405,#5406,#5407,#5408,
    #5409,#5410,#5411),.UNSPECIFIED.,.F.,.F.,(8,8),(4.712388980385,
    6.28318530718),.PIECEWISE_BEZIER_KNOTS.);
#5404 = CARTESIAN_POINT('',(4.712388980385,-4.973799150321E-14));
#5405 = CARTESIAN_POINT('',(4.936788455641,-7.004646262891E-02));
#5406 = CARTESIAN_POINT('',(5.161187930898,-0.140092640828));
#5407 = CARTESIAN_POINT('',(5.385587406153,-0.204379707263));
#5408 = CARTESIAN_POINT('',(5.609986881412,-0.257138076769));
#5409 = CARTESIAN_POINT('',(5.834386356666,-0.293812299931));
#5410 = CARTESIAN_POINT('',(6.058785831923,-0.312150741658));
#5411 = CARTESIAN_POINT('',(6.28318530718,-0.312150741658));
#5412 = ( GEOMETRIC_REPRESENTATION_CONTEXT(2) 
PARAMETRIC_REPRESENTATION_CONTEXT() REPRESENTATION_CONTEXT('2D SPACE',''
  ) );
#5413 = ORIENTED_EDGE('',*,*,#5414,.F.);
#5414 = EDGE_CURVE('',#5415,#5376,#5417,.T.);
#5415 = VERTEX_POINT('',#5416);
#5416 = CARTESIAN_POINT('',(-44.33258465547,89.897588653007,-4.7625));
#5417 = SURFACE_CURVE('',#5418,(#5423,#5436),.PCURVE_S1.);
#5418 = ELLIPSE('',#5419,4.77271875722,4.7625);
#5419 = AXIS2_PLACEMENT_3D('',#5420,#5421,#5422);
#5420 = CARTESIAN_POINT('',(-44.33258465547,89.897588653007,0.));
#5421 = DIRECTION('',(-0.608761429009,-0.793353340291,0.));
#5422 = DIRECTION('',(-0.793353340291,0.608761429009,0.));
#5423 = PCURVE('',#5125,#5424);
#5424 = DEFINITIONAL_REPRESENTATION('',(#5425),#5435);
#5425 = B_SPLINE_CURVE_WITH_KNOTS('',8,(#5426,#5427,#5428,#5429,#5430,
    #5431,#5432,#5433,#5434),.UNSPECIFIED.,.F.,.F.,(9,9),(1.570796326795
    ,4.712388980385),.PIECEWISE_BEZIER_KNOTS.);
#5426 = CARTESIAN_POINT('',(1.570796326795,7.309453722761));
#5427 = CARTESIAN_POINT('',(1.963495408494,7.18687241316));
#5428 = CARTESIAN_POINT('',(2.35619449019,7.064290126154));
#5429 = CARTESIAN_POINT('',(2.748893571897,6.970523779077));
#5430 = CARTESIAN_POINT('',(3.141592653573,6.934311415202));
#5431 = CARTESIAN_POINT('',(3.5342917353,6.970523779073));
#5432 = CARTESIAN_POINT('',(3.926990816984,7.064290126153));
#5433 = CARTESIAN_POINT('',(4.319689898686,7.18687241316));
#5434 = CARTESIAN_POINT('',(4.712388980385,7.309453722761));
#5435 = ( GEOMETRIC_REPRESENTATION_CONTEXT(2) 
PARAMETRIC_REPRESENTATION_CONTEXT() REPRESENTATION_CONTEXT('2D SPACE',''
  ) );
#5436 = PCURVE('',#5397,#5437);
#5437 = DEFINITIONAL_REPRESENTATION('',(#5438),#5448);
#5438 = B_SPLINE_CURVE_WITH_KNOTS('',8,(#5439,#5440,#5441,#5442,#5443,
    #5444,#5445,#5446,#5447),.UNSPECIFIED.,.F.,.F.,(9,9),(1.570796326795
    ,4.712388980385),.PIECEWISE_BEZIER_KNOTS.);
#5439 = CARTESIAN_POINT('',(1.570796326795,-4.973799150321E-14));
#5440 = CARTESIAN_POINT('',(1.963495408494,0.1225813096));
#5441 = CARTESIAN_POINT('',(2.356194490187,0.245163596605));
#5442 = CARTESIAN_POINT('',(2.748893571908,0.338929943674));
#5443 = CARTESIAN_POINT('',(3.141592653552,0.37514230755));
#5444 = CARTESIAN_POINT('',(3.534291735305,0.338929943674));
#5445 = CARTESIAN_POINT('',(3.926990816981,0.245163596605));
#5446 = CARTESIAN_POINT('',(4.319689898686,0.1225813096));
#5447 = CARTESIAN_POINT('',(4.712388980385,-4.973799150321E-14));
#5448 = ( GEOMETRIC_REPRESENTATION_CONTEXT(2) 
PARAMETRIC_REPRESENTATION_CONTEXT() REPRESENTATION_CONTEXT('2D SPACE',''
  ) );
#5449 = ORIENTED_EDGE('',*,*,#5450,.F.);
#5450 = EDGE_CURVE('',#5354,#5415,#5451,.T.);
#5451 = SURFACE_CURVE('',#5452,(#5457,#5469),.PCURVE_S1.);
#5452 = ELLIPSE('',#5453,4.77271875722,4.7625);
#5453 = AXIS2_PLACEMENT_3D('',#5454,#5455,#5456);
#5454 = CARTESIAN_POINT('',(-44.33258465547,89.897588653007,0.));
#5455 = DIRECTION('',(-0.608761429009,-0.793353340291,0.));
#5456 = DIRECTION('',(-0.793353340291,0.608761429009,0.));
#5457 = PCURVE('',#5125,#5458);
#5458 = DEFINITIONAL_REPRESENTATION('',(#5459),#5468);
#5459 = B_SPLINE_CURVE_WITH_KNOTS('',7,(#5460,#5461,#5462,#5463,#5464,
    #5465,#5466,#5467),.UNSPECIFIED.,.F.,.F.,(8,8),(0.,1.570796326795),
  .PIECEWISE_BEZIER_KNOTS.);
#5460 = CARTESIAN_POINT('',(0.,7.621604464418));
#5461 = CARTESIAN_POINT('',(0.224399475256,7.621604464418));
#5462 = CARTESIAN_POINT('',(0.448798950513,7.603266022691));
#5463 = CARTESIAN_POINT('',(0.673198425769,7.56659179953));
#5464 = CARTESIAN_POINT('',(0.897597901026,7.513833430024));
#5465 = CARTESIAN_POINT('',(1.121997376282,7.449546363589));
#5466 = CARTESIAN_POINT('',(1.346396851538,7.37950018539));
#5467 = CARTESIAN_POINT('',(1.570796326795,7.309453722761));
#5468 = ( GEOMETRIC_REPRESENTATION_CONTEXT(2) 
PARAMETRIC_REPRESENTATION_CONTEXT() REPRESENTATION_CONTEXT('2D SPACE',''
  ) );
#5469 = PCURVE('',#5397,#5470);
#5470 = DEFINITIONAL_REPRESENTATION('',(#5471),#5480);
#5471 = B_SPLINE_CURVE_WITH_KNOTS('',7,(#5472,#5473,#5474,#5475,#5476,
    #5477,#5478,#5479),.UNSPECIFIED.,.F.,.F.,(8,8),(0.,1.570796326795),
  .PIECEWISE_BEZIER_KNOTS.);
#5472 = CARTESIAN_POINT('',(0.,-0.312150741658));
#5473 = CARTESIAN_POINT('',(0.224399475256,-0.312150741658));
#5474 = CARTESIAN_POINT('',(0.448798950513,-0.293812299931));
#5475 = CARTESIAN_POINT('',(0.673198425769,-0.257138076769));
#5476 = CARTESIAN_POINT('',(0.897597901026,-0.204379707263));
#5477 = CARTESIAN_POINT('',(1.121997376282,-0.140092640828));
#5478 = CARTESIAN_POINT('',(1.346396851538,-7.004646262891E-02));
#5479 = CARTESIAN_POINT('',(1.570796326795,-4.973799150321E-14));
#5480 = ( GEOMETRIC_REPRESENTATION_CONTEXT(2) 
PARAMETRIC_REPRESENTATION_CONTEXT() REPRESENTATION_CONTEXT('2D SPACE',''
  ) );
#5481 = ORIENTED_EDGE('',*,*,#5353,.F.);
#5482 = ORIENTED_EDGE('',*,*,#5178,.T.);
#5483 = ORIENTED_EDGE('',*,*,#5142,.T.);
#5484 = ORIENTED_EDGE('',*,*,#5103,.T.);
#5485 = ADVANCED_FACE('',(#5486),#5265,.T.);
#5486 = FACE_BOUND('',#5487,.T.);
#5487 = EDGE_LOOP('',(#5488,#5510,#5511,#5512,#5513,#5514,#5553,#5589));
#5488 = ORIENTED_EDGE('',*,*,#5489,.T.);
#5489 = EDGE_CURVE('',#5490,#5218,#5492,.T.);
#5490 = VERTEX_POINT('',#5491);
#5491 = CARTESIAN_POINT('',(-48.11903702378,18.956964256091,0.));
#5492 = SEAM_CURVE('',#5493,(#5497,#5503),.PCURVE_S1.);
#5493 = LINE('',#5494,#5495);
#5494 = CARTESIAN_POINT('',(-47.91322173859,18.722276902579,0.));
#5495 = VECTOR('',#5496,1.);
#5496 = DIRECTION('',(0.6593458151,-0.751839807479,0.));
#5497 = PCURVE('',#5265,#5498);
#5498 = DEFINITIONAL_REPRESENTATION('',(#5499),#5502);
#5499 = B_SPLINE_CURVE_WITH_KNOTS('',1,(#5500,#5501),.UNSPECIFIED.,.F.,
  .F.,(2,2),(-1.726277771592,9.035731494353),.PIECEWISE_BEZIER_KNOTS.);
#5500 = CARTESIAN_POINT('',(6.28318530718,-1.726277771592));
#5501 = CARTESIAN_POINT('',(6.28318530718,9.035731494353));
#5502 = ( GEOMETRIC_REPRESENTATION_CONTEXT(2) 
PARAMETRIC_REPRESENTATION_CONTEXT() REPRESENTATION_CONTEXT('2D SPACE',''
  ) );
#5503 = PCURVE('',#5265,#5504);
#5504 = DEFINITIONAL_REPRESENTATION('',(#5505),#5509);
#5505 = LINE('',#5506,#5507);
#5506 = CARTESIAN_POINT('',(0.,0.));
#5507 = VECTOR('',#5508,1.);
#5508 = DIRECTION('',(0.,1.));
#5509 = ( GEOMETRIC_REPRESENTATION_CONTEXT(2) 
PARAMETRIC_REPRESENTATION_CONTEXT() REPRESENTATION_CONTEXT('2D SPACE',''
  ) );
#5510 = ORIENTED_EDGE('',*,*,#5318,.F.);
#5511 = ORIENTED_EDGE('',*,*,#5282,.F.);
#5512 = ORIENTED_EDGE('',*,*,#5243,.F.);
#5513 = ORIENTED_EDGE('',*,*,#5489,.F.);
#5514 = ORIENTED_EDGE('',*,*,#5515,.T.);
#5515 = EDGE_CURVE('',#5490,#5516,#5518,.T.);
#5516 = VERTEX_POINT('',#5517);
#5517 = CARTESIAN_POINT('',(-44.33258465547,21.862411346993,-4.7625));
#5518 = SURFACE_CURVE('',#5519,(#5524,#5536),.PCURVE_S1.);
#5519 = ELLIPSE('',#5520,4.77271875722,4.7625);
#5520 = AXIS2_PLACEMENT_3D('',#5521,#5522,#5523);
#5521 = CARTESIAN_POINT('',(-44.33258465547,21.862411346993,0.));
#5522 = DIRECTION('',(0.608761429009,-0.793353340291,0.));
#5523 = DIRECTION('',(-0.793353340291,-0.608761429009,0.));
#5524 = PCURVE('',#5265,#5525);
#5525 = DEFINITIONAL_REPRESENTATION('',(#5526),#5535);
#5526 = B_SPLINE_CURVE_WITH_KNOTS('',7,(#5527,#5528,#5529,#5530,#5531,
    #5532,#5533,#5534),.UNSPECIFIED.,.F.,.F.,(8,8),(0.,1.570796326795),
  .PIECEWISE_BEZIER_KNOTS.);
#5527 = CARTESIAN_POINT('',(0.,-0.312150741658));
#5528 = CARTESIAN_POINT('',(0.224399475256,-0.312150741658));
#5529 = CARTESIAN_POINT('',(0.448798950513,-0.293812299931));
#5530 = CARTESIAN_POINT('',(0.673198425769,-0.257138076768));
#5531 = CARTESIAN_POINT('',(0.897597901026,-0.204379707263));
#5532 = CARTESIAN_POINT('',(1.121997376282,-0.140092640828));
#5533 = CARTESIAN_POINT('',(1.346396851538,-7.004646262889E-02));
#5534 = CARTESIAN_POINT('',(1.570796326795,-2.84217094304E-14));
#5535 = ( GEOMETRIC_REPRESENTATION_CONTEXT(2) 
PARAMETRIC_REPRESENTATION_CONTEXT() REPRESENTATION_CONTEXT('2D SPACE',''
  ) );
#5536 = PCURVE('',#5537,#5542);
#5537 = CYLINDRICAL_SURFACE('',#5538,4.7625);
#5538 = AXIS2_PLACEMENT_3D('',#5539,#5540,#5541);
#5539 = CARTESIAN_POINT('',(-48.39349956347,27.94,0.));
#5540 = DIRECTION('',(0.55557023302,-0.831469612303,0.));
#5541 = DIRECTION('',(-0.831469612303,-0.55557023302,0.));
#5542 = DEFINITIONAL_REPRESENTATION('',(#5543),#5552);
#5543 = B_SPLINE_CURVE_WITH_KNOTS('',7,(#5544,#5545,#5546,#5547,#5548,
    #5549,#5550,#5551),.UNSPECIFIED.,.F.,.F.,(8,8),(0.,1.570796326795),
  .PIECEWISE_BEZIER_KNOTS.);
#5544 = CARTESIAN_POINT('',(0.,7.621604464418));
#5545 = CARTESIAN_POINT('',(0.224399475256,7.621604464418));
#5546 = CARTESIAN_POINT('',(0.448798950513,7.603266022693));
#5547 = CARTESIAN_POINT('',(0.67319842577,7.566591799524));
#5548 = CARTESIAN_POINT('',(0.897597901025,7.51383343003));
#5549 = CARTESIAN_POINT('',(1.121997376282,7.449546363587));
#5550 = CARTESIAN_POINT('',(1.346396851538,7.37950018539));
#5551 = CARTESIAN_POINT('',(1.570796326795,7.309453722761));
#5552 = ( GEOMETRIC_REPRESENTATION_CONTEXT(2) 
PARAMETRIC_REPRESENTATION_CONTEXT() REPRESENTATION_CONTEXT('2D SPACE',''
  ) );
#5553 = ORIENTED_EDGE('',*,*,#5554,.T.);
#5554 = EDGE_CURVE('',#5516,#5555,#5557,.T.);
#5555 = VERTEX_POINT('',#5556);
#5556 = CARTESIAN_POINT('',(-44.33258465547,21.862411346993,4.7625));
#5557 = SURFACE_CURVE('',#5558,(#5563,#5576),.PCURVE_S1.);
#5558 = ELLIPSE('',#5559,4.77271875722,4.7625);
#5559 = AXIS2_PLACEMENT_3D('',#5560,#5561,#5562);
#5560 = CARTESIAN_POINT('',(-44.33258465547,21.862411346993,0.));
#5561 = DIRECTION('',(0.608761429009,-0.793353340291,0.));
#5562 = DIRECTION('',(-0.793353340291,-0.608761429009,0.));
#5563 = PCURVE('',#5265,#5564);
#5564 = DEFINITIONAL_REPRESENTATION('',(#5565),#5575);
#5565 = B_SPLINE_CURVE_WITH_KNOTS('',8,(#5566,#5567,#5568,#5569,#5570,
    #5571,#5572,#5573,#5574),.UNSPECIFIED.,.F.,.F.,(9,9),(1.570796326795
    ,4.712388980385),.PIECEWISE_BEZIER_KNOTS.);
#5566 = CARTESIAN_POINT('',(1.570796326795,-2.84217094304E-14));
#5567 = CARTESIAN_POINT('',(1.963495408494,0.1225813096));
#5568 = CARTESIAN_POINT('',(2.356194490189,0.245163596604));
#5569 = CARTESIAN_POINT('',(2.748893571896,0.338929943675));
#5570 = CARTESIAN_POINT('',(3.141592653569,0.375142307548));
#5571 = CARTESIAN_POINT('',(3.534291735289,0.338929943675));
#5572 = CARTESIAN_POINT('',(3.926990816985,0.245163596604));
#5573 = CARTESIAN_POINT('',(4.319689898686,0.1225813096));
#5574 = CARTESIAN_POINT('',(4.712388980385,-2.84217094304E-14));
#5575 = ( GEOMETRIC_REPRESENTATION_CONTEXT(2) 
PARAMETRIC_REPRESENTATION_CONTEXT() REPRESENTATION_CONTEXT('2D SPACE',''
  ) );
#5576 = PCURVE('',#5537,#5577);
#5577 = DEFINITIONAL_REPRESENTATION('',(#5578),#5588);
#5578 = B_SPLINE_CURVE_WITH_KNOTS('',8,(#5579,#5580,#5581,#5582,#5583,
    #5584,#5585,#5586,#5587),.UNSPECIFIED.,.F.,.F.,(9,9),(1.570796326795
    ,4.712388980385),.PIECEWISE_BEZIER_KNOTS.);
#5579 = CARTESIAN_POINT('',(1.570796326795,7.309453722761));
#5580 = CARTESIAN_POINT('',(1.963495408494,7.18687241316));
#5581 = CARTESIAN_POINT('',(2.356194490188,7.064290126156));
#5582 = CARTESIAN_POINT('',(2.748893571899,6.970523779067));
#5583 = CARTESIAN_POINT('',(3.141592653567,6.934311415198));
#5584 = CARTESIAN_POINT('',(3.5342917353,6.970523779081));
#5585 = CARTESIAN_POINT('',(3.926990816982,7.064290126157));
#5586 = CARTESIAN_POINT('',(4.319689898686,7.18687241316));
#5587 = CARTESIAN_POINT('',(4.712388980385,7.309453722761));
#5588 = ( GEOMETRIC_REPRESENTATION_CONTEXT(2) 
PARAMETRIC_REPRESENTATION_CONTEXT() REPRESENTATION_CONTEXT('2D SPACE',''
  ) );
#5589 = ORIENTED_EDGE('',*,*,#5590,.T.);
#5590 = EDGE_CURVE('',#5555,#5490,#5591,.T.);
#5591 = SURFACE_CURVE('',#5592,(#5597,#5609),.PCURVE_S1.);
#5592 = ELLIPSE('',#5593,4.77271875722,4.7625);
#5593 = AXIS2_PLACEMENT_3D('',#5594,#5595,#5596);
#5594 = CARTESIAN_POINT('',(-44.33258465547,21.862411346993,0.));
#5595 = DIRECTION('',(0.608761429009,-0.793353340291,0.));
#5596 = DIRECTION('',(-0.793353340291,-0.608761429009,0.));
#5597 = PCURVE('',#5265,#5598);
#5598 = DEFINITIONAL_REPRESENTATION('',(#5599),#5608);
#5599 = B_SPLINE_CURVE_WITH_KNOTS('',7,(#5600,#5601,#5602,#5603,#5604,
    #5605,#5606,#5607),.UNSPECIFIED.,.F.,.F.,(8,8),(4.712388980385,
    6.28318530718),.PIECEWISE_BEZIER_KNOTS.);
#5600 = CARTESIAN_POINT('',(4.712388980385,-2.84217094304E-14));
#5601 = CARTESIAN_POINT('',(4.936788455641,-7.004646262889E-02));
#5602 = CARTESIAN_POINT('',(5.161187930898,-0.140092640828));
#5603 = CARTESIAN_POINT('',(5.385587406153,-0.204379707263));
#5604 = CARTESIAN_POINT('',(5.609986881412,-0.257138076768));
#5605 = CARTESIAN_POINT('',(5.834386356666,-0.293812299931));
#5606 = CARTESIAN_POINT('',(6.058785831923,-0.312150741658));
#5607 = CARTESIAN_POINT('',(6.28318530718,-0.312150741658));
#5608 = ( GEOMETRIC_REPRESENTATION_CONTEXT(2) 
PARAMETRIC_REPRESENTATION_CONTEXT() REPRESENTATION_CONTEXT('2D SPACE',''
  ) );
#5609 = PCURVE('',#5537,#5610);
#5610 = DEFINITIONAL_REPRESENTATION('',(#5611),#5620);
#5611 = B_SPLINE_CURVE_WITH_KNOTS('',7,(#5612,#5613,#5614,#5615,#5616,
    #5617,#5618,#5619),.UNSPECIFIED.,.F.,.F.,(8,8),(4.712388980385,
    6.28318530718),.PIECEWISE_BEZIER_KNOTS.);
#5612 = CARTESIAN_POINT('',(4.712388980385,7.309453722761));
#5613 = CARTESIAN_POINT('',(4.936788455641,7.37950018539));
#5614 = CARTESIAN_POINT('',(5.161187930898,7.449546363588));
#5615 = CARTESIAN_POINT('',(5.385587406153,7.513833430025));
#5616 = CARTESIAN_POINT('',(5.609986881411,7.56659179953));
#5617 = CARTESIAN_POINT('',(5.834386356667,7.603266022692));
#5618 = CARTESIAN_POINT('',(6.058785831923,7.621604464418));
#5619 = CARTESIAN_POINT('',(6.28318530718,7.621604464418));
#5620 = ( GEOMETRIC_REPRESENTATION_CONTEXT(2) 
PARAMETRIC_REPRESENTATION_CONTEXT() REPRESENTATION_CONTEXT('2D SPACE',''
  ) );
#5621 = ADVANCED_FACE('',(#5622),#5397,.T.);
#5622 = FACE_BOUND('',#5623,.T.);
#5623 = EDGE_LOOP('',(#5624,#5646,#5685,#5721,#5753,#5754,#5755,#5756));
#5624 = ORIENTED_EDGE('',*,*,#5625,.T.);
#5625 = EDGE_CURVE('',#5354,#5626,#5628,.T.);
#5626 = VERTEX_POINT('',#5627);
#5627 = CARTESIAN_POINT('',(-52.52679525234,86.20635937861,0.));
#5628 = SEAM_CURVE('',#5629,(#5633,#5639),.PCURVE_S1.);
#5629 = LINE('',#5630,#5631);
#5630 = CARTESIAN_POINT('',(-48.29245868406,92.543491887763,0.));
#5631 = VECTOR('',#5632,1.);
#5632 = DIRECTION('',(-0.55557023302,-0.831469612303,0.));
#5633 = PCURVE('',#5397,#5634);
#5634 = DEFINITIONAL_REPRESENTATION('',(#5635),#5638);
#5635 = B_SPLINE_CURVE_WITH_KNOTS('',1,(#5636,#5637),.UNSPECIFIED.,.F.,
  .F.,(2,2),(-1.726277771592,9.035731494353),.PIECEWISE_BEZIER_KNOTS.);
#5636 = CARTESIAN_POINT('',(6.28318530718,-1.726277771592));
#5637 = CARTESIAN_POINT('',(6.28318530718,9.035731494353));
#5638 = ( GEOMETRIC_REPRESENTATION_CONTEXT(2) 
PARAMETRIC_REPRESENTATION_CONTEXT() REPRESENTATION_CONTEXT('2D SPACE',''
  ) );
#5639 = PCURVE('',#5397,#5640);
#5640 = DEFINITIONAL_REPRESENTATION('',(#5641),#5645);
#5641 = LINE('',#5642,#5643);
#5642 = CARTESIAN_POINT('',(0.,0.));
#5643 = VECTOR('',#5644,1.);
#5644 = DIRECTION('',(0.,1.));
#5645 = ( GEOMETRIC_REPRESENTATION_CONTEXT(2) 
PARAMETRIC_REPRESENTATION_CONTEXT() REPRESENTATION_CONTEXT('2D SPACE',''
  ) );
#5646 = ORIENTED_EDGE('',*,*,#5647,.F.);
#5647 = EDGE_CURVE('',#5648,#5626,#5650,.T.);
#5648 = VERTEX_POINT('',#5649);
#5649 = CARTESIAN_POINT('',(-48.39349956347,83.82,4.7625));
#5650 = SURFACE_CURVE('',#5651,(#5656,#5668),.PCURVE_S1.);
#5651 = ELLIPSE('',#5652,4.77271875722,4.7625);
#5652 = AXIS2_PLACEMENT_3D('',#5653,#5654,#5655);
#5653 = CARTESIAN_POINT('',(-48.39349956347,83.82,0.));
#5654 = DIRECTION('',(-0.5,-0.866025403784,0.));
#5655 = DIRECTION('',(-0.866025403784,0.5,0.));
#5656 = PCURVE('',#5397,#5657);
#5657 = DEFINITIONAL_REPRESENTATION('',(#5658),#5667);
#5658 = B_SPLINE_CURVE_WITH_KNOTS('',7,(#5659,#5660,#5661,#5662,#5663,
    #5664,#5665,#5666),.UNSPECIFIED.,.F.,.F.,(8,8),(4.712388980385,
    6.28318530718),.PIECEWISE_BEZIER_KNOTS.);
#5659 = CARTESIAN_POINT('',(4.712388980385,7.309453722761));
#5660 = CARTESIAN_POINT('',(4.936788455641,7.379500185389));
#5661 = CARTESIAN_POINT('',(5.161187930897,7.449546363589));
#5662 = CARTESIAN_POINT('',(5.385587406155,7.513833430025));
#5663 = CARTESIAN_POINT('',(5.60998688141,7.56659179953));
#5664 = CARTESIAN_POINT('',(5.834386356667,7.603266022692));
#5665 = CARTESIAN_POINT('',(6.058785831923,7.621604464418));
#5666 = CARTESIAN_POINT('',(6.28318530718,7.621604464418));
#5667 = ( GEOMETRIC_REPRESENTATION_CONTEXT(2) 
PARAMETRIC_REPRESENTATION_CONTEXT() REPRESENTATION_CONTEXT('2D SPACE',''
  ) );
#5668 = PCURVE('',#5669,#5674);
#5669 = CYLINDRICAL_SURFACE('',#5670,4.7625);
#5670 = AXIS2_PLACEMENT_3D('',#5671,#5672,#5673);
#5671 = CARTESIAN_POINT('',(-48.39349956347,83.82,0.));
#5672 = DIRECTION('',(-0.442288690219,-0.896872741533,0.));
#5673 = DIRECTION('',(-0.896872741533,0.442288690219,0.));
#5674 = DEFINITIONAL_REPRESENTATION('',(#5675),#5684);
#5675 = B_SPLINE_CURVE_WITH_KNOTS('',7,(#5676,#5677,#5678,#5679,#5680,
    #5681,#5682,#5683),.UNSPECIFIED.,.F.,.F.,(8,8),(4.712388980385,
    6.28318530718),.PIECEWISE_BEZIER_KNOTS.);
#5676 = CARTESIAN_POINT('',(4.712388980385,-1.918465386552E-13));
#5677 = CARTESIAN_POINT('',(4.936788455641,-7.004646262905E-02));
#5678 = CARTESIAN_POINT('',(5.161187930897,-0.140092640828));
#5679 = CARTESIAN_POINT('',(5.385587406155,-0.204379707263));
#5680 = CARTESIAN_POINT('',(5.60998688141,-0.257138076769));
#5681 = CARTESIAN_POINT('',(5.834386356667,-0.293812299931));
#5682 = CARTESIAN_POINT('',(6.058785831923,-0.312150741658));
#5683 = CARTESIAN_POINT('',(6.28318530718,-0.312150741658));
#5684 = ( GEOMETRIC_REPRESENTATION_CONTEXT(2) 
PARAMETRIC_REPRESENTATION_CONTEXT() REPRESENTATION_CONTEXT('2D SPACE',''
  ) );
#5685 = ORIENTED_EDGE('',*,*,#5686,.F.);
#5686 = EDGE_CURVE('',#5687,#5648,#5689,.T.);
#5687 = VERTEX_POINT('',#5688);
#5688 = CARTESIAN_POINT('',(-48.39349956347,83.82,-4.7625));
#5689 = SURFACE_CURVE('',#5690,(#5695,#5708),.PCURVE_S1.);
#5690 = ELLIPSE('',#5691,4.77271875722,4.7625);
#5691 = AXIS2_PLACEMENT_3D('',#5692,#5693,#5694);
#5692 = CARTESIAN_POINT('',(-48.39349956347,83.82,0.));
#5693 = DIRECTION('',(-0.5,-0.866025403784,0.));
#5694 = DIRECTION('',(-0.866025403784,0.5,0.));
#5695 = PCURVE('',#5397,#5696);
#5696 = DEFINITIONAL_REPRESENTATION('',(#5697),#5707);
#5697 = B_SPLINE_CURVE_WITH_KNOTS('',8,(#5698,#5699,#5700,#5701,#5702,
    #5703,#5704,#5705,#5706),.UNSPECIFIED.,.F.,.F.,(9,9),(1.570796326795
    ,4.712388980385),.PIECEWISE_BEZIER_KNOTS.);
#5698 = CARTESIAN_POINT('',(1.570796326795,7.309453722761));
#5699 = CARTESIAN_POINT('',(1.963495408494,7.18687241316));
#5700 = CARTESIAN_POINT('',(2.356194490189,7.064290126155));
#5701 = CARTESIAN_POINT('',(2.7488935719,6.970523779085));
#5702 = CARTESIAN_POINT('',(3.141592653569,6.934311415195));
#5703 = CARTESIAN_POINT('',(3.534291735303,6.970523779084));
#5704 = CARTESIAN_POINT('',(3.926990816983,7.064290126153));
#5705 = CARTESIAN_POINT('',(4.319689898686,7.18687241316));
#5706 = CARTESIAN_POINT('',(4.712388980385,7.309453722761));
#5707 = ( GEOMETRIC_REPRESENTATION_CONTEXT(2) 
PARAMETRIC_REPRESENTATION_CONTEXT() REPRESENTATION_CONTEXT('2D SPACE',''
  ) );
#5708 = PCURVE('',#5669,#5709);
#5709 = DEFINITIONAL_REPRESENTATION('',(#5710),#5720);
#5710 = B_SPLINE_CURVE_WITH_KNOTS('',8,(#5711,#5712,#5713,#5714,#5715,
    #5716,#5717,#5718,#5719),.UNSPECIFIED.,.F.,.F.,(9,9),(1.570796326795
    ,4.712388980385),.PIECEWISE_BEZIER_KNOTS.);
#5711 = CARTESIAN_POINT('',(1.570796326795,-1.918465386552E-13));
#5712 = CARTESIAN_POINT('',(1.963495408494,0.1225813096));
#5713 = CARTESIAN_POINT('',(2.356194490186,0.245163596605));
#5714 = CARTESIAN_POINT('',(2.748893571909,0.338929943673));
#5715 = CARTESIAN_POINT('',(3.141592653556,0.375142307552));
#5716 = CARTESIAN_POINT('',(3.534291735309,0.338929943673));
#5717 = CARTESIAN_POINT('',(3.92699081698,0.245163596605));
#5718 = CARTESIAN_POINT('',(4.319689898686,0.1225813096));
#5719 = CARTESIAN_POINT('',(4.712388980385,-1.918465386552E-13));
#5720 = ( GEOMETRIC_REPRESENTATION_CONTEXT(2) 
PARAMETRIC_REPRESENTATION_CONTEXT() REPRESENTATION_CONTEXT('2D SPACE',''
  ) );
#5721 = ORIENTED_EDGE('',*,*,#5722,.F.);
#5722 = EDGE_CURVE('',#5626,#5687,#5723,.T.);
#5723 = SURFACE_CURVE('',#5724,(#5729,#5741),.PCURVE_S1.);
#5724 = ELLIPSE('',#5725,4.77271875722,4.7625);
#5725 = AXIS2_PLACEMENT_3D('',#5726,#5727,#5728);
#5726 = CARTESIAN_POINT('',(-48.39349956347,83.82,0.));
#5727 = DIRECTION('',(-0.5,-0.866025403784,0.));
#5728 = DIRECTION('',(-0.866025403784,0.5,0.));
#5729 = PCURVE('',#5397,#5730);
#5730 = DEFINITIONAL_REPRESENTATION('',(#5731),#5740);
#5731 = B_SPLINE_CURVE_WITH_KNOTS('',7,(#5732,#5733,#5734,#5735,#5736,
    #5737,#5738,#5739),.UNSPECIFIED.,.F.,.F.,(8,8),(0.,1.570796326795),
  .PIECEWISE_BEZIER_KNOTS.);
#5732 = CARTESIAN_POINT('',(0.,7.621604464418));
#5733 = CARTESIAN_POINT('',(0.224399475256,7.621604464418));
#5734 = CARTESIAN_POINT('',(0.448798950513,7.603266022692));
#5735 = CARTESIAN_POINT('',(0.673198425769,7.566591799528));
#5736 = CARTESIAN_POINT('',(0.897597901026,7.513833430026));
#5737 = CARTESIAN_POINT('',(1.121997376282,7.449546363588));
#5738 = CARTESIAN_POINT('',(1.346396851538,7.379500185389));
#5739 = CARTESIAN_POINT('',(1.570796326795,7.309453722761));
#5740 = ( GEOMETRIC_REPRESENTATION_CONTEXT(2) 
PARAMETRIC_REPRESENTATION_CONTEXT() REPRESENTATION_CONTEXT('2D SPACE',''
  ) );
#5741 = PCURVE('',#5669,#5742);
#5742 = DEFINITIONAL_REPRESENTATION('',(#5743),#5752);
#5743 = B_SPLINE_CURVE_WITH_KNOTS('',7,(#5744,#5745,#5746,#5747,#5748,
    #5749,#5750,#5751),.UNSPECIFIED.,.F.,.F.,(8,8),(0.,1.570796326795),
  .PIECEWISE_BEZIER_KNOTS.);
#5744 = CARTESIAN_POINT('',(0.,-0.312150741658));
#5745 = CARTESIAN_POINT('',(0.224399475256,-0.312150741658));
#5746 = CARTESIAN_POINT('',(0.448798950513,-0.293812299931));
#5747 = CARTESIAN_POINT('',(0.673198425769,-0.257138076769));
#5748 = CARTESIAN_POINT('',(0.897597901026,-0.204379707263));
#5749 = CARTESIAN_POINT('',(1.121997376282,-0.140092640828));
#5750 = CARTESIAN_POINT('',(1.346396851538,-7.004646262905E-02));
#5751 = CARTESIAN_POINT('',(1.570796326795,-1.918465386552E-13));
#5752 = ( GEOMETRIC_REPRESENTATION_CONTEXT(2) 
PARAMETRIC_REPRESENTATION_CONTEXT() REPRESENTATION_CONTEXT('2D SPACE',''
  ) );
#5753 = ORIENTED_EDGE('',*,*,#5625,.F.);
#5754 = ORIENTED_EDGE('',*,*,#5450,.T.);
#5755 = ORIENTED_EDGE('',*,*,#5414,.T.);
#5756 = ORIENTED_EDGE('',*,*,#5375,.T.);
#5757 = ADVANCED_FACE('',(#5758),#5537,.T.);
#5758 = FACE_BOUND('',#5759,.T.);
#5759 = EDGE_LOOP('',(#5760,#5782,#5783,#5784,#5785,#5786,#5825,#5861));
#5760 = ORIENTED_EDGE('',*,*,#5761,.T.);
#5761 = EDGE_CURVE('',#5762,#5490,#5764,.T.);
#5762 = VERTEX_POINT('',#5763);
#5763 = CARTESIAN_POINT('',(-52.52679525234,25.55364062139,0.));
#5764 = SEAM_CURVE('',#5765,(#5769,#5775),.PCURVE_S1.);
#5765 = LINE('',#5766,#5767);
#5766 = CARTESIAN_POINT('',(-52.35337359206,25.294096765244,0.));
#5767 = VECTOR('',#5768,1.);
#5768 = DIRECTION('',(0.55557023302,-0.831469612303,0.));
#5769 = PCURVE('',#5537,#5770);
#5770 = DEFINITIONAL_REPRESENTATION('',(#5771),#5774);
#5771 = B_SPLINE_CURVE_WITH_KNOTS('',1,(#5772,#5773),.UNSPECIFIED.,.F.,
  .F.,(2,2),(-1.726277771592,9.035731494353),.PIECEWISE_BEZIER_KNOTS.);
#5772 = CARTESIAN_POINT('',(6.28318530718,-1.726277771592));
#5773 = CARTESIAN_POINT('',(6.28318530718,9.035731494353));
#5774 = ( GEOMETRIC_REPRESENTATION_CONTEXT(2) 
PARAMETRIC_REPRESENTATION_CONTEXT() REPRESENTATION_CONTEXT('2D SPACE',''
  ) );
#5775 = PCURVE('',#5537,#5776);
#5776 = DEFINITIONAL_REPRESENTATION('',(#5777),#5781);
#5777 = LINE('',#5778,#5779);
#5778 = CARTESIAN_POINT('',(0.,0.));
#5779 = VECTOR('',#5780,1.);
#5780 = DIRECTION('',(0.,1.));
#5781 = ( GEOMETRIC_REPRESENTATION_CONTEXT(2) 
PARAMETRIC_REPRESENTATION_CONTEXT() REPRESENTATION_CONTEXT('2D SPACE',''
  ) );
#5782 = ORIENTED_EDGE('',*,*,#5590,.F.);
#5783 = ORIENTED_EDGE('',*,*,#5554,.F.);
#5784 = ORIENTED_EDGE('',*,*,#5515,.F.);
#5785 = ORIENTED_EDGE('',*,*,#5761,.F.);
#5786 = ORIENTED_EDGE('',*,*,#5787,.T.);
#5787 = EDGE_CURVE('',#5762,#5788,#5790,.T.);
#5788 = VERTEX_POINT('',#5789);
#5789 = CARTESIAN_POINT('',(-48.39349956347,27.94,-4.7625));
#5790 = SURFACE_CURVE('',#5791,(#5796,#5808),.PCURVE_S1.);
#5791 = ELLIPSE('',#5792,4.77271875722,4.7625);
#5792 = AXIS2_PLACEMENT_3D('',#5793,#5794,#5795);
#5793 = CARTESIAN_POINT('',(-48.39349956347,27.94,0.));
#5794 = DIRECTION('',(0.5,-0.866025403784,0.));
#5795 = DIRECTION('',(-0.866025403784,-0.5,0.));
#5796 = PCURVE('',#5537,#5797);
#5797 = DEFINITIONAL_REPRESENTATION('',(#5798),#5807);
#5798 = B_SPLINE_CURVE_WITH_KNOTS('',7,(#5799,#5800,#5801,#5802,#5803,
    #5804,#5805,#5806),.UNSPECIFIED.,.F.,.F.,(8,8),(0.,1.570796326795),
  .PIECEWISE_BEZIER_KNOTS.);
#5799 = CARTESIAN_POINT('',(0.,-0.312150741658));
#5800 = CARTESIAN_POINT('',(0.224399475256,-0.312150741658));
#5801 = CARTESIAN_POINT('',(0.448798950513,-0.293812299931));
#5802 = CARTESIAN_POINT('',(0.67319842577,-0.257138076768));
#5803 = CARTESIAN_POINT('',(0.897597901025,-0.204379707263));
#5804 = CARTESIAN_POINT('',(1.121997376282,-0.140092640828));
#5805 = CARTESIAN_POINT('',(1.346396851538,-7.004646262892E-02));
#5806 = CARTESIAN_POINT('',(1.570796326795,-6.394884621841E-14));
#5807 = ( GEOMETRIC_REPRESENTATION_CONTEXT(2) 
PARAMETRIC_REPRESENTATION_CONTEXT() REPRESENTATION_CONTEXT('2D SPACE',''
  ) );
#5808 = PCURVE('',#5809,#5814);
#5809 = CYLINDRICAL_SURFACE('',#5810,4.7625);
#5810 = AXIS2_PLACEMENT_3D('',#5811,#5812,#5813);
#5811 = CARTESIAN_POINT('',(-51.62638827673,34.495649799439,0.));
#5812 = DIRECTION('',(0.442288690219,-0.896872741533,0.));
#5813 = DIRECTION('',(-0.896872741533,-0.442288690219,0.));
#5814 = DEFINITIONAL_REPRESENTATION('',(#5815),#5824);
#5815 = B_SPLINE_CURVE_WITH_KNOTS('',7,(#5816,#5817,#5818,#5819,#5820,
    #5821,#5822,#5823),.UNSPECIFIED.,.F.,.F.,(8,8),(0.,1.570796326795),
  .PIECEWISE_BEZIER_KNOTS.);
#5816 = CARTESIAN_POINT('',(0.,7.621604464418));
#5817 = CARTESIAN_POINT('',(0.224399475256,7.621604464418));
#5818 = CARTESIAN_POINT('',(0.448798950513,7.603266022689));
#5819 = CARTESIAN_POINT('',(0.673198425769,7.566591799535));
#5820 = CARTESIAN_POINT('',(0.897597901026,7.513833430019));
#5821 = CARTESIAN_POINT('',(1.121997376282,7.44954636359));
#5822 = CARTESIAN_POINT('',(1.346396851538,7.37950018539));
#5823 = CARTESIAN_POINT('',(1.570796326795,7.309453722761));
#5824 = ( GEOMETRIC_REPRESENTATION_CONTEXT(2) 
PARAMETRIC_REPRESENTATION_CONTEXT() REPRESENTATION_CONTEXT('2D SPACE',''
  ) );
#5825 = ORIENTED_EDGE('',*,*,#5826,.T.);
#5826 = EDGE_CURVE('',#5788,#5827,#5829,.T.);
#5827 = VERTEX_POINT('',#5828);
#5828 = CARTESIAN_POINT('',(-48.39349956347,27.94,4.7625));
#5829 = SURFACE_CURVE('',#5830,(#5835,#5848),.PCURVE_S1.);
#5830 = ELLIPSE('',#5831,4.77271875722,4.7625);
#5831 = AXIS2_PLACEMENT_3D('',#5832,#5833,#5834);
#5832 = CARTESIAN_POINT('',(-48.39349956347,27.94,0.));
#5833 = DIRECTION('',(0.5,-0.866025403784,0.));
#5834 = DIRECTION('',(-0.866025403784,-0.5,0.));
#5835 = PCURVE('',#5537,#5836);
#5836 = DEFINITIONAL_REPRESENTATION('',(#5837),#5847);
#5837 = B_SPLINE_CURVE_WITH_KNOTS('',8,(#5838,#5839,#5840,#5841,#5842,
    #5843,#5844,#5845,#5846),.UNSPECIFIED.,.F.,.F.,(9,9),(1.570796326795
    ,4.712388980385),.PIECEWISE_BEZIER_KNOTS.);
#5838 = CARTESIAN_POINT('',(1.570796326795,-6.394884621841E-14));
#5839 = CARTESIAN_POINT('',(1.963495408494,0.1225813096));
#5840 = CARTESIAN_POINT('',(2.356194490188,0.245163596604));
#5841 = CARTESIAN_POINT('',(2.748893571899,0.338929943674));
#5842 = CARTESIAN_POINT('',(3.141592653567,0.375142307549));
#5843 = CARTESIAN_POINT('',(3.5342917353,0.338929943674));
#5844 = CARTESIAN_POINT('',(3.926990816982,0.245163596604));
#5845 = CARTESIAN_POINT('',(4.319689898686,0.1225813096));
#5846 = CARTESIAN_POINT('',(4.712388980385,-6.394884621841E-14));
#5847 = ( GEOMETRIC_REPRESENTATION_CONTEXT(2) 
PARAMETRIC_REPRESENTATION_CONTEXT() REPRESENTATION_CONTEXT('2D SPACE',''
  ) );
#5848 = PCURVE('',#5809,#5849);
#5849 = DEFINITIONAL_REPRESENTATION('',(#5850),#5860);
#5850 = B_SPLINE_CURVE_WITH_KNOTS('',8,(#5851,#5852,#5853,#5854,#5855,
    #5856,#5857,#5858,#5859),.UNSPECIFIED.,.F.,.F.,(9,9),(1.570796326795
    ,4.712388980385),.PIECEWISE_BEZIER_KNOTS.);
#5851 = CARTESIAN_POINT('',(1.570796326795,7.309453722761));
#5852 = CARTESIAN_POINT('',(1.963495408494,7.18687241316));
#5853 = CARTESIAN_POINT('',(2.35619449019,7.064290126154));
#5854 = CARTESIAN_POINT('',(2.748893571894,6.970523779079));
#5855 = CARTESIAN_POINT('',(3.141592653576,6.934311415213));
#5856 = CARTESIAN_POINT('',(3.534291735292,6.970523779072));
#5857 = CARTESIAN_POINT('',(3.926990816984,7.064290126156));
#5858 = CARTESIAN_POINT('',(4.319689898686,7.18687241316));
#5859 = CARTESIAN_POINT('',(4.712388980385,7.309453722761));
#5860 = ( GEOMETRIC_REPRESENTATION_CONTEXT(2) 
PARAMETRIC_REPRESENTATION_CONTEXT() REPRESENTATION_CONTEXT('2D SPACE',''
  ) );
#5861 = ORIENTED_EDGE('',*,*,#5862,.T.);
#5862 = EDGE_CURVE('',#5827,#5762,#5863,.T.);
#5863 = SURFACE_CURVE('',#5864,(#5869,#5881),.PCURVE_S1.);
#5864 = ELLIPSE('',#5865,4.77271875722,4.7625);
#5865 = AXIS2_PLACEMENT_3D('',#5866,#5867,#5868);
#5866 = CARTESIAN_POINT('',(-48.39349956347,27.94,0.));
#5867 = DIRECTION('',(0.5,-0.866025403784,0.));
#5868 = DIRECTION('',(-0.866025403784,-0.5,0.));
#5869 = PCURVE('',#5537,#5870);
#5870 = DEFINITIONAL_REPRESENTATION('',(#5871),#5880);
#5871 = B_SPLINE_CURVE_WITH_KNOTS('',7,(#5872,#5873,#5874,#5875,#5876,
    #5877,#5878,#5879),.UNSPECIFIED.,.F.,.F.,(8,8),(4.712388980385,
    6.28318530718),.PIECEWISE_BEZIER_KNOTS.);
#5872 = CARTESIAN_POINT('',(4.712388980385,-6.394884621841E-14));
#5873 = CARTESIAN_POINT('',(4.936788455641,-7.004646262892E-02));
#5874 = CARTESIAN_POINT('',(5.161187930898,-0.140092640828));
#5875 = CARTESIAN_POINT('',(5.385587406153,-0.204379707263));
#5876 = CARTESIAN_POINT('',(5.609986881411,-0.257138076768));
#5877 = CARTESIAN_POINT('',(5.834386356667,-0.293812299931));
#5878 = CARTESIAN_POINT('',(6.058785831923,-0.312150741658));
#5879 = CARTESIAN_POINT('',(6.28318530718,-0.312150741658));
#5880 = ( GEOMETRIC_REPRESENTATION_CONTEXT(2) 
PARAMETRIC_REPRESENTATION_CONTEXT() REPRESENTATION_CONTEXT('2D SPACE',''
  ) );
#5881 = PCURVE('',#5809,#5882);
#5882 = DEFINITIONAL_REPRESENTATION('',(#5883),#5892);
#5883 = B_SPLINE_CURVE_WITH_KNOTS('',7,(#5884,#5885,#5886,#5887,#5888,
    #5889,#5890,#5891),.UNSPECIFIED.,.F.,.F.,(8,8),(4.712388980385,
    6.28318530718),.PIECEWISE_BEZIER_KNOTS.);
#5884 = CARTESIAN_POINT('',(4.712388980385,7.309453722761));
#5885 = CARTESIAN_POINT('',(4.936788455641,7.37950018539));
#5886 = CARTESIAN_POINT('',(5.161187930898,7.449546363591));
#5887 = CARTESIAN_POINT('',(5.385587406154,7.513833430018));
#5888 = CARTESIAN_POINT('',(5.609986881411,7.566591799535));
#5889 = CARTESIAN_POINT('',(5.834386356667,7.60326602269));
#5890 = CARTESIAN_POINT('',(6.058785831923,7.621604464418));
#5891 = CARTESIAN_POINT('',(6.28318530718,7.621604464418));
#5892 = ( GEOMETRIC_REPRESENTATION_CONTEXT(2) 
PARAMETRIC_REPRESENTATION_CONTEXT() REPRESENTATION_CONTEXT('2D SPACE',''
  ) );
#5893 = ADVANCED_FACE('',(#5894),#5669,.T.);
#5894 = FACE_BOUND('',#5895,.T.);
#5895 = EDGE_LOOP('',(#5896,#5918,#5957,#5993,#6025,#6026,#6027,#6028));
#5896 = ORIENTED_EDGE('',*,*,#5897,.T.);
#5897 = EDGE_CURVE('',#5626,#5898,#5900,.T.);
#5898 = VERTEX_POINT('',#5899);
#5899 = CARTESIAN_POINT('',(-56.03580545095,79.090790596287,0.));
#5900 = SEAM_CURVE('',#5901,(#5905,#5911),.PCURVE_S1.);
#5901 = LINE('',#5902,#5903);
#5902 = CARTESIAN_POINT('',(-52.66485599502,85.926399887168,0.));
#5903 = VECTOR('',#5904,1.);
#5904 = DIRECTION('',(-0.442288690219,-0.896872741533,0.));
#5905 = PCURVE('',#5669,#5906);
#5906 = DEFINITIONAL_REPRESENTATION('',(#5907),#5910);
#5907 = B_SPLINE_CURVE_WITH_KNOTS('',1,(#5908,#5909),.UNSPECIFIED.,.F.,
  .F.,(2,2),(-1.726277771592,9.035731494353),.PIECEWISE_BEZIER_KNOTS.);
#5908 = CARTESIAN_POINT('',(6.28318530718,-1.726277771592));
#5909 = CARTESIAN_POINT('',(6.28318530718,9.035731494353));
#5910 = ( GEOMETRIC_REPRESENTATION_CONTEXT(2) 
PARAMETRIC_REPRESENTATION_CONTEXT() REPRESENTATION_CONTEXT('2D SPACE',''
  ) );
#5911 = PCURVE('',#5669,#5912);
#5912 = DEFINITIONAL_REPRESENTATION('',(#5913),#5917);
#5913 = LINE('',#5914,#5915);
#5914 = CARTESIAN_POINT('',(0.,0.));
#5915 = VECTOR('',#5916,1.);
#5916 = DIRECTION('',(0.,1.));
#5917 = ( GEOMETRIC_REPRESENTATION_CONTEXT(2) 
PARAMETRIC_REPRESENTATION_CONTEXT() REPRESENTATION_CONTEXT('2D SPACE',''
  ) );
#5918 = ORIENTED_EDGE('',*,*,#5919,.F.);
#5919 = EDGE_CURVE('',#5920,#5898,#5922,.T.);
#5920 = VERTEX_POINT('',#5921);
#5921 = CARTESIAN_POINT('',(-51.62638827673,77.264350200561,4.7625));
#5922 = SURFACE_CURVE('',#5923,(#5928,#5940),.PCURVE_S1.);
#5923 = ELLIPSE('',#5924,4.77271875722,4.7625);
#5924 = AXIS2_PLACEMENT_3D('',#5925,#5926,#5927);
#5925 = CARTESIAN_POINT('',(-51.62638827673,77.264350200561,0.));
#5926 = DIRECTION('',(-0.382683432365,-0.923879532511,0.));
#5927 = DIRECTION('',(-0.923879532511,0.382683432365,0.));
#5928 = PCURVE('',#5669,#5929);
#5929 = DEFINITIONAL_REPRESENTATION('',(#5930),#5939);
#5930 = B_SPLINE_CURVE_WITH_KNOTS('',7,(#5931,#5932,#5933,#5934,#5935,
    #5936,#5937,#5938),.UNSPECIFIED.,.F.,.F.,(8,8),(4.712388980385,
    6.28318530718),.PIECEWISE_BEZIER_KNOTS.);
#5931 = CARTESIAN_POINT('',(4.712388980385,7.309453722761));
#5932 = CARTESIAN_POINT('',(4.936788455641,7.37950018539));
#5933 = CARTESIAN_POINT('',(5.161187930897,7.449546363589));
#5934 = CARTESIAN_POINT('',(5.385587406157,7.513833430022));
#5935 = CARTESIAN_POINT('',(5.609986881409,7.566591799532));
#5936 = CARTESIAN_POINT('',(5.834386356667,7.603266022691));
#5937 = CARTESIAN_POINT('',(6.058785831923,7.621604464418));
#5938 = CARTESIAN_POINT('',(6.28318530718,7.621604464418));
#5939 = ( GEOMETRIC_REPRESENTATION_CONTEXT(2) 
PARAMETRIC_REPRESENTATION_CONTEXT() REPRESENTATION_CONTEXT('2D SPACE',''
  ) );
#5940 = PCURVE('',#5941,#5946);
#5941 = CYLINDRICAL_SURFACE('',#5942,4.7625);
#5942 = AXIS2_PLACEMENT_3D('',#5943,#5944,#5945);
#5943 = CARTESIAN_POINT('',(-51.62638827673,77.264350200561,0.));
#5944 = DIRECTION('',(-0.321439465303,-0.946930129495,0.));
#5945 = DIRECTION('',(-0.946930129495,0.321439465303,0.));
#5946 = DEFINITIONAL_REPRESENTATION('',(#5947),#5956);
#5947 = B_SPLINE_CURVE_WITH_KNOTS('',7,(#5948,#5949,#5950,#5951,#5952,
    #5953,#5954,#5955),.UNSPECIFIED.,.F.,.F.,(8,8),(4.712388980385,
    6.28318530718),.PIECEWISE_BEZIER_KNOTS.);
#5948 = CARTESIAN_POINT('',(4.712388980385,2.84217094304E-14));
#5949 = CARTESIAN_POINT('',(4.936788455641,-7.004646262883E-02));
#5950 = CARTESIAN_POINT('',(5.161187930898,-0.140092640828));
#5951 = CARTESIAN_POINT('',(5.385587406153,-0.204379707263));
#5952 = CARTESIAN_POINT('',(5.609986881412,-0.257138076768));
#5953 = CARTESIAN_POINT('',(5.834386356667,-0.293812299931));
#5954 = CARTESIAN_POINT('',(6.058785831923,-0.312150741658));
#5955 = CARTESIAN_POINT('',(6.28318530718,-0.312150741658));
#5956 = ( GEOMETRIC_REPRESENTATION_CONTEXT(2) 
PARAMETRIC_REPRESENTATION_CONTEXT() REPRESENTATION_CONTEXT('2D SPACE',''
  ) );
#5957 = ORIENTED_EDGE('',*,*,#5958,.F.);
#5958 = EDGE_CURVE('',#5959,#5920,#5961,.T.);
#5959 = VERTEX_POINT('',#5960);
#5960 = CARTESIAN_POINT('',(-51.62638827673,77.264350200561,-4.7625));
#5961 = SURFACE_CURVE('',#5962,(#5967,#5980),.PCURVE_S1.);
#5962 = ELLIPSE('',#5963,4.77271875722,4.7625);
#5963 = AXIS2_PLACEMENT_3D('',#5964,#5965,#5966);
#5964 = CARTESIAN_POINT('',(-51.62638827673,77.264350200561,0.));
#5965 = DIRECTION('',(-0.382683432365,-0.923879532511,0.));
#5966 = DIRECTION('',(-0.923879532511,0.382683432365,0.));
#5967 = PCURVE('',#5669,#5968);
#5968 = DEFINITIONAL_REPRESENTATION('',(#5969),#5979);
#5969 = B_SPLINE_CURVE_WITH_KNOTS('',8,(#5970,#5971,#5972,#5973,#5974,
    #5975,#5976,#5977,#5978),.UNSPECIFIED.,.F.,.F.,(9,9),(1.570796326795
    ,4.712388980385),.PIECEWISE_BEZIER_KNOTS.);
#5970 = CARTESIAN_POINT('',(1.570796326795,7.309453722761));
#5971 = CARTESIAN_POINT('',(1.963495408494,7.18687241316));
#5972 = CARTESIAN_POINT('',(2.35619449019,7.064290126144));
#5973 = CARTESIAN_POINT('',(2.748893571894,6.970523779095));
#5974 = CARTESIAN_POINT('',(3.141592653576,6.934311415148));
#5975 = CARTESIAN_POINT('',(3.534291735292,6.970523779102));
#5976 = CARTESIAN_POINT('',(3.926990816984,7.064290126144));
#5977 = CARTESIAN_POINT('',(4.319689898686,7.18687241316));
#5978 = CARTESIAN_POINT('',(4.712388980385,7.309453722761));
#5979 = ( GEOMETRIC_REPRESENTATION_CONTEXT(2) 
PARAMETRIC_REPRESENTATION_CONTEXT() REPRESENTATION_CONTEXT('2D SPACE',''
  ) );
#5980 = PCURVE('',#5941,#5981);
#5981 = DEFINITIONAL_REPRESENTATION('',(#5982),#5992);
#5982 = B_SPLINE_CURVE_WITH_KNOTS('',8,(#5983,#5984,#5985,#5986,#5987,
    #5988,#5989,#5990,#5991),.UNSPECIFIED.,.F.,.F.,(9,9),(1.570796326795
    ,4.712388980385),.PIECEWISE_BEZIER_KNOTS.);
#5983 = CARTESIAN_POINT('',(1.570796326795,2.84217094304E-14));
#5984 = CARTESIAN_POINT('',(1.963495408494,0.122581309601));
#5985 = CARTESIAN_POINT('',(2.356194490188,0.245163596605));
#5986 = CARTESIAN_POINT('',(2.7488935719,0.338929943672));
#5987 = CARTESIAN_POINT('',(3.141592653573,0.375142307552));
#5988 = CARTESIAN_POINT('',(3.5342917353,0.338929943672));
#5989 = CARTESIAN_POINT('',(3.926990816982,0.245163596605));
#5990 = CARTESIAN_POINT('',(4.319689898686,0.122581309601));
#5991 = CARTESIAN_POINT('',(4.712388980385,2.84217094304E-14));
#5992 = ( GEOMETRIC_REPRESENTATION_CONTEXT(2) 
PARAMETRIC_REPRESENTATION_CONTEXT() REPRESENTATION_CONTEXT('2D SPACE',''
  ) );
#5993 = ORIENTED_EDGE('',*,*,#5994,.F.);
#5994 = EDGE_CURVE('',#5898,#5959,#5995,.T.);
#5995 = SURFACE_CURVE('',#5996,(#6001,#6013),.PCURVE_S1.);
#5996 = ELLIPSE('',#5997,4.77271875722,4.7625);
#5997 = AXIS2_PLACEMENT_3D('',#5998,#5999,#6000);
#5998 = CARTESIAN_POINT('',(-51.62638827673,77.264350200561,0.));
#5999 = DIRECTION('',(-0.382683432365,-0.923879532511,0.));
#6000 = DIRECTION('',(-0.923879532511,0.382683432365,0.));
#6001 = PCURVE('',#5669,#6002);
#6002 = DEFINITIONAL_REPRESENTATION('',(#6003),#6012);
#6003 = B_SPLINE_CURVE_WITH_KNOTS('',7,(#6004,#6005,#6006,#6007,#6008,
    #6009,#6010,#6011),.UNSPECIFIED.,.F.,.F.,(8,8),(0.,1.570796326795),
  .PIECEWISE_BEZIER_KNOTS.);
#6004 = CARTESIAN_POINT('',(0.,7.621604464418));
#6005 = CARTESIAN_POINT('',(0.224399475256,7.621604464418));
#6006 = CARTESIAN_POINT('',(0.448798950513,7.603266022693));
#6007 = CARTESIAN_POINT('',(0.67319842577,7.566591799528));
#6008 = CARTESIAN_POINT('',(0.897597901025,7.513833430026));
#6009 = CARTESIAN_POINT('',(1.121997376282,7.449546363588));
#6010 = CARTESIAN_POINT('',(1.346396851538,7.37950018539));
#6011 = CARTESIAN_POINT('',(1.570796326795,7.309453722761));
#6012 = ( GEOMETRIC_REPRESENTATION_CONTEXT(2) 
PARAMETRIC_REPRESENTATION_CONTEXT() REPRESENTATION_CONTEXT('2D SPACE',''
  ) );
#6013 = PCURVE('',#5941,#6014);
#6014 = DEFINITIONAL_REPRESENTATION('',(#6015),#6024);
#6015 = B_SPLINE_CURVE_WITH_KNOTS('',7,(#6016,#6017,#6018,#6019,#6020,
    #6021,#6022,#6023),.UNSPECIFIED.,.F.,.F.,(8,8),(0.,1.570796326795),
  .PIECEWISE_BEZIER_KNOTS.);
#6016 = CARTESIAN_POINT('',(0.,-0.312150741658));
#6017 = CARTESIAN_POINT('',(0.224399475256,-0.312150741658));
#6018 = CARTESIAN_POINT('',(0.448798950513,-0.293812299931));
#6019 = CARTESIAN_POINT('',(0.673198425769,-0.257138076768));
#6020 = CARTESIAN_POINT('',(0.897597901026,-0.204379707263));
#6021 = CARTESIAN_POINT('',(1.121997376282,-0.140092640828));
#6022 = CARTESIAN_POINT('',(1.346396851538,-7.004646262883E-02));
#6023 = CARTESIAN_POINT('',(1.570796326795,2.84217094304E-14));
#6024 = ( GEOMETRIC_REPRESENTATION_CONTEXT(2) 
PARAMETRIC_REPRESENTATION_CONTEXT() REPRESENTATION_CONTEXT('2D SPACE',''
  ) );
#6025 = ORIENTED_EDGE('',*,*,#5897,.F.);
#6026 = ORIENTED_EDGE('',*,*,#5722,.T.);
#6027 = ORIENTED_EDGE('',*,*,#5686,.T.);
#6028 = ORIENTED_EDGE('',*,*,#5647,.T.);
#6029 = ADVANCED_FACE('',(#6030),#5809,.T.);
#6030 = FACE_BOUND('',#6031,.T.);
#6031 = EDGE_LOOP('',(#6032,#6054,#6055,#6056,#6057,#6058,#6097,#6133));
#6032 = ORIENTED_EDGE('',*,*,#6033,.T.);
#6033 = EDGE_CURVE('',#6034,#5762,#6036,.T.);
#6034 = VERTEX_POINT('',#6035);
#6035 = CARTESIAN_POINT('',(-56.03580545095,32.669209403713,0.));
#6036 = SEAM_CURVE('',#6037,(#6041,#6047),.PCURVE_S1.);
#6037 = LINE('',#6038,#6039);
#6038 = CARTESIAN_POINT('',(-55.89774470828,32.389249912271,0.));
#6039 = VECTOR('',#6040,1.);
#6040 = DIRECTION('',(0.442288690219,-0.896872741533,0.));
#6041 = PCURVE('',#5809,#6042);
#6042 = DEFINITIONAL_REPRESENTATION('',(#6043),#6046);
#6043 = B_SPLINE_CURVE_WITH_KNOTS('',1,(#6044,#6045),.UNSPECIFIED.,.F.,
  .F.,(2,2),(-1.726277771592,9.035731494353),.PIECEWISE_BEZIER_KNOTS.);
#6044 = CARTESIAN_POINT('',(6.28318530718,-1.726277771592));
#6045 = CARTESIAN_POINT('',(6.28318530718,9.035731494353));
#6046 = ( GEOMETRIC_REPRESENTATION_CONTEXT(2) 
PARAMETRIC_REPRESENTATION_CONTEXT() REPRESENTATION_CONTEXT('2D SPACE',''
  ) );
#6047 = PCURVE('',#5809,#6048);
#6048 = DEFINITIONAL_REPRESENTATION('',(#6049),#6053);
#6049 = LINE('',#6050,#6051);
#6050 = CARTESIAN_POINT('',(0.,0.));
#6051 = VECTOR('',#6052,1.);
#6052 = DIRECTION('',(0.,1.));
#6053 = ( GEOMETRIC_REPRESENTATION_CONTEXT(2) 
PARAMETRIC_REPRESENTATION_CONTEXT() REPRESENTATION_CONTEXT('2D SPACE',''
  ) );
#6054 = ORIENTED_EDGE('',*,*,#5862,.F.);
#6055 = ORIENTED_EDGE('',*,*,#5826,.F.);
#6056 = ORIENTED_EDGE('',*,*,#5787,.F.);
#6057 = ORIENTED_EDGE('',*,*,#6033,.F.);
#6058 = ORIENTED_EDGE('',*,*,#6059,.T.);
#6059 = EDGE_CURVE('',#6034,#6060,#6062,.T.);
#6060 = VERTEX_POINT('',#6061);
#6061 = CARTESIAN_POINT('',(-51.62638827673,34.495649799439,-4.7625));
#6062 = SURFACE_CURVE('',#6063,(#6068,#6080),.PCURVE_S1.);
#6063 = ELLIPSE('',#6064,4.77271875722,4.7625);
#6064 = AXIS2_PLACEMENT_3D('',#6065,#6066,#6067);
#6065 = CARTESIAN_POINT('',(-51.62638827673,34.495649799439,0.));
#6066 = DIRECTION('',(0.382683432365,-0.923879532511,0.));
#6067 = DIRECTION('',(-0.923879532511,-0.382683432365,0.));
#6068 = PCURVE('',#5809,#6069);
#6069 = DEFINITIONAL_REPRESENTATION('',(#6070),#6079);
#6070 = B_SPLINE_CURVE_WITH_KNOTS('',7,(#6071,#6072,#6073,#6074,#6075,
    #6076,#6077,#6078),.UNSPECIFIED.,.F.,.F.,(8,8),(0.,1.570796326795),
  .PIECEWISE_BEZIER_KNOTS.);
#6071 = CARTESIAN_POINT('',(0.,-0.312150741658));
#6072 = CARTESIAN_POINT('',(0.224399475256,-0.312150741658));
#6073 = CARTESIAN_POINT('',(0.448798950513,-0.293812299931));
#6074 = CARTESIAN_POINT('',(0.673198425769,-0.257138076769));
#6075 = CARTESIAN_POINT('',(0.897597901026,-0.204379707263));
#6076 = CARTESIAN_POINT('',(1.121997376282,-0.140092640828));
#6077 = CARTESIAN_POINT('',(1.346396851538,-7.004646262905E-02));
#6078 = CARTESIAN_POINT('',(1.570796326795,-1.918465386552E-13));
#6079 = ( GEOMETRIC_REPRESENTATION_CONTEXT(2) 
PARAMETRIC_REPRESENTATION_CONTEXT() REPRESENTATION_CONTEXT('2D SPACE',''
  ) );
#6080 = PCURVE('',#6081,#6086);
#6081 = CYLINDRICAL_SURFACE('',#6082,4.7625);
#6082 = AXIS2_PLACEMENT_3D('',#6083,#6084,#6085);
#6083 = CARTESIAN_POINT('',(-53.97593517303,41.417191759671,0.));
#6084 = DIRECTION('',(0.321439465303,-0.946930129495,0.));
#6085 = DIRECTION('',(-0.946930129495,-0.321439465303,0.));
#6086 = DEFINITIONAL_REPRESENTATION('',(#6087),#6096);
#6087 = B_SPLINE_CURVE_WITH_KNOTS('',7,(#6088,#6089,#6090,#6091,#6092,
    #6093,#6094,#6095),.UNSPECIFIED.,.F.,.F.,(8,8),(0.,1.570796326795),
  .PIECEWISE_BEZIER_KNOTS.);
#6088 = CARTESIAN_POINT('',(0.,7.621604464418));
#6089 = CARTESIAN_POINT('',(0.224399475256,7.621604464418));
#6090 = CARTESIAN_POINT('',(0.448798950513,7.603266022692));
#6091 = CARTESIAN_POINT('',(0.673198425769,7.566591799526));
#6092 = CARTESIAN_POINT('',(0.897597901026,7.513833430027));
#6093 = CARTESIAN_POINT('',(1.121997376282,7.449546363587));
#6094 = CARTESIAN_POINT('',(1.346396851538,7.379500185389));
#6095 = CARTESIAN_POINT('',(1.570796326795,7.309453722761));
#6096 = ( GEOMETRIC_REPRESENTATION_CONTEXT(2) 
PARAMETRIC_REPRESENTATION_CONTEXT() REPRESENTATION_CONTEXT('2D SPACE',''
  ) );
#6097 = ORIENTED_EDGE('',*,*,#6098,.T.);
#6098 = EDGE_CURVE('',#6060,#6099,#6101,.T.);
#6099 = VERTEX_POINT('',#6100);
#6100 = CARTESIAN_POINT('',(-51.62638827673,34.495649799439,4.7625));
#6101 = SURFACE_CURVE('',#6102,(#6107,#6120),.PCURVE_S1.);
#6102 = ELLIPSE('',#6103,4.77271875722,4.7625);
#6103 = AXIS2_PLACEMENT_3D('',#6104,#6105,#6106);
#6104 = CARTESIAN_POINT('',(-51.62638827673,34.495649799439,0.));
#6105 = DIRECTION('',(0.382683432365,-0.923879532511,0.));
#6106 = DIRECTION('',(-0.923879532511,-0.382683432365,0.));
#6107 = PCURVE('',#5809,#6108);
#6108 = DEFINITIONAL_REPRESENTATION('',(#6109),#6119);
#6109 = B_SPLINE_CURVE_WITH_KNOTS('',8,(#6110,#6111,#6112,#6113,#6114,
    #6115,#6116,#6117,#6118),.UNSPECIFIED.,.F.,.F.,(9,9),(1.570796326795
    ,4.712388980385),.PIECEWISE_BEZIER_KNOTS.);
#6110 = CARTESIAN_POINT('',(1.570796326795,-1.918465386552E-13));
#6111 = CARTESIAN_POINT('',(1.963495408494,0.1225813096));
#6112 = CARTESIAN_POINT('',(2.356194490186,0.245163596605));
#6113 = CARTESIAN_POINT('',(2.748893571908,0.338929943673));
#6114 = CARTESIAN_POINT('',(3.14159265355,0.37514230755));
#6115 = CARTESIAN_POINT('',(3.534291735308,0.338929943673));
#6116 = CARTESIAN_POINT('',(3.92699081698,0.245163596605));
#6117 = CARTESIAN_POINT('',(4.319689898686,0.1225813096));
#6118 = CARTESIAN_POINT('',(4.712388980385,-1.918465386552E-13));
#6119 = ( GEOMETRIC_REPRESENTATION_CONTEXT(2) 
PARAMETRIC_REPRESENTATION_CONTEXT() REPRESENTATION_CONTEXT('2D SPACE',''
  ) );
#6120 = PCURVE('',#6081,#6121);
#6121 = DEFINITIONAL_REPRESENTATION('',(#6122),#6132);
#6122 = B_SPLINE_CURVE_WITH_KNOTS('',8,(#6123,#6124,#6125,#6126,#6127,
    #6128,#6129,#6130,#6131),.UNSPECIFIED.,.F.,.F.,(9,9),(1.570796326795
    ,4.712388980385),.PIECEWISE_BEZIER_KNOTS.);
#6123 = CARTESIAN_POINT('',(1.570796326795,7.309453722761));
#6124 = CARTESIAN_POINT('',(1.963495408494,7.18687241316));
#6125 = CARTESIAN_POINT('',(2.356194490191,7.064290126156));
#6126 = CARTESIAN_POINT('',(2.748893571891,6.970523779072));
#6127 = CARTESIAN_POINT('',(3.141592653578,6.934311415201));
#6128 = CARTESIAN_POINT('',(3.534291735287,6.970523779075));
#6129 = CARTESIAN_POINT('',(3.926990816985,7.064290126156));
#6130 = CARTESIAN_POINT('',(4.319689898686,7.18687241316));
#6131 = CARTESIAN_POINT('',(4.712388980385,7.309453722761));
#6132 = ( GEOMETRIC_REPRESENTATION_CONTEXT(2) 
PARAMETRIC_REPRESENTATION_CONTEXT() REPRESENTATION_CONTEXT('2D SPACE',''
  ) );
#6133 = ORIENTED_EDGE('',*,*,#6134,.T.);
#6134 = EDGE_CURVE('',#6099,#6034,#6135,.T.);
#6135 = SURFACE_CURVE('',#6136,(#6141,#6153),.PCURVE_S1.);
#6136 = ELLIPSE('',#6137,4.77271875722,4.7625);
#6137 = AXIS2_PLACEMENT_3D('',#6138,#6139,#6140);
#6138 = CARTESIAN_POINT('',(-51.62638827673,34.495649799439,0.));
#6139 = DIRECTION('',(0.382683432365,-0.923879532511,0.));
#6140 = DIRECTION('',(-0.923879532511,-0.382683432365,0.));
#6141 = PCURVE('',#5809,#6142);
#6142 = DEFINITIONAL_REPRESENTATION('',(#6143),#6152);
#6143 = B_SPLINE_CURVE_WITH_KNOTS('',7,(#6144,#6145,#6146,#6147,#6148,
    #6149,#6150,#6151),.UNSPECIFIED.,.F.,.F.,(8,8),(4.712388980385,
    6.28318530718),.PIECEWISE_BEZIER_KNOTS.);
#6144 = CARTESIAN_POINT('',(4.712388980385,-1.918465386552E-13));
#6145 = CARTESIAN_POINT('',(4.936788455641,-7.004646262905E-02));
#6146 = CARTESIAN_POINT('',(5.161187930898,-0.140092640828));
#6147 = CARTESIAN_POINT('',(5.385587406153,-0.204379707264));
#6148 = CARTESIAN_POINT('',(5.609986881413,-0.257138076768));
#6149 = CARTESIAN_POINT('',(5.834386356666,-0.293812299931));
#6150 = CARTESIAN_POINT('',(6.058785831923,-0.312150741658));
#6151 = CARTESIAN_POINT('',(6.28318530718,-0.312150741658));
#6152 = ( GEOMETRIC_REPRESENTATION_CONTEXT(2) 
PARAMETRIC_REPRESENTATION_CONTEXT() REPRESENTATION_CONTEXT('2D SPACE',''
  ) );
#6153 = PCURVE('',#6081,#6154);
#6154 = DEFINITIONAL_REPRESENTATION('',(#6155),#6164);
#6155 = B_SPLINE_CURVE_WITH_KNOTS('',7,(#6156,#6157,#6158,#6159,#6160,
    #6161,#6162,#6163),.UNSPECIFIED.,.F.,.F.,(8,8),(4.712388980385,
    6.28318530718),.PIECEWISE_BEZIER_KNOTS.);
#6156 = CARTESIAN_POINT('',(4.712388980385,7.309453722761));
#6157 = CARTESIAN_POINT('',(4.936788455641,7.379500185389));
#6158 = CARTESIAN_POINT('',(5.161187930898,7.449546363588));
#6159 = CARTESIAN_POINT('',(5.385587406154,7.513833430028));
#6160 = CARTESIAN_POINT('',(5.609986881412,7.566591799527));
#6161 = CARTESIAN_POINT('',(5.834386356666,7.603266022693));
#6162 = CARTESIAN_POINT('',(6.058785831923,7.621604464418));
#6163 = CARTESIAN_POINT('',(6.28318530718,7.621604464418));
#6164 = ( GEOMETRIC_REPRESENTATION_CONTEXT(2) 
PARAMETRIC_REPRESENTATION_CONTEXT() REPRESENTATION_CONTEXT('2D SPACE',''
  ) );
#6165 = ADVANCED_FACE('',(#6166),#5941,.T.);
#6166 = FACE_BOUND('',#6167,.T.);
#6167 = EDGE_LOOP('',(#6168,#6190,#6229,#6265,#6297,#6298,#6299,#6300));
#6168 = ORIENTED_EDGE('',*,*,#6169,.T.);
#6169 = EDGE_CURVE('',#5898,#6170,#6172,.T.);
#6170 = VERTEX_POINT('',#6171);
#6171 = CARTESIAN_POINT('',(-58.58602748224,71.578078751616,0.));
#6172 = SEAM_CURVE('',#6173,(#6177,#6183),.PCURVE_S1.);
#6173 = LINE('',#6174,#6175);
#6174 = CARTESIAN_POINT('',(-56.13614301845,78.795205654068,0.));
#6175 = VECTOR('',#6176,1.);
#6176 = DIRECTION('',(-0.321439465303,-0.946930129495,0.));
#6177 = PCURVE('',#5941,#6178);
#6178 = DEFINITIONAL_REPRESENTATION('',(#6179),#6182);
#6179 = B_SPLINE_CURVE_WITH_KNOTS('',1,(#6180,#6181),.UNSPECIFIED.,.F.,
  .F.,(2,2),(-1.726277771592,9.035731494353),.PIECEWISE_BEZIER_KNOTS.);
#6180 = CARTESIAN_POINT('',(6.28318530718,-1.726277771592));
#6181 = CARTESIAN_POINT('',(6.28318530718,9.035731494353));
#6182 = ( GEOMETRIC_REPRESENTATION_CONTEXT(2) 
PARAMETRIC_REPRESENTATION_CONTEXT() REPRESENTATION_CONTEXT('2D SPACE',''
  ) );
#6183 = PCURVE('',#5941,#6184);
#6184 = DEFINITIONAL_REPRESENTATION('',(#6185),#6189);
#6185 = LINE('',#6186,#6187);
#6186 = CARTESIAN_POINT('',(0.,0.));
#6187 = VECTOR('',#6188,1.);
#6188 = DIRECTION('',(0.,1.));
#6189 = ( GEOMETRIC_REPRESENTATION_CONTEXT(2) 
PARAMETRIC_REPRESENTATION_CONTEXT() REPRESENTATION_CONTEXT('2D SPACE',''
  ) );
#6190 = ORIENTED_EDGE('',*,*,#6191,.F.);
#6191 = EDGE_CURVE('',#6192,#6170,#6194,.T.);
#6192 = VERTEX_POINT('',#6193);
#6193 = CARTESIAN_POINT('',(-53.97593517303,70.342808240329,4.7625));
#6194 = SURFACE_CURVE('',#6195,(#6200,#6212),.PCURVE_S1.);
#6195 = ELLIPSE('',#6196,4.77271875722,4.7625);
#6196 = AXIS2_PLACEMENT_3D('',#6197,#6198,#6199);
#6197 = CARTESIAN_POINT('',(-53.97593517303,70.342808240329,0.));
#6198 = DIRECTION('',(-0.258819045103,-0.965925826289,0.));
#6199 = DIRECTION('',(-0.965925826289,0.258819045103,0.));
#6200 = PCURVE('',#5941,#6201);
#6201 = DEFINITIONAL_REPRESENTATION('',(#6202),#6211);
#6202 = B_SPLINE_CURVE_WITH_KNOTS('',7,(#6203,#6204,#6205,#6206,#6207,
    #6208,#6209,#6210),.UNSPECIFIED.,.F.,.F.,(8,8),(4.712388980385,
    6.28318530718),.PIECEWISE_BEZIER_KNOTS.);
#6203 = CARTESIAN_POINT('',(4.712388980385,7.309453722761));
#6204 = CARTESIAN_POINT('',(4.936788455641,7.379500185389));
#6205 = CARTESIAN_POINT('',(5.161187930898,7.449546363588));
#6206 = CARTESIAN_POINT('',(5.385587406153,7.513833430024));
#6207 = CARTESIAN_POINT('',(5.609986881412,7.566591799529));
#6208 = CARTESIAN_POINT('',(5.834386356667,7.603266022692));
#6209 = CARTESIAN_POINT('',(6.058785831923,7.621604464418));
#6210 = CARTESIAN_POINT('',(6.28318530718,7.621604464418));
#6211 = ( GEOMETRIC_REPRESENTATION_CONTEXT(2) 
PARAMETRIC_REPRESENTATION_CONTEXT() REPRESENTATION_CONTEXT('2D SPACE',''
  ) );
#6212 = PCURVE('',#6213,#6218);
#6213 = CYLINDRICAL_SURFACE('',#6214,4.7625);
#6214 = AXIS2_PLACEMENT_3D('',#6215,#6216,#6217);
#6215 = CARTESIAN_POINT('',(-53.97593517303,70.342808240329,0.));
#6216 = DIRECTION('',(-0.195090322016,-0.980785280403,0.));
#6217 = DIRECTION('',(-0.980785280403,0.195090322016,0.));
#6218 = DEFINITIONAL_REPRESENTATION('',(#6219),#6228);
#6219 = B_SPLINE_CURVE_WITH_KNOTS('',7,(#6220,#6221,#6222,#6223,#6224,
    #6225,#6226,#6227),.UNSPECIFIED.,.F.,.F.,(8,8),(4.712388980385,
    6.28318530718),.PIECEWISE_BEZIER_KNOTS.);
#6220 = CARTESIAN_POINT('',(4.712388980385,-2.060573933704E-13));
#6221 = CARTESIAN_POINT('',(4.936788455641,-7.004646262907E-02));
#6222 = CARTESIAN_POINT('',(5.161187930899,-0.140092640828));
#6223 = CARTESIAN_POINT('',(5.385587406152,-0.204379707264));
#6224 = CARTESIAN_POINT('',(5.609986881413,-0.257138076768));
#6225 = CARTESIAN_POINT('',(5.834386356666,-0.293812299931));
#6226 = CARTESIAN_POINT('',(6.058785831923,-0.312150741658));
#6227 = CARTESIAN_POINT('',(6.28318530718,-0.312150741658));
#6228 = ( GEOMETRIC_REPRESENTATION_CONTEXT(2) 
PARAMETRIC_REPRESENTATION_CONTEXT() REPRESENTATION_CONTEXT('2D SPACE',''
  ) );
#6229 = ORIENTED_EDGE('',*,*,#6230,.F.);
#6230 = EDGE_CURVE('',#6231,#6192,#6233,.T.);
#6231 = VERTEX_POINT('',#6232);
#6232 = CARTESIAN_POINT('',(-53.97593517303,70.342808240329,-4.7625));
#6233 = SURFACE_CURVE('',#6234,(#6239,#6252),.PCURVE_S1.);
#6234 = ELLIPSE('',#6235,4.77271875722,4.7625);
#6235 = AXIS2_PLACEMENT_3D('',#6236,#6237,#6238);
#6236 = CARTESIAN_POINT('',(-53.97593517303,70.342808240329,0.));
#6237 = DIRECTION('',(-0.258819045103,-0.965925826289,0.));
#6238 = DIRECTION('',(-0.965925826289,0.258819045103,0.));
#6239 = PCURVE('',#5941,#6240);
#6240 = DEFINITIONAL_REPRESENTATION('',(#6241),#6251);
#6241 = B_SPLINE_CURVE_WITH_KNOTS('',8,(#6242,#6243,#6244,#6245,#6246,
    #6247,#6248,#6249,#6250),.UNSPECIFIED.,.F.,.F.,(9,9),(1.570796326795
    ,4.712388980385),.PIECEWISE_BEZIER_KNOTS.);
#6242 = CARTESIAN_POINT('',(1.570796326795,7.309453722761));
#6243 = CARTESIAN_POINT('',(1.963495408494,7.18687241316));
#6244 = CARTESIAN_POINT('',(2.35619449019,7.064290126159));
#6245 = CARTESIAN_POINT('',(2.748893571896,6.970523779058));
#6246 = CARTESIAN_POINT('',(3.141592653574,6.934311415219));
#6247 = CARTESIAN_POINT('',(3.534291735292,6.970523779061));
#6248 = CARTESIAN_POINT('',(3.926990816984,7.06429012616));
#6249 = CARTESIAN_POINT('',(4.319689898686,7.18687241316));
#6250 = CARTESIAN_POINT('',(4.712388980385,7.309453722761));
#6251 = ( GEOMETRIC_REPRESENTATION_CONTEXT(2) 
PARAMETRIC_REPRESENTATION_CONTEXT() REPRESENTATION_CONTEXT('2D SPACE',''
  ) );
#6252 = PCURVE('',#6213,#6253);
#6253 = DEFINITIONAL_REPRESENTATION('',(#6254),#6264);
#6254 = B_SPLINE_CURVE_WITH_KNOTS('',8,(#6255,#6256,#6257,#6258,#6259,
    #6260,#6261,#6262,#6263),.UNSPECIFIED.,.F.,.F.,(9,9),(1.570796326795
    ,4.712388980385),.PIECEWISE_BEZIER_KNOTS.);
#6255 = CARTESIAN_POINT('',(1.570796326795,-2.060573933704E-13));
#6256 = CARTESIAN_POINT('',(1.963495408494,0.1225813096));
#6257 = CARTESIAN_POINT('',(2.356194490189,0.245163596605));
#6258 = CARTESIAN_POINT('',(2.748893571899,0.338929943671));
#6259 = CARTESIAN_POINT('',(3.141592653566,0.375142307552));
#6260 = CARTESIAN_POINT('',(3.534291735294,0.338929943672));
#6261 = CARTESIAN_POINT('',(3.926990816983,0.245163596605));
#6262 = CARTESIAN_POINT('',(4.319689898686,0.1225813096));
#6263 = CARTESIAN_POINT('',(4.712388980385,-2.060573933704E-13));
#6264 = ( GEOMETRIC_REPRESENTATION_CONTEXT(2) 
PARAMETRIC_REPRESENTATION_CONTEXT() REPRESENTATION_CONTEXT('2D SPACE',''
  ) );
#6265 = ORIENTED_EDGE('',*,*,#6266,.F.);
#6266 = EDGE_CURVE('',#6170,#6231,#6267,.T.);
#6267 = SURFACE_CURVE('',#6268,(#6273,#6285),.PCURVE_S1.);
#6268 = ELLIPSE('',#6269,4.77271875722,4.7625);
#6269 = AXIS2_PLACEMENT_3D('',#6270,#6271,#6272);
#6270 = CARTESIAN_POINT('',(-53.97593517303,70.342808240329,0.));
#6271 = DIRECTION('',(-0.258819045103,-0.965925826289,0.));
#6272 = DIRECTION('',(-0.965925826289,0.258819045103,0.));
#6273 = PCURVE('',#5941,#6274);
#6274 = DEFINITIONAL_REPRESENTATION('',(#6275),#6284);
#6275 = B_SPLINE_CURVE_WITH_KNOTS('',7,(#6276,#6277,#6278,#6279,#6280,
    #6281,#6282,#6283),.UNSPECIFIED.,.F.,.F.,(8,8),(0.,1.570796326795),
  .PIECEWISE_BEZIER_KNOTS.);
#6276 = CARTESIAN_POINT('',(0.,7.621604464418));
#6277 = CARTESIAN_POINT('',(0.224399475256,7.621604464418));
#6278 = CARTESIAN_POINT('',(0.448798950513,7.603266022693));
#6279 = CARTESIAN_POINT('',(0.673198425769,7.566591799527));
#6280 = CARTESIAN_POINT('',(0.897597901026,7.513833430027));
#6281 = CARTESIAN_POINT('',(1.121997376282,7.449546363587));
#6282 = CARTESIAN_POINT('',(1.346396851538,7.379500185389));
#6283 = CARTESIAN_POINT('',(1.570796326795,7.309453722761));
#6284 = ( GEOMETRIC_REPRESENTATION_CONTEXT(2) 
PARAMETRIC_REPRESENTATION_CONTEXT() REPRESENTATION_CONTEXT('2D SPACE',''
  ) );
#6285 = PCURVE('',#6213,#6286);
#6286 = DEFINITIONAL_REPRESENTATION('',(#6287),#6296);
#6287 = B_SPLINE_CURVE_WITH_KNOTS('',7,(#6288,#6289,#6290,#6291,#6292,
    #6293,#6294,#6295),.UNSPECIFIED.,.F.,.F.,(8,8),(0.,1.570796326795),
  .PIECEWISE_BEZIER_KNOTS.);
#6288 = CARTESIAN_POINT('',(0.,-0.312150741658));
#6289 = CARTESIAN_POINT('',(0.224399475256,-0.312150741658));
#6290 = CARTESIAN_POINT('',(0.448798950513,-0.293812299931));
#6291 = CARTESIAN_POINT('',(0.673198425769,-0.257138076768));
#6292 = CARTESIAN_POINT('',(0.897597901026,-0.204379707264));
#6293 = CARTESIAN_POINT('',(1.121997376282,-0.140092640828));
#6294 = CARTESIAN_POINT('',(1.346396851538,-7.004646262907E-02));
#6295 = CARTESIAN_POINT('',(1.570796326795,-2.060573933704E-13));
#6296 = ( GEOMETRIC_REPRESENTATION_CONTEXT(2) 
PARAMETRIC_REPRESENTATION_CONTEXT() REPRESENTATION_CONTEXT('2D SPACE',''
  ) );
#6297 = ORIENTED_EDGE('',*,*,#6169,.F.);
#6298 = ORIENTED_EDGE('',*,*,#5994,.T.);
#6299 = ORIENTED_EDGE('',*,*,#5958,.T.);
#6300 = ORIENTED_EDGE('',*,*,#5919,.T.);
#6301 = ADVANCED_FACE('',(#6302),#6081,.T.);
#6302 = FACE_BOUND('',#6303,.T.);
#6303 = EDGE_LOOP('',(#6304,#6326,#6327,#6328,#6329,#6330,#6369,#6405));
#6304 = ORIENTED_EDGE('',*,*,#6305,.T.);
#6305 = EDGE_CURVE('',#6306,#6034,#6308,.T.);
#6306 = VERTEX_POINT('',#6307);
#6307 = CARTESIAN_POINT('',(-58.58602748224,40.181921248385,0.));
#6308 = SEAM_CURVE('',#6309,(#6313,#6319),.PCURVE_S1.);
#6309 = LINE('',#6310,#6311);
#6310 = CARTESIAN_POINT('',(-58.48568991475,39.886336306165,0.));
#6311 = VECTOR('',#6312,1.);
#6312 = DIRECTION('',(0.321439465303,-0.946930129495,0.));
#6313 = PCURVE('',#6081,#6314);
#6314 = DEFINITIONAL_REPRESENTATION('',(#6315),#6318);
#6315 = B_SPLINE_CURVE_WITH_KNOTS('',1,(#6316,#6317),.UNSPECIFIED.,.F.,
  .F.,(2,2),(-1.726277771592,9.035731494353),.PIECEWISE_BEZIER_KNOTS.);
#6316 = CARTESIAN_POINT('',(6.28318530718,-1.726277771592));
#6317 = CARTESIAN_POINT('',(6.28318530718,9.035731494353));
#6318 = ( GEOMETRIC_REPRESENTATION_CONTEXT(2) 
PARAMETRIC_REPRESENTATION_CONTEXT() REPRESENTATION_CONTEXT('2D SPACE',''
  ) );
#6319 = PCURVE('',#6081,#6320);
#6320 = DEFINITIONAL_REPRESENTATION('',(#6321),#6325);
#6321 = LINE('',#6322,#6323);
#6322 = CARTESIAN_POINT('',(0.,0.));
#6323 = VECTOR('',#6324,1.);
#6324 = DIRECTION('',(0.,1.));
#6325 = ( GEOMETRIC_REPRESENTATION_CONTEXT(2) 
PARAMETRIC_REPRESENTATION_CONTEXT() REPRESENTATION_CONTEXT('2D SPACE',''
  ) );
#6326 = ORIENTED_EDGE('',*,*,#6134,.F.);
#6327 = ORIENTED_EDGE('',*,*,#6098,.F.);
#6328 = ORIENTED_EDGE('',*,*,#6059,.F.);
#6329 = ORIENTED_EDGE('',*,*,#6305,.F.);
#6330 = ORIENTED_EDGE('',*,*,#6331,.T.);
#6331 = EDGE_CURVE('',#6306,#6332,#6334,.T.);
#6332 = VERTEX_POINT('',#6333);
#6333 = CARTESIAN_POINT('',(-53.97593517303,41.417191759671,-4.7625));
#6334 = SURFACE_CURVE('',#6335,(#6340,#6352),.PCURVE_S1.);
#6335 = ELLIPSE('',#6336,4.77271875722,4.7625);
#6336 = AXIS2_PLACEMENT_3D('',#6337,#6338,#6339);
#6337 = CARTESIAN_POINT('',(-53.97593517303,41.417191759671,0.));
#6338 = DIRECTION('',(0.258819045103,-0.965925826289,0.));
#6339 = DIRECTION('',(-0.965925826289,-0.258819045103,0.));
#6340 = PCURVE('',#6081,#6341);
#6341 = DEFINITIONAL_REPRESENTATION('',(#6342),#6351);
#6342 = B_SPLINE_CURVE_WITH_KNOTS('',7,(#6343,#6344,#6345,#6346,#6347,
    #6348,#6349,#6350),.UNSPECIFIED.,.F.,.F.,(8,8),(0.,1.570796326795),
  .PIECEWISE_BEZIER_KNOTS.);
#6343 = CARTESIAN_POINT('',(0.,-0.312150741658));
#6344 = CARTESIAN_POINT('',(0.224399475256,-0.312150741658));
#6345 = CARTESIAN_POINT('',(0.448798950513,-0.293812299931));
#6346 = CARTESIAN_POINT('',(0.673198425769,-0.257138076768));
#6347 = CARTESIAN_POINT('',(0.897597901026,-0.204379707263));
#6348 = CARTESIAN_POINT('',(1.121997376282,-0.140092640828));
#6349 = CARTESIAN_POINT('',(1.346396851538,-7.004646262887E-02));
#6350 = CARTESIAN_POINT('',(1.570796326795,-1.42108547152E-14));
#6351 = ( GEOMETRIC_REPRESENTATION_CONTEXT(2) 
PARAMETRIC_REPRESENTATION_CONTEXT() REPRESENTATION_CONTEXT('2D SPACE',''
  ) );
#6352 = PCURVE('',#6353,#6358);
#6353 = CYLINDRICAL_SURFACE('',#6354,4.7625);
#6354 = AXIS2_PLACEMENT_3D('',#6355,#6356,#6357);
#6355 = CARTESIAN_POINT('',(-55.40193885356,48.586196378744,0.));
#6356 = DIRECTION('',(0.195090322016,-0.980785280403,0.));
#6357 = DIRECTION('',(-0.980785280403,-0.195090322016,0.));
#6358 = DEFINITIONAL_REPRESENTATION('',(#6359),#6368);
#6359 = B_SPLINE_CURVE_WITH_KNOTS('',7,(#6360,#6361,#6362,#6363,#6364,
    #6365,#6366,#6367),.UNSPECIFIED.,.F.,.F.,(8,8),(0.,1.570796326795),
  .PIECEWISE_BEZIER_KNOTS.);
#6360 = CARTESIAN_POINT('',(0.,7.621604464418));
#6361 = CARTESIAN_POINT('',(0.224399475256,7.621604464418));
#6362 = CARTESIAN_POINT('',(0.448798950513,7.603266022692));
#6363 = CARTESIAN_POINT('',(0.673198425769,7.56659179953));
#6364 = CARTESIAN_POINT('',(0.897597901026,7.513833430024));
#6365 = CARTESIAN_POINT('',(1.121997376282,7.449546363589));
#6366 = CARTESIAN_POINT('',(1.346396851538,7.37950018539));
#6367 = CARTESIAN_POINT('',(1.570796326795,7.309453722761));
#6368 = ( GEOMETRIC_REPRESENTATION_CONTEXT(2) 
PARAMETRIC_REPRESENTATION_CONTEXT() REPRESENTATION_CONTEXT('2D SPACE',''
  ) );
#6369 = ORIENTED_EDGE('',*,*,#6370,.T.);
#6370 = EDGE_CURVE('',#6332,#6371,#6373,.T.);
#6371 = VERTEX_POINT('',#6372);
#6372 = CARTESIAN_POINT('',(-53.97593517303,41.417191759671,4.7625));
#6373 = SURFACE_CURVE('',#6374,(#6379,#6392),.PCURVE_S1.);
#6374 = ELLIPSE('',#6375,4.77271875722,4.7625);
#6375 = AXIS2_PLACEMENT_3D('',#6376,#6377,#6378);
#6376 = CARTESIAN_POINT('',(-53.97593517303,41.417191759671,0.));
#6377 = DIRECTION('',(0.258819045103,-0.965925826289,0.));
#6378 = DIRECTION('',(-0.965925826289,-0.258819045103,0.));
#6379 = PCURVE('',#6081,#6380);
#6380 = DEFINITIONAL_REPRESENTATION('',(#6381),#6391);
#6381 = B_SPLINE_CURVE_WITH_KNOTS('',8,(#6382,#6383,#6384,#6385,#6386,
    #6387,#6388,#6389,#6390),.UNSPECIFIED.,.F.,.F.,(9,9),(1.570796326795
    ,4.712388980385),.PIECEWISE_BEZIER_KNOTS.);
#6382 = CARTESIAN_POINT('',(1.570796326795,-1.42108547152E-14));
#6383 = CARTESIAN_POINT('',(1.963495408494,0.1225813096));
#6384 = CARTESIAN_POINT('',(2.356194490186,0.245163596605));
#6385 = CARTESIAN_POINT('',(2.748893571906,0.338929943673));
#6386 = CARTESIAN_POINT('',(3.141592653552,0.375142307552));
#6387 = CARTESIAN_POINT('',(3.534291735307,0.338929943673));
#6388 = CARTESIAN_POINT('',(3.92699081698,0.245163596605));
#6389 = CARTESIAN_POINT('',(4.319689898686,0.1225813096));
#6390 = CARTESIAN_POINT('',(4.712388980385,-1.42108547152E-14));
#6391 = ( GEOMETRIC_REPRESENTATION_CONTEXT(2) 
PARAMETRIC_REPRESENTATION_CONTEXT() REPRESENTATION_CONTEXT('2D SPACE',''
  ) );
#6392 = PCURVE('',#6353,#6393);
#6393 = DEFINITIONAL_REPRESENTATION('',(#6394),#6404);
#6394 = B_SPLINE_CURVE_WITH_KNOTS('',8,(#6395,#6396,#6397,#6398,#6399,
    #6400,#6401,#6402,#6403),.UNSPECIFIED.,.F.,.F.,(9,9),(1.570796326795
    ,4.712388980385),.PIECEWISE_BEZIER_KNOTS.);
#6395 = CARTESIAN_POINT('',(1.570796326795,7.309453722761));
#6396 = CARTESIAN_POINT('',(1.963495408494,7.18687241316));
#6397 = CARTESIAN_POINT('',(2.35619449019,7.064290126151));
#6398 = CARTESIAN_POINT('',(2.748893571894,6.970523779077));
#6399 = CARTESIAN_POINT('',(3.141592653576,6.934311415196));
#6400 = CARTESIAN_POINT('',(3.534291735292,6.970523779085));
#6401 = CARTESIAN_POINT('',(3.926990816984,7.064290126154));
#6402 = CARTESIAN_POINT('',(4.319689898686,7.18687241316));
#6403 = CARTESIAN_POINT('',(4.712388980385,7.309453722761));
#6404 = ( GEOMETRIC_REPRESENTATION_CONTEXT(2) 
PARAMETRIC_REPRESENTATION_CONTEXT() REPRESENTATION_CONTEXT('2D SPACE',''
  ) );
#6405 = ORIENTED_EDGE('',*,*,#6406,.T.);
#6406 = EDGE_CURVE('',#6371,#6306,#6407,.T.);
#6407 = SURFACE_CURVE('',#6408,(#6413,#6425),.PCURVE_S1.);
#6408 = ELLIPSE('',#6409,4.77271875722,4.7625);
#6409 = AXIS2_PLACEMENT_3D('',#6410,#6411,#6412);
#6410 = CARTESIAN_POINT('',(-53.97593517303,41.417191759671,0.));
#6411 = DIRECTION('',(0.258819045103,-0.965925826289,0.));
#6412 = DIRECTION('',(-0.965925826289,-0.258819045103,0.));
#6413 = PCURVE('',#6081,#6414);
#6414 = DEFINITIONAL_REPRESENTATION('',(#6415),#6424);
#6415 = B_SPLINE_CURVE_WITH_KNOTS('',7,(#6416,#6417,#6418,#6419,#6420,
    #6421,#6422,#6423),.UNSPECIFIED.,.F.,.F.,(8,8),(4.712388980385,
    6.28318530718),.PIECEWISE_BEZIER_KNOTS.);
#6416 = CARTESIAN_POINT('',(4.712388980385,-1.42108547152E-14));
#6417 = CARTESIAN_POINT('',(4.936788455641,-7.004646262887E-02));
#6418 = CARTESIAN_POINT('',(5.161187930898,-0.140092640828));
#6419 = CARTESIAN_POINT('',(5.385587406153,-0.204379707263));
#6420 = CARTESIAN_POINT('',(5.609986881412,-0.257138076769));
#6421 = CARTESIAN_POINT('',(5.834386356667,-0.293812299931));
#6422 = CARTESIAN_POINT('',(6.058785831923,-0.312150741658));
#6423 = CARTESIAN_POINT('',(6.28318530718,-0.312150741658));
#6424 = ( GEOMETRIC_REPRESENTATION_CONTEXT(2) 
PARAMETRIC_REPRESENTATION_CONTEXT() REPRESENTATION_CONTEXT('2D SPACE',''
  ) );
#6425 = PCURVE('',#6353,#6426);
#6426 = DEFINITIONAL_REPRESENTATION('',(#6427),#6436);
#6427 = B_SPLINE_CURVE_WITH_KNOTS('',7,(#6428,#6429,#6430,#6431,#6432,
    #6433,#6434,#6435),.UNSPECIFIED.,.F.,.F.,(8,8),(4.712388980385,
    6.28318530718),.PIECEWISE_BEZIER_KNOTS.);
#6428 = CARTESIAN_POINT('',(4.712388980385,7.309453722761));
#6429 = CARTESIAN_POINT('',(4.936788455641,7.37950018539));
#6430 = CARTESIAN_POINT('',(5.161187930898,7.449546363589));
#6431 = CARTESIAN_POINT('',(5.385587406153,7.513833430023));
#6432 = CARTESIAN_POINT('',(5.609986881412,7.566591799532));
#6433 = CARTESIAN_POINT('',(5.834386356667,7.603266022691));
#6434 = CARTESIAN_POINT('',(6.058785831923,7.621604464418));
#6435 = CARTESIAN_POINT('',(6.28318530718,7.621604464418));
#6436 = ( GEOMETRIC_REPRESENTATION_CONTEXT(2) 
PARAMETRIC_REPRESENTATION_CONTEXT() REPRESENTATION_CONTEXT('2D SPACE',''
  ) );
#6437 = ADVANCED_FACE('',(#6438),#6213,.T.);
#6438 = FACE_BOUND('',#6439,.T.);
#6439 = EDGE_LOOP('',(#6440,#6462,#6501,#6537,#6569,#6570,#6571,#6572));
#6440 = ORIENTED_EDGE('',*,*,#6441,.T.);
#6441 = EDGE_CURVE('',#6170,#6442,#6444,.T.);
#6442 = VERTEX_POINT('',#6443);
#6443 = CARTESIAN_POINT('',(-60.13382634019,63.796768427174,0.));
#6444 = SEAM_CURVE('',#6445,(#6449,#6455),.PCURVE_S1.);
#6445 = LINE('',#6446,#6447);
#6446 = CARTESIAN_POINT('',(-58.64692507095,71.271925898931,0.));
#6447 = VECTOR('',#6448,1.);
#6448 = DIRECTION('',(-0.195090322016,-0.980785280403,0.));
#6449 = PCURVE('',#6213,#6450);
#6450 = DEFINITIONAL_REPRESENTATION('',(#6451),#6454);
#6451 = B_SPLINE_CURVE_WITH_KNOTS('',1,(#6452,#6453),.UNSPECIFIED.,.F.,
  .F.,(2,2),(-1.726277771592,9.035731494353),.PIECEWISE_BEZIER_KNOTS.);
#6452 = CARTESIAN_POINT('',(6.28318530718,-1.726277771592));
#6453 = CARTESIAN_POINT('',(6.28318530718,9.035731494353));
#6454 = ( GEOMETRIC_REPRESENTATION_CONTEXT(2) 
PARAMETRIC_REPRESENTATION_CONTEXT() REPRESENTATION_CONTEXT('2D SPACE',''
  ) );
#6455 = PCURVE('',#6213,#6456);
#6456 = DEFINITIONAL_REPRESENTATION('',(#6457),#6461);
#6457 = LINE('',#6458,#6459);
#6458 = CARTESIAN_POINT('',(0.,0.));
#6459 = VECTOR('',#6460,1.);
#6460 = DIRECTION('',(0.,1.));
#6461 = ( GEOMETRIC_REPRESENTATION_CONTEXT(2) 
PARAMETRIC_REPRESENTATION_CONTEXT() REPRESENTATION_CONTEXT('2D SPACE',''
  ) );
#6462 = ORIENTED_EDGE('',*,*,#6463,.F.);
#6463 = EDGE_CURVE('',#6464,#6442,#6466,.T.);
#6464 = VERTEX_POINT('',#6465);
#6465 = CARTESIAN_POINT('',(-55.40193885356,63.173803621257,4.7625));
#6466 = SURFACE_CURVE('',#6467,(#6472,#6484),.PCURVE_S1.);
#6467 = ELLIPSE('',#6468,4.77271875722,4.7625);
#6468 = AXIS2_PLACEMENT_3D('',#6469,#6470,#6471);
#6469 = CARTESIAN_POINT('',(-55.40193885356,63.173803621257,0.));
#6470 = DIRECTION('',(-0.13052619222,-0.991444861374,0.));
#6471 = DIRECTION('',(-0.991444861374,0.13052619222,0.));
#6472 = PCURVE('',#6213,#6473);
#6473 = DEFINITIONAL_REPRESENTATION('',(#6474),#6483);
#6474 = B_SPLINE_CURVE_WITH_KNOTS('',7,(#6475,#6476,#6477,#6478,#6479,
    #6480,#6481,#6482),.UNSPECIFIED.,.F.,.F.,(8,8),(4.712388980385,
    6.28318530718),.PIECEWISE_BEZIER_KNOTS.);
#6475 = CARTESIAN_POINT('',(4.712388980385,7.309453722761));
#6476 = CARTESIAN_POINT('',(4.936788455641,7.37950018539));
#6477 = CARTESIAN_POINT('',(5.161187930898,7.449546363589));
#6478 = CARTESIAN_POINT('',(5.385587406153,7.513833430024));
#6479 = CARTESIAN_POINT('',(5.609986881411,7.566591799529));
#6480 = CARTESIAN_POINT('',(5.834386356667,7.603266022691));
#6481 = CARTESIAN_POINT('',(6.058785831923,7.621604464418));
#6482 = CARTESIAN_POINT('',(6.28318530718,7.621604464418));
#6483 = ( GEOMETRIC_REPRESENTATION_CONTEXT(2) 
PARAMETRIC_REPRESENTATION_CONTEXT() REPRESENTATION_CONTEXT('2D SPACE',''
  ) );
#6484 = PCURVE('',#6485,#6490);
#6485 = CYLINDRICAL_SURFACE('',#6486,4.7625);
#6486 = AXIS2_PLACEMENT_3D('',#6487,#6488,#6489);
#6487 = CARTESIAN_POINT('',(-55.40193885356,63.173803621256,0.));
#6488 = DIRECTION('',(-6.540312923014E-02,-0.997858923239,0.));
#6489 = DIRECTION('',(-0.997858923239,6.540312923014E-02,0.));
#6490 = DEFINITIONAL_REPRESENTATION('',(#6491),#6500);
#6491 = B_SPLINE_CURVE_WITH_KNOTS('',7,(#6492,#6493,#6494,#6495,#6496,
    #6497,#6498,#6499),.UNSPECIFIED.,.F.,.F.,(8,8),(4.712388980385,
    6.28318530718),.PIECEWISE_BEZIER_KNOTS.);
#6492 = CARTESIAN_POINT('',(4.712388980385,-7.815970093361E-14));
#6493 = CARTESIAN_POINT('',(4.936788455641,-7.004646262894E-02));
#6494 = CARTESIAN_POINT('',(5.161187930898,-0.140092640828));
#6495 = CARTESIAN_POINT('',(5.385587406153,-0.204379707263));
#6496 = CARTESIAN_POINT('',(5.609986881411,-0.257138076768));
#6497 = CARTESIAN_POINT('',(5.834386356667,-0.293812299931));
#6498 = CARTESIAN_POINT('',(6.058785831923,-0.312150741658));
#6499 = CARTESIAN_POINT('',(6.28318530718,-0.312150741658));
#6500 = ( GEOMETRIC_REPRESENTATION_CONTEXT(2) 
PARAMETRIC_REPRESENTATION_CONTEXT() REPRESENTATION_CONTEXT('2D SPACE',''
  ) );
#6501 = ORIENTED_EDGE('',*,*,#6502,.F.);
#6502 = EDGE_CURVE('',#6503,#6464,#6505,.T.);
#6503 = VERTEX_POINT('',#6504);
#6504 = CARTESIAN_POINT('',(-55.40193885356,63.173803621257,-4.7625));
#6505 = SURFACE_CURVE('',#6506,(#6511,#6524),.PCURVE_S1.);
#6506 = ELLIPSE('',#6507,4.77271875722,4.7625);
#6507 = AXIS2_PLACEMENT_3D('',#6508,#6509,#6510);
#6508 = CARTESIAN_POINT('',(-55.40193885356,63.173803621257,0.));
#6509 = DIRECTION('',(-0.13052619222,-0.991444861374,0.));
#6510 = DIRECTION('',(-0.991444861374,0.13052619222,0.));
#6511 = PCURVE('',#6213,#6512);
#6512 = DEFINITIONAL_REPRESENTATION('',(#6513),#6523);
#6513 = B_SPLINE_CURVE_WITH_KNOTS('',8,(#6514,#6515,#6516,#6517,#6518,
    #6519,#6520,#6521,#6522),.UNSPECIFIED.,.F.,.F.,(9,9),(1.570796326795
    ,4.712388980385),.PIECEWISE_BEZIER_KNOTS.);
#6514 = CARTESIAN_POINT('',(1.570796326795,7.309453722761));
#6515 = CARTESIAN_POINT('',(1.963495408494,7.18687241316));
#6516 = CARTESIAN_POINT('',(2.356194490186,7.06429012616));
#6517 = CARTESIAN_POINT('',(2.748893571908,6.970523779052));
#6518 = CARTESIAN_POINT('',(3.14159265355,6.934311415246));
#6519 = CARTESIAN_POINT('',(3.534291735308,6.970523779065));
#6520 = CARTESIAN_POINT('',(3.92699081698,7.064290126162));
#6521 = CARTESIAN_POINT('',(4.319689898686,7.18687241316));
#6522 = CARTESIAN_POINT('',(4.712388980385,7.309453722761));
#6523 = ( GEOMETRIC_REPRESENTATION_CONTEXT(2) 
PARAMETRIC_REPRESENTATION_CONTEXT() REPRESENTATION_CONTEXT('2D SPACE',''
  ) );
#6524 = PCURVE('',#6485,#6525);
#6525 = DEFINITIONAL_REPRESENTATION('',(#6526),#6536);
#6526 = B_SPLINE_CURVE_WITH_KNOTS('',8,(#6527,#6528,#6529,#6530,#6531,
    #6532,#6533,#6534,#6535),.UNSPECIFIED.,.F.,.F.,(9,9),(1.570796326795
    ,4.712388980385),.PIECEWISE_BEZIER_KNOTS.);
#6527 = CARTESIAN_POINT('',(1.570796326795,-7.815970093361E-14));
#6528 = CARTESIAN_POINT('',(1.963495408494,0.1225813096));
#6529 = CARTESIAN_POINT('',(2.356194490187,0.245163596604));
#6530 = CARTESIAN_POINT('',(2.74889357191,0.338929943675));
#6531 = CARTESIAN_POINT('',(3.14159265355,0.375142307548));
#6532 = CARTESIAN_POINT('',(3.534291735307,0.338929943675));
#6533 = CARTESIAN_POINT('',(3.92699081698,0.245163596604));
#6534 = CARTESIAN_POINT('',(4.319689898686,0.1225813096));
#6535 = CARTESIAN_POINT('',(4.712388980385,-7.815970093361E-14));
#6536 = ( GEOMETRIC_REPRESENTATION_CONTEXT(2) 
PARAMETRIC_REPRESENTATION_CONTEXT() REPRESENTATION_CONTEXT('2D SPACE',''
  ) );
#6537 = ORIENTED_EDGE('',*,*,#6538,.F.);
#6538 = EDGE_CURVE('',#6442,#6503,#6539,.T.);
#6539 = SURFACE_CURVE('',#6540,(#6545,#6557),.PCURVE_S1.);
#6540 = ELLIPSE('',#6541,4.77271875722,4.7625);
#6541 = AXIS2_PLACEMENT_3D('',#6542,#6543,#6544);
#6542 = CARTESIAN_POINT('',(-55.40193885356,63.173803621257,0.));
#6543 = DIRECTION('',(-0.13052619222,-0.991444861374,0.));
#6544 = DIRECTION('',(-0.991444861374,0.13052619222,0.));
#6545 = PCURVE('',#6213,#6546);
#6546 = DEFINITIONAL_REPRESENTATION('',(#6547),#6556);
#6547 = B_SPLINE_CURVE_WITH_KNOTS('',7,(#6548,#6549,#6550,#6551,#6552,
    #6553,#6554,#6555),.UNSPECIFIED.,.F.,.F.,(8,8),(0.,1.570796326795),
  .PIECEWISE_BEZIER_KNOTS.);
#6548 = CARTESIAN_POINT('',(0.,7.621604464418));
#6549 = CARTESIAN_POINT('',(0.224399475256,7.621604464418));
#6550 = CARTESIAN_POINT('',(0.448798950513,7.60326602269));
#6551 = CARTESIAN_POINT('',(0.673198425769,7.566591799533));
#6552 = CARTESIAN_POINT('',(0.897597901025,7.513833430021));
#6553 = CARTESIAN_POINT('',(1.121997376282,7.449546363589));
#6554 = CARTESIAN_POINT('',(1.346396851538,7.37950018539));
#6555 = CARTESIAN_POINT('',(1.570796326795,7.309453722761));
#6556 = ( GEOMETRIC_REPRESENTATION_CONTEXT(2) 
PARAMETRIC_REPRESENTATION_CONTEXT() REPRESENTATION_CONTEXT('2D SPACE',''
  ) );
#6557 = PCURVE('',#6485,#6558);
#6558 = DEFINITIONAL_REPRESENTATION('',(#6559),#6568);
#6559 = B_SPLINE_CURVE_WITH_KNOTS('',7,(#6560,#6561,#6562,#6563,#6564,
    #6565,#6566,#6567),.UNSPECIFIED.,.F.,.F.,(8,8),(0.,1.570796326795),
  .PIECEWISE_BEZIER_KNOTS.);
#6560 = CARTESIAN_POINT('',(0.,-0.312150741658));
#6561 = CARTESIAN_POINT('',(0.224399475256,-0.312150741658));
#6562 = CARTESIAN_POINT('',(0.448798950513,-0.293812299931));
#6563 = CARTESIAN_POINT('',(0.673198425769,-0.257138076769));
#6564 = CARTESIAN_POINT('',(0.897597901026,-0.204379707263));
#6565 = CARTESIAN_POINT('',(1.121997376282,-0.140092640828));
#6566 = CARTESIAN_POINT('',(1.346396851538,-7.004646262894E-02));
#6567 = CARTESIAN_POINT('',(1.570796326795,-7.815970093361E-14));
#6568 = ( GEOMETRIC_REPRESENTATION_CONTEXT(2) 
PARAMETRIC_REPRESENTATION_CONTEXT() REPRESENTATION_CONTEXT('2D SPACE',''
  ) );
#6569 = ORIENTED_EDGE('',*,*,#6441,.F.);
#6570 = ORIENTED_EDGE('',*,*,#6266,.T.);
#6571 = ORIENTED_EDGE('',*,*,#6230,.T.);
#6572 = ORIENTED_EDGE('',*,*,#6191,.T.);
#6573 = ADVANCED_FACE('',(#6574),#6353,.T.);
#6574 = FACE_BOUND('',#6575,.T.);
#6575 = EDGE_LOOP('',(#6576,#6598,#6599,#6600,#6601,#6602,#6641,#6677));
#6576 = ORIENTED_EDGE('',*,*,#6577,.T.);
#6577 = EDGE_CURVE('',#6578,#6306,#6580,.T.);
#6578 = VERTEX_POINT('',#6579);
#6579 = CARTESIAN_POINT('',(-60.13382634019,47.963231572827,0.));
#6580 = SEAM_CURVE('',#6581,(#6585,#6591),.PCURVE_S1.);
#6581 = LINE('',#6582,#6583);
#6582 = CARTESIAN_POINT('',(-60.07292875148,47.657078720142,0.));
#6583 = VECTOR('',#6584,1.);
#6584 = DIRECTION('',(0.195090322016,-0.980785280403,0.));
#6585 = PCURVE('',#6353,#6586);
#6586 = DEFINITIONAL_REPRESENTATION('',(#6587),#6590);
#6587 = B_SPLINE_CURVE_WITH_KNOTS('',1,(#6588,#6589),.UNSPECIFIED.,.F.,
  .F.,(2,2),(-1.726277771592,9.035731494353),.PIECEWISE_BEZIER_KNOTS.);
#6588 = CARTESIAN_POINT('',(6.28318530718,-1.726277771592));
#6589 = CARTESIAN_POINT('',(6.28318530718,9.035731494353));
#6590 = ( GEOMETRIC_REPRESENTATION_CONTEXT(2) 
PARAMETRIC_REPRESENTATION_CONTEXT() REPRESENTATION_CONTEXT('2D SPACE',''
  ) );
#6591 = PCURVE('',#6353,#6592);
#6592 = DEFINITIONAL_REPRESENTATION('',(#6593),#6597);
#6593 = LINE('',#6594,#6595);
#6594 = CARTESIAN_POINT('',(0.,0.));
#6595 = VECTOR('',#6596,1.);
#6596 = DIRECTION('',(0.,1.));
#6597 = ( GEOMETRIC_REPRESENTATION_CONTEXT(2) 
PARAMETRIC_REPRESENTATION_CONTEXT() REPRESENTATION_CONTEXT('2D SPACE',''
  ) );
#6598 = ORIENTED_EDGE('',*,*,#6406,.F.);
#6599 = ORIENTED_EDGE('',*,*,#6370,.F.);
#6600 = ORIENTED_EDGE('',*,*,#6331,.F.);
#6601 = ORIENTED_EDGE('',*,*,#6577,.F.);
#6602 = ORIENTED_EDGE('',*,*,#6603,.T.);
#6603 = EDGE_CURVE('',#6578,#6604,#6606,.T.);
#6604 = VERTEX_POINT('',#6605);
#6605 = CARTESIAN_POINT('',(-55.40193885356,48.586196378744,-4.7625));
#6606 = SURFACE_CURVE('',#6607,(#6612,#6624),.PCURVE_S1.);
#6607 = ELLIPSE('',#6608,4.77271875722,4.7625);
#6608 = AXIS2_PLACEMENT_3D('',#6609,#6610,#6611);
#6609 = CARTESIAN_POINT('',(-55.40193885356,48.586196378744,0.));
#6610 = DIRECTION('',(0.13052619222,-0.991444861374,0.));
#6611 = DIRECTION('',(-0.991444861374,-0.13052619222,0.));
#6612 = PCURVE('',#6353,#6613);
#6613 = DEFINITIONAL_REPRESENTATION('',(#6614),#6623);
#6614 = B_SPLINE_CURVE_WITH_KNOTS('',7,(#6615,#6616,#6617,#6618,#6619,
    #6620,#6621,#6622),.UNSPECIFIED.,.F.,.F.,(8,8),(0.,1.570796326795),
  .PIECEWISE_BEZIER_KNOTS.);
#6615 = CARTESIAN_POINT('',(0.,-0.312150741658));
#6616 = CARTESIAN_POINT('',(0.224399475256,-0.312150741658));
#6617 = CARTESIAN_POINT('',(0.448798950513,-0.293812299931));
#6618 = CARTESIAN_POINT('',(0.673198425769,-0.257138076769));
#6619 = CARTESIAN_POINT('',(0.897597901026,-0.204379707263));
#6620 = CARTESIAN_POINT('',(1.121997376282,-0.140092640828));
#6621 = CARTESIAN_POINT('',(1.346396851538,-7.0046462629E-02));
#6622 = CARTESIAN_POINT('',(1.570796326795,-1.350031197944E-13));
#6623 = ( GEOMETRIC_REPRESENTATION_CONTEXT(2) 
PARAMETRIC_REPRESENTATION_CONTEXT() REPRESENTATION_CONTEXT('2D SPACE',''
  ) );
#6624 = PCURVE('',#6625,#6630);
#6625 = CYLINDRICAL_SURFACE('',#6626,4.7625);
#6626 = AXIS2_PLACEMENT_3D('',#6627,#6628,#6629);
#6627 = CARTESIAN_POINT('',(-55.88,55.88,0.));
#6628 = DIRECTION('',(6.540312923014E-02,-0.997858923239,0.));
#6629 = DIRECTION('',(-0.997858923239,-6.540312923014E-02,0.));
#6630 = DEFINITIONAL_REPRESENTATION('',(#6631),#6640);
#6631 = B_SPLINE_CURVE_WITH_KNOTS('',7,(#6632,#6633,#6634,#6635,#6636,
    #6637,#6638,#6639),.UNSPECIFIED.,.F.,.F.,(8,8),(0.,1.570796326795),
  .PIECEWISE_BEZIER_KNOTS.);
#6632 = CARTESIAN_POINT('',(0.,7.621604464418));
#6633 = CARTESIAN_POINT('',(0.224399475256,7.621604464418));
#6634 = CARTESIAN_POINT('',(0.448798950513,7.603266022692));
#6635 = CARTESIAN_POINT('',(0.673198425769,7.566591799528));
#6636 = CARTESIAN_POINT('',(0.897597901026,7.513833430026));
#6637 = CARTESIAN_POINT('',(1.121997376282,7.449546363588));
#6638 = CARTESIAN_POINT('',(1.346396851538,7.37950018539));
#6639 = CARTESIAN_POINT('',(1.570796326795,7.309453722761));
#6640 = ( GEOMETRIC_REPRESENTATION_CONTEXT(2) 
PARAMETRIC_REPRESENTATION_CONTEXT() REPRESENTATION_CONTEXT('2D SPACE',''
  ) );
#6641 = ORIENTED_EDGE('',*,*,#6642,.T.);
#6642 = EDGE_CURVE('',#6604,#6643,#6645,.T.);
#6643 = VERTEX_POINT('',#6644);
#6644 = CARTESIAN_POINT('',(-55.40193885356,48.586196378744,4.7625));
#6645 = SURFACE_CURVE('',#6646,(#6651,#6664),.PCURVE_S1.);
#6646 = ELLIPSE('',#6647,4.77271875722,4.7625);
#6647 = AXIS2_PLACEMENT_3D('',#6648,#6649,#6650);
#6648 = CARTESIAN_POINT('',(-55.40193885356,48.586196378744,0.));
#6649 = DIRECTION('',(0.13052619222,-0.991444861374,0.));
#6650 = DIRECTION('',(-0.991444861374,-0.13052619222,0.));
#6651 = PCURVE('',#6353,#6652);
#6652 = DEFINITIONAL_REPRESENTATION('',(#6653),#6663);
#6653 = B_SPLINE_CURVE_WITH_KNOTS('',8,(#6654,#6655,#6656,#6657,#6658,
    #6659,#6660,#6661,#6662),.UNSPECIFIED.,.F.,.F.,(9,9),(1.570796326795
    ,4.712388980385),.PIECEWISE_BEZIER_KNOTS.);
#6654 = CARTESIAN_POINT('',(1.570796326795,-1.350031197944E-13));
#6655 = CARTESIAN_POINT('',(1.963495408494,0.1225813096));
#6656 = CARTESIAN_POINT('',(2.35619449019,0.245163596605));
#6657 = CARTESIAN_POINT('',(2.748893571897,0.338929943673));
#6658 = CARTESIAN_POINT('',(3.141592653568,0.37514230755));
#6659 = CARTESIAN_POINT('',(3.534291735292,0.338929943674));
#6660 = CARTESIAN_POINT('',(3.926990816984,0.245163596605));
#6661 = CARTESIAN_POINT('',(4.319689898686,0.1225813096));
#6662 = CARTESIAN_POINT('',(4.712388980385,-1.350031197944E-13));
#6663 = ( GEOMETRIC_REPRESENTATION_CONTEXT(2) 
PARAMETRIC_REPRESENTATION_CONTEXT() REPRESENTATION_CONTEXT('2D SPACE',''
  ) );
#6664 = PCURVE('',#6625,#6665);
#6665 = DEFINITIONAL_REPRESENTATION('',(#6666),#6676);
#6666 = B_SPLINE_CURVE_WITH_KNOTS('',8,(#6667,#6668,#6669,#6670,#6671,
    #6672,#6673,#6674,#6675),.UNSPECIFIED.,.F.,.F.,(9,9),(1.570796326795
    ,4.712388980385),.PIECEWISE_BEZIER_KNOTS.);
#6667 = CARTESIAN_POINT('',(1.570796326795,7.309453722761));
#6668 = CARTESIAN_POINT('',(1.963495408494,7.18687241316));
#6669 = CARTESIAN_POINT('',(2.356194490189,7.064290126157));
#6670 = CARTESIAN_POINT('',(2.7488935719,6.970523779084));
#6671 = CARTESIAN_POINT('',(3.141592653569,6.934311415208));
#6672 = CARTESIAN_POINT('',(3.534291735296,6.970523779075));
#6673 = CARTESIAN_POINT('',(3.926990816983,7.064290126154));
#6674 = CARTESIAN_POINT('',(4.319689898686,7.18687241316));
#6675 = CARTESIAN_POINT('',(4.712388980385,7.309453722761));
#6676 = ( GEOMETRIC_REPRESENTATION_CONTEXT(2) 
PARAMETRIC_REPRESENTATION_CONTEXT() REPRESENTATION_CONTEXT('2D SPACE',''
  ) );
#6677 = ORIENTED_EDGE('',*,*,#6678,.T.);
#6678 = EDGE_CURVE('',#6643,#6578,#6679,.T.);
#6679 = SURFACE_CURVE('',#6680,(#6685,#6697),.PCURVE_S1.);
#6680 = ELLIPSE('',#6681,4.77271875722,4.7625);
#6681 = AXIS2_PLACEMENT_3D('',#6682,#6683,#6684);
#6682 = CARTESIAN_POINT('',(-55.40193885356,48.586196378744,0.));
#6683 = DIRECTION('',(0.13052619222,-0.991444861374,0.));
#6684 = DIRECTION('',(-0.991444861374,-0.13052619222,0.));
#6685 = PCURVE('',#6353,#6686);
#6686 = DEFINITIONAL_REPRESENTATION('',(#6687),#6696);
#6687 = B_SPLINE_CURVE_WITH_KNOTS('',7,(#6688,#6689,#6690,#6691,#6692,
    #6693,#6694,#6695),.UNSPECIFIED.,.F.,.F.,(8,8),(4.712388980385,
    6.28318530718),.PIECEWISE_BEZIER_KNOTS.);
#6688 = CARTESIAN_POINT('',(4.712388980385,-1.350031197944E-13));
#6689 = CARTESIAN_POINT('',(4.936788455641,-7.0046462629E-02));
#6690 = CARTESIAN_POINT('',(5.161187930897,-0.140092640828));
#6691 = CARTESIAN_POINT('',(5.385587406154,-0.204379707263));
#6692 = CARTESIAN_POINT('',(5.609986881411,-0.257138076769));
#6693 = CARTESIAN_POINT('',(5.834386356667,-0.293812299931));
#6694 = CARTESIAN_POINT('',(6.058785831923,-0.312150741658));
#6695 = CARTESIAN_POINT('',(6.28318530718,-0.312150741658));
#6696 = ( GEOMETRIC_REPRESENTATION_CONTEXT(2) 
PARAMETRIC_REPRESENTATION_CONTEXT() REPRESENTATION_CONTEXT('2D SPACE',''
  ) );
#6697 = PCURVE('',#6625,#6698);
#6698 = DEFINITIONAL_REPRESENTATION('',(#6699),#6708);
#6699 = B_SPLINE_CURVE_WITH_KNOTS('',7,(#6700,#6701,#6702,#6703,#6704,
    #6705,#6706,#6707),.UNSPECIFIED.,.F.,.F.,(8,8),(4.712388980385,
    6.28318530718),.PIECEWISE_BEZIER_KNOTS.);
#6700 = CARTESIAN_POINT('',(4.712388980385,7.309453722761));
#6701 = CARTESIAN_POINT('',(4.936788455641,7.37950018539));
#6702 = CARTESIAN_POINT('',(5.161187930897,7.449546363589));
#6703 = CARTESIAN_POINT('',(5.385587406155,7.513833430025));
#6704 = CARTESIAN_POINT('',(5.609986881409,7.566591799529));
#6705 = CARTESIAN_POINT('',(5.834386356667,7.603266022692));
#6706 = CARTESIAN_POINT('',(6.058785831923,7.621604464418));
#6707 = CARTESIAN_POINT('',(6.28318530718,7.621604464418));
#6708 = ( GEOMETRIC_REPRESENTATION_CONTEXT(2) 
PARAMETRIC_REPRESENTATION_CONTEXT() REPRESENTATION_CONTEXT('2D SPACE',''
  ) );
#6709 = ADVANCED_FACE('',(#6710),#6485,.T.);
#6710 = FACE_BOUND('',#6711,.T.);
#6711 = EDGE_LOOP('',(#6712,#6734,#6768,#6804,#6836,#6837,#6838,#6839));
#6712 = ORIENTED_EDGE('',*,*,#6713,.T.);
#6713 = EDGE_CURVE('',#6442,#6714,#6716,.T.);
#6714 = VERTEX_POINT('',#6715);
#6715 = CARTESIAN_POINT('',(-60.65271875722,55.88,0.));
#6716 = SEAM_CURVE('',#6717,(#6721,#6727),.PCURVE_S1.);
#6717 = LINE('',#6718,#6719);
#6718 = CARTESIAN_POINT('',(-60.15424197549,63.485286024215,0.));
#6719 = VECTOR('',#6720,1.);
#6720 = DIRECTION('',(-6.540312923014E-02,-0.997858923239,0.));
#6721 = PCURVE('',#6485,#6722);
#6722 = DEFINITIONAL_REPRESENTATION('',(#6723),#6726);
#6723 = B_SPLINE_CURVE_WITH_KNOTS('',1,(#6724,#6725),.UNSPECIFIED.,.F.,
  .F.,(2,2),(-1.726277771592,9.035731494353),.PIECEWISE_BEZIER_KNOTS.);
#6724 = CARTESIAN_POINT('',(6.28318530718,-1.726277771592));
#6725 = CARTESIAN_POINT('',(6.28318530718,9.035731494353));
#6726 = ( GEOMETRIC_REPRESENTATION_CONTEXT(2) 
PARAMETRIC_REPRESENTATION_CONTEXT() REPRESENTATION_CONTEXT('2D SPACE',''
  ) );
#6727 = PCURVE('',#6485,#6728);
#6728 = DEFINITIONAL_REPRESENTATION('',(#6729),#6733);
#6729 = LINE('',#6730,#6731);
#6730 = CARTESIAN_POINT('',(0.,0.));
#6731 = VECTOR('',#6732,1.);
#6732 = DIRECTION('',(0.,1.));
#6733 = ( GEOMETRIC_REPRESENTATION_CONTEXT(2) 
PARAMETRIC_REPRESENTATION_CONTEXT() REPRESENTATION_CONTEXT('2D SPACE',''
  ) );
#6734 = ORIENTED_EDGE('',*,*,#6735,.F.);
#6735 = EDGE_CURVE('',#6736,#6714,#6738,.T.);
#6736 = VERTEX_POINT('',#6737);
#6737 = CARTESIAN_POINT('',(-55.88,55.88,4.7625));
#6738 = SURFACE_CURVE('',#6739,(#6744,#6756),.PCURVE_S1.);
#6739 = ELLIPSE('',#6740,4.77271875722,4.7625);
#6740 = AXIS2_PLACEMENT_3D('',#6741,#6742,#6743);
#6741 = CARTESIAN_POINT('',(-55.88,55.88,0.));
#6742 = DIRECTION('',(0.,-1.,0.));
#6743 = DIRECTION('',(-1.,0.,0.));
#6744 = PCURVE('',#6485,#6745);
#6745 = DEFINITIONAL_REPRESENTATION('',(#6746),#6755);
#6746 = B_SPLINE_CURVE_WITH_KNOTS('',7,(#6747,#6748,#6749,#6750,#6751,
    #6752,#6753,#6754),.UNSPECIFIED.,.F.,.F.,(8,8),(4.712388980385,
    6.28318530718),.PIECEWISE_BEZIER_KNOTS.);
#6747 = CARTESIAN_POINT('',(4.712388980385,7.309453722761));
#6748 = CARTESIAN_POINT('',(4.936788455641,7.37950018539));
#6749 = CARTESIAN_POINT('',(5.161187930897,7.449546363588));
#6750 = CARTESIAN_POINT('',(5.385587406154,7.513833430028));
#6751 = CARTESIAN_POINT('',(5.609986881411,7.566591799527));
#6752 = CARTESIAN_POINT('',(5.834386356667,7.603266022693));
#6753 = CARTESIAN_POINT('',(6.058785831923,7.621604464418));
#6754 = CARTESIAN_POINT('',(6.28318530718,7.621604464418));
#6755 = ( GEOMETRIC_REPRESENTATION_CONTEXT(2) 
PARAMETRIC_REPRESENTATION_CONTEXT() REPRESENTATION_CONTEXT('2D SPACE',''
  ) );
#6756 = PCURVE('',#6625,#6757);
#6757 = DEFINITIONAL_REPRESENTATION('',(#6758),#6767);
#6758 = B_SPLINE_CURVE_WITH_KNOTS('',7,(#6759,#6760,#6761,#6762,#6763,
    #6764,#6765,#6766),.UNSPECIFIED.,.F.,.F.,(8,8),(4.712388980385,
    6.28318530718),.PIECEWISE_BEZIER_KNOTS.);
#6759 = CARTESIAN_POINT('',(4.712388980385,1.42108547152E-13));
#6760 = CARTESIAN_POINT('',(4.936788455641,-7.004646262872E-02));
#6761 = CARTESIAN_POINT('',(5.161187930898,-0.140092640828));
#6762 = CARTESIAN_POINT('',(5.385587406154,-0.204379707263));
#6763 = CARTESIAN_POINT('',(5.609986881412,-0.257138076768));
#6764 = CARTESIAN_POINT('',(5.834386356666,-0.293812299931));
#6765 = CARTESIAN_POINT('',(6.058785831923,-0.312150741657));
#6766 = CARTESIAN_POINT('',(6.28318530718,-0.312150741657));
#6767 = ( GEOMETRIC_REPRESENTATION_CONTEXT(2) 
PARAMETRIC_REPRESENTATION_CONTEXT() REPRESENTATION_CONTEXT('2D SPACE',''
  ) );
#6768 = ORIENTED_EDGE('',*,*,#6769,.F.);
#6769 = EDGE_CURVE('',#6770,#6736,#6772,.T.);
#6770 = VERTEX_POINT('',#6771);
#6771 = CARTESIAN_POINT('',(-55.88,55.88,-4.7625));
#6772 = SURFACE_CURVE('',#6773,(#6778,#6791),.PCURVE_S1.);
#6773 = ELLIPSE('',#6774,4.77271875722,4.7625);
#6774 = AXIS2_PLACEMENT_3D('',#6775,#6776,#6777);
#6775 = CARTESIAN_POINT('',(-55.88,55.88,0.));
#6776 = DIRECTION('',(0.,-1.,0.));
#6777 = DIRECTION('',(-1.,0.,0.));
#6778 = PCURVE('',#6485,#6779);
#6779 = DEFINITIONAL_REPRESENTATION('',(#6780),#6790);
#6780 = B_SPLINE_CURVE_WITH_KNOTS('',8,(#6781,#6782,#6783,#6784,#6785,
    #6786,#6787,#6788,#6789),.UNSPECIFIED.,.F.,.F.,(9,9),(1.570796326795
    ,4.712388980385),.PIECEWISE_BEZIER_KNOTS.);
#6781 = CARTESIAN_POINT('',(1.570796326795,7.309453722761));
#6782 = CARTESIAN_POINT('',(1.963495408494,7.18687241316));
#6783 = CARTESIAN_POINT('',(2.356194490188,7.064290126153));
#6784 = CARTESIAN_POINT('',(2.748893571903,6.970523779085));
#6785 = CARTESIAN_POINT('',(3.141592653559,6.93431141519));
#6786 = CARTESIAN_POINT('',(3.5342917353,6.970523779083));
#6787 = CARTESIAN_POINT('',(3.926990816982,7.064290126154));
#6788 = CARTESIAN_POINT('',(4.319689898686,7.18687241316));
#6789 = CARTESIAN_POINT('',(4.712388980385,7.309453722761));
#6790 = ( GEOMETRIC_REPRESENTATION_CONTEXT(2) 
PARAMETRIC_REPRESENTATION_CONTEXT() REPRESENTATION_CONTEXT('2D SPACE',''
  ) );
#6791 = PCURVE('',#6625,#6792);
#6792 = DEFINITIONAL_REPRESENTATION('',(#6793),#6803);
#6793 = B_SPLINE_CURVE_WITH_KNOTS('',8,(#6794,#6795,#6796,#6797,#6798,
    #6799,#6800,#6801,#6802),.UNSPECIFIED.,.F.,.F.,(9,9),(1.570796326795
    ,4.712388980385),.PIECEWISE_BEZIER_KNOTS.);
#6794 = CARTESIAN_POINT('',(1.570796326795,1.42108547152E-13));
#6795 = CARTESIAN_POINT('',(1.963495408494,0.122581309601));
#6796 = CARTESIAN_POINT('',(2.356194490187,0.245163596605));
#6797 = CARTESIAN_POINT('',(2.748893571906,0.338929943674));
#6798 = CARTESIAN_POINT('',(3.141592653557,0.375142307549));
#6799 = CARTESIAN_POINT('',(3.534291735307,0.338929943674));
#6800 = CARTESIAN_POINT('',(3.92699081698,0.245163596605));
#6801 = CARTESIAN_POINT('',(4.319689898686,0.122581309601));
#6802 = CARTESIAN_POINT('',(4.712388980385,1.42108547152E-13));
#6803 = ( GEOMETRIC_REPRESENTATION_CONTEXT(2) 
PARAMETRIC_REPRESENTATION_CONTEXT() REPRESENTATION_CONTEXT('2D SPACE',''
  ) );
#6804 = ORIENTED_EDGE('',*,*,#6805,.F.);
#6805 = EDGE_CURVE('',#6714,#6770,#6806,.T.);
#6806 = SURFACE_CURVE('',#6807,(#6812,#6824),.PCURVE_S1.);
#6807 = ELLIPSE('',#6808,4.77271875722,4.7625);
#6808 = AXIS2_PLACEMENT_3D('',#6809,#6810,#6811);
#6809 = CARTESIAN_POINT('',(-55.88,55.88,0.));
#6810 = DIRECTION('',(0.,-1.,0.));
#6811 = DIRECTION('',(-1.,0.,0.));
#6812 = PCURVE('',#6485,#6813);
#6813 = DEFINITIONAL_REPRESENTATION('',(#6814),#6823);
#6814 = B_SPLINE_CURVE_WITH_KNOTS('',7,(#6815,#6816,#6817,#6818,#6819,
    #6820,#6821,#6822),.UNSPECIFIED.,.F.,.F.,(8,8),(0.,1.570796326795),
  .PIECEWISE_BEZIER_KNOTS.);
#6815 = CARTESIAN_POINT('',(0.,7.621604464418));
#6816 = CARTESIAN_POINT('',(0.224399475256,7.621604464418));
#6817 = CARTESIAN_POINT('',(0.448798950513,7.603266022693));
#6818 = CARTESIAN_POINT('',(0.673198425769,7.566591799527));
#6819 = CARTESIAN_POINT('',(0.897597901026,7.513833430027));
#6820 = CARTESIAN_POINT('',(1.121997376282,7.449546363588));
#6821 = CARTESIAN_POINT('',(1.346396851538,7.37950018539));
#6822 = CARTESIAN_POINT('',(1.570796326795,7.309453722761));
#6823 = ( GEOMETRIC_REPRESENTATION_CONTEXT(2) 
PARAMETRIC_REPRESENTATION_CONTEXT() REPRESENTATION_CONTEXT('2D SPACE',''
  ) );
#6824 = PCURVE('',#6625,#6825);
#6825 = DEFINITIONAL_REPRESENTATION('',(#6826),#6835);
#6826 = B_SPLINE_CURVE_WITH_KNOTS('',7,(#6827,#6828,#6829,#6830,#6831,
    #6832,#6833,#6834),.UNSPECIFIED.,.F.,.F.,(8,8),(0.,1.570796326795),
  .PIECEWISE_BEZIER_KNOTS.);
#6827 = CARTESIAN_POINT('',(0.,-0.312150741657));
#6828 = CARTESIAN_POINT('',(0.224399475256,-0.312150741657));
#6829 = CARTESIAN_POINT('',(0.448798950513,-0.293812299931));
#6830 = CARTESIAN_POINT('',(0.673198425769,-0.257138076768));
#6831 = CARTESIAN_POINT('',(0.897597901025,-0.204379707263));
#6832 = CARTESIAN_POINT('',(1.121997376282,-0.140092640828));
#6833 = CARTESIAN_POINT('',(1.346396851538,-7.004646262872E-02));
#6834 = CARTESIAN_POINT('',(1.570796326795,1.42108547152E-13));
#6835 = ( GEOMETRIC_REPRESENTATION_CONTEXT(2) 
PARAMETRIC_REPRESENTATION_CONTEXT() REPRESENTATION_CONTEXT('2D SPACE',''
  ) );
#6836 = ORIENTED_EDGE('',*,*,#6713,.F.);
#6837 = ORIENTED_EDGE('',*,*,#6538,.T.);
#6838 = ORIENTED_EDGE('',*,*,#6502,.T.);
#6839 = ORIENTED_EDGE('',*,*,#6463,.T.);
#6840 = ADVANCED_FACE('',(#6841),#6625,.T.);
#6841 = FACE_BOUND('',#6842,.T.);
#6842 = EDGE_LOOP('',(#6843,#6863,#6864,#6865,#6866,#6867,#6868,#6869));
#6843 = ORIENTED_EDGE('',*,*,#6844,.T.);
#6844 = EDGE_CURVE('',#6714,#6578,#6845,.T.);
#6845 = SEAM_CURVE('',#6846,(#6850,#6856),.PCURVE_S1.);
#6846 = LINE('',#6847,#6848);
#6847 = CARTESIAN_POINT('',(-60.63230312192,55.568517597041,0.));
#6848 = VECTOR('',#6849,1.);
#6849 = DIRECTION('',(6.540312923014E-02,-0.997858923239,0.));
#6850 = PCURVE('',#6625,#6851);
#6851 = DEFINITIONAL_REPRESENTATION('',(#6852),#6855);
#6852 = B_SPLINE_CURVE_WITH_KNOTS('',1,(#6853,#6854),.UNSPECIFIED.,.F.,
  .F.,(2,2),(-1.726277771592,9.035731494353),.PIECEWISE_BEZIER_KNOTS.);
#6853 = CARTESIAN_POINT('',(6.28318530718,-1.726277771592));
#6854 = CARTESIAN_POINT('',(6.28318530718,9.035731494353));
#6855 = ( GEOMETRIC_REPRESENTATION_CONTEXT(2) 
PARAMETRIC_REPRESENTATION_CONTEXT() REPRESENTATION_CONTEXT('2D SPACE',''
  ) );
#6856 = PCURVE('',#6625,#6857);
#6857 = DEFINITIONAL_REPRESENTATION('',(#6858),#6862);
#6858 = LINE('',#6859,#6860);
#6859 = CARTESIAN_POINT('',(0.,0.));
#6860 = VECTOR('',#6861,1.);
#6861 = DIRECTION('',(0.,1.));
#6862 = ( GEOMETRIC_REPRESENTATION_CONTEXT(2) 
PARAMETRIC_REPRESENTATION_CONTEXT() REPRESENTATION_CONTEXT('2D SPACE',''
  ) );
#6863 = ORIENTED_EDGE('',*,*,#6678,.F.);
#6864 = ORIENTED_EDGE('',*,*,#6642,.F.);
#6865 = ORIENTED_EDGE('',*,*,#6603,.F.);
#6866 = ORIENTED_EDGE('',*,*,#6844,.F.);
#6867 = ORIENTED_EDGE('',*,*,#6805,.T.);
#6868 = ORIENTED_EDGE('',*,*,#6769,.T.);
#6869 = ORIENTED_EDGE('',*,*,#6735,.T.);
#6870 = ( GEOMETRIC_REPRESENTATION_CONTEXT(3) 
GLOBAL_UNCERTAINTY_ASSIGNED_CONTEXT((#6874)) 
GLOBAL_UNIT_ASSIGNED_CONTEXT((#6871,#6872,#6873)) REPRESENTATION_CONTEXT
('Context #1','3D Context with UNIT and UNCERTAINTY') );
#6871 = ( LENGTH_UNIT() NAMED_UNIT(*) SI_UNIT(.MILLI.,.METRE.) );
#6872 = ( NAMED_UNIT(*) PLANE_ANGLE_UNIT() SI_UNIT($,.RADIAN.) );
#6873 = ( NAMED_UNIT(*) SI_UNIT($,.STERADIAN.) SOLID_ANGLE_UNIT() );
#6874 = UNCERTAINTY_MEASURE_WITH_UNIT(LENGTH_MEASURE(1.E-07),#6871,
  'distance_accuracy_value','confusion accuracy');
#6875 = PRODUCT_RELATED_PRODUCT_CATEGORY('part',$,(#7));
ENDSEC;
END-ISO-10303-21;
