ISO-10303-21;
HEADER;
FILE_DESCRIPTION(('Open CASCADE Model'),'2;1');
FILE_NAME('Open CASCADE Shape Model','2026-08-21T10:38:21',('Author'),(
    'Open CASCADE'),'Open CASCADE STEP processor 7.7','Open CASCADE 7.7'
  ,'Unknown');
FILE_SCHEMA(('AUTOMOTIVE_DESIGN { 1 0 10303 214 1 1 1 1 }'));
ENDSEC;
DATA;
#1 = APPLICATION_PROTOCOL_DEFINITION('international standard',
  'automotive_design',2000,#2);
#2 = APPLICATION_CONTEXT(
  'core data for automotive mechanical design processes');
#3 = SHAPE_DEFINITION_REPRESENTATION(#4,#10);
#4 = PRODUCT_DEFINITION_SHAPE('','',#5);
#5 = PRODUCT_DEFINITION('design','',#6,#9);
#6 = PRODUCT_DEFINITION_FORMATION('','',#7);
#7 = PRODUCT('Open CASCADE STEP translator 7.7 6',
  'Open CASCADE STEP translator 7.7 6','',(#8));
#8 = PRODUCT_CONTEXT('',#2,'mechanical');
#9 = PRODUCT_DEFINITION_CONTEXT('part definition',#2,'design');
#10 = ADVANCED_BREP_SHAPE_REPRESENTATION('',(#11,#15),#3925);
#11 = AXIS2_PLACEMENT_3D('',#12,#13,#14);
#12 = CARTESIAN_POINT('',(0.,0.,0.));
#13 = DIRECTION('',(0.,0.,1.));
#14 = DIRECTION('',(1.,0.,-0.));
#15 = MANIFOLD_SOLID_BREP('',#16);
#16 = CLOSED_SHELL('',(#17,#156,#199,#354,#490,#626,#762,#898,#1034,
    #1170,#1306,#1442,#1578,#1714,#1850,#1986,#2122,#2258,#2394,#2530,
    #2666,#2802,#2938,#3074,#3210,#3346,#3482,#3618,#3754,#3862,#3917,
    #3921));
#17 = ADVANCED_FACE('',(#18),#32,.T.);
#18 = FACE_BOUND('',#19,.T.);
#19 = EDGE_LOOP('',(#20,#49,#84,#128,#129));
#20 = ORIENTED_EDGE('',*,*,#21,.T.);
#21 = EDGE_CURVE('',#22,#24,#26,.T.);
#22 = VERTEX_POINT('',#23);
#23 = CARTESIAN_POINT('',(-53.34,218.44,-4.7625));
#24 = VERTEX_POINT('',#25);
#25 = CARTESIAN_POINT('',(-53.34,53.34,-4.7625));
#26 = SEAM_CURVE('',#27,(#31,#42),.PCURVE_S1.);
#27 = LINE('',#28,#29);
#28 = CARTESIAN_POINT('',(-53.34,218.44,-4.7625));
#29 = VECTOR('',#30,1.);
#30 = DIRECTION('',(0.,-1.,0.));
#31 = PCURVE('',#32,#37);
#32 = CYLINDRICAL_SURFACE('',#33,4.7625);
#33 = AXIS2_PLACEMENT_3D('',#34,#35,#36);
#34 = CARTESIAN_POINT('',(-53.34,218.44,0.));
#35 = DIRECTION('',(0.,-1.,0.));
#36 = DIRECTION('',(0.,0.,-1.));
#37 = DEFINITIONAL_REPRESENTATION('',(#38),#41);
#38 = B_SPLINE_CURVE_WITH_KNOTS('',1,(#39,#40),.UNSPECIFIED.,.F.,.F.,(2,
    2),(0.,1.09839099814E+03),.PIECEWISE_BEZIER_KNOTS.);
#39 = CARTESIAN_POINT('',(6.28318530718,0.));
#40 = CARTESIAN_POINT('',(6.28318530718,1.09839099814E+03));
#41 = ( GEOMETRIC_REPRESENTATION_CONTEXT(2) 
PARAMETRIC_REPRESENTATION_CONTEXT() REPRESENTATION_CONTEXT('2D SPACE',''
  ) );
#42 = PCURVE('',#32,#43);
#43 = DEFINITIONAL_REPRESENTATION('',(#44),#48);
#44 = LINE('',#45,#46);
#45 = CARTESIAN_POINT('',(0.,0.));
#46 = VECTOR('',#47,1.);
#47 = DIRECTION('',(0.,1.));
#48 = ( GEOMETRIC_REPRESENTATION_CONTEXT(2) 
PARAMETRIC_REPRESENTATION_CONTEXT() REPRESENTATION_CONTEXT('2D SPACE',''
  ) );
#49 = ORIENTED_EDGE('',*,*,#50,.T.);
#50 = EDGE_CURVE('',#24,#51,#53,.T.);
#51 = VERTEX_POINT('',#52);
#52 = CARTESIAN_POINT('',(-53.33999629989,53.34013187687,-4.762499999997
    ));
#53 = SURFACE_CURVE('',#54,(#59,#69),.PCURVE_S1.);
#54 = ELLIPSE('',#55,169.80875996978,4.7625);
#55 = AXIS2_PLACEMENT_3D('',#56,#57,#58);
#56 = CARTESIAN_POINT('',(-53.34,53.34,0.));
#57 = DIRECTION('',(0.999606626383,-2.804625627587E-02,0.));
#58 = DIRECTION('',(-2.804625627587E-02,-0.999606626383,0.));
#59 = PCURVE('',#32,#60);
#60 = DEFINITIONAL_REPRESENTATION('',(#61),#68);
#61 = B_SPLINE_CURVE_WITH_KNOTS('',5,(#62,#63,#64,#65,#66,#67),
  .UNSPECIFIED.,.F.,.F.,(6,6),(1.570796326795,1.614772123884),
  .PIECEWISE_BEZIER_KNOTS.);
#62 = CARTESIAN_POINT('',(0.,165.1));
#63 = CARTESIAN_POINT('',(8.795159417842E-03,163.60709238709));
#64 = CARTESIAN_POINT('',(1.759031883569E-02,162.11418477418));
#65 = CARTESIAN_POINT('',(2.638547825352E-02,160.62151775214));
#66 = CARTESIAN_POINT('',(3.518063767137E-02,159.12933191181));
#67 = CARTESIAN_POINT('',(4.397579708921E-02,157.63786761146));
#68 = ( GEOMETRIC_REPRESENTATION_CONTEXT(2) 
PARAMETRIC_REPRESENTATION_CONTEXT() REPRESENTATION_CONTEXT('2D SPACE',''
  ) );
#69 = PCURVE('',#70,#75);
#70 = CYLINDRICAL_SURFACE('',#71,4.7625);
#71 = AXIS2_PLACEMENT_3D('',#72,#73,#74);
#72 = CARTESIAN_POINT('',(-53.34,53.34,0.));
#73 = DIRECTION('',(5.607044723719E-02,0.998426815018,0.));
#74 = DIRECTION('',(1.108476438436E-16,-6.225070152376E-18,-1.));
#75 = DEFINITIONAL_REPRESENTATION('',(#76),#83);
#76 = B_SPLINE_CURVE_WITH_KNOTS('',5,(#77,#78,#79,#80,#81,#82),
  .UNSPECIFIED.,.F.,.F.,(6,6),(1.570796326795,1.614772123884),
  .PIECEWISE_BEZIER_KNOTS.);
#77 = CARTESIAN_POINT('',(0.,2.84217094304E-14));
#78 = CARTESIAN_POINT('',(8.795159417843E-03,1.492907612905));
#79 = CARTESIAN_POINT('',(1.759031883569E-02,2.985815225811));
#80 = CARTESIAN_POINT('',(2.638547825353E-02,4.478482247853));
#81 = CARTESIAN_POINT('',(3.518063767137E-02,5.970668088181));
#82 = CARTESIAN_POINT('',(4.397579708921E-02,7.46213238854));
#83 = ( GEOMETRIC_REPRESENTATION_CONTEXT(2) 
PARAMETRIC_REPRESENTATION_CONTEXT() REPRESENTATION_CONTEXT('2D SPACE',''
  ) );
#84 = ORIENTED_EDGE('',*,*,#85,.T.);
#85 = EDGE_CURVE('',#51,#24,#86,.T.);
#86 = SURFACE_CURVE('',#87,(#92,#110),.PCURVE_S1.);
#87 = ELLIPSE('',#88,169.80875996978,4.7625);
#88 = AXIS2_PLACEMENT_3D('',#89,#90,#91);
#89 = CARTESIAN_POINT('',(-53.34,53.34,0.));
#90 = DIRECTION('',(0.999606626383,-2.804625627587E-02,0.));
#91 = DIRECTION('',(-2.804625627587E-02,-0.999606626383,0.));
#92 = PCURVE('',#32,#93);
#93 = DEFINITIONAL_REPRESENTATION('',(#94),#109);
#94 = B_SPLINE_CURVE_WITH_KNOTS('',7,(#95,#96,#97,#98,#99,#100,#101,#102
    ,#103,#104,#105,#106,#107,#108),.UNSPECIFIED.,.F.,.F.,(8,6,8),(0.,
    0.785398163397,1.570796326795),.UNSPECIFIED.);
#95 = CARTESIAN_POINT('',(4.712388980385,334.84196168368));
#96 = CARTESIAN_POINT('',(4.824588718013,334.84196168368));
#97 = CARTESIAN_POINT('',(4.936788455641,332.34897568133));
#98 = CARTESIAN_POINT('',(5.048988193269,327.36301075916));
#99 = CARTESIAN_POINT('',(5.161187930897,319.96092886718));
#100 = CARTESIAN_POINT('',(5.273387668526,310.29658695622));
#101 = CARTESIAN_POINT('',(5.385587406154,298.59254332726));
#102 = CARTESIAN_POINT('',(5.60998688141,271.65884098962));
#103 = CARTESIAN_POINT('',(5.722186619039,256.42918274542));
#104 = CARTESIAN_POINT('',(5.834386356667,239.7136216197));
#105 = CARTESIAN_POINT('',(5.946586094295,221.8434151267));
#106 = CARTESIAN_POINT('',(6.058785831923,203.19000680233));
#107 = CARTESIAN_POINT('',(6.170985569551,184.1450035654));
#108 = CARTESIAN_POINT('',(6.28318530718,165.1));
#109 = ( GEOMETRIC_REPRESENTATION_CONTEXT(2) 
PARAMETRIC_REPRESENTATION_CONTEXT() REPRESENTATION_CONTEXT('2D SPACE',''
  ) );
#110 = PCURVE('',#70,#111);
#111 = DEFINITIONAL_REPRESENTATION('',(#112),#127);
#112 = B_SPLINE_CURVE_WITH_KNOTS('',7,(#113,#114,#115,#116,#117,#118,
    #119,#120,#121,#122,#123,#124,#125,#126),.UNSPECIFIED.,.F.,.F.,(8,6,
    8),(0.,0.785398163397,1.570796326795),.UNSPECIFIED.);
#113 = CARTESIAN_POINT('',(4.712388980385,-169.7419616836));
#114 = CARTESIAN_POINT('',(4.824588718013,-169.7419616836));
#115 = CARTESIAN_POINT('',(4.936788455641,-167.2489756814));
#116 = CARTESIAN_POINT('',(5.048988193269,-162.263010759));
#117 = CARTESIAN_POINT('',(5.161187930897,-154.8609288673));
#118 = CARTESIAN_POINT('',(5.273387668526,-145.1965869561));
#119 = CARTESIAN_POINT('',(5.385587406154,-133.4925433272));
#120 = CARTESIAN_POINT('',(5.60998688141,-106.5588409896));
#121 = CARTESIAN_POINT('',(5.722186619039,-91.32918274541));
#122 = CARTESIAN_POINT('',(5.834386356667,-74.61362161974));
#123 = CARTESIAN_POINT('',(5.946586094295,-56.74341512666));
#124 = CARTESIAN_POINT('',(6.058785831923,-38.09000680235));
#125 = CARTESIAN_POINT('',(6.170985569551,-19.0450035654));
#126 = CARTESIAN_POINT('',(6.28318530718,2.84217094304E-14));
#127 = ( GEOMETRIC_REPRESENTATION_CONTEXT(2) 
PARAMETRIC_REPRESENTATION_CONTEXT() REPRESENTATION_CONTEXT('2D SPACE',''
  ) );
#128 = ORIENTED_EDGE('',*,*,#21,.F.);
#129 = ORIENTED_EDGE('',*,*,#130,.T.);
#130 = EDGE_CURVE('',#22,#22,#131,.T.);
#131 = SURFACE_CURVE('',#132,(#137,#144),.PCURVE_S1.);
#132 = CIRCLE('',#133,4.7625);
#133 = AXIS2_PLACEMENT_3D('',#134,#135,#136);
#134 = CARTESIAN_POINT('',(-53.34,218.44,0.));
#135 = DIRECTION('',(0.,-1.,0.));
#136 = DIRECTION('',(0.,0.,-1.));
#137 = PCURVE('',#32,#138);
#138 = DEFINITIONAL_REPRESENTATION('',(#139),#143);
#139 = LINE('',#140,#141);
#140 = CARTESIAN_POINT('',(0.,0.));
#141 = VECTOR('',#142,1.);
#142 = DIRECTION('',(1.,0.));
#143 = ( GEOMETRIC_REPRESENTATION_CONTEXT(2) 
PARAMETRIC_REPRESENTATION_CONTEXT() REPRESENTATION_CONTEXT('2D SPACE',''
  ) );
#144 = PCURVE('',#145,#150);
#145 = PLANE('',#146);
#146 = AXIS2_PLACEMENT_3D('',#147,#148,#149);
#147 = CARTESIAN_POINT('',(-53.34,218.44,1.435632685081E-16));
#148 = DIRECTION('',(-0.,-1.,-0.));
#149 = DIRECTION('',(0.,0.,-1.));
#150 = DEFINITIONAL_REPRESENTATION('',(#151),#155);
#151 = CIRCLE('',#152,4.7625);
#152 = AXIS2_PLACEMENT_2D('',#153,#154);
#153 = CARTESIAN_POINT('',(1.435632685081E-16,7.105427357601E-15));
#154 = DIRECTION('',(1.,0.));
#155 = ( GEOMETRIC_REPRESENTATION_CONTEXT(2) 
PARAMETRIC_REPRESENTATION_CONTEXT() REPRESENTATION_CONTEXT('2D SPACE',''
  ) );
#156 = ADVANCED_FACE('',(#157),#70,.T.);
#157 = FACE_BOUND('',#158,.T.);
#158 = EDGE_LOOP('',(#159,#181,#196,#197,#198));
#159 = ORIENTED_EDGE('',*,*,#160,.T.);
#160 = EDGE_CURVE('',#24,#161,#163,.T.);
#161 = VERTEX_POINT('',#162);
#162 = CARTESIAN_POINT('',(-52.92159489963,60.790393073931,-4.7625));
#163 = SEAM_CURVE('',#164,(#168,#174),.PCURVE_S1.);
#164 = LINE('',#165,#166);
#165 = CARTESIAN_POINT('',(-53.34,53.34,-4.7625));
#166 = VECTOR('',#167,1.);
#167 = DIRECTION('',(5.607044723719E-02,0.998426815018,0.));
#168 = PCURVE('',#70,#169);
#169 = DEFINITIONAL_REPRESENTATION('',(#170),#173);
#170 = B_SPLINE_CURVE_WITH_KNOTS('',1,(#171,#172),.UNSPECIFIED.,.F.,.F.,
  (2,2),(-933.2909981395,7.46213238854),.PIECEWISE_BEZIER_KNOTS.);
#171 = CARTESIAN_POINT('',(6.28318530718,-933.2909981395));
#172 = CARTESIAN_POINT('',(6.28318530718,7.46213238854));
#173 = ( GEOMETRIC_REPRESENTATION_CONTEXT(2) 
PARAMETRIC_REPRESENTATION_CONTEXT() REPRESENTATION_CONTEXT('2D SPACE',''
  ) );
#174 = PCURVE('',#70,#175);
#175 = DEFINITIONAL_REPRESENTATION('',(#176),#180);
#176 = LINE('',#177,#178);
#177 = CARTESIAN_POINT('',(0.,0.));
#178 = VECTOR('',#179,1.);
#179 = DIRECTION('',(0.,1.));
#180 = ( GEOMETRIC_REPRESENTATION_CONTEXT(2) 
PARAMETRIC_REPRESENTATION_CONTEXT() REPRESENTATION_CONTEXT('2D SPACE',''
  ) );
#181 = ORIENTED_EDGE('',*,*,#182,.F.);
#182 = EDGE_CURVE('',#161,#161,#183,.T.);
#183 = SURFACE_CURVE('',#184,(#189),.PCURVE_S1.);
#184 = CIRCLE('',#185,4.7625);
#185 = AXIS2_PLACEMENT_3D('',#186,#187,#188);
#186 = CARTESIAN_POINT('',(-52.92159489963,60.790393073931,0.));
#187 = DIRECTION('',(5.607044723719E-02,0.998426815018,
    8.866273310325E-35));
#188 = DIRECTION('',(1.108476438436E-16,-6.225070152376E-18,-1.));
#189 = PCURVE('',#70,#190);
#190 = DEFINITIONAL_REPRESENTATION('',(#191),#195);
#191 = LINE('',#192,#193);
#192 = CARTESIAN_POINT('',(0.,7.46213238854));
#193 = VECTOR('',#194,1.);
#194 = DIRECTION('',(1.,0.));
#195 = ( GEOMETRIC_REPRESENTATION_CONTEXT(2) 
PARAMETRIC_REPRESENTATION_CONTEXT() REPRESENTATION_CONTEXT('2D SPACE',''
  ) );
#196 = ORIENTED_EDGE('',*,*,#160,.F.);
#197 = ORIENTED_EDGE('',*,*,#85,.F.);
#198 = ORIENTED_EDGE('',*,*,#50,.F.);
#199 = ADVANCED_FACE('',(#200),#214,.T.);
#200 = FACE_BOUND('',#201,.T.);
#201 = EDGE_LOOP('',(#202,#231,#272,#306,#338,#339));
#202 = ORIENTED_EDGE('',*,*,#203,.T.);
#203 = EDGE_CURVE('',#204,#206,#208,.T.);
#204 = VERTEX_POINT('',#205);
#205 = CARTESIAN_POINT('',(-53.25260844998,57.852566559022,-4.7625));
#206 = VERTEX_POINT('',#207);
#207 = CARTESIAN_POINT('',(-52.00265483577,65.20926661723,-4.7625));
#208 = SEAM_CURVE('',#209,(#213,#224),.PCURVE_S1.);
#209 = LINE('',#210,#211);
#210 = CARTESIAN_POINT('',(-53.0046092757,59.31218515535,-4.7625));
#211 = VECTOR('',#212,1.);
#212 = DIRECTION('',(0.167506223305,0.985871018518,0.));
#213 = PCURVE('',#214,#219);
#214 = CYLINDRICAL_SURFACE('',#215,4.7625);
#215 = AXIS2_PLACEMENT_3D('',#216,#217,#218);
#216 = CARTESIAN_POINT('',(-53.0046092757,59.31218515535,0.));
#217 = DIRECTION('',(0.167506223305,0.985871018518,0.));
#218 = DIRECTION('',(1.09453670407E-16,-1.859692658809E-17,-1.));
#219 = DEFINITIONAL_REPRESENTATION('',(#220),#223);
#220 = B_SPLINE_CURVE_WITH_KNOTS('',1,(#221,#222),.UNSPECIFIED.,.F.,.F.,
  (2,2),(-1.480537077276,7.46213238854),.PIECEWISE_BEZIER_KNOTS.);
#221 = CARTESIAN_POINT('',(6.28318530718,-1.480537077276));
#222 = CARTESIAN_POINT('',(6.28318530718,7.46213238854));
#223 = ( GEOMETRIC_REPRESENTATION_CONTEXT(2) 
PARAMETRIC_REPRESENTATION_CONTEXT() REPRESENTATION_CONTEXT('2D SPACE',''
  ) );
#224 = PCURVE('',#214,#225);
#225 = DEFINITIONAL_REPRESENTATION('',(#226),#230);
#226 = LINE('',#227,#228);
#227 = CARTESIAN_POINT('',(0.,0.));
#228 = VECTOR('',#229,1.);
#229 = DIRECTION('',(0.,1.));
#230 = ( GEOMETRIC_REPRESENTATION_CONTEXT(2) 
PARAMETRIC_REPRESENTATION_CONTEXT() REPRESENTATION_CONTEXT('2D SPACE',''
  ) );
#231 = ORIENTED_EDGE('',*,*,#232,.F.);
#232 = EDGE_CURVE('',#233,#206,#235,.T.);
#233 = VERTEX_POINT('',#234);
#234 = CARTESIAN_POINT('',(-52.00265483577,65.20926661723,4.7625));
#235 = SURFACE_CURVE('',#236,(#241,#254),.PCURVE_S1.);
#236 = ELLIPSE('',#237,4.770004098813,4.7625);
#237 = AXIS2_PLACEMENT_3D('',#238,#239,#240);
#238 = CARTESIAN_POINT('',(-52.00265483577,65.20926661723,0.));
#239 = DIRECTION('',(0.222520933956,0.974927912182,0.));
#240 = DIRECTION('',(-0.974927912182,0.222520933956,0.));
#241 = PCURVE('',#214,#242);
#242 = DEFINITIONAL_REPRESENTATION('',(#243),#253);
#243 = B_SPLINE_CURVE_WITH_KNOTS('',8,(#244,#245,#246,#247,#248,#249,
    #250,#251,#252),.UNSPECIFIED.,.F.,.F.,(9,9),(1.570796326795,
    4.712388980385),.PIECEWISE_BEZIER_KNOTS.);
#244 = CARTESIAN_POINT('',(3.14159265359,5.981595311264));
#245 = CARTESIAN_POINT('',(3.534291735289,5.876565482332));
#246 = CARTESIAN_POINT('',(3.926990816988,5.771534815945));
#247 = CARTESIAN_POINT('',(4.319689898686,5.691194155314));
#248 = CARTESIAN_POINT('',(4.712388980391,5.660166763032));
#249 = CARTESIAN_POINT('',(5.105088062082,5.691194155315));
#250 = CARTESIAN_POINT('',(5.497787143783,5.771534815945));
#251 = CARTESIAN_POINT('',(5.890486225481,5.876565482332));
#252 = CARTESIAN_POINT('',(6.28318530718,5.981595311264));
#253 = ( GEOMETRIC_REPRESENTATION_CONTEXT(2) 
PARAMETRIC_REPRESENTATION_CONTEXT() REPRESENTATION_CONTEXT('2D SPACE',''
  ) );
#254 = PCURVE('',#255,#260);
#255 = CYLINDRICAL_SURFACE('',#256,4.7625);
#256 = AXIS2_PLACEMENT_3D('',#257,#258,#259);
#257 = CARTESIAN_POINT('',(-52.00265483577,65.20926661723,0.));
#258 = DIRECTION('',(0.276835511425,0.960917321945,0.));
#259 = DIRECTION('',(1.066832535585E-16,-3.073491588177E-17,-1.));
#260 = DEFINITIONAL_REPRESENTATION('',(#261),#271);
#261 = B_SPLINE_CURVE_WITH_KNOTS('',8,(#262,#263,#264,#265,#266,#267,
    #268,#269,#270),.UNSPECIFIED.,.F.,.F.,(9,9),(1.570796326795,
    4.712388980385),.PIECEWISE_BEZIER_KNOTS.);
#262 = CARTESIAN_POINT('',(3.14159265359,-9.237055564881E-14));
#263 = CARTESIAN_POINT('',(3.534291735289,0.105029828931));
#264 = CARTESIAN_POINT('',(3.92699081698,0.210060495319));
#265 = CARTESIAN_POINT('',(4.319689898698,0.29040115593));
#266 = CARTESIAN_POINT('',(4.712388980342,0.321428548247));
#267 = CARTESIAN_POINT('',(5.105088062091,0.29040115593));
#268 = CARTESIAN_POINT('',(5.497787143775,0.210060495319));
#269 = CARTESIAN_POINT('',(5.890486225481,0.105029828931));
#270 = CARTESIAN_POINT('',(6.28318530718,-9.237055564881E-14));
#271 = ( GEOMETRIC_REPRESENTATION_CONTEXT(2) 
PARAMETRIC_REPRESENTATION_CONTEXT() REPRESENTATION_CONTEXT('2D SPACE',''
  ) );
#272 = ORIENTED_EDGE('',*,*,#273,.F.);
#273 = EDGE_CURVE('',#274,#233,#276,.T.);
#274 = VERTEX_POINT('',#275);
#275 = CARTESIAN_POINT('',(-56.65306497293,66.270692384273,
    -5.832380380939E-16));
#276 = SURFACE_CURVE('',#277,(#282,#294),.PCURVE_S1.);
#277 = ELLIPSE('',#278,4.770004098813,4.7625);
#278 = AXIS2_PLACEMENT_3D('',#279,#280,#281);
#279 = CARTESIAN_POINT('',(-52.00265483577,65.20926661723,0.));
#280 = DIRECTION('',(0.222520933956,0.974927912182,0.));
#281 = DIRECTION('',(-0.974927912182,0.222520933956,0.));
#282 = PCURVE('',#214,#283);
#283 = DEFINITIONAL_REPRESENTATION('',(#284),#293);
#284 = B_SPLINE_CURVE_WITH_KNOTS('',7,(#285,#286,#287,#288,#289,#290,
    #291,#292),.UNSPECIFIED.,.F.,.F.,(8,8),(0.,1.570796326795),
  .PIECEWISE_BEZIER_KNOTS.);
#285 = CARTESIAN_POINT('',(1.570796326795,6.249051574407));
#286 = CARTESIAN_POINT('',(1.795195802051,6.249051574407));
#287 = CARTESIAN_POINT('',(2.019595277307,6.233338873966));
#288 = CARTESIAN_POINT('',(2.243994752564,6.20191575247));
#289 = CARTESIAN_POINT('',(2.468394227821,6.15671145059));
#290 = CARTESIAN_POINT('',(2.692793703077,6.101629157766));
#291 = CARTESIAN_POINT('',(2.917193178333,6.041612356367));
#292 = CARTESIAN_POINT('',(3.14159265359,5.981595311264));
#293 = ( GEOMETRIC_REPRESENTATION_CONTEXT(2) 
PARAMETRIC_REPRESENTATION_CONTEXT() REPRESENTATION_CONTEXT('2D SPACE',''
  ) );
#294 = PCURVE('',#255,#295);
#295 = DEFINITIONAL_REPRESENTATION('',(#296),#305);
#296 = B_SPLINE_CURVE_WITH_KNOTS('',7,(#297,#298,#299,#300,#301,#302,
    #303,#304),.UNSPECIFIED.,.F.,.F.,(8,8),(0.,1.570796326795),
  .PIECEWISE_BEZIER_KNOTS.);
#297 = CARTESIAN_POINT('',(1.570796326795,-0.267456263144));
#298 = CARTESIAN_POINT('',(1.795195802051,-0.267456263144));
#299 = CARTESIAN_POINT('',(2.019595277308,-0.251743562703));
#300 = CARTESIAN_POINT('',(2.243994752564,-0.220320441205));
#301 = CARTESIAN_POINT('',(2.468394227821,-0.175116139327));
#302 = CARTESIAN_POINT('',(2.692793703077,-0.120033846503));
#303 = CARTESIAN_POINT('',(2.917193178333,-6.001704510358E-02));
#304 = CARTESIAN_POINT('',(3.14159265359,-9.237055564881E-14));
#305 = ( GEOMETRIC_REPRESENTATION_CONTEXT(2) 
PARAMETRIC_REPRESENTATION_CONTEXT() REPRESENTATION_CONTEXT('2D SPACE',''
  ) );
#306 = ORIENTED_EDGE('',*,*,#307,.F.);
#307 = EDGE_CURVE('',#206,#274,#308,.T.);
#308 = SURFACE_CURVE('',#309,(#314,#326),.PCURVE_S1.);
#309 = ELLIPSE('',#310,4.770004098813,4.7625);
#310 = AXIS2_PLACEMENT_3D('',#311,#312,#313);
#311 = CARTESIAN_POINT('',(-52.00265483577,65.20926661723,0.));
#312 = DIRECTION('',(0.222520933956,0.974927912182,0.));
#313 = DIRECTION('',(-0.974927912182,0.222520933956,0.));
#314 = PCURVE('',#214,#315);
#315 = DEFINITIONAL_REPRESENTATION('',(#316),#325);
#316 = B_SPLINE_CURVE_WITH_KNOTS('',7,(#317,#318,#319,#320,#321,#322,
    #323,#324),.UNSPECIFIED.,.F.,.F.,(8,8),(4.712388980385,6.28318530718
    ),.PIECEWISE_BEZIER_KNOTS.);
#317 = CARTESIAN_POINT('',(0.,5.981595311264));
#318 = CARTESIAN_POINT('',(0.224399475256,6.041612356367));
#319 = CARTESIAN_POINT('',(0.448798950513,6.101629157766));
#320 = CARTESIAN_POINT('',(0.673198425769,6.15671145059));
#321 = CARTESIAN_POINT('',(0.897597901026,6.201915752469));
#322 = CARTESIAN_POINT('',(1.121997376282,6.233338873966));
#323 = CARTESIAN_POINT('',(1.346396851538,6.249051574407));
#324 = CARTESIAN_POINT('',(1.570796326795,6.249051574407));
#325 = ( GEOMETRIC_REPRESENTATION_CONTEXT(2) 
PARAMETRIC_REPRESENTATION_CONTEXT() REPRESENTATION_CONTEXT('2D SPACE',''
  ) );
#326 = PCURVE('',#255,#327);
#327 = DEFINITIONAL_REPRESENTATION('',(#328),#337);
#328 = B_SPLINE_CURVE_WITH_KNOTS('',7,(#329,#330,#331,#332,#333,#334,
    #335,#336),.UNSPECIFIED.,.F.,.F.,(8,8),(4.712388980385,6.28318530718
    ),.PIECEWISE_BEZIER_KNOTS.);
#329 = CARTESIAN_POINT('',(-2.6645352591E-15,-9.237055564881E-14));
#330 = CARTESIAN_POINT('',(0.224399475256,-6.001704510358E-02));
#331 = CARTESIAN_POINT('',(0.448798950513,-0.120033846503));
#332 = CARTESIAN_POINT('',(0.673198425769,-0.175116139327));
#333 = CARTESIAN_POINT('',(0.897597901026,-0.220320441205));
#334 = CARTESIAN_POINT('',(1.121997376282,-0.251743562703));
#335 = CARTESIAN_POINT('',(1.346396851538,-0.267456263144));
#336 = CARTESIAN_POINT('',(1.570796326795,-0.267456263144));
#337 = ( GEOMETRIC_REPRESENTATION_CONTEXT(2) 
PARAMETRIC_REPRESENTATION_CONTEXT() REPRESENTATION_CONTEXT('2D SPACE',''
  ) );
#338 = ORIENTED_EDGE('',*,*,#203,.F.);
#339 = ORIENTED_EDGE('',*,*,#340,.T.);
#340 = EDGE_CURVE('',#204,#204,#341,.T.);
#341 = SURFACE_CURVE('',#342,(#347),.PCURVE_S1.);
#342 = CIRCLE('',#343,4.7625);
#343 = AXIS2_PLACEMENT_3D('',#344,#345,#346);
#344 = CARTESIAN_POINT('',(-53.25260844998,57.852566559022,0.));
#345 = DIRECTION('',(0.167506223305,0.985871018518,-1.084432267221E-33)
  );
#346 = DIRECTION('',(1.09453670407E-16,-1.859692658809E-17,-1.));
#347 = PCURVE('',#214,#348);
#348 = DEFINITIONAL_REPRESENTATION('',(#349),#353);
#349 = LINE('',#350,#351);
#350 = CARTESIAN_POINT('',(0.,-1.480537077276));
#351 = VECTOR('',#352,1.);
#352 = DIRECTION('',(1.,0.));
#353 = ( GEOMETRIC_REPRESENTATION_CONTEXT(2) 
PARAMETRIC_REPRESENTATION_CONTEXT() REPRESENTATION_CONTEXT('2D SPACE',''
  ) );
#354 = ADVANCED_FACE('',(#355),#255,.T.);
#355 = FACE_BOUND('',#356,.T.);
#356 = EDGE_LOOP('',(#357,#379,#420,#454,#486,#487,#488,#489));
#357 = ORIENTED_EDGE('',*,*,#358,.T.);
#358 = EDGE_CURVE('',#206,#359,#361,.T.);
#359 = VERTEX_POINT('',#360);
#360 = CARTESIAN_POINT('',(-50.34673683864,70.957085164688,-4.7625));
#361 = SEAM_CURVE('',#362,(#366,#372),.PCURVE_S1.);
#362 = LINE('',#363,#364);
#363 = CARTESIAN_POINT('',(-52.00265483577,65.20926661723,-4.7625));
#364 = VECTOR('',#365,1.);
#365 = DIRECTION('',(0.276835511425,0.960917321945,0.));
#366 = PCURVE('',#255,#367);
#367 = DEFINITIONAL_REPRESENTATION('',(#368),#371);
#368 = B_SPLINE_CURVE_WITH_KNOTS('',1,(#369,#370),.UNSPECIFIED.,.F.,.F.,
  (2,2),(-1.480537077276,7.46213238854),.PIECEWISE_BEZIER_KNOTS.);
#369 = CARTESIAN_POINT('',(6.28318530718,-1.480537077276));
#370 = CARTESIAN_POINT('',(6.28318530718,7.46213238854));
#371 = ( GEOMETRIC_REPRESENTATION_CONTEXT(2) 
PARAMETRIC_REPRESENTATION_CONTEXT() REPRESENTATION_CONTEXT('2D SPACE',''
  ) );
#372 = PCURVE('',#255,#373);
#373 = DEFINITIONAL_REPRESENTATION('',(#374),#378);
#374 = LINE('',#375,#376);
#375 = CARTESIAN_POINT('',(0.,0.));
#376 = VECTOR('',#377,1.);
#377 = DIRECTION('',(0.,1.));
#378 = ( GEOMETRIC_REPRESENTATION_CONTEXT(2) 
PARAMETRIC_REPRESENTATION_CONTEXT() REPRESENTATION_CONTEXT('2D SPACE',''
  ) );
#379 = ORIENTED_EDGE('',*,*,#380,.F.);
#380 = EDGE_CURVE('',#381,#359,#383,.T.);
#381 = VERTEX_POINT('',#382);
#382 = CARTESIAN_POINT('',(-50.34673683864,70.957085164689,4.7625));
#383 = SURFACE_CURVE('',#384,(#389,#402),.PCURVE_S1.);
#384 = ELLIPSE('',#385,4.770004098813,4.7625);
#385 = AXIS2_PLACEMENT_3D('',#386,#387,#388);
#386 = CARTESIAN_POINT('',(-50.34673683864,70.957085164689,0.));
#387 = DIRECTION('',(0.330279061955,0.943883330308,0.));
#388 = DIRECTION('',(-0.943883330308,0.330279061955,0.));
#389 = PCURVE('',#255,#390);
#390 = DEFINITIONAL_REPRESENTATION('',(#391),#401);
#391 = B_SPLINE_CURVE_WITH_KNOTS('',8,(#392,#393,#394,#395,#396,#397,
    #398,#399,#400),.UNSPECIFIED.,.F.,.F.,(9,9),(1.570796326795,
    4.712388980385),.PIECEWISE_BEZIER_KNOTS.);
#392 = CARTESIAN_POINT('',(3.14159265359,5.981595311264));
#393 = CARTESIAN_POINT('',(3.534291735289,5.876565482332));
#394 = CARTESIAN_POINT('',(3.926990816988,5.771534815944));
#395 = CARTESIAN_POINT('',(4.319689898689,5.691194155316));
#396 = CARTESIAN_POINT('',(4.712388980387,5.660166763024));
#397 = CARTESIAN_POINT('',(5.105088062085,5.691194155316));
#398 = CARTESIAN_POINT('',(5.497787143782,5.771534815943));
#399 = CARTESIAN_POINT('',(5.890486225481,5.876565482332));
#400 = CARTESIAN_POINT('',(6.28318530718,5.981595311264));
#401 = ( GEOMETRIC_REPRESENTATION_CONTEXT(2) 
PARAMETRIC_REPRESENTATION_CONTEXT() REPRESENTATION_CONTEXT('2D SPACE',''
  ) );
#402 = PCURVE('',#403,#408);
#403 = CYLINDRICAL_SURFACE('',#404,4.7625);
#404 = AXIS2_PLACEMENT_3D('',#405,#406,#407);
#405 = CARTESIAN_POINT('',(-50.34673683864,70.957085164689,0.));
#406 = DIRECTION('',(0.382683432365,0.923879532511,0.));
#407 = DIRECTION('',(1.025712328974E-16,-4.248639577543E-17,-1.));
#408 = DEFINITIONAL_REPRESENTATION('',(#409),#419);
#409 = B_SPLINE_CURVE_WITH_KNOTS('',8,(#410,#411,#412,#413,#414,#415,
    #416,#417,#418),.UNSPECIFIED.,.F.,.F.,(9,9),(1.570796326795,
    4.712388980385),.PIECEWISE_BEZIER_KNOTS.);
#410 = CARTESIAN_POINT('',(3.14159265359,-1.207922650792E-13));
#411 = CARTESIAN_POINT('',(3.534291735289,0.105029828931));
#412 = CARTESIAN_POINT('',(3.926990816989,0.210060495319));
#413 = CARTESIAN_POINT('',(4.319689898685,0.290401155932));
#414 = CARTESIAN_POINT('',(4.712388980392,0.321428548244));
#415 = CARTESIAN_POINT('',(5.105088062083,0.290401155932));
#416 = CARTESIAN_POINT('',(5.497787143784,0.210060495319));
#417 = CARTESIAN_POINT('',(5.890486225481,0.105029828931));
#418 = CARTESIAN_POINT('',(6.28318530718,-1.207922650792E-13));
#419 = ( GEOMETRIC_REPRESENTATION_CONTEXT(2) 
PARAMETRIC_REPRESENTATION_CONTEXT() REPRESENTATION_CONTEXT('2D SPACE',''
  ) );
#420 = ORIENTED_EDGE('',*,*,#421,.F.);
#421 = EDGE_CURVE('',#422,#381,#424,.T.);
#422 = VERTEX_POINT('',#423);
#423 = CARTESIAN_POINT('',(-54.84906419302,72.532517643967,
    -5.832380380939E-16));
#424 = SURFACE_CURVE('',#425,(#430,#442),.PCURVE_S1.);
#425 = ELLIPSE('',#426,4.770004098813,4.7625);
#426 = AXIS2_PLACEMENT_3D('',#427,#428,#429);
#427 = CARTESIAN_POINT('',(-50.34673683864,70.957085164689,0.));
#428 = DIRECTION('',(0.330279061955,0.943883330308,0.));
#429 = DIRECTION('',(-0.943883330308,0.330279061955,0.));
#430 = PCURVE('',#255,#431);
#431 = DEFINITIONAL_REPRESENTATION('',(#432),#441);
#432 = B_SPLINE_CURVE_WITH_KNOTS('',7,(#433,#434,#435,#436,#437,#438,
    #439,#440),.UNSPECIFIED.,.F.,.F.,(8,8),(0.,1.570796326795),
  .PIECEWISE_BEZIER_KNOTS.);
#433 = CARTESIAN_POINT('',(1.570796326795,6.249051574407));
#434 = CARTESIAN_POINT('',(1.795195802051,6.249051574407));
#435 = CARTESIAN_POINT('',(2.019595277307,6.233338873968));
#436 = CARTESIAN_POINT('',(2.243994752565,6.201915752465));
#437 = CARTESIAN_POINT('',(2.46839422782,6.156711450596));
#438 = CARTESIAN_POINT('',(2.692793703077,6.101629157765));
#439 = CARTESIAN_POINT('',(2.917193178333,6.041612356367));
#440 = CARTESIAN_POINT('',(3.14159265359,5.981595311264));
#441 = ( GEOMETRIC_REPRESENTATION_CONTEXT(2) 
PARAMETRIC_REPRESENTATION_CONTEXT() REPRESENTATION_CONTEXT('2D SPACE',''
  ) );
#442 = PCURVE('',#403,#443);
#443 = DEFINITIONAL_REPRESENTATION('',(#444),#453);
#444 = B_SPLINE_CURVE_WITH_KNOTS('',7,(#445,#446,#447,#448,#449,#450,
    #451,#452),.UNSPECIFIED.,.F.,.F.,(8,8),(0.,1.570796326795),
  .PIECEWISE_BEZIER_KNOTS.);
#445 = CARTESIAN_POINT('',(1.570796326795,-0.267456263144));
#446 = CARTESIAN_POINT('',(1.795195802051,-0.267456263144));
#447 = CARTESIAN_POINT('',(2.019595277308,-0.251743562703));
#448 = CARTESIAN_POINT('',(2.243994752564,-0.220320441205));
#449 = CARTESIAN_POINT('',(2.468394227821,-0.175116139327));
#450 = CARTESIAN_POINT('',(2.692793703077,-0.120033846503));
#451 = CARTESIAN_POINT('',(2.917193178333,-6.001704510361E-02));
#452 = CARTESIAN_POINT('',(3.14159265359,-1.207922650792E-13));
#453 = ( GEOMETRIC_REPRESENTATION_CONTEXT(2) 
PARAMETRIC_REPRESENTATION_CONTEXT() REPRESENTATION_CONTEXT('2D SPACE',''
  ) );
#454 = ORIENTED_EDGE('',*,*,#455,.F.);
#455 = EDGE_CURVE('',#359,#422,#456,.T.);
#456 = SURFACE_CURVE('',#457,(#462,#474),.PCURVE_S1.);
#457 = ELLIPSE('',#458,4.770004098813,4.7625);
#458 = AXIS2_PLACEMENT_3D('',#459,#460,#461);
#459 = CARTESIAN_POINT('',(-50.34673683864,70.957085164689,0.));
#460 = DIRECTION('',(0.330279061955,0.943883330308,0.));
#461 = DIRECTION('',(-0.943883330308,0.330279061955,0.));
#462 = PCURVE('',#255,#463);
#463 = DEFINITIONAL_REPRESENTATION('',(#464),#473);
#464 = B_SPLINE_CURVE_WITH_KNOTS('',7,(#465,#466,#467,#468,#469,#470,
    #471,#472),.UNSPECIFIED.,.F.,.F.,(8,8),(4.712388980385,6.28318530718
    ),.PIECEWISE_BEZIER_KNOTS.);
#465 = CARTESIAN_POINT('',(0.,5.981595311264));
#466 = CARTESIAN_POINT('',(0.224399475256,6.041612356367));
#467 = CARTESIAN_POINT('',(0.448798950513,6.101629157767));
#468 = CARTESIAN_POINT('',(0.673198425769,6.15671145059));
#469 = CARTESIAN_POINT('',(0.897597901026,6.201915752469));
#470 = CARTESIAN_POINT('',(1.121997376282,6.233338873966));
#471 = CARTESIAN_POINT('',(1.346396851538,6.249051574407));
#472 = CARTESIAN_POINT('',(1.570796326795,6.249051574407));
#473 = ( GEOMETRIC_REPRESENTATION_CONTEXT(2) 
PARAMETRIC_REPRESENTATION_CONTEXT() REPRESENTATION_CONTEXT('2D SPACE',''
  ) );
#474 = PCURVE('',#403,#475);
#475 = DEFINITIONAL_REPRESENTATION('',(#476),#485);
#476 = B_SPLINE_CURVE_WITH_KNOTS('',7,(#477,#478,#479,#480,#481,#482,
    #483,#484),.UNSPECIFIED.,.F.,.F.,(8,8),(4.712388980385,6.28318530718
    ),.PIECEWISE_BEZIER_KNOTS.);
#477 = CARTESIAN_POINT('',(0.,-1.207922650792E-13));
#478 = CARTESIAN_POINT('',(0.224399475256,-6.001704510361E-02));
#479 = CARTESIAN_POINT('',(0.448798950513,-0.120033846503));
#480 = CARTESIAN_POINT('',(0.673198425769,-0.175116139327));
#481 = CARTESIAN_POINT('',(0.897597901026,-0.220320441205));
#482 = CARTESIAN_POINT('',(1.121997376282,-0.251743562703));
#483 = CARTESIAN_POINT('',(1.346396851538,-0.267456263144));
#484 = CARTESIAN_POINT('',(1.570796326795,-0.267456263144));
#485 = ( GEOMETRIC_REPRESENTATION_CONTEXT(2) 
PARAMETRIC_REPRESENTATION_CONTEXT() REPRESENTATION_CONTEXT('2D SPACE',''
  ) );
#486 = ORIENTED_EDGE('',*,*,#358,.F.);
#487 = ORIENTED_EDGE('',*,*,#307,.T.);
#488 = ORIENTED_EDGE('',*,*,#273,.T.);
#489 = ORIENTED_EDGE('',*,*,#232,.T.);
#490 = ADVANCED_FACE('',(#491),#403,.T.);
#491 = FACE_BOUND('',#492,.T.);
#492 = EDGE_LOOP('',(#493,#515,#556,#590,#622,#623,#624,#625));
#493 = ORIENTED_EDGE('',*,*,#494,.T.);
#494 = EDGE_CURVE('',#359,#495,#497,.T.);
#495 = VERTEX_POINT('',#496);
#496 = CARTESIAN_POINT('',(-48.05767941391,76.48335864453,-4.7625));
#497 = SEAM_CURVE('',#498,(#502,#508),.PCURVE_S1.);
#498 = LINE('',#499,#500);
#499 = CARTESIAN_POINT('',(-50.34673683864,70.957085164689,-4.7625));
#500 = VECTOR('',#501,1.);
#501 = DIRECTION('',(0.382683432365,0.923879532511,0.));
#502 = PCURVE('',#403,#503);
#503 = DEFINITIONAL_REPRESENTATION('',(#504),#507);
#504 = B_SPLINE_CURVE_WITH_KNOTS('',1,(#505,#506),.UNSPECIFIED.,.F.,.F.,
  (2,2),(-1.480537077276,7.46213238854),.PIECEWISE_BEZIER_KNOTS.);
#505 = CARTESIAN_POINT('',(6.28318530718,-1.480537077276));
#506 = CARTESIAN_POINT('',(6.28318530718,7.46213238854));
#507 = ( GEOMETRIC_REPRESENTATION_CONTEXT(2) 
PARAMETRIC_REPRESENTATION_CONTEXT() REPRESENTATION_CONTEXT('2D SPACE',''
  ) );
#508 = PCURVE('',#403,#509);
#509 = DEFINITIONAL_REPRESENTATION('',(#510),#514);
#510 = LINE('',#511,#512);
#511 = CARTESIAN_POINT('',(0.,0.));
#512 = VECTOR('',#513,1.);
#513 = DIRECTION('',(0.,1.));
#514 = ( GEOMETRIC_REPRESENTATION_CONTEXT(2) 
PARAMETRIC_REPRESENTATION_CONTEXT() REPRESENTATION_CONTEXT('2D SPACE',''
  ) );
#515 = ORIENTED_EDGE('',*,*,#516,.F.);
#516 = EDGE_CURVE('',#517,#495,#519,.T.);
#517 = VERTEX_POINT('',#518);
#518 = CARTESIAN_POINT('',(-48.05767941391,76.48335864453,4.7625));
#519 = SURFACE_CURVE('',#520,(#525,#538),.PCURVE_S1.);
#520 = ELLIPSE('',#521,4.770004098813,4.7625);
#521 = AXIS2_PLACEMENT_3D('',#522,#523,#524);
#522 = CARTESIAN_POINT('',(-48.05767941391,76.48335864453,0.));
#523 = DIRECTION('',(0.433883739118,0.900968867902,0.));
#524 = DIRECTION('',(-0.900968867902,0.433883739118,0.));
#525 = PCURVE('',#403,#526);
#526 = DEFINITIONAL_REPRESENTATION('',(#527),#537);
#527 = B_SPLINE_CURVE_WITH_KNOTS('',8,(#528,#529,#530,#531,#532,#533,
    #534,#535,#536),.UNSPECIFIED.,.F.,.F.,(9,9),(1.570796326795,
    4.712388980385),.PIECEWISE_BEZIER_KNOTS.);
#528 = CARTESIAN_POINT('',(3.14159265359,5.981595311264));
#529 = CARTESIAN_POINT('',(3.534291735289,5.876565482332));
#530 = CARTESIAN_POINT('',(3.926990816988,5.771534815937));
#531 = CARTESIAN_POINT('',(4.319689898685,5.691194155351));
#532 = CARTESIAN_POINT('',(4.712388980392,5.660166762972));
#533 = CARTESIAN_POINT('',(5.105088062084,5.691194155342));
#534 = CARTESIAN_POINT('',(5.497787143783,5.771534815936));
#535 = CARTESIAN_POINT('',(5.890486225481,5.876565482332));
#536 = CARTESIAN_POINT('',(6.28318530718,5.981595311264));
#537 = ( GEOMETRIC_REPRESENTATION_CONTEXT(2) 
PARAMETRIC_REPRESENTATION_CONTEXT() REPRESENTATION_CONTEXT('2D SPACE',''
  ) );
#538 = PCURVE('',#539,#544);
#539 = CYLINDRICAL_SURFACE('',#540,4.7625);
#540 = AXIS2_PLACEMENT_3D('',#541,#542,#543);
#541 = CARTESIAN_POINT('',(-48.05767941391,76.483358644531,0.));
#542 = DIRECTION('',(0.483718887105,0.875223421909,0.));
#543 = DIRECTION('',(9.716931946943E-17,-5.370358459103E-17,-1.));
#544 = DEFINITIONAL_REPRESENTATION('',(#545),#555);
#545 = B_SPLINE_CURVE_WITH_KNOTS('',8,(#546,#547,#548,#549,#550,#551,
    #552,#553,#554),.UNSPECIFIED.,.F.,.F.,(9,9),(1.570796326795,
    4.712388980385),.PIECEWISE_BEZIER_KNOTS.);
#546 = CARTESIAN_POINT('',(3.14159265359,-9.237055564881E-14));
#547 = CARTESIAN_POINT('',(3.534291735289,0.105029828931));
#548 = CARTESIAN_POINT('',(3.926990816989,0.210060495319));
#549 = CARTESIAN_POINT('',(4.319689898686,0.290401155933));
#550 = CARTESIAN_POINT('',(4.712388980392,0.321428548243));
#551 = CARTESIAN_POINT('',(5.105088062083,0.290401155933));
#552 = CARTESIAN_POINT('',(5.497787143783,0.210060495319));
#553 = CARTESIAN_POINT('',(5.890486225481,0.105029828931));
#554 = CARTESIAN_POINT('',(6.28318530718,-9.237055564881E-14));
#555 = ( GEOMETRIC_REPRESENTATION_CONTEXT(2) 
PARAMETRIC_REPRESENTATION_CONTEXT() REPRESENTATION_CONTEXT('2D SPACE',''
  ) );
#556 = ORIENTED_EDGE('',*,*,#557,.F.);
#557 = EDGE_CURVE('',#558,#517,#560,.T.);
#558 = VERTEX_POINT('',#559);
#559 = CARTESIAN_POINT('',(-52.35530460671,78.55298585853,
    -5.832380380939E-16));
#560 = SURFACE_CURVE('',#561,(#566,#578),.PCURVE_S1.);
#561 = ELLIPSE('',#562,4.770004098813,4.7625);
#562 = AXIS2_PLACEMENT_3D('',#563,#564,#565);
#563 = CARTESIAN_POINT('',(-48.05767941391,76.48335864453,0.));
#564 = DIRECTION('',(0.433883739118,0.900968867902,0.));
#565 = DIRECTION('',(-0.900968867902,0.433883739118,0.));
#566 = PCURVE('',#403,#567);
#567 = DEFINITIONAL_REPRESENTATION('',(#568),#577);
#568 = B_SPLINE_CURVE_WITH_KNOTS('',7,(#569,#570,#571,#572,#573,#574,
    #575,#576),.UNSPECIFIED.,.F.,.F.,(8,8),(0.,1.570796326795),
  .PIECEWISE_BEZIER_KNOTS.);
#569 = CARTESIAN_POINT('',(1.570796326795,6.249051574407));
#570 = CARTESIAN_POINT('',(1.795195802051,6.249051574407));
#571 = CARTESIAN_POINT('',(2.019595277308,6.233338873966));
#572 = CARTESIAN_POINT('',(2.243994752563,6.20191575247));
#573 = CARTESIAN_POINT('',(2.468394227822,6.156711450591));
#574 = CARTESIAN_POINT('',(2.692793703077,6.101629157766));
#575 = CARTESIAN_POINT('',(2.917193178333,6.041612356367));
#576 = CARTESIAN_POINT('',(3.14159265359,5.981595311264));
#577 = ( GEOMETRIC_REPRESENTATION_CONTEXT(2) 
PARAMETRIC_REPRESENTATION_CONTEXT() REPRESENTATION_CONTEXT('2D SPACE',''
  ) );
#578 = PCURVE('',#539,#579);
#579 = DEFINITIONAL_REPRESENTATION('',(#580),#589);
#580 = B_SPLINE_CURVE_WITH_KNOTS('',7,(#581,#582,#583,#584,#585,#586,
    #587,#588),.UNSPECIFIED.,.F.,.F.,(8,8),(0.,1.570796326795),
  .PIECEWISE_BEZIER_KNOTS.);
#581 = CARTESIAN_POINT('',(1.570796326795,-0.267456263144));
#582 = CARTESIAN_POINT('',(1.795195802051,-0.267456263144));
#583 = CARTESIAN_POINT('',(2.019595277307,-0.251743562703));
#584 = CARTESIAN_POINT('',(2.243994752565,-0.220320441205));
#585 = CARTESIAN_POINT('',(2.46839422782,-0.175116139327));
#586 = CARTESIAN_POINT('',(2.692793703077,-0.120033846503));
#587 = CARTESIAN_POINT('',(2.917193178333,-6.001704510358E-02));
#588 = CARTESIAN_POINT('',(3.14159265359,-9.237055564881E-14));
#589 = ( GEOMETRIC_REPRESENTATION_CONTEXT(2) 
PARAMETRIC_REPRESENTATION_CONTEXT() REPRESENTATION_CONTEXT('2D SPACE',''
  ) );
#590 = ORIENTED_EDGE('',*,*,#591,.F.);
#591 = EDGE_CURVE('',#495,#558,#592,.T.);
#592 = SURFACE_CURVE('',#593,(#598,#610),.PCURVE_S1.);
#593 = ELLIPSE('',#594,4.770004098813,4.7625);
#594 = AXIS2_PLACEMENT_3D('',#595,#596,#597);
#595 = CARTESIAN_POINT('',(-48.05767941391,76.48335864453,0.));
#596 = DIRECTION('',(0.433883739118,0.900968867902,0.));
#597 = DIRECTION('',(-0.900968867902,0.433883739118,0.));
#598 = PCURVE('',#403,#599);
#599 = DEFINITIONAL_REPRESENTATION('',(#600),#609);
#600 = B_SPLINE_CURVE_WITH_KNOTS('',7,(#601,#602,#603,#604,#605,#606,
    #607,#608),.UNSPECIFIED.,.F.,.F.,(8,8),(4.712388980385,6.28318530718
    ),.PIECEWISE_BEZIER_KNOTS.);
#601 = CARTESIAN_POINT('',(0.,5.981595311264));
#602 = CARTESIAN_POINT('',(0.224399475256,6.041612356367));
#603 = CARTESIAN_POINT('',(0.448798950513,6.101629157765));
#604 = CARTESIAN_POINT('',(0.673198425769,6.156711450592));
#605 = CARTESIAN_POINT('',(0.897597901026,6.201915752468));
#606 = CARTESIAN_POINT('',(1.121997376282,6.233338873967));
#607 = CARTESIAN_POINT('',(1.346396851538,6.249051574407));
#608 = CARTESIAN_POINT('',(1.570796326795,6.249051574407));
#609 = ( GEOMETRIC_REPRESENTATION_CONTEXT(2) 
PARAMETRIC_REPRESENTATION_CONTEXT() REPRESENTATION_CONTEXT('2D SPACE',''
  ) );
#610 = PCURVE('',#539,#611);
#611 = DEFINITIONAL_REPRESENTATION('',(#612),#621);
#612 = B_SPLINE_CURVE_WITH_KNOTS('',7,(#613,#614,#615,#616,#617,#618,
    #619,#620),.UNSPECIFIED.,.F.,.F.,(8,8),(4.712388980385,6.28318530718
    ),.PIECEWISE_BEZIER_KNOTS.);
#613 = CARTESIAN_POINT('',(0.,-9.237055564881E-14));
#614 = CARTESIAN_POINT('',(0.224399475256,-6.001704510358E-02));
#615 = CARTESIAN_POINT('',(0.448798950513,-0.120033846503));
#616 = CARTESIAN_POINT('',(0.673198425769,-0.175116139327));
#617 = CARTESIAN_POINT('',(0.897597901026,-0.220320441205));
#618 = CARTESIAN_POINT('',(1.121997376282,-0.251743562703));
#619 = CARTESIAN_POINT('',(1.346396851538,-0.267456263144));
#620 = CARTESIAN_POINT('',(1.570796326795,-0.267456263144));
#621 = ( GEOMETRIC_REPRESENTATION_CONTEXT(2) 
PARAMETRIC_REPRESENTATION_CONTEXT() REPRESENTATION_CONTEXT('2D SPACE',''
  ) );
#622 = ORIENTED_EDGE('',*,*,#494,.F.);
#623 = ORIENTED_EDGE('',*,*,#455,.T.);
#624 = ORIENTED_EDGE('',*,*,#421,.T.);
#625 = ORIENTED_EDGE('',*,*,#380,.T.);
#626 = ADVANCED_FACE('',(#627),#539,.T.);
#627 = FACE_BOUND('',#628,.T.);
#628 = EDGE_LOOP('',(#629,#651,#692,#726,#758,#759,#760,#761));
#629 = ORIENTED_EDGE('',*,*,#630,.T.);
#630 = EDGE_CURVE('',#495,#631,#633,.T.);
#631 = VERTEX_POINT('',#632);
#632 = CARTESIAN_POINT('',(-45.16426878683,81.718590961328,-4.7625));
#633 = SEAM_CURVE('',#634,(#638,#644),.PCURVE_S1.);
#634 = LINE('',#635,#636);
#635 = CARTESIAN_POINT('',(-48.05767941391,76.483358644531,-4.7625));
#636 = VECTOR('',#637,1.);
#637 = DIRECTION('',(0.483718887105,0.875223421909,0.));
#638 = PCURVE('',#539,#639);
#639 = DEFINITIONAL_REPRESENTATION('',(#640),#643);
#640 = B_SPLINE_CURVE_WITH_KNOTS('',1,(#641,#642),.UNSPECIFIED.,.F.,.F.,
  (2,2),(-1.480537077276,7.46213238854),.PIECEWISE_BEZIER_KNOTS.);
#641 = CARTESIAN_POINT('',(6.28318530718,-1.480537077276));
#642 = CARTESIAN_POINT('',(6.28318530718,7.46213238854));
#643 = ( GEOMETRIC_REPRESENTATION_CONTEXT(2) 
PARAMETRIC_REPRESENTATION_CONTEXT() REPRESENTATION_CONTEXT('2D SPACE',''
  ) );
#644 = PCURVE('',#539,#645);
#645 = DEFINITIONAL_REPRESENTATION('',(#646),#650);
#646 = LINE('',#647,#648);
#647 = CARTESIAN_POINT('',(0.,0.));
#648 = VECTOR('',#649,1.);
#649 = DIRECTION('',(0.,1.));
#650 = ( GEOMETRIC_REPRESENTATION_CONTEXT(2) 
PARAMETRIC_REPRESENTATION_CONTEXT() REPRESENTATION_CONTEXT('2D SPACE',''
  ) );
#651 = ORIENTED_EDGE('',*,*,#652,.F.);
#652 = EDGE_CURVE('',#653,#631,#655,.T.);
#653 = VERTEX_POINT('',#654);
#654 = CARTESIAN_POINT('',(-45.16426878683,81.718590961328,4.7625));
#655 = SURFACE_CURVE('',#656,(#661,#674),.PCURVE_S1.);
#656 = ELLIPSE('',#657,4.770004098813,4.7625);
#657 = AXIS2_PLACEMENT_3D('',#658,#659,#660);
#658 = CARTESIAN_POINT('',(-45.16426878683,81.718590961328,0.));
#659 = DIRECTION('',(0.532032076515,0.846724199228,0.));
#660 = DIRECTION('',(-0.846724199228,0.532032076515,0.));
#661 = PCURVE('',#539,#662);
#662 = DEFINITIONAL_REPRESENTATION('',(#663),#673);
#663 = B_SPLINE_CURVE_WITH_KNOTS('',8,(#664,#665,#666,#667,#668,#669,
    #670,#671,#672),.UNSPECIFIED.,.F.,.F.,(9,9),(1.570796326795,
    4.712388980385),.PIECEWISE_BEZIER_KNOTS.);
#664 = CARTESIAN_POINT('',(3.14159265359,5.981595311264));
#665 = CARTESIAN_POINT('',(3.534291735289,5.876565482333));
#666 = CARTESIAN_POINT('',(3.926990816988,5.77153481595));
#667 = CARTESIAN_POINT('',(4.319689898692,5.691194155301));
#668 = CARTESIAN_POINT('',(4.712388980385,5.660166763031));
#669 = CARTESIAN_POINT('',(5.105088062087,5.691194155297));
#670 = CARTESIAN_POINT('',(5.497787143782,5.771534815948));
#671 = CARTESIAN_POINT('',(5.890486225481,5.876565482333));
#672 = CARTESIAN_POINT('',(6.28318530718,5.981595311264));
#673 = ( GEOMETRIC_REPRESENTATION_CONTEXT(2) 
PARAMETRIC_REPRESENTATION_CONTEXT() REPRESENTATION_CONTEXT('2D SPACE',''
  ) );
#674 = PCURVE('',#675,#680);
#675 = CYLINDRICAL_SURFACE('',#676,4.7625);
#676 = AXIS2_PLACEMENT_3D('',#677,#678,#679);
#677 = CARTESIAN_POINT('',(-45.16426878683,81.718590961328,0.));
#678 = DIRECTION('',(0.57867129618,0.815560868959,0.));
#679 = DIRECTION('',(9.054544547019E-17,-6.424541967085E-17,-1.));
#680 = DEFINITIONAL_REPRESENTATION('',(#681),#691);
#681 = B_SPLINE_CURVE_WITH_KNOTS('',8,(#682,#683,#684,#685,#686,#687,
    #688,#689,#690),.UNSPECIFIED.,.F.,.F.,(9,9),(1.570796326795,
    4.712388980385),.PIECEWISE_BEZIER_KNOTS.);
#682 = CARTESIAN_POINT('',(3.14159265359,2.13162820728E-14));
#683 = CARTESIAN_POINT('',(3.534291735289,0.105029828931));
#684 = CARTESIAN_POINT('',(3.926990816988,0.210060495319));
#685 = CARTESIAN_POINT('',(4.319689898686,0.290401155933));
#686 = CARTESIAN_POINT('',(4.712388980387,0.321428548244));
#687 = CARTESIAN_POINT('',(5.105088062084,0.290401155933));
#688 = CARTESIAN_POINT('',(5.497787143783,0.210060495319));
#689 = CARTESIAN_POINT('',(5.890486225481,0.105029828931));
#690 = CARTESIAN_POINT('',(6.28318530718,2.13162820728E-14));
#691 = ( GEOMETRIC_REPRESENTATION_CONTEXT(2) 
PARAMETRIC_REPRESENTATION_CONTEXT() REPRESENTATION_CONTEXT('2D SPACE',''
  ) );
#692 = ORIENTED_EDGE('',*,*,#693,.F.);
#693 = EDGE_CURVE('',#694,#653,#696,.T.);
#694 = VERTEX_POINT('',#695);
#695 = CARTESIAN_POINT('',(-49.20314668772,84.256386147006,
    -5.832380380939E-16));
#696 = SURFACE_CURVE('',#697,(#702,#714),.PCURVE_S1.);
#697 = ELLIPSE('',#698,4.770004098813,4.7625);
#698 = AXIS2_PLACEMENT_3D('',#699,#700,#701);
#699 = CARTESIAN_POINT('',(-45.16426878683,81.718590961328,0.));
#700 = DIRECTION('',(0.532032076515,0.846724199228,0.));
#701 = DIRECTION('',(-0.846724199228,0.532032076515,0.));
#702 = PCURVE('',#539,#703);
#703 = DEFINITIONAL_REPRESENTATION('',(#704),#713);
#704 = B_SPLINE_CURVE_WITH_KNOTS('',7,(#705,#706,#707,#708,#709,#710,
    #711,#712),.UNSPECIFIED.,.F.,.F.,(8,8),(0.,1.570796326795),
  .PIECEWISE_BEZIER_KNOTS.);
#705 = CARTESIAN_POINT('',(1.570796326795,6.249051574407));
#706 = CARTESIAN_POINT('',(1.795195802051,6.249051574407));
#707 = CARTESIAN_POINT('',(2.019595277307,6.233338873968));
#708 = CARTESIAN_POINT('',(2.243994752565,6.201915752466));
#709 = CARTESIAN_POINT('',(2.46839422782,6.156711450594));
#710 = CARTESIAN_POINT('',(2.692793703077,6.101629157765));
#711 = CARTESIAN_POINT('',(2.917193178333,6.041612356367));
#712 = CARTESIAN_POINT('',(3.14159265359,5.981595311264));
#713 = ( GEOMETRIC_REPRESENTATION_CONTEXT(2) 
PARAMETRIC_REPRESENTATION_CONTEXT() REPRESENTATION_CONTEXT('2D SPACE',''
  ) );
#714 = PCURVE('',#675,#715);
#715 = DEFINITIONAL_REPRESENTATION('',(#716),#725);
#716 = B_SPLINE_CURVE_WITH_KNOTS('',7,(#717,#718,#719,#720,#721,#722,
    #723,#724),.UNSPECIFIED.,.F.,.F.,(8,8),(0.,1.570796326795),
  .PIECEWISE_BEZIER_KNOTS.);
#717 = CARTESIAN_POINT('',(1.570796326795,-0.267456263144));
#718 = CARTESIAN_POINT('',(1.795195802051,-0.267456263144));
#719 = CARTESIAN_POINT('',(2.019595277307,-0.251743562703));
#720 = CARTESIAN_POINT('',(2.243994752566,-0.220320441205));
#721 = CARTESIAN_POINT('',(2.468394227819,-0.175116139326));
#722 = CARTESIAN_POINT('',(2.692793703078,-0.120033846503));
#723 = CARTESIAN_POINT('',(2.917193178333,-6.001704510347E-02));
#724 = CARTESIAN_POINT('',(3.14159265359,2.13162820728E-14));
#725 = ( GEOMETRIC_REPRESENTATION_CONTEXT(2) 
PARAMETRIC_REPRESENTATION_CONTEXT() REPRESENTATION_CONTEXT('2D SPACE',''
  ) );
#726 = ORIENTED_EDGE('',*,*,#727,.F.);
#727 = EDGE_CURVE('',#631,#694,#728,.T.);
#728 = SURFACE_CURVE('',#729,(#734,#746),.PCURVE_S1.);
#729 = ELLIPSE('',#730,4.770004098813,4.7625);
#730 = AXIS2_PLACEMENT_3D('',#731,#732,#733);
#731 = CARTESIAN_POINT('',(-45.16426878683,81.718590961328,0.));
#732 = DIRECTION('',(0.532032076515,0.846724199228,0.));
#733 = DIRECTION('',(-0.846724199228,0.532032076515,0.));
#734 = PCURVE('',#539,#735);
#735 = DEFINITIONAL_REPRESENTATION('',(#736),#745);
#736 = B_SPLINE_CURVE_WITH_KNOTS('',7,(#737,#738,#739,#740,#741,#742,
    #743,#744),.UNSPECIFIED.,.F.,.F.,(8,8),(4.712388980385,6.28318530718
    ),.PIECEWISE_BEZIER_KNOTS.);
#737 = CARTESIAN_POINT('',(0.,5.981595311264));
#738 = CARTESIAN_POINT('',(0.224399475256,6.041612356367));
#739 = CARTESIAN_POINT('',(0.448798950513,6.101629157766));
#740 = CARTESIAN_POINT('',(0.67319842577,6.15671145059));
#741 = CARTESIAN_POINT('',(0.897597901026,6.201915752469));
#742 = CARTESIAN_POINT('',(1.121997376282,6.233338873966));
#743 = CARTESIAN_POINT('',(1.346396851538,6.249051574407));
#744 = CARTESIAN_POINT('',(1.570796326795,6.249051574407));
#745 = ( GEOMETRIC_REPRESENTATION_CONTEXT(2) 
PARAMETRIC_REPRESENTATION_CONTEXT() REPRESENTATION_CONTEXT('2D SPACE',''
  ) );
#746 = PCURVE('',#675,#747);
#747 = DEFINITIONAL_REPRESENTATION('',(#748),#757);
#748 = B_SPLINE_CURVE_WITH_KNOTS('',7,(#749,#750,#751,#752,#753,#754,
    #755,#756),.UNSPECIFIED.,.F.,.F.,(8,8),(4.712388980385,6.28318530718
    ),.PIECEWISE_BEZIER_KNOTS.);
#749 = CARTESIAN_POINT('',(0.,2.13162820728E-14));
#750 = CARTESIAN_POINT('',(0.224399475256,-6.001704510347E-02));
#751 = CARTESIAN_POINT('',(0.448798950513,-0.120033846503));
#752 = CARTESIAN_POINT('',(0.673198425769,-0.175116139326));
#753 = CARTESIAN_POINT('',(0.897597901026,-0.220320441205));
#754 = CARTESIAN_POINT('',(1.121997376282,-0.251743562703));
#755 = CARTESIAN_POINT('',(1.346396851538,-0.267456263144));
#756 = CARTESIAN_POINT('',(1.570796326795,-0.267456263144));
#757 = ( GEOMETRIC_REPRESENTATION_CONTEXT(2) 
PARAMETRIC_REPRESENTATION_CONTEXT() REPRESENTATION_CONTEXT('2D SPACE',''
  ) );
#758 = ORIENTED_EDGE('',*,*,#630,.F.);
#759 = ORIENTED_EDGE('',*,*,#591,.T.);
#760 = ORIENTED_EDGE('',*,*,#557,.T.);
#761 = ORIENTED_EDGE('',*,*,#516,.T.);
#762 = ADVANCED_FACE('',(#763),#675,.T.);
#763 = FACE_BOUND('',#764,.T.);
#764 = EDGE_LOOP('',(#765,#787,#828,#862,#894,#895,#896,#897));
#765 = ORIENTED_EDGE('',*,*,#766,.T.);
#766 = EDGE_CURVE('',#631,#767,#769,.T.);
#767 = VERTEX_POINT('',#768);
#768 = CARTESIAN_POINT('',(-41.70289127484,86.596946031145,-4.7625));
#769 = SEAM_CURVE('',#770,(#774,#780),.PCURVE_S1.);
#770 = LINE('',#771,#772);
#771 = CARTESIAN_POINT('',(-45.16426878683,81.718590961328,-4.7625));
#772 = VECTOR('',#773,1.);
#773 = DIRECTION('',(0.57867129618,0.815560868959,0.));
#774 = PCURVE('',#675,#775);
#775 = DEFINITIONAL_REPRESENTATION('',(#776),#779);
#776 = B_SPLINE_CURVE_WITH_KNOTS('',1,(#777,#778),.UNSPECIFIED.,.F.,.F.,
  (2,2),(-1.480537077276,7.46213238854),.PIECEWISE_BEZIER_KNOTS.);
#777 = CARTESIAN_POINT('',(6.28318530718,-1.480537077276));
#778 = CARTESIAN_POINT('',(6.28318530718,7.46213238854));
#779 = ( GEOMETRIC_REPRESENTATION_CONTEXT(2) 
PARAMETRIC_REPRESENTATION_CONTEXT() REPRESENTATION_CONTEXT('2D SPACE',''
  ) );
#780 = PCURVE('',#675,#781);
#781 = DEFINITIONAL_REPRESENTATION('',(#782),#786);
#782 = LINE('',#783,#784);
#783 = CARTESIAN_POINT('',(0.,0.));
#784 = VECTOR('',#785,1.);
#785 = DIRECTION('',(0.,1.));
#786 = ( GEOMETRIC_REPRESENTATION_CONTEXT(2) 
PARAMETRIC_REPRESENTATION_CONTEXT() REPRESENTATION_CONTEXT('2D SPACE',''
  ) );
#787 = ORIENTED_EDGE('',*,*,#788,.F.);
#788 = EDGE_CURVE('',#789,#767,#791,.T.);
#789 = VERTEX_POINT('',#790);
#790 = CARTESIAN_POINT('',(-41.70289127484,86.596946031145,4.7625));
#791 = SURFACE_CURVE('',#792,(#797,#810),.PCURVE_S1.);
#792 = ELLIPSE('',#793,4.770004098813,4.7625);
#793 = AXIS2_PLACEMENT_3D('',#794,#795,#796);
#794 = CARTESIAN_POINT('',(-41.70289127484,86.596946031145,0.));
#795 = DIRECTION('',(0.623489801859,0.781831482468,0.));
#796 = DIRECTION('',(-0.781831482468,0.623489801859,0.));
#797 = PCURVE('',#675,#798);
#798 = DEFINITIONAL_REPRESENTATION('',(#799),#809);
#799 = B_SPLINE_CURVE_WITH_KNOTS('',8,(#800,#801,#802,#803,#804,#805,
    #806,#807,#808),.UNSPECIFIED.,.F.,.F.,(9,9),(1.570796326795,
    4.712388980385),.PIECEWISE_BEZIER_KNOTS.);
#800 = CARTESIAN_POINT('',(3.14159265359,5.981595311264));
#801 = CARTESIAN_POINT('',(3.534291735289,5.876565482333));
#802 = CARTESIAN_POINT('',(3.926990816989,5.771534815943));
#803 = CARTESIAN_POINT('',(4.319689898687,5.691194155321));
#804 = CARTESIAN_POINT('',(4.712388980394,5.66016676302));
#805 = CARTESIAN_POINT('',(5.105088062082,5.691194155321));
#806 = CARTESIAN_POINT('',(5.497787143784,5.771534815944));
#807 = CARTESIAN_POINT('',(5.890486225481,5.876565482333));
#808 = CARTESIAN_POINT('',(6.28318530718,5.981595311264));
#809 = ( GEOMETRIC_REPRESENTATION_CONTEXT(2) 
PARAMETRIC_REPRESENTATION_CONTEXT() REPRESENTATION_CONTEXT('2D SPACE',''
  ) );
#810 = PCURVE('',#811,#816);
#811 = CYLINDRICAL_SURFACE('',#812,4.7625);
#812 = AXIS2_PLACEMENT_3D('',#813,#814,#815);
#813 = CARTESIAN_POINT('',(-41.70289127484,86.596946031145,0.));
#814 = DIRECTION('',(0.666346577952,0.745642164883,0.));
#815 = DIRECTION('',(8.278290995846E-17,-7.397933132225E-17,-1.));
#816 = DEFINITIONAL_REPRESENTATION('',(#817),#827);
#817 = B_SPLINE_CURVE_WITH_KNOTS('',8,(#818,#819,#820,#821,#822,#823,
    #824,#825,#826),.UNSPECIFIED.,.F.,.F.,(9,9),(1.570796326795,
    4.712388980385),.PIECEWISE_BEZIER_KNOTS.);
#818 = CARTESIAN_POINT('',(3.14159265359,1.563194018672E-13));
#819 = CARTESIAN_POINT('',(3.534291735289,0.105029828931));
#820 = CARTESIAN_POINT('',(3.92699081699,0.210060495319));
#821 = CARTESIAN_POINT('',(4.31968989868,0.290401155933));
#822 = CARTESIAN_POINT('',(4.712388980398,0.321428548243));
#823 = CARTESIAN_POINT('',(5.105088062078,0.290401155933));
#824 = CARTESIAN_POINT('',(5.497787143785,0.210060495319));
#825 = CARTESIAN_POINT('',(5.890486225481,0.105029828931));
#826 = CARTESIAN_POINT('',(6.28318530718,1.563194018672E-13));
#827 = ( GEOMETRIC_REPRESENTATION_CONTEXT(2) 
PARAMETRIC_REPRESENTATION_CONTEXT() REPRESENTATION_CONTEXT('2D SPACE',''
  ) );
#828 = ORIENTED_EDGE('',*,*,#829,.F.);
#829 = EDGE_CURVE('',#830,#789,#832,.T.);
#830 = VERTEX_POINT('',#831);
#831 = CARTESIAN_POINT('',(-45.43223065079,89.570994941579,
    -5.832380380939E-16));
#832 = SURFACE_CURVE('',#833,(#838,#850),.PCURVE_S1.);
#833 = ELLIPSE('',#834,4.770004098813,4.7625);
#834 = AXIS2_PLACEMENT_3D('',#835,#836,#837);
#835 = CARTESIAN_POINT('',(-41.70289127484,86.596946031145,0.));
#836 = DIRECTION('',(0.623489801859,0.781831482468,0.));
#837 = DIRECTION('',(-0.781831482468,0.623489801859,0.));
#838 = PCURVE('',#675,#839);
#839 = DEFINITIONAL_REPRESENTATION('',(#840),#849);
#840 = B_SPLINE_CURVE_WITH_KNOTS('',7,(#841,#842,#843,#844,#845,#846,
    #847,#848),.UNSPECIFIED.,.F.,.F.,(8,8),(0.,1.570796326795),
  .PIECEWISE_BEZIER_KNOTS.);
#841 = CARTESIAN_POINT('',(1.570796326795,6.249051574407));
#842 = CARTESIAN_POINT('',(1.795195802051,6.249051574407));
#843 = CARTESIAN_POINT('',(2.019595277307,6.233338873966));
#844 = CARTESIAN_POINT('',(2.243994752565,6.201915752469));
#845 = CARTESIAN_POINT('',(2.46839422782,6.156711450591));
#846 = CARTESIAN_POINT('',(2.692793703077,6.101629157766));
#847 = CARTESIAN_POINT('',(2.917193178333,6.041612356367));
#848 = CARTESIAN_POINT('',(3.14159265359,5.981595311264));
#849 = ( GEOMETRIC_REPRESENTATION_CONTEXT(2) 
PARAMETRIC_REPRESENTATION_CONTEXT() REPRESENTATION_CONTEXT('2D SPACE',''
  ) );
#850 = PCURVE('',#811,#851);
#851 = DEFINITIONAL_REPRESENTATION('',(#852),#861);
#852 = B_SPLINE_CURVE_WITH_KNOTS('',7,(#853,#854,#855,#856,#857,#858,
    #859,#860),.UNSPECIFIED.,.F.,.F.,(8,8),(0.,1.570796326795),
  .PIECEWISE_BEZIER_KNOTS.);
#853 = CARTESIAN_POINT('',(1.570796326795,-0.267456263144));
#854 = CARTESIAN_POINT('',(1.795195802051,-0.267456263144));
#855 = CARTESIAN_POINT('',(2.019595277307,-0.251743562702));
#856 = CARTESIAN_POINT('',(2.243994752565,-0.220320441205));
#857 = CARTESIAN_POINT('',(2.46839422782,-0.175116139326));
#858 = CARTESIAN_POINT('',(2.692793703077,-0.120033846502));
#859 = CARTESIAN_POINT('',(2.917193178333,-6.001704510333E-02));
#860 = CARTESIAN_POINT('',(3.14159265359,1.563194018672E-13));
#861 = ( GEOMETRIC_REPRESENTATION_CONTEXT(2) 
PARAMETRIC_REPRESENTATION_CONTEXT() REPRESENTATION_CONTEXT('2D SPACE',''
  ) );
#862 = ORIENTED_EDGE('',*,*,#863,.F.);
#863 = EDGE_CURVE('',#767,#830,#864,.T.);
#864 = SURFACE_CURVE('',#865,(#870,#882),.PCURVE_S1.);
#865 = ELLIPSE('',#866,4.770004098813,4.7625);
#866 = AXIS2_PLACEMENT_3D('',#867,#868,#869);
#867 = CARTESIAN_POINT('',(-41.70289127484,86.596946031145,0.));
#868 = DIRECTION('',(0.623489801859,0.781831482468,0.));
#869 = DIRECTION('',(-0.781831482468,0.623489801859,0.));
#870 = PCURVE('',#675,#871);
#871 = DEFINITIONAL_REPRESENTATION('',(#872),#881);
#872 = B_SPLINE_CURVE_WITH_KNOTS('',7,(#873,#874,#875,#876,#877,#878,
    #879,#880),.UNSPECIFIED.,.F.,.F.,(8,8),(4.712388980385,6.28318530718
    ),.PIECEWISE_BEZIER_KNOTS.);
#873 = CARTESIAN_POINT('',(0.,5.981595311264));
#874 = CARTESIAN_POINT('',(0.224399475256,6.041612356367));
#875 = CARTESIAN_POINT('',(0.448798950513,6.101629157767));
#876 = CARTESIAN_POINT('',(0.673198425769,6.15671145059));
#877 = CARTESIAN_POINT('',(0.897597901026,6.20191575247));
#878 = CARTESIAN_POINT('',(1.121997376282,6.233338873966));
#879 = CARTESIAN_POINT('',(1.346396851538,6.249051574407));
#880 = CARTESIAN_POINT('',(1.570796326795,6.249051574407));
#881 = ( GEOMETRIC_REPRESENTATION_CONTEXT(2) 
PARAMETRIC_REPRESENTATION_CONTEXT() REPRESENTATION_CONTEXT('2D SPACE',''
  ) );
#882 = PCURVE('',#811,#883);
#883 = DEFINITIONAL_REPRESENTATION('',(#884),#893);
#884 = B_SPLINE_CURVE_WITH_KNOTS('',7,(#885,#886,#887,#888,#889,#890,
    #891,#892),.UNSPECIFIED.,.F.,.F.,(8,8),(4.712388980385,6.28318530718
    ),.PIECEWISE_BEZIER_KNOTS.);
#885 = CARTESIAN_POINT('',(2.98390650188E-15,1.563194018672E-13));
#886 = CARTESIAN_POINT('',(0.224399475256,-6.001704510333E-02));
#887 = CARTESIAN_POINT('',(0.448798950513,-0.120033846502));
#888 = CARTESIAN_POINT('',(0.673198425769,-0.175116139326));
#889 = CARTESIAN_POINT('',(0.897597901026,-0.220320441205));
#890 = CARTESIAN_POINT('',(1.121997376282,-0.251743562702));
#891 = CARTESIAN_POINT('',(1.346396851538,-0.267456263144));
#892 = CARTESIAN_POINT('',(1.570796326795,-0.267456263144));
#893 = ( GEOMETRIC_REPRESENTATION_CONTEXT(2) 
PARAMETRIC_REPRESENTATION_CONTEXT() REPRESENTATION_CONTEXT('2D SPACE',''
  ) );
#894 = ORIENTED_EDGE('',*,*,#766,.F.);
#895 = ORIENTED_EDGE('',*,*,#727,.T.);
#896 = ORIENTED_EDGE('',*,*,#693,.T.);
#897 = ORIENTED_EDGE('',*,*,#652,.T.);
#898 = ADVANCED_FACE('',(#899),#811,.T.);
#899 = FACE_BOUND('',#900,.T.);
#900 = EDGE_LOOP('',(#901,#923,#964,#998,#1030,#1031,#1032,#1033));
#901 = ORIENTED_EDGE('',*,*,#902,.T.);
#902 = EDGE_CURVE('',#767,#903,#905,.T.);
#903 = VERTEX_POINT('',#904);
#904 = CARTESIAN_POINT('',(-37.71707570849,91.05707570849,-4.7625));
#905 = SEAM_CURVE('',#906,(#910,#916),.PCURVE_S1.);
#906 = LINE('',#907,#908);
#907 = CARTESIAN_POINT('',(-41.70289127484,86.596946031145,-4.7625));
#908 = VECTOR('',#909,1.);
#909 = DIRECTION('',(0.666346577952,0.745642164883,0.));
#910 = PCURVE('',#811,#911);
#911 = DEFINITIONAL_REPRESENTATION('',(#912),#915);
#912 = B_SPLINE_CURVE_WITH_KNOTS('',1,(#913,#914),.UNSPECIFIED.,.F.,.F.,
  (2,2),(-1.480537077276,7.46213238854),.PIECEWISE_BEZIER_KNOTS.);
#913 = CARTESIAN_POINT('',(6.28318530718,-1.480537077276));
#914 = CARTESIAN_POINT('',(6.28318530718,7.46213238854));
#915 = ( GEOMETRIC_REPRESENTATION_CONTEXT(2) 
PARAMETRIC_REPRESENTATION_CONTEXT() REPRESENTATION_CONTEXT('2D SPACE',''
  ) );
#916 = PCURVE('',#811,#917);
#917 = DEFINITIONAL_REPRESENTATION('',(#918),#922);
#918 = LINE('',#919,#920);
#919 = CARTESIAN_POINT('',(0.,0.));
#920 = VECTOR('',#921,1.);
#921 = DIRECTION('',(0.,1.));
#922 = ( GEOMETRIC_REPRESENTATION_CONTEXT(2) 
PARAMETRIC_REPRESENTATION_CONTEXT() REPRESENTATION_CONTEXT('2D SPACE',''
  ) );
#923 = ORIENTED_EDGE('',*,*,#924,.F.);
#924 = EDGE_CURVE('',#925,#903,#927,.T.);
#925 = VERTEX_POINT('',#926);
#926 = CARTESIAN_POINT('',(-37.71707570849,91.05707570849,4.7625));
#927 = SURFACE_CURVE('',#928,(#933,#946),.PCURVE_S1.);
#928 = ELLIPSE('',#929,4.770004098813,4.7625);
#929 = AXIS2_PLACEMENT_3D('',#930,#931,#932);
#930 = CARTESIAN_POINT('',(-37.71707570849,91.05707570849,0.));
#931 = DIRECTION('',(0.707106781187,0.707106781187,0.));
#932 = DIRECTION('',(-0.707106781187,0.707106781187,0.));
#933 = PCURVE('',#811,#934);
#934 = DEFINITIONAL_REPRESENTATION('',(#935),#945);
#935 = B_SPLINE_CURVE_WITH_KNOTS('',8,(#936,#937,#938,#939,#940,#941,
    #942,#943,#944),.UNSPECIFIED.,.F.,.F.,(9,9),(1.570796326795,
    4.712388980385),.PIECEWISE_BEZIER_KNOTS.);
#936 = CARTESIAN_POINT('',(3.14159265359,5.981595311264));
#937 = CARTESIAN_POINT('',(3.534291735289,5.876565482333));
#938 = CARTESIAN_POINT('',(3.92699081699,5.77153481594));
#939 = CARTESIAN_POINT('',(4.319689898682,5.69119415534));
#940 = CARTESIAN_POINT('',(4.712388980397,5.660166762984));
#941 = CARTESIAN_POINT('',(5.105088062079,5.691194155337));
#942 = CARTESIAN_POINT('',(5.497787143784,5.771534815938));
#943 = CARTESIAN_POINT('',(5.890486225481,5.876565482333));
#944 = CARTESIAN_POINT('',(6.28318530718,5.981595311264));
#945 = ( GEOMETRIC_REPRESENTATION_CONTEXT(2) 
PARAMETRIC_REPRESENTATION_CONTEXT() REPRESENTATION_CONTEXT('2D SPACE',''
  ) );
#946 = PCURVE('',#947,#952);
#947 = CYLINDRICAL_SURFACE('',#948,4.7625);
#948 = AXIS2_PLACEMENT_3D('',#949,#950,#951);
#949 = CARTESIAN_POINT('',(-37.71707570849,91.05707570849,0.));
#950 = DIRECTION('',(0.745642164883,0.666346577952,0.));
#951 = DIRECTION('',(-7.397933132225E-17,8.278290995846E-17,-1.));
#952 = DEFINITIONAL_REPRESENTATION('',(#953),#963);
#953 = B_SPLINE_CURVE_WITH_KNOTS('',8,(#954,#955,#956,#957,#958,#959,
    #960,#961,#962),.UNSPECIFIED.,.F.,.F.,(9,9),(1.570796326795,
    4.712388980385),.PIECEWISE_BEZIER_KNOTS.);
#954 = CARTESIAN_POINT('',(3.14159265359,4.973799150321E-14));
#955 = CARTESIAN_POINT('',(3.534291735289,0.105029828931));
#956 = CARTESIAN_POINT('',(3.926990816979,0.210060495319));
#957 = CARTESIAN_POINT('',(4.319689898709,0.290401155932));
#958 = CARTESIAN_POINT('',(4.712388980346,0.321428548245));
#959 = CARTESIAN_POINT('',(5.105088062102,0.290401155932));
#960 = CARTESIAN_POINT('',(5.497787143775,0.210060495319));
#961 = CARTESIAN_POINT('',(5.890486225481,0.105029828931));
#962 = CARTESIAN_POINT('',(6.28318530718,4.973799150321E-14));
#963 = ( GEOMETRIC_REPRESENTATION_CONTEXT(2) 
PARAMETRIC_REPRESENTATION_CONTEXT() REPRESENTATION_CONTEXT('2D SPACE',''
  ) );
#964 = ORIENTED_EDGE('',*,*,#965,.F.);
#965 = EDGE_CURVE('',#966,#925,#968,.T.);
#966 = VERTEX_POINT('',#967);
#967 = CARTESIAN_POINT('',(-41.08997795304,94.429977953049,
    -5.832380380939E-16));
#968 = SURFACE_CURVE('',#969,(#974,#986),.PCURVE_S1.);
#969 = ELLIPSE('',#970,4.770004098813,4.7625);
#970 = AXIS2_PLACEMENT_3D('',#971,#972,#973);
#971 = CARTESIAN_POINT('',(-37.71707570849,91.05707570849,0.));
#972 = DIRECTION('',(0.707106781187,0.707106781187,0.));
#973 = DIRECTION('',(-0.707106781187,0.707106781187,0.));
#974 = PCURVE('',#811,#975);
#975 = DEFINITIONAL_REPRESENTATION('',(#976),#985);
#976 = B_SPLINE_CURVE_WITH_KNOTS('',7,(#977,#978,#979,#980,#981,#982,
    #983,#984),.UNSPECIFIED.,.F.,.F.,(8,8),(0.,1.570796326795),
  .PIECEWISE_BEZIER_KNOTS.);
#977 = CARTESIAN_POINT('',(1.570796326795,6.249051574407));
#978 = CARTESIAN_POINT('',(1.795195802051,6.249051574407));
#979 = CARTESIAN_POINT('',(2.019595277308,6.233338873968));
#980 = CARTESIAN_POINT('',(2.243994752564,6.201915752465));
#981 = CARTESIAN_POINT('',(2.468394227821,6.156711450594));
#982 = CARTESIAN_POINT('',(2.692793703077,6.101629157765));
#983 = CARTESIAN_POINT('',(2.917193178333,6.041612356367));
#984 = CARTESIAN_POINT('',(3.14159265359,5.981595311264));
#985 = ( GEOMETRIC_REPRESENTATION_CONTEXT(2) 
PARAMETRIC_REPRESENTATION_CONTEXT() REPRESENTATION_CONTEXT('2D SPACE',''
  ) );
#986 = PCURVE('',#947,#987);
#987 = DEFINITIONAL_REPRESENTATION('',(#988),#997);
#988 = B_SPLINE_CURVE_WITH_KNOTS('',7,(#989,#990,#991,#992,#993,#994,
    #995,#996),.UNSPECIFIED.,.F.,.F.,(8,8),(0.,1.570796326795),
  .PIECEWISE_BEZIER_KNOTS.);
#989 = CARTESIAN_POINT('',(1.570796326795,-0.267456263144));
#990 = CARTESIAN_POINT('',(1.795195802051,-0.267456263144));
#991 = CARTESIAN_POINT('',(2.019595277307,-0.251743562703));
#992 = CARTESIAN_POINT('',(2.243994752565,-0.220320441205));
#993 = CARTESIAN_POINT('',(2.46839422782,-0.175116139326));
#994 = CARTESIAN_POINT('',(2.692793703077,-0.120033846503));
#995 = CARTESIAN_POINT('',(2.917193178333,-6.001704510344E-02));
#996 = CARTESIAN_POINT('',(3.14159265359,4.973799150321E-14));
#997 = ( GEOMETRIC_REPRESENTATION_CONTEXT(2) 
PARAMETRIC_REPRESENTATION_CONTEXT() REPRESENTATION_CONTEXT('2D SPACE',''
  ) );
#998 = ORIENTED_EDGE('',*,*,#999,.F.);
#999 = EDGE_CURVE('',#903,#966,#1000,.T.);
#1000 = SURFACE_CURVE('',#1001,(#1006,#1018),.PCURVE_S1.);
#1001 = ELLIPSE('',#1002,4.770004098813,4.7625);
#1002 = AXIS2_PLACEMENT_3D('',#1003,#1004,#1005);
#1003 = CARTESIAN_POINT('',(-37.71707570849,91.05707570849,0.));
#1004 = DIRECTION('',(0.707106781187,0.707106781187,0.));
#1005 = DIRECTION('',(-0.707106781187,0.707106781187,0.));
#1006 = PCURVE('',#811,#1007);
#1007 = DEFINITIONAL_REPRESENTATION('',(#1008),#1017);
#1008 = B_SPLINE_CURVE_WITH_KNOTS('',7,(#1009,#1010,#1011,#1012,#1013,
    #1014,#1015,#1016),.UNSPECIFIED.,.F.,.F.,(8,8),(4.712388980385,
    6.28318530718),.PIECEWISE_BEZIER_KNOTS.);
#1009 = CARTESIAN_POINT('',(0.,5.981595311264));
#1010 = CARTESIAN_POINT('',(0.224399475256,6.041612356367));
#1011 = CARTESIAN_POINT('',(0.448798950513,6.101629157766));
#1012 = CARTESIAN_POINT('',(0.673198425769,6.15671145059));
#1013 = CARTESIAN_POINT('',(0.897597901026,6.201915752468));
#1014 = CARTESIAN_POINT('',(1.121997376282,6.233338873967));
#1015 = CARTESIAN_POINT('',(1.346396851538,6.249051574407));
#1016 = CARTESIAN_POINT('',(1.570796326795,6.249051574407));
#1017 = ( GEOMETRIC_REPRESENTATION_CONTEXT(2) 
PARAMETRIC_REPRESENTATION_CONTEXT() REPRESENTATION_CONTEXT('2D SPACE',''
  ) );
#1018 = PCURVE('',#947,#1019);
#1019 = DEFINITIONAL_REPRESENTATION('',(#1020),#1029);
#1020 = B_SPLINE_CURVE_WITH_KNOTS('',7,(#1021,#1022,#1023,#1024,#1025,
    #1026,#1027,#1028),.UNSPECIFIED.,.F.,.F.,(8,8),(4.712388980385,
    6.28318530718),.PIECEWISE_BEZIER_KNOTS.);
#1021 = CARTESIAN_POINT('',(-2.6645352591E-15,4.973799150321E-14));
#1022 = CARTESIAN_POINT('',(0.224399475256,-6.001704510344E-02));
#1023 = CARTESIAN_POINT('',(0.448798950513,-0.120033846503));
#1024 = CARTESIAN_POINT('',(0.673198425769,-0.175116139326));
#1025 = CARTESIAN_POINT('',(0.897597901026,-0.220320441205));
#1026 = CARTESIAN_POINT('',(1.121997376282,-0.251743562703));
#1027 = CARTESIAN_POINT('',(1.346396851538,-0.267456263144));
#1028 = CARTESIAN_POINT('',(1.570796326795,-0.267456263144));
#1029 = ( GEOMETRIC_REPRESENTATION_CONTEXT(2) 
PARAMETRIC_REPRESENTATION_CONTEXT() REPRESENTATION_CONTEXT('2D SPACE',''
  ) );
#1030 = ORIENTED_EDGE('',*,*,#902,.F.);
#1031 = ORIENTED_EDGE('',*,*,#863,.T.);
#1032 = ORIENTED_EDGE('',*,*,#829,.T.);
#1033 = ORIENTED_EDGE('',*,*,#788,.T.);
#1034 = ADVANCED_FACE('',(#1035),#947,.T.);
#1035 = FACE_BOUND('',#1036,.T.);
#1036 = EDGE_LOOP('',(#1037,#1059,#1100,#1134,#1166,#1167,#1168,#1169));
#1037 = ORIENTED_EDGE('',*,*,#1038,.T.);
#1038 = EDGE_CURVE('',#903,#1039,#1041,.T.);
#1039 = VERTEX_POINT('',#1040);
#1040 = CARTESIAN_POINT('',(-33.25694603114,95.042891274845,-4.7625));
#1041 = SEAM_CURVE('',#1042,(#1046,#1052),.PCURVE_S1.);
#1042 = LINE('',#1043,#1044);
#1043 = CARTESIAN_POINT('',(-37.71707570849,91.05707570849,-4.7625));
#1044 = VECTOR('',#1045,1.);
#1045 = DIRECTION('',(0.745642164883,0.666346577952,0.));
#1046 = PCURVE('',#947,#1047);
#1047 = DEFINITIONAL_REPRESENTATION('',(#1048),#1051);
#1048 = B_SPLINE_CURVE_WITH_KNOTS('',1,(#1049,#1050),.UNSPECIFIED.,.F.,
  .F.,(2,2),(-1.480537077276,7.46213238854),.PIECEWISE_BEZIER_KNOTS.);
#1049 = CARTESIAN_POINT('',(6.28318530718,-1.480537077276));
#1050 = CARTESIAN_POINT('',(6.28318530718,7.46213238854));
#1051 = ( GEOMETRIC_REPRESENTATION_CONTEXT(2) 
PARAMETRIC_REPRESENTATION_CONTEXT() REPRESENTATION_CONTEXT('2D SPACE',''
  ) );
#1052 = PCURVE('',#947,#1053);
#1053 = DEFINITIONAL_REPRESENTATION('',(#1054),#1058);
#1054 = LINE('',#1055,#1056);
#1055 = CARTESIAN_POINT('',(0.,0.));
#1056 = VECTOR('',#1057,1.);
#1057 = DIRECTION('',(0.,1.));
#1058 = ( GEOMETRIC_REPRESENTATION_CONTEXT(2) 
PARAMETRIC_REPRESENTATION_CONTEXT() REPRESENTATION_CONTEXT('2D SPACE',''
  ) );
#1059 = ORIENTED_EDGE('',*,*,#1060,.F.);
#1060 = EDGE_CURVE('',#1061,#1039,#1063,.T.);
#1061 = VERTEX_POINT('',#1062);
#1062 = CARTESIAN_POINT('',(-33.25694603114,95.042891274845,4.7625));
#1063 = SURFACE_CURVE('',#1064,(#1069,#1082),.PCURVE_S1.);
#1064 = ELLIPSE('',#1065,4.770004098813,4.7625);
#1065 = AXIS2_PLACEMENT_3D('',#1066,#1067,#1068);
#1066 = CARTESIAN_POINT('',(-33.25694603114,95.042891274845,0.));
#1067 = DIRECTION('',(0.781831482468,0.623489801859,0.));
#1068 = DIRECTION('',(-0.623489801859,0.781831482468,0.));
#1069 = PCURVE('',#947,#1070);
#1070 = DEFINITIONAL_REPRESENTATION('',(#1071),#1081);
#1071 = B_SPLINE_CURVE_WITH_KNOTS('',8,(#1072,#1073,#1074,#1075,#1076,
    #1077,#1078,#1079,#1080),.UNSPECIFIED.,.F.,.F.,(9,9),(1.570796326795
    ,4.712388980385),.PIECEWISE_BEZIER_KNOTS.);
#1072 = CARTESIAN_POINT('',(3.14159265359,5.981595311264));
#1073 = CARTESIAN_POINT('',(3.534291735289,5.876565482333));
#1074 = CARTESIAN_POINT('',(3.926990816987,5.771534815939));
#1075 = CARTESIAN_POINT('',(4.31968989869,5.691194155339));
#1076 = CARTESIAN_POINT('',(4.712388980387,5.660166762996));
#1077 = CARTESIAN_POINT('',(5.105088062086,5.69119415534));
#1078 = CARTESIAN_POINT('',(5.497787143782,5.771534815939));
#1079 = CARTESIAN_POINT('',(5.890486225481,5.876565482333));
#1080 = CARTESIAN_POINT('',(6.28318530718,5.981595311264));
#1081 = ( GEOMETRIC_REPRESENTATION_CONTEXT(2) 
PARAMETRIC_REPRESENTATION_CONTEXT() REPRESENTATION_CONTEXT('2D SPACE',''
  ) );
#1082 = PCURVE('',#1083,#1088);
#1083 = CYLINDRICAL_SURFACE('',#1084,4.7625);
#1084 = AXIS2_PLACEMENT_3D('',#1085,#1086,#1087);
#1085 = CARTESIAN_POINT('',(-33.25694603114,95.042891274845,0.));
#1086 = DIRECTION('',(0.815560868959,0.57867129618,0.));
#1087 = DIRECTION('',(-6.424541967085E-17,9.054544547019E-17,-1.));
#1088 = DEFINITIONAL_REPRESENTATION('',(#1089),#1099);
#1089 = B_SPLINE_CURVE_WITH_KNOTS('',8,(#1090,#1091,#1092,#1093,#1094,
    #1095,#1096,#1097,#1098),.UNSPECIFIED.,.F.,.F.,(9,9),(1.570796326795
    ,4.712388980385),.PIECEWISE_BEZIER_KNOTS.);
#1090 = CARTESIAN_POINT('',(3.14159265359,1.918465386552E-13));
#1091 = CARTESIAN_POINT('',(3.534291735289,0.105029828931));
#1092 = CARTESIAN_POINT('',(3.926990816988,0.210060495319));
#1093 = CARTESIAN_POINT('',(4.319689898687,0.290401155933));
#1094 = CARTESIAN_POINT('',(4.712388980386,0.321428548243));
#1095 = CARTESIAN_POINT('',(5.105088062085,0.290401155933));
#1096 = CARTESIAN_POINT('',(5.497787143783,0.210060495319));
#1097 = CARTESIAN_POINT('',(5.890486225481,0.105029828931));
#1098 = CARTESIAN_POINT('',(6.28318530718,1.918465386552E-13));
#1099 = ( GEOMETRIC_REPRESENTATION_CONTEXT(2) 
PARAMETRIC_REPRESENTATION_CONTEXT() REPRESENTATION_CONTEXT('2D SPACE',''
  ) );
#1100 = ORIENTED_EDGE('',*,*,#1101,.F.);
#1101 = EDGE_CURVE('',#1102,#1061,#1104,.T.);
#1102 = VERTEX_POINT('',#1103);
#1103 = CARTESIAN_POINT('',(-36.23099494157,98.772230650799,
    -5.832380380939E-16));
#1104 = SURFACE_CURVE('',#1105,(#1110,#1122),.PCURVE_S1.);
#1105 = ELLIPSE('',#1106,4.770004098813,4.7625);
#1106 = AXIS2_PLACEMENT_3D('',#1107,#1108,#1109);
#1107 = CARTESIAN_POINT('',(-33.25694603114,95.042891274845,0.));
#1108 = DIRECTION('',(0.781831482468,0.623489801859,0.));
#1109 = DIRECTION('',(-0.623489801859,0.781831482468,0.));
#1110 = PCURVE('',#947,#1111);
#1111 = DEFINITIONAL_REPRESENTATION('',(#1112),#1121);
#1112 = B_SPLINE_CURVE_WITH_KNOTS('',7,(#1113,#1114,#1115,#1116,#1117,
    #1118,#1119,#1120),.UNSPECIFIED.,.F.,.F.,(8,8),(0.,1.570796326795),
  .PIECEWISE_BEZIER_KNOTS.);
#1113 = CARTESIAN_POINT('',(1.570796326795,6.249051574408));
#1114 = CARTESIAN_POINT('',(1.795195802051,6.249051574408));
#1115 = CARTESIAN_POINT('',(2.019595277308,6.233338873966));
#1116 = CARTESIAN_POINT('',(2.243994752565,6.201915752472));
#1117 = CARTESIAN_POINT('',(2.46839422782,6.156711450588));
#1118 = CARTESIAN_POINT('',(2.692793703077,6.101629157767));
#1119 = CARTESIAN_POINT('',(2.917193178333,6.041612356367));
#1120 = CARTESIAN_POINT('',(3.14159265359,5.981595311264));
#1121 = ( GEOMETRIC_REPRESENTATION_CONTEXT(2) 
PARAMETRIC_REPRESENTATION_CONTEXT() REPRESENTATION_CONTEXT('2D SPACE',''
  ) );
#1122 = PCURVE('',#1083,#1123);
#1123 = DEFINITIONAL_REPRESENTATION('',(#1124),#1133);
#1124 = B_SPLINE_CURVE_WITH_KNOTS('',7,(#1125,#1126,#1127,#1128,#1129,
    #1130,#1131,#1132),.UNSPECIFIED.,.F.,.F.,(8,8),(0.,1.570796326795),
  .PIECEWISE_BEZIER_KNOTS.);
#1125 = CARTESIAN_POINT('',(1.570796326795,-0.267456263143));
#1126 = CARTESIAN_POINT('',(1.795195802051,-0.267456263143));
#1127 = CARTESIAN_POINT('',(2.019595277307,-0.251743562703));
#1128 = CARTESIAN_POINT('',(2.243994752564,-0.220320441204));
#1129 = CARTESIAN_POINT('',(2.46839422782,-0.175116139327));
#1130 = CARTESIAN_POINT('',(2.692793703077,-0.120033846502));
#1131 = CARTESIAN_POINT('',(2.917193178333,-6.001704510329E-02));
#1132 = CARTESIAN_POINT('',(3.14159265359,1.918465386552E-13));
#1133 = ( GEOMETRIC_REPRESENTATION_CONTEXT(2) 
PARAMETRIC_REPRESENTATION_CONTEXT() REPRESENTATION_CONTEXT('2D SPACE',''
  ) );
#1134 = ORIENTED_EDGE('',*,*,#1135,.F.);
#1135 = EDGE_CURVE('',#1039,#1102,#1136,.T.);
#1136 = SURFACE_CURVE('',#1137,(#1142,#1154),.PCURVE_S1.);
#1137 = ELLIPSE('',#1138,4.770004098813,4.7625);
#1138 = AXIS2_PLACEMENT_3D('',#1139,#1140,#1141);
#1139 = CARTESIAN_POINT('',(-33.25694603114,95.042891274845,0.));
#1140 = DIRECTION('',(0.781831482468,0.623489801859,0.));
#1141 = DIRECTION('',(-0.623489801859,0.781831482468,0.));
#1142 = PCURVE('',#947,#1143);
#1143 = DEFINITIONAL_REPRESENTATION('',(#1144),#1153);
#1144 = B_SPLINE_CURVE_WITH_KNOTS('',7,(#1145,#1146,#1147,#1148,#1149,
    #1150,#1151,#1152),.UNSPECIFIED.,.F.,.F.,(8,8),(4.712388980385,
    6.28318530718),.PIECEWISE_BEZIER_KNOTS.);
#1145 = CARTESIAN_POINT('',(0.,5.981595311264));
#1146 = CARTESIAN_POINT('',(0.224399475256,6.041612356367));
#1147 = CARTESIAN_POINT('',(0.448798950513,6.101629157766));
#1148 = CARTESIAN_POINT('',(0.673198425769,6.156711450591));
#1149 = CARTESIAN_POINT('',(0.897597901026,6.20191575247));
#1150 = CARTESIAN_POINT('',(1.121997376282,6.233338873967));
#1151 = CARTESIAN_POINT('',(1.346396851538,6.249051574408));
#1152 = CARTESIAN_POINT('',(1.570796326795,6.249051574408));
#1153 = ( GEOMETRIC_REPRESENTATION_CONTEXT(2) 
PARAMETRIC_REPRESENTATION_CONTEXT() REPRESENTATION_CONTEXT('2D SPACE',''
  ) );
#1154 = PCURVE('',#1083,#1155);
#1155 = DEFINITIONAL_REPRESENTATION('',(#1156),#1165);
#1156 = B_SPLINE_CURVE_WITH_KNOTS('',7,(#1157,#1158,#1159,#1160,#1161,
    #1162,#1163,#1164),.UNSPECIFIED.,.F.,.F.,(8,8),(4.712388980385,
    6.28318530718),.PIECEWISE_BEZIER_KNOTS.);
#1157 = CARTESIAN_POINT('',(0.,1.918465386552E-13));
#1158 = CARTESIAN_POINT('',(0.224399475256,-6.001704510329E-02));
#1159 = CARTESIAN_POINT('',(0.448798950513,-0.120033846502));
#1160 = CARTESIAN_POINT('',(0.673198425769,-0.175116139327));
#1161 = CARTESIAN_POINT('',(0.897597901026,-0.220320441205));
#1162 = CARTESIAN_POINT('',(1.121997376282,-0.251743562703));
#1163 = CARTESIAN_POINT('',(1.346396851538,-0.267456263143));
#1164 = CARTESIAN_POINT('',(1.570796326795,-0.267456263143));
#1165 = ( GEOMETRIC_REPRESENTATION_CONTEXT(2) 
PARAMETRIC_REPRESENTATION_CONTEXT() REPRESENTATION_CONTEXT('2D SPACE',''
  ) );
#1166 = ORIENTED_EDGE('',*,*,#1038,.F.);
#1167 = ORIENTED_EDGE('',*,*,#999,.T.);
#1168 = ORIENTED_EDGE('',*,*,#965,.T.);
#1169 = ORIENTED_EDGE('',*,*,#924,.T.);
#1170 = ADVANCED_FACE('',(#1171),#1083,.T.);
#1171 = FACE_BOUND('',#1172,.T.);
#1172 = EDGE_LOOP('',(#1173,#1195,#1236,#1270,#1302,#1303,#1304,#1305));
#1173 = ORIENTED_EDGE('',*,*,#1174,.T.);
#1174 = EDGE_CURVE('',#1039,#1175,#1177,.T.);
#1175 = VERTEX_POINT('',#1176);
#1176 = CARTESIAN_POINT('',(-28.37859096132,98.504268786837,-4.7625));
#1177 = SEAM_CURVE('',#1178,(#1182,#1188),.PCURVE_S1.);
#1178 = LINE('',#1179,#1180);
#1179 = CARTESIAN_POINT('',(-33.25694603114,95.042891274845,-4.7625));
#1180 = VECTOR('',#1181,1.);
#1181 = DIRECTION('',(0.815560868959,0.57867129618,0.));
#1182 = PCURVE('',#1083,#1183);
#1183 = DEFINITIONAL_REPRESENTATION('',(#1184),#1187);
#1184 = B_SPLINE_CURVE_WITH_KNOTS('',1,(#1185,#1186),.UNSPECIFIED.,.F.,
  .F.,(2,2),(-1.480537077276,7.46213238854),.PIECEWISE_BEZIER_KNOTS.);
#1185 = CARTESIAN_POINT('',(6.28318530718,-1.480537077276));
#1186 = CARTESIAN_POINT('',(6.28318530718,7.46213238854));
#1187 = ( GEOMETRIC_REPRESENTATION_CONTEXT(2) 
PARAMETRIC_REPRESENTATION_CONTEXT() REPRESENTATION_CONTEXT('2D SPACE',''
  ) );
#1188 = PCURVE('',#1083,#1189);
#1189 = DEFINITIONAL_REPRESENTATION('',(#1190),#1194);
#1190 = LINE('',#1191,#1192);
#1191 = CARTESIAN_POINT('',(0.,0.));
#1192 = VECTOR('',#1193,1.);
#1193 = DIRECTION('',(0.,1.));
#1194 = ( GEOMETRIC_REPRESENTATION_CONTEXT(2) 
PARAMETRIC_REPRESENTATION_CONTEXT() REPRESENTATION_CONTEXT('2D SPACE',''
  ) );
#1195 = ORIENTED_EDGE('',*,*,#1196,.F.);
#1196 = EDGE_CURVE('',#1197,#1175,#1199,.T.);
#1197 = VERTEX_POINT('',#1198);
#1198 = CARTESIAN_POINT('',(-28.37859096132,98.504268786837,4.7625));
#1199 = SURFACE_CURVE('',#1200,(#1205,#1218),.PCURVE_S1.);
#1200 = ELLIPSE('',#1201,4.770004098813,4.7625);
#1201 = AXIS2_PLACEMENT_3D('',#1202,#1203,#1204);
#1202 = CARTESIAN_POINT('',(-28.37859096132,98.504268786837,0.));
#1203 = DIRECTION('',(0.846724199228,0.532032076515,0.));
#1204 = DIRECTION('',(-0.532032076515,0.846724199228,0.));
#1205 = PCURVE('',#1083,#1206);
#1206 = DEFINITIONAL_REPRESENTATION('',(#1207),#1217);
#1207 = B_SPLINE_CURVE_WITH_KNOTS('',8,(#1208,#1209,#1210,#1211,#1212,
    #1213,#1214,#1215,#1216),.UNSPECIFIED.,.F.,.F.,(9,9),(1.570796326795
    ,4.712388980385),.PIECEWISE_BEZIER_KNOTS.);
#1208 = CARTESIAN_POINT('',(3.14159265359,5.981595311264));
#1209 = CARTESIAN_POINT('',(3.534291735289,5.876565482332));
#1210 = CARTESIAN_POINT('',(3.926990816988,5.77153481594));
#1211 = CARTESIAN_POINT('',(4.319689898689,5.691194155335));
#1212 = CARTESIAN_POINT('',(4.712388980389,5.660166763009));
#1213 = CARTESIAN_POINT('',(5.105088062086,5.691194155328));
#1214 = CARTESIAN_POINT('',(5.497787143782,5.77153481594));
#1215 = CARTESIAN_POINT('',(5.890486225481,5.876565482332));
#1216 = CARTESIAN_POINT('',(6.28318530718,5.981595311264));
#1217 = ( GEOMETRIC_REPRESENTATION_CONTEXT(2) 
PARAMETRIC_REPRESENTATION_CONTEXT() REPRESENTATION_CONTEXT('2D SPACE',''
  ) );
#1218 = PCURVE('',#1219,#1224);
#1219 = CYLINDRICAL_SURFACE('',#1220,4.7625);
#1220 = AXIS2_PLACEMENT_3D('',#1221,#1222,#1223);
#1221 = CARTESIAN_POINT('',(-28.37859096132,98.504268786837,0.));
#1222 = DIRECTION('',(0.875223421909,0.483718887105,0.));
#1223 = DIRECTION('',(-5.370358459103E-17,9.716931946943E-17,-1.));
#1224 = DEFINITIONAL_REPRESENTATION('',(#1225),#1235);
#1225 = B_SPLINE_CURVE_WITH_KNOTS('',8,(#1226,#1227,#1228,#1229,#1230,
    #1231,#1232,#1233,#1234),.UNSPECIFIED.,.F.,.F.,(9,9),(1.570796326795
    ,4.712388980385),.PIECEWISE_BEZIER_KNOTS.);
#1226 = CARTESIAN_POINT('',(3.14159265359,-3.19744231092E-14));
#1227 = CARTESIAN_POINT('',(3.534291735289,0.105029828931));
#1228 = CARTESIAN_POINT('',(3.926990816986,0.210060495319));
#1229 = CARTESIAN_POINT('',(4.319689898692,0.290401155932));
#1230 = CARTESIAN_POINT('',(4.71238898038,0.321428548244));
#1231 = CARTESIAN_POINT('',(5.10508806209,0.290401155932));
#1232 = CARTESIAN_POINT('',(5.497787143782,0.210060495319));
#1233 = CARTESIAN_POINT('',(5.890486225481,0.105029828931));
#1234 = CARTESIAN_POINT('',(6.28318530718,-3.19744231092E-14));
#1235 = ( GEOMETRIC_REPRESENTATION_CONTEXT(2) 
PARAMETRIC_REPRESENTATION_CONTEXT() REPRESENTATION_CONTEXT('2D SPACE',''
  ) );
#1236 = ORIENTED_EDGE('',*,*,#1237,.F.);
#1237 = EDGE_CURVE('',#1238,#1197,#1240,.T.);
#1238 = VERTEX_POINT('',#1239);
#1239 = CARTESIAN_POINT('',(-30.916386147,102.54314668772,
    -5.832380380939E-16));
#1240 = SURFACE_CURVE('',#1241,(#1246,#1258),.PCURVE_S1.);
#1241 = ELLIPSE('',#1242,4.770004098813,4.7625);
#1242 = AXIS2_PLACEMENT_3D('',#1243,#1244,#1245);
#1243 = CARTESIAN_POINT('',(-28.37859096132,98.504268786837,0.));
#1244 = DIRECTION('',(0.846724199228,0.532032076515,0.));
#1245 = DIRECTION('',(-0.532032076515,0.846724199228,0.));
#1246 = PCURVE('',#1083,#1247);
#1247 = DEFINITIONAL_REPRESENTATION('',(#1248),#1257);
#1248 = B_SPLINE_CURVE_WITH_KNOTS('',7,(#1249,#1250,#1251,#1252,#1253,
    #1254,#1255,#1256),.UNSPECIFIED.,.F.,.F.,(8,8),(0.,1.570796326795),
  .PIECEWISE_BEZIER_KNOTS.);
#1249 = CARTESIAN_POINT('',(1.570796326795,6.249051574407));
#1250 = CARTESIAN_POINT('',(1.795195802051,6.249051574407));
#1251 = CARTESIAN_POINT('',(2.019595277308,6.233338873967));
#1252 = CARTESIAN_POINT('',(2.243994752565,6.201915752466));
#1253 = CARTESIAN_POINT('',(2.46839422782,6.156711450593));
#1254 = CARTESIAN_POINT('',(2.692793703077,6.101629157765));
#1255 = CARTESIAN_POINT('',(2.917193178333,6.041612356367));
#1256 = CARTESIAN_POINT('',(3.14159265359,5.981595311264));
#1257 = ( GEOMETRIC_REPRESENTATION_CONTEXT(2) 
PARAMETRIC_REPRESENTATION_CONTEXT() REPRESENTATION_CONTEXT('2D SPACE',''
  ) );
#1258 = PCURVE('',#1219,#1259);
#1259 = DEFINITIONAL_REPRESENTATION('',(#1260),#1269);
#1260 = B_SPLINE_CURVE_WITH_KNOTS('',7,(#1261,#1262,#1263,#1264,#1265,
    #1266,#1267,#1268),.UNSPECIFIED.,.F.,.F.,(8,8),(0.,1.570796326795),
  .PIECEWISE_BEZIER_KNOTS.);
#1261 = CARTESIAN_POINT('',(1.570796326795,-0.267456263144));
#1262 = CARTESIAN_POINT('',(1.795195802051,-0.267456263144));
#1263 = CARTESIAN_POINT('',(2.019595277308,-0.251743562703));
#1264 = CARTESIAN_POINT('',(2.243994752565,-0.220320441205));
#1265 = CARTESIAN_POINT('',(2.46839422782,-0.175116139327));
#1266 = CARTESIAN_POINT('',(2.692793703077,-0.120033846503));
#1267 = CARTESIAN_POINT('',(2.917193178333,-6.001704510352E-02));
#1268 = CARTESIAN_POINT('',(3.14159265359,-3.19744231092E-14));
#1269 = ( GEOMETRIC_REPRESENTATION_CONTEXT(2) 
PARAMETRIC_REPRESENTATION_CONTEXT() REPRESENTATION_CONTEXT('2D SPACE',''
  ) );
#1270 = ORIENTED_EDGE('',*,*,#1271,.F.);
#1271 = EDGE_CURVE('',#1175,#1238,#1272,.T.);
#1272 = SURFACE_CURVE('',#1273,(#1278,#1290),.PCURVE_S1.);
#1273 = ELLIPSE('',#1274,4.770004098813,4.7625);
#1274 = AXIS2_PLACEMENT_3D('',#1275,#1276,#1277);
#1275 = CARTESIAN_POINT('',(-28.37859096132,98.504268786837,0.));
#1276 = DIRECTION('',(0.846724199228,0.532032076515,0.));
#1277 = DIRECTION('',(-0.532032076515,0.846724199228,0.));
#1278 = PCURVE('',#1083,#1279);
#1279 = DEFINITIONAL_REPRESENTATION('',(#1280),#1289);
#1280 = B_SPLINE_CURVE_WITH_KNOTS('',7,(#1281,#1282,#1283,#1284,#1285,
    #1286,#1287,#1288),.UNSPECIFIED.,.F.,.F.,(8,8),(4.712388980385,
    6.28318530718),.PIECEWISE_BEZIER_KNOTS.);
#1281 = CARTESIAN_POINT('',(0.,5.981595311264));
#1282 = CARTESIAN_POINT('',(0.224399475256,6.041612356367));
#1283 = CARTESIAN_POINT('',(0.448798950513,6.101629157766));
#1284 = CARTESIAN_POINT('',(0.673198425769,6.15671145059));
#1285 = CARTESIAN_POINT('',(0.897597901026,6.201915752469));
#1286 = CARTESIAN_POINT('',(1.121997376282,6.233338873967));
#1287 = CARTESIAN_POINT('',(1.346396851538,6.249051574407));
#1288 = CARTESIAN_POINT('',(1.570796326795,6.249051574407));
#1289 = ( GEOMETRIC_REPRESENTATION_CONTEXT(2) 
PARAMETRIC_REPRESENTATION_CONTEXT() REPRESENTATION_CONTEXT('2D SPACE',''
  ) );
#1290 = PCURVE('',#1219,#1291);
#1291 = DEFINITIONAL_REPRESENTATION('',(#1292),#1301);
#1292 = B_SPLINE_CURVE_WITH_KNOTS('',7,(#1293,#1294,#1295,#1296,#1297,
    #1298,#1299,#1300),.UNSPECIFIED.,.F.,.F.,(8,8),(4.712388980385,
    6.28318530718),.PIECEWISE_BEZIER_KNOTS.);
#1293 = CARTESIAN_POINT('',(0.,-3.19744231092E-14));
#1294 = CARTESIAN_POINT('',(0.224399475256,-6.001704510352E-02));
#1295 = CARTESIAN_POINT('',(0.448798950513,-0.120033846503));
#1296 = CARTESIAN_POINT('',(0.673198425769,-0.175116139327));
#1297 = CARTESIAN_POINT('',(0.897597901026,-0.220320441205));
#1298 = CARTESIAN_POINT('',(1.121997376282,-0.251743562703));
#1299 = CARTESIAN_POINT('',(1.346396851538,-0.267456263144));
#1300 = CARTESIAN_POINT('',(1.570796326795,-0.267456263144));
#1301 = ( GEOMETRIC_REPRESENTATION_CONTEXT(2) 
PARAMETRIC_REPRESENTATION_CONTEXT() REPRESENTATION_CONTEXT('2D SPACE',''
  ) );
#1302 = ORIENTED_EDGE('',*,*,#1174,.F.);
#1303 = ORIENTED_EDGE('',*,*,#1135,.T.);
#1304 = ORIENTED_EDGE('',*,*,#1101,.T.);
#1305 = ORIENTED_EDGE('',*,*,#1060,.T.);
#1306 = ADVANCED_FACE('',(#1307),#1219,.T.);
#1307 = FACE_BOUND('',#1308,.T.);
#1308 = EDGE_LOOP('',(#1309,#1331,#1372,#1406,#1438,#1439,#1440,#1441));
#1309 = ORIENTED_EDGE('',*,*,#1310,.T.);
#1310 = EDGE_CURVE('',#1175,#1311,#1313,.T.);
#1311 = VERTEX_POINT('',#1312);
#1312 = CARTESIAN_POINT('',(-23.14335864453,101.39767941391,-4.7625));
#1313 = SEAM_CURVE('',#1314,(#1318,#1324),.PCURVE_S1.);
#1314 = LINE('',#1315,#1316);
#1315 = CARTESIAN_POINT('',(-28.37859096132,98.504268786837,-4.7625));
#1316 = VECTOR('',#1317,1.);
#1317 = DIRECTION('',(0.875223421909,0.483718887105,0.));
#1318 = PCURVE('',#1219,#1319);
#1319 = DEFINITIONAL_REPRESENTATION('',(#1320),#1323);
#1320 = B_SPLINE_CURVE_WITH_KNOTS('',1,(#1321,#1322),.UNSPECIFIED.,.F.,
  .F.,(2,2),(-1.480537077276,7.46213238854),.PIECEWISE_BEZIER_KNOTS.);
#1321 = CARTESIAN_POINT('',(6.28318530718,-1.480537077276));
#1322 = CARTESIAN_POINT('',(6.28318530718,7.46213238854));
#1323 = ( GEOMETRIC_REPRESENTATION_CONTEXT(2) 
PARAMETRIC_REPRESENTATION_CONTEXT() REPRESENTATION_CONTEXT('2D SPACE',''
  ) );
#1324 = PCURVE('',#1219,#1325);
#1325 = DEFINITIONAL_REPRESENTATION('',(#1326),#1330);
#1326 = LINE('',#1327,#1328);
#1327 = CARTESIAN_POINT('',(0.,0.));
#1328 = VECTOR('',#1329,1.);
#1329 = DIRECTION('',(0.,1.));
#1330 = ( GEOMETRIC_REPRESENTATION_CONTEXT(2) 
PARAMETRIC_REPRESENTATION_CONTEXT() REPRESENTATION_CONTEXT('2D SPACE',''
  ) );
#1331 = ORIENTED_EDGE('',*,*,#1332,.F.);
#1332 = EDGE_CURVE('',#1333,#1311,#1335,.T.);
#1333 = VERTEX_POINT('',#1334);
#1334 = CARTESIAN_POINT('',(-23.14335864453,101.39767941391,4.7625));
#1335 = SURFACE_CURVE('',#1336,(#1341,#1354),.PCURVE_S1.);
#1336 = ELLIPSE('',#1337,4.770004098813,4.7625);
#1337 = AXIS2_PLACEMENT_3D('',#1338,#1339,#1340);
#1338 = CARTESIAN_POINT('',(-23.14335864453,101.39767941391,0.));
#1339 = DIRECTION('',(0.900968867902,0.433883739118,0.));
#1340 = DIRECTION('',(-0.433883739118,0.900968867902,0.));
#1341 = PCURVE('',#1219,#1342);
#1342 = DEFINITIONAL_REPRESENTATION('',(#1343),#1353);
#1343 = B_SPLINE_CURVE_WITH_KNOTS('',8,(#1344,#1345,#1346,#1347,#1348,
    #1349,#1350,#1351,#1352),.UNSPECIFIED.,.F.,.F.,(9,9),(1.570796326795
    ,4.712388980385),.PIECEWISE_BEZIER_KNOTS.);
#1344 = CARTESIAN_POINT('',(3.14159265359,5.981595311264));
#1345 = CARTESIAN_POINT('',(3.534291735289,5.876565482333));
#1346 = CARTESIAN_POINT('',(3.92699081698,5.771534815945));
#1347 = CARTESIAN_POINT('',(4.319689898697,5.69119415532));
#1348 = CARTESIAN_POINT('',(4.712388980341,5.660166763018));
#1349 = CARTESIAN_POINT('',(5.105088062091,5.69119415532));
#1350 = CARTESIAN_POINT('',(5.497787143776,5.771534815944));
#1351 = CARTESIAN_POINT('',(5.890486225481,5.876565482333));
#1352 = CARTESIAN_POINT('',(6.28318530718,5.981595311264));
#1353 = ( GEOMETRIC_REPRESENTATION_CONTEXT(2) 
PARAMETRIC_REPRESENTATION_CONTEXT() REPRESENTATION_CONTEXT('2D SPACE',''
  ) );
#1354 = PCURVE('',#1355,#1360);
#1355 = CYLINDRICAL_SURFACE('',#1356,4.7625);
#1356 = AXIS2_PLACEMENT_3D('',#1357,#1358,#1359);
#1357 = CARTESIAN_POINT('',(-23.14335864453,101.39767941391,0.));
#1358 = DIRECTION('',(0.923879532511,0.382683432365,0.));
#1359 = DIRECTION('',(-4.248639577543E-17,1.025712328974E-16,-1.));
#1360 = DEFINITIONAL_REPRESENTATION('',(#1361),#1371);
#1361 = B_SPLINE_CURVE_WITH_KNOTS('',8,(#1362,#1363,#1364,#1365,#1366,
    #1367,#1368,#1369,#1370),.UNSPECIFIED.,.F.,.F.,(9,9),(1.570796326795
    ,4.712388980385),.PIECEWISE_BEZIER_KNOTS.);
#1362 = CARTESIAN_POINT('',(3.14159265359,4.618527782441E-14));
#1363 = CARTESIAN_POINT('',(3.534291735289,0.105029828931));
#1364 = CARTESIAN_POINT('',(3.926990816991,0.21006049532));
#1365 = CARTESIAN_POINT('',(4.319689898661,0.29040115593));
#1366 = CARTESIAN_POINT('',(4.712388980399,0.321428548247));
#1367 = CARTESIAN_POINT('',(5.105088062062,0.29040115593));
#1368 = CARTESIAN_POINT('',(5.497787143785,0.21006049532));
#1369 = CARTESIAN_POINT('',(5.890486225481,0.105029828931));
#1370 = CARTESIAN_POINT('',(6.28318530718,4.618527782441E-14));
#1371 = ( GEOMETRIC_REPRESENTATION_CONTEXT(2) 
PARAMETRIC_REPRESENTATION_CONTEXT() REPRESENTATION_CONTEXT('2D SPACE',''
  ) );
#1372 = ORIENTED_EDGE('',*,*,#1373,.F.);
#1373 = EDGE_CURVE('',#1374,#1333,#1376,.T.);
#1374 = VERTEX_POINT('',#1375);
#1375 = CARTESIAN_POINT('',(-25.21298585853,105.69530460671,
    -5.832380380939E-16));
#1376 = SURFACE_CURVE('',#1377,(#1382,#1394),.PCURVE_S1.);
#1377 = ELLIPSE('',#1378,4.770004098813,4.7625);
#1378 = AXIS2_PLACEMENT_3D('',#1379,#1380,#1381);
#1379 = CARTESIAN_POINT('',(-23.14335864453,101.39767941391,0.));
#1380 = DIRECTION('',(0.900968867902,0.433883739118,0.));
#1381 = DIRECTION('',(-0.433883739118,0.900968867902,0.));
#1382 = PCURVE('',#1219,#1383);
#1383 = DEFINITIONAL_REPRESENTATION('',(#1384),#1393);
#1384 = B_SPLINE_CURVE_WITH_KNOTS('',7,(#1385,#1386,#1387,#1388,#1389,
    #1390,#1391,#1392),.UNSPECIFIED.,.F.,.F.,(8,8),(0.,1.570796326795),
  .PIECEWISE_BEZIER_KNOTS.);
#1385 = CARTESIAN_POINT('',(1.570796326795,6.249051574407));
#1386 = CARTESIAN_POINT('',(1.795195802051,6.249051574407));
#1387 = CARTESIAN_POINT('',(2.019595277308,6.233338873966));
#1388 = CARTESIAN_POINT('',(2.243994752564,6.201915752471));
#1389 = CARTESIAN_POINT('',(2.468394227821,6.156711450589));
#1390 = CARTESIAN_POINT('',(2.692793703077,6.101629157767));
#1391 = CARTESIAN_POINT('',(2.917193178333,6.041612356367));
#1392 = CARTESIAN_POINT('',(3.14159265359,5.981595311264));
#1393 = ( GEOMETRIC_REPRESENTATION_CONTEXT(2) 
PARAMETRIC_REPRESENTATION_CONTEXT() REPRESENTATION_CONTEXT('2D SPACE',''
  ) );
#1394 = PCURVE('',#1355,#1395);
#1395 = DEFINITIONAL_REPRESENTATION('',(#1396),#1405);
#1396 = B_SPLINE_CURVE_WITH_KNOTS('',7,(#1397,#1398,#1399,#1400,#1401,
    #1402,#1403,#1404),.UNSPECIFIED.,.F.,.F.,(8,8),(0.,1.570796326795),
  .PIECEWISE_BEZIER_KNOTS.);
#1397 = CARTESIAN_POINT('',(1.570796326795,-0.267456263144));
#1398 = CARTESIAN_POINT('',(1.795195802051,-0.267456263144));
#1399 = CARTESIAN_POINT('',(2.019595277307,-0.251743562703));
#1400 = CARTESIAN_POINT('',(2.243994752565,-0.220320441205));
#1401 = CARTESIAN_POINT('',(2.46839422782,-0.175116139327));
#1402 = CARTESIAN_POINT('',(2.692793703077,-0.120033846502));
#1403 = CARTESIAN_POINT('',(2.917193178333,-6.001704510344E-02));
#1404 = CARTESIAN_POINT('',(3.14159265359,4.618527782441E-14));
#1405 = ( GEOMETRIC_REPRESENTATION_CONTEXT(2) 
PARAMETRIC_REPRESENTATION_CONTEXT() REPRESENTATION_CONTEXT('2D SPACE',''
  ) );
#1406 = ORIENTED_EDGE('',*,*,#1407,.F.);
#1407 = EDGE_CURVE('',#1311,#1374,#1408,.T.);
#1408 = SURFACE_CURVE('',#1409,(#1414,#1426),.PCURVE_S1.);
#1409 = ELLIPSE('',#1410,4.770004098813,4.7625);
#1410 = AXIS2_PLACEMENT_3D('',#1411,#1412,#1413);
#1411 = CARTESIAN_POINT('',(-23.14335864453,101.39767941391,0.));
#1412 = DIRECTION('',(0.900968867902,0.433883739118,0.));
#1413 = DIRECTION('',(-0.433883739118,0.900968867902,0.));
#1414 = PCURVE('',#1219,#1415);
#1415 = DEFINITIONAL_REPRESENTATION('',(#1416),#1425);
#1416 = B_SPLINE_CURVE_WITH_KNOTS('',7,(#1417,#1418,#1419,#1420,#1421,
    #1422,#1423,#1424),.UNSPECIFIED.,.F.,.F.,(8,8),(4.712388980385,
    6.28318530718),.PIECEWISE_BEZIER_KNOTS.);
#1417 = CARTESIAN_POINT('',(-2.6645352591E-15,5.981595311264));
#1418 = CARTESIAN_POINT('',(0.224399475256,6.041612356367));
#1419 = CARTESIAN_POINT('',(0.448798950513,6.101629157765));
#1420 = CARTESIAN_POINT('',(0.673198425769,6.156711450593));
#1421 = CARTESIAN_POINT('',(0.897597901026,6.201915752465));
#1422 = CARTESIAN_POINT('',(1.121997376282,6.233338873967));
#1423 = CARTESIAN_POINT('',(1.346396851538,6.249051574407));
#1424 = CARTESIAN_POINT('',(1.570796326795,6.249051574407));
#1425 = ( GEOMETRIC_REPRESENTATION_CONTEXT(2) 
PARAMETRIC_REPRESENTATION_CONTEXT() REPRESENTATION_CONTEXT('2D SPACE',''
  ) );
#1426 = PCURVE('',#1355,#1427);
#1427 = DEFINITIONAL_REPRESENTATION('',(#1428),#1437);
#1428 = B_SPLINE_CURVE_WITH_KNOTS('',7,(#1429,#1430,#1431,#1432,#1433,
    #1434,#1435,#1436),.UNSPECIFIED.,.F.,.F.,(8,8),(4.712388980385,
    6.28318530718),.PIECEWISE_BEZIER_KNOTS.);
#1429 = CARTESIAN_POINT('',(-2.6645352591E-15,4.618527782441E-14));
#1430 = CARTESIAN_POINT('',(0.224399475256,-6.001704510344E-02));
#1431 = CARTESIAN_POINT('',(0.448798950513,-0.120033846502));
#1432 = CARTESIAN_POINT('',(0.673198425769,-0.175116139327));
#1433 = CARTESIAN_POINT('',(0.897597901026,-0.220320441205));
#1434 = CARTESIAN_POINT('',(1.121997376282,-0.251743562703));
#1435 = CARTESIAN_POINT('',(1.346396851538,-0.267456263144));
#1436 = CARTESIAN_POINT('',(1.570796326795,-0.267456263144));
#1437 = ( GEOMETRIC_REPRESENTATION_CONTEXT(2) 
PARAMETRIC_REPRESENTATION_CONTEXT() REPRESENTATION_CONTEXT('2D SPACE',''
  ) );
#1438 = ORIENTED_EDGE('',*,*,#1310,.F.);
#1439 = ORIENTED_EDGE('',*,*,#1271,.T.);
#1440 = ORIENTED_EDGE('',*,*,#1237,.T.);
#1441 = ORIENTED_EDGE('',*,*,#1196,.T.);
#1442 = ADVANCED_FACE('',(#1443),#1355,.T.);
#1443 = FACE_BOUND('',#1444,.T.);
#1444 = EDGE_LOOP('',(#1445,#1467,#1508,#1542,#1574,#1575,#1576,#1577));
#1445 = ORIENTED_EDGE('',*,*,#1446,.T.);
#1446 = EDGE_CURVE('',#1311,#1447,#1449,.T.);
#1447 = VERTEX_POINT('',#1448);
#1448 = CARTESIAN_POINT('',(-17.61708516468,103.68673683864,-4.7625));
#1449 = SEAM_CURVE('',#1450,(#1454,#1460),.PCURVE_S1.);
#1450 = LINE('',#1451,#1452);
#1451 = CARTESIAN_POINT('',(-23.14335864453,101.39767941391,-4.7625));
#1452 = VECTOR('',#1453,1.);
#1453 = DIRECTION('',(0.923879532511,0.382683432365,0.));
#1454 = PCURVE('',#1355,#1455);
#1455 = DEFINITIONAL_REPRESENTATION('',(#1456),#1459);
#1456 = B_SPLINE_CURVE_WITH_KNOTS('',1,(#1457,#1458),.UNSPECIFIED.,.F.,
  .F.,(2,2),(-1.480537077276,7.46213238854),.PIECEWISE_BEZIER_KNOTS.);
#1457 = CARTESIAN_POINT('',(6.28318530718,-1.480537077276));
#1458 = CARTESIAN_POINT('',(6.28318530718,7.46213238854));
#1459 = ( GEOMETRIC_REPRESENTATION_CONTEXT(2) 
PARAMETRIC_REPRESENTATION_CONTEXT() REPRESENTATION_CONTEXT('2D SPACE',''
  ) );
#1460 = PCURVE('',#1355,#1461);
#1461 = DEFINITIONAL_REPRESENTATION('',(#1462),#1466);
#1462 = LINE('',#1463,#1464);
#1463 = CARTESIAN_POINT('',(0.,0.));
#1464 = VECTOR('',#1465,1.);
#1465 = DIRECTION('',(0.,1.));
#1466 = ( GEOMETRIC_REPRESENTATION_CONTEXT(2) 
PARAMETRIC_REPRESENTATION_CONTEXT() REPRESENTATION_CONTEXT('2D SPACE',''
  ) );
#1467 = ORIENTED_EDGE('',*,*,#1468,.F.);
#1468 = EDGE_CURVE('',#1469,#1447,#1471,.T.);
#1469 = VERTEX_POINT('',#1470);
#1470 = CARTESIAN_POINT('',(-17.61708516468,103.68673683864,4.7625));
#1471 = SURFACE_CURVE('',#1472,(#1477,#1490),.PCURVE_S1.);
#1472 = ELLIPSE('',#1473,4.770004098813,4.7625);
#1473 = AXIS2_PLACEMENT_3D('',#1474,#1475,#1476);
#1474 = CARTESIAN_POINT('',(-17.61708516468,103.68673683864,0.));
#1475 = DIRECTION('',(0.943883330308,0.330279061955,0.));
#1476 = DIRECTION('',(-0.330279061955,0.943883330308,0.));
#1477 = PCURVE('',#1355,#1478);
#1478 = DEFINITIONAL_REPRESENTATION('',(#1479),#1489);
#1479 = B_SPLINE_CURVE_WITH_KNOTS('',8,(#1480,#1481,#1482,#1483,#1484,
    #1485,#1486,#1487,#1488),.UNSPECIFIED.,.F.,.F.,(9,9),(1.570796326795
    ,4.712388980385),.PIECEWISE_BEZIER_KNOTS.);
#1480 = CARTESIAN_POINT('',(3.14159265359,5.981595311264));
#1481 = CARTESIAN_POINT('',(3.534291735289,5.876565482333));
#1482 = CARTESIAN_POINT('',(3.926990816989,5.771534815939));
#1483 = CARTESIAN_POINT('',(4.319689898668,5.691194155342));
#1484 = CARTESIAN_POINT('',(4.712388980399,5.66016676298));
#1485 = CARTESIAN_POINT('',(5.105088062069,5.691194155339));
#1486 = CARTESIAN_POINT('',(5.497787143785,5.77153481594));
#1487 = CARTESIAN_POINT('',(5.890486225481,5.876565482333));
#1488 = CARTESIAN_POINT('',(6.28318530718,5.981595311264));
#1489 = ( GEOMETRIC_REPRESENTATION_CONTEXT(2) 
PARAMETRIC_REPRESENTATION_CONTEXT() REPRESENTATION_CONTEXT('2D SPACE',''
  ) );
#1490 = PCURVE('',#1491,#1496);
#1491 = CYLINDRICAL_SURFACE('',#1492,4.7625);
#1492 = AXIS2_PLACEMENT_3D('',#1493,#1494,#1495);
#1493 = CARTESIAN_POINT('',(-17.61708516468,103.68673683864,0.));
#1494 = DIRECTION('',(0.960917321945,0.276835511425,0.));
#1495 = DIRECTION('',(-3.073491588177E-17,1.066832535585E-16,-1.));
#1496 = DEFINITIONAL_REPRESENTATION('',(#1497),#1507);
#1497 = B_SPLINE_CURVE_WITH_KNOTS('',8,(#1498,#1499,#1500,#1501,#1502,
    #1503,#1504,#1505,#1506),.UNSPECIFIED.,.F.,.F.,(9,9),(1.570796326795
    ,4.712388980385),.PIECEWISE_BEZIER_KNOTS.);
#1498 = CARTESIAN_POINT('',(3.14159265359,2.22044604925E-13));
#1499 = CARTESIAN_POINT('',(3.534291735289,0.105029828931));
#1500 = CARTESIAN_POINT('',(3.926990816988,0.210060495319));
#1501 = CARTESIAN_POINT('',(4.319689898686,0.290401155933));
#1502 = CARTESIAN_POINT('',(4.712388980391,0.321428548244));
#1503 = CARTESIAN_POINT('',(5.105088062084,0.290401155933));
#1504 = CARTESIAN_POINT('',(5.497787143783,0.210060495319));
#1505 = CARTESIAN_POINT('',(5.890486225481,0.105029828931));
#1506 = CARTESIAN_POINT('',(6.28318530718,2.22044604925E-13));
#1507 = ( GEOMETRIC_REPRESENTATION_CONTEXT(2) 
PARAMETRIC_REPRESENTATION_CONTEXT() REPRESENTATION_CONTEXT('2D SPACE',''
  ) );
#1508 = ORIENTED_EDGE('',*,*,#1509,.F.);
#1509 = EDGE_CURVE('',#1510,#1469,#1512,.T.);
#1510 = VERTEX_POINT('',#1511);
#1511 = CARTESIAN_POINT('',(-19.19251764396,108.18906419302,
    -5.832380380939E-16));
#1512 = SURFACE_CURVE('',#1513,(#1518,#1530),.PCURVE_S1.);
#1513 = ELLIPSE('',#1514,4.770004098813,4.7625);
#1514 = AXIS2_PLACEMENT_3D('',#1515,#1516,#1517);
#1515 = CARTESIAN_POINT('',(-17.61708516468,103.68673683864,0.));
#1516 = DIRECTION('',(0.943883330308,0.330279061955,0.));
#1517 = DIRECTION('',(-0.330279061955,0.943883330308,0.));
#1518 = PCURVE('',#1355,#1519);
#1519 = DEFINITIONAL_REPRESENTATION('',(#1520),#1529);
#1520 = B_SPLINE_CURVE_WITH_KNOTS('',7,(#1521,#1522,#1523,#1524,#1525,
    #1526,#1527,#1528),.UNSPECIFIED.,.F.,.F.,(8,8),(0.,1.570796326795),
  .PIECEWISE_BEZIER_KNOTS.);
#1521 = CARTESIAN_POINT('',(1.570796326795,6.249051574408));
#1522 = CARTESIAN_POINT('',(1.795195802051,6.249051574408));
#1523 = CARTESIAN_POINT('',(2.019595277307,6.233338873966));
#1524 = CARTESIAN_POINT('',(2.243994752565,6.20191575247));
#1525 = CARTESIAN_POINT('',(2.46839422782,6.156711450589));
#1526 = CARTESIAN_POINT('',(2.692793703077,6.101629157767));
#1527 = CARTESIAN_POINT('',(2.917193178333,6.041612356367));
#1528 = CARTESIAN_POINT('',(3.14159265359,5.981595311264));
#1529 = ( GEOMETRIC_REPRESENTATION_CONTEXT(2) 
PARAMETRIC_REPRESENTATION_CONTEXT() REPRESENTATION_CONTEXT('2D SPACE',''
  ) );
#1530 = PCURVE('',#1491,#1531);
#1531 = DEFINITIONAL_REPRESENTATION('',(#1532),#1541);
#1532 = B_SPLINE_CURVE_WITH_KNOTS('',7,(#1533,#1534,#1535,#1536,#1537,
    #1538,#1539,#1540),.UNSPECIFIED.,.F.,.F.,(8,8),(0.,1.570796326795),
  .PIECEWISE_BEZIER_KNOTS.);
#1533 = CARTESIAN_POINT('',(1.570796326795,-0.267456263143));
#1534 = CARTESIAN_POINT('',(1.795195802051,-0.267456263143));
#1535 = CARTESIAN_POINT('',(2.019595277308,-0.251743562703));
#1536 = CARTESIAN_POINT('',(2.243994752564,-0.220320441205));
#1537 = CARTESIAN_POINT('',(2.468394227821,-0.175116139326));
#1538 = CARTESIAN_POINT('',(2.692793703077,-0.120033846502));
#1539 = CARTESIAN_POINT('',(2.917193178333,-6.001704510326E-02));
#1540 = CARTESIAN_POINT('',(3.14159265359,2.22044604925E-13));
#1541 = ( GEOMETRIC_REPRESENTATION_CONTEXT(2) 
PARAMETRIC_REPRESENTATION_CONTEXT() REPRESENTATION_CONTEXT('2D SPACE',''
  ) );
#1542 = ORIENTED_EDGE('',*,*,#1543,.F.);
#1543 = EDGE_CURVE('',#1447,#1510,#1544,.T.);
#1544 = SURFACE_CURVE('',#1545,(#1550,#1562),.PCURVE_S1.);
#1545 = ELLIPSE('',#1546,4.770004098813,4.7625);
#1546 = AXIS2_PLACEMENT_3D('',#1547,#1548,#1549);
#1547 = CARTESIAN_POINT('',(-17.61708516468,103.68673683864,0.));
#1548 = DIRECTION('',(0.943883330308,0.330279061955,0.));
#1549 = DIRECTION('',(-0.330279061955,0.943883330308,0.));
#1550 = PCURVE('',#1355,#1551);
#1551 = DEFINITIONAL_REPRESENTATION('',(#1552),#1561);
#1552 = B_SPLINE_CURVE_WITH_KNOTS('',7,(#1553,#1554,#1555,#1556,#1557,
    #1558,#1559,#1560),.UNSPECIFIED.,.F.,.F.,(8,8),(4.712388980385,
    6.28318530718),.PIECEWISE_BEZIER_KNOTS.);
#1553 = CARTESIAN_POINT('',(-2.6645352591E-15,5.981595311264));
#1554 = CARTESIAN_POINT('',(0.224399475256,6.041612356367));
#1555 = CARTESIAN_POINT('',(0.448798950513,6.101629157766));
#1556 = CARTESIAN_POINT('',(0.673198425769,6.15671145059));
#1557 = CARTESIAN_POINT('',(0.897597901026,6.201915752469));
#1558 = CARTESIAN_POINT('',(1.121997376282,6.233338873967));
#1559 = CARTESIAN_POINT('',(1.346396851538,6.249051574408));
#1560 = CARTESIAN_POINT('',(1.570796326795,6.249051574408));
#1561 = ( GEOMETRIC_REPRESENTATION_CONTEXT(2) 
PARAMETRIC_REPRESENTATION_CONTEXT() REPRESENTATION_CONTEXT('2D SPACE',''
  ) );
#1562 = PCURVE('',#1491,#1563);
#1563 = DEFINITIONAL_REPRESENTATION('',(#1564),#1573);
#1564 = B_SPLINE_CURVE_WITH_KNOTS('',7,(#1565,#1566,#1567,#1568,#1569,
    #1570,#1571,#1572),.UNSPECIFIED.,.F.,.F.,(8,8),(4.712388980385,
    6.28318530718),.PIECEWISE_BEZIER_KNOTS.);
#1565 = CARTESIAN_POINT('',(0.,2.22044604925E-13));
#1566 = CARTESIAN_POINT('',(0.224399475256,-6.001704510326E-02));
#1567 = CARTESIAN_POINT('',(0.448798950513,-0.120033846502));
#1568 = CARTESIAN_POINT('',(0.67319842577,-0.175116139327));
#1569 = CARTESIAN_POINT('',(0.897597901026,-0.220320441205));
#1570 = CARTESIAN_POINT('',(1.121997376282,-0.251743562703));
#1571 = CARTESIAN_POINT('',(1.346396851538,-0.267456263143));
#1572 = CARTESIAN_POINT('',(1.570796326795,-0.267456263143));
#1573 = ( GEOMETRIC_REPRESENTATION_CONTEXT(2) 
PARAMETRIC_REPRESENTATION_CONTEXT() REPRESENTATION_CONTEXT('2D SPACE',''
  ) );
#1574 = ORIENTED_EDGE('',*,*,#1446,.F.);
#1575 = ORIENTED_EDGE('',*,*,#1407,.T.);
#1576 = ORIENTED_EDGE('',*,*,#1373,.T.);
#1577 = ORIENTED_EDGE('',*,*,#1332,.T.);
#1578 = ADVANCED_FACE('',(#1579),#1491,.T.);
#1579 = FACE_BOUND('',#1580,.T.);
#1580 = EDGE_LOOP('',(#1581,#1603,#1644,#1678,#1710,#1711,#1712,#1713));
#1581 = ORIENTED_EDGE('',*,*,#1582,.T.);
#1582 = EDGE_CURVE('',#1447,#1583,#1585,.T.);
#1583 = VERTEX_POINT('',#1584);
#1584 = CARTESIAN_POINT('',(-11.86926661723,105.34265483577,-4.7625));
#1585 = SEAM_CURVE('',#1586,(#1590,#1596),.PCURVE_S1.);
#1586 = LINE('',#1587,#1588);
#1587 = CARTESIAN_POINT('',(-17.61708516468,103.68673683864,-4.7625));
#1588 = VECTOR('',#1589,1.);
#1589 = DIRECTION('',(0.960917321945,0.276835511425,0.));
#1590 = PCURVE('',#1491,#1591);
#1591 = DEFINITIONAL_REPRESENTATION('',(#1592),#1595);
#1592 = B_SPLINE_CURVE_WITH_KNOTS('',1,(#1593,#1594),.UNSPECIFIED.,.F.,
  .F.,(2,2),(-1.480537077276,7.46213238854),.PIECEWISE_BEZIER_KNOTS.);
#1593 = CARTESIAN_POINT('',(6.28318530718,-1.480537077276));
#1594 = CARTESIAN_POINT('',(6.28318530718,7.46213238854));
#1595 = ( GEOMETRIC_REPRESENTATION_CONTEXT(2) 
PARAMETRIC_REPRESENTATION_CONTEXT() REPRESENTATION_CONTEXT('2D SPACE',''
  ) );
#1596 = PCURVE('',#1491,#1597);
#1597 = DEFINITIONAL_REPRESENTATION('',(#1598),#1602);
#1598 = LINE('',#1599,#1600);
#1599 = CARTESIAN_POINT('',(0.,0.));
#1600 = VECTOR('',#1601,1.);
#1601 = DIRECTION('',(0.,1.));
#1602 = ( GEOMETRIC_REPRESENTATION_CONTEXT(2) 
PARAMETRIC_REPRESENTATION_CONTEXT() REPRESENTATION_CONTEXT('2D SPACE',''
  ) );
#1603 = ORIENTED_EDGE('',*,*,#1604,.F.);
#1604 = EDGE_CURVE('',#1605,#1583,#1607,.T.);
#1605 = VERTEX_POINT('',#1606);
#1606 = CARTESIAN_POINT('',(-11.86926661723,105.34265483577,4.7625));
#1607 = SURFACE_CURVE('',#1608,(#1613,#1626),.PCURVE_S1.);
#1608 = ELLIPSE('',#1609,4.770004098813,4.7625);
#1609 = AXIS2_PLACEMENT_3D('',#1610,#1611,#1612);
#1610 = CARTESIAN_POINT('',(-11.86926661723,105.34265483577,0.));
#1611 = DIRECTION('',(0.974927912182,0.222520933956,0.));
#1612 = DIRECTION('',(-0.222520933956,0.974927912182,0.));
#1613 = PCURVE('',#1491,#1614);
#1614 = DEFINITIONAL_REPRESENTATION('',(#1615),#1625);
#1615 = B_SPLINE_CURVE_WITH_KNOTS('',8,(#1616,#1617,#1618,#1619,#1620,
    #1621,#1622,#1623,#1624),.UNSPECIFIED.,.F.,.F.,(9,9),(1.570796326795
    ,4.712388980385),.PIECEWISE_BEZIER_KNOTS.);
#1616 = CARTESIAN_POINT('',(3.14159265359,5.981595311264));
#1617 = CARTESIAN_POINT('',(3.534291735289,5.876565482333));
#1618 = CARTESIAN_POINT('',(3.926990816984,5.771534815936));
#1619 = CARTESIAN_POINT('',(4.319689898683,5.69119415535));
#1620 = CARTESIAN_POINT('',(4.71238898037,5.660166762976));
#1621 = CARTESIAN_POINT('',(5.105088062076,5.691194155343));
#1622 = CARTESIAN_POINT('',(5.49778714378,5.771534815935));
#1623 = CARTESIAN_POINT('',(5.890486225481,5.876565482333));
#1624 = CARTESIAN_POINT('',(6.28318530718,5.981595311264));
#1625 = ( GEOMETRIC_REPRESENTATION_CONTEXT(2) 
PARAMETRIC_REPRESENTATION_CONTEXT() REPRESENTATION_CONTEXT('2D SPACE',''
  ) );
#1626 = PCURVE('',#1627,#1632);
#1627 = CYLINDRICAL_SURFACE('',#1628,4.7625);
#1628 = AXIS2_PLACEMENT_3D('',#1629,#1630,#1631);
#1629 = CARTESIAN_POINT('',(-11.86926661723,105.34265483577,0.));
#1630 = DIRECTION('',(0.985871018518,0.167506223305,0.));
#1631 = DIRECTION('',(-1.859692658809E-17,1.09453670407E-16,-1.));
#1632 = DEFINITIONAL_REPRESENTATION('',(#1633),#1643);
#1633 = B_SPLINE_CURVE_WITH_KNOTS('',8,(#1634,#1635,#1636,#1637,#1638,
    #1639,#1640,#1641,#1642),.UNSPECIFIED.,.F.,.F.,(9,9),(1.570796326795
    ,4.712388980385),.PIECEWISE_BEZIER_KNOTS.);
#1634 = CARTESIAN_POINT('',(3.14159265359,2.13162820728E-14));
#1635 = CARTESIAN_POINT('',(3.534291735289,0.105029828931));
#1636 = CARTESIAN_POINT('',(3.92699081699,0.210060495319));
#1637 = CARTESIAN_POINT('',(4.319689898678,0.290401155933));
#1638 = CARTESIAN_POINT('',(4.7123889804,0.321428548243));
#1639 = CARTESIAN_POINT('',(5.105088062077,0.290401155933));
#1640 = CARTESIAN_POINT('',(5.497787143785,0.210060495319));
#1641 = CARTESIAN_POINT('',(5.890486225481,0.105029828931));
#1642 = CARTESIAN_POINT('',(6.28318530718,2.13162820728E-14));
#1643 = ( GEOMETRIC_REPRESENTATION_CONTEXT(2) 
PARAMETRIC_REPRESENTATION_CONTEXT() REPRESENTATION_CONTEXT('2D SPACE',''
  ) );
#1644 = ORIENTED_EDGE('',*,*,#1645,.F.);
#1645 = EDGE_CURVE('',#1646,#1605,#1648,.T.);
#1646 = VERTEX_POINT('',#1647);
#1647 = CARTESIAN_POINT('',(-12.93069238427,109.99306497293,
    -5.832380380939E-16));
#1648 = SURFACE_CURVE('',#1649,(#1654,#1666),.PCURVE_S1.);
#1649 = ELLIPSE('',#1650,4.770004098813,4.7625);
#1650 = AXIS2_PLACEMENT_3D('',#1651,#1652,#1653);
#1651 = CARTESIAN_POINT('',(-11.86926661723,105.34265483577,0.));
#1652 = DIRECTION('',(0.974927912182,0.222520933956,0.));
#1653 = DIRECTION('',(-0.222520933956,0.974927912182,0.));
#1654 = PCURVE('',#1491,#1655);
#1655 = DEFINITIONAL_REPRESENTATION('',(#1656),#1665);
#1656 = B_SPLINE_CURVE_WITH_KNOTS('',7,(#1657,#1658,#1659,#1660,#1661,
    #1662,#1663,#1664),.UNSPECIFIED.,.F.,.F.,(8,8),(0.,1.570796326795),
  .PIECEWISE_BEZIER_KNOTS.);
#1657 = CARTESIAN_POINT('',(1.570796326795,6.249051574407));
#1658 = CARTESIAN_POINT('',(1.795195802051,6.249051574407));
#1659 = CARTESIAN_POINT('',(2.019595277308,6.233338873966));
#1660 = CARTESIAN_POINT('',(2.243994752564,6.201915752469));
#1661 = CARTESIAN_POINT('',(2.468394227821,6.156711450591));
#1662 = CARTESIAN_POINT('',(2.692793703077,6.101629157766));
#1663 = CARTESIAN_POINT('',(2.917193178333,6.041612356367));
#1664 = CARTESIAN_POINT('',(3.14159265359,5.981595311264));
#1665 = ( GEOMETRIC_REPRESENTATION_CONTEXT(2) 
PARAMETRIC_REPRESENTATION_CONTEXT() REPRESENTATION_CONTEXT('2D SPACE',''
  ) );
#1666 = PCURVE('',#1627,#1667);
#1667 = DEFINITIONAL_REPRESENTATION('',(#1668),#1677);
#1668 = B_SPLINE_CURVE_WITH_KNOTS('',7,(#1669,#1670,#1671,#1672,#1673,
    #1674,#1675,#1676),.UNSPECIFIED.,.F.,.F.,(8,8),(0.,1.570796326795),
  .PIECEWISE_BEZIER_KNOTS.);
#1669 = CARTESIAN_POINT('',(1.570796326795,-0.267456263144));
#1670 = CARTESIAN_POINT('',(1.795195802051,-0.267456263144));
#1671 = CARTESIAN_POINT('',(2.019595277308,-0.251743562703));
#1672 = CARTESIAN_POINT('',(2.243994752563,-0.220320441205));
#1673 = CARTESIAN_POINT('',(2.468394227822,-0.175116139327));
#1674 = CARTESIAN_POINT('',(2.692793703077,-0.120033846502));
#1675 = CARTESIAN_POINT('',(2.917193178333,-6.001704510346E-02));
#1676 = CARTESIAN_POINT('',(3.14159265359,2.13162820728E-14));
#1677 = ( GEOMETRIC_REPRESENTATION_CONTEXT(2) 
PARAMETRIC_REPRESENTATION_CONTEXT() REPRESENTATION_CONTEXT('2D SPACE',''
  ) );
#1678 = ORIENTED_EDGE('',*,*,#1679,.F.);
#1679 = EDGE_CURVE('',#1583,#1646,#1680,.T.);
#1680 = SURFACE_CURVE('',#1681,(#1686,#1698),.PCURVE_S1.);
#1681 = ELLIPSE('',#1682,4.770004098813,4.7625);
#1682 = AXIS2_PLACEMENT_3D('',#1683,#1684,#1685);
#1683 = CARTESIAN_POINT('',(-11.86926661723,105.34265483577,0.));
#1684 = DIRECTION('',(0.974927912182,0.222520933956,0.));
#1685 = DIRECTION('',(-0.222520933956,0.974927912182,0.));
#1686 = PCURVE('',#1491,#1687);
#1687 = DEFINITIONAL_REPRESENTATION('',(#1688),#1697);
#1688 = B_SPLINE_CURVE_WITH_KNOTS('',7,(#1689,#1690,#1691,#1692,#1693,
    #1694,#1695,#1696),.UNSPECIFIED.,.F.,.F.,(8,8),(4.712388980385,
    6.28318530718),.PIECEWISE_BEZIER_KNOTS.);
#1689 = CARTESIAN_POINT('',(-2.6645352591E-15,5.981595311264));
#1690 = CARTESIAN_POINT('',(0.224399475256,6.041612356367));
#1691 = CARTESIAN_POINT('',(0.448798950513,6.101629157766));
#1692 = CARTESIAN_POINT('',(0.673198425769,6.156711450592));
#1693 = CARTESIAN_POINT('',(0.897597901026,6.201915752468));
#1694 = CARTESIAN_POINT('',(1.121997376282,6.233338873966));
#1695 = CARTESIAN_POINT('',(1.346396851538,6.249051574407));
#1696 = CARTESIAN_POINT('',(1.570796326795,6.249051574407));
#1697 = ( GEOMETRIC_REPRESENTATION_CONTEXT(2) 
PARAMETRIC_REPRESENTATION_CONTEXT() REPRESENTATION_CONTEXT('2D SPACE',''
  ) );
#1698 = PCURVE('',#1627,#1699);
#1699 = DEFINITIONAL_REPRESENTATION('',(#1700),#1709);
#1700 = B_SPLINE_CURVE_WITH_KNOTS('',7,(#1701,#1702,#1703,#1704,#1705,
    #1706,#1707,#1708),.UNSPECIFIED.,.F.,.F.,(8,8),(4.712388980385,
    6.28318530718),.PIECEWISE_BEZIER_KNOTS.);
#1701 = CARTESIAN_POINT('',(0.,2.13162820728E-14));
#1702 = CARTESIAN_POINT('',(0.224399475256,-6.001704510346E-02));
#1703 = CARTESIAN_POINT('',(0.448798950513,-0.120033846502));
#1704 = CARTESIAN_POINT('',(0.673198425769,-0.175116139327));
#1705 = CARTESIAN_POINT('',(0.897597901026,-0.220320441205));
#1706 = CARTESIAN_POINT('',(1.121997376282,-0.251743562703));
#1707 = CARTESIAN_POINT('',(1.346396851538,-0.267456263144));
#1708 = CARTESIAN_POINT('',(1.570796326795,-0.267456263144));
#1709 = ( GEOMETRIC_REPRESENTATION_CONTEXT(2) 
PARAMETRIC_REPRESENTATION_CONTEXT() REPRESENTATION_CONTEXT('2D SPACE',''
  ) );
#1710 = ORIENTED_EDGE('',*,*,#1582,.F.);
#1711 = ORIENTED_EDGE('',*,*,#1543,.T.);
#1712 = ORIENTED_EDGE('',*,*,#1509,.T.);
#1713 = ORIENTED_EDGE('',*,*,#1468,.T.);
#1714 = ADVANCED_FACE('',(#1715),#1627,.T.);
#1715 = FACE_BOUND('',#1716,.T.);
#1716 = EDGE_LOOP('',(#1717,#1739,#1780,#1814,#1846,#1847,#1848,#1849));
#1717 = ORIENTED_EDGE('',*,*,#1718,.T.);
#1718 = EDGE_CURVE('',#1583,#1719,#1721,.T.);
#1719 = VERTEX_POINT('',#1720);
#1720 = CARTESIAN_POINT('',(-5.972185155351,106.3446092757,-4.7625));
#1721 = SEAM_CURVE('',#1722,(#1726,#1732),.PCURVE_S1.);
#1722 = LINE('',#1723,#1724);
#1723 = CARTESIAN_POINT('',(-11.86926661723,105.34265483577,-4.7625));
#1724 = VECTOR('',#1725,1.);
#1725 = DIRECTION('',(0.985871018518,0.167506223305,0.));
#1726 = PCURVE('',#1627,#1727);
#1727 = DEFINITIONAL_REPRESENTATION('',(#1728),#1731);
#1728 = B_SPLINE_CURVE_WITH_KNOTS('',1,(#1729,#1730),.UNSPECIFIED.,.F.,
  .F.,(2,2),(-1.480537077276,7.46213238854),.PIECEWISE_BEZIER_KNOTS.);
#1729 = CARTESIAN_POINT('',(6.28318530718,-1.480537077276));
#1730 = CARTESIAN_POINT('',(6.28318530718,7.46213238854));
#1731 = ( GEOMETRIC_REPRESENTATION_CONTEXT(2) 
PARAMETRIC_REPRESENTATION_CONTEXT() REPRESENTATION_CONTEXT('2D SPACE',''
  ) );
#1732 = PCURVE('',#1627,#1733);
#1733 = DEFINITIONAL_REPRESENTATION('',(#1734),#1738);
#1734 = LINE('',#1735,#1736);
#1735 = CARTESIAN_POINT('',(0.,0.));
#1736 = VECTOR('',#1737,1.);
#1737 = DIRECTION('',(0.,1.));
#1738 = ( GEOMETRIC_REPRESENTATION_CONTEXT(2) 
PARAMETRIC_REPRESENTATION_CONTEXT() REPRESENTATION_CONTEXT('2D SPACE',''
  ) );
#1739 = ORIENTED_EDGE('',*,*,#1740,.F.);
#1740 = EDGE_CURVE('',#1741,#1719,#1743,.T.);
#1741 = VERTEX_POINT('',#1742);
#1742 = CARTESIAN_POINT('',(-5.972185155351,106.3446092757,4.7625));
#1743 = SURFACE_CURVE('',#1744,(#1749,#1762),.PCURVE_S1.);
#1744 = ELLIPSE('',#1745,4.770004098813,4.7625);
#1745 = AXIS2_PLACEMENT_3D('',#1746,#1747,#1748);
#1746 = CARTESIAN_POINT('',(-5.972185155351,106.3446092757,0.));
#1747 = DIRECTION('',(0.993712209893,0.111964476103,0.));
#1748 = DIRECTION('',(-0.111964476103,0.993712209893,0.));
#1749 = PCURVE('',#1627,#1750);
#1750 = DEFINITIONAL_REPRESENTATION('',(#1751),#1761);
#1751 = B_SPLINE_CURVE_WITH_KNOTS('',8,(#1752,#1753,#1754,#1755,#1756,
    #1757,#1758,#1759,#1760),.UNSPECIFIED.,.F.,.F.,(9,9),(1.570796326795
    ,4.712388980385),.PIECEWISE_BEZIER_KNOTS.);
#1752 = CARTESIAN_POINT('',(3.14159265359,5.981595311263));
#1753 = CARTESIAN_POINT('',(3.534291735289,5.876565482332));
#1754 = CARTESIAN_POINT('',(3.926990816991,5.771534815943));
#1755 = CARTESIAN_POINT('',(4.31968989868,5.691194155328));
#1756 = CARTESIAN_POINT('',(4.712388980398,5.66016676302));
#1757 = CARTESIAN_POINT('',(5.105088062076,5.691194155325));
#1758 = CARTESIAN_POINT('',(5.497787143785,5.77153481594));
#1759 = CARTESIAN_POINT('',(5.890486225481,5.876565482332));
#1760 = CARTESIAN_POINT('',(6.28318530718,5.981595311263));
#1761 = ( GEOMETRIC_REPRESENTATION_CONTEXT(2) 
PARAMETRIC_REPRESENTATION_CONTEXT() REPRESENTATION_CONTEXT('2D SPACE',''
  ) );
#1762 = PCURVE('',#1763,#1768);
#1763 = CYLINDRICAL_SURFACE('',#1764,4.7625);
#1764 = AXIS2_PLACEMENT_3D('',#1765,#1766,#1767);
#1765 = CARTESIAN_POINT('',(-5.97218515535,106.3446092757,0.));
#1766 = DIRECTION('',(0.998426815018,5.607044723719E-02,0.));
#1767 = DIRECTION('',(-6.225070152376E-18,1.108476438436E-16,-1.));
#1768 = DEFINITIONAL_REPRESENTATION('',(#1769),#1779);
#1769 = B_SPLINE_CURVE_WITH_KNOTS('',8,(#1770,#1771,#1772,#1773,#1774,
    #1775,#1776,#1777,#1778),.UNSPECIFIED.,.F.,.F.,(9,9),(1.570796326795
    ,4.712388980385),.PIECEWISE_BEZIER_KNOTS.);
#1770 = CARTESIAN_POINT('',(3.14159265359,-3.724494805834E-13));
#1771 = CARTESIAN_POINT('',(3.534291735289,0.105029828931));
#1772 = CARTESIAN_POINT('',(3.926990816989,0.210060495319));
#1773 = CARTESIAN_POINT('',(4.319689898683,0.290401155932));
#1774 = CARTESIAN_POINT('',(4.712388980393,0.321428548245));
#1775 = CARTESIAN_POINT('',(5.105088062079,0.290401155932));
#1776 = CARTESIAN_POINT('',(5.497787143784,0.210060495319));
#1777 = CARTESIAN_POINT('',(5.890486225481,0.105029828931));
#1778 = CARTESIAN_POINT('',(6.28318530718,-3.724494805834E-13));
#1779 = ( GEOMETRIC_REPRESENTATION_CONTEXT(2) 
PARAMETRIC_REPRESENTATION_CONTEXT() REPRESENTATION_CONTEXT('2D SPACE',''
  ) );
#1780 = ORIENTED_EDGE('',*,*,#1781,.F.);
#1781 = EDGE_CURVE('',#1782,#1741,#1784,.T.);
#1782 = VERTEX_POINT('',#1783);
#1783 = CARTESIAN_POINT('',(-6.506256165285,111.08462058993,
    -5.832380380939E-16));
#1784 = SURFACE_CURVE('',#1785,(#1790,#1802),.PCURVE_S1.);
#1785 = ELLIPSE('',#1786,4.770004098813,4.7625);
#1786 = AXIS2_PLACEMENT_3D('',#1787,#1788,#1789);
#1787 = CARTESIAN_POINT('',(-5.972185155351,106.3446092757,0.));
#1788 = DIRECTION('',(0.993712209893,0.111964476103,0.));
#1789 = DIRECTION('',(-0.111964476103,0.993712209893,0.));
#1790 = PCURVE('',#1627,#1791);
#1791 = DEFINITIONAL_REPRESENTATION('',(#1792),#1801);
#1792 = B_SPLINE_CURVE_WITH_KNOTS('',7,(#1793,#1794,#1795,#1796,#1797,
    #1798,#1799,#1800),.UNSPECIFIED.,.F.,.F.,(8,8),(0.,1.570796326795),
  .PIECEWISE_BEZIER_KNOTS.);
#1793 = CARTESIAN_POINT('',(1.570796326795,6.249051574407));
#1794 = CARTESIAN_POINT('',(1.795195802051,6.249051574407));
#1795 = CARTESIAN_POINT('',(2.019595277308,6.233338873966));
#1796 = CARTESIAN_POINT('',(2.243994752564,6.20191575247));
#1797 = CARTESIAN_POINT('',(2.468394227821,6.156711450592));
#1798 = CARTESIAN_POINT('',(2.692793703077,6.101629157765));
#1799 = CARTESIAN_POINT('',(2.917193178333,6.041612356367));
#1800 = CARTESIAN_POINT('',(3.14159265359,5.981595311263));
#1801 = ( GEOMETRIC_REPRESENTATION_CONTEXT(2) 
PARAMETRIC_REPRESENTATION_CONTEXT() REPRESENTATION_CONTEXT('2D SPACE',''
  ) );
#1802 = PCURVE('',#1763,#1803);
#1803 = DEFINITIONAL_REPRESENTATION('',(#1804),#1813);
#1804 = B_SPLINE_CURVE_WITH_KNOTS('',7,(#1805,#1806,#1807,#1808,#1809,
    #1810,#1811,#1812),.UNSPECIFIED.,.F.,.F.,(8,8),(0.,1.570796326795),
  .PIECEWISE_BEZIER_KNOTS.);
#1805 = CARTESIAN_POINT('',(1.570796326795,-0.267456263144));
#1806 = CARTESIAN_POINT('',(1.795195802051,-0.267456263144));
#1807 = CARTESIAN_POINT('',(2.019595277307,-0.251743562703));
#1808 = CARTESIAN_POINT('',(2.243994752565,-0.220320441205));
#1809 = CARTESIAN_POINT('',(2.468394227819,-0.175116139327));
#1810 = CARTESIAN_POINT('',(2.692793703077,-0.120033846503));
#1811 = CARTESIAN_POINT('',(2.917193178333,-6.001704510386E-02));
#1812 = CARTESIAN_POINT('',(3.14159265359,-3.724494805834E-13));
#1813 = ( GEOMETRIC_REPRESENTATION_CONTEXT(2) 
PARAMETRIC_REPRESENTATION_CONTEXT() REPRESENTATION_CONTEXT('2D SPACE',''
  ) );
#1814 = ORIENTED_EDGE('',*,*,#1815,.F.);
#1815 = EDGE_CURVE('',#1719,#1782,#1816,.T.);
#1816 = SURFACE_CURVE('',#1817,(#1822,#1834),.PCURVE_S1.);
#1817 = ELLIPSE('',#1818,4.770004098813,4.7625);
#1818 = AXIS2_PLACEMENT_3D('',#1819,#1820,#1821);
#1819 = CARTESIAN_POINT('',(-5.972185155351,106.3446092757,0.));
#1820 = DIRECTION('',(0.993712209893,0.111964476103,0.));
#1821 = DIRECTION('',(-0.111964476103,0.993712209893,0.));
#1822 = PCURVE('',#1627,#1823);
#1823 = DEFINITIONAL_REPRESENTATION('',(#1824),#1833);
#1824 = B_SPLINE_CURVE_WITH_KNOTS('',7,(#1825,#1826,#1827,#1828,#1829,
    #1830,#1831,#1832),.UNSPECIFIED.,.F.,.F.,(8,8),(4.712388980385,
    6.28318530718),.PIECEWISE_BEZIER_KNOTS.);
#1825 = CARTESIAN_POINT('',(2.98390650188E-15,5.981595311263));
#1826 = CARTESIAN_POINT('',(0.224399475256,6.041612356367));
#1827 = CARTESIAN_POINT('',(0.448798950513,6.101629157765));
#1828 = CARTESIAN_POINT('',(0.673198425769,6.156711450591));
#1829 = CARTESIAN_POINT('',(0.897597901026,6.201915752467));
#1830 = CARTESIAN_POINT('',(1.121997376282,6.233338873967));
#1831 = CARTESIAN_POINT('',(1.346396851538,6.249051574407));
#1832 = CARTESIAN_POINT('',(1.570796326795,6.249051574407));
#1833 = ( GEOMETRIC_REPRESENTATION_CONTEXT(2) 
PARAMETRIC_REPRESENTATION_CONTEXT() REPRESENTATION_CONTEXT('2D SPACE',''
  ) );
#1834 = PCURVE('',#1763,#1835);
#1835 = DEFINITIONAL_REPRESENTATION('',(#1836),#1845);
#1836 = B_SPLINE_CURVE_WITH_KNOTS('',7,(#1837,#1838,#1839,#1840,#1841,
    #1842,#1843,#1844),.UNSPECIFIED.,.F.,.F.,(8,8),(4.712388980385,
    6.28318530718),.PIECEWISE_BEZIER_KNOTS.);
#1837 = CARTESIAN_POINT('',(2.98390650188E-15,-3.724494805834E-13));
#1838 = CARTESIAN_POINT('',(0.224399475256,-6.001704510386E-02));
#1839 = CARTESIAN_POINT('',(0.448798950513,-0.120033846503));
#1840 = CARTESIAN_POINT('',(0.673198425769,-0.175116139327));
#1841 = CARTESIAN_POINT('',(0.897597901026,-0.220320441205));
#1842 = CARTESIAN_POINT('',(1.121997376282,-0.251743562703));
#1843 = CARTESIAN_POINT('',(1.346396851538,-0.267456263144));
#1844 = CARTESIAN_POINT('',(1.570796326795,-0.267456263144));
#1845 = ( GEOMETRIC_REPRESENTATION_CONTEXT(2) 
PARAMETRIC_REPRESENTATION_CONTEXT() REPRESENTATION_CONTEXT('2D SPACE',''
  ) );
#1846 = ORIENTED_EDGE('',*,*,#1718,.F.);
#1847 = ORIENTED_EDGE('',*,*,#1679,.T.);
#1848 = ORIENTED_EDGE('',*,*,#1645,.T.);
#1849 = ORIENTED_EDGE('',*,*,#1604,.T.);
#1850 = ADVANCED_FACE('',(#1851),#1763,.T.);
#1851 = FACE_BOUND('',#1852,.T.);
#1852 = EDGE_LOOP('',(#1853,#1875,#1916,#1950,#1982,#1983,#1984,#1985));
#1853 = ORIENTED_EDGE('',*,*,#1854,.T.);
#1854 = EDGE_CURVE('',#1719,#1855,#1857,.T.);
#1855 = VERTEX_POINT('',#1856);
#1856 = CARTESIAN_POINT('',(1.369348867264E-13,106.68,-4.7625));
#1857 = SEAM_CURVE('',#1858,(#1862,#1868),.PCURVE_S1.);
#1858 = LINE('',#1859,#1860);
#1859 = CARTESIAN_POINT('',(-5.97218515535,106.3446092757,-4.7625));
#1860 = VECTOR('',#1861,1.);
#1861 = DIRECTION('',(0.998426815018,5.607044723719E-02,0.));
#1862 = PCURVE('',#1763,#1863);
#1863 = DEFINITIONAL_REPRESENTATION('',(#1864),#1867);
#1864 = B_SPLINE_CURVE_WITH_KNOTS('',1,(#1865,#1866),.UNSPECIFIED.,.F.,
  .F.,(2,2),(-1.480537077276,7.46213238854),.PIECEWISE_BEZIER_KNOTS.);
#1865 = CARTESIAN_POINT('',(6.28318530718,-1.480537077276));
#1866 = CARTESIAN_POINT('',(6.28318530718,7.46213238854));
#1867 = ( GEOMETRIC_REPRESENTATION_CONTEXT(2) 
PARAMETRIC_REPRESENTATION_CONTEXT() REPRESENTATION_CONTEXT('2D SPACE',''
  ) );
#1868 = PCURVE('',#1763,#1869);
#1869 = DEFINITIONAL_REPRESENTATION('',(#1870),#1874);
#1870 = LINE('',#1871,#1872);
#1871 = CARTESIAN_POINT('',(0.,0.));
#1872 = VECTOR('',#1873,1.);
#1873 = DIRECTION('',(0.,1.));
#1874 = ( GEOMETRIC_REPRESENTATION_CONTEXT(2) 
PARAMETRIC_REPRESENTATION_CONTEXT() REPRESENTATION_CONTEXT('2D SPACE',''
  ) );
#1875 = ORIENTED_EDGE('',*,*,#1876,.F.);
#1876 = EDGE_CURVE('',#1877,#1855,#1879,.T.);
#1877 = VERTEX_POINT('',#1878);
#1878 = CARTESIAN_POINT('',(1.220854510934E-13,106.68,4.7625));
#1879 = SURFACE_CURVE('',#1880,(#1885,#1898),.PCURVE_S1.);
#1880 = ELLIPSE('',#1881,4.770004098813,4.7625);
#1881 = AXIS2_PLACEMENT_3D('',#1882,#1883,#1884);
#1882 = CARTESIAN_POINT('',(1.298868607508E-13,106.68,0.));
#1883 = DIRECTION('',(1.,6.949827267794E-18,0.));
#1884 = DIRECTION('',(-6.949827267794E-18,1.,0.));
#1885 = PCURVE('',#1763,#1886);
#1886 = DEFINITIONAL_REPRESENTATION('',(#1887),#1897);
#1887 = B_SPLINE_CURVE_WITH_KNOTS('',8,(#1888,#1889,#1890,#1891,#1892,
    #1893,#1894,#1895,#1896),.UNSPECIFIED.,.F.,.F.,(9,9),(1.570796326795
    ,4.712388980385),.PIECEWISE_BEZIER_KNOTS.);
#1888 = CARTESIAN_POINT('',(3.14159265359,5.981595311264));
#1889 = CARTESIAN_POINT('',(3.534291735289,5.876565482333));
#1890 = CARTESIAN_POINT('',(3.926990816989,5.77153481594));
#1891 = CARTESIAN_POINT('',(4.319689898685,5.691194155345));
#1892 = CARTESIAN_POINT('',(4.712388980391,5.660166762989));
#1893 = CARTESIAN_POINT('',(5.105088062082,5.691194155342));
#1894 = CARTESIAN_POINT('',(5.497787143784,5.77153481594));
#1895 = CARTESIAN_POINT('',(5.890486225481,5.876565482333));
#1896 = CARTESIAN_POINT('',(6.28318530718,5.981595311264));
#1897 = ( GEOMETRIC_REPRESENTATION_CONTEXT(2) 
PARAMETRIC_REPRESENTATION_CONTEXT() REPRESENTATION_CONTEXT('2D SPACE',''
  ) );
#1898 = PCURVE('',#1899,#1904);
#1899 = CYLINDRICAL_SURFACE('',#1900,4.7625);
#1900 = AXIS2_PLACEMENT_3D('',#1901,#1902,#1903);
#1901 = CARTESIAN_POINT('',(3.266133013326E-15,106.68,0.));
#1902 = DIRECTION('',(0.998426815018,-5.607044723719E-02,0.));
#1903 = DIRECTION('',(6.225070152376E-18,1.108476438436E-16,-1.));
#1904 = DEFINITIONAL_REPRESENTATION('',(#1905),#1915);
#1905 = B_SPLINE_CURVE_WITH_KNOTS('',8,(#1906,#1907,#1908,#1909,#1910,
    #1911,#1912,#1913,#1914),.UNSPECIFIED.,.F.,.F.,(9,9),(1.570796326795
    ,4.712388980385),.PIECEWISE_BEZIER_KNOTS.);
#1906 = CARTESIAN_POINT('',(3.14159265359,1.261213355974E-13));
#1907 = CARTESIAN_POINT('',(3.534291735289,0.105029828931));
#1908 = CARTESIAN_POINT('',(3.926990816989,0.210060495319));
#1909 = CARTESIAN_POINT('',(4.319689898684,0.290401155931));
#1910 = CARTESIAN_POINT('',(4.712388980393,0.321428548246));
#1911 = CARTESIAN_POINT('',(5.10508806208,0.290401155931));
#1912 = CARTESIAN_POINT('',(5.497787143784,0.210060495319));
#1913 = CARTESIAN_POINT('',(5.890486225481,0.105029828931));
#1914 = CARTESIAN_POINT('',(6.28318530718,1.261213355974E-13));
#1915 = ( GEOMETRIC_REPRESENTATION_CONTEXT(2) 
PARAMETRIC_REPRESENTATION_CONTEXT() REPRESENTATION_CONTEXT('2D SPACE',''
  ) );
#1916 = ORIENTED_EDGE('',*,*,#1917,.F.);
#1917 = EDGE_CURVE('',#1918,#1877,#1920,.T.);
#1918 = VERTEX_POINT('',#1919);
#1919 = CARTESIAN_POINT('',(1.298537100462E-13,111.45000409881,
    -5.832380380939E-16));
#1920 = SURFACE_CURVE('',#1921,(#1926,#1938),.PCURVE_S1.);
#1921 = ELLIPSE('',#1922,4.770004098813,4.7625);
#1922 = AXIS2_PLACEMENT_3D('',#1923,#1924,#1925);
#1923 = CARTESIAN_POINT('',(1.298868607508E-13,106.68,0.));
#1924 = DIRECTION('',(1.,6.949827267794E-18,0.));
#1925 = DIRECTION('',(-6.949827267794E-18,1.,0.));
#1926 = PCURVE('',#1763,#1927);
#1927 = DEFINITIONAL_REPRESENTATION('',(#1928),#1937);
#1928 = B_SPLINE_CURVE_WITH_KNOTS('',7,(#1929,#1930,#1931,#1932,#1933,
    #1934,#1935,#1936),.UNSPECIFIED.,.F.,.F.,(8,8),(0.,1.570796326795),
  .PIECEWISE_BEZIER_KNOTS.);
#1929 = CARTESIAN_POINT('',(1.570796326795,6.249051574407));
#1930 = CARTESIAN_POINT('',(1.795195802051,6.249051574407));
#1931 = CARTESIAN_POINT('',(2.019595277308,6.233338873966));
#1932 = CARTESIAN_POINT('',(2.243994752564,6.20191575247));
#1933 = CARTESIAN_POINT('',(2.468394227821,6.15671145059));
#1934 = CARTESIAN_POINT('',(2.692793703077,6.101629157767));
#1935 = CARTESIAN_POINT('',(2.917193178333,6.041612356367));
#1936 = CARTESIAN_POINT('',(3.14159265359,5.981595311264));
#1937 = ( GEOMETRIC_REPRESENTATION_CONTEXT(2) 
PARAMETRIC_REPRESENTATION_CONTEXT() REPRESENTATION_CONTEXT('2D SPACE',''
  ) );
#1938 = PCURVE('',#1899,#1939);
#1939 = DEFINITIONAL_REPRESENTATION('',(#1940),#1949);
#1940 = B_SPLINE_CURVE_WITH_KNOTS('',7,(#1941,#1942,#1943,#1944,#1945,
    #1946,#1947,#1948),.UNSPECIFIED.,.F.,.F.,(8,8),(0.,1.570796326795),
  .PIECEWISE_BEZIER_KNOTS.);
#1941 = CARTESIAN_POINT('',(1.570796326795,-0.267456263144));
#1942 = CARTESIAN_POINT('',(1.795195802051,-0.267456263144));
#1943 = CARTESIAN_POINT('',(2.019595277307,-0.251743562703));
#1944 = CARTESIAN_POINT('',(2.243994752566,-0.220320441205));
#1945 = CARTESIAN_POINT('',(2.468394227819,-0.175116139327));
#1946 = CARTESIAN_POINT('',(2.692793703078,-0.120033846502));
#1947 = CARTESIAN_POINT('',(2.917193178333,-6.001704510336E-02));
#1948 = CARTESIAN_POINT('',(3.14159265359,1.261213355974E-13));
#1949 = ( GEOMETRIC_REPRESENTATION_CONTEXT(2) 
PARAMETRIC_REPRESENTATION_CONTEXT() REPRESENTATION_CONTEXT('2D SPACE',''
  ) );
#1950 = ORIENTED_EDGE('',*,*,#1951,.F.);
#1951 = EDGE_CURVE('',#1855,#1918,#1952,.T.);
#1952 = SURFACE_CURVE('',#1953,(#1958,#1970),.PCURVE_S1.);
#1953 = ELLIPSE('',#1954,4.770004098813,4.7625);
#1954 = AXIS2_PLACEMENT_3D('',#1955,#1956,#1957);
#1955 = CARTESIAN_POINT('',(1.298868607508E-13,106.68,0.));
#1956 = DIRECTION('',(1.,6.949827267794E-18,0.));
#1957 = DIRECTION('',(-6.949827267794E-18,1.,0.));
#1958 = PCURVE('',#1763,#1959);
#1959 = DEFINITIONAL_REPRESENTATION('',(#1960),#1969);
#1960 = B_SPLINE_CURVE_WITH_KNOTS('',7,(#1961,#1962,#1963,#1964,#1965,
    #1966,#1967,#1968),.UNSPECIFIED.,.F.,.F.,(8,8),(4.712388980385,
    6.28318530718),.PIECEWISE_BEZIER_KNOTS.);
#1961 = CARTESIAN_POINT('',(0.,5.981595311264));
#1962 = CARTESIAN_POINT('',(0.224399475256,6.041612356367));
#1963 = CARTESIAN_POINT('',(0.448798950513,6.101629157767));
#1964 = CARTESIAN_POINT('',(0.673198425769,6.15671145059));
#1965 = CARTESIAN_POINT('',(0.897597901026,6.201915752471));
#1966 = CARTESIAN_POINT('',(1.121997376282,6.233338873966));
#1967 = CARTESIAN_POINT('',(1.346396851538,6.249051574407));
#1968 = CARTESIAN_POINT('',(1.570796326795,6.249051574407));
#1969 = ( GEOMETRIC_REPRESENTATION_CONTEXT(2) 
PARAMETRIC_REPRESENTATION_CONTEXT() REPRESENTATION_CONTEXT('2D SPACE',''
  ) );
#1970 = PCURVE('',#1899,#1971);
#1971 = DEFINITIONAL_REPRESENTATION('',(#1972),#1981);
#1972 = B_SPLINE_CURVE_WITH_KNOTS('',7,(#1973,#1974,#1975,#1976,#1977,
    #1978,#1979,#1980),.UNSPECIFIED.,.F.,.F.,(8,8),(4.712388980385,
    6.28318530718),.PIECEWISE_BEZIER_KNOTS.);
#1973 = CARTESIAN_POINT('',(2.98390650188E-15,1.261213355974E-13));
#1974 = CARTESIAN_POINT('',(0.224399475256,-6.001704510336E-02));
#1975 = CARTESIAN_POINT('',(0.448798950513,-0.120033846502));
#1976 = CARTESIAN_POINT('',(0.673198425769,-0.175116139327));
#1977 = CARTESIAN_POINT('',(0.897597901026,-0.220320441205));
#1978 = CARTESIAN_POINT('',(1.121997376282,-0.251743562703));
#1979 = CARTESIAN_POINT('',(1.346396851538,-0.267456263144));
#1980 = CARTESIAN_POINT('',(1.570796326795,-0.267456263144));
#1981 = ( GEOMETRIC_REPRESENTATION_CONTEXT(2) 
PARAMETRIC_REPRESENTATION_CONTEXT() REPRESENTATION_CONTEXT('2D SPACE',''
  ) );
#1982 = ORIENTED_EDGE('',*,*,#1854,.F.);
#1983 = ORIENTED_EDGE('',*,*,#1815,.T.);
#1984 = ORIENTED_EDGE('',*,*,#1781,.T.);
#1985 = ORIENTED_EDGE('',*,*,#1740,.T.);
#1986 = ADVANCED_FACE('',(#1987),#1899,.T.);
#1987 = FACE_BOUND('',#1988,.T.);
#1988 = EDGE_LOOP('',(#1989,#2011,#2052,#2086,#2118,#2119,#2120,#2121));
#1989 = ORIENTED_EDGE('',*,*,#1990,.T.);
#1990 = EDGE_CURVE('',#1855,#1991,#1993,.T.);
#1991 = VERTEX_POINT('',#1992);
#1992 = CARTESIAN_POINT('',(5.97218515535,106.3446092757,-4.7625));
#1993 = SEAM_CURVE('',#1994,(#1998,#2004),.PCURVE_S1.);
#1994 = LINE('',#1995,#1996);
#1995 = CARTESIAN_POINT('',(3.295779909927E-15,106.68,-4.7625));
#1996 = VECTOR('',#1997,1.);
#1997 = DIRECTION('',(0.998426815018,-5.607044723719E-02,0.));
#1998 = PCURVE('',#1899,#1999);
#1999 = DEFINITIONAL_REPRESENTATION('',(#2000),#2003);
#2000 = B_SPLINE_CURVE_WITH_KNOTS('',1,(#2001,#2002),.UNSPECIFIED.,.F.,
  .F.,(2,2),(-1.480537077276,7.46213238854),.PIECEWISE_BEZIER_KNOTS.);
#2001 = CARTESIAN_POINT('',(6.28318530718,-1.480537077276));
#2002 = CARTESIAN_POINT('',(6.28318530718,7.46213238854));
#2003 = ( GEOMETRIC_REPRESENTATION_CONTEXT(2) 
PARAMETRIC_REPRESENTATION_CONTEXT() REPRESENTATION_CONTEXT('2D SPACE',''
  ) );
#2004 = PCURVE('',#1899,#2005);
#2005 = DEFINITIONAL_REPRESENTATION('',(#2006),#2010);
#2006 = LINE('',#2007,#2008);
#2007 = CARTESIAN_POINT('',(0.,0.));
#2008 = VECTOR('',#2009,1.);
#2009 = DIRECTION('',(0.,1.));
#2010 = ( GEOMETRIC_REPRESENTATION_CONTEXT(2) 
PARAMETRIC_REPRESENTATION_CONTEXT() REPRESENTATION_CONTEXT('2D SPACE',''
  ) );
#2011 = ORIENTED_EDGE('',*,*,#2012,.F.);
#2012 = EDGE_CURVE('',#2013,#1991,#2015,.T.);
#2013 = VERTEX_POINT('',#2014);
#2014 = CARTESIAN_POINT('',(5.97218515535,106.3446092757,4.7625));
#2015 = SURFACE_CURVE('',#2016,(#2021,#2034),.PCURVE_S1.);
#2016 = ELLIPSE('',#2017,4.770004098813,4.7625);
#2017 = AXIS2_PLACEMENT_3D('',#2018,#2019,#2020);
#2018 = CARTESIAN_POINT('',(5.97218515535,106.3446092757,0.));
#2019 = DIRECTION('',(0.993712209893,-0.111964476103,0.));
#2020 = DIRECTION('',(0.111964476103,0.993712209893,0.));
#2021 = PCURVE('',#1899,#2022);
#2022 = DEFINITIONAL_REPRESENTATION('',(#2023),#2033);
#2023 = B_SPLINE_CURVE_WITH_KNOTS('',8,(#2024,#2025,#2026,#2027,#2028,
    #2029,#2030,#2031,#2032),.UNSPECIFIED.,.F.,.F.,(9,9),(1.570796326795
    ,4.712388980385),.PIECEWISE_BEZIER_KNOTS.);
#2024 = CARTESIAN_POINT('',(3.14159265359,5.981595311263));
#2025 = CARTESIAN_POINT('',(3.534291735289,5.876565482332));
#2026 = CARTESIAN_POINT('',(3.926990816989,5.771534815938));
#2027 = CARTESIAN_POINT('',(4.319689898682,5.691194155336));
#2028 = CARTESIAN_POINT('',(4.712388980394,5.660166762996));
#2029 = CARTESIAN_POINT('',(5.10508806208,5.691194155334));
#2030 = CARTESIAN_POINT('',(5.497787143784,5.771534815939));
#2031 = CARTESIAN_POINT('',(5.890486225481,5.876565482332));
#2032 = CARTESIAN_POINT('',(6.28318530718,5.981595311263));
#2033 = ( GEOMETRIC_REPRESENTATION_CONTEXT(2) 
PARAMETRIC_REPRESENTATION_CONTEXT() REPRESENTATION_CONTEXT('2D SPACE',''
  ) );
#2034 = PCURVE('',#2035,#2040);
#2035 = CYLINDRICAL_SURFACE('',#2036,4.7625);
#2036 = AXIS2_PLACEMENT_3D('',#2037,#2038,#2039);
#2037 = CARTESIAN_POINT('',(5.97218515535,106.3446092757,0.));
#2038 = DIRECTION('',(0.985871018518,-0.167506223305,0.));
#2039 = DIRECTION('',(1.859692658809E-17,1.09453670407E-16,-1.));
#2040 = DEFINITIONAL_REPRESENTATION('',(#2041),#2051);
#2041 = B_SPLINE_CURVE_WITH_KNOTS('',8,(#2042,#2043,#2044,#2045,#2046,
    #2047,#2048,#2049,#2050),.UNSPECIFIED.,.F.,.F.,(9,9),(1.570796326795
    ,4.712388980385),.PIECEWISE_BEZIER_KNOTS.);
#2042 = CARTESIAN_POINT('',(3.14159265359,-1.314504061156E-13));
#2043 = CARTESIAN_POINT('',(3.534291735289,0.105029828931));
#2044 = CARTESIAN_POINT('',(3.926990816989,0.210060495319));
#2045 = CARTESIAN_POINT('',(4.319689898682,0.290401155931));
#2046 = CARTESIAN_POINT('',(4.712388980392,0.321428548246));
#2047 = CARTESIAN_POINT('',(5.105088062081,0.290401155931));
#2048 = CARTESIAN_POINT('',(5.497787143784,0.210060495319));
#2049 = CARTESIAN_POINT('',(5.890486225481,0.105029828931));
#2050 = CARTESIAN_POINT('',(6.28318530718,-1.314504061156E-13));
#2051 = ( GEOMETRIC_REPRESENTATION_CONTEXT(2) 
PARAMETRIC_REPRESENTATION_CONTEXT() REPRESENTATION_CONTEXT('2D SPACE',''
  ) );
#2052 = ORIENTED_EDGE('',*,*,#2053,.F.);
#2053 = EDGE_CURVE('',#2054,#2013,#2056,.T.);
#2054 = VERTEX_POINT('',#2055);
#2055 = CARTESIAN_POINT('',(6.506256165285,111.08462058993,
    -5.832380380939E-16));
#2056 = SURFACE_CURVE('',#2057,(#2062,#2074),.PCURVE_S1.);
#2057 = ELLIPSE('',#2058,4.770004098813,4.7625);
#2058 = AXIS2_PLACEMENT_3D('',#2059,#2060,#2061);
#2059 = CARTESIAN_POINT('',(5.97218515535,106.3446092757,0.));
#2060 = DIRECTION('',(0.993712209893,-0.111964476103,0.));
#2061 = DIRECTION('',(0.111964476103,0.993712209893,0.));
#2062 = PCURVE('',#1899,#2063);
#2063 = DEFINITIONAL_REPRESENTATION('',(#2064),#2073);
#2064 = B_SPLINE_CURVE_WITH_KNOTS('',7,(#2065,#2066,#2067,#2068,#2069,
    #2070,#2071,#2072),.UNSPECIFIED.,.F.,.F.,(8,8),(0.,1.570796326795),
  .PIECEWISE_BEZIER_KNOTS.);
#2065 = CARTESIAN_POINT('',(1.570796326795,6.249051574407));
#2066 = CARTESIAN_POINT('',(1.795195802051,6.249051574407));
#2067 = CARTESIAN_POINT('',(2.019595277307,6.233338873967));
#2068 = CARTESIAN_POINT('',(2.243994752565,6.201915752465));
#2069 = CARTESIAN_POINT('',(2.46839422782,6.156711450594));
#2070 = CARTESIAN_POINT('',(2.692793703077,6.101629157765));
#2071 = CARTESIAN_POINT('',(2.917193178333,6.041612356367));
#2072 = CARTESIAN_POINT('',(3.14159265359,5.981595311263));
#2073 = ( GEOMETRIC_REPRESENTATION_CONTEXT(2) 
PARAMETRIC_REPRESENTATION_CONTEXT() REPRESENTATION_CONTEXT('2D SPACE',''
  ) );
#2074 = PCURVE('',#2035,#2075);
#2075 = DEFINITIONAL_REPRESENTATION('',(#2076),#2085);
#2076 = B_SPLINE_CURVE_WITH_KNOTS('',7,(#2077,#2078,#2079,#2080,#2081,
    #2082,#2083,#2084),.UNSPECIFIED.,.F.,.F.,(8,8),(0.,1.570796326795),
  .PIECEWISE_BEZIER_KNOTS.);
#2077 = CARTESIAN_POINT('',(1.570796326795,-0.267456263144));
#2078 = CARTESIAN_POINT('',(1.795195802051,-0.267456263144));
#2079 = CARTESIAN_POINT('',(2.019595277308,-0.251743562703));
#2080 = CARTESIAN_POINT('',(2.243994752564,-0.220320441205));
#2081 = CARTESIAN_POINT('',(2.468394227822,-0.175116139327));
#2082 = CARTESIAN_POINT('',(2.692793703077,-0.120033846503));
#2083 = CARTESIAN_POINT('',(2.917193178333,-6.001704510362E-02));
#2084 = CARTESIAN_POINT('',(3.14159265359,-1.314504061156E-13));
#2085 = ( GEOMETRIC_REPRESENTATION_CONTEXT(2) 
PARAMETRIC_REPRESENTATION_CONTEXT() REPRESENTATION_CONTEXT('2D SPACE',''
  ) );
#2086 = ORIENTED_EDGE('',*,*,#2087,.F.);
#2087 = EDGE_CURVE('',#1991,#2054,#2088,.T.);
#2088 = SURFACE_CURVE('',#2089,(#2094,#2106),.PCURVE_S1.);
#2089 = ELLIPSE('',#2090,4.770004098813,4.7625);
#2090 = AXIS2_PLACEMENT_3D('',#2091,#2092,#2093);
#2091 = CARTESIAN_POINT('',(5.97218515535,106.3446092757,0.));
#2092 = DIRECTION('',(0.993712209893,-0.111964476103,0.));
#2093 = DIRECTION('',(0.111964476103,0.993712209893,0.));
#2094 = PCURVE('',#1899,#2095);
#2095 = DEFINITIONAL_REPRESENTATION('',(#2096),#2105);
#2096 = B_SPLINE_CURVE_WITH_KNOTS('',7,(#2097,#2098,#2099,#2100,#2101,
    #2102,#2103,#2104),.UNSPECIFIED.,.F.,.F.,(8,8),(4.712388980385,
    6.28318530718),.PIECEWISE_BEZIER_KNOTS.);
#2097 = CARTESIAN_POINT('',(2.98390650188E-15,5.981595311263));
#2098 = CARTESIAN_POINT('',(0.224399475256,6.041612356367));
#2099 = CARTESIAN_POINT('',(0.448798950513,6.101629157765));
#2100 = CARTESIAN_POINT('',(0.673198425769,6.156711450592));
#2101 = CARTESIAN_POINT('',(0.897597901026,6.201915752468));
#2102 = CARTESIAN_POINT('',(1.121997376282,6.233338873967));
#2103 = CARTESIAN_POINT('',(1.346396851538,6.249051574407));
#2104 = CARTESIAN_POINT('',(1.570796326795,6.249051574407));
#2105 = ( GEOMETRIC_REPRESENTATION_CONTEXT(2) 
PARAMETRIC_REPRESENTATION_CONTEXT() REPRESENTATION_CONTEXT('2D SPACE',''
  ) );
#2106 = PCURVE('',#2035,#2107);
#2107 = DEFINITIONAL_REPRESENTATION('',(#2108),#2117);
#2108 = B_SPLINE_CURVE_WITH_KNOTS('',7,(#2109,#2110,#2111,#2112,#2113,
    #2114,#2115,#2116),.UNSPECIFIED.,.F.,.F.,(8,8),(4.712388980385,
    6.28318530718),.PIECEWISE_BEZIER_KNOTS.);
#2109 = CARTESIAN_POINT('',(2.98390650188E-15,-1.314504061156E-13));
#2110 = CARTESIAN_POINT('',(0.224399475256,-6.001704510362E-02));
#2111 = CARTESIAN_POINT('',(0.448798950513,-0.120033846503));
#2112 = CARTESIAN_POINT('',(0.673198425769,-0.175116139327));
#2113 = CARTESIAN_POINT('',(0.897597901026,-0.220320441205));
#2114 = CARTESIAN_POINT('',(1.121997376282,-0.251743562703));
#2115 = CARTESIAN_POINT('',(1.346396851538,-0.267456263144));
#2116 = CARTESIAN_POINT('',(1.570796326795,-0.267456263144));
#2117 = ( GEOMETRIC_REPRESENTATION_CONTEXT(2) 
PARAMETRIC_REPRESENTATION_CONTEXT() REPRESENTATION_CONTEXT('2D SPACE',''
  ) );
#2118 = ORIENTED_EDGE('',*,*,#1990,.F.);
#2119 = ORIENTED_EDGE('',*,*,#1951,.T.);
#2120 = ORIENTED_EDGE('',*,*,#1917,.T.);
#2121 = ORIENTED_EDGE('',*,*,#1876,.T.);
#2122 = ADVANCED_FACE('',(#2123),#2035,.T.);
#2123 = FACE_BOUND('',#2124,.T.);
#2124 = EDGE_LOOP('',(#2125,#2147,#2188,#2222,#2254,#2255,#2256,#2257));
#2125 = ORIENTED_EDGE('',*,*,#2126,.T.);
#2126 = EDGE_CURVE('',#1991,#2127,#2129,.T.);
#2127 = VERTEX_POINT('',#2128);
#2128 = CARTESIAN_POINT('',(11.86926661723,105.34265483577,-4.7625));
#2129 = SEAM_CURVE('',#2130,(#2134,#2140),.PCURVE_S1.);
#2130 = LINE('',#2131,#2132);
#2131 = CARTESIAN_POINT('',(5.97218515535,106.3446092757,-4.7625));
#2132 = VECTOR('',#2133,1.);
#2133 = DIRECTION('',(0.985871018518,-0.167506223305,0.));
#2134 = PCURVE('',#2035,#2135);
#2135 = DEFINITIONAL_REPRESENTATION('',(#2136),#2139);
#2136 = B_SPLINE_CURVE_WITH_KNOTS('',1,(#2137,#2138),.UNSPECIFIED.,.F.,
  .F.,(2,2),(-1.480537077276,7.46213238854),.PIECEWISE_BEZIER_KNOTS.);
#2137 = CARTESIAN_POINT('',(6.28318530718,-1.480537077276));
#2138 = CARTESIAN_POINT('',(6.28318530718,7.46213238854));
#2139 = ( GEOMETRIC_REPRESENTATION_CONTEXT(2) 
PARAMETRIC_REPRESENTATION_CONTEXT() REPRESENTATION_CONTEXT('2D SPACE',''
  ) );
#2140 = PCURVE('',#2035,#2141);
#2141 = DEFINITIONAL_REPRESENTATION('',(#2142),#2146);
#2142 = LINE('',#2143,#2144);
#2143 = CARTESIAN_POINT('',(0.,0.));
#2144 = VECTOR('',#2145,1.);
#2145 = DIRECTION('',(0.,1.));
#2146 = ( GEOMETRIC_REPRESENTATION_CONTEXT(2) 
PARAMETRIC_REPRESENTATION_CONTEXT() REPRESENTATION_CONTEXT('2D SPACE',''
  ) );
#2147 = ORIENTED_EDGE('',*,*,#2148,.F.);
#2148 = EDGE_CURVE('',#2149,#2127,#2151,.T.);
#2149 = VERTEX_POINT('',#2150);
#2150 = CARTESIAN_POINT('',(11.86926661723,105.34265483577,4.7625));
#2151 = SURFACE_CURVE('',#2152,(#2157,#2170),.PCURVE_S1.);
#2152 = ELLIPSE('',#2153,4.770004098813,4.7625);
#2153 = AXIS2_PLACEMENT_3D('',#2154,#2155,#2156);
#2154 = CARTESIAN_POINT('',(11.86926661723,105.34265483577,0.));
#2155 = DIRECTION('',(0.974927912182,-0.222520933956,0.));
#2156 = DIRECTION('',(0.222520933956,0.974927912182,0.));
#2157 = PCURVE('',#2035,#2158);
#2158 = DEFINITIONAL_REPRESENTATION('',(#2159),#2169);
#2159 = B_SPLINE_CURVE_WITH_KNOTS('',8,(#2160,#2161,#2162,#2163,#2164,
    #2165,#2166,#2167,#2168),.UNSPECIFIED.,.F.,.F.,(9,9),(1.570796326795
    ,4.712388980385),.PIECEWISE_BEZIER_KNOTS.);
#2160 = CARTESIAN_POINT('',(3.14159265359,5.981595311264));
#2161 = CARTESIAN_POINT('',(3.534291735289,5.876565482333));
#2162 = CARTESIAN_POINT('',(3.926990816986,5.771534815948));
#2163 = CARTESIAN_POINT('',(4.319689898693,5.691194155302));
#2164 = CARTESIAN_POINT('',(4.71238898038,5.660166763046));
#2165 = CARTESIAN_POINT('',(5.10508806209,5.691194155297));
#2166 = CARTESIAN_POINT('',(5.497787143781,5.771534815949));
#2167 = CARTESIAN_POINT('',(5.890486225481,5.876565482333));
#2168 = CARTESIAN_POINT('',(6.28318530718,5.981595311264));
#2169 = ( GEOMETRIC_REPRESENTATION_CONTEXT(2) 
PARAMETRIC_REPRESENTATION_CONTEXT() REPRESENTATION_CONTEXT('2D SPACE',''
  ) );
#2170 = PCURVE('',#2171,#2176);
#2171 = CYLINDRICAL_SURFACE('',#2172,4.7625);
#2172 = AXIS2_PLACEMENT_3D('',#2173,#2174,#2175);
#2173 = CARTESIAN_POINT('',(11.86926661723,105.34265483577,0.));
#2174 = DIRECTION('',(0.960917321945,-0.276835511425,0.));
#2175 = DIRECTION('',(3.073491588177E-17,1.066832535585E-16,-1.));
#2176 = DEFINITIONAL_REPRESENTATION('',(#2177),#2187);
#2177 = B_SPLINE_CURVE_WITH_KNOTS('',8,(#2178,#2179,#2180,#2181,#2182,
    #2183,#2184,#2185,#2186),.UNSPECIFIED.,.F.,.F.,(9,9),(1.570796326795
    ,4.712388980385),.PIECEWISE_BEZIER_KNOTS.);
#2178 = CARTESIAN_POINT('',(3.14159265359,3.623767952377E-13));
#2179 = CARTESIAN_POINT('',(3.534291735289,0.105029828931));
#2180 = CARTESIAN_POINT('',(3.926990816988,0.210060495319));
#2181 = CARTESIAN_POINT('',(4.31968989869,0.290401155933));
#2182 = CARTESIAN_POINT('',(4.712388980385,0.321428548244));
#2183 = CARTESIAN_POINT('',(5.105088062086,0.290401155933));
#2184 = CARTESIAN_POINT('',(5.497787143782,0.210060495319));
#2185 = CARTESIAN_POINT('',(5.890486225481,0.105029828931));
#2186 = CARTESIAN_POINT('',(6.28318530718,3.623767952377E-13));
#2187 = ( GEOMETRIC_REPRESENTATION_CONTEXT(2) 
PARAMETRIC_REPRESENTATION_CONTEXT() REPRESENTATION_CONTEXT('2D SPACE',''
  ) );
#2188 = ORIENTED_EDGE('',*,*,#2189,.F.);
#2189 = EDGE_CURVE('',#2190,#2149,#2192,.T.);
#2190 = VERTEX_POINT('',#2191);
#2191 = CARTESIAN_POINT('',(12.930692384274,109.99306497293,
    -5.832380380939E-16));
#2192 = SURFACE_CURVE('',#2193,(#2198,#2210),.PCURVE_S1.);
#2193 = ELLIPSE('',#2194,4.770004098813,4.7625);
#2194 = AXIS2_PLACEMENT_3D('',#2195,#2196,#2197);
#2195 = CARTESIAN_POINT('',(11.86926661723,105.34265483577,0.));
#2196 = DIRECTION('',(0.974927912182,-0.222520933956,0.));
#2197 = DIRECTION('',(0.222520933956,0.974927912182,0.));
#2198 = PCURVE('',#2035,#2199);
#2199 = DEFINITIONAL_REPRESENTATION('',(#2200),#2209);
#2200 = B_SPLINE_CURVE_WITH_KNOTS('',7,(#2201,#2202,#2203,#2204,#2205,
    #2206,#2207,#2208),.UNSPECIFIED.,.F.,.F.,(8,8),(0.,1.570796326795),
  .PIECEWISE_BEZIER_KNOTS.);
#2201 = CARTESIAN_POINT('',(1.570796326795,6.249051574408));
#2202 = CARTESIAN_POINT('',(1.795195802051,6.249051574408));
#2203 = CARTESIAN_POINT('',(2.019595277308,6.233338873968));
#2204 = CARTESIAN_POINT('',(2.243994752564,6.201915752465));
#2205 = CARTESIAN_POINT('',(2.468394227821,6.156711450595));
#2206 = CARTESIAN_POINT('',(2.692793703077,6.101629157765));
#2207 = CARTESIAN_POINT('',(2.917193178333,6.041612356367));
#2208 = CARTESIAN_POINT('',(3.14159265359,5.981595311264));
#2209 = ( GEOMETRIC_REPRESENTATION_CONTEXT(2) 
PARAMETRIC_REPRESENTATION_CONTEXT() REPRESENTATION_CONTEXT('2D SPACE',''
  ) );
#2210 = PCURVE('',#2171,#2211);
#2211 = DEFINITIONAL_REPRESENTATION('',(#2212),#2221);
#2212 = B_SPLINE_CURVE_WITH_KNOTS('',7,(#2213,#2214,#2215,#2216,#2217,
    #2218,#2219,#2220),.UNSPECIFIED.,.F.,.F.,(8,8),(0.,1.570796326795),
  .PIECEWISE_BEZIER_KNOTS.);
#2213 = CARTESIAN_POINT('',(1.570796326795,-0.267456263143));
#2214 = CARTESIAN_POINT('',(1.795195802051,-0.267456263143));
#2215 = CARTESIAN_POINT('',(2.019595277307,-0.251743562702));
#2216 = CARTESIAN_POINT('',(2.243994752565,-0.220320441205));
#2217 = CARTESIAN_POINT('',(2.46839422782,-0.175116139326));
#2218 = CARTESIAN_POINT('',(2.692793703077,-0.120033846502));
#2219 = CARTESIAN_POINT('',(2.917193178333,-6.001704510312E-02));
#2220 = CARTESIAN_POINT('',(3.14159265359,3.623767952377E-13));
#2221 = ( GEOMETRIC_REPRESENTATION_CONTEXT(2) 
PARAMETRIC_REPRESENTATION_CONTEXT() REPRESENTATION_CONTEXT('2D SPACE',''
  ) );
#2222 = ORIENTED_EDGE('',*,*,#2223,.F.);
#2223 = EDGE_CURVE('',#2127,#2190,#2224,.T.);
#2224 = SURFACE_CURVE('',#2225,(#2230,#2242),.PCURVE_S1.);
#2225 = ELLIPSE('',#2226,4.770004098813,4.7625);
#2226 = AXIS2_PLACEMENT_3D('',#2227,#2228,#2229);
#2227 = CARTESIAN_POINT('',(11.86926661723,105.34265483577,0.));
#2228 = DIRECTION('',(0.974927912182,-0.222520933956,0.));
#2229 = DIRECTION('',(0.222520933956,0.974927912182,0.));
#2230 = PCURVE('',#2035,#2231);
#2231 = DEFINITIONAL_REPRESENTATION('',(#2232),#2241);
#2232 = B_SPLINE_CURVE_WITH_KNOTS('',7,(#2233,#2234,#2235,#2236,#2237,
    #2238,#2239,#2240),.UNSPECIFIED.,.F.,.F.,(8,8),(4.712388980385,
    6.28318530718),.PIECEWISE_BEZIER_KNOTS.);
#2233 = CARTESIAN_POINT('',(2.98390650188E-15,5.981595311264));
#2234 = CARTESIAN_POINT('',(0.224399475256,6.041612356367));
#2235 = CARTESIAN_POINT('',(0.448798950513,6.101629157766));
#2236 = CARTESIAN_POINT('',(0.673198425769,6.156711450592));
#2237 = CARTESIAN_POINT('',(0.897597901026,6.20191575247));
#2238 = CARTESIAN_POINT('',(1.121997376282,6.233338873967));
#2239 = CARTESIAN_POINT('',(1.346396851538,6.249051574408));
#2240 = CARTESIAN_POINT('',(1.570796326795,6.249051574408));
#2241 = ( GEOMETRIC_REPRESENTATION_CONTEXT(2) 
PARAMETRIC_REPRESENTATION_CONTEXT() REPRESENTATION_CONTEXT('2D SPACE',''
  ) );
#2242 = PCURVE('',#2171,#2243);
#2243 = DEFINITIONAL_REPRESENTATION('',(#2244),#2253);
#2244 = B_SPLINE_CURVE_WITH_KNOTS('',7,(#2245,#2246,#2247,#2248,#2249,
    #2250,#2251,#2252),.UNSPECIFIED.,.F.,.F.,(8,8),(4.712388980385,
    6.28318530718),.PIECEWISE_BEZIER_KNOTS.);
#2245 = CARTESIAN_POINT('',(0.,3.623767952377E-13));
#2246 = CARTESIAN_POINT('',(0.224399475256,-6.001704510312E-02));
#2247 = CARTESIAN_POINT('',(0.448798950513,-0.120033846502));
#2248 = CARTESIAN_POINT('',(0.67319842577,-0.175116139326));
#2249 = CARTESIAN_POINT('',(0.897597901025,-0.220320441204));
#2250 = CARTESIAN_POINT('',(1.121997376282,-0.251743562702));
#2251 = CARTESIAN_POINT('',(1.346396851538,-0.267456263143));
#2252 = CARTESIAN_POINT('',(1.570796326795,-0.267456263143));
#2253 = ( GEOMETRIC_REPRESENTATION_CONTEXT(2) 
PARAMETRIC_REPRESENTATION_CONTEXT() REPRESENTATION_CONTEXT('2D SPACE',''
  ) );
#2254 = ORIENTED_EDGE('',*,*,#2126,.F.);
#2255 = ORIENTED_EDGE('',*,*,#2087,.T.);
#2256 = ORIENTED_EDGE('',*,*,#2053,.T.);
#2257 = ORIENTED_EDGE('',*,*,#2012,.T.);
#2258 = ADVANCED_FACE('',(#2259),#2171,.T.);
#2259 = FACE_BOUND('',#2260,.T.);
#2260 = EDGE_LOOP('',(#2261,#2283,#2324,#2358,#2390,#2391,#2392,#2393));
#2261 = ORIENTED_EDGE('',*,*,#2262,.T.);
#2262 = EDGE_CURVE('',#2127,#2263,#2265,.T.);
#2263 = VERTEX_POINT('',#2264);
#2264 = CARTESIAN_POINT('',(17.617085164689,103.68673683864,-4.7625));
#2265 = SEAM_CURVE('',#2266,(#2270,#2276),.PCURVE_S1.);
#2266 = LINE('',#2267,#2268);
#2267 = CARTESIAN_POINT('',(11.86926661723,105.34265483577,-4.7625));
#2268 = VECTOR('',#2269,1.);
#2269 = DIRECTION('',(0.960917321945,-0.276835511425,0.));
#2270 = PCURVE('',#2171,#2271);
#2271 = DEFINITIONAL_REPRESENTATION('',(#2272),#2275);
#2272 = B_SPLINE_CURVE_WITH_KNOTS('',1,(#2273,#2274),.UNSPECIFIED.,.F.,
  .F.,(2,2),(-1.480537077276,7.46213238854),.PIECEWISE_BEZIER_KNOTS.);
#2273 = CARTESIAN_POINT('',(6.28318530718,-1.480537077276));
#2274 = CARTESIAN_POINT('',(6.28318530718,7.46213238854));
#2275 = ( GEOMETRIC_REPRESENTATION_CONTEXT(2) 
PARAMETRIC_REPRESENTATION_CONTEXT() REPRESENTATION_CONTEXT('2D SPACE',''
  ) );
#2276 = PCURVE('',#2171,#2277);
#2277 = DEFINITIONAL_REPRESENTATION('',(#2278),#2282);
#2278 = LINE('',#2279,#2280);
#2279 = CARTESIAN_POINT('',(0.,0.));
#2280 = VECTOR('',#2281,1.);
#2281 = DIRECTION('',(0.,1.));
#2282 = ( GEOMETRIC_REPRESENTATION_CONTEXT(2) 
PARAMETRIC_REPRESENTATION_CONTEXT() REPRESENTATION_CONTEXT('2D SPACE',''
  ) );
#2283 = ORIENTED_EDGE('',*,*,#2284,.F.);
#2284 = EDGE_CURVE('',#2285,#2263,#2287,.T.);
#2285 = VERTEX_POINT('',#2286);
#2286 = CARTESIAN_POINT('',(17.617085164689,103.68673683864,4.7625));
#2287 = SURFACE_CURVE('',#2288,(#2293,#2306),.PCURVE_S1.);
#2288 = ELLIPSE('',#2289,4.770004098813,4.7625);
#2289 = AXIS2_PLACEMENT_3D('',#2290,#2291,#2292);
#2290 = CARTESIAN_POINT('',(17.617085164689,103.68673683864,0.));
#2291 = DIRECTION('',(0.943883330308,-0.330279061955,0.));
#2292 = DIRECTION('',(0.330279061955,0.943883330308,0.));
#2293 = PCURVE('',#2171,#2294);
#2294 = DEFINITIONAL_REPRESENTATION('',(#2295),#2305);
#2295 = B_SPLINE_CURVE_WITH_KNOTS('',8,(#2296,#2297,#2298,#2299,#2300,
    #2301,#2302,#2303,#2304),.UNSPECIFIED.,.F.,.F.,(9,9),(1.570796326795
    ,4.712388980385),.PIECEWISE_BEZIER_KNOTS.);
#2296 = CARTESIAN_POINT('',(3.14159265359,5.981595311264));
#2297 = CARTESIAN_POINT('',(3.534291735289,5.876565482332));
#2298 = CARTESIAN_POINT('',(3.926990816988,5.771534815944));
#2299 = CARTESIAN_POINT('',(4.319689898686,5.691194155316));
#2300 = CARTESIAN_POINT('',(4.71238898039,5.66016676303));
#2301 = CARTESIAN_POINT('',(5.105088062084,5.691194155313));
#2302 = CARTESIAN_POINT('',(5.497787143783,5.771534815945));
#2303 = CARTESIAN_POINT('',(5.890486225481,5.876565482332));
#2304 = CARTESIAN_POINT('',(6.28318530718,5.981595311264));
#2305 = ( GEOMETRIC_REPRESENTATION_CONTEXT(2) 
PARAMETRIC_REPRESENTATION_CONTEXT() REPRESENTATION_CONTEXT('2D SPACE',''
  ) );
#2306 = PCURVE('',#2307,#2312);
#2307 = CYLINDRICAL_SURFACE('',#2308,4.7625);
#2308 = AXIS2_PLACEMENT_3D('',#2309,#2310,#2311);
#2309 = CARTESIAN_POINT('',(17.617085164689,103.68673683864,0.));
#2310 = DIRECTION('',(0.923879532511,-0.382683432365,0.));
#2311 = DIRECTION('',(4.248639577543E-17,1.025712328974E-16,-1.));
#2312 = DEFINITIONAL_REPRESENTATION('',(#2313),#2323);
#2313 = B_SPLINE_CURVE_WITH_KNOTS('',8,(#2314,#2315,#2316,#2317,#2318,
    #2319,#2320,#2321,#2322),.UNSPECIFIED.,.F.,.F.,(9,9),(1.570796326795
    ,4.712388980385),.PIECEWISE_BEZIER_KNOTS.);
#2314 = CARTESIAN_POINT('',(3.14159265359,-3.907985046681E-14));
#2315 = CARTESIAN_POINT('',(3.534291735289,0.105029828931));
#2316 = CARTESIAN_POINT('',(3.926990816987,0.210060495319));
#2317 = CARTESIAN_POINT('',(4.319689898676,0.290401155932));
#2318 = CARTESIAN_POINT('',(4.712388980386,0.321428548245));
#2319 = CARTESIAN_POINT('',(5.105088062077,0.290401155932));
#2320 = CARTESIAN_POINT('',(5.497787143782,0.210060495319));
#2321 = CARTESIAN_POINT('',(5.890486225481,0.105029828931));
#2322 = CARTESIAN_POINT('',(6.28318530718,-3.907985046681E-14));
#2323 = ( GEOMETRIC_REPRESENTATION_CONTEXT(2) 
PARAMETRIC_REPRESENTATION_CONTEXT() REPRESENTATION_CONTEXT('2D SPACE',''
  ) );
#2324 = ORIENTED_EDGE('',*,*,#2325,.F.);
#2325 = EDGE_CURVE('',#2326,#2285,#2328,.T.);
#2326 = VERTEX_POINT('',#2327);
#2327 = CARTESIAN_POINT('',(19.192517643967,108.18906419302,
    -5.832380380939E-16));
#2328 = SURFACE_CURVE('',#2329,(#2334,#2346),.PCURVE_S1.);
#2329 = ELLIPSE('',#2330,4.770004098813,4.7625);
#2330 = AXIS2_PLACEMENT_3D('',#2331,#2332,#2333);
#2331 = CARTESIAN_POINT('',(17.617085164689,103.68673683864,0.));
#2332 = DIRECTION('',(0.943883330308,-0.330279061955,0.));
#2333 = DIRECTION('',(0.330279061955,0.943883330308,0.));
#2334 = PCURVE('',#2171,#2335);
#2335 = DEFINITIONAL_REPRESENTATION('',(#2336),#2345);
#2336 = B_SPLINE_CURVE_WITH_KNOTS('',7,(#2337,#2338,#2339,#2340,#2341,
    #2342,#2343,#2344),.UNSPECIFIED.,.F.,.F.,(8,8),(0.,1.570796326795),
  .PIECEWISE_BEZIER_KNOTS.);
#2337 = CARTESIAN_POINT('',(1.570796326795,6.249051574407));
#2338 = CARTESIAN_POINT('',(1.795195802051,6.249051574407));
#2339 = CARTESIAN_POINT('',(2.019595277308,6.233338873967));
#2340 = CARTESIAN_POINT('',(2.243994752564,6.201915752468));
#2341 = CARTESIAN_POINT('',(2.468394227821,6.156711450591));
#2342 = CARTESIAN_POINT('',(2.692793703077,6.101629157766));
#2343 = CARTESIAN_POINT('',(2.917193178333,6.041612356367));
#2344 = CARTESIAN_POINT('',(3.14159265359,5.981595311264));
#2345 = ( GEOMETRIC_REPRESENTATION_CONTEXT(2) 
PARAMETRIC_REPRESENTATION_CONTEXT() REPRESENTATION_CONTEXT('2D SPACE',''
  ) );
#2346 = PCURVE('',#2307,#2347);
#2347 = DEFINITIONAL_REPRESENTATION('',(#2348),#2357);
#2348 = B_SPLINE_CURVE_WITH_KNOTS('',7,(#2349,#2350,#2351,#2352,#2353,
    #2354,#2355,#2356),.UNSPECIFIED.,.F.,.F.,(8,8),(0.,1.570796326795),
  .PIECEWISE_BEZIER_KNOTS.);
#2349 = CARTESIAN_POINT('',(1.570796326795,-0.267456263144));
#2350 = CARTESIAN_POINT('',(1.795195802051,-0.267456263144));
#2351 = CARTESIAN_POINT('',(2.019595277307,-0.251743562703));
#2352 = CARTESIAN_POINT('',(2.243994752565,-0.220320441205));
#2353 = CARTESIAN_POINT('',(2.46839422782,-0.175116139327));
#2354 = CARTESIAN_POINT('',(2.692793703077,-0.120033846503));
#2355 = CARTESIAN_POINT('',(2.917193178333,-6.001704510352E-02));
#2356 = CARTESIAN_POINT('',(3.14159265359,-3.907985046681E-14));
#2357 = ( GEOMETRIC_REPRESENTATION_CONTEXT(2) 
PARAMETRIC_REPRESENTATION_CONTEXT() REPRESENTATION_CONTEXT('2D SPACE',''
  ) );
#2358 = ORIENTED_EDGE('',*,*,#2359,.F.);
#2359 = EDGE_CURVE('',#2263,#2326,#2360,.T.);
#2360 = SURFACE_CURVE('',#2361,(#2366,#2378),.PCURVE_S1.);
#2361 = ELLIPSE('',#2362,4.770004098813,4.7625);
#2362 = AXIS2_PLACEMENT_3D('',#2363,#2364,#2365);
#2363 = CARTESIAN_POINT('',(17.617085164689,103.68673683864,0.));
#2364 = DIRECTION('',(0.943883330308,-0.330279061955,0.));
#2365 = DIRECTION('',(0.330279061955,0.943883330308,0.));
#2366 = PCURVE('',#2171,#2367);
#2367 = DEFINITIONAL_REPRESENTATION('',(#2368),#2377);
#2368 = B_SPLINE_CURVE_WITH_KNOTS('',7,(#2369,#2370,#2371,#2372,#2373,
    #2374,#2375,#2376),.UNSPECIFIED.,.F.,.F.,(8,8),(4.712388980385,
    6.28318530718),.PIECEWISE_BEZIER_KNOTS.);
#2369 = CARTESIAN_POINT('',(0.,5.981595311264));
#2370 = CARTESIAN_POINT('',(0.224399475256,6.041612356367));
#2371 = CARTESIAN_POINT('',(0.448798950513,6.101629157766));
#2372 = CARTESIAN_POINT('',(0.673198425769,6.15671145059));
#2373 = CARTESIAN_POINT('',(0.897597901026,6.201915752469));
#2374 = CARTESIAN_POINT('',(1.121997376282,6.233338873966));
#2375 = CARTESIAN_POINT('',(1.346396851538,6.249051574407));
#2376 = CARTESIAN_POINT('',(1.570796326795,6.249051574407));
#2377 = ( GEOMETRIC_REPRESENTATION_CONTEXT(2) 
PARAMETRIC_REPRESENTATION_CONTEXT() REPRESENTATION_CONTEXT('2D SPACE',''
  ) );
#2378 = PCURVE('',#2307,#2379);
#2379 = DEFINITIONAL_REPRESENTATION('',(#2380),#2389);
#2380 = B_SPLINE_CURVE_WITH_KNOTS('',7,(#2381,#2382,#2383,#2384,#2385,
    #2386,#2387,#2388),.UNSPECIFIED.,.F.,.F.,(8,8),(4.712388980385,
    6.28318530718),.PIECEWISE_BEZIER_KNOTS.);
#2381 = CARTESIAN_POINT('',(-6.217248937901E-15,-3.907985046681E-14));
#2382 = CARTESIAN_POINT('',(0.224399475256,-6.001704510352E-02));
#2383 = CARTESIAN_POINT('',(0.448798950513,-0.120033846503));
#2384 = CARTESIAN_POINT('',(0.673198425769,-0.175116139327));
#2385 = CARTESIAN_POINT('',(0.897597901026,-0.220320441205));
#2386 = CARTESIAN_POINT('',(1.121997376282,-0.251743562703));
#2387 = CARTESIAN_POINT('',(1.346396851538,-0.267456263144));
#2388 = CARTESIAN_POINT('',(1.570796326795,-0.267456263144));
#2389 = ( GEOMETRIC_REPRESENTATION_CONTEXT(2) 
PARAMETRIC_REPRESENTATION_CONTEXT() REPRESENTATION_CONTEXT('2D SPACE',''
  ) );
#2390 = ORIENTED_EDGE('',*,*,#2262,.F.);
#2391 = ORIENTED_EDGE('',*,*,#2223,.T.);
#2392 = ORIENTED_EDGE('',*,*,#2189,.T.);
#2393 = ORIENTED_EDGE('',*,*,#2148,.T.);
#2394 = ADVANCED_FACE('',(#2395),#2307,.T.);
#2395 = FACE_BOUND('',#2396,.T.);
#2396 = EDGE_LOOP('',(#2397,#2419,#2460,#2494,#2526,#2527,#2528,#2529));
#2397 = ORIENTED_EDGE('',*,*,#2398,.T.);
#2398 = EDGE_CURVE('',#2263,#2399,#2401,.T.);
#2399 = VERTEX_POINT('',#2400);
#2400 = CARTESIAN_POINT('',(23.14335864453,101.39767941391,-4.7625));
#2401 = SEAM_CURVE('',#2402,(#2406,#2412),.PCURVE_S1.);
#2402 = LINE('',#2403,#2404);
#2403 = CARTESIAN_POINT('',(17.617085164689,103.68673683864,-4.7625));
#2404 = VECTOR('',#2405,1.);
#2405 = DIRECTION('',(0.923879532511,-0.382683432365,0.));
#2406 = PCURVE('',#2307,#2407);
#2407 = DEFINITIONAL_REPRESENTATION('',(#2408),#2411);
#2408 = B_SPLINE_CURVE_WITH_KNOTS('',1,(#2409,#2410),.UNSPECIFIED.,.F.,
  .F.,(2,2),(-1.480537077276,7.46213238854),.PIECEWISE_BEZIER_KNOTS.);
#2409 = CARTESIAN_POINT('',(6.28318530718,-1.480537077276));
#2410 = CARTESIAN_POINT('',(6.28318530718,7.46213238854));
#2411 = ( GEOMETRIC_REPRESENTATION_CONTEXT(2) 
PARAMETRIC_REPRESENTATION_CONTEXT() REPRESENTATION_CONTEXT('2D SPACE',''
  ) );
#2412 = PCURVE('',#2307,#2413);
#2413 = DEFINITIONAL_REPRESENTATION('',(#2414),#2418);
#2414 = LINE('',#2415,#2416);
#2415 = CARTESIAN_POINT('',(0.,0.));
#2416 = VECTOR('',#2417,1.);
#2417 = DIRECTION('',(0.,1.));
#2418 = ( GEOMETRIC_REPRESENTATION_CONTEXT(2) 
PARAMETRIC_REPRESENTATION_CONTEXT() REPRESENTATION_CONTEXT('2D SPACE',''
  ) );
#2419 = ORIENTED_EDGE('',*,*,#2420,.F.);
#2420 = EDGE_CURVE('',#2421,#2399,#2423,.T.);
#2421 = VERTEX_POINT('',#2422);
#2422 = CARTESIAN_POINT('',(23.14335864453,101.39767941391,4.7625));
#2423 = SURFACE_CURVE('',#2424,(#2429,#2442),.PCURVE_S1.);
#2424 = ELLIPSE('',#2425,4.770004098813,4.7625);
#2425 = AXIS2_PLACEMENT_3D('',#2426,#2427,#2428);
#2426 = CARTESIAN_POINT('',(23.14335864453,101.39767941391,0.));
#2427 = DIRECTION('',(0.900968867902,-0.433883739118,0.));
#2428 = DIRECTION('',(0.433883739118,0.900968867902,0.));
#2429 = PCURVE('',#2307,#2430);
#2430 = DEFINITIONAL_REPRESENTATION('',(#2431),#2441);
#2431 = B_SPLINE_CURVE_WITH_KNOTS('',8,(#2432,#2433,#2434,#2435,#2436,
    #2437,#2438,#2439,#2440),.UNSPECIFIED.,.F.,.F.,(9,9),(1.570796326795
    ,4.712388980385),.PIECEWISE_BEZIER_KNOTS.);
#2432 = CARTESIAN_POINT('',(3.14159265359,5.981595311263));
#2433 = CARTESIAN_POINT('',(3.534291735289,5.876565482332));
#2434 = CARTESIAN_POINT('',(3.92699081698,5.771534815938));
#2435 = CARTESIAN_POINT('',(4.31968989869,5.691194155344));
#2436 = CARTESIAN_POINT('',(4.712388980356,5.660166762989));
#2437 = CARTESIAN_POINT('',(5.105088062091,5.691194155341));
#2438 = CARTESIAN_POINT('',(5.497787143776,5.771534815937));
#2439 = CARTESIAN_POINT('',(5.890486225481,5.876565482332));
#2440 = CARTESIAN_POINT('',(6.28318530718,5.981595311263));
#2441 = ( GEOMETRIC_REPRESENTATION_CONTEXT(2) 
PARAMETRIC_REPRESENTATION_CONTEXT() REPRESENTATION_CONTEXT('2D SPACE',''
  ) );
#2442 = PCURVE('',#2443,#2448);
#2443 = CYLINDRICAL_SURFACE('',#2444,4.7625);
#2444 = AXIS2_PLACEMENT_3D('',#2445,#2446,#2447);
#2445 = CARTESIAN_POINT('',(23.143358644531,101.39767941391,0.));
#2446 = DIRECTION('',(0.875223421909,-0.483718887105,0.));
#2447 = DIRECTION('',(5.370358459103E-17,9.716931946943E-17,-1.));
#2448 = DEFINITIONAL_REPRESENTATION('',(#2449),#2459);
#2449 = B_SPLINE_CURVE_WITH_KNOTS('',8,(#2450,#2451,#2452,#2453,#2454,
    #2455,#2456,#2457,#2458),.UNSPECIFIED.,.F.,.F.,(9,9),(1.570796326795
    ,4.712388980385),.PIECEWISE_BEZIER_KNOTS.);
#2450 = CARTESIAN_POINT('',(3.14159265359,-1.7763568394E-13));
#2451 = CARTESIAN_POINT('',(3.534291735289,0.105029828931));
#2452 = CARTESIAN_POINT('',(3.92699081699,0.210060495319));
#2453 = CARTESIAN_POINT('',(4.319689898682,0.290401155931));
#2454 = CARTESIAN_POINT('',(4.712388980397,0.321428548246));
#2455 = CARTESIAN_POINT('',(5.105088062079,0.290401155931));
#2456 = CARTESIAN_POINT('',(5.497787143784,0.210060495319));
#2457 = CARTESIAN_POINT('',(5.890486225481,0.105029828931));
#2458 = CARTESIAN_POINT('',(6.28318530718,-1.7763568394E-13));
#2459 = ( GEOMETRIC_REPRESENTATION_CONTEXT(2) 
PARAMETRIC_REPRESENTATION_CONTEXT() REPRESENTATION_CONTEXT('2D SPACE',''
  ) );
#2460 = ORIENTED_EDGE('',*,*,#2461,.F.);
#2461 = EDGE_CURVE('',#2462,#2421,#2464,.T.);
#2462 = VERTEX_POINT('',#2463);
#2463 = CARTESIAN_POINT('',(25.21298585853,105.69530460671,
    -5.832380380939E-16));
#2464 = SURFACE_CURVE('',#2465,(#2470,#2482),.PCURVE_S1.);
#2465 = ELLIPSE('',#2466,4.770004098813,4.7625);
#2466 = AXIS2_PLACEMENT_3D('',#2467,#2468,#2469);
#2467 = CARTESIAN_POINT('',(23.14335864453,101.39767941391,0.));
#2468 = DIRECTION('',(0.900968867902,-0.433883739118,0.));
#2469 = DIRECTION('',(0.433883739118,0.900968867902,0.));
#2470 = PCURVE('',#2307,#2471);
#2471 = DEFINITIONAL_REPRESENTATION('',(#2472),#2481);
#2472 = B_SPLINE_CURVE_WITH_KNOTS('',7,(#2473,#2474,#2475,#2476,#2477,
    #2478,#2479,#2480),.UNSPECIFIED.,.F.,.F.,(8,8),(0.,1.570796326795),
  .PIECEWISE_BEZIER_KNOTS.);
#2473 = CARTESIAN_POINT('',(1.570796326795,6.249051574407));
#2474 = CARTESIAN_POINT('',(1.795195802051,6.249051574407));
#2475 = CARTESIAN_POINT('',(2.019595277307,6.233338873965));
#2476 = CARTESIAN_POINT('',(2.243994752565,6.201915752473));
#2477 = CARTESIAN_POINT('',(2.46839422782,6.156711450587));
#2478 = CARTESIAN_POINT('',(2.692793703078,6.101629157767));
#2479 = CARTESIAN_POINT('',(2.917193178333,6.041612356367));
#2480 = CARTESIAN_POINT('',(3.14159265359,5.981595311263));
#2481 = ( GEOMETRIC_REPRESENTATION_CONTEXT(2) 
PARAMETRIC_REPRESENTATION_CONTEXT() REPRESENTATION_CONTEXT('2D SPACE',''
  ) );
#2482 = PCURVE('',#2443,#2483);
#2483 = DEFINITIONAL_REPRESENTATION('',(#2484),#2493);
#2484 = B_SPLINE_CURVE_WITH_KNOTS('',7,(#2485,#2486,#2487,#2488,#2489,
    #2490,#2491,#2492),.UNSPECIFIED.,.F.,.F.,(8,8),(0.,1.570796326795),
  .PIECEWISE_BEZIER_KNOTS.);
#2485 = CARTESIAN_POINT('',(1.570796326795,-0.267456263144));
#2486 = CARTESIAN_POINT('',(1.795195802051,-0.267456263144));
#2487 = CARTESIAN_POINT('',(2.019595277308,-0.251743562703));
#2488 = CARTESIAN_POINT('',(2.243994752564,-0.220320441205));
#2489 = CARTESIAN_POINT('',(2.468394227821,-0.175116139327));
#2490 = CARTESIAN_POINT('',(2.692793703077,-0.120033846503));
#2491 = CARTESIAN_POINT('',(2.917193178333,-6.001704510367E-02));
#2492 = CARTESIAN_POINT('',(3.14159265359,-1.7763568394E-13));
#2493 = ( GEOMETRIC_REPRESENTATION_CONTEXT(2) 
PARAMETRIC_REPRESENTATION_CONTEXT() REPRESENTATION_CONTEXT('2D SPACE',''
  ) );
#2494 = ORIENTED_EDGE('',*,*,#2495,.F.);
#2495 = EDGE_CURVE('',#2399,#2462,#2496,.T.);
#2496 = SURFACE_CURVE('',#2497,(#2502,#2514),.PCURVE_S1.);
#2497 = ELLIPSE('',#2498,4.770004098813,4.7625);
#2498 = AXIS2_PLACEMENT_3D('',#2499,#2500,#2501);
#2499 = CARTESIAN_POINT('',(23.14335864453,101.39767941391,0.));
#2500 = DIRECTION('',(0.900968867902,-0.433883739118,0.));
#2501 = DIRECTION('',(0.433883739118,0.900968867902,0.));
#2502 = PCURVE('',#2307,#2503);
#2503 = DEFINITIONAL_REPRESENTATION('',(#2504),#2513);
#2504 = B_SPLINE_CURVE_WITH_KNOTS('',7,(#2505,#2506,#2507,#2508,#2509,
    #2510,#2511,#2512),.UNSPECIFIED.,.F.,.F.,(8,8),(4.712388980385,
    6.28318530718),.PIECEWISE_BEZIER_KNOTS.);
#2505 = CARTESIAN_POINT('',(-2.6645352591E-15,5.981595311263));
#2506 = CARTESIAN_POINT('',(0.224399475256,6.041612356367));
#2507 = CARTESIAN_POINT('',(0.448798950513,6.101629157766));
#2508 = CARTESIAN_POINT('',(0.673198425769,6.156711450588));
#2509 = CARTESIAN_POINT('',(0.897597901026,6.20191575247));
#2510 = CARTESIAN_POINT('',(1.121997376282,6.233338873966));
#2511 = CARTESIAN_POINT('',(1.346396851538,6.249051574407));
#2512 = CARTESIAN_POINT('',(1.570796326795,6.249051574407));
#2513 = ( GEOMETRIC_REPRESENTATION_CONTEXT(2) 
PARAMETRIC_REPRESENTATION_CONTEXT() REPRESENTATION_CONTEXT('2D SPACE',''
  ) );
#2514 = PCURVE('',#2443,#2515);
#2515 = DEFINITIONAL_REPRESENTATION('',(#2516),#2525);
#2516 = B_SPLINE_CURVE_WITH_KNOTS('',7,(#2517,#2518,#2519,#2520,#2521,
    #2522,#2523,#2524),.UNSPECIFIED.,.F.,.F.,(8,8),(4.712388980385,
    6.28318530718),.PIECEWISE_BEZIER_KNOTS.);
#2517 = CARTESIAN_POINT('',(0.,-1.7763568394E-13));
#2518 = CARTESIAN_POINT('',(0.224399475256,-6.001704510367E-02));
#2519 = CARTESIAN_POINT('',(0.448798950513,-0.120033846503));
#2520 = CARTESIAN_POINT('',(0.67319842577,-0.175116139327));
#2521 = CARTESIAN_POINT('',(0.897597901026,-0.220320441205));
#2522 = CARTESIAN_POINT('',(1.121997376282,-0.251743562703));
#2523 = CARTESIAN_POINT('',(1.346396851538,-0.267456263144));
#2524 = CARTESIAN_POINT('',(1.570796326795,-0.267456263144));
#2525 = ( GEOMETRIC_REPRESENTATION_CONTEXT(2) 
PARAMETRIC_REPRESENTATION_CONTEXT() REPRESENTATION_CONTEXT('2D SPACE',''
  ) );
#2526 = ORIENTED_EDGE('',*,*,#2398,.F.);
#2527 = ORIENTED_EDGE('',*,*,#2359,.T.);
#2528 = ORIENTED_EDGE('',*,*,#2325,.T.);
#2529 = ORIENTED_EDGE('',*,*,#2284,.T.);
#2530 = ADVANCED_FACE('',(#2531),#2443,.T.);
#2531 = FACE_BOUND('',#2532,.T.);
#2532 = EDGE_LOOP('',(#2533,#2555,#2596,#2630,#2662,#2663,#2664,#2665));
#2533 = ORIENTED_EDGE('',*,*,#2534,.T.);
#2534 = EDGE_CURVE('',#2399,#2535,#2537,.T.);
#2535 = VERTEX_POINT('',#2536);
#2536 = CARTESIAN_POINT('',(28.378590961328,98.504268786837,-4.7625));
#2537 = SEAM_CURVE('',#2538,(#2542,#2548),.PCURVE_S1.);
#2538 = LINE('',#2539,#2540);
#2539 = CARTESIAN_POINT('',(23.143358644531,101.39767941391,-4.7625));
#2540 = VECTOR('',#2541,1.);
#2541 = DIRECTION('',(0.875223421909,-0.483718887105,0.));
#2542 = PCURVE('',#2443,#2543);
#2543 = DEFINITIONAL_REPRESENTATION('',(#2544),#2547);
#2544 = B_SPLINE_CURVE_WITH_KNOTS('',1,(#2545,#2546),.UNSPECIFIED.,.F.,
  .F.,(2,2),(-1.480537077276,7.46213238854),.PIECEWISE_BEZIER_KNOTS.);
#2545 = CARTESIAN_POINT('',(6.28318530718,-1.480537077276));
#2546 = CARTESIAN_POINT('',(6.28318530718,7.46213238854));
#2547 = ( GEOMETRIC_REPRESENTATION_CONTEXT(2) 
PARAMETRIC_REPRESENTATION_CONTEXT() REPRESENTATION_CONTEXT('2D SPACE',''
  ) );
#2548 = PCURVE('',#2443,#2549);
#2549 = DEFINITIONAL_REPRESENTATION('',(#2550),#2554);
#2550 = LINE('',#2551,#2552);
#2551 = CARTESIAN_POINT('',(0.,0.));
#2552 = VECTOR('',#2553,1.);
#2553 = DIRECTION('',(0.,1.));
#2554 = ( GEOMETRIC_REPRESENTATION_CONTEXT(2) 
PARAMETRIC_REPRESENTATION_CONTEXT() REPRESENTATION_CONTEXT('2D SPACE',''
  ) );
#2555 = ORIENTED_EDGE('',*,*,#2556,.F.);
#2556 = EDGE_CURVE('',#2557,#2535,#2559,.T.);
#2557 = VERTEX_POINT('',#2558);
#2558 = CARTESIAN_POINT('',(28.378590961328,98.504268786837,4.7625));
#2559 = SURFACE_CURVE('',#2560,(#2565,#2578),.PCURVE_S1.);
#2560 = ELLIPSE('',#2561,4.770004098813,4.7625);
#2561 = AXIS2_PLACEMENT_3D('',#2562,#2563,#2564);
#2562 = CARTESIAN_POINT('',(28.378590961328,98.504268786837,0.));
#2563 = DIRECTION('',(0.846724199228,-0.532032076515,0.));
#2564 = DIRECTION('',(0.532032076515,0.846724199228,0.));
#2565 = PCURVE('',#2443,#2566);
#2566 = DEFINITIONAL_REPRESENTATION('',(#2567),#2577);
#2567 = B_SPLINE_CURVE_WITH_KNOTS('',8,(#2568,#2569,#2570,#2571,#2572,
    #2573,#2574,#2575,#2576),.UNSPECIFIED.,.F.,.F.,(9,9),(1.570796326795
    ,4.712388980385),.PIECEWISE_BEZIER_KNOTS.);
#2568 = CARTESIAN_POINT('',(3.14159265359,5.981595311264));
#2569 = CARTESIAN_POINT('',(3.534291735289,5.876565482332));
#2570 = CARTESIAN_POINT('',(3.926990816988,5.771534815949));
#2571 = CARTESIAN_POINT('',(4.319689898689,5.691194155295));
#2572 = CARTESIAN_POINT('',(4.712388980388,5.660166763054));
#2573 = CARTESIAN_POINT('',(5.105088062085,5.691194155293));
#2574 = CARTESIAN_POINT('',(5.497787143782,5.771534815948));
#2575 = CARTESIAN_POINT('',(5.890486225481,5.876565482332));
#2576 = CARTESIAN_POINT('',(6.28318530718,5.981595311264));
#2577 = ( GEOMETRIC_REPRESENTATION_CONTEXT(2) 
PARAMETRIC_REPRESENTATION_CONTEXT() REPRESENTATION_CONTEXT('2D SPACE',''
  ) );
#2578 = PCURVE('',#2579,#2584);
#2579 = CYLINDRICAL_SURFACE('',#2580,4.7625);
#2580 = AXIS2_PLACEMENT_3D('',#2581,#2582,#2583);
#2581 = CARTESIAN_POINT('',(28.378590961328,98.504268786837,0.));
#2582 = DIRECTION('',(0.815560868959,-0.57867129618,0.));
#2583 = DIRECTION('',(6.424541967085E-17,9.054544547019E-17,-1.));
#2584 = DEFINITIONAL_REPRESENTATION('',(#2585),#2595);
#2585 = B_SPLINE_CURVE_WITH_KNOTS('',8,(#2586,#2587,#2588,#2589,#2590,
    #2591,#2592,#2593,#2594),.UNSPECIFIED.,.F.,.F.,(9,9),(1.570796326795
    ,4.712388980385),.PIECEWISE_BEZIER_KNOTS.);
#2586 = CARTESIAN_POINT('',(3.14159265359,-4.973799150321E-14));
#2587 = CARTESIAN_POINT('',(3.534291735289,0.105029828931));
#2588 = CARTESIAN_POINT('',(3.926990816988,0.210060495319));
#2589 = CARTESIAN_POINT('',(4.319689898687,0.290401155933));
#2590 = CARTESIAN_POINT('',(4.712388980389,0.321428548243));
#2591 = CARTESIAN_POINT('',(5.105088062084,0.290401155933));
#2592 = CARTESIAN_POINT('',(5.497787143783,0.210060495319));
#2593 = CARTESIAN_POINT('',(5.890486225481,0.105029828931));
#2594 = CARTESIAN_POINT('',(6.28318530718,-4.973799150321E-14));
#2595 = ( GEOMETRIC_REPRESENTATION_CONTEXT(2) 
PARAMETRIC_REPRESENTATION_CONTEXT() REPRESENTATION_CONTEXT('2D SPACE',''
  ) );
#2596 = ORIENTED_EDGE('',*,*,#2597,.F.);
#2597 = EDGE_CURVE('',#2598,#2557,#2600,.T.);
#2598 = VERTEX_POINT('',#2599);
#2599 = CARTESIAN_POINT('',(30.916386147006,102.54314668772,
    -5.832380380939E-16));
#2600 = SURFACE_CURVE('',#2601,(#2606,#2618),.PCURVE_S1.);
#2601 = ELLIPSE('',#2602,4.770004098813,4.7625);
#2602 = AXIS2_PLACEMENT_3D('',#2603,#2604,#2605);
#2603 = CARTESIAN_POINT('',(28.378590961328,98.504268786837,0.));
#2604 = DIRECTION('',(0.846724199228,-0.532032076515,0.));
#2605 = DIRECTION('',(0.532032076515,0.846724199228,0.));
#2606 = PCURVE('',#2443,#2607);
#2607 = DEFINITIONAL_REPRESENTATION('',(#2608),#2617);
#2608 = B_SPLINE_CURVE_WITH_KNOTS('',7,(#2609,#2610,#2611,#2612,#2613,
    #2614,#2615,#2616),.UNSPECIFIED.,.F.,.F.,(8,8),(0.,1.570796326795),
  .PIECEWISE_BEZIER_KNOTS.);
#2609 = CARTESIAN_POINT('',(1.570796326795,6.249051574407));
#2610 = CARTESIAN_POINT('',(1.795195802051,6.249051574407));
#2611 = CARTESIAN_POINT('',(2.019595277307,6.233338873966));
#2612 = CARTESIAN_POINT('',(2.243994752565,6.20191575247));
#2613 = CARTESIAN_POINT('',(2.46839422782,6.15671145059));
#2614 = CARTESIAN_POINT('',(2.692793703077,6.101629157767));
#2615 = CARTESIAN_POINT('',(2.917193178333,6.041612356367));
#2616 = CARTESIAN_POINT('',(3.14159265359,5.981595311264));
#2617 = ( GEOMETRIC_REPRESENTATION_CONTEXT(2) 
PARAMETRIC_REPRESENTATION_CONTEXT() REPRESENTATION_CONTEXT('2D SPACE',''
  ) );
#2618 = PCURVE('',#2579,#2619);
#2619 = DEFINITIONAL_REPRESENTATION('',(#2620),#2629);
#2620 = B_SPLINE_CURVE_WITH_KNOTS('',7,(#2621,#2622,#2623,#2624,#2625,
    #2626,#2627,#2628),.UNSPECIFIED.,.F.,.F.,(8,8),(0.,1.570796326795),
  .PIECEWISE_BEZIER_KNOTS.);
#2621 = CARTESIAN_POINT('',(1.570796326795,-0.267456263144));
#2622 = CARTESIAN_POINT('',(1.795195802051,-0.267456263144));
#2623 = CARTESIAN_POINT('',(2.019595277308,-0.251743562703));
#2624 = CARTESIAN_POINT('',(2.243994752564,-0.220320441205));
#2625 = CARTESIAN_POINT('',(2.468394227821,-0.175116139327));
#2626 = CARTESIAN_POINT('',(2.692793703077,-0.120033846503));
#2627 = CARTESIAN_POINT('',(2.917193178333,-6.001704510354E-02));
#2628 = CARTESIAN_POINT('',(3.14159265359,-4.973799150321E-14));
#2629 = ( GEOMETRIC_REPRESENTATION_CONTEXT(2) 
PARAMETRIC_REPRESENTATION_CONTEXT() REPRESENTATION_CONTEXT('2D SPACE',''
  ) );
#2630 = ORIENTED_EDGE('',*,*,#2631,.F.);
#2631 = EDGE_CURVE('',#2535,#2598,#2632,.T.);
#2632 = SURFACE_CURVE('',#2633,(#2638,#2650),.PCURVE_S1.);
#2633 = ELLIPSE('',#2634,4.770004098813,4.7625);
#2634 = AXIS2_PLACEMENT_3D('',#2635,#2636,#2637);
#2635 = CARTESIAN_POINT('',(28.378590961328,98.504268786837,0.));
#2636 = DIRECTION('',(0.846724199228,-0.532032076515,0.));
#2637 = DIRECTION('',(0.532032076515,0.846724199228,0.));
#2638 = PCURVE('',#2443,#2639);
#2639 = DEFINITIONAL_REPRESENTATION('',(#2640),#2649);
#2640 = B_SPLINE_CURVE_WITH_KNOTS('',7,(#2641,#2642,#2643,#2644,#2645,
    #2646,#2647,#2648),.UNSPECIFIED.,.F.,.F.,(8,8),(4.712388980385,
    6.28318530718),.PIECEWISE_BEZIER_KNOTS.);
#2641 = CARTESIAN_POINT('',(2.98390650188E-15,5.981595311264));
#2642 = CARTESIAN_POINT('',(0.224399475256,6.041612356367));
#2643 = CARTESIAN_POINT('',(0.448798950513,6.101629157766));
#2644 = CARTESIAN_POINT('',(0.673198425769,6.156711450591));
#2645 = CARTESIAN_POINT('',(0.897597901026,6.201915752471));
#2646 = CARTESIAN_POINT('',(1.121997376282,6.233338873966));
#2647 = CARTESIAN_POINT('',(1.346396851538,6.249051574407));
#2648 = CARTESIAN_POINT('',(1.570796326795,6.249051574407));
#2649 = ( GEOMETRIC_REPRESENTATION_CONTEXT(2) 
PARAMETRIC_REPRESENTATION_CONTEXT() REPRESENTATION_CONTEXT('2D SPACE',''
  ) );
#2650 = PCURVE('',#2579,#2651);
#2651 = DEFINITIONAL_REPRESENTATION('',(#2652),#2661);
#2652 = B_SPLINE_CURVE_WITH_KNOTS('',7,(#2653,#2654,#2655,#2656,#2657,
    #2658,#2659,#2660),.UNSPECIFIED.,.F.,.F.,(8,8),(4.712388980385,
    6.28318530718),.PIECEWISE_BEZIER_KNOTS.);
#2653 = CARTESIAN_POINT('',(2.98390650188E-15,-4.973799150321E-14));
#2654 = CARTESIAN_POINT('',(0.224399475256,-6.001704510354E-02));
#2655 = CARTESIAN_POINT('',(0.448798950513,-0.120033846502));
#2656 = CARTESIAN_POINT('',(0.673198425769,-0.175116139327));
#2657 = CARTESIAN_POINT('',(0.897597901026,-0.220320441205));
#2658 = CARTESIAN_POINT('',(1.121997376282,-0.251743562703));
#2659 = CARTESIAN_POINT('',(1.346396851538,-0.267456263144));
#2660 = CARTESIAN_POINT('',(1.570796326795,-0.267456263144));
#2661 = ( GEOMETRIC_REPRESENTATION_CONTEXT(2) 
PARAMETRIC_REPRESENTATION_CONTEXT() REPRESENTATION_CONTEXT('2D SPACE',''
  ) );
#2662 = ORIENTED_EDGE('',*,*,#2534,.F.);
#2663 = ORIENTED_EDGE('',*,*,#2495,.T.);
#2664 = ORIENTED_EDGE('',*,*,#2461,.T.);
#2665 = ORIENTED_EDGE('',*,*,#2420,.T.);
#2666 = ADVANCED_FACE('',(#2667),#2579,.T.);
#2667 = FACE_BOUND('',#2668,.T.);
#2668 = EDGE_LOOP('',(#2669,#2691,#2732,#2766,#2798,#2799,#2800,#2801));
#2669 = ORIENTED_EDGE('',*,*,#2670,.T.);
#2670 = EDGE_CURVE('',#2535,#2671,#2673,.T.);
#2671 = VERTEX_POINT('',#2672);
#2672 = CARTESIAN_POINT('',(33.256946031145,95.042891274845,-4.7625));
#2673 = SEAM_CURVE('',#2674,(#2678,#2684),.PCURVE_S1.);
#2674 = LINE('',#2675,#2676);
#2675 = CARTESIAN_POINT('',(28.378590961328,98.504268786837,-4.7625));
#2676 = VECTOR('',#2677,1.);
#2677 = DIRECTION('',(0.815560868959,-0.57867129618,0.));
#2678 = PCURVE('',#2579,#2679);
#2679 = DEFINITIONAL_REPRESENTATION('',(#2680),#2683);
#2680 = B_SPLINE_CURVE_WITH_KNOTS('',1,(#2681,#2682),.UNSPECIFIED.,.F.,
  .F.,(2,2),(-1.480537077276,7.46213238854),.PIECEWISE_BEZIER_KNOTS.);
#2681 = CARTESIAN_POINT('',(6.28318530718,-1.480537077276));
#2682 = CARTESIAN_POINT('',(6.28318530718,7.46213238854));
#2683 = ( GEOMETRIC_REPRESENTATION_CONTEXT(2) 
PARAMETRIC_REPRESENTATION_CONTEXT() REPRESENTATION_CONTEXT('2D SPACE',''
  ) );
#2684 = PCURVE('',#2579,#2685);
#2685 = DEFINITIONAL_REPRESENTATION('',(#2686),#2690);
#2686 = LINE('',#2687,#2688);
#2687 = CARTESIAN_POINT('',(0.,0.));
#2688 = VECTOR('',#2689,1.);
#2689 = DIRECTION('',(0.,1.));
#2690 = ( GEOMETRIC_REPRESENTATION_CONTEXT(2) 
PARAMETRIC_REPRESENTATION_CONTEXT() REPRESENTATION_CONTEXT('2D SPACE',''
  ) );
#2691 = ORIENTED_EDGE('',*,*,#2692,.F.);
#2692 = EDGE_CURVE('',#2693,#2671,#2695,.T.);
#2693 = VERTEX_POINT('',#2694);
#2694 = CARTESIAN_POINT('',(33.256946031145,95.042891274845,4.7625));
#2695 = SURFACE_CURVE('',#2696,(#2701,#2714),.PCURVE_S1.);
#2696 = ELLIPSE('',#2697,4.770004098813,4.7625);
#2697 = AXIS2_PLACEMENT_3D('',#2698,#2699,#2700);
#2698 = CARTESIAN_POINT('',(33.256946031145,95.042891274845,0.));
#2699 = DIRECTION('',(0.781831482468,-0.623489801859,0.));
#2700 = DIRECTION('',(0.623489801859,0.781831482468,0.));
#2701 = PCURVE('',#2579,#2702);
#2702 = DEFINITIONAL_REPRESENTATION('',(#2703),#2713);
#2703 = B_SPLINE_CURVE_WITH_KNOTS('',8,(#2704,#2705,#2706,#2707,#2708,
    #2709,#2710,#2711,#2712),.UNSPECIFIED.,.F.,.F.,(9,9),(1.570796326795
    ,4.712388980385),.PIECEWISE_BEZIER_KNOTS.);
#2704 = CARTESIAN_POINT('',(3.14159265359,5.981595311264));
#2705 = CARTESIAN_POINT('',(3.534291735289,5.876565482333));
#2706 = CARTESIAN_POINT('',(3.926990816989,5.77153481594));
#2707 = CARTESIAN_POINT('',(4.319689898682,5.691194155345));
#2708 = CARTESIAN_POINT('',(4.712388980393,5.660166762989));
#2709 = CARTESIAN_POINT('',(5.105088062081,5.691194155342));
#2710 = CARTESIAN_POINT('',(5.497787143784,5.771534815938));
#2711 = CARTESIAN_POINT('',(5.890486225481,5.876565482333));
#2712 = CARTESIAN_POINT('',(6.28318530718,5.981595311264));
#2713 = ( GEOMETRIC_REPRESENTATION_CONTEXT(2) 
PARAMETRIC_REPRESENTATION_CONTEXT() REPRESENTATION_CONTEXT('2D SPACE',''
  ) );
#2714 = PCURVE('',#2715,#2720);
#2715 = CYLINDRICAL_SURFACE('',#2716,4.7625);
#2716 = AXIS2_PLACEMENT_3D('',#2717,#2718,#2719);
#2717 = CARTESIAN_POINT('',(33.256946031145,95.042891274845,0.));
#2718 = DIRECTION('',(0.745642164883,-0.666346577952,0.));
#2719 = DIRECTION('',(7.397933132225E-17,8.278290995846E-17,-1.));
#2720 = DEFINITIONAL_REPRESENTATION('',(#2721),#2731);
#2721 = B_SPLINE_CURVE_WITH_KNOTS('',8,(#2722,#2723,#2724,#2725,#2726,
    #2727,#2728,#2729,#2730),.UNSPECIFIED.,.F.,.F.,(9,9),(1.570796326795
    ,4.712388980385),.PIECEWISE_BEZIER_KNOTS.);
#2722 = CARTESIAN_POINT('',(3.14159265359,2.13162820728E-14));
#2723 = CARTESIAN_POINT('',(3.534291735289,0.105029828931));
#2724 = CARTESIAN_POINT('',(3.926990816986,0.210060495319));
#2725 = CARTESIAN_POINT('',(4.319689898693,0.290401155932));
#2726 = CARTESIAN_POINT('',(4.712388980379,0.321428548245));
#2727 = CARTESIAN_POINT('',(5.10508806209,0.290401155932));
#2728 = CARTESIAN_POINT('',(5.497787143781,0.210060495319));
#2729 = CARTESIAN_POINT('',(5.890486225481,0.105029828931));
#2730 = CARTESIAN_POINT('',(6.28318530718,2.13162820728E-14));
#2731 = ( GEOMETRIC_REPRESENTATION_CONTEXT(2) 
PARAMETRIC_REPRESENTATION_CONTEXT() REPRESENTATION_CONTEXT('2D SPACE',''
  ) );
#2732 = ORIENTED_EDGE('',*,*,#2733,.F.);
#2733 = EDGE_CURVE('',#2734,#2693,#2736,.T.);
#2734 = VERTEX_POINT('',#2735);
#2735 = CARTESIAN_POINT('',(36.230994941579,98.772230650798,
    -5.832380380939E-16));
#2736 = SURFACE_CURVE('',#2737,(#2742,#2754),.PCURVE_S1.);
#2737 = ELLIPSE('',#2738,4.770004098813,4.7625);
#2738 = AXIS2_PLACEMENT_3D('',#2739,#2740,#2741);
#2739 = CARTESIAN_POINT('',(33.256946031145,95.042891274845,0.));
#2740 = DIRECTION('',(0.781831482468,-0.623489801859,0.));
#2741 = DIRECTION('',(0.623489801859,0.781831482468,0.));
#2742 = PCURVE('',#2579,#2743);
#2743 = DEFINITIONAL_REPRESENTATION('',(#2744),#2753);
#2744 = B_SPLINE_CURVE_WITH_KNOTS('',7,(#2745,#2746,#2747,#2748,#2749,
    #2750,#2751,#2752),.UNSPECIFIED.,.F.,.F.,(8,8),(0.,1.570796326795),
  .PIECEWISE_BEZIER_KNOTS.);
#2745 = CARTESIAN_POINT('',(1.570796326795,6.249051574407));
#2746 = CARTESIAN_POINT('',(1.795195802051,6.249051574407));
#2747 = CARTESIAN_POINT('',(2.019595277307,6.233338873966));
#2748 = CARTESIAN_POINT('',(2.243994752565,6.201915752469));
#2749 = CARTESIAN_POINT('',(2.46839422782,6.15671145059));
#2750 = CARTESIAN_POINT('',(2.692793703077,6.101629157766));
#2751 = CARTESIAN_POINT('',(2.917193178333,6.041612356367));
#2752 = CARTESIAN_POINT('',(3.14159265359,5.981595311264));
#2753 = ( GEOMETRIC_REPRESENTATION_CONTEXT(2) 
PARAMETRIC_REPRESENTATION_CONTEXT() REPRESENTATION_CONTEXT('2D SPACE',''
  ) );
#2754 = PCURVE('',#2715,#2755);
#2755 = DEFINITIONAL_REPRESENTATION('',(#2756),#2765);
#2756 = B_SPLINE_CURVE_WITH_KNOTS('',7,(#2757,#2758,#2759,#2760,#2761,
    #2762,#2763,#2764),.UNSPECIFIED.,.F.,.F.,(8,8),(0.,1.570796326795),
  .PIECEWISE_BEZIER_KNOTS.);
#2757 = CARTESIAN_POINT('',(1.570796326795,-0.267456263144));
#2758 = CARTESIAN_POINT('',(1.795195802051,-0.267456263144));
#2759 = CARTESIAN_POINT('',(2.019595277308,-0.251743562703));
#2760 = CARTESIAN_POINT('',(2.243994752564,-0.220320441205));
#2761 = CARTESIAN_POINT('',(2.468394227821,-0.175116139327));
#2762 = CARTESIAN_POINT('',(2.692793703077,-0.120033846502));
#2763 = CARTESIAN_POINT('',(2.917193178333,-6.001704510346E-02));
#2764 = CARTESIAN_POINT('',(3.14159265359,2.13162820728E-14));
#2765 = ( GEOMETRIC_REPRESENTATION_CONTEXT(2) 
PARAMETRIC_REPRESENTATION_CONTEXT() REPRESENTATION_CONTEXT('2D SPACE',''
  ) );
#2766 = ORIENTED_EDGE('',*,*,#2767,.F.);
#2767 = EDGE_CURVE('',#2671,#2734,#2768,.T.);
#2768 = SURFACE_CURVE('',#2769,(#2774,#2786),.PCURVE_S1.);
#2769 = ELLIPSE('',#2770,4.770004098813,4.7625);
#2770 = AXIS2_PLACEMENT_3D('',#2771,#2772,#2773);
#2771 = CARTESIAN_POINT('',(33.256946031145,95.042891274845,0.));
#2772 = DIRECTION('',(0.781831482468,-0.623489801859,0.));
#2773 = DIRECTION('',(0.623489801859,0.781831482468,0.));
#2774 = PCURVE('',#2579,#2775);
#2775 = DEFINITIONAL_REPRESENTATION('',(#2776),#2785);
#2776 = B_SPLINE_CURVE_WITH_KNOTS('',7,(#2777,#2778,#2779,#2780,#2781,
    #2782,#2783,#2784),.UNSPECIFIED.,.F.,.F.,(8,8),(4.712388980385,
    6.28318530718),.PIECEWISE_BEZIER_KNOTS.);
#2777 = CARTESIAN_POINT('',(2.98390650188E-15,5.981595311264));
#2778 = CARTESIAN_POINT('',(0.224399475256,6.041612356367));
#2779 = CARTESIAN_POINT('',(0.448798950513,6.101629157766));
#2780 = CARTESIAN_POINT('',(0.673198425769,6.156711450591));
#2781 = CARTESIAN_POINT('',(0.897597901026,6.201915752469));
#2782 = CARTESIAN_POINT('',(1.121997376282,6.233338873967));
#2783 = CARTESIAN_POINT('',(1.346396851538,6.249051574407));
#2784 = CARTESIAN_POINT('',(1.570796326795,6.249051574407));
#2785 = ( GEOMETRIC_REPRESENTATION_CONTEXT(2) 
PARAMETRIC_REPRESENTATION_CONTEXT() REPRESENTATION_CONTEXT('2D SPACE',''
  ) );
#2786 = PCURVE('',#2715,#2787);
#2787 = DEFINITIONAL_REPRESENTATION('',(#2788),#2797);
#2788 = B_SPLINE_CURVE_WITH_KNOTS('',7,(#2789,#2790,#2791,#2792,#2793,
    #2794,#2795,#2796),.UNSPECIFIED.,.F.,.F.,(8,8),(4.712388980385,
    6.28318530718),.PIECEWISE_BEZIER_KNOTS.);
#2789 = CARTESIAN_POINT('',(0.,2.13162820728E-14));
#2790 = CARTESIAN_POINT('',(0.224399475256,-6.001704510346E-02));
#2791 = CARTESIAN_POINT('',(0.448798950513,-0.120033846502));
#2792 = CARTESIAN_POINT('',(0.673198425769,-0.175116139327));
#2793 = CARTESIAN_POINT('',(0.897597901026,-0.220320441205));
#2794 = CARTESIAN_POINT('',(1.121997376282,-0.251743562703));
#2795 = CARTESIAN_POINT('',(1.346396851538,-0.267456263144));
#2796 = CARTESIAN_POINT('',(1.570796326795,-0.267456263144));
#2797 = ( GEOMETRIC_REPRESENTATION_CONTEXT(2) 
PARAMETRIC_REPRESENTATION_CONTEXT() REPRESENTATION_CONTEXT('2D SPACE',''
  ) );
#2798 = ORIENTED_EDGE('',*,*,#2670,.F.);
#2799 = ORIENTED_EDGE('',*,*,#2631,.T.);
#2800 = ORIENTED_EDGE('',*,*,#2597,.T.);
#2801 = ORIENTED_EDGE('',*,*,#2556,.T.);
#2802 = ADVANCED_FACE('',(#2803),#2715,.T.);
#2803 = FACE_BOUND('',#2804,.T.);
#2804 = EDGE_LOOP('',(#2805,#2827,#2868,#2902,#2934,#2935,#2936,#2937));
#2805 = ORIENTED_EDGE('',*,*,#2806,.T.);
#2806 = EDGE_CURVE('',#2671,#2807,#2809,.T.);
#2807 = VERTEX_POINT('',#2808);
#2808 = CARTESIAN_POINT('',(37.71707570849,91.057075708491,-4.7625));
#2809 = SEAM_CURVE('',#2810,(#2814,#2820),.PCURVE_S1.);
#2810 = LINE('',#2811,#2812);
#2811 = CARTESIAN_POINT('',(33.256946031145,95.042891274845,-4.7625));
#2812 = VECTOR('',#2813,1.);
#2813 = DIRECTION('',(0.745642164883,-0.666346577952,0.));
#2814 = PCURVE('',#2715,#2815);
#2815 = DEFINITIONAL_REPRESENTATION('',(#2816),#2819);
#2816 = B_SPLINE_CURVE_WITH_KNOTS('',1,(#2817,#2818),.UNSPECIFIED.,.F.,
  .F.,(2,2),(-1.480537077276,7.46213238854),.PIECEWISE_BEZIER_KNOTS.);
#2817 = CARTESIAN_POINT('',(6.28318530718,-1.480537077276));
#2818 = CARTESIAN_POINT('',(6.28318530718,7.46213238854));
#2819 = ( GEOMETRIC_REPRESENTATION_CONTEXT(2) 
PARAMETRIC_REPRESENTATION_CONTEXT() REPRESENTATION_CONTEXT('2D SPACE',''
  ) );
#2820 = PCURVE('',#2715,#2821);
#2821 = DEFINITIONAL_REPRESENTATION('',(#2822),#2826);
#2822 = LINE('',#2823,#2824);
#2823 = CARTESIAN_POINT('',(0.,0.));
#2824 = VECTOR('',#2825,1.);
#2825 = DIRECTION('',(0.,1.));
#2826 = ( GEOMETRIC_REPRESENTATION_CONTEXT(2) 
PARAMETRIC_REPRESENTATION_CONTEXT() REPRESENTATION_CONTEXT('2D SPACE',''
  ) );
#2827 = ORIENTED_EDGE('',*,*,#2828,.F.);
#2828 = EDGE_CURVE('',#2829,#2807,#2831,.T.);
#2829 = VERTEX_POINT('',#2830);
#2830 = CARTESIAN_POINT('',(37.71707570849,91.057075708491,4.7625));
#2831 = SURFACE_CURVE('',#2832,(#2837,#2850),.PCURVE_S1.);
#2832 = ELLIPSE('',#2833,4.770004098813,4.7625);
#2833 = AXIS2_PLACEMENT_3D('',#2834,#2835,#2836);
#2834 = CARTESIAN_POINT('',(37.71707570849,91.057075708491,0.));
#2835 = DIRECTION('',(0.707106781187,-0.707106781187,0.));
#2836 = DIRECTION('',(0.707106781187,0.707106781187,0.));
#2837 = PCURVE('',#2715,#2838);
#2838 = DEFINITIONAL_REPRESENTATION('',(#2839),#2849);
#2839 = B_SPLINE_CURVE_WITH_KNOTS('',8,(#2840,#2841,#2842,#2843,#2844,
    #2845,#2846,#2847,#2848),.UNSPECIFIED.,.F.,.F.,(9,9),(1.570796326795
    ,4.712388980385),.PIECEWISE_BEZIER_KNOTS.);
#2840 = CARTESIAN_POINT('',(3.14159265359,5.981595311263));
#2841 = CARTESIAN_POINT('',(3.534291735289,5.876565482332));
#2842 = CARTESIAN_POINT('',(3.926990816979,5.771534815941));
#2843 = CARTESIAN_POINT('',(4.319689898709,5.691194155334));
#2844 = CARTESIAN_POINT('',(4.712388980346,5.660166763002));
#2845 = CARTESIAN_POINT('',(5.105088062102,5.691194155336));
#2846 = CARTESIAN_POINT('',(5.497787143775,5.77153481594));
#2847 = CARTESIAN_POINT('',(5.890486225481,5.876565482332));
#2848 = CARTESIAN_POINT('',(6.28318530718,5.981595311263));
#2849 = ( GEOMETRIC_REPRESENTATION_CONTEXT(2) 
PARAMETRIC_REPRESENTATION_CONTEXT() REPRESENTATION_CONTEXT('2D SPACE',''
  ) );
#2850 = PCURVE('',#2851,#2856);
#2851 = CYLINDRICAL_SURFACE('',#2852,4.7625);
#2852 = AXIS2_PLACEMENT_3D('',#2853,#2854,#2855);
#2853 = CARTESIAN_POINT('',(37.71707570849,91.05707570849,0.));
#2854 = DIRECTION('',(0.666346577952,-0.745642164883,0.));
#2855 = DIRECTION('',(-8.278290995846E-17,-7.397933132225E-17,-1.));
#2856 = DEFINITIONAL_REPRESENTATION('',(#2857),#2867);
#2857 = B_SPLINE_CURVE_WITH_KNOTS('',8,(#2858,#2859,#2860,#2861,#2862,
    #2863,#2864,#2865,#2866),.UNSPECIFIED.,.F.,.F.,(9,9),(1.570796326795
    ,4.712388980385),.PIECEWISE_BEZIER_KNOTS.);
#2858 = CARTESIAN_POINT('',(3.14159265359,-1.989519660128E-13));
#2859 = CARTESIAN_POINT('',(3.534291735289,0.105029828931));
#2860 = CARTESIAN_POINT('',(3.926990816987,0.210060495319));
#2861 = CARTESIAN_POINT('',(4.319689898691,0.290401155933));
#2862 = CARTESIAN_POINT('',(4.712388980383,0.321428548244));
#2863 = CARTESIAN_POINT('',(5.105088062088,0.290401155933));
#2864 = CARTESIAN_POINT('',(5.497787143782,0.210060495319));
#2865 = CARTESIAN_POINT('',(5.890486225481,0.105029828931));
#2866 = CARTESIAN_POINT('',(6.28318530718,-1.989519660128E-13));
#2867 = ( GEOMETRIC_REPRESENTATION_CONTEXT(2) 
PARAMETRIC_REPRESENTATION_CONTEXT() REPRESENTATION_CONTEXT('2D SPACE',''
  ) );
#2868 = ORIENTED_EDGE('',*,*,#2869,.F.);
#2869 = EDGE_CURVE('',#2870,#2829,#2872,.T.);
#2870 = VERTEX_POINT('',#2871);
#2871 = CARTESIAN_POINT('',(41.089977953049,94.429977953049,
    -5.832380380939E-16));
#2872 = SURFACE_CURVE('',#2873,(#2878,#2890),.PCURVE_S1.);
#2873 = ELLIPSE('',#2874,4.770004098813,4.7625);
#2874 = AXIS2_PLACEMENT_3D('',#2875,#2876,#2877);
#2875 = CARTESIAN_POINT('',(37.71707570849,91.057075708491,0.));
#2876 = DIRECTION('',(0.707106781187,-0.707106781187,0.));
#2877 = DIRECTION('',(0.707106781187,0.707106781187,0.));
#2878 = PCURVE('',#2715,#2879);
#2879 = DEFINITIONAL_REPRESENTATION('',(#2880),#2889);
#2880 = B_SPLINE_CURVE_WITH_KNOTS('',7,(#2881,#2882,#2883,#2884,#2885,
    #2886,#2887,#2888),.UNSPECIFIED.,.F.,.F.,(8,8),(0.,1.570796326795),
  .PIECEWISE_BEZIER_KNOTS.);
#2881 = CARTESIAN_POINT('',(1.570796326795,6.249051574407));
#2882 = CARTESIAN_POINT('',(1.795195802051,6.249051574407));
#2883 = CARTESIAN_POINT('',(2.019595277307,6.233338873966));
#2884 = CARTESIAN_POINT('',(2.243994752565,6.201915752468));
#2885 = CARTESIAN_POINT('',(2.46839422782,6.156711450591));
#2886 = CARTESIAN_POINT('',(2.692793703077,6.101629157766));
#2887 = CARTESIAN_POINT('',(2.917193178333,6.041612356367));
#2888 = CARTESIAN_POINT('',(3.14159265359,5.981595311263));
#2889 = ( GEOMETRIC_REPRESENTATION_CONTEXT(2) 
PARAMETRIC_REPRESENTATION_CONTEXT() REPRESENTATION_CONTEXT('2D SPACE',''
  ) );
#2890 = PCURVE('',#2851,#2891);
#2891 = DEFINITIONAL_REPRESENTATION('',(#2892),#2901);
#2892 = B_SPLINE_CURVE_WITH_KNOTS('',7,(#2893,#2894,#2895,#2896,#2897,
    #2898,#2899,#2900),.UNSPECIFIED.,.F.,.F.,(8,8),(0.,1.570796326795),
  .PIECEWISE_BEZIER_KNOTS.);
#2893 = CARTESIAN_POINT('',(1.570796326795,-0.267456263144));
#2894 = CARTESIAN_POINT('',(1.795195802051,-0.267456263144));
#2895 = CARTESIAN_POINT('',(2.019595277307,-0.251743562703));
#2896 = CARTESIAN_POINT('',(2.243994752565,-0.220320441205));
#2897 = CARTESIAN_POINT('',(2.46839422782,-0.175116139327));
#2898 = CARTESIAN_POINT('',(2.692793703077,-0.120033846503));
#2899 = CARTESIAN_POINT('',(2.917193178333,-6.001704510369E-02));
#2900 = CARTESIAN_POINT('',(3.14159265359,-1.989519660128E-13));
#2901 = ( GEOMETRIC_REPRESENTATION_CONTEXT(2) 
PARAMETRIC_REPRESENTATION_CONTEXT() REPRESENTATION_CONTEXT('2D SPACE',''
  ) );
#2902 = ORIENTED_EDGE('',*,*,#2903,.F.);
#2903 = EDGE_CURVE('',#2807,#2870,#2904,.T.);
#2904 = SURFACE_CURVE('',#2905,(#2910,#2922),.PCURVE_S1.);
#2905 = ELLIPSE('',#2906,4.770004098813,4.7625);
#2906 = AXIS2_PLACEMENT_3D('',#2907,#2908,#2909);
#2907 = CARTESIAN_POINT('',(37.71707570849,91.057075708491,0.));
#2908 = DIRECTION('',(0.707106781187,-0.707106781187,0.));
#2909 = DIRECTION('',(0.707106781187,0.707106781187,0.));
#2910 = PCURVE('',#2715,#2911);
#2911 = DEFINITIONAL_REPRESENTATION('',(#2912),#2921);
#2912 = B_SPLINE_CURVE_WITH_KNOTS('',7,(#2913,#2914,#2915,#2916,#2917,
    #2918,#2919,#2920),.UNSPECIFIED.,.F.,.F.,(8,8),(4.712388980385,
    6.28318530718),.PIECEWISE_BEZIER_KNOTS.);
#2913 = CARTESIAN_POINT('',(-2.6645352591E-15,5.981595311263));
#2914 = CARTESIAN_POINT('',(0.224399475256,6.041612356367));
#2915 = CARTESIAN_POINT('',(0.448798950513,6.101629157766));
#2916 = CARTESIAN_POINT('',(0.673198425769,6.156711450591));
#2917 = CARTESIAN_POINT('',(0.897597901026,6.201915752468));
#2918 = CARTESIAN_POINT('',(1.121997376282,6.233338873966));
#2919 = CARTESIAN_POINT('',(1.346396851538,6.249051574407));
#2920 = CARTESIAN_POINT('',(1.570796326795,6.249051574407));
#2921 = ( GEOMETRIC_REPRESENTATION_CONTEXT(2) 
PARAMETRIC_REPRESENTATION_CONTEXT() REPRESENTATION_CONTEXT('2D SPACE',''
  ) );
#2922 = PCURVE('',#2851,#2923);
#2923 = DEFINITIONAL_REPRESENTATION('',(#2924),#2933);
#2924 = B_SPLINE_CURVE_WITH_KNOTS('',7,(#2925,#2926,#2927,#2928,#2929,
    #2930,#2931,#2932),.UNSPECIFIED.,.F.,.F.,(8,8),(4.712388980385,
    6.28318530718),.PIECEWISE_BEZIER_KNOTS.);
#2925 = CARTESIAN_POINT('',(0.,-1.989519660128E-13));
#2926 = CARTESIAN_POINT('',(0.224399475256,-6.001704510369E-02));
#2927 = CARTESIAN_POINT('',(0.448798950513,-0.120033846503));
#2928 = CARTESIAN_POINT('',(0.673198425769,-0.175116139327));
#2929 = CARTESIAN_POINT('',(0.897597901026,-0.220320441205));
#2930 = CARTESIAN_POINT('',(1.121997376282,-0.251743562703));
#2931 = CARTESIAN_POINT('',(1.346396851538,-0.267456263144));
#2932 = CARTESIAN_POINT('',(1.570796326795,-0.267456263144));
#2933 = ( GEOMETRIC_REPRESENTATION_CONTEXT(2) 
PARAMETRIC_REPRESENTATION_CONTEXT() REPRESENTATION_CONTEXT('2D SPACE',''
  ) );
#2934 = ORIENTED_EDGE('',*,*,#2806,.F.);
#2935 = ORIENTED_EDGE('',*,*,#2767,.T.);
#2936 = ORIENTED_EDGE('',*,*,#2733,.T.);
#2937 = ORIENTED_EDGE('',*,*,#2692,.T.);
#2938 = ADVANCED_FACE('',(#2939),#2851,.T.);
#2939 = FACE_BOUND('',#2940,.T.);
#2940 = EDGE_LOOP('',(#2941,#2963,#3004,#3038,#3070,#3071,#3072,#3073));
#2941 = ORIENTED_EDGE('',*,*,#2942,.T.);
#2942 = EDGE_CURVE('',#2807,#2943,#2945,.T.);
#2943 = VERTEX_POINT('',#2944);
#2944 = CARTESIAN_POINT('',(41.702891274845,86.596946031145,-4.7625));
#2945 = SEAM_CURVE('',#2946,(#2950,#2956),.PCURVE_S1.);
#2946 = LINE('',#2947,#2948);
#2947 = CARTESIAN_POINT('',(37.71707570849,91.05707570849,-4.7625));
#2948 = VECTOR('',#2949,1.);
#2949 = DIRECTION('',(0.666346577952,-0.745642164883,0.));
#2950 = PCURVE('',#2851,#2951);
#2951 = DEFINITIONAL_REPRESENTATION('',(#2952),#2955);
#2952 = B_SPLINE_CURVE_WITH_KNOTS('',1,(#2953,#2954),.UNSPECIFIED.,.F.,
  .F.,(2,2),(-1.480537077276,7.46213238854),.PIECEWISE_BEZIER_KNOTS.);
#2953 = CARTESIAN_POINT('',(6.28318530718,-1.480537077276));
#2954 = CARTESIAN_POINT('',(6.28318530718,7.46213238854));
#2955 = ( GEOMETRIC_REPRESENTATION_CONTEXT(2) 
PARAMETRIC_REPRESENTATION_CONTEXT() REPRESENTATION_CONTEXT('2D SPACE',''
  ) );
#2956 = PCURVE('',#2851,#2957);
#2957 = DEFINITIONAL_REPRESENTATION('',(#2958),#2962);
#2958 = LINE('',#2959,#2960);
#2959 = CARTESIAN_POINT('',(0.,0.));
#2960 = VECTOR('',#2961,1.);
#2961 = DIRECTION('',(0.,1.));
#2962 = ( GEOMETRIC_REPRESENTATION_CONTEXT(2) 
PARAMETRIC_REPRESENTATION_CONTEXT() REPRESENTATION_CONTEXT('2D SPACE',''
  ) );
#2963 = ORIENTED_EDGE('',*,*,#2964,.F.);
#2964 = EDGE_CURVE('',#2965,#2943,#2967,.T.);
#2965 = VERTEX_POINT('',#2966);
#2966 = CARTESIAN_POINT('',(41.702891274845,86.596946031145,4.7625));
#2967 = SURFACE_CURVE('',#2968,(#2973,#2986),.PCURVE_S1.);
#2968 = ELLIPSE('',#2969,4.770004098813,4.7625);
#2969 = AXIS2_PLACEMENT_3D('',#2970,#2971,#2972);
#2970 = CARTESIAN_POINT('',(41.702891274845,86.596946031145,0.));
#2971 = DIRECTION('',(0.623489801859,-0.781831482468,0.));
#2972 = DIRECTION('',(0.781831482468,0.623489801859,0.));
#2973 = PCURVE('',#2851,#2974);
#2974 = DEFINITIONAL_REPRESENTATION('',(#2975),#2985);
#2975 = B_SPLINE_CURVE_WITH_KNOTS('',8,(#2976,#2977,#2978,#2979,#2980,
    #2981,#2982,#2983,#2984),.UNSPECIFIED.,.F.,.F.,(9,9),(1.570796326795
    ,4.712388980385),.PIECEWISE_BEZIER_KNOTS.);
#2976 = CARTESIAN_POINT('',(3.14159265359,5.981595311263));
#2977 = CARTESIAN_POINT('',(3.534291735289,5.876565482332));
#2978 = CARTESIAN_POINT('',(3.926990816988,5.771534815948));
#2979 = CARTESIAN_POINT('',(4.319689898689,5.691194155305));
#2980 = CARTESIAN_POINT('',(4.712388980388,5.660166763019));
#2981 = CARTESIAN_POINT('',(5.105088062084,5.691194155312));
#2982 = CARTESIAN_POINT('',(5.497787143783,5.771534815946));
#2983 = CARTESIAN_POINT('',(5.890486225481,5.876565482332));
#2984 = CARTESIAN_POINT('',(6.28318530718,5.981595311263));
#2985 = ( GEOMETRIC_REPRESENTATION_CONTEXT(2) 
PARAMETRIC_REPRESENTATION_CONTEXT() REPRESENTATION_CONTEXT('2D SPACE',''
  ) );
#2986 = PCURVE('',#2987,#2992);
#2987 = CYLINDRICAL_SURFACE('',#2988,4.7625);
#2988 = AXIS2_PLACEMENT_3D('',#2989,#2990,#2991);
#2989 = CARTESIAN_POINT('',(41.702891274845,86.596946031145,0.));
#2990 = DIRECTION('',(0.57867129618,-0.815560868959,0.));
#2991 = DIRECTION('',(-9.054544547019E-17,-6.424541967085E-17,-1.));
#2992 = DEFINITIONAL_REPRESENTATION('',(#2993),#3003);
#2993 = B_SPLINE_CURVE_WITH_KNOTS('',8,(#2994,#2995,#2996,#2997,#2998,
    #2999,#3000,#3001,#3002),.UNSPECIFIED.,.F.,.F.,(9,9),(1.570796326795
    ,4.712388980385),.PIECEWISE_BEZIER_KNOTS.);
#2994 = CARTESIAN_POINT('',(3.14159265359,-1.42108547152E-13));
#2995 = CARTESIAN_POINT('',(3.534291735289,0.105029828931));
#2996 = CARTESIAN_POINT('',(3.926990816989,0.210060495319));
#2997 = CARTESIAN_POINT('',(4.319689898687,0.290401155932));
#2998 = CARTESIAN_POINT('',(4.712388980394,0.321428548244));
#2999 = CARTESIAN_POINT('',(5.105088062082,0.290401155932));
#3000 = CARTESIAN_POINT('',(5.497787143784,0.210060495319));
#3001 = CARTESIAN_POINT('',(5.890486225481,0.105029828931));
#3002 = CARTESIAN_POINT('',(6.28318530718,-1.42108547152E-13));
#3003 = ( GEOMETRIC_REPRESENTATION_CONTEXT(2) 
PARAMETRIC_REPRESENTATION_CONTEXT() REPRESENTATION_CONTEXT('2D SPACE',''
  ) );
#3004 = ORIENTED_EDGE('',*,*,#3005,.F.);
#3005 = EDGE_CURVE('',#3006,#2965,#3008,.T.);
#3006 = VERTEX_POINT('',#3007);
#3007 = CARTESIAN_POINT('',(45.432230650798,89.570994941579,
    -5.832380380939E-16));
#3008 = SURFACE_CURVE('',#3009,(#3014,#3026),.PCURVE_S1.);
#3009 = ELLIPSE('',#3010,4.770004098813,4.7625);
#3010 = AXIS2_PLACEMENT_3D('',#3011,#3012,#3013);
#3011 = CARTESIAN_POINT('',(41.702891274845,86.596946031145,0.));
#3012 = DIRECTION('',(0.623489801859,-0.781831482468,0.));
#3013 = DIRECTION('',(0.781831482468,0.623489801859,0.));
#3014 = PCURVE('',#2851,#3015);
#3015 = DEFINITIONAL_REPRESENTATION('',(#3016),#3025);
#3016 = B_SPLINE_CURVE_WITH_KNOTS('',7,(#3017,#3018,#3019,#3020,#3021,
    #3022,#3023,#3024),.UNSPECIFIED.,.F.,.F.,(8,8),(0.,1.570796326795),
  .PIECEWISE_BEZIER_KNOTS.);
#3017 = CARTESIAN_POINT('',(1.570796326795,6.249051574407));
#3018 = CARTESIAN_POINT('',(1.795195802051,6.249051574407));
#3019 = CARTESIAN_POINT('',(2.019595277308,6.233338873967));
#3020 = CARTESIAN_POINT('',(2.243994752564,6.201915752468));
#3021 = CARTESIAN_POINT('',(2.468394227821,6.156711450591));
#3022 = CARTESIAN_POINT('',(2.692793703077,6.101629157766));
#3023 = CARTESIAN_POINT('',(2.917193178333,6.041612356367));
#3024 = CARTESIAN_POINT('',(3.14159265359,5.981595311263));
#3025 = ( GEOMETRIC_REPRESENTATION_CONTEXT(2) 
PARAMETRIC_REPRESENTATION_CONTEXT() REPRESENTATION_CONTEXT('2D SPACE',''
  ) );
#3026 = PCURVE('',#2987,#3027);
#3027 = DEFINITIONAL_REPRESENTATION('',(#3028),#3037);
#3028 = B_SPLINE_CURVE_WITH_KNOTS('',7,(#3029,#3030,#3031,#3032,#3033,
    #3034,#3035,#3036),.UNSPECIFIED.,.F.,.F.,(8,8),(0.,1.570796326795),
  .PIECEWISE_BEZIER_KNOTS.);
#3029 = CARTESIAN_POINT('',(1.570796326795,-0.267456263144));
#3030 = CARTESIAN_POINT('',(1.795195802051,-0.267456263144));
#3031 = CARTESIAN_POINT('',(2.019595277307,-0.251743562703));
#3032 = CARTESIAN_POINT('',(2.243994752565,-0.220320441205));
#3033 = CARTESIAN_POINT('',(2.46839422782,-0.175116139327));
#3034 = CARTESIAN_POINT('',(2.692793703077,-0.120033846503));
#3035 = CARTESIAN_POINT('',(2.917193178333,-6.001704510363E-02));
#3036 = CARTESIAN_POINT('',(3.14159265359,-1.42108547152E-13));
#3037 = ( GEOMETRIC_REPRESENTATION_CONTEXT(2) 
PARAMETRIC_REPRESENTATION_CONTEXT() REPRESENTATION_CONTEXT('2D SPACE',''
  ) );
#3038 = ORIENTED_EDGE('',*,*,#3039,.F.);
#3039 = EDGE_CURVE('',#2943,#3006,#3040,.T.);
#3040 = SURFACE_CURVE('',#3041,(#3046,#3058),.PCURVE_S1.);
#3041 = ELLIPSE('',#3042,4.770004098813,4.7625);
#3042 = AXIS2_PLACEMENT_3D('',#3043,#3044,#3045);
#3043 = CARTESIAN_POINT('',(41.702891274845,86.596946031145,0.));
#3044 = DIRECTION('',(0.623489801859,-0.781831482468,0.));
#3045 = DIRECTION('',(0.781831482468,0.623489801859,0.));
#3046 = PCURVE('',#2851,#3047);
#3047 = DEFINITIONAL_REPRESENTATION('',(#3048),#3057);
#3048 = B_SPLINE_CURVE_WITH_KNOTS('',7,(#3049,#3050,#3051,#3052,#3053,
    #3054,#3055,#3056),.UNSPECIFIED.,.F.,.F.,(8,8),(4.712388980385,
    6.28318530718),.PIECEWISE_BEZIER_KNOTS.);
#3049 = CARTESIAN_POINT('',(2.98390650188E-15,5.981595311263));
#3050 = CARTESIAN_POINT('',(0.224399475256,6.041612356367));
#3051 = CARTESIAN_POINT('',(0.448798950513,6.101629157768));
#3052 = CARTESIAN_POINT('',(0.673198425769,6.156711450586));
#3053 = CARTESIAN_POINT('',(0.897597901026,6.201915752473));
#3054 = CARTESIAN_POINT('',(1.121997376282,6.233338873965));
#3055 = CARTESIAN_POINT('',(1.346396851538,6.249051574407));
#3056 = CARTESIAN_POINT('',(1.570796326795,6.249051574407));
#3057 = ( GEOMETRIC_REPRESENTATION_CONTEXT(2) 
PARAMETRIC_REPRESENTATION_CONTEXT() REPRESENTATION_CONTEXT('2D SPACE',''
  ) );
#3058 = PCURVE('',#2987,#3059);
#3059 = DEFINITIONAL_REPRESENTATION('',(#3060),#3069);
#3060 = B_SPLINE_CURVE_WITH_KNOTS('',7,(#3061,#3062,#3063,#3064,#3065,
    #3066,#3067,#3068),.UNSPECIFIED.,.F.,.F.,(8,8),(4.712388980385,
    6.28318530718),.PIECEWISE_BEZIER_KNOTS.);
#3061 = CARTESIAN_POINT('',(0.,-1.42108547152E-13));
#3062 = CARTESIAN_POINT('',(0.224399475256,-6.001704510363E-02));
#3063 = CARTESIAN_POINT('',(0.448798950513,-0.120033846503));
#3064 = CARTESIAN_POINT('',(0.673198425769,-0.175116139327));
#3065 = CARTESIAN_POINT('',(0.897597901026,-0.220320441205));
#3066 = CARTESIAN_POINT('',(1.121997376282,-0.251743562703));
#3067 = CARTESIAN_POINT('',(1.346396851538,-0.267456263144));
#3068 = CARTESIAN_POINT('',(1.570796326795,-0.267456263144));
#3069 = ( GEOMETRIC_REPRESENTATION_CONTEXT(2) 
PARAMETRIC_REPRESENTATION_CONTEXT() REPRESENTATION_CONTEXT('2D SPACE',''
  ) );
#3070 = ORIENTED_EDGE('',*,*,#2942,.F.);
#3071 = ORIENTED_EDGE('',*,*,#2903,.T.);
#3072 = ORIENTED_EDGE('',*,*,#2869,.T.);
#3073 = ORIENTED_EDGE('',*,*,#2828,.T.);
#3074 = ADVANCED_FACE('',(#3075),#2987,.T.);
#3075 = FACE_BOUND('',#3076,.T.);
#3076 = EDGE_LOOP('',(#3077,#3099,#3140,#3174,#3206,#3207,#3208,#3209));
#3077 = ORIENTED_EDGE('',*,*,#3078,.T.);
#3078 = EDGE_CURVE('',#2943,#3079,#3081,.T.);
#3079 = VERTEX_POINT('',#3080);
#3080 = CARTESIAN_POINT('',(45.164268786837,81.718590961328,-4.7625));
#3081 = SEAM_CURVE('',#3082,(#3086,#3092),.PCURVE_S1.);
#3082 = LINE('',#3083,#3084);
#3083 = CARTESIAN_POINT('',(41.702891274845,86.596946031145,-4.7625));
#3084 = VECTOR('',#3085,1.);
#3085 = DIRECTION('',(0.57867129618,-0.815560868959,0.));
#3086 = PCURVE('',#2987,#3087);
#3087 = DEFINITIONAL_REPRESENTATION('',(#3088),#3091);
#3088 = B_SPLINE_CURVE_WITH_KNOTS('',1,(#3089,#3090),.UNSPECIFIED.,.F.,
  .F.,(2,2),(-1.480537077276,7.46213238854),.PIECEWISE_BEZIER_KNOTS.);
#3089 = CARTESIAN_POINT('',(6.28318530718,-1.480537077276));
#3090 = CARTESIAN_POINT('',(6.28318530718,7.46213238854));
#3091 = ( GEOMETRIC_REPRESENTATION_CONTEXT(2) 
PARAMETRIC_REPRESENTATION_CONTEXT() REPRESENTATION_CONTEXT('2D SPACE',''
  ) );
#3092 = PCURVE('',#2987,#3093);
#3093 = DEFINITIONAL_REPRESENTATION('',(#3094),#3098);
#3094 = LINE('',#3095,#3096);
#3095 = CARTESIAN_POINT('',(0.,0.));
#3096 = VECTOR('',#3097,1.);
#3097 = DIRECTION('',(0.,1.));
#3098 = ( GEOMETRIC_REPRESENTATION_CONTEXT(2) 
PARAMETRIC_REPRESENTATION_CONTEXT() REPRESENTATION_CONTEXT('2D SPACE',''
  ) );
#3099 = ORIENTED_EDGE('',*,*,#3100,.F.);
#3100 = EDGE_CURVE('',#3101,#3079,#3103,.T.);
#3101 = VERTEX_POINT('',#3102);
#3102 = CARTESIAN_POINT('',(45.164268786837,81.718590961328,4.7625));
#3103 = SURFACE_CURVE('',#3104,(#3109,#3122),.PCURVE_S1.);
#3104 = ELLIPSE('',#3105,4.770004098813,4.7625);
#3105 = AXIS2_PLACEMENT_3D('',#3106,#3107,#3108);
#3106 = CARTESIAN_POINT('',(45.164268786837,81.718590961328,0.));
#3107 = DIRECTION('',(0.532032076515,-0.846724199228,0.));
#3108 = DIRECTION('',(0.846724199228,0.532032076515,0.));
#3109 = PCURVE('',#2987,#3110);
#3110 = DEFINITIONAL_REPRESENTATION('',(#3111),#3121);
#3111 = B_SPLINE_CURVE_WITH_KNOTS('',8,(#3112,#3113,#3114,#3115,#3116,
    #3117,#3118,#3119,#3120),.UNSPECIFIED.,.F.,.F.,(9,9),(1.570796326795
    ,4.712388980385),.PIECEWISE_BEZIER_KNOTS.);
#3112 = CARTESIAN_POINT('',(3.14159265359,5.981595311263));
#3113 = CARTESIAN_POINT('',(3.534291735289,5.876565482332));
#3114 = CARTESIAN_POINT('',(3.926990816989,5.771534815945));
#3115 = CARTESIAN_POINT('',(4.319689898688,5.691194155317));
#3116 = CARTESIAN_POINT('',(4.712388980391,5.660166763026));
#3117 = CARTESIAN_POINT('',(5.105088062083,5.691194155322));
#3118 = CARTESIAN_POINT('',(5.497787143783,5.771534815944));
#3119 = CARTESIAN_POINT('',(5.890486225481,5.876565482332));
#3120 = CARTESIAN_POINT('',(6.28318530718,5.981595311263));
#3121 = ( GEOMETRIC_REPRESENTATION_CONTEXT(2) 
PARAMETRIC_REPRESENTATION_CONTEXT() REPRESENTATION_CONTEXT('2D SPACE',''
  ) );
#3122 = PCURVE('',#3123,#3128);
#3123 = CYLINDRICAL_SURFACE('',#3124,4.7625);
#3124 = AXIS2_PLACEMENT_3D('',#3125,#3126,#3127);
#3125 = CARTESIAN_POINT('',(45.164268786837,81.718590961328,0.));
#3126 = DIRECTION('',(0.483718887105,-0.875223421909,0.));
#3127 = DIRECTION('',(-9.716931946943E-17,-5.370358459103E-17,-1.));
#3128 = DEFINITIONAL_REPRESENTATION('',(#3129),#3139);
#3129 = B_SPLINE_CURVE_WITH_KNOTS('',8,(#3130,#3131,#3132,#3133,#3134,
    #3135,#3136,#3137,#3138),.UNSPECIFIED.,.F.,.F.,(9,9),(1.570796326795
    ,4.712388980385),.PIECEWISE_BEZIER_KNOTS.);
#3130 = CARTESIAN_POINT('',(3.14159265359,-1.634248292248E-13));
#3131 = CARTESIAN_POINT('',(3.534291735289,0.105029828931));
#3132 = CARTESIAN_POINT('',(3.926990816988,0.210060495319));
#3133 = CARTESIAN_POINT('',(4.31968989869,0.290401155932));
#3134 = CARTESIAN_POINT('',(4.712388980387,0.321428548245));
#3135 = CARTESIAN_POINT('',(5.105088062084,0.290401155932));
#3136 = CARTESIAN_POINT('',(5.497787143782,0.210060495319));
#3137 = CARTESIAN_POINT('',(5.890486225481,0.105029828931));
#3138 = CARTESIAN_POINT('',(6.28318530718,-1.634248292248E-13));
#3139 = ( GEOMETRIC_REPRESENTATION_CONTEXT(2) 
PARAMETRIC_REPRESENTATION_CONTEXT() REPRESENTATION_CONTEXT('2D SPACE',''
  ) );
#3140 = ORIENTED_EDGE('',*,*,#3141,.F.);
#3141 = EDGE_CURVE('',#3142,#3101,#3144,.T.);
#3142 = VERTEX_POINT('',#3143);
#3143 = CARTESIAN_POINT('',(49.20314668772,84.256386147006,
    -5.832380380939E-16));
#3144 = SURFACE_CURVE('',#3145,(#3150,#3162),.PCURVE_S1.);
#3145 = ELLIPSE('',#3146,4.770004098813,4.7625);
#3146 = AXIS2_PLACEMENT_3D('',#3147,#3148,#3149);
#3147 = CARTESIAN_POINT('',(45.164268786837,81.718590961328,0.));
#3148 = DIRECTION('',(0.532032076515,-0.846724199228,0.));
#3149 = DIRECTION('',(0.846724199228,0.532032076515,0.));
#3150 = PCURVE('',#2987,#3151);
#3151 = DEFINITIONAL_REPRESENTATION('',(#3152),#3161);
#3152 = B_SPLINE_CURVE_WITH_KNOTS('',7,(#3153,#3154,#3155,#3156,#3157,
    #3158,#3159,#3160),.UNSPECIFIED.,.F.,.F.,(8,8),(0.,1.570796326795),
  .PIECEWISE_BEZIER_KNOTS.);
#3153 = CARTESIAN_POINT('',(1.570796326795,6.249051574407));
#3154 = CARTESIAN_POINT('',(1.795195802051,6.249051574407));
#3155 = CARTESIAN_POINT('',(2.019595277308,6.233338873965));
#3156 = CARTESIAN_POINT('',(2.243994752565,6.201915752471));
#3157 = CARTESIAN_POINT('',(2.46839422782,6.156711450588));
#3158 = CARTESIAN_POINT('',(2.692793703077,6.101629157767));
#3159 = CARTESIAN_POINT('',(2.917193178333,6.041612356367));
#3160 = CARTESIAN_POINT('',(3.14159265359,5.981595311263));
#3161 = ( GEOMETRIC_REPRESENTATION_CONTEXT(2) 
PARAMETRIC_REPRESENTATION_CONTEXT() REPRESENTATION_CONTEXT('2D SPACE',''
  ) );
#3162 = PCURVE('',#3123,#3163);
#3163 = DEFINITIONAL_REPRESENTATION('',(#3164),#3173);
#3164 = B_SPLINE_CURVE_WITH_KNOTS('',7,(#3165,#3166,#3167,#3168,#3169,
    #3170,#3171,#3172),.UNSPECIFIED.,.F.,.F.,(8,8),(0.,1.570796326795),
  .PIECEWISE_BEZIER_KNOTS.);
#3165 = CARTESIAN_POINT('',(1.570796326795,-0.267456263144));
#3166 = CARTESIAN_POINT('',(1.795195802051,-0.267456263144));
#3167 = CARTESIAN_POINT('',(2.019595277307,-0.251743562703));
#3168 = CARTESIAN_POINT('',(2.243994752566,-0.220320441205));
#3169 = CARTESIAN_POINT('',(2.468394227819,-0.175116139327));
#3170 = CARTESIAN_POINT('',(2.692793703077,-0.120033846503));
#3171 = CARTESIAN_POINT('',(2.917193178333,-6.001704510365E-02));
#3172 = CARTESIAN_POINT('',(3.14159265359,-1.634248292248E-13));
#3173 = ( GEOMETRIC_REPRESENTATION_CONTEXT(2) 
PARAMETRIC_REPRESENTATION_CONTEXT() REPRESENTATION_CONTEXT('2D SPACE',''
  ) );
#3174 = ORIENTED_EDGE('',*,*,#3175,.F.);
#3175 = EDGE_CURVE('',#3079,#3142,#3176,.T.);
#3176 = SURFACE_CURVE('',#3177,(#3182,#3194),.PCURVE_S1.);
#3177 = ELLIPSE('',#3178,4.770004098813,4.7625);
#3178 = AXIS2_PLACEMENT_3D('',#3179,#3180,#3181);
#3179 = CARTESIAN_POINT('',(45.164268786837,81.718590961328,0.));
#3180 = DIRECTION('',(0.532032076515,-0.846724199228,0.));
#3181 = DIRECTION('',(0.846724199228,0.532032076515,0.));
#3182 = PCURVE('',#2987,#3183);
#3183 = DEFINITIONAL_REPRESENTATION('',(#3184),#3193);
#3184 = B_SPLINE_CURVE_WITH_KNOTS('',7,(#3185,#3186,#3187,#3188,#3189,
    #3190,#3191,#3192),.UNSPECIFIED.,.F.,.F.,(8,8),(4.712388980385,
    6.28318530718),.PIECEWISE_BEZIER_KNOTS.);
#3185 = CARTESIAN_POINT('',(0.,5.981595311263));
#3186 = CARTESIAN_POINT('',(0.224399475256,6.041612356367));
#3187 = CARTESIAN_POINT('',(0.448798950513,6.101629157766));
#3188 = CARTESIAN_POINT('',(0.673198425769,6.156711450593));
#3189 = CARTESIAN_POINT('',(0.897597901026,6.201915752466));
#3190 = CARTESIAN_POINT('',(1.121997376282,6.233338873967));
#3191 = CARTESIAN_POINT('',(1.346396851538,6.249051574407));
#3192 = CARTESIAN_POINT('',(1.570796326795,6.249051574407));
#3193 = ( GEOMETRIC_REPRESENTATION_CONTEXT(2) 
PARAMETRIC_REPRESENTATION_CONTEXT() REPRESENTATION_CONTEXT('2D SPACE',''
  ) );
#3194 = PCURVE('',#3123,#3195);
#3195 = DEFINITIONAL_REPRESENTATION('',(#3196),#3205);
#3196 = B_SPLINE_CURVE_WITH_KNOTS('',7,(#3197,#3198,#3199,#3200,#3201,
    #3202,#3203,#3204),.UNSPECIFIED.,.F.,.F.,(8,8),(4.712388980385,
    6.28318530718),.PIECEWISE_BEZIER_KNOTS.);
#3197 = CARTESIAN_POINT('',(0.,-1.634248292248E-13));
#3198 = CARTESIAN_POINT('',(0.224399475256,-6.001704510365E-02));
#3199 = CARTESIAN_POINT('',(0.448798950513,-0.120033846503));
#3200 = CARTESIAN_POINT('',(0.673198425769,-0.175116139327));
#3201 = CARTESIAN_POINT('',(0.897597901025,-0.220320441205));
#3202 = CARTESIAN_POINT('',(1.121997376282,-0.251743562703));
#3203 = CARTESIAN_POINT('',(1.346396851538,-0.267456263144));
#3204 = CARTESIAN_POINT('',(1.570796326795,-0.267456263144));
#3205 = ( GEOMETRIC_REPRESENTATION_CONTEXT(2) 
PARAMETRIC_REPRESENTATION_CONTEXT() REPRESENTATION_CONTEXT('2D SPACE',''
  ) );
#3206 = ORIENTED_EDGE('',*,*,#3078,.F.);
#3207 = ORIENTED_EDGE('',*,*,#3039,.T.);
#3208 = ORIENTED_EDGE('',*,*,#3005,.T.);
#3209 = ORIENTED_EDGE('',*,*,#2964,.T.);
#3210 = ADVANCED_FACE('',(#3211),#3123,.T.);
#3211 = FACE_BOUND('',#3212,.T.);
#3212 = EDGE_LOOP('',(#3213,#3235,#3276,#3310,#3342,#3343,#3344,#3345));
#3213 = ORIENTED_EDGE('',*,*,#3214,.T.);
#3214 = EDGE_CURVE('',#3079,#3215,#3217,.T.);
#3215 = VERTEX_POINT('',#3216);
#3216 = CARTESIAN_POINT('',(48.057679413915,76.483358644531,-4.7625));
#3217 = SEAM_CURVE('',#3218,(#3222,#3228),.PCURVE_S1.);
#3218 = LINE('',#3219,#3220);
#3219 = CARTESIAN_POINT('',(45.164268786837,81.718590961328,-4.7625));
#3220 = VECTOR('',#3221,1.);
#3221 = DIRECTION('',(0.483718887105,-0.875223421909,0.));
#3222 = PCURVE('',#3123,#3223);
#3223 = DEFINITIONAL_REPRESENTATION('',(#3224),#3227);
#3224 = B_SPLINE_CURVE_WITH_KNOTS('',1,(#3225,#3226),.UNSPECIFIED.,.F.,
  .F.,(2,2),(-1.480537077276,7.46213238854),.PIECEWISE_BEZIER_KNOTS.);
#3225 = CARTESIAN_POINT('',(6.28318530718,-1.480537077276));
#3226 = CARTESIAN_POINT('',(6.28318530718,7.46213238854));
#3227 = ( GEOMETRIC_REPRESENTATION_CONTEXT(2) 
PARAMETRIC_REPRESENTATION_CONTEXT() REPRESENTATION_CONTEXT('2D SPACE',''
  ) );
#3228 = PCURVE('',#3123,#3229);
#3229 = DEFINITIONAL_REPRESENTATION('',(#3230),#3234);
#3230 = LINE('',#3231,#3232);
#3231 = CARTESIAN_POINT('',(0.,0.));
#3232 = VECTOR('',#3233,1.);
#3233 = DIRECTION('',(0.,1.));
#3234 = ( GEOMETRIC_REPRESENTATION_CONTEXT(2) 
PARAMETRIC_REPRESENTATION_CONTEXT() REPRESENTATION_CONTEXT('2D SPACE',''
  ) );
#3235 = ORIENTED_EDGE('',*,*,#3236,.F.);
#3236 = EDGE_CURVE('',#3237,#3215,#3239,.T.);
#3237 = VERTEX_POINT('',#3238);
#3238 = CARTESIAN_POINT('',(48.057679413915,76.483358644531,4.7625));
#3239 = SURFACE_CURVE('',#3240,(#3245,#3258),.PCURVE_S1.);
#3240 = ELLIPSE('',#3241,4.770004098813,4.7625);
#3241 = AXIS2_PLACEMENT_3D('',#3242,#3243,#3244);
#3242 = CARTESIAN_POINT('',(48.057679413915,76.483358644531,0.));
#3243 = DIRECTION('',(0.433883739118,-0.900968867902,0.));
#3244 = DIRECTION('',(0.900968867902,0.433883739118,0.));
#3245 = PCURVE('',#3123,#3246);
#3246 = DEFINITIONAL_REPRESENTATION('',(#3247),#3257);
#3247 = B_SPLINE_CURVE_WITH_KNOTS('',8,(#3248,#3249,#3250,#3251,#3252,
    #3253,#3254,#3255,#3256),.UNSPECIFIED.,.F.,.F.,(9,9),(1.570796326795
    ,4.712388980385),.PIECEWISE_BEZIER_KNOTS.);
#3248 = CARTESIAN_POINT('',(3.14159265359,5.981595311264));
#3249 = CARTESIAN_POINT('',(3.534291735289,5.876565482333));
#3250 = CARTESIAN_POINT('',(3.926990816988,5.771534815942));
#3251 = CARTESIAN_POINT('',(4.31968989869,5.691194155332));
#3252 = CARTESIAN_POINT('',(4.712388980386,5.660166763008));
#3253 = CARTESIAN_POINT('',(5.105088062087,5.69119415533));
#3254 = CARTESIAN_POINT('',(5.497787143782,5.771534815943));
#3255 = CARTESIAN_POINT('',(5.890486225481,5.876565482333));
#3256 = CARTESIAN_POINT('',(6.28318530718,5.981595311264));
#3257 = ( GEOMETRIC_REPRESENTATION_CONTEXT(2) 
PARAMETRIC_REPRESENTATION_CONTEXT() REPRESENTATION_CONTEXT('2D SPACE',''
  ) );
#3258 = PCURVE('',#3259,#3264);
#3259 = CYLINDRICAL_SURFACE('',#3260,4.7625);
#3260 = AXIS2_PLACEMENT_3D('',#3261,#3262,#3263);
#3261 = CARTESIAN_POINT('',(48.057679413915,76.483358644531,0.));
#3262 = DIRECTION('',(0.382683432365,-0.923879532511,0.));
#3263 = DIRECTION('',(-1.025712328974E-16,-4.248639577543E-17,-1.));
#3264 = DEFINITIONAL_REPRESENTATION('',(#3265),#3275);
#3265 = B_SPLINE_CURVE_WITH_KNOTS('',8,(#3266,#3267,#3268,#3269,#3270,
    #3271,#3272,#3273,#3274),.UNSPECIFIED.,.F.,.F.,(9,9),(1.570796326795
    ,4.712388980385),.PIECEWISE_BEZIER_KNOTS.);
#3266 = CARTESIAN_POINT('',(3.14159265359,4.973799150321E-14));
#3267 = CARTESIAN_POINT('',(3.534291735289,0.105029828931));
#3268 = CARTESIAN_POINT('',(3.926990816987,0.210060495319));
#3269 = CARTESIAN_POINT('',(4.319689898692,0.290401155931));
#3270 = CARTESIAN_POINT('',(4.712388980385,0.321428548246));
#3271 = CARTESIAN_POINT('',(5.105088062089,0.290401155932));
#3272 = CARTESIAN_POINT('',(5.497787143782,0.210060495319));
#3273 = CARTESIAN_POINT('',(5.890486225481,0.105029828931));
#3274 = CARTESIAN_POINT('',(6.28318530718,4.973799150321E-14));
#3275 = ( GEOMETRIC_REPRESENTATION_CONTEXT(2) 
PARAMETRIC_REPRESENTATION_CONTEXT() REPRESENTATION_CONTEXT('2D SPACE',''
  ) );
#3276 = ORIENTED_EDGE('',*,*,#3277,.F.);
#3277 = EDGE_CURVE('',#3278,#3237,#3280,.T.);
#3278 = VERTEX_POINT('',#3279);
#3279 = CARTESIAN_POINT('',(52.355304606713,78.55298585853,
    -5.832380380939E-16));
#3280 = SURFACE_CURVE('',#3281,(#3286,#3298),.PCURVE_S1.);
#3281 = ELLIPSE('',#3282,4.770004098813,4.7625);
#3282 = AXIS2_PLACEMENT_3D('',#3283,#3284,#3285);
#3283 = CARTESIAN_POINT('',(48.057679413915,76.483358644531,0.));
#3284 = DIRECTION('',(0.433883739118,-0.900968867902,0.));
#3285 = DIRECTION('',(0.900968867902,0.433883739118,0.));
#3286 = PCURVE('',#3123,#3287);
#3287 = DEFINITIONAL_REPRESENTATION('',(#3288),#3297);
#3288 = B_SPLINE_CURVE_WITH_KNOTS('',7,(#3289,#3290,#3291,#3292,#3293,
    #3294,#3295,#3296),.UNSPECIFIED.,.F.,.F.,(8,8),(0.,1.570796326795),
  .PIECEWISE_BEZIER_KNOTS.);
#3289 = CARTESIAN_POINT('',(1.570796326795,6.249051574407));
#3290 = CARTESIAN_POINT('',(1.795195802051,6.249051574407));
#3291 = CARTESIAN_POINT('',(2.019595277307,6.233338873967));
#3292 = CARTESIAN_POINT('',(2.243994752565,6.201915752469));
#3293 = CARTESIAN_POINT('',(2.46839422782,6.156711450592));
#3294 = CARTESIAN_POINT('',(2.692793703077,6.101629157766));
#3295 = CARTESIAN_POINT('',(2.917193178333,6.041612356367));
#3296 = CARTESIAN_POINT('',(3.14159265359,5.981595311264));
#3297 = ( GEOMETRIC_REPRESENTATION_CONTEXT(2) 
PARAMETRIC_REPRESENTATION_CONTEXT() REPRESENTATION_CONTEXT('2D SPACE',''
  ) );
#3298 = PCURVE('',#3259,#3299);
#3299 = DEFINITIONAL_REPRESENTATION('',(#3300),#3309);
#3300 = B_SPLINE_CURVE_WITH_KNOTS('',7,(#3301,#3302,#3303,#3304,#3305,
    #3306,#3307,#3308),.UNSPECIFIED.,.F.,.F.,(8,8),(0.,1.570796326795),
  .PIECEWISE_BEZIER_KNOTS.);
#3301 = CARTESIAN_POINT('',(1.570796326795,-0.267456263144));
#3302 = CARTESIAN_POINT('',(1.795195802051,-0.267456263144));
#3303 = CARTESIAN_POINT('',(2.019595277307,-0.251743562703));
#3304 = CARTESIAN_POINT('',(2.243994752565,-0.220320441205));
#3305 = CARTESIAN_POINT('',(2.46839422782,-0.175116139326));
#3306 = CARTESIAN_POINT('',(2.692793703077,-0.120033846503));
#3307 = CARTESIAN_POINT('',(2.917193178333,-6.001704510344E-02));
#3308 = CARTESIAN_POINT('',(3.14159265359,4.973799150321E-14));
#3309 = ( GEOMETRIC_REPRESENTATION_CONTEXT(2) 
PARAMETRIC_REPRESENTATION_CONTEXT() REPRESENTATION_CONTEXT('2D SPACE',''
  ) );
#3310 = ORIENTED_EDGE('',*,*,#3311,.F.);
#3311 = EDGE_CURVE('',#3215,#3278,#3312,.T.);
#3312 = SURFACE_CURVE('',#3313,(#3318,#3330),.PCURVE_S1.);
#3313 = ELLIPSE('',#3314,4.770004098813,4.7625);
#3314 = AXIS2_PLACEMENT_3D('',#3315,#3316,#3317);
#3315 = CARTESIAN_POINT('',(48.057679413915,76.483358644531,0.));
#3316 = DIRECTION('',(0.433883739118,-0.900968867902,0.));
#3317 = DIRECTION('',(0.900968867902,0.433883739118,0.));
#3318 = PCURVE('',#3123,#3319);
#3319 = DEFINITIONAL_REPRESENTATION('',(#3320),#3329);
#3320 = B_SPLINE_CURVE_WITH_KNOTS('',7,(#3321,#3322,#3323,#3324,#3325,
    #3326,#3327,#3328),.UNSPECIFIED.,.F.,.F.,(8,8),(4.712388980385,
    6.28318530718),.PIECEWISE_BEZIER_KNOTS.);
#3321 = CARTESIAN_POINT('',(0.,5.981595311264));
#3322 = CARTESIAN_POINT('',(0.224399475256,6.041612356367));
#3323 = CARTESIAN_POINT('',(0.448798950513,6.101629157766));
#3324 = CARTESIAN_POINT('',(0.673198425769,6.156711450589));
#3325 = CARTESIAN_POINT('',(0.897597901026,6.201915752469));
#3326 = CARTESIAN_POINT('',(1.121997376282,6.233338873966));
#3327 = CARTESIAN_POINT('',(1.346396851538,6.249051574407));
#3328 = CARTESIAN_POINT('',(1.570796326795,6.249051574407));
#3329 = ( GEOMETRIC_REPRESENTATION_CONTEXT(2) 
PARAMETRIC_REPRESENTATION_CONTEXT() REPRESENTATION_CONTEXT('2D SPACE',''
  ) );
#3330 = PCURVE('',#3259,#3331);
#3331 = DEFINITIONAL_REPRESENTATION('',(#3332),#3341);
#3332 = B_SPLINE_CURVE_WITH_KNOTS('',7,(#3333,#3334,#3335,#3336,#3337,
    #3338,#3339,#3340),.UNSPECIFIED.,.F.,.F.,(8,8),(4.712388980385,
    6.28318530718),.PIECEWISE_BEZIER_KNOTS.);
#3333 = CARTESIAN_POINT('',(0.,4.973799150321E-14));
#3334 = CARTESIAN_POINT('',(0.224399475256,-6.001704510344E-02));
#3335 = CARTESIAN_POINT('',(0.448798950513,-0.120033846503));
#3336 = CARTESIAN_POINT('',(0.673198425769,-0.175116139326));
#3337 = CARTESIAN_POINT('',(0.897597901026,-0.220320441205));
#3338 = CARTESIAN_POINT('',(1.121997376282,-0.251743562703));
#3339 = CARTESIAN_POINT('',(1.346396851538,-0.267456263144));
#3340 = CARTESIAN_POINT('',(1.570796326795,-0.267456263144));
#3341 = ( GEOMETRIC_REPRESENTATION_CONTEXT(2) 
PARAMETRIC_REPRESENTATION_CONTEXT() REPRESENTATION_CONTEXT('2D SPACE',''
  ) );
#3342 = ORIENTED_EDGE('',*,*,#3214,.F.);
#3343 = ORIENTED_EDGE('',*,*,#3175,.T.);
#3344 = ORIENTED_EDGE('',*,*,#3141,.T.);
#3345 = ORIENTED_EDGE('',*,*,#3100,.T.);
#3346 = ADVANCED_FACE('',(#3347),#3259,.T.);
#3347 = FACE_BOUND('',#3348,.T.);
#3348 = EDGE_LOOP('',(#3349,#3371,#3412,#3446,#3478,#3479,#3480,#3481));
#3349 = ORIENTED_EDGE('',*,*,#3350,.T.);
#3350 = EDGE_CURVE('',#3215,#3351,#3353,.T.);
#3351 = VERTEX_POINT('',#3352);
#3352 = CARTESIAN_POINT('',(50.346736838648,70.957085164689,-4.7625));
#3353 = SEAM_CURVE('',#3354,(#3358,#3364),.PCURVE_S1.);
#3354 = LINE('',#3355,#3356);
#3355 = CARTESIAN_POINT('',(48.057679413915,76.483358644531,-4.7625));
#3356 = VECTOR('',#3357,1.);
#3357 = DIRECTION('',(0.382683432365,-0.923879532511,0.));
#3358 = PCURVE('',#3259,#3359);
#3359 = DEFINITIONAL_REPRESENTATION('',(#3360),#3363);
#3360 = B_SPLINE_CURVE_WITH_KNOTS('',1,(#3361,#3362),.UNSPECIFIED.,.F.,
  .F.,(2,2),(-1.480537077276,7.46213238854),.PIECEWISE_BEZIER_KNOTS.);
#3361 = CARTESIAN_POINT('',(6.28318530718,-1.480537077276));
#3362 = CARTESIAN_POINT('',(6.28318530718,7.46213238854));
#3363 = ( GEOMETRIC_REPRESENTATION_CONTEXT(2) 
PARAMETRIC_REPRESENTATION_CONTEXT() REPRESENTATION_CONTEXT('2D SPACE',''
  ) );
#3364 = PCURVE('',#3259,#3365);
#3365 = DEFINITIONAL_REPRESENTATION('',(#3366),#3370);
#3366 = LINE('',#3367,#3368);
#3367 = CARTESIAN_POINT('',(0.,0.));
#3368 = VECTOR('',#3369,1.);
#3369 = DIRECTION('',(0.,1.));
#3370 = ( GEOMETRIC_REPRESENTATION_CONTEXT(2) 
PARAMETRIC_REPRESENTATION_CONTEXT() REPRESENTATION_CONTEXT('2D SPACE',''
  ) );
#3371 = ORIENTED_EDGE('',*,*,#3372,.F.);
#3372 = EDGE_CURVE('',#3373,#3351,#3375,.T.);
#3373 = VERTEX_POINT('',#3374);
#3374 = CARTESIAN_POINT('',(50.346736838648,70.957085164689,4.7625));
#3375 = SURFACE_CURVE('',#3376,(#3381,#3394),.PCURVE_S1.);
#3376 = ELLIPSE('',#3377,4.770004098813,4.7625);
#3377 = AXIS2_PLACEMENT_3D('',#3378,#3379,#3380);
#3378 = CARTESIAN_POINT('',(50.346736838648,70.957085164689,0.));
#3379 = DIRECTION('',(0.330279061955,-0.943883330308,0.));
#3380 = DIRECTION('',(0.943883330308,0.330279061955,0.));
#3381 = PCURVE('',#3259,#3382);
#3382 = DEFINITIONAL_REPRESENTATION('',(#3383),#3393);
#3383 = B_SPLINE_CURVE_WITH_KNOTS('',8,(#3384,#3385,#3386,#3387,#3388,
    #3389,#3390,#3391,#3392),.UNSPECIFIED.,.F.,.F.,(9,9),(1.570796326795
    ,4.712388980385),.PIECEWISE_BEZIER_KNOTS.);
#3384 = CARTESIAN_POINT('',(3.14159265359,5.981595311264));
#3385 = CARTESIAN_POINT('',(3.534291735289,5.876565482333));
#3386 = CARTESIAN_POINT('',(3.926990816989,5.771534815946));
#3387 = CARTESIAN_POINT('',(4.319689898688,5.691194155316));
#3388 = CARTESIAN_POINT('',(4.712388980391,5.660166763016));
#3389 = CARTESIAN_POINT('',(5.105088062083,5.691194155314));
#3390 = CARTESIAN_POINT('',(5.497787143783,5.771534815945));
#3391 = CARTESIAN_POINT('',(5.890486225481,5.876565482333));
#3392 = CARTESIAN_POINT('',(6.28318530718,5.981595311264));
#3393 = ( GEOMETRIC_REPRESENTATION_CONTEXT(2) 
PARAMETRIC_REPRESENTATION_CONTEXT() REPRESENTATION_CONTEXT('2D SPACE',''
  ) );
#3394 = PCURVE('',#3395,#3400);
#3395 = CYLINDRICAL_SURFACE('',#3396,4.7625);
#3396 = AXIS2_PLACEMENT_3D('',#3397,#3398,#3399);
#3397 = CARTESIAN_POINT('',(50.346736838648,70.957085164689,0.));
#3398 = DIRECTION('',(0.276835511425,-0.960917321945,0.));
#3399 = DIRECTION('',(-1.066832535585E-16,-3.073491588177E-17,-1.));
#3400 = DEFINITIONAL_REPRESENTATION('',(#3401),#3411);
#3401 = B_SPLINE_CURVE_WITH_KNOTS('',8,(#3402,#3403,#3404,#3405,#3406,
    #3407,#3408,#3409,#3410),.UNSPECIFIED.,.F.,.F.,(9,9),(1.570796326795
    ,4.712388980385),.PIECEWISE_BEZIER_KNOTS.);
#3402 = CARTESIAN_POINT('',(3.14159265359,0.));
#3403 = CARTESIAN_POINT('',(3.534291735289,0.105029828931));
#3404 = CARTESIAN_POINT('',(3.926990816988,0.210060495319));
#3405 = CARTESIAN_POINT('',(4.319689898683,0.290401155933));
#3406 = CARTESIAN_POINT('',(4.712388980391,0.321428548244));
#3407 = CARTESIAN_POINT('',(5.105088062082,0.290401155933));
#3408 = CARTESIAN_POINT('',(5.497787143784,0.210060495319));
#3409 = CARTESIAN_POINT('',(5.890486225481,0.105029828931));
#3410 = CARTESIAN_POINT('',(6.28318530718,0.));
#3411 = ( GEOMETRIC_REPRESENTATION_CONTEXT(2) 
PARAMETRIC_REPRESENTATION_CONTEXT() REPRESENTATION_CONTEXT('2D SPACE',''
  ) );
#3412 = ORIENTED_EDGE('',*,*,#3413,.F.);
#3413 = EDGE_CURVE('',#3414,#3373,#3416,.T.);
#3414 = VERTEX_POINT('',#3415);
#3415 = CARTESIAN_POINT('',(54.849064193021,72.532517643967,
    -5.832380380939E-16));
#3416 = SURFACE_CURVE('',#3417,(#3422,#3434),.PCURVE_S1.);
#3417 = ELLIPSE('',#3418,4.770004098813,4.7625);
#3418 = AXIS2_PLACEMENT_3D('',#3419,#3420,#3421);
#3419 = CARTESIAN_POINT('',(50.346736838648,70.957085164689,0.));
#3420 = DIRECTION('',(0.330279061955,-0.943883330308,0.));
#3421 = DIRECTION('',(0.943883330308,0.330279061955,0.));
#3422 = PCURVE('',#3259,#3423);
#3423 = DEFINITIONAL_REPRESENTATION('',(#3424),#3433);
#3424 = B_SPLINE_CURVE_WITH_KNOTS('',7,(#3425,#3426,#3427,#3428,#3429,
    #3430,#3431,#3432),.UNSPECIFIED.,.F.,.F.,(8,8),(0.,1.570796326795),
  .PIECEWISE_BEZIER_KNOTS.);
#3425 = CARTESIAN_POINT('',(1.570796326795,6.249051574407));
#3426 = CARTESIAN_POINT('',(1.795195802051,6.249051574407));
#3427 = CARTESIAN_POINT('',(2.019595277308,6.233338873967));
#3428 = CARTESIAN_POINT('',(2.243994752565,6.201915752468));
#3429 = CARTESIAN_POINT('',(2.46839422782,6.156711450591));
#3430 = CARTESIAN_POINT('',(2.692793703077,6.101629157766));
#3431 = CARTESIAN_POINT('',(2.917193178333,6.041612356367));
#3432 = CARTESIAN_POINT('',(3.14159265359,5.981595311264));
#3433 = ( GEOMETRIC_REPRESENTATION_CONTEXT(2) 
PARAMETRIC_REPRESENTATION_CONTEXT() REPRESENTATION_CONTEXT('2D SPACE',''
  ) );
#3434 = PCURVE('',#3395,#3435);
#3435 = DEFINITIONAL_REPRESENTATION('',(#3436),#3445);
#3436 = B_SPLINE_CURVE_WITH_KNOTS('',7,(#3437,#3438,#3439,#3440,#3441,
    #3442,#3443,#3444),.UNSPECIFIED.,.F.,.F.,(8,8),(0.,1.570796326795),
  .PIECEWISE_BEZIER_KNOTS.);
#3437 = CARTESIAN_POINT('',(1.570796326795,-0.267456263144));
#3438 = CARTESIAN_POINT('',(1.795195802051,-0.267456263144));
#3439 = CARTESIAN_POINT('',(2.019595277308,-0.251743562703));
#3440 = CARTESIAN_POINT('',(2.243994752565,-0.220320441205));
#3441 = CARTESIAN_POINT('',(2.46839422782,-0.175116139327));
#3442 = CARTESIAN_POINT('',(2.692793703077,-0.120033846503));
#3443 = CARTESIAN_POINT('',(2.917193178333,-6.001704510349E-02));
#3444 = CARTESIAN_POINT('',(3.14159265359,0.));
#3445 = ( GEOMETRIC_REPRESENTATION_CONTEXT(2) 
PARAMETRIC_REPRESENTATION_CONTEXT() REPRESENTATION_CONTEXT('2D SPACE',''
  ) );
#3446 = ORIENTED_EDGE('',*,*,#3447,.F.);
#3447 = EDGE_CURVE('',#3351,#3414,#3448,.T.);
#3448 = SURFACE_CURVE('',#3449,(#3454,#3466),.PCURVE_S1.);
#3449 = ELLIPSE('',#3450,4.770004098813,4.7625);
#3450 = AXIS2_PLACEMENT_3D('',#3451,#3452,#3453);
#3451 = CARTESIAN_POINT('',(50.346736838648,70.957085164689,0.));
#3452 = DIRECTION('',(0.330279061955,-0.943883330308,0.));
#3453 = DIRECTION('',(0.943883330308,0.330279061955,0.));
#3454 = PCURVE('',#3259,#3455);
#3455 = DEFINITIONAL_REPRESENTATION('',(#3456),#3465);
#3456 = B_SPLINE_CURVE_WITH_KNOTS('',7,(#3457,#3458,#3459,#3460,#3461,
    #3462,#3463,#3464),.UNSPECIFIED.,.F.,.F.,(8,8),(4.712388980385,
    6.28318530718),.PIECEWISE_BEZIER_KNOTS.);
#3457 = CARTESIAN_POINT('',(0.,5.981595311264));
#3458 = CARTESIAN_POINT('',(0.224399475256,6.041612356367));
#3459 = CARTESIAN_POINT('',(0.448798950513,6.101629157765));
#3460 = CARTESIAN_POINT('',(0.673198425769,6.156711450592));
#3461 = CARTESIAN_POINT('',(0.897597901026,6.201915752468));
#3462 = CARTESIAN_POINT('',(1.121997376282,6.233338873967));
#3463 = CARTESIAN_POINT('',(1.346396851538,6.249051574407));
#3464 = CARTESIAN_POINT('',(1.570796326795,6.249051574407));
#3465 = ( GEOMETRIC_REPRESENTATION_CONTEXT(2) 
PARAMETRIC_REPRESENTATION_CONTEXT() REPRESENTATION_CONTEXT('2D SPACE',''
  ) );
#3466 = PCURVE('',#3395,#3467);
#3467 = DEFINITIONAL_REPRESENTATION('',(#3468),#3477);
#3468 = B_SPLINE_CURVE_WITH_KNOTS('',7,(#3469,#3470,#3471,#3472,#3473,
    #3474,#3475,#3476),.UNSPECIFIED.,.F.,.F.,(8,8),(4.712388980385,
    6.28318530718),.PIECEWISE_BEZIER_KNOTS.);
#3469 = CARTESIAN_POINT('',(0.,0.));
#3470 = CARTESIAN_POINT('',(0.224399475256,-6.001704510349E-02));
#3471 = CARTESIAN_POINT('',(0.448798950513,-0.120033846503));
#3472 = CARTESIAN_POINT('',(0.673198425769,-0.175116139327));
#3473 = CARTESIAN_POINT('',(0.897597901026,-0.220320441205));
#3474 = CARTESIAN_POINT('',(1.121997376282,-0.251743562703));
#3475 = CARTESIAN_POINT('',(1.346396851538,-0.267456263144));
#3476 = CARTESIAN_POINT('',(1.570796326795,-0.267456263144));
#3477 = ( GEOMETRIC_REPRESENTATION_CONTEXT(2) 
PARAMETRIC_REPRESENTATION_CONTEXT() REPRESENTATION_CONTEXT('2D SPACE',''
  ) );
#3478 = ORIENTED_EDGE('',*,*,#3350,.F.);
#3479 = ORIENTED_EDGE('',*,*,#3311,.T.);
#3480 = ORIENTED_EDGE('',*,*,#3277,.T.);
#3481 = ORIENTED_EDGE('',*,*,#3236,.T.);
#3482 = ADVANCED_FACE('',(#3483),#3395,.T.);
#3483 = FACE_BOUND('',#3484,.T.);
#3484 = EDGE_LOOP('',(#3485,#3507,#3548,#3582,#3614,#3615,#3616,#3617));
#3485 = ORIENTED_EDGE('',*,*,#3486,.T.);
#3486 = EDGE_CURVE('',#3351,#3487,#3489,.T.);
#3487 = VERTEX_POINT('',#3488);
#3488 = CARTESIAN_POINT('',(52.002654835779,65.20926661723,-4.7625));
#3489 = SEAM_CURVE('',#3490,(#3494,#3500),.PCURVE_S1.);
#3490 = LINE('',#3491,#3492);
#3491 = CARTESIAN_POINT('',(50.346736838648,70.957085164689,-4.7625));
#3492 = VECTOR('',#3493,1.);
#3493 = DIRECTION('',(0.276835511425,-0.960917321945,0.));
#3494 = PCURVE('',#3395,#3495);
#3495 = DEFINITIONAL_REPRESENTATION('',(#3496),#3499);
#3496 = B_SPLINE_CURVE_WITH_KNOTS('',1,(#3497,#3498),.UNSPECIFIED.,.F.,
  .F.,(2,2),(-1.480537077276,7.46213238854),.PIECEWISE_BEZIER_KNOTS.);
#3497 = CARTESIAN_POINT('',(6.28318530718,-1.480537077276));
#3498 = CARTESIAN_POINT('',(6.28318530718,7.46213238854));
#3499 = ( GEOMETRIC_REPRESENTATION_CONTEXT(2) 
PARAMETRIC_REPRESENTATION_CONTEXT() REPRESENTATION_CONTEXT('2D SPACE',''
  ) );
#3500 = PCURVE('',#3395,#3501);
#3501 = DEFINITIONAL_REPRESENTATION('',(#3502),#3506);
#3502 = LINE('',#3503,#3504);
#3503 = CARTESIAN_POINT('',(0.,0.));
#3504 = VECTOR('',#3505,1.);
#3505 = DIRECTION('',(0.,1.));
#3506 = ( GEOMETRIC_REPRESENTATION_CONTEXT(2) 
PARAMETRIC_REPRESENTATION_CONTEXT() REPRESENTATION_CONTEXT('2D SPACE',''
  ) );
#3507 = ORIENTED_EDGE('',*,*,#3508,.F.);
#3508 = EDGE_CURVE('',#3509,#3487,#3511,.T.);
#3509 = VERTEX_POINT('',#3510);
#3510 = CARTESIAN_POINT('',(52.002654835779,65.20926661723,4.7625));
#3511 = SURFACE_CURVE('',#3512,(#3517,#3530),.PCURVE_S1.);
#3512 = ELLIPSE('',#3513,4.770004098813,4.7625);
#3513 = AXIS2_PLACEMENT_3D('',#3514,#3515,#3516);
#3514 = CARTESIAN_POINT('',(52.002654835779,65.20926661723,0.));
#3515 = DIRECTION('',(0.222520933956,-0.974927912182,0.));
#3516 = DIRECTION('',(0.974927912182,0.222520933956,0.));
#3517 = PCURVE('',#3395,#3518);
#3518 = DEFINITIONAL_REPRESENTATION('',(#3519),#3529);
#3519 = B_SPLINE_CURVE_WITH_KNOTS('',8,(#3520,#3521,#3522,#3523,#3524,
    #3525,#3526,#3527,#3528),.UNSPECIFIED.,.F.,.F.,(9,9),(1.570796326795
    ,4.712388980385),.PIECEWISE_BEZIER_KNOTS.);
#3520 = CARTESIAN_POINT('',(3.14159265359,5.981595311264));
#3521 = CARTESIAN_POINT('',(3.534291735289,5.876565482333));
#3522 = CARTESIAN_POINT('',(3.926990816989,5.77153481594));
#3523 = CARTESIAN_POINT('',(4.319689898683,5.691194155327));
#3524 = CARTESIAN_POINT('',(4.712388980393,5.660166763));
#3525 = CARTESIAN_POINT('',(5.105088062082,5.691194155336));
#3526 = CARTESIAN_POINT('',(5.497787143783,5.77153481594));
#3527 = CARTESIAN_POINT('',(5.890486225481,5.876565482333));
#3528 = CARTESIAN_POINT('',(6.28318530718,5.981595311264));
#3529 = ( GEOMETRIC_REPRESENTATION_CONTEXT(2) 
PARAMETRIC_REPRESENTATION_CONTEXT() REPRESENTATION_CONTEXT('2D SPACE',''
  ) );
#3530 = PCURVE('',#3531,#3536);
#3531 = CYLINDRICAL_SURFACE('',#3532,4.7625);
#3532 = AXIS2_PLACEMENT_3D('',#3533,#3534,#3535);
#3533 = CARTESIAN_POINT('',(52.002654835778,65.20926661723,0.));
#3534 = DIRECTION('',(0.167506223305,-0.985871018518,0.));
#3535 = DIRECTION('',(-1.09453670407E-16,-1.859692658809E-17,-1.));
#3536 = DEFINITIONAL_REPRESENTATION('',(#3537),#3547);
#3537 = B_SPLINE_CURVE_WITH_KNOTS('',8,(#3538,#3539,#3540,#3541,#3542,
    #3543,#3544,#3545,#3546),.UNSPECIFIED.,.F.,.F.,(9,9),(1.570796326795
    ,4.712388980385),.PIECEWISE_BEZIER_KNOTS.);
#3538 = CARTESIAN_POINT('',(3.14159265359,1.634248292248E-13));
#3539 = CARTESIAN_POINT('',(3.534291735289,0.105029828931));
#3540 = CARTESIAN_POINT('',(3.926990816989,0.210060495319));
#3541 = CARTESIAN_POINT('',(4.319689898686,0.290401155932));
#3542 = CARTESIAN_POINT('',(4.712388980394,0.321428548246));
#3543 = CARTESIAN_POINT('',(5.105088062081,0.290401155932));
#3544 = CARTESIAN_POINT('',(5.497787143783,0.210060495319));
#3545 = CARTESIAN_POINT('',(5.890486225481,0.105029828931));
#3546 = CARTESIAN_POINT('',(6.28318530718,1.634248292248E-13));
#3547 = ( GEOMETRIC_REPRESENTATION_CONTEXT(2) 
PARAMETRIC_REPRESENTATION_CONTEXT() REPRESENTATION_CONTEXT('2D SPACE',''
  ) );
#3548 = ORIENTED_EDGE('',*,*,#3549,.F.);
#3549 = EDGE_CURVE('',#3550,#3509,#3552,.T.);
#3550 = VERTEX_POINT('',#3551);
#3551 = CARTESIAN_POINT('',(56.653064972933,66.270692384273,
    -5.832380380939E-16));
#3552 = SURFACE_CURVE('',#3553,(#3558,#3570),.PCURVE_S1.);
#3553 = ELLIPSE('',#3554,4.770004098813,4.7625);
#3554 = AXIS2_PLACEMENT_3D('',#3555,#3556,#3557);
#3555 = CARTESIAN_POINT('',(52.002654835779,65.20926661723,0.));
#3556 = DIRECTION('',(0.222520933956,-0.974927912182,0.));
#3557 = DIRECTION('',(0.974927912182,0.222520933956,0.));
#3558 = PCURVE('',#3395,#3559);
#3559 = DEFINITIONAL_REPRESENTATION('',(#3560),#3569);
#3560 = B_SPLINE_CURVE_WITH_KNOTS('',7,(#3561,#3562,#3563,#3564,#3565,
    #3566,#3567,#3568),.UNSPECIFIED.,.F.,.F.,(8,8),(0.,1.570796326795),
  .PIECEWISE_BEZIER_KNOTS.);
#3561 = CARTESIAN_POINT('',(1.570796326795,6.249051574407));
#3562 = CARTESIAN_POINT('',(1.795195802051,6.249051574407));
#3563 = CARTESIAN_POINT('',(2.019595277308,6.233338873967));
#3564 = CARTESIAN_POINT('',(2.243994752564,6.201915752467));
#3565 = CARTESIAN_POINT('',(2.46839422782,6.156711450593));
#3566 = CARTESIAN_POINT('',(2.692793703077,6.101629157765));
#3567 = CARTESIAN_POINT('',(2.917193178333,6.041612356367));
#3568 = CARTESIAN_POINT('',(3.14159265359,5.981595311264));
#3569 = ( GEOMETRIC_REPRESENTATION_CONTEXT(2) 
PARAMETRIC_REPRESENTATION_CONTEXT() REPRESENTATION_CONTEXT('2D SPACE',''
  ) );
#3570 = PCURVE('',#3531,#3571);
#3571 = DEFINITIONAL_REPRESENTATION('',(#3572),#3581);
#3572 = B_SPLINE_CURVE_WITH_KNOTS('',7,(#3573,#3574,#3575,#3576,#3577,
    #3578,#3579,#3580),.UNSPECIFIED.,.F.,.F.,(8,8),(0.,1.570796326795),
  .PIECEWISE_BEZIER_KNOTS.);
#3573 = CARTESIAN_POINT('',(1.570796326795,-0.267456263144));
#3574 = CARTESIAN_POINT('',(1.795195802051,-0.267456263144));
#3575 = CARTESIAN_POINT('',(2.019595277308,-0.251743562703));
#3576 = CARTESIAN_POINT('',(2.243994752564,-0.220320441205));
#3577 = CARTESIAN_POINT('',(2.468394227821,-0.175116139327));
#3578 = CARTESIAN_POINT('',(2.692793703077,-0.120033846502));
#3579 = CARTESIAN_POINT('',(2.917193178333,-6.001704510332E-02));
#3580 = CARTESIAN_POINT('',(3.14159265359,1.634248292248E-13));
#3581 = ( GEOMETRIC_REPRESENTATION_CONTEXT(2) 
PARAMETRIC_REPRESENTATION_CONTEXT() REPRESENTATION_CONTEXT('2D SPACE',''
  ) );
#3582 = ORIENTED_EDGE('',*,*,#3583,.F.);
#3583 = EDGE_CURVE('',#3487,#3550,#3584,.T.);
#3584 = SURFACE_CURVE('',#3585,(#3590,#3602),.PCURVE_S1.);
#3585 = ELLIPSE('',#3586,4.770004098813,4.7625);
#3586 = AXIS2_PLACEMENT_3D('',#3587,#3588,#3589);
#3587 = CARTESIAN_POINT('',(52.002654835779,65.20926661723,0.));
#3588 = DIRECTION('',(0.222520933956,-0.974927912182,0.));
#3589 = DIRECTION('',(0.974927912182,0.222520933956,0.));
#3590 = PCURVE('',#3395,#3591);
#3591 = DEFINITIONAL_REPRESENTATION('',(#3592),#3601);
#3592 = B_SPLINE_CURVE_WITH_KNOTS('',7,(#3593,#3594,#3595,#3596,#3597,
    #3598,#3599,#3600),.UNSPECIFIED.,.F.,.F.,(8,8),(4.712388980385,
    6.28318530718),.PIECEWISE_BEZIER_KNOTS.);
#3593 = CARTESIAN_POINT('',(0.,5.981595311264));
#3594 = CARTESIAN_POINT('',(0.224399475256,6.041612356367));
#3595 = CARTESIAN_POINT('',(0.448798950513,6.101629157767));
#3596 = CARTESIAN_POINT('',(0.673198425769,6.156711450589));
#3597 = CARTESIAN_POINT('',(0.897597901026,6.20191575247));
#3598 = CARTESIAN_POINT('',(1.121997376282,6.233338873966));
#3599 = CARTESIAN_POINT('',(1.346396851538,6.249051574407));
#3600 = CARTESIAN_POINT('',(1.570796326795,6.249051574407));
#3601 = ( GEOMETRIC_REPRESENTATION_CONTEXT(2) 
PARAMETRIC_REPRESENTATION_CONTEXT() REPRESENTATION_CONTEXT('2D SPACE',''
  ) );
#3602 = PCURVE('',#3531,#3603);
#3603 = DEFINITIONAL_REPRESENTATION('',(#3604),#3613);
#3604 = B_SPLINE_CURVE_WITH_KNOTS('',7,(#3605,#3606,#3607,#3608,#3609,
    #3610,#3611,#3612),.UNSPECIFIED.,.F.,.F.,(8,8),(4.712388980385,
    6.28318530718),.PIECEWISE_BEZIER_KNOTS.);
#3605 = CARTESIAN_POINT('',(0.,1.634248292248E-13));
#3606 = CARTESIAN_POINT('',(0.224399475256,-6.001704510332E-02));
#3607 = CARTESIAN_POINT('',(0.448798950513,-0.120033846502));
#3608 = CARTESIAN_POINT('',(0.673198425769,-0.175116139327));
#3609 = CARTESIAN_POINT('',(0.897597901026,-0.220320441205));
#3610 = CARTESIAN_POINT('',(1.121997376282,-0.251743562703));
#3611 = CARTESIAN_POINT('',(1.346396851538,-0.267456263144));
#3612 = CARTESIAN_POINT('',(1.570796326795,-0.267456263144));
#3613 = ( GEOMETRIC_REPRESENTATION_CONTEXT(2) 
PARAMETRIC_REPRESENTATION_CONTEXT() REPRESENTATION_CONTEXT('2D SPACE',''
  ) );
#3614 = ORIENTED_EDGE('',*,*,#3486,.F.);
#3615 = ORIENTED_EDGE('',*,*,#3447,.T.);
#3616 = ORIENTED_EDGE('',*,*,#3413,.T.);
#3617 = ORIENTED_EDGE('',*,*,#3372,.T.);
#3618 = ADVANCED_FACE('',(#3619),#3531,.T.);
#3619 = FACE_BOUND('',#3620,.T.);
#3620 = EDGE_LOOP('',(#3621,#3643,#3684,#3718,#3750,#3751,#3752,#3753));
#3621 = ORIENTED_EDGE('',*,*,#3622,.T.);
#3622 = EDGE_CURVE('',#3487,#3623,#3625,.T.);
#3623 = VERTEX_POINT('',#3624);
#3624 = CARTESIAN_POINT('',(53.004609275706,59.31218515535,-4.7625));
#3625 = SEAM_CURVE('',#3626,(#3630,#3636),.PCURVE_S1.);
#3626 = LINE('',#3627,#3628);
#3627 = CARTESIAN_POINT('',(52.002654835778,65.20926661723,-4.7625));
#3628 = VECTOR('',#3629,1.);
#3629 = DIRECTION('',(0.167506223305,-0.985871018518,0.));
#3630 = PCURVE('',#3531,#3631);
#3631 = DEFINITIONAL_REPRESENTATION('',(#3632),#3635);
#3632 = B_SPLINE_CURVE_WITH_KNOTS('',1,(#3633,#3634),.UNSPECIFIED.,.F.,
  .F.,(2,2),(-1.480537077276,7.46213238854),.PIECEWISE_BEZIER_KNOTS.);
#3633 = CARTESIAN_POINT('',(6.28318530718,-1.480537077276));
#3634 = CARTESIAN_POINT('',(6.28318530718,7.46213238854));
#3635 = ( GEOMETRIC_REPRESENTATION_CONTEXT(2) 
PARAMETRIC_REPRESENTATION_CONTEXT() REPRESENTATION_CONTEXT('2D SPACE',''
  ) );
#3636 = PCURVE('',#3531,#3637);
#3637 = DEFINITIONAL_REPRESENTATION('',(#3638),#3642);
#3638 = LINE('',#3639,#3640);
#3639 = CARTESIAN_POINT('',(0.,0.));
#3640 = VECTOR('',#3641,1.);
#3641 = DIRECTION('',(0.,1.));
#3642 = ( GEOMETRIC_REPRESENTATION_CONTEXT(2) 
PARAMETRIC_REPRESENTATION_CONTEXT() REPRESENTATION_CONTEXT('2D SPACE',''
  ) );
#3643 = ORIENTED_EDGE('',*,*,#3644,.F.);
#3644 = EDGE_CURVE('',#3645,#3623,#3647,.T.);
#3645 = VERTEX_POINT('',#3646);
#3646 = CARTESIAN_POINT('',(53.004609275706,59.31218515535,4.7625));
#3647 = SURFACE_CURVE('',#3648,(#3653,#3666),.PCURVE_S1.);
#3648 = ELLIPSE('',#3649,4.770004098813,4.7625);
#3649 = AXIS2_PLACEMENT_3D('',#3650,#3651,#3652);
#3650 = CARTESIAN_POINT('',(53.004609275706,59.31218515535,0.));
#3651 = DIRECTION('',(0.111964476103,-0.993712209893,0.));
#3652 = DIRECTION('',(0.993712209893,0.111964476103,0.));
#3653 = PCURVE('',#3531,#3654);
#3654 = DEFINITIONAL_REPRESENTATION('',(#3655),#3665);
#3655 = B_SPLINE_CURVE_WITH_KNOTS('',8,(#3656,#3657,#3658,#3659,#3660,
    #3661,#3662,#3663,#3664),.UNSPECIFIED.,.F.,.F.,(9,9),(1.570796326795
    ,4.712388980385),.PIECEWISE_BEZIER_KNOTS.);
#3656 = CARTESIAN_POINT('',(3.14159265359,5.981595311264));
#3657 = CARTESIAN_POINT('',(3.534291735289,5.876565482333));
#3658 = CARTESIAN_POINT('',(3.926990816988,5.77153481594));
#3659 = CARTESIAN_POINT('',(4.319689898691,5.691194155331));
#3660 = CARTESIAN_POINT('',(4.712388980386,5.660166762992));
#3661 = CARTESIAN_POINT('',(5.105088062088,5.691194155336));
#3662 = CARTESIAN_POINT('',(5.497787143782,5.771534815939));
#3663 = CARTESIAN_POINT('',(5.890486225481,5.876565482333));
#3664 = CARTESIAN_POINT('',(6.28318530718,5.981595311264));
#3665 = ( GEOMETRIC_REPRESENTATION_CONTEXT(2) 
PARAMETRIC_REPRESENTATION_CONTEXT() REPRESENTATION_CONTEXT('2D SPACE',''
  ) );
#3666 = PCURVE('',#3667,#3672);
#3667 = CYLINDRICAL_SURFACE('',#3668,4.7625);
#3668 = AXIS2_PLACEMENT_3D('',#3669,#3670,#3671);
#3669 = CARTESIAN_POINT('',(53.004609275706,59.31218515535,0.));
#3670 = DIRECTION('',(5.607044723719E-02,-0.998426815018,0.));
#3671 = DIRECTION('',(-1.108476438436E-16,-6.225070152376E-18,-1.));
#3672 = DEFINITIONAL_REPRESENTATION('',(#3673),#3683);
#3673 = B_SPLINE_CURVE_WITH_KNOTS('',8,(#3674,#3675,#3676,#3677,#3678,
    #3679,#3680,#3681,#3682),.UNSPECIFIED.,.F.,.F.,(9,9),(1.570796326795
    ,4.712388980385),.PIECEWISE_BEZIER_KNOTS.);
#3674 = CARTESIAN_POINT('',(3.14159265359,8.526512829121E-14));
#3675 = CARTESIAN_POINT('',(3.534291735289,0.105029828931));
#3676 = CARTESIAN_POINT('',(3.926990816986,0.210060495319));
#3677 = CARTESIAN_POINT('',(4.319689898692,0.290401155932));
#3678 = CARTESIAN_POINT('',(4.712388980379,0.321428548245));
#3679 = CARTESIAN_POINT('',(5.105088062091,0.290401155932));
#3680 = CARTESIAN_POINT('',(5.497787143782,0.210060495319));
#3681 = CARTESIAN_POINT('',(5.890486225481,0.105029828931));
#3682 = CARTESIAN_POINT('',(6.28318530718,8.526512829121E-14));
#3683 = ( GEOMETRIC_REPRESENTATION_CONTEXT(2) 
PARAMETRIC_REPRESENTATION_CONTEXT() REPRESENTATION_CONTEXT('2D SPACE',''
  ) );
#3684 = ORIENTED_EDGE('',*,*,#3685,.F.);
#3685 = EDGE_CURVE('',#3686,#3645,#3688,.T.);
#3686 = VERTEX_POINT('',#3687);
#3687 = CARTESIAN_POINT('',(57.744620589937,59.846256165285,
    -5.832380380939E-16));
#3688 = SURFACE_CURVE('',#3689,(#3694,#3706),.PCURVE_S1.);
#3689 = ELLIPSE('',#3690,4.770004098813,4.7625);
#3690 = AXIS2_PLACEMENT_3D('',#3691,#3692,#3693);
#3691 = CARTESIAN_POINT('',(53.004609275706,59.31218515535,0.));
#3692 = DIRECTION('',(0.111964476103,-0.993712209893,0.));
#3693 = DIRECTION('',(0.993712209893,0.111964476103,0.));
#3694 = PCURVE('',#3531,#3695);
#3695 = DEFINITIONAL_REPRESENTATION('',(#3696),#3705);
#3696 = B_SPLINE_CURVE_WITH_KNOTS('',7,(#3697,#3698,#3699,#3700,#3701,
    #3702,#3703,#3704),.UNSPECIFIED.,.F.,.F.,(8,8),(0.,1.570796326795),
  .PIECEWISE_BEZIER_KNOTS.);
#3697 = CARTESIAN_POINT('',(1.570796326795,6.249051574407));
#3698 = CARTESIAN_POINT('',(1.795195802051,6.249051574407));
#3699 = CARTESIAN_POINT('',(2.019595277307,6.233338873966));
#3700 = CARTESIAN_POINT('',(2.243994752566,6.201915752469));
#3701 = CARTESIAN_POINT('',(2.468394227819,6.156711450591));
#3702 = CARTESIAN_POINT('',(2.692793703077,6.101629157766));
#3703 = CARTESIAN_POINT('',(2.917193178333,6.041612356367));
#3704 = CARTESIAN_POINT('',(3.14159265359,5.981595311264));
#3705 = ( GEOMETRIC_REPRESENTATION_CONTEXT(2) 
PARAMETRIC_REPRESENTATION_CONTEXT() REPRESENTATION_CONTEXT('2D SPACE',''
  ) );
#3706 = PCURVE('',#3667,#3707);
#3707 = DEFINITIONAL_REPRESENTATION('',(#3708),#3717);
#3708 = B_SPLINE_CURVE_WITH_KNOTS('',7,(#3709,#3710,#3711,#3712,#3713,
    #3714,#3715,#3716),.UNSPECIFIED.,.F.,.F.,(8,8),(0.,1.570796326795),
  .PIECEWISE_BEZIER_KNOTS.);
#3709 = CARTESIAN_POINT('',(1.570796326795,-0.267456263144));
#3710 = CARTESIAN_POINT('',(1.795195802051,-0.267456263144));
#3711 = CARTESIAN_POINT('',(2.019595277308,-0.251743562703));
#3712 = CARTESIAN_POINT('',(2.243994752565,-0.220320441205));
#3713 = CARTESIAN_POINT('',(2.468394227821,-0.175116139327));
#3714 = CARTESIAN_POINT('',(2.692793703077,-0.120033846502));
#3715 = CARTESIAN_POINT('',(2.917193178333,-6.00170451034E-02));
#3716 = CARTESIAN_POINT('',(3.14159265359,8.526512829121E-14));
#3717 = ( GEOMETRIC_REPRESENTATION_CONTEXT(2) 
PARAMETRIC_REPRESENTATION_CONTEXT() REPRESENTATION_CONTEXT('2D SPACE',''
  ) );
#3718 = ORIENTED_EDGE('',*,*,#3719,.F.);
#3719 = EDGE_CURVE('',#3623,#3686,#3720,.T.);
#3720 = SURFACE_CURVE('',#3721,(#3726,#3738),.PCURVE_S1.);
#3721 = ELLIPSE('',#3722,4.770004098813,4.7625);
#3722 = AXIS2_PLACEMENT_3D('',#3723,#3724,#3725);
#3723 = CARTESIAN_POINT('',(53.004609275706,59.31218515535,0.));
#3724 = DIRECTION('',(0.111964476103,-0.993712209893,0.));
#3725 = DIRECTION('',(0.993712209893,0.111964476103,0.));
#3726 = PCURVE('',#3531,#3727);
#3727 = DEFINITIONAL_REPRESENTATION('',(#3728),#3737);
#3728 = B_SPLINE_CURVE_WITH_KNOTS('',7,(#3729,#3730,#3731,#3732,#3733,
    #3734,#3735,#3736),.UNSPECIFIED.,.F.,.F.,(8,8),(4.712388980385,
    6.28318530718),.PIECEWISE_BEZIER_KNOTS.);
#3729 = CARTESIAN_POINT('',(0.,5.981595311264));
#3730 = CARTESIAN_POINT('',(0.224399475256,6.041612356367));
#3731 = CARTESIAN_POINT('',(0.448798950513,6.101629157766));
#3732 = CARTESIAN_POINT('',(0.673198425769,6.15671145059));
#3733 = CARTESIAN_POINT('',(0.897597901026,6.201915752469));
#3734 = CARTESIAN_POINT('',(1.121997376282,6.233338873966));
#3735 = CARTESIAN_POINT('',(1.346396851538,6.249051574407));
#3736 = CARTESIAN_POINT('',(1.570796326795,6.249051574407));
#3737 = ( GEOMETRIC_REPRESENTATION_CONTEXT(2) 
PARAMETRIC_REPRESENTATION_CONTEXT() REPRESENTATION_CONTEXT('2D SPACE',''
  ) );
#3738 = PCURVE('',#3667,#3739);
#3739 = DEFINITIONAL_REPRESENTATION('',(#3740),#3749);
#3740 = B_SPLINE_CURVE_WITH_KNOTS('',7,(#3741,#3742,#3743,#3744,#3745,
    #3746,#3747,#3748),.UNSPECIFIED.,.F.,.F.,(8,8),(4.712388980385,
    6.28318530718),.PIECEWISE_BEZIER_KNOTS.);
#3741 = CARTESIAN_POINT('',(1.49195325094E-15,8.526512829121E-14));
#3742 = CARTESIAN_POINT('',(0.224399475256,-6.00170451034E-02));
#3743 = CARTESIAN_POINT('',(0.448798950513,-0.120033846502));
#3744 = CARTESIAN_POINT('',(0.673198425769,-0.175116139327));
#3745 = CARTESIAN_POINT('',(0.897597901026,-0.220320441205));
#3746 = CARTESIAN_POINT('',(1.121997376282,-0.251743562703));
#3747 = CARTESIAN_POINT('',(1.346396851538,-0.267456263144));
#3748 = CARTESIAN_POINT('',(1.570796326795,-0.267456263144));
#3749 = ( GEOMETRIC_REPRESENTATION_CONTEXT(2) 
PARAMETRIC_REPRESENTATION_CONTEXT() REPRESENTATION_CONTEXT('2D SPACE',''
  ) );
#3750 = ORIENTED_EDGE('',*,*,#3622,.F.);
#3751 = ORIENTED_EDGE('',*,*,#3583,.T.);
#3752 = ORIENTED_EDGE('',*,*,#3549,.T.);
#3753 = ORIENTED_EDGE('',*,*,#3508,.T.);
#3754 = ADVANCED_FACE('',(#3755),#3667,.T.);
#3755 = FACE_BOUND('',#3756,.T.);
#3756 = EDGE_LOOP('',(#3757,#3779,#3830,#3858,#3859,#3860,#3861));
#3757 = ORIENTED_EDGE('',*,*,#3758,.T.);
#3758 = EDGE_CURVE('',#3623,#3759,#3761,.T.);
#3759 = VERTEX_POINT('',#3760);
#3760 = CARTESIAN_POINT('',(53.34,53.34,-4.7625));
#3761 = SEAM_CURVE('',#3762,(#3766,#3772),.PCURVE_S1.);
#3762 = LINE('',#3763,#3764);
#3763 = CARTESIAN_POINT('',(53.004609275706,59.31218515535,-4.7625));
#3764 = VECTOR('',#3765,1.);
#3765 = DIRECTION('',(5.607044723719E-02,-0.998426815018,0.));
#3766 = PCURVE('',#3667,#3767);
#3767 = DEFINITIONAL_REPRESENTATION('',(#3768),#3771);
#3768 = B_SPLINE_CURVE_WITH_KNOTS('',1,(#3769,#3770),.UNSPECIFIED.,.F.,
  .F.,(2,2),(-1.480537077276,939.27259345084),.PIECEWISE_BEZIER_KNOTS.);
#3769 = CARTESIAN_POINT('',(6.28318530718,-1.480537077276));
#3770 = CARTESIAN_POINT('',(6.28318530718,939.27259345084));
#3771 = ( GEOMETRIC_REPRESENTATION_CONTEXT(2) 
PARAMETRIC_REPRESENTATION_CONTEXT() REPRESENTATION_CONTEXT('2D SPACE',''
  ) );
#3772 = PCURVE('',#3667,#3773);
#3773 = DEFINITIONAL_REPRESENTATION('',(#3774),#3778);
#3774 = LINE('',#3775,#3776);
#3775 = CARTESIAN_POINT('',(0.,0.));
#3776 = VECTOR('',#3777,1.);
#3777 = DIRECTION('',(0.,1.));
#3778 = ( GEOMETRIC_REPRESENTATION_CONTEXT(2) 
PARAMETRIC_REPRESENTATION_CONTEXT() REPRESENTATION_CONTEXT('2D SPACE',''
  ) );
#3779 = ORIENTED_EDGE('',*,*,#3780,.F.);
#3780 = EDGE_CURVE('',#3781,#3759,#3783,.T.);
#3781 = VERTEX_POINT('',#3782);
#3782 = CARTESIAN_POINT('',(53.340085454121,53.336954299193,
    -4.762499998467));
#3783 = SURFACE_CURVE('',#3784,(#3789,#3807),.PCURVE_S1.);
#3784 = ELLIPSE('',#3785,169.80875996978,4.7625);
#3785 = AXIS2_PLACEMENT_3D('',#3786,#3787,#3788);
#3786 = CARTESIAN_POINT('',(53.34,53.34,0.));
#3787 = DIRECTION('',(0.999606626383,2.804625627587E-02,0.));
#3788 = DIRECTION('',(2.804625627587E-02,-0.999606626383,0.));
#3789 = PCURVE('',#3667,#3790);
#3790 = DEFINITIONAL_REPRESENTATION('',(#3791),#3806);
#3791 = B_SPLINE_CURVE_WITH_KNOTS('',7,(#3792,#3793,#3794,#3795,#3796,
    #3797,#3798,#3799,#3800,#3801,#3802,#3803,#3804,#3805),
  .UNSPECIFIED.,.F.,.F.,(8,6,8),(0.,0.785398163397,1.570796326795),
  .UNSPECIFIED.);
#3792 = CARTESIAN_POINT('',(4.712388980385,175.72355699495));
#3793 = CARTESIAN_POINT('',(4.824588718013,175.72355699495));
#3794 = CARTESIAN_POINT('',(4.936788455641,173.23057099262));
#3795 = CARTESIAN_POINT('',(5.048988193269,168.24460607037));
#3796 = CARTESIAN_POINT('',(5.161187930897,160.84252417846));
#3797 = CARTESIAN_POINT('',(5.273387668526,151.17818226746));
#3798 = CARTESIAN_POINT('',(5.385587406154,139.47413863852));
#3799 = CARTESIAN_POINT('',(5.60998688141,112.54043630088));
#3800 = CARTESIAN_POINT('',(5.722186619039,97.310778056697));
#3801 = CARTESIAN_POINT('',(5.834386356667,80.595216930967));
#3802 = CARTESIAN_POINT('',(5.946586094295,62.725010437963));
#3803 = CARTESIAN_POINT('',(6.058785831923,44.071602113598));
#3804 = CARTESIAN_POINT('',(6.170985569551,25.026598876671));
#3805 = CARTESIAN_POINT('',(6.28318530718,5.981595311264));
#3806 = ( GEOMETRIC_REPRESENTATION_CONTEXT(2) 
PARAMETRIC_REPRESENTATION_CONTEXT() REPRESENTATION_CONTEXT('2D SPACE',''
  ) );
#3807 = PCURVE('',#3808,#3813);
#3808 = CYLINDRICAL_SURFACE('',#3809,4.7625);
#3809 = AXIS2_PLACEMENT_3D('',#3810,#3811,#3812);
#3810 = CARTESIAN_POINT('',(53.34,53.34,0.));
#3811 = DIRECTION('',(0.,1.,0.));
#3812 = DIRECTION('',(1.224646799147E-16,0.,-1.));
#3813 = DEFINITIONAL_REPRESENTATION('',(#3814),#3829);
#3814 = B_SPLINE_CURVE_WITH_KNOTS('',7,(#3815,#3816,#3817,#3818,#3819,
    #3820,#3821,#3822,#3823,#3824,#3825,#3826,#3827,#3828),
  .UNSPECIFIED.,.F.,.F.,(8,6,8),(0.,0.785398163397,1.570796326795),
  .UNSPECIFIED.);
#3815 = CARTESIAN_POINT('',(4.712388980385,-169.7419616836));
#3816 = CARTESIAN_POINT('',(4.824588718013,-169.7419616836));
#3817 = CARTESIAN_POINT('',(4.936788455641,-167.2489756814));
#3818 = CARTESIAN_POINT('',(5.04898819327,-162.2630107589));
#3819 = CARTESIAN_POINT('',(5.161187930897,-154.8609288673));
#3820 = CARTESIAN_POINT('',(5.273387668526,-145.1965869561));
#3821 = CARTESIAN_POINT('',(5.385587406154,-133.4925433272));
#3822 = CARTESIAN_POINT('',(5.60998688141,-106.5588409896));
#3823 = CARTESIAN_POINT('',(5.722186619039,-91.32918274544));
#3824 = CARTESIAN_POINT('',(5.834386356667,-74.61362161965));
#3825 = CARTESIAN_POINT('',(5.946586094295,-56.74341512676));
#3826 = CARTESIAN_POINT('',(6.058785831923,-38.09000680231));
#3827 = CARTESIAN_POINT('',(6.170985569551,-19.0450035654));
#3828 = CARTESIAN_POINT('',(6.28318530718,-1.207922650792E-13));
#3829 = ( GEOMETRIC_REPRESENTATION_CONTEXT(2) 
PARAMETRIC_REPRESENTATION_CONTEXT() REPRESENTATION_CONTEXT('2D SPACE',''
  ) );
#3830 = ORIENTED_EDGE('',*,*,#3831,.F.);
#3831 = EDGE_CURVE('',#3759,#3781,#3832,.T.);
#3832 = SURFACE_CURVE('',#3833,(#3838,#3848),.PCURVE_S1.);
#3833 = ELLIPSE('',#3834,169.80875996978,4.7625);
#3834 = AXIS2_PLACEMENT_3D('',#3835,#3836,#3837);
#3835 = CARTESIAN_POINT('',(53.34,53.34,0.));
#3836 = DIRECTION('',(0.999606626383,2.804625627587E-02,0.));
#3837 = DIRECTION('',(2.804625627587E-02,-0.999606626383,0.));
#3838 = PCURVE('',#3667,#3839);
#3839 = DEFINITIONAL_REPRESENTATION('',(#3840),#3847);
#3840 = B_SPLINE_CURVE_WITH_KNOTS('',5,(#3841,#3842,#3843,#3844,#3845,
    #3846),.UNSPECIFIED.,.F.,.F.,(6,6),(1.570796326795,1.60761966251),
  .PIECEWISE_BEZIER_KNOTS.);
#3841 = CARTESIAN_POINT('',(0.,5.981595311264));
#3842 = CARTESIAN_POINT('',(7.364667143103E-03,4.731502263246));
#3843 = CARTESIAN_POINT('',(1.472933428621E-02,3.481409215228));
#3844 = CARTESIAN_POINT('',(2.209400142931E-02,2.231457423356));
#3845 = CARTESIAN_POINT('',(2.945866857241E-02,0.981788143771));
#3846 = CARTESIAN_POINT('',(3.682333571551E-02,-0.267457463144));
#3847 = ( GEOMETRIC_REPRESENTATION_CONTEXT(2) 
PARAMETRIC_REPRESENTATION_CONTEXT() REPRESENTATION_CONTEXT('2D SPACE',''
  ) );
#3848 = PCURVE('',#3808,#3849);
#3849 = DEFINITIONAL_REPRESENTATION('',(#3850),#3857);
#3850 = B_SPLINE_CURVE_WITH_KNOTS('',5,(#3851,#3852,#3853,#3854,#3855,
    #3856),.UNSPECIFIED.,.F.,.F.,(6,6),(1.570796326795,1.60761966251),
  .PIECEWISE_BEZIER_KNOTS.);
#3851 = CARTESIAN_POINT('',(0.,-1.207922650792E-13));
#3852 = CARTESIAN_POINT('',(7.364667143102E-03,1.250093048018));
#3853 = CARTESIAN_POINT('',(1.47293342862E-02,2.500186096035));
#3854 = CARTESIAN_POINT('',(2.209400142931E-02,3.750137887907));
#3855 = CARTESIAN_POINT('',(2.945866857241E-02,4.999807167493));
#3856 = CARTESIAN_POINT('',(3.682333571551E-02,6.249052774407));
#3857 = ( GEOMETRIC_REPRESENTATION_CONTEXT(2) 
PARAMETRIC_REPRESENTATION_CONTEXT() REPRESENTATION_CONTEXT('2D SPACE',''
  ) );
#3858 = ORIENTED_EDGE('',*,*,#3758,.F.);
#3859 = ORIENTED_EDGE('',*,*,#3719,.T.);
#3860 = ORIENTED_EDGE('',*,*,#3685,.T.);
#3861 = ORIENTED_EDGE('',*,*,#3644,.T.);
#3862 = ADVANCED_FACE('',(#3863),#3808,.T.);
#3863 = FACE_BOUND('',#3864,.T.);
#3864 = EDGE_LOOP('',(#3865,#3887,#3914,#3915,#3916));
#3865 = ORIENTED_EDGE('',*,*,#3866,.T.);
#3866 = EDGE_CURVE('',#3759,#3867,#3869,.T.);
#3867 = VERTEX_POINT('',#3868);
#3868 = CARTESIAN_POINT('',(53.34,218.44,-4.7625));
#3869 = SEAM_CURVE('',#3870,(#3874,#3880),.PCURVE_S1.);
#3870 = LINE('',#3871,#3872);
#3871 = CARTESIAN_POINT('',(53.34,53.34,-4.7625));
#3872 = VECTOR('',#3873,1.);
#3873 = DIRECTION('',(0.,1.,0.));
#3874 = PCURVE('',#3808,#3875);
#3875 = DEFINITIONAL_REPRESENTATION('',(#3876),#3879);
#3876 = B_SPLINE_CURVE_WITH_KNOTS('',1,(#3877,#3878),.UNSPECIFIED.,.F.,
  .F.,(2,2),(-933.2909981395,165.1),.PIECEWISE_BEZIER_KNOTS.);
#3877 = CARTESIAN_POINT('',(6.28318530718,-933.2909981395));
#3878 = CARTESIAN_POINT('',(6.28318530718,165.1));
#3879 = ( GEOMETRIC_REPRESENTATION_CONTEXT(2) 
PARAMETRIC_REPRESENTATION_CONTEXT() REPRESENTATION_CONTEXT('2D SPACE',''
  ) );
#3880 = PCURVE('',#3808,#3881);
#3881 = DEFINITIONAL_REPRESENTATION('',(#3882),#3886);
#3882 = LINE('',#3883,#3884);
#3883 = CARTESIAN_POINT('',(0.,0.));
#3884 = VECTOR('',#3885,1.);
#3885 = DIRECTION('',(0.,1.));
#3886 = ( GEOMETRIC_REPRESENTATION_CONTEXT(2) 
PARAMETRIC_REPRESENTATION_CONTEXT() REPRESENTATION_CONTEXT('2D SPACE',''
  ) );
#3887 = ORIENTED_EDGE('',*,*,#3888,.F.);
#3888 = EDGE_CURVE('',#3867,#3867,#3889,.T.);
#3889 = SURFACE_CURVE('',#3890,(#3895,#3902),.PCURVE_S1.);
#3890 = CIRCLE('',#3891,4.7625);
#3891 = AXIS2_PLACEMENT_3D('',#3892,#3893,#3894);
#3892 = CARTESIAN_POINT('',(53.34,218.44,0.));
#3893 = DIRECTION('',(0.,1.,0.));
#3894 = DIRECTION('',(1.224646799147E-16,0.,-1.));
#3895 = PCURVE('',#3808,#3896);
#3896 = DEFINITIONAL_REPRESENTATION('',(#3897),#3901);
#3897 = LINE('',#3898,#3899);
#3898 = CARTESIAN_POINT('',(0.,165.1));
#3899 = VECTOR('',#3900,1.);
#3900 = DIRECTION('',(1.,0.));
#3901 = ( GEOMETRIC_REPRESENTATION_CONTEXT(2) 
PARAMETRIC_REPRESENTATION_CONTEXT() REPRESENTATION_CONTEXT('2D SPACE',''
  ) );
#3902 = PCURVE('',#3903,#3908);
#3903 = PLANE('',#3904);
#3904 = AXIS2_PLACEMENT_3D('',#3905,#3906,#3907);
#3905 = CARTESIAN_POINT('',(53.34,218.44,2.871265370162E-16));
#3906 = DIRECTION('',(0.,1.,0.));
#3907 = DIRECTION('',(0.,-0.,1.));
#3908 = DEFINITIONAL_REPRESENTATION('',(#3909),#3913);
#3909 = CIRCLE('',#3910,4.7625);
#3910 = AXIS2_PLACEMENT_2D('',#3911,#3912);
#3911 = CARTESIAN_POINT('',(-2.871265370162E-16,-7.105427357601E-15));
#3912 = DIRECTION('',(-1.,1.224646799147E-16));
#3913 = ( GEOMETRIC_REPRESENTATION_CONTEXT(2) 
PARAMETRIC_REPRESENTATION_CONTEXT() REPRESENTATION_CONTEXT('2D SPACE',''
  ) );
#3914 = ORIENTED_EDGE('',*,*,#3866,.F.);
#3915 = ORIENTED_EDGE('',*,*,#3831,.T.);
#3916 = ORIENTED_EDGE('',*,*,#3780,.T.);
#3917 = ADVANCED_FACE('',(#3918),#145,.F.);
#3918 = FACE_BOUND('',#3919,.F.);
#3919 = EDGE_LOOP('',(#3920));
#3920 = ORIENTED_EDGE('',*,*,#130,.T.);
#3921 = ADVANCED_FACE('',(#3922),#3903,.T.);
#3922 = FACE_BOUND('',#3923,.T.);
#3923 = EDGE_LOOP('',(#3924));
#3924 = ORIENTED_EDGE('',*,*,#3888,.T.);
#3925 = ( GEOMETRIC_REPRESENTATION_CONTEXT(3) 
GLOBAL_UNCERTAINTY_ASSIGNED_CONTEXT((#3929)) 
GLOBAL_UNIT_ASSIGNED_CONTEXT((#3926,#3927,#3928)) REPRESENTATION_CONTEXT
('Context #1','3D Context with UNIT and UNCERTAINTY') );
#3926 = ( LENGTH_UNIT() NAMED_UNIT(*) SI_UNIT(.MILLI.,.METRE.) );
#3927 = ( NAMED_UNIT(*) PLANE_ANGLE_UNIT() SI_UNIT($,.RADIAN.) );
#3928 = ( NAMED_UNIT(*) SI_UNIT($,.STERADIAN.) SOLID_ANGLE_UNIT() );
#3929 = UNCERTAINTY_MEASURE_WITH_UNIT(LENGTH_MEASURE(2.E-05),#3926,
  'distance_accuracy_value','confusion accuracy');
#3930 = PRODUCT_RELATED_PRODUCT_CATEGORY('part',$,(#7));
ENDSEC;
END-ISO-10303-21;
